Source,Target,Type,Id,Label,Weight
ASV1,ASV1,Undirected,59502,,1
ASV1,ASV199,Undirected,59503,,-1.437062
ASV1,ASV2008,Undirected,59504,,1.414201
ASV1,ASV2771,Undirected,59505,,1.462258
ASV1,ASV3570,Undirected,59506,,-1.554385
ASV1,ASV413,Undirected,59507,,-1.619969
ASV1,ASV433,Undirected,59508,,1.447398
ASV1,ASV5848,Undirected,59509,,1.467154
ASV1,ASV624,Undirected,59510,,-1.425981
ASV1,ASV634,Undirected,59511,,1.753882
ASV1,ASV70,Undirected,59512,,1.698919
ASV10,ASV10,Undirected,59513,,1
ASV10,ASV134,Undirected,59514,,-1.444963
ASV10,ASV2291,Undirected,59515,,1.457007
ASV10,ASV3,Undirected,59516,,1.888545
ASV10,ASV30,Undirected,59517,,1.628483
ASV10,ASV3754,Undirected,59518,,1.471742
ASV10,ASV39,Undirected,59519,,1.460745
ASV10,ASV4085,Undirected,59520,,1.830368
ASV10,ASV49,Undirected,59521,,1.632611
ASV10,ASV860,Undirected,59522,,1.496902
ASV100,ASV100,Undirected,59523,,1
ASV100,ASV102,Undirected,59524,,1.601465
ASV100,ASV107,Undirected,59525,,1.515351
ASV100,ASV108,Undirected,59526,,1.657656
ASV100,ASV110,Undirected,59527,,1.448618
ASV100,ASV111,Undirected,59528,,1.704954
ASV100,ASV114,Undirected,59529,,1.568038
ASV100,ASV116,Undirected,59530,,-1.486499
ASV100,ASV117,Undirected,59531,,1.439133
ASV100,ASV1198,Undirected,59532,,-1.41509
ASV100,ASV122,Undirected,59533,,1.522716
ASV100,ASV13,Undirected,59534,,1.436156
ASV100,ASV14,Undirected,59535,,-1.444756
ASV100,ASV15,Undirected,59536,,1.510666
ASV100,ASV165,Undirected,59537,,1.462214
ASV100,ASV18,Undirected,59538,,-1.500803
ASV100,ASV194,Undirected,59539,,1.450868
ASV100,ASV206,Undirected,59540,,1.500522
ASV100,ASV220,Undirected,59541,,1.540388
ASV100,ASV225,Undirected,59542,,-1.533277
ASV100,ASV229,Undirected,59543,,1.59149
ASV100,ASV237,Undirected,59544,,1.441378
ASV100,ASV24,Undirected,59545,,1.470146
ASV100,ASV252,Undirected,59546,,1.61332
ASV100,ASV266,Undirected,59547,,-1.466949
ASV100,ASV277,Undirected,59548,,-1.426787
ASV100,ASV288,Undirected,59549,,-1.443295
ASV100,ASV32,Undirected,59550,,1.421922
ASV100,ASV327,Undirected,59551,,1.49612
ASV100,ASV344,Undirected,59552,,1.586511
ASV100,ASV36,Undirected,59553,,1.434821
ASV100,ASV3732,Undirected,59554,,-1.611035
ASV100,ASV38,Undirected,59555,,1.465514
ASV100,ASV4134,Undirected,59556,,-1.711461
ASV100,ASV436,Undirected,59557,,-1.724108
ASV100,ASV451,Undirected,59558,,1.609995
ASV100,ASV51,Undirected,59559,,-1.471325
ASV100,ASV529,Undirected,59560,,-1.575702
ASV100,ASV56,Undirected,59561,,1.67794
ASV100,ASV61,Undirected,59562,,1.462591
ASV100,ASV62,Undirected,59563,,1.486386
ASV100,ASV624,Undirected,59564,,1.551732
ASV100,ASV681,Undirected,59565,,1.451045
ASV100,ASV74,Undirected,59566,,1.561576
ASV100,ASV781,Undirected,59567,,-1.457111
ASV100,ASV80,Undirected,59568,,1.527539
ASV100,ASV810,Undirected,59569,,1.448385
ASV100,ASV828,Undirected,59570,,-1.431253
ASV100,ASV850,Undirected,59571,,1.49767
ASV100,ASV854,Undirected,59572,,1.463289
ASV100,ASV87,Undirected,59573,,1.600441
ASV100,ASV93,Undirected,59574,,1.58755
ASV1002,ASV1002,Undirected,59575,,1
ASV1002,ASV1595,Undirected,59576,,-1.476872
ASV1002,ASV7,Undirected,59577,,-1.468935
ASV1005,ASV1005,Undirected,59578,,1
ASV1005,ASV390,Undirected,59579,,1.503165
ASV1005,ASV554,Undirected,59580,,1.473853
ASV1007,ASV1007,Undirected,59581,,1
ASV1007,ASV1024,Undirected,59582,,-1.518175
ASV1007,ASV113,Undirected,59583,,1.422353
ASV1007,ASV117,Undirected,59584,,1.414159
ASV1007,ASV1251,Undirected,59585,,-1.421594
ASV1007,ASV150,Undirected,59586,,1.441349
ASV1007,ASV1730,Undirected,59587,,-1.477361
ASV1007,ASV175,Undirected,59588,,1.427849
ASV1007,ASV187,Undirected,59589,,1.741318
ASV1007,ASV196,Undirected,59590,,1.443133
ASV1007,ASV197,Undirected,59591,,1.4556
ASV1007,ASV216,Undirected,59592,,1.629344
ASV1007,ASV2361,Undirected,59593,,1.504232
ASV1007,ASV237,Undirected,59594,,1.426787
ASV1007,ASV27,Undirected,59595,,1.552698
ASV1007,ASV276,Undirected,59596,,1.44792
ASV1007,ASV31,Undirected,59597,,1.422786
ASV1007,ASV32,Undirected,59598,,1.465514
ASV1007,ASV363,Undirected,59599,,1.556147
ASV1007,ASV37,Undirected,59600,,1.720688
ASV1007,ASV4,Undirected,59601,,1.600441
ASV1007,ASV404,Undirected,59602,,1.414099
ASV1007,ASV41,Undirected,59603,,1.62619
ASV1007,ASV44,Undirected,59604,,1.530654
ASV1007,ASV445,Undirected,59605,,1.451156
ASV1007,ASV48,Undirected,59606,,1.593999
ASV1007,ASV5,Undirected,59607,,1.749899
ASV1007,ASV54,Undirected,59608,,1.612896
ASV1007,ASV5687,Undirected,59609,,1.453786
ASV1007,ASV57,Undirected,59610,,1.696642
ASV1007,ASV655,Undirected,59611,,-1.462422
ASV1007,ASV702,Undirected,59612,,1.412706
ASV1007,ASV74,Undirected,59613,,1.456639
ASV1007,ASV741,Undirected,59614,,-1.58492
ASV1007,ASV79,Undirected,59615,,1.443879
ASV1007,ASV856,Undirected,59616,,-1.518501
ASV1007,ASV9,Undirected,59617,,1.602517
ASV1007,ASV955,Undirected,59618,,-1.433333
ASV1007,ASV96,Undirected,59619,,1.443295
ASV101,ASV101,Undirected,59620,,1
ASV101,ASV1269,Undirected,59621,,-1.524723
ASV1013,ASV1007,Undirected,59622,,0.654378
ASV1013,ASV1013,Undirected,59623,,1
ASV1013,ASV170,Undirected,59624,,1.434721
ASV1013,ASV702,Undirected,59625,,1.729464
ASV1013,ASV741,Undirected,59626,,-1.511286
ASV1015,ASV1015,Undirected,59627,,1
ASV1015,ASV966,Undirected,59628,,-1.462254
ASV1017,ASV100,Undirected,59629,,0.705524
ASV1017,ASV1017,Undirected,59630,,1
ASV1017,ASV102,Undirected,59631,,1.45898
ASV1017,ASV108,Undirected,59632,,1.443281
ASV1017,ASV111,Undirected,59633,,1.560169
ASV1017,ASV114,Undirected,59634,,1.613674
ASV1017,ASV117,Undirected,59635,,1.570967
ASV1017,ASV122,Undirected,59636,,1.461155
ASV1017,ASV1298,Undirected,59637,,-1.536236
ASV1017,ASV150,Undirected,59638,,1.55414
ASV1017,ASV172,Undirected,59639,,1.419718
ASV1017,ASV175,Undirected,59640,,1.420451
ASV1017,ASV1838,Undirected,59641,,-1.428608
ASV1017,ASV2155,Undirected,59642,,1.485952
ASV1017,ASV220,Undirected,59643,,1.453918
ASV1017,ASV229,Undirected,59644,,1.471061
ASV1017,ASV24,Undirected,59645,,1.42223
ASV1017,ASV273,Undirected,59646,,1.443877
ASV1017,ASV31,Undirected,59647,,1.439394
ASV1017,ASV327,Undirected,59648,,1.48284
ASV1017,ASV363,Undirected,59649,,1.601752
ASV1017,ASV37,Undirected,59650,,1.445518
ASV1017,ASV3732,Undirected,59651,,-1.588983
ASV1017,ASV4,Undirected,59652,,1.490704
ASV1017,ASV459,Undirected,59653,,-1.450242
ASV1017,ASV488,Undirected,59654,,-1.418211
ASV1017,ASV5,Undirected,59655,,1.455211
ASV1017,ASV514,Undirected,59656,,1.442685
ASV1017,ASV56,Undirected,59657,,1.607193
ASV1017,ASV571,Undirected,59658,,1.435953
ASV1017,ASV5744,Undirected,59659,,1.488835
ASV1017,ASV61,Undirected,59660,,1.53902
ASV1017,ASV660,Undirected,59661,,-1.419219
ASV1017,ASV677,Undirected,59662,,1.416849
ASV1017,ASV681,Undirected,59663,,1.54955
ASV1017,ASV732,Undirected,59664,,1.433542
ASV1017,ASV74,Undirected,59665,,1.41805
ASV1017,ASV781,Undirected,59666,,-1.558869
ASV1017,ASV810,Undirected,59667,,1.442089
ASV1017,ASV82,Undirected,59668,,1.53534
ASV1017,ASV850,Undirected,59669,,1.575054
ASV1017,ASV96,Undirected,59670,,1.437001
ASV102,ASV1,Undirected,59671,,-0.607348
ASV102,ASV102,Undirected,59674,,1
ASV102,ASV106,Undirected,59675,,1.502684
ASV102,ASV111,Undirected,59676,,1.572244
ASV102,ASV117,Undirected,59677,,1.518672
ASV102,ASV1217,Undirected,59678,,-1.713189
ASV102,ASV13,Undirected,59679,,1.471018
ASV102,ASV194,Undirected,59680,,1.478486
ASV102,ASV229,Undirected,59681,,1.492229
ASV102,ASV237,Undirected,59682,,1.468054
ASV102,ASV24,Undirected,59683,,1.493528
ASV102,ASV288,Undirected,59684,,-1.451245
ASV102,ASV3570,Undirected,59685,,1.434081
ASV102,ASV436,Undirected,59686,,-1.495589
ASV102,ASV451,Undirected,59687,,1.416278
ASV102,ASV5511,Undirected,59688,,-1.460798
ASV102,ASV56,Undirected,59689,,1.500779
ASV102,ASV600,Undirected,59690,,-1.415336
ASV102,ASV61,Undirected,59691,,1.41969
ASV102,ASV634,Undirected,59692,,-1.531364
ASV102,ASV781,Undirected,59693,,-1.527194
ASV102,ASV850,Undirected,59694,,1.670067
ASV102,ASV90,Undirected,59695,,1.576387
ASV102,ASV93,Undirected,59696,,1.485243
ASV1020,ASV1020,Undirected,59697,,1
ASV1024,ASV1024,Undirected,59699,,1
ASV1024,ASV155,Undirected,59700,,-1.501272
ASV1024,ASV485,Undirected,59701,,-1.415501
ASV1024,ASV553,Undirected,59702,,-1.560231
ASV1026,ASV1026,Undirected,59703,,1
ASV1026,ASV1740,Undirected,59704,,1.423784
ASV1026,ASV192,Undirected,59705,,1.434601
ASV1026,ASV207,Undirected,59706,,1.466329
ASV1026,ASV219,Undirected,59707,,1.47832
ASV1026,ASV25,Undirected,59708,,-1.485225
ASV1026,ASV260,Undirected,59709,,1.555284
ASV1026,ASV297,Undirected,59710,,1.469
ASV1026,ASV36,Undirected,59711,,-1.590268
ASV1026,ASV369,Undirected,59712,,1.549004
ASV1026,ASV3752,Undirected,59713,,1.464037
ASV1026,ASV456,Undirected,59714,,1.447344
ASV1026,ASV459,Undirected,59715,,1.572189
ASV1026,ASV531,Undirected,59716,,1.5341
ASV1026,ASV732,Undirected,59717,,-1.538402
ASV1026,ASV85,Undirected,59718,,1.438665
ASV1026,ASV881,Undirected,59719,,1.549159
ASV1026,ASV92,Undirected,59720,,1.520217
ASV1026,ASV95,Undirected,59721,,1.450166
ASV1026,ASV96,Undirected,59722,,-1.670231
ASV1027,ASV102,Undirected,59723,,-0.674541
ASV1027,ASV1027,Undirected,59724,,1
ASV1027,ASV600,Undirected,59725,,1.47227
ASV103,ASV1007,Undirected,59726,,0.678295
ASV103,ASV1026,Undirected,59727,,-0.673154
ASV103,ASV103,Undirected,59728,,1
ASV103,ASV1251,Undirected,59729,,-1.523397
ASV103,ASV159,Undirected,59730,,-1.426791
ASV103,ASV187,Undirected,59731,,1.546117
ASV103,ASV196,Undirected,59732,,1.484977
ASV103,ASV228,Undirected,59733,,-1.448421
ASV103,ASV36,Undirected,59734,,1.553371
ASV103,ASV4,Undirected,59735,,1.422367
ASV103,ASV5,Undirected,59736,,1.48655
ASV103,ASV515,Undirected,59737,,1.598758
ASV103,ASV732,Undirected,59738,,1.466398
ASV103,ASV80,Undirected,59739,,1.497675
ASV103,ASV856,Undirected,59740,,-1.600832
ASV103,ASV9,Undirected,59741,,1.507254
ASV103,ASV92,Undirected,59742,,-1.453889
ASV103,ASV95,Undirected,59743,,-1.462179
ASV1030,ASV1030,Undirected,59744,,1
ASV1030,ASV1069,Undirected,59745,,1.545034
ASV1030,ASV13,Undirected,59746,,-1.422066
ASV1030,ASV1730,Undirected,59747,,1.562824
ASV1030,ASV183,Undirected,59748,,1.496101
ASV1030,ASV184,Undirected,59749,,-1.508044
ASV1030,ASV227,Undirected,59750,,-1.655244
ASV1030,ASV233,Undirected,59751,,1.483101
ASV1030,ASV263,Undirected,59752,,-1.428721
ASV1030,ASV273,Undirected,59753,,-1.456715
ASV1030,ASV276,Undirected,59754,,-1.460779
ASV1030,ASV293,Undirected,59755,,-1.457944
ASV1030,ASV32,Undirected,59756,,-1.494831
ASV1030,ASV38,Undirected,59757,,-1.59007
ASV1030,ASV41,Undirected,59758,,-1.575355
ASV1030,ASV463,Undirected,59759,,-1.43124
ASV1030,ASV57,Undirected,59760,,-1.561661
ASV1030,ASV71,Undirected,59761,,-1.49069
ASV1030,ASV73,Undirected,59762,,-1.430945
ASV1030,ASV763,Undirected,59763,,-1.559189
ASV1030,ASV941,Undirected,59764,,-1.552884
ASV1032,ASV1032,Undirected,59765,,1
ASV1032,ASV1840,Undirected,59766,,1.444563
ASV1032,ASV1852,Undirected,59767,,1.50692
ASV1032,ASV500,Undirected,59768,,1.575682
ASV1032,ASV67,Undirected,59769,,1.616985
ASV1032,ASV770,Undirected,59770,,1.443576
ASV1036,ASV1036,Undirected,59771,,1
ASV1036,ASV1051,Undirected,59772,,1.51243
ASV1036,ASV1232,Undirected,59773,,-1.419619
ASV1036,ASV1273,Undirected,59774,,1.471878
ASV1038,ASV1038,Undirected,59775,,1
ASV1038,ASV1738,Undirected,59776,,1.519928
ASV1038,ASV344,Undirected,59777,,-1.450675
ASV1038,ASV349,Undirected,59778,,1.501864
ASV1038,ASV95,Undirected,59779,,1.433757
ASV104,ASV104,Undirected,59780,,1
ASV104,ASV15,Undirected,59781,,1.641087
ASV104,ASV248,Undirected,59782,,-1.618703
ASV104,ASV625,Undirected,59783,,1.478027
ASV1042,ASV10,Undirected,59784,,-0.605148
ASV1042,ASV1042,Undirected,59785,,1
ASV1042,ASV346,Undirected,59786,,-1.423332
ASV105,ASV105,Undirected,59787,,1
ASV105,ASV1161,Undirected,59788,,-1.454275
ASV1051,ASV1051,Undirected,59790,,1
ASV1051,ASV146,Undirected,59791,,-1.514169
ASV1051,ASV2290,Undirected,59792,,1.503113
ASV1051,ASV242,Undirected,59793,,1.42936
ASV1051,ASV548,Undirected,59794,,1.519178
ASV1051,ASV727,Undirected,59795,,-1.439794
ASV1051,ASV76,Undirected,59796,,1.475752
ASV1059,ASV1017,Undirected,59797,,0.61725
ASV1059,ASV1059,Undirected,59798,,1
ASV1059,ASV1907,Undirected,59799,,-1.518373
ASV1059,ASV488,Undirected,59800,,-1.551598
ASV1059,ASV585,Undirected,59801,,-1.436277
ASV106,ASV100,Undirected,59802,,0.697493
ASV106,ASV106,Undirected,59804,,1
ASV106,ASV113,Undirected,59805,,1.438665
ASV106,ASV1198,Undirected,59806,,-1.4251
ASV106,ASV123,Undirected,59807,,1.422118
ASV106,ASV13,Undirected,59808,,1.477632
ASV106,ASV1428,Undirected,59809,,-1.470748
ASV106,ASV194,Undirected,59810,,1.551097
ASV106,ASV24,Undirected,59811,,1.436574
ASV106,ASV3570,Undirected,59812,,1.422775
ASV106,ASV475,Undirected,59813,,1.465327
ASV106,ASV591,Undirected,59814,,1.41432
ASV106,ASV655,Undirected,59815,,-1.491626
ASV106,ASV850,Undirected,59816,,1.510312
ASV106,ASV90,Undirected,59817,,1.451211
ASV1066,ASV1066,Undirected,59818,,1
ASV1066,ASV3236,Undirected,59819,,1.540125
ASV1066,ASV5848,Undirected,59820,,-1.509709
ASV1069,ASV1007,Undirected,59821,,-0.681628
ASV1069,ASV1024,Undirected,59822,,0.653674
ASV1069,ASV1069,Undirected,59824,,1
ASV1069,ASV1269,Undirected,59825,,1.413882
ASV1069,ASV13,Undirected,59826,,-1.617883
ASV1069,ASV159,Undirected,59827,,1.453415
ASV1069,ASV1730,Undirected,59828,,1.635612
ASV1069,ASV184,Undirected,59829,,-1.466188
ASV1069,ASV194,Undirected,59830,,-1.426947
ASV1069,ASV197,Undirected,59831,,-1.588589
ASV1069,ASV199,Undirected,59832,,-1.466511
ASV1069,ASV220,Undirected,59833,,-1.419491
ASV1069,ASV229,Undirected,59834,,-1.457393
ASV1069,ASV24,Undirected,59835,,-1.491964
ASV1069,ASV247,Undirected,59836,,-1.475992
ASV1069,ASV25,Undirected,59837,,-1.471742
ASV1069,ASV273,Undirected,59838,,-1.533277
ASV1069,ASV276,Undirected,59839,,-1.50417
ASV1069,ASV277,Undirected,59840,,1.538303
ASV1069,ASV32,Undirected,59841,,-1.706307
ASV1069,ASV3347,Undirected,59842,,1.432447
ASV1069,ASV38,Undirected,59843,,-1.432302
ASV1069,ASV403,Undirected,59844,,-1.445431
ASV1069,ASV463,Undirected,59845,,-1.707605
ASV1069,ASV5,Undirected,59846,,-1.465514
ASV1069,ASV501,Undirected,59847,,1.545034
ASV1069,ASV57,Undirected,59848,,-1.618719
ASV1069,ASV59,Undirected,59849,,-1.54647
ASV1069,ASV641,Undirected,59850,,-1.533492
ASV1069,ASV71,Undirected,59851,,-1.554774
ASV1069,ASV74,Undirected,59852,,-1.561576
ASV1069,ASV752,Undirected,59853,,1.440962
ASV1069,ASV771,Undirected,59854,,-1.493737
ASV1069,ASV79,Undirected,59855,,-1.639307
ASV1069,ASV828,Undirected,59856,,1.418753
ASV1069,ASV9,Undirected,59857,,-1.46759
ASV1069,ASV90,Undirected,59858,,-1.539757
ASV1069,ASV941,Undirected,59859,,-1.527235
ASV107,ASV1017,Undirected,59861,,0.689884
ASV107,ASV106,Undirected,59862,,0.622218
ASV107,ASV1069,Undirected,59863,,-0.656791
ASV107,ASV107,Undirected,59864,,1
ASV107,ASV108,Undirected,59865,,1.456714
ASV107,ASV111,Undirected,59866,,1.535197
ASV107,ASV114,Undirected,59867,,1.605796
ASV107,ASV115,Undirected,59868,,1.425169
ASV107,ASV117,Undirected,59869,,1.639192
ASV107,ASV122,Undirected,59870,,1.822076
ASV107,ASV123,Undirected,59871,,1.519566
ASV107,ASV1243,Undirected,59872,,-1.460784
ASV107,ASV1298,Undirected,59873,,-1.416699
ASV107,ASV13,Undirected,59874,,1.589241
ASV107,ASV1358,Undirected,59875,,-1.434566
ASV107,ASV14,Undirected,59876,,-1.544988
ASV107,ASV1492,Undirected,59877,,-1.500259
ASV107,ASV150,Undirected,59878,,1.434042
ASV107,ASV158,Undirected,59879,,-1.599588
ASV107,ASV170,Undirected,59880,,1.525143
ASV107,ASV175,Undirected,59881,,1.451631
ASV107,ASV18,Undirected,59882,,-1.635991
ASV107,ASV180,Undirected,59883,,1.456131
ASV107,ASV194,Undirected,59884,,1.463212
ASV107,ASV216,Undirected,59885,,1.575151
ASV107,ASV220,Undirected,59886,,1.564905
ASV107,ASV225,Undirected,59887,,-1.417918
ASV107,ASV226,Undirected,59888,,1.480023
ASV107,ASV231,Undirected,59889,,-1.497157
ASV107,ASV2383,Undirected,59890,,-1.568605
ASV107,ASV24,Undirected,59891,,1.567289
ASV107,ASV248,Undirected,59892,,-1.453603
ASV107,ASV263,Undirected,59893,,1.467634
ASV107,ASV273,Undirected,59894,,1.5826
ASV107,ASV276,Undirected,59895,,1.564091
ASV107,ASV277,Undirected,59896,,-1.494292
ASV107,ASV29,Undirected,59897,,-1.592133
ASV107,ASV31,Undirected,59898,,1.612435
ASV107,ASV327,Undirected,59899,,1.458593
ASV107,ASV3327,Undirected,59900,,1.415036
ASV107,ASV335,Undirected,59901,,-1.573593
ASV107,ASV35,Undirected,59902,,-1.413349
ASV107,ASV36,Undirected,59903,,1.517599
ASV107,ASV363,Undirected,59904,,1.517349
ASV107,ASV37,Undirected,59905,,1.459909
ASV107,ASV3732,Undirected,59906,,-1.756477
ASV107,ASV38,Undirected,59907,,1.555329
ASV107,ASV436,Undirected,59908,,-1.48859
ASV107,ASV5,Undirected,59909,,1.513964
ASV107,ASV51,Undirected,59910,,-1.58546
ASV107,ASV516,Undirected,59911,,1.421746
ASV107,ASV529,Undirected,59912,,-1.528576
ASV107,ASV56,Undirected,59913,,1.70497
ASV107,ASV571,Undirected,59914,,1.560361
ASV107,ASV59,Undirected,59915,,1.571875
ASV107,ASV61,Undirected,59916,,1.627136
ASV107,ASV637,Undirected,59917,,1.48468
ASV107,ASV681,Undirected,59918,,1.705243
ASV107,ASV71,Undirected,59919,,1.451916
ASV107,ASV732,Undirected,59920,,1.439891
ASV107,ASV733,Undirected,59921,,1.51327
ASV107,ASV74,Undirected,59922,,1.557972
ASV107,ASV79,Undirected,59923,,1.520456
ASV107,ASV80,Undirected,59924,,1.430938
ASV107,ASV810,Undirected,59925,,1.54494
ASV107,ASV82,Undirected,59926,,1.579929
ASV107,ASV828,Undirected,59927,,-1.510121
ASV107,ASV9,Undirected,59928,,1.501554
ASV107,ASV96,Undirected,59929,,1.630897
ASV1070,ASV1070,Undirected,59930,,1
ASV1071,ASV1002,Undirected,59931,,0.636128
ASV1071,ASV1071,Undirected,59932,,1
ASV1073,ASV1073,Undirected,59933,,1
ASV1073,ASV237,Undirected,59934,,-1.457341
ASV1073,ASV451,Undirected,59935,,-1.497184
ASV108,ASV102,Undirected,59938,,0.621369
ASV108,ASV1038,Undirected,59939,,-0.602564
ASV108,ASV108,Undirected,59941,,1
ASV108,ASV111,Undirected,59942,,1.618852
ASV108,ASV114,Undirected,59943,,1.687374
ASV108,ASV117,Undirected,59944,,1.53112
ASV108,ASV122,Undirected,59945,,1.672057
ASV108,ASV125,Undirected,59946,,-1.593783
ASV108,ASV158,Undirected,59947,,-1.491722
ASV108,ASV164,Undirected,59948,,-1.443813
ASV108,ASV165,Undirected,59949,,1.725731
ASV108,ASV170,Undirected,59950,,1.439834
ASV108,ASV1781,Undirected,59951,,-1.596262
ASV108,ASV195,Undirected,59952,,1.425311
ASV108,ASV216,Undirected,59953,,1.490922
ASV108,ASV225,Undirected,59954,,-1.581348
ASV108,ASV229,Undirected,59955,,1.613472
ASV108,ASV237,Undirected,59956,,1.539742
ASV108,ASV24,Undirected,59957,,1.5101
ASV108,ASV252,Undirected,59958,,1.470467
ASV108,ASV260,Undirected,59959,,-1.64956
ASV108,ASV261,Undirected,59960,,-1.53368
ASV108,ASV271,Undirected,59961,,-1.69159
ASV108,ASV277,Undirected,59962,,-1.509612
ASV108,ASV288,Undirected,59963,,-1.574689
ASV108,ASV295,Undirected,59964,,-1.554405
ASV108,ASV31,Undirected,59965,,1.710731
ASV108,ASV310,Undirected,59966,,-1.563052
ASV108,ASV33,Undirected,59967,,1.588388
ASV108,ASV335,Undirected,59968,,-1.475554
ASV108,ASV344,Undirected,59969,,1.719319
ASV108,ASV349,Undirected,59970,,-1.49195
ASV108,ASV35,Undirected,59971,,-1.650107
ASV108,ASV36,Undirected,59972,,1.678925
ASV108,ASV363,Undirected,59973,,1.559586
ASV108,ASV37,Undirected,59974,,1.556939
ASV108,ASV3732,Undirected,59975,,-1.449456
ASV108,ASV3752,Undirected,59976,,-1.557146
ASV108,ASV38,Undirected,59977,,1.456808
ASV108,ASV384,Undirected,59978,,-1.492982
ASV108,ASV398,Undirected,59979,,-1.496112
ASV108,ASV4134,Undirected,59980,,-1.639179
ASV108,ASV436,Undirected,59981,,-1.570317
ASV108,ASV451,Undirected,59982,,1.547953
ASV108,ASV459,Undirected,59983,,-1.417564
ASV108,ASV5,Undirected,59984,,1.589245
ASV108,ASV51,Undirected,59985,,-1.455305
ASV108,ASV514,Undirected,59986,,1.484944
ASV108,ASV529,Undirected,59987,,-1.735391
ASV108,ASV56,Undirected,59988,,1.654067
ASV108,ASV571,Undirected,59989,,1.511012
ASV108,ASV59,Undirected,59990,,1.438184
ASV108,ASV6,Undirected,59991,,-1.460946
ASV108,ASV61,Undirected,59992,,1.547151
ASV108,ASV627,Undirected,59993,,-1.431427
ASV108,ASV655,Undirected,59994,,-1.452661
ASV108,ASV68,Undirected,59995,,1.414331
ASV108,ASV681,Undirected,59996,,1.558672
ASV108,ASV707,Undirected,59997,,-1.471391
ASV108,ASV71,Undirected,59998,,1.415421
ASV108,ASV732,Undirected,59999,,1.520846
ASV108,ASV74,Undirected,60000,,1.543244
ASV108,ASV79,Undirected,60001,,1.490156
ASV108,ASV80,Undirected,60002,,1.792964
ASV108,ASV810,Undirected,60003,,1.641376
ASV108,ASV82,Undirected,60004,,1.55901
ASV108,ASV828,Undirected,60005,,-1.640707
ASV108,ASV85,Undirected,60006,,-1.43967
ASV108,ASV854,Undirected,60007,,1.486351
ASV108,ASV856,Undirected,60008,,-1.534547
ASV108,ASV87,Undirected,60009,,1.686503
ASV108,ASV9,Undirected,60010,,1.620285
ASV108,ASV92,Undirected,60011,,-1.700675
ASV108,ASV927,Undirected,60012,,1.545847
ASV108,ASV938,Undirected,60013,,1.687298
ASV108,ASV95,Undirected,60014,,-1.671675
ASV108,ASV96,Undirected,60015,,1.651452
ASV109,ASV109,Undirected,60016,,1
ASV109,ASV3089,Undirected,60017,,-1.509656
ASV109,ASV568,Undirected,60018,,-1.633354
ASV1092,ASV1032,Undirected,60019,,-0.659954
ASV1092,ASV1092,Undirected,60020,,1
ASV1092,ASV1229,Undirected,60021,,-1.436744
ASV1092,ASV2223,Undirected,60022,,1.615775
ASV1092,ASV727,Undirected,60023,,1.525428
ASV1093,ASV1038,Undirected,60024,,0.630272
ASV1093,ASV1093,Undirected,60025,,1
ASV1093,ASV125,Undirected,60026,,1.550719
ASV1093,ASV219,Undirected,60027,,1.41459
ASV1093,ASV310,Undirected,60028,,1.569799
ASV1093,ASV334,Undirected,60029,,1.518477
ASV1093,ASV349,Undirected,60030,,1.663194
ASV1093,ASV398,Undirected,60031,,1.489087
ASV1093,ASV447,Undirected,60032,,1.420858
ASV1093,ASV458,Undirected,60033,,1.482457
ASV1093,ASV528,Undirected,60034,,1.58664
ASV1093,ASV557,Undirected,60035,,-1.442006
ASV1093,ASV6,Undirected,60036,,1.462126
ASV1093,ASV708,Undirected,60037,,1.482995
ASV1093,ASV775,Undirected,60038,,1.622925
ASV1093,ASV876,Undirected,60039,,1.498243
ASV1093,ASV95,Undirected,60040,,1.470914
ASV1093,ASV983,Undirected,60041,,1.502089
ASV1093,ASV995,Undirected,60042,,1.582637
ASV11,ASV1092,Undirected,60043,,-0.610687
ASV11,ASV11,Undirected,60044,,1
ASV11,ASV151,Undirected,60045,,-1.522842
ASV11,ASV2208,Undirected,60046,,-1.458526
ASV11,ASV254,Undirected,60047,,1.44853
ASV11,ASV2572,Undirected,60048,,-1.415838
ASV11,ASV3207,Undirected,60049,,-1.518101
ASV11,ASV478,Undirected,60050,,-1.455494
ASV110,ASV102,Undirected,60052,,0.688925
ASV110,ASV107,Undirected,60053,,0.637869
ASV110,ASV110,Undirected,60054,,1
ASV110,ASV111,Undirected,60055,,1.553489
ASV110,ASV15,Undirected,60056,,1.455297
ASV110,ASV18,Undirected,60057,,-1.600413
ASV110,ASV191,Undirected,60058,,1.429799
ASV110,ASV220,Undirected,60059,,1.437023
ASV110,ASV226,Undirected,60060,,1.478764
ASV110,ASV258,Undirected,60061,,1.435368
ASV110,ASV288,Undirected,60062,,-1.467912
ASV110,ASV4134,Undirected,60063,,-1.468765
ASV110,ASV579,Undirected,60064,,-1.508487
ASV110,ASV62,Undirected,60065,,1.573583
ASV110,ASV623,Undirected,60066,,-1.433622
ASV110,ASV681,Undirected,60067,,1.422805
ASV111,ASV1026,Undirected,60071,,-0.643008
ASV111,ASV1069,Undirected,60072,,-0.629617
ASV111,ASV111,Undirected,60076,,1
ASV111,ASV114,Undirected,60077,,1.537985
ASV111,ASV117,Undirected,60078,,1.752462
ASV111,ASV1217,Undirected,60079,,-1.432291
ASV111,ASV122,Undirected,60080,,1.621644
ASV111,ASV125,Undirected,60081,,-1.454734
ASV111,ASV13,Undirected,60082,,1.593799
ASV111,ASV140,Undirected,60083,,-1.42606
ASV111,ASV1492,Undirected,60084,,-1.457278
ASV111,ASV15,Undirected,60085,,1.582213
ASV111,ASV150,Undirected,60086,,1.470801
ASV111,ASV1615,Undirected,60087,,-1.532986
ASV111,ASV175,Undirected,60088,,1.480104
ASV111,ASV18,Undirected,60089,,-1.417356
ASV111,ASV191,Undirected,60090,,1.449278
ASV111,ASV197,Undirected,60091,,1.440538
ASV111,ASV216,Undirected,60092,,1.425709
ASV111,ASV220,Undirected,60093,,1.621377
ASV111,ASV2213,Undirected,60094,,-1.543631
ASV111,ASV225,Undirected,60095,,-1.594413
ASV111,ASV229,Undirected,60096,,1.826177
ASV111,ASV237,Undirected,60097,,1.501045
ASV111,ASV24,Undirected,60098,,1.624612
ASV111,ASV25,Undirected,60099,,1.537191
ASV111,ASV258,Undirected,60100,,1.506467
ASV111,ASV260,Undirected,60101,,-1.553831
ASV111,ASV261,Undirected,60102,,-1.49819
ASV111,ASV263,Undirected,60103,,1.471288
ASV111,ASV266,Undirected,60104,,-1.416583
ASV111,ASV271,Undirected,60105,,-1.440129
ASV111,ASV273,Undirected,60106,,1.44956
ASV111,ASV277,Undirected,60107,,-1.622414
ASV111,ASV288,Undirected,60108,,-1.4956
ASV111,ASV31,Undirected,60109,,1.556937
ASV111,ASV32,Undirected,60110,,1.51653
ASV111,ASV327,Undirected,60111,,1.498449
ASV111,ASV33,Undirected,60112,,1.485508
ASV111,ASV344,Undirected,60113,,1.536711
ASV111,ASV36,Undirected,60114,,1.60393
ASV111,ASV363,Undirected,60115,,1.52716
ASV111,ASV369,Undirected,60116,,-1.531057
ASV111,ASV37,Undirected,60117,,1.49044
ASV111,ASV3732,Undirected,60118,,-1.652175
ASV111,ASV38,Undirected,60119,,1.485538
ASV111,ASV4,Undirected,60120,,1.440083
ASV111,ASV404,Undirected,60121,,1.539522
ASV111,ASV4134,Undirected,60122,,-1.57919
ASV111,ASV436,Undirected,60123,,-1.664252
ASV111,ASV445,Undirected,60124,,1.500259
ASV111,ASV451,Undirected,60125,,1.524845
ASV111,ASV459,Undirected,60126,,-1.512292
ASV111,ASV463,Undirected,60127,,1.451063
ASV111,ASV5,Undirected,60128,,1.59091
ASV111,ASV501,Undirected,60129,,-1.441454
ASV111,ASV5010,Undirected,60130,,-1.431704
ASV111,ASV514,Undirected,60131,,1.536553
ASV111,ASV529,Undirected,60132,,-1.468222
ASV111,ASV56,Undirected,60133,,1.789038
ASV111,ASV564,Undirected,60134,,1.464737
ASV111,ASV57,Undirected,60135,,1.529473
ASV111,ASV5744,Undirected,60136,,1.430937
ASV111,ASV579,Undirected,60137,,-1.521827
ASV111,ASV59,Undirected,60138,,1.51653
ASV111,ASV6,Undirected,60139,,-1.504133
ASV111,ASV61,Undirected,60140,,1.60269
ASV111,ASV68,Undirected,60141,,1.417319
ASV111,ASV681,Undirected,60142,,1.507522
ASV111,ASV71,Undirected,60143,,1.55372
ASV111,ASV73,Undirected,60144,,1.562698
ASV111,ASV732,Undirected,60145,,1.556968
ASV111,ASV733,Undirected,60146,,1.551186
ASV111,ASV74,Undirected,60147,,1.507756
ASV111,ASV781,Undirected,60148,,-1.617173
ASV111,ASV80,Undirected,60149,,1.682688
ASV111,ASV810,Undirected,60150,,1.590047
ASV111,ASV82,Undirected,60151,,1.51938
ASV111,ASV828,Undirected,60152,,-1.418356
ASV111,ASV85,Undirected,60153,,-1.450879
ASV111,ASV850,Undirected,60154,,1.50533
ASV111,ASV856,Undirected,60155,,-1.466812
ASV111,ASV87,Undirected,60156,,1.603307
ASV111,ASV881,Undirected,60157,,-1.536403
ASV111,ASV9,Undirected,60158,,1.56405
ASV111,ASV90,Undirected,60159,,1.509824
ASV111,ASV92,Undirected,60160,,-1.506722
ASV111,ASV93,Undirected,60161,,1.419855
ASV111,ASV938,Undirected,60162,,1.45908
ASV111,ASV95,Undirected,60163,,-1.449845
ASV111,ASV96,Undirected,60164,,1.696532
ASV1115,ASV1115,Undirected,60165,,1
ASV1115,ASV892,Undirected,60166,,1.428607
ASV112,ASV112,Undirected,60167,,1
ASV1120,ASV1120,Undirected,60168,,1
ASV1120,ASV113,Undirected,60169,,-1.436225
ASV1120,ASV1381,Undirected,60170,,-1.466714
ASV1120,ASV164,Undirected,60171,,1.464696
ASV1120,ASV2,Undirected,60172,,-1.535869
ASV1120,ASV20,Undirected,60173,,-1.549309
ASV1120,ASV214,Undirected,60174,,1.613339
ASV1120,ASV2155,Undirected,60175,,-1.497328
ASV1120,ASV261,Undirected,60176,,1.436968
ASV1120,ASV264,Undirected,60177,,1.431808
ASV1120,ASV310,Undirected,60178,,1.481472
ASV1120,ASV330,Undirected,60179,,-1.476296
ASV1120,ASV352,Undirected,60180,,1.589907
ASV1120,ASV430,Undirected,60181,,1.419226
ASV1120,ASV468,Undirected,60182,,1.421449
ASV1120,ASV5744,Undirected,60183,,-1.506601
ASV1120,ASV721,Undirected,60184,,1.49532
ASV1120,ASV742,Undirected,60185,,1.481789
ASV1120,ASV758,Undirected,60186,,-1.430894
ASV1120,ASV876,Undirected,60187,,1.440522
ASV1123,ASV1123,Undirected,60188,,1
ASV1123,ASV428,Undirected,60189,,1.504256
ASV1123,ASV4454,Undirected,60190,,-1.457578
ASV113,ASV1026,Undirected,60192,,-0.702604
ASV113,ASV1069,Undirected,60194,,-0.672215
ASV113,ASV107,Undirected,60195,,0.654762
ASV113,ASV108,Undirected,60196,,0.629208
ASV113,ASV111,Undirected,60197,,0.622027
ASV113,ASV113,Undirected,60199,,1
ASV113,ASV1149,Undirected,60200,,-1.499785
ASV113,ASV1165,Undirected,60201,,1.423576
ASV113,ASV117,Undirected,60202,,1.572244
ASV113,ASV121,Undirected,60203,,1.619693
ASV113,ASV122,Undirected,60204,,1.489625
ASV113,ASV123,Undirected,60205,,1.468019
ASV113,ASV125,Undirected,60206,,-1.425763
ASV113,ASV13,Undirected,60207,,1.633075
ASV113,ASV139,Undirected,60208,,-1.450879
ASV113,ASV142,Undirected,60209,,-1.539814
ASV113,ASV149,Undirected,60210,,-1.572906
ASV113,ASV158,Undirected,60211,,-1.650646
ASV113,ASV159,Undirected,60212,,-1.710884
ASV113,ASV164,Undirected,60213,,-1.808687
ASV113,ASV170,Undirected,60214,,1.440706
ASV113,ASV1730,Undirected,60215,,-1.436273
ASV113,ASV194,Undirected,60216,,1.568324
ASV113,ASV197,Undirected,60217,,1.615305
ASV113,ASV2,Undirected,60218,,1.421488
ASV113,ASV2017,Undirected,60219,,-1.46612
ASV113,ASV207,Undirected,60220,,-1.45969
ASV113,ASV214,Undirected,60221,,-1.467086
ASV113,ASV216,Undirected,60222,,1.657387
ASV113,ASV219,Undirected,60223,,-1.449744
ASV113,ASV225,Undirected,60224,,-1.553027
ASV113,ASV231,Undirected,60225,,-1.655814
ASV113,ASV233,Undirected,60226,,-1.50494
ASV113,ASV235,Undirected,60227,,-1.598759
ASV113,ASV237,Undirected,60228,,1.436729
ASV113,ASV24,Undirected,60229,,1.659773
ASV113,ASV242,Undirected,60230,,-1.590274
ASV113,ASV244,Undirected,60231,,1.721533
ASV113,ASV25,Undirected,60232,,1.805786
ASV113,ASV2511,Undirected,60233,,-1.501397
ASV113,ASV260,Undirected,60234,,-1.671844
ASV113,ASV261,Undirected,60235,,-1.579928
ASV113,ASV264,Undirected,60236,,-1.631092
ASV113,ASV271,Undirected,60237,,-1.644381
ASV113,ASV273,Undirected,60238,,1.603725
ASV113,ASV276,Undirected,60239,,1.452571
ASV113,ASV31,Undirected,60240,,1.695653
ASV113,ASV310,Undirected,60241,,-1.555444
ASV113,ASV32,Undirected,60242,,1.675621
ASV113,ASV330,Undirected,60243,,1.430197
ASV113,ASV3327,Undirected,60244,,1.421936
ASV113,ASV334,Undirected,60245,,-1.458872
ASV113,ASV34,Undirected,60246,,1.521447
ASV113,ASV36,Undirected,60247,,1.647363
ASV113,ASV363,Undirected,60248,,1.469219
ASV113,ASV369,Undirected,60249,,-1.486543
ASV113,ASV37,Undirected,60250,,1.516279
ASV113,ASV398,Undirected,60251,,-1.47205
ASV113,ASV4,Undirected,60252,,1.433885
ASV113,ASV404,Undirected,60253,,1.517692
ASV113,ASV416,Undirected,60254,,-1.572244
ASV113,ASV430,Undirected,60255,,-1.724972
ASV113,ASV445,Undirected,60256,,1.476462
ASV113,ASV456,Undirected,60257,,-1.526978
ASV113,ASV459,Undirected,60258,,-1.72074
ASV113,ASV463,Undirected,60259,,1.460385
ASV113,ASV468,Undirected,60260,,-1.695449
ASV113,ASV5,Undirected,60261,,1.642563
ASV113,ASV501,Undirected,60262,,-1.568915
ASV113,ASV514,Undirected,60263,,1.632976
ASV113,ASV531,Undirected,60264,,-1.541172
ASV113,ASV551,Undirected,60265,,1.532484
ASV113,ASV56,Undirected,60266,,1.513961
ASV113,ASV57,Undirected,60267,,1.425026
ASV113,ASV5744,Undirected,60268,,1.593378
ASV113,ASV576,Undirected,60269,,-1.54368
ASV113,ASV589,Undirected,60270,,-1.467635
ASV113,ASV59,Undirected,60271,,1.756199
ASV113,ASV6,Undirected,60272,,-1.681819
ASV113,ASV61,Undirected,60273,,1.656493
ASV113,ASV619,Undirected,60274,,-1.511747
ASV113,ASV637,Undirected,60275,,1.52466
ASV113,ASV655,Undirected,60276,,-1.782877
ASV113,ASV681,Undirected,60277,,1.479528
ASV113,ASV708,Undirected,60278,,-1.59608
ASV113,ASV71,Undirected,60279,,1.504133
ASV113,ASV732,Undirected,60280,,1.475843
ASV113,ASV74,Undirected,60281,,1.494312
ASV113,ASV741,Undirected,60282,,-1.430416
ASV113,ASV751,Undirected,60283,,1.419941
ASV113,ASV775,Undirected,60284,,-1.44249
ASV113,ASV781,Undirected,60285,,-1.41988
ASV113,ASV79,Undirected,60286,,1.616141
ASV113,ASV80,Undirected,60287,,1.486305
ASV113,ASV810,Undirected,60288,,1.522584
ASV113,ASV82,Undirected,60289,,1.685788
ASV113,ASV828,Undirected,60290,,-1.487823
ASV113,ASV85,Undirected,60291,,-1.522234
ASV113,ASV850,Undirected,60292,,1.413273
ASV113,ASV856,Undirected,60293,,-1.661834
ASV113,ASV87,Undirected,60294,,1.497935
ASV113,ASV876,Undirected,60295,,-1.573514
ASV113,ASV9,Undirected,60296,,1.659092
ASV113,ASV90,Undirected,60297,,1.469493
ASV113,ASV95,Undirected,60298,,-1.625646
ASV113,ASV96,Undirected,60299,,1.717247
ASV1132,ASV1002,Undirected,60300,,0.626917
ASV1132,ASV1132,Undirected,60301,,1
ASV1136,ASV1026,Undirected,60302,,-0.65227
ASV1136,ASV103,Undirected,60303,,0.60406
ASV1136,ASV1038,Undirected,60304,,-0.636364
ASV1136,ASV108,Undirected,60305,,0.702339
ASV1136,ASV111,Undirected,60306,,0.685371
ASV1136,ASV1136,Undirected,60307,,1
ASV1136,ASV1615,Undirected,60308,,-1.498168
ASV1136,ASV228,Undirected,60309,,-1.580081
ASV1136,ASV2762,Undirected,60310,,-1.480223
ASV1136,ASV283,Undirected,60311,,-1.650674
ASV1136,ASV332,Undirected,60312,,-1.506729
ASV1136,ASV35,Undirected,60313,,-1.432452
ASV1136,ASV404,Undirected,60314,,1.431085
ASV1136,ASV4134,Undirected,60315,,-1.561871
ASV1136,ASV425,Undirected,60316,,1.418548
ASV1136,ASV5010,Undirected,60317,,-1.565396
ASV1136,ASV529,Undirected,60318,,-1.495012
ASV1136,ASV6,Undirected,60319,,-1.463435
ASV1136,ASV610,Undirected,60320,,1.47139
ASV1136,ASV80,Undirected,60321,,1.447263
ASV1136,ASV881,Undirected,60322,,-1.619414
ASV1136,ASV92,Undirected,60323,,-1.544334
ASV1136,ASV938,Undirected,60324,,1.543697
ASV1136,ASV95,Undirected,60325,,-1.499877
ASV114,ASV1013,Undirected,60327,,0.661012
ASV114,ASV114,Undirected,60332,,1
ASV114,ASV117,Undirected,60333,,1.458595
ASV114,ASV122,Undirected,60334,,1.668599
ASV114,ASV1298,Undirected,60335,,-1.483766
ASV114,ASV14,Undirected,60336,,-1.422819
ASV114,ASV150,Undirected,60337,,1.414256
ASV114,ASV165,Undirected,60338,,1.440012
ASV114,ASV191,Undirected,60339,,1.621271
ASV114,ASV206,Undirected,60340,,1.489639
ASV114,ASV216,Undirected,60341,,1.415542
ASV114,ASV220,Undirected,60342,,1.477459
ASV114,ASV24,Undirected,60343,,1.4646
ASV114,ASV252,Undirected,60344,,1.678388
ASV114,ASV263,Undirected,60345,,1.56877
ASV114,ASV271,Undirected,60346,,-1.472546
ASV114,ASV273,Undirected,60347,,1.559463
ASV114,ASV31,Undirected,60348,,1.481637
ASV114,ASV327,Undirected,60349,,1.726098
ASV114,ASV35,Undirected,60350,,-1.452479
ASV114,ASV363,Undirected,60351,,1.708377
ASV114,ASV37,Undirected,60352,,1.580579
ASV114,ASV3732,Undirected,60353,,-1.505434
ASV114,ASV38,Undirected,60354,,1.474445
ASV114,ASV4,Undirected,60355,,1.557047
ASV114,ASV5,Undirected,60356,,1.501291
ASV114,ASV51,Undirected,60357,,-1.533208
ASV114,ASV529,Undirected,60358,,-1.631723
ASV114,ASV56,Undirected,60359,,1.659949
ASV114,ASV564,Undirected,60360,,1.545889
ASV114,ASV571,Undirected,60361,,1.539171
ASV114,ASV61,Undirected,60362,,1.535678
ASV114,ASV681,Undirected,60363,,1.608298
ASV114,ASV702,Undirected,60364,,1.539982
ASV114,ASV73,Undirected,60365,,1.467638
ASV114,ASV74,Undirected,60366,,1.443928
ASV114,ASV80,Undirected,60367,,1.516529
ASV114,ASV810,Undirected,60368,,1.604786
ASV114,ASV82,Undirected,60369,,1.514463
ASV114,ASV854,Undirected,60370,,1.481157
ASV114,ASV9,Undirected,60371,,1.519876
ASV114,ASV952,Undirected,60372,,-1.625056
ASV114,ASV96,Undirected,60373,,1.413046
ASV1140,ASV1140,Undirected,60374,,1
ASV1141,ASV1013,Undirected,60375,,0.66016
ASV1141,ASV1017,Undirected,60376,,0.613483
ASV1141,ASV1024,Undirected,60377,,-0.635538
ASV1141,ASV1030,Undirected,60378,,-0.644919
ASV1141,ASV1059,Undirected,60379,,0.643944
ASV1141,ASV1069,Undirected,60380,,-0.670684
ASV1141,ASV107,Undirected,60381,,0.601996
ASV1141,ASV113,Undirected,60382,,0.602937
ASV1141,ASV114,Undirected,60383,,0.635439
ASV1141,ASV1141,Undirected,60384,,1
ASV1141,ASV1298,Undirected,60385,,-1.513644
ASV1141,ASV159,Undirected,60386,,-1.436055
ASV1141,ASV184,Undirected,60387,,1.488547
ASV1141,ASV191,Undirected,60388,,1.44806
ASV1141,ASV2511,Undirected,60389,,-1.530039
ASV1141,ASV276,Undirected,60390,,1.429487
ASV1141,ASV363,Undirected,60391,,1.526631
ASV1141,ASV37,Undirected,60392,,1.447967
ASV1141,ASV4,Undirected,60393,,1.449302
ASV1141,ASV412,Undirected,60394,,-1.424975
ASV1141,ASV437,Undirected,60395,,-1.619098
ASV1141,ASV463,Undirected,60396,,1.572056
ASV1141,ASV483,Undirected,60397,,1.45734
ASV1141,ASV5,Undirected,60398,,1.513854
ASV1141,ASV59,Undirected,60399,,1.567995
ASV1141,ASV681,Undirected,60400,,1.519352
ASV1141,ASV733,Undirected,60401,,1.549746
ASV1141,ASV79,Undirected,60402,,1.51516
ASV1141,ASV810,Undirected,60403,,1.446665
ASV1141,ASV856,Undirected,60404,,-1.533734
ASV1141,ASV9,Undirected,60405,,1.486784
ASV1141,ASV941,Undirected,60406,,1.451182
ASV1141,ASV970,Undirected,60407,,-1.533054
ASV1149,ASV1007,Undirected,60408,,-0.607856
ASV1149,ASV1026,Undirected,60409,,0.629086
ASV1149,ASV1069,Undirected,60410,,0.687962
ASV1149,ASV1149,Undirected,60412,,1
ASV1149,ASV1292,Undirected,60413,,1.63677
ASV1149,ASV149,Undirected,60414,,1.415364
ASV1149,ASV159,Undirected,60415,,1.523785
ASV1149,ASV235,Undirected,60416,,1.46018
ASV1149,ASV25,Undirected,60417,,-1.459714
ASV1149,ASV369,Undirected,60418,,1.514902
ASV1149,ASV416,Undirected,60419,,1.420696
ASV1149,ASV576,Undirected,60420,,1.689896
ASV1149,ASV756,Undirected,60421,,1.455899
ASV115,ASV102,Undirected,60422,,0.610881
ASV115,ASV104,Undirected,60423,,0.625845
ASV115,ASV110,Undirected,60425,,0.605998
ASV115,ASV115,Undirected,60426,,1
ASV115,ASV1269,Undirected,60427,,-1.423765
ASV115,ASV1499,Undirected,60428,,-1.423473
ASV115,ASV452,Undirected,60429,,1.531332
ASV115,ASV624,Undirected,60430,,1.458514
ASV115,ASV637,Undirected,60431,,1.418491
ASV115,ASV911,Undirected,60432,,1.643218
ASV1152,ASV1152,Undirected,60433,,1
ASV1152,ASV865,Undirected,60434,,-1.556224
ASV116,ASV102,Undirected,60436,,-0.611917
ASV116,ASV107,Undirected,60437,,-0.677887
ASV116,ASV111,Undirected,60438,,-0.635799
ASV116,ASV114,Undirected,60439,,-0.684075
ASV116,ASV116,Undirected,60440,,1
ASV116,ASV14,Undirected,60441,,1.699227
ASV116,ASV18,Undirected,60442,,1.511113
ASV116,ASV28,Undirected,60443,,1.743538
ASV116,ASV29,Undirected,60444,,1.427833
ASV116,ASV327,Undirected,60445,,-1.523021
ASV116,ASV3570,Undirected,60446,,-1.42403
ASV116,ASV539,Undirected,60447,,1.46516
ASV1161,ASV1030,Undirected,60448,,0.638732
ASV1161,ASV115,Undirected,60450,,-0.610712
ASV1161,ASV1161,Undirected,60451,,1
ASV1161,ASV182,Undirected,60452,,-1.421575
ASV1161,ASV469,Undirected,60453,,1.608385
ASV1162,ASV1017,Undirected,60454,,-0.619074
ASV1162,ASV1071,Undirected,60455,,0.615063
ASV1162,ASV108,Undirected,60456,,-0.628735
ASV1162,ASV110,Undirected,60457,,-0.63473
ASV1162,ASV111,Undirected,60458,,-0.677813
ASV1162,ASV114,Undirected,60459,,-0.644111
ASV1162,ASV1162,Undirected,60460,,1
ASV1162,ASV1295,Undirected,60461,,1.573755
ASV1162,ASV1298,Undirected,60462,,1.53191
ASV1162,ASV135,Undirected,60463,,-1.530856
ASV1162,ASV1468,Undirected,60464,,1.516061
ASV1162,ASV16,Undirected,60465,,-1.571253
ASV1162,ASV1647,Undirected,60466,,1.451771
ASV1162,ASV191,Undirected,60467,,-1.460369
ASV1162,ASV22,Undirected,60468,,-1.477219
ASV1162,ASV260,Undirected,60469,,1.464548
ASV1162,ASV271,Undirected,60470,,1.505514
ASV1162,ASV328,Undirected,60471,,1.713722
ASV1162,ASV369,Undirected,60472,,1.480206
ASV1162,ASV398,Undirected,60473,,1.460373
ASV1162,ASV45,Undirected,60474,,-1.582506
ASV1162,ASV507,Undirected,60475,,-1.462184
ASV1162,ASV528,Undirected,60476,,1.451322
ASV1162,ASV579,Undirected,60477,,1.422701
ASV1162,ASV707,Undirected,60478,,1.473032
ASV1162,ASV708,Undirected,60479,,1.447771
ASV1162,ASV73,Undirected,60480,,-1.531901
ASV1162,ASV886,Undirected,60481,,1.603361
ASV1162,ASV922,Undirected,60482,,1.638565
ASV1162,ASV983,Undirected,60483,,1.47017
ASV1165,ASV100,Undirected,60484,,0.604981
ASV1165,ASV1007,Undirected,60485,,0.66247
ASV1165,ASV1017,Undirected,60486,,0.688462
ASV1165,ASV102,Undirected,60487,,0.623448
ASV1165,ASV1069,Undirected,60488,,-0.685036
ASV1165,ASV111,Undirected,60489,,0.673819
ASV1165,ASV1165,Undirected,60491,,1
ASV1165,ASV13,Undirected,60492,,1.447427
ASV1165,ASV150,Undirected,60493,,1.530809
ASV1165,ASV153,Undirected,60494,,1.676194
ASV1165,ASV172,Undirected,60495,,1.421037
ASV1165,ASV175,Undirected,60496,,1.579983
ASV1165,ASV187,Undirected,60497,,1.473845
ASV1165,ASV194,Undirected,60498,,1.513915
ASV1165,ASV197,Undirected,60499,,1.828937
ASV1165,ASV2026,Undirected,60500,,1.436407
ASV1165,ASV2213,Undirected,60501,,-1.4398
ASV1165,ASV229,Undirected,60502,,1.466047
ASV1165,ASV24,Undirected,60503,,1.527323
ASV1165,ASV25,Undirected,60504,,1.547114
ASV1165,ASV273,Undirected,60505,,1.463906
ASV1165,ASV32,Undirected,60506,,1.630454
ASV1165,ASV344,Undirected,60507,,1.477054
ASV1165,ASV37,Undirected,60508,,1.534016
ASV1165,ASV4,Undirected,60509,,1.555662
ASV1165,ASV459,Undirected,60510,,-1.446604
ASV1165,ASV48,Undirected,60511,,1.61633
ASV1165,ASV5,Undirected,60512,,1.532156
ASV1165,ASV54,Undirected,60513,,1.480871
ASV1165,ASV56,Undirected,60514,,1.504862
ASV1165,ASV57,Undirected,60515,,1.634278
ASV1165,ASV626,Undirected,60516,,1.441534
ASV1165,ASV71,Undirected,60517,,1.504377
ASV1165,ASV82,Undirected,60518,,1.42284
ASV1165,ASV872,Undirected,60519,,1.448515
ASV1165,ASV9,Undirected,60520,,1.504377
ASV1165,ASV90,Undirected,60521,,1.528392
ASV1166,ASV1030,Undirected,60522,,0.616276
ASV1166,ASV1166,Undirected,60523,,1
ASV1166,ASV227,Undirected,60524,,-1.501019
ASV1166,ASV709,Undirected,60525,,1.506871
ASV117,ASV1026,Undirected,60530,,-0.661286
ASV117,ASV106,Undirected,60531,,0.664951
ASV117,ASV1069,Undirected,60532,,-0.703437
ASV117,ASV110,Undirected,60535,,0.655281
ASV117,ASV1136,Undirected,60538,,0.609577
ASV117,ASV1141,Undirected,60540,,0.623707
ASV117,ASV1149,Undirected,60541,,-0.684773
ASV117,ASV115,Undirected,60542,,0.634197
ASV117,ASV1162,Undirected,60543,,-0.703933
ASV117,ASV1165,Undirected,60544,,0.644872
ASV117,ASV117,Undirected,60545,,1
ASV117,ASV121,Undirected,60546,,1.437468
ASV117,ASV122,Undirected,60547,,1.743895
ASV117,ASV1295,Undirected,60548,,-1.423377
ASV117,ASV1298,Undirected,60549,,-1.519376
ASV117,ASV13,Undirected,60550,,1.773296
ASV117,ASV1358,Undirected,60551,,-1.60024
ASV117,ASV1468,Undirected,60552,,-1.440288
ASV117,ASV1492,Undirected,60553,,-1.695021
ASV117,ASV150,Undirected,60554,,1.482405
ASV117,ASV154,Undirected,60555,,-1.436563
ASV117,ASV158,Undirected,60556,,-1.746381
ASV117,ASV159,Undirected,60557,,-1.551635
ASV117,ASV1615,Undirected,60558,,-1.575331
ASV117,ASV164,Undirected,60559,,-1.576387
ASV117,ASV170,Undirected,60560,,1.557054
ASV117,ASV175,Undirected,60561,,1.472053
ASV117,ASV18,Undirected,60562,,-1.431976
ASV117,ASV1838,Undirected,60563,,-1.426932
ASV117,ASV194,Undirected,60564,,1.500259
ASV117,ASV216,Undirected,60565,,1.745009
ASV117,ASV220,Undirected,60566,,1.498184
ASV117,ASV225,Undirected,60567,,-1.547151
ASV117,ASV229,Undirected,60568,,1.635234
ASV117,ASV231,Undirected,60569,,-1.581784
ASV117,ASV237,Undirected,60570,,1.596885
ASV117,ASV24,Undirected,60571,,1.774212
ASV117,ASV244,Undirected,60572,,1.45464
ASV117,ASV25,Undirected,60573,,1.75893
ASV117,ASV260,Undirected,60574,,-1.662001
ASV117,ASV261,Undirected,60575,,-1.641452
ASV117,ASV263,Undirected,60576,,1.538861
ASV117,ASV271,Undirected,60577,,-1.574248
ASV117,ASV273,Undirected,60578,,1.6114
ASV117,ASV276,Undirected,60579,,1.625131
ASV117,ASV277,Undirected,60580,,-1.529353
ASV117,ASV288,Undirected,60581,,-1.671162
ASV117,ASV307,Undirected,60582,,1.57343
ASV117,ASV3072,Undirected,60583,,1.438536
ASV117,ASV31,Undirected,60584,,1.777087
ASV117,ASV32,Undirected,60585,,1.595453
ASV117,ASV35,Undirected,60586,,-1.448243
ASV117,ASV36,Undirected,60587,,1.765926
ASV117,ASV360,Undirected,60588,,-1.428885
ASV117,ASV363,Undirected,60589,,1.74197
ASV117,ASV369,Undirected,60590,,-1.522032
ASV117,ASV37,Undirected,60591,,1.573502
ASV117,ASV3732,Undirected,60592,,-1.565578
ASV117,ASV374,Undirected,60593,,1.585062
ASV117,ASV4,Undirected,60594,,1.568552
ASV117,ASV404,Undirected,60595,,1.630412
ASV117,ASV416,Undirected,60596,,-1.477178
ASV117,ASV436,Undirected,60597,,-1.442657
ASV117,ASV440,Undirected,60598,,-1.470132
ASV117,ASV445,Undirected,60599,,1.578239
ASV117,ASV451,Undirected,60600,,1.557284
ASV117,ASV452,Undirected,60601,,1.561269
ASV117,ASV459,Undirected,60602,,-1.631556
ASV117,ASV463,Undirected,60603,,1.446058
ASV117,ASV483,Undirected,60604,,1.444018
ASV117,ASV5,Undirected,60605,,1.723751
ASV117,ASV501,Undirected,60606,,-1.500779
ASV117,ASV507,Undirected,60607,,1.415485
ASV117,ASV513,Undirected,60608,,-1.4139
ASV117,ASV514,Undirected,60609,,1.755972
ASV117,ASV529,Undirected,60610,,-1.569701
ASV117,ASV531,Undirected,60611,,-1.45332
ASV117,ASV56,Undirected,60612,,1.819785
ASV117,ASV57,Undirected,60613,,1.541172
ASV117,ASV5744,Undirected,60614,,1.649742
ASV117,ASV579,Undirected,60615,,-1.484358
ASV117,ASV59,Undirected,60616,,1.744444
ASV117,ASV6,Undirected,60617,,-1.692711
ASV117,ASV600,Undirected,60618,,-1.432012
ASV117,ASV61,Undirected,60619,,1.858032
ASV117,ASV637,Undirected,60620,,1.630981
ASV117,ASV655,Undirected,60621,,-1.520299
ASV117,ASV660,Undirected,60622,,-1.451653
ASV117,ASV68,Undirected,60623,,1.49429
ASV117,ASV681,Undirected,60624,,1.643822
ASV117,ASV71,Undirected,60625,,1.514749
ASV117,ASV73,Undirected,60626,,1.495589
ASV117,ASV732,Undirected,60627,,1.731265
ASV117,ASV733,Undirected,60628,,1.482838
ASV117,ASV74,Undirected,60629,,1.683068
ASV117,ASV756,Undirected,60630,,-1.453036
ASV117,ASV781,Undirected,60631,,-1.585003
ASV117,ASV79,Undirected,60632,,1.595856
ASV117,ASV80,Undirected,60633,,1.672881
ASV117,ASV810,Undirected,60634,,1.686074
ASV117,ASV82,Undirected,60635,,1.739134
ASV117,ASV828,Undirected,60636,,-1.546211
ASV117,ASV85,Undirected,60637,,-1.4956
ASV117,ASV850,Undirected,60638,,1.697308
ASV117,ASV856,Undirected,60639,,-1.586495
ASV117,ASV87,Undirected,60640,,1.622354
ASV117,ASV881,Undirected,60641,,-1.726196
ASV117,ASV9,Undirected,60642,,1.705127
ASV117,ASV90,Undirected,60643,,1.578459
ASV117,ASV92,Undirected,60644,,-1.597102
ASV117,ASV95,Undirected,60645,,-1.539101
ASV117,ASV96,Undirected,60646,,1.767635
ASV1186,ASV1026,Undirected,60647,,-0.699485
ASV1186,ASV108,Undirected,60648,,0.674239
ASV1186,ASV109,Undirected,60649,,0.605784
ASV1186,ASV111,Undirected,60650,,0.682254
ASV1186,ASV1136,Undirected,60651,,0.674867
ASV1186,ASV1186,Undirected,60652,,1
ASV1186,ASV125,Undirected,60653,,-1.532666
ASV1186,ASV16,Undirected,60654,,1.477204
ASV1186,ASV271,Undirected,60655,,-1.419351
ASV1186,ASV33,Undirected,60656,,1.761825
ASV1186,ASV35,Undirected,60657,,-1.440517
ASV1186,ASV3752,Undirected,60658,,-1.460052
ASV1186,ASV3768,Undirected,60659,,-1.565363
ASV1186,ASV428,Undirected,60660,,-1.451311
ASV1186,ASV4966,Undirected,60661,,-1.455348
ASV1186,ASV80,Undirected,60662,,1.442648
ASV1186,ASV805,Undirected,60663,,-1.515261
ASV1186,ASV925,Undirected,60664,,1.432061
ASV1186,ASV952,Undirected,60665,,-1.495547
ASV119,ASV119,Undirected,60666,,1
ASV119,ASV2187,Undirected,60667,,-1.437188
ASV119,ASV320,Undirected,60668,,1.528009
ASV119,ASV393,Undirected,60669,,1.426256
ASV1193,ASV1038,Undirected,60670,,0.681295
ASV1193,ASV1073,Undirected,60671,,0.620928
ASV1193,ASV108,Undirected,60672,,-0.679884
ASV1193,ASV1136,Undirected,60673,,-0.678835
ASV1193,ASV117,Undirected,60674,,-0.608976
ASV1193,ASV1193,Undirected,60675,,1
ASV1193,ASV1763,Undirected,60676,,1.466047
ASV1193,ASV349,Undirected,60677,,1.522726
ASV1193,ASV451,Undirected,60678,,-1.501849
ASV1193,ASV5511,Undirected,60679,,1.585277
ASV1193,ASV68,Undirected,60680,,-1.521934
ASV1193,ASV87,Undirected,60681,,-1.460263
ASV1193,ASV92,Undirected,60682,,1.448237
ASV1193,ASV938,Undirected,60683,,-1.459524
ASV1196,ASV1030,Undirected,60684,,-0.662776
ASV1196,ASV1196,Undirected,60685,,1
ASV1196,ASV3760,Undirected,60686,,1.435541
ASV1196,ASV941,Undirected,60687,,1.471556
ASV1198,ASV102,Undirected,60689,,-0.631648
ASV1198,ASV1198,Undirected,60691,,1
ASV1198,ASV1740,Undirected,60692,,1.539198
ASV1198,ASV2744,Undirected,60693,,1.482856
ASV1198,ASV513,Undirected,60694,,1.413838
ASV12,ASV1030,Undirected,60695,,-0.628572
ASV12,ASV1186,Undirected,60696,,0.645014
ASV12,ASV12,Undirected,60697,,1
ASV12,ASV1698,Undirected,60698,,-1.630236
ASV12,ASV195,Undirected,60699,,1.572171
ASV12,ASV233,Undirected,60700,,-1.585849
ASV12,ASV38,Undirected,60701,,1.487322
ASV12,ASV4966,Undirected,60702,,-1.528449
ASV12,ASV733,Undirected,60703,,1.413545
ASV120,ASV1002,Undirected,60704,,0.631654
ASV120,ASV1015,Undirected,60705,,-0.689505
ASV120,ASV103,Undirected,60706,,-0.680543
ASV120,ASV120,Undirected,60707,,1
ASV120,ASV352,Undirected,60708,,1.456839
ASV120,ASV814,Undirected,60709,,1.549534
ASV120,ASV995,Undirected,60710,,1.445144
ASV1202,ASV1202,Undirected,60711,,1
ASV1202,ASV154,Undirected,60712,,1.498255
ASV1202,ASV623,Undirected,60713,,1.494157
ASV1208,ASV1123,Undirected,60714,,0.64506
ASV1208,ASV1208,Undirected,60715,,1
ASV121,ASV1007,Undirected,60716,,0.614266
ASV121,ASV1013,Undirected,60717,,0.619355
ASV121,ASV106,Undirected,60718,,0.639103
ASV121,ASV1069,Undirected,60719,,-0.608539
ASV121,ASV107,Undirected,60720,,0.634855
ASV121,ASV121,Undirected,60723,,1
ASV121,ASV122,Undirected,60724,,1.416674
ASV121,ASV123,Undirected,60725,,1.660947
ASV121,ASV1243,Undirected,60726,,-1.605826
ASV121,ASV13,Undirected,60727,,1.664428
ASV121,ASV1338,Undirected,60728,,-1.50026
ASV121,ASV142,Undirected,60729,,-1.430055
ASV121,ASV149,Undirected,60730,,-1.47876
ASV121,ASV1546,Undirected,60731,,-1.423222
ASV121,ASV159,Undirected,60732,,-1.442368
ASV121,ASV164,Undirected,60733,,-1.489122
ASV121,ASV170,Undirected,60734,,1.499741
ASV121,ASV179,Undirected,60735,,-1.452468
ASV121,ASV1793,Undirected,60736,,-1.423965
ASV121,ASV18,Undirected,60737,,-1.459634
ASV121,ASV182,Undirected,60738,,1.572766
ASV121,ASV184,Undirected,60739,,1.460301
ASV121,ASV216,Undirected,60740,,1.485393
ASV121,ASV220,Undirected,60741,,1.510396
ASV121,ASV231,Undirected,60742,,-1.593998
ASV121,ASV233,Undirected,60743,,-1.44982
ASV121,ASV237,Undirected,60744,,1.523909
ASV121,ASV24,Undirected,60745,,1.508811
ASV121,ASV244,Undirected,60746,,1.674275
ASV121,ASV25,Undirected,60747,,1.461705
ASV121,ASV2511,Undirected,60748,,-1.677384
ASV121,ASV263,Undirected,60749,,1.561433
ASV121,ASV267,Undirected,60750,,1.704478
ASV121,ASV271,Undirected,60751,,-1.517922
ASV121,ASV273,Undirected,60752,,1.670298
ASV121,ASV31,Undirected,60753,,1.512449
ASV121,ASV32,Undirected,60754,,1.432719
ASV121,ASV3327,Undirected,60755,,1.541182
ASV121,ASV34,Undirected,60756,,1.775252
ASV121,ASV35,Undirected,60757,,-1.544283
ASV121,ASV363,Undirected,60758,,1.483672
ASV121,ASV4,Undirected,60759,,1.443071
ASV121,ASV404,Undirected,60760,,1.520841
ASV121,ASV430,Undirected,60761,,-1.44358
ASV121,ASV456,Undirected,60762,,-1.490645
ASV121,ASV486,Undirected,60763,,1.501341
ASV121,ASV5,Undirected,60764,,1.474127
ASV121,ASV514,Undirected,60765,,1.541818
ASV121,ASV528,Undirected,60766,,-1.537985
ASV121,ASV529,Undirected,60767,,-1.465814
ASV121,ASV564,Undirected,60768,,1.440749
ASV121,ASV570,Undirected,60769,,-1.428322
ASV121,ASV576,Undirected,60770,,-1.550008
ASV121,ASV59,Undirected,60771,,1.687379
ASV121,ASV6,Undirected,60772,,-1.660463
ASV121,ASV61,Undirected,60773,,1.697255
ASV121,ASV637,Undirected,60774,,1.70151
ASV121,ASV681,Undirected,60775,,1.431689
ASV121,ASV71,Undirected,60776,,1.455494
ASV121,ASV74,Undirected,60777,,1.50363
ASV121,ASV77,Undirected,60778,,1.430203
ASV121,ASV775,Undirected,60779,,-1.618899
ASV121,ASV810,Undirected,60780,,1.516382
ASV121,ASV82,Undirected,60781,,1.634392
ASV121,ASV856,Undirected,60782,,-1.545739
ASV121,ASV857,Undirected,60783,,1.516722
ASV121,ASV9,Undirected,60784,,1.569366
ASV121,ASV90,Undirected,60785,,1.464252
ASV121,ASV95,Undirected,60786,,-1.440418
ASV121,ASV955,Undirected,60787,,-1.65805
ASV121,ASV970,Undirected,60788,,-1.441852
ASV1210,ASV1007,Undirected,60789,,0.609414
ASV1210,ASV1059,Undirected,60790,,0.703299
ASV1210,ASV106,Undirected,60791,,0.617511
ASV1210,ASV111,Undirected,60792,,0.652746
ASV1210,ASV113,Undirected,60793,,0.638579
ASV1210,ASV117,Undirected,60794,,0.666899
ASV1210,ASV1210,Undirected,60795,,1
ASV1210,ASV1561,Undirected,60796,,1.580078
ASV1210,ASV1907,Undirected,60797,,-1.676423
ASV1210,ASV2213,Undirected,60798,,-1.424458
ASV1210,ASV307,Undirected,60799,,1.466994
ASV1210,ASV430,Undirected,60800,,-1.416622
ASV1210,ASV459,Undirected,60801,,-1.440542
ASV1210,ASV468,Undirected,60802,,-1.561252
ASV1210,ASV619,Undirected,60803,,-1.452766
ASV1210,ASV781,Undirected,60804,,-1.576145
ASV1213,ASV1015,Undirected,60805,,0.649655
ASV1213,ASV1213,Undirected,60806,,1
ASV1213,ASV392,Undirected,60807,,1.530939
ASV1215,ASV1141,Undirected,60808,,-0.660884
ASV1215,ASV1215,Undirected,60809,,1
ASV1215,ASV412,Undirected,60810,,1.44118
ASV1217,ASV100,Undirected,60811,,-0.703089
ASV1217,ASV1017,Undirected,60812,,-0.634741
ASV1217,ASV106,Undirected,60814,,-0.638806
ASV1217,ASV117,Undirected,60816,,-0.668175
ASV1217,ASV1217,Undirected,60817,,1
ASV1217,ASV237,Undirected,60818,,-1.463186
ASV1217,ASV56,Undirected,60819,,-1.450208
ASV1217,ASV850,Undirected,60820,,-1.573605
ASV1219,ASV1219,Undirected,60821,,1
ASV122,ASV1007,Undirected,60823,,0.703394
ASV122,ASV102,Undirected,60825,,0.631446
ASV122,ASV1026,Undirected,60826,,-0.654241
ASV122,ASV106,Undirected,60827,,0.600115
ASV122,ASV1069,Undirected,60828,,-0.638642
ASV122,ASV115,Undirected,60834,,0.654713
ASV122,ASV1165,Undirected,60835,,0.644539
ASV122,ASV1186,Undirected,60837,,0.638124
ASV122,ASV1217,Undirected,60839,,-0.60493
ASV122,ASV122,Undirected,60840,,1
ASV122,ASV123,Undirected,60841,,1.583466
ASV122,ASV1243,Undirected,60842,,-1.559731
ASV122,ASV13,Undirected,60843,,1.617689
ASV122,ASV1358,Undirected,60844,,-1.619702
ASV122,ASV1492,Undirected,60845,,-1.64707
ASV122,ASV150,Undirected,60846,,1.557428
ASV122,ASV158,Undirected,60847,,-1.678988
ASV122,ASV164,Undirected,60848,,-1.529127
ASV122,ASV165,Undirected,60849,,1.471386
ASV122,ASV170,Undirected,60850,,1.60126
ASV122,ASV175,Undirected,60851,,1.499245
ASV122,ASV1781,Undirected,60852,,-1.666841
ASV122,ASV179,Undirected,60853,,-1.54456
ASV122,ASV194,Undirected,60854,,1.49533
ASV122,ASV195,Undirected,60855,,1.523175
ASV122,ASV216,Undirected,60856,,1.809337
ASV122,ASV220,Undirected,60857,,1.470285
ASV122,ASV225,Undirected,60858,,-1.540318
ASV122,ASV229,Undirected,60859,,1.549679
ASV122,ASV231,Undirected,60860,,-1.711197
ASV122,ASV237,Undirected,60861,,1.58186
ASV122,ASV2383,Undirected,60862,,-1.566668
ASV122,ASV24,Undirected,60863,,1.667382
ASV122,ASV244,Undirected,60864,,1.470356
ASV122,ASV25,Undirected,60865,,1.557663
ASV122,ASV2511,Undirected,60866,,-1.420938
ASV122,ASV260,Undirected,60867,,-1.54736
ASV122,ASV263,Undirected,60868,,1.488316
ASV122,ASV267,Undirected,60869,,1.444677
ASV122,ASV271,Undirected,60870,,-1.538306
ASV122,ASV273,Undirected,60871,,1.738969
ASV122,ASV276,Undirected,60872,,1.500787
ASV122,ASV277,Undirected,60873,,-1.624612
ASV122,ASV307,Undirected,60874,,1.415632
ASV122,ASV31,Undirected,60875,,1.79398
ASV122,ASV310,Undirected,60876,,-1.437507
ASV122,ASV32,Undirected,60877,,1.470433
ASV122,ASV335,Undirected,60878,,-1.646998
ASV122,ASV344,Undirected,60879,,1.566549
ASV122,ASV35,Undirected,60880,,-1.55535
ASV122,ASV36,Undirected,60881,,1.747425
ASV122,ASV363,Undirected,60882,,1.746249
ASV122,ASV37,Undirected,60883,,1.774574
ASV122,ASV3732,Undirected,60884,,-1.557766
ASV122,ASV3752,Undirected,60885,,-1.586188
ASV122,ASV38,Undirected,60886,,1.435127
ASV122,ASV4,Undirected,60887,,1.640738
ASV122,ASV404,Undirected,60888,,1.449321
ASV122,ASV436,Undirected,60889,,-1.525007
ASV122,ASV445,Undirected,60890,,1.438393
ASV122,ASV451,Undirected,60891,,1.614998
ASV122,ASV452,Undirected,60892,,1.485827
ASV122,ASV459,Undirected,60893,,-1.431121
ASV122,ASV48,Undirected,60894,,1.511713
ASV122,ASV5,Undirected,60895,,1.727967
ASV122,ASV507,Undirected,60896,,1.520921
ASV122,ASV51,Undirected,60897,,-1.508609
ASV122,ASV514,Undirected,60898,,1.63419
ASV122,ASV529,Undirected,60899,,-1.681554
ASV122,ASV56,Undirected,60900,,1.860732
ASV122,ASV57,Undirected,60901,,1.594616
ASV122,ASV571,Undirected,60902,,1.638186
ASV122,ASV59,Undirected,60903,,1.588816
ASV122,ASV6,Undirected,60904,,-1.520279
ASV122,ASV61,Undirected,60905,,1.77329
ASV122,ASV637,Undirected,60906,,1.642151
ASV122,ASV655,Undirected,60907,,-1.449609
ASV122,ASV660,Undirected,60908,,-1.414935
ASV122,ASV681,Undirected,60909,,1.594586
ASV122,ASV71,Undirected,60910,,1.449665
ASV122,ASV732,Undirected,60911,,1.634083
ASV122,ASV74,Undirected,60912,,1.647631
ASV122,ASV741,Undirected,60913,,-1.448358
ASV122,ASV781,Undirected,60914,,-1.465256
ASV122,ASV79,Undirected,60915,,1.644324
ASV122,ASV80,Undirected,60916,,1.744444
ASV122,ASV810,Undirected,60917,,1.665104
ASV122,ASV82,Undirected,60918,,1.716392
ASV122,ASV828,Undirected,60919,,-1.702976
ASV122,ASV85,Undirected,60920,,-1.536403
ASV122,ASV856,Undirected,60921,,-1.488012
ASV122,ASV87,Undirected,60922,,1.678122
ASV122,ASV881,Undirected,60923,,-1.474399
ASV122,ASV9,Undirected,60924,,1.790274
ASV122,ASV92,Undirected,60925,,-1.517692
ASV122,ASV95,Undirected,60926,,-1.490665
ASV122,ASV952,Undirected,60927,,-1.515982
ASV122,ASV96,Undirected,60928,,1.758471
ASV1221,ASV108,Undirected,60929,,-0.62328
ASV1221,ASV1093,Undirected,60930,,0.664059
ASV1221,ASV110,Undirected,60931,,-0.642969
ASV1221,ASV1221,Undirected,60932,,1
ASV1221,ASV125,Undirected,60933,,1.62956
ASV1221,ASV1254,Undirected,60934,,1.486961
ASV1221,ASV1273,Undirected,60935,,1.459864
ASV1221,ASV140,Undirected,60936,,1.612976
ASV1221,ASV205,Undirected,60937,,1.427654
ASV1221,ASV223,Undirected,60938,,1.477314
ASV1221,ASV271,Undirected,60939,,1.4404
ASV1221,ASV488,Undirected,60940,,1.520386
ASV1221,ASV707,Undirected,60941,,1.524589
ASV1221,ASV750,Undirected,60942,,1.460453
ASV1221,ASV783,Undirected,60943,,1.439031
ASV1221,ASV938,Undirected,60944,,-1.497632
ASV1228,ASV1093,Undirected,60945,,0.612466
ASV1228,ASV1141,Undirected,60946,,-0.61781
ASV1228,ASV1228,Undirected,60947,,1
ASV1228,ASV149,Undirected,60948,,1.48561
ASV1228,ASV388,Undirected,60949,,1.538336
ASV1228,ASV401,Undirected,60950,,1.474769
ASV1228,ASV775,Undirected,60951,,1.420735
ASV1228,ASV970,Undirected,60952,,1.492498
ASV1229,ASV1229,Undirected,60954,,1
ASV1229,ASV2223,Undirected,60955,,-1.475842
ASV1229,ASV234,Undirected,60956,,1.638968
ASV1229,ASV239,Undirected,60957,,-1.446655
ASV1229,ASV262,Undirected,60958,,1.439014
ASV1229,ASV2809,Undirected,60959,,-1.454157
ASV1229,ASV429,Undirected,60960,,1.447405
ASV1229,ASV592,Undirected,60961,,-1.439602
ASV1229,ASV78,Undirected,60962,,1.443812
ASV1229,ASV816,Undirected,60963,,-1.416456
ASV123,ASV1007,Undirected,60964,,0.666319
ASV123,ASV1013,Undirected,60965,,0.695072
ASV123,ASV1069,Undirected,60967,,-0.607742
ASV123,ASV114,Undirected,60970,,0.638935
ASV123,ASV1161,Undirected,60971,,-0.62134
ASV123,ASV117,Undirected,60972,,0.651729
ASV123,ASV123,Undirected,60975,,1
ASV123,ASV13,Undirected,60976,,1.418352
ASV123,ASV170,Undirected,60977,,1.63923
ASV123,ASV182,Undirected,60978,,1.589567
ASV123,ASV216,Undirected,60979,,1.623257
ASV123,ASV231,Undirected,60980,,-1.493276
ASV123,ASV244,Undirected,60981,,1.49768
ASV123,ASV2511,Undirected,60982,,-1.466329
ASV123,ASV267,Undirected,60983,,1.442765
ASV123,ASV273,Undirected,60984,,1.569822
ASV123,ASV276,Undirected,60985,,1.431119
ASV123,ASV51,Undirected,60986,,-1.649956
ASV123,ASV529,Undirected,60987,,-1.550512
ASV123,ASV61,Undirected,60988,,1.481279
ASV123,ASV637,Undirected,60989,,1.505754
ASV123,ASV741,Undirected,60990,,-1.511558
ASV123,ASV857,Undirected,60991,,1.48086
ASV1232,ASV1051,Undirected,60993,,-0.619462
ASV1232,ASV115,Undirected,60994,,0.649545
ASV1232,ASV1232,Undirected,60995,,1
ASV1232,ASV174,Undirected,60996,,1.473102
ASV1243,ASV1024,Undirected,60997,,0.611717
ASV1243,ASV1093,Undirected,60999,,0.666146
ASV1243,ASV113,Undirected,61000,,-0.658022
ASV1243,ASV1141,Undirected,61001,,-0.652725
ASV1243,ASV115,Undirected,61002,,-0.663555
ASV1243,ASV1161,Undirected,61003,,0.669969
ASV1243,ASV117,Undirected,61004,,-0.676197
ASV1243,ASV123,Undirected,61007,,-0.670327
ASV1243,ASV1243,Undirected,61008,,1
ASV1243,ASV13,Undirected,61009,,-1.489639
ASV1243,ASV1358,Undirected,61010,,1.474908
ASV1243,ASV158,Undirected,61011,,1.484453
ASV1243,ASV178,Undirected,61012,,1.41754
ASV1243,ASV179,Undirected,61013,,1.471385
ASV1243,ASV18,Undirected,61014,,1.524122
ASV1243,ASV182,Undirected,61015,,-1.430505
ASV1243,ASV191,Undirected,61016,,-1.42007
ASV1243,ASV226,Undirected,61017,,-1.571281
ASV1243,ASV231,Undirected,61018,,1.526984
ASV1243,ASV2511,Undirected,61019,,1.49217
ASV1243,ASV267,Undirected,61020,,-1.558103
ASV1243,ASV273,Undirected,61021,,-1.55764
ASV1243,ASV31,Undirected,61022,,-1.560525
ASV1243,ASV3327,Undirected,61023,,-1.470134
ASV1243,ASV335,Undirected,61024,,1.466111
ASV1243,ASV34,Undirected,61025,,-1.46993
ASV1243,ASV363,Undirected,61026,,-1.46522
ASV1243,ASV374,Undirected,61027,,-1.42204
ASV1243,ASV447,Undirected,61028,,1.426052
ASV1243,ASV483,Undirected,61029,,-1.506259
ASV1243,ASV5,Undirected,61030,,-1.424588
ASV1243,ASV501,Undirected,61031,,1.516382
ASV1243,ASV514,Undirected,61032,,-1.447451
ASV1243,ASV553,Undirected,61033,,-1.474232
ASV1243,ASV59,Undirected,61034,,-1.52827
ASV1243,ASV61,Undirected,61035,,-1.493258
ASV1243,ASV637,Undirected,61036,,-1.635417
ASV1243,ASV681,Undirected,61037,,-1.49948
ASV1243,ASV74,Undirected,61038,,-1.42606
ASV1243,ASV810,Undirected,61039,,-1.45
ASV1243,ASV82,Undirected,61040,,-1.545656
ASV1243,ASV9,Undirected,61041,,-1.538638
ASV1247,ASV1120,Undirected,61042,,0.67149
ASV1247,ASV1247,Undirected,61043,,1
ASV1247,ASV769,Undirected,61044,,1.558112
ASV125,ASV100,Undirected,61045,,-0.633062
ASV125,ASV1038,Undirected,61046,,0.680223
ASV125,ASV110,Undirected,61049,,-0.602379
ASV125,ASV1120,Undirected,61051,,0.603484
ASV125,ASV1136,Undirected,61053,,-0.671429
ASV125,ASV1162,Undirected,61054,,0.673469
ASV125,ASV117,Undirected,61055,,-0.672539
ASV125,ASV1193,Undirected,61057,,0.618241
ASV125,ASV121,Undirected,61058,,-0.654226
ASV125,ASV122,Undirected,61059,,-0.653673
ASV125,ASV125,Undirected,61061,,1
ASV125,ASV139,Undirected,61062,,1.561304
ASV125,ASV140,Undirected,61063,,1.598552
ASV125,ASV142,Undirected,61064,,1.485774
ASV125,ASV1468,Undirected,61065,,1.453575
ASV125,ASV149,Undirected,61066,,1.520952
ASV125,ASV159,Undirected,61067,,1.547954
ASV125,ASV164,Undirected,61068,,1.61821
ASV125,ASV165,Undirected,61069,,-1.42581
ASV125,ASV171,Undirected,61070,,-1.483939
ASV125,ASV2017,Undirected,61071,,1.617435
ASV125,ASV205,Undirected,61072,,1.534956
ASV125,ASV219,Undirected,61073,,1.585279
ASV125,ASV223,Undirected,61074,,1.429607
ASV125,ASV225,Undirected,61075,,1.691511
ASV125,ASV229,Undirected,61076,,-1.604555
ASV125,ASV233,Undirected,61077,,1.631368
ASV125,ASV237,Undirected,61078,,-1.524655
ASV125,ASV24,Undirected,61079,,-1.472323
ASV125,ASV242,Undirected,61080,,1.536232
ASV125,ASV25,Undirected,61081,,-1.506979
ASV125,ASV260,Undirected,61082,,1.718281
ASV125,ASV261,Undirected,61083,,1.592132
ASV125,ASV264,Undirected,61084,,1.438053
ASV125,ASV271,Undirected,61085,,1.72407
ASV125,ASV277,Undirected,61086,,1.445776
ASV125,ASV288,Undirected,61087,,1.471503
ASV125,ASV291,Undirected,61088,,1.535512
ASV125,ASV31,Undirected,61089,,-1.628172
ASV125,ASV310,Undirected,61090,,1.708659
ASV125,ASV32,Undirected,61091,,-1.4615
ASV125,ASV33,Undirected,61092,,-1.539099
ASV125,ASV344,Undirected,61093,,-1.470254
ASV125,ASV349,Undirected,61094,,1.58589
ASV125,ASV35,Undirected,61095,,1.549122
ASV125,ASV352,Undirected,61096,,1.534973
ASV125,ASV36,Undirected,61097,,-1.472323
ASV125,ASV360,Undirected,61098,,1.42324
ASV125,ASV369,Undirected,61099,,1.472812
ASV125,ASV3752,Undirected,61100,,1.443518
ASV125,ASV3768,Undirected,61101,,1.454214
ASV125,ASV398,Undirected,61102,,1.460383
ASV125,ASV404,Undirected,61103,,-1.414472
ASV125,ASV4134,Undirected,61104,,1.506859
ASV125,ASV428,Undirected,61105,,1.424349
ASV125,ASV435,Undirected,61106,,1.503149
ASV125,ASV445,Undirected,61107,,-1.566253
ASV125,ASV463,Undirected,61108,,-1.422799
ASV125,ASV5,Undirected,61109,,-1.420157
ASV125,ASV501,Undirected,61110,,1.607052
ASV125,ASV514,Undirected,61111,,-1.453323
ASV125,ASV528,Undirected,61112,,1.607283
ASV125,ASV531,Undirected,61113,,1.467358
ASV125,ASV551,Undirected,61114,,-1.434524
ASV125,ASV5744,Undirected,61115,,-1.49793
ASV125,ASV579,Undirected,61116,,1.46816
ASV125,ASV59,Undirected,61117,,-1.459433
ASV125,ASV6,Undirected,61118,,1.649614
ASV125,ASV61,Undirected,61119,,-1.465839
ASV125,ASV68,Undirected,61120,,-1.430501
ASV125,ASV708,Undirected,61121,,1.470862
ASV125,ASV71,Undirected,61122,,-1.434627
ASV125,ASV733,Undirected,61123,,-1.437642
ASV125,ASV74,Undirected,61124,,-1.503363
ASV125,ASV775,Undirected,61125,,1.475378
ASV125,ASV80,Undirected,61126,,-1.675285
ASV125,ASV810,Undirected,61127,,-1.439259
ASV125,ASV82,Undirected,61128,,-1.557395
ASV125,ASV828,Undirected,61129,,1.436725
ASV125,ASV85,Undirected,61130,,1.45163
ASV125,ASV856,Undirected,61131,,1.542299
ASV125,ASV87,Undirected,61132,,-1.589666
ASV125,ASV9,Undirected,61133,,-1.558658
ASV125,ASV92,Undirected,61134,,1.481635
ASV125,ASV922,Undirected,61135,,1.504171
ASV125,ASV927,Undirected,61136,,-1.503662
ASV125,ASV938,Undirected,61137,,-1.621806
ASV125,ASV95,Undirected,61138,,1.789964
ASV125,ASV96,Undirected,61139,,-1.535752
ASV125,ASV970,Undirected,61140,,1.482321
ASV125,ASV983,Undirected,61141,,1.538711
ASV125,ASV995,Undirected,61142,,1.606481
ASV1251,ASV1026,Undirected,61144,,0.620025
ASV1251,ASV117,Undirected,61146,,-0.65006
ASV1251,ASV1251,Undirected,61147,,1
ASV1251,ASV1838,Undirected,61148,,1.543049
ASV1251,ASV187,Undirected,61149,,-1.523402
ASV1251,ASV2213,Undirected,61150,,1.441886
ASV1251,ASV260,Undirected,61151,,1.448046
ASV1251,ASV261,Undirected,61152,,1.440976
ASV1251,ASV36,Undirected,61153,,-1.445495
ASV1251,ASV445,Undirected,61154,,-1.472576
ASV1251,ASV514,Undirected,61155,,-1.415469
ASV1251,ASV65,Undirected,61156,,1.514979
ASV1251,ASV689,Undirected,61157,,-1.443651
ASV1251,ASV732,Undirected,61158,,-1.592495
ASV1251,ASV856,Undirected,61159,,1.495412
ASV1251,ASV92,Undirected,61160,,1.539194
ASV1254,ASV1254,Undirected,61162,,1
ASV126,ASV126,Undirected,61163,,1
ASV126,ASV1774,Undirected,61164,,1.572699
ASV1269,ASV1,Undirected,61165,,0.699248
ASV1269,ASV102,Undirected,61167,,-0.616974
ASV1269,ASV1030,Undirected,61168,,0.617294
ASV1269,ASV111,Undirected,61170,,-0.619164
ASV1269,ASV1165,Undirected,61172,,-0.624095
ASV1269,ASV117,Undirected,61173,,-0.664797
ASV1269,ASV1269,Undirected,61174,,1
ASV1269,ASV199,Undirected,61175,,-1.532722
ASV1269,ASV232,Undirected,61176,,-1.471965
ASV1269,ASV266,Undirected,61177,,1.435446
ASV1269,ASV436,Undirected,61178,,1.456478
ASV1269,ASV452,Undirected,61179,,-1.54149
ASV1269,ASV5848,Undirected,61180,,1.42419
ASV1269,ASV634,Undirected,61181,,1.48123
ASV1269,ASV660,Undirected,61182,,1.551446
ASV127,ASV113,Undirected,61183,,0.601058
ASV127,ASV127,Undirected,61184,,1
ASV1272,ASV1272,Undirected,61185,,1
ASV1273,ASV1051,Undirected,61187,,0.683051
ASV1273,ASV1059,Undirected,61188,,-0.633647
ASV1273,ASV1071,Undirected,61189,,0.604023
ASV1273,ASV1093,Undirected,61190,,0.618766
ASV1273,ASV110,Undirected,61191,,-0.606862
ASV1273,ASV113,Undirected,61192,,-0.602985
ASV1273,ASV1141,Undirected,61193,,-0.699587
ASV1273,ASV1228,Undirected,61195,,0.667246
ASV1273,ASV1243,Undirected,61196,,0.626211
ASV1273,ASV125,Undirected,61197,,0.667768
ASV1273,ASV1273,Undirected,61198,,1
ASV1273,ASV149,Undirected,61199,,1.48677
ASV1273,ASV2017,Undirected,61200,,1.455802
ASV1273,ASV242,Undirected,61201,,1.604949
ASV1273,ASV416,Undirected,61202,,1.477538
ASV1273,ASV488,Undirected,61203,,1.528512
ASV1273,ASV501,Undirected,61204,,1.482505
ASV1273,ASV5638,Undirected,61205,,1.624552
ASV1273,ASV970,Undirected,61206,,1.581255
ASV1275,ASV1002,Undirected,61207,,-0.612193
ASV1275,ASV1013,Undirected,61208,,0.613747
ASV1275,ASV1141,Undirected,61209,,0.671203
ASV1275,ASV122,Undirected,61210,,0.639255
ASV1275,ASV1243,Undirected,61211,,-0.700625
ASV1275,ASV1275,Undirected,61212,,1
ASV1275,ASV37,Undirected,61213,,1.416152
ASV1275,ASV4,Undirected,61214,,1.458877
ASV1275,ASV48,Undirected,61215,,1.562115
ASV1277,ASV1202,Undirected,61216,,0.641213
ASV1277,ASV1210,Undirected,61217,,-0.641723
ASV1277,ASV1221,Undirected,61218,,0.604037
ASV1277,ASV1277,Undirected,61219,,1
ASV1277,ASV2066,Undirected,61220,,1.627787
ASV1277,ASV488,Undirected,61221,,1.582956
ASV1277,ASV707,Undirected,61222,,1.435661
ASV128,ASV128,Undirected,61223,,1
ASV1286,ASV1013,Undirected,61224,,-0.605686
ASV1286,ASV1026,Undirected,61225,,0.641232
ASV1286,ASV107,Undirected,61226,,-0.636986
ASV1286,ASV113,Undirected,61227,,-0.680357
ASV1286,ASV122,Undirected,61228,,-0.644912
ASV1286,ASV123,Undirected,61229,,-0.634843
ASV1286,ASV1275,Undirected,61230,,-0.67669
ASV1286,ASV1286,Undirected,61231,,1
ASV1286,ASV135,Undirected,61232,,-1.52111
ASV1286,ASV164,Undirected,61233,,1.454013
ASV1286,ASV167,Undirected,61234,,-1.575398
ASV1286,ASV180,Undirected,61235,,-1.46399
ASV1286,ASV2026,Undirected,61236,,-1.468587
ASV1286,ASV231,Undirected,61237,,1.522415
ASV1286,ASV244,Undirected,61238,,-1.613979
ASV1286,ASV2511,Undirected,61239,,1.424488
ASV1286,ASV273,Undirected,61240,,-1.514551
ASV1286,ASV430,Undirected,61241,,1.506651
ASV1286,ASV566,Undirected,61242,,1.422793
ASV1286,ASV708,Undirected,61243,,1.52088
ASV1292,ASV1026,Undirected,61244,,0.672141
ASV1292,ASV104,Undirected,61245,,-0.633768
ASV1292,ASV1162,Undirected,61247,,0.618074
ASV1292,ASV1193,Undirected,61248,,0.700963
ASV1292,ASV1292,Undirected,61249,,1
ASV1292,ASV1468,Undirected,61250,,1.501907
ASV1292,ASV16,Undirected,61251,,-1.419399
ASV1292,ASV1763,Undirected,61252,,1.456427
ASV1292,ASV235,Undirected,61253,,1.482579
ASV1292,ASV277,Undirected,61254,,1.41573
ASV1292,ASV369,Undirected,61255,,1.574315
ASV1292,ASV3752,Undirected,61256,,1.417916
ASV1292,ASV435,Undirected,61257,,1.447528
ASV1292,ASV45,Undirected,61258,,-1.499847
ASV1292,ASV451,Undirected,61259,,-1.48831
ASV1292,ASV625,Undirected,61260,,-1.523563
ASV1292,ASV68,Undirected,61261,,-1.562061
ASV1292,ASV828,Undirected,61262,,1.49378
ASV1292,ASV85,Undirected,61263,,1.444859
ASV1292,ASV87,Undirected,61264,,-1.515588
ASV1293,ASV1293,Undirected,61265,,1
ASV1295,ASV1026,Undirected,61266,,0.662637
ASV1295,ASV107,Undirected,61267,,-0.614914
ASV1295,ASV108,Undirected,61268,,-0.692919
ASV1295,ASV113,Undirected,61269,,-0.656444
ASV1295,ASV114,Undirected,61270,,-0.646739
ASV1295,ASV1193,Undirected,61273,,0.606918
ASV1295,ASV122,Undirected,61274,,-0.698588
ASV1295,ASV1251,Undirected,61275,,0.603641
ASV1295,ASV1286,Undirected,61276,,0.676005
ASV1295,ASV1292,Undirected,61277,,0.609189
ASV1295,ASV1295,Undirected,61278,,1
ASV1295,ASV135,Undirected,61279,,-1.562876
ASV1295,ASV1358,Undirected,61280,,1.602309
ASV1295,ASV1468,Undirected,61281,,1.469062
ASV1295,ASV1492,Undirected,61282,,1.421291
ASV1295,ASV158,Undirected,61283,,1.562997
ASV1295,ASV164,Undirected,61284,,1.501336
ASV1295,ASV1647,Undirected,61285,,1.432644
ASV1295,ASV170,Undirected,61286,,-1.449446
ASV1295,ASV22,Undirected,61287,,-1.469566
ASV1295,ASV231,Undirected,61288,,1.561956
ASV1295,ASV260,Undirected,61289,,1.522693
ASV1295,ASV264,Undirected,61290,,1.436635
ASV1295,ASV271,Undirected,61291,,1.570995
ASV1295,ASV288,Undirected,61292,,1.423377
ASV1295,ASV310,Undirected,61293,,1.438722
ASV1295,ASV35,Undirected,61294,,1.573403
ASV1295,ASV36,Undirected,61295,,-1.438867
ASV1295,ASV398,Undirected,61296,,1.534158
ASV1295,ASV507,Undirected,61297,,-1.417598
ASV1295,ASV528,Undirected,61298,,1.457402
ASV1295,ASV571,Undirected,61299,,-1.445381
ASV1295,ASV611,Undirected,61300,,1.435928
ASV1295,ASV655,Undirected,61301,,1.459208
ASV1295,ASV707,Undirected,61302,,1.482221
ASV1295,ASV708,Undirected,61303,,1.559748
ASV1295,ASV732,Undirected,61304,,-1.549739
ASV1295,ASV83,Undirected,61305,,1.597121
ASV1295,ASV850,Undirected,61306,,-1.432349
ASV1295,ASV92,Undirected,61307,,1.449278
ASV1298,ASV1059,Undirected,61309,,-0.69407
ASV1298,ASV1071,Undirected,61311,,0.645333
ASV1298,ASV108,Undirected,61312,,-0.684858
ASV1298,ASV110,Undirected,61313,,-0.602273
ASV1298,ASV111,Undirected,61314,,-0.703285
ASV1298,ASV113,Undirected,61315,,-0.685419
ASV1298,ASV1165,Undirected,61319,,-0.603629
ASV1298,ASV122,Undirected,61321,,-0.672664
ASV1298,ASV1273,Undirected,61322,,0.627533
ASV1298,ASV1286,Undirected,61323,,0.609754
ASV1298,ASV1295,Undirected,61324,,0.656823
ASV1298,ASV1298,Undirected,61325,,1
ASV1298,ASV140,Undirected,61326,,1.527846
ASV1298,ASV158,Undirected,61327,,1.511905
ASV1298,ASV1838,Undirected,61328,,1.590477
ASV1298,ASV2026,Undirected,61329,,-1.433311
ASV1298,ASV24,Undirected,61330,,-1.465043
ASV1298,ASV260,Undirected,61331,,1.556526
ASV1298,ASV261,Undirected,61332,,1.535136
ASV1298,ASV271,Undirected,61333,,1.509013
ASV1298,ASV31,Undirected,61334,,-1.53268
ASV1298,ASV327,Undirected,61335,,-1.642624
ASV1298,ASV328,Undirected,61336,,1.414914
ASV1298,ASV36,Undirected,61337,,-1.419565
ASV1298,ASV363,Undirected,61338,,-1.486385
ASV1298,ASV38,Undirected,61339,,-1.501389
ASV1298,ASV443,Undirected,61340,,1.468669
ASV1298,ASV459,Undirected,61341,,1.570392
ASV1298,ASV483,Undirected,61342,,-1.615593
ASV1298,ASV488,Undirected,61343,,1.682122
ASV1298,ASV5,Undirected,61344,,-1.525186
ASV1298,ASV514,Undirected,61345,,-1.429763
ASV1298,ASV531,Undirected,61346,,1.546489
ASV1298,ASV56,Undirected,61347,,-1.447718
ASV1298,ASV571,Undirected,61348,,-1.522884
ASV1298,ASV59,Undirected,61349,,-1.548984
ASV1298,ASV623,Undirected,61350,,1.54536
ASV1298,ASV655,Undirected,61351,,1.44036
ASV1298,ASV681,Undirected,61352,,-1.691397
ASV1298,ASV707,Undirected,61353,,1.489314
ASV1298,ASV732,Undirected,61354,,-1.540967
ASV1298,ASV733,Undirected,61355,,-1.664464
ASV1298,ASV79,Undirected,61356,,-1.485301
ASV1298,ASV810,Undirected,61357,,-1.507324
ASV1298,ASV82,Undirected,61358,,-1.454545
ASV1298,ASV828,Undirected,61359,,1.462331
ASV1298,ASV83,Undirected,61360,,1.605808
ASV1298,ASV856,Undirected,61361,,1.494591
ASV1298,ASV9,Undirected,61362,,-1.414854
ASV1298,ASV922,Undirected,61363,,1.494754
ASV1298,ASV96,Undirected,61364,,-1.571432
ASV13,ASV1007,Undirected,61366,,0.682252
ASV13,ASV1017,Undirected,61367,,0.672103
ASV13,ASV108,Undirected,61373,,0.685302
ASV13,ASV110,Undirected,61374,,0.637397
ASV13,ASV114,Undirected,61377,,0.686467
ASV13,ASV1141,Undirected,61378,,0.688045
ASV13,ASV116,Undirected,61379,,-0.664943
ASV13,ASV125,Undirected,61386,,-0.685626
ASV13,ASV1269,Undirected,61387,,-0.628809
ASV13,ASV1273,Undirected,61388,,-0.600056
ASV13,ASV1298,Undirected,61389,,-0.673701
ASV13,ASV13,Undirected,61390,,1
ASV13,ASV14,Undirected,61391,,-1.528136
ASV13,ASV142,Undirected,61392,,-1.436693
ASV13,ASV149,Undirected,61393,,-1.435659
ASV13,ASV150,Undirected,61394,,1.510331
ASV13,ASV153,Undirected,61395,,1.580579
ASV13,ASV158,Undirected,61396,,-1.48657
ASV13,ASV159,Undirected,61397,,-1.48421
ASV13,ASV1615,Undirected,61398,,-1.65393
ASV13,ASV164,Undirected,61399,,-1.492507
ASV13,ASV170,Undirected,61400,,1.424434
ASV13,ASV171,Undirected,61401,,1.490686
ASV13,ASV1730,Undirected,61402,,-1.649928
ASV13,ASV175,Undirected,61403,,1.66219
ASV13,ASV1781,Undirected,61404,,-1.435118
ASV13,ASV18,Undirected,61405,,-1.610739
ASV13,ASV184,Undirected,61406,,1.611805
ASV13,ASV191,Undirected,61407,,1.475585
ASV13,ASV194,Undirected,61408,,1.778585
ASV13,ASV197,Undirected,61409,,1.689923
ASV13,ASV2026,Undirected,61410,,1.456361
ASV13,ASV216,Undirected,61411,,1.594712
ASV13,ASV220,Undirected,61412,,1.699337
ASV13,ASV225,Undirected,61413,,-1.574975
ASV13,ASV226,Undirected,61414,,1.591717
ASV13,ASV229,Undirected,61415,,1.652534
ASV13,ASV231,Undirected,61416,,-1.554752
ASV13,ASV233,Undirected,61417,,-1.537358
ASV13,ASV237,Undirected,61418,,1.596693
ASV13,ASV2383,Undirected,61419,,-1.572496
ASV13,ASV24,Undirected,61420,,1.934884
ASV13,ASV242,Undirected,61421,,-1.412617
ASV13,ASV244,Undirected,61422,,1.638905
ASV13,ASV25,Undirected,61423,,1.763552
ASV13,ASV2511,Undirected,61424,,-1.503757
ASV13,ASV260,Undirected,61425,,-1.459909
ASV13,ASV261,Undirected,61426,,-1.423993
ASV13,ASV263,Undirected,61427,,1.760084
ASV13,ASV267,Undirected,61428,,1.623266
ASV13,ASV271,Undirected,61429,,-1.427986
ASV13,ASV273,Undirected,61430,,1.772493
ASV13,ASV276,Undirected,61431,,1.610371
ASV13,ASV28,Undirected,61432,,-1.416322
ASV13,ASV288,Undirected,61433,,-1.490686
ASV13,ASV31,Undirected,61434,,1.773411
ASV13,ASV32,Undirected,61435,,1.850284
ASV13,ASV3327,Undirected,61436,,1.435832
ASV13,ASV34,Undirected,61437,,1.575413
ASV13,ASV36,Undirected,61438,,1.563825
ASV13,ASV360,Undirected,61439,,-1.513295
ASV13,ASV363,Undirected,61440,,1.653569
ASV13,ASV37,Undirected,61441,,1.559917
ASV13,ASV374,Undirected,61442,,1.648037
ASV13,ASV38,Undirected,61443,,1.594218
ASV13,ASV4,Undirected,61444,,1.588023
ASV13,ASV404,Undirected,61445,,1.706002
ASV13,ASV436,Undirected,61446,,-1.497675
ASV13,ASV440,Undirected,61447,,-1.525153
ASV13,ASV445,Undirected,61448,,1.467426
ASV13,ASV451,Undirected,61449,,1.510607
ASV13,ASV452,Undirected,61450,,1.455358
ASV13,ASV463,Undirected,61451,,1.605594
ASV13,ASV48,Undirected,61452,,1.469008
ASV13,ASV5,Undirected,61453,,1.720186
ASV13,ASV501,Undirected,61454,,-1.640606
ASV13,ASV514,Undirected,61455,,1.572028
ASV13,ASV529,Undirected,61456,,-1.444619
ASV13,ASV56,Undirected,61457,,1.676486
ASV13,ASV564,Undirected,61458,,1.561441
ASV13,ASV5687,Undirected,61459,,1.485739
ASV13,ASV57,Undirected,61460,,1.616538
ASV13,ASV5744,Undirected,61461,,1.576009
ASV13,ASV59,Undirected,61462,,1.924626
ASV13,ASV6,Undirected,61463,,-1.666495
ASV13,ASV61,Undirected,61464,,1.817995
ASV13,ASV637,Undirected,61465,,1.630719
ASV13,ASV641,Undirected,61466,,1.413409
ASV13,ASV655,Undirected,61467,,-1.426811
ASV13,ASV681,Undirected,61468,,1.711925
ASV13,ASV71,Undirected,61469,,1.844089
ASV13,ASV73,Undirected,61470,,1.422066
ASV13,ASV733,Undirected,61471,,1.509885
ASV13,ASV74,Undirected,61472,,1.792248
ASV13,ASV79,Undirected,61473,,1.595657
ASV13,ASV80,Undirected,61474,,1.581612
ASV13,ASV810,Undirected,61475,,1.744828
ASV13,ASV82,Undirected,61476,,1.865703
ASV13,ASV828,Undirected,61477,,-1.458038
ASV13,ASV850,Undirected,61478,,1.515008
ASV13,ASV856,Undirected,61479,,-1.546926
ASV13,ASV87,Undirected,61480,,1.610739
ASV13,ASV881,Undirected,61481,,-1.417166
ASV13,ASV9,Undirected,61482,,1.732576
ASV13,ASV90,Undirected,61483,,1.897675
ASV13,ASV95,Undirected,61484,,-1.465633
ASV13,ASV955,Undirected,61485,,-1.514111
ASV13,ASV96,Undirected,61486,,1.570397
ASV131,ASV1136,Undirected,61487,,-0.674766
ASV131,ASV131,Undirected,61488,,1
ASV133,ASV1032,Undirected,61489,,0.700218
ASV133,ASV1092,Undirected,61490,,-0.634577
ASV133,ASV1132,Undirected,61491,,-0.603983
ASV133,ASV1221,Undirected,61492,,0.604675
ASV133,ASV1229,Undirected,61493,,0.631534
ASV133,ASV1277,Undirected,61494,,0.644683
ASV133,ASV133,Undirected,61495,,1
ASV133,ASV1437,Undirected,61496,,1.511475
ASV133,ASV1852,Undirected,61497,,1.488275
ASV133,ASV240,Undirected,61498,,1.718138
ASV133,ASV4396,Undirected,61499,,-1.464273
ASV133,ASV478,Undirected,61500,,-1.435099
ASV133,ASV84,Undirected,61501,,1.585885
ASV133,ASV88,Undirected,61502,,1.457564
ASV1338,ASV1073,Undirected,61503,,0.679599
ASV1338,ASV1243,Undirected,61505,,0.669615
ASV1338,ASV13,Undirected,61506,,-0.622801
ASV1338,ASV1338,Undirected,61507,,1
ASV1338,ASV374,Undirected,61508,,-1.457945
ASV1338,ASV592,Undirected,61509,,1.421426
ASV1338,ASV955,Undirected,61510,,1.475641
ASV134,ASV1015,Undirected,61512,,-0.641901
ASV134,ASV1213,Undirected,61513,,-0.61968
ASV134,ASV134,Undirected,61514,,1
ASV134,ASV69,Undirected,61515,,1.609529
ASV1346,ASV1032,Undirected,61516,,0.68941
ASV1346,ASV1346,Undirected,61517,,1
ASV1346,ASV181,Undirected,61518,,-1.444518
ASV135,ASV1017,Undirected,61519,,0.639813
ASV135,ASV107,Undirected,61520,,0.622926
ASV135,ASV1071,Undirected,61521,,-0.645235
ASV135,ASV1093,Undirected,61522,,-0.662503
ASV135,ASV113,Undirected,61523,,0.660623
ASV135,ASV114,Undirected,61524,,0.622477
ASV135,ASV117,Undirected,61526,,0.670991
ASV135,ASV121,Undirected,61527,,0.624611
ASV135,ASV122,Undirected,61528,,0.678128
ASV135,ASV1243,Undirected,61529,,-0.662507
ASV135,ASV1298,Undirected,61532,,-0.630418
ASV135,ASV135,Undirected,61533,,1
ASV135,ASV16,Undirected,61534,,1.540697
ASV135,ASV164,Undirected,61535,,-1.489122
ASV135,ASV179,Undirected,61536,,-1.461818
ASV135,ASV2026,Undirected,61537,,1.480139
ASV135,ASV22,Undirected,61538,,1.416013
ASV135,ASV220,Undirected,61539,,1.50208
ASV135,ASV244,Undirected,61540,,1.548756
ASV135,ASV273,Undirected,61541,,1.505445
ASV135,ASV328,Undirected,61542,,-1.454829
ASV135,ASV3327,Undirected,61543,,1.543278
ASV135,ASV35,Undirected,61544,,-1.516318
ASV135,ASV398,Undirected,61545,,-1.524897
ASV135,ASV507,Undirected,61546,,1.724505
ASV135,ASV528,Undirected,61547,,-1.448494
ASV135,ASV5488,Undirected,61548,,-1.692468
ASV135,ASV550,Undirected,61549,,1.437277
ASV135,ASV557,Undirected,61550,,1.616675
ASV135,ASV570,Undirected,61551,,-1.720479
ASV135,ASV579,Undirected,61552,,-1.480934
ASV135,ASV61,Undirected,61553,,1.473304
ASV135,ASV637,Undirected,61554,,1.420699
ASV135,ASV708,Undirected,61555,,-1.592088
ASV1350,ASV1350,Undirected,61556,,1
ASV1350,ASV1450,Undirected,61557,,1.527651
ASV1350,ASV544,Undirected,61558,,1.554049
ASV1350,ASV676,Undirected,61559,,1.547524
ASV1353,ASV1020,Undirected,61560,,-0.619658
ASV1353,ASV1161,Undirected,61561,,0.62437
ASV1353,ASV1353,Undirected,61562,,1
ASV1353,ASV182,Undirected,61563,,-1.459321
ASV1358,ASV1007,Undirected,61564,,-0.61571
ASV1358,ASV1026,Undirected,61565,,0.602743
ASV1358,ASV108,Undirected,61567,,-0.663896
ASV1358,ASV111,Undirected,61568,,-0.66026
ASV1358,ASV113,Undirected,61569,,-0.67902
ASV1358,ASV114,Undirected,61570,,-0.644814
ASV1358,ASV1149,Undirected,61571,,0.603992
ASV1358,ASV1162,Undirected,61572,,0.683657
ASV1358,ASV121,Undirected,61574,,-0.69244
ASV1358,ASV123,Undirected,61576,,-0.616475
ASV1358,ASV125,Undirected,61578,,0.630361
ASV1358,ASV1251,Undirected,61579,,0.626027
ASV1358,ASV13,Undirected,61581,,-0.637001
ASV1358,ASV135,Undirected,61582,,-0.646486
ASV1358,ASV1358,Undirected,61583,,1
ASV1358,ASV1468,Undirected,61584,,1.420627
ASV1358,ASV1492,Undirected,61585,,1.553266
ASV1358,ASV158,Undirected,61586,,1.54797
ASV1358,ASV170,Undirected,61587,,-1.510468
ASV1358,ASV179,Undirected,61588,,1.484869
ASV1358,ASV216,Undirected,61589,,-1.544664
ASV1358,ASV231,Undirected,61590,,1.659433
ASV1358,ASV237,Undirected,61591,,-1.414548
ASV1358,ASV271,Undirected,61592,,1.515172
ASV1358,ASV291,Undirected,61593,,1.4277
ASV1358,ASV3072,Undirected,61594,,-1.555744
ASV1358,ASV31,Undirected,61595,,-1.571241
ASV1358,ASV335,Undirected,61596,,1.53718
ASV1358,ASV35,Undirected,61597,,1.497969
ASV1358,ASV363,Undirected,61598,,-1.545401
ASV1358,ASV440,Undirected,61599,,1.468913
ASV1358,ASV445,Undirected,61600,,-1.513075
ASV1358,ASV5,Undirected,61601,,-1.428479
ASV1358,ASV514,Undirected,61602,,-1.689678
ASV1358,ASV528,Undirected,61603,,1.463118
ASV1358,ASV6,Undirected,61604,,1.507607
ASV1358,ASV603,Undirected,61605,,1.444004
ASV1358,ASV61,Undirected,61606,,-1.512032
ASV1358,ASV637,Undirected,61607,,-1.566959
ASV1358,ASV82,Undirected,61608,,-1.462551
ASV1358,ASV83,Undirected,61609,,1.435166
ASV1358,ASV881,Undirected,61610,,1.451026
ASV1358,ASV9,Undirected,61611,,-1.470125
ASV1358,ASV955,Undirected,61612,,1.454784
ASV1358,ASV96,Undirected,61613,,-1.487503
ASV136,ASV136,Undirected,61614,,1
ASV1363,ASV1363,Undirected,61615,,1
ASV1363,ASV375,Undirected,61616,,-1.480927
ASV1363,ASV797,Undirected,61617,,-1.439566
ASV1364,ASV1364,Undirected,61618,,1
ASV138,ASV1,Undirected,61619,,-0.648305
ASV138,ASV126,Undirected,61620,,0.64126
ASV138,ASV138,Undirected,61621,,1
ASV1381,ASV1007,Undirected,61622,,0.6595
ASV1381,ASV113,Undirected,61624,,0.657993
ASV1381,ASV1210,Undirected,61625,,0.676755
ASV1381,ASV1381,Undirected,61626,,1
ASV1381,ASV150,Undirected,61627,,1.510825
ASV1381,ASV214,Undirected,61628,,-1.724243
ASV1381,ASV297,Undirected,61629,,-1.465569
ASV1381,ASV306,Undirected,61630,,1.484284
ASV1381,ASV330,Undirected,61631,,1.420596
ASV1381,ASV445,Undirected,61632,,1.47471
ASV1381,ASV459,Undirected,61633,,-1.511871
ASV1381,ASV560,Undirected,61634,,-1.468725
ASV1381,ASV5687,Undirected,61635,,1.52369
ASV1381,ASV5744,Undirected,61636,,1.517622
ASV1381,ASV672,Undirected,61637,,-1.44153
ASV1381,ASV781,Undirected,61638,,-1.423574
ASV1381,ASV8,Undirected,61639,,-1.446001
ASV1381,ASV96,Undirected,61640,,1.453189
ASV139,ASV1026,Undirected,61641,,0.652941
ASV139,ASV103,Undirected,61642,,-0.661141
ASV139,ASV108,Undirected,61643,,-0.641119
ASV139,ASV1093,Undirected,61644,,0.60084
ASV139,ASV111,Undirected,61645,,-0.600827
ASV139,ASV1120,Undirected,61646,,0.661697
ASV139,ASV1141,Undirected,61648,,-0.621176
ASV139,ASV1149,Undirected,61649,,0.616486
ASV139,ASV1162,Undirected,61650,,0.612117
ASV139,ASV117,Undirected,61651,,-0.65562
ASV139,ASV1186,Undirected,61652,,-0.691848
ASV139,ASV121,Undirected,61653,,-0.704147
ASV139,ASV1221,Undirected,61654,,0.617066
ASV139,ASV1251,Undirected,61656,,0.620099
ASV139,ASV1286,Undirected,61657,,0.602257
ASV139,ASV1295,Undirected,61658,,0.614277
ASV139,ASV135,Undirected,61659,,-0.610882
ASV139,ASV139,Undirected,61660,,1
ASV139,ASV149,Undirected,61661,,1.610134
ASV139,ASV1546,Undirected,61662,,1.46599
ASV139,ASV158,Undirected,61663,,1.41292
ASV139,ASV159,Undirected,61664,,1.827983
ASV139,ASV164,Undirected,61665,,1.722854
ASV139,ASV219,Undirected,61666,,1.550262
ASV139,ASV225,Undirected,61667,,1.487843
ASV139,ASV228,Undirected,61668,,1.477496
ASV139,ASV233,Undirected,61669,,1.44578
ASV139,ASV2511,Undirected,61670,,1.49617
ASV139,ASV260,Undirected,61671,,1.719463
ASV139,ASV261,Undirected,61672,,1.497155
ASV139,ASV271,Undirected,61673,,1.748062
ASV139,ASV295,Undirected,61674,,1.485774
ASV139,ASV310,Undirected,61675,,1.526428
ASV139,ASV33,Undirected,61676,,-1.563148
ASV139,ASV3327,Undirected,61677,,-1.506625
ASV139,ASV35,Undirected,61678,,1.657881
ASV139,ASV352,Undirected,61679,,1.528968
ASV139,ASV36,Undirected,61680,,-1.550155
ASV139,ASV416,Undirected,61681,,1.484207
ASV139,ASV428,Undirected,61682,,1.454013
ASV139,ASV430,Undirected,61683,,1.567213
ASV139,ASV456,Undirected,61684,,1.531128
ASV139,ASV458,Undirected,61685,,1.706149
ASV139,ASV463,Undirected,61686,,-1.576387
ASV139,ASV468,Undirected,61687,,1.623723
ASV139,ASV528,Undirected,61688,,1.529608
ASV139,ASV540,Undirected,61689,,1.475921
ASV139,ASV5744,Undirected,61690,,-1.442318
ASV139,ASV6,Undirected,61691,,1.621902
ASV139,ASV61,Undirected,61692,,-1.45163
ASV139,ASV699,Undirected,61693,,1.685213
ASV139,ASV707,Undirected,61694,,1.451444
ASV139,ASV708,Undirected,61695,,1.694989
ASV139,ASV732,Undirected,61696,,-1.483124
ASV139,ASV756,Undirected,61697,,1.589641
ASV139,ASV775,Undirected,61698,,1.545081
ASV139,ASV80,Undirected,61699,,-1.567959
ASV139,ASV825,Undirected,61700,,1.523757
ASV139,ASV856,Undirected,61701,,1.673245
ASV139,ASV876,Undirected,61702,,1.585076
ASV139,ASV9,Undirected,61703,,-1.448348
ASV139,ASV927,Undirected,61704,,-1.674494
ASV139,ASV95,Undirected,61705,,1.62151
ASV139,ASV96,Undirected,61706,,-1.526672
ASV139,ASV970,Undirected,61707,,1.566928
ASV1395,ASV1395,Undirected,61708,,1
ASV14,ASV10,Undirected,61709,,0.657379
ASV14,ASV102,Undirected,61711,,-0.607348
ASV14,ASV110,Undirected,61713,,-0.705214
ASV14,ASV111,Undirected,61714,,-0.658058
ASV14,ASV115,Undirected,61716,,-0.633592
ASV14,ASV117,Undirected,61718,,-0.635284
ASV14,ASV121,Undirected,61719,,-0.631473
ASV14,ASV122,Undirected,61720,,-0.642795
ASV14,ASV123,Undirected,61721,,-0.631324
ASV14,ASV1243,Undirected,61722,,0.635569
ASV14,ASV14,Undirected,61724,,1
ASV14,ASV18,Undirected,61725,,1.77709
ASV14,ASV191,Undirected,61726,,-1.580911
ASV14,ASV206,Undirected,61727,,-1.441177
ASV14,ASV220,Undirected,61728,,-1.680843
ASV14,ASV226,Undirected,61729,,-1.559824
ASV14,ASV263,Undirected,61730,,-1.544188
ASV14,ASV273,Undirected,61731,,-1.44703
ASV14,ASV28,Undirected,61732,,1.815178
ASV14,ASV29,Undirected,61733,,1.599174
ASV14,ASV30,Undirected,61734,,1.541796
ASV14,ASV38,Undirected,61735,,-1.446852
ASV14,ASV39,Undirected,61736,,1.56405
ASV14,ASV49,Undirected,61737,,1.53354
ASV14,ASV539,Undirected,61738,,1.662376
ASV14,ASV62,Undirected,61739,,-1.507109
ASV14,ASV681,Undirected,61740,,-1.441749
ASV14,ASV73,Undirected,61741,,-1.577647
ASV14,ASV771,Undirected,61742,,-1.513495
ASV14,ASV90,Undirected,61743,,-1.421488
ASV140,ASV1017,Undirected,61744,,-0.634831
ASV140,ASV108,Undirected,61745,,-0.67737
ASV140,ASV1093,Undirected,61746,,0.637223
ASV140,ASV110,Undirected,61747,,-0.618088
ASV140,ASV1162,Undirected,61749,,0.693976
ASV140,ASV117,Undirected,61750,,-0.67737
ASV140,ASV1186,Undirected,61751,,-0.616694
ASV140,ASV1273,Undirected,61754,,0.612939
ASV140,ASV139,Undirected,61756,,0.668563
ASV140,ASV140,Undirected,61757,,1
ASV140,ASV1468,Undirected,61758,,1.717645
ASV140,ASV1492,Undirected,61759,,1.462456
ASV140,ASV219,Undirected,61760,,1.535755
ASV140,ASV260,Undirected,61761,,1.638717
ASV140,ASV261,Undirected,61762,,1.63373
ASV140,ASV271,Undirected,61763,,1.525148
ASV140,ASV277,Undirected,61764,,1.485484
ASV140,ASV291,Undirected,61765,,1.532646
ASV140,ASV295,Undirected,61766,,1.518883
ASV140,ASV306,Undirected,61767,,-1.437188
ASV140,ASV31,Undirected,61768,,-1.41822
ASV140,ASV330,Undirected,61769,,-1.499483
ASV140,ASV352,Undirected,61770,,1.491447
ASV140,ASV369,Undirected,61771,,1.437889
ASV140,ASV435,Undirected,61772,,1.476744
ASV140,ASV445,Undirected,61773,,-1.517848
ASV140,ASV459,Undirected,61774,,1.490405
ASV140,ASV488,Undirected,61775,,1.591916
ASV140,ASV531,Undirected,61776,,1.703782
ASV140,ASV5744,Undirected,61777,,-1.562339
ASV140,ASV579,Undirected,61778,,1.529153
ASV140,ASV6,Undirected,61779,,1.417356
ASV140,ASV623,Undirected,61780,,1.654396
ASV140,ASV653,Undirected,61781,,1.417746
ASV140,ASV719,Undirected,61782,,-1.841944
ASV140,ASV733,Undirected,61783,,-1.656122
ASV140,ASV76,Undirected,61784,,1.424134
ASV140,ASV783,Undirected,61785,,1.614821
ASV140,ASV909,Undirected,61786,,1.444982
ASV140,ASV938,Undirected,61787,,-1.414169
ASV140,ASV95,Undirected,61788,,1.464323
ASV140,ASV96,Undirected,61789,,-1.545315
ASV140,ASV983,Undirected,61790,,1.649028
ASV140,ASV995,Undirected,61791,,1.53593
ASV1408,ASV104,Undirected,61792,,0.66634
ASV1408,ASV1408,Undirected,61793,,1
ASV1417,ASV1417,Undirected,61794,,1
ASV1417,ASV245,Undirected,61795,,1.440324
ASV1417,ASV699,Undirected,61796,,1.511979
ASV1417,ASV897,Undirected,61797,,1.416727
ASV142,ASV1007,Undirected,61798,,-0.618708
ASV142,ASV1030,Undirected,61799,,0.627463
ASV142,ASV1038,Undirected,61800,,0.639693
ASV142,ASV1120,Undirected,61801,,0.627953
ASV142,ASV1149,Undirected,61803,,0.635767
ASV142,ASV117,Undirected,61804,,-0.618333
ASV142,ASV12,Undirected,61805,,-0.646451
ASV142,ASV1228,Undirected,61807,,0.647438
ASV142,ASV1243,Undirected,61808,,0.621177
ASV142,ASV1273,Undirected,61810,,0.655373
ASV142,ASV1338,Undirected,61812,,0.646969
ASV142,ASV139,Undirected,61813,,0.617373
ASV142,ASV142,Undirected,61814,,1
ASV142,ASV149,Undirected,61815,,1.647363
ASV142,ASV159,Undirected,61816,,1.486014
ASV142,ASV1615,Undirected,61817,,1.488886
ASV142,ASV1730,Undirected,61818,,1.616584
ASV142,ASV2,Undirected,61819,,-1.41529
ASV142,ASV2017,Undirected,61820,,1.734682
ASV142,ASV216,Undirected,61821,,-1.423612
ASV142,ASV2213,Undirected,61822,,1.418415
ASV142,ASV225,Undirected,61823,,1.536472
ASV142,ASV229,Undirected,61824,,-1.440248
ASV142,ASV233,Undirected,61825,,1.788284
ASV142,ASV235,Undirected,61826,,1.447777
ASV142,ASV237,Undirected,61827,,-1.497933
ASV142,ASV24,Undirected,61828,,-1.420889
ASV142,ASV25,Undirected,61829,,-1.561984
ASV142,ASV31,Undirected,61830,,-1.536233
ASV142,ASV32,Undirected,61831,,-1.530993
ASV142,ASV334,Undirected,61832,,1.4806
ASV142,ASV352,Undirected,61833,,1.448715
ASV142,ASV360,Undirected,61834,,1.492225
ASV142,ASV404,Undirected,61835,,-1.643473
ASV142,ASV416,Undirected,61836,,1.433456
ASV142,ASV437,Undirected,61837,,1.572134
ASV142,ASV463,Undirected,61838,,-1.472814
ASV142,ASV5,Undirected,61839,,-1.464877
ASV142,ASV501,Undirected,61840,,1.491195
ASV142,ASV551,Undirected,61841,,-1.835864
ASV142,ASV554,Undirected,61842,,1.643414
ASV142,ASV5638,Undirected,61843,,1.469709
ASV142,ASV576,Undirected,61844,,1.455321
ASV142,ASV59,Undirected,61845,,-1.508265
ASV142,ASV748,Undirected,61846,,1.420637
ASV142,ASV755,Undirected,61847,,-1.479453
ASV142,ASV775,Undirected,61848,,1.515029
ASV142,ASV80,Undirected,61849,,-1.494574
ASV142,ASV81,Undirected,61850,,-1.457084
ASV142,ASV856,Undirected,61851,,1.446065
ASV142,ASV87,Undirected,61852,,-1.539257
ASV142,ASV876,Undirected,61853,,1.44633
ASV142,ASV9,Undirected,61854,,-1.524794
ASV142,ASV95,Undirected,61855,,1.643227
ASV142,ASV970,Undirected,61856,,1.485719
ASV1428,ASV100,Undirected,61857,,-0.697228
ASV1428,ASV102,Undirected,61858,,-0.665812
ASV1428,ASV1038,Undirected,61859,,0.673839
ASV1428,ASV107,Undirected,61861,,-0.637804
ASV1428,ASV108,Undirected,61862,,-0.624557
ASV1428,ASV110,Undirected,61863,,-0.687364
ASV1428,ASV111,Undirected,61864,,-0.612117
ASV1428,ASV113,Undirected,61865,,-0.661128
ASV1428,ASV115,Undirected,61866,,-0.609826
ASV1428,ASV1165,Undirected,61867,,-0.661129
ASV1428,ASV122,Undirected,61868,,-0.654091
ASV1428,ASV1243,Undirected,61869,,0.642603
ASV1428,ASV125,Undirected,61870,,0.622346
ASV1428,ASV1273,Undirected,61871,,0.614376
ASV1428,ASV13,Undirected,61872,,-0.68528
ASV1428,ASV1428,Undirected,61873,,1
ASV1428,ASV1738,Undirected,61874,,1.657188
ASV1428,ASV194,Undirected,61875,,-1.638875
ASV1428,ASV197,Undirected,61876,,-1.493274
ASV1428,ASV225,Undirected,61877,,1.502393
ASV1428,ASV226,Undirected,61878,,-1.507605
ASV1428,ASV344,Undirected,61879,,-1.55897
ASV1428,ASV501,Undirected,61880,,1.496372
ASV1428,ASV641,Undirected,61881,,-1.42065
ASV1428,ASV90,Undirected,61882,,-1.464076
ASV1428,ASV918,Undirected,61883,,-1.558599
ASV143,ASV1247,Undirected,61884,,0.60034
ASV143,ASV143,Undirected,61885,,1
ASV143,ASV176,Undirected,61886,,1.485988
ASV143,ASV3485,Undirected,61887,,-1.583421
ASV143,ASV474,Undirected,61888,,1.689305
ASV1430,ASV1430,Undirected,61889,,1
ASV1430,ASV925,Undirected,61890,,-1.575112
ASV1432,ASV1432,Undirected,61891,,1
ASV1432,ASV407,Undirected,61892,,1.426313
ASV1435,ASV1435,Undirected,61893,,1
ASV1437,ASV100,Undirected,61894,,-0.615737
ASV1437,ASV1120,Undirected,61895,,0.675666
ASV1437,ASV1210,Undirected,61896,,-0.636973
ASV1437,ASV1221,Undirected,61897,,0.682625
ASV1437,ASV1277,Undirected,61898,,0.655292
ASV1437,ASV1437,Undirected,61900,,1
ASV1437,ASV488,Undirected,61901,,1.558017
ASV1437,ASV563,Undirected,61902,,-1.430972
ASV1437,ASV705,Undirected,61903,,1.451403
ASV1446,ASV1277,Undirected,61904,,0.68897
ASV1446,ASV1446,Undirected,61905,,1
ASV1449,ASV1152,Undirected,61906,,0.63152
ASV1449,ASV1449,Undirected,61907,,1
ASV1449,ASV228,Undirected,61908,,1.445909
ASV1449,ASV865,Undirected,61909,,-1.430297
ASV145,ASV1115,Undirected,61910,,-0.645097
ASV145,ASV145,Undirected,61911,,1
ASV1450,ASV1450,Undirected,61913,,1
ASV146,ASV1036,Undirected,61914,,-0.678089
ASV146,ASV1219,Undirected,61916,,-0.640321
ASV146,ASV1228,Undirected,61917,,-0.616306
ASV146,ASV1273,Undirected,61918,,-0.67951
ASV146,ASV146,Undirected,61919,,1
ASV146,ASV149,Undirected,61920,,-1.520321
ASV146,ASV401,Undirected,61921,,-1.686524
ASV146,ASV970,Undirected,61922,,-1.520168
ASV1466,ASV100,Undirected,61923,,-0.665449
ASV1466,ASV1161,Undirected,61924,,0.681106
ASV1466,ASV121,Undirected,61925,,-0.629882
ASV1466,ASV122,Undirected,61926,,-0.62141
ASV1466,ASV123,Undirected,61927,,-0.705545
ASV1466,ASV14,Undirected,61928,,0.627929
ASV1466,ASV1466,Undirected,61929,,1
ASV1466,ASV1781,Undirected,61930,,1.424843
ASV1466,ASV182,Undirected,61931,,-1.444504
ASV1466,ASV190,Undirected,61932,,-1.447168
ASV1466,ASV4134,Undirected,61933,,1.435487
ASV1466,ASV451,Undirected,61934,,-1.49767
ASV1466,ASV51,Undirected,61935,,1.49218
ASV1466,ASV626,Undirected,61936,,-1.42114
ASV1466,ASV766,Undirected,61937,,1.486966
ASV1466,ASV77,Undirected,61938,,-1.526542
ASV1468,ASV1026,Undirected,61939,,0.605358
ASV1468,ASV108,Undirected,61940,,-0.659384
ASV1468,ASV111,Undirected,61941,,-0.667856
ASV1468,ASV1149,Undirected,61942,,0.618334
ASV1468,ASV1193,Undirected,61945,,0.616624
ASV1468,ASV122,Undirected,61946,,-0.602399
ASV1468,ASV1221,Undirected,61947,,0.630095
ASV1468,ASV1251,Undirected,61949,,0.63534
ASV1468,ASV1298,Undirected,61952,,0.66505
ASV1468,ASV139,Undirected,61954,,0.612992
ASV1468,ASV1468,Undirected,61956,,1
ASV1468,ASV1492,Undirected,61957,,1.599851
ASV1468,ASV192,Undirected,61958,,1.49009
ASV1468,ASV219,Undirected,61959,,1.462181
ASV1468,ASV260,Undirected,61960,,1.618033
ASV1468,ASV261,Undirected,61961,,1.487355
ASV1468,ASV271,Undirected,61962,,1.456594
ASV1468,ASV291,Undirected,61963,,1.483326
ASV1468,ASV295,Undirected,61964,,1.447242
ASV1468,ASV298,Undirected,61965,,1.419475
ASV1468,ASV369,Undirected,61966,,1.582123
ASV1468,ASV3752,Undirected,61967,,1.42888
ASV1468,ASV435,Undirected,61968,,1.463068
ASV1468,ASV459,Undirected,61969,,1.414247
ASV1468,ASV531,Undirected,61970,,1.586114
ASV1468,ASV68,Undirected,61971,,-1.681906
ASV1468,ASV719,Undirected,61972,,-1.667014
ASV1468,ASV732,Undirected,61973,,-1.417652
ASV1468,ASV76,Undirected,61974,,1.512144
ASV1468,ASV783,Undirected,61975,,1.451004
ASV1468,ASV828,Undirected,61976,,1.426976
ASV1468,ASV85,Undirected,61977,,1.565715
ASV1468,ASV87,Undirected,61978,,-1.414434
ASV1468,ASV909,Undirected,61979,,1.41871
ASV1468,ASV96,Undirected,61980,,-1.482557
ASV1468,ASV983,Undirected,61981,,1.522438
ASV147,ASV102,Undirected,61982,,0.620711
ASV147,ASV1027,Undirected,61983,,-0.62203
ASV147,ASV106,Undirected,61984,,0.600852
ASV147,ASV119,Undirected,61985,,0.676056
ASV147,ASV147,Undirected,61986,,1
ASV147,ASV2187,Undirected,61987,,-1.416119
ASV1475,ASV1475,Undirected,61988,,1
ASV148,ASV119,Undirected,61989,,0.673959
ASV148,ASV148,Undirected,61990,,1
ASV148,ASV322,Undirected,61991,,-1.549564
ASV148,ASV4454,Undirected,61992,,-1.569124
ASV148,ASV924,Undirected,61993,,-1.530391
ASV148,ASV960,Undirected,61994,,-1.432321
ASV1483,ASV1042,Undirected,61995,,-0.70344
ASV1483,ASV1483,Undirected,61996,,1
ASV1483,ASV346,Undirected,61997,,1.676723
ASV1483,ASV63,Undirected,61998,,1.543271
ASV149,ASV1059,Undirected,61999,,-0.649336
ASV149,ASV1141,Undirected,62001,,-0.695175
ASV149,ASV1162,Undirected,62003,,0.650179
ASV149,ASV117,Undirected,62004,,-0.693942
ASV149,ASV140,Undirected,62011,,0.614788
ASV149,ASV1468,Undirected,62014,,0.625653
ASV149,ASV149,Undirected,62015,,1
ASV149,ASV1546,Undirected,62016,,1.493003
ASV149,ASV159,Undirected,62017,,1.779278
ASV149,ASV1615,Undirected,62018,,1.456337
ASV149,ASV164,Undirected,62019,,1.590486
ASV149,ASV1730,Undirected,62020,,1.441454
ASV149,ASV2017,Undirected,62021,,1.48911
ASV149,ASV225,Undirected,62022,,1.461976
ASV149,ASV233,Undirected,62023,,1.573441
ASV149,ASV235,Undirected,62024,,1.421924
ASV149,ASV24,Undirected,62025,,-1.412616
ASV149,ASV242,Undirected,62026,,1.598552
ASV149,ASV25,Undirected,62027,,-1.551654
ASV149,ASV2511,Undirected,62028,,1.447029
ASV149,ASV260,Undirected,62029,,1.595239
ASV149,ASV271,Undirected,62030,,1.603945
ASV149,ASV306,Undirected,62031,,-1.418496
ASV149,ASV31,Undirected,62032,,-1.457558
ASV149,ASV32,Undirected,62033,,-1.508265
ASV149,ASV334,Undirected,62034,,1.598552
ASV149,ASV360,Undirected,62035,,1.492225
ASV149,ASV388,Undirected,62036,,1.426651
ASV149,ASV401,Undirected,62037,,1.485994
ASV149,ASV404,Undirected,62038,,-1.475072
ASV149,ASV416,Undirected,62039,,1.579494
ASV149,ASV430,Undirected,62040,,1.433326
ASV149,ASV437,Undirected,62041,,1.641891
ASV149,ASV445,Undirected,62042,,-1.459907
ASV149,ASV458,Undirected,62043,,1.487278
ASV149,ASV463,Undirected,62044,,-1.483171
ASV149,ASV468,Undirected,62045,,1.65075
ASV149,ASV528,Undirected,62046,,1.433034
ASV149,ASV551,Undirected,62047,,-1.614563
ASV149,ASV5638,Undirected,62048,,1.480237
ASV149,ASV5744,Undirected,62049,,-1.4806
ASV149,ASV576,Undirected,62050,,1.54368
ASV149,ASV585,Undirected,62051,,1.622118
ASV149,ASV589,Undirected,62052,,1.472814
ASV149,ASV59,Undirected,62053,,-1.582645
ASV149,ASV6,Undirected,62054,,1.588844
ASV149,ASV655,Undirected,62055,,1.50651
ASV149,ASV68,Undirected,62056,,-1.430798
ASV149,ASV699,Undirected,62057,,1.481575
ASV149,ASV708,Undirected,62058,,1.457608
ASV149,ASV748,Undirected,62059,,1.508836
ASV149,ASV756,Undirected,62060,,1.638345
ASV149,ASV775,Undirected,62061,,1.744045
ASV149,ASV856,Undirected,62062,,1.575734
ASV149,ASV876,Undirected,62063,,1.558799
ASV149,ASV9,Undirected,62064,,-1.44215
ASV149,ASV95,Undirected,62065,,1.546019
ASV149,ASV970,Undirected,62066,,1.905301
ASV1492,ASV1017,Undirected,62067,,-0.685009
ASV1492,ASV1026,Undirected,62068,,0.617305
ASV1492,ASV104,Undirected,62069,,-0.678442
ASV1492,ASV1069,Undirected,62070,,0.62019
ASV1492,ASV108,Undirected,62072,,-0.657676
ASV1492,ASV113,Undirected,62074,,-0.637494
ASV1492,ASV1149,Undirected,62075,,0.683729
ASV1492,ASV115,Undirected,62076,,-0.694819
ASV1492,ASV1162,Undirected,62077,,0.639179
ASV1492,ASV1243,Undirected,62080,,0.688671
ASV1492,ASV125,Undirected,62081,,0.626943
ASV1492,ASV1251,Undirected,62082,,0.628444
ASV1492,ASV1269,Undirected,62083,,0.613821
ASV1492,ASV1292,Undirected,62084,,0.682102
ASV1492,ASV1298,Undirected,62086,,0.65883
ASV1492,ASV13,Undirected,62087,,-0.641823
ASV1492,ASV135,Undirected,62088,,-0.705241
ASV1492,ASV139,Undirected,62090,,0.623512
ASV1492,ASV1492,Undirected,62093,,1
ASV1492,ASV154,Undirected,62094,,1.55153
ASV1492,ASV158,Undirected,62095,,1.696691
ASV1492,ASV164,Undirected,62096,,1.483171
ASV1492,ASV216,Undirected,62097,,-1.501422
ASV1492,ASV219,Undirected,62098,,1.520498
ASV1492,ASV248,Undirected,62099,,1.63278
ASV1492,ASV25,Undirected,62100,,-1.44853
ASV1492,ASV260,Undirected,62101,,1.535511
ASV1492,ASV261,Undirected,62102,,1.560623
ASV1492,ASV277,Undirected,62103,,1.698703
ASV1492,ASV31,Undirected,62104,,-1.557284
ASV1492,ASV310,Undirected,62105,,1.438506
ASV1492,ASV36,Undirected,62106,,-1.60228
ASV1492,ASV363,Undirected,62107,,-1.449742
ASV1492,ASV369,Undirected,62108,,1.567652
ASV1492,ASV3732,Undirected,62109,,1.434941
ASV1492,ASV3752,Undirected,62110,,1.428089
ASV1492,ASV416,Undirected,62111,,1.477178
ASV1492,ASV435,Undirected,62112,,1.452304
ASV1492,ASV501,Undirected,62113,,1.522574
ASV1492,ASV514,Undirected,62114,,-1.455868
ASV1492,ASV531,Undirected,62115,,1.473029
ASV1492,ASV56,Undirected,62116,,-1.564994
ASV1492,ASV579,Undirected,62117,,1.607007
ASV1492,ASV61,Undirected,62118,,-1.540933
ASV1492,ASV653,Undirected,62119,,1.533672
ASV1492,ASV68,Undirected,62120,,-1.428869
ASV1492,ASV719,Undirected,62121,,-1.496888
ASV1492,ASV732,Undirected,62122,,-1.683348
ASV1492,ASV74,Undirected,62123,,-1.447956
ASV1492,ASV79,Undirected,62124,,-1.581348
ASV1492,ASV80,Undirected,62125,,-1.494827
ASV1492,ASV828,Undirected,62126,,1.626169
ASV1492,ASV87,Undirected,62127,,-1.454738
ASV1492,ASV881,Undirected,62128,,1.455502
ASV1492,ASV9,Undirected,62129,,-1.467154
ASV1492,ASV92,Undirected,62130,,1.450028
ASV1492,ASV927,Undirected,62131,,-1.500013
ASV1492,ASV96,Undirected,62132,,-1.620332
ASV1492,ASV983,Undirected,62133,,1.597509
ASV1493,ASV1493,Undirected,62134,,1
ASV1499,ASV106,Undirected,62135,,-0.649157
ASV1499,ASV107,Undirected,62136,,-0.692135
ASV1499,ASV110,Undirected,62137,,-0.678468
ASV1499,ASV1161,Undirected,62139,,0.675671
ASV1499,ASV117,Undirected,62140,,-0.660419
ASV1499,ASV1193,Undirected,62141,,0.6829
ASV1499,ASV122,Undirected,62142,,-0.691855
ASV1499,ASV1243,Undirected,62143,,0.689193
ASV1499,ASV1272,Undirected,62144,,-0.614078
ASV1499,ASV1292,Undirected,62145,,0.664363
ASV1499,ASV1295,Undirected,62146,,0.604673
ASV1499,ASV13,Undirected,62147,,-0.62652
ASV1499,ASV1358,Undirected,62148,,0.646049
ASV1499,ASV14,Undirected,62149,,0.606268
ASV1499,ASV1428,Undirected,62150,,0.647977
ASV1499,ASV1466,Undirected,62151,,0.667231
ASV1499,ASV1492,Undirected,62152,,0.666203
ASV1499,ASV1499,Undirected,62153,,1
ASV1499,ASV160,Undirected,62154,,1.509845
ASV1499,ASV225,Undirected,62155,,1.439231
ASV1499,ASV451,Undirected,62156,,-1.590281
ASV1499,ASV85,Undirected,62157,,1.421687
ASV1499,ASV87,Undirected,62158,,-1.434904
ASV1499,ASV920,Undirected,62159,,1.439798
ASV15,ASV1026,Undirected,62161,,-0.665487
ASV15,ASV1069,Undirected,62163,,-0.635851
ASV15,ASV107,Undirected,62164,,0.695135
ASV15,ASV108,Undirected,62165,,0.663906
ASV15,ASV117,Undirected,62168,,0.666495
ASV15,ASV1186,Undirected,62169,,0.622024
ASV15,ASV122,Undirected,62170,,0.654894
ASV15,ASV1292,Undirected,62171,,-0.628131
ASV15,ASV1466,Undirected,62172,,-0.632215
ASV15,ASV1492,Undirected,62173,,-0.661834
ASV15,ASV1499,Undirected,62174,,-0.639444
ASV15,ASV15,Undirected,62175,,1
ASV15,ASV16,Undirected,62176,,1.479566
ASV15,ASV1985,Undirected,62177,,-1.442719
ASV15,ASV224,Undirected,62178,,-1.465357
ASV15,ASV225,Undirected,62179,,-1.4806
ASV15,ASV229,Undirected,62180,,1.424729
ASV15,ASV248,Undirected,62181,,-1.749355
ASV15,ASV258,Undirected,62182,,1.57372
ASV15,ASV266,Undirected,62183,,-1.553371
ASV15,ASV277,Undirected,62184,,-1.596481
ASV15,ASV2774,Undirected,62185,,1.563431
ASV15,ASV33,Undirected,62186,,1.459628
ASV15,ASV344,Undirected,62187,,1.422958
ASV15,ASV36,Undirected,62188,,1.422958
ASV15,ASV3732,Undirected,62189,,-1.46998
ASV15,ASV38,Undirected,62190,,1.423554
ASV15,ASV4134,Undirected,62191,,-1.471613
ASV15,ASV436,Undirected,62192,,-1.461143
ASV15,ASV51,Undirected,62193,,-1.487296
ASV15,ASV625,Undirected,62194,,1.595698
ASV15,ASV732,Undirected,62195,,1.41656
ASV15,ASV766,Undirected,62196,,-1.432288
ASV15,ASV96,Undirected,62197,,1.41792
ASV150,ASV108,Undirected,62201,,0.65114
ASV150,ASV113,Undirected,62203,,0.664083
ASV150,ASV1141,Undirected,62205,,0.655752
ASV150,ASV125,Undirected,62209,,-0.618925
ASV150,ASV1275,Undirected,62210,,0.672879
ASV150,ASV1298,Undirected,62211,,-0.664502
ASV150,ASV1358,Undirected,62213,,-0.607313
ASV150,ASV140,Undirected,62215,,-0.608269
ASV150,ASV1492,Undirected,62216,,-0.612838
ASV150,ASV150,Undirected,62217,,1
ASV150,ASV153,Undirected,62218,,1.448347
ASV150,ASV1615,Undirected,62219,,-1.44509
ASV150,ASV172,Undirected,62220,,1.916366
ASV150,ASV175,Undirected,62221,,1.849174
ASV150,ASV187,Undirected,62222,,1.535918
ASV150,ASV194,Undirected,62223,,1.488879
ASV150,ASV197,Undirected,62224,,1.58553
ASV150,ASV229,Undirected,62225,,1.53361
ASV150,ASV2383,Undirected,62226,,-1.521907
ASV150,ASV24,Undirected,62227,,1.536951
ASV150,ASV273,Undirected,62228,,1.559463
ASV150,ASV2915,Undirected,62229,,1.524058
ASV150,ASV31,Undirected,62230,,1.547855
ASV150,ASV32,Undirected,62231,,1.466185
ASV150,ASV36,Undirected,62232,,1.419122
ASV150,ASV363,Undirected,62233,,1.710446
ASV150,ASV37,Undirected,62234,,1.758264
ASV150,ASV4,Undirected,62235,,1.835829
ASV150,ASV404,Undirected,62236,,1.460803
ASV150,ASV445,Undirected,62237,,1.62875
ASV150,ASV4518,Undirected,62238,,-1.442387
ASV150,ASV459,Undirected,62239,,-1.460467
ASV150,ASV48,Undirected,62240,,1.827479
ASV150,ASV5,Undirected,62241,,1.697471
ASV150,ASV514,Undirected,62242,,1.5855
ASV150,ASV5245,Undirected,62243,,1.616538
ASV150,ASV56,Undirected,62244,,1.647545
ASV150,ASV564,Undirected,62245,,1.57803
ASV150,ASV5687,Undirected,62246,,1.855615
ASV150,ASV57,Undirected,62247,,1.597933
ASV150,ASV5744,Undirected,62248,,1.659773
ASV150,ASV59,Undirected,62249,,1.515746
ASV150,ASV6,Undirected,62250,,-1.528136
ASV150,ASV61,Undirected,62251,,1.602896
ASV150,ASV677,Undirected,62252,,1.550282
ASV150,ASV681,Undirected,62253,,1.416587
ASV150,ASV71,Undirected,62254,,1.48064
ASV150,ASV74,Undirected,62255,,1.494574
ASV150,ASV781,Undirected,62256,,-1.511449
ASV150,ASV79,Undirected,62257,,1.43847
ASV150,ASV80,Undirected,62258,,1.479339
ASV150,ASV810,Undirected,62259,,1.614122
ASV150,ASV82,Undirected,62260,,1.623967
ASV150,ASV856,Undirected,62261,,-1.455686
ASV150,ASV9,Undirected,62262,,1.66856
ASV150,ASV90,Undirected,62263,,1.482171
ASV150,ASV96,Undirected,62264,,1.56315
ASV1505,ASV110,Undirected,62265,,-0.611107
ASV1505,ASV1505,Undirected,62266,,1
ASV1505,ASV905,Undirected,62267,,1.442907
ASV151,ASV1005,Undirected,62268,,-0.67332
ASV151,ASV133,Undirected,62270,,-0.626432
ASV151,ASV151,Undirected,62271,,1
ASV151,ASV1946,Undirected,62272,,1.5618
ASV151,ASV2486,Undirected,62273,,1.492465
ASV151,ASV309,Undirected,62274,,1.518718
ASV151,ASV3207,Undirected,62275,,1.687118
ASV151,ASV478,Undirected,62276,,1.49428
ASV1511,ASV1511,Undirected,62277,,1
ASV1513,ASV1136,Undirected,62278,,-0.604584
ASV1513,ASV131,Undirected,62279,,0.60372
ASV1513,ASV1513,Undirected,62280,,1
ASV1513,ASV2583,Undirected,62281,,-1.615485
ASV1513,ASV456,Undirected,62282,,1.42416
ASV1513,ASV5782,Undirected,62283,,-1.529628
ASV1513,ASV852,Undirected,62284,,1.593314
ASV1514,ASV1198,Undirected,62285,,0.680122
ASV1514,ASV1437,Undirected,62286,,0.615593
ASV1514,ASV1514,Undirected,62287,,1
ASV1514,ASV513,Undirected,62288,,1.522588
ASV1514,ASV60,Undirected,62289,,-1.441255
ASV153,ASV1007,Undirected,62290,,0.663041
ASV153,ASV1069,Undirected,62291,,-0.653695
ASV153,ASV113,Undirected,62292,,0.630491
ASV153,ASV114,Undirected,62293,,0.626033
ASV153,ASV117,Undirected,62295,,0.635612
ASV153,ASV121,Undirected,62296,,0.6898
ASV153,ASV122,Undirected,62297,,0.634816
ASV153,ASV1338,Undirected,62299,,-0.646635
ASV153,ASV14,Undirected,62300,,-0.623645
ASV153,ASV1428,Undirected,62301,,-0.605547
ASV153,ASV1466,Undirected,62302,,-0.613196
ASV153,ASV153,Undirected,62304,,1
ASV153,ASV171,Undirected,62305,,1.685304
ASV153,ASV172,Undirected,62306,,1.445534
ASV153,ASV175,Undirected,62307,,1.747934
ASV153,ASV185,Undirected,62308,,1.462668
ASV153,ASV187,Undirected,62309,,1.494574
ASV153,ASV197,Undirected,62310,,1.656848
ASV153,ASV21,Undirected,62311,,1.477933
ASV153,ASV24,Undirected,62312,,1.542119
ASV153,ASV244,Undirected,62313,,1.45577
ASV153,ASV25,Undirected,62314,,1.414559
ASV153,ASV263,Undirected,62315,,1.441573
ASV153,ASV273,Undirected,62316,,1.534644
ASV153,ASV32,Undirected,62317,,1.509551
ASV153,ASV363,Undirected,62318,,1.464323
ASV153,ASV37,Undirected,62319,,1.482438
ASV153,ASV4,Undirected,62320,,1.66443
ASV153,ASV48,Undirected,62321,,1.650826
ASV153,ASV5,Undirected,62322,,1.46825
ASV153,ASV53,Undirected,62323,,1.701446
ASV153,ASV54,Undirected,62324,,1.437274
ASV153,ASV564,Undirected,62325,,1.637128
ASV153,ASV57,Undirected,62326,,1.522481
ASV153,ASV59,Undirected,62327,,1.45586
ASV153,ASV61,Undirected,62328,,1.478801
ASV153,ASV626,Undirected,62329,,1.516318
ASV153,ASV71,Undirected,62330,,1.571503
ASV153,ASV74,Undirected,62331,,1.509044
ASV153,ASV810,Undirected,62332,,1.439846
ASV153,ASV82,Undirected,62333,,1.48657
ASV153,ASV9,Undirected,62334,,1.501291
ASV153,ASV90,Undirected,62335,,1.549354
ASV1535,ASV1038,Undirected,62336,,-0.612258
ASV1535,ASV1092,Undirected,62337,,-0.696931
ASV1535,ASV1152,Undirected,62338,,-0.633217
ASV1535,ASV142,Undirected,62339,,-0.614047
ASV1535,ASV1535,Undirected,62340,,1
ASV1535,ASV196,Undirected,62341,,1.451861
ASV1535,ASV511,Undirected,62342,,1.539638
ASV154,ASV107,Undirected,62343,,-0.662009
ASV154,ASV1093,Undirected,62344,,0.673606
ASV154,ASV115,Undirected,62345,,-0.615106
ASV154,ASV122,Undirected,62348,,-0.628907
ASV154,ASV1243,Undirected,62349,,0.681374
ASV154,ASV1295,Undirected,62350,,0.61636
ASV154,ASV1298,Undirected,62351,,0.632903
ASV154,ASV135,Undirected,62352,,-0.649742
ASV154,ASV1358,Undirected,62353,,0.67433
ASV154,ASV140,Undirected,62354,,0.69545
ASV154,ASV154,Undirected,62356,,1
ASV154,ASV158,Undirected,62357,,1.549354
ASV154,ASV288,Undirected,62358,,1.466599
ASV154,ASV452,Undirected,62359,,-1.507478
ASV154,ASV483,Undirected,62360,,-1.449154
ASV154,ASV514,Undirected,62361,,-1.444276
ASV154,ASV579,Undirected,62362,,1.412975
ASV154,ASV623,Undirected,62363,,1.761299
ASV154,ASV653,Undirected,62364,,1.617751
ASV154,ASV881,Undirected,62365,,1.601893
ASV154,ASV983,Undirected,62366,,1.487033
ASV1546,ASV1036,Undirected,62367,,0.632358
ASV1546,ASV113,Undirected,62368,,-0.630137
ASV1546,ASV1243,Undirected,62370,,0.611054
ASV1546,ASV1295,Undirected,62371,,0.615064
ASV1546,ASV1417,Undirected,62373,,0.629371
ASV1546,ASV142,Undirected,62374,,0.628059
ASV1546,ASV146,Undirected,62375,,-0.619969
ASV1546,ASV1546,Undirected,62377,,1
ASV1546,ASV158,Undirected,62378,,1.435118
ASV1546,ASV164,Undirected,62379,,1.423392
ASV1546,ASV170,Undirected,62380,,-1.440174
ASV1546,ASV223,Undirected,62381,,1.625794
ASV1546,ASV270,Undirected,62382,,1.477309
ASV1546,ASV271,Undirected,62383,,1.47917
ASV1546,ASV310,Undirected,62384,,1.474237
ASV1546,ASV35,Undirected,62385,,1.433041
ASV1546,ASV437,Undirected,62386,,1.478037
ASV1546,ASV541,Undirected,62387,,1.447808
ASV1546,ASV699,Undirected,62388,,1.466597
ASV1546,ASV708,Undirected,62389,,1.473853
ASV1546,ASV775,Undirected,62390,,1.516923
ASV1546,ASV897,Undirected,62391,,1.509163
ASV1546,ASV970,Undirected,62392,,1.515694
ASV155,ASV115,Undirected,62394,,0.600624
ASV155,ASV1275,Undirected,62395,,0.602285
ASV155,ASV1499,Undirected,62396,,-0.622681
ASV155,ASV155,Undirected,62397,,1
ASV155,ASV1712,Undirected,62398,,-1.523777
ASV155,ASV54,Undirected,62399,,1.41482
ASV155,ASV553,Undirected,62400,,1.440458
ASV1551,ASV1007,Undirected,62401,,-0.633124
ASV1551,ASV103,Undirected,62402,,-0.627116
ASV1551,ASV1123,Undirected,62403,,0.63784
ASV1551,ASV1551,Undirected,62404,,1
ASV1551,ASV421,Undirected,62405,,-1.539396
ASV1551,ASV4277,Undirected,62406,,-1.593946
ASV1551,ASV4454,Undirected,62407,,-1.417535
ASV1551,ASV5245,Undirected,62408,,-1.52264
ASV1561,ASV1007,Undirected,62409,,0.620483
ASV1561,ASV103,Undirected,62410,,0.615728
ASV1561,ASV1059,Undirected,62411,,0.692435
ASV1561,ASV1251,Undirected,62413,,-0.639911
ASV1561,ASV1298,Undirected,62414,,-0.613838
ASV1561,ASV1381,Undirected,62415,,0.678647
ASV1561,ASV150,Undirected,62416,,0.627192
ASV1561,ASV1551,Undirected,62417,,-0.673084
ASV1561,ASV1561,Undirected,62418,,1
ASV1561,ASV326,Undirected,62419,,-1.460401
ASV1561,ASV4277,Undirected,62420,,1.431026
ASV1561,ASV515,Undirected,62421,,1.517064
ASV1561,ASV69,Undirected,62422,,-1.428934
ASV1561,ASV856,Undirected,62423,,-1.48222
ASV157,ASV157,Undirected,62424,,1
ASV157,ASV308,Undirected,62425,,1.479679
ASV157,ASV585,Undirected,62426,,1.417707
ASV158,ASV1007,Undirected,62427,,-0.689002
ASV158,ASV1017,Undirected,62428,,-0.693514
ASV158,ASV1024,Undirected,62429,,0.655558
ASV158,ASV1026,Undirected,62430,,0.635883
ASV158,ASV106,Undirected,62431,,-0.625956
ASV158,ASV1069,Undirected,62432,,0.620984
ASV158,ASV111,Undirected,62435,,-0.652713
ASV158,ASV1120,Undirected,62436,,0.682434
ASV158,ASV114,Undirected,62438,,-0.652376
ASV158,ASV1141,Undirected,62439,,-0.680753
ASV158,ASV1149,Undirected,62440,,0.625022
ASV158,ASV115,Undirected,62441,,-0.644778
ASV158,ASV121,Undirected,62443,,-0.703265
ASV158,ASV1210,Undirected,62444,,-0.612027
ASV158,ASV123,Undirected,62446,,-0.675356
ASV158,ASV125,Undirected,62448,,0.637022
ASV158,ASV1251,Undirected,62449,,0.685019
ASV158,ASV1275,Undirected,62450,,-0.611285
ASV158,ASV1286,Undirected,62451,,0.609804
ASV158,ASV135,Undirected,62455,,-0.691872
ASV158,ASV140,Undirected,62458,,0.651163
ASV158,ASV1428,Undirected,62459,,0.612843
ASV158,ASV1437,Undirected,62460,,0.603026
ASV158,ASV1468,Undirected,62461,,0.668038
ASV158,ASV149,Undirected,62462,,0.660465
ASV158,ASV1499,Undirected,62464,,0.628619
ASV158,ASV150,Undirected,62465,,-0.654959
ASV158,ASV1514,Undirected,62466,,0.622261
ASV158,ASV158,Undirected,62469,,1
ASV158,ASV159,Undirected,62470,,1.520461
ASV158,ASV164,Undirected,62471,,1.682688
ASV158,ASV170,Undirected,62472,,-1.565221
ASV158,ASV1838,Undirected,62473,,1.430553
ASV158,ASV194,Undirected,62474,,-1.431973
ASV158,ASV216,Undirected,62475,,-1.745591
ASV158,ASV219,Undirected,62476,,1.549461
ASV158,ASV225,Undirected,62477,,1.531542
ASV158,ASV231,Undirected,62478,,1.578512
ASV158,ASV24,Undirected,62479,,-1.473902
ASV158,ASV248,Undirected,62480,,1.448243
ASV158,ASV25,Undirected,62481,,-1.602478
ASV158,ASV260,Undirected,62482,,1.689604
ASV158,ASV261,Undirected,62483,,1.648398
ASV158,ASV271,Undirected,62484,,1.675656
ASV158,ASV273,Undirected,62485,,-1.442607
ASV158,ASV276,Undirected,62486,,-1.544049
ASV158,ASV277,Undirected,62487,,1.455686
ASV158,ASV288,Undirected,62488,,1.637685
ASV158,ASV295,Undirected,62489,,1.429163
ASV158,ASV31,Undirected,62490,,-1.740302
ASV158,ASV310,Undirected,62491,,1.696536
ASV158,ASV3327,Undirected,62492,,-1.500622
ASV158,ASV35,Undirected,62493,,1.599174
ASV158,ASV36,Undirected,62494,,-1.790181
ASV158,ASV363,Undirected,62495,,-1.629784
ASV158,ASV37,Undirected,62496,,-1.520661
ASV158,ASV4,Undirected,62497,,-1.45999
ASV158,ASV416,Undirected,62498,,1.570397
ASV158,ASV430,Undirected,62499,,1.583001
ASV158,ASV437,Undirected,62500,,1.492235
ASV158,ASV445,Undirected,62501,,-1.453982
ASV158,ASV456,Undirected,62502,,1.428729
ASV158,ASV459,Undirected,62503,,1.572971
ASV158,ASV468,Undirected,62504,,1.521064
ASV158,ASV483,Undirected,62505,,-1.537943
ASV158,ASV488,Undirected,62506,,1.421474
ASV158,ASV5,Undirected,62507,,-1.637584
ASV158,ASV51,Undirected,62508,,1.426361
ASV158,ASV514,Undirected,62509,,-1.645604
ASV158,ASV528,Undirected,62510,,1.428142
ASV158,ASV529,Undirected,62511,,1.509888
ASV158,ASV531,Undirected,62512,,1.422363
ASV158,ASV56,Undirected,62513,,-1.61447
ASV158,ASV571,Undirected,62514,,-1.416121
ASV158,ASV5744,Undirected,62515,,-1.537746
ASV158,ASV579,Undirected,62516,,1.415383
ASV158,ASV59,Undirected,62517,,-1.629324
ASV158,ASV6,Undirected,62518,,1.548787
ASV158,ASV61,Undirected,62519,,-1.728026
ASV158,ASV637,Undirected,62520,,-1.635906
ASV158,ASV653,Undirected,62521,,1.541952
ASV158,ASV655,Undirected,62522,,1.669804
ASV158,ASV660,Undirected,62523,,1.437162
ASV158,ASV681,Undirected,62524,,-1.627987
ASV158,ASV707,Undirected,62525,,1.438233
ASV158,ASV708,Undirected,62526,,1.493276
ASV158,ASV732,Undirected,62527,,-1.746396
ASV158,ASV74,Undirected,62528,,-1.603101
ASV158,ASV741,Undirected,62529,,1.50163
ASV158,ASV756,Undirected,62530,,1.41378
ASV158,ASV781,Undirected,62531,,1.451662
ASV158,ASV79,Undirected,62532,,-1.698036
ASV158,ASV80,Undirected,62533,,-1.545455
ASV158,ASV810,Undirected,62534,,-1.590263
ASV158,ASV82,Undirected,62535,,-1.60124
ASV158,ASV828,Undirected,62536,,1.625915
ASV158,ASV83,Undirected,62537,,1.518346
ASV158,ASV85,Undirected,62538,,1.42429
ASV158,ASV856,Undirected,62539,,1.643349
ASV158,ASV87,Undirected,62540,,-1.466185
ASV158,ASV881,Undirected,62541,,1.57613
ASV158,ASV9,Undirected,62542,,-1.614869
ASV158,ASV92,Undirected,62543,,1.621706
ASV158,ASV927,Undirected,62544,,-1.478199
ASV158,ASV95,Undirected,62545,,1.589664
ASV158,ASV96,Undirected,62546,,-1.740169
ASV1581,ASV1002,Undirected,62547,,0.692471
ASV1581,ASV1581,Undirected,62548,,1
ASV1581,ASV1595,Undirected,62549,,-1.428911
ASV1581,ASV1643,Undirected,62550,,1.503563
ASV1588,ASV1,Undirected,62551,,0.704901
ASV1588,ASV105,Undirected,62552,,-0.617084
ASV1588,ASV1588,Undirected,62553,,1
ASV1588,ASV266,Undirected,62554,,1.54776
ASV1588,ASV413,Undirected,62555,,-1.439881
ASV159,ASV1007,Undirected,62556,,-0.647061
ASV159,ASV1026,Undirected,62557,,0.693584
ASV159,ASV108,Undirected,62560,,-0.611313
ASV159,ASV111,Undirected,62561,,-0.663732
ASV159,ASV1120,Undirected,62562,,0.686845
ASV159,ASV1162,Undirected,62566,,0.65623
ASV159,ASV1165,Undirected,62567,,-0.6227
ASV159,ASV1210,Undirected,62570,,-0.617294
ASV159,ASV122,Undirected,62571,,-0.628649
ASV159,ASV1251,Undirected,62573,,0.678882
ASV159,ASV1273,Undirected,62574,,0.625235
ASV159,ASV1286,Undirected,62575,,0.636597
ASV159,ASV1292,Undirected,62576,,0.631534
ASV159,ASV1298,Undirected,62577,,0.67165
ASV159,ASV135,Undirected,62579,,-0.619419
ASV159,ASV140,Undirected,62581,,0.699483
ASV159,ASV146,Undirected,62583,,-0.605845
ASV159,ASV1468,Undirected,62584,,0.64651
ASV159,ASV1492,Undirected,62586,,0.683965
ASV159,ASV150,Undirected,62587,,-0.635424
ASV159,ASV1546,Undirected,62588,,0.63665
ASV159,ASV1561,Undirected,62589,,-0.608398
ASV159,ASV159,Undirected,62591,,1
ASV159,ASV1615,Undirected,62592,,1.519332
ASV159,ASV164,Undirected,62593,,1.817621
ASV159,ASV219,Undirected,62594,,1.602285
ASV159,ASV2213,Undirected,62595,,1.564759
ASV159,ASV225,Undirected,62596,,1.552101
ASV159,ASV229,Undirected,62597,,-1.507519
ASV159,ASV231,Undirected,62598,,1.417923
ASV159,ASV233,Undirected,62599,,1.624547
ASV159,ASV235,Undirected,62600,,1.551299
ASV159,ASV24,Undirected,62601,,-1.453889
ASV159,ASV242,Undirected,62602,,1.674445
ASV159,ASV243,Undirected,62603,,1.576222
ASV159,ASV244,Undirected,62604,,-1.551868
ASV159,ASV25,Undirected,62605,,-1.718435
ASV159,ASV2511,Undirected,62606,,1.509751
ASV159,ASV260,Undirected,62607,,1.782159
ASV159,ASV261,Undirected,62608,,1.723175
ASV159,ASV271,Undirected,62609,,1.674805
ASV159,ASV273,Undirected,62610,,-1.480562
ASV159,ASV277,Undirected,62611,,1.48025
ASV159,ASV31,Undirected,62612,,-1.535271
ASV159,ASV310,Undirected,62613,,1.483904
ASV159,ASV32,Undirected,62614,,-1.608703
ASV159,ASV326,Undirected,62615,,1.426228
ASV159,ASV33,Undirected,62616,,-1.425312
ASV159,ASV330,Undirected,62617,,-1.532646
ASV159,ASV3327,Undirected,62618,,-1.450031
ASV159,ASV334,Undirected,62619,,1.628825
ASV159,ASV34,Undirected,62620,,-1.445888
ASV159,ASV352,Undirected,62621,,1.625092
ASV159,ASV36,Undirected,62622,,-1.656998
ASV159,ASV363,Undirected,62623,,-1.430795
ASV159,ASV369,Undirected,62624,,1.549793
ASV159,ASV37,Undirected,62625,,-1.456245
ASV159,ASV4,Undirected,62626,,-1.447212
ASV159,ASV404,Undirected,62627,,-1.475007
ASV159,ASV416,Undirected,62628,,1.76959
ASV159,ASV430,Undirected,62629,,1.554864
ASV159,ASV435,Undirected,62630,,1.486228
ASV159,ASV437,Undirected,62631,,1.602522
ASV159,ASV445,Undirected,62632,,-1.581132
ASV159,ASV456,Undirected,62633,,1.52287
ASV159,ASV458,Undirected,62634,,1.687756
ASV159,ASV459,Undirected,62635,,1.565561
ASV159,ASV463,Undirected,62636,,-1.718734
ASV159,ASV468,Undirected,62637,,1.775009
ASV159,ASV5,Undirected,62638,,-1.581788
ASV159,ASV501,Undirected,62639,,1.612669
ASV159,ASV514,Undirected,62640,,-1.556364
ASV159,ASV531,Undirected,62641,,1.57343
ASV159,ASV551,Undirected,62642,,-1.433633
ASV159,ASV57,Undirected,62643,,-1.4342
ASV159,ASV5744,Undirected,62644,,-1.68896
ASV159,ASV576,Undirected,62645,,1.548966
ASV159,ASV585,Undirected,62646,,1.453385
ASV159,ASV589,Undirected,62647,,1.493513
ASV159,ASV59,Undirected,62648,,-1.64183
ASV159,ASV6,Undirected,62649,,1.730857
ASV159,ASV61,Undirected,62650,,-1.580095
ASV159,ASV655,Undirected,62651,,1.511718
ASV159,ASV699,Undirected,62652,,1.617913
ASV159,ASV708,Undirected,62653,,1.628604
ASV159,ASV71,Undirected,62654,,-1.461705
ASV159,ASV721,Undirected,62655,,1.45381
ASV159,ASV732,Undirected,62656,,-1.591465
ASV159,ASV733,Undirected,62657,,-1.507553
ASV159,ASV74,Undirected,62658,,-1.453889
ASV159,ASV756,Undirected,62659,,1.655244
ASV159,ASV775,Undirected,62660,,1.627207
ASV159,ASV79,Undirected,62661,,-1.574911
ASV159,ASV80,Undirected,62662,,-1.620927
ASV159,ASV82,Undirected,62663,,-1.489389
ASV159,ASV828,Undirected,62664,,1.449351
ASV159,ASV856,Undirected,62665,,1.762995
ASV159,ASV87,Undirected,62666,,-1.43893
ASV159,ASV876,Undirected,62667,,1.693694
ASV159,ASV9,Undirected,62668,,-1.662534
ASV159,ASV92,Undirected,62669,,1.427982
ASV159,ASV927,Undirected,62670,,-1.494538
ASV159,ASV941,Undirected,62671,,-1.440754
ASV159,ASV95,Undirected,62672,,1.689123
ASV159,ASV96,Undirected,62673,,-1.672029
ASV159,ASV970,Undirected,62674,,1.673467
ASV159,ASV995,Undirected,62675,,1.43484
ASV1594,ASV1594,Undirected,62676,,1
ASV1595,ASV1595,Undirected,62679,,1
ASV1595,ASV43,Undirected,62680,,1.433799
ASV1595,ASV832,Undirected,62681,,1.490101
ASV16,ASV100,Undirected,62682,,0.674122
ASV16,ASV108,Undirected,62683,,0.672539
ASV16,ASV110,Undirected,62684,,0.605998
ASV16,ASV111,Undirected,62685,,0.640973
ASV16,ASV114,Undirected,62686,,0.63392
ASV16,ASV125,Undirected,62689,,-0.623188
ASV16,ASV1295,Undirected,62691,,-0.687513
ASV16,ASV139,Undirected,62693,,-0.61252
ASV16,ASV1468,Undirected,62694,,-0.639172
ASV16,ASV1492,Undirected,62695,,-0.613472
ASV16,ASV16,Undirected,62697,,1
ASV16,ASV201,Undirected,62698,,-1.44824
ASV16,ASV22,Undirected,62699,,1.660568
ASV16,ASV248,Undirected,62700,,-1.426944
ASV16,ASV2599,Undirected,62701,,-1.440298
ASV16,ASV269,Undirected,62702,,-1.425913
ASV16,ASV298,Undirected,62703,,-1.467634
ASV16,ASV328,Undirected,62704,,-1.525144
ASV16,ASV33,Undirected,62705,,1.535992
ASV16,ASV45,Undirected,62706,,1.66753
ASV16,ASV507,Undirected,62707,,1.450787
ASV16,ASV805,Undirected,62708,,-1.425018
ASV16,ASV927,Undirected,62709,,1.423536
ASV160,ASV1038,Undirected,62710,,0.635985
ASV160,ASV106,Undirected,62711,,-0.621537
ASV160,ASV113,Undirected,62712,,-0.634481
ASV160,ASV1193,Undirected,62713,,0.607425
ASV160,ASV1295,Undirected,62714,,0.601152
ASV160,ASV1466,Undirected,62715,,0.702661
ASV160,ASV160,Undirected,62717,,1
ASV160,ASV231,Undirected,62718,,1.436445
ASV160,ASV235,Undirected,62719,,1.436149
ASV160,ASV332,Undirected,62720,,1.417886
ASV1607,ASV1607,Undirected,62721,,1
ASV1615,ASV1007,Undirected,62722,,-0.657737
ASV1615,ASV1026,Undirected,62723,,0.656588
ASV1615,ASV103,Undirected,62724,,-0.690749
ASV1615,ASV1069,Undirected,62725,,0.617123
ASV1615,ASV107,Undirected,62726,,-0.607523
ASV1615,ASV108,Undirected,62727,,-0.60258
ASV1615,ASV113,Undirected,62729,,-0.693519
ASV1615,ASV121,Undirected,62732,,-0.693905
ASV1615,ASV122,Undirected,62733,,-0.658081
ASV1615,ASV125,Undirected,62734,,0.700181
ASV1615,ASV1358,Undirected,62736,,0.605837
ASV1615,ASV1381,Undirected,62737,,-0.628257
ASV1615,ASV139,Undirected,62738,,0.628944
ASV1615,ASV140,Undirected,62739,,0.60007
ASV1615,ASV153,Undirected,62743,,-0.600284
ASV1615,ASV1551,Undirected,62744,,0.654756
ASV1615,ASV1615,Undirected,62746,,1
ASV1615,ASV171,Undirected,62747,,-1.459653
ASV1615,ASV175,Undirected,62748,,-1.495463
ASV1615,ASV187,Undirected,62749,,-1.486786
ASV1615,ASV2017,Undirected,62750,,1.445109
ASV1615,ASV225,Undirected,62751,,1.513819
ASV1615,ASV229,Undirected,62752,,-1.589458
ASV1615,ASV233,Undirected,62753,,1.62287
ASV1615,ASV237,Undirected,62754,,-1.467196
ASV1615,ASV24,Undirected,62755,,-1.594935
ASV1615,ASV25,Undirected,62756,,-1.625805
ASV1615,ASV260,Undirected,62757,,1.496735
ASV1615,ASV263,Undirected,62758,,-1.602064
ASV1615,ASV276,Undirected,62759,,-1.444326
ASV1615,ASV3072,Undirected,62760,,-1.46261
ASV1615,ASV31,Undirected,62761,,-1.51145
ASV1615,ASV32,Undirected,62762,,-1.560773
ASV1615,ASV36,Undirected,62763,,-1.484686
ASV1615,ASV360,Undirected,62764,,1.778202
ASV1615,ASV363,Undirected,62765,,-1.418221
ASV1615,ASV37,Undirected,62766,,-1.416755
ASV1615,ASV4,Undirected,62767,,-1.443295
ASV1615,ASV404,Undirected,62768,,-1.912497
ASV1615,ASV445,Undirected,62769,,-1.765947
ASV1615,ASV463,Undirected,62770,,-1.51644
ASV1615,ASV5,Undirected,62771,,-1.609022
ASV1615,ASV5010,Undirected,62772,,1.432569
ASV1615,ASV514,Undirected,62773,,-1.541176
ASV1615,ASV56,Undirected,62774,,-1.435337
ASV1615,ASV5687,Undirected,62775,,-1.500867
ASV1615,ASV57,Undirected,62776,,-1.463687
ASV1615,ASV5744,Undirected,62777,,-1.549537
ASV1615,ASV59,Undirected,62778,,-1.669859
ASV1615,ASV6,Undirected,62779,,1.730695
ASV1615,ASV61,Undirected,62780,,-1.518021
ASV1615,ASV71,Undirected,62781,,-1.663565
ASV1615,ASV733,Undirected,62782,,-1.491644
ASV1615,ASV80,Undirected,62783,,-1.566826
ASV1615,ASV810,Undirected,62784,,-1.533296
ASV1615,ASV82,Undirected,62785,,-1.458733
ASV1615,ASV856,Undirected,62786,,1.60728
ASV1615,ASV87,Undirected,62787,,-1.420219
ASV1615,ASV881,Undirected,62788,,1.581082
ASV1615,ASV9,Undirected,62789,,-1.615316
ASV1615,ASV90,Undirected,62790,,-1.465787
ASV1615,ASV95,Undirected,62791,,1.556086
ASV1615,ASV96,Undirected,62792,,-1.547989
ASV1626,ASV1166,Undirected,62793,,-0.660579
ASV1626,ASV1626,Undirected,62794,,1
ASV1626,ASV548,Undirected,62795,,-1.42888
ASV163,ASV119,Undirected,62796,,0.666896
ASV163,ASV1202,Undirected,62797,,-0.696247
ASV163,ASV148,Undirected,62798,,0.622949
ASV163,ASV163,Undirected,62799,,1
ASV164,ASV1007,Undirected,62800,,-0.614552
ASV164,ASV1017,Undirected,62801,,-0.643713
ASV164,ASV1026,Undirected,62802,,0.683784
ASV164,ASV103,Undirected,62803,,-0.605183
ASV164,ASV1069,Undirected,62804,,0.620786
ASV164,ASV107,Undirected,62805,,-0.627847
ASV164,ASV1093,Undirected,62807,,0.680363
ASV164,ASV111,Undirected,62808,,-0.647363
ASV164,ASV114,Undirected,62811,,-0.620155
ASV164,ASV1141,Undirected,62812,,-0.658697
ASV164,ASV1149,Undirected,62813,,0.676415
ASV164,ASV1162,Undirected,62814,,0.668949
ASV164,ASV1165,Undirected,62815,,-0.664193
ASV164,ASV1186,Undirected,62817,,-0.633217
ASV164,ASV123,Undirected,62820,,-0.618963
ASV164,ASV1243,Undirected,62821,,0.625328
ASV164,ASV1251,Undirected,62823,,0.615362
ASV164,ASV1292,Undirected,62825,,0.614511
ASV164,ASV1298,Undirected,62827,,0.675674
ASV164,ASV1358,Undirected,62830,,0.66026
ASV164,ASV1381,Undirected,62831,,-0.602027
ASV164,ASV140,Undirected,62833,,0.672182
ASV164,ASV142,Undirected,62834,,0.697518
ASV164,ASV1468,Undirected,62835,,0.678406
ASV164,ASV150,Undirected,62838,,-0.688372
ASV164,ASV1615,Undirected,62842,,0.652044
ASV164,ASV164,Undirected,62843,,1
ASV164,ASV165,Undirected,62844,,-1.460621
ASV164,ASV1740,Undirected,62845,,1.438401
ASV164,ASV216,Undirected,62846,,-1.558845
ASV164,ASV219,Undirected,62847,,1.760626
ASV164,ASV225,Undirected,62848,,1.562339
ASV164,ASV229,Undirected,62849,,-1.414382
ASV164,ASV231,Undirected,62850,,1.643411
ASV164,ASV233,Undirected,62851,,1.457197
ASV164,ASV235,Undirected,62852,,1.633919
ASV164,ASV237,Undirected,62853,,-1.430505
ASV164,ASV24,Undirected,62854,,-1.549121
ASV164,ASV242,Undirected,62855,,1.609933
ASV164,ASV244,Undirected,62856,,-1.683231
ASV164,ASV25,Undirected,62857,,-1.76653
ASV164,ASV2511,Undirected,62858,,1.441801
ASV164,ASV260,Undirected,62859,,1.839545
ASV164,ASV261,Undirected,62860,,1.756855
ASV164,ASV264,Undirected,62861,,1.72332
ASV164,ASV271,Undirected,62862,,1.768798
ASV164,ASV273,Undirected,62863,,-1.616141
ASV164,ASV277,Undirected,62864,,1.452289
ASV164,ASV288,Undirected,62865,,1.500779
ASV164,ASV295,Undirected,62866,,1.434041
ASV164,ASV31,Undirected,62867,,-1.664597
ASV164,ASV310,Undirected,62868,,1.762698
ASV164,ASV32,Undirected,62869,,-1.566117
ASV164,ASV330,Undirected,62870,,-1.470527
ASV164,ASV3327,Undirected,62871,,-1.625817
ASV164,ASV334,Undirected,62872,,1.609933
ASV164,ASV34,Undirected,62873,,-1.465633
ASV164,ASV344,Undirected,62874,,-1.460186
ASV164,ASV349,Undirected,62875,,1.430505
ASV164,ASV35,Undirected,62876,,1.624806
ASV164,ASV352,Undirected,62877,,1.561278
ASV164,ASV36,Undirected,62878,,-1.761117
ASV164,ASV363,Undirected,62879,,-1.598552
ASV164,ASV369,Undirected,62880,,1.555901
ASV164,ASV37,Undirected,62881,,-1.578295
ASV164,ASV3752,Undirected,62882,,1.547336
ASV164,ASV398,Undirected,62883,,1.572465
ASV164,ASV4,Undirected,62884,,-1.551654
ASV164,ASV416,Undirected,62885,,1.687211
ASV164,ASV428,Undirected,62886,,1.488608
ASV164,ASV430,Undirected,62887,,1.74573
ASV164,ASV435,Undirected,62888,,1.519456
ASV164,ASV437,Undirected,62889,,1.540899
ASV164,ASV445,Undirected,62890,,-1.463011
ASV164,ASV456,Undirected,62891,,1.450215
ASV164,ASV458,Undirected,62892,,1.49249
ASV164,ASV459,Undirected,62893,,1.629023
ASV164,ASV463,Undirected,62894,,-1.542208
ASV164,ASV468,Undirected,62895,,1.627881
ASV164,ASV5,Undirected,62896,,-1.55372
ASV164,ASV501,Undirected,62897,,1.554407
ASV164,ASV514,Undirected,62898,,-1.569731
ASV164,ASV528,Undirected,62899,,1.5483
ASV164,ASV531,Undirected,62900,,1.62921
ASV164,ASV56,Undirected,62901,,-1.605998
ASV164,ASV5744,Undirected,62902,,-1.66477
ASV164,ASV59,Undirected,62903,,-1.601241
ASV164,ASV6,Undirected,62904,,1.758265
ASV164,ASV61,Undirected,62905,,-1.753751
ASV164,ASV637,Undirected,62906,,-1.460311
ASV164,ASV655,Undirected,62907,,1.623914
ASV164,ASV707,Undirected,62908,,1.427548
ASV164,ASV708,Undirected,62909,,1.790775
ASV164,ASV721,Undirected,62910,,1.422659
ASV164,ASV732,Undirected,62911,,-1.666174
ASV164,ASV74,Undirected,62912,,-1.582213
ASV164,ASV775,Undirected,62913,,1.581351
ASV164,ASV781,Undirected,62914,,1.434572
ASV164,ASV79,Undirected,62915,,-1.638903
ASV164,ASV80,Undirected,62916,,-1.701292
ASV164,ASV810,Undirected,62917,,-1.507016
ASV164,ASV82,Undirected,62918,,-1.672352
ASV164,ASV828,Undirected,62919,,1.63816
ASV164,ASV85,Undirected,62920,,1.553257
ASV164,ASV856,Undirected,62921,,1.650423
ASV164,ASV87,Undirected,62922,,-1.559918
ASV164,ASV876,Undirected,62923,,1.677574
ASV164,ASV9,Undirected,62924,,-1.712811
ASV164,ASV92,Undirected,62925,,1.502585
ASV164,ASV927,Undirected,62926,,-1.694255
ASV164,ASV95,Undirected,62927,,1.716649
ASV164,ASV96,Undirected,62928,,-1.719319
ASV164,ASV970,Undirected,62929,,1.507583
ASV164,ASV995,Undirected,62930,,1.565067
ASV1643,ASV155,Undirected,62931,,-0.632496
ASV1643,ASV1595,Undirected,62933,,-0.622768
ASV1643,ASV1643,Undirected,62934,,1
ASV1647,ASV113,Undirected,62935,,-0.658168
ASV1647,ASV1272,Undirected,62937,,-0.654237
ASV1647,ASV1277,Undirected,62938,,0.615547
ASV1647,ASV1298,Undirected,62940,,0.625657
ASV1647,ASV1358,Undirected,62941,,0.637516
ASV1647,ASV1446,Undirected,62942,,0.600572
ASV1647,ASV1647,Undirected,62943,,1
ASV1647,ASV22,Undirected,62944,,-1.435101
ASV1647,ASV655,Undirected,62945,,1.505282
ASV1647,ASV83,Undirected,62946,,1.455394
ASV1647,ASV922,Undirected,62947,,1.460113
ASV165,ASV107,Undirected,62949,,0.695482
ASV165,ASV1093,Undirected,62951,,-0.654767
ASV165,ASV111,Undirected,62952,,0.624711
ASV165,ASV1136,Undirected,62953,,0.633542
ASV165,ASV117,Undirected,62955,,0.6283
ASV165,ASV1186,Undirected,62956,,0.63859
ASV165,ASV13,Undirected,62959,,0.619686
ASV165,ASV135,Undirected,62960,,0.600338
ASV165,ASV139,Undirected,62961,,-0.67542
ASV165,ASV140,Undirected,62962,,-0.605891
ASV165,ASV1492,Undirected,62963,,-0.611546
ASV165,ASV15,Undirected,62964,,0.602755
ASV165,ASV158,Undirected,62965,,-0.693881
ASV165,ASV159,Undirected,62966,,-0.603481
ASV165,ASV165,Undirected,62968,,1
ASV165,ASV1781,Undirected,62969,,-1.554653
ASV165,ASV1985,Undirected,62970,,-1.451153
ASV165,ASV206,Undirected,62971,,1.447048
ASV165,ASV2185,Undirected,62972,,-1.449486
ASV165,ASV219,Undirected,62973,,-1.533848
ASV165,ASV228,Undirected,62974,,-1.598414
ASV165,ASV2383,Undirected,62975,,-1.439285
ASV165,ASV252,Undirected,62976,,1.441501
ASV165,ASV260,Undirected,62977,,-1.474694
ASV165,ASV261,Undirected,62978,,-1.442548
ASV165,ASV271,Undirected,62979,,-1.488522
ASV165,ASV277,Undirected,62980,,-1.448393
ASV165,ASV295,Undirected,62981,,-1.518912
ASV165,ASV31,Undirected,62982,,1.471554
ASV165,ASV310,Undirected,62983,,-1.590425
ASV165,ASV33,Undirected,62984,,1.570983
ASV165,ASV332,Undirected,62985,,-1.494579
ASV165,ASV344,Undirected,62986,,1.558902
ASV165,ASV349,Undirected,62987,,-1.472515
ASV165,ASV35,Undirected,62988,,-1.634382
ASV165,ASV36,Undirected,62989,,1.541128
ASV165,ASV3732,Undirected,62990,,-1.418176
ASV165,ASV398,Undirected,62991,,-1.425502
ASV165,ASV4134,Undirected,62992,,-1.5396
ASV165,ASV436,Undirected,62993,,-1.520228
ASV165,ASV529,Undirected,62994,,-1.614275
ASV165,ASV56,Undirected,62995,,1.4188
ASV165,ASV61,Undirected,62996,,1.493806
ASV165,ASV74,Undirected,62997,,1.494079
ASV165,ASV79,Undirected,62998,,1.446732
ASV165,ASV80,Undirected,62999,,1.642742
ASV165,ASV82,Undirected,63000,,1.447327
ASV165,ASV828,Undirected,63001,,-1.567141
ASV165,ASV854,Undirected,63002,,1.415698
ASV165,ASV9,Undirected,63003,,1.449713
ASV165,ASV927,Undirected,63004,,1.656174
ASV165,ASV95,Undirected,63005,,-1.502443
ASV165,ASV96,Undirected,63006,,1.41577
ASV167,ASV1275,Undirected,63007,,0.684023
ASV167,ASV135,Undirected,63009,,0.686462
ASV167,ASV167,Undirected,63010,,1
ASV167,ASV182,Undirected,63011,,1.453601
ASV167,ASV2026,Undirected,63012,,1.697032
ASV167,ASV570,Undirected,63013,,-1.439095
ASV167,ASV619,Undirected,63014,,-1.444272
ASV169,ASV1007,Undirected,63015,,0.698076
ASV169,ASV1024,Undirected,63016,,-0.616575
ASV169,ASV1069,Undirected,63017,,-0.697035
ASV169,ASV1141,Undirected,63018,,0.606799
ASV169,ASV1275,Undirected,63019,,0.60768
ASV169,ASV155,Undirected,63020,,0.611429
ASV169,ASV158,Undirected,63021,,-0.663907
ASV169,ASV164,Undirected,63022,,-0.65596
ASV169,ASV169,Undirected,63023,,1
ASV169,ASV20,Undirected,63024,,1.607463
ASV169,ASV27,Undirected,63025,,1.461705
ASV169,ASV4257,Undirected,63026,,-1.445771
ASV169,ASV437,Undirected,63027,,-1.572266
ASV169,ASV44,Undirected,63028,,1.437602
ASV169,ASV54,Undirected,63029,,1.443071
ASV169,ASV74,Undirected,63030,,1.512957
ASV169,ASV752,Undirected,63031,,-1.712362
ASV169,ASV79,Undirected,63032,,1.528255
ASV169,ASV914,Undirected,63033,,1.526935
ASV1691,ASV1691,Undirected,63034,,1
ASV1698,ASV1030,Undirected,63035,,0.602672
ASV1698,ASV1698,Undirected,63037,,1
ASV1698,ASV455,Undirected,63038,,1.492203
ASV170,ASV1007,Undirected,63039,,0.614467
ASV170,ASV1026,Undirected,63041,,-0.630918
ASV170,ASV1030,Undirected,63042,,-0.638298
ASV170,ASV111,Undirected,63045,,0.606422
ASV170,ASV114,Undirected,63047,,0.703935
ASV170,ASV1149,Undirected,63048,,-0.612225
ASV170,ASV1161,Undirected,63049,,-0.610825
ASV170,ASV1243,Undirected,63054,,-0.663203
ASV170,ASV1272,Undirected,63055,,0.674575
ASV170,ASV1286,Undirected,63056,,-0.618418
ASV170,ASV1292,Undirected,63057,,-0.612843
ASV170,ASV1298,Undirected,63059,,-0.611112
ASV170,ASV139,Undirected,63062,,-0.624548
ASV170,ASV1466,Undirected,63063,,-0.618629
ASV170,ASV149,Undirected,63064,,-0.644744
ASV170,ASV1492,Undirected,63065,,-0.624481
ASV170,ASV1499,Undirected,63066,,-0.650955
ASV170,ASV15,Undirected,63067,,0.631798
ASV170,ASV159,Undirected,63070,,-0.63259
ASV170,ASV1615,Undirected,63071,,-0.607838
ASV170,ASV164,Undirected,63072,,-0.667013
ASV170,ASV170,Undirected,63073,,1
ASV170,ASV1781,Undirected,63074,,-1.467229
ASV170,ASV182,Undirected,63075,,1.427534
ASV170,ASV216,Undirected,63076,,1.678863
ASV170,ASV231,Undirected,63077,,-1.658389
ASV170,ASV24,Undirected,63078,,1.444849
ASV170,ASV244,Undirected,63079,,1.488855
ASV170,ASV2511,Undirected,63080,,-1.535147
ASV170,ASV260,Undirected,63081,,-1.438051
ASV170,ASV263,Undirected,63082,,1.502591
ASV170,ASV271,Undirected,63083,,-1.595016
ASV170,ASV273,Undirected,63084,,1.441452
ASV170,ASV276,Undirected,63085,,1.742472
ASV170,ASV307,Undirected,63086,,1.536067
ASV170,ASV31,Undirected,63087,,1.584241
ASV170,ASV335,Undirected,63088,,-1.508852
ASV170,ASV35,Undirected,63089,,-1.439962
ASV170,ASV36,Undirected,63090,,1.501814
ASV170,ASV38,Undirected,63091,,1.489917
ASV170,ASV4229,Undirected,63092,,-1.436517
ASV170,ASV451,Undirected,63093,,1.462934
ASV170,ASV456,Undirected,63094,,-1.517924
ASV170,ASV483,Undirected,63095,,1.594965
ASV170,ASV5,Undirected,63096,,1.487848
ASV170,ASV51,Undirected,63097,,-1.732852
ASV170,ASV529,Undirected,63098,,-1.700509
ASV170,ASV59,Undirected,63099,,1.527165
ASV170,ASV603,Undirected,63100,,-1.542139
ASV170,ASV61,Undirected,63101,,1.471503
ASV170,ASV611,Undirected,63102,,-1.425326
ASV170,ASV625,Undirected,63103,,1.563641
ASV170,ASV637,Undirected,63104,,1.598756
ASV170,ASV655,Undirected,63105,,-1.599383
ASV170,ASV681,Undirected,63106,,1.440292
ASV170,ASV702,Undirected,63107,,1.552583
ASV170,ASV741,Undirected,63108,,-1.595654
ASV170,ASV77,Undirected,63109,,1.60166
ASV170,ASV79,Undirected,63110,,1.416581
ASV170,ASV80,Undirected,63111,,1.461701
ASV170,ASV828,Undirected,63112,,-1.422638
ASV170,ASV856,Undirected,63113,,-1.460781
ASV170,ASV87,Undirected,63114,,1.469224
ASV170,ASV9,Undirected,63115,,1.500264
ASV170,ASV955,Undirected,63116,,-1.423605
ASV170,ASV96,Undirected,63117,,1.507261
ASV1704,ASV1051,Undirected,63118,,-0.645145
ASV1704,ASV1704,Undirected,63119,,1
ASV1704,ASV727,Undirected,63120,,1.412671
ASV171,ASV100,Undirected,63121,,0.63736
ASV171,ASV1007,Undirected,63122,,0.698755
ASV171,ASV103,Undirected,63123,,0.601972
ASV171,ASV1073,Undirected,63124,,-0.675756
ASV171,ASV108,Undirected,63125,,0.69139
ASV171,ASV111,Undirected,63126,,0.688245
ASV171,ASV113,Undirected,63127,,0.633351
ASV171,ASV114,Undirected,63128,,0.668738
ASV171,ASV1165,Undirected,63129,,0.684507
ASV171,ASV117,Undirected,63130,,0.660788
ASV171,ASV121,Undirected,63131,,0.702647
ASV171,ASV122,Undirected,63132,,0.648625
ASV171,ASV1251,Undirected,63134,,-0.618955
ASV171,ASV1338,Undirected,63136,,-0.64486
ASV171,ASV1466,Undirected,63137,,-0.624873
ASV171,ASV149,Undirected,63138,,-0.625583
ASV171,ASV150,Undirected,63139,,0.706006
ASV171,ASV159,Undirected,63141,,-0.641412
ASV171,ASV164,Undirected,63143,,-0.681513
ASV171,ASV171,Undirected,63144,,1
ASV171,ASV172,Undirected,63145,,1.471293
ASV171,ASV175,Undirected,63146,,1.577643
ASV171,ASV181,Undirected,63147,,-1.46473
ASV171,ASV187,Undirected,63148,,1.65821
ASV171,ASV197,Undirected,63149,,1.43967
ASV171,ASV2017,Undirected,63150,,-1.52073
ASV171,ASV225,Undirected,63151,,-1.496374
ASV171,ASV237,Undirected,63152,,1.677924
ASV171,ASV24,Undirected,63153,,1.509064
ASV171,ASV25,Undirected,63154,,1.477501
ASV171,ASV263,Undirected,63155,,1.423835
ASV171,ASV32,Undirected,63156,,1.51061
ASV171,ASV363,Undirected,63157,,1.625908
ASV171,ASV37,Undirected,63158,,1.608699
ASV171,ASV4,Undirected,63159,,1.676157
ASV171,ASV404,Undirected,63160,,1.485694
ASV171,ASV4134,Undirected,63161,,-1.526204
ASV171,ASV445,Undirected,63162,,1.446633
ASV171,ASV451,Undirected,63163,,1.459824
ASV171,ASV48,Undirected,63164,,1.564186
ASV171,ASV5,Undirected,63165,,1.54372
ASV171,ASV53,Undirected,63166,,1.45963
ASV171,ASV56,Undirected,63167,,1.456242
ASV171,ASV564,Undirected,63168,,1.717405
ASV171,ASV57,Undirected,63169,,1.490421
ASV171,ASV59,Undirected,63170,,1.444392
ASV171,ASV6,Undirected,63171,,-1.473362
ASV171,ASV61,Undirected,63172,,1.512954
ASV171,ASV71,Undirected,63173,,1.54372
ASV171,ASV74,Undirected,63174,,1.630245
ASV171,ASV80,Undirected,63175,,1.541411
ASV171,ASV810,Undirected,63176,,1.540544
ASV171,ASV82,Undirected,63177,,1.432715
ASV171,ASV85,Undirected,63178,,-1.416884
ASV171,ASV856,Undirected,63179,,-1.513768
ASV171,ASV87,Undirected,63180,,1.533373
ASV171,ASV9,Undirected,63181,,1.618215
ASV171,ASV93,Undirected,63182,,1.518386
ASV1712,ASV1712,Undirected,63184,,1
ASV172,ASV1007,Undirected,63185,,0.700582
ASV172,ASV111,Undirected,63187,,0.603306
ASV172,ASV114,Undirected,63188,,0.662881
ASV172,ASV1141,Undirected,63189,,0.612205
ASV172,ASV117,Undirected,63191,,0.633215
ASV172,ASV122,Undirected,63192,,0.696794
ASV172,ASV1275,Undirected,63193,,0.705641
ASV172,ASV13,Undirected,63194,,0.647393
ASV172,ASV1381,Undirected,63195,,0.689709
ASV172,ASV1561,Undirected,63198,,0.629478
ASV172,ASV1615,Undirected,63199,,-0.614659
ASV172,ASV164,Undirected,63200,,-0.641529
ASV172,ASV172,Undirected,63202,,1
ASV172,ASV175,Undirected,63203,,1.734641
ASV172,ASV187,Undirected,63204,,1.518596
ASV172,ASV197,Undirected,63205,,1.423554
ASV172,ASV2552,Undirected,63206,,1.419253
ASV172,ASV2915,Undirected,63207,,1.712517
ASV172,ASV363,Undirected,63208,,1.705428
ASV172,ASV37,Undirected,63209,,1.720186
ASV172,ASV4,Undirected,63210,,1.830753
ASV172,ASV4277,Undirected,63211,,1.439507
ASV172,ASV445,Undirected,63212,,1.548322
ASV172,ASV48,Undirected,63213,,1.873
ASV172,ASV5,Undirected,63214,,1.566563
ASV172,ASV514,Undirected,63215,,1.497679
ASV172,ASV5245,Undirected,63216,,1.758265
ASV172,ASV54,Undirected,63217,,1.426213
ASV172,ASV56,Undirected,63218,,1.477273
ASV172,ASV564,Undirected,63219,,1.566853
ASV172,ASV5687,Undirected,63220,,1.727967
ASV172,ASV57,Undirected,63221,,1.466943
ASV172,ASV5744,Undirected,63222,,1.463568
ASV172,ASV61,Undirected,63223,,1.459433
ASV172,ASV677,Undirected,63224,,1.725346
ASV172,ASV781,Undirected,63225,,-1.427849
ASV172,ASV810,Undirected,63226,,1.519975
ASV172,ASV82,Undirected,63227,,1.490966
ASV172,ASV9,Undirected,63228,,1.562436
ASV173,ASV173,Undirected,63229,,1
ASV173,ASV1791,Undirected,63230,,1.495075
ASV1730,ASV111,Undirected,63234,,-0.616582
ASV1730,ASV1141,Undirected,63236,,-0.659019
ASV1730,ASV1149,Undirected,63237,,0.671029
ASV1730,ASV117,Undirected,63238,,-0.689154
ASV1730,ASV12,Undirected,63239,,-0.657662
ASV1730,ASV121,Undirected,63240,,-0.701454
ASV1730,ASV122,Undirected,63241,,-0.682295
ASV1730,ASV123,Undirected,63242,,-0.606684
ASV1730,ASV1243,Undirected,63243,,0.660427
ASV1730,ASV125,Undirected,63244,,0.660965
ASV1730,ASV1492,Undirected,63248,,0.604567
ASV1730,ASV150,Undirected,63249,,-0.648371
ASV1730,ASV159,Undirected,63250,,0.700935
ASV1730,ASV1615,Undirected,63251,,0.687592
ASV1730,ASV164,Undirected,63252,,0.659069
ASV1730,ASV169,Undirected,63253,,-0.655763
ASV1730,ASV171,Undirected,63254,,-0.620654
ASV1730,ASV1730,Undirected,63255,,1
ASV1730,ASV184,Undirected,63256,,-1.615984
ASV1730,ASV194,Undirected,63257,,-1.51971
ASV1730,ASV197,Undirected,63258,,-1.561661
ASV1730,ASV2017,Undirected,63259,,1.478586
ASV1730,ASV216,Undirected,63260,,-1.485393
ASV1730,ASV225,Undirected,63261,,1.429758
ASV1730,ASV229,Undirected,63262,,-1.563506
ASV1730,ASV233,Undirected,63263,,1.541344
ASV1730,ASV237,Undirected,63264,,-1.420999
ASV1730,ASV2383,Undirected,63265,,1.425467
ASV1730,ASV24,Undirected,63266,,-1.627983
ASV1730,ASV25,Undirected,63267,,-1.428578
ASV1730,ASV267,Undirected,63268,,-1.709681
ASV1730,ASV273,Undirected,63269,,-1.551065
ASV1730,ASV276,Undirected,63270,,-1.482598
ASV1730,ASV277,Undirected,63271,,1.478171
ASV1730,ASV31,Undirected,63272,,-1.597511
ASV1730,ASV32,Undirected,63273,,-1.739139
ASV1730,ASV34,Undirected,63274,,-1.524604
ASV1730,ASV37,Undirected,63275,,-1.518389
ASV1730,ASV374,Undirected,63276,,-1.516347
ASV1730,ASV404,Undirected,63277,,-1.432299
ASV1730,ASV41,Undirected,63278,,-1.425173
ASV1730,ASV437,Undirected,63279,,1.650514
ASV1730,ASV440,Undirected,63280,,1.43971
ASV1730,ASV447,Undirected,63281,,1.444986
ASV1730,ASV4518,Undirected,63282,,1.478402
ASV1730,ASV463,Undirected,63283,,-1.617021
ASV1730,ASV5,Undirected,63284,,-1.561084
ASV1730,ASV501,Undirected,63285,,1.627207
ASV1730,ASV516,Undirected,63286,,-1.557527
ASV1730,ASV5638,Undirected,63287,,1.472758
ASV1730,ASV57,Undirected,63288,,-1.620729
ASV1730,ASV5744,Undirected,63289,,-1.452568
ASV1730,ASV59,Undirected,63290,,-1.569366
ASV1730,ASV61,Undirected,63291,,-1.41939
ASV1730,ASV641,Undirected,63292,,-1.508293
ASV1730,ASV71,Undirected,63293,,-1.513465
ASV1730,ASV74,Undirected,63294,,-1.636273
ASV1730,ASV752,Undirected,63295,,1.492454
ASV1730,ASV79,Undirected,63296,,-1.641267
ASV1730,ASV80,Undirected,63297,,-1.440709
ASV1730,ASV82,Undirected,63298,,-1.563962
ASV1730,ASV87,Undirected,63299,,-1.567295
ASV1730,ASV9,Undirected,63300,,-1.59214
ASV1730,ASV90,Undirected,63301,,-1.568915
ASV1730,ASV955,Undirected,63302,,1.616994
ASV1733,ASV1733,Undirected,63303,,1
ASV1733,ASV353,Undirected,63304,,-1.487735
ASV1733,ASV664,Undirected,63305,,-1.427013
ASV1738,ASV108,Undirected,63307,,-0.678003
ASV1738,ASV1093,Undirected,63308,,0.693707
ASV1738,ASV110,Undirected,63309,,-0.641876
ASV1738,ASV1221,Undirected,63310,,0.657055
ASV1738,ASV125,Undirected,63311,,0.682568
ASV1738,ASV1254,Undirected,63312,,0.649764
ASV1738,ASV1273,Undirected,63313,,0.601607
ASV1738,ASV1277,Undirected,63314,,0.67946
ASV1738,ASV135,Undirected,63315,,-0.696817
ASV1738,ASV1437,Undirected,63317,,0.619082
ASV1738,ASV1446,Undirected,63318,,0.637372
ASV1738,ASV164,Undirected,63319,,0.610098
ASV1738,ASV165,Undirected,63320,,-0.664731
ASV1738,ASV167,Undirected,63321,,-0.616452
ASV1738,ASV1738,Undirected,63322,,1
ASV1738,ASV2066,Undirected,63323,,1.486673
ASV1738,ASV2736,Undirected,63324,,1.472302
ASV1738,ASV288,Undirected,63325,,1.427708
ASV1738,ASV310,Undirected,63326,,1.633116
ASV1738,ASV344,Undirected,63327,,-1.542352
ASV1738,ASV349,Undirected,63328,,1.508085
ASV1738,ASV398,Undirected,63329,,1.596644
ASV1738,ASV570,Undirected,63330,,1.559618
ASV1738,ASV657,Undirected,63331,,1.57604
ASV1738,ASV92,Undirected,63332,,1.412858
ASV1738,ASV95,Undirected,63333,,1.440231
ASV1738,ASV995,Undirected,63334,,1.546715
ASV174,ASV1036,Undirected,63335,,-0.638522
ASV174,ASV135,Undirected,63337,,0.601386
ASV174,ASV174,Undirected,63338,,1
ASV174,ASV2291,Undirected,63339,,-1.640323
ASV174,ASV550,Undirected,63340,,1.42797
ASV174,ASV640,Undirected,63341,,1.50167
ASV1740,ASV1015,Undirected,63342,,-0.600968
ASV1740,ASV113,Undirected,63344,,-0.661997
ASV1740,ASV120,Undirected,63346,,0.604701
ASV1740,ASV125,Undirected,63347,,0.600945
ASV1740,ASV1292,Undirected,63348,,0.65281
ASV1740,ASV139,Undirected,63349,,0.634436
ASV1740,ASV159,Undirected,63350,,0.680567
ASV1740,ASV1740,Undirected,63352,,1
ASV1740,ASV219,Undirected,63353,,1.497665
ASV1740,ASV2213,Undirected,63354,,1.444542
ASV1740,ASV235,Undirected,63355,,1.627692
ASV1740,ASV25,Undirected,63356,,-1.471202
ASV1740,ASV260,Undirected,63357,,1.504441
ASV1740,ASV261,Undirected,63358,,1.55257
ASV1740,ASV264,Undirected,63359,,1.457018
ASV1740,ASV2744,Undirected,63360,,1.423062
ASV1740,ASV283,Undirected,63361,,1.50183
ASV1740,ASV352,Undirected,63362,,1.488473
ASV1740,ASV369,Undirected,63363,,1.476331
ASV1740,ASV416,Undirected,63364,,1.420846
ASV1740,ASV435,Undirected,63365,,1.476625
ASV1740,ASV459,Undirected,63366,,1.444448
ASV1740,ASV5010,Undirected,63367,,1.446187
ASV1740,ASV531,Undirected,63368,,1.438554
ASV1740,ASV707,Undirected,63369,,1.526647
ASV1740,ASV783,Undirected,63370,,1.434556
ASV1740,ASV787,Undirected,63371,,1.480265
ASV1740,ASV813,Undirected,63372,,1.434832
ASV1740,ASV876,Undirected,63373,,1.437712
ASV1740,ASV921,Undirected,63374,,-1.438578
ASV1740,ASV938,Undirected,63375,,-1.415979
ASV1740,ASV95,Undirected,63376,,1.42384
ASV1740,ASV966,Undirected,63377,,1.545077
ASV1740,ASV995,Undirected,63378,,1.564626
ASV175,ASV1069,Undirected,63381,,-0.692637
ASV175,ASV108,Undirected,63383,,0.63613
ASV175,ASV113,Undirected,63385,,0.658398
ASV175,ASV114,Undirected,63386,,0.701446
ASV175,ASV121,Undirected,63389,,0.647853
ASV175,ASV1298,Undirected,63391,,-0.610931
ASV175,ASV1358,Undirected,63393,,-0.614084
ASV175,ASV14,Undirected,63394,,-0.611255
ASV175,ASV1428,Undirected,63395,,-0.6019
ASV175,ASV159,Undirected,63398,,-0.609531
ASV175,ASV164,Undirected,63400,,-0.62429
ASV175,ASV1730,Undirected,63403,,-0.683586
ASV175,ASV175,Undirected,63404,,1
ASV175,ASV187,Undirected,63405,,1.629974
ASV175,ASV194,Undirected,63406,,1.461978
ASV175,ASV197,Undirected,63407,,1.699225
ASV175,ASV220,Undirected,63408,,1.545889
ASV175,ASV229,Undirected,63409,,1.501552
ASV175,ASV2383,Undirected,63410,,-1.439698
ASV175,ASV24,Undirected,63411,,1.66615
ASV175,ASV244,Undirected,63412,,1.418522
ASV175,ASV25,Undirected,63413,,1.420754
ASV175,ASV263,Undirected,63414,,1.529473
ASV175,ASV267,Undirected,63415,,1.507022
ASV175,ASV273,Undirected,63416,,1.625647
ASV175,ASV31,Undirected,63417,,1.53337
ASV175,ASV32,Undirected,63418,,1.588023
ASV175,ASV363,Undirected,63419,,1.617374
ASV175,ASV37,Undirected,63420,,1.67562
ASV175,ASV4,Undirected,63421,,1.767682
ASV175,ASV404,Undirected,63422,,1.429634
ASV175,ASV41,Undirected,63423,,1.448347
ASV175,ASV445,Undirected,63424,,1.48604
ASV175,ASV4518,Undirected,63425,,-1.432003
ASV175,ASV48,Undirected,63426,,1.768595
ASV175,ASV5,Undirected,63427,,1.66856
ASV175,ASV514,Undirected,63428,,1.484981
ASV175,ASV53,Undirected,63429,,1.584711
ASV175,ASV54,Undirected,63430,,1.457925
ASV175,ASV56,Undirected,63431,,1.534884
ASV175,ASV564,Undirected,63432,,1.634018
ASV175,ASV5687,Undirected,63433,,1.800549
ASV175,ASV57,Undirected,63434,,1.684755
ASV175,ASV5744,Undirected,63435,,1.476733
ASV175,ASV59,Undirected,63436,,1.598348
ASV175,ASV6,Undirected,63437,,-1.48064
ASV175,ASV61,Undirected,63438,,1.580146
ASV175,ASV677,Undirected,63439,,1.420137
ASV175,ASV71,Undirected,63440,,1.709861
ASV175,ASV74,Undirected,63441,,1.605168
ASV175,ASV810,Undirected,63442,,1.526984
ASV175,ASV82,Undirected,63443,,1.650826
ASV175,ASV9,Undirected,63444,,1.65617
ASV175,ASV90,Undirected,63445,,1.628941
ASV175,ASV96,Undirected,63446,,1.436856
ASV176,ASV1607,Undirected,63448,,-0.628756
ASV176,ASV1704,Undirected,63449,,-0.631043
ASV176,ASV176,Undirected,63450,,1
ASV176,ASV474,Undirected,63451,,1.616123
ASV1763,ASV101,Undirected,63452,,-0.607809
ASV1763,ASV1026,Undirected,63453,,0.690995
ASV1763,ASV1446,Undirected,63456,,0.601538
ASV1763,ASV16,Undirected,63457,,-0.662516
ASV1763,ASV1740,Undirected,63458,,0.694156
ASV1763,ASV1763,Undirected,63459,,1
ASV1763,ASV328,Undirected,63460,,1.562144
ASV1763,ASV369,Undirected,63461,,1.558447
ASV1763,ASV540,Undirected,63462,,1.442831
ASV1763,ASV557,Undirected,63463,,-1.426188
ASV1763,ASV92,Undirected,63464,,1.486258
ASV1763,ASV938,Undirected,63465,,-1.486403
ASV1772,ASV1027,Undirected,63466,,0.660754
ASV1772,ASV1698,Undirected,63467,,-0.676192
ASV1772,ASV1772,Undirected,63468,,1
ASV1772,ASV2411,Undirected,63469,,1.539544
ASV1774,ASV1073,Undirected,63470,,0.687672
ASV1774,ASV1338,Undirected,63472,,0.619596
ASV1774,ASV1774,Undirected,63473,,1
ASV178,ASV107,Undirected,63474,,-0.607503
ASV178,ASV113,Undirected,63475,,-0.620915
ASV178,ASV121,Undirected,63476,,-0.655554
ASV178,ASV13,Undirected,63478,,-0.60864
ASV178,ASV1428,Undirected,63479,,0.654958
ASV178,ASV154,Undirected,63480,,0.613635
ASV178,ASV1738,Undirected,63481,,0.608833
ASV178,ASV178,Undirected,63482,,1
ASV178,ASV570,Undirected,63483,,1.439848
ASV178,ASV672,Undirected,63484,,1.680463
ASV178,ASV918,Undirected,63485,,-1.446014
ASV1780,ASV1712,Undirected,63486,,-0.613834
ASV1780,ASV1780,Undirected,63487,,1
ASV1781,ASV100,Undirected,63488,,-0.653445
ASV1781,ASV1038,Undirected,63489,,0.695805
ASV1781,ASV107,Undirected,63490,,-0.684872
ASV1781,ASV113,Undirected,63492,,-0.654553
ASV1781,ASV114,Undirected,63493,,-0.701982
ASV1781,ASV1161,Undirected,63494,,0.649791
ASV1781,ASV1165,Undirected,63495,,-0.615189
ASV1781,ASV117,Undirected,63496,,-0.65453
ASV1781,ASV1193,Undirected,63497,,0.6977
ASV1781,ASV121,Undirected,63498,,-0.682459
ASV1781,ASV123,Undirected,63500,,-0.702407
ASV1781,ASV1243,Undirected,63501,,0.667884
ASV1781,ASV1295,Undirected,63502,,0.609834
ASV1781,ASV142,Undirected,63504,,0.625981
ASV1781,ASV1428,Undirected,63505,,0.600318
ASV1781,ASV153,Undirected,63507,,-0.655253
ASV1781,ASV158,Undirected,63508,,0.648503
ASV1781,ASV160,Undirected,63509,,0.675535
ASV1781,ASV164,Undirected,63510,,0.681046
ASV1781,ASV171,Undirected,63513,,-0.60146
ASV1781,ASV1738,Undirected,63514,,0.607668
ASV1781,ASV175,Undirected,63515,,-0.600735
ASV1781,ASV1781,Undirected,63516,,1
ASV1781,ASV179,Undirected,63517,,1.59792
ASV1781,ASV195,Undirected,63518,,-1.619155
ASV1781,ASV216,Undirected,63519,,-1.466094
ASV1781,ASV231,Undirected,63520,,1.629305
ASV1781,ASV2383,Undirected,63521,,1.473679
ASV1781,ASV24,Undirected,63522,,-1.522095
ASV1781,ASV244,Undirected,63523,,-1.51015
ASV1781,ASV252,Undirected,63524,,-1.430366
ASV1781,ASV263,Undirected,63525,,-1.509369
ASV1781,ASV273,Undirected,63526,,-1.559265
ASV1781,ASV31,Undirected,63527,,-1.595434
ASV1781,ASV344,Undirected,63528,,-1.499237
ASV1781,ASV349,Undirected,63529,,1.416364
ASV1781,ASV36,Undirected,63530,,-1.503393
ASV1781,ASV37,Undirected,63531,,-1.45381
ASV1781,ASV451,Undirected,63532,,-1.488309
ASV1781,ASV529,Undirected,63533,,1.632563
ASV1781,ASV56,Undirected,63534,,-1.479497
ASV1781,ASV61,Undirected,63535,,-1.505211
ASV1781,ASV637,Undirected,63536,,-1.614182
ASV1781,ASV77,Undirected,63537,,-1.423524
ASV1781,ASV80,Undirected,63538,,-1.57323
ASV1781,ASV810,Undirected,63539,,-1.496351
ASV1781,ASV82,Undirected,63540,,-1.584653
ASV1781,ASV828,Undirected,63541,,1.537503
ASV1781,ASV87,Undirected,63542,,-1.536091
ASV1781,ASV9,Undirected,63543,,-1.583835
ASV1781,ASV95,Undirected,63544,,1.431704
ASV1781,ASV952,Undirected,63545,,1.494248
ASV179,ASV107,Undirected,63546,,-0.628439
ASV179,ASV108,Undirected,63547,,-0.685359
ASV179,ASV1093,Undirected,63548,,0.648778
ASV179,ASV1136,Undirected,63549,,-0.617639
ASV179,ASV114,Undirected,63550,,-0.637309
ASV179,ASV115,Undirected,63551,,-0.613072
ASV179,ASV117,Undirected,63552,,-0.668744
ASV179,ASV1193,Undirected,63553,,0.700424
ASV179,ASV123,Undirected,63556,,-0.643534
ASV179,ASV1295,Undirected,63558,,0.694682
ASV179,ASV1466,Undirected,63561,,0.60573
ASV179,ASV1492,Undirected,63562,,0.643822
ASV179,ASV154,Undirected,63563,,0.652672
ASV179,ASV158,Undirected,63564,,0.640418
ASV179,ASV164,Undirected,63565,,0.603942
ASV179,ASV165,Undirected,63566,,-0.682938
ASV179,ASV170,Undirected,63567,,-0.679128
ASV179,ASV179,Undirected,63569,,1
ASV179,ASV231,Undirected,63570,,1.490163
ASV179,ASV273,Undirected,63571,,-1.429464
ASV179,ASV335,Undirected,63572,,1.484378
ASV179,ASV35,Undirected,63573,,1.604153
ASV179,ASV452,Undirected,63574,,-1.60283
ASV179,ASV507,Undirected,63575,,-1.446431
ASV179,ASV529,Undirected,63576,,1.548416
ASV179,ASV5488,Undirected,63577,,1.456341
ASV179,ASV557,Undirected,63578,,-1.414283
ASV179,ASV61,Undirected,63579,,-1.519713
ASV179,ASV637,Undirected,63580,,-1.687826
ASV179,ASV77,Undirected,63581,,-1.499482
ASV179,ASV857,Undirected,63582,,-1.550931
ASV179,ASV920,Undirected,63583,,1.45304
ASV1791,ASV176,Undirected,63585,,0.661282
ASV1791,ASV1791,Undirected,63586,,1
ASV1793,ASV1093,Undirected,63587,,0.657262
ASV1793,ASV139,Undirected,63589,,0.66373
ASV1793,ASV179,Undirected,63590,,0.66858
ASV1793,ASV1793,Undirected,63591,,1
ASV1793,ASV191,Undirected,63592,,-1.436946
ASV1793,ASV2511,Undirected,63593,,1.435652
ASV1793,ASV458,Undirected,63594,,1.506553
ASV1793,ASV528,Undirected,63595,,1.433195
ASV1793,ASV549,Undirected,63596,,1.499493
ASV1793,ASV6,Undirected,63597,,1.414358
ASV1793,ASV775,Undirected,63598,,1.528132
ASV18,ASV1017,Undirected,63600,,-0.62217
ASV18,ASV102,Undirected,63601,,-0.61666
ASV18,ASV106,Undirected,63602,,-0.635033
ASV18,ASV1069,Undirected,63603,,0.683976
ASV18,ASV114,Undirected,63607,,-0.687661
ASV18,ASV1141,Undirected,63608,,-0.649687
ASV18,ASV115,Undirected,63609,,-0.679071
ASV18,ASV122,Undirected,63613,,-0.68641
ASV18,ASV123,Undirected,63614,,-0.649006
ASV18,ASV1298,Undirected,63616,,0.616565
ASV18,ASV135,Undirected,63618,,-0.673916
ASV18,ASV1428,Undirected,63620,,0.640653
ASV18,ASV1492,Undirected,63621,,0.603209
ASV18,ASV15,Undirected,63622,,-0.688017
ASV18,ASV154,Undirected,63623,,0.627066
ASV18,ASV158,Undirected,63624,,0.665978
ASV18,ASV165,Undirected,63625,,-0.609966
ASV18,ASV170,Undirected,63626,,-0.605279
ASV18,ASV175,Undirected,63627,,-0.623645
ASV18,ASV178,Undirected,63628,,0.649365
ASV18,ASV18,Undirected,63629,,1
ASV18,ASV182,Undirected,63630,,-1.430064
ASV18,ASV191,Undirected,63631,,-1.69948
ASV18,ASV217,Undirected,63632,,-1.430649
ASV18,ASV220,Undirected,63633,,-1.807269
ASV18,ASV226,Undirected,63634,,-1.723471
ASV18,ASV24,Undirected,63635,,-1.433885
ASV18,ASV2511,Undirected,63636,,1.470602
ASV18,ASV263,Undirected,63637,,-1.413955
ASV18,ASV273,Undirected,63638,,-1.488374
ASV18,ASV28,Undirected,63639,,1.728446
ASV18,ASV288,Undirected,63640,,1.413352
ASV18,ASV29,Undirected,63641,,1.884299
ASV18,ASV30,Undirected,63642,,1.426213
ASV18,ASV3327,Undirected,63643,,-1.633538
ASV18,ASV34,Undirected,63644,,-1.478575
ASV18,ASV3732,Undirected,63645,,1.420892
ASV18,ASV38,Undirected,63646,,-1.467492
ASV18,ASV39,Undirected,63647,,1.510331
ASV18,ASV51,Undirected,63648,,1.499239
ASV18,ASV539,Undirected,63649,,1.437955
ASV18,ASV5488,Undirected,63650,,1.518394
ASV18,ASV562,Undirected,63651,,-1.45908
ASV18,ASV570,Undirected,63652,,1.524109
ASV18,ASV59,Undirected,63653,,-1.55418
ASV18,ASV60,Undirected,63654,,-1.453059
ASV18,ASV61,Undirected,63655,,-1.52765
ASV18,ASV62,Undirected,63656,,-1.56756
ASV18,ASV641,Undirected,63657,,-1.484583
ASV18,ASV681,Undirected,63658,,-1.69447
ASV18,ASV71,Undirected,63659,,-1.446852
ASV18,ASV733,Undirected,63660,,-1.461363
ASV18,ASV74,Undirected,63661,,-1.539257
ASV18,ASV771,Undirected,63662,,-1.452788
ASV18,ASV810,Undirected,63663,,-1.432882
ASV18,ASV82,Undirected,63664,,-1.482705
ASV18,ASV90,Undirected,63665,,-1.508265
ASV180,ASV1069,Undirected,63666,,-0.64358
ASV180,ASV113,Undirected,63668,,0.641623
ASV180,ASV1186,Undirected,63669,,0.613477
ASV180,ASV12,Undirected,63670,,0.657956
ASV180,ASV122,Undirected,63671,,0.659673
ASV180,ASV1269,Undirected,63672,,-0.612943
ASV180,ASV13,Undirected,63674,,0.640247
ASV180,ASV1358,Undirected,63675,,-0.607164
ASV180,ASV1492,Undirected,63676,,-0.626922
ASV180,ASV150,Undirected,63677,,0.628758
ASV180,ASV164,Undirected,63678,,-0.615499
ASV180,ASV175,Undirected,63679,,0.675236
ASV180,ASV180,Undirected,63680,,1
ASV180,ASV231,Undirected,63681,,-1.515496
ASV180,ASV244,Undirected,63682,,1.503205
ASV180,ASV273,Undirected,63683,,1.494062
ASV180,ASV34,Undirected,63684,,1.426718
ASV180,ASV440,Undirected,63685,,-1.417229
ASV180,ASV4966,Undirected,63686,,-1.468531
ASV180,ASV507,Undirected,63687,,1.453597
ASV1804,ASV1804,Undirected,63688,,1
ASV181,ASV103,Undirected,63689,,-0.64712
ASV181,ASV108,Undirected,63690,,-0.641079
ASV181,ASV1251,Undirected,63691,,0.602084
ASV181,ASV1466,Undirected,63693,,0.627995
ASV181,ASV153,Undirected,63694,,-0.610767
ASV181,ASV1535,Undirected,63695,,-0.667085
ASV181,ASV181,Undirected,63697,,1
ASV181,ASV187,Undirected,63698,,-1.447956
ASV181,ASV2809,Undirected,63699,,1.446809
ASV181,ASV54,Undirected,63700,,-1.454738
ASV181,ASV786,Undirected,63701,,-1.425456
ASV181,ASV854,Undirected,63702,,-1.447041
ASV1812,ASV1123,Undirected,63703,,0.688333
ASV1812,ASV1812,Undirected,63704,,1
ASV182,ASV1013,Undirected,63705,,0.636413
ASV182,ASV106,Undirected,63706,,0.628756
ASV182,ASV1069,Undirected,63707,,-0.616989
ASV182,ASV113,Undirected,63708,,0.695024
ASV182,ASV1286,Undirected,63713,,-0.617279
ASV182,ASV13,Undirected,63714,,0.62468
ASV182,ASV135,Undirected,63715,,0.603431
ASV182,ASV14,Undirected,63717,,-0.609332
ASV182,ASV1499,Undirected,63719,,-0.643544
ASV182,ASV15,Undirected,63720,,0.614111
ASV182,ASV1546,Undirected,63721,,-0.630016
ASV182,ASV158,Undirected,63722,,-0.611202
ASV182,ASV160,Undirected,63723,,-0.628646
ASV182,ASV174,Undirected,63726,,0.63767
ASV182,ASV182,Undirected,63728,,1
ASV182,ASV22,Undirected,63729,,1.428104
ASV182,ASV244,Undirected,63730,,1.451717
ASV182,ASV51,Undirected,63731,,-1.622072
ASV183,ASV113,Undirected,63733,,-0.655592
ASV183,ASV12,Undirected,63734,,-0.602085
ASV183,ASV127,Undirected,63735,,-0.671902
ASV183,ASV1353,Undirected,63736,,0.616466
ASV183,ASV142,Undirected,63737,,0.641046
ASV183,ASV146,Undirected,63738,,-0.605855
ASV183,ASV149,Undirected,63739,,0.678968
ASV183,ASV159,Undirected,63740,,0.639253
ASV183,ASV1698,Undirected,63741,,0.620718
ASV183,ASV170,Undirected,63742,,-0.635279
ASV183,ASV182,Undirected,63743,,-0.627411
ASV183,ASV183,Undirected,63744,,1
ASV183,ASV233,Undirected,63745,,1.453598
ASV183,ASV382,Undirected,63746,,1.576643
ASV183,ASV589,Undirected,63747,,1.576491
ASV1830,ASV1215,Undirected,63748,,-0.692442
ASV1830,ASV1219,Undirected,63749,,-0.636628
ASV1830,ASV140,Undirected,63750,,-0.620214
ASV1830,ASV1830,Undirected,63751,,1
ASV1830,ASV3347,Undirected,63752,,-1.465835
ASV1830,ASV667,Undirected,63753,,1.524612
ASV1838,ASV1007,Undirected,63754,,-0.63697
ASV1838,ASV1026,Undirected,63756,,0.642659
ASV1838,ASV1165,Undirected,63757,,-0.680089
ASV1838,ASV120,Undirected,63759,,0.620681
ASV1838,ASV122,Undirected,63760,,-0.645014
ASV1838,ASV1295,Undirected,63762,,0.671957
ASV1838,ASV1358,Undirected,63764,,0.605838
ASV1838,ASV1492,Undirected,63765,,0.672853
ASV1838,ASV150,Undirected,63766,,-0.666533
ASV1838,ASV1561,Undirected,63767,,-0.617956
ASV1838,ASV164,Undirected,63769,,0.603861
ASV1838,ASV172,Undirected,63770,,-0.632797
ASV1838,ASV175,Undirected,63771,,-0.601906
ASV1838,ASV1838,Undirected,63772,,1
ASV1838,ASV261,Undirected,63773,,1.462735
ASV1838,ASV459,Undirected,63774,,1.51211
ASV1838,ASV5,Undirected,63775,,-1.438573
ASV1838,ASV514,Undirected,63776,,-1.430612
ASV1838,ASV531,Undirected,63777,,1.465349
ASV1838,ASV571,Undirected,63778,,-1.626482
ASV1838,ASV677,Undirected,63779,,-1.483718
ASV1838,ASV732,Undirected,63780,,-1.64121
ASV1838,ASV909,Undirected,63781,,1.482717
ASV1838,ASV96,Undirected,63782,,-1.459861
ASV184,ASV1017,Undirected,63783,,0.623782
ASV184,ASV107,Undirected,63786,,0.625713
ASV184,ASV108,Undirected,63787,,0.618257
ASV184,ASV1093,Undirected,63788,,-0.621555
ASV184,ASV113,Undirected,63789,,0.670638
ASV184,ASV114,Undirected,63790,,0.627331
ASV184,ASV117,Undirected,63792,,0.636411
ASV184,ASV12,Undirected,63793,,0.642264
ASV184,ASV1215,Undirected,63795,,-0.613914
ASV184,ASV122,Undirected,63796,,0.657995
ASV184,ASV1243,Undirected,63797,,-0.672559
ASV184,ASV125,Undirected,63798,,-0.637824
ASV184,ASV142,Undirected,63800,,-0.628173
ASV184,ASV149,Undirected,63801,,-0.636976
ASV184,ASV150,Undirected,63802,,0.632507
ASV184,ASV153,Undirected,63803,,0.616461
ASV184,ASV159,Undirected,63804,,-0.673586
ASV184,ASV164,Undirected,63805,,-0.661316
ASV184,ASV165,Undirected,63806,,0.668616
ASV184,ASV170,Undirected,63807,,0.633817
ASV184,ASV175,Undirected,63809,,0.701865
ASV184,ASV1781,Undirected,63810,,-0.680544
ASV184,ASV1793,Undirected,63811,,-0.64446
ASV184,ASV18,Undirected,63812,,-0.667359
ASV184,ASV180,Undirected,63813,,0.703325
ASV184,ASV184,Undirected,63814,,1
ASV184,ASV191,Undirected,63815,,1.475515
ASV184,ASV194,Undirected,63816,,1.482634
ASV184,ASV220,Undirected,63817,,1.527275
ASV184,ASV233,Undirected,63818,,-1.523912
ASV184,ASV2383,Undirected,63819,,-1.508163
ASV184,ASV24,Undirected,63820,,1.601245
ASV184,ASV244,Undirected,63821,,1.625713
ASV184,ASV2511,Undirected,63822,,-1.63358
ASV184,ASV263,Undirected,63823,,1.589638
ASV184,ASV267,Undirected,63824,,1.670312
ASV184,ASV273,Undirected,63825,,1.712954
ASV184,ASV276,Undirected,63826,,1.451714
ASV184,ASV31,Undirected,63827,,1.602903
ASV184,ASV32,Undirected,63828,,1.616146
ASV184,ASV3327,Undirected,63829,,1.448232
ASV184,ASV334,Undirected,63830,,-1.423835
ASV184,ASV34,Undirected,63831,,1.642861
ASV184,ASV374,Undirected,63832,,1.490664
ASV184,ASV38,Undirected,63833,,1.523026
ASV184,ASV437,Undirected,63834,,-1.449446
ASV184,ASV440,Undirected,63835,,-1.496106
ASV184,ASV46,Undirected,63836,,1.415117
ASV184,ASV463,Undirected,63837,,1.510373
ASV184,ASV5,Undirected,63838,,1.454738
ASV184,ASV501,Undirected,63839,,-1.449922
ASV184,ASV516,Undirected,63840,,1.552557
ASV184,ASV5638,Undirected,63841,,-1.473049
ASV184,ASV57,Undirected,63842,,1.426206
ASV184,ASV59,Undirected,63843,,1.63477
ASV184,ASV61,Undirected,63844,,1.439379
ASV184,ASV637,Undirected,63845,,1.498964
ASV184,ASV641,Undirected,63846,,1.484187
ASV184,ASV681,Undirected,63847,,1.517135
ASV184,ASV71,Undirected,63848,,1.626493
ASV184,ASV74,Undirected,63849,,1.497671
ASV184,ASV79,Undirected,63850,,1.589638
ASV184,ASV82,Undirected,63851,,1.71636
ASV184,ASV9,Undirected,63852,,1.539581
ASV184,ASV90,Undirected,63853,,1.617817
ASV1840,ASV1070,Undirected,63855,,-0.654134
ASV1840,ASV1346,Undirected,63856,,0.603828
ASV1840,ASV1551,Undirected,63857,,-0.607238
ASV1840,ASV1840,Undirected,63858,,1
ASV1840,ASV2809,Undirected,63859,,-1.420428
ASV1842,ASV123,Undirected,63860,,0.634082
ASV1842,ASV1353,Undirected,63861,,-0.600427
ASV1842,ASV178,Undirected,63862,,-0.64504
ASV1842,ASV182,Undirected,63863,,0.657587
ASV1842,ASV1842,Undirected,63864,,1
ASV185,ASV1007,Undirected,63865,,0.646507
ASV185,ASV1338,Undirected,63866,,-0.668054
ASV185,ASV143,Undirected,63867,,0.601768
ASV185,ASV171,Undirected,63869,,0.64865
ASV185,ASV175,Undirected,63870,,0.624487
ASV185,ASV185,Undirected,63871,,1
ASV185,ASV44,Undirected,63872,,1.442958
ASV185,ASV53,Undirected,63873,,1.672214
ASV185,ASV55,Undirected,63874,,1.510386
ASV1852,ASV1432,Undirected,63877,,0.65187
ASV1852,ASV1852,Undirected,63878,,1
ASV1852,ASV240,Undirected,63879,,1.593587
ASV1852,ASV770,Undirected,63880,,1.488275
ASV187,ASV1024,Undirected,63882,,-0.663279
ASV187,ASV1069,Undirected,63884,,-0.630656
ASV187,ASV108,Undirected,63885,,0.650959
ASV187,ASV111,Undirected,63886,,0.663909
ASV187,ASV113,Undirected,63887,,0.648397
ASV187,ASV117,Undirected,63889,,0.652512
ASV187,ASV122,Undirected,63890,,0.680363
ASV187,ASV125,Undirected,63891,,-0.62597
ASV187,ASV13,Undirected,63893,,0.678553
ASV187,ASV142,Undirected,63894,,-0.631851
ASV187,ASV1535,Undirected,63897,,0.636108
ASV187,ASV1561,Undirected,63898,,0.622814
ASV187,ASV159,Undirected,63899,,-0.668913
ASV187,ASV164,Undirected,63901,,-0.608066
ASV187,ASV1730,Undirected,63904,,-0.67824
ASV187,ASV1838,Undirected,63907,,-0.656466
ASV187,ASV185,Undirected,63908,,0.681893
ASV187,ASV187,Undirected,63909,,1
ASV187,ASV196,Undirected,63910,,1.607032
ASV187,ASV197,Undirected,63911,,1.527404
ASV187,ASV2017,Undirected,63912,,-1.565394
ASV187,ASV225,Undirected,63913,,-1.441283
ASV187,ASV229,Undirected,63914,,1.457838
ASV187,ASV23,Undirected,63915,,1.471075
ASV187,ASV2361,Undirected,63916,,1.466895
ASV187,ASV24,Undirected,63917,,1.420889
ASV187,ASV25,Undirected,63918,,1.417356
ASV187,ASV27,Undirected,63919,,1.471075
ASV187,ASV31,Undirected,63920,,1.480332
ASV187,ASV32,Undirected,63921,,1.518596
ASV187,ASV363,Undirected,63922,,1.530264
ASV187,ASV37,Undirected,63923,,1.794315
ASV187,ASV4,Undirected,63924,,1.669422
ASV187,ASV404,Undirected,63925,,1.471953
ASV187,ASV41,Undirected,63926,,1.598967
ASV187,ASV445,Undirected,63927,,1.617176
ASV187,ASV4518,Undirected,63928,,-1.438977
ASV187,ASV48,Undirected,63929,,1.734367
ASV187,ASV5,Undirected,63930,,1.791323
ASV187,ASV514,Undirected,63931,,1.439092
ASV187,ASV515,Undirected,63932,,1.540611
ASV187,ASV53,Undirected,63933,,1.494574
ASV187,ASV54,Undirected,63934,,1.774794
ASV187,ASV5687,Undirected,63935,,1.509376
ASV187,ASV57,Undirected,63936,,1.853154
ASV187,ASV59,Undirected,63937,,1.44215
ASV187,ASV65,Undirected,63938,,-1.560496
ASV187,ASV67,Undirected,63939,,1.439504
ASV187,ASV71,Undirected,63940,,1.545455
ASV187,ASV74,Undirected,63941,,1.430197
ASV187,ASV786,Undirected,63942,,1.560174
ASV187,ASV80,Undirected,63943,,1.522481
ASV187,ASV85,Undirected,63944,,-1.441572
ASV187,ASV856,Undirected,63945,,-1.627601
ASV187,ASV87,Undirected,63946,,1.508265
ASV187,ASV9,Undirected,63947,,1.733472
ASV187,ASV96,Undirected,63948,,1.464528
ASV188,ASV1202,Undirected,63949,,0.665877
ASV188,ASV1492,Undirected,63950,,0.641857
ASV188,ASV154,Undirected,63951,,0.662171
ASV188,ASV188,Undirected,63952,,1
ASV19,ASV148,Undirected,63953,,-0.687305
ASV19,ASV163,Undirected,63954,,-0.679916
ASV19,ASV19,Undirected,63955,,1
ASV190,ASV1030,Undirected,63956,,-0.603842
ASV190,ASV14,Undirected,63957,,-0.653212
ASV190,ASV190,Undirected,63959,,1
ASV190,ASV252,Undirected,63960,,1.460862
ASV190,ASV4229,Undirected,63961,,-1.622444
ASV190,ASV73,Undirected,63962,,1.428868
ASV190,ASV77,Undirected,63963,,1.448884
ASV1907,ASV149,Undirected,63966,,0.61353
ASV1907,ASV1561,Undirected,63967,,-0.663876
ASV1907,ASV1907,Undirected,63968,,1
ASV191,ASV100,Undirected,63969,,0.653244
ASV191,ASV1017,Undirected,63970,,0.664918
ASV191,ASV107,Undirected,63971,,0.677447
ASV191,ASV108,Undirected,63972,,0.673627
ASV191,ASV1093,Undirected,63973,,-0.633177
ASV191,ASV116,Undirected,63978,,-0.658346
ASV191,ASV117,Undirected,63980,,0.667892
ASV191,ASV121,Undirected,63981,,0.684932
ASV191,ASV122,Undirected,63982,,0.647306
ASV191,ASV125,Undirected,63984,,-0.678659
ASV191,ASV1298,Undirected,63985,,-0.694434
ASV191,ASV135,Undirected,63987,,0.661457
ASV191,ASV140,Undirected,63989,,-0.606469
ASV191,ASV154,Undirected,63990,,-0.617921
ASV191,ASV16,Undirected,63991,,0.627616
ASV191,ASV165,Undirected,63992,,0.630532
ASV191,ASV171,Undirected,63993,,0.629831
ASV191,ASV175,Undirected,63994,,0.642057
ASV191,ASV179,Undirected,63995,,-0.603346
ASV191,ASV190,Undirected,63999,,0.604597
ASV191,ASV191,Undirected,64000,,1
ASV191,ASV220,Undirected,64001,,1.724293
ASV191,ASV226,Undirected,64002,,1.456171
ASV191,ASV24,Undirected,64003,,1.425332
ASV191,ASV2511,Undirected,64004,,-1.638962
ASV191,ASV263,Undirected,64005,,1.593781
ASV191,ASV267,Undirected,64006,,1.421855
ASV191,ASV271,Undirected,64007,,-1.440514
ASV191,ASV273,Undirected,64008,,1.522946
ASV191,ASV29,Undirected,64009,,-1.617944
ASV191,ASV327,Undirected,64010,,1.438867
ASV191,ASV3327,Undirected,64011,,1.495803
ASV191,ASV34,Undirected,64012,,1.452692
ASV191,ASV363,Undirected,64013,,1.491696
ASV191,ASV38,Undirected,64014,,1.489385
ASV191,ASV4229,Undirected,64015,,-1.473626
ASV191,ASV483,Undirected,64016,,1.446262
ASV191,ASV528,Undirected,64017,,-1.498176
ASV191,ASV539,Undirected,64018,,-1.52042
ASV191,ASV564,Undirected,64019,,1.444396
ASV191,ASV59,Undirected,64020,,1.495625
ASV191,ASV6,Undirected,64021,,-1.431141
ASV191,ASV61,Undirected,64022,,1.448987
ASV191,ASV681,Undirected,64023,,1.657634
ASV191,ASV71,Undirected,64024,,1.508106
ASV191,ASV73,Undirected,64025,,1.527403
ASV191,ASV733,Undirected,64026,,1.530338
ASV191,ASV810,Undirected,64027,,1.499485
ASV191,ASV82,Undirected,64028,,1.532819
ASV191,ASV922,Undirected,64029,,-1.588916
ASV192,ASV1186,Undirected,64031,,-0.616692
ASV192,ASV1247,Undirected,64032,,0.626254
ASV192,ASV125,Undirected,64033,,0.663034
ASV192,ASV1292,Undirected,64034,,0.693018
ASV192,ASV140,Undirected,64035,,0.617472
ASV192,ASV1492,Undirected,64037,,0.610624
ASV192,ASV164,Undirected,64038,,0.606557
ASV192,ASV1740,Undirected,64039,,0.673811
ASV192,ASV1763,Undirected,64040,,0.63276
ASV192,ASV192,Undirected,64041,,1
ASV192,ASV219,Undirected,64042,,1.495841
ASV192,ASV297,Undirected,64043,,1.470988
ASV192,ASV369,Undirected,64044,,1.61708
ASV192,ASV3752,Undirected,64045,,1.556461
ASV192,ASV384,Undirected,64046,,1.636364
ASV192,ASV435,Undirected,64047,,1.615388
ASV192,ASV459,Undirected,64048,,1.431121
ASV192,ASV531,Undirected,64049,,1.562738
ASV192,ASV783,Undirected,64050,,1.444272
ASV192,ASV85,Undirected,64051,,1.477151
ASV192,ASV995,Undirected,64052,,1.482218
ASV193,ASV1071,Undirected,64053,,0.632885
ASV193,ASV1595,Undirected,64054,,-0.638737
ASV193,ASV193,Undirected,64055,,1
ASV193,ASV3107,Undirected,64056,,1.44538
ASV194,ASV1007,Undirected,64058,,0.604788
ASV194,ASV1017,Undirected,64059,,0.679946
ASV194,ASV108,Undirected,64064,,0.674961
ASV194,ASV111,Undirected,64065,,0.690477
ASV194,ASV1120,Undirected,64066,,-0.687188
ASV194,ASV1141,Undirected,64068,,0.624427
ASV194,ASV121,Undirected,64071,,0.692428
ASV194,ASV1217,Undirected,64072,,-0.605583
ASV194,ASV123,Undirected,64074,,0.655039
ASV194,ASV1243,Undirected,64075,,-0.631171
ASV194,ASV125,Undirected,64076,,-0.636976
ASV194,ASV1273,Undirected,64077,,-0.610427
ASV194,ASV1298,Undirected,64078,,-0.607002
ASV194,ASV1381,Undirected,64080,,0.639826
ASV194,ASV142,Undirected,64081,,-0.692029
ASV194,ASV153,Undirected,64084,,0.689602
ASV194,ASV159,Undirected,64086,,-0.620332
ASV194,ASV1615,Undirected,64087,,-0.654296
ASV194,ASV164,Undirected,64088,,-0.700829
ASV194,ASV165,Undirected,64089,,0.642627
ASV194,ASV171,Undirected,64090,,0.602903
ASV194,ASV172,Undirected,64091,,0.635989
ASV194,ASV1738,Undirected,64093,,-0.631807
ASV194,ASV178,Undirected,64095,,-0.640819
ASV194,ASV1781,Undirected,64096,,-0.706193
ASV194,ASV18,Undirected,64097,,-0.698037
ASV194,ASV194,Undirected,64099,,1
ASV194,ASV197,Undirected,64100,,1.672879
ASV194,ASV2,Undirected,64101,,1.443643
ASV194,ASV214,Undirected,64102,,-1.459265
ASV194,ASV216,Undirected,64103,,1.549966
ASV194,ASV220,Undirected,64104,,1.502599
ASV194,ASV225,Undirected,64105,,-1.462455
ASV194,ASV226,Undirected,64106,,1.549561
ASV194,ASV229,Undirected,64107,,1.646815
ASV194,ASV237,Undirected,64108,,1.445486
ASV194,ASV2383,Undirected,64109,,-1.663608
ASV194,ASV24,Undirected,64110,,1.73085
ASV194,ASV25,Undirected,64111,,1.580148
ASV194,ASV261,Undirected,64112,,-1.453133
ASV194,ASV267,Undirected,64113,,1.432439
ASV194,ASV273,Undirected,64114,,1.543242
ASV194,ASV31,Undirected,64115,,1.668394
ASV194,ASV32,Undirected,64116,,1.753882
ASV194,ASV344,Undirected,64117,,1.502071
ASV194,ASV36,Undirected,64118,,1.491719
ASV194,ASV363,Undirected,64119,,1.426204
ASV194,ASV37,Undirected,64120,,1.426799
ASV194,ASV4,Undirected,64121,,1.416756
ASV194,ASV404,Undirected,64122,,1.469316
ASV194,ASV436,Undirected,64123,,-1.490665
ASV194,ASV459,Undirected,64124,,-1.472126
ASV194,ASV463,Undirected,64125,,1.542768
ASV194,ASV5,Undirected,64126,,1.580148
ASV194,ASV501,Undirected,64127,,-1.549793
ASV194,ASV56,Undirected,64128,,1.59938
ASV194,ASV5744,Undirected,64129,,1.558778
ASV194,ASV59,Undirected,64130,,1.731131
ASV194,ASV61,Undirected,64131,,1.636458
ASV194,ASV619,Undirected,64132,,-1.432019
ASV194,ASV634,Undirected,64133,,-1.413471
ASV194,ASV660,Undirected,64134,,-1.489606
ASV194,ASV681,Undirected,64135,,1.666842
ASV194,ASV71,Undirected,64136,,1.584285
ASV194,ASV74,Undirected,64137,,1.646999
ASV194,ASV781,Undirected,64138,,-1.499089
ASV194,ASV79,Undirected,64139,,1.613672
ASV194,ASV80,Undirected,64140,,1.452666
ASV194,ASV810,Undirected,64141,,1.701824
ASV194,ASV82,Undirected,64142,,1.74858
ASV194,ASV828,Undirected,64143,,-1.453038
ASV194,ASV87,Undirected,64144,,1.468462
ASV194,ASV9,Undirected,64145,,1.520169
ASV194,ASV90,Undirected,64146,,1.870601
ASV194,ASV918,Undirected,64147,,1.598134
ASV194,ASV96,Undirected,64148,,1.496112
ASV1946,ASV1092,Undirected,64149,,0.629083
ASV1946,ASV11,Undirected,64150,,-0.698348
ASV1946,ASV1293,Undirected,64151,,0.653964
ASV1946,ASV133,Undirected,64152,,-0.648188
ASV1946,ASV1946,Undirected,64154,,1
ASV1946,ASV2223,Undirected,64155,,1.417158
ASV1946,ASV234,Undirected,64156,,-1.46821
ASV1946,ASV3207,Undirected,64157,,1.624224
ASV1946,ASV478,Undirected,64158,,1.557516
ASV1946,ASV585,Undirected,64159,,-1.431527
ASV195,ASV100,Undirected,64160,,0.621751
ASV195,ASV1030,Undirected,64161,,-0.664245
ASV195,ASV1038,Undirected,64162,,-0.661867
ASV195,ASV107,Undirected,64163,,0.689995
ASV195,ASV111,Undirected,64165,,0.642155
ASV195,ASV114,Undirected,64166,,0.624743
ASV195,ASV1165,Undirected,64167,,0.638445
ASV195,ASV1186,Undirected,64168,,0.611246
ASV195,ASV13,Undirected,64171,,0.671844
ASV195,ASV1428,Undirected,64172,,-0.602103
ASV195,ASV150,Undirected,64173,,0.642341
ASV195,ASV1615,Undirected,64174,,-0.627819
ASV195,ASV165,Undirected,64175,,0.67647
ASV195,ASV1730,Undirected,64176,,-0.60301
ASV195,ASV175,Undirected,64177,,0.648035
ASV195,ASV180,Undirected,64179,,0.611223
ASV195,ASV184,Undirected,64180,,0.622925
ASV195,ASV187,Undirected,64181,,0.639566
ASV195,ASV194,Undirected,64182,,0.661483
ASV195,ASV195,Undirected,64183,,1
ASV195,ASV233,Undirected,64184,,-1.459463
ASV195,ASV2383,Undirected,64185,,-1.613776
ASV195,ASV24,Undirected,64186,,1.4956
ASV195,ASV277,Undirected,64187,,-1.440002
ASV195,ASV31,Undirected,64188,,1.497149
ASV195,ASV32,Undirected,64189,,1.41956
ASV195,ASV344,Undirected,64190,,1.545315
ASV195,ASV37,Undirected,64191,,1.453419
ASV195,ASV38,Undirected,64192,,1.57269
ASV195,ASV436,Undirected,64193,,-1.595226
ASV195,ASV451,Undirected,64194,,1.438051
ASV195,ASV57,Undirected,64195,,1.501814
ASV195,ASV71,Undirected,64196,,1.535442
ASV195,ASV79,Undirected,64197,,1.453887
ASV195,ASV798,Undirected,64198,,-1.437289
ASV195,ASV80,Undirected,64199,,1.530024
ASV195,ASV828,Undirected,64200,,-1.637592
ASV195,ASV87,Undirected,64201,,1.551997
ASV195,ASV9,Undirected,64202,,1.516818
ASV195,ASV952,Undirected,64203,,-1.442617
ASV196,ASV1032,Undirected,64206,,0.655194
ASV196,ASV1092,Undirected,64207,,-0.608184
ASV196,ASV122,Undirected,64208,,0.607077
ASV196,ASV142,Undirected,64209,,-0.636505
ASV196,ASV169,Undirected,64211,,0.600519
ASV196,ASV1730,Undirected,64212,,-0.691711
ASV196,ASV175,Undirected,64213,,0.610336
ASV196,ASV181,Undirected,64214,,-0.637494
ASV196,ASV184,Undirected,64215,,0.620923
ASV196,ASV185,Undirected,64216,,0.613912
ASV196,ASV195,Undirected,64218,,0.62144
ASV196,ASV196,Undirected,64219,,1
ASV196,ASV37,Undirected,64220,,1.528682
ASV196,ASV41,Undirected,64221,,1.442894
ASV196,ASV44,Undirected,64222,,1.50491
ASV196,ASV5,Undirected,64223,,1.52686
ASV196,ASV54,Undirected,64224,,1.557852
ASV196,ASV57,Undirected,64225,,1.566701
ASV196,ASV9,Undirected,64226,,1.522728
ASV197,ASV100,Undirected,64227,,0.604682
ASV197,ASV1017,Undirected,64229,,0.649461
ASV197,ASV102,Undirected,64230,,0.646298
ASV197,ASV1030,Undirected,64231,,-0.651297
ASV197,ASV106,Undirected,64232,,0.662873
ASV197,ASV107,Undirected,64234,,0.604555
ASV197,ASV117,Undirected,64238,,0.692906
ASV197,ASV121,Undirected,64239,,0.673058
ASV197,ASV122,Undirected,64240,,0.679323
ASV197,ASV123,Undirected,64241,,0.618442
ASV197,ASV125,Undirected,64242,,-0.615623
ASV197,ASV1269,Undirected,64243,,-0.616541
ASV197,ASV1381,Undirected,64245,,0.655901
ASV197,ASV142,Undirected,64246,,-0.6515
ASV197,ASV159,Undirected,64250,,-0.701556
ASV197,ASV1615,Undirected,64251,,-0.692994
ASV197,ASV164,Undirected,64252,,-0.686143
ASV197,ASV184,Undirected,64257,,0.689281
ASV197,ASV195,Undirected,64260,,0.610047
ASV197,ASV197,Undirected,64261,,1
ASV197,ASV2017,Undirected,64262,,-1.429545
ASV197,ASV2026,Undirected,64263,,1.428749
ASV197,ASV220,Undirected,64264,,1.515568
ASV197,ASV2213,Undirected,64265,,-1.440512
ASV197,ASV226,Undirected,64266,,1.455681
ASV197,ASV227,Undirected,64267,,1.423837
ASV197,ASV229,Undirected,64268,,1.624418
ASV197,ASV24,Undirected,64269,,1.670114
ASV197,ASV244,Undirected,64270,,1.46791
ASV197,ASV25,Undirected,64271,,1.617769
ASV197,ASV267,Undirected,64272,,1.578414
ASV197,ASV273,Undirected,64273,,1.619245
ASV197,ASV31,Undirected,64274,,1.474121
ASV197,ASV32,Undirected,64275,,1.783059
ASV197,ASV34,Undirected,64276,,1.461499
ASV197,ASV37,Undirected,64277,,1.57106
ASV197,ASV4,Undirected,64278,,1.56405
ASV197,ASV403,Undirected,64279,,1.451163
ASV197,ASV404,Undirected,64280,,1.474032
ASV197,ASV459,Undirected,64281,,-1.443504
ASV197,ASV463,Undirected,64282,,1.521493
ASV197,ASV48,Undirected,64283,,1.58553
ASV197,ASV5,Undirected,64284,,1.642563
ASV197,ASV501,Undirected,64285,,-1.611402
ASV197,ASV514,Undirected,64286,,1.413172
ASV197,ASV56,Undirected,64287,,1.490176
ASV197,ASV564,Undirected,64288,,1.481335
ASV197,ASV5687,Undirected,64289,,1.582142
ASV197,ASV57,Undirected,64290,,1.702172
ASV197,ASV5744,Undirected,64291,,1.433006
ASV197,ASV59,Undirected,64292,,1.638431
ASV197,ASV61,Undirected,64293,,1.474392
ASV197,ASV626,Undirected,64294,,1.423837
ASV197,ASV641,Undirected,64295,,1.443778
ASV197,ASV71,Undirected,64296,,1.696282
ASV197,ASV74,Undirected,64297,,1.488108
ASV197,ASV781,Undirected,64298,,-1.442968
ASV197,ASV79,Undirected,64299,,1.463011
ASV197,ASV810,Undirected,64300,,1.468614
ASV197,ASV82,Undirected,64301,,1.582429
ASV197,ASV856,Undirected,64302,,-1.429468
ASV197,ASV87,Undirected,64303,,1.413224
ASV197,ASV9,Undirected,64304,,1.599174
ASV197,ASV90,Undirected,64305,,1.742503
ASV197,ASV96,Undirected,64306,,1.474885
ASV1972,ASV1038,Undirected,64307,,0.602128
ASV1972,ASV1972,Undirected,64308,,1
ASV1985,ASV1026,Undirected,64309,,0.617489
ASV1985,ASV103,Undirected,64310,,-0.659745
ASV1985,ASV104,Undirected,64311,,-0.699718
ASV1985,ASV108,Undirected,64312,,-0.63396
ASV1985,ASV120,Undirected,64313,,0.702573
ASV1985,ASV1492,Undirected,64314,,0.616998
ASV1985,ASV1740,Undirected,64317,,0.625429
ASV1985,ASV1985,Undirected,64318,,1
ASV1985,ASV248,Undirected,64319,,1.603982
ASV1985,ASV277,Undirected,64320,,1.432351
ASV1985,ASV344,Undirected,64321,,-1.443778
ASV1985,ASV36,Undirected,64322,,-1.481883
ASV1985,ASV732,Undirected,64323,,-1.508482
ASV1985,ASV828,Undirected,64324,,1.550465
ASV1985,ASV927,Undirected,64325,,-1.535096
ASV1986,ASV1051,Undirected,64326,,0.629787
ASV1986,ASV1986,Undirected,64327,,1
ASV1986,ASV3824,Undirected,64328,,-1.495828
ASV199,ASV1030,Undirected,64330,,-0.663612
ASV199,ASV104,Undirected,64331,,0.613447
ASV199,ASV1149,Undirected,64333,,-0.616872
ASV199,ASV1196,Undirected,64334,,0.602628
ASV199,ASV1292,Undirected,64336,,-0.657057
ASV199,ASV1363,Undirected,64337,,0.692856
ASV199,ASV138,Undirected,64338,,0.617612
ASV199,ASV199,Undirected,64339,,1
ASV199,ASV266,Undirected,64340,,-1.527261
ASV199,ASV394,Undirected,64341,,-1.461341
ASV199,ASV413,Undirected,64342,,1.510807
ASV199,ASV46,Undirected,64343,,1.501143
ASV199,ASV634,Undirected,64344,,-1.484443
ASV2,ASV1005,Undirected,64345,,-0.672967
ASV2,ASV1353,Undirected,64348,,-0.656964
ASV2,ASV149,Undirected,64350,,-0.637397
ASV2,ASV151,Undirected,64351,,0.623452
ASV2,ASV159,Undirected,64352,,-0.624227
ASV2,ASV164,Undirected,64353,,-0.636364
ASV2,ASV169,Undirected,64354,,0.635614
ASV2,ASV1730,Undirected,64355,,-0.624227
ASV2,ASV1740,Undirected,64356,,-0.660794
ASV2,ASV2,Undirected,64358,,1
ASV2,ASV20,Undirected,64359,,1.424884
ASV2,ASV245,Undirected,64360,,-1.473141
ASV2,ASV32,Undirected,64361,,1.426213
ASV2,ASV330,Undirected,64362,,1.506199
ASV2,ASV416,Undirected,64363,,-1.429906
ASV2,ASV437,Undirected,64364,,-1.449862
ASV2,ASV585,Undirected,64365,,-1.443648
ASV2,ASV660,Undirected,64366,,-1.490704
ASV2,ASV721,Undirected,64367,,-1.580489
ASV2,ASV79,Undirected,64368,,1.465635
ASV2,ASV921,Undirected,64369,,1.524433
ASV20,ASV1007,Undirected,64370,,0.64383
ASV20,ASV103,Undirected,64371,,0.630763
ASV20,ASV1036,Undirected,64372,,-0.697613
ASV20,ASV1141,Undirected,64374,,0.619813
ASV20,ASV1251,Undirected,64375,,-0.636615
ASV20,ASV1273,Undirected,64376,,-0.612099
ASV20,ASV142,Undirected,64377,,-0.660982
ASV20,ASV149,Undirected,64378,,-0.636693
ASV20,ASV1546,Undirected,64379,,-0.601254
ASV20,ASV158,Undirected,64380,,-0.646694
ASV20,ASV159,Undirected,64381,,-0.614192
ASV20,ASV164,Undirected,64382,,-0.623256
ASV20,ASV196,Undirected,64384,,0.61292
ASV20,ASV20,Undirected,64386,,1
ASV20,ASV27,Undirected,64387,,1.767682
ASV20,ASV416,Undirected,64388,,-1.413046
ASV20,ASV437,Undirected,64389,,-1.605662
ASV20,ASV554,Undirected,64390,,-1.417771
ASV2008,ASV102,Undirected,64392,,-0.687465
ASV2008,ASV106,Undirected,64393,,-0.61945
ASV2008,ASV115,Undirected,64394,,-0.668447
ASV2008,ASV1269,Undirected,64395,,0.620694
ASV2008,ASV1428,Undirected,64396,,0.634161
ASV2008,ASV147,Undirected,64397,,-0.648122
ASV2008,ASV194,Undirected,64398,,-0.636871
ASV2008,ASV2008,Undirected,64399,,1
ASV2008,ASV232,Undirected,64400,,-1.66987
ASV2008,ASV475,Undirected,64401,,-1.415566
ASV2008,ASV634,Undirected,64402,,1.431782
ASV201,ASV100,Undirected,64403,,-0.672563
ASV201,ASV119,Undirected,64404,,-0.633251
ASV201,ASV148,Undirected,64405,,-0.632592
ASV201,ASV190,Undirected,64407,,-0.626232
ASV201,ASV201,Undirected,64408,,1
ASV201,ASV224,Undirected,64409,,1.660631
ASV201,ASV314,Undirected,64410,,1.495077
ASV201,ASV407,Undirected,64411,,1.662351
ASV201,ASV606,Undirected,64412,,1.613074
ASV201,ASV64,Undirected,64413,,1.626681
ASV2010,ASV112,Undirected,64414,,-0.661584
ASV2010,ASV126,Undirected,64415,,-0.682564
ASV2010,ASV2010,Undirected,64416,,1
ASV2017,ASV1007,Undirected,64417,,-0.685051
ASV2017,ASV1038,Undirected,64418,,0.66885
ASV2017,ASV12,Undirected,64420,,-0.602952
ASV2017,ASV121,Undirected,64421,,-0.623058
ASV2017,ASV1243,Undirected,64422,,0.612495
ASV2017,ASV1251,Undirected,64424,,0.614379
ASV2017,ASV13,Undirected,64426,,-0.69247
ASV2017,ASV1381,Undirected,64427,,-0.60148
ASV2017,ASV1428,Undirected,64429,,0.705481
ASV2017,ASV1535,Undirected,64431,,-0.639075
ASV2017,ASV159,Undirected,64432,,0.669133
ASV2017,ASV164,Undirected,64434,,0.644236
ASV2017,ASV194,Undirected,64438,,-0.671578
ASV2017,ASV20,Undirected,64440,,-0.663225
ASV2017,ASV2017,Undirected,64441,,1
ASV2017,ASV205,Undirected,64442,,1.569107
ASV2017,ASV225,Undirected,64443,,1.679121
ASV2017,ASV229,Undirected,64444,,-1.456423
ASV2017,ASV233,Undirected,64445,,1.563749
ASV2017,ASV237,Undirected,64446,,-1.569225
ASV2017,ASV24,Undirected,64447,,-1.431635
ASV2017,ASV242,Undirected,64448,,1.444922
ASV2017,ASV25,Undirected,64449,,-1.507406
ASV2017,ASV260,Undirected,64450,,1.433118
ASV2017,ASV27,Undirected,64451,,-1.428069
ASV2017,ASV291,Undirected,64452,,1.489058
ASV2017,ASV31,Undirected,64453,,-1.529356
ASV2017,ASV32,Undirected,64454,,-1.534548
ASV2017,ASV360,Undirected,64455,,1.478457
ASV2017,ASV37,Undirected,64456,,-1.429851
ASV2017,ASV404,Undirected,64457,,-1.568299
ASV2017,ASV445,Undirected,64458,,-1.562022
ASV2017,ASV5,Undirected,64459,,-1.540811
ASV2017,ASV501,Undirected,64460,,1.501623
ASV2017,ASV551,Undirected,64461,,-1.626274
ASV2017,ASV554,Undirected,64462,,1.512686
ASV2017,ASV5638,Undirected,64463,,1.446849
ASV2017,ASV57,Undirected,64464,,-1.435815
ASV2017,ASV59,Undirected,64465,,-1.490704
ASV2017,ASV655,Undirected,64466,,1.505537
ASV2017,ASV71,Undirected,64467,,-1.438508
ASV2017,ASV752,Undirected,64468,,1.418828
ASV2017,ASV85,Undirected,64469,,1.47866
ASV2017,ASV856,Undirected,64470,,1.529391
ASV2017,ASV87,Undirected,64471,,-1.557514
ASV2017,ASV9,Undirected,64472,,-1.507406
ASV2017,ASV95,Undirected,64473,,1.596743
ASV202,ASV113,Undirected,64474,,-0.604038
ASV202,ASV1152,Undirected,64475,,0.612034
ASV202,ASV157,Undirected,64476,,0.610996
ASV202,ASV1647,Undirected,64477,,0.608089
ASV202,ASV202,Undirected,64478,,1
ASV202,ASV382,Undirected,64479,,1.483641
ASV202,ASV456,Undirected,64480,,1.642787
ASV202,ASV549,Undirected,64481,,1.446632
ASV202,ASV589,Undirected,64482,,1.416278
ASV202,ASV631,Undirected,64483,,-1.438797
ASV202,ASV669,Undirected,64484,,1.448695
ASV2026,ASV1026,Undirected,64485,,-0.698362
ASV2026,ASV1069,Undirected,64486,,-0.647005
ASV2026,ASV107,Undirected,64487,,0.683039
ASV2026,ASV110,Undirected,64488,,0.624755
ASV2026,ASV111,Undirected,64489,,0.671302
ASV2026,ASV113,Undirected,64490,,0.704919
ASV2026,ASV1161,Undirected,64491,,-0.609008
ASV2026,ASV117,Undirected,64493,,0.668663
ASV2026,ASV120,Undirected,64494,,-0.61713
ASV2026,ASV122,Undirected,64495,,0.652095
ASV2026,ASV14,Undirected,64500,,-0.660114
ASV2026,ASV1428,Undirected,64501,,-0.628725
ASV2026,ASV1499,Undirected,64502,,-0.606933
ASV2026,ASV15,Undirected,64503,,0.656594
ASV2026,ASV153,Undirected,64504,,0.647855
ASV2026,ASV158,Undirected,64505,,-0.60638
ASV2026,ASV159,Undirected,64506,,-0.652693
ASV2026,ASV160,Undirected,64507,,-0.607108
ASV2026,ASV1615,Undirected,64508,,-0.605333
ASV2026,ASV164,Undirected,64509,,-0.662372
ASV2026,ASV1738,Undirected,64511,,-0.631018
ASV2026,ASV175,Undirected,64512,,0.624755
ASV2026,ASV1781,Undirected,64513,,-0.611119
ASV2026,ASV18,Undirected,64514,,-0.655916
ASV2026,ASV182,Undirected,64515,,0.689202
ASV2026,ASV191,Undirected,64516,,0.604995
ASV2026,ASV194,Undirected,64517,,0.629932
ASV2026,ASV195,Undirected,64518,,0.643937
ASV2026,ASV2026,Undirected,64520,,1
ASV2026,ASV2185,Undirected,64521,,-1.54845
ASV2026,ASV220,Undirected,64522,,1.47957
ASV2026,ASV226,Undirected,64523,,1.44299
ASV2026,ASV24,Undirected,64524,,1.420344
ASV2026,ASV242,Undirected,64525,,-1.414773
ASV2026,ASV244,Undirected,64526,,1.563787
ASV2026,ASV25,Undirected,64527,,1.584693
ASV2026,ASV273,Undirected,64528,,1.463123
ASV2026,ASV344,Undirected,64529,,1.441355
ASV2026,ASV36,Undirected,64530,,1.490731
ASV2026,ASV38,Undirected,64531,,1.420977
ASV2026,ASV5010,Undirected,64532,,-1.443888
ASV2026,ASV5488,Undirected,64533,,-1.459842
ASV2026,ASV56,Undirected,64534,,1.420344
ASV2026,ASV570,Undirected,64535,,-1.470297
ASV2026,ASV59,Undirected,64536,,1.51333
ASV2026,ASV619,Undirected,64537,,-1.4522
ASV2026,ASV71,Undirected,64538,,1.565803
ASV2026,ASV732,Undirected,64539,,1.414757
ASV2026,ASV733,Undirected,64540,,1.447055
ASV2026,ASV810,Undirected,64541,,1.416024
ASV2026,ASV96,Undirected,64542,,1.425709
ASV203,ASV105,Undirected,64543,,0.662175
ASV203,ASV115,Undirected,64544,,0.659555
ASV203,ASV1161,Undirected,64545,,-0.674403
ASV203,ASV147,Undirected,64546,,0.663356
ASV203,ASV203,Undirected,64547,,1
ASV203,ASV2187,Undirected,64548,,-1.48284
ASV205,ASV113,Undirected,64549,,-0.648551
ASV205,ASV121,Undirected,64550,,-0.608921
ASV205,ASV127,Undirected,64553,,-0.607415
ASV205,ASV1273,Undirected,64554,,0.701152
ASV205,ASV13,Undirected,64555,,-0.604243
ASV205,ASV142,Undirected,64556,,0.690477
ASV205,ASV1428,Undirected,64557,,0.664423
ASV205,ASV149,Undirected,64558,,0.641822
ASV205,ASV1730,Undirected,64559,,0.667531
ASV205,ASV176,Undirected,64560,,0.613509
ASV205,ASV178,Undirected,64561,,0.697561
ASV205,ASV194,Undirected,64562,,-0.668912
ASV205,ASV205,Undirected,64564,,1
ASV205,ASV554,Undirected,64565,,1.41369
ASV205,ASV5638,Undirected,64566,,1.763159
ASV205,ASV585,Undirected,64567,,1.529452
ASV205,ASV922,Undirected,64568,,1.482069
ASV206,ASV107,Undirected,64570,,0.655587
ASV206,ASV108,Undirected,64571,,0.62838
ASV206,ASV116,Undirected,64573,,-0.656805
ASV206,ASV122,Undirected,64574,,0.633804
ASV206,ASV135,Undirected,64575,,0.625066
ASV206,ASV1466,Undirected,64577,,-0.61731
ASV206,ASV1514,Undirected,64578,,-0.699703
ASV206,ASV153,Undirected,64579,,0.648346
ASV206,ASV1781,Undirected,64581,,-0.683525
ASV206,ASV179,Undirected,64582,,-0.644641
ASV206,ASV18,Undirected,64583,,-0.660453
ASV206,ASV201,Undirected,64584,,-0.639152
ASV206,ASV2026,Undirected,64585,,0.600466
ASV206,ASV206,Undirected,64586,,1
ASV206,ASV217,Undirected,64587,,1.557984
ASV206,ASV252,Undirected,64588,,1.548294
ASV206,ASV28,Undirected,64589,,-1.447108
ASV206,ASV51,Undirected,64590,,-1.48125
ASV206,ASV529,Undirected,64591,,-1.506335
ASV206,ASV5488,Undirected,64592,,-1.458898
ASV206,ASV60,Undirected,64593,,1.547446
ASV206,ASV686,Undirected,64594,,1.414279
ASV2066,ASV1120,Undirected,64595,,0.611983
ASV2066,ASV1221,Undirected,64596,,0.637234
ASV2066,ASV1254,Undirected,64597,,0.641148
ASV2066,ASV133,Undirected,64599,,0.614537
ASV2066,ASV143,Undirected,64600,,0.62879
ASV2066,ASV1437,Undirected,64601,,0.620737
ASV2066,ASV1475,Undirected,64602,,0.615436
ASV2066,ASV1740,Undirected,64604,,0.639978
ASV2066,ASV176,Undirected,64605,,0.63233
ASV2066,ASV2066,Undirected,64606,,1
ASV2066,ASV264,Undirected,64607,,1.536867
ASV2066,ASV2736,Undirected,64608,,1.436307
ASV2066,ASV359,Undirected,64609,,1.421939
ASV2066,ASV398,Undirected,64610,,1.55941
ASV2066,ASV751,Undirected,64611,,-1.570182
ASV2066,ASV783,Undirected,64612,,1.448055
ASV207,ASV1070,Undirected,64614,,0.649711
ASV207,ASV117,Undirected,64616,,-0.63296
ASV207,ASV120,Undirected,64617,,0.625198
ASV207,ASV1286,Undirected,64618,,0.620595
ASV207,ASV1298,Undirected,64619,,0.63393
ASV207,ASV1381,Undirected,64620,,-0.689318
ASV207,ASV140,Undirected,64621,,0.610633
ASV207,ASV150,Undirected,64622,,-0.656625
ASV207,ASV158,Undirected,64623,,0.652463
ASV207,ASV159,Undirected,64624,,0.665631
ASV207,ASV1615,Undirected,64625,,0.635858
ASV207,ASV164,Undirected,64626,,0.669979
ASV207,ASV180,Undirected,64627,,-0.681225
ASV207,ASV1838,Undirected,64628,,0.640511
ASV207,ASV194,Undirected,64629,,-0.620646
ASV207,ASV2,Undirected,64630,,-0.624044
ASV207,ASV2026,Undirected,64631,,-0.647832
ASV207,ASV207,Undirected,64632,,1
ASV207,ASV219,Undirected,64633,,1.434549
ASV207,ASV245,Undirected,64634,,1.597121
ASV207,ASV25,Undirected,64635,,-1.4145
ASV207,ASV261,Undirected,64636,,1.496904
ASV207,ASV264,Undirected,64637,,1.451242
ASV207,ASV297,Undirected,64638,,1.554975
ASV207,ASV330,Undirected,64639,,-1.743923
ASV207,ASV416,Undirected,64640,,1.4922
ASV207,ASV449,Undirected,64641,,1.513069
ASV207,ASV459,Undirected,64642,,1.675762
ASV207,ASV531,Undirected,64643,,1.642358
ASV207,ASV5744,Undirected,64644,,-1.539613
ASV207,ASV658,Undirected,64645,,1.474713
ASV207,ASV660,Undirected,64646,,1.439252
ASV207,ASV757,Undirected,64647,,1.43665
ASV207,ASV814,Undirected,64648,,1.515308
ASV207,ASV881,Undirected,64649,,1.42962
ASV207,ASV96,Undirected,64650,,-1.50367
ASV209,ASV119,Undirected,64651,,-0.61019
ASV209,ASV209,Undirected,64652,,1
ASV209,ASV23,Undirected,64653,,1.518101
ASV209,ASV434,Undirected,64654,,1.436653
ASV209,ASV822,Undirected,64655,,1.419088
ASV2093,ASV2093,Undirected,64656,,1
ASV2093,ASV692,Undirected,64657,,-1.465352
ASV21,ASV1275,Undirected,64658,,0.619079
ASV21,ASV169,Undirected,64660,,0.616794
ASV21,ASV1781,Undirected,64661,,-0.626242
ASV21,ASV206,Undirected,64662,,0.701308
ASV21,ASV21,Undirected,64663,,1
ASV21,ASV257,Undirected,64664,,1.424989
ASV21,ASV595,Undirected,64665,,1.488972
ASV211,ASV1435,Undirected,64666,,-0.606059
ASV211,ASV211,Undirected,64667,,1
ASV2114,ASV113,Undirected,64668,,-0.609053
ASV2114,ASV1152,Undirected,64669,,0.641986
ASV2114,ASV2114,Undirected,64670,,1
ASV2124,ASV1435,Undirected,64671,,-0.605958
ASV2124,ASV1615,Undirected,64672,,-0.638998
ASV2124,ASV2124,Undirected,64673,,1
ASV214,ASV1210,Undirected,64676,,-0.642867
ASV214,ASV122,Undirected,64677,,-0.66389
ASV214,ASV123,Undirected,64678,,-0.671196
ASV214,ASV1277,Undirected,64679,,0.620371
ASV214,ASV142,Undirected,64681,,0.660966
ASV214,ASV150,Undirected,64682,,-0.62021
ASV214,ASV158,Undirected,64683,,0.647672
ASV214,ASV164,Undirected,64684,,0.664077
ASV214,ASV2,Undirected,64686,,-0.654587
ASV214,ASV207,Undirected,64687,,0.635705
ASV214,ASV214,Undirected,64688,,1
ASV214,ASV216,Undirected,64689,,-1.630157
ASV214,ASV264,Undirected,64690,,1.412987
ASV214,ASV297,Undirected,64691,,1.489058
ASV214,ASV386,Undirected,64692,,1.422621
ASV214,ASV430,Undirected,64693,,1.568159
ASV214,ASV459,Undirected,64694,,1.501588
ASV214,ASV660,Undirected,64695,,1.462591
ASV214,ASV741,Undirected,64696,,1.50003
ASV214,ASV96,Undirected,64697,,-1.465214
ASV2155,ASV1277,Undirected,64700,,-0.668269
ASV2155,ASV1437,Undirected,64701,,-0.653055
ASV2155,ASV154,Undirected,64702,,-0.647485
ASV2155,ASV158,Undirected,64703,,-0.610906
ASV2155,ASV2066,Undirected,64704,,-0.644115
ASV2155,ASV214,Undirected,64705,,-0.706073
ASV2155,ASV2155,Undirected,64706,,1
ASV2155,ASV488,Undirected,64707,,-1.479432
ASV216,ASV100,Undirected,64708,,0.644576
ASV216,ASV1013,Undirected,64710,,0.605686
ASV216,ASV1017,Undirected,64711,,0.687503
ASV216,ASV102,Undirected,64712,,0.627867
ASV216,ASV1026,Undirected,64713,,-0.602546
ASV216,ASV106,Undirected,64714,,0.705885
ASV216,ASV1069,Undirected,64715,,-0.607713
ASV216,ASV1120,Undirected,64719,,-0.639241
ASV216,ASV1141,Undirected,64722,,0.626001
ASV216,ASV1149,Undirected,64723,,-0.625473
ASV216,ASV1210,Undirected,64726,,0.676596
ASV216,ASV1217,Undirected,64727,,-0.645843
ASV216,ASV1243,Undirected,64730,,-0.701245
ASV216,ASV125,Undirected,64731,,-0.616204
ASV216,ASV1295,Undirected,64732,,-0.63801
ASV216,ASV1298,Undirected,64733,,-0.650917
ASV216,ASV1381,Undirected,64736,,0.674445
ASV216,ASV139,Undirected,64737,,-0.604878
ASV216,ASV149,Undirected,64739,,-0.657294
ASV216,ASV150,Undirected,64741,,0.70358
ASV216,ASV1546,Undirected,64742,,-0.634043
ASV216,ASV159,Undirected,64744,,-0.683344
ASV216,ASV1615,Undirected,64745,,-0.673231
ASV216,ASV171,Undirected,64748,,0.605818
ASV216,ASV172,Undirected,64749,,0.63567
ASV216,ASV175,Undirected,64751,,0.626569
ASV216,ASV179,Undirected,64753,,-0.641132
ASV216,ASV1838,Undirected,64754,,-0.611591
ASV216,ASV184,Undirected,64755,,0.614743
ASV216,ASV187,Undirected,64756,,0.6531
ASV216,ASV195,Undirected,64758,,0.600044
ASV216,ASV197,Undirected,64759,,0.658342
ASV216,ASV2017,Undirected,64760,,-0.644601
ASV216,ASV216,Undirected,64762,,1
ASV216,ASV225,Undirected,64763,,-1.501964
ASV216,ASV229,Undirected,64764,,1.49672
ASV216,ASV231,Undirected,64765,,-1.624049
ASV216,ASV237,Undirected,64766,,1.718286
ASV216,ASV2383,Undirected,64767,,-1.41531
ASV216,ASV24,Undirected,64768,,1.62384
ASV216,ASV25,Undirected,64769,,1.572944
ASV216,ASV2511,Undirected,64770,,-1.414949
ASV216,ASV260,Undirected,64771,,-1.554163
ASV216,ASV271,Undirected,64772,,-1.569197
ASV216,ASV273,Undirected,64773,,1.563847
ASV216,ASV276,Undirected,64774,,1.665892
ASV216,ASV277,Undirected,64775,,-1.42174
ASV216,ASV307,Undirected,64776,,1.58624
ASV216,ASV31,Undirected,64777,,1.779784
ASV216,ASV32,Undirected,64778,,1.520582
ASV216,ASV335,Undirected,64779,,-1.419752
ASV216,ASV36,Undirected,64780,,1.708754
ASV216,ASV363,Undirected,64781,,1.720127
ASV216,ASV37,Undirected,64782,,1.691107
ASV216,ASV3752,Undirected,64783,,-1.466851
ASV216,ASV3995,Undirected,64784,,-1.445622
ASV216,ASV4,Undirected,64785,,1.52896
ASV216,ASV404,Undirected,64786,,1.561699
ASV216,ASV430,Undirected,64787,,-1.567674
ASV216,ASV437,Undirected,64788,,-1.489217
ASV216,ASV445,Undirected,64789,,1.48728
ASV216,ASV451,Undirected,64790,,1.512187
ASV216,ASV459,Undirected,64791,,-1.558399
ASV216,ASV5,Undirected,64792,,1.757257
ASV216,ASV514,Undirected,64793,,1.662739
ASV216,ASV529,Undirected,64794,,-1.613041
ASV216,ASV56,Undirected,64795,,1.73601
ASV216,ASV57,Undirected,64796,,1.489656
ASV216,ASV5744,Undirected,64797,,1.492525
ASV216,ASV59,Undirected,64798,,1.631589
ASV216,ASV6,Undirected,64799,,-1.501732
ASV216,ASV61,Undirected,64800,,1.722225
ASV216,ASV637,Undirected,64801,,1.576091
ASV216,ASV655,Undirected,64802,,-1.6641
ASV216,ASV660,Undirected,64803,,-1.515898
ASV216,ASV681,Undirected,64804,,1.560789
ASV216,ASV702,Undirected,64805,,1.46033
ASV216,ASV732,Undirected,64806,,1.568842
ASV216,ASV74,Undirected,64807,,1.58715
ASV216,ASV741,Undirected,64808,,-1.798011
ASV216,ASV781,Undirected,64809,,-1.517022
ASV216,ASV79,Undirected,64810,,1.64356
ASV216,ASV80,Undirected,64811,,1.6471
ASV216,ASV810,Undirected,64812,,1.653949
ASV216,ASV82,Undirected,64813,,1.646053
ASV216,ASV828,Undirected,64814,,-1.569197
ASV216,ASV85,Undirected,64815,,-1.550458
ASV216,ASV850,Undirected,64816,,1.42206
ASV216,ASV856,Undirected,64817,,-1.559497
ASV216,ASV87,Undirected,64818,,1.633683
ASV216,ASV9,Undirected,64819,,1.704895
ASV216,ASV92,Undirected,64820,,-1.480221
ASV216,ASV95,Undirected,64821,,-1.48756
ASV216,ASV955,Undirected,64822,,-1.501601
ASV216,ASV96,Undirected,64823,,1.72401
ASV217,ASV1017,Undirected,64824,,0.684317
ASV217,ASV114,Undirected,64825,,0.626103
ASV217,ASV13,Undirected,64826,,0.611602
ASV217,ASV135,Undirected,64827,,0.626168
ASV217,ASV14,Undirected,64828,,-0.632508
ASV217,ASV1514,Undirected,64829,,-0.680591
ASV217,ASV154,Undirected,64830,,-0.6171
ASV217,ASV158,Undirected,64831,,-0.608495
ASV217,ASV165,Undirected,64832,,0.685727
ASV217,ASV179,Undirected,64833,,-0.612987
ASV217,ASV1793,Undirected,64834,,-0.625003
ASV217,ASV184,Undirected,64836,,0.650234
ASV217,ASV191,Undirected,64837,,0.645286
ASV217,ASV194,Undirected,64838,,0.621888
ASV217,ASV2155,Undirected,64840,,0.667261
ASV217,ASV217,Undirected,64841,,1
ASV217,ASV220,Undirected,64842,,1.420999
ASV217,ASV28,Undirected,64843,,-1.453138
ASV217,ASV29,Undirected,64844,,-1.594822
ASV217,ASV3327,Undirected,64845,,1.434316
ASV217,ASV412,Undirected,64846,,-1.487758
ASV217,ASV5488,Undirected,64847,,-1.6
ASV217,ASV60,Undirected,64848,,1.727231
ASV217,ASV61,Undirected,64849,,1.432868
ASV2185,ASV100,Undirected,64850,,-0.63337
ASV2185,ASV110,Undirected,64851,,-0.605115
ASV2185,ASV111,Undirected,64852,,-0.646033
ASV2185,ASV1136,Undirected,64853,,-0.608501
ASV2185,ASV15,Undirected,64854,,-0.660609
ASV2185,ASV195,Undirected,64856,,-0.651729
ASV2185,ASV1985,Undirected,64857,,0.633544
ASV2185,ASV2185,Undirected,64859,,1
ASV2185,ASV436,Undirected,64860,,1.531577
ASV2185,ASV5010,Undirected,64861,,1.649585
ASV2185,ASV5488,Undirected,64862,,1.518802
ASV2187,ASV2187,Undirected,64866,,1
ASV219,ASV103,Undirected,64868,,-0.630322
ASV219,ASV108,Undirected,64869,,-0.700052
ASV219,ASV1120,Undirected,64871,,0.68843
ASV219,ASV1136,Undirected,64873,,-0.613075
ASV219,ASV117,Undirected,64874,,-0.681889
ASV219,ASV1186,Undirected,64875,,-0.625451
ASV219,ASV120,Undirected,64876,,0.654528
ASV219,ASV122,Undirected,64877,,-0.657295
ASV219,ASV1251,Undirected,64879,,0.664113
ASV219,ASV1292,Undirected,64880,,0.608436
ASV219,ASV1295,Undirected,64881,,0.69067
ASV219,ASV135,Undirected,64882,,-0.625649
ASV219,ASV142,Undirected,64885,,0.60311
ASV219,ASV149,Undirected,64887,,0.620727
ASV219,ASV150,Undirected,64889,,-0.614192
ASV219,ASV154,Undirected,64890,,0.618654
ASV219,ASV1615,Undirected,64893,,0.603419
ASV219,ASV1738,Undirected,64896,,0.661475
ASV219,ASV1985,Undirected,64899,,0.674065
ASV219,ASV1986,Undirected,64900,,0.677962
ASV219,ASV20,Undirected,64901,,-0.605906
ASV219,ASV216,Undirected,64903,,-0.601931
ASV219,ASV219,Undirected,64904,,1
ASV219,ASV223,Undirected,64905,,1.426648
ASV219,ASV225,Undirected,64906,,1.496114
ASV219,ASV235,Undirected,64907,,1.486014
ASV219,ASV241,Undirected,64908,,1.484116
ASV219,ASV242,Undirected,64909,,1.488856
ASV219,ASV25,Undirected,64910,,-1.59214
ASV219,ASV260,Undirected,64911,,1.766598
ASV219,ASV261,Undirected,64912,,1.83204
ASV219,ASV264,Undirected,64913,,1.626168
ASV219,ASV271,Undirected,64914,,1.55013
ASV219,ASV277,Undirected,64915,,1.478171
ASV219,ASV283,Undirected,64916,,1.44017
ASV219,ASV295,Undirected,64917,,1.484709
ASV219,ASV31,Undirected,64918,,-1.470955
ASV219,ASV310,Undirected,64919,,1.806854
ASV219,ASV330,Undirected,64920,,-1.620729
ASV219,ASV332,Undirected,64921,,1.413901
ASV219,ASV334,Undirected,64922,,1.479525
ASV219,ASV344,Undirected,64923,,-1.486014
ASV219,ASV349,Undirected,64924,,1.621622
ASV219,ASV35,Undirected,64925,,1.485246
ASV219,ASV352,Undirected,64926,,1.699245
ASV219,ASV36,Undirected,64927,,-1.68705
ASV219,ASV369,Undirected,64928,,1.526972
ASV219,ASV3752,Undirected,64929,,1.507152
ASV219,ASV384,Undirected,64930,,1.531258
ASV219,ASV416,Undirected,64931,,1.734302
ASV219,ASV435,Undirected,64932,,1.728048
ASV219,ASV459,Undirected,64933,,1.543629
ASV219,ASV468,Undirected,64934,,1.41459
ASV219,ASV501,Undirected,64935,,1.471443
ASV219,ASV531,Undirected,64936,,1.724961
ASV219,ASV556,Undirected,64937,,1.413722
ASV219,ASV5744,Undirected,64938,,-1.552101
ASV219,ASV6,Undirected,64939,,1.552803
ASV219,ASV61,Undirected,64940,,-1.44531
ASV219,ASV653,Undirected,64941,,1.602318
ASV219,ASV707,Undirected,64942,,1.448209
ASV219,ASV708,Undirected,64943,,1.518014
ASV219,ASV721,Undirected,64944,,1.545717
ASV219,ASV732,Undirected,64945,,-1.572705
ASV219,ASV783,Undirected,64946,,1.477325
ASV219,ASV79,Undirected,64947,,-1.489893
ASV219,ASV80,Undirected,64948,,-1.581569
ASV219,ASV828,Undirected,64949,,1.587533
ASV219,ASV85,Undirected,64950,,1.414511
ASV219,ASV856,Undirected,64951,,1.430354
ASV219,ASV876,Undirected,64952,,1.594685
ASV219,ASV881,Undirected,64953,,1.492716
ASV219,ASV9,Undirected,64954,,-1.451353
ASV219,ASV909,Undirected,64955,,1.59235
ASV219,ASV92,Undirected,64956,,1.593786
ASV219,ASV927,Undirected,64957,,-1.759261
ASV219,ASV95,Undirected,64958,,1.71503
ASV219,ASV96,Undirected,64959,,-1.637779
ASV219,ASV983,Undirected,64960,,1.544228
ASV219,ASV995,Undirected,64961,,1.844646
ASV22,ASV100,Undirected,64962,,0.66625
ASV22,ASV1026,Undirected,64963,,-0.620165
ASV22,ASV106,Undirected,64964,,0.602507
ASV22,ASV108,Undirected,64965,,0.657283
ASV22,ASV110,Undirected,64966,,0.638996
ASV22,ASV111,Undirected,64967,,0.610748
ASV22,ASV113,Undirected,64968,,0.691193
ASV22,ASV1186,Undirected,64970,,0.654135
ASV22,ASV1198,Undirected,64971,,-0.614862
ASV22,ASV1221,Undirected,64972,,-0.654697
ASV22,ASV125,Undirected,64973,,-0.689962
ASV22,ASV127,Undirected,64974,,0.618949
ASV22,ASV1277,Undirected,64975,,-0.602826
ASV22,ASV1292,Undirected,64976,,-0.613973
ASV22,ASV139,Undirected,64979,,-0.706011
ASV22,ASV1468,Undirected,64980,,-0.617174
ASV22,ASV1475,Undirected,64981,,-0.610206
ASV22,ASV15,Undirected,64982,,0.651499
ASV22,ASV158,Undirected,64983,,-0.617838
ASV22,ASV159,Undirected,64984,,-0.622091
ASV22,ASV160,Undirected,64986,,-0.650491
ASV22,ASV164,Undirected,64987,,-0.703894
ASV22,ASV170,Undirected,64989,,0.624949
ASV22,ASV1738,Undirected,64990,,-0.672424
ASV22,ASV1740,Undirected,64991,,-0.683448
ASV22,ASV18,Undirected,64992,,-0.606945
ASV22,ASV1907,Undirected,64994,,-0.612799
ASV22,ASV2026,Undirected,64995,,0.647868
ASV22,ASV2066,Undirected,64996,,-0.612689
ASV22,ASV22,Undirected,64997,,1
ASV22,ASV225,Undirected,64998,,-1.517598
ASV22,ASV260,Undirected,64999,,-1.549112
ASV22,ASV264,Undirected,65000,,-1.418134
ASV22,ASV269,Undirected,65001,,-1.463005
ASV22,ASV271,Undirected,65002,,-1.6152
ASV22,ASV298,Undirected,65003,,-1.526861
ASV22,ASV328,Undirected,65004,,-1.414952
ASV22,ASV35,Undirected,65005,,-1.54142
ASV22,ASV398,Undirected,65006,,-1.60633
ASV22,ASV45,Undirected,65007,,1.693216
ASV22,ASV51,Undirected,65008,,-1.432034
ASV22,ASV596,Undirected,65009,,-1.474813
ASV22,ASV655,Undirected,65010,,-1.604743
ASV22,ASV707,Undirected,65011,,-1.601553
ASV22,ASV708,Undirected,65012,,-1.560149
ASV22,ASV85,Undirected,65013,,-1.434251
ASV220,ASV102,Undirected,65016,,0.665455
ASV220,ASV108,Undirected,65019,,0.651949
ASV220,ASV113,Undirected,65022,,0.651974
ASV220,ASV1141,Undirected,65024,,0.608998
ASV220,ASV116,Undirected,65025,,-0.650755
ASV220,ASV1165,Undirected,65026,,0.626566
ASV220,ASV1186,Undirected,65028,,0.641607
ASV220,ASV123,Undirected,65031,,0.651179
ASV220,ASV1243,Undirected,65032,,-0.678293
ASV220,ASV125,Undirected,65033,,-0.661652
ASV220,ASV1298,Undirected,65034,,-0.61641
ASV220,ASV139,Undirected,65037,,-0.61048
ASV220,ASV1428,Undirected,65039,,-0.629716
ASV220,ASV15,Undirected,65040,,0.663385
ASV220,ASV150,Undirected,65041,,0.699331
ASV220,ASV153,Undirected,65042,,0.691555
ASV220,ASV158,Undirected,65043,,-0.606017
ASV220,ASV159,Undirected,65044,,-0.650208
ASV220,ASV16,Undirected,65045,,0.621694
ASV220,ASV1615,Undirected,65046,,-0.635118
ASV220,ASV164,Undirected,65047,,-0.668572
ASV220,ASV165,Undirected,65048,,0.681196
ASV220,ASV171,Undirected,65049,,0.629092
ASV220,ASV1730,Undirected,65050,,-0.633576
ASV220,ASV179,Undirected,65052,,-0.626625
ASV220,ASV1793,Undirected,65053,,-0.649636
ASV220,ASV180,Undirected,65055,,0.659871
ASV220,ASV182,Undirected,65056,,0.612383
ASV220,ASV206,Undirected,65062,,0.651744
ASV220,ASV2185,Undirected,65064,,-0.686689
ASV220,ASV220,Undirected,65065,,1
ASV220,ASV226,Undirected,65066,,1.630785
ASV220,ASV229,Undirected,65067,,1.545413
ASV220,ASV24,Undirected,65068,,1.589219
ASV220,ASV244,Undirected,65069,,1.585673
ASV220,ASV2511,Undirected,65070,,-1.576347
ASV220,ASV252,Undirected,65071,,1.433321
ASV220,ASV263,Undirected,65072,,1.630519
ASV220,ASV267,Undirected,65073,,1.593751
ASV220,ASV273,Undirected,65074,,1.742611
ASV220,ASV28,Undirected,65075,,-1.540705
ASV220,ASV29,Undirected,65076,,-1.679469
ASV220,ASV31,Undirected,65077,,1.424718
ASV220,ASV32,Undirected,65078,,1.498459
ASV220,ASV33,Undirected,65079,,1.435102
ASV220,ASV3327,Undirected,65080,,1.632982
ASV220,ASV34,Undirected,65081,,1.702448
ASV220,ASV35,Undirected,65082,,-1.432876
ASV220,ASV363,Undirected,65083,,1.414639
ASV220,ASV3732,Undirected,65084,,-1.482869
ASV220,ASV38,Undirected,65085,,1.446645
ASV220,ASV39,Undirected,65086,,-1.505194
ASV220,ASV4,Undirected,65087,,1.421774
ASV220,ASV436,Undirected,65088,,-1.509356
ASV220,ASV463,Undirected,65089,,1.465976
ASV220,ASV501,Undirected,65090,,-1.555094
ASV220,ASV507,Undirected,65091,,1.576735
ASV220,ASV5488,Undirected,65092,,-1.720229
ASV220,ASV56,Undirected,65093,,1.540464
ASV220,ASV564,Undirected,65094,,1.533819
ASV220,ASV570,Undirected,65095,,-1.704448
ASV220,ASV59,Undirected,65096,,1.606231
ASV220,ASV6,Undirected,65097,,-1.523329
ASV220,ASV61,Undirected,65098,,1.670997
ASV220,ASV641,Undirected,65099,,1.531097
ASV220,ASV672,Undirected,65100,,-1.436794
ASV220,ASV681,Undirected,65101,,1.614145
ASV220,ASV71,Undirected,65102,,1.62903
ASV220,ASV73,Undirected,65103,,1.493764
ASV220,ASV733,Undirected,65104,,1.50391
ASV220,ASV74,Undirected,65105,,1.531128
ASV220,ASV771,Undirected,65106,,1.494557
ASV220,ASV810,Undirected,65107,,1.507548
ASV220,ASV82,Undirected,65108,,1.667196
ASV220,ASV9,Undirected,65109,,1.448717
ASV220,ASV90,Undirected,65110,,1.68673
ASV2208,ASV1092,Undirected,65111,,0.687842
ASV2208,ASV2208,Undirected,65113,,1
ASV2208,ASV3485,Undirected,65114,,1.441503
ASV2208,ASV380,Undirected,65115,,-1.427529
ASV2208,ASV478,Undirected,65116,,1.453697
ASV221,ASV221,Undirected,65117,,1
ASV2213,ASV1007,Undirected,65118,,-0.639586
ASV2213,ASV1015,Undirected,65119,,-0.601604
ASV2213,ASV102,Undirected,65120,,-0.630743
ASV2213,ASV1026,Undirected,65121,,0.690971
ASV2213,ASV103,Undirected,65122,,-0.647414
ASV2213,ASV1059,Undirected,65123,,-0.649061
ASV2213,ASV108,Undirected,65124,,-0.618623
ASV2213,ASV113,Undirected,65126,,-0.680271
ASV2213,ASV1149,Undirected,65127,,0.679776
ASV2213,ASV117,Undirected,65129,,-0.700825
ASV2213,ASV1198,Undirected,65130,,0.631551
ASV2213,ASV125,Undirected,65132,,0.696415
ASV2213,ASV1292,Undirected,65134,,0.657789
ASV2213,ASV13,Undirected,65135,,-0.60893
ASV2213,ASV1381,Undirected,65136,,-0.625876
ASV2213,ASV139,Undirected,65137,,0.670801
ASV2213,ASV1468,Undirected,65139,,0.607088
ASV2213,ASV149,Undirected,65140,,0.661331
ASV2213,ASV1561,Undirected,65141,,-0.61405
ASV2213,ASV1615,Undirected,65143,,0.69872
ASV2213,ASV164,Undirected,65144,,0.675536
ASV2213,ASV171,Undirected,65145,,-0.611246
ASV2213,ASV1730,Undirected,65146,,0.620526
ASV2213,ASV1763,Undirected,65148,,0.621495
ASV2213,ASV187,Undirected,65149,,-0.688163
ASV2213,ASV1907,Undirected,65150,,0.671715
ASV2213,ASV192,Undirected,65151,,0.674825
ASV2213,ASV2017,Undirected,65153,,0.694328
ASV2213,ASV216,Undirected,65154,,-0.617071
ASV2213,ASV219,Undirected,65155,,0.643723
ASV2213,ASV2213,Undirected,65156,,1
ASV2213,ASV225,Undirected,65157,,1.486527
ASV2213,ASV229,Undirected,65158,,-1.688661
ASV2213,ASV233,Undirected,65159,,1.427801
ASV2213,ASV25,Undirected,65160,,-1.566213
ASV2213,ASV260,Undirected,65161,,1.51363
ASV2213,ASV261,Undirected,65162,,1.591805
ASV2213,ASV277,Undirected,65163,,1.436557
ASV2213,ASV32,Undirected,65164,,-1.47161
ASV2213,ASV344,Undirected,65165,,-1.455243
ASV2213,ASV352,Undirected,65166,,1.466663
ASV2213,ASV36,Undirected,65167,,-1.512064
ASV2213,ASV369,Undirected,65168,,1.762215
ASV2213,ASV404,Undirected,65169,,-1.440614
ASV2213,ASV416,Undirected,65170,,1.418512
ASV2213,ASV435,Undirected,65171,,1.471098
ASV2213,ASV459,Undirected,65172,,1.566349
ASV2213,ASV463,Undirected,65173,,-1.456452
ASV2213,ASV468,Undirected,65174,,1.469173
ASV2213,ASV5,Undirected,65175,,-1.442178
ASV2213,ASV531,Undirected,65176,,1.461721
ASV2213,ASV551,Undirected,65177,,-1.418719
ASV2213,ASV57,Undirected,65178,,-1.426833
ASV2213,ASV576,Undirected,65179,,1.434268
ASV2213,ASV68,Undirected,65180,,-1.470625
ASV2213,ASV732,Undirected,65181,,-1.448775
ASV2213,ASV787,Undirected,65182,,1.430253
ASV2213,ASV80,Undirected,65183,,-1.533368
ASV2213,ASV856,Undirected,65184,,1.433391
ASV2213,ASV87,Undirected,65185,,-1.511554
ASV2213,ASV92,Undirected,65186,,1.481549
ASV2213,ASV938,Undirected,65187,,-1.483569
ASV2213,ASV95,Undirected,65188,,1.492071
ASV2213,ASV96,Undirected,65189,,-1.538654
ASV2218,ASV2218,Undirected,65190,,1
ASV2218,ASV957,Undirected,65191,,1.458487
ASV2220,ASV101,Undirected,65192,,0.615019
ASV2220,ASV120,Undirected,65193,,-0.628542
ASV2220,ASV1763,Undirected,65194,,-0.630852
ASV2220,ASV2220,Undirected,65195,,1
ASV2223,ASV11,Undirected,65197,,-0.6819
ASV2223,ASV181,Undirected,65199,,0.605102
ASV2223,ASV2223,Undirected,65201,,1
ASV2223,ASV2623,Undirected,65202,,1.507037
ASV2223,ASV3207,Undirected,65203,,1.577754
ASV2223,ASV444,Undirected,65204,,-1.67042
ASV223,ASV1036,Undirected,65205,,0.638309
ASV223,ASV1093,Undirected,65206,,0.697876
ASV223,ASV1120,Undirected,65207,,0.619837
ASV223,ASV1273,Undirected,65210,,0.652043
ASV223,ASV139,Undirected,65211,,0.661149
ASV223,ASV1437,Undirected,65212,,0.633833
ASV223,ASV1475,Undirected,65213,,0.663208
ASV223,ASV158,Undirected,65215,,0.623578
ASV223,ASV164,Undirected,65216,,0.661666
ASV223,ASV165,Undirected,65217,,-0.659032
ASV223,ASV1738,Undirected,65218,,0.668347
ASV223,ASV20,Undirected,65219,,-0.614788
ASV223,ASV2066,Undirected,65220,,0.668647
ASV223,ASV223,Undirected,65222,,1
ASV223,ASV2744,Undirected,65223,,1.460721
ASV223,ASV310,Undirected,65224,,1.724212
ASV223,ASV332,Undirected,65225,,1.421026
ASV223,ASV349,Undirected,65226,,1.499746
ASV223,ASV35,Undirected,65227,,1.414685
ASV223,ASV502,Undirected,65228,,1.474884
ASV223,ASV707,Undirected,65229,,1.431405
ASV223,ASV927,Undirected,65230,,-1.471404
ASV224,ASV100,Undirected,65231,,-0.669618
ASV224,ASV110,Undirected,65232,,-0.705943
ASV224,ASV1364,Undirected,65233,,0.659697
ASV224,ASV1483,Undirected,65234,,0.611081
ASV224,ASV16,Undirected,65236,,-0.611485
ASV224,ASV165,Undirected,65237,,-0.601709
ASV224,ASV1738,Undirected,65238,,0.613256
ASV224,ASV18,Undirected,65239,,0.658058
ASV224,ASV190,Undirected,65240,,-0.602074
ASV224,ASV2185,Undirected,65242,,0.614277
ASV224,ASV224,Undirected,65243,,1
ASV224,ASV407,Undirected,65244,,1.584887
ASV224,ASV4134,Undirected,65245,,1.443413
ASV224,ASV62,Undirected,65246,,-1.428329
ASV224,ASV64,Undirected,65247,,1.586563
ASV2242,ASV183,Undirected,65248,,-0.601092
ASV2242,ASV2242,Undirected,65249,,1
ASV225,ASV1007,Undirected,65251,,-0.653332
ASV225,ASV1026,Undirected,65252,,0.667924
ASV225,ASV103,Undirected,65253,,-0.622603
ASV225,ASV1038,Undirected,65254,,0.632618
ASV225,ASV106,Undirected,65255,,-0.660078
ASV225,ASV1069,Undirected,65256,,0.686077
ASV225,ASV110,Undirected,65259,,-0.690797
ASV225,ASV1136,Undirected,65262,,-0.650777
ASV225,ASV1186,Undirected,65264,,-0.672475
ASV225,ASV1193,Undirected,65265,,0.606262
ASV225,ASV1198,Undirected,65266,,0.610486
ASV225,ASV12,Undirected,65267,,-0.667533
ASV225,ASV121,Undirected,65268,,-0.684293
ASV225,ASV1210,Undirected,65269,,-0.60216
ASV225,ASV1221,Undirected,65271,,0.667259
ASV225,ASV123,Undirected,65272,,-0.618762
ASV225,ASV1243,Undirected,65273,,0.676535
ASV225,ASV1251,Undirected,65275,,0.62674
ASV225,ASV1273,Undirected,65276,,0.683492
ASV225,ASV1292,Undirected,65277,,0.656761
ASV225,ASV1298,Undirected,65278,,0.631605
ASV225,ASV1358,Undirected,65280,,0.613676
ASV225,ASV140,Undirected,65282,,0.68029
ASV225,ASV1437,Undirected,65285,,0.616888
ASV225,ASV1466,Undirected,65286,,0.653332
ASV225,ASV1468,Undirected,65287,,0.677174
ASV225,ASV1492,Undirected,65289,,0.7057
ASV225,ASV1546,Undirected,65292,,0.606554
ASV225,ASV16,Undirected,65295,,-0.603002
ASV225,ASV160,Undirected,65296,,0.636368
ASV225,ASV165,Undirected,65299,,-0.687276
ASV225,ASV170,Undirected,65300,,-0.680829
ASV225,ASV1738,Undirected,65303,,0.632534
ASV225,ASV1740,Undirected,65304,,0.622797
ASV225,ASV175,Undirected,65305,,-0.618408
ASV225,ASV1781,Undirected,65306,,0.627344
ASV225,ASV18,Undirected,65307,,0.69044
ASV225,ASV182,Undirected,65308,,-0.668918
ASV225,ASV191,Undirected,65310,,-0.603137
ASV225,ASV192,Undirected,65311,,0.641193
ASV225,ASV195,Undirected,65313,,-0.668912
ASV225,ASV197,Undirected,65314,,-0.7015
ASV225,ASV2026,Undirected,65316,,-0.659562
ASV225,ASV205,Undirected,65317,,0.651994
ASV225,ASV220,Undirected,65321,,-0.67255
ASV225,ASV223,Undirected,65323,,0.614389
ASV225,ASV225,Undirected,65324,,1
ASV225,ASV229,Undirected,65325,,-1.706004
ASV225,ASV233,Undirected,65326,,1.643829
ASV225,ASV237,Undirected,65327,,-1.60561
ASV225,ASV24,Undirected,65328,,-1.575789
ASV225,ASV242,Undirected,65329,,1.482402
ASV225,ASV25,Undirected,65330,,-1.717831
ASV225,ASV258,Undirected,65331,,-1.484472
ASV225,ASV260,Undirected,65332,,1.785604
ASV225,ASV261,Undirected,65333,,1.578675
ASV225,ASV271,Undirected,65334,,1.675315
ASV225,ASV277,Undirected,65335,,1.626368
ASV225,ASV288,Undirected,65336,,1.48912
ASV225,ASV291,Undirected,65337,,1.46501
ASV225,ASV295,Undirected,65338,,1.439959
ASV225,ASV31,Undirected,65339,,-1.675816
ASV225,ASV310,Undirected,65340,,1.61431
ASV225,ASV32,Undirected,65341,,-1.664085
ASV225,ASV33,Undirected,65342,,-1.437597
ASV225,ASV344,Undirected,65343,,-1.710295
ASV225,ASV35,Undirected,65344,,1.485006
ASV225,ASV36,Undirected,65345,,-1.743404
ASV225,ASV363,Undirected,65346,,-1.415114
ASV225,ASV369,Undirected,65347,,1.469705
ASV225,ASV37,Undirected,65348,,-1.5212
ASV225,ASV3752,Undirected,65349,,1.59569
ASV225,ASV38,Undirected,65350,,-1.525583
ASV225,ASV404,Undirected,65351,,-1.547599
ASV225,ASV4134,Undirected,65352,,1.66883
ASV225,ASV416,Undirected,65353,,1.460104
ASV225,ASV435,Undirected,65354,,1.451868
ASV225,ASV445,Undirected,65355,,-1.521739
ASV225,ASV451,Undirected,65356,,-1.618851
ASV225,ASV459,Undirected,65357,,1.433823
ASV225,ASV463,Undirected,65358,,-1.665286
ASV225,ASV468,Undirected,65359,,1.544479
ASV225,ASV5,Undirected,65360,,-1.626875
ASV225,ASV501,Undirected,65361,,1.619494
ASV225,ASV51,Undirected,65362,,1.449644
ASV225,ASV529,Undirected,65363,,1.485315
ASV225,ASV56,Undirected,65364,,-1.58924
ASV225,ASV57,Undirected,65365,,-1.494051
ASV225,ASV579,Undirected,65366,,1.43465
ASV225,ASV59,Undirected,65367,,-1.637211
ASV225,ASV6,Undirected,65368,,1.511113
ASV225,ASV61,Undirected,65369,,-1.534161
ASV225,ASV655,Undirected,65370,,1.688164
ASV225,ASV68,Undirected,65371,,-1.521788
ASV225,ASV681,Undirected,65372,,-1.455397
ASV225,ASV707,Undirected,65373,,1.436603
ASV225,ASV71,Undirected,65374,,-1.583464
ASV225,ASV732,Undirected,65375,,-1.554652
ASV225,ASV733,Undirected,65376,,-1.550949
ASV225,ASV74,Undirected,65377,,-1.690637
ASV225,ASV752,Undirected,65378,,1.53384
ASV225,ASV781,Undirected,65379,,1.447914
ASV225,ASV79,Undirected,65380,,-1.598344
ASV225,ASV80,Undirected,65381,,-1.762152
ASV225,ASV810,Undirected,65382,,-1.552448
ASV225,ASV82,Undirected,65383,,-1.471562
ASV225,ASV828,Undirected,65384,,1.672203
ASV225,ASV85,Undirected,65385,,1.767201
ASV225,ASV856,Undirected,65386,,1.697982
ASV225,ASV87,Undirected,65387,,-1.833594
ASV225,ASV9,Undirected,65388,,-1.662017
ASV225,ASV92,Undirected,65389,,1.576824
ASV225,ASV927,Undirected,65390,,-1.519271
ASV225,ASV938,Undirected,65391,,-1.490139
ASV225,ASV95,Undirected,65392,,1.738231
ASV225,ASV96,Undirected,65393,,-1.735752
ASV226,ASV100,Undirected,65394,,0.675001
ASV226,ASV102,Undirected,65395,,0.608515
ASV226,ASV1024,Undirected,65396,,-0.609495
ASV226,ASV1069,Undirected,65397,,-0.679168
ASV226,ASV111,Undirected,65400,,0.69881
ASV226,ASV114,Undirected,65401,,0.604666
ASV226,ASV1141,Undirected,65402,,0.652569
ASV226,ASV115,Undirected,65403,,0.617221
ASV226,ASV116,Undirected,65404,,-0.667014
ASV226,ASV117,Undirected,65405,,0.656283
ASV226,ASV121,Undirected,65406,,0.659221
ASV226,ASV122,Undirected,65407,,0.689945
ASV226,ASV123,Undirected,65408,,0.611696
ASV226,ASV1273,Undirected,65410,,-0.622934
ASV226,ASV1275,Undirected,65411,,0.6189
ASV226,ASV15,Undirected,65415,,0.603942
ASV226,ASV150,Undirected,65416,,0.633164
ASV226,ASV153,Undirected,65417,,0.636791
ASV226,ASV167,Undirected,65418,,0.674833
ASV226,ASV175,Undirected,65419,,0.655962
ASV226,ASV178,Undirected,65420,,-0.662151
ASV226,ASV182,Undirected,65422,,0.642746
ASV226,ASV225,Undirected,65428,,-0.685686
ASV226,ASV226,Undirected,65429,,1
ASV226,ASV258,Undirected,65430,,1.506227
ASV226,ASV267,Undirected,65431,,1.419054
ASV226,ASV273,Undirected,65432,,1.45436
ASV226,ASV29,Undirected,65433,,-1.458792
ASV226,ASV501,Undirected,65434,,-1.484676
ASV226,ASV56,Undirected,65435,,1.429761
ASV226,ASV564,Undirected,65436,,1.457098
ASV226,ASV570,Undirected,65437,,-1.442685
ASV226,ASV59,Undirected,65438,,1.528752
ASV226,ASV61,Undirected,65439,,1.420128
ASV226,ASV681,Undirected,65440,,1.539501
ASV226,ASV71,Undirected,65441,,1.447964
ASV226,ASV810,Undirected,65442,,1.58689
ASV226,ASV90,Undirected,65443,,1.567657
ASV227,ASV1069,Undirected,65445,,-0.631444
ASV227,ASV1141,Undirected,65446,,0.628731
ASV227,ASV1165,Undirected,65447,,0.658068
ASV227,ASV1269,Undirected,65449,,-0.609933
ASV227,ASV1275,Undirected,65450,,0.615465
ASV227,ASV1298,Undirected,65451,,-0.661885
ASV227,ASV13,Undirected,65452,,0.669603
ASV227,ASV1626,Undirected,65453,,0.680064
ASV227,ASV1730,Undirected,65454,,-0.683281
ASV227,ASV187,Undirected,65455,,0.627463
ASV227,ASV195,Undirected,65456,,0.641931
ASV227,ASV226,Undirected,65458,,0.641559
ASV227,ASV227,Undirected,65459,,1
ASV227,ASV23,Undirected,65460,,1.420297
ASV227,ASV262,Undirected,65461,,1.507262
ASV227,ASV293,Undirected,65462,,1.549325
ASV227,ASV403,Undirected,65463,,1.446882
ASV227,ASV41,Undirected,65464,,1.630249
ASV227,ASV48,Undirected,65465,,1.416887
ASV227,ASV57,Undirected,65466,,1.606221
ASV228,ASV1026,Undirected,65467,,0.647525
ASV228,ASV108,Undirected,65469,,-0.658031
ASV228,ASV1093,Undirected,65470,,0.617791
ASV228,ASV1186,Undirected,65472,,-0.640477
ASV228,ASV121,Undirected,65473,,-0.638674
ASV228,ASV1215,Undirected,65474,,0.631024
ASV228,ASV125,Undirected,65475,,0.612836
ASV228,ASV131,Undirected,65476,,0.647122
ASV228,ASV154,Undirected,65479,,0.613554
ASV228,ASV159,Undirected,65480,,0.679628
ASV228,ASV1615,Undirected,65481,,0.704383
ASV228,ASV164,Undirected,65482,,0.646663
ASV228,ASV1781,Undirected,65484,,0.654891
ASV228,ASV179,Undirected,65485,,0.656122
ASV228,ASV1793,Undirected,65486,,0.680715
ASV228,ASV1985,Undirected,65487,,0.621124
ASV228,ASV2185,Undirected,65488,,0.705222
ASV228,ASV219,Undirected,65489,,0.697253
ASV228,ASV228,Undirected,65490,,1
ASV228,ASV233,Undirected,65491,,1.461066
ASV228,ASV283,Undirected,65492,,1.523127
ASV228,ASV33,Undirected,65493,,-1.524599
ASV228,ASV35,Undirected,65494,,1.485006
ASV228,ASV352,Undirected,65495,,1.432781
ASV228,ASV36,Undirected,65496,,-1.461976
ASV228,ASV456,Undirected,65497,,1.440586
ASV228,ASV5010,Undirected,65498,,1.445958
ASV228,ASV529,Undirected,65499,,1.510361
ASV228,ASV549,Undirected,65500,,1.467634
ASV228,ASV6,Undirected,65501,,1.548322
ASV228,ASV699,Undirected,65502,,1.541593
ASV228,ASV80,Undirected,65503,,-1.509825
ASV228,ASV881,Undirected,65504,,1.542399
ASV228,ASV92,Undirected,65505,,1.419555
ASV228,ASV95,Undirected,65506,,1.539576
ASV229,ASV1007,Undirected,65508,,0.662688
ASV229,ASV103,Undirected,65511,,0.603941
ASV229,ASV1030,Undirected,65512,,-0.618456
ASV229,ASV1059,Undirected,65513,,0.617397
ASV229,ASV107,Undirected,65515,,0.68928
ASV229,ASV110,Undirected,65517,,0.642193
ASV229,ASV1120,Undirected,65519,,-0.628278
ASV229,ASV113,Undirected,65520,,0.702535
ASV229,ASV1136,Undirected,65521,,0.604709
ASV229,ASV114,Undirected,65522,,0.653051
ASV229,ASV1141,Undirected,65523,,0.602206
ASV229,ASV1186,Undirected,65526,,0.648477
ASV229,ASV12,Undirected,65527,,0.634337
ASV229,ASV121,Undirected,65528,,0.628824
ASV229,ASV1210,Undirected,65529,,0.642584
ASV229,ASV1217,Undirected,65530,,-0.651666
ASV229,ASV1269,Undirected,65533,,-0.61791
ASV229,ASV1298,Undirected,65534,,-0.628355
ASV229,ASV1381,Undirected,65536,,0.6845
ASV229,ASV139,Undirected,65537,,-0.669426
ASV229,ASV140,Undirected,65538,,-0.698396
ASV229,ASV1428,Undirected,65540,,-0.690162
ASV229,ASV1437,Undirected,65541,,-0.61477
ASV229,ASV149,Undirected,65542,,-0.630109
ASV229,ASV1492,Undirected,65543,,-0.676166
ASV229,ASV153,Undirected,65546,,0.610652
ASV229,ASV158,Undirected,65547,,-0.672699
ASV229,ASV165,Undirected,65551,,0.682569
ASV229,ASV171,Undirected,65552,,0.698446
ASV229,ASV172,Undirected,65553,,0.629458
ASV229,ASV1781,Undirected,65556,,-0.607594
ASV229,ASV18,Undirected,65557,,-0.652197
ASV229,ASV184,Undirected,65558,,0.68912
ASV229,ASV191,Undirected,65560,,0.639596
ASV229,ASV195,Undirected,65562,,0.679275
ASV229,ASV196,Undirected,65563,,0.636834
ASV229,ASV214,Undirected,65566,,-0.643155
ASV229,ASV2185,Undirected,65568,,-0.636471
ASV229,ASV219,Undirected,65569,,-0.661483
ASV229,ASV226,Undirected,65573,,0.698134
ASV229,ASV228,Undirected,65574,,-0.645963
ASV229,ASV229,Undirected,65575,,1
ASV229,ASV233,Undirected,65576,,-1.625138
ASV229,ASV237,Undirected,65577,,1.521541
ASV229,ASV2383,Undirected,65578,,-1.486555
ASV229,ASV24,Undirected,65579,,1.644077
ASV229,ASV25,Undirected,65580,,1.587599
ASV229,ASV258,Undirected,65581,,1.425466
ASV229,ASV260,Undirected,65582,,-1.57535
ASV229,ASV261,Undirected,65583,,-1.618012
ASV229,ASV267,Undirected,65584,,1.5304
ASV229,ASV271,Undirected,65585,,-1.453323
ASV229,ASV273,Undirected,65586,,1.47205
ASV229,ASV277,Undirected,65587,,-1.7478
ASV229,ASV31,Undirected,65588,,1.673744
ASV229,ASV32,Undirected,65589,,1.736436
ASV229,ASV33,Undirected,65590,,1.500777
ASV229,ASV344,Undirected,65591,,1.679255
ASV229,ASV352,Undirected,65592,,-1.471364
ASV229,ASV36,Undirected,65593,,1.64925
ASV229,ASV360,Undirected,65594,,-1.42324
ASV229,ASV363,Undirected,65595,,1.479296
ASV229,ASV369,Undirected,65596,,-1.503884
ASV229,ASV37,Undirected,65597,,1.58635
ASV229,ASV3732,Undirected,65598,,-1.529778
ASV229,ASV38,Undirected,65599,,1.465635
ASV229,ASV4,Undirected,65600,,1.486307
ASV229,ASV404,Undirected,65601,,1.616242
ASV229,ASV4134,Undirected,65602,,-1.550748
ASV229,ASV436,Undirected,65603,,-1.686886
ASV229,ASV445,Undirected,65604,,1.55383
ASV229,ASV451,Undirected,65605,,1.41999
ASV229,ASV459,Undirected,65606,,-1.5527
ASV229,ASV463,Undirected,65607,,1.756478
ASV229,ASV5,Undirected,65608,,1.724033
ASV229,ASV501,Undirected,65609,,-1.636083
ASV229,ASV514,Undirected,65610,,1.547721
ASV229,ASV56,Undirected,65611,,1.667874
ASV229,ASV57,Undirected,65612,,1.631661
ASV229,ASV5744,Undirected,65613,,1.619048
ASV229,ASV579,Undirected,65614,,-1.443028
ASV229,ASV59,Undirected,65615,,1.628942
ASV229,ASV6,Undirected,65616,,-1.51318
ASV229,ASV61,Undirected,65617,,1.591097
ASV229,ASV660,Undirected,65618,,-1.441786
ASV229,ASV681,Undirected,65619,,1.488592
ASV229,ASV71,Undirected,65620,,1.628942
ASV229,ASV732,Undirected,65621,,1.439145
ASV229,ASV733,Undirected,65622,,1.566542
ASV229,ASV74,Undirected,65623,,1.626487
ASV229,ASV781,Undirected,65624,,-1.525613
ASV229,ASV79,Undirected,65625,,1.601449
ASV229,ASV80,Undirected,65626,,1.7818
ASV229,ASV810,Undirected,65627,,1.613715
ASV229,ASV82,Undirected,65628,,1.593589
ASV229,ASV828,Undirected,65629,,-1.528012
ASV229,ASV856,Undirected,65630,,-1.602496
ASV229,ASV87,Undirected,65631,,1.686824
ASV229,ASV9,Undirected,65632,,1.678555
ASV229,ASV90,Undirected,65633,,1.665805
ASV229,ASV92,Undirected,65634,,-1.507501
ASV229,ASV938,Undirected,65635,,1.507904
ASV229,ASV95,Undirected,65636,,-1.623384
ASV229,ASV96,Undirected,65637,,1.730571
ASV2290,ASV1026,Undirected,65638,,0.624531
ASV2290,ASV113,Undirected,65640,,-0.623052
ASV2290,ASV1298,Undirected,65641,,0.635613
ASV2290,ASV146,Undirected,65642,,-0.657039
ASV2290,ASV1513,Undirected,65643,,0.628025
ASV2290,ASV160,Undirected,65644,,0.600448
ASV2290,ASV1615,Undirected,65645,,0.600627
ASV2290,ASV1647,Undirected,65646,,0.610497
ASV2290,ASV1740,Undirected,65647,,0.649715
ASV2290,ASV2026,Undirected,65648,,-0.611252
ASV2290,ASV207,Undirected,65649,,0.685872
ASV2290,ASV22,Undirected,65650,,-0.607127
ASV2290,ASV2290,Undirected,65651,,1
ASV2290,ASV260,Undirected,65652,,1.428036
ASV2290,ASV783,Undirected,65653,,1.623301
ASV2290,ASV83,Undirected,65654,,1.611285
ASV2291,ASV14,Undirected,65656,,0.608295
ASV2291,ASV18,Undirected,65658,,0.607259
ASV2291,ASV201,Undirected,65659,,0.609239
ASV2291,ASV217,Undirected,65660,,-0.631497
ASV2291,ASV2291,Undirected,65661,,1
ASV2291,ASV320,Undirected,65662,,-1.413779
ASV2291,ASV486,Undirected,65663,,-1.552093
ASV2291,ASV640,Undirected,65664,,-1.542851
ASV2291,ASV771,Undirected,65665,,-1.477741
ASV2291,ASV884,Undirected,65666,,1.617908
ASV23,ASV1007,Undirected,65667,,0.683976
ASV23,ASV1032,Undirected,65668,,0.637735
ASV23,ASV119,Undirected,65669,,-0.617228
ASV23,ASV1275,Undirected,65670,,0.609417
ASV23,ASV136,Undirected,65671,,0.61117
ASV23,ASV150,Undirected,65672,,0.636035
ASV23,ASV172,Undirected,65673,,0.680083
ASV23,ASV175,Undirected,65674,,0.615385
ASV23,ASV196,Undirected,65676,,0.619835
ASV23,ASV23,Undirected,65679,,1
ASV23,ASV262,Undirected,65680,,1.685629
ASV23,ASV322,Undirected,65681,,1.492508
ASV23,ASV362,Undirected,65682,,1.54038
ASV23,ASV41,Undirected,65683,,1.757357
ASV23,ASV48,Undirected,65684,,1.534332
ASV23,ASV54,Undirected,65685,,1.508772
ASV23,ASV57,Undirected,65686,,1.421488
ASV23,ASV67,Undirected,65687,,1.809918
ASV23,ASV69,Undirected,65688,,-1.441575
ASV23,ASV770,Undirected,65689,,1.430649
ASV23,ASV872,Undirected,65690,,1.629502
ASV231,ASV1007,Undirected,65691,,-0.649541
ASV231,ASV1013,Undirected,65692,,-0.66576
ASV231,ASV1026,Undirected,65693,,0.678728
ASV231,ASV108,Undirected,65695,,-0.655798
ASV231,ASV1123,Undirected,65696,,0.625138
ASV231,ASV114,Undirected,65698,,-0.649793
ASV231,ASV1149,Undirected,65699,,0.653669
ASV231,ASV1161,Undirected,65700,,0.660445
ASV231,ASV125,Undirected,65706,,0.618408
ASV231,ASV1275,Undirected,65707,,-0.614908
ASV231,ASV1338,Undirected,65711,,0.616065
ASV231,ASV135,Undirected,65712,,-0.668568
ASV231,ASV139,Undirected,65714,,0.617054
ASV231,ASV142,Undirected,65715,,0.644961
ASV231,ASV149,Undirected,65716,,0.645478
ASV231,ASV1492,Undirected,65717,,0.702382
ASV231,ASV1499,Undirected,65718,,0.661677
ASV231,ASV150,Undirected,65719,,-0.657025
ASV231,ASV153,Undirected,65720,,-0.630165
ASV231,ASV1546,Undirected,65721,,0.661483
ASV231,ASV1615,Undirected,65725,,0.691061
ASV231,ASV165,Undirected,65727,,-0.619686
ASV231,ASV171,Undirected,65729,,-0.629401
ASV231,ASV172,Undirected,65730,,-0.615385
ASV231,ASV1730,Undirected,65731,,0.647335
ASV231,ASV175,Undirected,65732,,-0.68595
ASV231,ASV182,Undirected,65736,,-0.622088
ASV231,ASV184,Undirected,65737,,-0.671844
ASV231,ASV187,Undirected,65738,,-0.639277
ASV231,ASV194,Undirected,65739,,-0.60683
ASV231,ASV195,Undirected,65740,,-0.665633
ASV231,ASV197,Undirected,65741,,-0.602584
ASV231,ASV2026,Undirected,65742,,-0.647855
ASV231,ASV207,Undirected,65743,,0.609277
ASV231,ASV219,Undirected,65745,,0.673229
ASV231,ASV220,Undirected,65746,,-0.608091
ASV231,ASV225,Undirected,65747,,0.663909
ASV231,ASV228,Undirected,65748,,0.613237
ASV231,ASV231,Undirected,65749,,1
ASV231,ASV24,Undirected,65750,,-1.618605
ASV231,ASV244,Undirected,65751,,-1.724782
ASV231,ASV25,Undirected,65752,,-1.623129
ASV231,ASV2511,Undirected,65753,,1.459867
ASV231,ASV260,Undirected,65754,,1.505434
ASV231,ASV263,Undirected,65755,,-1.53361
ASV231,ASV271,Undirected,65756,,1.537831
ASV231,ASV273,Undirected,65757,,-1.702173
ASV231,ASV276,Undirected,65758,,-1.515033
ASV231,ASV31,Undirected,65759,,-1.690638
ASV231,ASV334,Undirected,65760,,1.449846
ASV231,ASV34,Undirected,65761,,-1.448347
ASV231,ASV35,Undirected,65762,,1.442149
ASV231,ASV36,Undirected,65763,,-1.562791
ASV231,ASV363,Undirected,65764,,-1.594623
ASV231,ASV37,Undirected,65765,,-1.580579
ASV231,ASV4,Undirected,65766,,-1.503356
ASV231,ASV404,Undirected,65767,,-1.440024
ASV231,ASV430,Undirected,65768,,1.423249
ASV231,ASV440,Undirected,65769,,1.501306
ASV231,ASV456,Undirected,65770,,1.418361
ASV231,ASV48,Undirected,65771,,-1.454545
ASV231,ASV5,Undirected,65772,,-1.548787
ASV231,ASV507,Undirected,65773,,-1.515403
ASV231,ASV514,Undirected,65774,,-1.580319
ASV231,ASV529,Undirected,65775,,1.451146
ASV231,ASV56,Undirected,65776,,-1.510078
ASV231,ASV59,Undirected,65777,,-1.594218
ASV231,ASV6,Undirected,65778,,1.658235
ASV231,ASV61,Undirected,65779,,-1.679422
ASV231,ASV637,Undirected,65780,,-1.789434
ASV231,ASV655,Undirected,65781,,1.480809
ASV231,ASV708,Undirected,65782,,1.436042
ASV231,ASV71,Undirected,65783,,-1.424884
ASV231,ASV732,Undirected,65784,,-1.425184
ASV231,ASV74,Undirected,65785,,-1.472868
ASV231,ASV741,Undirected,65786,,1.465132
ASV231,ASV79,Undirected,65787,,-1.483972
ASV231,ASV80,Undirected,65788,,-1.515496
ASV231,ASV810,Undirected,65789,,-1.425323
ASV231,ASV82,Undirected,65790,,-1.671488
ASV231,ASV828,Undirected,65791,,1.494308
ASV231,ASV85,Undirected,65792,,1.4677
ASV231,ASV856,Undirected,65793,,1.439097
ASV231,ASV87,Undirected,65794,,-1.47238
ASV231,ASV9,Undirected,65795,,-1.722251
ASV231,ASV95,Undirected,65796,,1.4677
ASV231,ASV955,Undirected,65797,,1.549811
ASV231,ASV96,Undirected,65798,,-1.554869
ASV232,ASV1,Undirected,65799,,-0.649409
ASV232,ASV102,Undirected,65800,,0.70405
ASV232,ASV106,Undirected,65801,,0.619519
ASV232,ASV115,Undirected,65802,,0.628113
ASV232,ASV13,Undirected,65804,,0.610366
ASV232,ASV147,Undirected,65805,,0.664585
ASV232,ASV1588,Undirected,65806,,-0.600334
ASV232,ASV194,Undirected,65807,,0.658537
ASV232,ASV232,Undirected,65809,,1
ASV232,ASV452,Undirected,65810,,1.412593
ASV232,ASV475,Undirected,65811,,1.552833
ASV232,ASV5848,Undirected,65812,,-1.613708
ASV232,ASV634,Undirected,65813,,-1.539182
ASV232,ASV90,Undirected,65814,,1.486786
ASV233,ASV1026,Undirected,65815,,0.644299
ASV233,ASV103,Undirected,65816,,-0.661467
ASV233,ASV1038,Undirected,65818,,0.639898
ASV233,ASV1069,Undirected,65819,,0.657977
ASV233,ASV108,Undirected,65820,,-0.694908
ASV233,ASV1093,Undirected,65821,,0.64215
ASV233,ASV111,Undirected,65822,,-0.684488
ASV233,ASV1136,Undirected,65824,,-0.633155
ASV233,ASV1141,Undirected,65825,,-0.623436
ASV233,ASV1161,Undirected,65826,,0.639729
ASV233,ASV117,Undirected,65827,,-0.678796
ASV233,ASV1186,Undirected,65828,,-0.70453
ASV233,ASV122,Undirected,65831,,-0.676057
ASV233,ASV1228,Undirected,65832,,0.658302
ASV233,ASV1243,Undirected,65833,,0.665625
ASV233,ASV1273,Undirected,65835,,0.606231
ASV233,ASV1292,Undirected,65836,,0.631995
ASV233,ASV140,Undirected,65839,,0.612874
ASV233,ASV15,Undirected,65842,,-0.610798
ASV233,ASV158,Undirected,65843,,0.603221
ASV233,ASV165,Undirected,65847,,-0.628034
ASV233,ASV1698,Undirected,65848,,0.621132
ASV233,ASV170,Undirected,65849,,-0.686592
ASV233,ASV171,Undirected,65850,,-0.612787
ASV233,ASV1781,Undirected,65852,,0.685089
ASV233,ASV182,Undirected,65853,,-0.616866
ASV233,ASV187,Undirected,65856,,-0.690197
ASV233,ASV191,Undirected,65857,,-0.621215
ASV233,ASV194,Undirected,65858,,-0.670132
ASV233,ASV196,Undirected,65860,,-0.667363
ASV233,ASV197,Undirected,65861,,-0.688121
ASV233,ASV2026,Undirected,65863,,-0.642114
ASV233,ASV205,Undirected,65864,,0.621301
ASV233,ASV216,Undirected,65865,,-0.667577
ASV233,ASV219,Undirected,65866,,0.656787
ASV233,ASV220,Undirected,65867,,-0.640812
ASV233,ASV231,Undirected,65872,,0.700213
ASV233,ASV233,Undirected,65873,,1
ASV233,ASV24,Undirected,65874,,-1.536077
ASV233,ASV242,Undirected,65875,,1.494296
ASV233,ASV25,Undirected,65876,,-1.580111
ASV233,ASV2511,Undirected,65877,,1.563526
ASV233,ASV260,Undirected,65878,,1.57507
ASV233,ASV261,Undirected,65879,,1.435106
ASV233,ASV263,Undirected,65880,,-1.487027
ASV233,ASV267,Undirected,65881,,-1.541428
ASV233,ASV271,Undirected,65882,,1.559834
ASV233,ASV273,Undirected,65883,,-1.462105
ASV233,ASV2762,Undirected,65884,,1.427384
ASV233,ASV277,Undirected,65885,,1.539823
ASV233,ASV31,Undirected,65886,,-1.639486
ASV233,ASV32,Undirected,65887,,-1.615362
ASV233,ASV33,Undirected,65888,,-1.591694
ASV233,ASV334,Undirected,65889,,1.44549
ASV233,ASV34,Undirected,65890,,-1.448145
ASV233,ASV344,Undirected,65891,,-1.490409
ASV233,ASV352,Undirected,65892,,1.498967
ASV233,ASV36,Undirected,65893,,-1.526736
ASV233,ASV360,Undirected,65894,,1.566585
ASV233,ASV37,Undirected,65895,,-1.429473
ASV233,ASV38,Undirected,65896,,-1.530343
ASV233,ASV388,Undirected,65897,,1.44537
ASV233,ASV401,Undirected,65898,,1.487233
ASV233,ASV404,Undirected,65899,,-1.634848
ASV233,ASV437,Undirected,65900,,1.454553
ASV233,ASV445,Undirected,65901,,-1.536871
ASV233,ASV456,Undirected,65902,,1.426341
ASV233,ASV463,Undirected,65903,,-1.668403
ASV233,ASV5,Undirected,65904,,-1.588405
ASV233,ASV501,Undirected,65905,,1.594386
ASV233,ASV5010,Undirected,65906,,1.42023
ASV233,ASV514,Undirected,65907,,-1.472425
ASV233,ASV551,Undirected,65908,,-1.697603
ASV233,ASV554,Undirected,65909,,1.424716
ASV233,ASV5638,Undirected,65910,,1.439132
ASV233,ASV57,Undirected,65911,,-1.512205
ASV233,ASV576,Undirected,65912,,1.453314
ASV233,ASV59,Undirected,65913,,-1.650614
ASV233,ASV6,Undirected,65914,,1.586331
ASV233,ASV675,Undirected,65915,,1.465218
ASV233,ASV699,Undirected,65916,,1.416059
ASV233,ASV71,Undirected,65917,,-1.658909
ASV233,ASV733,Undirected,65918,,-1.572472
ASV233,ASV775,Undirected,65919,,1.478941
ASV233,ASV79,Undirected,65920,,-1.507795
ASV233,ASV80,Undirected,65921,,-1.688811
ASV233,ASV81,Undirected,65922,,-1.447856
ASV233,ASV810,Undirected,65923,,-1.419792
ASV233,ASV82,Undirected,65924,,-1.504162
ASV233,ASV828,Undirected,65925,,1.496359
ASV233,ASV856,Undirected,65926,,1.62936
ASV233,ASV87,Undirected,65927,,-1.594626
ASV233,ASV9,Undirected,65928,,-1.692087
ASV233,ASV92,Undirected,65929,,1.44578
ASV233,ASV938,Undirected,65930,,-1.528332
ASV233,ASV95,Undirected,65931,,1.764412
ASV233,ASV96,Undirected,65932,,-1.557176
ASV233,ASV970,Undirected,65933,,1.483811
ASV2338,ASV1219,Undirected,65934,,-0.605665
ASV2338,ASV1594,Undirected,65935,,-0.682175
ASV2338,ASV2338,Undirected,65936,,1
ASV234,ASV10,Undirected,65937,,0.601292
ASV234,ASV1032,Undirected,65938,,0.691255
ASV234,ASV1092,Undirected,65939,,-0.642555
ASV234,ASV1293,Undirected,65941,,-0.694913
ASV234,ASV133,Undirected,65942,,0.687982
ASV234,ASV1346,Undirected,65943,,0.648796
ASV234,ASV1704,Undirected,65944,,-0.607758
ASV234,ASV2223,Undirected,65946,,-0.614183
ASV234,ASV2291,Undirected,65947,,0.609555
ASV234,ASV234,Undirected,65948,,1
ASV234,ASV239,Undirected,65949,,-1.474197
ASV234,ASV2809,Undirected,65950,,-1.490105
ASV234,ASV429,Undirected,65951,,1.512619
ASV234,ASV78,Undirected,65952,,1.643768
ASV235,ASV1026,Undirected,65953,,0.653463
ASV235,ASV1198,Undirected,65956,,0.607543
ASV235,ASV121,Undirected,65957,,-0.619172
ASV235,ASV125,Undirected,65958,,0.610968
ASV235,ASV1295,Undirected,65960,,0.613757
ASV235,ASV135,Undirected,65961,,-0.605183
ASV235,ASV1353,Undirected,65962,,0.653448
ASV235,ASV139,Undirected,65963,,0.684074
ASV235,ASV1546,Undirected,65966,,0.654553
ASV235,ASV158,Undirected,65967,,0.632558
ASV235,ASV169,Undirected,65971,,-0.643007
ASV235,ASV1781,Undirected,65973,,0.614552
ASV235,ASV182,Undirected,65974,,-0.667016
ASV235,ASV2,Undirected,65975,,-0.63843
ASV235,ASV2017,Undirected,65976,,0.608184
ASV235,ASV2026,Undirected,65977,,-0.64924
ASV235,ASV2114,Undirected,65978,,0.666905
ASV235,ASV22,Undirected,65980,,-0.659967
ASV235,ASV2213,Undirected,65981,,0.615558
ASV235,ASV223,Undirected,65982,,0.602173
ASV235,ASV225,Undirected,65983,,0.690636
ASV235,ASV231,Undirected,65984,,0.695607
ASV235,ASV233,Undirected,65985,,0.681893
ASV235,ASV235,Undirected,65986,,1
ASV235,ASV242,Undirected,65987,,1.629592
ASV235,ASV244,Undirected,65988,,-1.460663
ASV235,ASV25,Undirected,65989,,-1.65496
ASV235,ASV260,Undirected,65990,,1.459628
ASV235,ASV261,Undirected,65991,,1.414382
ASV235,ASV2744,Undirected,65992,,1.633618
ASV235,ASV310,Undirected,65993,,1.447672
ASV235,ASV334,Undirected,65994,,1.574754
ASV235,ASV36,Undirected,65995,,-1.453981
ASV235,ASV416,Undirected,65996,,1.569137
ASV235,ASV435,Undirected,65997,,1.493829
ASV235,ASV551,Undirected,65998,,-1.426509
ASV235,ASV576,Undirected,65999,,1.445966
ASV235,ASV655,Undirected,66000,,1.509627
ASV235,ASV708,Undirected,66001,,1.483636
ASV235,ASV775,Undirected,66002,,1.448708
ASV235,ASV876,Undirected,66003,,1.594536
ASV235,ASV921,Undirected,66004,,-1.593577
ASV235,ASV95,Undirected,66005,,1.46122
ASV236,ASV1042,Undirected,66006,,-0.62253
ASV236,ASV1251,Undirected,66007,,-0.620125
ASV236,ASV236,Undirected,66008,,1
ASV2361,ASV103,Undirected,66010,,0.604005
ASV2361,ASV1032,Undirected,66011,,0.635887
ASV2361,ASV122,Undirected,66012,,0.649512
ASV2361,ASV1229,Undirected,66013,,0.610171
ASV2361,ASV1251,Undirected,66014,,-0.6163
ASV2361,ASV1346,Undirected,66015,,0.645983
ASV2361,ASV1381,Undirected,66016,,0.613432
ASV2361,ASV150,Undirected,66017,,0.649991
ASV2361,ASV1551,Undirected,66018,,-0.656934
ASV2361,ASV171,Undirected,66019,,0.658668
ASV2361,ASV172,Undirected,66020,,0.705012
ASV2361,ASV181,Undirected,66021,,-0.678041
ASV2361,ASV1840,Undirected,66022,,0.661365
ASV2361,ASV216,Undirected,66024,,0.65342
ASV2361,ASV231,Undirected,66025,,-0.613416
ASV2361,ASV234,Undirected,66026,,0.60486
ASV2361,ASV2361,Undirected,66027,,1
ASV2361,ASV239,Undirected,66028,,-1.576446
ASV2361,ASV2809,Undirected,66029,,-1.730818
ASV2361,ASV37,Undirected,66030,,1.521522
ASV2361,ASV3752,Undirected,66031,,-1.511023
ASV2361,ASV48,Undirected,66032,,1.463002
ASV2361,ASV515,Undirected,66033,,1.49799
ASV2361,ASV5245,Undirected,66034,,1.504534
ASV2361,ASV54,Undirected,66035,,1.447624
ASV2361,ASV85,Undirected,66036,,-1.464803
ASV237,ASV1038,Undirected,66040,,-0.609867
ASV237,ASV106,Undirected,66041,,0.693781
ASV237,ASV107,Undirected,66042,,0.624612
ASV237,ASV1136,Undirected,66047,,0.632294
ASV237,ASV114,Undirected,66048,,0.689481
ASV237,ASV1193,Undirected,66050,,-0.630291
ASV237,ASV1210,Undirected,66052,,0.622147
ASV237,ASV123,Undirected,66055,,0.66319
ASV237,ASV1243,Undirected,66056,,-0.659032
ASV237,ASV1338,Undirected,66059,,-0.696828
ASV237,ASV1428,Undirected,66062,,-0.601996
ASV237,ASV149,Undirected,66063,,-0.70073
ASV237,ASV150,Undirected,66064,,0.640751
ASV237,ASV153,Undirected,66065,,0.63764
ASV237,ASV158,Undirected,66066,,-0.695183
ASV237,ASV159,Undirected,66067,,-0.615905
ASV237,ASV160,Undirected,66068,,-0.61823
ASV237,ASV170,Undirected,66071,,0.69039
ASV237,ASV172,Undirected,66073,,0.634202
ASV237,ASV175,Undirected,66075,,0.630901
ASV237,ASV1781,Undirected,66076,,-0.706098
ASV237,ASV179,Undirected,66077,,-0.646386
ASV237,ASV187,Undirected,66078,,0.681539
ASV237,ASV191,Undirected,66079,,0.608359
ASV237,ASV197,Undirected,66081,,0.642119
ASV237,ASV205,Undirected,66083,,-0.646419
ASV237,ASV214,Undirected,66084,,-0.641706
ASV237,ASV2213,Undirected,66086,,-0.647031
ASV237,ASV226,Undirected,66088,,0.604784
ASV237,ASV231,Undirected,66090,,-0.704515
ASV237,ASV233,Undirected,66091,,-0.673087
ASV237,ASV2361,Undirected,66092,,0.644488
ASV237,ASV237,Undirected,66093,,1
ASV237,ASV24,Undirected,66094,,1.633825
ASV237,ASV25,Undirected,66095,,1.554417
ASV237,ASV260,Undirected,66096,,-1.494292
ASV237,ASV271,Undirected,66097,,-1.540302
ASV237,ASV288,Undirected,66098,,-1.570911
ASV237,ASV31,Undirected,66099,,1.653171
ASV237,ASV310,Undirected,66100,,-1.420999
ASV237,ASV32,Undirected,66101,,1.500531
ASV237,ASV35,Undirected,66102,,-1.41525
ASV237,ASV36,Undirected,66103,,1.542539
ASV237,ASV363,Undirected,66104,,1.700058
ASV237,ASV37,Undirected,66105,,1.579067
ASV237,ASV3752,Undirected,66106,,-1.449388
ASV237,ASV4,Undirected,66107,,1.496386
ASV237,ASV404,Undirected,66108,,1.67675
ASV237,ASV4134,Undirected,66109,,-1.479343
ASV237,ASV445,Undirected,66110,,1.49248
ASV237,ASV451,Undirected,66111,,1.656286
ASV237,ASV5,Undirected,66112,,1.604159
ASV237,ASV514,Undirected,66113,,1.523661
ASV237,ASV529,Undirected,66114,,-1.596168
ASV237,ASV551,Undirected,66115,,1.415322
ASV237,ASV56,Undirected,66116,,1.659759
ASV237,ASV564,Undirected,66117,,1.57232
ASV237,ASV59,Undirected,66118,,1.537837
ASV237,ASV6,Undirected,66119,,-1.525402
ASV237,ASV600,Undirected,66120,,-1.544893
ASV237,ASV61,Undirected,66121,,1.66477
ASV237,ASV655,Undirected,66122,,-1.549767
ASV237,ASV68,Undirected,66123,,1.424857
ASV237,ASV681,Undirected,66124,,1.433177
ASV237,ASV74,Undirected,66125,,1.644199
ASV237,ASV741,Undirected,66126,,-1.441154
ASV237,ASV781,Undirected,66127,,-1.536945
ASV237,ASV80,Undirected,66128,,1.658902
ASV237,ASV810,Undirected,66129,,1.695992
ASV237,ASV82,Undirected,66130,,1.589435
ASV237,ASV85,Undirected,66131,,-1.556024
ASV237,ASV850,Undirected,66132,,1.446011
ASV237,ASV856,Undirected,66133,,-1.48283
ASV237,ASV87,Undirected,66134,,1.714004
ASV237,ASV9,Undirected,66135,,1.622812
ASV237,ASV92,Undirected,66136,,-1.44814
ASV237,ASV922,Undirected,66137,,-1.421575
ASV237,ASV93,Undirected,66138,,1.425318
ASV237,ASV95,Undirected,66139,,-1.528016
ASV237,ASV955,Undirected,66140,,-1.591276
ASV237,ASV96,Undirected,66141,,1.453508
ASV2370,ASV1002,Undirected,66142,,0.630559
ASV2370,ASV1073,Undirected,66143,,0.676646
ASV2370,ASV1132,Undirected,66144,,0.641533
ASV2370,ASV1272,Undirected,66145,,-0.605719
ASV2370,ASV2370,Undirected,66146,,1
ASV2370,ASV305,Undirected,66147,,1.526939
ASV2383,ASV100,Undirected,66148,,-0.636193
ASV2383,ASV1017,Undirected,66149,,-0.604713
ASV2383,ASV1030,Undirected,66150,,0.620802
ASV2383,ASV1069,Undirected,66151,,0.639901
ASV2383,ASV108,Undirected,66153,,-0.680152
ASV2383,ASV111,Undirected,66154,,-0.641134
ASV2383,ASV114,Undirected,66155,,-0.652923
ASV2383,ASV1141,Undirected,66156,,-0.672203
ASV2383,ASV115,Undirected,66157,,-0.607705
ASV2383,ASV117,Undirected,66158,,-0.684904
ASV2383,ASV12,Undirected,66159,,-0.660242
ASV2383,ASV1243,Undirected,66161,,0.659342
ASV2383,ASV158,Undirected,66164,,0.628155
ASV2383,ASV1615,Undirected,66165,,0.64401
ASV2383,ASV172,Undirected,66167,,-0.653113
ASV2383,ASV18,Undirected,66171,,0.623618
ASV2383,ASV196,Undirected,66175,,-0.681732
ASV2383,ASV197,Undirected,66176,,-0.606336
ASV2383,ASV214,Undirected,66177,,0.604738
ASV2383,ASV220,Undirected,66179,,-0.654239
ASV2383,ASV225,Undirected,66180,,0.611397
ASV2383,ASV226,Undirected,66181,,-0.701475
ASV2383,ASV231,Undirected,66183,,0.60813
ASV2383,ASV233,Undirected,66184,,0.640292
ASV2383,ASV237,Undirected,66185,,-0.616688
ASV2383,ASV2383,Undirected,66186,,1
ASV2383,ASV24,Undirected,66187,,-1.538511
ASV2383,ASV263,Undirected,66188,,-1.447518
ASV2383,ASV273,Undirected,66189,,-1.452794
ASV2383,ASV276,Undirected,66190,,-1.455811
ASV2383,ASV31,Undirected,66191,,-1.604495
ASV2383,ASV32,Undirected,66192,,-1.45581
ASV2383,ASV363,Undirected,66193,,-1.435913
ASV2383,ASV37,Undirected,66194,,-1.460778
ASV2383,ASV3732,Undirected,66195,,1.522159
ASV2383,ASV390,Undirected,66196,,1.412647
ASV2383,ASV436,Undirected,66197,,1.634691
ASV2383,ASV463,Undirected,66198,,-1.425784
ASV2383,ASV5,Undirected,66199,,-1.506374
ASV2383,ASV516,Undirected,66200,,-1.703577
ASV2383,ASV56,Undirected,66201,,-1.462587
ASV2383,ASV59,Undirected,66202,,-1.510587
ASV2383,ASV61,Undirected,66203,,-1.455959
ASV2383,ASV681,Undirected,66204,,-1.521359
ASV2383,ASV71,Undirected,66205,,-1.464237
ASV2383,ASV74,Undirected,66206,,-1.533238
ASV2383,ASV79,Undirected,66207,,-1.556188
ASV2383,ASV80,Undirected,66208,,-1.463939
ASV2383,ASV810,Undirected,66209,,-1.555752
ASV2383,ASV82,Undirected,66210,,-1.587252
ASV2383,ASV828,Undirected,66211,,1.455811
ASV2383,ASV9,Undirected,66212,,-1.510587
ASV2383,ASV90,Undirected,66213,,-1.581745
ASV2383,ASV918,Undirected,66214,,-1.431181
ASV239,ASV1032,Undirected,66215,,-0.63032
ASV239,ASV1092,Undirected,66216,,0.60118
ASV239,ASV126,Undirected,66218,,0.649898
ASV239,ASV133,Undirected,66219,,-0.64645
ASV239,ASV1704,Undirected,66220,,0.602277
ASV239,ASV181,Undirected,66221,,0.642487
ASV239,ASV1840,Undirected,66222,,-0.634522
ASV239,ASV2223,Undirected,66223,,0.623186
ASV239,ASV239,Undirected,66226,,1
ASV239,ASV2809,Undirected,66227,,1.865217
ASV24,ASV1007,Undirected,66229,,0.674813
ASV24,ASV1030,Undirected,66232,,-0.699483
ASV24,ASV110,Undirected,66237,,0.611886
ASV24,ASV1141,Undirected,66241,,0.642542
ASV24,ASV116,Undirected,66242,,-0.621314
ASV24,ASV1162,Undirected,66243,,-0.642358
ASV24,ASV1217,Undirected,66247,,-0.654491
ASV24,ASV123,Undirected,66249,,0.650718
ASV24,ASV1243,Undirected,66250,,-0.687602
ASV24,ASV1269,Undirected,66252,,-0.638579
ASV24,ASV1358,Undirected,66255,,-0.677978
ASV24,ASV14,Undirected,66256,,-0.704546
ASV24,ASV1428,Undirected,66258,,-0.690326
ASV24,ASV1468,Undirected,66259,,-0.61141
ASV24,ASV1492,Undirected,66261,,-0.663906
ASV24,ASV1499,Undirected,66262,,-0.638919
ASV24,ASV160,Undirected,66267,,-0.608001
ASV24,ASV165,Undirected,66270,,0.633598
ASV24,ASV172,Undirected,66273,,0.67562
ASV24,ASV180,Undirected,66278,,0.659388
ASV24,ASV205,Undirected,66287,,-0.6294
ASV24,ASV219,Undirected,66289,,-0.608291
ASV24,ASV2213,Undirected,66291,,-0.63976
ASV24,ASV226,Undirected,66293,,0.692071
ASV24,ASV227,Undirected,66294,,0.701556
ASV24,ASV24,Undirected,66300,,1
ASV24,ASV242,Undirected,66301,,-1.424729
ASV24,ASV244,Undirected,66302,,1.642858
ASV24,ASV25,Undirected,66303,,1.791323
ASV24,ASV2511,Undirected,66304,,-1.4303
ASV24,ASV260,Undirected,66305,,-1.54762
ASV24,ASV261,Undirected,66306,,-1.503363
ASV24,ASV263,Undirected,66307,,1.725815
ASV24,ASV267,Undirected,66308,,1.514032
ASV24,ASV271,Undirected,66309,,-1.486786
ASV24,ASV273,Undirected,66310,,1.745474
ASV24,ASV276,Undirected,66311,,1.594614
ASV24,ASV277,Undirected,66312,,-1.437766
ASV24,ASV288,Undirected,66313,,-1.467635
ASV24,ASV31,Undirected,66314,,1.855073
ASV24,ASV32,Undirected,66315,,1.869836
ASV24,ASV34,Undirected,66316,,1.489406
ASV24,ASV36,Undirected,66317,,1.566701
ASV24,ASV360,Undirected,66318,,-1.543214
ASV24,ASV363,Undirected,66319,,1.682359
ASV24,ASV37,Undirected,66320,,1.626874
ASV24,ASV374,Undirected,66321,,1.601245
ASV24,ASV38,Undirected,66322,,1.659092
ASV24,ASV4,Undirected,66323,,1.561984
ASV24,ASV404,Undirected,66324,,1.640355
ASV24,ASV436,Undirected,66325,,-1.547154
ASV24,ASV440,Undirected,66326,,-1.614116
ASV24,ASV445,Undirected,66327,,1.473358
ASV24,ASV447,Undirected,66328,,-1.514833
ASV24,ASV451,Undirected,66329,,1.643893
ASV24,ASV459,Undirected,66330,,-1.522715
ASV24,ASV463,Undirected,66331,,1.499743
ASV24,ASV48,Undirected,66332,,1.506977
ASV24,ASV5,Undirected,66333,,1.733472
ASV24,ASV501,Undirected,66334,,-1.588604
ASV24,ASV507,Undirected,66335,,1.531936
ASV24,ASV514,Undirected,66336,,1.578025
ASV24,ASV516,Undirected,66337,,1.452483
ASV24,ASV529,Undirected,66338,,-1.413803
ASV24,ASV56,Undirected,66339,,1.723888
ASV24,ASV564,Undirected,66340,,1.469924
ASV24,ASV5687,Undirected,66341,,1.512494
ASV24,ASV57,Undirected,66342,,1.673216
ASV24,ASV5744,Undirected,66343,,1.581997
ASV24,ASV59,Undirected,66344,,1.869836
ASV24,ASV6,Undirected,66345,,-1.648761
ASV24,ASV61,Undirected,66346,,1.770306
ASV24,ASV637,Undirected,66347,,1.579668
ASV24,ASV655,Undirected,66348,,-1.512744
ASV24,ASV681,Undirected,66349,,1.707626
ASV24,ASV71,Undirected,66350,,1.845042
ASV24,ASV73,Undirected,66351,,1.461143
ASV24,ASV733,Undirected,66352,,1.491964
ASV24,ASV74,Undirected,66353,,1.780765
ASV24,ASV781,Undirected,66354,,-1.435622
ASV24,ASV79,Undirected,66355,,1.661666
ASV24,ASV80,Undirected,66356,,1.632042
ASV24,ASV810,Undirected,66357,,1.712518
ASV24,ASV82,Undirected,66358,,1.901809
ASV24,ASV828,Undirected,66359,,-1.593577
ASV24,ASV85,Undirected,66360,,-1.535677
ASV24,ASV850,Undirected,66361,,1.597386
ASV24,ASV856,Undirected,66362,,-1.497933
ASV24,ASV87,Undirected,66363,,1.725208
ASV24,ASV9,Undirected,66364,,1.758265
ASV24,ASV90,Undirected,66365,,1.825233
ASV24,ASV922,Undirected,66366,,-1.561576
ASV24,ASV95,Undirected,66367,,-1.499483
ASV24,ASV955,Undirected,66368,,-1.499136
ASV24,ASV96,Undirected,66369,,1.633353
ASV240,ASV1229,Undirected,66370,,0.675281
ASV240,ASV1430,Undirected,66372,,0.699059
ASV240,ASV1437,Undirected,66373,,0.649912
ASV240,ASV145,Undirected,66374,,-0.620601
ASV240,ASV157,Undirected,66375,,0.604665
ASV240,ASV163,Undirected,66376,,-0.605764
ASV240,ASV234,Undirected,66378,,0.638488
ASV240,ASV239,Undirected,66379,,-0.687015
ASV240,ASV240,Undirected,66380,,1
ASV240,ASV429,Undirected,66381,,1.422361
ASV240,ASV563,Undirected,66382,,-1.650244
ASV240,ASV816,Undirected,66383,,-1.447117
ASV240,ASV84,Undirected,66384,,1.516315
ASV240,ASV88,Undirected,66385,,1.45248
ASV2400,ASV1215,Undirected,66386,,0.657445
ASV2400,ASV1830,Undirected,66387,,-0.651725
ASV2400,ASV201,Undirected,66388,,0.609289
ASV2400,ASV224,Undirected,66389,,0.618948
ASV2400,ASV2400,Undirected,66390,,1
ASV2400,ASV407,Undirected,66391,,1.424444
ASV2400,ASV64,Undirected,66392,,1.590599
ASV241,ASV1051,Undirected,66393,,0.680653
ASV241,ASV1093,Undirected,66394,,0.667015
ASV241,ASV178,Undirected,66395,,0.706067
ASV241,ASV1986,Undirected,66396,,0.693515
ASV241,ASV207,Undirected,66397,,0.703142
ASV241,ASV228,Undirected,66399,,0.644129
ASV241,ASV241,Undirected,66400,,1
ASV241,ASV2583,Undirected,66401,,-1.458818
ASV241,ASV416,Undirected,66402,,1.500013
ASV241,ASV554,Undirected,66403,,1.461361
ASV241,ASV653,Undirected,66404,,1.541123
ASV241,ASV814,Undirected,66405,,1.559399
ASV241,ASV876,Undirected,66406,,1.454627
ASV241,ASV995,Undirected,66407,,1.485087
ASV2411,ASV1698,Undirected,66408,,-0.611074
ASV2411,ASV21,Undirected,66410,,-0.689204
ASV2411,ASV2411,Undirected,66411,,1
ASV242,ASV1069,Undirected,66413,,0.651253
ASV242,ASV1093,Undirected,66414,,0.695795
ASV242,ASV1141,Undirected,66416,,-0.603249
ASV242,ASV1149,Undirected,66417,,0.616283
ASV242,ASV1162,Undirected,66418,,0.607217
ASV242,ASV121,Undirected,66419,,-0.609125
ASV242,ASV1221,Undirected,66420,,0.60216
ASV242,ASV1298,Undirected,66423,,0.613188
ASV242,ASV135,Undirected,66425,,-0.606014
ASV242,ASV139,Undirected,66426,,0.686498
ASV242,ASV140,Undirected,66427,,0.630626
ASV242,ASV142,Undirected,66428,,0.704087
ASV242,ASV1428,Undirected,66429,,0.610869
ASV242,ASV146,Undirected,66430,,-0.648631
ASV242,ASV1615,Undirected,66433,,0.623492
ASV242,ASV1730,Undirected,66435,,0.631416
ASV242,ASV1740,Undirected,66436,,0.669624
ASV242,ASV184,Undirected,66437,,-0.629534
ASV242,ASV194,Undirected,66438,,-0.63594
ASV242,ASV197,Undirected,66439,,-0.697879
ASV242,ASV1986,Undirected,66440,,0.629561
ASV242,ASV2,Undirected,66441,,-0.633592
ASV242,ASV205,Undirected,66444,,0.617815
ASV242,ASV207,Undirected,66445,,0.609908
ASV242,ASV22,Undirected,66447,,-0.634362
ASV242,ASV220,Undirected,66448,,-0.61858
ASV242,ASV2213,Undirected,66449,,0.60377
ASV242,ASV229,Undirected,66451,,-0.607143
ASV242,ASV2290,Undirected,66452,,0.660766
ASV242,ASV231,Undirected,66453,,0.600828
ASV242,ASV241,Undirected,66457,,0.675868
ASV242,ASV242,Undirected,66458,,1
ASV242,ASV243,Undirected,66459,,1.583153
ASV242,ASV244,Undirected,66460,,-1.446919
ASV242,ASV25,Undirected,66461,,-1.655816
ASV242,ASV260,Undirected,66462,,1.532885
ASV242,ASV261,Undirected,66463,,1.554865
ASV242,ASV310,Undirected,66464,,1.453605
ASV242,ASV32,Undirected,66465,,-1.540053
ASV242,ASV334,Undirected,66466,,1.654244
ASV242,ASV352,Undirected,66467,,1.434866
ASV242,ASV401,Undirected,66468,,1.451438
ASV242,ASV416,Undirected,66469,,1.691193
ASV242,ASV435,Undirected,66470,,1.648442
ASV242,ASV463,Undirected,66471,,-1.413472
ASV242,ASV468,Undirected,66472,,1.468555
ASV242,ASV501,Undirected,66473,,1.703475
ASV242,ASV531,Undirected,66474,,1.491192
ASV242,ASV59,Undirected,66475,,-1.521449
ASV242,ASV6,Undirected,66476,,1.465635
ASV242,ASV641,Undirected,66477,,-1.564196
ASV242,ASV708,Undirected,66478,,1.542738
ASV242,ASV71,Undirected,66479,,-1.482172
ASV242,ASV733,Undirected,66480,,-1.412694
ASV242,ASV751,Undirected,66481,,-1.502802
ASV242,ASV76,Undirected,66482,,1.463213
ASV242,ASV775,Undirected,66483,,1.529292
ASV242,ASV876,Undirected,66484,,1.544882
ASV242,ASV921,Undirected,66485,,-1.442554
ASV242,ASV95,Undirected,66486,,1.494051
ASV242,ASV970,Undirected,66487,,1.572947
ASV242,ASV995,Undirected,66488,,1.49612
ASV243,ASV1069,Undirected,66489,,0.631085
ASV243,ASV113,Undirected,66490,,-0.600537
ASV243,ASV1149,Undirected,66491,,0.676116
ASV243,ASV120,Undirected,66492,,0.603036
ASV243,ASV1292,Undirected,66493,,0.608981
ASV243,ASV149,Undirected,66494,,0.628142
ASV243,ASV1615,Undirected,66496,,0.60499
ASV243,ASV164,Undirected,66497,,0.656267
ASV243,ASV1730,Undirected,66498,,0.602305
ASV243,ASV180,Undirected,66499,,-0.663688
ASV243,ASV197,Undirected,66500,,-0.603662
ASV243,ASV207,Undirected,66501,,0.65076
ASV243,ASV219,Undirected,66502,,0.671721
ASV243,ASV2213,Undirected,66503,,0.641262
ASV243,ASV233,Undirected,66504,,0.685838
ASV243,ASV235,Undirected,66505,,0.637517
ASV243,ASV243,Undirected,66507,,1
ASV243,ASV334,Undirected,66508,,1.519576
ASV243,ASV416,Undirected,66509,,1.495069
ASV243,ASV435,Undirected,66510,,1.560692
ASV243,ASV458,Undirected,66511,,1.465617
ASV243,ASV501,Undirected,66512,,1.489582
ASV243,ASV531,Undirected,66513,,1.461683
ASV243,ASV721,Undirected,66514,,1.495013
ASV2433,ASV106,Undirected,66515,,-0.610091
ASV2433,ASV2433,Undirected,66516,,1
ASV2433,ASV426,Undirected,66517,,-1.455744
ASV244,ASV1013,Undirected,66518,,0.678418
ASV244,ASV1026,Undirected,66519,,-0.600762
ASV244,ASV1030,Undirected,66520,,-0.610996
ASV244,ASV1069,Undirected,66521,,-0.690072
ASV244,ASV107,Undirected,66522,,0.692228
ASV244,ASV108,Undirected,66523,,0.631415
ASV244,ASV1093,Undirected,66524,,-0.601982
ASV244,ASV114,Undirected,66526,,0.674083
ASV244,ASV1141,Undirected,66527,,0.604604
ASV244,ASV1149,Undirected,66528,,-0.619211
ASV244,ASV1161,Undirected,66529,,-0.608428
ASV244,ASV1162,Undirected,66530,,-0.627887
ASV244,ASV1165,Undirected,66531,,0.684153
ASV244,ASV1243,Undirected,66536,,-0.657665
ASV244,ASV125,Undirected,66537,,-0.618333
ASV244,ASV127,Undirected,66538,,0.602723
ASV244,ASV1295,Undirected,66540,,-0.675363
ASV244,ASV1298,Undirected,66541,,-0.636268
ASV244,ASV1358,Undirected,66544,,-0.618689
ASV244,ASV139,Undirected,66545,,-0.686336
ASV244,ASV14,Undirected,66546,,-0.640125
ASV244,ASV149,Undirected,66547,,-0.662009
ASV244,ASV150,Undirected,66548,,0.624419
ASV244,ASV158,Undirected,66550,,-0.706157
ASV244,ASV160,Undirected,66552,,-0.616947
ASV244,ASV1615,Undirected,66553,,-0.613829
ASV244,ASV165,Undirected,66555,,0.667223
ASV244,ASV167,Undirected,66556,,0.659215
ASV244,ASV171,Undirected,66558,,0.6169
ASV244,ASV1730,Undirected,66559,,-0.62915
ASV244,ASV179,Undirected,66562,,-0.647121
ASV244,ASV1793,Undirected,66563,,-0.612388
ASV244,ASV18,Undirected,66564,,-0.665979
ASV244,ASV183,Undirected,66567,,-0.65159
ASV244,ASV191,Undirected,66569,,0.668067
ASV244,ASV194,Undirected,66570,,0.693782
ASV244,ASV202,Undirected,66572,,-0.606218
ASV244,ASV206,Undirected,66574,,0.603638
ASV244,ASV216,Undirected,66575,,0.677388
ASV244,ASV217,Undirected,66576,,0.648341
ASV244,ASV219,Undirected,66577,,-0.611515
ASV244,ASV22,Undirected,66578,,0.633631
ASV244,ASV225,Undirected,66580,,-0.625583
ASV244,ASV228,Undirected,66581,,-0.626101
ASV244,ASV229,Undirected,66582,,0.600725
ASV244,ASV233,Undirected,66584,,-0.705457
ASV244,ASV244,Undirected,66588,,1
ASV244,ASV25,Undirected,66589,,1.596694
ASV244,ASV2511,Undirected,66590,,-1.617034
ASV244,ASV260,Undirected,66591,,-1.435233
ASV244,ASV263,Undirected,66592,,1.672709
ASV244,ASV264,Undirected,66593,,-1.456432
ASV244,ASV267,Undirected,66594,,1.435558
ASV244,ASV271,Undirected,66595,,-1.515311
ASV244,ASV273,Undirected,66596,,1.829104
ASV244,ASV31,Undirected,66597,,1.548187
ASV244,ASV32,Undirected,66598,,1.573943
ASV244,ASV33,Undirected,66599,,1.41658
ASV244,ASV3327,Undirected,66600,,1.575169
ASV244,ASV334,Undirected,66601,,-1.430347
ASV244,ASV34,Undirected,66602,,1.714436
ASV244,ASV35,Undirected,66603,,-1.438181
ASV244,ASV36,Undirected,66604,,1.449276
ASV244,ASV363,Undirected,66605,,1.43449
ASV244,ASV382,Undirected,66606,,-1.431693
ASV244,ASV398,Undirected,66607,,-1.543005
ASV244,ASV4,Undirected,66608,,1.449848
ASV244,ASV430,Undirected,66609,,-1.494031
ASV244,ASV456,Undirected,66610,,-1.510907
ASV244,ASV5,Undirected,66611,,1.449848
ASV244,ASV507,Undirected,66612,,1.599741
ASV244,ASV514,Undirected,66613,,1.438507
ASV244,ASV5488,Undirected,66614,,-1.459265
ASV244,ASV570,Undirected,66615,,-1.509481
ASV244,ASV59,Undirected,66616,,1.683561
ASV244,ASV6,Undirected,66617,,-1.642196
ASV244,ASV61,Undirected,66618,,1.666494
ASV244,ASV637,Undirected,66619,,1.674811
ASV244,ASV681,Undirected,66620,,1.447848
ASV244,ASV708,Undirected,66621,,-1.6759
ASV244,ASV71,Undirected,66622,,1.61324
ASV244,ASV74,Undirected,66623,,1.454452
ASV244,ASV775,Undirected,66624,,-1.461619
ASV244,ASV79,Undirected,66625,,1.457276
ASV244,ASV810,Undirected,66626,,1.414031
ASV244,ASV82,Undirected,66627,,1.718574
ASV244,ASV850,Undirected,66628,,1.435681
ASV244,ASV856,Undirected,66629,,-1.452755
ASV244,ASV9,Undirected,66630,,1.604967
ASV244,ASV90,Undirected,66631,,1.477226
ASV244,ASV96,Undirected,66632,,1.460861
ASV245,ASV1005,Undirected,66633,,0.625096
ASV245,ASV1120,Undirected,66634,,0.672242
ASV245,ASV113,Undirected,66635,,-0.643226
ASV245,ASV1381,Undirected,66636,,-0.610396
ASV245,ASV151,Undirected,66638,,-0.664076
ASV245,ASV202,Undirected,66640,,0.609731
ASV245,ASV214,Undirected,66642,,0.645933
ASV245,ASV245,Undirected,66643,,1
ASV245,ASV330,Undirected,66644,,-1.569803
ASV245,ASV390,Undirected,66645,,1.439441
ASV245,ASV4509,Undirected,66646,,-1.431091
ASV245,ASV589,Undirected,66647,,1.557744
ASV245,ASV658,Undirected,66648,,1.525537
ASV245,ASV721,Undirected,66649,,1.471645
ASV245,ASV757,Undirected,66650,,1.507045
ASV245,ASV8,Undirected,66651,,1.542119
ASV245,ASV894,Undirected,66652,,-1.570107
ASV247,ASV1215,Undirected,66654,,-0.62946
ASV247,ASV138,Undirected,66655,,0.603351
ASV247,ASV1466,Undirected,66656,,-0.650835
ASV247,ASV15,Undirected,66657,,0.66702
ASV247,ASV165,Undirected,66658,,0.616084
ASV247,ASV1830,Undirected,66659,,0.625229
ASV247,ASV190,Undirected,66660,,0.616348
ASV247,ASV1985,Undirected,66661,,-0.600317
ASV247,ASV199,Undirected,66662,,0.664811
ASV247,ASV2185,Undirected,66663,,-0.655336
ASV247,ASV220,Undirected,66664,,0.625326
ASV247,ASV228,Undirected,66665,,-0.67932
ASV247,ASV229,Undirected,66666,,0.609153
ASV247,ASV247,Undirected,66667,,1
ASV247,ASV266,Undirected,66668,,-1.450291
ASV247,ASV3347,Undirected,66669,,-1.588941
ASV247,ASV463,Undirected,66670,,1.569206
ASV248,ASV100,Undirected,66671,,-0.696153
ASV248,ASV1017,Undirected,66672,,-0.608083
ASV248,ASV1026,Undirected,66673,,0.672281
ASV248,ASV1069,Undirected,66675,,0.667017
ASV248,ASV108,Undirected,66677,,-0.623444
ASV248,ASV110,Undirected,66678,,-0.611803
ASV248,ASV111,Undirected,66679,,-0.695495
ASV248,ASV115,Undirected,66680,,-0.69171
ASV248,ASV117,Undirected,66681,,-0.687759
ASV248,ASV122,Undirected,66682,,-0.684023
ASV248,ASV1269,Undirected,66683,,0.615397
ASV248,ASV1292,Undirected,66684,,0.664263
ASV248,ASV1298,Undirected,66685,,0.635514
ASV248,ASV135,Undirected,66686,,-0.661131
ASV248,ASV140,Undirected,66687,,0.613155
ASV248,ASV1408,Undirected,66688,,-0.607678
ASV248,ASV1437,Undirected,66689,,0.602686
ASV248,ASV1468,Undirected,66690,,0.619757
ASV248,ASV1499,Undirected,66692,,0.604157
ASV248,ASV154,Undirected,66694,,0.602797
ASV248,ASV164,Undirected,66697,,0.607458
ASV248,ASV165,Undirected,66698,,-0.642437
ASV248,ASV18,Undirected,66699,,0.623903
ASV248,ASV199,Undirected,66701,,-0.60826
ASV248,ASV2026,Undirected,66702,,-0.647093
ASV248,ASV2185,Undirected,66703,,0.612104
ASV248,ASV219,Undirected,66704,,0.662688
ASV248,ASV22,Undirected,66705,,-0.614878
ASV248,ASV225,Undirected,66706,,0.684456
ASV248,ASV229,Undirected,66707,,-0.641451
ASV248,ASV248,Undirected,66708,,1
ASV248,ASV258,Undirected,66709,,-1.450778
ASV248,ASV261,Undirected,66710,,1.426944
ASV248,ASV277,Undirected,66711,,1.697664
ASV248,ASV36,Undirected,66712,,-1.509064
ASV248,ASV369,Undirected,66713,,1.414204
ASV248,ASV3732,Undirected,66714,,1.560394
ASV248,ASV443,Undirected,66715,,1.51589
ASV248,ASV624,Undirected,66716,,-1.521777
ASV248,ASV653,Undirected,66717,,1.434557
ASV248,ASV686,Undirected,66718,,-1.429022
ASV248,ASV732,Undirected,66719,,-1.627097
ASV248,ASV79,Undirected,66720,,-1.43627
ASV248,ASV828,Undirected,66721,,1.55971
ASV248,ASV927,Undirected,66722,,-1.515638
ASV248,ASV96,Undirected,66723,,-1.516598
ASV2486,ASV11,Undirected,66724,,-0.670463
ASV2486,ASV133,Undirected,66725,,-0.621692
ASV2486,ASV209,Undirected,66727,,-0.637636
ASV2486,ASV2208,Undirected,66728,,0.642228
ASV2486,ASV2486,Undirected,66729,,1
ASV2486,ASV293,Undirected,66730,,-1.475869
ASV2486,ASV434,Undirected,66731,,-1.447836
ASV25,ASV100,Undirected,66732,,0.650763
ASV25,ASV1007,Undirected,66733,,0.6819
ASV25,ASV102,Undirected,66734,,0.657012
ASV25,ASV103,Undirected,66736,,0.648036
ASV25,ASV106,Undirected,66737,,0.694567
ASV25,ASV107,Undirected,66739,,0.675286
ASV25,ASV108,Undirected,66740,,0.701503
ASV25,ASV1162,Undirected,66744,,-0.64482
ASV25,ASV1193,Undirected,66747,,-0.632365
ASV25,ASV1198,Undirected,66748,,-0.632116
ASV25,ASV1210,Undirected,66750,,0.604897
ASV25,ASV123,Undirected,66752,,0.610523
ASV25,ASV1243,Undirected,66753,,-0.639717
ASV25,ASV1251,Undirected,66755,,-0.6447
ASV25,ASV1273,Undirected,66756,,-0.628006
ASV25,ASV1292,Undirected,66757,,-0.678247
ASV25,ASV1295,Undirected,66758,,-0.661487
ASV25,ASV1298,Undirected,66759,,-0.686875
ASV25,ASV135,Undirected,66761,,0.658388
ASV25,ASV1358,Undirected,66762,,-0.64344
ASV25,ASV139,Undirected,66763,,-0.694215
ASV25,ASV140,Undirected,66764,,-0.606405
ASV25,ASV1428,Undirected,66766,,-0.688572
ASV25,ASV1468,Undirected,66767,,-0.651356
ASV25,ASV1499,Undirected,66770,,-0.684936
ASV25,ASV150,Undirected,66771,,0.688694
ASV25,ASV160,Undirected,66775,,-0.704366
ASV25,ASV165,Undirected,66778,,0.616232
ASV25,ASV169,Undirected,66779,,0.644931
ASV25,ASV170,Undirected,66780,,0.675636
ASV25,ASV172,Undirected,66782,,0.601651
ASV25,ASV1781,Undirected,66786,,-0.703696
ASV25,ASV18,Undirected,66787,,-0.601651
ASV25,ASV182,Undirected,66788,,0.60415
ASV25,ASV1838,Undirected,66789,,-0.640461
ASV25,ASV184,Undirected,66790,,0.61666
ASV25,ASV192,Undirected,66792,,-0.651103
ASV25,ASV195,Undirected,66794,,0.666324
ASV25,ASV2,Undirected,66796,,0.640867
ASV25,ASV2185,Undirected,66801,,-0.601162
ASV25,ASV22,Undirected,66803,,0.662987
ASV25,ASV220,Undirected,66804,,0.688089
ASV25,ASV226,Undirected,66807,,0.635944
ASV25,ASV2290,Undirected,66809,,-0.640008
ASV25,ASV2383,Undirected,66814,,-0.600443
ASV25,ASV241,Undirected,66816,,-0.615079
ASV25,ASV243,Undirected,66818,,-0.670159
ASV25,ASV248,Undirected,66820,,-0.619764
ASV25,ASV25,Undirected,66821,,1
ASV25,ASV260,Undirected,66822,,-1.766291
ASV25,ASV261,Undirected,66823,,-1.757108
ASV25,ASV263,Undirected,66824,,1.4615
ASV25,ASV271,Undirected,66825,,-1.566038
ASV25,ASV273,Undirected,66826,,1.573128
ASV25,ASV276,Undirected,66827,,1.421035
ASV25,ASV277,Undirected,66828,,-1.45908
ASV25,ASV288,Undirected,66829,,-1.558205
ASV25,ASV31,Undirected,66830,,1.722858
ASV25,ASV310,Undirected,66831,,-1.563155
ASV25,ASV32,Undirected,66832,,1.764706
ASV25,ASV330,Undirected,66833,,1.460745
ASV25,ASV334,Undirected,66834,,-1.496643
ASV25,ASV344,Undirected,66835,,1.543389
ASV25,ASV349,Undirected,66836,,-1.421774
ASV25,ASV352,Undirected,66837,,-1.453467
ASV25,ASV36,Undirected,66838,,1.809918
ASV25,ASV360,Undirected,66839,,-1.440787
ASV25,ASV363,Undirected,66840,,1.535919
ASV25,ASV369,Undirected,66841,,-1.594626
ASV25,ASV37,Undirected,66842,,1.550852
ASV25,ASV3752,Undirected,66843,,-1.439172
ASV25,ASV4,Undirected,66844,,1.5129
ASV25,ASV404,Undirected,66845,,1.688506
ASV25,ASV416,Undirected,66846,,-1.715474
ASV25,ASV435,Undirected,66847,,-1.636288
ASV25,ASV445,Undirected,66848,,1.523516
ASV25,ASV451,Undirected,66849,,1.567739
ASV25,ASV459,Undirected,66850,,-1.670029
ASV25,ASV463,Undirected,66851,,1.551997
ASV25,ASV468,Undirected,66852,,-1.605431
ASV25,ASV48,Undirected,66853,,1.420754
ASV25,ASV5,Undirected,66854,,1.669763
ASV25,ASV501,Undirected,66855,,-1.658393
ASV25,ASV5010,Undirected,66856,,-1.513258
ASV25,ASV514,Undirected,66857,,1.603325
ASV25,ASV531,Undirected,66858,,-1.583037
ASV25,ASV551,Undirected,66859,,1.498727
ASV25,ASV5511,Undirected,66860,,-1.41629
ASV25,ASV56,Undirected,66861,,1.70248
ASV25,ASV57,Undirected,66862,,1.568183
ASV25,ASV5744,Undirected,66863,,1.589666
ASV25,ASV576,Undirected,66864,,-1.549355
ASV25,ASV579,Undirected,66865,,-1.430336
ASV25,ASV59,Undirected,66866,,1.768834
ASV25,ASV6,Undirected,66867,,-1.71517
ASV25,ASV61,Undirected,66868,,1.740571
ASV25,ASV619,Undirected,66869,,-1.460263
ASV25,ASV637,Undirected,66870,,1.493018
ASV25,ASV655,Undirected,66871,,-1.683473
ASV25,ASV681,Undirected,66872,,1.421035
ASV25,ASV71,Undirected,66873,,1.649123
ASV25,ASV732,Undirected,66874,,1.662376
ASV25,ASV74,Undirected,66875,,1.642563
ASV25,ASV781,Undirected,66876,,-1.520104
ASV25,ASV79,Undirected,66877,,1.618607
ASV25,ASV80,Undirected,66878,,1.69334
ASV25,ASV810,Undirected,66879,,1.61951
ASV25,ASV82,Undirected,66880,,1.691275
ASV25,ASV828,Undirected,66881,,-1.640612
ASV25,ASV85,Undirected,66882,,-1.66529
ASV25,ASV850,Undirected,66883,,1.521541
ASV25,ASV856,Undirected,66884,,-1.633175
ASV25,ASV87,Undirected,66885,,1.731682
ASV25,ASV876,Undirected,66886,,-1.497338
ASV25,ASV881,Undirected,66887,,-1.582585
ASV25,ASV9,Undirected,66888,,1.744066
ASV25,ASV90,Undirected,66889,,1.574381
ASV25,ASV92,Undirected,66890,,-1.59091
ASV25,ASV921,Undirected,66891,,1.426819
ASV25,ASV95,Undirected,66892,,-1.710745
ASV25,ASV96,Undirected,66893,,1.742375
ASV25,ASV995,Undirected,66894,,-1.434549
ASV250,ASV107,Undirected,66895,,-0.624287
ASV250,ASV123,Undirected,66896,,-0.661279
ASV250,ASV170,Undirected,66897,,-0.606958
ASV250,ASV214,Undirected,66898,,0.66684
ASV250,ASV216,Undirected,66899,,-0.650591
ASV250,ASV2361,Undirected,66900,,-0.642056
ASV250,ASV250,Undirected,66901,,1
ASV250,ASV335,Undirected,66902,,1.452086
ASV251,ASV1132,Undirected,66903,,-0.678867
ASV251,ASV136,Undirected,66904,,0.650596
ASV251,ASV185,Undirected,66905,,0.600313
ASV251,ASV2486,Undirected,66906,,-0.629668
ASV251,ASV251,Undirected,66907,,1
ASV251,ASV362,Undirected,66908,,1.511157
ASV2511,ASV1013,Undirected,66909,,-0.622761
ASV2511,ASV1030,Undirected,66910,,0.671582
ASV2511,ASV107,Undirected,66911,,-0.701238
ASV2511,ASV108,Undirected,66912,,-0.615734
ASV2511,ASV1093,Undirected,66913,,0.619033
ASV2511,ASV111,Undirected,66914,,-0.635166
ASV2511,ASV114,Undirected,66916,,-0.690746
ASV2511,ASV1162,Undirected,66918,,0.628363
ASV2511,ASV117,Undirected,66919,,-0.692177
ASV2511,ASV1186,Undirected,66920,,-0.660685
ASV2511,ASV125,Undirected,66925,,0.678907
ASV2511,ASV1298,Undirected,66927,,0.664521
ASV2511,ASV135,Undirected,66929,,-0.626531
ASV2511,ASV1358,Undirected,66930,,0.685989
ASV2511,ASV14,Undirected,66932,,0.602654
ASV2511,ASV142,Undirected,66933,,0.609028
ASV2511,ASV150,Undirected,66935,,-0.610803
ASV2511,ASV154,Undirected,66936,,0.607982
ASV2511,ASV1546,Undirected,66937,,0.605579
ASV2511,ASV158,Undirected,66938,,0.672981
ASV2511,ASV1615,Undirected,66940,,0.656588
ASV2511,ASV1730,Undirected,66943,,0.67944
ASV2511,ASV175,Undirected,66944,,-0.609758
ASV2511,ASV178,Undirected,66945,,0.612522
ASV2511,ASV180,Undirected,66948,,-0.675119
ASV2511,ASV182,Undirected,66949,,-0.69483
ASV2511,ASV183,Undirected,66950,,0.672807
ASV2511,ASV194,Undirected,66953,,-0.612798
ASV2511,ASV197,Undirected,66954,,-0.612687
ASV2511,ASV202,Undirected,66955,,0.652047
ASV2511,ASV205,Undirected,66956,,0.609135
ASV2511,ASV214,Undirected,66957,,0.628953
ASV2511,ASV225,Undirected,66960,,0.646479
ASV2511,ASV226,Undirected,66961,,-0.627905
ASV2511,ASV228,Undirected,66962,,0.628695
ASV2511,ASV229,Undirected,66963,,-0.663739
ASV2511,ASV237,Undirected,66966,,-0.606206
ASV2511,ASV25,Undirected,66969,,-0.62041
ASV2511,ASV2511,Undirected,66970,,1
ASV2511,ASV263,Undirected,66971,,-1.572262
ASV2511,ASV267,Undirected,66972,,-1.676679
ASV2511,ASV271,Undirected,66973,,1.654146
ASV2511,ASV273,Undirected,66974,,-1.6821
ASV2511,ASV276,Undirected,66975,,-1.45393
ASV2511,ASV31,Undirected,66976,,-1.534351
ASV2511,ASV33,Undirected,66977,,-1.430735
ASV2511,ASV3327,Undirected,66978,,-1.56871
ASV2511,ASV34,Undirected,66979,,-1.701262
ASV2511,ASV35,Undirected,66980,,1.479722
ASV2511,ASV363,Undirected,66981,,-1.454054
ASV2511,ASV38,Undirected,66982,,-1.445535
ASV2511,ASV398,Undirected,66983,,1.424456
ASV2511,ASV4229,Undirected,66984,,1.449058
ASV2511,ASV430,Undirected,66985,,1.539391
ASV2511,ASV445,Undirected,66986,,-1.458239
ASV2511,ASV456,Undirected,66987,,1.642421
ASV2511,ASV463,Undirected,66988,,-1.470222
ASV2511,ASV483,Undirected,66989,,-1.523757
ASV2511,ASV5,Undirected,66990,,-1.497758
ASV2511,ASV514,Undirected,66991,,-1.528356
ASV2511,ASV549,Undirected,66992,,1.448528
ASV2511,ASV5638,Undirected,66993,,1.452935
ASV2511,ASV59,Undirected,66994,,-1.660694
ASV2511,ASV6,Undirected,66995,,1.633538
ASV2511,ASV61,Undirected,66996,,-1.515773
ASV2511,ASV631,Undirected,66997,,-1.577852
ASV2511,ASV637,Undirected,66998,,-1.413469
ASV2511,ASV681,Undirected,66999,,-1.598589
ASV2511,ASV708,Undirected,67000,,1.520013
ASV2511,ASV71,Undirected,67001,,-1.489402
ASV2511,ASV733,Undirected,67002,,-1.57146
ASV2511,ASV775,Undirected,67003,,1.450031
ASV2511,ASV810,Undirected,67004,,-1.441802
ASV2511,ASV82,Undirected,67005,,-1.587357
ASV2511,ASV856,Undirected,67006,,1.592079
ASV2511,ASV9,Undirected,67007,,-1.55207
ASV2511,ASV955,Undirected,67008,,1.420091
ASV2511,ASV96,Undirected,67009,,-1.468128
ASV252,ASV1017,Undirected,67011,,0.609544
ASV252,ASV107,Undirected,67012,,0.609529
ASV252,ASV111,Undirected,67014,,0.689602
ASV252,ASV116,Undirected,67016,,-0.618012
ASV252,ASV1186,Undirected,67017,,0.621812
ASV252,ASV122,Undirected,67018,,0.675514
ASV252,ASV14,Undirected,67019,,-0.670802
ASV252,ASV1466,Undirected,67020,,-0.674642
ASV252,ASV15,Undirected,67021,,0.606312
ASV252,ASV16,Undirected,67022,,0.632505
ASV252,ASV191,Undirected,67026,,0.667721
ASV252,ASV195,Undirected,67027,,0.645596
ASV252,ASV201,Undirected,67028,,-0.643892
ASV252,ASV2185,Undirected,67030,,-0.619283
ASV252,ASV229,Undirected,67032,,0.621118
ASV252,ASV244,Undirected,67033,,0.607975
ASV252,ASV247,Undirected,67034,,0.645536
ASV252,ASV252,Undirected,67035,,1
ASV252,ASV263,Undirected,67036,,1.516563
ASV252,ASV33,Undirected,67037,,1.576385
ASV252,ASV4134,Undirected,67038,,-1.415946
ASV252,ASV436,Undirected,67039,,-1.470194
ASV252,ASV5010,Undirected,67040,,-1.42101
ASV252,ASV529,Undirected,67041,,-1.535407
ASV252,ASV952,Undirected,67042,,-1.601711
ASV2530,ASV1193,Undirected,67043,,-0.626818
ASV2530,ASV1499,Undirected,67044,,-0.604913
ASV2530,ASV192,Undirected,67045,,-0.629007
ASV2530,ASV2433,Undirected,67046,,-0.602204
ASV2530,ASV2530,Undirected,67047,,1
ASV254,ASV146,Undirected,67049,,-0.692556
ASV254,ASV151,Undirected,67050,,-0.706191
ASV254,ASV1842,Undirected,67051,,-0.639728
ASV254,ASV19,Undirected,67052,,0.617144
ASV254,ASV1946,Undirected,67053,,-0.601244
ASV254,ASV245,Undirected,67054,,0.637494
ASV254,ASV254,Undirected,67055,,1
ASV2552,ASV1123,Undirected,67056,,-0.685516
ASV2552,ASV117,Undirected,67057,,0.630214
ASV2552,ASV150,Undirected,67058,,0.705835
ASV2552,ASV1551,Undirected,67059,,-0.6004
ASV2552,ASV158,Undirected,67060,,-0.612278
ASV2552,ASV1615,Undirected,67061,,-0.652089
ASV2552,ASV164,Undirected,67062,,-0.644836
ASV2552,ASV171,Undirected,67063,,0.675527
ASV2552,ASV175,Undirected,67065,,0.67309
ASV2552,ASV1986,Undirected,67066,,-0.687761
ASV2552,ASV219,Undirected,67067,,-0.644611
ASV2552,ASV25,Undirected,67068,,0.619235
ASV2552,ASV2552,Undirected,67069,,1
ASV2552,ASV291,Undirected,67070,,-1.433048
ASV2552,ASV3072,Undirected,67071,,1.422319
ASV2552,ASV4277,Undirected,67072,,1.552334
ASV2552,ASV5245,Undirected,67073,,1.637052
ASV2552,ASV528,Undirected,67074,,-1.511229
ASV2552,ASV5744,Undirected,67075,,1.508865
ASV2552,ASV6,Undirected,67076,,-1.49406
ASV2552,ASV61,Undirected,67077,,1.437064
ASV257,ASV1092,Undirected,67078,,-0.629932
ASV257,ASV1229,Undirected,67079,,0.629496
ASV257,ASV1350,Undirected,67080,,0.675944
ASV257,ASV150,Undirected,67081,,0.642272
ASV257,ASV153,Undirected,67082,,0.683291
ASV257,ASV172,Undirected,67083,,0.700582
ASV257,ASV175,Undirected,67084,,0.704059
ASV257,ASV196,Undirected,67085,,0.648319
ASV257,ASV2223,Undirected,67087,,-0.638831
ASV257,ASV23,Undirected,67088,,0.612361
ASV257,ASV257,Undirected,67089,,1
ASV257,ASV54,Undirected,67090,,1.415695
ASV257,ASV544,Undirected,67091,,1.486109
ASV257,ASV633,Undirected,67092,,1.577465
ASV257,ASV677,Undirected,67093,,1.456834
ASV2570,ASV1483,Undirected,67094,,-0.648072
ASV2570,ASV1840,Undirected,67095,,-0.632883
ASV2570,ASV2291,Undirected,67096,,-0.649804
ASV2570,ASV2570,Undirected,67097,,1
ASV2570,ASV286,Undirected,67098,,1.47863
ASV2570,ASV320,Undirected,67099,,1.45507
ASV2570,ASV346,Undirected,67100,,-1.464541
ASV2572,ASV1092,Undirected,67101,,0.651951
ASV2572,ASV133,Undirected,67103,,-0.632957
ASV2572,ASV1946,Undirected,67104,,0.67275
ASV2572,ASV2208,Undirected,67105,,0.618079
ASV2572,ASV2223,Undirected,67106,,0.702562
ASV2572,ASV2486,Undirected,67107,,0.691514
ASV2572,ASV2572,Undirected,67108,,1
ASV258,ASV100,Undirected,67109,,0.689715
ASV258,ASV104,Undirected,67110,,0.69227
ASV258,ASV108,Undirected,67111,,0.601037
ASV258,ASV1186,Undirected,67114,,0.609013
ASV258,ASV122,Undirected,67115,,0.655233
ASV258,ASV1428,Undirected,67116,,-0.653124
ASV258,ASV1492,Undirected,67117,,-0.648705
ASV258,ASV16,Undirected,67119,,0.678054
ASV258,ASV1738,Undirected,67120,,-0.605147
ASV258,ASV18,Undirected,67121,,-0.612921
ASV258,ASV195,Undirected,67122,,0.607772
ASV258,ASV1985,Undirected,67123,,-0.621124
ASV258,ASV2026,Undirected,67124,,0.636963
ASV258,ASV220,Undirected,67125,,0.630516
ASV258,ASV233,Undirected,67129,,-0.611114
ASV258,ASV258,Undirected,67131,,1
ASV258,ASV277,Undirected,67132,,-1.577587
ASV258,ASV344,Undirected,67133,,1.554061
ASV258,ASV4134,Undirected,67134,,-1.424305
ASV258,ASV579,Undirected,67135,,-1.510048
ASV258,ASV766,Undirected,67136,,-1.468335
ASV2583,ASV1093,Undirected,67137,,-0.650341
ASV2583,ASV1123,Undirected,67138,,-0.658649
ASV2583,ASV1136,Undirected,67139,,0.626659
ASV2583,ASV125,Undirected,67140,,-0.609441
ASV2583,ASV142,Undirected,67141,,-0.600831
ASV2583,ASV1449,Undirected,67142,,-0.619148
ASV2583,ASV146,Undirected,67143,,0.649978
ASV2583,ASV149,Undirected,67144,,-0.65319
ASV2583,ASV1546,Undirected,67146,,-0.603647
ASV2583,ASV1615,Undirected,67147,,-0.686897
ASV2583,ASV219,Undirected,67148,,-0.634805
ASV2583,ASV221,Undirected,67149,,-0.601457
ASV2583,ASV228,Undirected,67150,,-0.652491
ASV2583,ASV2290,Undirected,67151,,-0.634304
ASV2583,ASV231,Undirected,67152,,-0.608293
ASV2583,ASV233,Undirected,67153,,-0.615505
ASV2583,ASV245,Undirected,67155,,-0.639712
ASV2583,ASV2583,Undirected,67156,,1
ASV2583,ASV3072,Undirected,67157,,1.422096
ASV2583,ASV360,Undirected,67158,,-1.433499
ASV2583,ASV3824,Undirected,67159,,1.420396
ASV2583,ASV554,Undirected,67160,,-1.630899
ASV2583,ASV5782,Undirected,67161,,1.505707
ASV2583,ASV6,Undirected,67162,,-1.421035
ASV2583,ASV894,Undirected,67163,,1.436753
ASV259,ASV1210,Undirected,67164,,0.647858
ASV259,ASV1842,Undirected,67165,,0.661764
ASV259,ASV259,Undirected,67166,,1
ASV259,ASV975,Undirected,67167,,-1.55725
ASV2599,ASV1295,Undirected,67168,,0.699063
ASV2599,ASV135,Undirected,67169,,-0.601665
ASV2599,ASV1763,Undirected,67171,,0.670313
ASV2599,ASV22,Undirected,67172,,-0.602878
ASV2599,ASV2599,Undirected,67173,,1
ASV260,ASV100,Undirected,67174,,-0.658351
ASV260,ASV1007,Undirected,67175,,-0.614669
ASV260,ASV1017,Undirected,67176,,-0.626597
ASV260,ASV103,Undirected,67178,,-0.678424
ASV260,ASV107,Undirected,67179,,-0.680311
ASV260,ASV1093,Undirected,67181,,0.611868
ASV260,ASV1120,Undirected,67183,,0.629131
ASV260,ASV1136,Undirected,67185,,-0.680783
ASV260,ASV114,Undirected,67186,,-0.667875
ASV260,ASV1141,Undirected,67187,,-0.660944
ASV260,ASV1149,Undirected,67188,,0.616081
ASV260,ASV1165,Undirected,67190,,-0.600641
ASV260,ASV1186,Undirected,67192,,-0.696833
ASV260,ASV121,Undirected,67193,,-0.64471
ASV260,ASV1210,Undirected,67194,,-0.627685
ASV260,ASV1221,Undirected,67196,,0.677584
ASV260,ASV1273,Undirected,67199,,0.637697
ASV260,ASV1286,Undirected,67200,,0.623344
ASV260,ASV1292,Undirected,67201,,0.671785
ASV260,ASV135,Undirected,67205,,-0.64471
ASV260,ASV1358,Undirected,67206,,0.690157
ASV260,ASV1381,Undirected,67207,,-0.608934
ASV260,ASV142,Undirected,67210,,0.695653
ASV260,ASV15,Undirected,67214,,-0.648551
ASV260,ASV150,Undirected,67215,,-0.663219
ASV260,ASV154,Undirected,67216,,0.611802
ASV260,ASV1546,Undirected,67217,,0.64899
ASV260,ASV16,Undirected,67220,,-0.646815
ASV260,ASV171,Undirected,67225,,-0.691032
ASV260,ASV1738,Undirected,67226,,0.612837
ASV260,ASV1781,Undirected,67228,,0.626109
ASV260,ASV1838,Undirected,67229,,0.651112
ASV260,ASV187,Undirected,67230,,-0.679607
ASV260,ASV191,Undirected,67231,,-0.610745
ASV260,ASV192,Undirected,67232,,0.680547
ASV260,ASV194,Undirected,67233,,-0.653886
ASV260,ASV195,Undirected,67234,,-0.62001
ASV260,ASV197,Undirected,67235,,-0.625259
ASV260,ASV1985,Undirected,67236,,0.684491
ASV260,ASV2026,Undirected,67238,,-0.689349
ASV260,ASV207,Undirected,67239,,0.666504
ASV260,ASV214,Undirected,67240,,0.634666
ASV260,ASV220,Undirected,67244,,-0.6324
ASV260,ASV223,Undirected,67246,,0.645779
ASV260,ASV228,Undirected,67248,,0.663387
ASV260,ASV243,Undirected,67257,,0.602202
ASV260,ASV248,Undirected,67259,,0.694142
ASV260,ASV2511,Undirected,67261,,0.703331
ASV260,ASV2552,Undirected,67262,,-0.624161
ASV260,ASV258,Undirected,67263,,-0.616779
ASV260,ASV260,Undirected,67264,,1
ASV260,ASV261,Undirected,67265,,1.832211
ASV260,ASV264,Undirected,67266,,1.62552
ASV260,ASV271,Undirected,67267,,1.891025
ASV260,ASV277,Undirected,67268,,1.578404
ASV260,ASV283,Undirected,67269,,1.428281
ASV260,ASV288,Undirected,67270,,1.599793
ASV260,ASV291,Undirected,67271,,1.480291
ASV260,ASV295,Undirected,67272,,1.684102
ASV260,ASV31,Undirected,67273,,-1.711917
ASV260,ASV310,Undirected,67274,,1.725105
ASV260,ASV32,Undirected,67275,,-1.559466
ASV260,ASV33,Undirected,67276,,-1.51399
ASV260,ASV330,Undirected,67277,,-1.501036
ASV260,ASV344,Undirected,67278,,-1.621119
ASV260,ASV349,Undirected,67279,,1.497407
ASV260,ASV35,Undirected,67280,,1.631663
ASV260,ASV352,Undirected,67281,,1.629667
ASV260,ASV36,Undirected,67282,,-1.853003
ASV260,ASV363,Undirected,67283,,-1.570171
ASV260,ASV369,Undirected,67284,,1.665285
ASV260,ASV37,Undirected,67285,,-1.568548
ASV260,ASV3752,Undirected,67286,,1.672642
ASV260,ASV398,Undirected,67287,,1.562694
ASV260,ASV4,Undirected,67288,,-1.445711
ASV260,ASV404,Undirected,67289,,-1.500533
ASV260,ASV416,Undirected,67290,,1.647486
ASV260,ASV430,Undirected,67291,,1.609356
ASV260,ASV435,Undirected,67292,,1.573405
ASV260,ASV437,Undirected,67293,,1.455991
ASV260,ASV445,Undirected,67294,,-1.661316
ASV260,ASV451,Undirected,67295,,-1.435233
ASV260,ASV456,Undirected,67296,,1.485985
ASV260,ASV459,Undirected,67297,,1.721479
ASV260,ASV463,Undirected,67298,,-1.58113
ASV260,ASV468,Undirected,67299,,1.679515
ASV260,ASV488,Undirected,67300,,1.459117
ASV260,ASV5,Undirected,67301,,-1.640128
ASV260,ASV501,Undirected,67302,,1.497926
ASV260,ASV514,Undirected,67303,,-1.582773
ASV260,ASV528,Undirected,67304,,1.487533
ASV260,ASV529,Undirected,67305,,1.522038
ASV260,ASV531,Undirected,67306,,1.712805
ASV260,ASV56,Undirected,67307,,-1.658386
ASV260,ASV5744,Undirected,67308,,-1.615743
ASV260,ASV579,Undirected,67309,,1.502448
ASV260,ASV59,Undirected,67310,,-1.62565
ASV260,ASV6,Undirected,67311,,1.749745
ASV260,ASV61,Undirected,67312,,-1.640601
ASV260,ASV655,Undirected,67313,,1.733761
ASV260,ASV68,Undirected,67314,,-1.497667
ASV260,ASV681,Undirected,67315,,-1.477947
ASV260,ASV707,Undirected,67316,,1.698399
ASV260,ASV708,Undirected,67317,,1.633169
ASV260,ASV71,Undirected,67318,,-1.466394
ASV260,ASV732,Undirected,67319,,-1.784507
ASV260,ASV733,Undirected,67320,,-1.575673
ASV260,ASV74,Undirected,67321,,-1.550725
ASV260,ASV756,Undirected,67322,,1.45747
ASV260,ASV781,Undirected,67323,,1.50014
ASV260,ASV783,Undirected,67324,,1.576889
ASV260,ASV79,Undirected,67325,,-1.625065
ASV260,ASV80,Undirected,67326,,-1.811694
ASV260,ASV810,Undirected,67327,,-1.587538
ASV260,ASV82,Undirected,67328,,-1.549924
ASV260,ASV828,Undirected,67329,,1.713546
ASV260,ASV83,Undirected,67330,,1.538303
ASV260,ASV85,Undirected,67331,,1.76087
ASV260,ASV856,Undirected,67332,,1.790243
ASV260,ASV87,Undirected,67333,,-1.693902
ASV260,ASV876,Undirected,67334,,1.509907
ASV260,ASV881,Undirected,67335,,1.562969
ASV260,ASV9,Undirected,67336,,-1.710448
ASV260,ASV909,Undirected,67337,,1.479596
ASV260,ASV92,Undirected,67338,,1.716357
ASV260,ASV927,Undirected,67339,,-1.688722
ASV260,ASV938,Undirected,67340,,-1.562006
ASV260,ASV95,Undirected,67341,,1.843686
ASV260,ASV96,Undirected,67342,,-1.867289
ASV260,ASV970,Undirected,67343,,1.519566
ASV260,ASV983,Undirected,67344,,1.510402
ASV260,ASV995,Undirected,67345,,1.63023
ASV261,ASV100,Undirected,67346,,-0.612271
ASV261,ASV1017,Undirected,67347,,-0.704164
ASV261,ASV1026,Undirected,67348,,0.706106
ASV261,ASV103,Undirected,67349,,-0.648005
ASV261,ASV1069,Undirected,67350,,0.610192
ASV261,ASV1093,Undirected,67352,,0.631312
ASV261,ASV1141,Undirected,67356,,-0.616805
ASV261,ASV1162,Undirected,67357,,0.658862
ASV261,ASV1165,Undirected,67358,,-0.700385
ASV261,ASV120,Undirected,67360,,0.701303
ASV261,ASV122,Undirected,67361,,-0.701516
ASV261,ASV1221,Undirected,67362,,0.61476
ASV261,ASV1273,Undirected,67365,,0.657809
ASV261,ASV1292,Undirected,67366,,0.614304
ASV261,ASV1295,Undirected,67367,,0.654179
ASV261,ASV135,Undirected,67370,,-0.650079
ASV261,ASV142,Undirected,67373,,0.661149
ASV261,ASV1428,Undirected,67374,,0.625476
ASV261,ASV1437,Undirected,67375,,0.639128
ASV261,ASV149,Undirected,67377,,0.705639
ASV261,ASV150,Undirected,67379,,-0.698036
ASV261,ASV154,Undirected,67380,,0.655458
ASV261,ASV1615,Undirected,67383,,0.67812
ASV261,ASV172,Undirected,67386,,-0.608786
ASV261,ASV1738,Undirected,67387,,0.664134
ASV261,ASV175,Undirected,67389,,-0.607549
ASV261,ASV187,Undirected,67391,,-0.613554
ASV261,ASV192,Undirected,67392,,0.685915
ASV261,ASV197,Undirected,67394,,-0.668391
ASV261,ASV1985,Undirected,67395,,0.686785
ASV261,ASV2,Undirected,67396,,-0.679071
ASV261,ASV20,Undirected,67397,,-0.637539
ASV261,ASV2017,Undirected,67398,,0.654502
ASV261,ASV2026,Undirected,67399,,-0.676905
ASV261,ASV216,Undirected,67401,,-0.699588
ASV261,ASV2185,Undirected,67402,,0.632304
ASV261,ASV22,Undirected,67404,,-0.603121
ASV261,ASV220,Undirected,67405,,-0.610796
ASV261,ASV223,Undirected,67407,,0.617495
ASV261,ASV228,Undirected,67409,,0.636646
ASV261,ASV231,Undirected,67411,,0.636505
ASV261,ASV237,Undirected,67414,,-0.632073
ASV261,ASV241,Undirected,67416,,0.611871
ASV261,ASV243,Undirected,67418,,0.68579
ASV261,ASV244,Undirected,67419,,-0.653547
ASV261,ASV261,Undirected,67423,,1
ASV261,ASV264,Undirected,67424,,1.559359
ASV261,ASV271,Undirected,67425,,1.605813
ASV261,ASV277,Undirected,67426,,1.600421
ASV261,ASV283,Undirected,67427,,1.483646
ASV261,ASV288,Undirected,67428,,1.621763
ASV261,ASV295,Undirected,67429,,1.471014
ASV261,ASV31,Undirected,67430,,-1.650958
ASV261,ASV310,Undirected,67431,,1.702439
ASV261,ASV32,Undirected,67432,,-1.535919
ASV261,ASV330,Undirected,67433,,-1.745474
ASV261,ASV334,Undirected,67434,,1.459627
ASV261,ASV344,Undirected,67435,,-1.601656
ASV261,ASV349,Undirected,67436,,1.525693
ASV261,ASV352,Undirected,67437,,1.809224
ASV261,ASV36,Undirected,67438,,-1.797207
ASV261,ASV363,Undirected,67439,,-1.438923
ASV261,ASV369,Undirected,67440,,1.705852
ASV261,ASV37,Undirected,67441,,-1.441573
ASV261,ASV384,Undirected,67442,,1.487276
ASV261,ASV416,Undirected,67443,,1.821763
ASV261,ASV435,Undirected,67444,,1.793736
ASV261,ASV437,Undirected,67445,,1.45107
ASV261,ASV445,Undirected,67446,,-1.518633
ASV261,ASV459,Undirected,67447,,1.778984
ASV261,ASV463,Undirected,67448,,-1.520208
ASV261,ASV468,Undirected,67449,,1.5632
ASV261,ASV488,Undirected,67450,,1.565656
ASV261,ASV5,Undirected,67451,,-1.558658
ASV261,ASV501,Undirected,67452,,1.598758
ASV261,ASV513,Undirected,67453,,1.43627
ASV261,ASV514,Undirected,67454,,-1.579879
ASV261,ASV531,Undirected,67455,,1.82798
ASV261,ASV56,Undirected,67456,,-1.593378
ASV261,ASV5744,Undirected,67457,,-1.718426
ASV261,ASV579,Undirected,67458,,1.585446
ASV261,ASV59,Undirected,67459,,-1.544188
ASV261,ASV6,Undirected,67460,,1.614472
ASV261,ASV61,Undirected,67461,,-1.584886
ASV261,ASV653,Undirected,67462,,1.588364
ASV261,ASV655,Undirected,67463,,1.482341
ASV261,ASV660,Undirected,67464,,1.533792
ASV261,ASV707,Undirected,67465,,1.574858
ASV261,ASV708,Undirected,67466,,1.455237
ASV261,ASV719,Undirected,67467,,-1.541124
ASV261,ASV721,Undirected,67468,,1.575642
ASV261,ASV732,Undirected,67469,,-1.721147
ASV261,ASV733,Undirected,67470,,-1.495855
ASV261,ASV74,Undirected,67471,,-1.470254
ASV261,ASV742,Undirected,67472,,1.445578
ASV261,ASV781,Undirected,67473,,1.537162
ASV261,ASV783,Undirected,67474,,1.517738
ASV261,ASV79,Undirected,67475,,-1.658385
ASV261,ASV80,Undirected,67476,,-1.680456
ASV261,ASV810,Undirected,67477,,-1.526487
ASV261,ASV82,Undirected,67478,,-1.552224
ASV261,ASV828,Undirected,67479,,1.67739
ASV261,ASV85,Undirected,67480,,1.446456
ASV261,ASV856,Undirected,67481,,1.60561
ASV261,ASV87,Undirected,67482,,-1.537986
ASV261,ASV876,Undirected,67483,,1.560657
ASV261,ASV881,Undirected,67484,,1.591281
ASV261,ASV9,Undirected,67485,,-1.591733
ASV261,ASV909,Undirected,67486,,1.529014
ASV261,ASV92,Undirected,67487,,1.713399
ASV261,ASV927,Undirected,67488,,-1.620209
ASV261,ASV938,Undirected,67489,,-1.522533
ASV261,ASV95,Undirected,67490,,1.768236
ASV261,ASV96,Undirected,67491,,-1.767877
ASV261,ASV983,Undirected,67492,,1.675855
ASV261,ASV995,Undirected,67493,,1.7512
ASV2610,ASV1166,Undirected,67494,,-0.605951
ASV2610,ASV1432,Undirected,67495,,0.705479
ASV2610,ASV201,Undirected,67496,,0.636082
ASV2610,ASV2610,Undirected,67497,,1
ASV2610,ASV314,Undirected,67498,,1.500519
ASV262,ASV1002,Undirected,67499,,-0.628639
ASV262,ASV1132,Undirected,67500,,-0.607532
ASV262,ASV1166,Undirected,67501,,-0.62921
ASV262,ASV1275,Undirected,67503,,0.635044
ASV262,ASV187,Undirected,67504,,0.600932
ASV262,ASV209,Undirected,67505,,0.607254
ASV262,ASV234,Undirected,67508,,0.700345
ASV262,ASV262,Undirected,67509,,1
ASV262,ASV362,Undirected,67510,,1.459544
ASV262,ASV48,Undirected,67511,,1.425765
ASV262,ASV547,Undirected,67512,,-1.424162
ASV262,ASV687,Undirected,67513,,1.424123
ASV262,ASV69,Undirected,67514,,-1.440415
ASV2623,ASV1051,Undirected,67515,,-0.624486
ASV2623,ASV1092,Undirected,67516,,0.694463
ASV2623,ASV1229,Undirected,67517,,-0.601712
ASV2623,ASV1232,Undirected,67518,,0.622595
ASV2623,ASV133,Undirected,67519,,-0.685032
ASV2623,ASV146,Undirected,67520,,0.649794
ASV2623,ASV1505,Undirected,67521,,-0.604788
ASV2623,ASV254,Undirected,67523,,-0.689871
ASV2623,ASV2623,Undirected,67524,,1
ASV2623,ASV3207,Undirected,67525,,1.421602
ASV263,ASV100,Undirected,67526,,0.665806
ASV263,ASV1069,Undirected,67528,,-0.647095
ASV263,ASV108,Undirected,67530,,0.703109
ASV263,ASV113,Undirected,67532,,0.654941
ASV263,ASV1136,Undirected,67533,,0.631185
ASV263,ASV1141,Undirected,67535,,0.643917
ASV263,ASV116,Undirected,67536,,-0.658903
ASV263,ASV1165,Undirected,67537,,0.605146
ASV263,ASV123,Undirected,67541,,0.682826
ASV263,ASV1243,Undirected,67542,,-0.606441
ASV263,ASV125,Undirected,67543,,-0.614907
ASV263,ASV1466,Undirected,67546,,-0.616949
ASV263,ASV149,Undirected,67547,,-0.631143
ASV263,ASV150,Undirected,67548,,0.676319
ASV263,ASV159,Undirected,67550,,-0.663557
ASV263,ASV164,Undirected,67552,,-0.665805
ASV263,ASV165,Undirected,67553,,0.686753
ASV263,ASV1730,Undirected,67556,,-0.646968
ASV263,ASV179,Undirected,67559,,-0.631225
ASV263,ASV1793,Undirected,67560,,-0.671354
ASV263,ASV180,Undirected,67562,,0.611635
ASV263,ASV187,Undirected,67564,,0.605277
ASV263,ASV190,Undirected,67565,,0.693624
ASV263,ASV194,Undirected,67567,,0.691352
ASV263,ASV195,Undirected,67568,,0.692228
ASV263,ASV197,Undirected,67569,,0.661666
ASV263,ASV2026,Undirected,67570,,0.703182
ASV263,ASV206,Undirected,67571,,0.638113
ASV263,ASV216,Undirected,67572,,0.668122
ASV263,ASV217,Undirected,67573,,0.625195
ASV263,ASV2185,Undirected,67574,,-0.628658
ASV263,ASV225,Undirected,67576,,-0.64234
ASV263,ASV226,Undirected,67577,,0.631225
ASV263,ASV228,Undirected,67578,,-0.706004
ASV263,ASV229,Undirected,67579,,0.704969
ASV263,ASV237,Undirected,67582,,0.69746
ASV263,ASV247,Undirected,67586,,0.660609
ASV263,ASV260,Undirected,67590,,-0.670637
ASV263,ASV263,Undirected,67591,,1
ASV263,ASV267,Undirected,67592,,1.450399
ASV263,ASV271,Undirected,67593,,-1.42324
ASV263,ASV273,Undirected,67594,,1.720497
ASV263,ASV276,Undirected,67595,,1.534236
ASV263,ASV31,Undirected,67596,,1.537028
ASV263,ASV32,Undirected,67597,,1.597935
ASV263,ASV33,Undirected,67598,,1.546349
ASV263,ASV34,Undirected,67599,,1.466392
ASV263,ASV363,Undirected,67600,,1.552795
ASV263,ASV37,Undirected,67601,,1.426061
ASV263,ASV38,Undirected,67602,,1.604136
ASV263,ASV4,Undirected,67603,,1.506979
ASV263,ASV404,Undirected,67604,,1.541359
ASV263,ASV4229,Undirected,67605,,-1.458141
ASV263,ASV463,Undirected,67606,,1.468395
ASV263,ASV5,Undirected,67607,,1.519382
ASV263,ASV5010,Undirected,67608,,-1.555107
ASV263,ASV51,Undirected,67609,,-1.475604
ASV263,ASV529,Undirected,67610,,-1.60401
ASV263,ASV56,Undirected,67611,,1.507501
ASV263,ASV564,Undirected,67612,,1.503897
ASV263,ASV57,Undirected,67613,,1.416451
ASV263,ASV59,Undirected,67614,,1.713697
ASV263,ASV6,Undirected,67615,,-1.649614
ASV263,ASV61,Undirected,67616,,1.65528
ASV263,ASV637,Undirected,67617,,1.477681
ASV263,ASV681,Undirected,67618,,1.512451
ASV263,ASV71,Undirected,67619,,1.786049
ASV263,ASV724,Undirected,67620,,1.422215
ASV263,ASV73,Undirected,67621,,1.47123
ASV263,ASV74,Undirected,67622,,1.515779
ASV263,ASV77,Undirected,67623,,1.523317
ASV263,ASV80,Undirected,67624,,1.55119
ASV263,ASV810,Undirected,67625,,1.608523
ASV263,ASV82,Undirected,67626,,1.674251
ASV263,ASV856,Undirected,67627,,-1.439548
ASV263,ASV9,Undirected,67628,,1.622741
ASV263,ASV90,Undirected,67629,,1.58924
ASV263,ASV952,Undirected,67630,,-1.416096
ASV263,ASV955,Undirected,67631,,-1.423182
ASV264,ASV1026,Undirected,67632,,0.696204
ASV264,ASV108,Undirected,67633,,-0.673586
ASV264,ASV1093,Undirected,67634,,0.605732
ASV264,ASV1186,Undirected,67637,,-0.658566
ASV264,ASV122,Undirected,67638,,-0.623441
ASV264,ASV1247,Undirected,67639,,0.691282
ASV264,ASV1286,Undirected,67641,,0.675465
ASV264,ASV1298,Undirected,67643,,0.652119
ASV264,ASV135,Undirected,67644,,-0.66459
ASV264,ASV1381,Undirected,67645,,-0.626862
ASV264,ASV139,Undirected,67646,,0.702592
ASV264,ASV140,Undirected,67647,,0.673577
ASV264,ASV1468,Undirected,67648,,0.624837
ASV264,ASV150,Undirected,67649,,-0.605388
ASV264,ASV158,Undirected,67650,,0.699122
ASV264,ASV159,Undirected,67651,,0.705088
ASV264,ASV1647,Undirected,67653,,0.657962
ASV264,ASV165,Undirected,67654,,-0.649057
ASV264,ASV1738,Undirected,67655,,0.68785
ASV264,ASV192,Undirected,67657,,0.676045
ASV264,ASV194,Undirected,67658,,-0.602179
ASV264,ASV202,Undirected,67659,,0.615146
ASV264,ASV2155,Undirected,67663,,-0.649355
ASV264,ASV216,Undirected,67664,,-0.621365
ASV264,ASV225,Undirected,67667,,0.613272
ASV264,ASV2290,Undirected,67668,,0.659119
ASV264,ASV231,Undirected,67669,,0.657692
ASV264,ASV235,Undirected,67670,,0.635235
ASV264,ASV24,Undirected,67671,,-0.612437
ASV264,ASV242,Undirected,67672,,0.664594
ASV264,ASV25,Undirected,67674,,-0.696691
ASV264,ASV2511,Undirected,67675,,0.604529
ASV264,ASV264,Undirected,67678,,1
ASV264,ASV271,Undirected,67679,,1.609351
ASV264,ASV310,Undirected,67680,,1.599169
ASV264,ASV330,Undirected,67681,,-1.418656
ASV264,ASV35,Undirected,67682,,1.497675
ASV264,ASV36,Undirected,67683,,-1.432127
ASV264,ASV384,Undirected,67684,,1.485424
ASV264,ASV398,Undirected,67685,,1.696059
ASV264,ASV428,Undirected,67686,,1.495898
ASV264,ASV430,Undirected,67687,,1.69423
ASV264,ASV459,Undirected,67688,,1.708644
ASV264,ASV531,Undirected,67689,,1.714582
ASV264,ASV5744,Undirected,67690,,-1.459826
ASV264,ASV6,Undirected,67691,,1.513465
ASV264,ASV622,Undirected,67692,,1.467113
ASV264,ASV655,Undirected,67693,,1.441962
ASV264,ASV708,Undirected,67694,,1.696419
ASV264,ASV751,Undirected,67695,,-1.51155
ASV264,ASV783,Undirected,67696,,1.673467
ASV264,ASV83,Undirected,67697,,1.476687
ASV264,ASV876,Undirected,67698,,1.454597
ASV264,ASV909,Undirected,67699,,1.50252
ASV264,ASV927,Undirected,67700,,-1.433048
ASV264,ASV95,Undirected,67701,,1.484977
ASV264,ASV96,Undirected,67702,,-1.579658
ASV264,ASV966,Undirected,67703,,1.628225
ASV264,ASV995,Undirected,67704,,1.641307
ASV265,ASV265,Undirected,67705,,1
ASV266,ASV1,Undirected,67706,,0.701867
ASV266,ASV101,Undirected,67708,,-0.632584
ASV266,ASV102,Undirected,67709,,-0.672029
ASV266,ASV1030,Undirected,67710,,0.604361
ASV266,ASV104,Undirected,67711,,-0.699585
ASV266,ASV105,Undirected,67712,,-0.618456
ASV266,ASV1069,Undirected,67713,,0.702761
ASV266,ASV110,Undirected,67714,,-0.601245
ASV266,ASV116,Undirected,67716,,0.600312
ASV266,ASV1165,Undirected,67717,,-0.607695
ASV266,ASV1198,Undirected,67718,,0.673054
ASV266,ASV13,Undirected,67720,,-0.620406
ASV266,ASV14,Undirected,67721,,0.662529
ASV266,ASV190,Undirected,67724,,-0.671859
ASV266,ASV2026,Undirected,67726,,-0.671642
ASV266,ASV2185,Undirected,67727,,0.690148
ASV266,ASV220,Undirected,67728,,-0.661643
ASV266,ASV2213,Undirected,67729,,0.606818
ASV266,ASV229,Undirected,67730,,-0.6366
ASV266,ASV232,Undirected,67731,,-0.627533
ASV266,ASV248,Undirected,67733,,0.668397
ASV266,ASV252,Undirected,67734,,-0.646968
ASV266,ASV266,Undirected,67735,,1
ASV266,ASV2771,Undirected,67736,,1.446059
ASV266,ASV2774,Undirected,67737,,-1.460424
ASV266,ASV413,Undirected,67738,,-1.643758
ASV266,ASV436,Undirected,67739,,1.468328
ASV266,ASV5848,Undirected,67740,,1.548521
ASV266,ASV624,Undirected,67741,,-1.623094
ASV266,ASV634,Undirected,67742,,1.489627
ASV266,ASV73,Undirected,67743,,-1.57217
ASV266,ASV771,Undirected,67744,,-1.503503
ASV267,ASV1007,Undirected,67745,,0.645279
ASV267,ASV1030,Undirected,67746,,-0.703956
ASV267,ASV1069,Undirected,67747,,-0.692749
ASV267,ASV107,Undirected,67748,,0.621105
ASV267,ASV111,Undirected,67749,,0.659403
ASV267,ASV113,Undirected,67750,,0.696268
ASV267,ASV1141,Undirected,67751,,0.616435
ASV267,ASV1152,Undirected,67752,,-0.620709
ASV267,ASV117,Undirected,67753,,0.667709
ASV267,ASV125,Undirected,67758,,-0.662862
ASV267,ASV1358,Undirected,67760,,-0.63475
ASV267,ASV142,Undirected,67761,,-0.703537
ASV267,ASV149,Undirected,67762,,-0.608001
ASV267,ASV150,Undirected,67763,,0.696946
ASV267,ASV153,Undirected,67764,,0.666847
ASV267,ASV159,Undirected,67765,,-0.654528
ASV267,ASV1615,Undirected,67766,,-0.675318
ASV267,ASV164,Undirected,67767,,-0.620981
ASV267,ASV171,Undirected,67768,,0.641708
ASV267,ASV172,Undirected,67769,,0.629677
ASV267,ASV1781,Undirected,67772,,-0.609285
ASV267,ASV179,Undirected,67773,,-0.622073
ASV267,ASV1793,Undirected,67774,,-0.683716
ASV267,ASV18,Undirected,67775,,-0.685694
ASV267,ASV180,Undirected,67776,,0.609141
ASV267,ASV187,Undirected,67778,,0.652134
ASV267,ASV196,Undirected,67781,,0.627212
ASV267,ASV2017,Undirected,67783,,-0.640621
ASV267,ASV205,Undirected,67784,,-0.639816
ASV267,ASV216,Undirected,67785,,0.694768
ASV267,ASV225,Undirected,67787,,-0.632731
ASV267,ASV227,Undirected,67789,,0.608222
ASV267,ASV231,Undirected,67791,,-0.668404
ASV267,ASV232,Undirected,67792,,0.634046
ASV267,ASV237,Undirected,67794,,0.684896
ASV267,ASV2383,Undirected,67795,,-0.667098
ASV267,ASV25,Undirected,67798,,0.628639
ASV267,ASV267,Undirected,67801,,1
ASV267,ASV273,Undirected,67802,,1.730921
ASV267,ASV31,Undirected,67803,,1.523916
ASV267,ASV32,Undirected,67804,,1.493796
ASV267,ASV34,Undirected,67805,,1.793481
ASV267,ASV363,Undirected,67806,,1.440009
ASV267,ASV37,Undirected,67807,,1.510136
ASV267,ASV374,Undirected,67808,,1.469584
ASV267,ASV4,Undirected,67809,,1.481348
ASV267,ASV404,Undirected,67810,,1.465554
ASV267,ASV447,Undirected,67811,,-1.414075
ASV267,ASV463,Undirected,67812,,1.459183
ASV267,ASV5,Undirected,67813,,1.560187
ASV267,ASV501,Undirected,67814,,-1.573364
ASV267,ASV514,Undirected,67815,,1.52629
ASV267,ASV5638,Undirected,67816,,-1.44834
ASV267,ASV564,Undirected,67817,,1.413542
ASV267,ASV57,Undirected,67818,,1.506763
ASV267,ASV59,Undirected,67819,,1.580934
ASV267,ASV6,Undirected,67820,,-1.437779
ASV267,ASV61,Undirected,67821,,1.513776
ASV267,ASV637,Undirected,67822,,1.474727
ASV267,ASV641,Undirected,67823,,1.415774
ASV267,ASV71,Undirected,67824,,1.518693
ASV267,ASV74,Undirected,67825,,1.443419
ASV267,ASV763,Undirected,67826,,1.600911
ASV267,ASV82,Undirected,67827,,1.629494
ASV267,ASV9,Undirected,67828,,1.60998
ASV267,ASV90,Undirected,67829,,1.593991
ASV267,ASV955,Undirected,67830,,-1.58555
ASV268,ASV268,Undirected,67831,,1
ASV269,ASV1186,Undirected,67832,,-0.656877
ASV269,ASV1292,Undirected,67833,,0.608234
ASV269,ASV135,Undirected,67834,,-0.681253
ASV269,ASV139,Undirected,67835,,0.654375
ASV269,ASV1492,Undirected,67836,,0.601253
ASV269,ASV15,Undirected,67837,,-0.623709
ASV269,ASV164,Undirected,67839,,0.669448
ASV269,ASV18,Undirected,67840,,0.616834
ASV269,ASV182,Undirected,67841,,-0.654329
ASV269,ASV219,Undirected,67842,,0.637503
ASV269,ASV220,Undirected,67844,,-0.638687
ASV269,ASV225,Undirected,67845,,0.698916
ASV269,ASV235,Undirected,67846,,0.666329
ASV269,ASV242,Undirected,67847,,0.687995
ASV269,ASV248,Undirected,67848,,0.694955
ASV269,ASV25,Undirected,67849,,-0.608527
ASV269,ASV258,Undirected,67850,,-0.638593
ASV269,ASV260,Undirected,67851,,0.617071
ASV269,ASV269,Undirected,67852,,1
ASV269,ASV2744,Undirected,67853,,1.436326
ASV269,ASV3327,Undirected,67854,,-1.490303
ASV269,ASV641,Undirected,67855,,-1.54919
ASV269,ASV927,Undirected,67856,,-1.48667
ASV27,ASV10,Undirected,67857,,0.644995
ASV27,ASV103,Undirected,67859,,0.607663
ASV27,ASV1120,Undirected,67860,,-0.628885
ASV27,ASV1251,Undirected,67861,,-0.656269
ASV27,ASV142,Undirected,67862,,-0.609504
ASV27,ASV171,Undirected,67864,,0.622868
ASV27,ASV172,Undirected,67865,,0.688339
ASV27,ASV185,Undirected,67866,,0.648011
ASV27,ASV196,Undirected,67868,,0.6281
ASV27,ASV23,Undirected,67871,,0.663571
ASV27,ASV2361,Undirected,67872,,0.663233
ASV27,ASV27,Undirected,67873,,1
ASV27,ASV2915,Undirected,67874,,1.56567
ASV27,ASV4257,Undirected,67875,,-1.415421
ASV27,ASV48,Undirected,67876,,1.45173
ASV27,ASV5245,Undirected,67877,,1.450414
ASV27,ASV592,Undirected,67878,,-1.477679
ASV27,ASV69,Undirected,67879,,-1.544988
ASV270,ASV108,Undirected,67880,,-0.625067
ASV270,ASV1186,Undirected,67881,,-0.608556
ASV270,ASV123,Undirected,67882,,-0.600629
ASV270,ASV1295,Undirected,67883,,0.615789
ASV270,ASV139,Undirected,67884,,0.649538
ASV270,ASV1430,Undirected,67885,,0.625852
ASV270,ASV157,Undirected,67887,,0.611344
ASV270,ASV165,Undirected,67888,,-0.622587
ASV270,ASV170,Undirected,67889,,-0.646388
ASV270,ASV179,Undirected,67890,,0.677773
ASV270,ASV22,Undirected,67891,,-0.614884
ASV270,ASV223,Undirected,67892,,0.679485
ASV270,ASV270,Undirected,67893,,1
ASV270,ASV35,Undirected,67894,,1.663744
ASV270,ASV541,Undirected,67895,,1.462702
ASV270,ASV925,Undirected,67896,,-1.536806
ASV271,ASV100,Undirected,67897,,-0.631251
ASV271,ASV1017,Undirected,67898,,-0.619191
ASV271,ASV1026,Undirected,67899,,0.677697
ASV271,ASV107,Undirected,67900,,-0.686041
ASV271,ASV1093,Undirected,67902,,0.675354
ASV271,ASV1120,Undirected,67904,,0.629583
ASV271,ASV1136,Undirected,67906,,-0.676537
ASV271,ASV1141,Undirected,67908,,-0.683917
ASV271,ASV1210,Undirected,67913,,-0.608672
ASV271,ASV123,Undirected,67916,,-0.634661
ASV271,ASV1243,Undirected,67917,,0.664412
ASV271,ASV1251,Undirected,67919,,0.640181
ASV271,ASV1273,Undirected,67920,,0.616105
ASV271,ASV1286,Undirected,67921,,0.633249
ASV271,ASV135,Undirected,67925,,-0.669091
ASV271,ASV142,Undirected,67929,,0.670298
ASV271,ASV1492,Undirected,67932,,0.684839
ASV271,ASV150,Undirected,67933,,-0.613474
ASV271,ASV1513,Undirected,67934,,0.651956
ASV271,ASV154,Undirected,67935,,0.645933
ASV271,ASV16,Undirected,67939,,-0.671163
ASV271,ASV1615,Undirected,67940,,0.692687
ASV271,ASV1647,Undirected,67942,,0.677697
ASV271,ASV171,Undirected,67945,,-0.684839
ASV271,ASV1738,Undirected,67946,,0.631736
ASV271,ASV1740,Undirected,67947,,0.633475
ASV271,ASV1781,Undirected,67948,,0.654689
ASV271,ASV179,Undirected,67949,,0.62578
ASV271,ASV18,Undirected,67950,,0.634908
ASV271,ASV182,Undirected,67951,,-0.626105
ASV271,ASV184,Undirected,67952,,-0.633957
ASV271,ASV187,Undirected,67953,,-0.625197
ASV271,ASV194,Undirected,67955,,-0.621174
ASV271,ASV2017,Undirected,67956,,0.684149
ASV271,ASV2026,Undirected,67957,,-0.62354
ASV271,ASV205,Undirected,67958,,0.626882
ASV271,ASV214,Undirected,67959,,0.665281
ASV271,ASV220,Undirected,67963,,-0.665107
ASV271,ASV2213,Undirected,67964,,0.625596
ASV271,ASV223,Undirected,67965,,0.684649
ASV271,ASV228,Undirected,67967,,0.677387
ASV271,ASV2290,Undirected,67969,,0.644474
ASV271,ASV235,Undirected,67972,,0.648006
ASV271,ASV242,Undirected,67975,,0.686723
ASV271,ASV267,Undirected,67983,,-0.618429
ASV271,ASV270,Undirected,67984,,0.694951
ASV271,ASV271,Undirected,67985,,1
ASV271,ASV273,Undirected,67986,,-1.446061
ASV271,ASV288,Undirected,67987,,1.605401
ASV271,ASV291,Undirected,67988,,1.428572
ASV271,ASV295,Undirected,67989,,1.645232
ASV271,ASV31,Undirected,67990,,-1.712509
ASV271,ASV310,Undirected,67991,,1.719481
ASV271,ASV32,Undirected,67992,,-1.433464
ASV271,ASV33,Undirected,67993,,-1.543334
ASV271,ASV3327,Undirected,67994,,-1.510535
ASV271,ASV344,Undirected,67995,,-1.480565
ASV271,ASV349,Undirected,67996,,1.49662
ASV271,ASV35,Undirected,67997,,1.807263
ASV271,ASV352,Undirected,67998,,1.497408
ASV271,ASV36,Undirected,67999,,-1.719031
ASV271,ASV363,Undirected,68000,,-1.60685
ASV271,ASV369,Undirected,68001,,1.460303
ASV271,ASV37,Undirected,68002,,-1.518142
ASV271,ASV3752,Undirected,68003,,1.52276
ASV271,ASV398,Undirected,68004,,1.732228
ASV271,ASV4,Undirected,68005,,-1.418963
ASV271,ASV404,Undirected,68006,,-1.435127
ASV271,ASV428,Undirected,68007,,1.424154
ASV271,ASV430,Undirected,68008,,1.707597
ASV271,ASV445,Undirected,68009,,-1.639008
ASV271,ASV456,Undirected,68010,,1.669267
ASV271,ASV459,Undirected,68011,,1.560105
ASV271,ASV463,Undirected,68012,,-1.46106
ASV271,ASV468,Undirected,68013,,1.543517
ASV271,ASV483,Undirected,68014,,-1.511032
ASV271,ASV488,Undirected,68015,,1.456171
ASV271,ASV5,Undirected,68016,,-1.605396
ASV271,ASV51,Undirected,68017,,1.513008
ASV271,ASV514,Undirected,68018,,-1.636175
ASV271,ASV528,Undirected,68019,,1.678295
ASV271,ASV529,Undirected,68020,,1.626983
ASV271,ASV531,Undirected,68021,,1.473521
ASV271,ASV551,Undirected,68022,,-1.423961
ASV271,ASV56,Undirected,68023,,-1.536553
ASV271,ASV5744,Undirected,68024,,-1.490667
ASV271,ASV59,Undirected,68025,,-1.640612
ASV271,ASV6,Undirected,68026,,1.783544
ASV271,ASV61,Undirected,68027,,-1.644194
ASV271,ASV655,Undirected,68028,,1.71667
ASV271,ASV681,Undirected,68029,,-1.607069
ASV271,ASV707,Undirected,68030,,1.684379
ASV271,ASV708,Undirected,68031,,1.748449
ASV271,ASV71,Undirected,68032,,-1.425178
ASV271,ASV732,Undirected,68033,,-1.594377
ASV271,ASV733,Undirected,68034,,-1.521878
ASV271,ASV74,Undirected,68035,,-1.49508
ASV271,ASV775,Undirected,68036,,1.449351
ASV271,ASV783,Undirected,68037,,1.429031
ASV271,ASV79,Undirected,68038,,-1.48963
ASV271,ASV80,Undirected,68039,,-1.722288
ASV271,ASV810,Undirected,68040,,-1.629553
ASV271,ASV82,Undirected,68041,,-1.59379
ASV271,ASV828,Undirected,68042,,1.532225
ASV271,ASV83,Undirected,68043,,1.576988
ASV271,ASV85,Undirected,68044,,1.567657
ASV271,ASV856,Undirected,68045,,1.814873
ASV271,ASV87,Undirected,68046,,-1.551538
ASV271,ASV876,Undirected,68047,,1.488022
ASV271,ASV881,Undirected,68048,,1.479942
ASV271,ASV9,Undirected,68049,,-1.669612
ASV271,ASV92,Undirected,68050,,1.652675
ASV271,ASV922,Undirected,68051,,1.521878
ASV271,ASV927,Undirected,68052,,-1.561009
ASV271,ASV938,Undirected,68053,,-1.508941
ASV271,ASV95,Undirected,68054,,1.819602
ASV271,ASV96,Undirected,68055,,-1.748703
ASV271,ASV970,Undirected,68056,,1.595003
ASV271,ASV995,Undirected,68057,,1.485665
ASV272,ASV1483,Undirected,68058,,0.701603
ASV272,ASV179,Undirected,68059,,0.60996
ASV272,ASV272,Undirected,68060,,1
ASV272,ASV990,Undirected,68061,,1.82149
ASV273,ASV100,Undirected,68062,,0.647095
ASV273,ASV1007,Undirected,68063,,0.644496
ASV273,ASV1013,Undirected,68064,,0.654831
ASV273,ASV108,Undirected,68069,,0.678239
ASV273,ASV1141,Undirected,68073,,0.701791
ASV273,ASV1186,Undirected,68076,,0.61168
ASV273,ASV125,Undirected,68081,,-0.641822
ASV273,ASV1275,Undirected,68082,,0.695855
ASV273,ASV1298,Undirected,68084,,-0.650023
ASV273,ASV1358,Undirected,68087,,-0.677807
ASV273,ASV139,Undirected,68088,,-0.635282
ASV273,ASV142,Undirected,68090,,-0.60476
ASV273,ASV1466,Undirected,68091,,-0.602396
ASV273,ASV149,Undirected,68092,,-0.613554
ASV273,ASV1492,Undirected,68093,,-0.67513
ASV273,ASV1615,Undirected,68098,,-0.665513
ASV273,ASV165,Undirected,68100,,0.676292
ASV273,ASV167,Undirected,68101,,0.626112
ASV273,ASV171,Undirected,68103,,0.677721
ASV273,ASV172,Undirected,68104,,0.702843
ASV273,ASV1793,Undirected,68109,,-0.639113
ASV273,ASV182,Undirected,68112,,0.641933
ASV273,ASV187,Undirected,68114,,0.646663
ASV273,ASV195,Undirected,68117,,0.672021
ASV273,ASV206,Undirected,68120,,0.618902
ASV273,ASV21,Undirected,68121,,0.605424
ASV273,ASV217,Undirected,68123,,0.64645
ASV273,ASV225,Undirected,68125,,-0.667702
ASV273,ASV227,Undirected,68127,,0.670296
ASV273,ASV228,Undirected,68128,,-0.606108
ASV273,ASV237,Undirected,68132,,0.693308
ASV273,ASV242,Undirected,68135,,-0.633023
ASV273,ASV252,Undirected,68139,,0.701346
ASV273,ASV260,Undirected,68140,,-0.698084
ASV273,ASV261,Undirected,68141,,-0.652691
ASV273,ASV264,Undirected,68143,,-0.61068
ASV273,ASV273,Undirected,68146,,1
ASV273,ASV276,Undirected,68147,,1.449173
ASV273,ASV277,Undirected,68148,,-1.465495
ASV273,ASV31,Undirected,68149,,1.677887
ASV273,ASV32,Undirected,68150,,1.643413
ASV273,ASV3327,Undirected,68151,,1.59946
ASV273,ASV34,Undirected,68152,,1.744572
ASV273,ASV36,Undirected,68153,,1.526125
ASV273,ASV363,Undirected,68154,,1.697723
ASV273,ASV37,Undirected,68155,,1.691831
ASV273,ASV38,Undirected,68156,,1.451164
ASV273,ASV4,Undirected,68157,,1.709563
ASV273,ASV404,Undirected,68158,,1.418632
ASV273,ASV452,Undirected,68159,,1.49672
ASV273,ASV463,Undirected,68160,,1.528498
ASV273,ASV48,Undirected,68161,,1.595657
ASV273,ASV5,Undirected,68162,,1.655816
ASV273,ASV501,Undirected,68163,,-1.544844
ASV273,ASV507,Undirected,68164,,1.660894
ASV273,ASV514,Undirected,68165,,1.576767
ASV273,ASV529,Undirected,68166,,-1.442847
ASV273,ASV5488,Undirected,68167,,-1.483406
ASV273,ASV56,Undirected,68168,,1.651319
ASV273,ASV564,Undirected,68169,,1.49248
ASV273,ASV5687,Undirected,68170,,1.486236
ASV273,ASV57,Undirected,68171,,1.617176
ASV273,ASV570,Undirected,68172,,-1.507654
ASV273,ASV5744,Undirected,68173,,1.426501
ASV273,ASV59,Undirected,68174,,1.7261
ASV273,ASV6,Undirected,68175,,-1.620674
ASV273,ASV61,Undirected,68176,,1.799172
ASV273,ASV637,Undirected,68177,,1.701981
ASV273,ASV641,Undirected,68178,,1.455115
ASV273,ASV681,Undirected,68179,,1.562244
ASV273,ASV71,Undirected,68180,,1.65995
ASV273,ASV73,Undirected,68181,,1.441163
ASV273,ASV74,Undirected,68182,,1.624418
ASV273,ASV79,Undirected,68183,,1.583851
ASV273,ASV80,Undirected,68184,,1.591521
ASV273,ASV810,Undirected,68185,,1.588793
ASV273,ASV82,Undirected,68186,,1.834541
ASV273,ASV828,Undirected,68187,,-1.493779
ASV273,ASV856,Undirected,68188,,-1.471723
ASV273,ASV87,Undirected,68189,,1.469769
ASV273,ASV9,Undirected,68190,,1.790183
ASV273,ASV90,Undirected,68191,,1.634765
ASV273,ASV952,Undirected,68192,,-1.442166
ASV273,ASV955,Undirected,68193,,-1.448408
ASV273,ASV96,Undirected,68194,,1.543006
ASV2736,ASV1071,Undirected,68195,,0.651504
ASV2736,ASV176,Undirected,68197,,0.644272
ASV2736,ASV264,Undirected,68199,,0.621755
ASV2736,ASV2736,Undirected,68200,,1
ASV274,ASV2370,Undirected,68201,,0.602169
ASV274,ASV274,Undirected,68202,,1
ASV2744,ASV1038,Undirected,68203,,0.636772
ASV2744,ASV139,Undirected,68205,,0.613679
ASV2744,ASV160,Undirected,68206,,0.628611
ASV2744,ASV164,Undirected,68207,,0.649052
ASV2744,ASV165,Undirected,68208,,-0.619369
ASV2744,ASV1738,Undirected,68209,,0.690237
ASV2744,ASV182,Undirected,68211,,-0.608065
ASV2744,ASV219,Undirected,68212,,0.705181
ASV2744,ASV22,Undirected,68213,,-0.631976
ASV2744,ASV225,Undirected,68215,,0.662258
ASV2744,ASV241,Undirected,68217,,0.645768
ASV2744,ASV242,Undirected,68218,,0.649924
ASV2744,ASV25,Undirected,68219,,-0.655342
ASV2744,ASV261,Undirected,68220,,0.610779
ASV2744,ASV2744,Undirected,68222,,1
ASV2744,ASV283,Undirected,68223,,1.421911
ASV2744,ASV286,Undirected,68224,,-1.457693
ASV2744,ASV310,Undirected,68225,,1.523147
ASV2744,ASV332,Undirected,68226,,1.569854
ASV2744,ASV927,Undirected,68227,,-1.494215
ASV275,ASV1208,Undirected,68228,,0.628705
ASV275,ASV226,Undirected,68229,,0.656266
ASV275,ASV2570,Undirected,68230,,0.636467
ASV275,ASV275,Undirected,68231,,1
ASV275,ASV485,Undirected,68232,,1.478256
ASV276,ASV1013,Undirected,68234,,0.657249
ASV276,ASV1066,Undirected,68236,,0.616762
ASV276,ASV108,Undirected,68239,,0.6189
ASV276,ASV111,Undirected,68240,,0.621568
ASV276,ASV114,Undirected,68242,,0.622801
ASV276,ASV1149,Undirected,68244,,-0.624355
ASV276,ASV121,Undirected,68246,,0.662338
ASV276,ASV1298,Undirected,68249,,-0.6644
ASV276,ASV1358,Undirected,68251,,-0.619131
ASV276,ASV142,Undirected,68252,,-0.618457
ASV276,ASV146,Undirected,68253,,0.641632
ASV276,ASV149,Undirected,68254,,-0.683776
ASV276,ASV1492,Undirected,68255,,-0.633438
ASV276,ASV150,Undirected,68256,,0.603112
ASV276,ASV1546,Undirected,68257,,-0.606772
ASV276,ASV159,Undirected,68259,,-0.697662
ASV276,ASV164,Undirected,68261,,-0.655782
ASV276,ASV175,Undirected,68264,,0.620728
ASV276,ASV1781,Undirected,68265,,-0.607293
ASV276,ASV18,Undirected,68266,,-0.603836
ASV276,ASV180,Undirected,68267,,0.646956
ASV276,ASV183,Undirected,68268,,-0.647397
ASV276,ASV187,Undirected,68270,,0.60135
ASV276,ASV194,Undirected,68271,,0.688117
ASV276,ASV195,Undirected,68272,,0.606958
ASV276,ASV196,Undirected,68273,,0.617939
ASV276,ASV2,Undirected,68274,,0.609015
ASV276,ASV207,Undirected,68275,,-0.605955
ASV276,ASV214,Undirected,68276,,-0.602391
ASV276,ASV225,Undirected,68278,,-0.672201
ASV276,ASV229,Undirected,68279,,0.671163
ASV276,ASV233,Undirected,68281,,-0.681582
ASV276,ASV237,Undirected,68282,,0.627665
ASV276,ASV244,Undirected,68285,,0.700572
ASV276,ASV245,Undirected,68286,,-0.604979
ASV276,ASV260,Undirected,68289,,-0.701091
ASV276,ASV261,Undirected,68290,,-0.610479
ASV276,ASV267,Undirected,68292,,0.611141
ASV276,ASV271,Undirected,68293,,-0.693347
ASV276,ASV276,Undirected,68295,,1
ASV276,ASV295,Undirected,68296,,-1.452285
ASV276,ASV31,Undirected,68297,,1.635705
ASV276,ASV32,Undirected,68298,,1.595039
ASV276,ASV36,Undirected,68299,,1.444276
ASV276,ASV363,Undirected,68300,,1.442949
ASV276,ASV37,Undirected,68301,,1.413478
ASV276,ASV3732,Undirected,68302,,-1.447848
ASV276,ASV38,Undirected,68303,,1.563967
ASV276,ASV41,Undirected,68304,,1.481872
ASV276,ASV437,Undirected,68305,,-1.555337
ASV276,ASV438,Undirected,68306,,1.414026
ASV276,ASV440,Undirected,68307,,-1.566303
ASV276,ASV463,Undirected,68308,,1.522327
ASV276,ASV483,Undirected,68309,,1.412762
ASV276,ASV5,Undirected,68310,,1.615754
ASV276,ASV51,Undirected,68311,,-1.428721
ASV276,ASV529,Undirected,68312,,-1.434931
ASV276,ASV57,Undirected,68313,,1.451534
ASV276,ASV5744,Undirected,68314,,1.451248
ASV276,ASV589,Undirected,68315,,-1.538942
ASV276,ASV59,Undirected,68316,,1.682041
ASV276,ASV603,Undirected,68317,,-1.517452
ASV276,ASV61,Undirected,68318,,1.493779
ASV276,ASV637,Undirected,68319,,1.467222
ASV276,ASV655,Undirected,68320,,-1.44792
ASV276,ASV658,Undirected,68321,,-1.69127
ASV276,ASV681,Undirected,68322,,1.491684
ASV276,ASV702,Undirected,68323,,1.539544
ASV276,ASV71,Undirected,68324,,1.489393
ASV276,ASV733,Undirected,68325,,1.414586
ASV276,ASV74,Undirected,68326,,1.529295
ASV276,ASV741,Undirected,68327,,-1.538733
ASV276,ASV79,Undirected,68328,,1.668053
ASV276,ASV80,Undirected,68329,,1.433168
ASV276,ASV82,Undirected,68330,,1.491199
ASV276,ASV828,Undirected,68331,,-1.468815
ASV276,ASV856,Undirected,68332,,-1.465419
ASV276,ASV87,Undirected,68333,,1.441749
ASV276,ASV9,Undirected,68334,,1.537037
ASV276,ASV941,Undirected,68335,,1.455262
ASV276,ASV955,Undirected,68336,,-1.44299
ASV276,ASV96,Undirected,68337,,1.564902
ASV2762,ASV103,Undirected,68338,,-0.638505
ASV2762,ASV108,Undirected,68339,,-0.692919
ASV2762,ASV125,Undirected,68341,,0.602616
ASV2762,ASV1513,Undirected,68342,,0.617717
ASV2762,ASV1535,Undirected,68343,,-0.629322
ASV2762,ASV196,Undirected,68344,,-0.663211
ASV2762,ASV2220,Undirected,68345,,-0.66511
ASV2762,ASV228,Undirected,68346,,0.655742
ASV2762,ASV271,Undirected,68348,,0.631008
ASV2762,ASV2762,Undirected,68349,,1
ASV2762,ASV627,Undirected,68350,,1.513372
ASV2762,ASV92,Undirected,68351,,1.434702
ASV2762,ASV938,Undirected,68352,,-1.555213
ASV2762,ASV95,Undirected,68353,,1.46906
ASV277,ASV1017,Undirected,68355,,-0.683981
ASV277,ASV1026,Undirected,68356,,0.66389
ASV277,ASV1030,Undirected,68357,,0.630458
ASV277,ASV104,Undirected,68358,,-0.681582
ASV277,ASV113,Undirected,68363,,-0.660273
ASV277,ASV114,Undirected,68364,,-0.613794
ASV277,ASV1141,Undirected,68365,,-0.609521
ASV277,ASV1149,Undirected,68366,,0.616839
ASV277,ASV115,Undirected,68367,,-0.609758
ASV277,ASV1165,Undirected,68368,,-0.605645
ASV277,ASV1186,Undirected,68370,,-0.694539
ASV277,ASV12,Undirected,68371,,-0.694748
ASV277,ASV1243,Undirected,68373,,0.609058
ASV277,ASV1269,Undirected,68375,,0.686362
ASV277,ASV1298,Undirected,68377,,0.653884
ASV277,ASV13,Undirected,68378,,-0.696739
ASV277,ASV139,Undirected,68379,,0.677908
ASV277,ASV142,Undirected,68381,,0.612036
ASV277,ASV1428,Undirected,68382,,0.624486
ASV277,ASV1468,Undirected,68383,,0.689517
ASV277,ASV150,Undirected,68386,,-0.660969
ASV277,ASV16,Undirected,68389,,-0.676702
ASV277,ASV1615,Undirected,68390,,0.609313
ASV277,ASV170,Undirected,68393,,-0.615585
ASV277,ASV175,Undirected,68395,,-0.619496
ASV277,ASV18,Undirected,68396,,0.622803
ASV277,ASV180,Undirected,68397,,-0.664588
ASV277,ASV184,Undirected,68398,,-0.68104
ASV277,ASV187,Undirected,68399,,-0.621891
ASV277,ASV192,Undirected,68400,,0.626174
ASV277,ASV194,Undirected,68401,,-0.681206
ASV277,ASV196,Undirected,68403,,-0.622928
ASV277,ASV197,Undirected,68404,,-0.670128
ASV277,ASV199,Undirected,68406,,-0.62722
ASV277,ASV2185,Undirected,68408,,0.600526
ASV277,ASV220,Undirected,68410,,-0.701873
ASV277,ASV226,Undirected,68413,,-0.607384
ASV277,ASV228,Undirected,68414,,0.606126
ASV277,ASV231,Undirected,68416,,0.612238
ASV277,ASV2383,Undirected,68418,,0.702897
ASV277,ASV242,Undirected,68420,,0.603531
ASV277,ASV243,Undirected,68421,,0.634802
ASV277,ASV244,Undirected,68422,,-0.602805
ASV277,ASV2511,Undirected,68425,,0.654976
ASV277,ASV267,Undirected,68429,,-0.66875
ASV277,ASV269,Undirected,68430,,0.645465
ASV277,ASV271,Undirected,68431,,0.700468
ASV277,ASV276,Undirected,68433,,-0.681747
ASV277,ASV277,Undirected,68434,,1
ASV277,ASV31,Undirected,68435,,-1.617864
ASV277,ASV32,Undirected,68436,,-1.517111
ASV277,ASV33,Undirected,68437,,-1.500522
ASV277,ASV344,Undirected,68438,,-1.614116
ASV277,ASV36,Undirected,68439,,-1.628639
ASV277,ASV369,Undirected,68440,,1.579443
ASV277,ASV37,Undirected,68441,,-1.516858
ASV277,ASV3732,Undirected,68442,,1.589827
ASV277,ASV3752,Undirected,68443,,1.476934
ASV277,ASV38,Undirected,68444,,-1.486023
ASV277,ASV435,Undirected,68445,,1.497414
ASV277,ASV436,Undirected,68446,,1.676716
ASV277,ASV443,Undirected,68447,,1.420781
ASV277,ASV459,Undirected,68448,,1.43023
ASV277,ASV463,Undirected,68449,,-1.665457
ASV277,ASV5,Undirected,68450,,-1.546127
ASV277,ASV501,Undirected,68451,,1.651768
ASV277,ASV531,Undirected,68452,,1.482599
ASV277,ASV56,Undirected,68453,,-1.543576
ASV277,ASV57,Undirected,68454,,-1.568472
ASV277,ASV5744,Undirected,68455,,-1.436435
ASV277,ASV579,Undirected,68456,,1.457276
ASV277,ASV59,Undirected,68457,,-1.413484
ASV277,ASV61,Undirected,68458,,-1.428131
ASV277,ASV641,Undirected,68459,,-1.446154
ASV277,ASV660,Undirected,68460,,1.523102
ASV277,ASV732,Undirected,68461,,-1.551388
ASV277,ASV733,Undirected,68462,,-1.618553
ASV277,ASV74,Undirected,68463,,-1.500007
ASV277,ASV79,Undirected,68464,,-1.774785
ASV277,ASV80,Undirected,68465,,-1.704521
ASV277,ASV82,Undirected,68466,,-1.440134
ASV277,ASV828,Undirected,68467,,1.783672
ASV277,ASV85,Undirected,68468,,1.431542
ASV277,ASV87,Undirected,68469,,-1.641465
ASV277,ASV9,Undirected,68470,,-1.602086
ASV277,ASV92,Undirected,68471,,1.41287
ASV277,ASV927,Undirected,68472,,-1.537825
ASV277,ASV95,Undirected,68473,,1.487559
ASV277,ASV96,Undirected,68474,,-1.747535
ASV277,ASV983,Undirected,68475,,1.426042
ASV2771,ASV10,Undirected,68477,,0.638057
ASV2771,ASV100,Undirected,68478,,-0.680712
ASV2771,ASV106,Undirected,68479,,-0.66513
ASV2771,ASV119,Undirected,68480,,-0.620065
ASV2771,ASV138,Undirected,68481,,-0.695008
ASV2771,ASV14,Undirected,68482,,0.64116
ASV2771,ASV1588,Undirected,68483,,0.67459
ASV2771,ASV199,Undirected,68484,,-0.600544
ASV2771,ASV2008,Undirected,68485,,0.663036
ASV2771,ASV201,Undirected,68486,,0.676851
ASV2771,ASV232,Undirected,68487,,-0.690193
ASV2771,ASV2771,Undirected,68489,,1
ASV2771,ASV3,Undirected,68490,,1.433302
ASV2771,ASV30,Undirected,68491,,1.662878
ASV2771,ASV393,Undirected,68492,,-1.542754
ASV2771,ASV62,Undirected,68493,,-1.511274
ASV2771,ASV624,Undirected,68494,,-1.667438
ASV2771,ASV634,Undirected,68495,,1.4943
ASV2774,ASV104,Undirected,68496,,0.606883
ASV2774,ASV1588,Undirected,68498,,-0.626359
ASV2774,ASV1830,Undirected,68499,,0.635577
ASV2774,ASV247,Undirected,68500,,0.686162
ASV2774,ASV248,Undirected,68501,,-0.605938
ASV2774,ASV2774,Undirected,68503,,1
ASV28,ASV10,Undirected,68504,,0.63397
ASV28,ASV100,Undirected,68505,,-0.67706
ASV28,ASV1069,Undirected,68506,,0.61735
ASV28,ASV107,Undirected,68507,,-0.69012
ASV28,ASV1219,Undirected,68509,,0.605872
ASV28,ASV1293,Undirected,68510,,-0.681541
ASV28,ASV191,Undirected,68514,,-0.690445
ASV28,ASV226,Undirected,68518,,-0.647672
ASV28,ASV2291,Undirected,68519,,0.670818
ASV28,ASV24,Undirected,68520,,-0.632558
ASV28,ASV263,Undirected,68521,,-0.692865
ASV28,ASV266,Undirected,68522,,0.600209
ASV28,ASV273,Undirected,68523,,-0.61634
ASV28,ASV2771,Undirected,68524,,0.606312
ASV28,ASV2774,Undirected,68525,,-0.615594
ASV28,ASV28,Undirected,68526,,1
ASV28,ASV29,Undirected,68527,,1.707494
ASV28,ASV30,Undirected,68528,,1.550852
ASV28,ASV39,Undirected,68529,,1.526615
ASV28,ASV49,Undirected,68530,,1.627259
ASV28,ASV539,Undirected,68531,,1.489634
ASV28,ASV562,Undirected,68532,,-1.414214
ASV28,ASV60,Undirected,68533,,-1.478732
ASV28,ASV62,Undirected,68534,,-1.46409
ASV28,ASV771,Undirected,68535,,-1.691256
ASV280,ASV10,Undirected,68536,,0.6381
ASV280,ASV1042,Undirected,68537,,-0.604417
ASV280,ASV2486,Undirected,68538,,0.600933
ASV280,ASV280,Undirected,68539,,1
ASV280,ASV336,Undirected,68540,,1.50362
ASV280,ASV4085,Undirected,68541,,1.509427
ASV280,ASV4788,Undirected,68542,,1.428634
ASV280,ASV606,Undirected,68543,,1.686018
ASV280,ASV671,Undirected,68544,,1.568548
ASV280,ASV860,Undirected,68545,,1.486282
ASV2809,ASV1032,Undirected,68546,,-0.621832
ASV2809,ASV1346,Undirected,68548,,-0.6267
ASV2809,ASV1595,Undirected,68549,,-0.601359
ASV2809,ASV187,Undirected,68552,,-0.625908
ASV2809,ASV23,Undirected,68553,,-0.610769
ASV2809,ASV27,Undirected,68557,,-0.626297
ASV2809,ASV2809,Undirected,68558,,1
ASV2809,ASV515,Undirected,68559,,-1.522034
ASV2809,ASV69,Undirected,68560,,1.454358
ASV2817,ASV1020,Undirected,68561,,-0.700564
ASV2817,ASV1161,Undirected,68562,,0.651618
ASV2817,ASV1449,Undirected,68563,,0.642312
ASV2817,ASV180,Undirected,68564,,-0.65222
ASV2817,ASV2817,Undirected,68565,,1
ASV282,ASV193,Undirected,68566,,0.682399
ASV282,ASV282,Undirected,68567,,1
ASV282,ASV2822,Undirected,68568,,-1.45991
ASV282,ASV909,Undirected,68569,,1.611989
ASV2822,ASV1254,Undirected,68570,,-0.609965
ASV2822,ASV2822,Undirected,68572,,1
ASV283,ASV1026,Undirected,68573,,0.619437
ASV283,ASV103,Undirected,68574,,-0.666495
ASV283,ASV1038,Undirected,68575,,0.600947
ASV283,ASV1193,Undirected,68577,,0.617357
ASV283,ASV1198,Undirected,68578,,0.659679
ASV283,ASV125,Undirected,68579,,0.665978
ASV283,ASV139,Undirected,68580,,0.679134
ASV283,ASV142,Undirected,68581,,0.634481
ASV283,ASV149,Undirected,68582,,0.618905
ASV283,ASV159,Undirected,68583,,0.673258
ASV283,ASV1615,Undirected,68584,,0.695878
ASV283,ASV1763,Undirected,68586,,0.609172
ASV283,ASV1985,Undirected,68587,,0.602129
ASV283,ASV2185,Undirected,68588,,0.662836
ASV283,ASV2213,Undirected,68590,,0.701065
ASV283,ASV225,Undirected,68591,,0.680524
ASV283,ASV229,Undirected,68593,,-0.648835
ASV283,ASV233,Undirected,68594,,0.667014
ASV283,ASV241,Undirected,68595,,0.691385
ASV283,ASV25,Undirected,68596,,-0.687769
ASV283,ASV271,Undirected,68599,,0.623634
ASV283,ASV283,Undirected,68601,,1
ASV283,ASV332,Undirected,68602,,1.438676
ASV283,ASV352,Undirected,68603,,1.649409
ASV283,ASV36,Undirected,68604,,-1.448611
ASV283,ASV4134,Undirected,68605,,1.457811
ASV283,ASV416,Undirected,68606,,1.459183
ASV283,ASV5010,Undirected,68607,,1.589985
ASV283,ASV657,Undirected,68608,,1.420355
ASV283,ASV675,Undirected,68609,,1.424096
ASV283,ASV876,Undirected,68610,,1.440739
ASV283,ASV881,Undirected,68611,,1.550105
ASV283,ASV92,Undirected,68612,,1.584645
ASV283,ASV938,Undirected,68613,,-1.602544
ASV283,ASV95,Undirected,68614,,1.584645
ASV283,ASV995,Undirected,68615,,1.487987
ASV2850,ASV1132,Undirected,68616,,0.644321
ASV2850,ASV1830,Undirected,68617,,0.692707
ASV2850,ASV1946,Undirected,68618,,0.648838
ASV2850,ASV234,Undirected,68619,,-0.666153
ASV2850,ASV239,Undirected,68620,,0.634621
ASV2850,ASV2850,Undirected,68621,,1
ASV286,ASV119,Undirected,68622,,0.6522
ASV286,ASV1198,Undirected,68623,,-0.645341
ASV286,ASV1437,Undirected,68624,,-0.624813
ASV286,ASV1738,Undirected,68625,,-0.691449
ASV286,ASV201,Undirected,68626,,-0.623256
ASV286,ASV2066,Undirected,68627,,-0.641512
ASV286,ASV223,Undirected,68628,,-0.696733
ASV286,ASV286,Undirected,68631,,1
ASV286,ASV490,Undirected,68632,,-1.447369
ASV288,ASV1017,Undirected,68634,,-0.694952
ASV288,ASV1027,Undirected,68636,,0.616391
ASV288,ASV106,Undirected,68637,,-0.605262
ASV288,ASV107,Undirected,68638,,-0.649041
ASV288,ASV1093,Undirected,68640,,0.627282
ASV288,ASV113,Undirected,68643,,-0.669084
ASV288,ASV1136,Undirected,68644,,-0.664704
ASV288,ASV114,Undirected,68645,,-0.678055
ASV288,ASV1162,Undirected,68646,,0.694011
ASV288,ASV1193,Undirected,68648,,0.615233
ASV288,ASV121,Undirected,68649,,-0.661131
ASV288,ASV1210,Undirected,68650,,-0.635368
ASV288,ASV122,Undirected,68651,,-0.703284
ASV288,ASV1221,Undirected,68652,,0.625908
ASV288,ASV1243,Undirected,68653,,0.637215
ASV288,ASV1251,Undirected,68655,,0.622118
ASV288,ASV1273,Undirected,68656,,0.672658
ASV288,ASV1298,Undirected,68658,,0.699499
ASV288,ASV135,Undirected,68660,,-0.693825
ASV288,ASV1358,Undirected,68661,,0.643541
ASV288,ASV139,Undirected,68662,,0.641119
ASV288,ASV140,Undirected,68663,,0.659763
ASV288,ASV1428,Undirected,68664,,0.63709
ASV288,ASV1437,Undirected,68665,,0.674775
ASV288,ASV1468,Undirected,68666,,0.611304
ASV288,ASV149,Undirected,68667,,0.644227
ASV288,ASV1492,Undirected,68668,,0.686722
ASV288,ASV1514,Undirected,68669,,0.659046
ASV288,ASV159,Undirected,68672,,0.662688
ASV288,ASV1615,Undirected,68673,,0.616777
ASV288,ASV165,Undirected,68675,,-0.694795
ASV288,ASV171,Undirected,68676,,-0.691909
ASV288,ASV1781,Undirected,68678,,0.60198
ASV288,ASV179,Undirected,68679,,0.65836
ASV288,ASV191,Undirected,68681,,-0.693961
ASV288,ASV194,Undirected,68682,,-0.7014
ASV288,ASV2026,Undirected,68683,,-0.615528
ASV288,ASV206,Undirected,68684,,-0.662683
ASV288,ASV2155,Undirected,68685,,-0.625331
ASV288,ASV216,Undirected,68686,,-0.696639
ASV288,ASV217,Undirected,68687,,-0.664245
ASV288,ASV219,Undirected,68688,,0.702647
ASV288,ASV22,Undirected,68689,,-0.668944
ASV288,ASV220,Undirected,68690,,-0.680001
ASV288,ASV223,Undirected,68691,,0.668394
ASV288,ASV226,Undirected,68693,,-0.657321
ASV288,ASV229,Undirected,68694,,-0.69741
ASV288,ASV242,Undirected,68697,,0.603109
ASV288,ASV2552,Undirected,68699,,-0.681777
ASV288,ASV263,Undirected,68702,,-0.626425
ASV288,ASV264,Undirected,68703,,0.611832
ASV288,ASV273,Undirected,68705,,-0.621244
ASV288,ASV2744,Undirected,68706,,0.62859
ASV288,ASV283,Undirected,68707,,0.70099
ASV288,ASV288,Undirected,68708,,1
ASV288,ASV31,Undirected,68709,,-1.546916
ASV288,ASV310,Undirected,68710,,1.679294
ASV288,ASV349,Undirected,68711,,1.565716
ASV288,ASV35,Undirected,68712,,1.609734
ASV288,ASV352,Undirected,68713,,1.415477
ASV288,ASV36,Undirected,68714,,-1.644746
ASV288,ASV363,Undirected,68715,,-1.587566
ASV288,ASV4134,Undirected,68716,,1.540849
ASV288,ASV416,Undirected,68717,,1.423236
ASV288,ASV488,Undirected,68718,,1.474473
ASV288,ASV513,Undirected,68719,,1.469917
ASV288,ASV514,Undirected,68720,,-1.549326
ASV288,ASV528,Undirected,68721,,1.678633
ASV288,ASV529,Undirected,68722,,1.523918
ASV288,ASV56,Undirected,68723,,-1.616781
ASV288,ASV579,Undirected,68724,,1.517903
ASV288,ASV59,Undirected,68725,,-1.527165
ASV288,ASV6,Undirected,68726,,1.591314
ASV288,ASV60,Undirected,68727,,-1.502609
ASV288,ASV600,Undirected,68728,,1.740509
ASV288,ASV61,Undirected,68729,,-1.707773
ASV288,ASV653,Undirected,68730,,1.491939
ASV288,ASV655,Undirected,68731,,1.424565
ASV288,ASV681,Undirected,68732,,-1.622015
ASV288,ASV707,Undirected,68733,,1.513015
ASV288,ASV732,Undirected,68734,,-1.54168
ASV288,ASV74,Undirected,68735,,-1.532886
ASV288,ASV781,Undirected,68736,,1.606024
ASV288,ASV80,Undirected,68737,,-1.505179
ASV288,ASV810,Undirected,68738,,-1.743247
ASV288,ASV82,Undirected,68739,,-1.565221
ASV288,ASV83,Undirected,68740,,1.412741
ASV288,ASV850,Undirected,68741,,-1.561104
ASV288,ASV856,Undirected,68742,,1.500262
ASV288,ASV881,Undirected,68743,,1.626247
ASV288,ASV9,Undirected,68744,,-1.41749
ASV288,ASV92,Undirected,68745,,1.677889
ASV288,ASV95,Undirected,68746,,1.601245
ASV288,ASV96,Undirected,68747,,-1.44917
ASV288,ASV983,Undirected,68748,,1.472704
ASV289,ASV1229,Undirected,68749,,-0.609177
ASV289,ASV2530,Undirected,68750,,-0.616206
ASV289,ASV289,Undirected,68751,,1
ASV29,ASV100,Undirected,68752,,-0.67689
ASV29,ASV1017,Undirected,68753,,-0.631696
ASV29,ASV110,Undirected,68755,,-0.686305
ASV29,ASV111,Undirected,68756,,-0.617373
ASV29,ASV114,Undirected,68757,,-0.663049
ASV29,ASV1141,Undirected,68758,,-0.643584
ASV29,ASV115,Undirected,68759,,-0.648215
ASV29,ASV117,Undirected,68761,,-0.65303
ASV29,ASV121,Undirected,68762,,-0.626944
ASV29,ASV122,Undirected,68763,,-0.630986
ASV29,ASV1243,Undirected,68764,,0.678261
ASV29,ASV13,Undirected,68765,,-0.690956
ASV29,ASV135,Undirected,68766,,-0.602074
ASV29,ASV1492,Undirected,68768,,0.605904
ASV29,ASV15,Undirected,68769,,-0.607549
ASV29,ASV154,Undirected,68770,,0.705791
ASV29,ASV158,Undirected,68771,,0.639277
ASV29,ASV165,Undirected,68772,,-0.66601
ASV29,ASV1830,Undirected,68774,,-0.667963
ASV29,ASV184,Undirected,68775,,-0.644227
ASV29,ASV194,Undirected,68777,,-0.606108
ASV29,ASV206,Undirected,68778,,-0.648681
ASV29,ASV224,Undirected,68781,,0.61789
ASV29,ASV2383,Undirected,68783,,0.644298
ASV29,ASV2511,Undirected,68784,,0.684307
ASV29,ASV263,Undirected,68785,,-0.644594
ASV29,ASV273,Undirected,68786,,-0.66477
ASV29,ASV288,Undirected,68788,,0.650441
ASV29,ASV29,Undirected,68789,,1
ASV29,ASV3327,Undirected,68790,,-1.665547
ASV29,ASV3732,Undirected,68791,,1.524845
ASV29,ASV39,Undirected,68792,,1.581179
ASV29,ASV49,Undirected,68793,,1.500001
ASV29,ASV539,Undirected,68794,,1.42488
ASV29,ASV5488,Undirected,68795,,1.467086
ASV29,ASV570,Undirected,68796,,1.412825
ASV29,ASV60,Undirected,68797,,-1.47638
ASV29,ASV61,Undirected,68798,,-1.440248
ASV29,ASV681,Undirected,68799,,-1.587356
ASV29,ASV74,Undirected,68800,,-1.442606
ASV291,ASV1007,Undirected,68801,,-0.604895
ASV291,ASV107,Undirected,68802,,-0.600623
ASV291,ASV108,Undirected,68803,,-0.65698
ASV291,ASV111,Undirected,68804,,-0.629017
ASV291,ASV1123,Undirected,68805,,0.613088
ASV291,ASV113,Undirected,68806,,-0.62539
ASV291,ASV117,Undirected,68807,,-0.63259
ASV291,ASV1186,Undirected,68808,,-0.610495
ASV291,ASV122,Undirected,68809,,-0.640107
ASV291,ASV1221,Undirected,68810,,0.60152
ASV291,ASV1251,Undirected,68812,,0.614001
ASV291,ASV1381,Undirected,68814,,-0.693427
ASV291,ASV1492,Undirected,68817,,0.601972
ASV291,ASV150,Undirected,68818,,-0.695497
ASV291,ASV158,Undirected,68819,,0.642156
ASV291,ASV1615,Undirected,68820,,0.704953
ASV291,ASV164,Undirected,68821,,0.612955
ASV291,ASV171,Undirected,68822,,-0.604048
ASV291,ASV172,Undirected,68823,,-0.651142
ASV291,ASV175,Undirected,68824,,-0.630763
ASV291,ASV187,Undirected,68825,,-0.661659
ASV291,ASV192,Undirected,68826,,0.695837
ASV291,ASV205,Undirected,68828,,0.690872
ASV291,ASV216,Undirected,68829,,-0.657082
ASV291,ASV219,Undirected,68830,,0.681724
ASV291,ASV229,Undirected,68832,,-0.669259
ASV291,ASV2361,Undirected,68833,,-0.666344
ASV291,ASV237,Undirected,68834,,-0.676716
ASV291,ASV24,Undirected,68835,,-0.632126
ASV291,ASV25,Undirected,68836,,-0.612839
ASV291,ASV2583,Undirected,68838,,-0.638442
ASV291,ASV261,Undirected,68840,,0.644376
ASV291,ASV264,Undirected,68841,,0.636552
ASV291,ASV277,Undirected,68843,,0.601871
ASV291,ASV291,Undirected,68844,,1
ASV291,ASV297,Undirected,68845,,1.568536
ASV291,ASV31,Undirected,68846,,-1.500001
ASV291,ASV360,Undirected,68847,,1.50262
ASV291,ASV428,Undirected,68848,,1.420263
ASV291,ASV445,Undirected,68849,,-1.670298
ASV291,ASV4518,Undirected,68850,,1.452374
ASV291,ASV459,Undirected,68851,,1.421433
ASV291,ASV5744,Undirected,68852,,-1.489893
ASV291,ASV672,Undirected,68853,,1.435301
ASV291,ASV783,Undirected,68854,,1.434549
ASV291,ASV798,Undirected,68855,,1.418149
ASV291,ASV85,Undirected,68856,,1.506739
ASV291,ASV95,Undirected,68857,,1.42591
ASV291,ASV96,Undirected,68858,,-1.53918
ASV2915,ASV1007,Undirected,68859,,0.64587
ASV2915,ASV1251,Undirected,68860,,-0.64867
ASV2915,ASV1275,Undirected,68861,,0.646449
ASV2915,ASV1381,Undirected,68862,,0.662864
ASV2915,ASV148,Undirected,68863,,-0.687437
ASV2915,ASV1551,Undirected,68865,,-0.681485
ASV2915,ASV175,Undirected,68867,,0.623384
ASV2915,ASV187,Undirected,68868,,0.663561
ASV2915,ASV1986,Undirected,68869,,-0.610106
ASV2915,ASV20,Undirected,68870,,0.656493
ASV2915,ASV23,Undirected,68871,,0.634955
ASV2915,ASV2361,Undirected,68872,,0.676119
ASV2915,ASV2552,Undirected,68873,,0.700684
ASV2915,ASV289,Undirected,68875,,-0.61071
ASV2915,ASV291,Undirected,68876,,-0.638486
ASV2915,ASV2915,Undirected,68877,,1
ASV2915,ASV322,Undirected,68878,,1.593993
ASV2915,ASV4,Undirected,68879,,1.429165
ASV2915,ASV4277,Undirected,68880,,1.676684
ASV2915,ASV43,Undirected,68881,,1.416756
ASV2915,ASV445,Undirected,68882,,1.471776
ASV2915,ASV48,Undirected,68883,,1.549924
ASV2915,ASV5245,Undirected,68884,,1.797102
ASV2915,ASV547,Undirected,68885,,-1.581239
ASV2915,ASV592,Undirected,68886,,-1.512021
ASV2915,ASV677,Undirected,68887,,1.473439
ASV2915,ASV711,Undirected,68888,,1.553732
ASV293,ASV1069,Undirected,68890,,-0.671007
ASV293,ASV1165,Undirected,68891,,0.688078
ASV293,ASV1269,Undirected,68892,,-0.642533
ASV293,ASV153,Undirected,68893,,0.666496
ASV293,ASV175,Undirected,68894,,0.654067
ASV293,ASV197,Undirected,68895,,0.672022
ASV293,ASV209,Undirected,68896,,0.646785
ASV293,ASV21,Undirected,68897,,0.63035
ASV293,ASV23,Undirected,68899,,0.643895
ASV293,ASV262,Undirected,68901,,0.651971
ASV293,ASV273,Undirected,68902,,0.699327
ASV293,ASV293,Undirected,68903,,1
ASV293,ASV403,Undirected,68904,,1.698967
ASV293,ASV57,Undirected,68905,,1.505703
ASV293,ASV73,Undirected,68906,,1.448598
ASV2940,ASV2940,Undirected,68907,,1
ASV295,ASV1120,Undirected,68909,,0.624058
ASV295,ASV1141,Undirected,68910,,-0.61889
ASV295,ASV117,Undirected,68911,,-0.618653
ASV295,ASV122,Undirected,68912,,-0.609991
ASV295,ASV1221,Undirected,68913,,0.666209
ASV295,ASV125,Undirected,68914,,0.694099
ASV295,ASV1298,Undirected,68915,,0.631605
ASV295,ASV149,Undirected,68919,,0.636317
ASV295,ASV1513,Undirected,68920,,0.603753
ASV295,ASV1546,Undirected,68921,,0.662688
ASV295,ASV159,Undirected,68923,,0.688959
ASV295,ASV170,Undirected,68926,,-0.676166
ASV295,ASV1740,Undirected,68927,,0.613952
ASV295,ASV1985,Undirected,68928,,0.682548
ASV295,ASV214,Undirected,68929,,0.628632
ASV295,ASV216,Undirected,68930,,-0.660256
ASV295,ASV223,Undirected,68932,,0.630435
ASV295,ASV228,Undirected,68934,,0.635093
ASV295,ASV229,Undirected,68935,,-0.645445
ASV295,ASV2290,Undirected,68936,,0.621237
ASV295,ASV233,Undirected,68937,,0.625652
ASV295,ASV264,Undirected,68940,,0.695698
ASV295,ASV270,Undirected,68941,,0.630134
ASV295,ASV277,Undirected,68944,,0.683448
ASV295,ASV291,Undirected,68945,,0.701401
ASV295,ASV295,Undirected,68946,,1
ASV295,ASV31,Undirected,68947,,-1.433454
ASV295,ASV36,Undirected,68948,,-1.474392
ASV295,ASV437,Undirected,68949,,1.419819
ASV295,ASV463,Undirected,68950,,-1.420726
ASV295,ASV529,Undirected,68951,,1.427602
ASV295,ASV707,Undirected,68952,,1.493776
ASV295,ASV783,Undirected,68953,,1.511488
ASV295,ASV79,Undirected,68954,,-1.492754
ASV295,ASV80,Undirected,68955,,-1.549122
ASV295,ASV828,Undirected,68956,,1.518675
ASV295,ASV85,Undirected,68957,,1.460942
ASV295,ASV856,Undirected,68958,,1.469647
ASV295,ASV927,Undirected,68959,,-1.456836
ASV295,ASV95,Undirected,68960,,1.479566
ASV295,ASV96,Undirected,68961,,-1.56684
ASV297,ASV107,Undirected,68963,,-0.61375
ASV297,ASV113,Undirected,68964,,-0.629235
ASV297,ASV117,Undirected,68965,,-0.641672
ASV297,ASV122,Undirected,68966,,-0.656038
ASV297,ASV1358,Undirected,68967,,0.62736
ASV297,ASV140,Undirected,68969,,0.654717
ASV297,ASV1468,Undirected,68970,,0.647281
ASV297,ASV1492,Undirected,68971,,0.606255
ASV297,ASV150,Undirected,68972,,-0.623193
ASV297,ASV158,Undirected,68973,,0.62995
ASV297,ASV1615,Undirected,68974,,0.614072
ASV297,ASV216,Undirected,68978,,-0.702183
ASV297,ASV219,Undirected,68979,,0.651385
ASV297,ASV229,Undirected,68980,,-0.631122
ASV297,ASV245,Undirected,68981,,0.679678
ASV297,ASV260,Undirected,68982,,0.646545
ASV297,ASV261,Undirected,68983,,0.650373
ASV297,ASV264,Undirected,68984,,0.679525
ASV297,ASV276,Undirected,68985,,-0.643903
ASV297,ASV277,Undirected,68986,,0.645803
ASV297,ASV295,Undirected,68988,,0.668063
ASV297,ASV297,Undirected,68989,,1
ASV297,ASV3072,Undirected,68990,,-1.435018
ASV297,ASV330,Undirected,68991,,-1.484164
ASV297,ASV384,Undirected,68992,,1.440669
ASV297,ASV4509,Undirected,68993,,-1.450765
ASV297,ASV459,Undirected,68994,,1.639417
ASV297,ASV531,Undirected,68995,,1.466679
ASV297,ASV5744,Undirected,68996,,-1.44643
ASV297,ASV660,Undirected,68997,,1.573323
ASV297,ASV96,Undirected,68998,,-1.591681
ASV2974,ASV100,Undirected,68999,,-0.619829
ASV2974,ASV108,Undirected,69000,,-0.655012
ASV2974,ASV1514,Undirected,69001,,0.60016
ASV2974,ASV201,Undirected,69002,,0.651723
ASV2974,ASV270,Undirected,69003,,0.616361
ASV2974,ASV295,Undirected,69004,,0.647023
ASV2974,ASV2974,Undirected,69005,,1
ASV2974,ASV414,Undirected,69006,,-1.465901
ASV2974,ASV502,Undirected,69007,,1.425337
ASV2974,ASV86,Undirected,69008,,-1.759329
ASV298,ASV1162,Undirected,69009,,0.661291
ASV298,ASV1186,Undirected,69010,,-0.61253
ASV298,ASV1221,Undirected,69011,,0.684413
ASV298,ASV1247,Undirected,69012,,0.66495
ASV298,ASV125,Undirected,69013,,0.68203
ASV298,ASV139,Undirected,69014,,0.632506
ASV298,ASV140,Undirected,69015,,0.643375
ASV298,ASV1430,Undirected,69016,,0.602825
ASV298,ASV157,Undirected,69018,,0.617739
ASV298,ASV1647,Undirected,69020,,0.674026
ASV298,ASV192,Undirected,69021,,0.617071
ASV298,ASV260,Undirected,69023,,0.609326
ASV298,ASV264,Undirected,69024,,0.656639
ASV298,ASV271,Undirected,69025,,0.636223
ASV298,ASV298,Undirected,69026,,1
ASV298,ASV3189,Undirected,69027,,1.531608
ASV298,ASV369,Undirected,69028,,1.48601
ASV298,ASV45,Undirected,69029,,-1.44456
ASV298,ASV966,Undirected,69030,,1.467952
ASV3,ASV103,Undirected,69032,,0.613875
ASV3,ASV134,Undirected,69033,,-0.67597
ASV3,ASV20,Undirected,69034,,0.635003
ASV3,ASV2291,Undirected,69035,,0.610368
ASV3,ASV27,Undirected,69036,,0.686275
ASV3,ASV280,Undirected,69038,,0.675271
ASV3,ASV3,Undirected,69039,,1
ASV3,ASV30,Undirected,69040,,1.673891
ASV3,ASV4085,Undirected,69041,,1.763734
ASV3,ASV49,Undirected,69042,,1.550052
ASV3,ASV547,Undirected,69043,,-1.421219
ASV3,ASV75,Undirected,69044,,-1.448541
ASV3,ASV860,Undirected,69045,,1.509324
ASV30,ASV1,Undirected,69046,,0.642931
ASV30,ASV115,Undirected,69048,,-0.619122
ASV30,ASV1588,Undirected,69050,,0.647832
ASV30,ASV201,Undirected,69052,,0.653231
ASV30,ASV217,Undirected,69053,,-0.606628
ASV30,ASV220,Undirected,69054,,-0.666327
ASV30,ASV221,Undirected,69055,,-0.694668
ASV30,ASV2291,Undirected,69056,,0.674617
ASV30,ASV266,Undirected,69057,,0.607663
ASV30,ASV280,Undirected,69060,,0.619515
ASV30,ASV29,Undirected,69061,,0.67562
ASV30,ASV30,Undirected,69063,,1
ASV30,ASV39,Undirected,69064,,1.506199
ASV30,ASV393,Undirected,69065,,-1.429373
ASV30,ASV4085,Undirected,69066,,1.511772
ASV30,ASV49,Undirected,69067,,1.566563
ASV30,ASV771,Undirected,69068,,-1.486281
ASV30,ASV860,Undirected,69069,,1.629407
ASV302,ASV1251,Undirected,69070,,0.641292
ASV302,ASV139,Undirected,69071,,0.612319
ASV302,ASV1437,Undirected,69072,,0.635221
ASV302,ASV302,Undirected,69073,,1
ASV302,ASV414,Undirected,69074,,-1.444258
ASV302,ASV838,Undirected,69075,,-1.426943
ASV305,ASV1073,Undirected,69076,,0.617937
ASV305,ASV1338,Undirected,69077,,0.605619
ASV305,ASV1830,Undirected,69078,,0.623524
ASV305,ASV239,Undirected,69080,,0.61371
ASV305,ASV2850,Undirected,69081,,0.696559
ASV305,ASV305,Undirected,69082,,1
ASV306,ASV1059,Undirected,69083,,0.705331
ASV306,ASV1123,Undirected,69084,,-0.634387
ASV306,ASV113,Undirected,69085,,0.605405
ASV306,ASV1141,Undirected,69086,,0.644693
ASV306,ASV125,Undirected,69087,,-0.626498
ASV306,ASV146,Undirected,69090,,0.64159
ASV306,ASV1468,Undirected,69091,,-0.609717
ASV306,ASV150,Undirected,69093,,0.630002
ASV306,ASV159,Undirected,69094,,-0.691469
ASV306,ASV1615,Undirected,69095,,-0.668992
ASV306,ASV164,Undirected,69096,,-0.612155
ASV306,ASV1730,Undirected,69097,,-0.689908
ASV306,ASV1946,Undirected,69098,,0.644865
ASV306,ASV2,Undirected,69099,,0.634863
ASV306,ASV2017,Undirected,69100,,-0.649541
ASV306,ASV207,Undirected,69101,,-0.632517
ASV306,ASV229,Undirected,69102,,0.624939
ASV306,ASV2290,Undirected,69103,,-0.618139
ASV306,ASV24,Undirected,69104,,0.614751
ASV306,ASV242,Undirected,69105,,-0.663381
ASV306,ASV243,Undirected,69106,,-0.674167
ASV306,ASV245,Undirected,69107,,-0.604367
ASV306,ASV25,Undirected,69108,,0.603743
ASV306,ASV260,Undirected,69109,,-0.654369
ASV306,ASV261,Undirected,69110,,-0.641563
ASV306,ASV291,Undirected,69111,,-0.687827
ASV306,ASV295,Undirected,69112,,-0.61403
ASV306,ASV306,Undirected,69113,,1
ASV306,ASV330,Undirected,69114,,1.519224
ASV306,ASV360,Undirected,69115,,-1.504705
ASV306,ASV437,Undirected,69116,,-1.45322
ASV306,ASV468,Undirected,69117,,-1.430063
ASV306,ASV5687,Undirected,69118,,1.46451
ASV306,ASV5744,Undirected,69119,,1.625985
ASV306,ASV585,Undirected,69120,,-1.566827
ASV306,ASV719,Undirected,69121,,1.465276
ASV306,ASV748,Undirected,69122,,-1.472942
ASV306,ASV76,Undirected,69123,,-1.432142
ASV307,ASV1007,Undirected,69124,,0.689747
ASV307,ASV1026,Undirected,69125,,-0.640675
ASV307,ASV103,Undirected,69126,,0.645379
ASV307,ASV111,Undirected,69127,,0.644043
ASV307,ASV113,Undirected,69128,,0.621245
ASV307,ASV1196,Undirected,69130,,0.608181
ASV307,ASV121,Undirected,69131,,0.603842
ASV307,ASV123,Undirected,69134,,0.647373
ASV307,ASV1251,Undirected,69135,,-0.618748
ASV307,ASV1295,Undirected,69136,,-0.601989
ASV307,ASV13,Undirected,69137,,0.622477
ASV307,ASV1358,Undirected,69138,,-0.685651
ASV307,ASV1492,Undirected,69139,,-0.634146
ASV307,ASV1499,Undirected,69140,,-0.606575
ASV307,ASV1561,Undirected,69141,,0.625153
ASV307,ASV158,Undirected,69142,,-0.693943
ASV307,ASV159,Undirected,69143,,-0.609034
ASV307,ASV1615,Undirected,69144,,-0.657606
ASV307,ASV1838,Undirected,69146,,-0.605663
ASV307,ASV231,Undirected,69148,,-0.680479
ASV307,ASV237,Undirected,69149,,0.689709
ASV307,ASV25,Undirected,69150,,0.683233
ASV307,ASV260,Undirected,69151,,-0.659233
ASV307,ASV271,Undirected,69152,,-0.645195
ASV307,ASV276,Undirected,69153,,0.672727
ASV307,ASV288,Undirected,69154,,-0.605086
ASV307,ASV307,Undirected,69155,,1
ASV307,ASV36,Undirected,69156,,1.516065
ASV307,ASV363,Undirected,69157,,1.417316
ASV307,ASV404,Undirected,69158,,1.504174
ASV307,ASV483,Undirected,69159,,1.450049
ASV307,ASV5,Undirected,69160,,1.451353
ASV307,ASV514,Undirected,69161,,1.485714
ASV307,ASV529,Undirected,69162,,-1.416736
ASV307,ASV56,Undirected,69163,,1.413475
ASV307,ASV732,Undirected,69164,,1.541438
ASV307,ASV741,Undirected,69165,,-1.453248
ASV307,ASV856,Undirected,69166,,-1.413722
ASV307,ASV881,Undirected,69167,,-1.463549
ASV307,ASV92,Undirected,69168,,-1.432127
ASV3072,ASV1026,Undirected,69169,,-0.656396
ASV3072,ASV111,Undirected,69170,,0.606614
ASV3072,ASV1123,Undirected,69171,,-0.636948
ASV3072,ASV1136,Undirected,69172,,0.628444
ASV3072,ASV140,Undirected,69175,,-0.658174
ASV3072,ASV1468,Undirected,69176,,-0.661838
ASV3072,ASV1492,Undirected,69177,,-0.695029
ASV3072,ASV154,Undirected,69178,,-0.67501
ASV3072,ASV1551,Undirected,69179,,-0.603
ASV3072,ASV159,Undirected,69180,,-0.630543
ASV3072,ASV180,Undirected,69182,,0.675189
ASV3072,ASV207,Undirected,69183,,-0.656817
ASV3072,ASV2124,Undirected,69184,,0.694169
ASV3072,ASV219,Undirected,69185,,-0.648995
ASV3072,ASV228,Undirected,69186,,-0.612192
ASV3072,ASV231,Undirected,69187,,-0.662566
ASV3072,ASV241,Undirected,69188,,-0.642372
ASV3072,ASV25,Undirected,69189,,0.608616
ASV3072,ASV260,Undirected,69192,,-0.616196
ASV3072,ASV291,Undirected,69193,,-0.696444
ASV3072,ASV3072,Undirected,69195,,1
ASV3072,ASV360,Undirected,69196,,-1.490828
ASV3072,ASV445,Undirected,69197,,1.471788
ASV3072,ASV514,Undirected,69198,,1.46535
ASV3072,ASV556,Undirected,69199,,-1.433391
ASV3072,ASV5744,Undirected,69200,,1.470735
ASV3072,ASV6,Undirected,69201,,-1.547293
ASV3072,ASV757,Undirected,69202,,-1.48899
ASV3072,ASV881,Undirected,69203,,-1.589753
ASV308,ASV199,Undirected,69205,,-0.616434
ASV308,ASV274,Undirected,69206,,-0.614377
ASV308,ASV2850,Undirected,69207,,-0.644015
ASV308,ASV308,Undirected,69208,,1
ASV3089,ASV107,Undirected,69209,,-0.622079
ASV3089,ASV1217,Undirected,69211,,0.625916
ASV3089,ASV122,Undirected,69212,,-0.613173
ASV3089,ASV170,Undirected,69213,,-0.619797
ASV3089,ASV180,Undirected,69214,,-0.618504
ASV3089,ASV2383,Undirected,69215,,0.614056
ASV3089,ASV24,Undirected,69216,,-0.604274
ASV3089,ASV276,Undirected,69217,,-0.675186
ASV3089,ASV297,Undirected,69218,,0.691423
ASV3089,ASV3089,Undirected,69219,,1
ASV3089,ASV568,Undirected,69220,,1.471652
ASV3089,ASV603,Undirected,69221,,1.53592
ASV3089,ASV798,Undirected,69222,,1.56514
ASV309,ASV2486,Undirected,69224,,0.649559
ASV309,ASV251,Undirected,69225,,-0.644375
ASV309,ASV280,Undirected,69226,,0.608382
ASV309,ASV309,Undirected,69227,,1
ASV309,ASV336,Undirected,69228,,1.425169
ASV31,ASV100,Undirected,69229,,0.685392
ASV31,ASV102,Undirected,69232,,0.648004
ASV31,ASV1030,Undirected,69233,,-0.623444
ASV31,ASV106,Undirected,69234,,0.625881
ASV31,ASV1069,Undirected,69235,,-0.674991
ASV31,ASV1093,Undirected,69238,,-0.643086
ASV31,ASV1120,Undirected,69240,,-0.637576
ASV31,ASV1141,Undirected,69243,,0.705285
ASV31,ASV1162,Undirected,69244,,-0.637804
ASV31,ASV1165,Undirected,69245,,0.662739
ASV31,ASV1193,Undirected,69247,,-0.643054
ASV31,ASV12,Undirected,69248,,0.619617
ASV31,ASV123,Undirected,69251,,0.660772
ASV31,ASV1273,Undirected,69254,,-0.627209
ASV31,ASV1295,Undirected,69255,,-0.668067
ASV31,ASV135,Undirected,69258,,0.609959
ASV31,ASV139,Undirected,69260,,-0.649069
ASV31,ASV1428,Undirected,69263,,-0.700436
ASV31,ASV1468,Undirected,69264,,-0.699176
ASV31,ASV1499,Undirected,69267,,-0.632749
ASV31,ASV153,Undirected,69269,,0.644595
ASV31,ASV154,Undirected,69270,,-0.643893
ASV31,ASV1546,Undirected,69271,,-0.620909
ASV31,ASV169,Undirected,69277,,0.606847
ASV31,ASV171,Undirected,69279,,0.699845
ASV31,ASV172,Undirected,69280,,0.698037
ASV31,ASV1738,Undirected,69282,,-0.601772
ASV31,ASV179,Undirected,69285,,-0.66217
ASV31,ASV18,Undirected,69286,,-0.673218
ASV31,ASV180,Undirected,69287,,0.660071
ASV31,ASV1838,Undirected,69288,,-0.642884
ASV31,ASV191,Undirected,69291,,0.689954
ASV31,ASV196,Undirected,69294,,0.679089
ASV31,ASV2,Undirected,69296,,0.625648
ASV31,ASV2026,Undirected,69298,,0.626777
ASV31,ASV205,Undirected,69299,,-0.684974
ASV31,ASV207,Undirected,69300,,-0.615956
ASV31,ASV214,Undirected,69301,,-0.689155
ASV31,ASV2213,Undirected,69305,,-0.638316
ASV31,ASV226,Undirected,69307,,0.645564
ASV31,ASV227,Undirected,69308,,0.627594
ASV31,ASV228,Undirected,69309,,-0.610047
ASV31,ASV235,Undirected,69313,,-0.613872
ASV31,ASV242,Undirected,69317,,-0.680477
ASV31,ASV264,Undirected,69324,,-0.68776
ASV31,ASV29,Undirected,69331,,-0.60352
ASV31,ASV297,Undirected,69334,,-0.689232
ASV31,ASV307,Undirected,69335,,0.628631
ASV31,ASV3072,Undirected,69336,,0.603556
ASV31,ASV31,Undirected,69337,,1
ASV31,ASV310,Undirected,69338,,-1.628632
ASV31,ASV32,Undirected,69339,,1.735267
ASV31,ASV3327,Undirected,69340,,1.425502
ASV31,ASV334,Undirected,69341,,-1.423097
ASV31,ASV335,Undirected,69342,,-1.416546
ASV31,ASV34,Undirected,69343,,1.413349
ASV31,ASV344,Undirected,69344,,1.527951
ASV31,ASV349,Undirected,69345,,-1.49533
ASV31,ASV35,Undirected,69346,,-1.483706
ASV31,ASV36,Undirected,69347,,1.728779
ASV31,ASV360,Undirected,69348,,-1.520854
ASV31,ASV363,Undirected,69349,,1.75246
ASV31,ASV369,Undirected,69350,,-1.417617
ASV31,ASV37,Undirected,69351,,1.74858
ASV31,ASV374,Undirected,69352,,1.590462
ASV31,ASV3752,Undirected,69353,,-1.42312
ASV31,ASV38,Undirected,69354,,1.57808
ASV31,ASV4,Undirected,69355,,1.590489
ASV31,ASV404,Undirected,69356,,1.598349
ASV31,ASV416,Undirected,69357,,-1.426646
ASV31,ASV435,Undirected,69358,,-1.438725
ASV31,ASV436,Undirected,69359,,-1.493777
ASV31,ASV437,Undirected,69360,,-1.5821
ASV31,ASV440,Undirected,69361,,-1.690554
ASV31,ASV445,Undirected,69362,,1.646815
ASV31,ASV447,Undirected,69363,,-1.485757
ASV31,ASV451,Undirected,69364,,1.573057
ASV31,ASV452,Undirected,69365,,1.422988
ASV31,ASV459,Undirected,69366,,-1.594194
ASV31,ASV463,Undirected,69367,,1.530327
ASV31,ASV48,Undirected,69368,,1.496122
ASV31,ASV483,Undirected,69369,,1.46226
ASV31,ASV5,Undirected,69370,,1.842817
ASV31,ASV501,Undirected,69371,,-1.628632
ASV31,ASV514,Undirected,69372,,1.747797
ASV31,ASV516,Undirected,69373,,1.51015
ASV31,ASV529,Undirected,69374,,-1.529665
ASV31,ASV531,Undirected,69375,,-1.445309
ASV31,ASV56,Undirected,69376,,1.701864
ASV31,ASV5638,Undirected,69377,,-1.42486
ASV31,ASV5687,Undirected,69378,,1.427692
ASV31,ASV57,Undirected,69379,,1.660456
ASV31,ASV571,Undirected,69380,,1.512318
ASV31,ASV5744,Undirected,69381,,1.638529
ASV31,ASV59,Undirected,69382,,1.83868
ASV31,ASV6,Undirected,69383,,-1.693902
ASV31,ASV61,Undirected,69384,,1.771103
ASV31,ASV637,Undirected,69385,,1.662343
ASV31,ASV655,Undirected,69386,,-1.624556
ASV31,ASV660,Undirected,69387,,-1.491698
ASV31,ASV68,Undirected,69388,,1.426053
ASV31,ASV681,Undirected,69389,,1.766479
ASV31,ASV71,Undirected,69390,,1.67322
ASV31,ASV732,Undirected,69391,,1.526305
ASV31,ASV733,Undirected,69392,,1.589194
ASV31,ASV74,Undirected,69393,,1.772258
ASV31,ASV781,Undirected,69394,,-1.413997
ASV31,ASV79,Undirected,69395,,1.824961
ASV31,ASV80,Undirected,69396,,1.769273
ASV31,ASV810,Undirected,69397,,1.751694
ASV31,ASV82,Undirected,69398,,1.893432
ASV31,ASV828,Undirected,69399,,-1.760251
ASV31,ASV85,Undirected,69400,,-1.567289
ASV31,ASV850,Undirected,69401,,1.41369
ASV31,ASV856,Undirected,69402,,-1.676016
ASV31,ASV87,Undirected,69403,,1.764223
ASV31,ASV881,Undirected,69404,,-1.483884
ASV31,ASV9,Undirected,69405,,1.859363
ASV31,ASV90,Undirected,69406,,1.621119
ASV31,ASV92,Undirected,69407,,-1.579711
ASV31,ASV922,Undirected,69408,,-1.49559
ASV31,ASV95,Undirected,69409,,-1.741202
ASV31,ASV955,Undirected,69410,,-1.487017
ASV31,ASV96,Undirected,69411,,1.789528
ASV31,ASV983,Undirected,69412,,-1.478178
ASV310,ASV1038,Undirected,69413,,0.672806
ASV310,ASV107,Undirected,69414,,-0.603216
ASV310,ASV1136,Undirected,69419,,-0.602468
ASV310,ASV117,Undirected,69420,,-0.698495
ASV310,ASV1193,Undirected,69421,,0.624942
ASV310,ASV121,Undirected,69422,,-0.678089
ASV310,ASV1221,Undirected,69424,,0.697216
ASV310,ASV1243,Undirected,69425,,0.686948
ASV310,ASV1251,Undirected,69427,,0.613473
ASV310,ASV1273,Undirected,69428,,0.679831
ASV310,ASV13,Undirected,69430,,-0.647335
ASV310,ASV135,Undirected,69431,,-0.684839
ASV310,ASV1358,Undirected,69432,,0.648575
ASV310,ASV140,Undirected,69434,,0.693784
ASV310,ASV142,Undirected,69435,,0.674613
ASV310,ASV1428,Undirected,69436,,0.699596
ASV310,ASV1437,Undirected,69437,,0.658685
ASV310,ASV1468,Undirected,69438,,0.645982
ASV310,ASV149,Undirected,69439,,0.66995
ASV310,ASV154,Undirected,69441,,0.663214
ASV310,ASV171,Undirected,69447,,-0.6274
ASV310,ASV1740,Undirected,69449,,0.659723
ASV310,ASV178,Undirected,69450,,0.61595
ASV310,ASV1781,Undirected,69451,,0.680898
ASV310,ASV179,Undirected,69452,,0.657143
ASV310,ASV192,Undirected,69453,,0.633857
ASV310,ASV194,Undirected,69454,,-0.690872
ASV310,ASV20,Undirected,69455,,-0.659764
ASV310,ASV2017,Undirected,69456,,0.692694
ASV310,ASV205,Undirected,69457,,0.641598
ASV310,ASV2066,Undirected,69458,,0.665486
ASV310,ASV214,Undirected,69459,,0.626494
ASV310,ASV2155,Undirected,69460,,-0.60143
ASV310,ASV216,Undirected,69461,,-0.700677
ASV310,ASV22,Undirected,69463,,-0.689975
ASV310,ASV228,Undirected,69466,,0.64956
ASV310,ASV229,Undirected,69467,,-0.671852
ASV310,ASV231,Undirected,69468,,0.699122
ASV310,ASV233,Undirected,69469,,0.671348
ASV310,ASV24,Undirected,69472,,-0.665286
ASV310,ASV241,Undirected,69473,,0.665455
ASV310,ASV244,Undirected,69475,,-0.654046
ASV310,ASV2552,Undirected,69477,,-0.647738
ASV310,ASV269,Undirected,69481,,0.620836
ASV310,ASV270,Undirected,69482,,0.634757
ASV310,ASV273,Undirected,69484,,-0.629861
ASV310,ASV277,Undirected,69486,,0.673077
ASV310,ASV283,Undirected,69487,,0.669096
ASV310,ASV291,Undirected,69489,,0.687954
ASV310,ASV295,Undirected,69490,,0.705029
ASV310,ASV310,Undirected,69492,,1
ASV310,ASV332,Undirected,69493,,1.516598
ASV310,ASV3327,Undirected,69494,,-1.503465
ASV310,ASV334,Undirected,69495,,1.432868
ASV310,ASV344,Undirected,69496,,-1.537827
ASV310,ASV349,Undirected,69497,,1.754679
ASV310,ASV35,Undirected,69498,,1.730715
ASV310,ASV352,Undirected,69499,,1.638669
ASV310,ASV36,Undirected,69500,,-1.689123
ASV310,ASV3752,Undirected,69501,,1.45529
ASV310,ASV384,Undirected,69502,,1.497924
ASV310,ASV398,Undirected,69503,,1.598549
ASV310,ASV416,Undirected,69504,,1.590037
ASV310,ASV430,Undirected,69505,,1.46334
ASV310,ASV435,Undirected,69506,,1.516188
ASV310,ASV459,Undirected,69507,,1.429789
ASV310,ASV501,Undirected,69508,,1.50675
ASV310,ASV514,Undirected,69509,,-1.485714
ASV310,ASV528,Undirected,69510,,1.646205
ASV310,ASV531,Undirected,69511,,1.467566
ASV310,ASV56,Undirected,69512,,-1.445599
ASV310,ASV5744,Undirected,69513,,-1.459826
ASV310,ASV579,Undirected,69514,,1.46625
ASV310,ASV59,Undirected,69515,,-1.43479
ASV310,ASV6,Undirected,69516,,1.600422
ASV310,ASV61,Undirected,69517,,-1.595647
ASV310,ASV653,Undirected,69518,,1.539687
ASV310,ASV655,Undirected,69519,,1.502348
ASV310,ASV681,Undirected,69520,,-1.416104
ASV310,ASV707,Undirected,69521,,1.538787
ASV310,ASV708,Undirected,69522,,1.625474
ASV310,ASV732,Undirected,69523,,-1.464314
ASV310,ASV74,Undirected,69524,,-1.507775
ASV310,ASV775,Undirected,69525,,1.425753
ASV310,ASV79,Undirected,69526,,-1.475378
ASV310,ASV80,Undirected,69527,,-1.589855
ASV310,ASV810,Undirected,69528,,-1.514302
ASV310,ASV82,Undirected,69529,,-1.545318
ASV310,ASV828,Undirected,69530,,1.543896
ASV310,ASV856,Undirected,69531,,1.538462
ASV310,ASV87,Undirected,69532,,-1.463775
ASV310,ASV876,Undirected,69533,,1.591525
ASV310,ASV881,Undirected,69534,,1.447924
ASV310,ASV9,Undirected,69535,,-1.511395
ASV310,ASV92,Undirected,69536,,1.665289
ASV310,ASV927,Undirected,69537,,-1.690475
ASV310,ASV95,Undirected,69538,,1.802076
ASV310,ASV96,Undirected,69539,,-1.569279
ASV310,ASV983,Undirected,69540,,1.539025
ASV310,ASV995,Undirected,69541,,1.712215
ASV3107,ASV119,Undirected,69542,,0.641869
ASV3107,ASV2187,Undirected,69544,,-0.644478
ASV3107,ASV3107,Undirected,69545,,1
ASV311,ASV155,Undirected,69546,,0.695065
ASV311,ASV1595,Undirected,69547,,0.682131
ASV311,ASV1712,Undirected,69548,,-0.658151
ASV311,ASV311,Undirected,69549,,1
ASV314,ASV1070,Undirected,69550,,-0.613145
ASV314,ASV1381,Undirected,69551,,0.676131
ASV314,ASV1432,Undirected,69552,,0.682332
ASV314,ASV1450,Undirected,69553,,-0.615927
ASV314,ASV1551,Undirected,69554,,-0.615664
ASV314,ASV2361,Undirected,69556,,0.634913
ASV314,ASV2400,Undirected,69557,,0.641887
ASV314,ASV306,Undirected,69559,,0.630074
ASV314,ASV314,Undirected,69560,,1
ASV314,ASV322,Undirected,69561,,1.441163
ASV314,ASV407,Undirected,69562,,1.553943
ASV316,ASV280,Undirected,69563,,0.601345
ASV316,ASV30,Undirected,69564,,0.633592
ASV316,ASV316,Undirected,69565,,1
ASV316,ASV336,Undirected,69566,,1.49793
ASV317,ASV1166,Undirected,69567,,-0.62921
ASV317,ASV1275,Undirected,69568,,0.635563
ASV317,ASV148,Undirected,69569,,-0.600209
ASV317,ASV150,Undirected,69570,,0.624419
ASV317,ASV172,Undirected,69571,,0.650467
ASV317,ASV23,Undirected,69572,,0.653569
ASV317,ASV262,Undirected,69573,,0.635233
ASV317,ASV2915,Undirected,69574,,0.626425
ASV317,ASV317,Undirected,69575,,1
ASV3189,ASV1247,Undirected,69576,,0.683805
ASV3189,ASV176,Undirected,69577,,0.627206
ASV3189,ASV2572,Undirected,69578,,-0.627206
ASV3189,ASV3189,Undirected,69580,,1
ASV319,ASV1780,Undirected,69581,,0.704666
ASV319,ASV2623,Undirected,69582,,-0.690229
ASV319,ASV319,Undirected,69583,,1
ASV32,ASV1017,Undirected,69586,,0.659751
ASV32,ASV102,Undirected,69587,,0.662185
ASV32,ASV1059,Undirected,69589,,0.624757
ASV32,ASV106,Undirected,69590,,0.703967
ASV32,ASV107,Undirected,69592,,0.681491
ASV32,ASV108,Undirected,69593,,0.703572
ASV32,ASV114,Undirected,69596,,0.636035
ASV32,ASV1141,Undirected,69597,,0.703828
ASV32,ASV1149,Undirected,69598,,-0.619493
ASV32,ASV12,Undirected,69601,,0.648373
ASV32,ASV123,Undirected,69604,,0.635485
ASV32,ASV127,Undirected,69606,,0.606681
ASV32,ASV1273,Undirected,69607,,-0.613353
ASV32,ASV1298,Undirected,69608,,-0.682548
ASV32,ASV139,Undirected,69610,,-0.627066
ASV32,ASV1428,Undirected,69612,,-0.68128
ASV32,ASV158,Undirected,69616,,-0.690759
ASV32,ASV165,Undirected,69620,,0.625633
ASV32,ASV169,Undirected,69621,,0.669775
ASV32,ASV170,Undirected,69622,,0.652873
ASV32,ASV172,Undirected,69624,,0.620227
ASV32,ASV1781,Undirected,69627,,-0.669445
ASV32,ASV18,Undirected,69628,,-0.663571
ASV32,ASV183,Undirected,69629,,-0.614437
ASV32,ASV191,Undirected,69632,,0.620924
ASV32,ASV196,Undirected,69635,,0.602273
ASV32,ASV2026,Undirected,69639,,0.683202
ASV32,ASV205,Undirected,69640,,-0.623579
ASV32,ASV219,Undirected,69642,,-0.61491
ASV32,ASV226,Undirected,69646,,0.669088
ASV32,ASV227,Undirected,69647,,0.670811
ASV32,ASV231,Undirected,69649,,-0.692824
ASV32,ASV235,Undirected,69651,,-0.661157
ASV32,ASV243,Undirected,69656,,-0.619168
ASV32,ASV247,Undirected,69658,,0.611323
ASV32,ASV2511,Undirected,69660,,-0.6883
ASV32,ASV266,Undirected,69664,,-0.625262
ASV32,ASV288,Undirected,69670,,-0.641492
ASV32,ASV295,Undirected,69671,,-0.625324
ASV32,ASV306,Undirected,69672,,0.700217
ASV32,ASV310,Undirected,69674,,-0.638719
ASV32,ASV32,Undirected,69675,,1
ASV32,ASV34,Undirected,69676,,1.453795
ASV32,ASV344,Undirected,69677,,1.483472
ASV32,ASV36,Undirected,69678,,1.559918
ASV32,ASV360,Undirected,69679,,-1.428312
ASV32,ASV363,Undirected,69680,,1.52765
ASV32,ASV37,Undirected,69681,,1.618999
ASV32,ASV374,Undirected,69682,,1.442322
ASV32,ASV38,Undirected,69683,,1.649123
ASV32,ASV4,Undirected,69684,,1.521156
ASV32,ASV404,Undirected,69685,,1.561816
ASV32,ASV436,Undirected,69686,,-1.482409
ASV32,ASV437,Undirected,69687,,-1.510186
ASV32,ASV451,Undirected,69688,,1.540851
ASV32,ASV459,Undirected,69689,,-1.507607
ASV32,ASV463,Undirected,69690,,1.777554
ASV32,ASV468,Undirected,69691,,-1.49951
ASV32,ASV48,Undirected,69692,,1.45173
ASV32,ASV5,Undirected,69693,,1.748194
ASV32,ASV501,Undirected,69694,,-1.612844
ASV32,ASV551,Undirected,69695,,1.413619
ASV32,ASV56,Undirected,69696,,1.580579
ASV32,ASV5687,Undirected,69697,,1.518202
ASV32,ASV57,Undirected,69698,,1.733472
ASV32,ASV5744,Undirected,69699,,1.604136
ASV32,ASV59,Undirected,69700,,1.834881
ASV32,ASV6,Undirected,69701,,-1.517028
ASV32,ASV61,Undirected,69702,,1.624808
ASV32,ASV641,Undirected,69703,,1.478238
ASV32,ASV655,Undirected,69704,,-1.54647
ASV32,ASV681,Undirected,69705,,1.54118
ASV32,ASV71,Undirected,69706,,1.855521
ASV32,ASV733,Undirected,69707,,1.4925
ASV32,ASV74,Undirected,69708,,1.780993
ASV32,ASV752,Undirected,69709,,-1.500294
ASV32,ASV79,Undirected,69710,,1.752974
ASV32,ASV80,Undirected,69711,,1.649974
ASV32,ASV810,Undirected,69712,,1.590479
ASV32,ASV82,Undirected,69713,,1.730511
ASV32,ASV828,Undirected,69714,,-1.611611
ASV32,ASV85,Undirected,69715,,-1.539257
ASV32,ASV856,Undirected,69716,,-1.591724
ASV32,ASV87,Undirected,69717,,1.739938
ASV32,ASV9,Undirected,69718,,1.73581
ASV32,ASV90,Undirected,69719,,1.783059
ASV32,ASV95,Undirected,69720,,-1.493802
ASV32,ASV96,Undirected,69721,,1.624423
ASV32,ASV970,Undirected,69722,,-1.41866
ASV320,ASV1514,Undirected,69724,,-0.656489
ASV320,ASV1546,Undirected,69725,,-0.664767
ASV320,ASV201,Undirected,69726,,-0.656234
ASV320,ASV217,Undirected,69727,,0.643059
ASV320,ASV223,Undirected,69728,,-0.650984
ASV320,ASV2400,Undirected,69730,,-0.603928
ASV320,ASV272,Undirected,69732,,-0.629985
ASV320,ASV2744,Undirected,69733,,-0.625481
ASV320,ASV29,Undirected,69734,,-0.651697
ASV320,ASV320,Undirected,69735,,1
ASV320,ASV64,Undirected,69736,,-1.492569
ASV320,ASV884,Undirected,69737,,-1.634645
ASV3207,ASV1092,Undirected,69738,,0.691976
ASV3207,ASV1132,Undirected,69740,,0.619536
ASV3207,ASV133,Undirected,69741,,-0.655083
ASV3207,ASV1986,Undirected,69744,,-0.652272
ASV3207,ASV2208,Undirected,69745,,0.637217
ASV3207,ASV2370,Undirected,69747,,0.704457
ASV3207,ASV239,Undirected,69748,,0.668048
ASV3207,ASV245,Undirected,69749,,-0.639752
ASV3207,ASV2486,Undirected,69750,,0.638155
ASV3207,ASV254,Undirected,69751,,-0.685848
ASV3207,ASV2572,Undirected,69752,,0.626571
ASV3207,ASV280,Undirected,69754,,0.603725
ASV3207,ASV2850,Undirected,69755,,0.607908
ASV3207,ASV305,Undirected,69756,,0.628574
ASV3207,ASV309,Undirected,69757,,0.701036
ASV3207,ASV3207,Undirected,69758,,1
ASV3207,ASV330,Undirected,69759,,1.426502
ASV3207,ASV444,Undirected,69760,,-1.469162
ASV3207,ASV478,Undirected,69761,,1.486515
ASV3207,ASV757,Undirected,69762,,-1.507565
ASV322,ASV1070,Undirected,69763,,-0.682373
ASV322,ASV119,Undirected,69764,,-0.679485
ASV322,ASV1381,Undirected,69765,,0.645251
ASV322,ASV150,Undirected,69767,,0.634437
ASV322,ASV172,Undirected,69768,,0.660466
ASV322,ASV201,Undirected,69769,,0.669772
ASV322,ASV2361,Undirected,69771,,0.614573
ASV322,ASV2610,Undirected,69772,,0.60083
ASV322,ASV317,Undirected,69775,,0.623511
ASV322,ASV322,Undirected,69776,,1
ASV322,ASV407,Undirected,69777,,1.428276
ASV322,ASV4277,Undirected,69778,,1.488348
ASV322,ASV4454,Undirected,69779,,1.58587
ASV322,ASV4518,Undirected,69780,,-1.460512
ASV322,ASV64,Undirected,69781,,1.452948
ASV322,ASV67,Undirected,69782,,1.4806
ASV322,ASV711,Undirected,69783,,1.466422
ASV3236,ASV147,Undirected,69785,,0.623106
ASV3236,ASV3236,Undirected,69786,,1
ASV3238,ASV197,Undirected,69787,,-0.613483
ASV3238,ASV3238,Undirected,69788,,1
ASV3238,ASV4272,Undirected,69789,,-1.449849
ASV324,ASV1005,Undirected,69790,,0.660571
ASV324,ASV1120,Undirected,69791,,0.634141
ASV324,ASV151,Undirected,69792,,-0.629167
ASV324,ASV1986,Undirected,69793,,0.643195
ASV324,ASV2,Undirected,69794,,-0.682907
ASV324,ASV223,Undirected,69795,,0.612872
ASV324,ASV2486,Undirected,69796,,-0.664936
ASV324,ASV310,Undirected,69797,,0.617984
ASV324,ASV324,Undirected,69798,,1
ASV325,ASV1073,Undirected,69799,,-0.642092
ASV325,ASV325,Undirected,69800,,1
ASV325,ASV4983,Undirected,69801,,-1.41533
ASV326,ASV103,Undirected,69802,,-0.6906
ASV326,ASV121,Undirected,69803,,-0.647667
ASV326,ASV1210,Undirected,69804,,-0.604459
ASV326,ASV1243,Undirected,69805,,0.610921
ASV326,ASV125,Undirected,69806,,0.63725
ASV326,ASV1251,Undirected,69807,,0.608528
ASV326,ASV139,Undirected,69808,,0.696485
ASV326,ASV142,Undirected,69809,,0.611319
ASV326,ASV1615,Undirected,69812,,0.657832
ASV326,ASV1793,Undirected,69813,,0.66335
ASV326,ASV187,Undirected,69814,,-0.626993
ASV326,ASV2017,Undirected,69815,,0.603485
ASV326,ASV2213,Undirected,69816,,0.633189
ASV326,ASV228,Undirected,69817,,0.628363
ASV326,ASV229,Undirected,69818,,-0.63725
ASV326,ASV233,Undirected,69819,,0.702691
ASV326,ASV2511,Undirected,69820,,0.659271
ASV326,ASV260,Undirected,69821,,0.613521
ASV326,ASV267,Undirected,69822,,-0.688891
ASV326,ASV271,Undirected,69823,,0.637526
ASV326,ASV2762,Undirected,69824,,0.601793
ASV326,ASV283,Undirected,69825,,0.606518
ASV326,ASV326,Undirected,69826,,1
ASV326,ASV404,Undirected,69827,,-1.435944
ASV326,ASV445,Undirected,69828,,-1.560976
ASV326,ASV514,Undirected,69829,,-1.551646
ASV326,ASV579,Undirected,69830,,1.418299
ASV326,ASV6,Undirected,69831,,1.451035
ASV326,ASV65,Undirected,69832,,1.469255
ASV326,ASV856,Undirected,69833,,1.552453
ASV326,ASV876,Undirected,69834,,1.454087
ASV326,ASV95,Undirected,69835,,1.500604
ASV327,ASV1059,Undirected,69838,,0.62072
ASV327,ASV108,Undirected,69840,,0.660798
ASV327,ASV110,Undirected,69841,,0.62739
ASV327,ASV1162,Undirected,69845,,-0.647051
ASV327,ASV117,Undirected,69846,,0.660798
ASV327,ASV122,Undirected,69847,,0.648657
ASV327,ASV13,Undirected,69849,,0.6
ASV327,ASV14,Undirected,69850,,-0.697314
ASV327,ASV150,Undirected,69851,,0.60155
ASV327,ASV18,Undirected,69852,,-0.667356
ASV327,ASV193,Undirected,69854,,-0.606108
ASV327,ASV2026,Undirected,69855,,0.682858
ASV327,ASV206,Undirected,69856,,0.674109
ASV327,ASV220,Undirected,69857,,0.671684
ASV327,ASV226,Undirected,69858,,0.62727
ASV327,ASV24,Undirected,69859,,0.637022
ASV327,ASV252,Undirected,69860,,0.696844
ASV327,ASV260,Undirected,69861,,-0.628365
ASV327,ASV263,Undirected,69862,,0.639938
ASV327,ASV271,Undirected,69863,,-0.613273
ASV327,ASV28,Undirected,69864,,-0.613954
ASV327,ASV288,Undirected,69865,,-0.661834
ASV327,ASV29,Undirected,69866,,-0.604447
ASV327,ASV327,Undirected,69867,,1
ASV327,ASV3732,Undirected,69868,,-1.46791
ASV327,ASV539,Undirected,69869,,-1.451922
ASV327,ASV56,Undirected,69870,,1.554292
ASV327,ASV681,Undirected,69871,,1.501301
ASV327,ASV686,Undirected,69872,,1.533762
ASV327,ASV73,Undirected,69873,,1.41762
ASV327,ASV781,Undirected,69874,,-1.45661
ASV327,ASV810,Undirected,69875,,1.447856
ASV328,ASV1026,Undirected,69876,,0.694108
ASV328,ASV110,Undirected,69877,,-0.622477
ASV328,ASV111,Undirected,69878,,-0.616063
ASV328,ASV113,Undirected,69879,,-0.604146
ASV328,ASV1149,Undirected,69880,,0.60471
ASV328,ASV117,Undirected,69882,,-0.615983
ASV328,ASV1292,Undirected,69883,,0.687181
ASV328,ASV1295,Undirected,69884,,0.677629
ASV328,ASV140,Undirected,69887,,0.644561
ASV328,ASV1468,Undirected,69888,,0.638581
ASV328,ASV15,Undirected,69889,,-0.644561
ASV328,ASV159,Undirected,69890,,0.652648
ASV328,ASV1647,Undirected,69892,,0.646437
ASV328,ASV1740,Undirected,69893,,0.610739
ASV328,ASV2026,Undirected,69895,,-0.702697
ASV328,ASV233,Undirected,69897,,0.658347
ASV328,ASV242,Undirected,69898,,0.615864
ASV328,ASV248,Undirected,69899,,0.610275
ASV328,ASV25,Undirected,69900,,-0.631473
ASV328,ASV2511,Undirected,69901,,0.606624
ASV328,ASV2599,Undirected,69902,,0.615705
ASV328,ASV260,Undirected,69903,,0.690353
ASV328,ASV261,Undirected,69904,,0.671852
ASV328,ASV271,Undirected,69905,,0.682078
ASV328,ASV277,Undirected,69906,,0.606549
ASV328,ASV298,Undirected,69907,,0.615664
ASV328,ASV328,Undirected,69908,,1
ASV328,ASV369,Undirected,69909,,1.589212
ASV328,ASV388,Undirected,69910,,1.426494
ASV328,ASV398,Undirected,69911,,1.492739
ASV328,ASV45,Undirected,69912,,-1.748964
ASV328,ASV456,Undirected,69913,,1.561331
ASV328,ASV483,Undirected,69914,,-1.423646
ASV328,ASV531,Undirected,69915,,1.462377
ASV328,ASV579,Undirected,69916,,1.434785
ASV328,ASV623,Undirected,69917,,1.419659
ASV328,ASV675,Undirected,69918,,1.44308
ASV328,ASV707,Undirected,69919,,1.484648
ASV328,ASV751,Undirected,69920,,-1.42075
ASV328,ASV938,Undirected,69921,,-1.423382
ASV328,ASV983,Undirected,69922,,1.437048
ASV33,ASV100,Undirected,69923,,0.697873
ASV33,ASV1026,Undirected,69924,,-0.642104
ASV33,ASV1136,Undirected,69927,,0.695087
ASV33,ASV114,Undirected,69928,,0.692706
ASV33,ASV1162,Undirected,69929,,-0.619014
ASV33,ASV117,Undirected,69930,,0.610161
ASV33,ASV12,Undirected,69932,,0.606643
ASV33,ASV122,Undirected,69933,,0.656613
ASV33,ASV1292,Undirected,69935,,-0.612525
ASV33,ASV13,Undirected,69936,,0.615624
ASV33,ASV140,Undirected,69938,,-0.601967
ASV33,ASV1466,Undirected,69939,,-0.65419
ASV33,ASV1615,Undirected,69943,,-0.639581
ASV33,ASV164,Undirected,69944,,-0.692029
ASV33,ASV170,Undirected,69946,,0.650596
ASV33,ASV171,Undirected,69947,,0.615345
ASV33,ASV1781,Undirected,69948,,-0.64951
ASV33,ASV1793,Undirected,69949,,-0.636842
ASV33,ASV184,Undirected,69950,,0.672888
ASV33,ASV190,Undirected,69951,,0.691909
ASV33,ASV191,Undirected,69952,,0.685785
ASV33,ASV195,Undirected,69953,,0.649041
ASV33,ASV1985,Undirected,69954,,-0.640519
ASV33,ASV2026,Undirected,69955,,0.600486
ASV33,ASV2185,Undirected,69956,,-0.642533
ASV33,ASV219,Undirected,69957,,-0.622407
ASV33,ASV22,Undirected,69958,,0.658002
ASV33,ASV2213,Undirected,69960,,-0.629889
ASV33,ASV24,Undirected,69965,,0.649069
ASV33,ASV247,Undirected,69967,,0.705673
ASV33,ASV25,Undirected,69968,,0.631852
ASV33,ASV261,Undirected,69972,,-0.630761
ASV33,ASV267,Undirected,69974,,0.615907
ASV33,ASV273,Undirected,69976,,0.700155
ASV33,ASV295,Undirected,69978,,-0.690834
ASV33,ASV31,Undirected,69979,,0.665285
ASV33,ASV32,Undirected,69980,,0.681491
ASV33,ASV328,Undirected,69981,,-0.614108
ASV33,ASV33,Undirected,69982,,1
ASV33,ASV344,Undirected,69983,,1.456522
ASV33,ASV35,Undirected,69984,,-1.48474
ASV33,ASV38,Undirected,69985,,1.468462
ASV33,ASV4134,Undirected,69986,,-1.501366
ASV33,ASV463,Undirected,69987,,1.513738
ASV33,ASV5010,Undirected,69988,,-1.603755
ASV33,ASV510,Undirected,69989,,-1.464001
ASV33,ASV529,Undirected,69990,,-1.498069
ASV33,ASV6,Undirected,69991,,-1.437438
ASV33,ASV71,Undirected,69992,,1.468462
ASV33,ASV80,Undirected,69993,,1.672014
ASV33,ASV87,Undirected,69994,,1.472599
ASV33,ASV9,Undirected,69995,,1.466394
ASV33,ASV927,Undirected,69996,,1.480495
ASV33,ASV938,Undirected,69997,,1.596508
ASV33,ASV95,Undirected,69998,,-1.474121
ASV33,ASV952,Undirected,69999,,-1.491949
ASV33,ASV96,Undirected,70000,,1.448419
ASV330,ASV1026,Undirected,70001,,-0.622097
ASV330,ASV117,Undirected,70004,,0.67737
ASV330,ASV125,Undirected,70005,,-0.600104
ASV330,ASV1298,Undirected,70006,,-0.606374
ASV330,ASV139,Undirected,70008,,-0.615822
ASV330,ASV1468,Undirected,70010,,-0.646227
ASV330,ASV149,Undirected,70011,,-0.653051
ASV330,ASV1492,Undirected,70012,,-0.634905
ASV330,ASV150,Undirected,70013,,0.604651
ASV330,ASV151,Undirected,70014,,0.646423
ASV330,ASV158,Undirected,70015,,-0.700775
ASV330,ASV1615,Undirected,70017,,-0.630519
ASV330,ASV1740,Undirected,70019,,-0.663037
ASV330,ASV192,Undirected,70020,,-0.638262
ASV330,ASV194,Undirected,70021,,0.634058
ASV330,ASV1986,Undirected,70022,,-0.673438
ASV330,ASV20,Undirected,70024,,0.650129
ASV330,ASV214,Undirected,70026,,-0.639193
ASV330,ASV2155,Undirected,70027,,0.609645
ASV330,ASV216,Undirected,70028,,0.600685
ASV330,ASV2213,Undirected,70030,,-0.680271
ASV330,ASV229,Undirected,70031,,0.638903
ASV330,ASV2290,Undirected,70032,,-0.606501
ASV330,ASV241,Undirected,70033,,-0.673958
ASV330,ASV242,Undirected,70034,,-0.668909
ASV330,ASV243,Undirected,70035,,-0.670851
ASV330,ASV2552,Undirected,70038,,0.614155
ASV330,ASV271,Undirected,70042,,-0.613792
ASV330,ASV277,Undirected,70043,,-0.607368
ASV330,ASV280,Undirected,70044,,0.645478
ASV330,ASV283,Undirected,70045,,-0.647461
ASV330,ASV288,Undirected,70046,,-0.608494
ASV330,ASV291,Undirected,70047,,-0.637307
ASV330,ASV295,Undirected,70048,,-0.651837
ASV330,ASV3072,Undirected,70051,,0.655543
ASV330,ASV31,Undirected,70052,,0.646998
ASV330,ASV310,Undirected,70053,,-0.684457
ASV330,ASV32,Undirected,70054,,0.612604
ASV330,ASV330,Undirected,70056,,1
ASV330,ASV352,Undirected,70057,,-1.697811
ASV330,ASV369,Undirected,70058,,-1.425467
ASV330,ASV416,Undirected,70059,,-1.782498
ASV330,ASV423,Undirected,70060,,-1.555701
ASV330,ASV435,Undirected,70061,,-1.605946
ASV330,ASV449,Undirected,70062,,-1.577592
ASV330,ASV459,Undirected,70063,,-1.722825
ASV330,ASV468,Undirected,70064,,-1.598774
ASV330,ASV531,Undirected,70065,,-1.722426
ASV330,ASV556,Undirected,70066,,-1.529053
ASV330,ASV5744,Undirected,70067,,1.762028
ASV330,ASV653,Undirected,70068,,-1.43233
ASV330,ASV660,Undirected,70069,,-1.45149
ASV330,ASV719,Undirected,70070,,1.59337
ASV330,ASV721,Undirected,70071,,-1.611305
ASV330,ASV742,Undirected,70072,,-1.447955
ASV330,ASV757,Undirected,70073,,-1.466483
ASV330,ASV76,Undirected,70074,,-1.499743
ASV330,ASV783,Undirected,70075,,-1.53257
ASV330,ASV814,Undirected,70076,,-1.45439
ASV330,ASV876,Undirected,70077,,-1.486272
ASV330,ASV96,Undirected,70078,,1.503886
ASV330,ASV995,Undirected,70079,,-1.532808
ASV332,ASV100,Undirected,70080,,-0.614149
ASV332,ASV108,Undirected,70081,,-0.661483
ASV332,ASV1193,Undirected,70083,,0.686827
ASV332,ASV1198,Undirected,70084,,0.7055
ASV332,ASV125,Undirected,70085,,0.646815
ASV332,ASV139,Undirected,70086,,0.608178
ASV332,ASV1514,Undirected,70087,,0.629052
ASV332,ASV1546,Undirected,70088,,0.668751
ASV332,ASV164,Undirected,70090,,0.659421
ASV332,ASV171,Undirected,70092,,-0.624158
ASV332,ASV1740,Undirected,70093,,0.640299
ASV332,ASV1781,Undirected,70094,,0.657311
ASV332,ASV179,Undirected,70095,,0.610795
ASV332,ASV206,Undirected,70096,,-0.623898
ASV332,ASV225,Undirected,70099,,0.66753
ASV332,ASV228,Undirected,70100,,0.679441
ASV332,ASV235,Undirected,70101,,0.620601
ASV332,ASV237,Undirected,70102,,-0.655765
ASV332,ASV25,Undirected,70103,,-0.640125
ASV332,ASV260,Undirected,70104,,0.666321
ASV332,ASV270,Undirected,70105,,0.625783
ASV332,ASV271,Undirected,70106,,0.645045
ASV332,ASV288,Undirected,70109,,0.68844
ASV332,ASV295,Undirected,70110,,0.619886
ASV332,ASV2974,Undirected,70111,,0.687589
ASV332,ASV332,Undirected,70113,,1
ASV332,ASV349,Undirected,70114,,1.512984
ASV332,ASV35,Undirected,70115,,1.487844
ASV332,ASV4134,Undirected,70116,,1.480456
ASV332,ASV5010,Undirected,70117,,1.465428
ASV332,ASV513,Undirected,70118,,1.43183
ASV332,ASV529,Undirected,70119,,1.493711
ASV332,ASV927,Undirected,70120,,-1.422192
ASV3327,ASV1017,Undirected,70121,,0.630745
ASV3327,ASV1069,Undirected,70122,,-0.629214
ASV3327,ASV1093,Undirected,70124,,-0.6905
ASV3327,ASV114,Undirected,70126,,0.624911
ASV3327,ASV1141,Undirected,70127,,0.692311
ASV3327,ASV117,Undirected,70128,,0.681182
ASV3327,ASV122,Undirected,70130,,0.683669
ASV3327,ASV123,Undirected,70131,,0.613163
ASV3327,ASV125,Undirected,70133,,-0.694076
ASV3327,ASV1286,Undirected,70134,,-0.677268
ASV3327,ASV1295,Undirected,70135,,-0.6179
ASV3327,ASV1358,Undirected,70138,,-0.633301
ASV3327,ASV14,Undirected,70140,,-0.614143
ASV3327,ASV140,Undirected,70141,,-0.601186
ASV3327,ASV149,Undirected,70142,,-0.648758
ASV3327,ASV1492,Undirected,70143,,-0.699507
ASV3327,ASV154,Undirected,70144,,-0.634121
ASV3327,ASV1546,Undirected,70145,,-0.700644
ASV3327,ASV16,Undirected,70148,,0.600974
ASV3327,ASV165,Undirected,70150,,0.700317
ASV3327,ASV1730,Undirected,70151,,-0.626531
ASV3327,ASV175,Undirected,70152,,0.606101
ASV3327,ASV179,Undirected,70153,,-0.624236
ASV3327,ASV180,Undirected,70155,,0.694665
ASV3327,ASV182,Undirected,70156,,0.636097
ASV3327,ASV194,Undirected,70159,,0.626928
ASV3327,ASV216,Undirected,70160,,0.613675
ASV3327,ASV219,Undirected,70162,,-0.6522
ASV3327,ASV22,Undirected,70163,,0.627656
ASV3327,ASV225,Undirected,70165,,-0.656417
ASV3327,ASV226,Undirected,70166,,0.60956
ASV3327,ASV231,Undirected,70167,,-0.695971
ASV3327,ASV24,Undirected,70168,,0.679079
ASV3327,ASV242,Undirected,70169,,-0.691983
ASV3327,ASV25,Undirected,70171,,0.645477
ASV3327,ASV2552,Undirected,70173,,0.649851
ASV3327,ASV260,Undirected,70174,,-0.698622
ASV3327,ASV261,Undirected,70175,,-0.625034
ASV3327,ASV263,Undirected,70176,,0.638633
ASV3327,ASV264,Undirected,70177,,-0.656914
ASV3327,ASV267,Undirected,70178,,0.681381
ASV3327,ASV277,Undirected,70182,,-0.646061
ASV3327,ASV28,Undirected,70183,,-0.684476
ASV3327,ASV288,Undirected,70184,,-0.67071
ASV3327,ASV32,Undirected,70188,,0.649655
ASV3327,ASV3327,Undirected,70189,,1
ASV3327,ASV34,Undirected,70190,,1.696037
ASV3327,ASV35,Undirected,70191,,-1.592582
ASV3327,ASV363,Undirected,70192,,1.435225
ASV3327,ASV430,Undirected,70193,,-1.470134
ASV3327,ASV501,Undirected,70194,,-1.518132
ASV3327,ASV507,Undirected,70195,,1.414026
ASV3327,ASV528,Undirected,70196,,-1.654632
ASV3327,ASV570,Undirected,70197,,-1.52879
ASV3327,ASV5744,Undirected,70198,,1.428949
ASV3327,ASV59,Undirected,70199,,1.464335
ASV3327,ASV6,Undirected,70200,,-1.501936
ASV3327,ASV61,Undirected,70201,,1.646534
ASV3327,ASV637,Undirected,70202,,1.436555
ASV3327,ASV641,Undirected,70203,,1.565662
ASV3327,ASV672,Undirected,70204,,-1.418651
ASV3327,ASV681,Undirected,70205,,1.493763
ASV3327,ASV708,Undirected,70206,,-1.683173
ASV3327,ASV74,Undirected,70207,,1.592359
ASV3327,ASV775,Undirected,70208,,-1.447936
ASV3327,ASV82,Undirected,70209,,1.587357
ASV3327,ASV825,Undirected,70210,,-1.442578
ASV334,ASV1036,Undirected,70211,,0.676897
ASV334,ASV1069,Undirected,70212,,0.625785
ASV334,ASV1141,Undirected,70215,,-0.673115
ASV334,ASV1149,Undirected,70216,,0.65643
ASV334,ASV117,Undirected,70217,,-0.611917
ASV334,ASV121,Undirected,70218,,-0.644894
ASV334,ASV1228,Undirected,70219,,0.697602
ASV334,ASV1243,Undirected,70220,,0.651093
ASV334,ASV125,Undirected,70221,,0.634058
ASV334,ASV1273,Undirected,70222,,0.692927
ASV334,ASV13,Undirected,70223,,-0.661841
ASV334,ASV139,Undirected,70224,,0.665805
ASV334,ASV146,Undirected,70226,,-0.63874
ASV334,ASV1492,Undirected,70228,,0.623835
ASV334,ASV1546,Undirected,70229,,0.703748
ASV334,ASV158,Undirected,70230,,0.680455
ASV334,ASV169,Undirected,70233,,-0.688959
ASV334,ASV1730,Undirected,70234,,0.667186
ASV334,ASV180,Undirected,70235,,-0.610067
ASV334,ASV1986,Undirected,70237,,0.60979
ASV334,ASV2,Undirected,70238,,-0.672869
ASV334,ASV20,Undirected,70239,,-0.673217
ASV334,ASV207,Undirected,70240,,0.601053
ASV334,ASV223,Undirected,70242,,0.605072
ASV334,ASV24,Undirected,70246,,-0.64925
ASV334,ASV241,Undirected,70247,,0.676388
ASV334,ASV245,Undirected,70251,,0.653906
ASV334,ASV2511,Undirected,70253,,0.608297
ASV334,ASV2583,Undirected,70254,,-0.644711
ASV334,ASV260,Undirected,70255,,0.685137
ASV334,ASV271,Undirected,70257,,0.638487
ASV334,ASV273,Undirected,70258,,-0.672878
ASV334,ASV32,Undirected,70261,,-0.6615
ASV334,ASV330,Undirected,70262,,-0.666322
ASV334,ASV3327,Undirected,70263,,-0.683615
ASV334,ASV334,Undirected,70264,,1
ASV334,ASV352,Undirected,70265,,1.435909
ASV334,ASV416,Undirected,70266,,1.713991
ASV334,ASV435,Undirected,70267,,1.513832
ASV334,ASV437,Undirected,70268,,1.703158
ASV334,ASV458,Undirected,70269,,1.592326
ASV334,ASV501,Undirected,70270,,1.523071
ASV334,ASV554,Undirected,70271,,1.525995
ASV334,ASV59,Undirected,70272,,-1.434627
ASV334,ASV6,Undirected,70273,,1.434627
ASV334,ASV637,Undirected,70274,,-1.428875
ASV334,ASV699,Undirected,70275,,1.432445
ASV334,ASV708,Undirected,70276,,1.46982
ASV334,ASV721,Undirected,70277,,1.709118
ASV334,ASV775,Undirected,70278,,1.758426
ASV334,ASV79,Undirected,70279,,-1.481367
ASV334,ASV82,Undirected,70280,,-1.436402
ASV334,ASV876,Undirected,70281,,1.639531
ASV334,ASV9,Undirected,70282,,-1.422224
ASV334,ASV95,Undirected,70283,,1.435075
ASV334,ASV970,Undirected,70284,,1.597948
ASV3347,ASV100,Undirected,70285,,-0.675535
ASV3347,ASV1017,Undirected,70286,,-0.633276
ASV3347,ASV1141,Undirected,70288,,-0.667718
ASV3347,ASV116,Undirected,70289,,0.60416
ASV3347,ASV138,Undirected,70290,,-0.63494
ASV3347,ASV1437,Undirected,70291,,0.673875
ASV3347,ASV15,Undirected,70292,,-0.650577
ASV3347,ASV1514,Undirected,70293,,0.60924
ASV3347,ASV159,Undirected,70294,,0.607181
ASV3347,ASV165,Undirected,70295,,-0.680856
ASV3347,ASV18,Undirected,70296,,0.656648
ASV3347,ASV1985,Undirected,70298,,0.692475
ASV3347,ASV199,Undirected,70299,,-0.654389
ASV3347,ASV206,Undirected,70300,,-0.624805
ASV3347,ASV217,Undirected,70301,,-0.703956
ASV3347,ASV2185,Undirected,70302,,0.698382
ASV3347,ASV220,Undirected,70303,,-0.68125
ASV3347,ASV229,Undirected,70304,,-0.646758
ASV3347,ASV248,Undirected,70306,,0.69527
ASV3347,ASV252,Undirected,70307,,-0.620264
ASV3347,ASV261,Undirected,70308,,0.630134
ASV3347,ASV266,Undirected,70309,,0.691469
ASV3347,ASV277,Undirected,70310,,0.63698
ASV3347,ASV28,Undirected,70311,,0.649722
ASV3347,ASV29,Undirected,70312,,0.670826
ASV3347,ASV32,Undirected,70313,,-0.661835
ASV3347,ASV327,Undirected,70314,,-0.629289
ASV3347,ASV33,Undirected,70315,,-0.606552
ASV3347,ASV3347,Undirected,70316,,1
ASV3347,ASV3732,Undirected,70317,,1.437637
ASV3347,ASV412,Undirected,70318,,1.729227
ASV3347,ASV463,Undirected,70319,,-1.563188
ASV3347,ASV60,Undirected,70320,,-1.546166
ASV3347,ASV624,Undirected,70321,,-1.458581
ASV3347,ASV667,Undirected,70322,,-1.442765
ASV3347,ASV686,Undirected,70323,,-1.653806
ASV335,ASV1136,Undirected,70326,,-0.617863
ASV335,ASV114,Undirected,70327,,-0.644868
ASV335,ASV117,Undirected,70328,,-0.634759
ASV335,ASV123,Undirected,70330,,-0.660566
ASV335,ASV1364,Undirected,70333,,0.61403
ASV335,ASV1492,Undirected,70334,,0.669098
ASV335,ASV1499,Undirected,70335,,0.639276
ASV335,ASV15,Undirected,70336,,-0.631176
ASV335,ASV154,Undirected,70337,,0.668579
ASV335,ASV158,Undirected,70338,,0.703021
ASV335,ASV165,Undirected,70339,,-0.647072
ASV335,ASV1781,Undirected,70341,,0.686326
ASV335,ASV196,Undirected,70343,,-0.612994
ASV335,ASV225,Undirected,70345,,0.621107
ASV335,ASV228,Undirected,70346,,0.606554
ASV335,ASV231,Undirected,70347,,0.668233
ASV335,ASV2383,Undirected,70348,,0.652614
ASV335,ASV270,Undirected,70350,,0.656755
ASV335,ASV271,Undirected,70351,,0.644793
ASV335,ASV276,Undirected,70352,,-0.603126
ASV335,ASV2762,Undirected,70353,,0.701361
ASV335,ASV277,Undirected,70354,,0.642002
ASV335,ASV335,Undirected,70356,,1
ASV335,ASV35,Undirected,70357,,1.439272
ASV335,ASV51,Undirected,70358,,1.415016
ASV335,ASV529,Undirected,70359,,1.523215
ASV335,ASV611,Undirected,70360,,1.414059
ASV335,ASV627,Undirected,70361,,1.608587
ASV335,ASV920,Undirected,70362,,1.415275
ASV336,ASV116,Undirected,70363,,0.604555
ASV336,ASV14,Undirected,70364,,0.660466
ASV336,ASV143,Undirected,70365,,-0.612836
ASV336,ASV1466,Undirected,70366,,0.698031
ASV336,ASV151,Undirected,70367,,0.617666
ASV336,ASV155,Undirected,70368,,-0.662346
ASV336,ASV1712,Undirected,70369,,0.644621
ASV336,ASV311,Undirected,70372,,-0.67237
ASV336,ASV336,Undirected,70374,,1
ASV336,ASV3485,Undirected,70375,,1.675649
ASV336,ASV606,Undirected,70376,,1.421165
ASV338,ASV2400,Undirected,70377,,0.608571
ASV338,ASV338,Undirected,70378,,1
ASV34,ASV1069,Undirected,70379,,-0.679137
ASV34,ASV107,Undirected,70380,,0.600622
ASV34,ASV1093,Undirected,70381,,-0.6504
ASV34,ASV1149,Undirected,70383,,-0.617209
ASV34,ASV117,Undirected,70384,,0.63613
ASV34,ASV1186,Undirected,70385,,0.665919
ASV34,ASV122,Undirected,70387,,0.653517
ASV34,ASV123,Undirected,70388,,0.706054
ASV34,ASV125,Undirected,70390,,-0.703206
ASV34,ASV1286,Undirected,70391,,-0.617663
ASV34,ASV135,Undirected,70393,,0.697568
ASV34,ASV1358,Undirected,70394,,-0.623459
ASV34,ASV139,Undirected,70395,,-0.689406
ASV34,ASV14,Undirected,70396,,-0.640165
ASV34,ASV142,Undirected,70397,,-0.623256
ASV34,ASV149,Undirected,70398,,-0.671835
ASV34,ASV153,Undirected,70399,,0.63843
ASV34,ASV1615,Undirected,70401,,-0.600809
ASV34,ASV171,Undirected,70403,,0.617496
ASV34,ASV175,Undirected,70405,,0.677686
ASV34,ASV179,Undirected,70406,,-0.64249
ASV34,ASV1793,Undirected,70407,,-0.702349
ASV34,ASV182,Undirected,70410,,0.703478
ASV34,ASV194,Undirected,70413,,0.647181
ASV34,ASV205,Undirected,70415,,-0.640456
ASV34,ASV225,Undirected,70417,,-0.635471
ASV34,ASV226,Undirected,70418,,0.617101
ASV34,ASV229,Undirected,70419,,0.646846
ASV34,ASV237,Undirected,70422,,0.602389
ASV34,ASV242,Undirected,70424,,-0.698036
ASV34,ASV25,Undirected,70426,,0.674239
ASV34,ASV269,Undirected,70430,,-0.665985
ASV34,ASV271,Undirected,70431,,-0.677723
ASV34,ASV277,Undirected,70433,,-0.618978
ASV34,ASV29,Undirected,70434,,-0.65168
ASV34,ASV310,Undirected,70436,,-0.604352
ASV34,ASV33,Undirected,70438,,0.682877
ASV34,ASV334,Undirected,70440,,-0.647363
ASV34,ASV34,Undirected,70441,,1
ASV34,ASV501,Undirected,70442,,-1.590891
ASV34,ASV507,Undirected,70443,,1.491266
ASV34,ASV528,Undirected,70444,,-1.422953
ASV34,ASV570,Undirected,70445,,-1.510274
ASV34,ASV576,Undirected,70446,,-1.529376
ASV34,ASV59,Undirected,70447,,1.536397
ASV34,ASV6,Undirected,70448,,-1.526071
ASV34,ASV61,Undirected,70449,,1.543951
ASV34,ASV637,Undirected,70450,,1.503125
ASV34,ASV641,Undirected,70451,,1.616534
ASV34,ASV708,Undirected,70452,,-1.454773
ASV34,ASV71,Undirected,70453,,1.486835
ASV34,ASV74,Undirected,70454,,1.439793
ASV34,ASV775,Undirected,70455,,-1.578462
ASV34,ASV82,Undirected,70456,,1.621901
ASV34,ASV857,Undirected,70457,,1.412849
ASV34,ASV9,Undirected,70458,,1.45999
ASV34,ASV90,Undirected,70459,,1.472868
ASV34,ASV955,Undirected,70460,,-1.483661
ASV340,ASV135,Undirected,70461,,-0.607792
ASV340,ASV179,Undirected,70462,,0.615385
ASV340,ASV1791,Undirected,70463,,0.618429
ASV340,ASV340,Undirected,70464,,1
ASV340,ASV557,Undirected,70465,,-1.627937
ASV340,ASV870,Undirected,70466,,-1.610267
ASV3406,ASV1166,Undirected,70467,,0.634346
ASV3406,ASV1408,Undirected,70468,,-0.600747
ASV3406,ASV1499,Undirected,70469,,0.656841
ASV3406,ASV1780,Undirected,70470,,-0.609616
ASV3406,ASV258,Undirected,70471,,-0.606668
ASV3406,ASV307,Undirected,70472,,-0.690468
ASV3406,ASV3406,Undirected,70473,,1
ASV344,ASV1026,Undirected,70475,,-0.701035
ASV344,ASV103,Undirected,70476,,0.661141
ASV344,ASV107,Undirected,70478,,0.668737
ASV344,ASV1120,Undirected,70481,,-0.61899
ASV344,ASV113,Undirected,70482,,0.689762
ASV344,ASV1136,Undirected,70483,,0.613394
ASV344,ASV114,Undirected,70484,,0.660465
ASV344,ASV117,Undirected,70486,,0.667013
ASV344,ASV1186,Undirected,70487,,0.660933
ASV344,ASV1198,Undirected,70488,,-0.655894
ASV344,ASV12,Undirected,70489,,0.615347
ASV344,ASV120,Undirected,70490,,-0.629289
ASV344,ASV1298,Undirected,70493,,-0.611788
ASV344,ASV13,Undirected,70494,,0.662532
ASV344,ASV139,Undirected,70495,,-0.62151
ASV344,ASV142,Undirected,70496,,-0.640641
ASV344,ASV1437,Undirected,70498,,-0.611277
ASV344,ASV1466,Undirected,70499,,-0.612994
ASV344,ASV1492,Undirected,70500,,-0.605904
ASV344,ASV150,Undirected,70502,,0.639793
ASV344,ASV158,Undirected,70503,,-0.686305
ASV344,ASV159,Undirected,70504,,-0.645597
ASV344,ASV16,Undirected,70505,,0.600104
ASV344,ASV171,Undirected,70508,,0.635941
ASV344,ASV1740,Undirected,70510,,-0.693199
ASV344,ASV187,Undirected,70512,,0.663909
ASV344,ASV192,Undirected,70513,,-0.648657
ASV344,ASV197,Undirected,70516,,0.701655
ASV344,ASV2017,Undirected,70518,,-0.669316
ASV344,ASV214,Undirected,70520,,-0.664077
ASV344,ASV216,Undirected,70521,,0.693461
ASV344,ASV2185,Undirected,70522,,-0.693405
ASV344,ASV22,Undirected,70524,,0.658909
ASV344,ASV220,Undirected,70525,,0.629671
ASV344,ASV226,Undirected,70528,,0.651635
ASV344,ASV228,Undirected,70529,,-0.635282
ASV344,ASV235,Undirected,70532,,-0.62668
ASV344,ASV237,Undirected,70533,,0.677389
ASV344,ASV2383,Undirected,70534,,-0.651152
ASV344,ASV24,Undirected,70535,,0.69183
ASV344,ASV248,Undirected,70536,,-0.704817
ASV344,ASV252,Undirected,70538,,0.682359
ASV344,ASV264,Undirected,70542,,-0.679276
ASV344,ASV273,Undirected,70544,,0.654941
ASV344,ASV2744,Undirected,70545,,-0.642621
ASV344,ASV283,Undirected,70547,,-0.656288
ASV344,ASV288,Undirected,70548,,-0.684102
ASV344,ASV295,Undirected,70549,,-0.665805
ASV344,ASV335,Undirected,70554,,-0.610916
ASV344,ASV344,Undirected,70555,,1
ASV344,ASV35,Undirected,70556,,-1.418088
ASV344,ASV352,Undirected,70557,,-1.485194
ASV344,ASV36,Undirected,70558,,1.770424
ASV344,ASV369,Undirected,70559,,-1.449276
ASV344,ASV37,Undirected,70560,,1.524548
ASV344,ASV3752,Undirected,70561,,-1.626551
ASV344,ASV384,Undirected,70562,,-1.432452
ASV344,ASV4134,Undirected,70563,,-1.596945
ASV344,ASV436,Undirected,70564,,-1.519174
ASV344,ASV451,Undirected,70565,,1.420291
ASV344,ASV459,Undirected,70566,,-1.47894
ASV344,ASV463,Undirected,70567,,1.530815
ASV344,ASV5,Undirected,70568,,1.55372
ASV344,ASV5010,Undirected,70569,,-1.44625
ASV344,ASV529,Undirected,70570,,-1.508492
ASV344,ASV56,Undirected,70571,,1.633919
ASV344,ASV57,Undirected,70572,,1.431231
ASV344,ASV655,Undirected,70573,,-1.458717
ASV344,ASV71,Undirected,70574,,1.413224
ASV344,ASV732,Undirected,70575,,1.545527
ASV344,ASV766,Undirected,70576,,-1.547493
ASV344,ASV781,Undirected,70577,,-1.435622
ASV344,ASV79,Undirected,70578,,1.51164
ASV344,ASV80,Undirected,70579,,1.759173
ASV344,ASV810,Undirected,70580,,1.570327
ASV344,ASV828,Undirected,70581,,-1.693111
ASV344,ASV85,Undirected,70582,,-1.482937
ASV344,ASV856,Undirected,70583,,-1.536314
ASV344,ASV87,Undirected,70584,,1.669422
ASV344,ASV9,Undirected,70585,,1.588844
ASV344,ASV92,Undirected,70586,,-1.67425
ASV344,ASV927,Undirected,70587,,1.574649
ASV344,ASV938,Undirected,70588,,1.561435
ASV344,ASV95,Undirected,70589,,-1.683557
ASV344,ASV96,Undirected,70590,,1.688246
ASV344,ASV995,Undirected,70591,,-1.442276
ASV345,ASV211,Undirected,70592,,0.601256
ASV345,ASV236,Undirected,70593,,0.647031
ASV345,ASV345,Undirected,70594,,1
ASV345,ASV936,Undirected,70595,,1.585957
ASV346,ASV136,Undirected,70597,,0.642381
ASV346,ASV272,Undirected,70600,,0.671705
ASV346,ASV346,Undirected,70601,,1
ASV3485,ASV1092,Undirected,70602,,0.623782
ASV3485,ASV2486,Undirected,70605,,0.638485
ASV3485,ASV280,Undirected,70606,,0.607144
ASV3485,ASV309,Undirected,70607,,0.617418
ASV3485,ASV311,Undirected,70608,,-0.630514
ASV3485,ASV316,Undirected,70609,,0.698964
ASV3485,ASV3485,Undirected,70611,,1
ASV349,ASV1036,Undirected,70612,,0.605578
ASV349,ASV113,Undirected,70616,,-0.620854
ASV349,ASV1136,Undirected,70617,,-0.705558
ASV349,ASV117,Undirected,70618,,-0.604157
ASV349,ASV1221,Undirected,70620,,0.657939
ASV349,ASV1254,Undirected,70622,,0.666532
ASV349,ASV1295,Undirected,70623,,0.684078
ASV349,ASV140,Undirected,70624,,0.634339
ASV349,ASV142,Undirected,70625,,0.62604
ASV349,ASV1513,Undirected,70626,,0.606389
ASV349,ASV154,Undirected,70627,,0.601144
ASV349,ASV158,Undirected,70628,,0.667189
ASV349,ASV1740,Undirected,70632,,0.649454
ASV349,ASV179,Undirected,70634,,0.624545
ASV349,ASV2017,Undirected,70635,,0.632617
ASV349,ASV2066,Undirected,70636,,0.610444
ASV349,ASV225,Undirected,70639,,0.656982
ASV349,ASV228,Undirected,70640,,0.650236
ASV349,ASV231,Undirected,70641,,0.658377
ASV349,ASV233,Undirected,70642,,0.651223
ASV349,ASV235,Undirected,70643,,0.644194
ASV349,ASV237,Undirected,70644,,-0.623829
ASV349,ASV24,Undirected,70645,,-0.639526
ASV349,ASV241,Undirected,70646,,0.67971
ASV349,ASV242,Undirected,70647,,0.663728
ASV349,ASV2583,Undirected,70649,,-0.676027
ASV349,ASV264,Undirected,70652,,0.677235
ASV349,ASV2744,Undirected,70654,,0.656989
ASV349,ASV2762,Undirected,70655,,0.621936
ASV349,ASV283,Undirected,70656,,0.704688
ASV349,ASV291,Undirected,70658,,0.622142
ASV349,ASV295,Undirected,70659,,0.611315
ASV349,ASV334,Undirected,70663,,0.67774
ASV349,ASV344,Undirected,70664,,-0.647306
ASV349,ASV349,Undirected,70665,,1
ASV349,ASV35,Undirected,70666,,1.428729
ASV349,ASV352,Undirected,70667,,1.473095
ASV349,ASV36,Undirected,70668,,-1.415982
ASV349,ASV398,Undirected,70669,,1.543098
ASV349,ASV435,Undirected,70670,,1.441716
ASV349,ASV528,Undirected,70671,,1.495834
ASV349,ASV554,Undirected,70672,,1.439715
ASV349,ASV6,Undirected,70673,,1.517111
ASV349,ASV657,Undirected,70674,,1.51626
ASV349,ASV707,Undirected,70675,,1.449715
ASV349,ASV82,Undirected,70676,,-1.423545
ASV349,ASV876,Undirected,70677,,1.48985
ASV349,ASV881,Undirected,70678,,1.447344
ASV349,ASV92,Undirected,70679,,1.586107
ASV349,ASV938,Undirected,70680,,-1.461532
ASV349,ASV95,Undirected,70681,,1.711627
ASV349,ASV983,Undirected,70682,,1.491668
ASV349,ASV995,Undirected,70683,,1.732785
ASV35,ASV100,Undirected,70684,,-0.682771
ASV35,ASV1026,Undirected,70685,,0.623343
ASV35,ASV1093,Undirected,70688,,0.680011
ASV35,ASV111,Undirected,70689,,-0.67907
ASV35,ASV113,Undirected,70690,,-0.696641
ASV35,ASV1162,Undirected,70693,,0.628998
ASV35,ASV1221,Undirected,70698,,0.613076
ASV35,ASV123,Undirected,70699,,-0.685242
ASV35,ASV1243,Undirected,70700,,0.67428
ASV35,ASV1286,Undirected,70702,,0.606137
ASV35,ASV13,Undirected,70704,,-0.630165
ASV35,ASV140,Undirected,70708,,0.616021
ASV35,ASV1492,Undirected,70709,,0.67495
ASV35,ASV15,Undirected,70710,,-0.622222
ASV35,ASV154,Undirected,70711,,0.686305
ASV35,ASV159,Undirected,70714,,0.690318
ASV35,ASV16,Undirected,70715,,-0.687177
ASV35,ASV171,Undirected,70719,,-0.633024
ASV35,ASV1738,Undirected,70720,,0.697646
ASV35,ASV1781,Undirected,70721,,0.681733
ASV35,ASV1793,Undirected,70723,,0.652998
ASV35,ASV18,Undirected,70724,,0.682499
ASV35,ASV182,Undirected,70725,,-0.629864
ASV35,ASV191,Undirected,70726,,-0.687323
ASV35,ASV206,Undirected,70727,,-0.639528
ASV35,ASV2155,Undirected,70728,,-0.605653
ASV35,ASV216,Undirected,70729,,-0.703056
ASV35,ASV217,Undirected,70730,,-0.62196
ASV35,ASV224,Undirected,70735,,0.615504
ASV35,ASV229,Undirected,70738,,-0.649949
ASV35,ASV233,Undirected,70740,,0.621375
ASV35,ASV24,Undirected,70742,,-0.619122
ASV35,ASV248,Undirected,70744,,0.601968
ASV35,ASV25,Undirected,70745,,-0.669076
ASV35,ASV2552,Undirected,70747,,-0.605521
ASV35,ASV261,Undirected,70749,,0.690797
ASV35,ASV263,Undirected,70750,,-0.650983
ASV35,ASV269,Undirected,70752,,0.61975
ASV35,ASV272,Undirected,70755,,0.600828
ASV35,ASV273,Undirected,70756,,-0.702172
ASV35,ASV2744,Undirected,70757,,0.63586
ASV35,ASV277,Undirected,70758,,0.638677
ASV35,ASV29,Undirected,70760,,0.673902
ASV35,ASV295,Undirected,70761,,0.685626
ASV35,ASV326,Undirected,70764,,0.608392
ASV35,ASV34,Undirected,70769,,-0.688533
ASV35,ASV35,Undirected,70772,,1
ASV35,ASV36,Undirected,70773,,-1.626874
ASV35,ASV363,Undirected,70774,,-1.470528
ASV35,ASV3752,Undirected,70775,,1.413523
ASV35,ASV3768,Undirected,70776,,1.435929
ASV35,ASV398,Undirected,70777,,1.626489
ASV35,ASV4134,Undirected,70778,,1.443711
ASV35,ASV430,Undirected,70779,,1.54047
ASV35,ASV456,Undirected,70780,,1.543815
ASV35,ASV51,Undirected,70781,,1.542544
ASV35,ASV514,Undirected,70782,,-1.508816
ASV35,ASV528,Undirected,70783,,1.72498
ASV35,ASV529,Undirected,70784,,1.706782
ASV35,ASV56,Undirected,70785,,-1.503876
ASV35,ASV570,Undirected,70786,,1.52594
ASV35,ASV6,Undirected,70787,,1.65617
ASV35,ASV61,Undirected,70788,,-1.664944
ASV35,ASV637,Undirected,70789,,-1.429473
ASV35,ASV681,Undirected,70790,,-1.44353
ASV35,ASV708,Undirected,70791,,1.641042
ASV35,ASV732,Undirected,70792,,-1.474041
ASV35,ASV80,Undirected,70793,,-1.58781
ASV35,ASV810,Undirected,70794,,-1.498976
ASV35,ASV82,Undirected,70795,,-1.471074
ASV35,ASV856,Undirected,70796,,1.558331
ASV35,ASV881,Undirected,70797,,1.498206
ASV35,ASV9,Undirected,70798,,-1.470315
ASV35,ASV92,Undirected,70799,,1.595866
ASV35,ASV920,Undirected,70800,,1.48391
ASV35,ASV927,Undirected,70801,,-1.652839
ASV35,ASV95,Undirected,70802,,1.635142
ASV35,ASV96,Undirected,70803,,-1.551763
ASV352,ASV1015,Undirected,70804,,-0.645547
ASV352,ASV1026,Undirected,70805,,0.614334
ASV352,ASV103,Undirected,70806,,-0.637086
ASV352,ASV108,Undirected,70807,,-0.649282
ASV352,ASV1093,Undirected,70808,,0.68413
ASV352,ASV113,Undirected,70810,,-0.690485
ASV352,ASV117,Undirected,70811,,-0.631014
ASV352,ASV1221,Undirected,70813,,0.687483
ASV352,ASV1273,Undirected,70815,,0.675828
ASV352,ASV1277,Undirected,70816,,0.635218
ASV352,ASV1381,Undirected,70817,,-0.623621
ASV352,ASV1437,Undirected,70821,,0.664613
ASV352,ASV149,Undirected,70822,,0.702992
ASV352,ASV1492,Undirected,70823,,0.603352
ASV352,ASV154,Undirected,70824,,0.637852
ASV352,ASV158,Undirected,70825,,0.691691
ASV352,ASV1615,Undirected,70827,,0.614832
ASV352,ASV165,Undirected,70829,,-0.659118
ASV352,ASV1738,Undirected,70830,,0.668999
ASV352,ASV194,Undirected,70832,,-0.645294
ASV352,ASV1985,Undirected,70833,,0.645944
ASV352,ASV2,Undirected,70834,,-0.683004
ASV352,ASV20,Undirected,70835,,-0.664086
ASV352,ASV2017,Undirected,70836,,0.624541
ASV352,ASV207,Undirected,70837,,0.68573
ASV352,ASV214,Undirected,70838,,0.664586
ASV352,ASV2155,Undirected,70839,,-0.644621
ASV352,ASV223,Undirected,70842,,0.704398
ASV352,ASV225,Undirected,70843,,0.696577
ASV352,ASV235,Undirected,70847,,0.645147
ASV352,ASV241,Undirected,70848,,0.68606
ASV352,ASV243,Undirected,70850,,0.634121
ASV352,ASV264,Undirected,70854,,0.70445
ASV352,ASV2744,Undirected,70856,,0.608231
ASV352,ASV277,Undirected,70857,,0.692637
ASV352,ASV295,Undirected,70860,,0.692928
ASV352,ASV31,Undirected,70861,,-0.690678
ASV352,ASV32,Undirected,70863,,-0.620534
ASV352,ASV326,Undirected,70864,,0.685626
ASV352,ASV328,Undirected,70865,,0.616198
ASV352,ASV35,Undirected,70870,,0.646897
ASV352,ASV352,Undirected,70871,,1
ASV352,ASV36,Undirected,70872,,-1.592545
ASV352,ASV369,Undirected,70873,,1.511772
ASV352,ASV384,Undirected,70874,,1.42693
ASV352,ASV416,Undirected,70875,,1.739074
ASV352,ASV423,Undirected,70876,,1.487154
ASV352,ASV435,Undirected,70877,,1.634691
ASV352,ASV437,Undirected,70878,,1.422876
ASV352,ASV458,Undirected,70879,,1.463235
ASV352,ASV459,Undirected,70880,,1.533613
ASV352,ASV463,Undirected,70881,,-1.466626
ASV352,ASV468,Undirected,70882,,1.47198
ASV352,ASV488,Undirected,70883,,1.512068
ASV352,ASV501,Undirected,70884,,1.45381
ASV352,ASV514,Undirected,70885,,-1.425307
ASV352,ASV531,Undirected,70886,,1.572056
ASV352,ASV551,Undirected,70887,,-1.501578
ASV352,ASV556,Undirected,70888,,1.487732
ASV352,ASV5744,Undirected,70889,,-1.536016
ASV352,ASV579,Undirected,70890,,1.471532
ASV352,ASV6,Undirected,70891,,1.490949
ASV352,ASV619,Undirected,70892,,1.418679
ASV352,ASV653,Undirected,70893,,1.419423
ASV352,ASV657,Undirected,70894,,1.53814
ASV352,ASV675,Undirected,70895,,1.424067
ASV352,ASV707,Undirected,70896,,1.492154
ASV352,ASV721,Undirected,70897,,1.665966
ASV352,ASV80,Undirected,70898,,-1.505261
ASV352,ASV856,Undirected,70899,,1.513869
ASV352,ASV876,Undirected,70900,,1.714045
ASV352,ASV881,Undirected,70901,,1.462551
ASV352,ASV92,Undirected,70902,,1.637361
ASV352,ASV927,Undirected,70903,,-1.445496
ASV352,ASV938,Undirected,70904,,-1.541056
ASV352,ASV95,Undirected,70905,,1.769726
ASV352,ASV96,Undirected,70906,,-1.50838
ASV352,ASV983,Undirected,70907,,1.593941
ASV352,ASV995,Undirected,70908,,1.778712
ASV353,ASV1123,Undirected,70909,,0.630965
ASV353,ASV353,Undirected,70911,,1
ASV353,ASV356,Undirected,70912,,1.42471
ASV356,ASV1005,Undirected,70913,,-0.654418
ASV356,ASV1202,Undirected,70914,,-0.663567
ASV356,ASV1277,Undirected,70915,,-0.622841
ASV356,ASV163,Undirected,70916,,0.70549
ASV356,ASV1733,Undirected,70917,,-0.61386
ASV356,ASV1812,Undirected,70918,,0.649977
ASV356,ASV19,Undirected,70919,,-0.667712
ASV356,ASV2,Undirected,70920,,0.615079
ASV356,ASV2066,Undirected,70921,,-0.613092
ASV356,ASV356,Undirected,70923,,1
ASV3570,ASV1217,Undirected,70928,,-0.670743
ASV3570,ASV14,Undirected,70929,,-0.607215
ASV3570,ASV1588,Undirected,70930,,-0.621825
ASV3570,ASV221,Undirected,70931,,0.641202
ASV3570,ASV232,Undirected,70932,,0.605129
ASV3570,ASV2771,Undirected,70933,,-0.694708
ASV3570,ASV28,Undirected,70934,,-0.606459
ASV3570,ASV30,Undirected,70935,,-0.70236
ASV3570,ASV3570,Undirected,70936,,1
ASV3570,ASV413,Undirected,70937,,1.568403
ASV3570,ASV634,Undirected,70938,,-1.581171
ASV3576,ASV174,Undirected,70939,,-0.624017
ASV3576,ASV2291,Undirected,70940,,0.644206
ASV3576,ASV3576,Undirected,70941,,1
ASV358,ASV10,Undirected,70942,,-0.631801
ASV358,ASV106,Undirected,70943,,0.663545
ASV358,ASV1293,Undirected,70944,,0.614979
ASV358,ASV134,Undirected,70945,,0.628113
ASV358,ASV14,Undirected,70946,,-0.624551
ASV358,ASV28,Undirected,70947,,-0.619174
ASV358,ASV3,Undirected,70948,,-0.64423
ASV358,ASV30,Undirected,70949,,-0.668052
ASV358,ASV358,Undirected,70950,,1
ASV358,ASV75,Undirected,70951,,1.472601
ASV358,ASV98,Undirected,70952,,-1.495318
ASV359,ASV1277,Undirected,70953,,0.602651
ASV359,ASV133,Undirected,70954,,0.612552
ASV359,ASV157,Undirected,70955,,0.701245
ASV359,ASV163,Undirected,70956,,-0.639553
ASV359,ASV298,Undirected,70958,,0.602073
ASV359,ASV308,Undirected,70959,,0.653655
ASV359,ASV356,Undirected,70960,,-0.659039
ASV359,ASV359,Undirected,70961,,1
ASV36,ASV1007,Undirected,70963,,0.694553
ASV36,ASV1017,Undirected,70964,,0.659388
ASV36,ASV1069,Undirected,70967,,-0.660786
ASV36,ASV1120,Undirected,70971,,-0.654315
ASV36,ASV1136,Undirected,70973,,0.683254
ASV36,ASV114,Undirected,70974,,0.692507
ASV36,ASV1141,Undirected,70975,,0.625345
ASV36,ASV1149,Undirected,70976,,-0.603458
ASV36,ASV1165,Undirected,70977,,0.694675
ASV36,ASV1193,Undirected,70979,,-0.615319
ASV36,ASV1198,Undirected,70980,,-0.653266
ASV36,ASV120,Undirected,70981,,-0.620981
ASV36,ASV121,Undirected,70982,,0.690675
ASV36,ASV1210,Undirected,70983,,0.669012
ASV36,ASV123,Undirected,70985,,0.678829
ASV36,ASV1243,Undirected,70986,,-0.661655
ASV36,ASV1286,Undirected,70989,,-0.616409
ASV36,ASV1292,Undirected,70990,,-0.618702
ASV36,ASV135,Undirected,70994,,0.672022
ASV36,ASV1358,Undirected,70995,,-0.679541
ASV36,ASV1381,Undirected,70996,,0.608304
ASV36,ASV140,Undirected,70998,,-0.655119
ASV36,ASV142,Undirected,70999,,-0.701138
ASV36,ASV1428,Undirected,71000,,-0.643922
ASV36,ASV1468,Undirected,71001,,-0.646754
ASV36,ASV149,Undirected,71002,,-0.673733
ASV36,ASV1499,Undirected,71004,,-0.631044
ASV36,ASV153,Undirected,71007,,0.600517
ASV36,ASV154,Undirected,71008,,-0.654085
ASV36,ASV169,Undirected,71014,,0.616582
ASV36,ASV171,Undirected,71016,,0.682031
ASV36,ASV172,Undirected,71017,,0.616736
ASV36,ASV1730,Undirected,71018,,-0.609328
ASV36,ASV1738,Undirected,71019,,-0.63905
ASV36,ASV1740,Undirected,71020,,-0.70256
ASV36,ASV175,Undirected,71021,,0.648062
ASV36,ASV179,Undirected,71023,,-0.650598
ASV36,ASV18,Undirected,71024,,-0.605372
ASV36,ASV1838,Undirected,71025,,-0.701947
ASV36,ASV187,Undirected,71026,,0.702689
ASV36,ASV192,Undirected,71027,,-0.615393
ASV36,ASV195,Undirected,71029,,0.674781
ASV36,ASV197,Undirected,71030,,0.683557
ASV36,ASV2017,Undirected,71032,,-0.657821
ASV36,ASV207,Undirected,71034,,-0.669979
ASV36,ASV214,Undirected,71035,,-0.677555
ASV36,ASV2185,Undirected,71037,,-0.618442
ASV36,ASV22,Undirected,71039,,0.670023
ASV36,ASV220,Undirected,71040,,0.662348
ASV36,ASV226,Undirected,71043,,0.643859
ASV36,ASV2361,Undirected,71049,,0.615824
ASV36,ASV2383,Undirected,71051,,-0.661697
ASV36,ASV242,Undirected,71053,,-0.650285
ASV36,ASV2511,Undirected,71057,,-0.651372
ASV36,ASV258,Undirected,71058,,0.660631
ASV36,ASV263,Undirected,71061,,0.692188
ASV36,ASV2744,Undirected,71065,,-0.657092
ASV36,ASV291,Undirected,71070,,-0.626426
ASV36,ASV297,Undirected,71072,,-0.640156
ASV36,ASV326,Undirected,71077,,-0.649983
ASV36,ASV327,Undirected,71078,,0.6091
ASV36,ASV328,Undirected,71079,,-0.616063
ASV36,ASV33,Undirected,71080,,0.698758
ASV36,ASV330,Undirected,71081,,0.70424
ASV36,ASV332,Undirected,71082,,-0.674431
ASV36,ASV3327,Undirected,71083,,0.642485
ASV36,ASV334,Undirected,71084,,-0.655975
ASV36,ASV335,Undirected,71085,,-0.67741
ASV36,ASV36,Undirected,71090,,1
ASV36,ASV363,Undirected,71091,,1.632696
ASV36,ASV369,Undirected,71092,,-1.603521
ASV36,ASV37,Undirected,71093,,1.669251
ASV36,ASV3752,Undirected,71094,,-1.648731
ASV36,ASV4,Undirected,71095,,1.605373
ASV36,ASV404,Undirected,71096,,1.582142
ASV36,ASV4134,Undirected,71097,,-1.484146
ASV36,ASV416,Undirected,71098,,-1.612638
ASV36,ASV430,Undirected,71099,,-1.497675
ASV36,ASV435,Undirected,71100,,-1.471405
ASV36,ASV437,Undirected,71101,,-1.426373
ASV36,ASV445,Undirected,71102,,1.571651
ASV36,ASV451,Undirected,71103,,1.510353
ASV36,ASV456,Undirected,71104,,-1.454364
ASV36,ASV459,Undirected,71105,,-1.667586
ASV36,ASV463,Undirected,71106,,1.616781
ASV36,ASV468,Undirected,71107,,-1.563431
ASV36,ASV5,Undirected,71108,,1.747935
ASV36,ASV501,Undirected,71109,,-1.479796
ASV36,ASV51,Undirected,71110,,-1.498713
ASV36,ASV514,Undirected,71111,,1.673411
ASV36,ASV529,Undirected,71112,,-1.702223
ASV36,ASV531,Undirected,71113,,-1.527708
ASV36,ASV56,Undirected,71114,,1.806618
ASV36,ASV57,Undirected,71115,,1.522234
ASV36,ASV5744,Undirected,71116,,1.52716
ASV36,ASV579,Undirected,71117,,-1.461121
ASV36,ASV59,Undirected,71118,,1.650827
ASV36,ASV6,Undirected,71119,,-1.675621
ASV36,ASV600,Undirected,71120,,-1.456844
ASV36,ASV61,Undirected,71121,,1.762028
ASV36,ASV619,Undirected,71122,,-1.48676
ASV36,ASV637,Undirected,71123,,1.473803
ASV36,ASV653,Undirected,71124,,-1.473997
ASV36,ASV655,Undirected,71125,,-1.673784
ASV36,ASV660,Undirected,71126,,-1.475525
ASV36,ASV681,Undirected,71127,,1.471234
ASV36,ASV707,Undirected,71128,,-1.491964
ASV36,ASV71,Undirected,71129,,1.444216
ASV36,ASV732,Undirected,71130,,1.878346
ASV36,ASV733,Undirected,71131,,1.443133
ASV36,ASV74,Undirected,71132,,1.596691
ASV36,ASV781,Undirected,71133,,-1.557356
ASV36,ASV79,Undirected,71134,,1.665805
ASV36,ASV80,Undirected,71135,,1.868734
ASV36,ASV810,Undirected,71136,,1.715631
ASV36,ASV82,Undirected,71137,,1.584496
ASV36,ASV828,Undirected,71138,,-1.750135
ASV36,ASV85,Undirected,71139,,-1.624612
ASV36,ASV856,Undirected,71140,,-1.769718
ASV36,ASV87,Undirected,71141,,1.719009
ASV36,ASV876,Undirected,71142,,-1.437921
ASV36,ASV881,Undirected,71143,,-1.716239
ASV36,ASV9,Undirected,71144,,1.795455
ASV36,ASV92,Undirected,71145,,-1.843847
ASV36,ASV927,Undirected,71146,,1.676574
ASV36,ASV938,Undirected,71147,,1.467435
ASV36,ASV95,Undirected,71148,,-1.811789
ASV36,ASV96,Undirected,71149,,1.875714
ASV36,ASV983,Undirected,71150,,-1.427842
ASV36,ASV995,Undirected,71151,,-1.477656
ASV360,ASV111,Undirected,71152,,-0.661824
ASV360,ASV113,Undirected,71153,,-0.683676
ASV360,ASV12,Undirected,71155,,-0.625461
ASV360,ASV1228,Undirected,71156,,0.673885
ASV360,ASV1358,Undirected,71159,,0.622969
ASV360,ASV140,Undirected,71160,,0.700846
ASV360,ASV146,Undirected,71162,,-0.620942
ASV360,ASV1468,Undirected,71163,,0.614177
ASV360,ASV150,Undirected,71165,,-0.63132
ASV360,ASV159,Undirected,71166,,0.691351
ASV360,ASV1698,Undirected,71168,,0.638192
ASV360,ASV1730,Undirected,71169,,0.691873
ASV360,ASV175,Undirected,71170,,-0.6386
ASV360,ASV178,Undirected,71171,,0.63056
ASV360,ASV184,Undirected,71172,,-0.607615
ASV360,ASV187,Undirected,71173,,-0.607712
ASV360,ASV194,Undirected,71174,,-0.621363
ASV360,ASV197,Undirected,71175,,-0.62176
ASV360,ASV205,Undirected,71177,,0.679697
ASV360,ASV207,Undirected,71178,,0.660031
ASV360,ASV2124,Undirected,71179,,-0.617636
ASV360,ASV216,Undirected,71180,,-0.609721
ASV360,ASV2213,Undirected,71181,,0.618355
ASV360,ASV225,Undirected,71182,,0.652275
ASV360,ASV2290,Undirected,71184,,0.624268
ASV360,ASV231,Undirected,71185,,0.614679
ASV360,ASV237,Undirected,71187,,-0.633615
ASV360,ASV242,Undirected,71189,,0.654878
ASV360,ASV243,Undirected,71190,,0.639413
ASV360,ASV2511,Undirected,71192,,0.661238
ASV360,ASV260,Undirected,71194,,0.673447
ASV360,ASV261,Undirected,71195,,0.64759
ASV360,ASV263,Undirected,71196,,-0.657481
ASV360,ASV267,Undirected,71197,,-0.648382
ASV360,ASV271,Undirected,71198,,0.64737
ASV360,ASV276,Undirected,71199,,-0.675018
ASV360,ASV297,Undirected,71201,,0.680272
ASV360,ASV330,Undirected,71206,,-0.686798
ASV360,ASV352,Undirected,71207,,0.609859
ASV360,ASV360,Undirected,71208,,1
ASV360,ASV374,Undirected,71209,,-1.451814
ASV360,ASV401,Undirected,71210,,1.561132
ASV360,ASV404,Undirected,71211,,-1.716528
ASV360,ASV440,Undirected,71212,,1.678505
ASV360,ASV445,Undirected,71213,,-1.69602
ASV360,ASV447,Undirected,71214,,1.455274
ASV360,ASV5,Undirected,71215,,-1.422075
ASV360,ASV501,Undirected,71216,,1.451525
ASV360,ASV514,Undirected,71217,,-1.503401
ASV360,ASV554,Undirected,71218,,1.509495
ASV360,ASV5638,Undirected,71219,,1.437598
ASV360,ASV5744,Undirected,71220,,-1.556507
ASV360,ASV5782,Undirected,71221,,-1.493534
ASV360,ASV59,Undirected,71222,,-1.590479
ASV360,ASV6,Undirected,71223,,1.5884
ASV360,ASV603,Undirected,71224,,1.420625
ASV360,ASV71,Undirected,71225,,-1.511474
ASV360,ASV719,Undirected,71226,,-1.436944
ASV360,ASV733,Undirected,71227,,-1.522218
ASV360,ASV76,Undirected,71228,,1.487249
ASV360,ASV81,Undirected,71229,,-1.762782
ASV360,ASV82,Undirected,71230,,-1.452971
ASV360,ASV90,Undirected,71231,,-1.420423
ASV360,ASV95,Undirected,71232,,1.440195
ASV362,ASV1013,Undirected,71233,,0.668544
ASV362,ASV1132,Undirected,71234,,-0.641078
ASV362,ASV1275,Undirected,71235,,0.612351
ASV362,ASV143,Undirected,71236,,0.615345
ASV362,ASV1493,Undirected,71237,,0.617067
ASV362,ASV153,Undirected,71238,,0.611602
ASV362,ASV1595,Undirected,71239,,0.623245
ASV362,ASV185,Undirected,71240,,0.676028
ASV362,ASV209,Undirected,71241,,0.653009
ASV362,ASV2208,Undirected,71242,,-0.670137
ASV362,ASV239,Undirected,71244,,-0.616901
ASV362,ASV2486,Undirected,71245,,-0.648677
ASV362,ASV2809,Undirected,71248,,-0.63188
ASV362,ASV293,Undirected,71249,,0.649014
ASV362,ASV317,Undirected,71250,,0.620851
ASV362,ASV362,Undirected,71251,,1
ASV362,ASV380,Undirected,71252,,1.482834
ASV362,ASV48,Undirected,71253,,1.46246
ASV362,ASV53,Undirected,71254,,1.48421
ASV363,ASV100,Undirected,71255,,0.647615
ASV363,ASV1013,Undirected,71257,,0.656943
ASV363,ASV102,Undirected,71259,,0.613472
ASV363,ASV1162,Undirected,71266,,-0.639039
ASV363,ASV1165,Undirected,71267,,0.662931
ASV363,ASV123,Undirected,71271,,0.646367
ASV363,ASV125,Undirected,71273,,-0.695652
ASV363,ASV1251,Undirected,71274,,-0.63622
ASV363,ASV1275,Undirected,71275,,0.651296
ASV363,ASV1295,Undirected,71276,,-0.661471
ASV363,ASV135,Undirected,71279,,0.616382
ASV363,ASV139,Undirected,71281,,-0.637351
ASV363,ASV140,Undirected,71282,,-0.60269
ASV363,ASV149,Undirected,71283,,-0.659597
ASV363,ASV154,Undirected,71287,,-0.616658
ASV363,ASV1561,Undirected,71288,,0.61268
ASV363,ASV165,Undirected,71293,,0.660078
ASV363,ASV169,Undirected,71294,,0.608606
ASV363,ASV170,Undirected,71295,,0.701555
ASV363,ASV1730,Undirected,71298,,-0.691551
ASV363,ASV1781,Undirected,71300,,-0.694912
ASV363,ASV179,Undirected,71301,,-0.657159
ASV363,ASV18,Undirected,71302,,-0.656332
ASV363,ASV1838,Undirected,71303,,-0.669963
ASV363,ASV184,Undirected,71304,,0.678239
ASV363,ASV196,Undirected,71308,,0.62597
ASV363,ASV197,Undirected,71309,,0.689084
ASV363,ASV2017,Undirected,71310,,-0.632546
ASV363,ASV206,Undirected,71311,,0.60073
ASV363,ASV214,Undirected,71312,,-0.602698
ASV363,ASV219,Undirected,71314,,-0.61379
ASV363,ASV226,Undirected,71317,,0.658196
ASV363,ASV227,Undirected,71318,,0.612753
ASV363,ASV233,Undirected,71321,,-0.623056
ASV363,ASV2361,Undirected,71322,,0.66217
ASV363,ASV2552,Undirected,71329,,0.672226
ASV363,ASV257,Undirected,71330,,0.625785
ASV363,ASV27,Undirected,71335,,0.60982
ASV363,ASV277,Undirected,71339,,-0.653349
ASV363,ASV29,Undirected,71341,,-0.615623
ASV363,ASV291,Undirected,71342,,-0.645413
ASV363,ASV2915,Undirected,71343,,0.63594
ASV363,ASV295,Undirected,71344,,-0.606108
ASV363,ASV310,Undirected,71347,,-0.705548
ASV363,ASV327,Undirected,71349,,0.692706
ASV363,ASV335,Undirected,71351,,-0.619028
ASV363,ASV34,Undirected,71352,,0.640642
ASV363,ASV344,Undirected,71353,,0.644594
ASV363,ASV363,Undirected,71356,,1
ASV363,ASV37,Undirected,71357,,1.855223
ASV363,ASV374,Undirected,71358,,1.478757
ASV363,ASV4,Undirected,71359,,1.885274
ASV363,ASV404,Undirected,71360,,1.534078
ASV363,ASV430,Undirected,71361,,-1.471451
ASV363,ASV437,Undirected,71362,,-1.439611
ASV363,ASV445,Undirected,71363,,1.646998
ASV363,ASV451,Undirected,71364,,1.456241
ASV363,ASV48,Undirected,71365,,1.749742
ASV363,ASV5,Undirected,71366,,1.80672
ASV363,ASV514,Undirected,71367,,1.714734
ASV363,ASV5245,Undirected,71368,,1.494051
ASV363,ASV528,Undirected,71369,,-1.481568
ASV363,ASV529,Undirected,71370,,-1.558274
ASV363,ASV56,Undirected,71371,,1.773409
ASV363,ASV564,Undirected,71372,,1.689679
ASV363,ASV5687,Undirected,71373,,1.520558
ASV363,ASV57,Undirected,71374,,1.621314
ASV363,ASV5744,Undirected,71375,,1.55176
ASV363,ASV59,Undirected,71376,,1.676488
ASV363,ASV6,Undirected,71377,,-1.662017
ASV363,ASV600,Undirected,71378,,-1.418035
ASV363,ASV61,Undirected,71379,,1.832298
ASV363,ASV637,Undirected,71380,,1.528564
ASV363,ASV655,Undirected,71381,,-1.435563
ASV363,ASV677,Undirected,71382,,1.602955
ASV363,ASV681,Undirected,71383,,1.632784
ASV363,ASV71,Undirected,71384,,1.490441
ASV363,ASV732,Undirected,71385,,1.606681
ASV363,ASV74,Undirected,71386,,1.72685
ASV363,ASV741,Undirected,71387,,-1.523018
ASV363,ASV781,Undirected,71388,,-1.551862
ASV363,ASV79,Undirected,71389,,1.532091
ASV363,ASV80,Undirected,71390,,1.691831
ASV363,ASV810,Undirected,71391,,1.798555
ASV363,ASV82,Undirected,71392,,1.76422
ASV363,ASV828,Undirected,71393,,-1.46992
ASV363,ASV85,Undirected,71394,,-1.43611
ASV363,ASV850,Undirected,71395,,1.45273
ASV363,ASV856,Undirected,71396,,-1.647125
ASV363,ASV87,Undirected,71397,,1.544188
ASV363,ASV9,Undirected,71398,,1.82946
ASV363,ASV90,Undirected,71399,,1.419555
ASV363,ASV95,Undirected,71400,,-1.48267
ASV363,ASV955,Undirected,71401,,-1.509371
ASV363,ASV96,Undirected,71402,,1.598965
ASV3631,ASV190,Undirected,71403,,-0.624076
ASV3631,ASV3631,Undirected,71404,,1
ASV366,ASV1015,Undirected,71405,,0.62238
ASV366,ASV1812,Undirected,71406,,0.61228
ASV366,ASV345,Undirected,71407,,0.615908
ASV366,ASV366,Undirected,71408,,1
ASV366,ASV838,Undirected,71409,,1.419811
ASV368,ASV104,Undirected,71410,,0.623568
ASV368,ASV1492,Undirected,71411,,-0.603336
ASV368,ASV188,Undirected,71412,,-0.684953
ASV368,ASV269,Undirected,71413,,-0.607106
ASV368,ASV368,Undirected,71414,,1
ASV369,ASV1017,Undirected,71415,,-0.621366
ASV369,ASV102,Undirected,71416,,-0.614826
ASV369,ASV108,Undirected,71418,,-0.671851
ASV369,ASV1165,Undirected,71423,,-0.611348
ASV369,ASV1186,Undirected,71425,,-0.628537
ASV369,ASV1210,Undirected,71426,,-0.649745
ASV369,ASV122,Undirected,71427,,-0.66806
ASV369,ASV1251,Undirected,71429,,0.690298
ASV369,ASV1295,Undirected,71431,,0.656603
ASV369,ASV1298,Undirected,71432,,0.640604
ASV369,ASV135,Undirected,71433,,-0.66027
ASV369,ASV1358,Undirected,71434,,0.636426
ASV369,ASV139,Undirected,71435,,0.699276
ASV369,ASV142,Undirected,71437,,0.638717
ASV369,ASV149,Undirected,71439,,0.639752
ASV369,ASV15,Undirected,71441,,-0.639752
ASV369,ASV158,Undirected,71442,,0.685981
ASV369,ASV16,Undirected,71444,,-0.698602
ASV369,ASV1838,Undirected,71448,,0.660437
ASV369,ASV197,Undirected,71450,,-0.611284
ASV369,ASV216,Undirected,71451,,-0.68316
ASV369,ASV22,Undirected,71453,,-0.697206
ASV369,ASV233,Undirected,71457,,0.681041
ASV369,ASV235,Undirected,71458,,0.671843
ASV369,ASV237,Undirected,71459,,-0.621497
ASV369,ASV24,Undirected,71460,,-0.645445
ASV369,ASV242,Undirected,71461,,0.640601
ASV369,ASV243,Undirected,71462,,0.644955
ASV369,ASV258,Undirected,71465,,-0.657173
ASV369,ASV264,Undirected,71468,,0.701764
ASV369,ASV283,Undirected,71471,,0.621625
ASV369,ASV288,Undirected,71472,,0.645931
ASV369,ASV297,Undirected,71473,,0.64134
ASV369,ASV307,Undirected,71475,,-0.623444
ASV369,ASV310,Undirected,71477,,0.692946
ASV369,ASV32,Undirected,71478,,-0.635989
ASV369,ASV33,Undirected,71480,,-0.626943
ASV369,ASV35,Undirected,71483,,0.624419
ASV369,ASV369,Undirected,71486,,1
ASV369,ASV3752,Undirected,71487,,1.55211
ASV369,ASV384,Undirected,71488,,1.45891
ASV369,ASV416,Undirected,71489,,1.513738
ASV369,ASV435,Undirected,71490,,1.663192
ASV369,ASV45,Undirected,71491,,-1.57513
ASV369,ASV459,Undirected,71492,,1.68079
ASV369,ASV501,Undirected,71493,,1.452283
ASV369,ASV514,Undirected,71494,,-1.489364
ASV369,ASV531,Undirected,71495,,1.740799
ASV369,ASV56,Undirected,71496,,-1.462734
ASV369,ASV576,Undirected,71497,,1.470356
ASV369,ASV579,Undirected,71498,,1.702565
ASV369,ASV655,Undirected,71499,,1.447747
ASV369,ASV660,Undirected,71500,,1.436256
ASV369,ASV68,Undirected,71501,,-1.507007
ASV369,ASV732,Undirected,71502,,-1.611678
ASV369,ASV781,Undirected,71503,,1.469675
ASV369,ASV80,Undirected,71504,,-1.519919
ASV369,ASV828,Undirected,71505,,1.487288
ASV369,ASV85,Undirected,71506,,1.46998
ASV369,ASV87,Undirected,71507,,-1.507759
ASV369,ASV92,Undirected,71508,,1.623189
ASV369,ASV927,Undirected,71509,,-1.481536
ASV369,ASV938,Undirected,71510,,-1.493002
ASV369,ASV95,Undirected,71511,,1.555901
ASV369,ASV96,Undirected,71512,,-1.665112
ASV369,ASV983,Undirected,71513,,1.629946
ASV369,ASV995,Undirected,71514,,1.507312
ASV37,ASV100,Undirected,71515,,0.617869
ASV37,ASV1013,Undirected,71517,,0.668398
ASV37,ASV1024,Undirected,71519,,-0.622886
ASV37,ASV103,Undirected,71520,,0.705854
ASV37,ASV1030,Undirected,71521,,-0.62921
ASV37,ASV1069,Undirected,71522,,-0.672906
ASV37,ASV121,Undirected,71531,,0.678407
ASV37,ASV123,Undirected,71533,,0.670673
ASV37,ASV1243,Undirected,71534,,-0.703844
ASV37,ASV125,Undirected,71535,,-0.699587
ASV37,ASV1251,Undirected,71536,,-0.670813
ASV37,ASV1298,Undirected,71538,,-0.693723
ASV37,ASV1358,Undirected,71540,,-0.706275
ASV37,ASV1381,Undirected,71541,,0.669677
ASV37,ASV139,Undirected,71542,,-0.626357
ASV37,ASV142,Undirected,71543,,-0.650129
ASV37,ASV1492,Undirected,71544,,-0.698759
ASV37,ASV1561,Undirected,71547,,0.616225
ASV37,ASV165,Undirected,71552,,0.653126
ASV37,ASV169,Undirected,71553,,0.661835
ASV37,ASV170,Undirected,71554,,0.667186
ASV37,ASV181,Undirected,71560,,-0.645964
ASV37,ASV1838,Undirected,71561,,-0.697751
ASV37,ASV184,Undirected,71562,,0.685819
ASV37,ASV191,Undirected,71564,,0.619163
ASV37,ASV214,Undirected,71570,,-0.653889
ASV37,ASV219,Undirected,71572,,-0.644228
ASV37,ASV220,Undirected,71573,,0.645935
ASV37,ASV2213,Undirected,71574,,-0.646265
ASV37,ASV226,Undirected,71576,,0.634718
ASV37,ASV227,Undirected,71577,,0.68255
ASV37,ASV23,Undirected,71579,,0.652556
ASV37,ASV244,Undirected,71586,,0.701501
ASV37,ASV2511,Undirected,71588,,-0.692836
ASV37,ASV257,Undirected,71589,,0.63033
ASV37,ASV258,Undirected,71590,,0.611686
ASV37,ASV27,Undirected,71595,,0.685596
ASV37,ASV2809,Undirected,71600,,-0.612638
ASV37,ASV288,Undirected,71601,,-0.631471
ASV37,ASV291,Undirected,71602,,-0.674264
ASV37,ASV2915,Undirected,71603,,0.671496
ASV37,ASV295,Undirected,71604,,-0.613237
ASV37,ASV307,Undirected,71605,,0.65821
ASV37,ASV310,Undirected,71607,,-0.677372
ASV37,ASV326,Undirected,71609,,-0.627192
ASV37,ASV33,Undirected,71610,,0.637352
ASV37,ASV3327,Undirected,71611,,0.621253
ASV37,ASV335,Undirected,71612,,-0.640196
ASV37,ASV34,Undirected,71613,,0.630165
ASV37,ASV35,Undirected,71615,,-0.660124
ASV37,ASV369,Undirected,71618,,-0.630627
ASV37,ASV37,Undirected,71619,,1
ASV37,ASV3752,Undirected,71620,,-1.565538
ASV37,ASV4,Undirected,71621,,1.887455
ASV37,ASV404,Undirected,71622,,1.513791
ASV37,ASV41,Undirected,71623,,1.584711
ASV37,ASV437,Undirected,71624,,-1.435002
ASV37,ASV445,Undirected,71625,,1.645296
ASV37,ASV451,Undirected,71626,,1.490949
ASV37,ASV463,Undirected,71627,,1.5352
ASV37,ASV48,Undirected,71628,,1.857438
ASV37,ASV5,Undirected,71629,,1.903975
ASV37,ASV501,Undirected,71630,,-1.414816
ASV37,ASV514,Undirected,71631,,1.642495
ASV37,ASV5245,Undirected,71632,,1.455297
ASV37,ASV529,Undirected,71633,,-1.435916
ASV37,ASV54,Undirected,71634,,1.707796
ASV37,ASV56,Undirected,71635,,1.714729
ASV37,ASV564,Undirected,71636,,1.519969
ASV37,ASV5687,Undirected,71637,,1.612494
ASV37,ASV57,Undirected,71638,,1.854264
ASV37,ASV571,Undirected,71639,,1.533957
ASV37,ASV5744,Undirected,71640,,1.463289
ASV37,ASV59,Undirected,71641,,1.612804
ASV37,ASV6,Undirected,71642,,-1.521941
ASV37,ASV61,Undirected,71643,,1.654603
ASV37,ASV655,Undirected,71644,,-1.467309
ASV37,ASV677,Undirected,71645,,1.535705
ASV37,ASV681,Undirected,71646,,1.434204
ASV37,ASV702,Undirected,71647,,1.428344
ASV37,ASV71,Undirected,71648,,1.557047
ASV37,ASV732,Undirected,71649,,1.605021
ASV37,ASV74,Undirected,71650,,1.665117
ASV37,ASV741,Undirected,71651,,-1.489117
ASV37,ASV781,Undirected,71652,,-1.44432
ASV37,ASV79,Undirected,71653,,1.676319
ASV37,ASV80,Undirected,71654,,1.770661
ASV37,ASV810,Undirected,71655,,1.668064
ASV37,ASV82,Undirected,71656,,1.65186
ASV37,ASV828,Undirected,71657,,-1.624878
ASV37,ASV85,Undirected,71658,,-1.554522
ASV37,ASV856,Undirected,71659,,-1.686895
ASV37,ASV87,Undirected,71660,,1.662365
ASV37,ASV9,Undirected,71661,,1.926691
ASV37,ASV95,Undirected,71662,,-1.531783
ASV37,ASV952,Undirected,71663,,-1.470884
ASV37,ASV96,Undirected,71664,,1.695656
ASV370,ASV10,Undirected,71665,,0.620988
ASV370,ASV14,Undirected,71666,,0.62618
ASV370,ASV191,Undirected,71667,,-0.628991
ASV370,ASV2370,Undirected,71668,,0.642701
ASV370,ASV280,Undirected,71669,,0.623906
ASV370,ASV366,Undirected,71670,,0.6909
ASV370,ASV370,Undirected,71671,,1
ASV370,ASV4229,Undirected,71672,,1.481869
ASV370,ASV535,Undirected,71673,,-1.57478
ASV373,ASV155,Undirected,71674,,0.644127
ASV373,ASV1595,Undirected,71675,,0.60349
ASV373,ASV1626,Undirected,71676,,0.645216
ASV373,ASV1780,Undirected,71677,,0.643293
ASV373,ASV319,Undirected,71678,,0.632774
ASV373,ASV336,Undirected,71679,,-0.629171
ASV373,ASV362,Undirected,71680,,0.639594
ASV373,ASV373,Undirected,71681,,1
ASV373,ASV403,Undirected,71682,,1.438986
ASV373,ASV43,Undirected,71683,,1.460386
ASV3732,ASV102,Undirected,71686,,-0.629342
ASV3732,ASV1069,Undirected,71687,,0.63963
ASV3732,ASV110,Undirected,71690,,-0.602174
ASV3732,ASV115,Undirected,71693,,-0.620404
ASV3732,ASV116,Undirected,71694,,0.683584
ASV3732,ASV1269,Undirected,71697,,0.64817
ASV3732,ASV1298,Undirected,71698,,0.665534
ASV3732,ASV13,Undirected,71699,,-0.689602
ASV3732,ASV14,Undirected,71700,,0.643228
ASV3732,ASV140,Undirected,71701,,0.661491
ASV3732,ASV150,Undirected,71704,,-0.693224
ASV3732,ASV154,Undirected,71705,,0.615942
ASV3732,ASV158,Undirected,71706,,0.670979
ASV3732,ASV175,Undirected,71708,,-0.65908
ASV3732,ASV180,Undirected,71710,,-0.601491
ASV3732,ASV191,Undirected,71711,,-0.607097
ASV3732,ASV194,Undirected,71712,,-0.676166
ASV3732,ASV195,Undirected,71713,,-0.615345
ASV3732,ASV216,Undirected,71714,,-0.661647
ASV3732,ASV217,Undirected,71715,,-0.615146
ASV3732,ASV2185,Undirected,71716,,0.638885
ASV3732,ASV225,Undirected,71718,,0.618333
ASV3732,ASV24,Undirected,71721,,-0.692547
ASV3732,ASV252,Undirected,71723,,-0.651994
ASV3732,ASV260,Undirected,71724,,0.632124
ASV3732,ASV261,Undirected,71725,,0.640083
ASV3732,ASV263,Undirected,71726,,-0.66028
ASV3732,ASV266,Undirected,71727,,0.610478
ASV3732,ASV273,Undirected,71728,,-0.653547
ASV3732,ASV2774,Undirected,71731,,-0.65037
ASV3732,ASV28,Undirected,71732,,0.646147
ASV3732,ASV295,Undirected,71734,,0.654583
ASV3732,ASV297,Undirected,71735,,0.633011
ASV3732,ASV3089,Undirected,71736,,0.620517
ASV3732,ASV31,Undirected,71737,,-0.696373
ASV3732,ASV32,Undirected,71738,,-0.649433
ASV3732,ASV33,Undirected,71740,,-0.615026
ASV3732,ASV335,Undirected,71742,,0.622989
ASV3732,ASV344,Undirected,71743,,-0.637164
ASV3732,ASV36,Undirected,71744,,-0.689441
ASV3732,ASV363,Undirected,71745,,-0.657173
ASV3732,ASV37,Undirected,71746,,-0.621315
ASV3732,ASV3732,Undirected,71747,,1
ASV3732,ASV38,Undirected,71748,,-1.43537
ASV3732,ASV436,Undirected,71749,,1.681536
ASV3732,ASV516,Undirected,71750,,-1.433187
ASV3732,ASV56,Undirected,71751,,-1.615943
ASV3732,ASV61,Undirected,71752,,-1.445883
ASV3732,ASV660,Undirected,71753,,1.422657
ASV3732,ASV667,Undirected,71754,,-1.49768
ASV3732,ASV681,Undirected,71755,,-1.50078
ASV3732,ASV733,Undirected,71756,,-1.445667
ASV3732,ASV74,Undirected,71757,,-1.433748
ASV3732,ASV79,Undirected,71758,,-1.440704
ASV3732,ASV96,Undirected,71759,,-1.540695
ASV374,ASV1007,Undirected,71760,,0.61967
ASV374,ASV102,Undirected,71761,,0.655083
ASV374,ASV1030,Undirected,71762,,-0.649715
ASV374,ASV1069,Undirected,71763,,-0.660253
ASV374,ASV111,Undirected,71764,,0.636976
ASV374,ASV1141,Undirected,71765,,0.627361
ASV374,ASV1193,Undirected,71767,,-0.603762
ASV374,ASV121,Undirected,71768,,0.682927
ASV374,ASV122,Undirected,71769,,0.630405
ASV374,ASV1358,Undirected,71773,,-0.647716
ASV374,ASV142,Undirected,71774,,-0.665459
ASV374,ASV149,Undirected,71775,,-0.682031
ASV374,ASV1492,Undirected,71776,,-0.610477
ASV374,ASV153,Undirected,71777,,0.638718
ASV374,ASV158,Undirected,71778,,-0.635095
ASV374,ASV159,Undirected,71779,,-0.613389
ASV374,ASV1615,Undirected,71780,,-0.694597
ASV374,ASV170,Undirected,71781,,0.619295
ASV374,ASV171,Undirected,71782,,0.60944
ASV374,ASV175,Undirected,71784,,0.672879
ASV374,ASV18,Undirected,71785,,-0.617695
ASV374,ASV185,Undirected,71787,,0.698026
ASV374,ASV187,Undirected,71788,,0.640084
ASV374,ASV191,Undirected,71789,,0.664764
ASV374,ASV194,Undirected,71790,,0.637118
ASV374,ASV196,Undirected,71791,,0.682031
ASV374,ASV197,Undirected,71792,,0.600208
ASV374,ASV2017,Undirected,71793,,-0.621165
ASV374,ASV216,Undirected,71794,,0.655691
ASV374,ASV220,Undirected,71795,,0.601559
ASV374,ASV227,Undirected,71796,,0.635703
ASV374,ASV229,Undirected,71797,,0.67513
ASV374,ASV231,Undirected,71798,,-0.632507
ASV374,ASV233,Undirected,71799,,-0.672559
ASV374,ASV237,Undirected,71800,,0.682598
ASV374,ASV2383,Undirected,71801,,-0.66695
ASV374,ASV25,Undirected,71803,,0.676671
ASV374,ASV2511,Undirected,71804,,-0.609451
ASV374,ASV263,Undirected,71805,,0.693265
ASV374,ASV273,Undirected,71807,,0.687565
ASV374,ASV276,Undirected,71808,,0.69782
ASV374,ASV288,Undirected,71809,,-0.64834
ASV374,ASV334,Undirected,71812,,-0.647151
ASV374,ASV34,Undirected,71813,,0.610767
ASV374,ASV37,Undirected,71816,,0.656316
ASV374,ASV374,Undirected,71817,,1
ASV374,ASV404,Undirected,71818,,1.432597
ASV374,ASV440,Undirected,71819,,-1.649872
ASV374,ASV452,Undirected,71820,,1.499322
ASV374,ASV5,Undirected,71821,,1.520957
ASV374,ASV514,Undirected,71822,,1.497405
ASV374,ASV57,Undirected,71823,,1.480064
ASV374,ASV59,Undirected,71824,,1.595453
ASV374,ASV61,Undirected,71825,,1.443524
ASV374,ASV637,Undirected,71826,,1.546781
ASV374,ASV71,Undirected,71827,,1.454738
ASV374,ASV74,Undirected,71828,,1.500779
ASV374,ASV77,Undirected,71829,,1.44917
ASV374,ASV81,Undirected,71830,,1.419991
ASV374,ASV82,Undirected,71831,,1.571432
ASV374,ASV9,Undirected,71832,,1.489917
ASV374,ASV90,Undirected,71833,,1.55153
ASV374,ASV955,Undirected,71834,,-1.489892
ASV374,ASV980,Undirected,71835,,1.454742
ASV375,ASV1213,Undirected,71836,,-0.616876
ASV375,ASV2213,Undirected,71838,,0.651065
ASV375,ASV375,Undirected,71839,,1
ASV3752,ASV100,Undirected,71840,,-0.648364
ASV3752,ASV1007,Undirected,71841,,-0.602734
ASV3752,ASV1038,Undirected,71843,,0.622031
ASV3752,ASV111,Undirected,71845,,-0.672801
ASV3752,ASV113,Undirected,71846,,-0.655901
ASV3752,ASV114,Undirected,71847,,-0.634449
ASV3752,ASV117,Undirected,71848,,-0.645285
ASV3752,ASV1193,Undirected,71850,,0.60187
ASV3752,ASV1251,Undirected,71853,,0.646778
ASV3752,ASV1295,Undirected,71855,,0.697042
ASV3752,ASV1358,Undirected,71856,,0.638694
ASV3752,ASV139,Undirected,71857,,0.661182
ASV3752,ASV1499,Undirected,71860,,0.60001
ASV3752,ASV158,Undirected,71861,,0.670342
ASV3752,ASV159,Undirected,71862,,0.630802
ASV3752,ASV16,Undirected,71863,,-0.666808
ASV3752,ASV160,Undirected,71864,,0.62045
ASV3752,ASV165,Undirected,71866,,-0.640716
ASV3752,ASV170,Undirected,71867,,-0.624657
ASV3752,ASV171,Undirected,71868,,-0.641582
ASV3752,ASV1740,Undirected,71869,,0.627265
ASV3752,ASV1781,Undirected,71870,,0.671709
ASV3752,ASV181,Undirected,71871,,0.620425
ASV3752,ASV187,Undirected,71872,,-0.658542
ASV3752,ASV195,Undirected,71874,,-0.675962
ASV3752,ASV1985,Undirected,71875,,0.653515
ASV3752,ASV2017,Undirected,71876,,0.620099
ASV3752,ASV22,Undirected,71879,,-0.687569
ASV3752,ASV2213,Undirected,71880,,0.669
ASV3752,ASV229,Undirected,71882,,-0.656241
ASV3752,ASV231,Undirected,71883,,0.694094
ASV3752,ASV233,Undirected,71884,,0.632317
ASV3752,ASV235,Undirected,71885,,0.645339
ASV3752,ASV24,Undirected,71888,,-0.605204
ASV3752,ASV248,Undirected,71889,,0.629946
ASV3752,ASV258,Undirected,71891,,-0.674205
ASV3752,ASV2599,Undirected,71892,,0.625957
ASV3752,ASV261,Undirected,71894,,0.700624
ASV3752,ASV264,Undirected,71895,,0.676842
ASV3752,ASV269,Undirected,71896,,0.614728
ASV3752,ASV291,Undirected,71899,,0.650912
ASV3752,ASV295,Undirected,71900,,0.689
ASV3752,ASV33,Undirected,71903,,-0.685128
ASV3752,ASV332,Undirected,71904,,0.616403
ASV3752,ASV335,Undirected,71905,,0.61759
ASV3752,ASV363,Undirected,71909,,-0.680546
ASV3752,ASV3752,Undirected,71912,,1
ASV3752,ASV451,Undirected,71913,,-1.584886
ASV3752,ASV529,Undirected,71914,,1.416193
ASV3752,ASV56,Undirected,71915,,-1.567403
ASV3752,ASV571,Undirected,71916,,-1.443902
ASV3752,ASV655,Undirected,71917,,1.514263
ASV3752,ASV732,Undirected,71918,,-1.624197
ASV3752,ASV787,Undirected,71919,,1.429205
ASV3752,ASV80,Undirected,71920,,-1.710163
ASV3752,ASV828,Undirected,71921,,1.664658
ASV3752,ASV85,Undirected,71922,,1.787093
ASV3752,ASV87,Undirected,71923,,-1.71139
ASV3752,ASV9,Undirected,71924,,-1.536242
ASV3752,ASV92,Undirected,71925,,1.510369
ASV3752,ASV927,Undirected,71926,,-1.671999
ASV3752,ASV95,Undirected,71927,,1.506144
ASV3752,ASV952,Undirected,71928,,1.482835
ASV3752,ASV96,Undirected,71929,,-1.616386
ASV3754,ASV201,Undirected,71931,,0.613311
ASV3754,ASV2291,Undirected,71932,,0.681085
ASV3754,ASV28,Undirected,71933,,0.641753
ASV3754,ASV280,Undirected,71934,,0.700425
ASV3754,ASV3,Undirected,71935,,0.659066
ASV3754,ASV314,Undirected,71936,,0.606978
ASV3754,ASV320,Undirected,71937,,-0.626811
ASV3754,ASV3754,Undirected,71938,,1
ASV3754,ASV4085,Undirected,71939,,1.804197
ASV3754,ASV486,Undirected,71940,,-1.4193
ASV3754,ASV49,Undirected,71941,,1.677246
ASV3754,ASV606,Undirected,71942,,1.483337
ASV3754,ASV63,Undirected,71943,,1.549672
ASV3754,ASV860,Undirected,71944,,1.541911
ASV3754,ASV884,Undirected,71945,,1.423358
ASV3760,ASV1607,Undirected,71947,,-0.692257
ASV3760,ASV3107,Undirected,71948,,-0.648219
ASV3760,ASV3760,Undirected,71949,,1
ASV3768,ASV1093,Undirected,71950,,0.618699
ASV3768,ASV1136,Undirected,71951,,-0.691218
ASV3768,ASV1221,Undirected,71953,,0.665069
ASV3768,ASV128,Undirected,71955,,0.674053
ASV3768,ASV139,Undirected,71956,,0.665864
ASV3768,ASV140,Undirected,71957,,0.64645
ASV3768,ASV1430,Undirected,71958,,0.657055
ASV3768,ASV219,Undirected,71959,,0.623604
ASV3768,ASV225,Undirected,71960,,0.612135
ASV3768,ASV228,Undirected,71961,,0.669884
ASV3768,ASV2583,Undirected,71962,,-0.62761
ASV3768,ASV270,Undirected,71963,,0.694454
ASV3768,ASV271,Undirected,71964,,0.629715
ASV3768,ASV291,Undirected,71965,,0.688278
ASV3768,ASV3072,Undirected,71966,,-0.678059
ASV3768,ASV310,Undirected,71967,,0.643584
ASV3768,ASV3189,Undirected,71968,,0.608284
ASV3768,ASV33,Undirected,71969,,-0.60825
ASV3768,ASV335,Undirected,71970,,0.621012
ASV3768,ASV3768,Undirected,71972,,1
ASV3768,ASV672,Undirected,71973,,1.476785
ASV3768,ASV925,Undirected,71974,,-1.436313
ASV377,ASV289,Undirected,71975,,-0.616346
ASV377,ASV3754,Undirected,71976,,0.658856
ASV377,ASV377,Undirected,71977,,1
ASV379,ASV101,Undirected,71978,,0.603183
ASV379,ASV1269,Undirected,71979,,-0.607334
ASV379,ASV1763,Undirected,71980,,-0.643746
ASV379,ASV2220,Undirected,71981,,0.620547
ASV379,ASV379,Undirected,71982,,1
ASV38,ASV110,Undirected,71988,,0.645328
ASV38,ASV113,Undirected,71990,,0.621901
ASV38,ASV1141,Undirected,71992,,0.668428
ASV38,ASV116,Undirected,71993,,-0.659432
ASV38,ASV117,Undirected,71994,,0.69426
ASV38,ASV125,Undirected,71997,,-0.614988
ASV38,ASV127,Undirected,71998,,0.606681
ASV38,ASV1466,Undirected,72002,,-0.612361
ASV38,ASV1499,Undirected,72003,,-0.62305
ASV38,ASV16,Undirected,72005,,0.619122
ASV38,ASV1615,Undirected,72006,,-0.641931
ASV38,ASV165,Undirected,72007,,0.627721
ASV38,ASV1698,Undirected,72008,,-0.693276
ASV38,ASV1730,Undirected,72010,,-0.671846
ASV38,ASV175,Undirected,72011,,0.63397
ASV38,ASV1781,Undirected,72012,,-0.645574
ASV38,ASV180,Undirected,72014,,0.6086
ASV38,ASV182,Undirected,72015,,0.613477
ASV38,ASV183,Undirected,72016,,-0.628967
ASV38,ASV187,Undirected,72018,,0.605372
ASV38,ASV194,Undirected,72020,,0.684593
ASV38,ASV197,Undirected,72022,,0.646695
ASV38,ASV216,Undirected,72024,,0.632529
ASV38,ASV226,Undirected,72027,,0.656659
ASV38,ASV227,Undirected,72028,,0.664599
ASV38,ASV231,Undirected,72030,,-0.619515
ASV38,ASV2383,Undirected,72032,,-0.705783
ASV38,ASV244,Undirected,72034,,0.691832
ASV38,ASV248,Undirected,72035,,-0.607348
ASV38,ASV25,Undirected,72036,,0.680083
ASV38,ASV252,Undirected,72038,,0.652197
ASV38,ASV258,Undirected,72039,,0.629458
ASV38,ASV260,Undirected,72040,,-0.689764
ASV38,ASV266,Undirected,72042,,-0.64079
ASV38,ASV267,Undirected,72043,,0.616191
ASV38,ASV271,Undirected,72044,,-0.687731
ASV38,ASV28,Undirected,72048,,-0.627775
ASV38,ASV29,Undirected,72049,,-0.621901
ASV38,ASV295,Undirected,72050,,-0.628425
ASV38,ASV327,Undirected,72053,,0.697314
ASV38,ASV3347,Undirected,72055,,-0.625527
ASV38,ASV34,Undirected,72056,,0.602994
ASV38,ASV344,Undirected,72057,,0.683885
ASV38,ASV36,Undirected,72058,,0.654959
ASV38,ASV360,Undirected,72059,,-0.622678
ASV38,ASV363,Undirected,72060,,0.630492
ASV38,ASV37,Undirected,72061,,0.667011
ASV38,ASV374,Undirected,72063,,0.628041
ASV38,ASV38,Undirected,72064,,1
ASV38,ASV4229,Undirected,72065,,-1.418121
ASV38,ASV436,Undirected,72066,,-1.561084
ASV38,ASV451,Undirected,72067,,1.511896
ASV38,ASV463,Undirected,72068,,1.48164
ASV38,ASV483,Undirected,72069,,1.440288
ASV38,ASV5,Undirected,72070,,1.488132
ASV38,ASV51,Undirected,72071,,-1.503386
ASV38,ASV516,Undirected,72072,,1.432302
ASV38,ASV57,Undirected,72073,,1.522728
ASV38,ASV59,Undirected,72074,,1.632611
ASV38,ASV681,Undirected,72075,,1.611611
ASV38,ASV702,Undirected,72076,,1.484961
ASV38,ASV71,Undirected,72077,,1.77709
ASV38,ASV724,Undirected,72078,,1.444009
ASV38,ASV73,Undirected,72079,,1.536239
ASV38,ASV733,Undirected,72080,,1.664791
ASV38,ASV74,Undirected,72081,,1.458678
ASV38,ASV79,Undirected,72082,,1.540053
ASV38,ASV798,Undirected,72083,,-1.431489
ASV38,ASV80,Undirected,72084,,1.45173
ASV38,ASV82,Undirected,72085,,1.474445
ASV38,ASV828,Undirected,72086,,-1.56811
ASV38,ASV85,Undirected,72087,,-1.41529
ASV38,ASV87,Undirected,72088,,1.570691
ASV38,ASV9,Undirected,72089,,1.475748
ASV38,ASV90,Undirected,72090,,1.458678
ASV38,ASV922,Undirected,72091,,-1.525712
ASV38,ASV96,Undirected,72092,,1.458877
ASV380,ASV1092,Undirected,72093,,-0.654263
ASV380,ASV1493,Undirected,72094,,0.6439
ASV380,ASV1581,Undirected,72095,,-0.639163
ASV380,ASV1595,Undirected,72096,,0.644387
ASV380,ASV209,Undirected,72097,,0.666843
ASV380,ASV23,Undirected,72099,,0.676358
ASV380,ASV2486,Undirected,72100,,-0.625587
ASV380,ASV251,Undirected,72101,,0.618307
ASV380,ASV262,Undirected,72102,,0.629421
ASV380,ASV317,Undirected,72103,,0.607072
ASV380,ASV380,Undirected,72105,,1
ASV382,ASV113,Undirected,72106,,-0.669439
ASV382,ASV121,Undirected,72107,,-0.623506
ASV382,ASV123,Undirected,72108,,-0.635322
ASV382,ASV127,Undirected,72109,,-0.65186
ASV382,ASV1286,Undirected,72110,,0.606553
ASV382,ASV1449,Undirected,72111,,0.66482
ASV382,ASV170,Undirected,72112,,-0.602912
ASV382,ASV2114,Undirected,72115,,0.66288
ASV382,ASV231,Undirected,72116,,0.637972
ASV382,ASV2817,Undirected,72118,,0.657238
ASV382,ASV382,Undirected,72119,,1
ASV382,ASV456,Undirected,72120,,1.429464
ASV3824,ASV1093,Undirected,72121,,-0.64215
ASV3824,ASV1247,Undirected,72122,,-0.657246
ASV3824,ASV133,Undirected,72123,,-0.616225
ASV3824,ASV1513,Undirected,72124,,-0.612045
ASV3824,ASV1704,Undirected,72125,,0.613646
ASV3824,ASV188,Undirected,72126,,-0.627022
ASV3824,ASV219,Undirected,72128,,-0.616225
ASV3824,ASV241,Undirected,72129,,-0.682674
ASV3824,ASV2572,Undirected,72130,,0.648566
ASV3824,ASV264,Undirected,72132,,-0.619866
ASV3824,ASV3207,Undirected,72133,,0.637405
ASV3824,ASV324,Undirected,72134,,-0.615825
ASV3824,ASV3768,Undirected,72135,,-0.641429
ASV3824,ASV3824,Undirected,72136,,1
ASV3824,ASV622,Undirected,72137,,-1.514407
ASV384,ASV1120,Undirected,72139,,0.642355
ASV384,ASV1193,Undirected,72140,,0.614339
ASV384,ASV1217,Undirected,72141,,0.631416
ASV384,ASV1247,Undirected,72142,,0.667724
ASV384,ASV125,Undirected,72143,,0.698916
ASV384,ASV1254,Undirected,72144,,0.674777
ASV384,ASV140,Undirected,72145,,0.647618
ASV384,ASV1468,Undirected,72146,,0.654367
ASV384,ASV164,Undirected,72147,,0.628907
ASV384,ASV165,Undirected,72148,,-0.654767
ASV384,ASV1738,Undirected,72149,,0.680478
ASV384,ASV1740,Undirected,72150,,0.681652
ASV384,ASV1763,Undirected,72151,,0.655191
ASV384,ASV2066,Undirected,72153,,0.649127
ASV384,ASV214,Undirected,72154,,0.629497
ASV384,ASV2155,Undirected,72155,,-0.611765
ASV384,ASV2213,Undirected,72157,,0.6029
ASV384,ASV223,Undirected,72158,,0.652113
ASV384,ASV229,Undirected,72159,,-0.634432
ASV384,ASV260,Undirected,72160,,0.665979
ASV384,ASV271,Undirected,72163,,0.601357
ASV384,ASV277,Undirected,72164,,0.621482
ASV384,ASV288,Undirected,72165,,0.601774
ASV384,ASV291,Undirected,72166,,0.615628
ASV384,ASV295,Undirected,72167,,0.643793
ASV384,ASV31,Undirected,72169,,-0.619152
ASV384,ASV330,Undirected,72171,,-0.648657
ASV384,ASV332,Undirected,72172,,0.606665
ASV384,ASV349,Undirected,72174,,0.697603
ASV384,ASV35,Undirected,72175,,0.622348
ASV384,ASV36,Undirected,72177,,-0.653855
ASV384,ASV3752,Undirected,72179,,0.683738
ASV384,ASV384,Undirected,72180,,1
ASV384,ASV386,Undirected,72181,,1.494253
ASV384,ASV459,Undirected,72182,,1.437407
ASV384,ASV531,Undirected,72183,,1.440926
ASV384,ASV783,Undirected,72184,,1.433806
ASV384,ASV92,Undirected,72185,,1.449084
ASV384,ASV937,Undirected,72186,,1.469609
ASV384,ASV938,Undirected,72187,,-1.413139
ASV384,ASV983,Undirected,72188,,1.457203
ASV384,ASV995,Undirected,72189,,1.571131
ASV386,ASV108,Undirected,72190,,-0.654872
ASV386,ASV1254,Undirected,72191,,0.612044
ASV386,ASV1277,Undirected,72192,,0.672463
ASV386,ASV1738,Undirected,72193,,0.649788
ASV386,ASV2066,Undirected,72194,,0.618041
ASV386,ASV2155,Undirected,72196,,-0.614935
ASV386,ASV250,Undirected,72197,,0.668059
ASV386,ASV264,Undirected,72198,,0.638545
ASV386,ASV265,Undirected,72199,,0.684047
ASV386,ASV297,Undirected,72200,,0.684788
ASV386,ASV335,Undirected,72201,,0.638642
ASV386,ASV344,Undirected,72202,,-0.64346
ASV386,ASV356,Undirected,72203,,-0.623105
ASV386,ASV386,Undirected,72205,,1
ASV386,ASV937,Undirected,72206,,1.438162
ASV3869,ASV324,Undirected,72207,,-0.630853
ASV3869,ASV3869,Undirected,72208,,1
ASV3869,ASV40,Undirected,72209,,1.592359
ASV387,ASV2223,Undirected,72210,,0.634911
ASV387,ASV254,Undirected,72211,,-0.601709
ASV387,ASV387,Undirected,72212,,1
ASV388,ASV1030,Undirected,72213,,0.614026
ASV388,ASV1059,Undirected,72214,,-0.605638
ASV388,ASV1141,Undirected,72215,,-0.648912
ASV388,ASV1162,Undirected,72216,,0.609524
ASV388,ASV1215,Undirected,72217,,0.611937
ASV388,ASV1298,Undirected,72219,,0.673085
ASV388,ASV142,Undirected,72220,,0.628825
ASV388,ASV1513,Undirected,72222,,0.634884
ASV388,ASV159,Undirected,72223,,0.642597
ASV388,ASV170,Undirected,72224,,-0.628765
ASV388,ASV183,Undirected,72225,,0.682814
ASV388,ASV202,Undirected,72226,,0.636742
ASV388,ASV2511,Undirected,72228,,0.705476
ASV388,ASV260,Undirected,72229,,0.600416
ASV388,ASV271,Undirected,72230,,0.663202
ASV388,ASV276,Undirected,72231,,-0.60395
ASV388,ASV2762,Undirected,72232,,0.633095
ASV388,ASV307,Undirected,72233,,-0.611948
ASV388,ASV31,Undirected,72234,,-0.6082
ASV388,ASV334,Undirected,72236,,0.60218
ASV388,ASV352,Undirected,72237,,0.665108
ASV388,ASV360,Undirected,72238,,0.658325
ASV388,ASV388,Undirected,72239,,1
ASV388,ASV401,Undirected,72240,,1.436753
ASV388,ASV456,Undirected,72241,,1.599584
ASV388,ASV483,Undirected,72242,,-1.526882
ASV388,ASV551,Undirected,72243,,-1.513545
ASV388,ASV589,Undirected,72244,,1.549326
ASV388,ASV675,Undirected,72245,,1.536878
ASV388,ASV724,Undirected,72246,,-1.607373
ASV388,ASV751,Undirected,72247,,-1.438589
ASV388,ASV970,Undirected,72248,,1.448864
ASV389,ASV1140,Undirected,72249,,-0.640333
ASV389,ASV1450,Undirected,72250,,0.639617
ASV389,ASV389,Undirected,72251,,1
ASV39,ASV191,Undirected,72255,,-0.695487
ASV39,ASV201,Undirected,72256,,0.649767
ASV39,ASV224,Undirected,72258,,0.606515
ASV39,ASV2291,Undirected,72259,,0.604256
ASV39,ASV2774,Undirected,72260,,-0.679843
ASV39,ASV3,Undirected,72263,,0.682852
ASV39,ASV3327,Undirected,72265,,-0.640917
ASV39,ASV34,Undirected,72266,,-0.648579
ASV39,ASV3754,Undirected,72267,,0.694034
ASV39,ASV39,Undirected,72268,,1
ASV39,ASV4085,Undirected,72269,,1.415364
ASV39,ASV4501,Undirected,72270,,-1.467935
ASV39,ASV49,Undirected,72271,,1.735538
ASV39,ASV539,Undirected,72272,,1.492484
ASV39,ASV860,Undirected,72273,,1.519174
ASV390,ASV12,Undirected,72275,,-0.653809
ASV390,ASV1381,Undirected,72276,,-0.624945
ASV390,ASV142,Undirected,72277,,0.636516
ASV390,ASV1615,Undirected,72278,,0.625688
ASV390,ASV195,Undirected,72279,,-0.602609
ASV390,ASV2,Undirected,72280,,-0.65456
ASV390,ASV207,Undirected,72281,,0.679058
ASV390,ASV214,Undirected,72282,,0.609492
ASV390,ASV233,Undirected,72283,,0.614824
ASV390,ASV2583,Undirected,72286,,-0.654331
ASV390,ASV280,Undirected,72287,,-0.692841
ASV390,ASV297,Undirected,72288,,0.699791
ASV390,ASV306,Undirected,72289,,-0.640732
ASV390,ASV330,Undirected,72290,,-0.687479
ASV390,ASV352,Undirected,72291,,0.640463
ASV390,ASV360,Undirected,72292,,0.680795
ASV390,ASV390,Undirected,72293,,1
ASV390,ASV4509,Undirected,72294,,-1.475778
ASV390,ASV455,Undirected,72295,,1.517278
ASV390,ASV554,Undirected,72296,,1.641269
ASV390,ASV671,Undirected,72297,,-1.412821
ASV390,ASV721,Undirected,72298,,1.523064
ASV390,ASV81,Undirected,72299,,-1.450882
ASV390,ASV814,Undirected,72300,,1.421305
ASV3900,ASV10,Undirected,72301,,-0.672324
ASV3900,ASV3900,Undirected,72302,,1
ASV3900,ASV755,Undirected,72303,,-1.638305
ASV392,ASV236,Undirected,72305,,0.663193
ASV392,ASV375,Undirected,72306,,-0.669111
ASV392,ASV392,Undirected,72307,,1
ASV393,ASV201,Undirected,72309,,-0.661138
ASV393,ASV2187,Undirected,72310,,-0.665524
ASV393,ASV2291,Undirected,72311,,-0.603315
ASV393,ASV393,Undirected,72314,,1
ASV393,ASV547,Undirected,72315,,1.481416
ASV393,ASV884,Undirected,72316,,-1.500374
ASV3938,ASV221,Undirected,72317,,-0.701976
ASV3938,ASV266,Undirected,72318,,0.609125
ASV3938,ASV3938,Undirected,72319,,1
ASV3938,ASV863,Undirected,72320,,-1.461773
ASV394,ASV1069,Undirected,72321,,0.643231
ASV394,ASV1149,Undirected,72322,,0.647867
ASV394,ASV1196,Undirected,72323,,-0.654927
ASV394,ASV1269,Undirected,72324,,0.618667
ASV394,ASV1292,Undirected,72325,,0.608227
ASV394,ASV2,Undirected,72327,,-0.618337
ASV394,ASV245,Undirected,72328,,0.600313
ASV394,ASV254,Undirected,72329,,0.603323
ASV394,ASV276,Undirected,72330,,-0.675156
ASV394,ASV277,Undirected,72331,,0.642226
ASV394,ASV394,Undirected,72332,,1
ASV394,ASV941,Undirected,72333,,-1.416102
ASV397,ASV1005,Undirected,72334,,0.653096
ASV397,ASV1353,Undirected,72335,,0.6564
ASV397,ASV2,Undirected,72336,,-0.69044
ASV397,ASV242,Undirected,72337,,0.651697
ASV397,ASV324,Undirected,72338,,0.648138
ASV397,ASV334,Undirected,72339,,0.660603
ASV397,ASV397,Undirected,72340,,1
ASV397,ASV554,Undirected,72341,,1.474577
ASV398,ASV1071,Undirected,72342,,0.664211
ASV398,ASV114,Undirected,72346,,-0.640456
ASV398,ASV1186,Undirected,72348,,-0.620534
ASV398,ASV121,Undirected,72349,,-0.628112
ASV398,ASV122,Undirected,72350,,-0.607185
ASV398,ASV1221,Undirected,72351,,0.674433
ASV398,ASV127,Undirected,72353,,-0.604809
ASV398,ASV1277,Undirected,72354,,0.696897
ASV398,ASV1286,Undirected,72355,,0.668469
ASV398,ASV1298,Undirected,72357,,0.700762
ASV398,ASV139,Undirected,72359,,0.69617
ASV398,ASV140,Undirected,72360,,0.607143
ASV398,ASV158,Undirected,72361,,0.683394
ASV398,ASV159,Undirected,72362,,0.660789
ASV398,ASV16,Undirected,72363,,-0.705334
ASV398,ASV1647,Undirected,72365,,0.683446
ASV398,ASV167,Undirected,72367,,-0.624875
ASV398,ASV170,Undirected,72368,,-0.640747
ASV398,ASV1740,Undirected,72370,,0.680903
ASV398,ASV1781,Undirected,72371,,0.671351
ASV398,ASV182,Undirected,72372,,-0.609555
ASV398,ASV191,Undirected,72373,,-0.644096
ASV398,ASV202,Undirected,72374,,0.640415
ASV398,ASV2026,Undirected,72375,,-0.687246
ASV398,ASV219,Undirected,72377,,0.690353
ASV398,ASV220,Undirected,72379,,-0.600209
ASV398,ASV223,Undirected,72380,,0.655101
ASV398,ASV225,Undirected,72381,,0.623511
ASV398,ASV2290,Undirected,72382,,0.608732
ASV398,ASV231,Undirected,72383,,0.656493
ASV398,ASV233,Undirected,72384,,0.651431
ASV398,ASV235,Undirected,72385,,0.654245
ASV398,ASV24,Undirected,72386,,-0.608178
ASV398,ASV242,Undirected,72387,,0.669601
ASV398,ASV25,Undirected,72389,,-0.650467
ASV398,ASV261,Undirected,72392,,0.705852
ASV398,ASV270,Undirected,72394,,0.616947
ASV398,ASV273,Undirected,72396,,-0.636976
ASV398,ASV2736,Undirected,72397,,0.652035
ASV398,ASV288,Undirected,72398,,0.702955
ASV398,ASV295,Undirected,72399,,0.634904
ASV398,ASV31,Undirected,72400,,-0.701554
ASV398,ASV33,Undirected,72403,,-0.678756
ASV398,ASV3327,Undirected,72404,,-0.657803
ASV398,ASV34,Undirected,72405,,-0.602174
ASV398,ASV344,Undirected,72406,,-0.686336
ASV398,ASV352,Undirected,72409,,0.691722
ASV398,ASV36,Undirected,72410,,-0.701346
ASV398,ASV369,Undirected,72411,,0.618653
ASV398,ASV388,Undirected,72412,,0.661651
ASV398,ASV398,Undirected,72413,,1
ASV398,ASV430,Undirected,72414,,1.520005
ASV398,ASV456,Undirected,72415,,1.635518
ASV398,ASV528,Undirected,72416,,1.482336
ASV398,ASV549,Undirected,72417,,1.417617
ASV398,ASV550,Undirected,72418,,-1.490125
ASV398,ASV6,Undirected,72419,,1.491213
ASV398,ASV655,Undirected,72420,,1.442547
ASV398,ASV681,Undirected,72421,,-1.44681
ASV398,ASV707,Undirected,72422,,1.655757
ASV398,ASV708,Undirected,72423,,1.806179
ASV398,ASV751,Undirected,72424,,-1.727677
ASV398,ASV82,Undirected,72425,,-1.415418
ASV398,ASV83,Undirected,72426,,1.498966
ASV398,ASV856,Undirected,72427,,1.413295
ASV398,ASV876,Undirected,72428,,1.466767
ASV398,ASV92,Undirected,72429,,1.446171
ASV398,ASV95,Undirected,72430,,1.591098
ASV398,ASV995,Undirected,72431,,1.579188
ASV3995,ASV122,Undirected,72432,,-0.653485
ASV3995,ASV142,Undirected,72433,,0.601567
ASV3995,ASV169,Undirected,72434,,-0.626329
ASV3995,ASV1730,Undirected,72435,,0.615106
ASV3995,ASV1781,Undirected,72436,,0.679934
ASV3995,ASV194,Undirected,72437,,-0.628883
ASV3995,ASV195,Undirected,72438,,-0.635084
ASV3995,ASV2,Undirected,72439,,-0.607339
ASV3995,ASV214,Undirected,72440,,0.631467
ASV3995,ASV237,Undirected,72442,,-0.627515
ASV3995,ASV2383,Undirected,72443,,0.641151
ASV3995,ASV31,Undirected,72444,,-0.648102
ASV3995,ASV344,Undirected,72445,,-0.632499
ASV3995,ASV3752,Undirected,72446,,0.650903
ASV3995,ASV3900,Undirected,72447,,0.604415
ASV3995,ASV3995,Undirected,72448,,1
ASV3995,ASV828,Undirected,72449,,1.475739
ASV3995,ASV87,Undirected,72450,,-1.476792
ASV4,ASV1013,Undirected,72452,,0.620071
ASV4,ASV1024,Undirected,72454,,-0.61203
ASV4,ASV1069,Undirected,72456,,-0.643498
ASV4,ASV107,Undirected,72457,,0.690798
ASV4,ASV108,Undirected,72458,,0.705641
ASV4,ASV123,Undirected,72467,,0.635485
ASV4,ASV1243,Undirected,72468,,-0.676005
ASV4,ASV125,Undirected,72469,,-0.637727
ASV4,ASV1251,Undirected,72470,,-0.640493
ASV4,ASV1298,Undirected,72472,,-0.652261
ASV4,ASV1358,Undirected,72474,,-0.652811
ASV4,ASV1381,Undirected,72475,,0.629099
ASV4,ASV139,Undirected,72476,,-0.626033
ASV4,ASV1492,Undirected,72477,,-0.627007
ASV4,ASV1551,Undirected,72480,,-0.613211
ASV4,ASV1561,Undirected,72481,,0.686893
ASV4,ASV165,Undirected,72486,,0.649655
ASV4,ASV169,Undirected,72487,,0.628367
ASV4,ASV1730,Undirected,72490,,-0.663564
ASV4,ASV1781,Undirected,72492,,-0.675673
ASV4,ASV181,Undirected,72493,,-0.610452
ASV4,ASV1838,Undirected,72494,,-0.67221
ASV4,ASV184,Undirected,72495,,0.658047
ASV4,ASV185,Undirected,72496,,0.610686
ASV4,ASV191,Undirected,72498,,0.659406
ASV4,ASV195,Undirected,72500,,0.60114
ASV4,ASV196,Undirected,72501,,0.669422
ASV4,ASV2017,Undirected,72503,,-0.612775
ASV4,ASV2026,Undirected,72504,,0.625482
ASV4,ASV219,Undirected,72506,,-0.615945
ASV4,ASV225,Undirected,72508,,-0.662533
ASV4,ASV226,Undirected,72509,,0.675302
ASV4,ASV233,Undirected,72512,,-0.620017
ASV4,ASV2361,Undirected,72513,,0.693523
ASV4,ASV2383,Undirected,72515,,-0.699463
ASV4,ASV2511,Undirected,72519,,-0.670544
ASV4,ASV252,Undirected,72520,,0.606719
ASV4,ASV2552,Undirected,72521,,0.670145
ASV4,ASV257,Undirected,72522,,0.678786
ASV4,ASV261,Undirected,72524,,-0.699742
ASV4,ASV27,Undirected,72527,,0.667699
ASV4,ASV276,Undirected,72530,,0.630765
ASV4,ASV277,Undirected,72531,,-0.634202
ASV4,ASV288,Undirected,72532,,-0.695295
ASV4,ASV307,Undirected,72534,,0.631473
ASV4,ASV310,Undirected,72536,,-0.655283
ASV4,ASV326,Undirected,72538,,-0.684805
ASV4,ASV327,Undirected,72539,,0.610538
ASV4,ASV3327,Undirected,72540,,0.655922
ASV4,ASV34,Undirected,72541,,0.64223
ASV4,ASV344,Undirected,72542,,0.679752
ASV4,ASV35,Undirected,72543,,-0.674239
ASV4,ASV362,Undirected,72545,,0.61491
ASV4,ASV374,Undirected,72548,,0.655977
ASV4,ASV3752,Undirected,72549,,-0.637287
ASV4,ASV4,Undirected,72550,,1
ASV4,ASV404,Undirected,72551,,1.524433
ASV4,ASV445,Undirected,72552,,1.616539
ASV4,ASV463,Undirected,72553,,1.469224
ASV4,ASV48,Undirected,72554,,1.912236
ASV4,ASV5,Undirected,72555,,1.805986
ASV4,ASV514,Undirected,72556,,1.663398
ASV4,ASV5245,Undirected,72557,,1.652893
ASV4,ASV529,Undirected,72558,,-1.41343
ASV4,ASV53,Undirected,72559,,1.45173
ASV4,ASV54,Undirected,72560,,1.550052
ASV4,ASV56,Undirected,72561,,1.69215
ASV4,ASV564,Undirected,72562,,1.724367
ASV4,ASV5687,Undirected,72563,,1.642815
ASV4,ASV57,Undirected,72564,,1.694216
ASV4,ASV5744,Undirected,72565,,1.506979
ASV4,ASV59,Undirected,72566,,1.607843
ASV4,ASV6,Undirected,72567,,-1.616099
ASV4,ASV61,Undirected,72568,,1.750906
ASV4,ASV637,Undirected,72569,,1.430809
ASV4,ASV677,Undirected,72570,,1.669152
ASV4,ASV71,Undirected,72571,,1.521156
ASV4,ASV732,Undirected,72572,,1.550165
ASV4,ASV74,Undirected,72573,,1.623968
ASV4,ASV781,Undirected,72574,,-1.463493
ASV4,ASV79,Undirected,72575,,1.455299
ASV4,ASV80,Undirected,72576,,1.647909
ASV4,ASV810,Undirected,72577,,1.729412
ASV4,ASV82,Undirected,72578,,1.654104
ASV4,ASV856,Undirected,72579,,-1.658045
ASV4,ASV9,Undirected,72580,,1.843137
ASV4,ASV90,Undirected,72581,,1.425621
ASV4,ASV95,Undirected,72582,,-1.44215
ASV4,ASV96,Undirected,72583,,1.54372
ASV40,ASV169,Undirected,72584,,0.615545
ASV40,ASV175,Undirected,72585,,0.644961
ASV40,ASV185,Undirected,72586,,0.658022
ASV40,ASV194,Undirected,72587,,0.638717
ASV40,ASV2,Undirected,72588,,0.610538
ASV40,ASV2383,Undirected,72589,,-0.61319
ASV40,ASV32,Undirected,72590,,0.609504
ASV40,ASV390,Undirected,72592,,-0.607914
ASV40,ASV40,Undirected,72593,,1
ASV40,ASV658,Undirected,72594,,-1.423904
ASV401,ASV1051,Undirected,72595,,0.654456
ASV401,ASV1141,Undirected,72596,,-0.607016
ASV401,ASV12,Undirected,72597,,-0.677252
ASV401,ASV1215,Undirected,72598,,0.705613
ASV401,ASV1273,Undirected,72600,,0.701238
ASV401,ASV142,Undirected,72601,,0.665634
ASV401,ASV159,Undirected,72604,,0.627993
ASV401,ASV1615,Undirected,72605,,0.659503
ASV401,ASV1698,Undirected,72606,,0.646421
ASV401,ASV183,Undirected,72607,,0.702139
ASV401,ASV184,Undirected,72608,,-0.600106
ASV401,ASV2017,Undirected,72609,,0.600746
ASV401,ASV205,Undirected,72610,,0.608631
ASV401,ASV2290,Undirected,72611,,0.605809
ASV401,ASV2511,Undirected,72614,,0.63466
ASV401,ASV254,Undirected,72615,,0.613107
ASV401,ASV2583,Undirected,72616,,-0.655909
ASV401,ASV306,Undirected,72617,,-0.636079
ASV401,ASV334,Undirected,72618,,0.641043
ASV401,ASV38,Undirected,72620,,-0.603743
ASV401,ASV401,Undirected,72622,,1
ASV401,ASV554,Undirected,72623,,1.447518
ASV401,ASV5638,Undirected,72624,,1.502256
ASV401,ASV5782,Undirected,72625,,-1.435407
ASV401,ASV733,Undirected,72626,,-1.432447
ASV401,ASV81,Undirected,72627,,-1.42888
ASV401,ASV970,Undirected,72628,,1.500267
ASV402,ASV1093,Undirected,72629,,-0.702061
ASV402,ASV165,Undirected,72630,,0.631607
ASV402,ASV1793,Undirected,72631,,-0.650037
ASV402,ASV223,Undirected,72632,,-0.654324
ASV402,ASV2400,Undirected,72633,,-0.624099
ASV402,ASV320,Undirected,72634,,0.661013
ASV402,ASV389,Undirected,72635,,0.648683
ASV402,ASV402,Undirected,72636,,1
ASV402,ASV832,Undirected,72637,,-1.468605
ASV403,ASV1030,Undirected,72638,,-0.602086
ASV403,ASV1165,Undirected,72640,,0.69507
ASV403,ASV13,Undirected,72641,,0.622867
ASV403,ASV14,Undirected,72642,,-0.679141
ASV403,ASV153,Undirected,72643,,0.699232
ASV403,ASV155,Undirected,72644,,0.699325
ASV403,ASV1626,Undirected,72645,,0.607214
ASV403,ASV175,Undirected,72646,,0.652478
ASV403,ASV18,Undirected,72647,,-0.615796
ASV403,ASV2026,Undirected,72649,,0.637311
ASV403,ASV21,Undirected,72650,,0.645921
ASV403,ASV220,Undirected,72651,,0.674663
ASV403,ASV226,Undirected,72652,,0.704015
ASV403,ASV24,Undirected,72654,,0.62111
ASV403,ASV258,Undirected,72655,,0.655753
ASV403,ASV266,Undirected,72656,,-0.649482
ASV403,ASV273,Undirected,72657,,0.668754
ASV403,ASV316,Undirected,72659,,-0.616751
ASV403,ASV32,Undirected,72660,,0.614758
ASV403,ASV336,Undirected,72661,,-0.650553
ASV403,ASV403,Undirected,72663,,1
ASV403,ASV57,Undirected,72664,,1.41582
ASV403,ASV641,Undirected,72665,,1.55451
ASV403,ASV771,Undirected,72666,,1.455548
ASV404,ASV1026,Undirected,72668,,-0.630594
ASV404,ASV103,Undirected,72669,,0.666149
ASV404,ASV107,Undirected,72670,,0.618632
ASV404,ASV108,Undirected,72671,,0.629364
ASV404,ASV1165,Undirected,72675,,0.614435
ASV404,ASV1166,Undirected,72676,,-0.604576
ASV404,ASV1210,Undirected,72679,,0.670389
ASV404,ASV123,Undirected,72681,,0.613815
ASV404,ASV1243,Undirected,72682,,-0.638498
ASV404,ASV1338,Undirected,72685,,-0.692029
ASV404,ASV1358,Undirected,72686,,-0.647462
ASV404,ASV1381,Undirected,72687,,0.688237
ASV404,ASV139,Undirected,72688,,-0.601879
ASV404,ASV153,Undirected,72692,,0.625465
ASV404,ASV1551,Undirected,72693,,-0.642754
ASV404,ASV158,Undirected,72694,,-0.646764
ASV404,ASV164,Undirected,72697,,-0.687119
ASV404,ASV170,Undirected,72698,,0.637693
ASV404,ASV172,Undirected,72700,,0.655257
ASV404,ASV178,Undirected,72703,,-0.60115
ASV404,ASV1781,Undirected,72704,,-0.620366
ASV404,ASV195,Undirected,72707,,0.624158
ASV404,ASV2026,Undirected,72710,,0.614607
ASV404,ASV207,Undirected,72711,,-0.620618
ASV404,ASV214,Undirected,72712,,-0.64982
ASV404,ASV220,Undirected,72714,,0.633995
ASV404,ASV226,Undirected,72717,,0.664932
ASV404,ASV228,Undirected,72718,,-0.653673
ASV404,ASV2383,Undirected,72723,,-0.666205
ASV404,ASV242,Undirected,72725,,-0.607391
ASV404,ASV244,Undirected,72726,,0.620713
ASV404,ASV2511,Undirected,72728,,-0.676837
ASV404,ASV2552,Undirected,72729,,0.611605
ASV404,ASV2583,Undirected,72730,,0.601878
ASV404,ASV261,Undirected,72732,,-0.690595
ASV404,ASV276,Undirected,72737,,0.693593
ASV404,ASV2762,Undirected,72738,,-0.602303
ASV404,ASV283,Undirected,72739,,-0.682151
ASV404,ASV288,Undirected,72740,,-0.688708
ASV404,ASV291,Undirected,72741,,-0.678128
ASV404,ASV297,Undirected,72742,,-0.608468
ASV404,ASV306,Undirected,72743,,0.62213
ASV404,ASV3072,Undirected,72745,,0.671123
ASV404,ASV310,Undirected,72747,,-0.621357
ASV404,ASV330,Undirected,72750,,0.627867
ASV404,ASV34,Undirected,72751,,0.616114
ASV404,ASV344,Undirected,72752,,0.658533
ASV404,ASV349,Undirected,72753,,-0.606362
ASV404,ASV352,Undirected,72754,,-0.653748
ASV404,ASV369,Undirected,72758,,-0.625916
ASV404,ASV38,Undirected,72761,,0.608527
ASV404,ASV388,Undirected,72762,,-0.604484
ASV404,ASV404,Undirected,72764,,1
ASV404,ASV445,Undirected,72765,,1.777451
ASV404,ASV459,Undirected,72766,,-1.436359
ASV404,ASV463,Undirected,72767,,1.47216
ASV404,ASV48,Undirected,72768,,1.435868
ASV404,ASV5,Undirected,72769,,1.690583
ASV404,ASV501,Undirected,72770,,-1.450007
ASV404,ASV514,Undirected,72771,,1.683174
ASV404,ASV551,Undirected,72772,,1.581201
ASV404,ASV56,Undirected,72773,,1.555115
ASV404,ASV564,Undirected,72774,,1.441088
ASV404,ASV5687,Undirected,72775,,1.421108
ASV404,ASV57,Undirected,72776,,1.483388
ASV404,ASV5744,Undirected,72777,,1.516397
ASV404,ASV576,Undirected,72778,,-1.453501
ASV404,ASV59,Undirected,72779,,1.715506
ASV404,ASV6,Undirected,72780,,-1.736275
ASV404,ASV61,Undirected,72781,,1.611042
ASV404,ASV71,Undirected,72782,,1.59297
ASV404,ASV74,Undirected,72783,,1.417899
ASV404,ASV80,Undirected,72784,,1.610416
ASV404,ASV810,Undirected,72785,,1.699533
ASV404,ASV82,Undirected,72786,,1.55535
ASV404,ASV856,Undirected,72787,,-1.639211
ASV404,ASV87,Undirected,72788,,1.487049
ASV404,ASV881,Undirected,72789,,-1.611285
ASV404,ASV9,Undirected,72790,,1.680199
ASV404,ASV90,Undirected,72791,,1.536403
ASV404,ASV92,Undirected,72792,,-1.466756
ASV404,ASV95,Undirected,72793,,-1.634118
ASV404,ASV955,Undirected,72794,,-1.439362
ASV404,ASV96,Undirected,72795,,1.572108
ASV407,ASV148,Undirected,72797,,-0.701975
ASV407,ASV16,Undirected,72798,,-0.625065
ASV407,ASV2291,Undirected,72801,,0.615266
ASV407,ASV2974,Undirected,72803,,0.638476
ASV407,ASV3754,Undirected,72806,,0.64743
ASV407,ASV407,Undirected,72807,,1
ASV407,ASV64,Undirected,72808,,1.66891
ASV407,ASV960,Undirected,72809,,1.415786
ASV4085,ASV1042,Undirected,72811,,-0.638949
ASV4085,ASV134,Undirected,72812,,-0.698142
ASV4085,ASV14,Undirected,72813,,0.683004
ASV4085,ASV2291,Undirected,72814,,0.664932
ASV4085,ASV236,Undirected,72815,,0.649957
ASV4085,ASV28,Undirected,72816,,0.683878
ASV4085,ASV370,Undirected,72820,,0.668939
ASV4085,ASV4085,Undirected,72823,,1
ASV4085,ASV49,Undirected,72824,,1.759569
ASV4085,ASV539,Undirected,72825,,1.494762
ASV4085,ASV606,Undirected,72826,,1.56533
ASV4085,ASV63,Undirected,72827,,1.425176
ASV4085,ASV75,Undirected,72828,,-1.472966
ASV4085,ASV860,Undirected,72829,,1.675223
ASV41,ASV1013,Undirected,72831,,0.69161
ASV41,ASV1024,Undirected,72832,,-0.615508
ASV41,ASV1032,Undirected,72834,,0.621273
ASV41,ASV1069,Undirected,72835,,-0.660964
ASV41,ASV107,Undirected,72836,,0.610451
ASV41,ASV1141,Undirected,72837,,0.652106
ASV41,ASV1165,Undirected,72838,,0.614676
ASV41,ASV122,Undirected,72839,,0.6504
ASV41,ASV1298,Undirected,72840,,-0.606602
ASV41,ASV13,Undirected,72841,,0.652376
ASV41,ASV136,Undirected,72842,,0.632179
ASV41,ASV150,Undirected,72843,,0.698864
ASV41,ASV172,Undirected,72844,,0.64636
ASV41,ASV184,Undirected,72847,,0.627331
ASV41,ASV185,Undirected,72848,,0.617225
ASV41,ASV195,Undirected,72850,,0.649587
ASV41,ASV197,Undirected,72852,,0.675969
ASV41,ASV209,Undirected,72853,,0.689602
ASV41,ASV216,Undirected,72854,,0.66586
ASV41,ASV2383,Undirected,72857,,-0.664517
ASV41,ASV24,Undirected,72858,,0.682687
ASV41,ASV262,Undirected,72859,,0.681325
ASV41,ASV267,Undirected,72860,,0.635191
ASV41,ASV273,Undirected,72861,,0.652534
ASV41,ASV293,Undirected,72863,,0.698086
ASV41,ASV31,Undirected,72864,,0.672531
ASV41,ASV32,Undirected,72865,,0.695922
ASV41,ASV362,Undirected,72866,,0.657692
ASV41,ASV363,Undirected,72867,,0.677353
ASV41,ASV374,Undirected,72869,,0.628366
ASV41,ASV38,Undirected,72870,,0.687661
ASV41,ASV4,Undirected,72871,,0.685596
ASV41,ASV41,Undirected,72872,,1
ASV41,ASV48,Undirected,72873,,1.557851
ASV41,ASV5,Undirected,72874,,1.612804
ASV41,ASV54,Undirected,72875,,1.548787
ASV41,ASV5687,Undirected,72876,,1.545999
ASV41,ASV57,Undirected,72877,,1.744703
ASV41,ASV67,Undirected,72878,,1.635142
ASV41,ASV702,Undirected,72879,,1.558762
ASV41,ASV872,Undirected,72880,,1.581537
ASV41,ASV9,Undirected,72881,,1.453795
ASV410,ASV15,Undirected,72882,,-0.623253
ASV410,ASV1698,Undirected,72883,,0.658294
ASV410,ASV328,Undirected,72884,,0.629226
ASV410,ASV410,Undirected,72885,,1
ASV411,ASV411,Undirected,72886,,1
ASV412,ASV1069,Undirected,72887,,0.603558
ASV412,ASV1437,Undirected,72890,,0.635143
ASV412,ASV1514,Undirected,72891,,0.606574
ASV412,ASV154,Undirected,72892,,0.638744
ASV412,ASV159,Undirected,72893,,0.601989
ASV412,ASV165,Undirected,72894,,-0.701059
ASV412,ASV1830,Undirected,72895,,-0.638689
ASV412,ASV184,Undirected,72896,,-0.600634
ASV412,ASV194,Undirected,72897,,-0.605013
ASV412,ASV1985,Undirected,72898,,0.654325
ASV412,ASV2185,Undirected,72900,,0.683962
ASV412,ASV228,Undirected,72901,,0.645325
ASV412,ASV2383,Undirected,72902,,0.630094
ASV412,ASV247,Undirected,72903,,-0.665796
ASV412,ASV261,Undirected,72904,,0.678138
ASV412,ASV275,Undirected,72905,,-0.601571
ASV412,ASV288,Undirected,72906,,0.628789
ASV412,ASV29,Undirected,72907,,0.623648
ASV412,ASV352,Undirected,72909,,0.688353
ASV412,ASV36,Undirected,72910,,-0.606469
ASV412,ASV40,Undirected,72911,,-0.619483
ASV412,ASV412,Undirected,72912,,1
ASV412,ASV463,Undirected,72913,,-1.412949
ASV412,ASV60,Undirected,72914,,-1.480129
ASV413,ASV102,Undirected,72916,,0.633528
ASV413,ASV106,Undirected,72917,,0.648986
ASV413,ASV1069,Undirected,72918,,-0.691384
ASV413,ASV116,Undirected,72919,,-0.652633
ASV413,ASV1269,Undirected,72920,,-0.679356
ASV413,ASV13,Undirected,72921,,0.606244
ASV413,ASV14,Undirected,72922,,-0.612681
ASV413,ASV24,Undirected,72925,,0.620591
ASV413,ASV2771,Undirected,72927,,-0.660255
ASV413,ASV28,Undirected,72928,,-0.636374
ASV413,ASV32,Undirected,72929,,0.635526
ASV413,ASV403,Undirected,72931,,0.639498
ASV413,ASV413,Undirected,72932,,1
ASV413,ASV5848,Undirected,72933,,-1.615836
ASV413,ASV634,Undirected,72934,,-1.67119
ASV413,ASV771,Undirected,72935,,1.537699
ASV4133,ASV1132,Undirected,72936,,0.689474
ASV4133,ASV151,Undirected,72937,,0.668772
ASV4133,ASV167,Undirected,72938,,-0.606511
ASV4133,ASV4133,Undirected,72939,,1
ASV4133,ASV776,Undirected,72940,,-1.485504
ASV4134,ASV102,Undirected,72942,,-0.632867
ASV4134,ASV1038,Undirected,72943,,0.698398
ASV4134,ASV114,Undirected,72948,,-0.663919
ASV4134,ASV117,Undirected,72949,,-0.649081
ASV4134,ASV1186,Undirected,72950,,-0.609923
ASV4134,ASV1193,Undirected,72951,,0.664041
ASV4134,ASV1198,Undirected,72952,,0.624747
ASV4134,ASV122,Undirected,72953,,-0.658275
ASV4134,ASV1221,Undirected,72954,,0.620569
ASV4134,ASV13,Undirected,72956,,-0.670183
ASV4134,ASV139,Undirected,72957,,0.601596
ASV4134,ASV1428,Undirected,72958,,0.62296
ASV4134,ASV1615,Undirected,72961,,0.636806
ASV4134,ASV1738,Undirected,72964,,0.623624
ASV4134,ASV1781,Undirected,72965,,0.635895
ASV4134,ASV18,Undirected,72966,,0.678184
ASV4134,ASV191,Undirected,72967,,-0.683494
ASV4134,ASV195,Undirected,72968,,-0.609331
ASV4134,ASV2017,Undirected,72969,,0.608971
ASV4134,ASV206,Undirected,72970,,-0.658818
ASV4134,ASV2185,Undirected,72971,,0.687701
ASV4134,ASV22,Undirected,72972,,-0.633408
ASV4134,ASV220,Undirected,72973,,-0.684144
ASV4134,ASV226,Undirected,72976,,-0.664416
ASV4134,ASV228,Undirected,72977,,0.632734
ASV4134,ASV233,Undirected,72979,,0.661963
ASV4134,ASV24,Undirected,72981,,-0.650685
ASV4134,ASV247,Undirected,72982,,-0.658456
ASV4134,ASV25,Undirected,72983,,-0.663577
ASV4134,ASV260,Undirected,72986,,0.706248
ASV4134,ASV261,Undirected,72987,,0.631689
ASV4134,ASV263,Undirected,72988,,-0.667219
ASV4134,ASV271,Undirected,72989,,0.684312
ASV4134,ASV2744,Undirected,72990,,0.660937
ASV4134,ASV277,Undirected,72991,,0.650094
ASV4134,ASV2974,Undirected,72994,,0.634159
ASV4134,ASV31,Undirected,72995,,-0.655541
ASV4134,ASV310,Undirected,72996,,0.6782
ASV4134,ASV32,Undirected,72997,,-0.651056
ASV4134,ASV3347,Undirected,73000,,0.610393
ASV4134,ASV349,Undirected,73002,,0.638569
ASV4134,ASV363,Undirected,73005,,-0.632212
ASV4134,ASV37,Undirected,73006,,-0.611202
ASV4134,ASV3752,Undirected,73007,,0.653908
ASV4134,ASV38,Undirected,73008,,-0.657316
ASV4134,ASV4,Undirected,73009,,-0.604105
ASV4134,ASV404,Undirected,73010,,-0.640427
ASV4134,ASV4134,Undirected,73011,,1
ASV4134,ASV436,Undirected,73012,,1.539556
ASV4134,ASV451,Undirected,73013,,-1.510776
ASV4134,ASV5010,Undirected,73014,,1.630663
ASV4134,ASV529,Undirected,73015,,1.588388
ASV4134,ASV56,Undirected,73016,,-1.448635
ASV4134,ASV74,Undirected,73017,,-1.498768
ASV4134,ASV766,Undirected,73018,,1.416171
ASV4134,ASV80,Undirected,73019,,-1.643096
ASV4134,ASV810,Undirected,73020,,-1.47592
ASV4134,ASV854,Undirected,73021,,-1.421703
ASV4134,ASV87,Undirected,73022,,-1.587993
ASV4134,ASV92,Undirected,73023,,1.469524
ASV4134,ASV927,Undirected,73024,,-1.426483
ASV4134,ASV93,Undirected,73025,,-1.470568
ASV4134,ASV938,Undirected,73026,,-1.605485
ASV4134,ASV95,Undirected,73027,,1.478924
ASV414,ASV320,Undirected,73030,,0.640617
ASV414,ASV3347,Undirected,73031,,-0.607073
ASV414,ASV4134,Undirected,73032,,-0.657675
ASV414,ASV414,Undirected,73033,,1
ASV414,ASV854,Undirected,73034,,1.472439
ASV415,ASV1247,Undirected,73035,,0.675448
ASV415,ASV143,Undirected,73036,,0.689481
ASV415,ASV2,Undirected,73037,,-0.609722
ASV415,ASV264,Undirected,73038,,0.604823
ASV415,ASV308,Undirected,73039,,0.691866
ASV415,ASV324,Undirected,73040,,0.621674
ASV415,ASV359,Undirected,73041,,0.662683
ASV415,ASV397,Undirected,73042,,0.605921
ASV415,ASV415,Undirected,73043,,1
ASV416,ASV1026,Undirected,73044,,0.623588
ASV416,ASV103,Undirected,73045,,-0.614946
ASV416,ASV1036,Undirected,73046,,0.66365
ASV416,ASV1051,Undirected,73047,,0.650668
ASV416,ASV1069,Undirected,73048,,0.657131
ASV416,ASV1093,Undirected,73049,,0.613226
ASV416,ASV1120,Undirected,73050,,0.684904
ASV416,ASV1141,Undirected,73052,,-0.612747
ASV416,ASV120,Undirected,73055,,0.631827
ASV416,ASV125,Undirected,73056,,0.684974
ASV416,ASV1251,Undirected,73057,,0.647952
ASV416,ASV1298,Undirected,73059,,0.614908
ASV416,ASV13,Undirected,73060,,-0.673397
ASV416,ASV140,Undirected,73062,,0.69187
ASV416,ASV146,Undirected,73064,,-0.624811
ASV416,ASV1468,Undirected,73065,,0.641948
ASV416,ASV154,Undirected,73068,,0.627655
ASV416,ASV1615,Undirected,73071,,0.652532
ASV416,ASV169,Undirected,73073,,-0.678775
ASV416,ASV1730,Undirected,73074,,0.60301
ASV416,ASV194,Undirected,73076,,-0.653707
ASV416,ASV1986,Undirected,73077,,0.682298
ASV416,ASV2017,Undirected,73080,,0.638434
ASV416,ASV2026,Undirected,73081,,-0.606058
ASV416,ASV216,Undirected,73083,,-0.622093
ASV416,ASV223,Undirected,73086,,0.625389
ASV416,ASV229,Undirected,73088,,-0.664767
ASV416,ASV231,Undirected,73089,,0.607662
ASV416,ASV233,Undirected,73090,,0.679835
ASV416,ASV24,Undirected,73092,,-0.65303
ASV416,ASV244,Undirected,73096,,-0.606014
ASV416,ASV245,Undirected,73097,,0.650959
ASV416,ASV248,Undirected,73098,,0.627593
ASV416,ASV264,Undirected,73102,,0.646601
ASV416,ASV271,Undirected,73103,,0.693147
ASV416,ASV2744,Undirected,73104,,0.666702
ASV416,ASV277,Undirected,73105,,0.688313
ASV416,ASV295,Undirected,73108,,0.6057
ASV416,ASV306,Undirected,73109,,-0.660949
ASV416,ASV3072,Undirected,73110,,-0.601761
ASV416,ASV32,Undirected,73113,,-0.704607
ASV416,ASV3327,Undirected,73115,,-0.63563
ASV416,ASV344,Undirected,73117,,-0.615744
ASV416,ASV349,Undirected,73118,,0.670131
ASV416,ASV360,Undirected,73121,,0.635234
ASV416,ASV404,Undirected,73123,,-0.664762
ASV416,ASV412,Undirected,73124,,0.654858
ASV416,ASV416,Undirected,73125,,1
ASV416,ASV435,Undirected,73126,,1.766721
ASV416,ASV437,Undirected,73127,,1.596476
ASV416,ASV449,Undirected,73128,,1.544702
ASV416,ASV458,Undirected,73129,,1.466626
ASV416,ASV459,Undirected,73130,,1.52195
ASV416,ASV463,Undirected,73131,,-1.475104
ASV416,ASV468,Undirected,73132,,1.674139
ASV416,ASV501,Undirected,73133,,1.641931
ASV416,ASV513,Undirected,73134,,1.41805
ASV416,ASV531,Undirected,73135,,1.618257
ASV416,ASV556,Undirected,73136,,1.564677
ASV416,ASV5744,Undirected,73137,,-1.634198
ASV416,ASV579,Undirected,73138,,1.497986
ASV416,ASV59,Undirected,73139,,-1.465085
ASV416,ASV6,Undirected,73140,,1.498194
ASV416,ASV61,Undirected,73141,,-1.445597
ASV416,ASV653,Undirected,73142,,1.561841
ASV416,ASV719,Undirected,73143,,-1.489596
ASV416,ASV721,Undirected,73144,,1.698363
ASV416,ASV732,Undirected,73145,,-1.518763
ASV416,ASV756,Undirected,73146,,1.515309
ASV416,ASV76,Undirected,73147,,1.431535
ASV416,ASV775,Undirected,73148,,1.439543
ASV416,ASV79,Undirected,73149,,-1.526426
ASV416,ASV828,Undirected,73150,,1.450676
ASV416,ASV856,Undirected,73151,,1.46182
ASV416,ASV876,Undirected,73152,,1.683341
ASV416,ASV881,Undirected,73153,,1.451337
ASV416,ASV92,Undirected,73154,,1.444849
ASV416,ASV921,Undirected,73155,,-1.524216
ASV416,ASV95,Undirected,73156,,1.592959
ASV416,ASV96,Undirected,73157,,-1.516598
ASV416,ASV970,Undirected,73158,,1.488029
ASV416,ASV983,Undirected,73159,,1.453983
ASV416,ASV995,Undirected,73160,,1.572711
ASV418,ASV1136,Undirected,73161,,-0.691671
ASV418,ASV139,Undirected,73162,,0.614652
ASV418,ASV1513,Undirected,73163,,0.664814
ASV418,ASV2218,Undirected,73164,,0.609732
ASV418,ASV2290,Undirected,73165,,0.612549
ASV418,ASV2583,Undirected,73166,,-0.664416
ASV418,ASV283,Undirected,73167,,0.66021
ASV418,ASV295,Undirected,73168,,0.61079
ASV418,ASV418,Undirected,73169,,1
ASV418,ASV502,Undirected,73170,,1.461636
ASV418,ASV510,Undirected,73171,,1.619399
ASV418,ASV750,Undirected,73172,,1.527073
ASV419,ASV1446,Undirected,73173,,-0.703154
ASV419,ASV1594,Undirected,73174,,0.639358
ASV419,ASV1738,Undirected,73175,,-0.625952
ASV419,ASV176,Undirected,73176,,-0.602943
ASV419,ASV2433,Undirected,73177,,-0.648686
ASV419,ASV2530,Undirected,73178,,0.701187
ASV419,ASV3189,Undirected,73179,,-0.675772
ASV419,ASV384,Undirected,73180,,-0.630646
ASV419,ASV419,Undirected,73181,,1
ASV42,ASV102,Undirected,73182,,0.682384
ASV42,ASV1027,Undirected,73183,,-0.625258
ASV42,ASV106,Undirected,73184,,0.698783
ASV42,ASV1066,Undirected,73185,,0.612849
ASV42,ASV1198,Undirected,73186,,-0.687783
ASV42,ASV1232,Undirected,73187,,0.620982
ASV42,ASV147,Undirected,73188,,0.688156
ASV42,ASV2008,Undirected,73189,,-0.697214
ASV42,ASV232,Undirected,73190,,0.696578
ASV42,ASV3236,Undirected,73191,,0.634055
ASV42,ASV3938,Undirected,73192,,-0.641304
ASV42,ASV42,Undirected,73193,,1
ASV42,ASV475,Undirected,73194,,1.518183
ASV420,ASV1277,Undirected,73195,,0.6465
ASV420,ASV1446,Undirected,73196,,0.626658
ASV420,ASV1647,Undirected,73197,,0.630774
ASV420,ASV420,Undirected,73198,,1
ASV420,ASV5333,Undirected,73199,,-1.426902
ASV420,ASV669,Undirected,73200,,1.564761
ASV421,ASV119,Undirected,73201,,-0.603125
ASV421,ASV172,Undirected,73203,,0.602078
ASV421,ASV2124,Undirected,73204,,0.637546
ASV421,ASV2361,Undirected,73205,,0.610402
ASV421,ASV2915,Undirected,73206,,0.681725
ASV421,ASV3107,Undirected,73207,,-0.635915
ASV421,ASV314,Undirected,73208,,0.60551
ASV421,ASV421,Undirected,73209,,1
ASV421,ASV930,Undirected,73210,,-1.465675
ASV422,ASV422,Undirected,73211,,1
ASV4229,ASV1030,Undirected,73212,,0.666549
ASV4229,ASV1162,Undirected,73213,,0.698799
ASV4229,ASV121,Undirected,73214,,-0.663919
ASV4229,ASV13,Undirected,73215,,-0.60763
ASV4229,ASV14,Undirected,73216,,0.696474
ASV4229,ASV1466,Undirected,73217,,0.610793
ASV4229,ASV16,Undirected,73218,,-0.6403
ASV4229,ASV18,Undirected,73220,,0.605219
ASV4229,ASV182,Undirected,73221,,-0.626165
ASV4229,ASV183,Undirected,73222,,0.636111
ASV4229,ASV184,Undirected,73223,,-0.628871
ASV4229,ASV220,Undirected,73226,,-0.601413
ASV4229,ASV231,Undirected,73227,,0.620224
ASV4229,ASV233,Undirected,73228,,0.625964
ASV4229,ASV24,Undirected,73229,,-0.618444
ASV4229,ASV244,Undirected,73230,,-0.662705
ASV4229,ASV267,Undirected,73233,,-0.609421
ASV4229,ASV273,Undirected,73234,,-0.637674
ASV4229,ASV328,Undirected,73235,,0.610784
ASV4229,ASV33,Undirected,73236,,-0.644836
ASV4229,ASV34,Undirected,73237,,-0.70313
ASV4229,ASV366,Undirected,73238,,0.606469
ASV4229,ASV374,Undirected,73240,,-0.606261
ASV4229,ASV39,Undirected,73242,,0.669369
ASV4229,ASV4229,Undirected,73243,,1
ASV4229,ASV486,Undirected,73244,,-1.634567
ASV4229,ASV724,Undirected,73245,,-1.448589
ASV4229,ASV73,Undirected,73246,,-1.528801
ASV4229,ASV77,Undirected,73247,,-1.52275
ASV4229,ASV886,Undirected,73248,,1.637678
ASV4229,ASV922,Undirected,73249,,1.464216
ASV423,ASV1027,Undirected,73250,,0.632566
ASV423,ASV1120,Undirected,73251,,0.640375
ASV423,ASV142,Undirected,73252,,0.614996
ASV423,ASV1492,Undirected,73253,,0.603446
ASV423,ASV151,Undirected,73254,,-0.63114
ASV423,ASV192,Undirected,73255,,0.646444
ASV423,ASV2,Undirected,73256,,-0.664259
ASV423,ASV219,Undirected,73257,,0.663718
ASV423,ASV245,Undirected,73258,,0.65506
ASV423,ASV261,Undirected,73259,,0.685592
ASV423,ASV280,Undirected,73260,,-0.627159
ASV423,ASV289,Undirected,73261,,0.705331
ASV423,ASV297,Undirected,73262,,0.658294
ASV423,ASV309,Undirected,73263,,-0.604696
ASV423,ASV310,Undirected,73264,,0.601152
ASV423,ASV334,Undirected,73266,,0.630932
ASV423,ASV369,Undirected,73268,,0.636467
ASV423,ASV384,Undirected,73269,,0.702929
ASV423,ASV390,Undirected,73270,,0.70225
ASV423,ASV416,Undirected,73271,,0.704541
ASV423,ASV423,Undirected,73272,,1
ASV423,ASV435,Undirected,73273,,1.550462
ASV423,ASV556,Undirected,73274,,1.540717
ASV423,ASV680,Undirected,73275,,1.449574
ASV423,ASV721,Undirected,73276,,1.619299
ASV423,ASV983,Undirected,73277,,1.550683
ASV425,ASV131,Undirected,73279,,-0.6077
ASV425,ASV2552,Undirected,73280,,0.663539
ASV425,ASV332,Undirected,73281,,-0.676014
ASV425,ASV425,Undirected,73282,,1
ASV4257,ASV1141,Undirected,73283,,-0.624751
ASV4257,ASV172,Undirected,73285,,-0.646665
ASV4257,ASV20,Undirected,73286,,-0.703418
ASV4257,ASV363,Undirected,73288,,-0.609327
ASV4257,ASV4,Undirected,73289,,-0.654943
ASV4257,ASV410,Undirected,73290,,-0.609149
ASV4257,ASV4257,Undirected,73291,,1
ASV4257,ASV803,Undirected,73292,,-1.437109
ASV426,ASV105,Undirected,73293,,0.627765
ASV426,ASV203,Undirected,73294,,0.625438
ASV426,ASV426,Undirected,73296,,1
ASV4265,ASV1140,Undirected,73297,,0.602374
ASV4265,ASV326,Undirected,73298,,0.615357
ASV4265,ASV4265,Undirected,73299,,1
ASV4272,ASV338,Undirected,73301,,0.650268
ASV4272,ASV4272,Undirected,73302,,1
ASV4272,ASV4759,Undirected,73303,,1.462237
ASV4272,ASV91,Undirected,73304,,-1.487269
ASV4277,ASV1007,Undirected,73305,,0.671351
ASV4277,ASV1024,Undirected,73306,,-0.641798
ASV4277,ASV1251,Undirected,73307,,-0.705053
ASV4277,ASV1381,Undirected,73308,,0.64768
ASV4277,ASV148,Undirected,73309,,-0.631881
ASV4277,ASV150,Undirected,73310,,0.701501
ASV4277,ASV175,Undirected,73314,,0.638387
ASV4277,ASV1838,Undirected,73315,,-0.601195
ASV4277,ASV187,Undirected,73316,,0.671325
ASV4277,ASV207,Undirected,73317,,-0.602928
ASV4277,ASV2124,Undirected,73318,,0.609757
ASV4277,ASV2361,Undirected,73319,,0.686062
ASV4277,ASV27,Undirected,73321,,0.616341
ASV4277,ASV3238,Undirected,73324,,-0.639706
ASV4277,ASV4,Undirected,73325,,0.678388
ASV4277,ASV421,Undirected,73326,,0.68536
ASV4277,ASV4277,Undirected,73327,,1
ASV4277,ASV445,Undirected,73328,,1.430347
ASV4277,ASV515,Undirected,73329,,1.49042
ASV4277,ASV5245,Undirected,73330,,1.633541
ASV4277,ASV711,Undirected,73331,,1.518278
ASV428,ASV113,Undirected,73333,,-0.688219
ASV428,ASV1247,Undirected,73335,,0.6792
ASV428,ASV149,Undirected,73338,,0.604878
ASV428,ASV1551,Undirected,73339,,0.633852
ASV428,ASV159,Undirected,73340,,0.656031
ASV428,ASV171,Undirected,73342,,-0.628917
ASV428,ASV2114,Undirected,73343,,0.619582
ASV428,ASV219,Undirected,73344,,0.656031
ASV428,ASV22,Undirected,73345,,-0.64488
ASV428,ASV225,Undirected,73346,,0.623546
ASV428,ASV231,Undirected,73347,,0.62133
ASV428,ASV2361,Undirected,73348,,-0.619504
ASV428,ASV242,Undirected,73349,,0.604142
ASV428,ASV2552,Undirected,73350,,-0.691113
ASV428,ASV2583,Undirected,73351,,-0.644811
ASV428,ASV260,Undirected,73352,,0.704673
ASV428,ASV269,Undirected,73354,,0.631213
ASV428,ASV298,Undirected,73357,,0.621246
ASV428,ASV310,Undirected,73358,,0.651304
ASV428,ASV3327,Undirected,73359,,-0.625333
ASV428,ASV34,Undirected,73360,,-0.60928
ASV428,ASV35,Undirected,73361,,0.664812
ASV428,ASV3752,Undirected,73362,,0.682032
ASV428,ASV3768,Undirected,73363,,0.63883
ASV428,ASV4277,Undirected,73364,,-0.607079
ASV428,ASV428,Undirected,73365,,1
ASV428,ASV430,Undirected,73366,,1.467722
ASV429,ASV1293,Undirected,73368,,-0.615078
ASV429,ASV133,Undirected,73369,,0.620332
ASV429,ASV1842,Undirected,73370,,-0.650439
ASV429,ASV259,Undirected,73373,,-0.615633
ASV429,ASV282,Undirected,73374,,-0.622218
ASV429,ASV30,Undirected,73375,,0.705276
ASV429,ASV429,Undirected,73376,,1
ASV429,ASV75,Undirected,73377,,-1.417129
ASV429,ASV770,Undirected,73378,,1.474067
ASV43,ASV1002,Undirected,73379,,-0.602247
ASV43,ASV1007,Undirected,73380,,0.618588
ASV43,ASV1024,Undirected,73381,,-0.685769
ASV43,ASV1275,Undirected,73382,,0.680809
ASV43,ASV155,Undirected,73383,,0.680481
ASV43,ASV172,Undirected,73385,,0.680083
ASV43,ASV187,Undirected,73386,,0.641529
ASV43,ASV23,Undirected,73387,,0.698658
ASV43,ASV262,Undirected,73388,,0.661842
ASV43,ASV27,Undirected,73389,,0.684211
ASV43,ASV2809,Undirected,73390,,-0.603523
ASV43,ASV322,Undirected,73392,,0.605685
ASV43,ASV325,Undirected,73393,,0.630438
ASV43,ASV338,Undirected,73394,,0.601452
ASV43,ASV37,Undirected,73395,,0.651523
ASV43,ASV4,Undirected,73397,,0.609907
ASV43,ASV43,Undirected,73398,,1
ASV43,ASV54,Undirected,73399,,1.467492
ASV43,ASV69,Undirected,73400,,-1.540851
ASV430,ASV1017,Undirected,73401,,-0.60358
ASV430,ASV1026,Undirected,73402,,0.600226
ASV430,ASV107,Undirected,73403,,-0.60208
ASV430,ASV114,Undirected,73406,,-0.608408
ASV430,ASV1141,Undirected,73407,,-0.651156
ASV430,ASV117,Undirected,73408,,-0.686072
ASV430,ASV122,Undirected,73411,,-0.666146
ASV430,ASV123,Undirected,73412,,-0.693838
ASV430,ASV125,Undirected,73413,,0.621498
ASV430,ASV1277,Undirected,73414,,0.634665
ASV430,ASV1295,Undirected,73416,,0.689659
ASV430,ASV1298,Undirected,73417,,0.674872
ASV430,ASV13,Undirected,73418,,-0.621375
ASV430,ASV135,Undirected,73419,,-0.639106
ASV430,ASV1358,Undirected,73420,,0.631805
ASV430,ASV1381,Undirected,73421,,-0.68926
ASV430,ASV150,Undirected,73424,,-0.606333
ASV430,ASV1546,Undirected,73425,,0.666841
ASV430,ASV1561,Undirected,73426,,-0.673325
ASV430,ASV1647,Undirected,73430,,0.658989
ASV430,ASV170,Undirected,73431,,-0.675157
ASV430,ASV194,Undirected,73432,,-0.610911
ASV430,ASV202,Undirected,73433,,0.660781
ASV430,ASV207,Undirected,73434,,0.652563
ASV430,ASV2155,Undirected,73436,,-0.690984
ASV430,ASV219,Undirected,73438,,0.657307
ASV430,ASV22,Undirected,73439,,-0.691583
ASV430,ASV225,Undirected,73440,,0.623056
ASV430,ASV237,Undirected,73442,,-0.647579
ASV430,ASV24,Undirected,73443,,-0.623772
ASV430,ASV245,Undirected,73445,,0.600938
ASV430,ASV25,Undirected,73446,,-0.698815
ASV430,ASV261,Undirected,73449,,0.690035
ASV430,ASV270,Undirected,73451,,0.605003
ASV430,ASV273,Undirected,73453,,-0.698342
ASV430,ASV276,Undirected,73454,,-0.632675
ASV430,ASV288,Undirected,73455,,0.661644
ASV430,ASV295,Undirected,73456,,0.663555
ASV430,ASV307,Undirected,73457,,-0.622986
ASV430,ASV31,Undirected,73458,,-0.694028
ASV430,ASV32,Undirected,73460,,-0.61898
ASV430,ASV330,Undirected,73461,,-0.661136
ASV430,ASV34,Undirected,73463,,-0.628117
ASV430,ASV352,Undirected,73465,,0.649587
ASV430,ASV369,Undirected,73468,,0.633249
ASV430,ASV37,Undirected,73469,,-0.670649
ASV430,ASV3752,Undirected,73470,,0.623307
ASV430,ASV382,Undirected,73471,,0.620833
ASV430,ASV4,Undirected,73473,,-0.676005
ASV430,ASV404,Undirected,73474,,-0.617111
ASV430,ASV416,Undirected,73475,,0.660085
ASV430,ASV430,Undirected,73477,,1
ASV430,ASV456,Undirected,73478,,1.578345
ASV430,ASV459,Undirected,73479,,1.583696
ASV430,ASV468,Undirected,73480,,1.640065
ASV430,ASV514,Undirected,73481,,-1.473466
ASV430,ASV528,Undirected,73482,,1.418447
ASV430,ASV56,Undirected,73483,,-1.425022
ASV430,ASV5744,Undirected,73484,,-1.493258
ASV430,ASV589,Undirected,73485,,1.469858
ASV430,ASV59,Undirected,73486,,-1.451545
ASV430,ASV6,Undirected,73487,,1.607068
ASV430,ASV61,Undirected,73488,,-1.553486
ASV430,ASV655,Undirected,73489,,1.592284
ASV430,ASV708,Undirected,73490,,1.673989
ASV430,ASV732,Undirected,73491,,-1.444679
ASV430,ASV741,Undirected,73492,,1.588503
ASV430,ASV781,Undirected,73493,,1.423994
ASV430,ASV810,Undirected,73494,,-1.440625
ASV430,ASV82,Undirected,73495,,-1.421174
ASV430,ASV83,Undirected,73496,,1.507016
ASV430,ASV856,Undirected,73497,,1.570016
ASV430,ASV876,Undirected,73498,,1.479021
ASV430,ASV95,Undirected,73499,,1.415681
ASV430,ASV96,Undirected,73500,,-1.557176
ASV433,ASV115,Undirected,73502,,-0.631883
ASV433,ASV134,Undirected,73503,,-0.610076
ASV433,ASV138,Undirected,73504,,-0.622586
ASV433,ASV2008,Undirected,73505,,0.687846
ASV433,ASV239,Undirected,73506,,-0.606441
ASV433,ASV2809,Undirected,73507,,-0.604265
ASV433,ASV433,Undirected,73508,,1
ASV433,ASV634,Undirected,73509,,1.418187
ASV433,ASV70,Undirected,73510,,1.435554
ASV434,ASV119,Undirected,73511,,-0.60126
ASV434,ASV133,Undirected,73512,,0.688262
ASV434,ASV1812,Undirected,73513,,-0.666156
ASV434,ASV2066,Undirected,73514,,0.633397
ASV434,ASV23,Undirected,73516,,0.695498
ASV434,ASV251,Undirected,73518,,0.624751
ASV434,ASV262,Undirected,73519,,0.616603
ASV434,ASV286,Undirected,73520,,-0.678215
ASV434,ASV356,Undirected,73521,,-0.623691
ASV434,ASV359,Undirected,73522,,0.602518
ASV434,ASV362,Undirected,73523,,0.690873
ASV434,ASV41,Undirected,73524,,0.618251
ASV434,ASV434,Undirected,73525,,1
ASV434,ASV687,Undirected,73526,,1.416022
ASV435,ASV1026,Undirected,73527,,0.626151
ASV435,ASV1038,Undirected,73528,,0.604833
ASV435,ASV1051,Undirected,73529,,0.624502
ASV435,ASV1093,Undirected,73530,,0.633275
ASV435,ASV113,Undirected,73531,,-0.696729
ASV435,ASV1149,Undirected,73532,,0.63386
ASV435,ASV117,Undirected,73533,,-0.647548
ASV435,ASV1193,Undirected,73534,,0.63427
ASV435,ASV120,Undirected,73535,,0.671751
ASV435,ASV1273,Undirected,73537,,0.691308
ASV435,ASV142,Undirected,73540,,0.704737
ASV435,ASV1428,Undirected,73541,,0.630963
ASV435,ASV149,Undirected,73543,,0.643873
ASV435,ASV158,Undirected,73545,,0.642473
ASV435,ASV1738,Undirected,73548,,0.61854
ASV435,ASV1763,Undirected,73550,,0.605493
ASV435,ASV194,Undirected,73552,,-0.611405
ASV435,ASV195,Undirected,73553,,-0.606909
ASV435,ASV2,Undirected,73554,,-0.679476
ASV435,ASV2017,Undirected,73555,,0.683546
ASV435,ASV207,Undirected,73556,,0.673509
ASV435,ASV229,Undirected,73560,,-0.678927
ASV435,ASV233,Undirected,73561,,0.701407
ASV435,ASV24,Undirected,73563,,-0.660424
ASV435,ASV241,Undirected,73564,,0.673341
ASV435,ASV248,Undirected,73567,,0.611722
ASV435,ASV264,Undirected,73571,,0.651629
ASV435,ASV271,Undirected,73572,,0.61771
ASV435,ASV283,Undirected,73574,,0.655667
ASV435,ASV288,Undirected,73575,,0.612256
ASV435,ASV306,Undirected,73576,,-0.638512
ASV435,ASV32,Undirected,73579,,-0.676276
ASV435,ASV328,Undirected,73580,,0.648419
ASV435,ASV344,Undirected,73583,,-0.693525
ASV435,ASV360,Undirected,73587,,0.630714
ASV435,ASV3752,Undirected,73589,,0.658163
ASV435,ASV384,Undirected,73590,,0.697676
ASV435,ASV435,Undirected,73593,,1
ASV435,ASV459,Undirected,73594,,1.486181
ASV435,ASV501,Undirected,73595,,1.633888
ASV435,ASV531,Undirected,73596,,1.722873
ASV435,ASV579,Undirected,73597,,1.492465
ASV435,ASV653,Undirected,73598,,1.471418
ASV435,ASV657,Undirected,73599,,1.50254
ASV435,ASV719,Undirected,73600,,-1.50562
ASV435,ASV721,Undirected,73601,,1.584111
ASV435,ASV76,Undirected,73602,,1.564596
ASV435,ASV79,Undirected,73603,,-1.504217
ASV435,ASV828,Undirected,73604,,1.598338
ASV435,ASV87,Undirected,73605,,-1.454953
ASV435,ASV876,Undirected,73606,,1.413089
ASV435,ASV92,Undirected,73607,,1.424423
ASV435,ASV921,Undirected,73608,,-1.5424
ASV435,ASV95,Undirected,73609,,1.558964
ASV435,ASV96,Undirected,73610,,-1.464068
ASV435,ASV983,Undirected,73611,,1.669459
ASV435,ASV995,Undirected,73612,,1.719154
ASV436,ASV1017,Undirected,73614,,-0.681699
ASV436,ASV104,Undirected,73616,,-0.617464
ASV436,ASV1069,Undirected,73617,,0.680898
ASV436,ASV110,Undirected,73620,,-0.675818
ASV436,ASV114,Undirected,73622,,-0.679961
ASV436,ASV115,Undirected,73623,,-0.68844
ASV436,ASV116,Undirected,73624,,0.604459
ASV436,ASV1165,Undirected,73625,,-0.629666
ASV436,ASV1193,Undirected,73627,,0.623377
ASV436,ASV12,Undirected,73628,,-0.636883
ASV436,ASV1217,Undirected,73629,,0.613604
ASV436,ASV125,Undirected,73631,,0.623122
ASV436,ASV14,Undirected,73634,,0.651142
ASV436,ASV1428,Undirected,73635,,0.665112
ASV436,ASV1492,Undirected,73636,,0.659575
ASV436,ASV150,Undirected,73638,,-0.62196
ASV436,ASV1730,Undirected,73640,,0.644341
ASV436,ASV175,Undirected,73641,,-0.667532
ASV436,ASV1781,Undirected,73642,,0.698076
ASV436,ASV18,Undirected,73643,,0.670811
ASV436,ASV184,Undirected,73644,,-0.681889
ASV436,ASV191,Undirected,73645,,-0.628072
ASV436,ASV197,Undirected,73648,,-0.630571
ASV436,ASV199,Undirected,73649,,-0.639799
ASV436,ASV2008,Undirected,73650,,0.657962
ASV436,ASV225,Undirected,73653,,0.696735
ASV436,ASV226,Undirected,73654,,-0.655585
ASV436,ASV232,Undirected,73656,,-0.638442
ASV436,ASV233,Undirected,73657,,0.648987
ASV436,ASV247,Undirected,73660,,-0.637691
ASV436,ASV248,Undirected,73661,,0.693825
ASV436,ASV25,Undirected,73662,,-0.650107
ASV436,ASV258,Undirected,73664,,-0.68533
ASV436,ASV261,Undirected,73665,,0.660965
ASV436,ASV263,Undirected,73666,,-0.691032
ASV436,ASV273,Undirected,73668,,-0.689477
ASV436,ASV29,Undirected,73670,,0.638861
ASV436,ASV33,Undirected,73673,,-0.705395
ASV436,ASV3347,Undirected,73674,,0.673779
ASV436,ASV36,Undirected,73676,,-0.684976
ASV436,ASV363,Undirected,73677,,-0.605496
ASV436,ASV37,Undirected,73678,,-0.639049
ASV436,ASV374,Undirected,73680,,-0.620654
ASV436,ASV403,Undirected,73682,,-0.633336
ASV436,ASV413,Undirected,73683,,-0.601565
ASV436,ASV436,Undirected,73685,,1
ASV436,ASV451,Undirected,73686,,-1.498963
ASV436,ASV452,Undirected,73687,,-1.422364
ASV436,ASV5010,Undirected,73688,,1.418016
ASV436,ASV516,Undirected,73689,,-1.492977
ASV436,ASV56,Undirected,73690,,-1.535755
ASV436,ASV624,Undirected,73691,,-1.505812
ASV436,ASV71,Undirected,73692,,-1.484479
ASV436,ASV73,Undirected,73693,,-1.417446
ASV436,ASV74,Undirected,73694,,-1.513993
ASV436,ASV79,Undirected,73695,,-1.478488
ASV436,ASV80,Undirected,73696,,-1.549461
ASV436,ASV82,Undirected,73697,,-1.467638
ASV436,ASV828,Undirected,73698,,1.565714
ASV436,ASV87,Undirected,73699,,-1.569366
ASV436,ASV90,Undirected,73700,,-1.55648
ASV437,ASV1007,Undirected,73701,,-0.665796
ASV437,ASV1069,Undirected,73702,,0.694039
ASV437,ASV1120,Undirected,73703,,0.700163
ASV437,ASV113,Undirected,73704,,-0.695487
ASV437,ASV1149,Undirected,73706,,0.602309
ASV437,ASV117,Undirected,73707,,-0.691355
ASV437,ASV121,Undirected,73708,,-0.629637
ASV437,ASV122,Undirected,73709,,-0.625328
ASV437,ASV1228,Undirected,73710,,0.621963
ASV437,ASV1243,Undirected,73711,,0.624872
ASV437,ASV125,Undirected,73712,,0.66043
ASV437,ASV1273,Undirected,73713,,0.672482
ASV437,ASV13,Undirected,73714,,-0.706054
ASV437,ASV139,Undirected,73715,,0.692884
ASV437,ASV140,Undirected,73716,,0.604387
ASV437,ASV1417,Undirected,73717,,0.634421
ASV437,ASV146,Undirected,73719,,-0.672604
ASV437,ASV1492,Undirected,73721,,0.677799
ASV437,ASV1615,Undirected,73725,,0.648543
ASV437,ASV170,Undirected,73728,,-0.605326
ASV437,ASV194,Undirected,73731,,-0.674842
ASV437,ASV196,Undirected,73732,,-0.702254
ASV437,ASV2017,Undirected,73735,,0.658605
ASV437,ASV214,Undirected,73736,,0.613262
ASV437,ASV219,Undirected,73738,,0.680759
ASV437,ASV223,Undirected,73739,,0.604699
ASV437,ASV225,Undirected,73740,,0.686472
ASV437,ASV229,Undirected,73741,,-0.671888
ASV437,ASV231,Undirected,73742,,0.655064
ASV437,ASV237,Undirected,73744,,-0.639691
ASV437,ASV2383,Undirected,73745,,0.701755
ASV437,ASV24,Undirected,73746,,-0.685596
ASV437,ASV242,Undirected,73747,,0.657305
ASV437,ASV245,Undirected,73748,,0.6528
ASV437,ASV25,Undirected,73749,,-0.70309
ASV437,ASV2511,Undirected,73750,,0.644216
ASV437,ASV267,Undirected,73753,,-0.627289
ASV437,ASV27,Undirected,73754,,-0.649006
ASV437,ASV271,Undirected,73755,,0.684766
ASV437,ASV273,Undirected,73756,,-0.658867
ASV437,ASV277,Undirected,73758,,0.696088
ASV437,ASV310,Undirected,73762,,0.689627
ASV437,ASV330,Undirected,73764,,-0.69861
ASV437,ASV3327,Undirected,73765,,-0.663164
ASV437,ASV360,Undirected,73769,,0.632268
ASV437,ASV374,Undirected,73772,,-0.697611
ASV437,ASV390,Undirected,73773,,0.677487
ASV437,ASV394,Undirected,73774,,0.650841
ASV437,ASV4,Undirected,73775,,-0.660447
ASV437,ASV404,Undirected,73776,,-0.663004
ASV437,ASV412,Undirected,73777,,0.640985
ASV437,ASV423,Undirected,73779,,0.618649
ASV437,ASV4257,Undirected,73780,,0.639738
ASV437,ASV430,Undirected,73781,,0.625395
ASV437,ASV435,Undirected,73782,,0.665446
ASV437,ASV437,Undirected,73783,,1
ASV437,ASV438,Undirected,73784,,-1.448112
ASV437,ASV463,Undirected,73785,,-1.638187
ASV437,ASV468,Undirected,73786,,1.440086
ASV437,ASV5,Undirected,73787,,-1.499786
ASV437,ASV501,Undirected,73788,,1.459588
ASV437,ASV513,Undirected,73789,,1.434847
ASV437,ASV554,Undirected,73790,,1.546094
ASV437,ASV556,Undirected,73791,,1.509148
ASV437,ASV5744,Undirected,73792,,-1.59899
ASV437,ASV59,Undirected,73793,,-1.512267
ASV437,ASV61,Undirected,73794,,-1.44482
ASV437,ASV658,Undirected,73795,,1.449396
ASV437,ASV699,Undirected,73796,,1.415275
ASV437,ASV721,Undirected,73797,,1.589718
ASV437,ASV74,Undirected,73798,,-1.555475
ASV437,ASV752,Undirected,73799,,1.508901
ASV437,ASV775,Undirected,73800,,1.481498
ASV437,ASV79,Undirected,73801,,-1.705242
ASV437,ASV80,Undirected,73802,,-1.512007
ASV437,ASV82,Undirected,73803,,-1.451651
ASV437,ASV828,Undirected,73804,,1.502101
ASV437,ASV856,Undirected,73805,,1.446485
ASV437,ASV87,Undirected,73806,,-1.42074
ASV437,ASV9,Undirected,73807,,-1.56011
ASV437,ASV95,Undirected,73808,,1.43262
ASV437,ASV970,Undirected,73809,,1.597484
ASV438,ASV1069,Undirected,73810,,-0.660596
ASV438,ASV1141,Undirected,73811,,0.613587
ASV438,ASV121,Undirected,73812,,0.603842
ASV438,ASV13,Undirected,73813,,0.605906
ASV438,ASV149,Undirected,73814,,-0.615545
ASV438,ASV1546,Undirected,73815,,-0.642376
ASV438,ASV169,Undirected,73816,,0.680685
ASV438,ASV1730,Undirected,73817,,-0.615265
ASV438,ASV184,Undirected,73818,,0.685003
ASV438,ASV185,Undirected,73819,,0.657307
ASV438,ASV217,Undirected,73820,,0.650052
ASV438,ASV244,Undirected,73821,,0.604772
ASV438,ASV247,Undirected,73822,,0.649143
ASV438,ASV263,Undirected,73823,,0.621048
ASV438,ASV32,Undirected,73825,,0.606628
ASV438,ASV334,Undirected,73826,,-0.632971
ASV438,ASV374,Undirected,73827,,0.669434
ASV438,ASV412,Undirected,73828,,-0.608249
ASV438,ASV414,Undirected,73829,,0.642034
ASV438,ASV4257,Undirected,73830,,-0.619616
ASV438,ASV438,Undirected,73832,,1
ASV438,ASV44,Undirected,73833,,1.463495
ASV438,ASV470,Undirected,73834,,1.432886
ASV438,ASV716,Undirected,73835,,1.488545
ASV438,ASV980,Undirected,73836,,1.490895
ASV4396,ASV1032,Undirected,73837,,-0.655922
ASV4396,ASV1092,Undirected,73838,,0.649571
ASV4396,ASV1277,Undirected,73839,,-0.628188
ASV4396,ASV1852,Undirected,73841,,-0.615148
ASV4396,ASV434,Undirected,73842,,-0.629092
ASV4396,ASV4396,Undirected,73843,,1
ASV4396,ASV862,Undirected,73844,,-1.536259
ASV44,ASV103,Undirected,73846,,0.683068
ASV44,ASV1069,Undirected,73847,,-0.69004
ASV44,ASV1346,Undirected,73848,,0.607398
ASV44,ASV1730,Undirected,73850,,-0.603316
ASV44,ASV187,Undirected,73852,,0.674936
ASV44,ASV247,Undirected,73854,,0.602293
ASV44,ASV27,Undirected,73855,,0.615385
ASV44,ASV276,Undirected,73856,,0.659589
ASV44,ASV32,Undirected,73857,,0.6381
ASV44,ASV41,Undirected,73858,,0.664256
ASV44,ASV44,Undirected,73860,,1
ASV44,ASV54,Undirected,73861,,1.44347
ASV44,ASV597,Undirected,73862,,-1.493307
ASV440,ASV107,Undirected,73863,,-0.658361
ASV440,ASV113,Undirected,73864,,-0.662348
ASV440,ASV1141,Undirected,73865,,-0.611612
ASV440,ASV121,Undirected,73867,,-0.607069
ASV440,ASV122,Undirected,73868,,-0.656414
ASV440,ASV1228,Undirected,73869,,0.628197
ASV440,ASV1243,Undirected,73870,,0.697033
ASV440,ASV125,Undirected,73871,,0.602493
ASV440,ASV1298,Undirected,73872,,0.663116
ASV440,ASV140,Undirected,73875,,0.63019
ASV440,ASV142,Undirected,73876,,0.636933
ASV440,ASV146,Undirected,73877,,-0.623698
ASV440,ASV1468,Undirected,73878,,0.645595
ASV440,ASV149,Undirected,73879,,0.668053
ASV440,ASV1492,Undirected,73880,,0.636364
ASV440,ASV154,Undirected,73881,,0.603737
ASV440,ASV158,Undirected,73882,,0.667708
ASV440,ASV1615,Undirected,73883,,0.670402
ASV440,ASV170,Undirected,73884,,-0.686754
ASV440,ASV175,Undirected,73886,,-0.616904
ASV440,ASV194,Undirected,73889,,-0.614228
ASV440,ASV2017,Undirected,73890,,0.604838
ASV440,ASV205,Undirected,73891,,0.647457
ASV440,ASV216,Undirected,73892,,-0.682477
ASV440,ASV227,Undirected,73893,,-0.619023
ASV440,ASV233,Undirected,73895,,0.679854
ASV440,ASV2383,Undirected,73896,,0.680684
ASV440,ASV244,Undirected,73898,,-0.620977
ASV440,ASV25,Undirected,73899,,-0.652855
ASV440,ASV2511,Undirected,73900,,0.686964
ASV440,ASV260,Undirected,73901,,0.60592
ASV440,ASV263,Undirected,73902,,-0.655425
ASV440,ASV267,Undirected,73903,,-0.640105
ASV440,ASV271,Undirected,73904,,0.630785
ASV440,ASV273,Undirected,73905,,-0.65802
ASV440,ASV291,Undirected,73907,,0.658005
ASV440,ASV297,Undirected,73908,,0.608244
ASV440,ASV3072,Undirected,73909,,-0.641226
ASV440,ASV3089,Undirected,73910,,0.675537
ASV440,ASV32,Undirected,73912,,-0.678762
ASV440,ASV334,Undirected,73913,,0.681372
ASV440,ASV34,Undirected,73914,,-0.601352
ASV440,ASV363,Undirected,73916,,-0.668399
ASV440,ASV37,Undirected,73917,,-0.61172
ASV440,ASV38,Undirected,73919,,-0.70156
ASV440,ASV388,Undirected,73920,,0.621425
ASV440,ASV401,Undirected,73921,,0.653125
ASV440,ASV404,Undirected,73922,,-0.661628
ASV440,ASV41,Undirected,73923,,-0.648008
ASV440,ASV4229,Undirected,73924,,0.614052
ASV440,ASV437,Undirected,73925,,0.697655
ASV440,ASV440,Undirected,73926,,1
ASV440,ASV447,Undirected,73927,,1.568265
ASV440,ASV4509,Undirected,73928,,-1.453223
ASV440,ASV514,Undirected,73929,,-1.417577
ASV440,ASV516,Undirected,73930,,-1.553936
ASV440,ASV5638,Undirected,73931,,1.52815
ASV440,ASV59,Undirected,73932,,-1.587578
ASV440,ASV603,Undirected,73933,,1.440382
ASV440,ASV637,Undirected,73934,,-1.479438
ASV440,ASV681,Undirected,73935,,-1.518461
ASV440,ASV71,Undirected,73936,,-1.419701
ASV440,ASV719,Undirected,73937,,-1.420975
ASV440,ASV733,Undirected,73938,,-1.448673
ASV440,ASV76,Undirected,73939,,1.594807
ASV440,ASV79,Undirected,73940,,-1.460306
ASV440,ASV81,Undirected,73941,,-1.626564
ASV440,ASV82,Undirected,73942,,-1.608098
ASV440,ASV922,Undirected,73943,,1.473686
ASV440,ASV955,Undirected,73944,,1.495378
ASV443,ASV1017,Undirected,73945,,-0.662791
ASV443,ASV1069,Undirected,73946,,0.610162
ASV443,ASV1071,Undirected,73947,,0.603473
ASV443,ASV1141,Undirected,73948,,-0.690854
ASV443,ASV1162,Undirected,73949,,0.626782
ASV443,ASV1273,Undirected,73950,,0.608901
ASV443,ASV135,Undirected,73952,,-0.673667
ASV443,ASV140,Undirected,73953,,0.666991
ASV443,ASV1437,Undirected,73954,,0.627569
ASV443,ASV1492,Undirected,73955,,0.663797
ASV443,ASV15,Undirected,73956,,-0.619462
ASV443,ASV159,Undirected,73957,,0.62551
ASV443,ASV16,Undirected,73958,,-0.676847
ASV443,ASV18,Undirected,73959,,0.652059
ASV443,ASV1830,Undirected,73960,,-0.645244
ASV443,ASV191,Undirected,73961,,-0.627391
ASV443,ASV220,Undirected,73962,,-0.634107
ASV443,ASV258,Undirected,73964,,-0.693755
ASV443,ASV261,Undirected,73965,,0.613971
ASV443,ASV269,Undirected,73966,,0.61632
ASV443,ASV29,Undirected,73968,,0.623687
ASV443,ASV327,Undirected,73969,,-0.602563
ASV443,ASV328,Undirected,73970,,0.609105
ASV443,ASV3327,Undirected,73971,,-0.683431
ASV443,ASV3347,Undirected,73972,,0.688328
ASV443,ASV443,Undirected,73973,,1
ASV443,ASV488,Undirected,73974,,1.539765
ASV443,ASV579,Undirected,73975,,1.453828
ASV443,ASV641,Undirected,73976,,-1.445409
ASV443,ASV733,Undirected,73977,,-1.420882
ASV444,ASV1229,Undirected,73978,,0.617632
ASV444,ASV1588,Undirected,73979,,0.627908
ASV444,ASV1946,Undirected,73980,,-0.626893
ASV444,ASV239,Undirected,73982,,-0.698015
ASV444,ASV2850,Undirected,73983,,-0.607186
ASV444,ASV387,Undirected,73985,,-0.647048
ASV444,ASV444,Undirected,73986,,1
ASV445,ASV1026,Undirected,73988,,-0.643341
ASV445,ASV103,Undirected,73989,,0.699845
ASV445,ASV107,Undirected,73990,,0.626618
ASV445,ASV108,Undirected,73991,,0.684974
ASV445,ASV1136,Undirected,73994,,0.671429
ASV445,ASV1141,Undirected,73995,,0.677807
ASV445,ASV121,Undirected,73997,,0.668223
ASV445,ASV1210,Undirected,73998,,0.628935
ASV445,ASV1228,Undirected,74000,,-0.603245
ASV445,ASV1243,Undirected,74001,,-0.645382
ASV445,ASV1298,Undirected,74004,,-0.700941
ASV445,ASV139,Undirected,74008,,-0.700466
ASV445,ASV142,Undirected,74010,,-0.700466
ASV445,ASV1468,Undirected,74011,,-0.638644
ASV445,ASV1492,Undirected,74013,,-0.650778
ASV445,ASV154,Undirected,74015,,-0.629074
ASV445,ASV1551,Undirected,74016,,-0.674054
ASV445,ASV1561,Undirected,74017,,0.700505
ASV445,ASV1730,Undirected,74024,,-0.637637
ASV445,ASV1838,Undirected,74026,,-0.614042
ASV445,ASV191,Undirected,74028,,0.622929
ASV445,ASV194,Undirected,74029,,0.613672
ASV445,ASV196,Undirected,74030,,0.628557
ASV445,ASV197,Undirected,74031,,0.660114
ASV445,ASV207,Undirected,74033,,-0.651575
ASV445,ASV214,Undirected,74034,,-0.633819
ASV445,ASV219,Undirected,74036,,-0.692069
ASV445,ASV2213,Undirected,74037,,-0.681149
ASV445,ASV228,Undirected,74039,,-0.624224
ASV445,ASV231,Undirected,74041,,-0.703723
ASV445,ASV2361,Undirected,74043,,0.63288
ASV445,ASV2383,Undirected,74045,,-0.607177
ASV445,ASV242,Undirected,74047,,-0.614389
ASV445,ASV2552,Undirected,74050,,0.706045
ASV445,ASV2583,Undirected,74051,,0.635375
ASV445,ASV263,Undirected,74054,,0.662008
ASV445,ASV264,Undirected,74055,,-0.605496
ASV445,ASV267,Undirected,74056,,0.68416
ASV445,ASV27,Undirected,74057,,0.606719
ASV445,ASV273,Undirected,74059,,0.662526
ASV445,ASV276,Undirected,74060,,0.661827
ASV445,ASV2762,Undirected,74061,,-0.684909
ASV445,ASV277,Undirected,74062,,-0.654906
ASV445,ASV288,Undirected,74063,,-0.695337
ASV445,ASV295,Undirected,74066,,-0.643892
ASV445,ASV297,Undirected,74067,,-0.673786
ASV445,ASV306,Undirected,74068,,0.691433
ASV445,ASV307,Undirected,74069,,0.683256
ASV445,ASV310,Undirected,74072,,-0.69829
ASV445,ASV32,Undirected,74073,,0.700776
ASV445,ASV330,Undirected,74075,,0.689084
ASV445,ASV335,Undirected,74076,,-0.604995
ASV445,ASV344,Undirected,74077,,0.636834
ASV445,ASV349,Undirected,74078,,-0.646084
ASV445,ASV35,Undirected,74079,,-0.669597
ASV445,ASV352,Undirected,74080,,-0.703877
ASV445,ASV369,Undirected,74084,,-0.65769
ASV445,ASV374,Undirected,74086,,0.670985
ASV445,ASV3752,Undirected,74087,,-0.630879
ASV445,ASV3768,Undirected,74088,,-0.613185
ASV445,ASV388,Undirected,74089,,-0.608404
ASV445,ASV41,Undirected,74092,,0.615305
ASV445,ASV416,Undirected,74093,,-0.68342
ASV445,ASV428,Undirected,74095,,-0.640328
ASV445,ASV430,Undirected,74096,,-0.686919
ASV445,ASV435,Undirected,74097,,-0.613759
ASV445,ASV437,Undirected,74098,,-0.688555
ASV445,ASV440,Undirected,74099,,-0.698497
ASV445,ASV445,Undirected,74100,,1
ASV445,ASV459,Undirected,74101,,-1.536016
ASV445,ASV468,Undirected,74102,,-1.466475
ASV445,ASV48,Undirected,74103,,1.539815
ASV445,ASV5,Undirected,74104,,1.759175
ASV445,ASV501,Undirected,74105,,-1.46501
ASV445,ASV514,Undirected,74106,,1.792535
ASV445,ASV5245,Undirected,74107,,1.517848
ASV445,ASV531,Undirected,74108,,-1.437307
ASV445,ASV56,Undirected,74109,,1.479566
ASV445,ASV5687,Undirected,74110,,1.57256
ASV445,ASV57,Undirected,74111,,1.512675
ASV445,ASV5744,Undirected,74112,,1.639752
ASV445,ASV59,Undirected,74113,,1.639278
ASV445,ASV6,Undirected,74114,,-1.773646
ASV445,ASV61,Undirected,74115,,1.534161
ASV445,ASV672,Undirected,74116,,-1.456
ASV445,ASV681,Undirected,74117,,1.426352
ASV445,ASV71,Undirected,74118,,1.478038
ASV445,ASV732,Undirected,74119,,1.438105
ASV445,ASV733,Undirected,74120,,1.621636
ASV445,ASV80,Undirected,74121,,1.601862
ASV445,ASV810,Undirected,74122,,1.643829
ASV445,ASV82,Undirected,74123,,1.512927
ASV445,ASV85,Undirected,74124,,-1.426798
ASV445,ASV856,Undirected,74125,,-1.800733
ASV445,ASV881,Undirected,74126,,-1.588161
ASV445,ASV9,Undirected,74127,,1.717831
ASV445,ASV92,Undirected,74128,,-1.516813
ASV445,ASV95,Undirected,74129,,-1.71133
ASV445,ASV96,Undirected,74130,,1.694301
ASV4454,ASV119,Undirected,74132,,-0.651176
ASV4454,ASV172,Undirected,74135,,0.658716
ASV4454,ASV1812,Undirected,74136,,-0.628856
ASV4454,ASV201,Undirected,74137,,0.601985
ASV4454,ASV23,Undirected,74138,,0.651443
ASV4454,ASV2610,Undirected,74139,,0.633668
ASV4454,ASV2915,Undirected,74140,,0.704328
ASV4454,ASV314,Undirected,74141,,0.652427
ASV4454,ASV317,Undirected,74142,,0.619996
ASV4454,ASV353,Undirected,74144,,-0.650343
ASV4454,ASV362,Undirected,74145,,0.633146
ASV4454,ASV421,Undirected,74146,,0.64163
ASV4454,ASV4277,Undirected,74147,,0.669971
ASV4454,ASV4454,Undirected,74148,,1
ASV4454,ASV5687,Undirected,74149,,1.482488
ASV447,ASV1038,Undirected,74150,,0.648679
ASV447,ASV113,Undirected,74152,,-0.611211
ASV447,ASV122,Undirected,74153,,-0.61758
ASV447,ASV1228,Undirected,74154,,0.651708
ASV447,ASV125,Undirected,74156,,0.696022
ASV447,ASV13,Undirected,74157,,-0.696357
ASV447,ASV1358,Undirected,74158,,0.622391
ASV447,ASV142,Undirected,74159,,0.698301
ASV447,ASV1781,Undirected,74161,,0.608773
ASV447,ASV184,Undirected,74162,,-0.654981
ASV447,ASV194,Undirected,74163,,-0.60022
ASV447,ASV195,Undirected,74164,,-0.640179
ASV447,ASV197,Undirected,74165,,-0.610156
ASV447,ASV2017,Undirected,74166,,0.685902
ASV447,ASV205,Undirected,74167,,0.675248
ASV447,ASV227,Undirected,74168,,-0.685469
ASV447,ASV231,Undirected,74169,,0.684752
ASV447,ASV233,Undirected,74170,,0.68601
ASV447,ASV237,Undirected,74171,,-0.646472
ASV447,ASV242,Undirected,74173,,0.637404
ASV447,ASV25,Undirected,74174,,-0.652762
ASV447,ASV273,Undirected,74176,,-0.680707
ASV447,ASV289,Undirected,74177,,0.621176
ASV447,ASV32,Undirected,74179,,-0.615853
ASV447,ASV334,Undirected,74180,,0.651134
ASV447,ASV34,Undirected,74181,,-0.671563
ASV447,ASV349,Undirected,74182,,0.614705
ASV447,ASV363,Undirected,74184,,-0.614168
ASV447,ASV37,Undirected,74185,,-0.614588
ASV447,ASV374,Undirected,74186,,-0.689343
ASV447,ASV404,Undirected,74187,,-0.665861
ASV447,ASV435,Undirected,74188,,0.652904
ASV447,ASV445,Undirected,74190,,-0.617337
ASV447,ASV447,Undirected,74191,,1
ASV447,ASV501,Undirected,74192,,1.517976
ASV447,ASV5638,Undirected,74193,,1.516394
ASV447,ASV76,Undirected,74194,,1.432606
ASV447,ASV81,Undirected,74195,,-1.530667
ASV447,ASV82,Undirected,74196,,-1.555198
ASV449,ASV1026,Undirected,74197,,0.618065
ASV449,ASV1269,Undirected,74198,,0.649329
ASV449,ASV159,Undirected,74199,,0.619866
ASV449,ASV219,Undirected,74201,,0.662507
ASV449,ASV241,Undirected,74202,,0.6952
ASV449,ASV243,Undirected,74203,,0.680611
ASV449,ASV245,Undirected,74204,,0.632594
ASV449,ASV261,Undirected,74205,,0.700419
ASV449,ASV3207,Undirected,74206,,-0.685197
ASV449,ASV352,Undirected,74208,,0.697705
ASV449,ASV369,Undirected,74209,,0.656106
ASV449,ASV423,Undirected,74211,,0.660054
ASV449,ASV435,Undirected,74212,,0.685332
ASV449,ASV449,Undirected,74213,,1
ASV449,ASV531,Undirected,74214,,1.455305
ASV449,ASV721,Undirected,74215,,1.475954
ASV449,ASV757,Undirected,74216,,1.474951
ASV449,ASV88,Undirected,74217,,1.426661
ASV45,ASV1026,Undirected,74218,,-0.651
ASV45,ASV110,Undirected,74219,,0.615624
ASV45,ASV111,Undirected,74220,,0.615942
ASV45,ASV113,Undirected,74221,,0.612837
ASV45,ASV1149,Undirected,74222,,-0.654162
ASV45,ASV1186,Undirected,74224,,0.674424
ASV45,ASV125,Undirected,74225,,-0.651476
ASV45,ASV135,Undirected,74227,,0.679461
ASV45,ASV139,Undirected,74228,,-0.678054
ASV45,ASV149,Undirected,74229,,-0.626294
ASV45,ASV15,Undirected,74230,,0.690477
ASV45,ASV159,Undirected,74231,,-0.685685
ASV45,ASV164,Undirected,74233,,-0.614907
ASV45,ASV1740,Undirected,74234,,-0.653833
ASV45,ASV1763,Undirected,74235,,-0.70234
ASV45,ASV182,Undirected,74236,,0.631362
ASV45,ASV2026,Undirected,74237,,0.673049
ASV45,ASV2213,Undirected,74239,,-0.674129
ASV45,ASV225,Undirected,74240,,-0.670119
ASV45,ASV233,Undirected,74241,,-0.679483
ASV45,ASV235,Undirected,74242,,-0.680125
ASV45,ASV242,Undirected,74243,,-0.692905
ASV45,ASV25,Undirected,74244,,0.652535
ASV45,ASV258,Undirected,74245,,0.65769
ASV45,ASV260,Undirected,74246,,-0.690155
ASV45,ASV266,Undirected,74247,,-0.605809
ASV45,ASV269,Undirected,74248,,-0.68575
ASV45,ASV271,Undirected,74249,,-0.667359
ASV45,ASV33,Undirected,74252,,0.697409
ASV45,ASV34,Undirected,74253,,0.600104
ASV45,ASV398,Undirected,74255,,-0.667358
ASV45,ASV4229,Undirected,74256,,-0.660077
ASV45,ASV435,Undirected,74257,,-0.60606
ASV45,ASV443,Undirected,74258,,-0.607945
ASV45,ASV45,Undirected,74259,,1
ASV45,ASV540,Undirected,74260,,-1.45153
ASV45,ASV576,Undirected,74261,,-1.590024
ASV450,ASV1038,Undirected,74262,,0.605427
ASV450,ASV1243,Undirected,74263,,0.621301
ASV450,ASV3760,Undirected,74264,,0.687633
ASV450,ASV450,Undirected,74265,,1
ASV450,ASV633,Undirected,74266,,-1.421005
ASV4501,ASV10,Undirected,74267,,-0.612948
ASV4501,ASV1364,Undirected,74268,,-0.64487
ASV4501,ASV201,Undirected,74269,,-0.646093
ASV4501,ASV224,Undirected,74270,,-0.650751
ASV4501,ASV2774,Undirected,74271,,0.600049
ASV4501,ASV3,Undirected,74272,,-0.620707
ASV4501,ASV30,Undirected,74273,,-0.676127
ASV4501,ASV358,Undirected,74274,,0.642985
ASV4501,ASV3938,Undirected,74276,,-0.614454
ASV4501,ASV4501,Undirected,74277,,1
ASV4501,ASV924,Undirected,74278,,-1.419481
ASV4509,ASV1005,Undirected,74279,,-0.657268
ASV4509,ASV151,Undirected,74280,,0.645163
ASV4509,ASV180,Undirected,74281,,0.600545
ASV4509,ASV207,Undirected,74282,,-0.622855
ASV4509,ASV276,Undirected,74284,,0.637403
ASV4509,ASV3089,Undirected,74286,,-0.619077
ASV4509,ASV330,Undirected,74287,,0.605701
ASV4509,ASV3869,Undirected,74288,,0.633341
ASV4509,ASV394,Undirected,74290,,-0.603117
ASV4509,ASV4509,Undirected,74292,,1
ASV4509,ASV719,Undirected,74293,,1.436174
ASV451,ASV1007,Undirected,74295,,0.64015
ASV451,ASV1030,Undirected,74297,,-0.618776
ASV451,ASV106,Undirected,74298,,0.670363
ASV451,ASV1069,Undirected,74299,,-0.628709
ASV451,ASV107,Undirected,74300,,0.678756
ASV451,ASV113,Undirected,74304,,0.625777
ASV451,ASV114,Undirected,74305,,0.702018
ASV451,ASV116,Undirected,74306,,-0.639565
ASV451,ASV1162,Undirected,74307,,-0.602834
ASV451,ASV1165,Undirected,74308,,0.611883
ASV451,ASV1198,Undirected,74311,,-0.602911
ASV451,ASV1217,Undirected,74312,,-0.633013
ASV451,ASV123,Undirected,74314,,0.601365
ASV451,ASV125,Undirected,74315,,-0.641637
ASV451,ASV1295,Undirected,74317,,-0.617519
ASV451,ASV1358,Undirected,74319,,-0.625992
ASV451,ASV14,Undirected,74320,,-0.609102
ASV451,ASV142,Undirected,74321,,-0.61853
ASV451,ASV1428,Undirected,74322,,-0.600747
ASV451,ASV1468,Undirected,74324,,-0.655345
ASV451,ASV1492,Undirected,74325,,-0.677553
ASV451,ASV15,Undirected,74327,,0.643375
ASV451,ASV153,Undirected,74328,,0.623384
ASV451,ASV158,Undirected,74329,,-0.645112
ASV451,ASV16,Undirected,74330,,0.628172
ASV451,ASV160,Undirected,74331,,-0.687114
ASV451,ASV1615,Undirected,74332,,-0.60437
ASV451,ASV164,Undirected,74333,,-0.645963
ASV451,ASV1730,Undirected,74336,,-0.684129
ASV451,ASV187,Undirected,74338,,0.671325
ASV451,ASV194,Undirected,74339,,0.620207
ASV451,ASV197,Undirected,74341,,0.607143
ASV451,ASV2017,Undirected,74342,,-0.641765
ASV451,ASV22,Undirected,74344,,0.627804
ASV451,ASV2213,Undirected,74345,,-0.630942
ASV451,ASV231,Undirected,74348,,-0.704605
ASV451,ASV233,Undirected,74349,,-0.645716
ASV451,ASV235,Undirected,74350,,-0.60352
ASV451,ASV252,Undirected,74354,,0.630243
ASV451,ASV258,Undirected,74355,,0.61419
ASV451,ASV261,Undirected,74357,,-0.613154
ASV451,ASV263,Undirected,74358,,0.677369
ASV451,ASV266,Undirected,74359,,-0.635892
ASV451,ASV271,Undirected,74360,,-0.655943
ASV451,ASV273,Undirected,74361,,0.684102
ASV451,ASV276,Undirected,74362,,0.66217
ASV451,ASV277,Undirected,74363,,-0.696782
ASV451,ASV288,Undirected,74364,,-0.646967
ASV451,ASV307,Undirected,74365,,0.637448
ASV451,ASV33,Undirected,74368,,0.64456
ASV451,ASV369,Undirected,74372,,-0.65544
ASV451,ASV374,Undirected,74374,,0.648523
ASV451,ASV3995,Undirected,74377,,-0.696149
ASV451,ASV4,Undirected,74378,,0.623579
ASV451,ASV404,Undirected,74379,,0.645167
ASV451,ASV413,Undirected,74380,,0.632159
ASV451,ASV4229,Undirected,74382,,-0.60437
ASV451,ASV451,Undirected,74384,,1
ASV451,ASV5,Undirected,74385,,1.466394
ASV451,ASV529,Undirected,74386,,-1.503517
ASV451,ASV56,Undirected,74387,,1.609732
ASV451,ASV57,Undirected,74388,,1.538303
ASV451,ASV597,Undirected,74389,,-1.420269
ASV451,ASV61,Undirected,74390,,1.443812
ASV451,ASV655,Undirected,74391,,-1.512231
ASV451,ASV68,Undirected,74392,,1.590038
ASV451,ASV71,Undirected,74393,,1.431234
ASV451,ASV732,Undirected,74394,,1.454467
ASV451,ASV74,Undirected,74395,,1.634576
ASV451,ASV77,Undirected,74396,,1.432867
ASV451,ASV79,Undirected,74397,,1.446919
ASV451,ASV80,Undirected,74398,,1.627524
ASV451,ASV82,Undirected,74399,,1.415418
ASV451,ASV828,Undirected,74400,,-1.644008
ASV451,ASV85,Undirected,74401,,-1.706005
ASV451,ASV850,Undirected,74402,,1.433586
ASV451,ASV87,Undirected,74403,,1.900728
ASV451,ASV9,Undirected,74404,,1.549124
ASV451,ASV93,Undirected,74405,,1.560042
ASV451,ASV96,Undirected,74406,,1.420425
ASV4518,ASV1007,Undirected,74407,,-0.683194
ASV4518,ASV1381,Undirected,74408,,-0.601696
ASV4518,ASV172,Undirected,74410,,-0.689165
ASV4518,ASV1852,Undirected,74413,,-0.60838
ASV4518,ASV196,Undirected,74415,,-0.688319
ASV4518,ASV197,Undirected,74416,,-0.625981
ASV4518,ASV2017,Undirected,74417,,0.648305
ASV4518,ASV23,Undirected,74418,,-0.670483
ASV4518,ASV2383,Undirected,74419,,0.621361
ASV4518,ASV27,Undirected,74420,,-0.632081
ASV4518,ASV2915,Undirected,74422,,-0.658871
ASV4518,ASV306,Undirected,74423,,-0.695357
ASV4518,ASV31,Undirected,74424,,-0.614669
ASV4518,ASV32,Undirected,74425,,-0.640384
ASV4518,ASV360,Undirected,74427,,0.602196
ASV4518,ASV37,Undirected,74428,,-0.671868
ASV4518,ASV390,Undirected,74429,,0.631662
ASV4518,ASV41,Undirected,74430,,-0.704059
ASV4518,ASV4518,Undirected,74431,,1
ASV4518,ASV5687,Undirected,74432,,-1.503917
ASV4518,ASV57,Undirected,74433,,-1.41508
ASV452,ASV101,Undirected,74434,,0.654275
ASV452,ASV1017,Undirected,74435,,0.619177
ASV452,ASV102,Undirected,74436,,0.631542
ASV452,ASV1027,Undirected,74437,,-0.63779
ASV452,ASV107,Undirected,74438,,0.687882
ASV452,ASV108,Undirected,74439,,0.608968
ASV452,ASV111,Undirected,74440,,0.674591
ASV452,ASV1161,Undirected,74442,,-0.63773
ASV452,ASV121,Undirected,74444,,0.648153
ASV452,ASV1243,Undirected,74446,,-0.690198
ASV452,ASV135,Undirected,74449,,0.655506
ASV452,ASV1358,Undirected,74450,,-0.636566
ASV452,ASV14,Undirected,74451,,-0.615773
ASV452,ASV1492,Undirected,74452,,-0.674065
ASV452,ASV158,Undirected,74454,,-0.651715
ASV452,ASV170,Undirected,74455,,0.648866
ASV452,ASV1763,Undirected,74456,,-0.601819
ASV452,ASV1781,Undirected,74457,,-0.691444
ASV452,ASV1793,Undirected,74459,,-0.613826
ASV452,ASV18,Undirected,74460,,-0.631481
ASV452,ASV184,Undirected,74461,,0.67669
ASV452,ASV191,Undirected,74462,,0.609513
ASV452,ASV194,Undirected,74463,,0.636986
ASV452,ASV216,Undirected,74464,,0.652497
ASV452,ASV217,Undirected,74465,,0.645001
ASV452,ASV220,Undirected,74466,,0.705612
ASV452,ASV226,Undirected,74467,,0.625892
ASV452,ASV228,Undirected,74468,,-0.668122
ASV452,ASV229,Undirected,74469,,0.650816
ASV452,ASV231,Undirected,74470,,-0.651191
ASV452,ASV233,Undirected,74472,,-0.619179
ASV452,ASV2383,Undirected,74473,,-0.689483
ASV452,ASV24,Undirected,74474,,0.681405
ASV452,ASV244,Undirected,74475,,0.641184
ASV452,ASV25,Undirected,74476,,0.614726
ASV452,ASV2511,Undirected,74477,,-0.634872
ASV452,ASV263,Undirected,74478,,0.682806
ASV452,ASV267,Undirected,74479,,0.694768
ASV452,ASV276,Undirected,74481,,0.60382
ASV452,ASV277,Undirected,74482,,-0.647775
ASV452,ASV288,Undirected,74483,,-0.619468
ASV452,ASV29,Undirected,74484,,-0.608023
ASV452,ASV307,Undirected,74485,,0.610335
ASV452,ASV335,Undirected,74487,,-0.659847
ASV452,ASV34,Undirected,74488,,0.60247
ASV452,ASV36,Undirected,74489,,0.666729
ASV452,ASV363,Undirected,74490,,0.619351
ASV452,ASV3732,Undirected,74491,,-0.641709
ASV452,ASV404,Undirected,74493,,0.627525
ASV452,ASV440,Undirected,74495,,-0.631476
ASV452,ASV452,Undirected,74496,,1
ASV452,ASV514,Undirected,74497,,1.543972
ASV452,ASV5488,Undirected,74498,,-1.586014
ASV452,ASV5511,Undirected,74499,,-1.482782
ASV452,ASV570,Undirected,74500,,-1.424795
ASV452,ASV61,Undirected,74501,,1.491476
ASV452,ASV637,Undirected,74502,,1.680252
ASV452,ASV82,Undirected,74503,,1.498316
ASV452,ASV857,Undirected,74504,,1.448815
ASV452,ASV881,Undirected,74505,,-1.538516
ASV452,ASV90,Undirected,74506,,1.460303
ASV455,ASV1005,Undirected,74507,,0.616722
ASV455,ASV12,Undirected,74508,,-0.684244
ASV455,ASV1381,Undirected,74509,,-0.664041
ASV455,ASV142,Undirected,74510,,0.68872
ASV455,ASV194,Undirected,74512,,-0.660251
ASV455,ASV2,Undirected,74513,,-0.682288
ASV455,ASV207,Undirected,74514,,0.6174
ASV455,ASV214,Undirected,74515,,0.692073
ASV455,ASV2213,Undirected,74516,,0.626624
ASV455,ASV229,Undirected,74517,,-0.69168
ASV455,ASV232,Undirected,74518,,-0.639358
ASV455,ASV233,Undirected,74519,,0.70481
ASV455,ASV297,Undirected,74520,,0.642409
ASV455,ASV330,Undirected,74521,,-0.637183
ASV455,ASV352,Undirected,74522,,0.703043
ASV455,ASV360,Undirected,74523,,0.658984
ASV455,ASV388,Undirected,74524,,0.626832
ASV455,ASV394,Undirected,74526,,0.608043
ASV455,ASV423,Undirected,74527,,0.661603
ASV455,ASV455,Undirected,74528,,1
ASV455,ASV660,Undirected,74529,,1.460294
ASV455,ASV81,Undirected,74530,,-1.556517
ASV456,ASV108,Undirected,74532,,-0.600001
ASV456,ASV1093,Undirected,74533,,0.615226
ASV456,ASV1136,Undirected,74535,,-0.600972
ASV456,ASV1162,Undirected,74536,,0.66685
ASV456,ASV117,Undirected,74537,,-0.680001
ASV456,ASV1210,Undirected,74539,,-0.610567
ASV456,ASV122,Undirected,74540,,-0.604277
ASV456,ASV123,Undirected,74541,,-0.629247
ASV456,ASV1277,Undirected,74542,,0.613348
ASV456,ASV1286,Undirected,74543,,0.703509
ASV456,ASV1295,Undirected,74544,,0.694522
ASV456,ASV1298,Undirected,74545,,0.634875
ASV456,ASV135,Undirected,74546,,-0.673077
ASV456,ASV1358,Undirected,74547,,0.676955
ASV456,ASV149,Undirected,74549,,0.683613
ASV456,ASV154,Undirected,74551,,0.674277
ASV456,ASV1561,Undirected,74552,,-0.613224
ASV456,ASV1615,Undirected,74555,,0.620899
ASV456,ASV1647,Undirected,74557,,0.645012
ASV456,ASV167,Undirected,74558,,-0.601148
ASV456,ASV179,Undirected,74560,,0.608424
ASV456,ASV1793,Undirected,74561,,0.6585
ASV456,ASV182,Undirected,74562,,-0.663372
ASV456,ASV183,Undirected,74563,,0.624805
ASV456,ASV2026,Undirected,74565,,-0.66391
ASV456,ASV207,Undirected,74566,,0.628725
ASV456,ASV214,Undirected,74567,,0.605304
ASV456,ASV216,Undirected,74568,,-0.644094
ASV456,ASV219,Undirected,74569,,0.600832
ASV456,ASV22,Undirected,74570,,-0.655123
ASV456,ASV25,Undirected,74575,,-0.662182
ASV456,ASV261,Undirected,74578,,0.651274
ASV456,ASV263,Undirected,74579,,-0.644527
ASV456,ASV264,Undirected,74580,,0.693867
ASV456,ASV273,Undirected,74582,,-0.651274
ASV456,ASV276,Undirected,74583,,-0.606344
ASV456,ASV288,Undirected,74584,,0.629611
ASV456,ASV307,Undirected,74585,,-0.686071
ASV456,ASV3072,Undirected,74586,,-0.613255
ASV456,ASV31,Undirected,74587,,-0.667707
ASV456,ASV310,Undirected,74588,,0.651767
ASV456,ASV326,Undirected,74589,,0.704946
ASV456,ASV33,Undirected,74591,,-0.629285
ASV456,ASV34,Undirected,74592,,-0.629346
ASV456,ASV349,Undirected,74593,,0.603538
ASV456,ASV352,Undirected,74595,,0.693683
ASV456,ASV360,Undirected,74597,,0.604387
ASV456,ASV369,Undirected,74598,,0.636035
ASV456,ASV404,Undirected,74602,,-0.6585
ASV456,ASV416,Undirected,74603,,0.61091
ASV456,ASV445,Undirected,74605,,-0.699535
ASV456,ASV45,Undirected,74606,,-0.65213
ASV456,ASV452,Undirected,74607,,-0.65461
ASV456,ASV456,Undirected,74608,,1
ASV456,ASV458,Undirected,74609,,1.458458
ASV456,ASV483,Undirected,74610,,-1.582651
ASV456,ASV514,Undirected,74611,,-1.622465
ASV456,ASV549,Undirected,74612,,1.579443
ASV456,ASV576,Undirected,74613,,1.432746
ASV456,ASV589,Undirected,74614,,1.554288
ASV456,ASV59,Undirected,74615,,-1.454935
ASV456,ASV6,Undirected,74616,,1.655973
ASV456,ASV669,Undirected,74617,,1.548835
ASV456,ASV675,Undirected,74618,,1.465501
ASV456,ASV699,Undirected,74619,,1.43304
ASV456,ASV708,Undirected,74620,,1.567634
ASV456,ASV83,Undirected,74621,,1.418057
ASV456,ASV856,Undirected,74622,,1.591051
ASV456,ASV876,Undirected,74623,,1.598452
ASV456,ASV881,Undirected,74624,,1.554748
ASV456,ASV92,Undirected,74625,,1.502082
ASV456,ASV920,Undirected,74626,,1.415153
ASV456,ASV95,Undirected,74627,,1.571584
ASV456,ASV96,Undirected,74628,,-1.468054
ASV458,ASV1149,Undirected,74630,,0.642332
ASV458,ASV1162,Undirected,74631,,0.650026
ASV458,ASV125,Undirected,74632,,0.66008
ASV458,ASV135,Undirected,74633,,-0.638131
ASV458,ASV140,Undirected,74635,,0.642021
ASV458,ASV1492,Undirected,74637,,0.638843
ASV458,ASV154,Undirected,74638,,0.662344
ASV458,ASV1546,Undirected,74639,,0.63037
ASV458,ASV1830,Undirected,74643,,-0.613975
ASV458,ASV184,Undirected,74644,,-0.610137
ASV458,ASV219,Undirected,74645,,0.698184
ASV458,ASV228,Undirected,74646,,0.691885
ASV458,ASV233,Undirected,74647,,0.668939
ASV458,ASV242,Undirected,74648,,0.64861
ASV458,ASV244,Undirected,74650,,-0.625992
ASV458,ASV2511,Undirected,74651,,0.693365
ASV458,ASV260,Undirected,74652,,0.68181
ASV458,ASV261,Undirected,74653,,0.684586
ASV458,ASV271,Undirected,74654,,0.695412
ASV458,ASV277,Undirected,74655,,0.611089
ASV458,ASV3072,Undirected,74656,,-0.632585
ASV458,ASV310,Undirected,74657,,0.631342
ASV458,ASV326,Undirected,74658,,0.672462
ASV458,ASV328,Undirected,74659,,0.656408
ASV458,ASV33,Undirected,74660,,-0.644772
ASV458,ASV3327,Undirected,74661,,-0.682301
ASV458,ASV34,Undirected,74663,,-0.656273
ASV458,ASV35,Undirected,74664,,0.643772
ASV458,ASV36,Undirected,74666,,-0.603979
ASV458,ASV369,Undirected,74667,,0.642686
ASV458,ASV388,Undirected,74668,,0.601889
ASV458,ASV398,Undirected,74669,,0.600953
ASV458,ASV402,Undirected,74670,,-0.665968
ASV458,ASV437,Undirected,74672,,0.683631
ASV458,ASV45,Undirected,74673,,-0.605126
ASV458,ASV458,Undirected,74675,,1
ASV458,ASV540,Undirected,74676,,1.491678
ASV458,ASV549,Undirected,74677,,1.499252
ASV458,ASV556,Undirected,74678,,1.465777
ASV458,ASV6,Undirected,74679,,1.451384
ASV458,ASV675,Undirected,74680,,1.457699
ASV458,ASV699,Undirected,74681,,1.654458
ASV458,ASV708,Undirected,74682,,1.538301
ASV458,ASV72,Undirected,74683,,1.547171
ASV458,ASV756,Undirected,74684,,1.487231
ASV458,ASV775,Undirected,74685,,1.705511
ASV458,ASV876,Undirected,74686,,1.601752
ASV458,ASV970,Undirected,74687,,1.44701
ASV459,ASV1007,Undirected,74688,,-0.626181
ASV459,ASV1059,Undirected,74691,,-0.620871
ASV459,ASV106,Undirected,74692,,-0.610119
ASV459,ASV107,Undirected,74693,,-0.655205
ASV459,ASV1120,Undirected,74696,,0.704618
ASV459,ASV1149,Undirected,74698,,0.615021
ASV459,ASV1162,Undirected,74699,,0.609564
ASV459,ASV125,Undirected,74704,,0.685628
ASV459,ASV1251,Undirected,74705,,0.644595
ASV459,ASV1295,Undirected,74706,,0.63956
ASV459,ASV13,Undirected,74708,,-0.701587
ASV459,ASV1358,Undirected,74709,,0.62605
ASV459,ASV139,Undirected,74711,,0.654528
ASV459,ASV149,Undirected,74714,,0.630035
ASV459,ASV1492,Undirected,74715,,0.677466
ASV459,ASV1561,Undirected,74717,,-0.652978
ASV459,ASV1615,Undirected,74720,,0.688379
ASV459,ASV1647,Undirected,74722,,0.655957
ASV459,ASV170,Undirected,74723,,-0.600742
ASV459,ASV172,Undirected,74724,,-0.617411
ASV459,ASV175,Undirected,74726,,-0.631793
ASV459,ASV187,Undirected,74728,,-0.601373
ASV459,ASV2,Undirected,74732,,-0.672593
ASV459,ASV2017,Undirected,74733,,0.61243
ASV459,ASV2026,Undirected,74734,,-0.655394
ASV459,ASV2155,Undirected,74737,,-0.635616
ASV459,ASV22,Undirected,74740,,-0.619274
ASV459,ASV2290,Undirected,74744,,0.668835
ASV459,ASV231,Undirected,74745,,0.650543
ASV459,ASV233,Undirected,74746,,0.641742
ASV459,ASV237,Undirected,74747,,-0.636703
ASV459,ASV242,Undirected,74749,,0.64496
ASV459,ASV244,Undirected,74750,,-0.666682
ASV459,ASV245,Undirected,74751,,0.60919
ASV459,ASV248,Undirected,74752,,0.632058
ASV459,ASV2511,Undirected,74754,,0.602216
ASV459,ASV273,Undirected,74759,,-0.643396
ASV459,ASV276,Undirected,74760,,-0.672945
ASV459,ASV288,Undirected,74762,,0.695734
ASV459,ASV295,Undirected,74764,,0.699184
ASV459,ASV306,Undirected,74766,,-0.671381
ASV459,ASV3072,Undirected,74767,,-0.630463
ASV459,ASV327,Undirected,74771,,-0.600852
ASV459,ASV328,Undirected,74772,,0.64753
ASV459,ASV349,Undirected,74775,,0.601157
ASV459,ASV35,Undirected,74776,,0.639606
ASV459,ASV360,Undirected,74779,,0.699529
ASV459,ASV363,Undirected,74780,,-0.690321
ASV459,ASV37,Undirected,74782,,-0.704712
ASV459,ASV3732,Undirected,74783,,0.663552
ASV459,ASV3752,Undirected,74784,,0.667435
ASV459,ASV398,Undirected,74786,,0.67555
ASV459,ASV4,Undirected,74787,,-0.660099
ASV459,ASV449,Undirected,74793,,0.657433
ASV459,ASV455,Undirected,74794,,0.629591
ASV459,ASV456,Undirected,74795,,0.702569
ASV459,ASV459,Undirected,74796,,1
ASV459,ASV468,Undirected,74797,,1.618654
ASV459,ASV488,Undirected,74798,,1.472194
ASV459,ASV5,Undirected,74799,,-1.576324
ASV459,ASV514,Undirected,74800,,-1.626981
ASV459,ASV531,Undirected,74801,,1.845548
ASV459,ASV56,Undirected,74802,,-1.627981
ASV459,ASV571,Undirected,74803,,-1.435332
ASV459,ASV5744,Undirected,74804,,-1.719545
ASV459,ASV579,Undirected,74805,,1.459929
ASV459,ASV589,Undirected,74806,,1.441573
ASV459,ASV59,Undirected,74807,,-1.538842
ASV459,ASV6,Undirected,74808,,1.584653
ASV459,ASV61,Undirected,74809,,-1.51516
ASV459,ASV655,Undirected,74810,,1.600008
ASV459,ASV660,Undirected,74811,,1.668252
ASV459,ASV681,Undirected,74812,,-1.445161
ASV459,ASV732,Undirected,74813,,-1.604825
ASV459,ASV781,Undirected,74814,,1.640441
ASV459,ASV783,Undirected,74815,,1.668417
ASV459,ASV79,Undirected,74816,,-1.528716
ASV459,ASV80,Undirected,74817,,-1.491718
ASV459,ASV810,Undirected,74818,,-1.496875
ASV459,ASV82,Undirected,74819,,-1.509427
ASV459,ASV828,Undirected,74820,,1.46606
ASV459,ASV83,Undirected,74821,,1.465391
ASV459,ASV85,Undirected,74822,,1.497701
ASV459,ASV850,Undirected,74823,,-1.473916
ASV459,ASV856,Undirected,74824,,1.558825
ASV459,ASV881,Undirected,74825,,1.529602
ASV459,ASV9,Undirected,74826,,-1.478455
ASV459,ASV909,Undirected,74827,,1.474606
ASV459,ASV92,Undirected,74828,,1.53939
ASV459,ASV95,Undirected,74829,,1.575869
ASV459,ASV96,Undirected,74830,,-1.842416
ASV459,ASV966,Undirected,74831,,1.555672
ASV459,ASV995,Undirected,74832,,1.498691
ASV46,ASV1030,Undirected,74833,,-0.682032
ASV46,ASV1069,Undirected,74834,,-0.627734
ASV46,ASV2,Undirected,74837,,0.670108
ASV46,ASV32,Undirected,74838,,0.6381
ASV46,ASV3347,Undirected,74839,,-0.638305
ASV46,ASV38,Undirected,74840,,0.63397
ASV46,ASV412,Undirected,74841,,-0.625927
ASV46,ASV433,Undirected,74842,,-0.612038
ASV46,ASV46,Undirected,74843,,1
ASV460,ASV366,Undirected,74844,,-0.641214
ASV460,ASV460,Undirected,74845,,1
ASV461,ASV1450,Undirected,74846,,0.640485
ASV461,ASV2572,Undirected,74847,,-0.657566
ASV461,ASV3189,Undirected,74848,,0.669195
ASV461,ASV461,Undirected,74849,,1
ASV463,ASV100,Undirected,74850,,0.656611
ASV463,ASV1007,Undirected,74851,,0.670139
ASV463,ASV103,Undirected,74852,,0.703685
ASV463,ASV107,Undirected,74855,,0.64282
ASV463,ASV108,Undirected,74856,,0.664938
ASV463,ASV1120,Undirected,74858,,-0.662726
ASV463,ASV1165,Undirected,74861,,0.660941
ASV463,ASV12,Undirected,74863,,0.666667
ASV463,ASV121,Undirected,74864,,0.681889
ASV463,ASV122,Undirected,74865,,0.687667
ASV463,ASV123,Undirected,74866,,0.62566
ASV463,ASV1381,Undirected,74869,,0.643301
ASV463,ASV140,Undirected,74871,,-0.603833
ASV463,ASV1492,Undirected,74874,,-0.605809
ASV463,ASV15,Undirected,74875,,0.671674
ASV463,ASV150,Undirected,74876,,0.680126
ASV463,ASV158,Undirected,74877,,-0.67909
ASV463,ASV165,Undirected,74881,,0.70422
ASV463,ASV169,Undirected,74882,,0.636222
ASV463,ASV170,Undirected,74883,,0.614627
ASV463,ASV171,Undirected,74884,,0.647822
ASV463,ASV175,Undirected,74886,,0.665115
ASV463,ASV18,Undirected,74887,,-0.658047
ASV463,ASV187,Undirected,74889,,0.686174
ASV463,ASV191,Undirected,74890,,0.61054
ASV463,ASV195,Undirected,74892,,0.630705
ASV463,ASV196,Undirected,74893,,0.647334
ASV463,ASV1985,Undirected,74895,,-0.638731
ASV463,ASV2,Undirected,74896,,0.620799
ASV463,ASV2017,Undirected,74897,,-0.664077
ASV463,ASV2026,Undirected,74898,,0.628154
ASV463,ASV214,Undirected,74899,,-0.615265
ASV463,ASV216,Undirected,74900,,0.699264
ASV463,ASV219,Undirected,74901,,-0.663207
ASV463,ASV226,Undirected,74905,,0.676013
ASV463,ASV228,Undirected,74906,,-0.701555
ASV463,ASV235,Undirected,74909,,-0.606422
ASV463,ASV237,Undirected,74910,,0.637923
ASV463,ASV243,Undirected,74914,,-0.633292
ASV463,ASV244,Undirected,74915,,0.689995
ASV463,ASV248,Undirected,74917,,-0.64056
ASV463,ASV258,Undirected,74920,,0.631607
ASV463,ASV283,Undirected,74929,,-0.620387
ASV463,ASV306,Undirected,74931,,0.677589
ASV463,ASV310,Undirected,74933,,-0.644006
ASV463,ASV326,Undirected,74935,,-0.612792
ASV463,ASV330,Undirected,74937,,0.624548
ASV463,ASV3327,Undirected,74938,,0.675423
ASV463,ASV334,Undirected,74939,,-0.666322
ASV463,ASV34,Undirected,74941,,0.68789
ASV463,ASV35,Undirected,74943,,-0.616461
ASV463,ASV360,Undirected,74946,,-0.611263
ASV463,ASV363,Undirected,74947,,0.697928
ASV463,ASV369,Undirected,74948,,-0.610679
ASV463,ASV3732,Undirected,74950,,-0.674961
ASV463,ASV3752,Undirected,74951,,-0.602442
ASV463,ASV401,Undirected,74954,,-0.613107
ASV463,ASV4134,Undirected,74957,,-0.690924
ASV463,ASV430,Undirected,74959,,-0.629419
ASV463,ASV435,Undirected,74960,,-0.621881
ASV463,ASV436,Undirected,74961,,-0.701609
ASV463,ASV438,Undirected,74963,,0.606643
ASV463,ASV44,Undirected,74964,,0.644929
ASV463,ASV443,Undirected,74965,,-0.606145
ASV463,ASV445,Undirected,74966,,0.704664
ASV463,ASV451,Undirected,74967,,0.621566
ASV463,ASV455,Undirected,74968,,-0.603241
ASV463,ASV458,Undirected,74969,,-0.623186
ASV463,ASV459,Undirected,74970,,-0.670681
ASV463,ASV463,Undirected,74971,,1
ASV463,ASV468,Undirected,74972,,-1.571067
ASV463,ASV5,Undirected,74973,,1.649255
ASV463,ASV501,Undirected,74974,,-1.580696
ASV463,ASV56,Undirected,74975,,1.452099
ASV463,ASV57,Undirected,74976,,1.570173
ASV463,ASV5744,Undirected,74977,,1.567876
ASV463,ASV59,Undirected,74978,,1.66581
ASV463,ASV6,Undirected,74979,,-1.477501
ASV463,ASV61,Undirected,74980,,1.530571
ASV463,ASV71,Undirected,74981,,1.628562
ASV463,ASV732,Undirected,74982,,1.427096
ASV463,ASV733,Undirected,74983,,1.567125
ASV463,ASV74,Undirected,74984,,1.624031
ASV463,ASV79,Undirected,74985,,1.68912
ASV463,ASV80,Undirected,74986,,1.722571
ASV463,ASV810,Undirected,74987,,1.468818
ASV463,ASV82,Undirected,74988,,1.465842
ASV463,ASV828,Undirected,74989,,-1.552441
ASV463,ASV856,Undirected,74990,,-1.678963
ASV463,ASV87,Undirected,74991,,1.570621
ASV463,ASV9,Undirected,74992,,1.676157
ASV463,ASV90,Undirected,74993,,1.501814
ASV463,ASV941,Undirected,74994,,1.466439
ASV463,ASV95,Undirected,74995,,-1.532886
ASV463,ASV96,Undirected,74996,,1.620332
ASV463,ASV970,Undirected,74997,,-1.445275
ASV464,ASV1032,Undirected,74998,,0.603405
ASV464,ASV1042,Undirected,74999,,-0.661557
ASV464,ASV1446,Undirected,75000,,0.678881
ASV464,ASV1483,Undirected,75001,,0.63002
ASV464,ASV464,Undirected,75002,,1
ASV467,ASV1051,Undirected,75003,,0.60489
ASV467,ASV1272,Undirected,75004,,-0.689058
ASV467,ASV265,Undirected,75005,,0.641253
ASV467,ASV467,Undirected,75006,,1
ASV468,ASV1007,Undirected,75007,,-0.702872
ASV468,ASV1026,Undirected,75008,,0.658971
ASV468,ASV103,Undirected,75009,,-0.645836
ASV468,ASV1059,Undirected,75010,,-0.634415
ASV468,ASV1069,Undirected,75011,,0.637598
ASV468,ASV1141,Undirected,75014,,-0.643271
ASV468,ASV1149,Undirected,75015,,0.672606
ASV468,ASV117,Undirected,75016,,-0.702764
ASV468,ASV121,Undirected,75017,,-0.63542
ASV468,ASV125,Undirected,75019,,0.634432
ASV468,ASV1251,Undirected,75020,,0.670954
ASV468,ASV1273,Undirected,75021,,0.620346
ASV468,ASV1298,Undirected,75022,,0.628582
ASV468,ASV13,Undirected,75023,,-0.663387
ASV468,ASV1381,Undirected,75024,,-0.692443
ASV468,ASV140,Undirected,75026,,0.602399
ASV468,ASV142,Undirected,75027,,0.676205
ASV468,ASV1437,Undirected,75028,,0.634678
ASV468,ASV146,Undirected,75029,,-0.650105
ASV468,ASV1546,Undirected,75031,,0.610966
ASV468,ASV1561,Undirected,75032,,-0.657047
ASV468,ASV1615,Undirected,75035,,0.699244
ASV468,ASV169,Undirected,75037,,-0.608857
ASV468,ASV1740,Undirected,75038,,0.682697
ASV468,ASV187,Undirected,75039,,-0.601879
ASV468,ASV1907,Undirected,75040,,0.686495
ASV468,ASV194,Undirected,75041,,-0.631639
ASV468,ASV197,Undirected,75042,,-0.648138
ASV468,ASV2,Undirected,75043,,-0.676026
ASV468,ASV20,Undirected,75044,,-0.682089
ASV468,ASV2017,Undirected,75045,,0.683308
ASV468,ASV207,Undirected,75046,,0.683413
ASV468,ASV214,Undirected,75047,,0.636271
ASV468,ASV216,Undirected,75048,,-0.698128
ASV468,ASV22,Undirected,75050,,-0.632018
ASV468,ASV229,Undirected,75053,,-0.669274
ASV468,ASV2290,Undirected,75054,,0.673526
ASV468,ASV233,Undirected,75055,,0.63902
ASV468,ASV235,Undirected,75056,,0.695436
ASV468,ASV237,Undirected,75057,,-0.613661
ASV468,ASV24,Undirected,75058,,-0.630466
ASV468,ASV244,Undirected,75060,,-0.618111
ASV468,ASV245,Undirected,75061,,0.623709
ASV468,ASV2511,Undirected,75063,,0.607998
ASV468,ASV2552,Undirected,75064,,-0.634083
ASV468,ASV264,Undirected,75067,,0.686983
ASV468,ASV276,Undirected,75069,,-0.687861
ASV468,ASV283,Undirected,75070,,0.627349
ASV468,ASV288,Undirected,75071,,0.639775
ASV468,ASV291,Undirected,75072,,0.614586
ASV468,ASV295,Undirected,75073,,0.701516
ASV468,ASV307,Undirected,75075,,-0.60417
ASV468,ASV31,Undirected,75076,,-0.664938
ASV468,ASV310,Undirected,75077,,0.688545
ASV468,ASV3327,Undirected,75080,,-0.602743
ASV468,ASV334,Undirected,75081,,0.625072
ASV468,ASV344,Undirected,75082,,-0.606557
ASV468,ASV35,Undirected,75083,,0.603646
ASV468,ASV360,Undirected,75086,,0.618201
ASV468,ASV363,Undirected,75087,,-0.625072
ASV468,ASV369,Undirected,75088,,0.674824
ASV468,ASV37,Undirected,75089,,-0.628062
ASV468,ASV4,Undirected,75090,,-0.617873
ASV468,ASV404,Undirected,75091,,-0.702717
ASV468,ASV4277,Undirected,75093,,-0.661816
ASV468,ASV428,Undirected,75094,,0.664934
ASV468,ASV435,Undirected,75096,,0.627908
ASV468,ASV456,Undirected,75099,,0.663714
ASV468,ASV468,Undirected,75102,,1
ASV468,ASV5,Undirected,75103,,-1.462126
ASV468,ASV531,Undirected,75104,,1.436761
ASV468,ASV5744,Undirected,75105,,-1.600642
ASV468,ASV585,Undirected,75106,,1.468461
ASV468,ASV589,Undirected,75107,,1.595013
ASV468,ASV59,Undirected,75108,,-1.526509
ASV468,ASV6,Undirected,75109,,1.49951
ASV468,ASV619,Undirected,75110,,1.493461
ASV468,ASV655,Undirected,75111,,1.672063
ASV468,ASV732,Undirected,75112,,-1.511762
ASV468,ASV748,Undirected,75113,,1.425929
ASV468,ASV756,Undirected,75114,,1.586466
ASV468,ASV85,Undirected,75115,,1.471953
ASV468,ASV856,Undirected,75116,,1.702819
ASV468,ASV876,Undirected,75117,,1.485564
ASV468,ASV95,Undirected,75118,,1.489625
ASV468,ASV96,Undirected,75119,,-1.599178
ASV468,ASV970,Undirected,75120,,1.521718
ASV469,ASV1193,Undirected,75122,,0.647954
ASV469,ASV1338,Undirected,75123,,0.609726
ASV469,ASV1449,Undirected,75124,,0.618135
ASV469,ASV1499,Undirected,75125,,0.656103
ASV469,ASV160,Undirected,75126,,0.703301
ASV469,ASV1774,Undirected,75127,,0.619174
ASV469,ASV1781,Undirected,75128,,0.622516
ASV469,ASV231,Undirected,75129,,0.67294
ASV469,ASV2530,Undirected,75130,,-0.667754
ASV469,ASV2850,Undirected,75131,,0.667019
ASV469,ASV335,Undirected,75132,,0.600003
ASV469,ASV469,Undirected,75133,,1
ASV470,ASV147,Undirected,75134,,0.611894
ASV470,ASV1595,Undirected,75135,,-0.629766
ASV470,ASV3089,Undirected,75136,,-0.603656
ASV470,ASV374,Undirected,75137,,0.624027
ASV470,ASV470,Undirected,75139,,1
ASV470,ASV832,Undirected,75140,,-1.475275
ASV474,ASV474,Undirected,75143,,1
ASV474,ASV729,Undirected,75144,,1.653197
ASV475,ASV102,Undirected,75145,,0.617762
ASV475,ASV119,Undirected,75147,,0.654072
ASV475,ASV1198,Undirected,75148,,-0.631191
ASV475,ASV142,Undirected,75149,,-0.691154
ASV475,ASV1428,Undirected,75150,,-0.61933
ASV475,ASV147,Undirected,75151,,0.644944
ASV475,ASV194,Undirected,75152,,0.677718
ASV475,ASV2433,Undirected,75155,,-0.636612
ASV475,ASV393,Undirected,75156,,0.650003
ASV475,ASV419,Undirected,75157,,0.682879
ASV475,ASV475,Undirected,75159,,1
ASV475,ASV551,Undirected,75160,,1.432975
ASV4759,ASV145,Undirected,75161,,0.677405
ASV4759,ASV1450,Undirected,75162,,0.618985
ASV4759,ASV275,Undirected,75163,,0.63925
ASV4759,ASV4759,Undirected,75165,,1
ASV4759,ASV55,Undirected,75166,,1.509349
ASV478,ASV1092,Undirected,75167,,0.674369
ASV478,ASV1437,Undirected,75170,,-0.605651
ASV478,ASV2223,Undirected,75174,,0.61843
ASV478,ASV2486,Undirected,75175,,0.610275
ASV478,ASV309,Undirected,75176,,0.615664
ASV478,ASV478,Undirected,75178,,1
ASV4788,ASV203,Undirected,75179,,-0.693084
ASV4788,ASV2187,Undirected,75180,,0.67504
ASV4788,ASV2486,Undirected,75181,,0.617571
ASV4788,ASV2572,Undirected,75182,,0.633598
ASV4788,ASV2623,Undirected,75183,,0.660398
ASV4788,ASV330,Undirected,75185,,0.607744
ASV4788,ASV3824,Undirected,75186,,0.628804
ASV4788,ASV4788,Undirected,75187,,1
ASV48,ASV1013,Undirected,75189,,0.627249
ASV48,ASV1017,Undirected,75190,,0.654347
ASV48,ASV103,Undirected,75191,,0.663907
ASV48,ASV107,Undirected,75192,,0.619763
ASV48,ASV108,Undirected,75193,,0.600933
ASV48,ASV111,Undirected,75194,,0.620155
ASV48,ASV113,Undirected,75195,,0.677519
ASV48,ASV114,Undirected,75196,,0.697314
ASV48,ASV1141,Undirected,75197,,0.675023
ASV48,ASV117,Undirected,75199,,0.684266
ASV48,ASV121,Undirected,75200,,0.603834
ASV48,ASV1229,Undirected,75202,,0.606339
ASV48,ASV1243,Undirected,75203,,-0.62708
ASV48,ASV1298,Undirected,75205,,-0.642857
ASV48,ASV1381,Undirected,75207,,0.6174
ASV48,ASV1551,Undirected,75210,,-0.626038
ASV48,ASV1561,Undirected,75211,,0.652259
ASV48,ASV158,Undirected,75212,,-0.62655
ASV48,ASV159,Undirected,75213,,-0.627656
ASV48,ASV1615,Undirected,75214,,-0.674795
ASV48,ASV164,Undirected,75215,,-0.683204
ASV48,ASV169,Undirected,75216,,0.617299
ASV48,ASV1730,Undirected,75219,,-0.638014
ASV48,ASV1781,Undirected,75221,,-0.641234
ASV48,ASV1838,Undirected,75222,,-0.700489
ASV48,ASV184,Undirected,75223,,0.613355
ASV48,ASV185,Undirected,75224,,0.633304
ASV48,ASV194,Undirected,75226,,0.660115
ASV48,ASV195,Undirected,75227,,0.657351
ASV48,ASV196,Undirected,75228,,0.668734
ASV48,ASV2017,Undirected,75230,,-0.62197
ASV48,ASV2026,Undirected,75231,,0.613205
ASV48,ASV216,Undirected,75232,,0.693626
ASV48,ASV226,Undirected,75233,,0.617101
ASV48,ASV229,Undirected,75235,,0.648915
ASV48,ASV237,Undirected,75239,,0.658895
ASV48,ASV2383,Undirected,75240,,-0.674002
ASV48,ASV244,Undirected,75242,,0.665805
ASV48,ASV257,Undirected,75244,,0.69679
ASV48,ASV260,Undirected,75245,,-0.629075
ASV48,ASV261,Undirected,75246,,-0.624095
ASV48,ASV263,Undirected,75248,,0.678904
ASV48,ASV267,Undirected,75249,,0.678264
ASV48,ASV2809,Undirected,75252,,-0.633353
ASV48,ASV293,Undirected,75254,,0.671157
ASV48,ASV317,Undirected,75256,,0.64356
ASV48,ASV326,Undirected,75258,,-0.612047
ASV48,ASV344,Undirected,75259,,0.617054
ASV48,ASV36,Undirected,75260,,0.703359
ASV48,ASV374,Undirected,75264,,0.613355
ASV48,ASV4257,Undirected,75268,,-0.628883
ASV48,ASV4277,Undirected,75269,,0.696845
ASV48,ASV43,Undirected,75270,,0.685596
ASV48,ASV4518,Undirected,75272,,-0.65058
ASV48,ASV459,Undirected,75273,,-0.616688
ASV48,ASV463,Undirected,75274,,0.632507
ASV48,ASV48,Undirected,75275,,1
ASV48,ASV5,Undirected,75276,,1.742902
ASV48,ASV514,Undirected,75277,,1.534722
ASV48,ASV515,Undirected,75278,,1.496381
ASV48,ASV5245,Undirected,75279,,1.659949
ASV48,ASV53,Undirected,75280,,1.520661
ASV48,ASV54,Undirected,75281,,1.666495
ASV48,ASV56,Undirected,75282,,1.529716
ASV48,ASV564,Undirected,75283,,1.557294
ASV48,ASV5687,Undirected,75284,,1.702885
ASV48,ASV57,Undirected,75285,,1.741602
ASV48,ASV59,Undirected,75286,,1.499226
ASV48,ASV6,Undirected,75287,,-1.420754
ASV48,ASV61,Undirected,75288,,1.507757
ASV48,ASV677,Undirected,75289,,1.674179
ASV48,ASV71,Undirected,75290,,1.493031
ASV48,ASV74,Undirected,75291,,1.432558
ASV48,ASV80,Undirected,75292,,1.450413
ASV48,ASV810,Undirected,75293,,1.587151
ASV48,ASV82,Undirected,75294,,1.539256
ASV48,ASV856,Undirected,75295,,-1.486791
ASV48,ASV9,Undirected,75296,,1.759422
ASV482,ASV1272,Undirected,75297,,0.610965
ASV482,ASV274,Undirected,75298,,-0.671542
ASV482,ASV3236,Undirected,75299,,0.618503
ASV482,ASV464,Undirected,75300,,-0.673303
ASV482,ASV482,Undirected,75301,,1
ASV483,ASV1013,Undirected,75302,,0.667564
ASV483,ASV1024,Undirected,75303,,-0.610425
ASV483,ASV107,Undirected,75304,,0.692094
ASV483,ASV108,Undirected,75305,,0.622786
ASV483,ASV113,Undirected,75306,,0.637101
ASV483,ASV114,Undirected,75307,,0.65942
ASV483,ASV1162,Undirected,75309,,-0.68176
ASV483,ASV121,Undirected,75311,,0.657961
ASV483,ASV122,Undirected,75312,,0.662669
ASV483,ASV1272,Undirected,75314,,0.661641
ASV483,ASV1286,Undirected,75315,,-0.610051
ASV483,ASV1295,Undirected,75316,,-0.665302
ASV483,ASV13,Undirected,75318,,0.671007
ASV483,ASV135,Undirected,75319,,0.624165
ASV483,ASV1358,Undirected,75320,,-0.683526
ASV483,ASV149,Undirected,75321,,-0.614441
ASV483,ASV15,Undirected,75322,,0.603375
ASV483,ASV159,Undirected,75325,,-0.641063
ASV483,ASV174,Undirected,75327,,0.619093
ASV483,ASV18,Undirected,75328,,-0.681189
ASV483,ASV182,Undirected,75329,,0.69089
ASV483,ASV1838,Undirected,75330,,-0.622685
ASV483,ASV184,Undirected,75331,,0.610119
ASV483,ASV2026,Undirected,75333,,0.699682
ASV483,ASV216,Undirected,75334,,0.638898
ASV483,ASV225,Undirected,75335,,-0.613178
ASV483,ASV226,Undirected,75336,,0.612866
ASV483,ASV231,Undirected,75337,,-0.686808
ASV483,ASV233,Undirected,75338,,-0.645766
ASV483,ASV24,Undirected,75339,,0.643951
ASV483,ASV244,Undirected,75340,,0.673632
ASV483,ASV25,Undirected,75341,,0.625388
ASV483,ASV260,Undirected,75343,,-0.678907
ASV483,ASV263,Undirected,75344,,0.661684
ASV483,ASV273,Undirected,75346,,0.657466
ASV483,ASV2762,Undirected,75348,,-0.601636
ASV483,ASV288,Undirected,75349,,-0.661842
ASV483,ASV335,Undirected,75353,,-0.653322
ASV483,ASV35,Undirected,75354,,-0.632032
ASV483,ASV36,Undirected,75355,,0.692432
ASV483,ASV363,Undirected,75356,,0.687518
ASV483,ASV37,Undirected,75357,,0.622024
ASV483,ASV374,Undirected,75358,,0.690342
ASV483,ASV398,Undirected,75361,,-0.684182
ASV483,ASV4,Undirected,75362,,0.601173
ASV483,ASV4229,Undirected,75363,,-0.65276
ASV483,ASV440,Undirected,75364,,-0.688247
ASV483,ASV445,Undirected,75365,,0.672228
ASV483,ASV452,Undirected,75366,,0.655992
ASV483,ASV483,Undirected,75368,,1
ASV483,ASV5,Undirected,75369,,1.476085
ASV483,ASV51,Undirected,75370,,-1.488277
ASV483,ASV514,Undirected,75371,,1.468765
ASV483,ASV59,Undirected,75372,,1.577158
ASV483,ASV611,Undirected,75373,,-1.45143
ASV483,ASV623,Undirected,75374,,-1.532703
ASV483,ASV637,Undirected,75375,,1.426926
ASV483,ASV681,Undirected,75376,,1.571262
ASV483,ASV724,Undirected,75377,,1.44338
ASV483,ASV733,Undirected,75378,,1.55442
ASV483,ASV810,Undirected,75379,,1.441735
ASV483,ASV83,Undirected,75380,,-1.452316
ASV483,ASV856,Undirected,75381,,-1.569965
ASV483,ASV9,Undirected,75382,,1.427654
ASV485,ASV153,Undirected,75384,,0.601927
ASV485,ASV206,Undirected,75385,,0.646279
ASV485,ASV226,Undirected,75386,,0.623381
ASV485,ASV3347,Undirected,75388,,-0.632306
ASV485,ASV412,Undirected,75389,,-0.657874
ASV485,ASV4759,Undirected,75390,,0.666939
ASV485,ASV485,Undirected,75391,,1
ASV485,ASV55,Undirected,75392,,1.503499
ASV486,ASV1093,Undirected,75393,,-0.601997
ASV486,ASV131,Undirected,75395,,-0.63528
ASV486,ASV14,Undirected,75396,,-0.669131
ASV486,ASV1466,Undirected,75397,,-0.620026
ASV486,ASV1546,Undirected,75398,,-0.65357
ASV486,ASV160,Undirected,75399,,-0.607131
ASV486,ASV170,Undirected,75400,,0.65937
ASV486,ASV174,Undirected,75401,,0.664558
ASV486,ASV1781,Undirected,75402,,-0.612689
ASV486,ASV179,Undirected,75403,,-0.694051
ASV486,ASV1793,Undirected,75404,,-0.619301
ASV486,ASV18,Undirected,75405,,-0.650371
ASV486,ASV182,Undirected,75406,,0.663538
ASV486,ASV190,Undirected,75407,,0.687418
ASV486,ASV191,Undirected,75408,,0.705359
ASV486,ASV201,Undirected,75409,,-0.607015
ASV486,ASV22,Undirected,75410,,0.630605
ASV486,ASV220,Undirected,75411,,0.608592
ASV486,ASV231,Undirected,75413,,-0.615251
ASV486,ASV244,Undirected,75414,,0.701849
ASV486,ASV2511,Undirected,75415,,-0.652428
ASV486,ASV263,Undirected,75416,,0.691569
ASV486,ASV270,Undirected,75417,,-0.605559
ASV486,ASV271,Undirected,75418,,-0.628673
ASV486,ASV28,Undirected,75419,,-0.627243
ASV486,ASV320,Undirected,75420,,0.60721
ASV486,ASV3327,Undirected,75421,,0.657174
ASV486,ASV34,Undirected,75422,,0.705453
ASV486,ASV35,Undirected,75423,,-0.680948
ASV486,ASV370,Undirected,75424,,-0.673313
ASV486,ASV39,Undirected,75426,,-0.667215
ASV486,ASV398,Undirected,75427,,-0.674172
ASV486,ASV407,Undirected,75428,,-0.67835
ASV486,ASV4085,Undirected,75429,,-0.613039
ASV486,ASV486,Undirected,75431,,1
ASV486,ASV528,Undirected,75432,,-1.430084
ASV486,ASV886,Undirected,75433,,-1.465622
ASV488,ASV1015,Undirected,75434,,-0.620595
ASV488,ASV1071,Undirected,75437,,0.607688
ASV488,ASV108,Undirected,75438,,-0.630874
ASV488,ASV110,Undirected,75439,,-0.603554
ASV488,ASV1120,Undirected,75440,,0.630094
ASV488,ASV113,Undirected,75441,,-0.605428
ASV488,ASV1141,Undirected,75442,,-0.671039
ASV488,ASV1162,Undirected,75443,,0.671392
ASV488,ASV117,Undirected,75444,,-0.622532
ASV488,ASV1210,Undirected,75445,,-0.661405
ASV488,ASV125,Undirected,75447,,0.647408
ASV488,ASV133,Undirected,75451,,0.609292
ASV488,ASV1468,Undirected,75454,,0.628839
ASV488,ASV1492,Undirected,75455,,0.605848
ASV488,ASV154,Undirected,75456,,0.648115
ASV488,ASV159,Undirected,75458,,0.641113
ASV488,ASV164,Undirected,75459,,0.633539
ASV488,ASV1691,Undirected,75460,,-0.655747
ASV488,ASV1738,Undirected,75461,,0.638089
ASV488,ASV2066,Undirected,75462,,0.662812
ASV488,ASV22,Undirected,75464,,-0.614895
ASV488,ASV225,Undirected,75465,,0.614074
ASV488,ASV229,Undirected,75466,,-0.628137
ASV488,ASV264,Undirected,75469,,0.638505
ASV488,ASV277,Undirected,75471,,0.613059
ASV488,ASV295,Undirected,75473,,0.627616
ASV488,ASV298,Undirected,75474,,0.638885
ASV488,ASV31,Undirected,75475,,-0.654518
ASV488,ASV310,Undirected,75476,,0.67815
ASV488,ASV327,Undirected,75477,,-0.618442
ASV488,ASV328,Undirected,75478,,0.651546
ASV488,ASV330,Undirected,75479,,-0.67987
ASV488,ASV36,Undirected,75481,,-0.640827
ASV488,ASV369,Undirected,75482,,0.68787
ASV488,ASV388,Undirected,75483,,0.640402
ASV488,ASV398,Undirected,75484,,0.688912
ASV488,ASV416,Undirected,75485,,0.669978
ASV488,ASV430,Undirected,75486,,0.659878
ASV488,ASV435,Undirected,75487,,0.634808
ASV488,ASV445,Undirected,75489,,-0.609387
ASV488,ASV468,Undirected,75491,,0.652015
ASV488,ASV478,Undirected,75492,,-0.619204
ASV488,ASV483,Undirected,75493,,-0.631347
ASV488,ASV488,Undirected,75494,,1
ASV488,ASV531,Undirected,75495,,1.478644
ASV488,ASV579,Undirected,75496,,1.576418
ASV488,ASV585,Undirected,75497,,1.427541
ASV488,ASV623,Undirected,75498,,1.530833
ASV488,ASV681,Undirected,75499,,-1.517758
ASV488,ASV707,Undirected,75500,,1.617158
ASV488,ASV719,Undirected,75501,,-1.418849
ASV488,ASV751,Undirected,75502,,-1.424217
ASV488,ASV781,Undirected,75503,,1.422126
ASV488,ASV783,Undirected,75504,,1.494759
ASV488,ASV983,Undirected,75505,,1.530586
ASV489,ASV1247,Undirected,75506,,0.639431
ASV489,ASV151,Undirected,75507,,-0.607451
ASV489,ASV190,Undirected,75508,,0.634954
ASV489,ASV324,Undirected,75509,,0.60263
ASV489,ASV3631,Undirected,75510,,-0.656249
ASV489,ASV4396,Undirected,75511,,-0.603228
ASV489,ASV489,Undirected,75512,,1
ASV49,ASV1042,Undirected,75514,,-0.67714
ASV49,ASV116,Undirected,75515,,0.628425
ASV49,ASV1213,Undirected,75516,,0.615053
ASV49,ASV134,Undirected,75517,,-0.639794
ASV49,ASV18,Undirected,75519,,0.70485
ASV49,ASV201,Undirected,75520,,0.600518
ASV49,ASV2291,Undirected,75521,,0.618658
ASV49,ASV280,Undirected,75523,,0.651523
ASV49,ASV316,Undirected,75527,,0.640828
ASV49,ASV358,Undirected,75528,,-0.619372
ASV49,ASV4501,Undirected,75532,,-0.632899
ASV49,ASV49,Undirected,75533,,1
ASV49,ASV539,Undirected,75534,,1.608348
ASV49,ASV63,Undirected,75535,,1.453984
ASV49,ASV75,Undirected,75536,,-1.473516
ASV49,ASV860,Undirected,75537,,1.583859
ASV490,ASV1070,Undirected,75538,,-0.65518
ASV490,ASV1221,Undirected,75539,,0.647644
ASV490,ASV1840,Undirected,75540,,0.64799
ASV490,ASV240,Undirected,75541,,0.611802
ASV490,ASV2570,Undirected,75542,,-0.67827
ASV490,ASV490,Undirected,75544,,1
ASV491,ASV1140,Undirected,75545,,0.652152
ASV491,ASV1243,Undirected,75546,,0.703643
ASV491,ASV1338,Undirected,75547,,0.601216
ASV491,ASV335,Undirected,75548,,0.63151
ASV491,ASV491,Undirected,75549,,1
ASV4966,ASV1698,Undirected,75552,,0.618278
ASV4966,ASV2185,Undirected,75554,,0.606874
ASV4966,ASV228,Undirected,75555,,0.632875
ASV4966,ASV233,Undirected,75556,,0.618845
ASV4966,ASV243,Undirected,75557,,0.674122
ASV4966,ASV277,Undirected,75558,,0.670777
ASV4966,ASV2817,Undirected,75559,,0.675357
ASV4966,ASV33,Undirected,75560,,-0.668321
ASV4966,ASV4966,Undirected,75561,,1
ASV4983,ASV1535,Undirected,75562,,-0.666172
ASV4983,ASV43,Undirected,75564,,-0.65456
ASV4983,ASV4983,Undirected,75565,,1
ASV4983,ASV893,Undirected,75566,,-1.465134
ASV5,ASV100,Undirected,75567,,0.632081
ASV5,ASV1013,Undirected,75569,,0.641162
ASV5,ASV1024,Undirected,75571,,-0.671021
ASV5,ASV1026,Undirected,75572,,-0.622499
ASV5,ASV1030,Undirected,75574,,-0.681163
ASV5,ASV1120,Undirected,75579,,-0.643632
ASV5,ASV1210,Undirected,75586,,0.629009
ASV5,ASV123,Undirected,75588,,0.695809
ASV5,ASV1251,Undirected,75591,,-0.7057
ASV5,ASV1275,Undirected,75592,,0.622868
ASV5,ASV1381,Undirected,75596,,0.683439
ASV5,ASV139,Undirected,75597,,-0.655992
ASV5,ASV140,Undirected,75598,,-0.608471
ASV5,ASV1428,Undirected,75600,,-0.629194
ASV5,ASV149,Undirected,75601,,-0.690083
ASV5,ASV1492,Undirected,75602,,-0.689087
ASV5,ASV1561,Undirected,75605,,0.666015
ASV5,ASV165,Undirected,75610,,0.633988
ASV5,ASV169,Undirected,75611,,0.621121
ASV5,ASV1781,Undirected,75617,,-0.703696
ASV5,ASV18,Undirected,75618,,-0.614035
ASV5,ASV191,Undirected,75622,,0.643805
ASV5,ASV195,Undirected,75624,,0.698399
ASV5,ASV20,Undirected,75627,,0.62571
ASV5,ASV2026,Undirected,75629,,0.653817
ASV5,ASV214,Undirected,75630,,-0.690838
ASV5,ASV219,Undirected,75632,,-0.639755
ASV5,ASV220,Undirected,75633,,0.679799
ASV5,ASV226,Undirected,75636,,0.686695
ASV5,ASV227,Undirected,75637,,0.69462
ASV5,ASV23,Undirected,75639,,0.611971
ASV5,ASV2361,Undirected,75642,,0.652789
ASV5,ASV27,Undirected,75653,,0.667699
ASV5,ASV2762,Undirected,75657,,-0.601162
ASV5,ASV288,Undirected,75659,,-0.701503
ASV5,ASV291,Undirected,75660,,-0.695656
ASV5,ASV2915,Undirected,75661,,0.610136
ASV5,ASV295,Undirected,75662,,-0.656332
ASV5,ASV297,Undirected,75663,,-0.625469
ASV5,ASV310,Undirected,75666,,-0.688409
ASV5,ASV326,Undirected,75668,,-0.668103
ASV5,ASV33,Undirected,75669,,0.639091
ASV5,ASV330,Undirected,75670,,0.602273
ASV5,ASV334,Undirected,75671,,-0.602585
ASV5,ASV335,Undirected,75672,,-0.65699
ASV5,ASV34,Undirected,75673,,0.640165
ASV5,ASV35,Undirected,75675,,-0.664946
ASV5,ASV352,Undirected,75676,,-0.648646
ASV5,ASV369,Undirected,75680,,-0.668047
ASV5,ASV3732,Undirected,75682,,-0.66391
ASV5,ASV3752,Undirected,75684,,-0.693208
ASV5,ASV4134,Undirected,75689,,-0.633319
ASV5,ASV416,Undirected,75690,,-0.66322
ASV5,ASV430,Undirected,75691,,-0.689484
ASV5,ASV435,Undirected,75692,,-0.603741
ASV5,ASV436,Undirected,75693,,-0.664599
ASV5,ASV44,Undirected,75695,,0.626742
ASV5,ASV440,Undirected,75696,,-0.700524
ASV5,ASV4518,Undirected,75699,,-0.63727
ASV5,ASV452,Undirected,75700,,0.644048
ASV5,ASV456,Undirected,75701,,-0.652855
ASV5,ASV488,Undirected,75707,,-0.611563
ASV5,ASV5,Undirected,75708,,1
ASV5,ASV501,Undirected,75709,,-1.501042
ASV5,ASV514,Undirected,75710,,1.775258
ASV5,ASV529,Undirected,75711,,-1.496061
ASV5,ASV54,Undirected,75712,,1.55418
ASV5,ASV56,Undirected,75713,,1.698348
ASV5,ASV564,Undirected,75714,,1.498459
ASV5,ASV5687,Undirected,75715,,1.607508
ASV5,ASV57,Undirected,75716,,1.865703
ASV5,ASV571,Undirected,75717,,1.440404
ASV5,ASV5744,Undirected,75718,,1.583464
ASV5,ASV59,Undirected,75719,,1.81837
ASV5,ASV6,Undirected,75720,,-1.628483
ASV5,ASV61,Undirected,75721,,1.69716
ASV5,ASV637,Undirected,75722,,1.48265
ASV5,ASV655,Undirected,75723,,-1.61082
ASV5,ASV681,Undirected,75724,,1.611611
ASV5,ASV702,Undirected,75725,,1.522502
ASV5,ASV71,Undirected,75726,,1.698658
ASV5,ASV732,Undirected,75727,,1.622894
ASV5,ASV733,Undirected,75728,,1.579683
ASV5,ASV74,Undirected,75729,,1.683885
ASV5,ASV741,Undirected,75730,,-1.467503
ASV5,ASV781,Undirected,75731,,-1.46559
ASV5,ASV79,Undirected,75732,,1.734369
ASV5,ASV80,Undirected,75733,,1.767682
ASV5,ASV810,Undirected,75734,,1.783327
ASV5,ASV82,Undirected,75735,,1.713991
ASV5,ASV828,Undirected,75736,,-1.603325
ASV5,ASV85,Undirected,75737,,-1.52686
ASV5,ASV856,Undirected,75738,,-1.842503
ASV5,ASV87,Undirected,75739,,1.673891
ASV5,ASV881,Undirected,75740,,-1.43928
ASV5,ASV9,Undirected,75741,,1.925697
ASV5,ASV90,Undirected,75742,,1.561984
ASV5,ASV92,Undirected,75743,,-1.539257
ASV5,ASV95,Undirected,75744,,-1.661158
ASV5,ASV955,Undirected,75745,,-1.420977
ASV5,ASV96,Undirected,75746,,1.794108
ASV50,ASV247,Undirected,75747,,0.659926
ASV50,ASV44,Undirected,75748,,0.61312
ASV50,ASV50,Undirected,75749,,1
ASV50,ASV55,Undirected,75750,,1.491736
ASV500,ASV133,Undirected,75752,,0.634096
ASV500,ASV2291,Undirected,75753,,0.617586
ASV500,ASV286,Undirected,75754,,-0.618605
ASV500,ASV3107,Undirected,75755,,-0.634858
ASV500,ASV500,Undirected,75756,,1
ASV500,ASV88,Undirected,75757,,1.510894
ASV500,ASV913,Undirected,75758,,1.438594
ASV501,ASV102,Undirected,75759,,-0.608199
ASV501,ASV107,Undirected,75761,,-0.638486
ASV501,ASV1093,Undirected,75762,,0.693233
ASV501,ASV110,Undirected,75763,,-0.660282
ASV501,ASV1141,Undirected,75766,,-0.64283
ASV501,ASV1149,Undirected,75767,,0.658496
ASV501,ASV1165,Undirected,75768,,-0.632346
ASV501,ASV12,Undirected,75770,,-0.661818
ASV501,ASV121,Undirected,75771,,-0.690031
ASV501,ASV122,Undirected,75772,,-0.697399
ASV501,ASV1269,Undirected,75775,,0.60783
ASV501,ASV1298,Undirected,75777,,0.61577
ASV501,ASV135,Undirected,75779,,-0.656282
ASV501,ASV139,Undirected,75780,,0.661659
ASV501,ASV140,Undirected,75781,,0.697411
ASV501,ASV149,Undirected,75784,,0.705701
ASV501,ASV150,Undirected,75786,,-0.693943
ASV501,ASV158,Undirected,75787,,0.705854
ASV501,ASV1615,Undirected,75789,,0.700744
ASV501,ASV171,Undirected,75791,,-0.600415
ASV501,ASV1738,Undirected,75793,,0.624023
ASV501,ASV175,Undirected,75794,,-0.700158
ASV501,ASV178,Undirected,75795,,0.663371
ASV501,ASV18,Undirected,75796,,0.706008
ASV501,ASV180,Undirected,75797,,-0.683794
ASV501,ASV187,Undirected,75799,,-0.614509
ASV501,ASV191,Undirected,75800,,-0.635375
ASV501,ASV2026,Undirected,75804,,-0.655325
ASV501,ASV205,Undirected,75805,,0.679461
ASV501,ASV207,Undirected,75806,,0.603554
ASV501,ASV216,Undirected,75807,,-0.6429
ASV501,ASV2213,Undirected,75810,,0.675883
ASV501,ASV227,Undirected,75813,,-0.610592
ASV501,ASV231,Undirected,75815,,0.648371
ASV501,ASV235,Undirected,75817,,0.643525
ASV501,ASV237,Undirected,75818,,-0.624221
ASV501,ASV2383,Undirected,75819,,0.645106
ASV501,ASV241,Undirected,75821,,0.655554
ASV501,ASV244,Undirected,75824,,-0.681536
ASV501,ASV248,Undirected,75825,,0.61287
ASV501,ASV2511,Undirected,75827,,0.693584
ASV501,ASV258,Undirected,75828,,-0.68844
ASV501,ASV269,Undirected,75832,,0.686462
ASV501,ASV271,Undirected,75833,,0.681039
ASV501,ASV288,Undirected,75836,,0.658018
ASV501,ASV29,Undirected,75837,,0.603628
ASV501,ASV291,Undirected,75838,,0.616822
ASV501,ASV306,Undirected,75839,,-0.644642
ASV501,ASV3072,Undirected,75840,,-0.619999
ASV501,ASV326,Undirected,75844,,0.671751
ASV501,ASV330,Undirected,75845,,-0.675131
ASV501,ASV344,Undirected,75849,,-0.67824
ASV501,ASV35,Undirected,75850,,0.603834
ASV501,ASV363,Undirected,75854,,-0.669778
ASV501,ASV374,Undirected,75857,,-0.693825
ASV501,ASV38,Undirected,75858,,-0.637684
ASV501,ASV4,Undirected,75859,,-0.674951
ASV501,ASV401,Undirected,75860,,0.62331
ASV501,ASV403,Undirected,75861,,-0.62917
ASV501,ASV436,Undirected,75865,,0.683801
ASV501,ASV440,Undirected,75867,,0.681913
ASV501,ASV443,Undirected,75868,,0.65885
ASV501,ASV449,Undirected,75871,,0.613625
ASV501,ASV45,Undirected,75872,,-0.614108
ASV501,ASV452,Undirected,75873,,-0.627668
ASV501,ASV458,Undirected,75874,,0.657974
ASV501,ASV459,Undirected,75875,,0.685651
ASV501,ASV468,Undirected,75877,,0.661982
ASV501,ASV48,Undirected,75878,,-0.624549
ASV501,ASV488,Undirected,75879,,0.616595
ASV501,ASV501,Undirected,75881,,1
ASV501,ASV514,Undirected,75882,,-1.487792
ASV501,ASV531,Undirected,75883,,1.492476
ASV501,ASV5638,Undirected,75884,,1.528672
ASV501,ASV57,Undirected,75885,,-1.476687
ASV501,ASV570,Undirected,75886,,1.42937
ASV501,ASV5744,Undirected,75887,,-1.587353
ASV501,ASV579,Undirected,75888,,1.665526
ASV501,ASV59,Undirected,75889,,-1.64183
ASV501,ASV6,Undirected,75890,,1.527958
ASV501,ASV61,Undirected,75891,,-1.550028
ASV501,ASV641,Undirected,75892,,-1.73634
ASV501,ASV672,Undirected,75893,,1.563696
ASV501,ASV681,Undirected,75894,,-1.428572
ASV501,ASV71,Undirected,75895,,-1.536239
ASV501,ASV733,Undirected,75896,,-1.610625
ASV501,ASV74,Undirected,75897,,-1.567879
ASV501,ASV76,Undirected,75898,,1.422937
ASV501,ASV775,Undirected,75899,,1.419522
ASV501,ASV79,Undirected,75900,,-1.611199
ASV501,ASV80,Undirected,75901,,-1.483174
ASV501,ASV82,Undirected,75902,,-1.645785
ASV501,ASV828,Undirected,75903,,1.490909
ASV501,ASV856,Undirected,75904,,1.448026
ASV501,ASV87,Undirected,75905,,-1.469986
ASV501,ASV9,Undirected,75906,,-1.594211
ASV501,ASV90,Undirected,75907,,-1.592749
ASV501,ASV95,Undirected,75908,,1.558553
ASV501,ASV96,Undirected,75909,,-1.552673
ASV501,ASV983,Undirected,75910,,1.445373
ASV5010,ASV100,Undirected,75911,,-0.701983
ASV5010,ASV1026,Undirected,75912,,0.604004
ASV5010,ASV1038,Undirected,75913,,0.652251
ASV5010,ASV108,Undirected,75914,,-0.703958
ASV5010,ASV1165,Undirected,75917,,-0.628621
ASV5010,ASV117,Undirected,75918,,-0.625393
ASV5010,ASV1186,Undirected,75919,,-0.632436
ASV5010,ASV1193,Undirected,75920,,0.660566
ASV5010,ASV1198,Undirected,75921,,0.651575
ASV5010,ASV125,Undirected,75922,,0.676721
ASV5010,ASV13,Undirected,75923,,-0.686406
ASV5010,ASV131,Undirected,75924,,0.600313
ASV5010,ASV1466,Undirected,75925,,0.618476
ASV5010,ASV15,Undirected,75926,,-0.605201
ASV5010,ASV153,Undirected,75927,,-0.614754
ASV5010,ASV159,Undirected,75928,,0.621033
ASV5010,ASV160,Undirected,75929,,0.631195
ASV5010,ASV164,Undirected,75931,,0.623903
ASV5010,ASV165,Undirected,75932,,-0.702745
ASV5010,ASV171,Undirected,75933,,-0.676902
ASV5010,ASV1781,Undirected,75935,,0.683194
ASV5010,ASV190,Undirected,75936,,-0.666322
ASV5010,ASV195,Undirected,75937,,-0.663375
ASV5010,ASV219,Undirected,75940,,0.616868
ASV5010,ASV220,Undirected,75941,,-0.656072
ASV5010,ASV2213,Undirected,75942,,0.644872
ASV5010,ASV225,Undirected,75943,,0.681399
ASV5010,ASV229,Undirected,75945,,-0.696472
ASV5010,ASV235,Undirected,75947,,0.625981
ASV5010,ASV24,Undirected,75948,,-0.700787
ASV5010,ASV242,Undirected,75949,,0.621627
ASV5010,ASV244,Undirected,75950,,-0.64795
ASV5010,ASV247,Undirected,75951,,-0.685804
ASV5010,ASV260,Undirected,75954,,0.686952
ASV5010,ASV261,Undirected,75955,,0.669964
ASV5010,ASV266,Undirected,75957,,0.703282
ASV5010,ASV271,Undirected,75958,,0.614064
ASV5010,ASV2744,Undirected,75959,,0.639709
ASV5010,ASV288,Undirected,75961,,0.648286
ASV5010,ASV32,Undirected,75962,,-0.692279
ASV5010,ASV349,Undirected,75966,,0.67431
ASV5010,ASV36,Undirected,75967,,-0.702345
ASV5010,ASV38,Undirected,75968,,-0.633119
ASV5010,ASV404,Undirected,75969,,-0.671541
ASV5010,ASV45,Undirected,75972,,-0.607388
ASV5010,ASV451,Undirected,75973,,-0.664591
ASV5010,ASV463,Undirected,75974,,-0.650367
ASV5010,ASV5010,Undirected,75975,,1
ASV5010,ASV6,Undirected,75976,,1.415695
ASV5010,ASV71,Undirected,75977,,-1.509106
ASV5010,ASV80,Undirected,75978,,-1.52027
ASV5010,ASV87,Undirected,75979,,-1.419847
ASV5010,ASV938,Undirected,75980,,-1.536223
ASV5010,ASV95,Undirected,75981,,1.436899
ASV502,ASV1221,Undirected,75982,,0.684938
ASV502,ASV1475,Undirected,75983,,0.66929
ASV502,ASV1546,Undirected,75984,,0.64535
ASV502,ASV283,Undirected,75986,,0.605512
ASV502,ASV302,Undirected,75988,,0.62228
ASV502,ASV332,Undirected,75989,,0.613472
ASV502,ASV414,Undirected,75990,,-0.646088
ASV502,ASV502,Undirected,75992,,1
ASV502,ASV750,Undirected,75993,,1.564605
ASV503,ASV1120,Undirected,75994,,0.637877
ASV503,ASV1247,Undirected,75995,,0.603099
ASV503,ASV1417,Undirected,75996,,0.642255
ASV503,ASV245,Undirected,75997,,0.603458
ASV503,ASV264,Undirected,75998,,0.603655
ASV503,ASV4788,Undirected,75999,,-0.64652
ASV503,ASV503,Undirected,76000,,1
ASV503,ASV560,Undirected,76001,,1.594817
ASV503,ASV8,Undirected,76002,,1.431354
ASV507,ASV100,Undirected,76003,,0.634529
ASV507,ASV1017,Undirected,76004,,0.667382
ASV507,ASV102,Undirected,76005,,0.610467
ASV507,ASV107,Undirected,76006,,0.690033
ASV507,ASV108,Undirected,76007,,0.629396
ASV507,ASV1093,Undirected,76008,,-0.601613
ASV507,ASV111,Undirected,76009,,0.690894
ASV507,ASV113,Undirected,76010,,0.635769
ASV507,ASV114,Undirected,76011,,0.697883
ASV507,ASV1165,Undirected,76013,,0.635287
ASV507,ASV1186,Undirected,76015,,0.649425
ASV507,ASV1243,Undirected,76017,,-0.617534
ASV507,ASV125,Undirected,76018,,-0.604057
ASV507,ASV1286,Undirected,76019,,-0.681214
ASV507,ASV13,Undirected,76021,,0.700507
ASV507,ASV1358,Undirected,76023,,-0.692612
ASV507,ASV14,Undirected,76024,,-0.688083
ASV507,ASV1492,Undirected,76025,,-0.678823
ASV507,ASV150,Undirected,76026,,0.619174
ASV507,ASV153,Undirected,76027,,0.661152
ASV507,ASV164,Undirected,76029,,-0.691944
ASV507,ASV175,Undirected,76030,,0.699982
ASV507,ASV1781,Undirected,76031,,-0.68411
ASV507,ASV18,Undirected,76033,,-0.629344
ASV507,ASV184,Undirected,76035,,0.632551
ASV507,ASV191,Undirected,76036,,0.672328
ASV507,ASV197,Undirected,76037,,0.639444
ASV507,ASV2026,Undirected,76038,,0.693333
ASV507,ASV25,Undirected,76043,,0.694376
ASV507,ASV252,Undirected,76044,,0.63032
ASV507,ASV260,Undirected,76045,,-0.600691
ASV507,ASV263,Undirected,76046,,0.679695
ASV507,ASV264,Undirected,76047,,-0.616045
ASV507,ASV267,Undirected,76048,,0.615747
ASV507,ASV269,Undirected,76049,,-0.620612
ASV507,ASV277,Undirected,76051,,-0.626692
ASV507,ASV293,Undirected,76052,,0.631301
ASV507,ASV31,Undirected,76053,,0.693711
ASV507,ASV32,Undirected,76054,,0.607317
ASV507,ASV328,Undirected,76055,,-0.616045
ASV507,ASV33,Undirected,76056,,0.629596
ASV507,ASV340,Undirected,76059,,-0.70374
ASV507,ASV35,Undirected,76060,,-0.640688
ASV507,ASV36,Undirected,76061,,0.609519
ASV507,ASV363,Undirected,76062,,0.671291
ASV507,ASV369,Undirected,76063,,-0.619085
ASV507,ASV37,Undirected,76064,,0.635441
ASV507,ASV39,Undirected,76065,,-0.616869
ASV507,ASV398,Undirected,76066,,-0.626442
ASV507,ASV4,Undirected,76067,,0.639833
ASV507,ASV403,Undirected,76068,,0.693439
ASV507,ASV4229,Undirected,76069,,-0.615139
ASV507,ASV436,Undirected,76070,,-0.666549
ASV507,ASV447,Undirected,76071,,-0.692936
ASV507,ASV451,Undirected,76072,,0.665332
ASV507,ASV452,Undirected,76073,,0.65833
ASV507,ASV48,Undirected,76074,,0.605531
ASV507,ASV501,Undirected,76075,,-0.669179
ASV507,ASV507,Undirected,76076,,1
ASV507,ASV5488,Undirected,76077,,-1.480118
ASV507,ASV557,Undirected,76078,,1.466037
ASV507,ASV56,Undirected,76079,,1.482587
ASV507,ASV570,Undirected,76080,,-1.505587
ASV507,ASV571,Undirected,76081,,1.43541
ASV507,ASV61,Undirected,76082,,1.510668
ASV507,ASV637,Undirected,76083,,1.458475
ASV507,ASV73,Undirected,76084,,1.465671
ASV507,ASV82,Undirected,76085,,1.592013
ASV507,ASV850,Undirected,76086,,1.509304
ASV509,ASV236,Undirected,76087,,0.608714
ASV509,ASV345,Undirected,76088,,0.652135
ASV509,ASV509,Undirected,76089,,1
ASV51,ASV1013,Undirected,76091,,-0.697664
ASV51,ASV106,Undirected,76092,,-0.607571
ASV51,ASV111,Undirected,76095,,-0.618063
ASV51,ASV113,Undirected,76096,,-0.606646
ASV51,ASV116,Undirected,76098,,0.639152
ASV51,ASV117,Undirected,76099,,-0.667361
ASV51,ASV121,Undirected,76100,,-0.705669
ASV51,ASV1243,Undirected,76103,,0.638542
ASV51,ASV1286,Undirected,76104,,0.608131
ASV51,ASV1295,Undirected,76105,,0.62226
ASV51,ASV13,Undirected,76106,,-0.670649
ASV51,ASV139,Undirected,76107,,0.615469
ASV51,ASV14,Undirected,76108,,0.706073
ASV51,ASV1499,Undirected,76110,,0.628072
ASV51,ASV1546,Undirected,76112,,0.629823
ASV51,ASV16,Undirected,76114,,-0.60748
ASV51,ASV164,Undirected,76115,,0.608722
ASV51,ASV165,Undirected,76116,,-0.69834
ASV51,ASV1781,Undirected,76118,,0.70073
ASV51,ASV179,Undirected,76119,,0.622789
ASV51,ASV191,Undirected,76122,,-0.650996
ASV51,ASV1985,Undirected,76123,,0.616688
ASV51,ASV2026,Undirected,76124,,-0.668473
ASV51,ASV216,Undirected,76126,,-0.70598
ASV51,ASV220,Undirected,76128,,-0.654347
ASV51,ASV224,Undirected,76129,,0.663211
ASV51,ASV226,Undirected,76131,,-0.634756
ASV51,ASV231,Undirected,76132,,0.662869
ASV51,ASV237,Undirected,76133,,-0.634565
ASV51,ASV24,Undirected,76134,,-0.627923
ASV51,ASV244,Undirected,76135,,-0.69195
ASV51,ASV248,Undirected,76136,,0.637735
ASV51,ASV25,Undirected,76137,,-0.609649
ASV51,ASV250,Undirected,76138,,0.651405
ASV51,ASV2511,Undirected,76139,,0.699389
ASV51,ASV252,Undirected,76140,,-0.698861
ASV51,ASV260,Undirected,76141,,0.681041
ASV51,ASV270,Undirected,76143,,0.630016
ASV51,ASV273,Undirected,76145,,-0.679131
ASV51,ASV28,Undirected,76147,,0.632267
ASV51,ASV288,Undirected,76148,,0.635136
ASV51,ASV29,Undirected,76149,,0.67359
ASV51,ASV295,Undirected,76150,,0.634998
ASV51,ASV2974,Undirected,76151,,0.61604
ASV51,ASV307,Undirected,76152,,-0.658867
ASV51,ASV31,Undirected,76153,,-0.66182
ASV51,ASV32,Undirected,76154,,-0.611723
ASV51,ASV327,Undirected,76155,,-0.669439
ASV51,ASV33,Undirected,76156,,-0.675327
ASV51,ASV3327,Undirected,76157,,-0.618065
ASV51,ASV344,Undirected,76159,,-0.68345
ASV51,ASV363,Undirected,76162,,-0.644863
ASV51,ASV37,Undirected,76163,,-0.608408
ASV51,ASV3732,Undirected,76164,,0.634288
ASV51,ASV3752,Undirected,76165,,0.604226
ASV51,ASV398,Undirected,76167,,0.656106
ASV51,ASV4134,Undirected,76168,,0.699699
ASV51,ASV4229,Undirected,76169,,0.608049
ASV51,ASV430,Undirected,76170,,0.633854
ASV51,ASV451,Undirected,76171,,-0.687275
ASV51,ASV456,Undirected,76172,,0.655908
ASV51,ASV463,Undirected,76173,,-0.658006
ASV51,ASV486,Undirected,76175,,-0.670166
ASV51,ASV5,Undirected,76176,,-0.660453
ASV51,ASV51,Undirected,76177,,1
ASV51,ASV529,Undirected,76178,,1.802359
ASV51,ASV59,Undirected,76179,,-1.420441
ASV51,ASV60,Undirected,76180,,-1.425444
ASV51,ASV611,Undirected,76181,,1.424103
ASV51,ASV627,Undirected,76182,,1.443815
ASV51,ASV655,Undirected,76183,,1.470282
ASV51,ASV681,Undirected,76184,,-1.44537
ASV51,ASV80,Undirected,76185,,-1.427398
ASV51,ASV810,Undirected,76186,,-1.436458
ASV51,ASV854,Undirected,76187,,-1.496897
ASV51,ASV856,Undirected,76188,,1.432587
ASV51,ASV952,Undirected,76189,,1.425745
ASV510,ASV1186,Undirected,76190,,-0.6704
ASV510,ASV1221,Undirected,76191,,0.647255
ASV510,ASV125,Undirected,76192,,0.607335
ASV510,ASV139,Undirected,76193,,0.661303
ASV510,ASV1513,Undirected,76194,,0.692396
ASV510,ASV1830,Undirected,76195,,-0.603822
ASV510,ASV228,Undirected,76196,,0.663734
ASV510,ASV233,Undirected,76197,,0.633326
ASV510,ASV2583,Undirected,76198,,-0.678195
ASV510,ASV2762,Undirected,76199,,0.603786
ASV510,ASV283,Undirected,76200,,0.600113
ASV510,ASV295,Undirected,76201,,0.623001
ASV510,ASV311,Undirected,76202,,0.641231
ASV510,ASV338,Undirected,76204,,0.706086
ASV510,ASV3768,Undirected,76205,,0.631365
ASV510,ASV458,Undirected,76207,,0.658076
ASV510,ASV4966,Undirected,76208,,0.625104
ASV510,ASV510,Undirected,76209,,1
ASV510,ASV540,Undirected,76210,,1.462669
ASV511,ASV1092,Undirected,76211,,-0.626851
ASV511,ASV1229,Undirected,76212,,0.64165
ASV511,ASV1346,Undirected,76213,,0.639356
ASV511,ASV181,Undirected,76215,,-0.702858
ASV511,ASV187,Undirected,76216,,0.644713
ASV511,ASV196,Undirected,76217,,0.658198
ASV511,ASV2017,Undirected,76218,,-0.642575
ASV511,ASV2361,Undirected,76219,,0.6555
ASV511,ASV27,Undirected,76220,,0.616586
ASV511,ASV2809,Undirected,76221,,-0.643452
ASV511,ASV289,Undirected,76222,,-0.614063
ASV511,ASV3995,Undirected,76223,,-0.654799
ASV511,ASV511,Undirected,76224,,1
ASV513,ASV100,Undirected,76225,,-0.651928
ASV513,ASV102,Undirected,76226,,-0.66805
ASV513,ASV1217,Undirected,76229,,0.601147
ASV513,ASV13,Undirected,76230,,-0.631471
ASV513,ASV139,Undirected,76231,,0.62403
ASV513,ASV1437,Undirected,76232,,0.683256
ASV513,ASV149,Undirected,76233,,0.637494
ASV513,ASV158,Undirected,76235,,0.664598
ASV513,ASV159,Undirected,76236,,0.638817
ASV513,ASV164,Undirected,76237,,0.666495
ASV513,ASV165,Undirected,76238,,-0.626729
ASV513,ASV169,Undirected,76239,,-0.636741
ASV513,ASV194,Undirected,76240,,-0.659409
ASV513,ASV2,Undirected,76241,,-0.628041
ASV513,ASV20,Undirected,76242,,-0.604039
ASV513,ASV216,Undirected,76243,,-0.625242
ASV513,ASV217,Undirected,76244,,-0.607161
ASV513,ASV219,Undirected,76245,,0.645044
ASV513,ASV2213,Undirected,76246,,0.60018
ASV513,ASV223,Undirected,76247,,0.620208
ASV513,ASV225,Undirected,76248,,0.645078
ASV513,ASV229,Undirected,76249,,-0.67513
ASV513,ASV237,Undirected,76250,,-0.6613
ASV513,ASV24,Undirected,76251,,-0.605904
ASV513,ASV25,Undirected,76252,,-0.660116
ASV513,ASV2552,Undirected,76253,,-0.600005
ASV513,ASV260,Undirected,76254,,0.669259
ASV513,ASV276,Undirected,76256,,-0.601246
ASV513,ASV283,Undirected,76257,,0.663549
ASV513,ASV295,Undirected,76259,,0.682384
ASV513,ASV31,Undirected,76260,,-0.611716
ASV513,ASV310,Undirected,76261,,0.656461
ASV513,ASV32,Undirected,76262,,-0.660116
ASV513,ASV330,Undirected,76263,,-0.683067
ASV513,ASV3347,Undirected,76265,,0.677589
ASV513,ASV352,Undirected,76266,,0.639887
ASV513,ASV36,Undirected,76267,,-0.68462
ASV513,ASV363,Undirected,76268,,-0.602073
ASV513,ASV3732,Undirected,76269,,0.617418
ASV513,ASV412,Undirected,76270,,0.664243
ASV513,ASV4134,Undirected,76271,,0.627114
ASV513,ASV414,Undirected,76272,,-0.671608
ASV513,ASV438,Undirected,76275,,-0.647639
ASV513,ASV463,Undirected,76276,,-0.685166
ASV513,ASV468,Undirected,76277,,0.688188
ASV513,ASV513,Undirected,76278,,1
ASV513,ASV5744,Undirected,76279,,-1.509845
ASV513,ASV600,Undirected,76280,,1.515389
ASV513,ASV61,Undirected,76281,,-1.445597
ASV513,ASV74,Undirected,76282,,-1.527708
ASV513,ASV752,Undirected,76283,,1.473971
ASV514,ASV1007,Undirected,76284,,0.704168
ASV514,ASV1026,Undirected,76286,,-0.662497
ASV514,ASV103,Undirected,76287,,0.635325
ASV514,ASV107,Undirected,76288,,0.681371
ASV514,ASV1093,Undirected,76290,,-0.629497
ASV514,ASV1120,Undirected,76292,,-0.641212
ASV514,ASV1136,Undirected,76294,,0.608088
ASV514,ASV114,Undirected,76295,,0.66477
ASV514,ASV1141,Undirected,76296,,0.604501
ASV514,ASV1162,Undirected,76297,,-0.666503
ASV514,ASV1165,Undirected,76298,,0.640181
ASV514,ASV1210,Undirected,76301,,0.65444
ASV514,ASV123,Undirected,76303,,0.623179
ASV514,ASV1295,Undirected,76307,,-0.66963
ASV514,ASV1338,Undirected,76310,,-0.623701
ASV514,ASV135,Undirected,76311,,0.667533
ASV514,ASV1381,Undirected,76313,,0.639774
ASV514,ASV139,Undirected,76314,,-0.678074
ASV514,ASV140,Undirected,76315,,-0.652672
ASV514,ASV142,Undirected,76316,,-0.683776
ASV514,ASV149,Undirected,76317,,-0.677037
ASV514,ASV153,Undirected,76320,,0.627464
ASV514,ASV1561,Undirected,76322,,0.680482
ASV514,ASV170,Undirected,76327,,0.696262
ASV514,ASV171,Undirected,76328,,0.658879
ASV514,ASV1730,Undirected,76330,,-0.628572
ASV514,ASV1781,Undirected,76332,,-0.653647
ASV514,ASV179,Undirected,76333,,-0.689189
ASV514,ASV1793,Undirected,76334,,-0.640961
ASV514,ASV184,Undirected,76336,,0.642264
ASV514,ASV191,Undirected,76338,,0.643012
ASV514,ASV194,Undirected,76339,,0.692788
ASV514,ASV2017,Undirected,76341,,-0.663719
ASV514,ASV2026,Undirected,76342,,0.616694
ASV514,ASV207,Undirected,76343,,-0.651885
ASV514,ASV214,Undirected,76344,,-0.676715
ASV514,ASV2155,Undirected,76345,,0.643896
ASV514,ASV219,Undirected,76347,,-0.682078
ASV514,ASV220,Undirected,76348,,0.676547
ASV514,ASV2213,Undirected,76349,,-0.684146
ASV514,ASV225,Undirected,76350,,-0.686723
ASV514,ASV226,Undirected,76351,,0.601871
ASV514,ASV228,Undirected,76352,,-0.647823
ASV514,ASV2383,Undirected,76357,,-0.61161
ASV514,ASV2552,Undirected,76362,,0.606364
ASV514,ASV263,Undirected,76365,,0.689835
ASV514,ASV264,Undirected,76366,,-0.663377
ASV514,ASV276,Undirected,76370,,0.663202
ASV514,ASV2762,Undirected,76371,,-0.610653
ASV514,ASV277,Undirected,76372,,-0.675507
ASV514,ASV291,Undirected,76374,,-0.674805
ASV514,ASV2915,Undirected,76375,,0.640374
ASV514,ASV297,Undirected,76376,,-0.675186
ASV514,ASV32,Undirected,76381,,0.696017
ASV514,ASV328,Undirected,76383,,-0.651429
ASV514,ASV330,Undirected,76384,,0.664595
ASV514,ASV3327,Undirected,76385,,0.614801
ASV514,ASV334,Undirected,76386,,-0.621371
ASV514,ASV335,Undirected,76387,,-0.658856
ASV514,ASV34,Undirected,76388,,0.669951
ASV514,ASV344,Undirected,76389,,0.660966
ASV514,ASV349,Undirected,76390,,-0.674987
ASV514,ASV3752,Undirected,76399,,-0.608892
ASV514,ASV388,Undirected,76400,,-0.647609
ASV514,ASV398,Undirected,76401,,-0.666322
ASV514,ASV416,Undirected,76404,,-0.687955
ASV514,ASV435,Undirected,76406,,-0.611822
ASV514,ASV437,Undirected,76407,,-0.640402
ASV514,ASV447,Undirected,76410,,-0.651957
ASV514,ASV458,Undirected,76413,,-0.655704
ASV514,ASV463,Undirected,76415,,0.644341
ASV514,ASV468,Undirected,76416,,-0.661805
ASV514,ASV488,Undirected,76419,,-0.639358
ASV514,ASV507,Undirected,76422,,0.648473
ASV514,ASV514,Undirected,76423,,1
ASV514,ASV528,Undirected,76424,,-1.473193
ASV514,ASV531,Undirected,76425,,-1.457945
ASV514,ASV56,Undirected,76426,,1.603945
ASV514,ASV57,Undirected,76427,,1.499227
ASV514,ASV5744,Undirected,76428,,1.604775
ASV514,ASV579,Undirected,76429,,-1.52053
ASV514,ASV59,Undirected,76430,,1.682041
ASV514,ASV6,Undirected,76431,,-1.791829
ASV514,ASV61,Undirected,76432,,1.732369
ASV514,ASV637,Undirected,76433,,1.611863
ASV514,ASV655,Undirected,76434,,-1.437503
ASV514,ASV677,Undirected,76435,,1.453802
ASV514,ASV681,Undirected,76436,,1.553015
ASV514,ASV732,Undirected,76437,,1.532854
ASV514,ASV733,Undirected,76438,,1.438545
ASV514,ASV781,Undirected,76439,,-1.459339
ASV514,ASV79,Undirected,76440,,1.426352
ASV514,ASV80,Undirected,76441,,1.59379
ASV514,ASV810,Undirected,76442,,1.71176
ASV514,ASV82,Undirected,76443,,1.71607
ASV514,ASV856,Undirected,76444,,-1.717109
ASV514,ASV876,Undirected,76445,,-1.476429
ASV514,ASV881,Undirected,76446,,-1.718609
ASV514,ASV9,Undirected,76447,,1.7504
ASV514,ASV90,Undirected,76448,,1.441166
ASV514,ASV92,Undirected,76449,,-1.681706
ASV514,ASV95,Undirected,76450,,-1.711774
ASV514,ASV96,Undirected,76451,,1.710281
ASV514,ASV983,Undirected,76452,,-1.492974
ASV515,ASV1002,Undirected,76453,,-0.626743
ASV515,ASV1007,Undirected,76454,,0.633062
ASV515,ASV120,Undirected,76456,,-0.673771
ASV515,ASV1251,Undirected,76457,,-0.679407
ASV515,ASV1346,Undirected,76458,,0.630932
ASV515,ASV1551,Undirected,76459,,-0.662076
ASV515,ASV1595,Undirected,76461,,0.687314
ASV515,ASV171,Undirected,76462,,0.605182
ASV515,ASV172,Undirected,76463,,0.640828
ASV515,ASV181,Undirected,76464,,-0.662177
ASV515,ASV1838,Undirected,76465,,-0.6272
ASV515,ASV23,Undirected,76467,,0.653231
ASV515,ASV239,Undirected,76469,,-0.60559
ASV515,ASV262,Undirected,76470,,0.624547
ASV515,ASV27,Undirected,76471,,0.667701
ASV515,ASV2915,Undirected,76473,,0.629726
ASV515,ASV3,Undirected,76474,,0.659432
ASV515,ASV362,Undirected,76475,,0.670296
ASV515,ASV37,Undirected,76476,,0.662875
ASV515,ASV4,Undirected,76477,,0.689407
ASV515,ASV43,Undirected,76479,,0.625324
ASV515,ASV445,Undirected,76480,,0.610248
ASV515,ASV5,Undirected,76482,,0.631525
ASV515,ASV515,Undirected,76483,,1
ASV515,ASV54,Undirected,76484,,1.438761
ASV515,ASV69,Undirected,76485,,-1.532885
ASV516,ASV1017,Undirected,76486,,0.636756
ASV516,ASV1030,Undirected,76487,,-0.635088
ASV516,ASV1069,Undirected,76488,,-0.614301
ASV516,ASV114,Undirected,76490,,0.616312
ASV516,ASV1141,Undirected,76491,,0.683249
ASV516,ASV115,Undirected,76492,,0.616949
ASV516,ASV116,Undirected,76493,,-0.626825
ASV516,ASV117,Undirected,76494,,0.632157
ASV516,ASV122,Undirected,76495,,0.684595
ASV516,ASV1243,Undirected,76496,,-0.636601
ASV516,ASV13,Undirected,76497,,0.704059
ASV516,ASV1492,Undirected,76498,,-0.633198
ASV516,ASV150,Undirected,76499,,0.608523
ASV516,ASV18,Undirected,76501,,-0.650763
ASV516,ASV191,Undirected,76503,,0.649583
ASV516,ASV194,Undirected,76504,,0.681752
ASV516,ASV195,Undirected,76505,,0.632677
ASV516,ASV216,Undirected,76506,,0.640889
ASV516,ASV220,Undirected,76507,,0.609693
ASV516,ASV227,Undirected,76508,,0.602813
ASV516,ASV229,Undirected,76509,,0.639299
ASV516,ASV267,Undirected,76512,,0.650496
ASV516,ASV273,Undirected,76513,,0.662688
ASV516,ASV276,Undirected,76514,,0.703647
ASV516,ASV277,Undirected,76515,,-0.688901
ASV516,ASV29,Undirected,76516,,-0.69715
ASV516,ASV3089,Undirected,76517,,-0.643678
ASV516,ASV32,Undirected,76519,,0.665294
ASV516,ASV3327,Undirected,76520,,0.611357
ASV516,ASV363,Undirected,76521,,0.664247
ASV516,ASV37,Undirected,76522,,0.627734
ASV516,ASV374,Undirected,76524,,0.704478
ASV516,ASV3995,Undirected,76526,,-0.60385
ASV516,ASV41,Undirected,76527,,0.648503
ASV516,ASV433,Undirected,76528,,-0.601669
ASV516,ASV437,Undirected,76530,,-0.70293
ASV516,ASV447,Undirected,76532,,-0.649075
ASV516,ASV4518,Undirected,76533,,-0.636221
ASV516,ASV463,Undirected,76534,,0.60198
ASV516,ASV470,Undirected,76535,,0.604591
ASV516,ASV5,Undirected,76536,,0.627929
ASV516,ASV501,Undirected,76537,,-0.634567
ASV516,ASV516,Undirected,76538,,1
ASV516,ASV681,Undirected,76539,,1.490628
ASV516,ASV74,Undirected,76540,,1.498198
ASV516,ASV79,Undirected,76541,,1.513527
ASV516,ASV82,Undirected,76542,,1.483925
ASV5201,ASV106,Undirected,76543,,-0.689559
ASV5201,ASV1198,Undirected,76544,,0.630068
ASV5201,ASV2771,Undirected,76545,,0.67548
ASV5201,ASV30,Undirected,76546,,0.662185
ASV5201,ASV3570,Undirected,76547,,-0.652196
ASV5201,ASV358,Undirected,76548,,-0.673417
ASV5201,ASV393,Undirected,76549,,-0.681815
ASV5201,ASV413,Undirected,76550,,-0.642378
ASV5201,ASV42,Undirected,76551,,-0.625389
ASV5201,ASV5201,Undirected,76552,,1
ASV522,ASV1712,Undirected,76553,,-0.608981
ASV522,ASV203,Undirected,76554,,0.674801
ASV522,ASV2572,Undirected,76555,,-0.648407
ASV522,ASV264,Undirected,76556,,0.664607
ASV522,ASV3485,Undirected,76557,,-0.605497
ASV522,ASV3824,Undirected,76558,,-0.685625
ASV522,ASV430,Undirected,76559,,0.60886
ASV522,ASV4788,Undirected,76560,,-0.702438
ASV522,ASV503,Undirected,76561,,0.685507
ASV522,ASV522,Undirected,76562,,1
ASV522,ASV622,Undirected,76563,,1.5922
ASV522,ASV966,Undirected,76564,,1.488933
ASV5245,ASV1007,Undirected,76565,,0.638968
ASV5245,ASV103,Undirected,76566,,0.623317
ASV5245,ASV113,Undirected,76567,,0.609617
ASV5245,ASV1251,Undirected,76568,,-0.620099
ASV5245,ASV1275,Undirected,76569,,0.659763
ASV5245,ASV1381,Undirected,76570,,0.631841
ASV5245,ASV153,Undirected,76572,,0.613437
ASV5245,ASV158,Undirected,76574,,-0.613954
ASV5245,ASV1615,Undirected,76575,,-0.618444
ASV5245,ASV164,Undirected,76576,,-0.680455
ASV5245,ASV171,Undirected,76577,,0.676334
ASV5245,ASV175,Undirected,76579,,0.700775
ASV5245,ASV187,Undirected,76580,,0.660807
ASV5245,ASV1986,Undirected,76581,,-0.623515
ASV5245,ASV20,Undirected,76582,,0.668734
ASV5245,ASV207,Undirected,76583,,-0.605948
ASV5245,ASV219,Undirected,76584,,-0.65026
ASV5245,ASV231,Undirected,76585,,-0.658398
ASV5245,ASV25,Undirected,76587,,0.608471
ASV5245,ASV2809,Undirected,76590,,-0.639898
ASV5245,ASV291,Undirected,76591,,-0.632126
ASV5245,ASV310,Undirected,76593,,-0.639898
ASV5245,ASV322,Undirected,76594,,0.632695
ASV5245,ASV36,Undirected,76595,,0.622027
ASV5245,ASV404,Undirected,76599,,0.644499
ASV5245,ASV421,Undirected,76600,,0.634858
ASV5245,ASV4257,Undirected,76601,,-0.657173
ASV5245,ASV428,Undirected,76603,,-0.628465
ASV5245,ASV430,Undirected,76604,,-0.625847
ASV5245,ASV4454,Undirected,76606,,0.70204
ASV5245,ASV5,Undirected,76608,,0.668389
ASV5245,ASV514,Undirected,76609,,0.700884
ASV5245,ASV515,Undirected,76610,,0.692188
ASV5245,ASV5245,Undirected,76611,,1
ASV5245,ASV5687,Undirected,76612,,1.472993
ASV5245,ASV592,Undirected,76613,,-1.497957
ASV5245,ASV6,Undirected,76614,,-1.456612
ASV5245,ASV677,Undirected,76615,,1.50629
ASV525,ASV1594,Undirected,76616,,0.630059
ASV525,ASV525,Undirected,76617,,1
ASV526,ASV100,Undirected,76618,,0.609196
ASV526,ASV16,Undirected,76619,,0.681071
ASV526,ASV22,Undirected,76620,,0.624897
ASV526,ASV269,Undirected,76621,,-0.604809
ASV526,ASV3752,Undirected,76622,,-0.686752
ASV526,ASV526,Undirected,76623,,1
ASV526,ASV805,Undirected,76624,,-1.487746
ASV528,ASV108,Undirected,76625,,-0.652628
ASV528,ASV113,Undirected,76627,,-0.664076
ASV528,ASV1136,Undirected,76628,,-0.601066
ASV528,ASV117,Undirected,76630,,-0.68279
ASV528,ASV1221,Undirected,76632,,0.662313
ASV528,ASV1243,Undirected,76633,,0.67431
ASV528,ASV1273,Undirected,76635,,0.605495
ASV528,ASV13,Undirected,76637,,-0.641937
ASV528,ASV140,Undirected,76641,,0.644865
ASV528,ASV154,Undirected,76643,,0.670826
ASV528,ASV1546,Undirected,76644,,0.688054
ASV528,ASV159,Undirected,76646,,0.703435
ASV528,ASV165,Undirected,76648,,-0.633611
ASV528,ASV171,Undirected,76649,,-0.70047
ASV528,ASV1738,Undirected,76650,,0.610523
ASV528,ASV179,Undirected,76651,,0.674649
ASV528,ASV18,Undirected,76653,,0.667021
ASV528,ASV205,Undirected,76655,,0.603433
ASV528,ASV219,Undirected,76656,,0.671177
ASV528,ASV22,Undirected,76657,,-0.681846
ASV528,ASV220,Undirected,76658,,-0.676563
ASV528,ASV223,Undirected,76659,,0.691953
ASV528,ASV225,Undirected,76660,,0.646758
ASV528,ASV231,Undirected,76661,,0.655949
ASV528,ASV237,Undirected,76662,,-0.688021
ASV528,ASV24,Undirected,76663,,-0.629289
ASV528,ASV242,Undirected,76664,,0.65403
ASV528,ASV244,Undirected,76665,,-0.671521
ASV528,ASV25,Undirected,76666,,-0.651461
ASV528,ASV2511,Undirected,76667,,0.693454
ASV528,ASV261,Undirected,76670,,0.656108
ASV528,ASV263,Undirected,76671,,-0.601562
ASV528,ASV264,Undirected,76672,,0.651927
ASV528,ASV270,Undirected,76673,,0.600104
ASV528,ASV273,Undirected,76675,,-0.633251
ASV528,ASV29,Undirected,76677,,0.650058
ASV528,ASV3072,Undirected,76678,,-0.619705
ASV528,ASV31,Undirected,76679,,-0.69543
ASV528,ASV326,Undirected,76681,,0.609141
ASV528,ASV332,Undirected,76682,,0.645014
ASV528,ASV334,Undirected,76684,,0.612991
ASV528,ASV36,Undirected,76688,,-0.647981
ASV528,ASV4,Undirected,76691,,-0.651461
ASV528,ASV4134,Undirected,76692,,0.61721
ASV528,ASV416,Undirected,76693,,0.617267
ASV528,ASV428,Undirected,76694,,0.671083
ASV528,ASV445,Undirected,76696,,-0.699225
ASV528,ASV456,Undirected,76697,,0.682813
ASV528,ASV458,Undirected,76698,,0.690219
ASV528,ASV483,Undirected,76699,,-0.615941
ASV528,ASV488,Undirected,76701,,0.600107
ASV528,ASV501,Undirected,76702,,0.650366
ASV528,ASV507,Undirected,76703,,-0.623127
ASV528,ASV5245,Undirected,76705,,-0.613193
ASV528,ASV528,Undirected,76706,,1
ASV528,ASV6,Undirected,76707,,1.682595
ASV528,ASV61,Undirected,76708,,-1.584426
ASV528,ASV681,Undirected,76709,,-1.412808
ASV528,ASV708,Undirected,76710,,1.63827
ASV528,ASV775,Undirected,76711,,1.591054
ASV528,ASV82,Undirected,76712,,-1.495605
ASV528,ASV856,Undirected,76713,,1.445834
ASV528,ASV876,Undirected,76714,,1.429129
ASV528,ASV95,Undirected,76715,,1.498455
ASV528,ASV970,Undirected,76716,,1.523267
ASV529,ASV103,Undirected,76718,,-0.628206
ASV529,ASV113,Undirected,76722,,-0.624729
ASV529,ASV1193,Undirected,76726,,0.603768
ASV529,ASV1198,Undirected,76727,,0.606227
ASV529,ASV1243,Undirected,76731,,0.612256
ASV529,ASV125,Undirected,76732,,0.62233
ASV529,ASV1295,Undirected,76733,,0.671706
ASV529,ASV1358,Undirected,76735,,0.638955
ASV529,ASV139,Undirected,76736,,0.679148
ASV529,ASV14,Undirected,76737,,0.609949
ASV529,ASV1466,Undirected,76738,,0.689985
ASV529,ASV1492,Undirected,76739,,0.602809
ASV529,ASV15,Undirected,76740,,-0.684045
ASV529,ASV1514,Undirected,76741,,0.642997
ASV529,ASV1546,Undirected,76742,,0.647339
ASV529,ASV159,Undirected,76744,,0.606393
ASV529,ASV1615,Undirected,76745,,0.649784
ASV529,ASV164,Undirected,76746,,0.70418
ASV529,ASV171,Undirected,76749,,-0.660037
ASV529,ASV18,Undirected,76752,,0.651265
ASV529,ASV191,Undirected,76753,,-0.647599
ASV529,ASV194,Undirected,76754,,-0.642263
ASV529,ASV195,Undirected,76755,,-0.610439
ASV529,ASV1985,Undirected,76756,,0.634433
ASV529,ASV214,Undirected,76758,,0.606163
ASV529,ASV217,Undirected,76760,,-0.628206
ASV529,ASV22,Undirected,76761,,-0.627192
ASV529,ASV220,Undirected,76762,,-0.659429
ASV529,ASV224,Undirected,76763,,0.604594
ASV529,ASV229,Undirected,76766,,-0.705089
ASV529,ASV233,Undirected,76768,,0.655403
ASV529,ASV2383,Undirected,76770,,0.663671
ASV529,ASV244,Undirected,76772,,-0.680396
ASV529,ASV247,Undirected,76773,,-0.6036
ASV529,ASV25,Undirected,76774,,-0.691494
ASV529,ASV2511,Undirected,76775,,0.671789
ASV529,ASV261,Undirected,76778,,0.624508
ASV529,ASV270,Undirected,76780,,0.699461
ASV529,ASV2762,Undirected,76784,,0.601029
ASV529,ASV277,Undirected,76785,,0.633773
ASV529,ASV283,Undirected,76786,,0.606564
ASV529,ASV29,Undirected,76788,,0.620375
ASV529,ASV2974,Undirected,76790,,0.678417
ASV529,ASV310,Undirected,76793,,0.693099
ASV529,ASV32,Undirected,76794,,-0.65344
ASV529,ASV327,Undirected,76795,,-0.630171
ASV529,ASV349,Undirected,76800,,0.610845
ASV529,ASV3732,Undirected,76805,,0.692925
ASV529,ASV38,Undirected,76807,,-0.666487
ASV529,ASV398,Undirected,76808,,0.656427
ASV529,ASV404,Undirected,76810,,-0.694174
ASV529,ASV430,Undirected,76812,,0.655949
ASV529,ASV436,Undirected,76813,,0.666378
ASV529,ASV445,Undirected,76814,,-0.621241
ASV529,ASV452,Undirected,76816,,-0.657574
ASV529,ASV456,Undirected,76817,,0.674714
ASV529,ASV463,Undirected,76818,,-0.692739
ASV529,ASV483,Undirected,76819,,-0.653886
ASV529,ASV486,Undirected,76820,,-0.62645
ASV529,ASV5010,Undirected,76822,,0.699826
ASV529,ASV513,Undirected,76824,,0.646957
ASV529,ASV514,Undirected,76825,,-0.697278
ASV529,ASV528,Undirected,76826,,0.627329
ASV529,ASV529,Undirected,76827,,1
ASV529,ASV56,Undirected,76828,,-1.649981
ASV529,ASV59,Undirected,76829,,-1.461269
ASV529,ASV6,Undirected,76830,,1.50041
ASV529,ASV600,Undirected,76831,,1.443466
ASV529,ASV61,Undirected,76832,,-1.66608
ASV529,ASV627,Undirected,76833,,1.443884
ASV529,ASV637,Undirected,76834,,-1.45281
ASV529,ASV655,Undirected,76835,,1.428082
ASV529,ASV681,Undirected,76836,,-1.445843
ASV529,ASV732,Undirected,76837,,-1.509483
ASV529,ASV74,Undirected,76838,,-1.499784
ASV529,ASV77,Undirected,76839,,-1.520648
ASV529,ASV80,Undirected,76840,,-1.73289
ASV529,ASV810,Undirected,76841,,-1.645062
ASV529,ASV82,Undirected,76842,,-1.44897
ASV529,ASV828,Undirected,76843,,1.431658
ASV529,ASV854,Undirected,76844,,-1.48933
ASV529,ASV856,Undirected,76845,,1.520836
ASV529,ASV87,Undirected,76846,,-1.554773
ASV529,ASV881,Undirected,76847,,1.473684
ASV529,ASV9,Undirected,76848,,-1.565646
ASV529,ASV92,Undirected,76849,,1.578148
ASV529,ASV95,Undirected,76850,,1.510668
ASV529,ASV952,Undirected,76851,,1.477549
ASV529,ASV96,Undirected,76852,,-1.523918
ASV53,ASV1007,Undirected,76853,,0.67031
ASV53,ASV1165,Undirected,76854,,0.662781
ASV53,ASV13,Undirected,76855,,0.642562
ASV53,ASV1338,Undirected,76856,,-0.621247
ASV53,ASV143,Undirected,76857,,0.663909
ASV53,ASV150,Undirected,76858,,0.646694
ASV53,ASV1615,Undirected,76860,,-0.620748
ASV53,ASV172,Undirected,76862,,0.643263
ASV53,ASV197,Undirected,76866,,0.668217
ASV53,ASV23,Undirected,76867,,0.645328
ASV53,ASV257,Undirected,76868,,0.674464
ASV53,ASV263,Undirected,76869,,0.632886
ASV53,ASV293,Undirected,76870,,0.697568
ASV53,ASV363,Undirected,76872,,0.611169
ASV53,ASV37,Undirected,76873,,0.639979
ASV53,ASV374,Undirected,76874,,0.614391
ASV53,ASV403,Undirected,76876,,0.62027
ASV53,ASV404,Undirected,76877,,0.607802
ASV53,ASV41,Undirected,76878,,0.68595
ASV53,ASV434,Undirected,76879,,0.632314
ASV53,ASV44,Undirected,76880,,0.617769
ASV53,ASV5,Undirected,76882,,0.636035
ASV53,ASV53,Undirected,76883,,1
ASV53,ASV564,Undirected,76884,,1.510637
ASV53,ASV57,Undirected,76885,,1.462533
ASV53,ASV626,Undirected,76886,,1.607463
ASV53,ASV872,Undirected,76887,,1.483925
ASV531,ASV1017,Undirected,76888,,-0.65675
ASV531,ASV108,Undirected,76890,,-0.634855
ASV531,ASV111,Undirected,76891,,-0.701192
ASV531,ASV1120,Undirected,76892,,0.610447
ASV531,ASV1149,Undirected,76894,,0.60544
ASV531,ASV1162,Undirected,76895,,0.6914
ASV531,ASV1165,Undirected,76896,,-0.638981
ASV531,ASV1186,Undirected,76898,,-0.612314
ASV531,ASV120,Undirected,76899,,0.656788
ASV531,ASV122,Undirected,76900,,-0.625199
ASV531,ASV1251,Undirected,76902,,0.628972
ASV531,ASV1292,Undirected,76903,,0.604447
ASV531,ASV1295,Undirected,76904,,0.65955
ASV531,ASV135,Undirected,76906,,-0.653347
ASV531,ASV1381,Undirected,76907,,-0.638586
ASV531,ASV139,Undirected,76908,,0.665977
ASV531,ASV150,Undirected,76912,,-0.669774
ASV531,ASV1615,Undirected,76915,,0.600477
ASV531,ASV1738,Undirected,76917,,0.60472
ASV531,ASV180,Undirected,76919,,-0.620642
ASV531,ASV197,Undirected,76922,,-0.631798
ASV531,ASV2026,Undirected,76923,,-0.656563
ASV531,ASV22,Undirected,76926,,-0.618588
ASV531,ASV225,Undirected,76928,,0.676166
ASV531,ASV229,Undirected,76929,,-0.694301
ASV531,ASV2290,Undirected,76930,,0.666263
ASV531,ASV233,Undirected,76931,,0.613827
ASV531,ASV235,Undirected,76932,,0.608494
ASV531,ASV24,Undirected,76933,,-0.671674
ASV531,ASV244,Undirected,76936,,-0.614308
ASV531,ASV248,Undirected,76937,,0.672199
ASV531,ASV288,Undirected,76944,,0.646266
ASV531,ASV291,Undirected,76945,,0.683446
ASV531,ASV295,Undirected,76946,,0.647151
ASV531,ASV298,Undirected,76948,,0.650078
ASV531,ASV306,Undirected,76949,,-0.678629
ASV531,ASV3072,Undirected,76950,,-0.66394
ASV531,ASV32,Undirected,76953,,-0.652873
ASV531,ASV334,Undirected,76956,,0.602073
ASV531,ASV344,Undirected,76957,,-0.682031
ASV531,ASV349,Undirected,76958,,0.643118
ASV531,ASV35,Undirected,76959,,0.603003
ASV531,ASV360,Undirected,76962,,0.65712
ASV531,ASV37,Undirected,76964,,-0.621637
ASV531,ASV3752,Undirected,76965,,0.666442
ASV531,ASV398,Undirected,76967,,0.684811
ASV531,ASV423,Undirected,76969,,0.635234
ASV531,ASV428,Undirected,76970,,0.604769
ASV531,ASV430,Undirected,76971,,0.695947
ASV531,ASV443,Undirected,76973,,0.624657
ASV531,ASV45,Undirected,76976,,-0.629342
ASV531,ASV456,Undirected,76977,,0.632728
ASV531,ASV458,Undirected,76978,,0.618488
ASV531,ASV463,Undirected,76980,,-0.602178
ASV531,ASV5,Undirected,76983,,-0.659081
ASV531,ASV507,Undirected,76985,,-0.636758
ASV531,ASV531,Undirected,76987,,1
ASV531,ASV56,Undirected,76988,,-1.443813
ASV531,ASV5744,Undirected,76989,,-1.632125
ASV531,ASV579,Undirected,76990,,1.599669
ASV531,ASV6,Undirected,76991,,1.504402
ASV531,ASV653,Undirected,76992,,1.494026
ASV531,ASV660,Undirected,76993,,1.438048
ASV531,ASV708,Undirected,76994,,1.421291
ASV531,ASV719,Undirected,76995,,-1.553138
ASV531,ASV732,Undirected,76996,,-1.544805
ASV531,ASV733,Undirected,76997,,-1.460985
ASV531,ASV76,Undirected,76998,,1.578838
ASV531,ASV781,Undirected,76999,,1.48305
ASV531,ASV783,Undirected,77000,,1.710138
ASV531,ASV79,Undirected,77001,,-1.442488
ASV531,ASV828,Undirected,77002,,1.469367
ASV531,ASV83,Undirected,77003,,1.443813
ASV531,ASV85,Undirected,77004,,1.416884
ASV531,ASV881,Undirected,77005,,1.42635
ASV531,ASV909,Undirected,77006,,1.647105
ASV531,ASV92,Undirected,77007,,1.438635
ASV531,ASV95,Undirected,77008,,1.526672
ASV531,ASV96,Undirected,77009,,-1.716805
ASV531,ASV966,Undirected,77010,,1.653477
ASV531,ASV983,Undirected,77011,,1.578789
ASV531,ASV995,Undirected,77012,,1.725918
ASV532,ASV181,Undirected,77013,,0.630544
ASV532,ASV2361,Undirected,77014,,-0.683332
ASV532,ASV237,Undirected,77015,,-0.616391
ASV532,ASV282,Undirected,77016,,0.606004
ASV532,ASV332,Undirected,77017,,0.609904
ASV532,ASV3752,Undirected,77018,,0.631845
ASV532,ASV384,Undirected,77019,,0.660042
ASV532,ASV532,Undirected,77020,,1
ASV532,ASV600,Undirected,77021,,1.493194
ASV5333,ASV138,Undirected,77022,,-0.63009
ASV5333,ASV302,Undirected,77023,,0.602036
ASV5333,ASV414,Undirected,77024,,-0.692144
ASV5333,ASV50,Undirected,77026,,-0.654511
ASV5333,ASV5333,Undirected,77027,,1
ASV535,ASV280,Undirected,77028,,-0.691844
ASV535,ASV4085,Undirected,77030,,-0.618477
ASV535,ASV4788,Undirected,77031,,-0.644484
ASV535,ASV535,Undirected,77032,,1
ASV5381,ASV1791,Undirected,77033,,0.675178
ASV5381,ASV201,Undirected,77034,,0.604296
ASV5381,ASV224,Undirected,77035,,0.603458
ASV5381,ASV3,Undirected,77036,,0.602309
ASV5381,ASV3760,Undirected,77037,,0.632385
ASV5381,ASV5381,Undirected,77038,,1
ASV5381,ASV917,Undirected,77039,,-1.505901
ASV539,ASV10,Undirected,77040,,0.660794
ASV539,ASV1042,Undirected,77041,,-0.615552
ASV539,ASV107,Undirected,77042,,-0.644984
ASV539,ASV110,Undirected,77043,,-0.615916
ASV539,ASV114,Undirected,77044,,-0.675169
ASV539,ASV1213,Undirected,77046,,0.64823
ASV539,ASV220,Undirected,77050,,-0.664582
ASV539,ASV224,Undirected,77051,,0.603234
ASV539,ASV236,Undirected,77052,,0.671536
ASV539,ASV252,Undirected,77053,,-0.613432
ASV539,ASV263,Undirected,77054,,-0.642048
ASV539,ASV370,Undirected,77058,,0.62781
ASV539,ASV3754,Undirected,77059,,0.646813
ASV539,ASV38,Undirected,77060,,-0.656638
ASV539,ASV4229,Undirected,77063,,0.6014
ASV539,ASV486,Undirected,77064,,-0.605459
ASV539,ASV51,Undirected,77066,,0.606995
ASV539,ASV539,Undirected,77067,,1
ASV54,ASV1013,Undirected,77069,,0.600035
ASV54,ASV1024,Undirected,77070,,-0.669968
ASV54,ASV103,Undirected,77071,,0.673916
ASV54,ASV1069,Undirected,77072,,-0.632081
ASV54,ASV122,Undirected,77074,,0.662526
ASV54,ASV1251,Undirected,77075,,-0.643648
ASV54,ASV1275,Undirected,77076,,0.633215
ASV54,ASV1346,Undirected,77077,,0.680891
ASV54,ASV150,Undirected,77078,,0.701084
ASV54,ASV171,Undirected,77082,,0.690121
ASV54,ASV1838,Undirected,77086,,-0.667831
ASV54,ASV195,Undirected,77088,,0.649769
ASV54,ASV197,Undirected,77090,,0.670455
ASV54,ASV21,Undirected,77091,,0.627875
ASV54,ASV262,Undirected,77095,,0.677354
ASV54,ASV27,Undirected,77096,,0.700722
ASV54,ASV277,Undirected,77097,,-0.601041
ASV54,ASV2809,Undirected,77098,,-0.657353
ASV54,ASV293,Undirected,77099,,0.633543
ASV54,ASV31,Undirected,77100,,0.627716
ASV54,ASV32,Undirected,77101,,0.653251
ASV54,ASV325,Undirected,77102,,0.64286
ASV54,ASV344,Undirected,77103,,0.639463
ASV54,ASV36,Undirected,77104,,0.620868
ASV54,ASV363,Undirected,77105,,0.686306
ASV54,ASV3752,Undirected,77107,,-0.635177
ASV54,ASV403,Undirected,77109,,0.632411
ASV54,ASV451,Undirected,77113,,0.657706
ASV54,ASV4518,Undirected,77114,,-0.696431
ASV54,ASV511,Undirected,77117,,0.675653
ASV54,ASV53,Undirected,77119,,0.699019
ASV54,ASV54,Undirected,77120,,1
ASV54,ASV57,Undirected,77121,,1.747935
ASV54,ASV65,Undirected,77122,,-1.446282
ASV54,ASV67,Undirected,77123,,1.485538
ASV54,ASV786,Undirected,77124,,1.523329
ASV54,ASV9,Undirected,77125,,1.521156
ASV540,ASV1186,Undirected,77126,,-0.606976
ASV540,ASV125,Undirected,77127,,0.612436
ASV540,ASV1292,Undirected,77128,,0.654293
ASV540,ASV1430,Undirected,77130,,0.655333
ASV540,ASV1546,Undirected,77131,,0.612906
ASV540,ASV159,Undirected,77132,,0.604048
ASV540,ASV16,Undirected,77133,,-0.690156
ASV540,ASV1740,Undirected,77134,,0.661464
ASV540,ASV22,Undirected,77136,,-0.639261
ASV540,ASV223,Undirected,77137,,0.655959
ASV540,ASV235,Undirected,77138,,0.678924
ASV540,ASV270,Undirected,77139,,0.616227
ASV540,ASV271,Undirected,77140,,0.636034
ASV540,ASV298,Undirected,77141,,0.632971
ASV540,ASV328,Undirected,77142,,0.668916
ASV540,ASV33,Undirected,77143,,-0.687921
ASV540,ASV35,Undirected,77144,,0.616979
ASV540,ASV398,Undirected,77145,,0.695697
ASV540,ASV402,Undirected,77146,,-0.611022
ASV540,ASV418,Undirected,77147,,0.600962
ASV540,ASV456,Undirected,77149,,0.636884
ASV540,ASV540,Undirected,77152,,1
ASV540,ASV699,Undirected,77153,,1.455782
ASV540,ASV708,Undirected,77154,,1.441104
ASV541,ASV3327,Undirected,77157,,-0.604004
ASV541,ASV541,Undirected,77158,,1
ASV544,ASV1017,Undirected,77159,,0.636893
ASV544,ASV544,Undirected,77162,,1
ASV544,ASV889,Undirected,77163,,1.415809
ASV545,ASV1027,Undirected,77164,,0.621654
ASV545,ASV2383,Undirected,77165,,0.608757
ASV545,ASV545,Undirected,77166,,1
ASV547,ASV10,Undirected,77167,,-0.601928
ASV547,ASV119,Undirected,77168,,0.640248
ASV547,ASV201,Undirected,77169,,-0.637924
ASV547,ASV23,Undirected,77170,,-0.631189
ASV547,ASV27,Undirected,77172,,-0.633279
ASV547,ASV2771,Undirected,77173,,-0.691137
ASV547,ASV322,Undirected,77176,,-0.640541
ASV547,ASV4085,Undirected,77178,,-0.663684
ASV547,ASV4277,Undirected,77179,,-0.608934
ASV547,ASV5245,Undirected,77180,,-0.6695
ASV547,ASV547,Undirected,77181,,1
ASV547,ASV671,Undirected,77182,,-1.432539
ASV547,ASV711,Undirected,77183,,-1.536368
ASV547,ASV814,Undirected,77184,,1.453059
ASV547,ASV860,Undirected,77185,,-1.441364
ASV548,ASV1269,Undirected,77187,,0.624469
ASV548,ASV146,Undirected,77188,,-0.601206
ASV548,ASV1499,Undirected,77189,,0.613578
ASV548,ASV1704,Undirected,77191,,-0.608023
ASV548,ASV243,Undirected,77192,,0.622516
ASV548,ASV435,Undirected,77193,,0.621801
ASV548,ASV548,Undirected,77194,,1
ASV5488,ASV100,Undirected,77195,,-0.614064
ASV5488,ASV1017,Undirected,77196,,-0.633335
ASV5488,ASV107,Undirected,77197,,-0.631552
ASV5488,ASV1093,Undirected,77198,,0.62637
ASV5488,ASV110,Undirected,77199,,-0.623837
ASV5488,ASV111,Undirected,77200,,-0.625715
ASV5488,ASV115,Undirected,77201,,-0.622408
ASV5488,ASV117,Undirected,77202,,-0.64486
ASV5488,ASV121,Undirected,77203,,-0.651429
ASV5488,ASV122,Undirected,77204,,-0.615427
ASV5488,ASV1243,Undirected,77205,,0.611343
ASV5488,ASV13,Undirected,77206,,-0.667361
ASV5488,ASV14,Undirected,77208,,0.689803
ASV5488,ASV153,Undirected,77209,,-0.62591
ASV5488,ASV154,Undirected,77210,,0.668743
ASV5488,ASV165,Undirected,77211,,-0.700234
ASV5488,ASV167,Undirected,77212,,-0.625328
ASV5488,ASV1738,Undirected,77213,,0.663402
ASV5488,ASV1793,Undirected,77215,,0.671185
ASV5488,ASV184,Undirected,77217,,-0.619419
ASV5488,ASV191,Undirected,77218,,-0.703555
ASV5488,ASV194,Undirected,77219,,-0.610795
ASV5488,ASV224,Undirected,77225,,0.643859
ASV5488,ASV226,Undirected,77226,,-0.688669
ASV5488,ASV228,Undirected,77227,,0.658196
ASV5488,ASV2291,Undirected,77228,,0.638586
ASV5488,ASV252,Undirected,77230,,-0.627076
ASV5488,ASV263,Undirected,77231,,-0.65301
ASV5488,ASV272,Undirected,77232,,0.626039
ASV5488,ASV28,Undirected,77234,,0.617101
ASV5488,ASV288,Undirected,77235,,0.693666
ASV5488,ASV3327,Undirected,77237,,-0.701807
ASV5488,ASV3347,Undirected,77238,,0.62884
ASV5488,ASV34,Undirected,77239,,-0.686014
ASV5488,ASV35,Undirected,77240,,0.705703
ASV5488,ASV36,Undirected,77241,,-0.626752
ASV5488,ASV39,Undirected,77242,,0.656819
ASV5488,ASV398,Undirected,77243,,0.626882
ASV5488,ASV4,Undirected,77244,,-0.604872
ASV5488,ASV412,Undirected,77245,,0.660235
ASV5488,ASV436,Undirected,77246,,0.64052
ASV5488,ASV4501,Undirected,77247,,-0.638535
ASV5488,ASV456,Undirected,77249,,0.611545
ASV5488,ASV485,Undirected,77250,,-0.630261
ASV5488,ASV501,Undirected,77251,,0.635325
ASV5488,ASV5010,Undirected,77252,,0.628647
ASV5488,ASV514,Undirected,77254,,-0.630977
ASV5488,ASV528,Undirected,77255,,0.643416
ASV5488,ASV529,Undirected,77256,,0.603435
ASV5488,ASV5488,Undirected,77257,,1
ASV5488,ASV570,Undirected,77258,,1.838716
ASV5488,ASV60,Undirected,77259,,-1.478128
ASV5488,ASV61,Undirected,77260,,-1.495854
ASV5488,ASV637,Undirected,77261,,-1.425599
ASV5488,ASV670,Undirected,77262,,1.437846
ASV549,ASV1215,Undirected,77263,,0.659028
ASV549,ASV139,Undirected,77264,,0.697205
ASV549,ASV1513,Undirected,77265,,0.605664
ASV549,ASV165,Undirected,77266,,-0.610182
ASV549,ASV217,Undirected,77269,,-0.601141
ASV549,ASV270,Undirected,77272,,0.643974
ASV549,ASV271,Undirected,77273,,0.640374
ASV549,ASV33,Undirected,77274,,-0.670466
ASV549,ASV35,Undirected,77275,,0.658563
ASV549,ASV388,Undirected,77276,,0.682409
ASV549,ASV510,Undirected,77280,,0.699084
ASV549,ASV540,Undirected,77281,,0.703992
ASV549,ASV549,Undirected,77282,,1
ASV549,ASV699,Undirected,77283,,1.439427
ASV55,ASV1024,Undirected,77284,,-0.695608
ASV55,ASV1069,Undirected,77285,,-0.670829
ASV55,ASV247,Undirected,77287,,0.673945
ASV55,ASV275,Undirected,77288,,0.600833
ASV55,ASV302,Undirected,77289,,-0.620797
ASV55,ASV44,Undirected,77290,,0.673554
ASV55,ASV463,Undirected,77291,,0.61025
ASV55,ASV53,Undirected,77295,,0.652893
ASV55,ASV5333,Undirected,77296,,-0.696923
ASV55,ASV55,Undirected,77297,,1
ASV550,ASV1071,Undirected,77298,,-0.680495
ASV550,ASV1093,Undirected,77299,,-0.685735
ASV550,ASV1162,Undirected,77300,,-0.623685
ASV550,ASV1295,Undirected,77301,,-0.654232
ASV550,ASV16,Undirected,77303,,0.626657
ASV550,ASV1738,Undirected,77304,,-0.637643
ASV550,ASV2066,Undirected,77306,,-0.624873
ASV550,ASV223,Undirected,77307,,-0.63919
ASV550,ASV2736,Undirected,77308,,-0.619982
ASV550,ASV328,Undirected,77309,,-0.611418
ASV550,ASV359,Undirected,77310,,-0.632728
ASV550,ASV407,Undirected,77312,,-0.602424
ASV550,ASV500,Undirected,77313,,-0.606818
ASV550,ASV528,Undirected,77314,,-0.621602
ASV550,ASV540,Undirected,77315,,-0.66599
ASV550,ASV550,Undirected,77316,,1
ASV550,ASV708,Undirected,77317,,-1.439837
ASV550,ASV751,Undirected,77318,,1.418279
ASV551,ASV1038,Undirected,77319,,-0.639503
ASV551,ASV1120,Undirected,77320,,-0.605999
ASV551,ASV121,Undirected,77322,,0.686624
ASV551,ASV1228,Undirected,77323,,-0.637697
ASV551,ASV127,Undirected,77325,,0.660389
ASV551,ASV1273,Undirected,77326,,-0.639496
ASV551,ASV13,Undirected,77327,,0.653176
ASV551,ASV1338,Undirected,77328,,-0.618751
ASV551,ASV139,Undirected,77329,,-0.61715
ASV551,ASV1615,Undirected,77333,,-0.699933
ASV551,ASV164,Undirected,77334,,-0.671176
ASV551,ASV1730,Undirected,77335,,-0.602293
ASV551,ASV1740,Undirected,77336,,-0.694358
ASV551,ASV183,Undirected,77337,,-0.676931
ASV551,ASV194,Undirected,77338,,0.64223
ASV551,ASV197,Undirected,77339,,0.613513
ASV551,ASV2,Undirected,77340,,0.675673
ASV551,ASV205,Undirected,77342,,-0.65315
ASV551,ASV214,Undirected,77343,,-0.663543
ASV551,ASV216,Undirected,77344,,0.628251
ASV551,ASV225,Undirected,77346,,-0.702189
ASV551,ASV229,Undirected,77347,,0.654891
ASV551,ASV24,Undirected,77351,,0.65715
ASV551,ASV242,Undirected,77352,,-0.691274
ASV551,ASV2511,Undirected,77354,,-0.601377
ASV551,ASV260,Undirected,77355,,-0.698913
ASV551,ASV261,Undirected,77356,,-0.652812
ASV551,ASV2762,Undirected,77358,,-0.611926
ASV551,ASV283,Undirected,77359,,-0.696401
ASV551,ASV31,Undirected,77360,,0.687472
ASV551,ASV310,Undirected,77361,,-0.64654
ASV551,ASV326,Undirected,77363,,-0.635706
ASV551,ASV334,Undirected,77364,,-0.631502
ASV551,ASV344,Undirected,77365,,0.650916
ASV551,ASV349,Undirected,77366,,-0.660762
ASV551,ASV36,Undirected,77368,,0.674293
ASV551,ASV360,Undirected,77369,,-0.703085
ASV551,ASV369,Undirected,77370,,-0.627669
ASV551,ASV382,Undirected,77371,,-0.633994
ASV551,ASV398,Undirected,77373,,-0.65315
ASV551,ASV401,Undirected,77374,,-0.661972
ASV551,ASV416,Undirected,77376,,-0.650367
ASV551,ASV430,Undirected,77377,,-0.60584
ASV551,ASV435,Undirected,77378,,-0.625971
ASV551,ASV437,Undirected,77379,,-0.612449
ASV551,ASV445,Undirected,77380,,0.669444
ASV551,ASV45,Undirected,77381,,0.600108
ASV551,ASV455,Undirected,77382,,-0.681487
ASV551,ASV456,Undirected,77383,,-0.696197
ASV551,ASV459,Undirected,77384,,-0.641888
ASV551,ASV463,Undirected,77385,,0.650367
ASV551,ASV468,Undirected,77386,,-0.689295
ASV551,ASV5,Undirected,77388,,0.676711
ASV551,ASV501,Undirected,77389,,-0.610101
ASV551,ASV5010,Undirected,77390,,-0.632568
ASV551,ASV514,Undirected,77391,,0.677606
ASV551,ASV551,Undirected,77392,,1
ASV551,ASV554,Undirected,77393,,-1.429356
ASV551,ASV576,Undirected,77394,,-1.449609
ASV551,ASV59,Undirected,77395,,1.463439
ASV551,ASV6,Undirected,77396,,-1.426074
ASV551,ASV655,Undirected,77397,,-1.477036
ASV551,ASV675,Undirected,77398,,-1.488748
ASV551,ASV775,Undirected,77399,,-1.443003
ASV551,ASV856,Undirected,77400,,-1.489319
ASV551,ASV876,Undirected,77401,,-1.559767
ASV551,ASV944,Undirected,77402,,-1.416188
ASV551,ASV95,Undirected,77403,,-1.664434
ASV551,ASV970,Undirected,77404,,-1.529292
ASV5511,ASV101,Undirected,77405,,-0.635065
ASV5511,ASV105,Undirected,77407,,-0.627126
ASV5511,ASV1073,Undirected,77408,,0.6415
ASV5511,ASV111,Undirected,77409,,-0.639871
ASV5511,ASV1161,Undirected,77410,,0.617659
ASV5511,ASV117,Undirected,77411,,-0.703696
ASV5511,ASV1217,Undirected,77413,,0.615363
ASV5511,ASV1269,Undirected,77414,,0.645097
ASV5511,ASV13,Undirected,77415,,-0.667233
ASV5511,ASV1338,Undirected,77416,,0.706
ASV5511,ASV1499,Undirected,77417,,0.642256
ASV5511,ASV153,Undirected,77418,,-0.653648
ASV5511,ASV1615,Undirected,77419,,0.60457
ASV5511,ASV1763,Undirected,77420,,0.692569
ASV5511,ASV1781,Undirected,77421,,0.649698
ASV5511,ASV179,Undirected,77422,,0.663021
ASV5511,ASV2213,Undirected,77423,,0.609587
ASV5511,ASV232,Undirected,77424,,-0.671931
ASV5511,ASV237,Undirected,77425,,-0.627182
ASV5511,ASV24,Undirected,77426,,-0.670715
ASV5511,ASV266,Undirected,77428,,0.643818
ASV5511,ASV288,Undirected,77429,,0.602645
ASV5511,ASV36,Undirected,77430,,-0.613733
ASV5511,ASV374,Undirected,77431,,-0.703696
ASV5511,ASV404,Undirected,77432,,-0.661073
ASV5511,ASV42,Undirected,77433,,-0.638633
ASV5511,ASV436,Undirected,77434,,0.601386
ASV5511,ASV451,Undirected,77435,,-0.689202
ASV5511,ASV475,Undirected,77437,,-0.600848
ASV5511,ASV5010,Undirected,77438,,0.690665
ASV5511,ASV507,Undirected,77439,,-0.602978
ASV5511,ASV514,Undirected,77440,,-0.650442
ASV5511,ASV5511,Undirected,77441,,1
ASV5511,ASV886,Undirected,77442,,1.433998
ASV5525,ASV2093,Undirected,77443,,0.604216
ASV5525,ASV3570,Undirected,77444,,-0.681639
ASV5525,ASV5525,Undirected,77445,,1
ASV553,ASV1013,Undirected,77446,,0.623706
ASV553,ASV1069,Undirected,77448,,-0.616989
ASV553,ASV1141,Undirected,77449,,0.646635
ASV553,ASV1275,Undirected,77451,,0.634286
ASV553,ASV153,Undirected,77452,,0.628309
ASV553,ASV175,Undirected,77454,,0.648527
ASV553,ASV18,Undirected,77455,,-0.630057
ASV553,ASV182,Undirected,77456,,0.605099
ASV553,ASV187,Undirected,77457,,0.677908
ASV553,ASV191,Undirected,77458,,0.62768
ASV553,ASV197,Undirected,77459,,0.63797
ASV553,ASV226,Undirected,77460,,0.677587
ASV553,ASV2511,Undirected,77461,,-0.608304
ASV553,ASV257,Undirected,77462,,0.628453
ASV553,ASV267,Undirected,77463,,0.6875
ASV553,ASV273,Undirected,77464,,0.61391
ASV553,ASV293,Undirected,77465,,0.652807
ASV553,ASV336,Undirected,77466,,-0.608201
ASV553,ASV34,Undirected,77467,,0.617422
ASV553,ASV37,Undirected,77468,,0.631419
ASV553,ASV380,Undirected,77469,,0.60573
ASV553,ASV4,Undirected,77470,,0.616586
ASV553,ASV403,Undirected,77471,,0.682483
ASV553,ASV41,Undirected,77472,,0.628827
ASV553,ASV43,Undirected,77473,,0.69327
ASV553,ASV450,Undirected,77474,,-0.686917
ASV553,ASV48,Undirected,77475,,0.639714
ASV553,ASV483,Undirected,77476,,0.662345
ASV553,ASV5,Undirected,77477,,0.643529
ASV553,ASV501,Undirected,77478,,-0.622661
ASV553,ASV54,Undirected,77479,,0.637311
ASV553,ASV553,Undirected,77480,,1
ASV553,ASV65,Undirected,77481,,-1.457476
ASV554,ASV1036,Undirected,77483,,0.60418
ASV554,ASV1093,Undirected,77484,,0.66668
ASV554,ASV1120,Undirected,77485,,0.605353
ASV554,ASV113,Undirected,77486,,-0.634456
ASV554,ASV12,Undirected,77487,,-0.650262
ASV554,ASV1228,Undirected,77488,,0.644748
ASV554,ASV125,Undirected,77489,,0.683453
ASV554,ASV1273,Undirected,77490,,0.659248
ASV554,ASV146,Undirected,77492,,-0.663167
ASV554,ASV149,Undirected,77493,,0.705068
ASV554,ASV1546,Undirected,77494,,0.602221
ASV554,ASV159,Undirected,77495,,0.605897
ASV554,ASV1615,Undirected,77496,,0.670212
ASV554,ASV164,Undirected,77497,,0.613534
ASV554,ASV1730,Undirected,77498,,0.638917
ASV554,ASV178,Undirected,77499,,0.63757
ASV554,ASV194,Undirected,77500,,-0.617835
ASV554,ASV1986,Undirected,77501,,0.630731
ASV554,ASV2,Undirected,77502,,-0.694934
ASV554,ASV219,Undirected,77506,,0.654117
ASV554,ASV225,Undirected,77507,,0.607049
ASV554,ASV242,Undirected,77510,,0.691826
ASV554,ASV245,Undirected,77511,,0.677346
ASV554,ASV25,Undirected,77512,,-0.627009
ASV554,ASV260,Undirected,77514,,0.60108
ASV554,ASV291,Undirected,77515,,0.672986
ASV554,ASV306,Undirected,77516,,-0.687519
ASV554,ASV31,Undirected,77517,,-0.677524
ASV554,ASV310,Undirected,77518,,0.684517
ASV554,ASV32,Undirected,77519,,-0.602973
ASV554,ASV324,Undirected,77520,,0.662668
ASV554,ASV330,Undirected,77521,,-0.6763
ASV554,ASV352,Undirected,77524,,0.680026
ASV554,ASV404,Undirected,77529,,-0.681927
ASV554,ASV416,Undirected,77530,,0.693067
ASV554,ASV423,Undirected,77531,,0.663167
ASV554,ASV435,Undirected,77532,,0.670227
ASV554,ASV440,Undirected,77534,,0.686278
ASV554,ASV445,Undirected,77535,,-0.66566
ASV554,ASV447,Undirected,77536,,0.671677
ASV554,ASV501,Undirected,77537,,0.661979
ASV554,ASV554,Undirected,77539,,1
ASV554,ASV721,Undirected,77540,,1.43807
ASV554,ASV81,Undirected,77541,,-1.450933
ASV554,ASV95,Undirected,77542,,1.430011
ASV556,ASV1149,Undirected,77543,,0.606907
ASV556,ASV125,Undirected,77544,,0.601455
ASV556,ASV139,Undirected,77545,,0.648343
ASV556,ASV140,Undirected,77546,,0.676871
ASV556,ASV142,Undirected,77547,,0.658717
ASV556,ASV1468,Undirected,77548,,0.639245
ASV556,ASV149,Undirected,77549,,0.666497
ASV556,ASV1492,Undirected,77550,,0.664416
ASV556,ASV159,Undirected,77551,,0.702183
ASV556,ASV1615,Undirected,77552,,0.635118
ASV556,ASV2213,Undirected,77554,,0.617477
ASV556,ASV228,Undirected,77555,,0.618061
ASV556,ASV233,Undirected,77556,,0.626236
ASV556,ASV241,Undirected,77557,,0.662496
ASV556,ASV243,Undirected,77558,,0.67242
ASV556,ASV245,Undirected,77559,,0.629152
ASV556,ASV2583,Undirected,77560,,-0.667707
ASV556,ASV260,Undirected,77561,,0.622016
ASV556,ASV261,Undirected,77562,,0.679297
ASV556,ASV277,Undirected,77563,,0.635796
ASV556,ASV283,Undirected,77564,,0.692188
ASV556,ASV306,Undirected,77565,,-0.61823
ASV556,ASV334,Undirected,77568,,0.675664
ASV556,ASV360,Undirected,77570,,0.657101
ASV556,ASV369,Undirected,77571,,0.620977
ASV556,ASV3768,Undirected,77572,,0.617936
ASV556,ASV390,Undirected,77573,,0.677102
ASV556,ASV394,Undirected,77574,,0.705148
ASV556,ASV435,Undirected,77577,,0.704256
ASV556,ASV445,Undirected,77579,,-0.62377
ASV556,ASV449,Undirected,77580,,0.611661
ASV556,ASV463,Undirected,77582,,-0.609351
ASV556,ASV501,Undirected,77583,,0.645011
ASV556,ASV513,Undirected,77584,,0.636884
ASV556,ASV554,Undirected,77585,,0.673161
ASV556,ASV556,Undirected,77586,,1
ASV556,ASV719,Undirected,77587,,-1.602509
ASV556,ASV721,Undirected,77588,,1.513869
ASV556,ASV756,Undirected,77589,,1.420999
ASV556,ASV818,Undirected,77590,,1.42873
ASV557,ASV1038,Undirected,77591,,-0.623895
ASV557,ASV1286,Undirected,77593,,-0.621202
ASV557,ASV1295,Undirected,77594,,-0.697541
ASV557,ASV154,Undirected,77596,,-0.60032
ASV557,ASV167,Undirected,77597,,0.619645
ASV557,ASV1738,Undirected,77598,,-0.695294
ASV557,ASV1781,Undirected,77600,,-0.6
ASV557,ASV2026,Undirected,77602,,0.625695
ASV557,ASV219,Undirected,77603,,-0.683858
ASV557,ASV2599,Undirected,77604,,-0.671884
ASV557,ASV264,Undirected,77605,,-0.601565
ASV557,ASV310,Undirected,77606,,-0.633336
ASV557,ASV328,Undirected,77607,,-0.666149
ASV557,ASV349,Undirected,77609,,-0.679876
ASV557,ASV35,Undirected,77610,,-0.615075
ASV557,ASV398,Undirected,77611,,-0.673783
ASV557,ASV452,Undirected,77612,,0.605396
ASV557,ASV531,Undirected,77614,,-0.617911
ASV557,ASV5488,Undirected,77615,,-0.690466
ASV557,ASV550,Undirected,77616,,0.605462
ASV557,ASV557,Undirected,77617,,1
ASV557,ASV570,Undirected,77618,,-1.42649
ASV557,ASV657,Undirected,77619,,-1.442825
ASV557,ASV995,Undirected,77620,,-1.503139
ASV559,ASV559,Undirected,77621,,1
ASV559,ASV891,Undirected,77622,,1.421907
ASV56,ASV1007,Undirected,77624,,0.685722
ASV56,ASV1026,Undirected,77627,,-0.661305
ASV56,ASV106,Undirected,77628,,0.660782
ASV56,ASV1069,Undirected,77629,,-0.634293
ASV56,ASV110,Undirected,77632,,0.610336
ASV56,ASV1136,Undirected,77635,,0.60916
ASV56,ASV116,Undirected,77637,,-0.644077
ASV56,ASV1162,Undirected,77638,,-0.60951
ASV56,ASV121,Undirected,77641,,0.651297
ASV56,ASV1210,Undirected,77642,,0.644875
ASV56,ASV123,Undirected,77645,,0.694446
ASV56,ASV1243,Undirected,77646,,-0.631037
ASV56,ASV125,Undirected,77647,,-0.68598
ASV56,ASV1295,Undirected,77648,,-0.669458
ASV56,ASV135,Undirected,77651,,0.670986
ASV56,ASV1358,Undirected,77652,,-0.700386
ASV56,ASV1381,Undirected,77653,,0.631318
ASV56,ASV139,Undirected,77654,,-0.605481
ASV56,ASV14,Undirected,77655,,-0.643595
ASV56,ASV140,Undirected,77656,,-0.627198
ASV56,ASV1428,Undirected,77657,,-0.667906
ASV56,ASV1468,Undirected,77658,,-0.633039
ASV56,ASV1499,Undirected,77660,,-0.616869
ASV56,ASV15,Undirected,77661,,0.644261
ASV56,ASV153,Undirected,77663,,0.681137
ASV56,ASV159,Undirected,77665,,-0.681349
ASV56,ASV170,Undirected,77669,,0.683584
ASV56,ASV1730,Undirected,77672,,-0.635753
ASV56,ASV179,Undirected,77675,,-0.651117
ASV56,ASV18,Undirected,77676,,-0.683885
ASV56,ASV1838,Undirected,77677,,-0.670165
ASV56,ASV187,Undirected,77678,,0.667011
ASV56,ASV191,Undirected,77679,,0.646033
ASV56,ASV195,Undirected,77681,,0.704817
ASV56,ASV206,Undirected,77684,,0.68345
ASV56,ASV207,Undirected,77685,,-0.605948
ASV56,ASV214,Undirected,77686,,-0.657338
ASV56,ASV219,Undirected,77688,,-0.697411
ASV56,ASV22,Undirected,77689,,0.612335
ASV56,ASV2213,Undirected,77691,,-0.675536
ASV56,ASV233,Undirected,77696,,-0.626366
ASV56,ASV2361,Undirected,77697,,0.644053
ASV56,ASV244,Undirected,77701,,0.705487
ASV56,ASV248,Undirected,77702,,-0.689799
ASV56,ASV2511,Undirected,77704,,-0.630461
ASV56,ASV252,Undirected,77705,,0.703052
ASV56,ASV2552,Undirected,77706,,0.624035
ASV56,ASV258,Undirected,77707,,0.667874
ASV56,ASV264,Undirected,77711,,-0.677722
ASV56,ASV267,Undirected,77712,,0.632923
ASV56,ASV276,Undirected,77715,,0.694663
ASV56,ASV29,Undirected,77718,,-0.608583
ASV56,ASV291,Undirected,77719,,-0.637825
ASV56,ASV295,Undirected,77720,,-0.621314
ASV56,ASV297,Undirected,77721,,-0.625595
ASV56,ASV33,Undirected,77727,,0.647516
ASV56,ASV3327,Undirected,77728,,0.660259
ASV56,ASV335,Undirected,77729,,-0.631695
ASV56,ASV352,Undirected,77732,,-0.600331
ASV56,ASV38,Undirected,77739,,0.683885
ASV56,ASV384,Undirected,77740,,-0.628907
ASV56,ASV416,Undirected,77744,,-0.635941
ASV56,ASV435,Undirected,77746,,-0.617179
ASV56,ASV452,Undirected,77750,,0.660963
ASV56,ASV468,Undirected,77753,,-0.64294
ASV56,ASV501,Undirected,77756,,-0.703628
ASV56,ASV5010,Undirected,77757,,-0.666501
ASV56,ASV51,Undirected,77759,,-0.70317
ASV56,ASV513,Undirected,77760,,-0.661316
ASV56,ASV516,Undirected,77762,,0.601046
ASV56,ASV5245,Undirected,77763,,0.609617
ASV56,ASV528,Undirected,77764,,-0.614751
ASV56,ASV54,Undirected,77767,,0.621901
ASV56,ASV5488,Undirected,77768,,-0.632454
ASV56,ASV56,Undirected,77769,,1
ASV56,ASV564,Undirected,77770,,1.570547
ASV56,ASV57,Undirected,77771,,1.54395
ASV56,ASV571,Undirected,77772,,1.526403
ASV56,ASV5744,Undirected,77773,,1.538541
ASV56,ASV579,Undirected,77774,,-1.428675
ASV56,ASV59,Undirected,77775,,1.611571
ASV56,ASV6,Undirected,77776,,-1.601241
ASV56,ASV600,Undirected,77777,,-1.480778
ASV56,ASV61,Undirected,77778,,1.837558
ASV56,ASV655,Undirected,77779,,-1.483653
ASV56,ASV681,Undirected,77780,,1.595651
ASV56,ASV71,Undirected,77781,,1.495869
ASV56,ASV732,Undirected,77782,,1.743138
ASV56,ASV74,Undirected,77783,,1.676319
ASV56,ASV781,Undirected,77784,,-1.785082
ASV56,ASV79,Undirected,77785,,1.550957
ASV56,ASV80,Undirected,77786,,1.769509
ASV56,ASV810,Undirected,77787,,1.773753
ASV56,ASV82,Undirected,77788,,1.702326
ASV56,ASV828,Undirected,77789,,-1.634013
ASV56,ASV85,Undirected,77790,,-1.616339
ASV56,ASV850,Undirected,77791,,1.627723
ASV56,ASV856,Undirected,77792,,-1.519717
ASV56,ASV87,Undirected,77793,,1.685951
ASV56,ASV881,Undirected,77794,,-1.553035
ASV56,ASV9,Undirected,77795,,1.725208
ASV56,ASV90,Undirected,77796,,1.517063
ASV56,ASV92,Undirected,77797,,-1.552223
ASV56,ASV927,Undirected,77798,,1.433201
ASV56,ASV93,Undirected,77799,,1.534643
ASV56,ASV95,Undirected,77800,,-1.503619
ASV56,ASV96,Undirected,77801,,1.786641
ASV560,ASV1120,Undirected,77802,,0.693067
ASV560,ASV1247,Undirected,77803,,0.693283
ASV560,ASV150,Undirected,77805,,-0.648661
ASV560,ASV207,Undirected,77806,,0.686388
ASV560,ASV219,Undirected,77807,,0.636794
ASV560,ASV245,Undirected,77808,,0.618835
ASV560,ASV264,Undirected,77809,,0.682131
ASV560,ASV297,Undirected,77810,,0.66318
ASV560,ASV330,Undirected,77811,,-0.70568
ASV560,ASV459,Undirected,77812,,0.664572
ASV560,ASV482,Undirected,77813,,0.605278
ASV560,ASV4966,Undirected,77814,,0.605704
ASV560,ASV522,Undirected,77816,,0.65123
ASV560,ASV531,Undirected,77817,,0.678131
ASV560,ASV560,Undirected,77818,,1
ASV560,ASV5744,Undirected,77819,,-1.44747
ASV560,ASV742,Undirected,77820,,1.528551
ASV560,ASV8,Undirected,77821,,1.51978
ASV562,ASV110,Undirected,77822,,0.607054
ASV562,ASV14,Undirected,77823,,-0.670472
ASV562,ASV153,Undirected,77824,,0.641788
ASV562,ASV171,Undirected,77825,,0.600001
ASV562,ASV182,Undirected,77827,,0.629032
ASV562,ASV22,Undirected,77828,,0.60575
ASV562,ASV220,Undirected,77829,,0.698231
ASV562,ASV226,Undirected,77830,,0.603224
ASV562,ASV2291,Undirected,77831,,-0.690427
ASV562,ASV266,Undirected,77832,,-0.613826
ASV562,ASV269,Undirected,77833,,-0.690825
ASV562,ASV30,Undirected,77835,,-0.614513
ASV562,ASV3327,Undirected,77836,,0.608828
ASV562,ASV34,Undirected,77837,,0.618459
ASV562,ASV403,Undirected,77838,,0.65485
ASV562,ASV485,Undirected,77839,,0.61894
ASV562,ASV5488,Undirected,77840,,-0.628705
ASV562,ASV562,Undirected,77841,,1
ASV562,ASV62,Undirected,77842,,1.432781
ASV562,ASV771,Undirected,77843,,1.536598
ASV562,ASV884,Undirected,77844,,-1.463821
ASV563,ASV133,Undirected,77845,,-0.657307
ASV563,ASV1830,Undirected,77847,,0.673554
ASV563,ASV229,Undirected,77848,,0.635517
ASV563,ASV239,Undirected,77849,,0.615787
ASV563,ASV248,Undirected,77851,,-0.637735
ASV563,ASV277,Undirected,77852,,-0.699115
ASV563,ASV3347,Undirected,77853,,-0.699844
ASV563,ASV352,Undirected,77854,,-0.674692
ASV563,ASV394,Undirected,77855,,-0.700833
ASV563,ASV412,Undirected,77856,,-0.670327
ASV563,ASV416,Undirected,77857,,-0.610188
ASV563,ASV443,Undirected,77858,,-0.69062
ASV563,ASV463,Undirected,77859,,0.696987
ASV563,ASV488,Undirected,77860,,-0.612856
ASV563,ASV501,Undirected,77861,,-0.609985
ASV563,ASV556,Undirected,77862,,-0.679854
ASV563,ASV563,Undirected,77863,,1
ASV563,ASV88,Undirected,77864,,-1.447398
ASV5638,ASV1093,Undirected,77865,,0.650846
ASV5638,ASV113,Undirected,77866,,-0.660106
ASV5638,ASV1141,Undirected,77867,,-0.621252
ASV5638,ASV121,Undirected,77868,,-0.648815
ASV5638,ASV1221,Undirected,77869,,0.646371
ASV5638,ASV1228,Undirected,77870,,0.660747
ASV5638,ASV1243,Undirected,77871,,0.691565
ASV5638,ASV125,Undirected,77872,,0.696788
ASV5638,ASV13,Undirected,77874,,-0.672392
ASV5638,ASV178,Undirected,77878,,0.653834
ASV5638,ASV191,Undirected,77880,,-0.641269
ASV5638,ASV194,Undirected,77881,,-0.641292
ASV5638,ASV24,Undirected,77885,,-0.670107
ASV5638,ASV242,Undirected,77886,,0.697841
ASV5638,ASV271,Undirected,77889,,0.613264
ASV5638,ASV32,Undirected,77891,,-0.653114
ASV5638,ASV3327,Undirected,77892,,-0.600334
ASV5638,ASV334,Undirected,77893,,0.640434
ASV5638,ASV34,Undirected,77894,,-0.705538
ASV5638,ASV374,Undirected,77896,,-0.692765
ASV5638,ASV38,Undirected,77897,,-0.615252
ASV5638,ASV388,Undirected,77898,,0.656541
ASV5638,ASV437,Undirected,77900,,0.639149
ASV5638,ASV488,Undirected,77903,,0.642329
ASV5638,ASV516,Undirected,77905,,-0.64892
ASV5638,ASV551,Undirected,77906,,-0.68594
ASV5638,ASV554,Undirected,77907,,0.66242
ASV5638,ASV5638,Undirected,77908,,1
ASV5638,ASV585,Undirected,77909,,1.511749
ASV5638,ASV59,Undirected,77910,,-1.451364
ASV5638,ASV641,Undirected,77911,,-1.452607
ASV5638,ASV681,Undirected,77912,,-1.441857
ASV5638,ASV775,Undirected,77913,,1.416844
ASV5638,ASV81,Undirected,77914,,-1.503399
ASV5638,ASV82,Undirected,77915,,-1.423703
ASV5638,ASV922,Undirected,77916,,1.536887
ASV5638,ASV970,Undirected,77917,,1.419272
ASV564,ASV100,Undirected,77918,,0.679521
ASV564,ASV1007,Undirected,77919,,0.673268
ASV564,ASV1017,Undirected,77920,,0.699704
ASV564,ASV102,Undirected,77921,,0.648832
ASV564,ASV107,Undirected,77922,,0.634996
ASV564,ASV108,Undirected,77923,,0.605196
ASV564,ASV116,Undirected,77926,,-0.692789
ASV564,ASV1165,Undirected,77927,,0.670555
ASV564,ASV117,Undirected,77928,,0.695066
ASV564,ASV1210,Undirected,77930,,0.600567
ASV564,ASV1217,Undirected,77931,,-0.605256
ASV564,ASV122,Undirected,77932,,0.680919
ASV564,ASV123,Undirected,77933,,0.636036
ASV564,ASV14,Undirected,77935,,-0.690161
ASV564,ASV1561,Undirected,77938,,0.64572
ASV564,ASV1615,Undirected,77939,,-0.667242
ASV564,ASV18,Undirected,77943,,-0.688089
ASV564,ASV187,Undirected,77944,,0.671165
ASV564,ASV194,Undirected,77946,,0.684841
ASV564,ASV206,Undirected,77948,,0.634045
ASV564,ASV216,Undirected,77949,,0.654085
ASV564,ASV229,Undirected,77952,,0.689156
ASV564,ASV244,Undirected,77955,,0.608516
ASV564,ASV25,Undirected,77956,,0.620731
ASV564,ASV2511,Undirected,77957,,-0.614597
ASV564,ASV252,Undirected,77958,,0.647641
ASV564,ASV2552,Undirected,77959,,0.664582
ASV564,ASV28,Undirected,77963,,-0.616386
ASV564,ASV288,Undirected,77964,,-0.682079
ASV564,ASV31,Undirected,77965,,0.636554
ASV564,ASV32,Undirected,77966,,0.697415
ASV564,ASV327,Undirected,77967,,0.689837
ASV564,ASV34,Undirected,77968,,0.627272
ASV564,ASV35,Undirected,77969,,-0.606536
ASV564,ASV36,Undirected,77970,,0.612555
ASV564,ASV4134,Undirected,77975,,-0.642236
ASV564,ASV445,Undirected,77976,,0.670993
ASV564,ASV463,Undirected,77977,,0.618183
ASV564,ASV514,Undirected,77980,,0.676547
ASV564,ASV5245,Undirected,77981,,0.627596
ASV564,ASV528,Undirected,77982,,-0.633334
ASV564,ASV529,Undirected,77983,,-0.668709
ASV564,ASV564,Undirected,77986,,1
ASV564,ASV5687,Undirected,77987,,1.471328
ASV564,ASV59,Undirected,77988,,1.465298
ASV564,ASV61,Undirected,77989,,1.604572
ASV564,ASV71,Undirected,77990,,1.446645
ASV564,ASV74,Undirected,77991,,1.512455
ASV564,ASV781,Undirected,77992,,-1.506417
ASV564,ASV810,Undirected,77993,,1.659553
ASV564,ASV82,Undirected,77994,,1.473312
ASV564,ASV9,Undirected,77995,,1.45908
ASV564,ASV90,Undirected,77996,,1.466812
ASV566,ASV107,Undirected,77997,,-0.608547
ASV566,ASV1643,Undirected,77999,,0.65192
ASV566,ASV167,Undirected,78000,,-0.662495
ASV566,ASV193,Undirected,78001,,0.691411
ASV566,ASV2290,Undirected,78002,,0.653835
ASV566,ASV389,Undirected,78003,,0.617746
ASV566,ASV430,Undirected,78004,,0.606955
ASV566,ASV539,Undirected,78005,,0.618298
ASV566,ASV566,Undirected,78006,,1
ASV566,ASV83,Undirected,78007,,1.516366
ASV568,ASV568,Undirected,78010,,1
ASV5687,ASV1017,Undirected,78012,,0.642341
ASV5687,ASV1069,Undirected,78013,,-0.620366
ASV5687,ASV107,Undirected,78014,,0.66806
ASV5687,ASV1070,Undirected,78015,,-0.631336
ASV5687,ASV111,Undirected,78016,,0.629426
ASV5687,ASV1123,Undirected,78017,,-0.622391
ASV5687,ASV113,Undirected,78018,,0.689718
ASV5687,ASV114,Undirected,78019,,0.619231
ASV5687,ASV1141,Undirected,78020,,0.66632
ASV5687,ASV1165,Undirected,78021,,0.698833
ASV5687,ASV117,Undirected,78022,,0.651748
ASV5687,ASV122,Undirected,78023,,0.665099
ASV5687,ASV1298,Undirected,78024,,-0.637834
ASV5687,ASV153,Undirected,78028,,0.670141
ASV5687,ASV1551,Undirected,78029,,-0.622514
ASV5687,ASV1561,Undirected,78030,,0.60295
ASV5687,ASV159,Undirected,78031,,-0.639586
ASV5687,ASV164,Undirected,78033,,-0.633065
ASV5687,ASV171,Undirected,78034,,0.654872
ASV5687,ASV1730,Undirected,78036,,-0.679691
ASV5687,ASV180,Undirected,78038,,0.699589
ASV5687,ASV184,Undirected,78039,,0.657474
ASV5687,ASV194,Undirected,78041,,0.68575
ASV5687,ASV207,Undirected,78043,,-0.675563
ASV5687,ASV216,Undirected,78044,,0.644912
ASV5687,ASV220,Undirected,78045,,0.647551
ASV5687,ASV227,Undirected,78046,,0.602607
ASV5687,ASV229,Undirected,78047,,0.679675
ASV5687,ASV23,Undirected,78048,,0.691602
ASV5687,ASV231,Undirected,78049,,-0.65092
ASV5687,ASV2361,Undirected,78050,,0.605896
ASV5687,ASV2383,Undirected,78051,,-0.677335
ASV5687,ASV244,Undirected,78053,,0.655573
ASV5687,ASV25,Undirected,78054,,0.641757
ASV5687,ASV2511,Undirected,78055,,-0.665276
ASV5687,ASV2552,Undirected,78056,,0.669106
ASV5687,ASV260,Undirected,78057,,-0.611348
ASV5687,ASV263,Undirected,78058,,0.699956
ASV5687,ASV267,Undirected,78059,,0.685804
ASV5687,ASV276,Undirected,78061,,0.680565
ASV5687,ASV291,Undirected,78062,,-0.697399
ASV5687,ASV2915,Undirected,78063,,0.689392
ASV5687,ASV297,Undirected,78064,,-0.615787
ASV5687,ASV317,Undirected,78067,,0.63372
ASV5687,ASV322,Undirected,78069,,0.701516
ASV5687,ASV34,Undirected,78070,,0.605205
ASV5687,ASV360,Undirected,78071,,-0.700837
ASV5687,ASV3732,Undirected,78074,,-0.612909
ASV5687,ASV40,Undirected,78076,,0.651256
ASV5687,ASV4277,Undirected,78079,,0.691473
ASV5687,ASV430,Undirected,78080,,-0.618676
ASV5687,ASV440,Undirected,78081,,-0.625653
ASV5687,ASV459,Undirected,78085,,-0.697226
ASV5687,ASV463,Undirected,78086,,0.677256
ASV5687,ASV468,Undirected,78087,,-0.606061
ASV5687,ASV501,Undirected,78090,,-0.631774
ASV5687,ASV514,Undirected,78091,,0.693593
ASV5687,ASV53,Undirected,78093,,0.628062
ASV5687,ASV531,Undirected,78094,,-0.612185
ASV5687,ASV54,Undirected,78095,,0.620988
ASV5687,ASV56,Undirected,78096,,0.699074
ASV5687,ASV560,Undirected,78097,,-0.658651
ASV5687,ASV5687,Undirected,78099,,1
ASV5687,ASV57,Undirected,78100,,1.54264
ASV5687,ASV5744,Undirected,78101,,1.607922
ASV5687,ASV59,Undirected,78102,,1.538971
ASV5687,ASV6,Undirected,78103,,-1.468357
ASV5687,ASV71,Undirected,78104,,1.56597
ASV5687,ASV733,Undirected,78105,,1.417233
ASV5687,ASV82,Undirected,78106,,1.506518
ASV5687,ASV856,Undirected,78107,,-1.413976
ASV5687,ASV9,Undirected,78108,,1.543124
ASV5687,ASV90,Undirected,78109,,1.417899
ASV5687,ASV96,Undirected,78110,,1.461748
ASV57,ASV1013,Undirected,78112,,0.615434
ASV57,ASV1017,Undirected,78113,,0.667226
ASV57,ASV1024,Undirected,78114,,-0.635862
ASV57,ASV103,Undirected,78115,,0.691193
ASV57,ASV107,Undirected,78118,,0.675984
ASV57,ASV108,Undirected,78119,,0.686174
ASV57,ASV114,Undirected,78122,,0.686305
ASV57,ASV1141,Undirected,78123,,0.68371
ASV57,ASV121,Undirected,78126,,0.601556
ASV57,ASV1243,Undirected,78128,,-0.639859
ASV57,ASV125,Undirected,78129,,-0.620279
ASV57,ASV1251,Undirected,78130,,-0.63905
ASV57,ASV1269,Undirected,78131,,-0.621263
ASV57,ASV1275,Undirected,78132,,0.602797
ASV57,ASV1298,Undirected,78133,,-0.695164
ASV57,ASV1358,Undirected,78135,,-0.605542
ASV57,ASV142,Undirected,78136,,-0.660807
ASV57,ASV1492,Undirected,78137,,-0.648887
ASV57,ASV158,Undirected,78140,,-0.65478
ASV57,ASV164,Undirected,78143,,-0.670114
ASV57,ASV169,Undirected,78144,,0.629535
ASV57,ASV170,Undirected,78145,,0.626101
ASV57,ASV1781,Undirected,78150,,-0.641046
ASV57,ASV1838,Undirected,78151,,-0.701947
ASV57,ASV185,Undirected,78153,,0.633632
ASV57,ASV194,Undirected,78155,,0.693065
ASV57,ASV2026,Undirected,78160,,0.64819
ASV57,ASV220,Undirected,78162,,0.641082
ASV57,ASV226,Undirected,78165,,0.646451
ASV57,ASV231,Undirected,78169,,-0.705943
ASV57,ASV237,Undirected,78171,,0.685169
ASV57,ASV2383,Undirected,78172,,-0.69755
ASV57,ASV244,Undirected,78174,,0.671325
ASV57,ASV2511,Undirected,78176,,-0.634644
ASV57,ASV257,Undirected,78177,,0.600526
ASV57,ASV258,Undirected,78178,,0.638386
ASV57,ASV260,Undirected,78179,,-0.705487
ASV57,ASV261,Undirected,78180,,-0.684428
ASV57,ASV262,Undirected,78181,,0.624742
ASV57,ASV27,Undirected,78184,,0.622934
ASV57,ASV271,Undirected,78185,,-0.633491
ASV57,ASV307,Undirected,78190,,0.631608
ASV57,ASV33,Undirected,78193,,0.625259
ASV57,ASV34,Undirected,78194,,0.610853
ASV57,ASV360,Undirected,78197,,-0.631126
ASV57,ASV369,Undirected,78199,,-0.631988
ASV57,ASV3732,Undirected,78201,,-0.608178
ASV57,ASV3752,Undirected,78203,,-0.664879
ASV57,ASV435,Undirected,78209,,-0.601162
ASV57,ASV436,Undirected,78210,,-0.70052
ASV57,ASV437,Undirected,78211,,-0.666335
ASV57,ASV44,Undirected,78212,,0.675969
ASV57,ASV440,Undirected,78213,,-0.645231
ASV57,ASV447,Undirected,78215,,-0.61385
ASV57,ASV459,Undirected,78218,,-0.662344
ASV57,ASV483,Undirected,78221,,0.633939
ASV57,ASV507,Undirected,78224,,0.614244
ASV57,ASV515,Undirected,78226,,0.609933
ASV57,ASV516,Undirected,78227,,0.629098
ASV57,ASV553,Undirected,78230,,0.695543
ASV57,ASV564,Undirected,78232,,0.67324
ASV57,ASV57,Undirected,78234,,1
ASV57,ASV571,Undirected,78235,,1.44085
ASV57,ASV59,Undirected,78236,,1.623968
ASV57,ASV61,Undirected,78237,,1.452664
ASV57,ASV626,Undirected,78238,,1.460107
ASV57,ASV71,Undirected,78239,,1.704546
ASV57,ASV732,Undirected,78240,,1.485204
ASV57,ASV733,Undirected,78241,,1.494042
ASV57,ASV74,Undirected,78242,,1.585315
ASV57,ASV79,Undirected,78243,,1.676151
ASV57,ASV80,Undirected,78244,,1.633075
ASV57,ASV810,Undirected,78245,,1.482106
ASV57,ASV82,Undirected,78246,,1.539018
ASV57,ASV828,Undirected,78247,,-1.582172
ASV57,ASV85,Undirected,78248,,-1.476732
ASV57,ASV856,Undirected,78249,,-1.573659
ASV57,ASV87,Undirected,78250,,1.663224
ASV57,ASV872,Undirected,78251,,1.432743
ASV57,ASV9,Undirected,78252,,1.836778
ASV57,ASV90,Undirected,78253,,1.477766
ASV57,ASV96,Undirected,78254,,1.597102
ASV570,ASV107,Undirected,78255,,-0.697207
ASV570,ASV1093,Undirected,78256,,0.671228
ASV570,ASV110,Undirected,78257,,-0.625625
ASV570,ASV111,Undirected,78258,,-0.601391
ASV570,ASV113,Undirected,78259,,-0.668271
ASV570,ASV117,Undirected,78260,,-0.629538
ASV570,ASV122,Undirected,78262,,-0.672278
ASV570,ASV123,Undirected,78263,,-0.6181
ASV570,ASV1243,Undirected,78264,,0.691154
ASV570,ASV1286,Undirected,78265,,0.637715
ASV570,ASV13,Undirected,78266,,-0.676281
ASV570,ASV14,Undirected,78268,,0.644093
ASV570,ASV1428,Undirected,78269,,0.691256
ASV570,ASV154,Undirected,78270,,0.650506
ASV570,ASV158,Undirected,78271,,0.653303
ASV570,ASV164,Undirected,78272,,0.667226
ASV570,ASV165,Undirected,78273,,-0.650291
ASV570,ASV175,Undirected,78276,,-0.605258
ASV570,ASV179,Undirected,78278,,0.703531
ASV570,ASV180,Undirected,78280,,-0.63094
ASV570,ASV182,Undirected,78281,,-0.635761
ASV570,ASV191,Undirected,78282,,-0.642298
ASV570,ASV194,Undirected,78283,,-0.685177
ASV570,ASV197,Undirected,78284,,-0.628038
ASV570,ASV206,Undirected,78286,,-0.626129
ASV570,ASV217,Undirected,78287,,-0.689553
ASV570,ASV2185,Undirected,78288,,0.652819
ASV570,ASV228,Undirected,78291,,0.600134
ASV570,ASV231,Undirected,78292,,0.606303
ASV570,ASV24,Undirected,78293,,-0.614454
ASV570,ASV25,Undirected,78295,,-0.63261
ASV570,ASV2511,Undirected,78296,,0.658743
ASV570,ASV261,Undirected,78297,,0.604316
ASV570,ASV264,Undirected,78298,,0.65552
ASV570,ASV267,Undirected,78299,,-0.647967
ASV570,ASV269,Undirected,78300,,0.630261
ASV570,ASV271,Undirected,78301,,0.608714
ASV570,ASV272,Undirected,78302,,0.600134
ASV570,ASV288,Undirected,78304,,0.676636
ASV570,ASV31,Undirected,78306,,-0.618228
ASV570,ASV310,Undirected,78307,,0.700548
ASV570,ASV344,Undirected,78310,,-0.610274
ASV570,ASV36,Undirected,78312,,-0.648416
ASV570,ASV39,Undirected,78313,,0.605049
ASV570,ASV398,Undirected,78314,,0.698253
ASV570,ASV430,Undirected,78315,,0.605153
ASV570,ASV4501,Undirected,78316,,-0.628436
ASV570,ASV456,Undirected,78318,,0.660395
ASV570,ASV514,Undirected,78321,,-0.677863
ASV570,ASV528,Undirected,78322,,0.681545
ASV570,ASV56,Undirected,78325,,-0.667226
ASV570,ASV570,Undirected,78326,,1
ASV570,ASV6,Undirected,78327,,1.419718
ASV570,ASV61,Undirected,78328,,-1.527519
ASV570,ASV637,Undirected,78329,,-1.434748
ASV570,ASV672,Undirected,78330,,1.518955
ASV570,ASV82,Undirected,78331,,-1.489385
ASV571,ASV100,Undirected,78332,,0.611641
ASV571,ASV1026,Undirected,78334,,-0.622892
ASV571,ASV111,Undirected,78337,,0.651564
ASV571,ASV113,Undirected,78338,,0.624438
ASV571,ASV1165,Undirected,78340,,0.64583
ASV571,ASV117,Undirected,78341,,0.685494
ASV571,ASV1358,Undirected,78345,,-0.693481
ASV571,ASV1468,Undirected,78346,,-0.658902
ASV571,ASV1492,Undirected,78347,,-0.689674
ASV571,ASV150,Undirected,78348,,0.696068
ASV571,ASV164,Undirected,78350,,-0.629133
ASV571,ASV165,Undirected,78351,,0.602849
ASV571,ASV170,Undirected,78352,,0.629588
ASV571,ASV172,Undirected,78353,,0.636821
ASV571,ASV175,Undirected,78354,,0.683555
ASV571,ASV1781,Undirected,78355,,-0.647804
ASV571,ASV180,Undirected,78356,,0.646812
ASV571,ASV187,Undirected,78358,,0.641653
ASV571,ASV195,Undirected,78359,,0.698033
ASV571,ASV216,Undirected,78360,,0.689061
ASV571,ASV231,Undirected,78361,,-0.704411
ASV571,ASV2361,Undirected,78362,,0.618145
ASV571,ASV24,Undirected,78363,,0.694863
ASV571,ASV244,Undirected,78364,,0.617774
ASV571,ASV248,Undirected,78365,,-0.644218
ASV571,ASV25,Undirected,78366,,0.619103
ASV571,ASV260,Undirected,78367,,-0.676783
ASV571,ASV261,Undirected,78368,,-0.637287
ASV571,ASV264,Undirected,78369,,-0.674349
ASV571,ASV271,Undirected,78370,,-0.631812
ASV571,ASV273,Undirected,78371,,0.654511
ASV571,ASV276,Undirected,78372,,0.614029
ASV571,ASV277,Undirected,78373,,-0.689179
ASV571,ASV291,Undirected,78374,,-0.621551
ASV571,ASV297,Undirected,78375,,-0.654778
ASV571,ASV32,Undirected,78377,,0.604511
ASV571,ASV327,Undirected,78378,,0.669301
ASV571,ASV335,Undirected,78379,,-0.624743
ASV571,ASV344,Undirected,78380,,0.660433
ASV571,ASV36,Undirected,78381,,0.684951
ASV571,ASV363,Undirected,78382,,0.700442
ASV571,ASV3732,Undirected,78384,,-0.69976
ASV571,ASV38,Undirected,78386,,0.659751
ASV571,ASV386,Undirected,78387,,-0.648667
ASV571,ASV4,Undirected,78388,,0.650371
ASV571,ASV41,Undirected,78389,,0.64445
ASV571,ASV436,Undirected,78390,,-0.620506
ASV571,ASV451,Undirected,78391,,0.679916
ASV571,ASV48,Undirected,78393,,0.677298
ASV571,ASV514,Undirected,78396,,0.630243
ASV571,ASV531,Undirected,78397,,-0.689674
ASV571,ASV54,Undirected,78398,,0.700399
ASV571,ASV5687,Undirected,78400,,0.636082
ASV571,ASV571,Undirected,78402,,1
ASV571,ASV732,Undirected,78403,,1.481644
ASV571,ASV79,Undirected,78404,,1.503184
ASV571,ASV828,Undirected,78405,,-1.585805
ASV571,ASV85,Undirected,78406,,-1.45024
ASV571,ASV9,Undirected,78407,,1.419559
ASV571,ASV909,Undirected,78408,,-1.415862
ASV571,ASV96,Undirected,78409,,1.56744
ASV573,ASV247,Undirected,78410,,0.612577
ASV573,ASV50,Undirected,78411,,0.692791
ASV573,ASV562,Undirected,78412,,0.659518
ASV573,ASV573,Undirected,78413,,1
ASV5744,ASV1007,Undirected,78414,,0.647615
ASV5744,ASV1059,Undirected,78416,,0.60178
ASV5744,ASV1069,Undirected,78417,,-0.647095
ASV5744,ASV107,Undirected,78418,,0.636976
ASV5744,ASV108,Undirected,78419,,0.633679
ASV5744,ASV1141,Undirected,78423,,0.684064
ASV5744,ASV1165,Undirected,78424,,0.632433
ASV5744,ASV121,Undirected,78426,,0.632971
ASV5744,ASV122,Undirected,78427,,0.680195
ASV5744,ASV1298,Undirected,78429,,-0.677107
ASV5744,ASV1358,Undirected,78431,,-0.605856
ASV5744,ASV142,Undirected,78435,,-0.643042
ASV5744,ASV1468,Undirected,78436,,-0.667673
ASV5744,ASV1492,Undirected,78438,,-0.703109
ASV5744,ASV154,Undirected,78440,,-0.614071
ASV5744,ASV165,Undirected,78445,,0.614573
ASV5744,ASV171,Undirected,78446,,0.601555
ASV5744,ASV180,Undirected,78450,,0.628363
ASV5744,ASV184,Undirected,78451,,0.677202
ASV5744,ASV187,Undirected,78452,,0.602173
ASV5744,ASV2,Undirected,78455,,0.679071
ASV5744,ASV20,Undirected,78456,,0.618408
ASV5744,ASV2017,Undirected,78457,,-0.627318
ASV5744,ASV214,Undirected,78459,,-0.682574
ASV5744,ASV2155,Undirected,78460,,0.683576
ASV5744,ASV220,Undirected,78463,,0.676702
ASV5744,ASV2213,Undirected,78464,,-0.691151
ASV5744,ASV225,Undirected,78465,,-0.690476
ASV5744,ASV228,Undirected,78466,,-0.611801
ASV5744,ASV231,Undirected,78468,,-0.6515
ASV5744,ASV233,Undirected,78469,,-0.660959
ASV5744,ASV237,Undirected,78470,,0.661652
ASV5744,ASV2383,Undirected,78471,,-0.668897
ASV5744,ASV242,Undirected,78473,,-0.693582
ASV5744,ASV243,Undirected,78474,,-0.667551
ASV5744,ASV244,Undirected,78475,,0.667012
ASV5744,ASV245,Undirected,78476,,-0.702535
ASV5744,ASV2511,Undirected,78478,,-0.6742
ASV5744,ASV263,Undirected,78482,,0.646998
ASV5744,ASV267,Undirected,78484,,0.650913
ASV5744,ASV288,Undirected,78489,,-0.702073
ASV5744,ASV2915,Undirected,78491,,0.62869
ASV5744,ASV295,Undirected,78492,,-0.700311
ASV5744,ASV334,Undirected,78501,,-0.690476
ASV5744,ASV34,Undirected,78502,,0.641159
ASV5744,ASV35,Undirected,78503,,-0.63392
ASV5744,ASV369,Undirected,78508,,-0.68203
ASV5744,ASV3732,Undirected,78510,,-0.690316
ASV5744,ASV374,Undirected,78511,,0.635234
ASV5744,ASV384,Undirected,78512,,-0.603231
ASV5744,ASV390,Undirected,78513,,-0.652454
ASV5744,ASV40,Undirected,78515,,0.618727
ASV5744,ASV412,Undirected,78517,,-0.609387
ASV5744,ASV423,Undirected,78519,,-0.625726
ASV5744,ASV435,Undirected,78521,,-0.705102
ASV5744,ASV440,Undirected,78523,,-0.683967
ASV5744,ASV449,Undirected,78525,,-0.612153
ASV5744,ASV4518,Undirected,78526,,-0.638779
ASV5744,ASV458,Undirected,78527,,-0.655388
ASV5744,ASV48,Undirected,78531,,0.670114
ASV5744,ASV488,Undirected,78532,,-0.658867
ASV5744,ASV516,Undirected,78537,,0.613311
ASV5744,ASV5245,Undirected,78538,,0.691154
ASV5744,ASV528,Undirected,78539,,-0.669615
ASV5744,ASV554,Undirected,78541,,-0.675603
ASV5744,ASV556,Undirected,78542,,-0.701611
ASV5744,ASV564,Undirected,78545,,0.625326
ASV5744,ASV57,Undirected,78547,,0.666839
ASV5744,ASV5744,Undirected,78548,,1
ASV5744,ASV585,Undirected,78549,,-1.480464
ASV5744,ASV59,Undirected,78550,,1.639278
ASV5744,ASV6,Undirected,78551,,-1.715764
ASV5744,ASV61,Undirected,78552,,1.687371
ASV5744,ASV660,Undirected,78553,,-1.415648
ASV5744,ASV672,Undirected,78554,,-1.506027
ASV5744,ASV681,Undirected,78555,,1.473032
ASV5744,ASV719,Undirected,78556,,1.532799
ASV5744,ASV721,Undirected,78557,,-1.485962
ASV5744,ASV733,Undirected,78558,,1.465709
ASV5744,ASV74,Undirected,78559,,1.572685
ASV5744,ASV76,Undirected,78560,,-1.51399
ASV5744,ASV781,Undirected,78561,,-1.506713
ASV5744,ASV79,Undirected,78562,,1.599379
ASV5744,ASV80,Undirected,78563,,1.520166
ASV5744,ASV810,Undirected,78564,,1.50468
ASV5744,ASV82,Undirected,78565,,1.670115
ASV5744,ASV856,Undirected,78566,,-1.547488
ASV5744,ASV881,Undirected,78567,,-1.440473
ASV5744,ASV9,Undirected,78568,,1.558658
ASV5744,ASV90,Undirected,78569,,1.526125
ASV5744,ASV95,Undirected,78570,,-1.515779
ASV5744,ASV96,Undirected,78571,,1.68083
ASV576,ASV1026,Undirected,78572,,0.627441
ASV576,ASV111,Undirected,78573,,-0.601359
ASV576,ASV1162,Undirected,78576,,0.653043
ASV576,ASV117,Undirected,78577,,-0.689749
ASV576,ASV1210,Undirected,78579,,-0.600238
ASV576,ASV125,Undirected,78580,,0.602711
ASV576,ASV1292,Undirected,78581,,0.654575
ASV576,ASV13,Undirected,78582,,-0.689881
ASV576,ASV135,Undirected,78583,,-0.61042
ASV576,ASV1358,Undirected,78584,,0.618127
ASV576,ASV139,Undirected,78585,,0.680363
ASV576,ASV1615,Undirected,78589,,0.677607
ASV576,ASV164,Undirected,78590,,0.684521
ASV576,ASV170,Undirected,78591,,-0.615309
ASV576,ASV1730,Undirected,78592,,0.632295
ASV576,ASV182,Undirected,78593,,-0.650679
ASV576,ASV183,Undirected,78594,,0.657441
ASV576,ASV197,Undirected,78595,,-0.648657
ASV576,ASV202,Undirected,78596,,0.607706
ASV576,ASV216,Undirected,78597,,-0.600127
ASV576,ASV22,Undirected,78598,,-0.630422
ASV576,ASV225,Undirected,78600,,0.630272
ASV576,ASV231,Undirected,78601,,0.668063
ASV576,ASV237,Undirected,78604,,-0.629824
ASV576,ASV24,Undirected,78605,,-0.659572
ASV576,ASV242,Undirected,78606,,0.667714
ASV576,ASV243,Undirected,78607,,0.618326
ASV576,ASV244,Undirected,78608,,-0.706042
ASV576,ASV2511,Undirected,78610,,0.662124
ASV576,ASV260,Undirected,78611,,0.637883
ASV576,ASV267,Undirected,78612,,-0.687892
ASV576,ASV271,Undirected,78613,,0.634708
ASV576,ASV273,Undirected,78614,,-0.671874
ASV576,ASV307,Undirected,78615,,-0.673441
ASV576,ASV32,Undirected,78616,,-0.641757
ASV576,ASV326,Undirected,78617,,0.662824
ASV576,ASV328,Undirected,78618,,0.684899
ASV576,ASV334,Undirected,78619,,0.605311
ASV576,ASV36,Undirected,78621,,-0.629946
ASV576,ASV360,Undirected,78622,,0.639122
ASV576,ASV374,Undirected,78624,,-0.601253
ASV576,ASV416,Undirected,78626,,0.635611
ASV576,ASV4229,Undirected,78627,,0.67444
ASV576,ASV458,Undirected,78630,,0.657938
ASV576,ASV468,Undirected,78631,,0.647858
ASV576,ASV501,Undirected,78632,,0.685941
ASV576,ASV514,Undirected,78633,,-0.702452
ASV576,ASV5511,Undirected,78635,,0.685771
ASV576,ASV576,Undirected,78636,,1
ASV576,ASV6,Undirected,78637,,1.449665
ASV576,ASV756,Undirected,78638,,1.413549
ASV576,ASV775,Undirected,78639,,1.515632
ASV5772,ASV10,Undirected,78640,,-0.681749
ASV5772,ASV119,Undirected,78641,,0.619501
ASV5772,ASV1293,Undirected,78642,,0.620735
ASV5772,ASV133,Undirected,78643,,-0.614012
ASV5772,ASV134,Undirected,78644,,0.641901
ASV5772,ASV163,Undirected,78645,,0.624204
ASV5772,ASV234,Undirected,78646,,-0.652016
ASV5772,ASV2361,Undirected,78647,,-0.705885
ASV5772,ASV239,Undirected,78648,,0.639803
ASV5772,ASV2809,Undirected,78649,,0.698576
ASV5772,ASV3,Undirected,78650,,-0.618915
ASV5772,ASV3754,Undirected,78651,,-0.602446
ASV5772,ASV4085,Undirected,78652,,-0.66298
ASV5772,ASV421,Undirected,78653,,-0.609392
ASV5772,ASV429,Undirected,78654,,-0.633838
ASV5772,ASV433,Undirected,78655,,-0.654951
ASV5772,ASV5772,Undirected,78656,,1
ASV5782,ASV1051,Undirected,78657,,-0.650364
ASV5782,ASV1123,Undirected,78658,,-0.661849
ASV5782,ASV1221,Undirected,78659,,-0.646116
ASV5782,ASV125,Undirected,78660,,-0.611169
ASV5782,ASV140,Undirected,78661,,-0.681137
ASV5782,ASV146,Undirected,78662,,0.658361
ASV5782,ASV1468,Undirected,78663,,-0.605821
ASV5782,ASV149,Undirected,78664,,-0.603101
ASV5782,ASV176,Undirected,78666,,-0.600109
ASV5782,ASV205,Undirected,78667,,-0.629075
ASV5782,ASV2290,Undirected,78668,,-0.703839
ASV5782,ASV2511,Undirected,78669,,-0.652081
ASV5782,ASV271,Undirected,78671,,-0.640936
ASV5782,ASV291,Undirected,78672,,-0.652514
ASV5782,ASV3072,Undirected,78673,,0.60893
ASV5782,ASV3824,Undirected,78675,,0.623449
ASV5782,ASV440,Undirected,78677,,-0.700886
ASV5782,ASV445,Undirected,78678,,0.61634
ASV5782,ASV510,Undirected,78679,,-0.6234
ASV5782,ASV5638,Undirected,78680,,-0.621357
ASV5782,ASV5782,Undirected,78681,,1
ASV5782,ASV852,Undirected,78682,,-1.478707
ASV5782,ASV922,Undirected,78683,,-1.452771
ASV579,ASV1017,Undirected,78684,,-0.649393
ASV579,ASV102,Undirected,78685,,-0.637876
ASV579,ASV1093,Undirected,78686,,0.609167
ASV579,ASV113,Undirected,78689,,-0.671948
ASV579,ASV1210,Undirected,78692,,-0.687204
ASV579,ASV122,Undirected,78693,,-0.643361
ASV579,ASV1221,Undirected,78694,,0.631972
ASV579,ASV1243,Undirected,78695,,0.633426
ASV579,ASV1273,Undirected,78697,,0.683457
ASV579,ASV1298,Undirected,78698,,0.673992
ASV579,ASV13,Undirected,78699,,-0.611973
ASV579,ASV1358,Undirected,78701,,0.647158
ASV579,ASV139,Undirected,78702,,0.644212
ASV579,ASV1428,Undirected,78704,,0.650136
ASV579,ASV1437,Undirected,78705,,0.626713
ASV579,ASV1468,Undirected,78706,,0.672739
ASV579,ASV15,Undirected,78708,,-0.606533
ASV579,ASV159,Undirected,78711,,0.699563
ASV579,ASV16,Undirected,78712,,-0.613653
ASV579,ASV164,Undirected,78713,,0.704918
ASV579,ASV1738,Undirected,78714,,0.685148
ASV579,ASV18,Undirected,78715,,0.624204
ASV579,ASV192,Undirected,78716,,0.613376
ASV579,ASV197,Undirected,78717,,-0.602346
ASV579,ASV216,Undirected,78718,,-0.614324
ASV579,ASV219,Undirected,78719,,0.694843
ASV579,ASV22,Undirected,78720,,-0.656174
ASV579,ASV220,Undirected,78721,,-0.664593
ASV579,ASV2213,Undirected,78722,,0.693833
ASV579,ASV226,Undirected,78724,,-0.661624
ASV579,ASV237,Undirected,78726,,-0.600024
ASV579,ASV24,Undirected,78727,,-0.605486
ASV579,ASV242,Undirected,78728,,0.660253
ASV579,ASV248,Undirected,78729,,0.672469
ASV579,ASV264,Undirected,78734,,0.608315
ASV579,ASV269,Undirected,78735,,0.602329
ASV579,ASV271,Undirected,78736,,0.699402
ASV579,ASV298,Undirected,78739,,0.673168
ASV579,ASV3072,Undirected,78740,,-0.615025
ASV579,ASV31,Undirected,78741,,-0.676835
ASV579,ASV330,Undirected,78745,,-0.669332
ASV579,ASV3327,Undirected,78746,,-0.639683
ASV579,ASV344,Undirected,78747,,-0.644212
ASV579,ASV35,Undirected,78748,,0.662709
ASV579,ASV363,Undirected,78751,,-0.625172
ASV579,ASV404,Undirected,78753,,-0.624423
ASV579,ASV430,Undirected,78755,,0.626598
ASV579,ASV445,Undirected,78758,,-0.701094
ASV579,ASV449,Undirected,78759,,0.636577
ASV579,ASV45,Undirected,78760,,-0.694647
ASV579,ASV456,Undirected,78761,,0.604224
ASV579,ASV458,Undirected,78762,,0.618149
ASV579,ASV468,Undirected,78764,,0.620214
ASV579,ASV5,Undirected,78766,,-0.627341
ASV579,ASV507,Undirected,78768,,-0.604679
ASV579,ASV528,Undirected,78770,,0.680526
ASV579,ASV5488,Undirected,78772,,0.601811
ASV579,ASV5638,Undirected,78774,,0.621215
ASV579,ASV570,Undirected,78775,,0.692227
ASV579,ASV5744,Undirected,78776,,-0.68748
ASV579,ASV576,Undirected,78777,,0.643361
ASV579,ASV579,Undirected,78778,,1
ASV579,ASV653,Undirected,78779,,1.544561
ASV579,ASV672,Undirected,78780,,1.535073
ASV579,ASV732,Undirected,78781,,-1.447397
ASV579,ASV781,Undirected,78782,,1.633569
ASV579,ASV881,Undirected,78783,,1.43612
ASV579,ASV92,Undirected,78784,,1.48938
ASV579,ASV95,Undirected,78785,,1.466354
ASV579,ASV96,Undirected,78786,,-1.505324
ASV579,ASV983,Undirected,78787,,1.692118
ASV5848,ASV100,Undirected,78789,,-0.607703
ASV5848,ASV101,Undirected,78790,,-0.672658
ASV5848,ASV102,Undirected,78791,,-0.677386
ASV5848,ASV1030,Undirected,78792,,0.662169
ASV5848,ASV105,Undirected,78793,,-0.626425
ASV5848,ASV106,Undirected,78794,,-0.611022
ASV5848,ASV1217,Undirected,78796,,0.666064
ASV5848,ASV13,Undirected,78798,,-0.642341
ASV5848,ASV190,Undirected,78799,,-0.663726
ASV5848,ASV199,Undirected,78800,,-0.699235
ASV5848,ASV2008,Undirected,78801,,0.686942
ASV5848,ASV24,Undirected,78803,,-0.641119
ASV5848,ASV263,Undirected,78804,,-0.629016
ASV5848,ASV2771,Undirected,78806,,0.681182
ASV5848,ASV3089,Undirected,78807,,0.673964
ASV5848,ASV32,Undirected,78808,,-0.615625
ASV5848,ASV3236,Undirected,78809,,-0.616474
ASV5848,ASV3570,Undirected,78810,,-0.616826
ASV5848,ASV38,Undirected,78811,,-0.628041
ASV5848,ASV436,Undirected,78813,,0.700052
ASV5848,ASV451,Undirected,78814,,-0.605495
ASV5848,ASV452,Undirected,78815,,-0.610543
ASV5848,ASV5511,Undirected,78816,,0.685894
ASV5848,ASV5848,Undirected,78817,,1
ASV5848,ASV626,Undirected,78818,,-1.574468
ASV5848,ASV634,Undirected,78819,,1.702437
ASV585,ASV1120,Undirected,78821,,0.698362
ASV585,ASV113,Undirected,78822,,-0.653455
ASV585,ASV1221,Undirected,78823,,0.687568
ASV585,ASV125,Undirected,78824,,0.695703
ASV585,ASV1273,Undirected,78825,,0.677454
ASV585,ASV133,Undirected,78826,,0.642743
ASV585,ASV139,Undirected,78827,,0.678064
ASV585,ASV140,Undirected,78828,,0.679635
ASV585,ASV142,Undirected,78829,,0.635652
ASV585,ASV146,Undirected,78830,,-0.645956
ASV585,ASV164,Undirected,78834,,0.641412
ASV585,ASV1730,Undirected,78835,,0.628576
ASV585,ASV2017,Undirected,78838,,0.616404
ASV585,ASV240,Undirected,78840,,0.621515
ASV585,ASV242,Undirected,78841,,0.668461
ASV585,ASV245,Undirected,78842,,0.601618
ASV585,ASV2511,Undirected,78843,,0.600318
ASV585,ASV260,Undirected,78844,,0.636311
ASV585,ASV261,Undirected,78845,,0.625504
ASV585,ASV271,Undirected,78846,,0.648851
ASV585,ASV295,Undirected,78847,,0.630742
ASV585,ASV298,Undirected,78848,,0.704974
ASV585,ASV32,Undirected,78850,,-0.62035
ASV585,ASV330,Undirected,78851,,-0.699532
ASV585,ASV352,Undirected,78852,,0.677052
ASV585,ASV360,Undirected,78853,,0.634365
ASV585,ASV401,Undirected,78854,,0.646185
ASV585,ASV416,Undirected,78855,,0.657617
ASV585,ASV430,Undirected,78856,,0.647425
ASV585,ASV437,Undirected,78857,,0.697429
ASV585,ASV458,Undirected,78858,,0.6132
ASV585,ASV459,Undirected,78859,,0.63378
ASV585,ASV463,Undirected,78860,,-0.623006
ASV585,ASV478,Undirected,78862,,-0.65586
ASV585,ASV501,Undirected,78864,,0.618607
ASV585,ASV531,Undirected,78865,,0.618286
ASV585,ASV551,Undirected,78866,,-0.627584
ASV585,ASV554,Undirected,78867,,0.614407
ASV585,ASV556,Undirected,78868,,0.604544
ASV585,ASV563,Undirected,78869,,-0.645848
ASV585,ASV585,Undirected,78872,,1
ASV585,ASV748,Undirected,78873,,1.575763
ASV585,ASV970,Undirected,78874,,1.487637
ASV586,ASV1066,Undirected,78875,,0.681036
ASV586,ASV1350,Undirected,78876,,0.602066
ASV586,ASV433,Undirected,78877,,-0.609315
ASV586,ASV5848,Undirected,78878,,-0.606484
ASV586,ASV586,Undirected,78879,,1
ASV586,ASV634,Undirected,78880,,-1.42309
ASV587,ASV1588,Undirected,78881,,0.64255
ASV587,ASV199,Undirected,78882,,-0.6469
ASV587,ASV587,Undirected,78883,,1
ASV589,ASV1026,Undirected,78884,,0.613116
ASV589,ASV1149,Undirected,78886,,0.647716
ASV589,ASV1210,Undirected,78887,,-0.670578
ASV589,ASV139,Undirected,78888,,0.648369
ASV589,ASV1417,Undirected,78889,,0.616272
ASV589,ASV142,Undirected,78890,,0.605387
ASV589,ASV146,Undirected,78891,,-0.639924
ASV589,ASV1615,Undirected,78894,,0.614674
ASV589,ASV164,Undirected,78895,,0.607458
ASV589,ASV170,Undirected,78896,,-0.681535
ASV589,ASV1842,Undirected,78898,,-0.685498
ASV589,ASV2,Undirected,78899,,-0.66322
ASV589,ASV207,Undirected,78901,,0.693961
ASV589,ASV214,Undirected,78902,,0.666148
ASV589,ASV216,Undirected,78903,,-0.638367
ASV589,ASV233,Undirected,78904,,0.629419
ASV589,ASV2511,Undirected,78906,,0.69113
ASV589,ASV260,Undirected,78907,,0.636599
ASV589,ASV271,Undirected,78908,,0.645899
ASV589,ASV295,Undirected,78910,,0.622798
ASV589,ASV297,Undirected,78911,,0.613547
ASV589,ASV306,Undirected,78912,,-0.602706
ASV589,ASV307,Undirected,78913,,-0.610794
ASV589,ASV32,Undirected,78914,,-0.602175
ASV589,ASV330,Undirected,78915,,-0.689281
ASV589,ASV352,Undirected,78916,,0.609615
ASV589,ASV360,Undirected,78917,,0.650867
ASV589,ASV382,Undirected,78918,,0.702184
ASV589,ASV394,Undirected,78920,,0.634995
ASV589,ASV401,Undirected,78921,,0.642748
ASV589,ASV404,Undirected,78922,,-0.609062
ASV589,ASV416,Undirected,78923,,0.618776
ASV589,ASV437,Undirected,78925,,0.616797
ASV589,ASV463,Undirected,78928,,-0.64056
ASV589,ASV5,Undirected,78930,,-0.603209
ASV589,ASV514,Undirected,78931,,-0.603323
ASV589,ASV551,Undirected,78932,,-0.663895
ASV589,ASV5744,Undirected,78933,,-0.665285
ASV589,ASV576,Undirected,78934,,0.620514
ASV589,ASV585,Undirected,78935,,0.692229
ASV589,ASV589,Undirected,78936,,1
ASV589,ASV603,Undirected,78937,,1.43919
ASV589,ASV658,Undirected,78938,,1.475439
ASV589,ASV699,Undirected,78939,,1.449539
ASV589,ASV941,Undirected,78940,,-1.534104
ASV59,ASV100,Undirected,78941,,0.641422
ASV59,ASV1007,Undirected,78942,,0.705772
ASV59,ASV1013,Undirected,78943,,0.615853
ASV59,ASV1017,Undirected,78944,,0.658707
ASV59,ASV102,Undirected,78945,,0.604244
ASV59,ASV1030,Undirected,78946,,-0.693585
ASV59,ASV106,Undirected,78947,,0.680989
ASV59,ASV110,Undirected,78951,,0.607125
ASV59,ASV114,Undirected,78954,,0.690759
ASV59,ASV1162,Undirected,78956,,-0.601068
ASV59,ASV1165,Undirected,78957,,0.694492
ASV59,ASV12,Undirected,78959,,0.603836
ASV59,ASV1210,Undirected,78961,,0.600703
ASV59,ASV123,Undirected,78963,,0.70517
ASV59,ASV1273,Undirected,78966,,-0.678247
ASV59,ASV1338,Undirected,78969,,-0.601765
ASV59,ASV1358,Undirected,78970,,-0.666346
ASV59,ASV139,Undirected,78971,,-0.668389
ASV59,ASV14,Undirected,78972,,-0.665635
ASV59,ASV140,Undirected,78973,,-0.617769
ASV59,ASV1428,Undirected,78975,,-0.668779
ASV59,ASV1492,Undirected,78977,,-0.638388
ASV59,ASV154,Undirected,78980,,-0.600207
ASV59,ASV165,Undirected,78985,,0.645477
ASV59,ASV172,Undirected,78988,,0.657379
ASV59,ASV178,Undirected,78991,,-0.665989
ASV59,ASV1781,Undirected,78992,,-0.696431
ASV59,ASV180,Undirected,78994,,0.650356
ASV59,ASV182,Undirected,78995,,0.677726
ASV59,ASV183,Undirected,78996,,-0.610285
ASV59,ASV195,Undirected,79001,,0.654943
ASV59,ASV2,Undirected,79003,,0.611971
ASV59,ASV205,Undirected,79006,,-0.648399
ASV59,ASV207,Undirected,79007,,-0.659406
ASV59,ASV214,Undirected,79008,,-0.632837
ASV59,ASV219,Undirected,79010,,-0.631473
ASV59,ASV2213,Undirected,79012,,-0.619127
ASV59,ASV227,Undirected,79015,,0.658388
ASV59,ASV228,Undirected,79016,,-0.62429
ASV59,ASV235,Undirected,79020,,-0.621901
ASV59,ASV264,Undirected,79031,,-0.625262
ASV59,ASV28,Undirected,79037,,-0.601962
ASV59,ASV29,Undirected,79039,,-0.66529
ASV59,ASV291,Undirected,79040,,-0.629403
ASV59,ASV295,Undirected,79041,,-0.621189
ASV59,ASV306,Undirected,79042,,0.623452
ASV59,ASV307,Undirected,79043,,0.655283
ASV59,ASV326,Undirected,79047,,-0.606512
ASV59,ASV327,Undirected,79048,,0.609504
ASV59,ASV33,Undirected,79049,,0.635989
ASV59,ASV330,Undirected,79050,,0.636364
ASV59,ASV344,Undirected,79054,,0.697314
ASV59,ASV349,Undirected,79055,,-0.645601
ASV59,ASV35,Undirected,79056,,-0.685596
ASV59,ASV352,Undirected,79057,,-0.664263
ASV59,ASV369,Undirected,79061,,-0.602897
ASV59,ASV3732,Undirected,79063,,-0.654603
ASV59,ASV388,Undirected,79066,,-0.683588
ASV59,ASV398,Undirected,79067,,-0.673218
ASV59,ASV401,Undirected,79069,,-0.67947
ASV59,ASV41,Undirected,79071,,0.674239
ASV59,ASV412,Undirected,79072,,-0.614683
ASV59,ASV4134,Undirected,79073,,-0.636449
ASV59,ASV435,Undirected,79076,,-0.620808
ASV59,ASV436,Undirected,79077,,-0.663564
ASV59,ASV447,Undirected,79081,,-0.654871
ASV59,ASV451,Undirected,79082,,0.687695
ASV59,ASV452,Undirected,79083,,0.688032
ASV59,ASV488,Undirected,79090,,-0.626124
ASV59,ASV5010,Undirected,79093,,-0.644536
ASV59,ASV507,Undirected,79094,,0.629344
ASV59,ASV516,Undirected,79097,,0.658028
ASV59,ASV528,Undirected,79098,,-0.693993
ASV59,ASV531,Undirected,79100,,-0.661151
ASV59,ASV5488,Undirected,79101,,-0.634908
ASV59,ASV553,Undirected,79103,,0.621767
ASV59,ASV554,Undirected,79104,,-0.654179
ASV59,ASV570,Undirected,79110,,-0.67019
ASV59,ASV576,Undirected,79112,,-0.680179
ASV59,ASV579,Undirected,79113,,-0.639887
ASV59,ASV589,Undirected,79114,,-0.67874
ASV59,ASV59,Undirected,79115,,1
ASV59,ASV6,Undirected,79116,,-1.764706
ASV59,ASV61,Undirected,79117,,1.779847
ASV59,ASV637,Undirected,79118,,1.607068
ASV59,ASV655,Undirected,79119,,-1.598365
ASV59,ASV681,Undirected,79120,,1.798044
ASV59,ASV71,Undirected,79121,,1.851393
ASV59,ASV732,Undirected,79122,,1.433799
ASV59,ASV733,Undirected,79123,,1.677246
ASV59,ASV74,Undirected,79124,,1.725208
ASV59,ASV79,Undirected,79125,,1.676488
ASV59,ASV80,Undirected,79126,,1.616934
ASV59,ASV810,Undirected,79127,,1.806137
ASV59,ASV82,Undirected,79128,,1.852349
ASV59,ASV828,Undirected,79129,,-1.514251
ASV59,ASV85,Undirected,79130,,-1.423554
ASV59,ASV856,Undirected,79131,,-1.769963
ASV59,ASV87,Undirected,79132,,1.570691
ASV59,ASV881,Undirected,79133,,-1.484972
ASV59,ASV9,Undirected,79134,,1.793602
ASV59,ASV90,Undirected,79135,,1.785125
ASV59,ASV922,Undirected,79136,,-1.480045
ASV59,ASV95,Undirected,79137,,-1.642563
ASV59,ASV955,Undirected,79138,,-1.465054
ASV59,ASV96,Undirected,79139,,1.690642
ASV59,ASV970,Undirected,79140,,-1.56011
ASV591,ASV1026,Undirected,79141,,-0.627769
ASV591,ASV107,Undirected,79143,,0.667889
ASV591,ASV113,Undirected,79144,,0.683318
ASV591,ASV115,Undirected,79145,,0.660779
ASV591,ASV117,Undirected,79146,,0.625526
ASV591,ASV123,Undirected,79147,,0.640314
ASV591,ASV1232,Undirected,79148,,0.677391
ASV591,ASV1269,Undirected,79149,,-0.629577
ASV591,ASV1298,Undirected,79150,,-0.624554
ASV591,ASV158,Undirected,79151,,-0.691801
ASV591,ASV170,Undirected,79152,,0.661985
ASV591,ASV182,Undirected,79153,,0.618155
ASV591,ASV1838,Undirected,79154,,-0.602916
ASV591,ASV1842,Undirected,79155,,0.644512
ASV591,ASV2026,Undirected,79156,,0.660361
ASV591,ASV207,Undirected,79157,,-0.665445
ASV591,ASV216,Undirected,79158,,0.634179
ASV591,ASV248,Undirected,79159,,-0.662506
ASV591,ASV276,Undirected,79160,,0.658502
ASV591,ASV358,Undirected,79161,,0.667365
ASV591,ASV36,Undirected,79162,,0.607914
ASV591,ASV456,Undirected,79163,,-0.605114
ASV591,ASV459,Undirected,79164,,-0.691825
ASV591,ASV483,Undirected,79165,,0.615316
ASV591,ASV51,Undirected,79166,,-0.600732
ASV591,ASV589,Undirected,79167,,-0.661464
ASV591,ASV59,Undirected,79168,,0.607806
ASV591,ASV591,Undirected,79169,,1
ASV591,ASV660,Undirected,79170,,-1.519723
ASV592,ASV1551,Undirected,79173,,0.644102
ASV592,ASV172,Undirected,79174,,-0.667037
ASV592,ASV187,Undirected,79175,,-0.613558
ASV592,ASV196,Undirected,79176,,-0.664601
ASV592,ASV20,Undirected,79177,,-0.617406
ASV592,ASV251,Undirected,79178,,-0.666678
ASV592,ASV262,Undirected,79179,,-0.643912
ASV592,ASV2809,Undirected,79181,,0.667546
ASV592,ASV317,Undirected,79183,,-0.686145
ASV592,ASV362,Undirected,79184,,-0.636752
ASV592,ASV363,Undirected,79185,,-0.603974
ASV592,ASV37,Undirected,79186,,-0.629379
ASV592,ASV4,Undirected,79187,,-0.65559
ASV592,ASV4257,Undirected,79188,,0.671373
ASV592,ASV48,Undirected,79189,,-0.701219
ASV592,ASV547,Undirected,79191,,0.684938
ASV592,ASV592,Undirected,79192,,1
ASV595,ASV1594,Undirected,79193,,-0.673113
ASV595,ASV595,Undirected,79195,,1
ASV596,ASV1292,Undirected,79196,,0.658161
ASV596,ASV1468,Undirected,79197,,0.680417
ASV596,ASV1493,Undirected,79198,,0.608569
ASV596,ASV1499,Undirected,79199,,0.634523
ASV596,ASV16,Undirected,79200,,-0.686683
ASV596,ASV192,Undirected,79201,,0.658785
ASV596,ASV248,Undirected,79203,,0.625382
ASV596,ASV269,Undirected,79204,,0.654038
ASV596,ASV298,Undirected,79205,,0.669705
ASV596,ASV3189,Undirected,79206,,0.693135
ASV596,ASV3752,Undirected,79207,,0.604514
ASV596,ASV410,Undirected,79208,,0.689352
ASV596,ASV596,Undirected,79209,,1
ASV596,ASV618,Undirected,79210,,1.472195
ASV597,ASV1292,Undirected,79211,,0.645658
ASV597,ASV1466,Undirected,79212,,0.679635
ASV597,ASV247,Undirected,79213,,-0.608205
ASV597,ASV413,Undirected,79214,,-0.612202
ASV597,ASV50,Undirected,79217,,-0.631181
ASV597,ASV573,Undirected,79218,,-0.697087
ASV597,ASV597,Undirected,79219,,1
ASV6,ASV1017,Undirected,79220,,-0.615907
ASV6,ASV1026,Undirected,79221,,0.686211
ASV6,ASV103,Undirected,79222,,-0.625262
ASV6,ASV107,Undirected,79223,,-0.682525
ASV6,ASV114,Undirected,79229,,-0.658751
ASV6,ASV1141,Undirected,79230,,-0.645522
ASV6,ASV1162,Undirected,79231,,0.685447
ASV6,ASV1186,Undirected,79233,,-0.680485
ASV6,ASV123,Undirected,79236,,-0.615723
ASV6,ASV1243,Undirected,79237,,0.671858
ASV6,ASV1286,Undirected,79239,,0.649284
ASV6,ASV1295,Undirected,79240,,0.685408
ASV6,ASV1298,Undirected,79241,,0.673894
ASV6,ASV135,Undirected,79243,,-0.66874
ASV6,ASV1381,Undirected,79245,,-0.615513
ASV6,ASV142,Undirected,79248,,0.699381
ASV6,ASV1468,Undirected,79249,,0.622899
ASV6,ASV1492,Undirected,79251,,0.658047
ASV6,ASV1513,Undirected,79253,,0.604944
ASV6,ASV153,Undirected,79254,,-0.62571
ASV6,ASV154,Undirected,79255,,0.670455
ASV6,ASV1546,Undirected,79256,,0.604058
ASV6,ASV1551,Undirected,79257,,0.622997
ASV6,ASV165,Undirected,79262,,-0.690389
ASV6,ASV170,Undirected,79263,,-0.69426
ASV6,ASV172,Undirected,79265,,-0.696594
ASV6,ASV1730,Undirected,79266,,0.626297
ASV6,ASV178,Undirected,79268,,0.629625
ASV6,ASV1781,Undirected,79269,,0.663218
ASV6,ASV179,Undirected,79270,,0.65873
ASV6,ASV18,Undirected,79272,,0.634675
ASV6,ASV180,Undirected,79273,,-0.637829
ASV6,ASV184,Undirected,79274,,-0.681844
ASV6,ASV187,Undirected,79275,,-0.646695
ASV6,ASV194,Undirected,79277,,-0.698037
ASV6,ASV197,Undirected,79278,,-0.680785
ASV6,ASV2017,Undirected,79279,,0.661839
ASV6,ASV2026,Undirected,79280,,-0.68845
ASV6,ASV207,Undirected,79281,,0.695809
ASV6,ASV214,Undirected,79282,,0.62973
ASV6,ASV22,Undirected,79285,,-0.616461
ASV6,ASV2213,Undirected,79287,,0.638048
ASV6,ASV2290,Undirected,79291,,0.615475
ASV6,ASV235,Undirected,79294,,0.6281
ASV6,ASV2383,Undirected,79296,,0.607816
ASV6,ASV241,Undirected,79298,,0.623391
ASV6,ASV243,Undirected,79300,,0.610843
ASV6,ASV276,Undirected,79313,,-0.689803
ASV6,ASV277,Undirected,79314,,0.644565
ASV6,ASV283,Undirected,79315,,0.680507
ASV6,ASV291,Undirected,79317,,0.698761
ASV6,ASV295,Undirected,79318,,0.655298
ASV6,ASV297,Undirected,79319,,0.618196
ASV6,ASV306,Undirected,79320,,-0.602705
ASV6,ASV307,Undirected,79321,,-0.644931
ASV6,ASV328,Undirected,79327,,0.613875
ASV6,ASV330,Undirected,79329,,-0.698348
ASV6,ASV332,Undirected,79330,,0.647364
ASV6,ASV344,Undirected,79334,,-0.657025
ASV6,ASV369,Undirected,79341,,0.679422
ASV6,ASV374,Undirected,79343,,-0.659081
ASV6,ASV3752,Undirected,79344,,0.622516
ASV6,ASV3768,Undirected,79345,,0.61538
ASV6,ASV38,Undirected,79346,,-0.609907
ASV6,ASV388,Undirected,79347,,0.633873
ASV6,ASV4134,Undirected,79351,,0.633319
ASV6,ASV428,Undirected,79353,,0.701646
ASV6,ASV435,Undirected,79355,,0.633608
ASV6,ASV437,Undirected,79356,,0.688528
ASV6,ASV440,Undirected,79357,,0.690161
ASV6,ASV447,Undirected,79359,,0.642216
ASV6,ASV452,Undirected,79360,,-0.654521
ASV6,ASV483,Undirected,79367,,-0.67803
ASV6,ASV507,Undirected,79371,,-0.675496
ASV6,ASV51,Undirected,79372,,0.614833
ASV6,ASV5488,Undirected,79378,,0.660802
ASV6,ASV554,Undirected,79380,,0.659404
ASV6,ASV564,Undirected,79382,,-0.705706
ASV6,ASV57,Undirected,79384,,-0.664257
ASV6,ASV5782,Undirected,79388,,-0.631905
ASV6,ASV579,Undirected,79389,,0.694257
ASV6,ASV589,Undirected,79390,,0.642527
ASV6,ASV6,Undirected,79392,,1
ASV6,ASV61,Undirected,79393,,-1.817056
ASV6,ASV637,Undirected,79394,,-1.526196
ASV6,ASV655,Undirected,79395,,1.438529
ASV6,ASV672,Undirected,79396,,1.431891
ASV6,ASV681,Undirected,79397,,-1.54118
ASV6,ASV708,Undirected,79398,,1.56635
ASV6,ASV71,Undirected,79399,,-1.587203
ASV6,ASV732,Undirected,79400,,-1.475358
ASV6,ASV733,Undirected,79401,,-1.519485
ASV6,ASV74,Undirected,79402,,-1.514464
ASV6,ASV775,Undirected,79403,,1.585929
ASV6,ASV80,Undirected,79404,,-1.670625
ASV6,ASV810,Undirected,79405,,-1.706602
ASV6,ASV82,Undirected,79406,,-1.755292
ASV6,ASV83,Undirected,79407,,1.450414
ASV6,ASV856,Undirected,79408,,1.749238
ASV6,ASV876,Undirected,79409,,1.627541
ASV6,ASV881,Undirected,79410,,1.700968
ASV6,ASV9,Undirected,79411,,-1.731682
ASV6,ASV90,Undirected,79412,,-1.458678
ASV6,ASV92,Undirected,79413,,1.547521
ASV6,ASV95,Undirected,79414,,1.774794
ASV6,ASV96,Undirected,79415,,-1.69685
ASV6,ASV970,Undirected,79416,,1.530988
ASV6,ASV995,Undirected,79417,,1.482368
ASV60,ASV100,Undirected,79418,,0.636743
ASV60,ASV1066,Undirected,79419,,0.671492
ASV60,ASV114,Undirected,79420,,0.648503
ASV60,ASV116,Undirected,79421,,-0.616949
ASV60,ASV117,Undirected,79422,,0.631117
ASV60,ASV1293,Undirected,79423,,0.60832
ASV60,ASV1298,Undirected,79424,,-0.60976
ASV60,ASV13,Undirected,79425,,0.614754
ASV60,ASV131,Undirected,79426,,-0.637833
ASV60,ASV14,Undirected,79427,,-0.670483
ASV60,ASV165,Undirected,79429,,0.658101
ASV60,ASV191,Undirected,79431,,0.689332
ASV60,ASV2026,Undirected,79432,,0.616397
ASV60,ASV2185,Undirected,79435,,-0.614018
ASV60,ASV220,Undirected,79436,,0.685775
ASV60,ASV224,Undirected,79437,,-0.616111
ASV60,ASV2291,Undirected,79438,,-0.624284
ASV60,ASV244,Undirected,79439,,0.631309
ASV60,ASV263,Undirected,79440,,0.691274
ASV60,ASV271,Undirected,79441,,-0.612501
ASV60,ASV327,Undirected,79445,,0.695592
ASV60,ASV3327,Undirected,79446,,0.614508
ASV60,ASV35,Undirected,79448,,-0.645388
ASV60,ASV3732,Undirected,79449,,-0.616749
ASV60,ASV398,Undirected,79450,,-0.632349
ASV60,ASV414,Undirected,79452,,0.618969
ASV60,ASV483,Undirected,79453,,0.630027
ASV60,ASV485,Undirected,79454,,0.606121
ASV60,ASV486,Undirected,79455,,0.623695
ASV60,ASV5010,Undirected,79456,,-0.61691
ASV60,ASV513,Undirected,79458,,-0.613427
ASV60,ASV528,Undirected,79459,,-0.621805
ASV60,ASV529,Undirected,79460,,-0.695999
ASV60,ASV539,Undirected,79461,,-0.621735
ASV60,ASV549,Undirected,79463,,-0.616749
ASV60,ASV570,Undirected,79464,,-0.60316
ASV60,ASV59,Undirected,79465,,0.633119
ASV60,ASV6,Undirected,79466,,-0.60302
ASV60,ASV60,Undirected,79467,,1
ASV60,ASV62,Undirected,79468,,1.491627
ASV60,ASV681,Undirected,79469,,1.419795
ASV60,ASV686,Undirected,79470,,1.413667
ASV600,ASV100,Undirected,79471,,-0.612651
ASV600,ASV1017,Undirected,79472,,-0.621457
ASV600,ASV108,Undirected,79475,,-0.680049
ASV600,ASV111,Undirected,79476,,-0.629565
ASV600,ASV1136,Undirected,79477,,-0.619898
ASV600,ASV1198,Undirected,79479,,0.609232
ASV600,ASV1210,Undirected,79480,,-0.677427
ASV600,ASV1217,Undirected,79481,,0.673437
ASV600,ASV122,Undirected,79482,,-0.60931
ASV600,ASV1437,Undirected,79483,,0.610845
ASV600,ASV1514,Undirected,79484,,0.676516
ASV600,ASV158,Undirected,79485,,0.680723
ASV600,ASV194,Undirected,79486,,-0.649488
ASV600,ASV2155,Undirected,79487,,-0.674809
ASV600,ASV216,Undirected,79488,,-0.692529
ASV600,ASV229,Undirected,79489,,-0.633535
ASV600,ASV25,Undirected,79491,,-0.614361
ASV600,ASV2552,Undirected,79492,,-0.600209
ASV600,ASV260,Undirected,79493,,0.61355
ASV600,ASV261,Undirected,79494,,0.669975
ASV600,ASV271,Undirected,79495,,0.60616
ASV600,ASV283,Undirected,79496,,0.662488
ASV600,ASV31,Undirected,79498,,-0.6198
ASV600,ASV310,Undirected,79499,,0.689787
ASV600,ASV332,Undirected,79500,,0.636988
ASV600,ASV344,Undirected,79501,,-0.601989
ASV600,ASV349,Undirected,79502,,0.62683
ASV600,ASV35,Undirected,79503,,0.655241
ASV600,ASV352,Undirected,79504,,0.640798
ASV600,ASV384,Undirected,79507,,0.630753
ASV600,ASV4,Undirected,79508,,-0.645547
ASV600,ASV404,Undirected,79509,,-0.667887
ASV600,ASV4134,Undirected,79510,,0.640572
ASV600,ASV445,Undirected,79511,,-0.606986
ASV600,ASV459,Undirected,79512,,0.615627
ASV600,ASV5,Undirected,79513,,-0.61644
ASV600,ASV514,Undirected,79515,,-0.699535
ASV600,ASV528,Undirected,79516,,0.614421
ASV600,ASV564,Undirected,79520,,-0.655536
ASV600,ASV5744,Undirected,79521,,-0.633535
ASV600,ASV6,Undirected,79522,,0.648666
ASV600,ASV600,Undirected,79523,,1
ASV600,ASV61,Undirected,79524,,-1.491956
ASV600,ASV781,Undirected,79525,,1.542822
ASV600,ASV810,Undirected,79526,,-1.596872
ASV600,ASV881,Undirected,79527,,1.483264
ASV600,ASV92,Undirected,79528,,1.536971
ASV601,ASV2008,Undirected,79529,,0.681706
ASV601,ASV3089,Undirected,79530,,0.652089
ASV601,ASV379,Undirected,79531,,-0.619859
ASV601,ASV390,Undirected,79532,,0.661464
ASV601,ASV436,Undirected,79533,,0.600934
ASV601,ASV601,Undirected,79534,,1
ASV603,ASV1149,Undirected,79535,,0.630562
ASV603,ASV117,Undirected,79536,,-0.601939
ASV603,ASV123,Undirected,79537,,-0.606141
ASV603,ASV1615,Undirected,79539,,0.65442
ASV603,ASV180,Undirected,79541,,-0.621096
ASV603,ASV183,Undirected,79542,,0.686543
ASV603,ASV202,Undirected,79543,,0.607401
ASV603,ASV216,Undirected,79544,,-0.639022
ASV603,ASV231,Undirected,79545,,0.685608
ASV603,ASV233,Undirected,79546,,0.605297
ASV603,ASV2511,Undirected,79547,,0.696716
ASV603,ASV297,Undirected,79549,,0.674602
ASV603,ASV307,Undirected,79550,,-0.618542
ASV603,ASV3072,Undirected,79551,,-0.700644
ASV603,ASV404,Undirected,79554,,-0.615734
ASV603,ASV4229,Undirected,79555,,0.642705
ASV603,ASV445,Undirected,79557,,-0.612859
ASV603,ASV456,Undirected,79558,,0.647067
ASV603,ASV514,Undirected,79559,,-0.613606
ASV603,ASV576,Undirected,79560,,0.613098
ASV603,ASV5782,Undirected,79561,,-0.645248
ASV603,ASV603,Undirected,79563,,1
ASV603,ASV955,Undirected,79564,,1.425681
ASV604,ASV1140,Undirected,79565,,-0.615912
ASV604,ASV155,Undirected,79566,,0.60101
ASV604,ASV2570,Undirected,79567,,0.632815
ASV604,ASV604,Undirected,79568,,1
ASV606,ASV10,Undirected,79569,,0.65148
ASV606,ASV1042,Undirected,79570,,-0.627766
ASV606,ASV14,Undirected,79571,,0.633873
ASV606,ASV1466,Undirected,79572,,0.619793
ASV606,ASV1483,Undirected,79573,,0.614781
ASV606,ASV190,Undirected,79574,,-0.672727
ASV606,ASV2187,Undirected,79576,,0.638675
ASV606,ASV224,Undirected,79577,,0.647488
ASV606,ASV2771,Undirected,79578,,0.638299
ASV606,ASV3,Undirected,79580,,0.678409
ASV606,ASV30,Undirected,79581,,0.691874
ASV606,ASV314,Undirected,79582,,0.645714
ASV606,ASV3207,Undirected,79583,,0.614427
ASV606,ASV322,Undirected,79584,,0.608922
ASV606,ASV393,Undirected,79587,,-0.644606
ASV606,ASV407,Undirected,79588,,0.629477
ASV606,ASV49,Undirected,79590,,0.678409
ASV606,ASV5381,Undirected,79591,,0.616101
ASV606,ASV547,Undirected,79592,,-0.687495
ASV606,ASV606,Undirected,79593,,1
ASV606,ASV671,Undirected,79594,,1.730153
ASV606,ASV860,Undirected,79595,,1.691429
ASV606,ASV894,Undirected,79596,,1.614786
ASV61,ASV1007,Undirected,79598,,0.676201
ASV61,ASV106,Undirected,79601,,0.655371
ASV61,ASV1069,Undirected,79602,,-0.684517
ASV61,ASV1093,Undirected,79605,,-0.608951
ASV61,ASV1120,Undirected,79607,,-0.603484
ASV61,ASV1136,Undirected,79609,,0.60365
ASV61,ASV1141,Undirected,79611,,0.668944
ASV61,ASV1162,Undirected,79612,,-0.624954
ASV61,ASV1165,Undirected,79613,,0.676308
ASV61,ASV1217,Undirected,79616,,-0.630049
ASV61,ASV1286,Undirected,79621,,-0.632461
ASV61,ASV1295,Undirected,79622,,-0.693243
ASV61,ASV1298,Undirected,79623,,-0.66844
ASV61,ASV14,Undirected,79628,,-0.666667
ASV61,ASV140,Undirected,79629,,-0.600104
ASV61,ASV142,Undirected,79630,,-0.636317
ASV61,ASV1428,Undirected,79631,,-0.608782
ASV61,ASV149,Undirected,79632,,-0.697362
ASV61,ASV154,Undirected,79636,,-0.681324
ASV61,ASV1546,Undirected,79637,,-0.616949
ASV61,ASV1793,Undirected,79650,,-0.638072
ASV61,ASV180,Undirected,79652,,0.618431
ASV61,ASV187,Undirected,79654,,0.630109
ASV61,ASV2026,Undirected,79658,,0.675854
ASV61,ASV206,Undirected,79659,,0.683804
ASV61,ASV207,Undirected,79660,,-0.601053
ASV61,ASV214,Undirected,79661,,-0.629151
ASV61,ASV2213,Undirected,79666,,-0.606402
ASV61,ASV228,Undirected,79669,,-0.685818
ASV61,ASV233,Undirected,79672,,-0.683804
ASV61,ASV235,Undirected,79673,,-0.60476
ASV61,ASV242,Undirected,79677,,-0.638716
ASV61,ASV252,Undirected,79681,,0.617495
ASV61,ASV264,Undirected,79686,,-0.680146
ASV61,ASV28,Undirected,79692,,-0.633403
ASV61,ASV291,Undirected,79695,,-0.607051
ASV61,ASV295,Undirected,79696,,-0.60559
ASV61,ASV307,Undirected,79697,,0.674962
ASV61,ASV3072,Undirected,79698,,0.669569
ASV61,ASV327,Undirected,79702,,0.628039
ASV61,ASV33,Undirected,79703,,0.654583
ASV61,ASV330,Undirected,79704,,0.62597
ASV61,ASV332,Undirected,79705,,-0.662351
ASV61,ASV334,Undirected,79707,,-0.677019
ASV61,ASV335,Undirected,79708,,-0.612791
ASV61,ASV344,Undirected,79710,,0.698396
ASV61,ASV349,Undirected,79711,,-0.663728
ASV61,ASV352,Undirected,79713,,-0.647567
ASV61,ASV360,Undirected,79715,,-0.633014
ASV61,ASV369,Undirected,79717,,-0.66028
ASV61,ASV3752,Undirected,79721,,-0.651485
ASV61,ASV38,Undirected,79722,,0.63566
ASV61,ASV398,Undirected,79723,,-0.654583
ASV61,ASV4134,Undirected,79726,,-0.687596
ASV61,ASV436,Undirected,79729,,-0.688959
ASV61,ASV438,Undirected,79731,,0.620011
ASV61,ASV440,Undirected,79732,,-0.658539
ASV61,ASV447,Undirected,79734,,-0.612584
ASV61,ASV456,Undirected,79737,,-0.687081
ASV61,ASV458,Undirected,79738,,-0.616283
ASV61,ASV468,Undirected,79741,,-0.698396
ASV61,ASV483,Undirected,79743,,0.652721
ASV61,ASV5010,Undirected,79746,,-0.659569
ASV61,ASV51,Undirected,79748,,-0.70613
ASV61,ASV516,Undirected,79751,,0.621107
ASV61,ASV5245,Undirected,79752,,0.682359
ASV61,ASV531,Undirected,79755,,-0.669949
ASV61,ASV5511,Undirected,79757,,-0.623465
ASV61,ASV5687,Undirected,79760,,0.704636
ASV61,ASV571,Undirected,79763,,0.631024
ASV61,ASV576,Undirected,79765,,-0.666154
ASV61,ASV579,Undirected,79766,,-0.696905
ASV61,ASV60,Undirected,79769,,0.670484
ASV61,ASV61,Undirected,79771,,1
ASV61,ASV637,Undirected,79772,,1.733134
ASV61,ASV655,Undirected,79773,,-1.462591
ASV61,ASV681,Undirected,79774,,1.667016
ASV61,ASV708,Undirected,79775,,-1.437528
ASV61,ASV71,Undirected,79776,,1.552457
ASV61,ASV732,Undirected,79777,,1.62125
ASV61,ASV74,Undirected,79778,,1.793068
ASV61,ASV781,Undirected,79779,,-1.576011
ASV61,ASV79,Undirected,79780,,1.571429
ASV61,ASV80,Undirected,79781,,1.721821
ASV61,ASV810,Undirected,79782,,1.787132
ASV61,ASV82,Undirected,79783,,1.869701
ASV61,ASV828,Undirected,79784,,-1.50519
ASV61,ASV850,Undirected,79785,,1.662057
ASV61,ASV856,Undirected,79786,,-1.623254
ASV61,ASV87,Undirected,79787,,1.571061
ASV61,ASV881,Undirected,79788,,-1.613122
ASV61,ASV9,Undirected,79789,,1.779847
ASV61,ASV90,Undirected,79790,,1.642007
ASV61,ASV92,Undirected,79791,,-1.504398
ASV61,ASV927,Undirected,79792,,1.425618
ASV61,ASV95,Undirected,79793,,-1.592344
ASV61,ASV955,Undirected,79794,,-1.446306
ASV61,ASV96,Undirected,79795,,1.692229
ASV610,ASV268,Undirected,79797,,0.638165
ASV610,ASV375,Undirected,79798,,-0.604654
ASV610,ASV610,Undirected,79799,,1
ASV611,ASV107,Undirected,79800,,-0.649106
ASV611,ASV108,Undirected,79801,,-0.628021
ASV611,ASV114,Undirected,79802,,-0.606387
ASV611,ASV1202,Undirected,79803,,0.637923
ASV611,ASV1272,Undirected,79804,,-0.701396
ASV611,ASV154,Undirected,79806,,0.630176
ASV611,ASV224,Undirected,79808,,0.613483
ASV611,ASV2599,Undirected,79809,,0.697915
ASV611,ASV328,Undirected,79810,,0.624165
ASV611,ASV398,Undirected,79812,,0.616207
ASV611,ASV456,Undirected,79813,,0.622721
ASV611,ASV467,Undirected,79814,,0.650784
ASV611,ASV482,Undirected,79815,,-0.648169
ASV611,ASV529,Undirected,79818,,0.668177
ASV611,ASV591,Undirected,79819,,-0.618051
ASV611,ASV60,Undirected,79820,,-0.602207
ASV611,ASV611,Undirected,79821,,1
ASV611,ASV623,Undirected,79822,,1.459706
ASV611,ASV83,Undirected,79823,,1.413723
ASV618,ASV110,Undirected,79824,,-0.640953
ASV618,ASV1162,Undirected,79825,,0.606109
ASV618,ASV1221,Undirected,79826,,0.635407
ASV618,ASV1292,Undirected,79827,,0.656088
ASV618,ASV1468,Undirected,79828,,0.653736
ASV618,ASV1493,Undirected,79829,,0.614064
ASV618,ASV1499,Undirected,79830,,0.600221
ASV618,ASV16,Undirected,79831,,-0.673488
ASV618,ASV22,Undirected,79832,,-0.63608
ASV618,ASV2974,Undirected,79833,,0.622035
ASV618,ASV407,Undirected,79834,,0.61372
ASV618,ASV410,Undirected,79835,,0.667728
ASV618,ASV45,Undirected,79836,,-0.626266
ASV618,ASV618,Undirected,79838,,1
ASV619,ASV1026,Undirected,79839,,0.637374
ASV619,ASV106,Undirected,79840,,-0.640532
ASV619,ASV1120,Undirected,79841,,0.674152
ASV619,ASV1165,Undirected,79843,,-0.656858
ASV619,ASV1198,Undirected,79844,,0.679925
ASV619,ASV121,Undirected,79845,,-0.641635
ASV619,ASV123,Undirected,79847,,-0.636792
ASV619,ASV13,Undirected,79848,,-0.626968
ASV619,ASV1353,Undirected,79849,,0.667917
ASV619,ASV139,Undirected,79850,,0.605428
ASV619,ASV1428,Undirected,79851,,0.605775
ASV619,ASV158,Undirected,79852,,0.626447
ASV619,ASV159,Undirected,79853,,0.678672
ASV619,ASV164,Undirected,79854,,0.67102
ASV619,ASV1738,Undirected,79856,,0.600991
ASV619,ASV1740,Undirected,79857,,0.668587
ASV619,ASV182,Undirected,79858,,-0.659534
ASV619,ASV1842,Undirected,79859,,-0.624563
ASV619,ASV197,Undirected,79861,,-0.68872
ASV619,ASV207,Undirected,79863,,0.657233
ASV619,ASV214,Undirected,79864,,0.633617
ASV619,ASV2213,Undirected,79865,,0.627154
ASV619,ASV225,Undirected,79866,,0.607824
ASV619,ASV226,Undirected,79867,,-0.618481
ASV619,ASV228,Undirected,79868,,0.601053
ASV619,ASV229,Undirected,79869,,-0.616679
ASV619,ASV235,Undirected,79870,,0.672061
ASV619,ASV244,Undirected,79871,,-0.640448
ASV619,ASV260,Undirected,79873,,0.609703
ASV619,ASV261,Undirected,79874,,0.668763
ASV619,ASV264,Undirected,79875,,0.603032
ASV619,ASV2744,Undirected,79876,,0.677202
ASV619,ASV283,Undirected,79877,,0.650812
ASV619,ASV310,Undirected,79878,,0.613465
ASV619,ASV32,Undirected,79879,,-0.623004
ASV619,ASV3238,Undirected,79880,,0.626052
ASV619,ASV326,Undirected,79881,,0.613366
ASV619,ASV330,Undirected,79882,,-0.626251
ASV619,ASV344,Undirected,79883,,-0.697569
ASV619,ASV404,Undirected,79886,,-0.630561
ASV619,ASV416,Undirected,79887,,0.697611
ASV619,ASV430,Undirected,79888,,0.66667
ASV619,ASV449,Undirected,79889,,0.70481
ASV619,ASV456,Undirected,79890,,0.669978
ASV619,ASV459,Undirected,79891,,0.692026
ASV619,ASV463,Undirected,79892,,-0.675713
ASV619,ASV475,Undirected,79894,,-0.657892
ASV619,ASV514,Undirected,79895,,-0.608565
ASV619,ASV5488,Undirected,79896,,0.636227
ASV619,ASV551,Undirected,79897,,-0.666842
ASV619,ASV56,Undirected,79898,,-0.612195
ASV619,ASV570,Undirected,79899,,0.705423
ASV619,ASV576,Undirected,79900,,0.615385
ASV619,ASV589,Undirected,79901,,0.616275
ASV619,ASV59,Undirected,79902,,-0.668767
ASV619,ASV591,Undirected,79903,,-0.670681
ASV619,ASV6,Undirected,79904,,0.636525
ASV619,ASV61,Undirected,79905,,-0.655221
ASV619,ASV619,Undirected,79906,,1
ASV619,ASV670,Undirected,79907,,1.434418
ASV619,ASV876,Undirected,79908,,1.429694
ASV62,ASV106,Undirected,79910,,0.695149
ASV62,ASV116,Undirected,79912,,-0.642507
ASV62,ASV1428,Undirected,79914,,-0.663861
ASV62,ASV15,Undirected,79915,,0.612439
ASV62,ASV1738,Undirected,79916,,-0.628278
ASV62,ASV174,Undirected,79917,,0.675634
ASV62,ASV182,Undirected,79919,,0.621674
ASV62,ASV201,Undirected,79920,,-0.651902
ASV62,ASV2026,Undirected,79921,,0.674102
ASV62,ASV206,Undirected,79922,,0.662836
ASV62,ASV22,Undirected,79923,,0.697883
ASV62,ASV220,Undirected,79924,,0.666678
ASV62,ASV226,Undirected,79926,,0.662147
ASV62,ASV2291,Undirected,79927,,-0.683423
ASV62,ASV266,Undirected,79928,,-0.681145
ASV62,ASV288,Undirected,79931,,-0.629588
ASV62,ASV29,Undirected,79932,,-0.647913
ASV62,ASV30,Undirected,79933,,-0.655582
ASV62,ASV327,Undirected,79934,,0.669823
ASV62,ASV3347,Undirected,79935,,-0.618132
ASV62,ASV38,Undirected,79936,,0.650371
ASV62,ASV4134,Undirected,79937,,-0.608009
ASV62,ASV49,Undirected,79938,,-0.603469
ASV62,ASV51,Undirected,79939,,-0.651318
ASV62,ASV539,Undirected,79940,,-0.641661
ASV62,ASV5488,Undirected,79941,,-0.621874
ASV62,ASV570,Undirected,79943,,-0.606221
ASV62,ASV62,Undirected,79945,,1
ASV62,ASV624,Undirected,79946,,1.640487
ASV622,ASV1093,Undirected,79947,,0.681869
ASV622,ASV1513,Undirected,79948,,0.613862
ASV622,ASV164,Undirected,79949,,0.626716
ASV622,ASV1712,Undirected,79950,,-0.630778
ASV622,ASV202,Undirected,79951,,0.641458
ASV622,ASV207,Undirected,79952,,0.615224
ASV622,ASV219,Undirected,79953,,0.633764
ASV622,ASV241,Undirected,79954,,0.605141
ASV622,ASV244,Undirected,79955,,-0.608054
ASV622,ASV2583,Undirected,79956,,-0.685845
ASV622,ASV3072,Undirected,79958,,-0.61541
ASV622,ASV398,Undirected,79960,,0.633107
ASV622,ASV428,Undirected,79961,,0.617873
ASV622,ASV456,Undirected,79962,,0.625009
ASV622,ASV458,Undirected,79963,,0.63794
ASV622,ASV503,Undirected,79964,,0.673767
ASV622,ASV528,Undirected,79966,,0.620424
ASV622,ASV531,Undirected,79967,,0.617769
ASV622,ASV557,Undirected,79968,,-0.634175
ASV622,ASV560,Undirected,79969,,0.633458
ASV622,ASV6,Undirected,79970,,0.673988
ASV622,ASV622,Undirected,79971,,1
ASV622,ASV708,Undirected,79972,,1.422574
ASV622,ASV876,Undirected,79973,,1.469045
ASV623,ASV107,Undirected,79974,,-0.6426
ASV623,ASV108,Undirected,79975,,-0.613307
ASV623,ASV111,Undirected,79977,,-0.631037
ASV623,ASV1162,Undirected,79978,,0.686036
ASV623,ASV117,Undirected,79979,,-0.685033
ASV623,ASV1221,Undirected,79981,,0.684613
ASV623,ASV1295,Undirected,79982,,0.608676
ASV623,ASV1358,Undirected,79984,,0.660571
ASV623,ASV1468,Undirected,79986,,0.692523
ASV623,ASV1492,Undirected,79987,,0.686072
ASV623,ASV158,Undirected,79989,,0.68984
ASV623,ASV191,Undirected,79990,,-0.648384
ASV623,ASV2511,Undirected,79991,,0.607571
ASV623,ASV260,Undirected,79992,,0.656106
ASV623,ASV261,Undirected,79993,,0.639671
ASV623,ASV271,Undirected,79994,,0.691988
ASV623,ASV288,Undirected,79995,,0.686072
ASV623,ASV29,Undirected,79996,,0.62481
ASV623,ASV3072,Undirected,79997,,-0.612518
ASV623,ASV31,Undirected,79998,,-0.646236
ASV623,ASV335,Undirected,80000,,0.625652
ASV623,ASV35,Undirected,80001,,0.604777
ASV623,ASV360,Undirected,80002,,0.615668
ASV623,ASV3732,Undirected,80003,,0.635846
ASV623,ASV388,Undirected,80004,,0.644641
ASV623,ASV440,Undirected,80005,,0.668923
ASV623,ASV445,Undirected,80006,,-0.657843
ASV623,ASV452,Undirected,80007,,-0.604449
ASV623,ASV456,Undirected,80008,,0.66684
ASV623,ASV459,Undirected,80009,,0.603562
ASV623,ASV514,Undirected,80012,,-0.664933
ASV623,ASV528,Undirected,80013,,0.605524
ASV623,ASV531,Undirected,80014,,0.637215
ASV623,ASV5782,Undirected,80015,,-0.648865
ASV623,ASV579,Undirected,80016,,0.695403
ASV623,ASV6,Undirected,80017,,0.61898
ASV623,ASV623,Undirected,80019,,1
ASV623,ASV653,Undirected,80020,,1.463679
ASV623,ASV681,Undirected,80021,,-1.501562
ASV623,ASV719,Undirected,80022,,-1.591861
ASV623,ASV733,Undirected,80023,,-1.56413
ASV623,ASV83,Undirected,80024,,1.529849
ASV623,ASV881,Undirected,80025,,1.470007
ASV623,ASV983,Undirected,80026,,1.474727
ASV624,ASV1017,Undirected,80029,,0.616156
ASV624,ASV102,Undirected,80030,,0.642621
ASV624,ASV104,Undirected,80031,,0.633141
ASV624,ASV110,Undirected,80032,,0.63607
ASV624,ASV126,Undirected,80034,,0.654289
ASV624,ASV1269,Undirected,80035,,-0.630971
ASV624,ASV138,Undirected,80036,,0.695267
ASV624,ASV14,Undirected,80037,,-0.63261
ASV624,ASV1428,Undirected,80038,,-0.610117
ASV624,ASV15,Undirected,80039,,0.702233
ASV624,ASV16,Undirected,80040,,0.620522
ASV624,ASV18,Undirected,80041,,-0.652444
ASV624,ASV199,Undirected,80042,,0.67133
ASV624,ASV201,Undirected,80043,,-0.68064
ASV624,ASV206,Undirected,80044,,0.632946
ASV624,ASV2185,Undirected,80045,,-0.637564
ASV624,ASV220,Undirected,80046,,0.632617
ASV624,ASV224,Undirected,80047,,-0.613931
ASV624,ASV252,Undirected,80049,,0.604839
ASV624,ASV277,Undirected,80051,,-0.606935
ASV624,ASV28,Undirected,80053,,-0.614136
ASV624,ASV30,Undirected,80054,,-0.677498
ASV624,ASV327,Undirected,80055,,0.611319
ASV624,ASV3732,Undirected,80057,,-0.686746
ASV624,ASV38,Undirected,80058,,0.625302
ASV624,ASV403,Undirected,80059,,0.652845
ASV624,ASV413,Undirected,80060,,0.630261
ASV624,ASV433,Undirected,80061,,-0.64291
ASV624,ASV443,Undirected,80063,,-0.619566
ASV624,ASV5488,Undirected,80064,,-0.633335
ASV624,ASV624,Undirected,80066,,1
ASV624,ASV667,Undirected,80067,,1.426627
ASV624,ASV686,Undirected,80068,,1.622278
ASV625,ASV101,Undirected,80069,,0.647964
ASV625,ASV1030,Undirected,80070,,-0.639289
ASV625,ASV111,Undirected,80072,,0.601914
ASV625,ASV117,Undirected,80073,,0.634771
ASV625,ASV1193,Undirected,80074,,-0.625991
ASV625,ASV1196,Undirected,80075,,0.617151
ASV625,ASV1272,Undirected,80076,,0.604208
ASV625,ASV1363,Undirected,80078,,0.646375
ASV625,ASV16,Undirected,80080,,0.619999
ASV625,ASV1763,Undirected,80082,,-0.698496
ASV625,ASV1985,Undirected,80083,,-0.670643
ASV625,ASV199,Undirected,80084,,0.64358
ASV625,ASV233,Undirected,80085,,-0.610921
ASV625,ASV248,Undirected,80086,,-0.652564
ASV625,ASV266,Undirected,80087,,-0.663374
ASV625,ASV276,Undirected,80088,,0.650099
ASV625,ASV277,Undirected,80089,,-0.638906
ASV625,ASV307,Undirected,80090,,0.694789
ASV625,ASV328,Undirected,80091,,-0.656044
ASV625,ASV33,Undirected,80092,,0.632873
ASV625,ASV36,Undirected,80093,,0.616544
ASV625,ASV369,Undirected,80094,,-0.603583
ASV625,ASV375,Undirected,80095,,-0.630324
ASV625,ASV38,Undirected,80096,,0.654532
ASV625,ASV394,Undirected,80097,,-0.656385
ASV625,ASV4229,Undirected,80098,,-0.62441
ASV625,ASV45,Undirected,80099,,0.611952
ASV625,ASV451,Undirected,80100,,0.689884
ASV625,ASV452,Undirected,80101,,0.611232
ASV625,ASV483,Undirected,80102,,0.632078
ASV625,ASV51,Undirected,80103,,-0.662312
ASV625,ASV529,Undirected,80104,,-0.664286
ASV625,ASV5848,Undirected,80105,,-0.618549
ASV625,ASV597,Undirected,80106,,-0.612784
ASV625,ASV611,Undirected,80107,,-0.644176
ASV625,ASV625,Undirected,80108,,1
ASV625,ASV68,Undirected,80109,,1.494022
ASV625,ASV73,Undirected,80110,,1.418898
ASV625,ASV86,Undirected,80111,,1.434303
ASV626,ASV1030,Undirected,80112,,-0.650052
ASV626,ASV1069,Undirected,80113,,-0.624677
ASV626,ASV13,Undirected,80115,,0.634388
ASV626,ASV171,Undirected,80118,,0.661131
ASV626,ASV175,Undirected,80119,,0.667014
ASV626,ASV181,Undirected,80120,,-0.632071
ASV626,ASV185,Undirected,80121,,0.654187
ASV626,ASV187,Undirected,80122,,0.704147
ASV626,ASV190,Undirected,80123,,0.669263
ASV626,ASV195,Undirected,80124,,0.608199
ASV626,ASV196,Undirected,80125,,0.626426
ASV626,ASV229,Undirected,80127,,0.668741
ASV626,ASV24,Undirected,80128,,0.626944
ASV626,ASV247,Undirected,80129,,0.630403
ASV626,ASV252,Undirected,80130,,0.621048
ASV626,ASV263,Undirected,80131,,0.643858
ASV626,ASV266,Undirected,80132,,-0.665628
ASV626,ASV32,Undirected,80133,,0.701867
ASV626,ASV41,Undirected,80134,,0.603316
ASV626,ASV413,Undirected,80135,,0.645836
ASV626,ASV436,Undirected,80136,,-0.640706
ASV626,ASV44,Undirected,80137,,0.691354
ASV626,ASV451,Undirected,80138,,0.634336
ASV626,ASV5,Undirected,80139,,0.624227
ASV626,ASV5010,Undirected,80140,,-0.655911
ASV626,ASV54,Undirected,80142,,0.644931
ASV626,ASV55,Undirected,80143,,0.602799
ASV626,ASV5511,Undirected,80144,,-0.660581
ASV626,ASV597,Undirected,80147,,-0.675773
ASV626,ASV626,Undirected,80148,,1
ASV626,ASV71,Undirected,80149,,1.443071
ASV626,ASV872,Undirected,80150,,1.424263
ASV627,ASV107,Undirected,80151,,-0.601159
ASV627,ASV12,Undirected,80153,,-0.602618
ASV627,ASV122,Undirected,80154,,-0.671729
ASV627,ASV1243,Undirected,80155,,0.675384
ASV627,ASV142,Undirected,80156,,0.604704
ASV627,ASV165,Undirected,80157,,-0.638235
ASV627,ASV170,Undirected,80158,,-0.675546
ASV627,ASV1781,Undirected,80159,,0.664576
ASV627,ASV195,Undirected,80160,,-0.660939
ASV627,ASV196,Undirected,80161,,-0.703665
ASV627,ASV216,Undirected,80162,,-0.648376
ASV627,ASV225,Undirected,80163,,0.696212
ASV627,ASV233,Undirected,80164,,0.670679
ASV627,ASV237,Undirected,80165,,-0.606588
ASV627,ASV2383,Undirected,80166,,0.692033
ASV627,ASV250,Undirected,80167,,0.694525
ASV627,ASV258,Undirected,80168,,-0.603974
ASV627,ASV271,Undirected,80169,,0.623506
ASV627,ASV277,Undirected,80171,,0.620173
ASV627,ASV295,Undirected,80172,,0.628467
ASV627,ASV31,Undirected,80173,,-0.678845
ASV627,ASV344,Undirected,80175,,-0.695852
ASV627,ASV36,Undirected,80176,,-0.643767
ASV627,ASV37,Undirected,80177,,-0.634585
ASV627,ASV38,Undirected,80178,,-0.661834
ASV627,ASV3995,Undirected,80179,,0.69622
ASV627,ASV4134,Undirected,80180,,0.661759
ASV627,ASV451,Undirected,80181,,-0.609501
ASV627,ASV463,Undirected,80182,,-0.607209
ASV627,ASV483,Undirected,80183,,-0.630616
ASV627,ASV5,Undirected,80184,,-0.665996
ASV627,ASV511,Undirected,80186,,-0.61338
ASV627,ASV627,Undirected,80188,,1
ASV627,ASV80,Undirected,80189,,-1.412849
ASV63,ASV314,Undirected,80191,,0.639004
ASV63,ASV39,Undirected,80193,,0.675984
ASV63,ASV407,Undirected,80194,,0.636269
ASV63,ASV606,Undirected,80197,,0.70161
ASV63,ASV63,Undirected,80198,,1
ASV63,ASV78,Undirected,80199,,1.654245
ASV63,ASV860,Undirected,80200,,1.647304
ASV631,ASV1698,Undirected,80201,,-0.621224
ASV631,ASV180,Undirected,80202,,0.637195
ASV631,ASV184,Undirected,80203,,0.697976
ASV631,ASV191,Undirected,80204,,0.6119
ASV631,ASV220,Undirected,80206,,0.60499
ASV631,ASV267,Undirected,80208,,0.643602
ASV631,ASV273,Undirected,80209,,0.603422
ASV631,ASV34,Undirected,80210,,0.605906
ASV631,ASV360,Undirected,80211,,-0.628264
ASV631,ASV388,Undirected,80212,,-0.633766
ASV631,ASV440,Undirected,80213,,-0.633576
ASV631,ASV456,Undirected,80214,,-0.637734
ASV631,ASV514,Undirected,80215,,0.603636
ASV631,ASV549,Undirected,80216,,-0.613071
ASV631,ASV5638,Undirected,80217,,-0.618748
ASV631,ASV5687,Undirected,80218,,0.609378
ASV631,ASV5782,Undirected,80219,,0.646299
ASV631,ASV603,Undirected,80220,,-0.659533
ASV631,ASV631,Undirected,80221,,1
ASV631,ASV975,Undirected,80222,,-1.469316
ASV633,ASV1092,Undirected,80223,,-0.657935
ASV633,ASV1229,Undirected,80224,,0.644423
ASV633,ASV155,Undirected,80225,,0.604373
ASV633,ASV23,Undirected,80226,,0.654573
ASV633,ASV511,Undirected,80229,,0.656771
ASV633,ASV535,Undirected,80230,,0.619896
ASV633,ASV54,Undirected,80231,,0.606855
ASV633,ASV553,Undirected,80232,,0.692709
ASV633,ASV633,Undirected,80233,,1
ASV634,ASV100,Undirected,80235,,-0.609988
ASV634,ASV1030,Undirected,80237,,0.627075
ASV634,ASV106,Undirected,80238,,-0.670886
ASV634,ASV1066,Undirected,80239,,-0.684869
ASV634,ASV1069,Undirected,80240,,0.680712
ASV634,ASV115,Undirected,80241,,-0.609011
ASV634,ASV116,Undirected,80242,,0.670637
ASV634,ASV1217,Undirected,80243,,0.624045
ASV634,ASV13,Undirected,80245,,-0.706157
ASV634,ASV138,Undirected,80246,,-0.630878
ASV634,ASV14,Undirected,80247,,0.659774
ASV634,ASV1588,Undirected,80248,,0.651821
ASV634,ASV1730,Undirected,80249,,0.610478
ASV634,ASV184,Undirected,80250,,-0.604458
ASV634,ASV197,Undirected,80252,,-0.612319
ASV634,ASV220,Undirected,80255,,-0.615266
ASV634,ASV24,Undirected,80257,,-0.680642
ASV634,ASV28,Undirected,80260,,0.683394
ASV634,ASV30,Undirected,80261,,0.665979
ASV634,ASV32,Undirected,80262,,-0.675286
ASV634,ASV3732,Undirected,80264,,0.619689
ASV634,ASV42,Undirected,80266,,-0.625065
ASV634,ASV436,Undirected,80268,,0.684648
ASV634,ASV46,Undirected,80269,,-0.695293
ASV634,ASV516,Undirected,80270,,-0.625589
ASV634,ASV624,Undirected,80273,,-0.700345
ASV634,ASV634,Undirected,80274,,1
ASV634,ASV70,Undirected,80275,,1.435977
ASV634,ASV771,Undirected,80276,,-1.467333
ASV634,ASV90,Undirected,80277,,-1.616978
ASV635,ASV128,Undirected,80278,,0.688999
ASV635,ASV188,Undirected,80279,,0.624869
ASV635,ASV241,Undirected,80280,,0.640356
ASV635,ASV2583,Undirected,80281,,-0.606568
ASV635,ASV535,Undirected,80282,,0.661597
ASV635,ASV635,Undirected,80283,,1
ASV637,ASV1069,Undirected,80284,,-0.630866
ASV637,ASV108,Undirected,80286,,0.640334
ASV637,ASV1093,Undirected,80287,,-0.608243
ASV637,ASV114,Undirected,80289,,0.614113
ASV637,ASV1149,Undirected,80290,,-0.629713
ASV637,ASV1161,Undirected,80292,,-0.696038
ASV637,ASV1193,Undirected,80294,,-0.610243
ASV637,ASV1286,Undirected,80299,,-0.607079
ASV637,ASV1295,Undirected,80300,,-0.691226
ASV637,ASV1338,Undirected,80302,,-0.697191
ASV637,ASV14,Undirected,80305,,-0.612759
ASV637,ASV142,Undirected,80306,,-0.607165
ASV637,ASV1492,Undirected,80307,,-0.698546
ASV637,ASV1499,Undirected,80308,,-0.617007
ASV637,ASV150,Undirected,80309,,0.600109
ASV637,ASV153,Undirected,80310,,0.677392
ASV637,ASV154,Undirected,80311,,-0.664249
ASV637,ASV1546,Undirected,80312,,-0.65902
ASV637,ASV159,Undirected,80314,,-0.642226
ASV637,ASV165,Undirected,80316,,0.636953
ASV637,ASV1730,Undirected,80318,,-0.650027
ASV637,ASV175,Undirected,80319,,0.668574
ASV637,ASV18,Undirected,80322,,-0.659416
ASV637,ASV180,Undirected,80323,,0.673849
ASV637,ASV182,Undirected,80324,,0.641333
ASV637,ASV194,Undirected,80326,,0.689353
ASV637,ASV21,Undirected,80327,,0.614101
ASV637,ASV217,Undirected,80329,,0.672388
ASV637,ASV220,Undirected,80330,,0.680895
ASV637,ASV228,Undirected,80331,,-0.628767
ASV637,ASV233,Undirected,80333,,-0.633333
ASV637,ASV235,Undirected,80334,,-0.614431
ASV637,ASV237,Undirected,80335,,0.665799
ASV637,ASV2383,Undirected,80336,,-0.661988
ASV637,ASV260,Undirected,80341,,-0.618703
ASV637,ASV261,Undirected,80342,,-0.60696
ASV637,ASV271,Undirected,80345,,-0.676379
ASV637,ASV288,Undirected,80348,,-0.672559
ASV637,ASV29,Undirected,80349,,-0.618063
ASV637,ASV307,Undirected,80350,,0.621946
ASV637,ASV3072,Undirected,80351,,0.609878
ASV637,ASV310,Undirected,80353,,-0.683828
ASV637,ASV32,Undirected,80354,,0.666674
ASV637,ASV335,Undirected,80357,,-0.678832
ASV637,ASV349,Undirected,80359,,-0.628839
ASV637,ASV37,Undirected,80363,,0.69762
ASV637,ASV398,Undirected,80365,,-0.600002
ASV637,ASV404,Undirected,80367,,0.655713
ASV637,ASV430,Undirected,80368,,-0.607813
ASV637,ASV437,Undirected,80369,,-0.645771
ASV637,ASV438,Undirected,80370,,0.662507
ASV637,ASV447,Undirected,80372,,-0.626149
ASV637,ASV451,Undirected,80373,,0.637405
ASV637,ASV456,Undirected,80375,,-0.691307
ASV637,ASV48,Undirected,80376,,0.637972
ASV637,ASV486,Undirected,80378,,0.650271
ASV637,ASV501,Undirected,80380,,-0.664587
ASV637,ASV51,Undirected,80382,,-0.648958
ASV637,ASV528,Undirected,80384,,-0.668577
ASV637,ASV5511,Undirected,80387,,-0.693093
ASV637,ASV56,Undirected,80388,,0.703689
ASV637,ASV57,Undirected,80389,,0.64401
ASV637,ASV5744,Undirected,80391,,0.632921
ASV637,ASV576,Undirected,80392,,-0.646845
ASV637,ASV637,Undirected,80396,,1
ASV637,ASV681,Undirected,80397,,1.455776
ASV637,ASV74,Undirected,80398,,1.515319
ASV637,ASV77,Undirected,80399,,1.517675
ASV637,ASV775,Undirected,80400,,-1.414458
ASV637,ASV79,Undirected,80401,,1.452759
ASV637,ASV810,Undirected,80402,,1.44375
ASV637,ASV82,Undirected,80403,,1.725119
ASV637,ASV850,Undirected,80404,,1.418417
ASV637,ASV857,Undirected,80405,,1.612138
ASV637,ASV881,Undirected,80406,,-1.430362
ASV637,ASV9,Undirected,80407,,1.590479
ASV637,ASV90,Undirected,80408,,1.452008
ASV637,ASV955,Undirected,80409,,-1.483504
ASV64,ASV131,Undirected,80410,,0.640751
ASV64,ASV190,Undirected,80411,,-0.620924
ASV64,ASV2218,Undirected,80413,,0.604971
ASV64,ASV2291,Undirected,80415,,0.653711
ASV64,ASV23,Undirected,80416,,0.601962
ASV64,ASV247,Undirected,80418,,-0.6106
ASV64,ASV272,Undirected,80419,,0.666495
ASV64,ASV2974,Undirected,80420,,0.661483
ASV64,ASV314,Undirected,80421,,0.641639
ASV64,ASV33,Undirected,80424,,-0.601656
ASV64,ASV3754,Undirected,80425,,0.611639
ASV64,ASV402,Undirected,80426,,-0.627001
ASV64,ASV486,Undirected,80428,,-0.684597
ASV64,ASV502,Undirected,80429,,0.639939
ASV64,ASV540,Undirected,80430,,0.658387
ASV64,ASV549,Undirected,80431,,0.705122
ASV64,ASV60,Undirected,80432,,-0.654734
ASV64,ASV63,Undirected,80433,,0.621832
ASV64,ASV64,Undirected,80434,,1
ASV64,ASV990,Undirected,80435,,1.422508
ASV640,ASV1232,Undirected,80436,,0.633568
ASV640,ASV2570,Undirected,80439,,0.662343
ASV640,ASV3107,Undirected,80440,,0.635289
ASV640,ASV320,Undirected,80441,,0.604724
ASV640,ASV3576,Undirected,80442,,-0.631103
ASV640,ASV562,Undirected,80443,,0.662886
ASV640,ASV604,Undirected,80444,,0.688679
ASV640,ASV640,Undirected,80445,,1
ASV641,ASV110,Undirected,80447,,0.600382
ASV641,ASV113,Undirected,80448,,0.637739
ASV641,ASV1243,Undirected,80449,,-0.678835
ASV641,ASV125,Undirected,80450,,-0.671958
ASV641,ASV1273,Undirected,80451,,-0.683145
ASV641,ASV135,Undirected,80453,,0.664519
ASV641,ASV1492,Undirected,80455,,-0.607457
ASV641,ASV159,Undirected,80456,,-0.630046
ASV641,ASV16,Undirected,80457,,0.628538
ASV641,ASV164,Undirected,80458,,-0.647795
ASV641,ASV180,Undirected,80461,,0.605932
ASV641,ASV182,Undirected,80462,,0.605219
ASV641,ASV191,Undirected,80464,,0.646865
ASV641,ASV194,Undirected,80465,,0.664359
ASV641,ASV205,Undirected,80467,,-0.626214
ASV641,ASV225,Undirected,80469,,-0.686255
ASV641,ASV226,Undirected,80470,,0.676007
ASV641,ASV229,Undirected,80471,,0.646012
ASV641,ASV233,Undirected,80472,,-0.625718
ASV641,ASV24,Undirected,80473,,0.695427
ASV641,ASV244,Undirected,80475,,0.665419
ASV641,ASV25,Undirected,80476,,0.648183
ASV641,ASV2511,Undirected,80477,,-0.605717
ASV641,ASV258,Undirected,80478,,0.643894
ASV641,ASV29,Undirected,80483,,-0.632447
ASV641,ASV31,Undirected,80484,,0.659061
ASV641,ASV334,Undirected,80487,,-0.634362
ASV641,ASV38,Undirected,80489,,0.652413
ASV641,ASV435,Undirected,80491,,-0.635543
ASV641,ASV436,Undirected,80492,,-0.650199
ASV641,ASV447,Undirected,80494,,-0.644519
ASV641,ASV45,Undirected,80495,,0.610321
ASV641,ASV463,Undirected,80496,,0.679016
ASV641,ASV507,Undirected,80498,,0.692661
ASV641,ASV516,Undirected,80499,,0.634347
ASV641,ASV5488,Undirected,80500,,-0.604373
ASV641,ASV553,Undirected,80501,,0.672642
ASV641,ASV562,Undirected,80502,,0.68326
ASV641,ASV57,Undirected,80504,,0.631388
ASV641,ASV570,Undirected,80505,,-0.643903
ASV641,ASV579,Undirected,80506,,-0.647604
ASV641,ASV59,Undirected,80507,,0.669331
ASV641,ASV61,Undirected,80508,,0.621654
ASV641,ASV624,Undirected,80509,,0.606467
ASV641,ASV641,Undirected,80510,,1
ASV641,ASV74,Undirected,80511,,1.480825
ASV641,ASV771,Undirected,80512,,1.529302
ASV641,ASV79,Undirected,80513,,1.442407
ASV641,ASV82,Undirected,80514,,1.422931
ASV643,ASV2370,Undirected,80515,,0.656145
ASV643,ASV366,Undirected,80516,,0.664925
ASV643,ASV370,Undirected,80517,,0.609922
ASV643,ASV486,Undirected,80518,,-0.624219
ASV643,ASV643,Undirected,80519,,1
ASV65,ASV1007,Undirected,80520,,-0.61663
ASV65,ASV1024,Undirected,80521,,0.705986
ASV65,ASV103,Undirected,80522,,-0.696893
ASV65,ASV139,Undirected,80524,,0.609617
ASV65,ASV150,Undirected,80525,,-0.638243
ASV65,ASV1561,Undirected,80526,,-0.609229
ASV65,ASV159,Undirected,80527,,0.630053
ASV65,ASV171,Undirected,80528,,-0.612119
ASV65,ASV172,Undirected,80529,,-0.618802
ASV65,ASV175,Undirected,80530,,-0.653747
ASV65,ASV181,Undirected,80531,,0.618851
ASV65,ASV197,Undirected,80533,,-0.6303
ASV65,ASV2213,Undirected,80534,,0.612928
ASV65,ASV225,Undirected,80535,,0.615106
ASV65,ASV229,Undirected,80536,,-0.639421
ASV65,ASV258,Undirected,80537,,-0.606312
ASV65,ASV261,Undirected,80538,,0.60476
ASV65,ASV277,Undirected,80539,,0.63797
ASV65,ASV2915,Undirected,80540,,-0.61646
ASV65,ASV3238,Undirected,80541,,0.630698
ASV65,ASV344,Undirected,80543,,-0.633919
ASV65,ASV36,Undirected,80544,,-0.615822
ASV65,ASV37,Undirected,80545,,-0.694057
ASV65,ASV4,Undirected,80546,,-0.688017
ASV65,ASV4277,Undirected,80547,,-0.671843
ASV65,ASV43,Undirected,80548,,-0.645661
ASV65,ASV445,Undirected,80549,,-0.652871
ASV65,ASV463,Undirected,80550,,-0.604351
ASV65,ASV48,Undirected,80551,,-0.648579
ASV65,ASV485,Undirected,80552,,-0.675077
ASV65,ASV5,Undirected,80553,,-0.684918
ASV65,ASV501,Undirected,80554,,0.624872
ASV65,ASV514,Undirected,80555,,-0.612236
ASV65,ASV515,Undirected,80556,,-0.655975
ASV65,ASV55,Undirected,80558,,-0.650129
ASV65,ASV57,Undirected,80560,,-0.698552
ASV65,ASV65,Undirected,80561,,1
ASV65,ASV856,Undirected,80562,,1.453327
ASV653,ASV1051,Undirected,80563,,0.682773
ASV653,ASV107,Undirected,80564,,-0.643391
ASV653,ASV1093,Undirected,80565,,0.608378
ASV653,ASV110,Undirected,80566,,-0.674669
ASV653,ASV117,Undirected,80567,,-0.669286
ASV653,ASV1202,Undirected,80568,,0.635853
ASV653,ASV1273,Undirected,80569,,0.61162
ASV653,ASV1298,Undirected,80570,,0.641898
ASV653,ASV135,Undirected,80571,,-0.640405
ASV653,ASV1428,Undirected,80573,,0.646534
ASV653,ASV164,Undirected,80577,,0.624496
ASV653,ASV1738,Undirected,80578,,0.704706
ASV653,ASV178,Undirected,80579,,0.656889
ASV653,ASV1986,Undirected,80580,,0.62284
ASV653,ASV2026,Undirected,80581,,-0.646584
ASV653,ASV207,Undirected,80582,,0.70215
ASV653,ASV2185,Undirected,80583,,0.628736
ASV653,ASV225,Undirected,80585,,0.643579
ASV653,ASV242,Undirected,80587,,0.61127
ASV653,ASV25,Undirected,80589,,-0.674321
ASV653,ASV2552,Undirected,80590,,-0.614459
ASV653,ASV260,Undirected,80591,,0.697615
ASV653,ASV277,Undirected,80593,,0.633757
ASV653,ASV283,Undirected,80594,,0.612974
ASV653,ASV3072,Undirected,80596,,-0.601514
ASV653,ASV31,Undirected,80597,,-0.62775
ASV653,ASV344,Undirected,80600,,-0.622412
ASV653,ASV349,Undirected,80601,,0.692796
ASV653,ASV35,Undirected,80602,,0.610117
ASV653,ASV369,Undirected,80605,,0.601159
ASV653,ASV445,Undirected,80608,,-0.612312
ASV653,ASV449,Undirected,80609,,0.681134
ASV653,ASV459,Undirected,80610,,0.653543
ASV653,ASV488,Undirected,80611,,0.65076
ASV653,ASV501,Undirected,80612,,0.706168
ASV653,ASV514,Undirected,80613,,-0.628205
ASV653,ASV5488,Undirected,80615,,0.613062
ASV653,ASV557,Undirected,80616,,-0.662829
ASV653,ASV56,Undirected,80617,,-0.638038
ASV653,ASV570,Undirected,80618,,0.68053
ASV653,ASV5744,Undirected,80619,,-0.62534
ASV653,ASV6,Undirected,80621,,0.626453
ASV653,ASV61,Undirected,80622,,-0.633678
ASV653,ASV653,Undirected,80624,,1
ASV653,ASV657,Undirected,80625,,1.424819
ASV653,ASV732,Undirected,80626,,-1.421689
ASV653,ASV83,Undirected,80627,,1.429205
ASV653,ASV881,Undirected,80628,,1.595815
ASV653,ASV909,Undirected,80629,,1.440507
ASV653,ASV92,Undirected,80630,,1.466706
ASV653,ASV983,Undirected,80631,,1.471765
ASV653,ASV995,Undirected,80632,,1.516772
ASV655,ASV100,Undirected,80633,,-0.604384
ASV655,ASV1013,Undirected,80635,,-0.65809
ASV655,ASV1026,Undirected,80636,,0.686988
ASV655,ASV107,Undirected,80638,,-0.63755
ASV655,ASV111,Undirected,80640,,-0.627539
ASV655,ASV114,Undirected,80642,,-0.60385
ASV655,ASV1149,Undirected,80643,,0.662307
ASV655,ASV1162,Undirected,80644,,0.618129
ASV655,ASV1165,Undirected,80645,,-0.604981
ASV655,ASV121,Undirected,80647,,-0.691309
ASV655,ASV1210,Undirected,80648,,-0.677419
ASV655,ASV123,Undirected,80650,,-0.691947
ASV655,ASV125,Undirected,80651,,0.67828
ASV655,ASV1251,Undirected,80652,,0.681181
ASV655,ASV127,Undirected,80653,,-0.635795
ASV655,ASV1272,Undirected,80654,,-0.607634
ASV655,ASV1273,Undirected,80655,,0.603179
ASV655,ASV1292,Undirected,80656,,0.645286
ASV655,ASV1358,Undirected,80660,,0.66859
ASV655,ASV139,Undirected,80661,,0.688839
ASV655,ASV142,Undirected,80662,,0.702345
ASV655,ASV1428,Undirected,80663,,0.628082
ASV655,ASV1468,Undirected,80664,,0.650315
ASV655,ASV1492,Undirected,80666,,0.609784
ASV655,ASV1499,Undirected,80667,,0.660374
ASV655,ASV1546,Undirected,80668,,0.668058
ASV655,ASV160,Undirected,80671,,0.67397
ASV655,ASV1615,Undirected,80672,,0.616068
ASV655,ASV171,Undirected,80676,,-0.662854
ASV655,ASV1740,Undirected,80677,,0.69906
ASV655,ASV1781,Undirected,80678,,0.624739
ASV655,ASV182,Undirected,80679,,-0.693591
ASV655,ASV1838,Undirected,80680,,0.617151
ASV655,ASV187,Undirected,80681,,-0.678968
ASV655,ASV194,Undirected,80682,,-0.662511
ASV655,ASV197,Undirected,80683,,-0.64676
ASV655,ASV2,Undirected,80684,,-0.618588
ASV655,ASV2026,Undirected,80686,,-0.63434
ASV655,ASV214,Undirected,80687,,0.650522
ASV655,ASV219,Undirected,80689,,0.656431
ASV655,ASV2213,Undirected,80691,,0.674473
ASV655,ASV229,Undirected,80693,,-0.653852
ASV655,ASV2290,Undirected,80694,,0.679611
ASV655,ASV233,Undirected,80696,,0.679354
ASV655,ASV242,Undirected,80700,,0.663727
ASV655,ASV244,Undirected,80701,,-0.706193
ASV655,ASV2511,Undirected,80703,,0.63079
ASV655,ASV273,Undirected,80708,,-0.63618
ASV655,ASV277,Undirected,80710,,0.613341
ASV655,ASV291,Undirected,80712,,0.639773
ASV655,ASV295,Undirected,80713,,0.702189
ASV655,ASV307,Undirected,80714,,-0.698597
ASV655,ASV349,Undirected,80719,,0.609693
ASV655,ASV35,Undirected,80720,,0.699386
ASV655,ASV352,Undirected,80721,,0.606809
ASV655,ASV38,Undirected,80727,,-0.671521
ASV655,ASV4,Undirected,80729,,-0.632081
ASV655,ASV404,Undirected,80730,,-0.684073
ASV655,ASV416,Undirected,80731,,0.682105
ASV655,ASV428,Undirected,80732,,0.622984
ASV655,ASV435,Undirected,80734,,0.618998
ASV655,ASV437,Undirected,80735,,0.621863
ASV655,ASV445,Undirected,80736,,-0.691794
ASV655,ASV45,Undirected,80737,,-0.630269
ASV655,ASV456,Undirected,80739,,0.690465
ASV655,ASV463,Undirected,80741,,-0.662334
ASV655,ASV483,Undirected,80743,,-0.696736
ASV655,ASV488,Undirected,80744,,0.651675
ASV655,ASV501,Undirected,80746,,0.60906
ASV655,ASV528,Undirected,80749,,0.620762
ASV655,ASV531,Undirected,80751,,0.67274
ASV655,ASV57,Undirected,80754,,-0.686241
ASV655,ASV571,Undirected,80755,,-0.669817
ASV655,ASV5744,Undirected,80756,,-0.63722
ASV655,ASV576,Undirected,80757,,0.656397
ASV655,ASV589,Undirected,80758,,0.665976
ASV655,ASV591,Undirected,80760,,-0.670324
ASV655,ASV619,Undirected,80763,,0.63337
ASV655,ASV637,Undirected,80764,,-0.641293
ASV655,ASV655,Undirected,80765,,1
ASV655,ASV681,Undirected,80766,,-1.437503
ASV655,ASV702,Undirected,80767,,-1.490315
ASV655,ASV707,Undirected,80768,,1.573069
ASV655,ASV708,Undirected,80769,,1.45607
ASV655,ASV732,Undirected,80770,,-1.599792
ASV655,ASV74,Undirected,80771,,-1.469107
ASV655,ASV741,Undirected,80772,,1.547183
ASV655,ASV79,Undirected,80773,,-1.52704
ASV655,ASV80,Undirected,80774,,-1.509885
ASV655,ASV810,Undirected,80775,,-1.493223
ASV655,ASV82,Undirected,80776,,-1.417465
ASV655,ASV828,Undirected,80777,,1.545837
ASV655,ASV83,Undirected,80778,,1.480536
ASV655,ASV85,Undirected,80779,,1.734045
ASV655,ASV856,Undirected,80780,,1.682128
ASV655,ASV87,Undirected,80781,,-1.648185
ASV655,ASV9,Undirected,80782,,-1.552698
ASV655,ASV92,Undirected,80783,,1.521056
ASV655,ASV95,Undirected,80784,,1.591706
ASV655,ASV96,Undirected,80785,,-1.674306
ASV657,ASV1038,Undirected,80786,,0.668144
ASV657,ASV1093,Undirected,80787,,0.683637
ASV657,ASV120,Undirected,80788,,0.688689
ASV657,ASV1221,Undirected,80789,,0.603822
ASV657,ASV1254,Undirected,80790,,0.680791
ASV657,ASV1446,Undirected,80791,,0.611485
ASV657,ASV1740,Undirected,80793,,0.696068
ASV657,ASV1763,Undirected,80794,,0.625993
ASV657,ASV2066,Undirected,80795,,0.626461
ASV657,ASV219,Undirected,80796,,0.693533
ASV657,ASV223,Undirected,80797,,0.629268
ASV657,ASV241,Undirected,80798,,0.664571
ASV657,ASV242,Undirected,80799,,0.618823
ASV657,ASV261,Undirected,80800,,0.702378
ASV657,ASV2744,Undirected,80801,,0.659507
ASV657,ASV286,Undirected,80803,,-0.67508
ASV657,ASV288,Undirected,80804,,0.62051
ASV657,ASV310,Undirected,80805,,0.680458
ASV657,ASV328,Undirected,80806,,0.611941
ASV657,ASV384,Undirected,80809,,0.627498
ASV657,ASV398,Undirected,80810,,0.633251
ASV657,ASV416,Undirected,80811,,0.66024
ASV657,ASV423,Undirected,80812,,0.613974
ASV657,ASV449,Undirected,80814,,0.612897
ASV657,ASV531,Undirected,80815,,0.638807
ASV657,ASV579,Undirected,80817,,0.632332
ASV657,ASV657,Undirected,80819,,1
ASV657,ASV983,Undirected,80820,,1.483249
ASV657,ASV995,Undirected,80821,,1.719546
ASV658,ASV1069,Undirected,80822,,0.610022
ASV658,ASV1141,Undirected,80823,,-0.653124
ASV658,ASV117,Undirected,80824,,-0.636978
ASV658,ASV13,Undirected,80825,,-0.603721
ASV658,ASV158,Undirected,80826,,0.689593
ASV658,ASV159,Undirected,80827,,0.606336
ASV658,ASV169,Undirected,80828,,-0.604236
ASV658,ASV170,Undirected,80829,,-0.622812
ASV658,ASV194,Undirected,80830,,-0.608854
ASV658,ASV2,Undirected,80831,,-0.690807
ASV658,ASV216,Undirected,80833,,-0.644185
ASV658,ASV2383,Undirected,80834,,0.641039
ASV658,ASV295,Undirected,80837,,0.664099
ASV658,ASV31,Undirected,80838,,-0.604134
ASV658,ASV32,Undirected,80839,,-0.610213
ASV658,ASV330,Undirected,80840,,-0.685234
ASV658,ASV334,Undirected,80841,,0.622691
ASV658,ASV36,Undirected,80842,,-0.615558
ASV658,ASV3732,Undirected,80843,,0.618294
ASV658,ASV3869,Undirected,80844,,-0.653073
ASV658,ASV390,Undirected,80845,,0.623832
ASV658,ASV394,Undirected,80846,,0.61453
ASV658,ASV412,Undirected,80848,,0.675646
ASV658,ASV416,Undirected,80849,,0.628583
ASV658,ASV438,Undirected,80851,,-0.670382
ASV658,ASV4509,Undirected,80852,,-0.680881
ASV658,ASV459,Undirected,80853,,0.617221
ASV658,ASV463,Undirected,80854,,-0.634355
ASV658,ASV468,Undirected,80855,,0.638251
ASV658,ASV513,Undirected,80856,,0.620713
ASV658,ASV5744,Undirected,80857,,-0.696596
ASV658,ASV59,Undirected,80859,,-0.660453
ASV658,ASV591,Undirected,80860,,-0.638584
ASV658,ASV61,Undirected,80861,,-0.62007
ASV658,ASV658,Undirected,80862,,1
ASV658,ASV79,Undirected,80863,,-1.424641
ASV660,ASV1026,Undirected,80865,,0.629688
ASV660,ASV107,Undirected,80866,,-0.636535
ASV660,ASV108,Undirected,80867,,-0.662507
ASV660,ASV111,Undirected,80868,,-0.627516
ASV660,ASV1120,Undirected,80869,,0.689959
ASV660,ASV113,Undirected,80870,,-0.691783
ASV660,ASV1165,Undirected,80871,,-0.666847
ASV660,ASV1298,Undirected,80875,,0.641739
ASV660,ASV13,Undirected,80876,,-0.619881
ASV660,ASV1492,Undirected,80877,,0.659367
ASV660,ASV164,Undirected,80879,,0.640578
ASV660,ASV170,Undirected,80880,,-0.604943
ASV660,ASV1781,Undirected,80881,,0.616283
ASV660,ASV1838,Undirected,80882,,0.699907
ASV660,ASV195,Undirected,80884,,-0.604943
ASV660,ASV197,Undirected,80885,,-0.609229
ASV660,ASV199,Undirected,80886,,-0.665459
ASV660,ASV2155,Undirected,80890,,-0.605958
ASV660,ASV219,Undirected,80892,,0.616776
ASV660,ASV2213,Undirected,80893,,0.650202
ASV660,ASV2383,Undirected,80895,,0.654795
ASV660,ASV24,Undirected,80896,,-0.67454
ASV660,ASV245,Undirected,80897,,0.610274
ASV660,ASV248,Undirected,80898,,0.674019
ASV660,ASV25,Undirected,80899,,-0.671234
ASV660,ASV260,Undirected,80900,,0.641765
ASV660,ASV264,Undirected,80902,,0.64086
ASV660,ASV273,Undirected,80903,,-0.613726
ASV660,ASV276,Undirected,80904,,-0.703531
ASV660,ASV295,Undirected,80906,,0.615294
ASV660,ASV32,Undirected,80909,,-0.680629
ASV660,ASV344,Undirected,80911,,-0.692828
ASV660,ASV352,Undirected,80912,,0.674041
ASV660,ASV356,Undirected,80913,,-0.642677
ASV660,ASV37,Undirected,80916,,-0.615181
ASV660,ASV384,Undirected,80918,,0.70064
ASV660,ASV386,Undirected,80919,,0.657047
ASV660,ASV394,Undirected,80920,,0.647479
ASV660,ASV3995,Undirected,80921,,0.65046
ASV660,ASV416,Undirected,80922,,0.628492
ASV660,ASV423,Undirected,80923,,0.677188
ASV660,ASV435,Undirected,80924,,0.656571
ASV660,ASV436,Undirected,80925,,0.678034
ASV660,ASV449,Undirected,80926,,0.627702
ASV660,ASV452,Undirected,80927,,-0.679029
ASV660,ASV463,Undirected,80930,,-0.626922
ASV660,ASV488,Undirected,80931,,0.608105
ASV660,ASV5,Undirected,80932,,-0.701508
ASV660,ASV514,Undirected,80933,,-0.67472
ASV660,ASV56,Undirected,80935,,-0.705368
ASV660,ASV57,Undirected,80936,,-0.626471
ASV660,ASV571,Undirected,80937,,-0.686348
ASV660,ASV589,Undirected,80939,,0.638434
ASV660,ASV59,Undirected,80940,,-0.64618
ASV660,ASV61,Undirected,80942,,-0.64091
ASV660,ASV619,Undirected,80943,,0.602319
ASV660,ASV637,Undirected,80944,,-0.610397
ASV660,ASV655,Undirected,80945,,0.615758
ASV660,ASV658,Undirected,80946,,0.705137
ASV660,ASV660,Undirected,80947,,1
ASV660,ASV670,Undirected,80948,,1.53871
ASV660,ASV79,Undirected,80949,,-1.624753
ASV660,ASV828,Undirected,80950,,1.528596
ASV660,ASV96,Undirected,80951,,-1.581434
ASV661,ASV1446,Undirected,80952,,-0.631769
ASV661,ASV1830,Undirected,80953,,-0.642297
ASV661,ASV2338,Undirected,80954,,-0.677189
ASV661,ASV254,Undirected,80955,,0.608285
ASV661,ASV394,Undirected,80956,,0.640331
ASV661,ASV4509,Undirected,80957,,-0.603891
ASV661,ASV4966,Undirected,80958,,0.611475
ASV661,ASV532,Undirected,80959,,-0.652658
ASV661,ASV661,Undirected,80960,,1
ASV661,ASV779,Undirected,80961,,1.434335
ASV664,ASV664,Undirected,80963,,1
ASV667,ASV1,Undirected,80964,,-0.671887
ASV667,ASV248,Undirected,80966,,-0.670499
ASV667,ASV2774,Undirected,80967,,0.702251
ASV667,ASV28,Undirected,80968,,-0.668592
ASV667,ASV2850,Undirected,80969,,0.639646
ASV667,ASV29,Undirected,80970,,-0.680911
ASV667,ASV327,Undirected,80971,,0.623648
ASV667,ASV39,Undirected,80974,,-0.615319
ASV667,ASV433,Undirected,80975,,-0.610243
ASV667,ASV443,Undirected,80976,,-0.663545
ASV667,ASV49,Undirected,80977,,-0.623004
ASV667,ASV539,Undirected,80978,,-0.611519
ASV667,ASV60,Undirected,80979,,0.64383
ASV667,ASV667,Undirected,80981,,1
ASV667,ASV686,Undirected,80982,,1.46472
ASV669,ASV1026,Undirected,80983,,0.642637
ASV669,ASV1202,Undirected,80984,,0.655214
ASV669,ASV1232,Undirected,80985,,-0.615294
ASV669,ASV1277,Undirected,80986,,0.668781
ASV669,ASV1763,Undirected,80987,,0.644726
ASV669,ASV207,Undirected,80989,,0.625262
ASV669,ASV297,Undirected,80990,,0.608377
ASV669,ASV328,Undirected,80991,,0.678672
ASV669,ASV388,Undirected,80992,,0.641446
ASV669,ASV449,Undirected,80994,,0.629575
ASV669,ASV459,Undirected,80996,,0.609654
ASV669,ASV514,Undirected,80997,,-0.622135
ASV669,ASV589,Undirected,80998,,0.64078
ASV669,ASV591,Undirected,80999,,-0.649739
ASV669,ASV623,Undirected,81000,,0.623828
ASV669,ASV669,Undirected,81001,,1
ASV67,ASV1007,Undirected,81002,,0.636371
ASV67,ASV1092,Undirected,81004,,-0.610274
ASV67,ASV133,Undirected,81005,,0.615545
ASV67,ASV1346,Undirected,81006,,0.63893
ASV67,ASV1852,Undirected,81007,,0.700386
ASV67,ASV196,Undirected,81009,,0.649948
ASV67,ASV209,Undirected,81010,,0.623706
ASV67,ASV234,Undirected,81012,,0.609751
ASV67,ASV2361,Undirected,81013,,0.63778
ASV67,ASV262,Undirected,81014,,0.675466
ASV67,ASV2809,Undirected,81015,,-0.640934
ASV67,ASV314,Undirected,81016,,0.611918
ASV67,ASV362,Undirected,81018,,0.701556
ASV67,ASV380,Undirected,81019,,0.625135
ASV67,ASV434,Undirected,81021,,0.631598
ASV67,ASV44,Undirected,81022,,0.635659
ASV67,ASV4454,Undirected,81023,,0.673438
ASV67,ASV4518,Undirected,81024,,-0.673254
ASV67,ASV48,Undirected,81025,,0.672868
ASV67,ASV500,Undirected,81026,,0.675833
ASV67,ASV515,Undirected,81027,,0.68805
ASV67,ASV53,Undirected,81028,,0.62584
ASV67,ASV5687,Undirected,81030,,0.657493
ASV67,ASV57,Undirected,81031,,0.638573
ASV67,ASV67,Undirected,81032,,1
ASV67,ASV770,Undirected,81033,,1.494304
ASV67,ASV872,Undirected,81034,,1.434821
ASV670,ASV1017,Undirected,81035,,-0.691419
ASV670,ASV1120,Undirected,81036,,0.668483
ASV670,ASV1165,Undirected,81037,,-0.60365
ASV670,ASV1269,Undirected,81038,,0.624552
ASV670,ASV158,Undirected,81039,,0.620334
ASV670,ASV165,Undirected,81040,,-0.608538
ASV670,ASV194,Undirected,81041,,-0.622341
ASV670,ASV207,Undirected,81042,,0.643757
ASV670,ASV2155,Undirected,81043,,-0.648858
ASV670,ASV217,Undirected,81044,,-0.668941
ASV670,ASV2185,Undirected,81045,,0.607031
ASV670,ASV220,Undirected,81046,,-0.619453
ASV670,ASV248,Undirected,81047,,0.695212
ASV670,ASV261,Undirected,81048,,0.632446
ASV670,ASV273,Undirected,81049,,-0.620976
ASV670,ASV277,Undirected,81050,,0.646113
ASV670,ASV3347,Undirected,81051,,0.693882
ASV670,ASV352,Undirected,81052,,0.600315
ASV670,ASV36,Undirected,81053,,-0.633683
ASV670,ASV3732,Undirected,81054,,0.679724
ASV670,ASV412,Undirected,81055,,0.696223
ASV670,ASV449,Undirected,81056,,0.692998
ASV670,ASV452,Undirected,81057,,-0.631812
ASV670,ASV459,Undirected,81058,,0.642332
ASV670,ASV463,Undirected,81059,,-0.620576
ASV670,ASV560,Undirected,81061,,0.60063
ASV670,ASV570,Undirected,81062,,0.696685
ASV670,ASV5744,Undirected,81063,,-0.602727
ASV670,ASV591,Undirected,81064,,-0.657758
ASV670,ASV624,Undirected,81066,,-0.611903
ASV670,ASV658,Undirected,81067,,0.636229
ASV670,ASV670,Undirected,81069,,1
ASV670,ASV742,Undirected,81070,,1.52021
ASV671,ASV1005,Undirected,81071,,-0.690043
ASV671,ASV1042,Undirected,81072,,-0.656064
ASV671,ASV20,Undirected,81073,,0.612003
ASV671,ASV201,Undirected,81074,,0.642154
ASV671,ASV3,Undirected,81076,,0.632887
ASV671,ASV30,Undirected,81077,,0.661842
ASV671,ASV336,Undirected,81078,,0.605386
ASV671,ASV3754,Undirected,81079,,0.614669
ASV671,ASV393,Undirected,81081,,-0.629932
ASV671,ASV4085,Undirected,81082,,0.667204
ASV671,ASV4509,Undirected,81083,,0.651971
ASV671,ASV49,Undirected,81084,,0.600829
ASV671,ASV63,Undirected,81087,,0.667358
ASV671,ASV671,Undirected,81088,,1
ASV671,ASV860,Undirected,81089,,1.582988
ASV671,ASV894,Undirected,81090,,1.524955
ASV672,ASV107,Undirected,81091,,-0.649648
ASV672,ASV111,Undirected,81092,,-0.621892
ASV672,ASV1120,Undirected,81093,,0.627237
ASV672,ASV113,Undirected,81094,,-0.668247
ASV672,ASV121,Undirected,81095,,-0.607002
ASV672,ASV1243,Undirected,81096,,0.612654
ASV672,ASV125,Undirected,81097,,0.676931
ASV672,ASV13,Undirected,81098,,-0.61272
ASV672,ASV139,Undirected,81100,,0.601058
ASV672,ASV140,Undirected,81101,,0.696373
ASV672,ASV1428,Undirected,81102,,0.647059
ASV672,ASV1437,Undirected,81103,,0.629611
ASV672,ASV150,Undirected,81104,,-0.697575
ASV672,ASV154,Undirected,81105,,0.623454
ASV672,ASV158,Undirected,81106,,0.635105
ASV672,ASV159,Undirected,81107,,0.614309
ASV672,ASV164,Undirected,81108,,0.616162
ASV672,ASV172,Undirected,81109,,-0.601478
ASV672,ASV1738,Undirected,81110,,0.612442
ASV672,ASV175,Undirected,81111,,-0.624694
ASV672,ASV18,Undirected,81113,,0.664955
ASV672,ASV180,Undirected,81114,,-0.621582
ASV672,ASV194,Undirected,81115,,-0.656426
ASV672,ASV197,Undirected,81116,,-0.632829
ASV672,ASV205,Undirected,81117,,0.68823
ASV672,ASV207,Undirected,81118,,0.632931
ASV672,ASV214,Undirected,81119,,0.615673
ASV672,ASV2155,Undirected,81120,,-0.624165
ASV672,ASV219,Undirected,81121,,0.609612
ASV672,ASV225,Undirected,81123,,0.638889
ASV672,ASV226,Undirected,81124,,-0.652749
ASV672,ASV229,Undirected,81125,,-0.678494
ASV672,ASV2511,Undirected,81126,,0.69774
ASV672,ASV2552,Undirected,81127,,-0.669461
ASV672,ASV260,Undirected,81128,,0.624621
ASV672,ASV261,Undirected,81129,,0.619608
ASV672,ASV264,Undirected,81130,,0.658673
ASV672,ASV267,Undirected,81131,,-0.668936
ASV672,ASV271,Undirected,81132,,0.650138
ASV672,ASV277,Undirected,81133,,0.628532
ASV672,ASV29,Undirected,81134,,0.640642
ASV672,ASV297,Undirected,81136,,0.608696
ASV672,ASV3072,Undirected,81137,,-0.67465
ASV672,ASV31,Undirected,81138,,-0.63922
ASV672,ASV310,Undirected,81139,,0.673809
ASV672,ASV326,Undirected,81140,,0.645266
ASV672,ASV330,Undirected,81141,,-0.63335
ASV672,ASV34,Undirected,81143,,-0.668943
ASV672,ASV35,Undirected,81144,,0.660093
ASV672,ASV352,Undirected,81145,,0.619423
ASV672,ASV360,Undirected,81146,,0.639937
ASV672,ASV3824,Undirected,81148,,-0.618927
ASV672,ASV404,Undirected,81149,,-0.605761
ASV672,ASV428,Undirected,81150,,0.606665
ASV672,ASV430,Undirected,81151,,0.651337
ASV672,ASV459,Undirected,81153,,0.68084
ASV672,ASV468,Undirected,81154,,0.615185
ASV672,ASV488,Undirected,81155,,0.618249
ASV672,ASV5,Undirected,81156,,-0.609803
ASV672,ASV514,Undirected,81158,,-0.696613
ASV672,ASV528,Undirected,81159,,0.647493
ASV672,ASV531,Undirected,81160,,0.684414
ASV672,ASV56,Undirected,81161,,-0.601058
ASV672,ASV5638,Undirected,81162,,0.607139
ASV672,ASV5687,Undirected,81163,,-0.672253
ASV672,ASV59,Undirected,81167,,-0.674321
ASV672,ASV61,Undirected,81169,,-0.658692
ASV672,ASV623,Undirected,81170,,0.605336
ASV672,ASV631,Undirected,81171,,-0.60648
ASV672,ASV653,Undirected,81172,,0.677859
ASV672,ASV672,Undirected,81173,,1
ASV672,ASV733,Undirected,81174,,-1.484045
ASV672,ASV96,Undirected,81175,,-1.436643
ASV673,ASV1,Undirected,81176,,0.693052
ASV673,ASV251,Undirected,81177,,0.660939
ASV673,ASV380,Undirected,81178,,0.637555
ASV673,ASV478,Undirected,81179,,-0.612743
ASV673,ASV673,Undirected,81180,,1
ASV673,ASV70,Undirected,81181,,1.502372
ASV675,ASV1136,Undirected,81182,,-0.622268
ASV675,ASV1228,Undirected,81183,,0.632026
ASV675,ASV125,Undirected,81184,,0.617129
ASV675,ASV139,Undirected,81185,,0.639751
ASV675,ASV142,Undirected,81186,,0.674163
ASV675,ASV149,Undirected,81187,,0.689284
ASV675,ASV159,Undirected,81188,,0.65414
ASV675,ASV1763,Undirected,81189,,0.699641
ASV675,ASV1793,Undirected,81190,,0.646754
ASV675,ASV202,Undirected,81191,,0.626321
ASV675,ASV2213,Undirected,81192,,0.684378
ASV675,ASV228,Undirected,81193,,0.613477
ASV675,ASV271,Undirected,81195,,0.61266
ASV675,ASV2762,Undirected,81196,,0.698689
ASV675,ASV326,Undirected,81198,,0.677557
ASV675,ASV360,Undirected,81201,,0.653202
ASV675,ASV369,Undirected,81202,,0.67173
ASV675,ASV404,Undirected,81204,,-0.617403
ASV675,ASV445,Undirected,81205,,-0.604609
ASV675,ASV45,Undirected,81206,,-0.643023
ASV675,ASV510,Undirected,81209,,0.675264
ASV675,ASV514,Undirected,81210,,-0.657094
ASV675,ASV540,Undirected,81211,,0.683567
ASV675,ASV549,Undirected,81212,,0.649809
ASV675,ASV556,Undirected,81214,,0.671557
ASV675,ASV576,Undirected,81215,,0.702834
ASV675,ASV589,Undirected,81216,,0.617247
ASV675,ASV6,Undirected,81217,,0.619819
ASV675,ASV625,Undirected,81218,,-0.623289
ASV675,ASV669,Undirected,81219,,0.670867
ASV675,ASV675,Undirected,81220,,1
ASV675,ASV938,Undirected,81221,,-1.535547
ASV675,ASV944,Undirected,81222,,1.417198
ASV675,ASV95,Undirected,81223,,1.414022
ASV676,ASV143,Undirected,81225,,0.634432
ASV676,ASV1475,Undirected,81226,,0.626508
ASV676,ASV1513,Undirected,81227,,0.60498
ASV676,ASV173,Undirected,81228,,0.668754
ASV676,ASV2290,Undirected,81229,,0.620932
ASV676,ASV544,Undirected,81230,,0.653536
ASV676,ASV676,Undirected,81231,,1
ASV677,ASV1007,Undirected,81232,,0.607537
ASV677,ASV114,Undirected,81234,,0.705383
ASV677,ASV122,Undirected,81235,,0.621467
ASV677,ASV1251,Undirected,81236,,-0.641075
ASV677,ASV1275,Undirected,81237,,0.656245
ASV677,ASV1298,Undirected,81238,,-0.614084
ASV677,ASV1358,Undirected,81239,,-0.660368
ASV677,ASV153,Undirected,81241,,0.631982
ASV677,ASV1561,Undirected,81242,,0.681582
ASV677,ASV171,Undirected,81243,,0.62338
ASV677,ASV187,Undirected,81247,,0.681789
ASV677,ASV209,Undirected,81248,,0.617322
ASV677,ASV23,Undirected,81249,,0.628534
ASV677,ASV262,Undirected,81251,,0.625143
ASV677,ASV273,Undirected,81252,,0.617002
ASV677,ASV2809,Undirected,81253,,-0.66598
ASV677,ASV362,Undirected,81255,,0.60909
ASV677,ASV4277,Undirected,81259,,0.630356
ASV677,ASV43,Undirected,81260,,0.675362
ASV677,ASV445,Undirected,81261,,0.657649
ASV677,ASV5,Undirected,81263,,0.678483
ASV677,ASV515,Undirected,81265,,0.652959
ASV677,ASV54,Undirected,81267,,0.65559
ASV677,ASV56,Undirected,81268,,0.612516
ASV677,ASV564,Undirected,81269,,0.671375
ASV677,ASV5687,Undirected,81270,,0.645551
ASV677,ASV57,Undirected,81271,,0.638038
ASV677,ASV571,Undirected,81272,,0.650553
ASV677,ASV587,Undirected,81273,,0.603456
ASV677,ASV592,Undirected,81274,,-0.632739
ASV677,ASV61,Undirected,81275,,0.615439
ASV677,ASV65,Undirected,81276,,-0.643767
ASV677,ASV677,Undirected,81277,,1
ASV68,ASV100,Undirected,81278,,0.609897
ASV68,ASV102,Undirected,81279,,0.628245
ASV68,ASV104,Undirected,81280,,0.611545
ASV68,ASV1149,Undirected,81283,,-0.650479
ASV68,ASV1162,Undirected,81284,,-0.674867
ASV68,ASV1251,Undirected,81288,,-0.685568
ASV68,ASV1358,Undirected,81290,,-0.616518
ASV68,ASV139,Undirected,81291,,-0.61431
ASV68,ASV140,Undirected,81292,,-0.673927
ASV68,ASV142,Undirected,81293,,-0.637638
ASV68,ASV15,Undirected,81297,,0.629862
ASV68,ASV158,Undirected,81298,,-0.636272
ASV68,ASV159,Undirected,81299,,-0.650909
ASV68,ASV170,Undirected,81300,,0.636553
ASV68,ASV1730,Undirected,81301,,-0.603636
ASV68,ASV2017,Undirected,81302,,-0.637526
ASV68,ASV216,Undirected,81303,,0.639556
ASV68,ASV229,Undirected,81306,,0.701246
ASV68,ASV233,Undirected,81307,,-0.64256
ASV68,ASV24,Undirected,81309,,0.642822
ASV68,ASV25,Undirected,81310,,0.674266
ASV68,ASV261,Undirected,81312,,-0.693466
ASV68,ASV271,Undirected,81313,,-0.689709
ASV68,ASV276,Undirected,81314,,0.608108
ASV68,ASV277,Undirected,81315,,-0.688508
ASV68,ASV283,Undirected,81316,,-0.602812
ASV68,ASV288,Undirected,81317,,-0.661994
ASV68,ASV295,Undirected,81318,,-0.663383
ASV68,ASV2974,Undirected,81319,,-0.629528
ASV68,ASV32,Undirected,81321,,0.630765
ASV68,ASV36,Undirected,81322,,0.680666
ASV68,ASV374,Undirected,81324,,0.688474
ASV68,ASV3752,Undirected,81325,,-0.66078
ASV68,ASV4134,Undirected,81326,,-0.669652
ASV68,ASV416,Undirected,81327,,-0.619938
ASV68,ASV435,Undirected,81328,,-0.661603
ASV68,ASV436,Undirected,81329,,-0.606234
ASV68,ASV437,Undirected,81330,,-0.636227
ASV68,ASV445,Undirected,81331,,0.604773
ASV68,ASV45,Undirected,81332,,0.601973
ASV68,ASV5,Undirected,81334,,0.633873
ASV68,ASV513,Undirected,81335,,-0.682763
ASV68,ASV529,Undirected,81336,,-0.606709
ASV68,ASV556,Undirected,81337,,-0.666147
ASV68,ASV56,Undirected,81338,,0.603423
ASV68,ASV57,Undirected,81339,,0.602387
ASV68,ASV579,Undirected,81340,,-0.606533
ASV68,ASV597,Undirected,81341,,-0.602747
ASV68,ASV618,Undirected,81342,,-0.70316
ASV68,ASV655,Undirected,81344,,-0.684897
ASV68,ASV675,Undirected,81345,,-0.649776
ASV68,ASV68,Undirected,81346,,1
ASV68,ASV756,Undirected,81347,,-1.486753
ASV68,ASV80,Undirected,81348,,1.476691
ASV68,ASV85,Undirected,81349,,-1.459829
ASV68,ASV87,Undirected,81350,,1.644754
ASV68,ASV92,Undirected,81351,,-1.431835
ASV68,ASV938,Undirected,81352,,1.567581
ASV680,ASV1247,Undirected,81353,,0.649784
ASV680,ASV289,Undirected,81354,,0.617286
ASV680,ASV3631,Undirected,81355,,-0.655014
ASV680,ASV489,Undirected,81357,,0.656937
ASV680,ASV680,Undirected,81358,,1
ASV681,ASV102,Undirected,81361,,0.646937
ASV681,ASV106,Undirected,81362,,0.655159
ASV681,ASV115,Undirected,81370,,0.612034
ASV681,ASV116,Undirected,81371,,-0.628632
ASV681,ASV1162,Undirected,81372,,-0.638275
ASV681,ASV1221,Undirected,81376,,-0.601306
ASV681,ASV123,Undirected,81377,,0.635183
ASV681,ASV125,Undirected,81379,,-0.684649
ASV681,ASV1273,Undirected,81380,,-0.66968
ASV681,ASV135,Undirected,81383,,0.637403
ASV681,ASV1358,Undirected,81384,,-0.673468
ASV681,ASV140,Undirected,81386,,-0.682221
ASV681,ASV1428,Undirected,81387,,-0.694732
ASV681,ASV149,Undirected,81388,,-0.612755
ASV681,ASV1492,Undirected,81389,,-0.649533
ASV681,ASV154,Undirected,81391,,-0.702439
ASV681,ASV159,Undirected,81393,,-0.625974
ASV681,ASV1615,Undirected,81394,,-0.622681
ASV681,ASV164,Undirected,81395,,-0.692589
ASV681,ASV165,Undirected,81396,,0.678745
ASV681,ASV172,Undirected,81398,,0.618337
ASV681,ASV1730,Undirected,81399,,-0.626494
ASV681,ASV1738,Undirected,81400,,-0.640708
ASV681,ASV175,Undirected,81401,,0.701558
ASV681,ASV178,Undirected,81402,,-0.684049
ASV681,ASV1781,Undirected,81403,,-0.647918
ASV681,ASV197,Undirected,81408,,0.662522
ASV681,ASV2026,Undirected,81409,,0.659878
ASV681,ASV205,Undirected,81410,,-0.68189
ASV681,ASV214,Undirected,81411,,-0.627339
ASV681,ASV2155,Undirected,81412,,0.661811
ASV681,ASV217,Undirected,81414,,0.699221
ASV681,ASV22,Undirected,81415,,0.604904
ASV681,ASV231,Undirected,81420,,-0.669433
ASV681,ASV233,Undirected,81421,,-0.647763
ASV681,ASV261,Undirected,81429,,-0.704358
ASV681,ASV264,Undirected,81431,,-0.630649
ASV681,ASV267,Undirected,81432,,0.687663
ASV681,ASV277,Undirected,81436,,-0.671867
ASV681,ASV28,Undirected,81437,,-0.649226
ASV681,ASV291,Undirected,81440,,-0.614546
ASV681,ASV295,Undirected,81441,,-0.626557
ASV681,ASV335,Undirected,81447,,-0.629168
ASV681,ASV34,Undirected,81448,,0.659071
ASV681,ASV344,Undirected,81449,,0.662003
ASV681,ASV349,Undirected,81450,,-0.620905
ASV681,ASV360,Undirected,81453,,-0.657803
ASV681,ASV374,Undirected,81457,,0.705089
ASV681,ASV388,Undirected,81459,,-0.62474
ASV681,ASV4,Undirected,81461,,0.703267
ASV681,ASV404,Undirected,81462,,0.676396
ASV681,ASV4134,Undirected,81463,,-0.619388
ASV681,ASV430,Undirected,81464,,-0.700313
ASV681,ASV436,Undirected,81465,,-0.689351
ASV681,ASV437,Undirected,81466,,-0.620047
ASV681,ASV451,Undirected,81469,,0.623768
ASV681,ASV452,Undirected,81470,,0.676867
ASV681,ASV456,Undirected,81471,,-0.658346
ASV681,ASV463,Undirected,81473,,0.677051
ASV681,ASV48,Undirected,81474,,0.62591
ASV681,ASV507,Undirected,81479,,0.632682
ASV681,ASV531,Undirected,81485,,-0.623053
ASV681,ASV539,Undirected,81486,,-0.619398
ASV681,ASV5488,Undirected,81487,,-0.655405
ASV681,ASV564,Undirected,81490,,0.700468
ASV681,ASV5687,Undirected,81491,,0.663369
ASV681,ASV57,Undirected,81492,,0.662522
ASV681,ASV570,Undirected,81493,,-0.704579
ASV681,ASV571,Undirected,81494,,0.666331
ASV681,ASV579,Undirected,81496,,-0.668445
ASV681,ASV591,Undirected,81498,,0.607928
ASV681,ASV600,Undirected,81501,,-0.612941
ASV681,ASV611,Undirected,81503,,-0.60043
ASV681,ASV62,Undirected,81504,,0.67313
ASV681,ASV627,Undirected,81506,,-0.608884
ASV681,ASV631,Undirected,81507,,0.652468
ASV681,ASV641,Undirected,81509,,0.628782
ASV681,ASV653,Undirected,81510,,-0.625594
ASV681,ASV660,Undirected,81512,,-0.640669
ASV681,ASV672,Undirected,81513,,-0.704446
ASV681,ASV681,Undirected,81514,,1
ASV681,ASV702,Undirected,81515,,1.44221
ASV681,ASV71,Undirected,81516,,1.590896
ASV681,ASV733,Undirected,81517,,1.627087
ASV681,ASV74,Undirected,81518,,1.603945
ASV681,ASV781,Undirected,81519,,-1.450922
ASV681,ASV79,Undirected,81520,,1.546684
ASV681,ASV80,Undirected,81521,,1.432131
ASV681,ASV810,Undirected,81522,,1.790844
ASV681,ASV82,Undirected,81523,,1.792755
ASV681,ASV828,Undirected,81524,,-1.441788
ASV681,ASV83,Undirected,81525,,-1.500264
ASV681,ASV856,Undirected,81526,,-1.534062
ASV681,ASV9,Undirected,81527,,1.532895
ASV681,ASV90,Undirected,81528,,1.64127
ASV681,ASV922,Undirected,81529,,-1.621879
ASV681,ASV95,Undirected,81530,,-1.441166
ASV681,ASV96,Undirected,81531,,1.566979
ASV682,ASV105,Undirected,81532,,-0.62254
ASV682,ASV110,Undirected,81533,,-0.635439
ASV682,ASV15,Undirected,81534,,-0.660781
ASV682,ASV1505,Undirected,81535,,0.611394
ASV682,ASV2185,Undirected,81536,,0.633788
ASV682,ASV224,Undirected,81537,,0.617528
ASV682,ASV266,Undirected,81538,,0.690873
ASV682,ASV2774,Undirected,81539,,-0.694607
ASV682,ASV5010,Undirected,81540,,0.604715
ASV682,ASV682,Undirected,81541,,1
ASV684,ASV440,Undirected,81542,,-0.649649
ASV684,ASV4509,Undirected,81543,,0.632049
ASV684,ASV684,Undirected,81544,,1
ASV686,ASV100,Undirected,81545,,0.646844
ASV686,ASV1017,Undirected,81546,,0.685218
ASV686,ASV114,Undirected,81547,,0.682934
ASV686,ASV1165,Undirected,81548,,0.606813
ASV686,ASV1298,Undirected,81549,,-0.705125
ASV686,ASV16,Undirected,81550,,0.600004
ASV686,ASV165,Undirected,81551,,0.63466
ASV686,ASV1985,Undirected,81552,,-0.689287
ASV686,ASV2026,Undirected,81553,,0.670931
ASV686,ASV217,Undirected,81555,,0.625912
ASV686,ASV2185,Undirected,81556,,-0.63513
ASV686,ASV252,Undirected,81558,,0.668056
ASV686,ASV266,Undirected,81559,,-0.630594
ASV686,ASV3732,Undirected,81562,,-0.670481
ASV686,ASV38,Undirected,81563,,0.628639
ASV686,ASV412,Undirected,81564,,-0.642449
ASV686,ASV436,Undirected,81565,,-0.612384
ASV686,ASV443,Undirected,81566,,-0.685677
ASV686,ASV485,Undirected,81567,,0.601565
ASV686,ASV571,Undirected,81568,,0.636466
ASV686,ASV62,Undirected,81570,,0.654277
ASV686,ASV670,Undirected,81573,,-0.669288
ASV686,ASV686,Undirected,81574,,1
ASV687,ASV23,Undirected,81575,,0.684657
ASV687,ASV2486,Undirected,81576,,-0.70151
ASV687,ASV251,Undirected,81577,,0.612067
ASV687,ASV2623,Undirected,81579,,-0.61823
ASV687,ASV293,Undirected,81580,,0.662853
ASV687,ASV362,Undirected,81581,,0.668576
ASV687,ASV3824,Undirected,81582,,-0.643564
ASV687,ASV411,Undirected,81583,,0.637358
ASV687,ASV502,Undirected,81585,,0.627342
ASV687,ASV53,Undirected,81586,,0.604054
ASV687,ASV676,Undirected,81587,,0.667015
ASV687,ASV687,Undirected,81588,,1
ASV687,ASV750,Undirected,81589,,1.513065
ASV687,ASV872,Undirected,81590,,1.43975
ASV689,ASV1432,Undirected,81592,,-0.600444
ASV689,ASV302,Undirected,81593,,-0.652955
ASV689,ASV689,Undirected,81594,,1
ASV69,ASV10,Undirected,81595,,-0.6939
ASV69,ASV1007,Undirected,81596,,-0.632349
ASV69,ASV1346,Undirected,81598,,-0.623967
ASV69,ASV136,Undirected,81599,,-0.607254
ASV69,ASV1381,Undirected,81600,,-0.631448
ASV69,ASV148,Undirected,81601,,0.676014
ASV69,ASV1493,Undirected,81602,,-0.603953
ASV69,ASV172,Undirected,81604,,-0.656672
ASV69,ASV187,Undirected,81605,,-0.619048
ASV69,ASV234,Undirected,81607,,-0.60986
ASV69,ASV2361,Undirected,81608,,-0.639487
ASV69,ASV2915,Undirected,81612,,-0.693264
ASV69,ASV3,Undirected,81613,,-0.6939
ASV69,ASV322,Undirected,81614,,-0.600725
ASV69,ASV37,Undirected,81615,,-0.619763
ASV69,ASV4,Undirected,81616,,-0.600829
ASV69,ASV4085,Undirected,81617,,-0.616603
ASV69,ASV48,Undirected,81619,,-0.662184
ASV69,ASV4983,Undirected,81620,,0.622599
ASV69,ASV54,Undirected,81622,,-0.654603
ASV69,ASV547,Undirected,81623,,0.618882
ASV69,ASV592,Undirected,81624,,0.619407
ASV69,ASV677,Undirected,81625,,-0.646519
ASV69,ASV69,Undirected,81626,,1
ASV692,ASV1468,Undirected,81627,,0.602553
ASV692,ASV3485,Undirected,81629,,-0.629536
ASV692,ASV5525,Undirected,81630,,-0.602336
ASV692,ASV676,Undirected,81631,,0.660182
ASV692,ASV692,Undirected,81632,,1
ASV693,ASV3938,Undirected,81633,,-0.60548
ASV693,ASV693,Undirected,81634,,1
ASV699,ASV103,Undirected,81635,,-0.677774
ASV699,ASV1120,Undirected,81636,,0.643609
ASV699,ASV113,Undirected,81637,,-0.629617
ASV699,ASV1149,Undirected,81638,,0.650265
ASV699,ASV121,Undirected,81639,,-0.658513
ASV699,ASV142,Undirected,81642,,0.679488
ASV699,ASV1449,Undirected,81643,,0.666044
ASV699,ASV164,Undirected,81647,,0.700787
ASV699,ASV170,Undirected,81648,,-0.612906
ASV699,ASV1793,Undirected,81649,,0.635509
ASV699,ASV183,Undirected,81650,,0.645616
ASV699,ASV202,Undirected,81651,,0.607908
ASV699,ASV219,Undirected,81652,,0.608019
ASV699,ASV235,Undirected,81655,,0.67689
ASV699,ASV244,Undirected,81656,,-0.628189
ASV699,ASV245,Undirected,81657,,0.644682
ASV699,ASV2511,Undirected,81658,,0.640244
ASV699,ASV2583,Undirected,81659,,-0.633856
ASV699,ASV260,Undirected,81660,,0.625589
ASV699,ASV271,Undirected,81661,,0.650522
ASV699,ASV295,Undirected,81662,,0.604995
ASV699,ASV33,Undirected,81663,,-0.64483
ASV699,ASV352,Undirected,81665,,0.664925
ASV699,ASV36,Undirected,81666,,-0.611435
ASV699,ASV382,Undirected,81667,,0.627738
ASV699,ASV416,Undirected,81668,,0.642043
ASV699,ASV422,Undirected,81669,,0.642784
ASV699,ASV430,Undirected,81670,,0.604797
ASV699,ASV438,Undirected,81672,,-0.640814
ASV699,ASV463,Undirected,81675,,-0.691991
ASV699,ASV468,Undirected,81676,,0.667363
ASV699,ASV510,Undirected,81677,,0.651816
ASV699,ASV551,Undirected,81680,,-0.637265
ASV699,ASV556,Undirected,81681,,0.680043
ASV699,ASV576,Undirected,81682,,0.65483
ASV699,ASV6,Undirected,81684,,0.660104
ASV699,ASV675,Undirected,81685,,0.681513
ASV699,ASV699,Undirected,81686,,1
ASV699,ASV775,Undirected,81687,,1.553363
ASV699,ASV876,Undirected,81688,,1.540759
ASV7,ASV1229,Undirected,81690,,0.671954
ASV7,ASV155,Undirected,81691,,0.617438
ASV7,ASV234,Undirected,81692,,0.608105
ASV7,ASV2370,Undirected,81693,,-0.602815
ASV7,ASV2599,Undirected,81694,,-0.647861
ASV7,ASV262,Undirected,81695,,0.664941
ASV7,ASV319,Undirected,81696,,0.609814
ASV7,ASV429,Undirected,81697,,0.607097
ASV7,ASV450,Undirected,81698,,-0.638885
ASV7,ASV7,Undirected,81699,,1
ASV70,ASV11,Undirected,81701,,0.610452
ASV70,ASV151,Undirected,81702,,-0.674989
ASV70,ASV2008,Undirected,81703,,0.67071
ASV70,ASV239,Undirected,81704,,-0.604145
ASV70,ASV2809,Undirected,81705,,-0.613389
ASV70,ASV3869,Undirected,81706,,-0.61364
ASV70,ASV4133,Undirected,81707,,-0.605351
ASV70,ASV601,Undirected,81709,,0.611515
ASV70,ASV70,Undirected,81712,,1
ASV702,ASV1017,Undirected,81715,,0.620781
ASV702,ASV1030,Undirected,81716,,-0.638615
ASV702,ASV107,Undirected,81717,,0.633773
ASV702,ASV108,Undirected,81718,,0.659194
ASV702,ASV113,Undirected,81719,,0.622157
ASV702,ASV1141,Undirected,81721,,0.643872
ASV702,ASV117,Undirected,81722,,0.600646
ASV702,ASV122,Undirected,81723,,0.653206
ASV702,ASV123,Undirected,81724,,0.677879
ASV702,ASV127,Undirected,81725,,0.648266
ASV702,ASV1272,Undirected,81726,,0.600903
ASV702,ASV1298,Undirected,81727,,-0.691889
ASV702,ASV13,Undirected,81728,,0.637486
ASV702,ASV158,Undirected,81729,,-0.616097
ASV702,ASV184,Undirected,81731,,0.642466
ASV702,ASV187,Undirected,81732,,0.645644
ASV702,ASV237,Undirected,81734,,0.611007
ASV702,ASV24,Undirected,81735,,0.689488
ASV702,ASV244,Undirected,81736,,0.631684
ASV702,ASV2511,Undirected,81737,,-0.634829
ASV702,ASV263,Undirected,81738,,0.649634
ASV702,ASV271,Undirected,81739,,-0.637377
ASV702,ASV273,Undirected,81740,,0.639712
ASV702,ASV31,Undirected,81742,,0.704309
ASV702,ASV32,Undirected,81743,,0.699725
ASV702,ASV327,Undirected,81744,,0.622157
ASV702,ASV363,Undirected,81745,,0.705511
ASV702,ASV4,Undirected,81748,,0.617343
ASV702,ASV44,Undirected,81750,,0.612967
ASV702,ASV451,Undirected,81751,,0.640566
ASV702,ASV48,Undirected,81752,,0.607229
ASV702,ASV483,Undirected,81753,,0.670244
ASV702,ASV51,Undirected,81755,,-0.703521
ASV702,ASV529,Undirected,81756,,-0.646556
ASV702,ASV54,Undirected,81757,,0.614215
ASV702,ASV57,Undirected,81758,,0.703058
ASV702,ASV571,Undirected,81759,,0.689837
ASV702,ASV59,Undirected,81760,,0.701811
ASV702,ASV702,Undirected,81763,,1
ASV702,ASV741,Undirected,81764,,-1.540811
ASV702,ASV854,Undirected,81765,,1.432733
ASV705,ASV1024,Undirected,81766,,0.615676
ASV705,ASV1036,Undirected,81767,,0.646188
ASV705,ASV1051,Undirected,81768,,0.633324
ASV705,ASV1202,Undirected,81769,,0.633337
ASV705,ASV1273,Undirected,81770,,0.657663
ASV705,ASV133,Undirected,81771,,0.627744
ASV705,ASV158,Undirected,81773,,0.622346
ASV705,ASV2623,Undirected,81774,,-0.6468
ASV705,ASV302,Undirected,81775,,0.629794
ASV705,ASV468,Undirected,81776,,0.6731
ASV705,ASV478,Undirected,81777,,-0.602332
ASV705,ASV488,Undirected,81778,,0.632328
ASV705,ASV502,Undirected,81779,,0.624393
ASV705,ASV653,Undirected,81780,,0.647878
ASV705,ASV705,Undirected,81781,,1
ASV705,ASV862,Undirected,81782,,1.516426
ASV707,ASV1036,Undirected,81783,,0.622132
ASV707,ASV113,Undirected,81785,,-0.621825
ASV707,ASV125,Undirected,81788,,0.70063
ASV707,ASV1251,Undirected,81789,,0.678007
ASV707,ASV1273,Undirected,81790,,0.670024
ASV707,ASV140,Undirected,81795,,0.705462
ASV707,ASV1437,Undirected,81796,,0.621586
ASV707,ASV1468,Undirected,81797,,0.687416
ASV707,ASV149,Undirected,81798,,0.664942
ASV707,ASV159,Undirected,81800,,0.698597
ASV707,ASV16,Undirected,81801,,-0.656451
ASV707,ASV1647,Undirected,81803,,0.662303
ASV707,ASV165,Undirected,81804,,-0.625538
ASV707,ASV1738,Undirected,81805,,0.661084
ASV707,ASV1985,Undirected,81807,,0.686456
ASV707,ASV2066,Undirected,81808,,0.661954
ASV707,ASV2290,Undirected,81813,,0.655473
ASV707,ASV235,Undirected,81814,,0.654033
ASV707,ASV242,Undirected,81815,,0.645536
ASV707,ASV248,Undirected,81816,,0.613947
ASV707,ASV25,Undirected,81817,,-0.654915
ASV707,ASV264,Undirected,81820,,0.679857
ASV707,ASV2744,Undirected,81822,,0.608477
ASV707,ASV283,Undirected,81823,,0.663537
ASV707,ASV2974,Undirected,81826,,0.608816
ASV707,ASV298,Undirected,81827,,0.605308
ASV707,ASV302,Undirected,81828,,0.625069
ASV707,ASV31,Undirected,81829,,-0.64067
ASV707,ASV344,Undirected,81832,,-0.684163
ASV707,ASV35,Undirected,81834,,0.705098
ASV707,ASV369,Undirected,81837,,0.696832
ASV707,ASV3752,Undirected,81838,,0.64518
ASV707,ASV388,Undirected,81839,,0.639585
ASV707,ASV4134,Undirected,81841,,0.616483
ASV707,ASV416,Undirected,81842,,0.680544
ASV707,ASV430,Undirected,81843,,0.639208
ASV707,ASV435,Undirected,81844,,0.658155
ASV707,ASV45,Undirected,81845,,-0.690592
ASV707,ASV456,Undirected,81846,,0.690465
ASV707,ASV459,Undirected,81847,,0.668066
ASV707,ASV468,Undirected,81848,,0.678329
ASV707,ASV483,Undirected,81849,,-0.704678
ASV707,ASV502,Undirected,81851,,0.695792
ASV707,ASV51,Undirected,81852,,0.614703
ASV707,ASV528,Undirected,81853,,0.66771
ASV707,ASV529,Undirected,81854,,0.613988
ASV707,ASV531,Undirected,81855,,0.694592
ASV707,ASV540,Undirected,81856,,0.676902
ASV707,ASV550,Undirected,81857,,-0.632414
ASV707,ASV551,Undirected,81858,,-0.621608
ASV707,ASV579,Undirected,81859,,0.631458
ASV707,ASV6,Undirected,81860,,0.626891
ASV707,ASV60,Undirected,81861,,-0.60334
ASV707,ASV611,Undirected,81862,,0.605351
ASV707,ASV618,Undirected,81863,,0.618057
ASV707,ASV623,Undirected,81864,,0.680918
ASV707,ASV653,Undirected,81865,,0.633179
ASV707,ASV657,Undirected,81867,,0.673316
ASV707,ASV68,Undirected,81868,,-0.685418
ASV707,ASV681,Undirected,81869,,-0.620835
ASV707,ASV705,Undirected,81870,,0.642933
ASV707,ASV707,Undirected,81871,,1
ASV707,ASV708,Undirected,81872,,1.551259
ASV707,ASV732,Undirected,81873,,-1.498433
ASV707,ASV751,Undirected,81874,,-1.509064
ASV707,ASV783,Undirected,81875,,1.51151
ASV707,ASV83,Undirected,81876,,1.432743
ASV707,ASV856,Undirected,81877,,1.49453
ASV707,ASV92,Undirected,81878,,1.614563
ASV707,ASV927,Undirected,81879,,-1.482759
ASV707,ASV938,Undirected,81880,,-1.606528
ASV707,ASV95,Undirected,81881,,1.594823
ASV707,ASV970,Undirected,81882,,1.438288
ASV707,ASV995,Undirected,81883,,1.5264
ASV708,ASV1071,Undirected,81884,,0.653611
ASV708,ASV108,Undirected,81885,,-0.635567
ASV708,ASV1120,Undirected,81887,,0.618415
ASV708,ASV1141,Undirected,81889,,-0.62382
ASV708,ASV117,Undirected,81891,,-0.606369
ASV708,ASV1186,Undirected,81892,,-0.611758
ASV708,ASV121,Undirected,81893,,-0.699017
ASV708,ASV1221,Undirected,81894,,0.61069
ASV708,ASV1298,Undirected,81898,,0.66936
ASV708,ASV140,Undirected,81901,,0.630415
ASV708,ASV16,Undirected,81906,,-0.688034
ASV708,ASV1647,Undirected,81908,,0.615795
ASV708,ASV165,Undirected,81909,,-0.693164
ASV708,ASV170,Undirected,81910,,-0.637131
ASV708,ASV1738,Undirected,81911,,0.6312
ASV708,ASV1740,Undirected,81912,,0.637697
ASV708,ASV182,Undirected,81913,,-0.64909
ASV708,ASV184,Undirected,81914,,-0.641823
ASV708,ASV191,Undirected,81915,,-0.627883
ASV708,ASV202,Undirected,81916,,0.602407
ASV708,ASV2026,Undirected,81917,,-0.627736
ASV708,ASV2066,Undirected,81918,,0.660702
ASV708,ASV220,Undirected,81921,,-0.630814
ASV708,ASV223,Undirected,81922,,0.677097
ASV708,ASV225,Undirected,81923,,0.639596
ASV708,ASV233,Undirected,81925,,0.62644
ASV708,ASV24,Undirected,81927,,-0.608551
ASV708,ASV25,Undirected,81930,,-0.689569
ASV708,ASV269,Undirected,81935,,0.657248
ASV708,ASV270,Undirected,81936,,0.616834
ASV708,ASV273,Undirected,81938,,-0.700535
ASV708,ASV2744,Undirected,81939,,0.601118
ASV708,ASV288,Undirected,81940,,0.661636
ASV708,ASV295,Undirected,81941,,0.663555
ASV708,ASV298,Undirected,81942,,0.629505
ASV708,ASV31,Undirected,81943,,-0.693081
ASV708,ASV32,Undirected,81945,,-0.605323
ASV708,ASV328,Undirected,81946,,0.665631
ASV708,ASV33,Undirected,81947,,-0.674842
ASV708,ASV349,Undirected,81951,,0.6752
ASV708,ASV352,Undirected,81953,,0.671564
ASV708,ASV36,Undirected,81954,,-0.701213
ASV708,ASV363,Undirected,81955,,-0.634908
ASV708,ASV369,Undirected,81956,,0.624815
ASV708,ASV3824,Undirected,81957,,-0.613378
ASV708,ASV416,Undirected,81959,,0.692919
ASV708,ASV428,Undirected,81960,,0.695531
ASV708,ASV443,Undirected,81962,,0.630049
ASV708,ASV45,Undirected,81963,,-0.664941
ASV708,ASV459,Undirected,81966,,0.658972
ASV708,ASV463,Undirected,81967,,-0.612104
ASV708,ASV468,Undirected,81968,,0.691262
ASV708,ASV483,Undirected,81969,,-0.653099
ASV708,ASV486,Undirected,81970,,-0.655989
ASV708,ASV488,Undirected,81971,,0.648847
ASV708,ASV501,Undirected,81972,,0.641113
ASV708,ASV507,Undirected,81973,,-0.646429
ASV708,ASV51,Undirected,81974,,0.617035
ASV708,ASV514,Undirected,81975,,-0.649797
ASV708,ASV5488,Undirected,81979,,0.613784
ASV708,ASV549,Undirected,81980,,0.690475
ASV708,ASV570,Undirected,81982,,0.679647
ASV708,ASV5744,Undirected,81983,,-0.650013
ASV708,ASV579,Undirected,81984,,0.605383
ASV708,ASV585,Undirected,81985,,0.627844
ASV708,ASV59,Undirected,81986,,-0.693729
ASV708,ASV60,Undirected,81988,,-0.612972
ASV708,ASV637,Undirected,81991,,-0.648906
ASV708,ASV641,Undirected,81992,,-0.623953
ASV708,ASV681,Undirected,81994,,-0.666498
ASV708,ASV699,Undirected,81995,,0.663181
ASV708,ASV708,Undirected,81997,,1
ASV708,ASV751,Undirected,81998,,-1.66248
ASV708,ASV775,Undirected,81999,,1.567049
ASV708,ASV82,Undirected,82000,,-1.435002
ASV708,ASV825,Undirected,82001,,1.417629
ASV708,ASV856,Undirected,82002,,1.475728
ASV708,ASV876,Undirected,82003,,1.583141
ASV708,ASV927,Undirected,82004,,-1.528797
ASV708,ASV95,Undirected,82005,,1.504459
ASV708,ASV970,Undirected,82006,,1.508386
ASV708,ASV995,Undirected,82007,,1.470927
ASV709,ASV120,Undirected,82009,,0.606988
ASV709,ASV1350,Undirected,82010,,0.610593
ASV709,ASV1450,Undirected,82011,,0.60626
ASV709,ASV160,Undirected,82012,,0.653356
ASV709,ASV167,Undirected,82013,,-0.697289
ASV709,ASV2026,Undirected,82014,,-0.619403
ASV709,ASV2290,Undirected,82015,,0.6404
ASV709,ASV235,Undirected,82016,,0.628085
ASV709,ASV241,Undirected,82017,,0.623772
ASV709,ASV25,Undirected,82018,,-0.606993
ASV709,ASV3406,Undirected,82019,,0.602663
ASV709,ASV635,Undirected,82020,,0.602875
ASV709,ASV709,Undirected,82021,,1
ASV71,ASV100,Undirected,82022,,0.678786
ASV71,ASV1007,Undirected,82023,,0.620664
ASV71,ASV110,Undirected,82028,,0.605059
ASV71,ASV114,Undirected,82031,,0.696954
ASV71,ASV1141,Undirected,82032,,0.686128
ASV71,ASV1186,Undirected,82035,,0.60381
ASV71,ASV12,Undirected,82036,,0.704303
ASV71,ASV123,Undirected,82039,,0.604283
ASV71,ASV1243,Undirected,82040,,-0.642827
ASV71,ASV1298,Undirected,82042,,-0.704182
ASV71,ASV14,Undirected,82044,,-0.702786
ASV71,ASV142,Undirected,82045,,-0.672521
ASV71,ASV1428,Undirected,82046,,-0.65107
ASV71,ASV1466,Undirected,82047,,-0.610285
ASV71,ASV149,Undirected,82048,,-0.670455
ASV71,ASV158,Undirected,82051,,-0.608157
ASV71,ASV164,Undirected,82054,,-0.686984
ASV71,ASV165,Undirected,82055,,0.639211
ASV71,ASV170,Undirected,82056,,0.651839
ASV71,ASV172,Undirected,82058,,0.628483
ASV71,ASV1781,Undirected,82061,,-0.685014
ASV71,ASV180,Undirected,82063,,0.654532
ASV71,ASV182,Undirected,82064,,0.600005
ASV71,ASV183,Undirected,82065,,-0.624816
ASV71,ASV185,Undirected,82067,,0.610686
ASV71,ASV216,Undirected,82075,,0.648237
ASV71,ASV2185,Undirected,82076,,-0.673967
ASV71,ASV2213,Undirected,82078,,-0.608616
ASV71,ASV227,Undirected,82081,,0.675987
ASV71,ASV237,Undirected,82085,,0.686016
ASV71,ASV252,Undirected,82092,,0.622223
ASV71,ASV261,Undirected,82094,,-0.678037
ASV71,ASV266,Undirected,82096,,-0.605593
ASV71,ASV277,Undirected,82101,,-0.69327
ASV71,ASV28,Undirected,82102,,-0.615385
ASV71,ASV288,Undirected,82103,,-0.621833
ASV71,ASV293,Undirected,82104,,0.604558
ASV71,ASV327,Undirected,82107,,0.621901
ASV71,ASV3327,Undirected,82109,,0.623544
ASV71,ASV3347,Undirected,82110,,-0.602705
ASV71,ASV3732,Undirected,82117,,-0.638057
ASV71,ASV401,Undirected,82121,,-0.657685
ASV71,ASV403,Undirected,82122,,0.643834
ASV71,ASV41,Undirected,82124,,0.703149
ASV71,ASV4134,Undirected,82125,,-0.692791
ASV71,ASV4229,Undirected,82126,,-0.641931
ASV71,ASV437,Undirected,82128,,-0.610523
ASV71,ASV447,Undirected,82131,,-0.647489
ASV71,ASV459,Undirected,82133,,-0.663222
ASV71,ASV468,Undirected,82135,,-0.616834
ASV71,ASV483,Undirected,82137,,0.673819
ASV71,ASV507,Undirected,82141,,0.663958
ASV71,ASV51,Undirected,82142,,-0.650085
ASV71,ASV514,Undirected,82143,,0.703267
ASV71,ASV516,Undirected,82144,,0.627929
ASV71,ASV529,Undirected,82145,,-0.655614
ASV71,ASV53,Undirected,82146,,0.660816
ASV71,ASV54,Undirected,82147,,0.611971
ASV71,ASV551,Undirected,82148,,0.65699
ASV71,ASV553,Undirected,82149,,0.637311
ASV71,ASV5638,Undirected,82151,,-0.627873
ASV71,ASV571,Undirected,82155,,0.603469
ASV71,ASV5744,Undirected,82156,,0.702843
ASV71,ASV576,Undirected,82157,,-0.607488
ASV71,ASV5848,Undirected,82158,,-0.60114
ASV71,ASV637,Undirected,82163,,0.6646
ASV71,ASV641,Undirected,82164,,0.688364
ASV71,ASV655,Undirected,82165,,-0.682938
ASV71,ASV702,Undirected,82167,,0.667398
ASV71,ASV71,Undirected,82168,,1
ASV71,ASV733,Undirected,82169,,1.668943
ASV71,ASV74,Undirected,82170,,1.642563
ASV71,ASV79,Undirected,82171,,1.531785
ASV71,ASV80,Undirected,82172,,1.569438
ASV71,ASV810,Undirected,82173,,1.629878
ASV71,ASV82,Undirected,82174,,1.709861
ASV71,ASV828,Undirected,82175,,-1.447964
ASV71,ASV856,Undirected,82176,,-1.593796
ASV71,ASV87,Undirected,82177,,1.578947
ASV71,ASV9,Undirected,82178,,1.719298
ASV71,ASV90,Undirected,82179,,1.750001
ASV71,ASV922,Undirected,82180,,-1.453059
ASV71,ASV95,Undirected,82181,,-1.477273
ASV71,ASV96,Undirected,82182,,1.535442
ASV711,ASV119,Undirected,82183,,-0.615066
ASV711,ASV1251,Undirected,82184,,-0.624637
ASV711,ASV1435,Undirected,82185,,-0.652753
ASV711,ASV150,Undirected,82186,,0.626255
ASV711,ASV1551,Undirected,82187,,-0.636975
ASV711,ASV172,Undirected,82188,,0.660793
ASV711,ASV175,Undirected,82189,,0.626255
ASV711,ASV1838,Undirected,82190,,-0.614352
ASV711,ASV187,Undirected,82191,,0.655226
ASV711,ASV2124,Undirected,82192,,0.687736
ASV711,ASV23,Undirected,82193,,0.615006
ASV711,ASV445,Undirected,82197,,0.631072
ASV711,ASV48,Undirected,82198,,0.640832
ASV711,ASV515,Undirected,82199,,0.622734
ASV711,ASV5245,Undirected,82200,,0.680747
ASV711,ASV65,Undirected,82202,,-0.679706
ASV711,ASV677,Undirected,82203,,0.672088
ASV711,ASV711,Undirected,82204,,1
ASV716,ASV1069,Undirected,82205,,-0.655108
ASV716,ASV1165,Undirected,82206,,0.625058
ASV716,ASV13,Undirected,82207,,0.629188
ASV716,ASV153,Undirected,82208,,0.649096
ASV716,ASV1607,Undirected,82209,,-0.66026
ASV716,ASV184,Undirected,82210,,0.605818
ASV716,ASV199,Undirected,82211,,0.677749
ASV716,ASV21,Undirected,82212,,0.607084
ASV716,ASV217,Undirected,82213,,0.68597
ASV716,ASV24,Undirected,82214,,0.601733
ASV716,ASV244,Undirected,82215,,0.681586
ASV716,ASV247,Undirected,82216,,0.66248
ASV716,ASV263,Undirected,82217,,0.642425
ASV716,ASV273,Undirected,82218,,0.617253
ASV716,ASV28,Undirected,82219,,-0.632331
ASV716,ASV32,Undirected,82220,,0.661851
ASV716,ASV3347,Undirected,82221,,-0.690557
ASV716,ASV40,Undirected,82222,,0.685598
ASV716,ASV413,Undirected,82223,,0.654923
ASV716,ASV46,Undirected,82225,,0.634951
ASV716,ASV513,Undirected,82226,,-0.639417
ASV716,ASV5201,Undirected,82227,,-0.616843
ASV716,ASV60,Undirected,82228,,0.609292
ASV716,ASV61,Undirected,82229,,0.619875
ASV716,ASV634,Undirected,82230,,-0.675814
ASV716,ASV658,Undirected,82231,,-0.626129
ASV716,ASV716,Undirected,82232,,1
ASV716,ASV771,Undirected,82233,,1.47743
ASV719,ASV1051,Undirected,82234,,-0.619824
ASV719,ASV117,Undirected,82235,,0.668235
ASV719,ASV1221,Undirected,82236,,-0.639604
ASV719,ASV125,Undirected,82237,,-0.636325
ASV719,ASV1273,Undirected,82238,,-0.600649
ASV719,ASV1298,Undirected,82239,,-0.692074
ASV719,ASV146,Undirected,82241,,0.643642
ASV719,ASV149,Undirected,82243,,-0.625595
ASV719,ASV154,Undirected,82245,,-0.70568
ASV719,ASV158,Undirected,82246,,-0.626312
ASV719,ASV159,Undirected,82247,,-0.673272
ASV719,ASV1830,Undirected,82248,,0.644353
ASV719,ASV207,Undirected,82249,,-0.631938
ASV719,ASV219,Undirected,82250,,-0.696201
ASV719,ASV229,Undirected,82251,,0.604587
ASV719,ASV243,Undirected,82252,,-0.655318
ASV719,ASV260,Undirected,82253,,-0.704328
ASV719,ASV271,Undirected,82255,,-0.603757
ASV719,ASV277,Undirected,82256,,-0.696403
ASV719,ASV291,Undirected,82257,,-0.657639
ASV719,ASV295,Undirected,82258,,-0.673786
ASV719,ASV297,Undirected,82259,,-0.633368
ASV719,ASV3072,Undirected,82261,,0.67412
ASV719,ASV31,Undirected,82262,,0.656957
ASV719,ASV334,Undirected,82264,,-0.619675
ASV719,ASV352,Undirected,82265,,-0.693922
ASV719,ASV369,Undirected,82267,,-0.655916
ASV719,ASV3732,Undirected,82268,,-0.602818
ASV719,ASV423,Undirected,82270,,-0.702774
ASV719,ASV437,Undirected,82272,,-0.688482
ASV719,ASV443,Undirected,82274,,-0.607613
ASV719,ASV445,Undirected,82275,,0.674827
ASV719,ASV458,Undirected,82277,,-0.657758
ASV719,ASV459,Undirected,82278,,-0.666144
ASV719,ASV501,Undirected,82280,,-0.669624
ASV719,ASV516,Undirected,82281,,0.602926
ASV719,ASV548,Undirected,82283,,-0.610951
ASV719,ASV563,Undirected,82285,,0.635179
ASV719,ASV5782,Undirected,82287,,0.603442
ASV719,ASV579,Undirected,82288,,-0.672119
ASV719,ASV585,Undirected,82289,,-0.668789
ASV719,ASV6,Undirected,82290,,-0.60365
ASV719,ASV653,Undirected,82292,,-0.680462
ASV719,ASV68,Undirected,82293,,0.692913
ASV719,ASV719,Undirected,82294,,1
ASV719,ASV733,Undirected,82295,,1.518287
ASV719,ASV76,Undirected,82296,,-1.544805
ASV719,ASV776,Undirected,82297,,-1.485307
ASV719,ASV983,Undirected,82298,,-1.565537
ASV72,ASV133,Undirected,82299,,0.637684
ASV72,ASV139,Undirected,82300,,0.652893
ASV72,ASV159,Undirected,82301,,0.619051
ASV72,ASV1830,Undirected,82302,,-0.616428
ASV72,ASV240,Undirected,82303,,0.694215
ASV72,ASV245,Undirected,82304,,0.604339
ASV72,ASV308,Undirected,82305,,0.653863
ASV72,ASV3327,Undirected,82306,,-0.670544
ASV72,ASV334,Undirected,82307,,0.605685
ASV72,ASV34,Undirected,82308,,-0.620547
ASV72,ASV429,Undirected,82309,,0.703207
ASV72,ASV449,Undirected,82310,,0.6646
ASV72,ASV549,Undirected,82312,,0.704241
ASV72,ASV563,Undirected,82313,,-0.696742
ASV72,ASV570,Undirected,82314,,0.60338
ASV72,ASV670,Undirected,82315,,0.662181
ASV72,ASV699,Undirected,82316,,0.678786
ASV72,ASV708,Undirected,82317,,0.603242
ASV72,ASV72,Undirected,82318,,1
ASV72,ASV758,Undirected,82319,,-1.483401
ASV72,ASV84,Undirected,82320,,1.483709
ASV72,ASV88,Undirected,82321,,1.616099
ASV721,ASV1093,Undirected,82322,,0.619174
ASV721,ASV113,Undirected,82324,,-0.622218
ASV721,ASV120,Undirected,82325,,0.616435
ASV721,ASV142,Undirected,82326,,0.685274
ASV721,ASV158,Undirected,82327,,0.601583
ASV721,ASV169,Undirected,82330,,-0.631342
ASV721,ASV184,Undirected,82331,,-0.618488
ASV721,ASV194,Undirected,82332,,-0.646337
ASV721,ASV20,Undirected,82334,,-0.683878
ASV721,ASV207,Undirected,82335,,0.696747
ASV721,ASV228,Undirected,82337,,0.652781
ASV721,ASV233,Undirected,82338,,0.646449
ASV721,ASV235,Undirected,82339,,0.655049
ASV721,ASV241,Undirected,82340,,0.689729
ASV721,ASV242,Undirected,82341,,0.673115
ASV721,ASV25,Undirected,82344,,-0.671552
ASV721,ASV260,Undirected,82345,,0.604083
ASV721,ASV277,Undirected,82347,,0.638794
ASV721,ASV283,Undirected,82348,,0.610679
ASV721,ASV31,Undirected,82349,,-0.630166
ASV721,ASV310,Undirected,82350,,0.665285
ASV721,ASV32,Undirected,82351,,-0.617411
ASV721,ASV349,Undirected,82354,,0.611089
ASV721,ASV36,Undirected,82356,,-0.651922
ASV721,ASV394,Undirected,82358,,0.620176
ASV721,ASV397,Undirected,82359,,0.663332
ASV721,ASV412,Undirected,82360,,0.700945
ASV721,ASV455,Undirected,82366,,0.655299
ASV721,ASV458,Undirected,82367,,0.695378
ASV721,ASV459,Undirected,82368,,0.606618
ASV721,ASV463,Undirected,82369,,-0.682164
ASV721,ASV501,Undirected,82370,,0.703406
ASV721,ASV513,Undirected,82371,,0.620054
ASV721,ASV531,Undirected,82372,,0.645629
ASV721,ASV563,Undirected,82375,,-0.604085
ASV721,ASV6,Undirected,82377,,0.606999
ASV721,ASV658,Undirected,82378,,0.671076
ASV721,ASV660,Undirected,82379,,0.700898
ASV721,ASV670,Undirected,82380,,0.614496
ASV721,ASV699,Undirected,82381,,0.679061
ASV721,ASV719,Undirected,82382,,-0.631553
ASV721,ASV72,Undirected,82383,,0.633028
ASV721,ASV721,Undirected,82384,,1
ASV721,ASV79,Undirected,82385,,-1.454679
ASV721,ASV876,Undirected,82386,,1.514885
ASV721,ASV995,Undirected,82387,,1.442057
ASV724,ASV1030,Undirected,82388,,-0.680816
ASV724,ASV1162,Undirected,82389,,-0.615061
ASV724,ASV127,Undirected,82390,,0.610207
ASV724,ASV1272,Undirected,82391,,0.612433
ASV724,ASV1298,Undirected,82392,,-0.633746
ASV724,ASV13,Undirected,82393,,0.663919
ASV724,ASV170,Undirected,82394,,0.670526
ASV724,ASV174,Undirected,82395,,0.607709
ASV724,ASV183,Undirected,82396,,-0.649012
ASV724,ASV184,Undirected,82397,,0.653266
ASV724,ASV190,Undirected,82398,,0.611217
ASV724,ASV2026,Undirected,82399,,0.612743
ASV724,ASV24,Undirected,82400,,0.688285
ASV724,ASV244,Undirected,82401,,0.67436
ASV724,ASV276,Undirected,82403,,0.624624
ASV724,ASV32,Undirected,82404,,0.611409
ASV724,ASV328,Undirected,82405,,-0.604938
ASV724,ASV370,Undirected,82406,,-0.640952
ASV724,ASV374,Undirected,82407,,0.64019
ASV724,ASV398,Undirected,82410,,-0.603265
ASV724,ASV440,Undirected,82412,,-0.651141
ASV724,ASV456,Undirected,82413,,-0.600328
ASV724,ASV46,Undirected,82414,,0.704109
ASV724,ASV486,Undirected,82416,,0.628557
ASV724,ASV551,Undirected,82417,,0.617532
ASV724,ASV59,Undirected,82418,,0.700094
ASV724,ASV60,Undirected,82419,,0.626976
ASV724,ASV681,Undirected,82420,,0.65918
ASV724,ASV702,Undirected,82421,,0.657881
ASV724,ASV71,Undirected,82422,,0.672967
ASV724,ASV724,Undirected,82423,,1
ASV724,ASV886,Undirected,82424,,-1.551245
ASV724,ASV922,Undirected,82425,,-1.420796
ASV724,ASV980,Undirected,82426,,1.518384
ASV726,ASV1588,Undirected,82427,,-0.61968
ASV726,ASV1643,Undirected,82428,,-0.648271
ASV726,ASV1772,Undirected,82429,,0.635053
ASV726,ASV726,Undirected,82430,,1
ASV727,ASV151,Undirected,82433,,0.623381
ASV727,ASV2223,Undirected,82435,,0.686077
ASV727,ASV239,Undirected,82436,,0.6206
ASV727,ASV254,Undirected,82437,,-0.692228
ASV727,ASV257,Undirected,82438,,-0.61487
ASV727,ASV2623,Undirected,82439,,0.703168
ASV727,ASV309,Undirected,82440,,0.678405
ASV727,ASV3207,Undirected,82441,,0.697048
ASV727,ASV336,Undirected,82442,,0.69617
ASV727,ASV3485,Undirected,82443,,0.687047
ASV727,ASV544,Undirected,82444,,-0.615945
ASV727,ASV727,Undirected,82445,,1
ASV729,ASV143,Undirected,82446,,0.655501
ASV729,ASV368,Undirected,82447,,0.662358
ASV729,ASV729,Undirected,82449,,1
ASV73,ASV100,Undirected,82450,,0.680377
ASV73,ASV101,Undirected,82451,,0.691381
ASV73,ASV1017,Undirected,82452,,0.701072
ASV73,ASV102,Undirected,82453,,0.665283
ASV73,ASV104,Undirected,82455,,0.60499
ASV73,ASV1069,Undirected,82456,,-0.633006
ASV73,ASV107,Undirected,82457,,0.643673
ASV73,ASV110,Undirected,82458,,0.659246
ASV73,ASV116,Undirected,82461,,-0.691551
ASV73,ASV122,Undirected,82464,,0.642711
ASV73,ASV1269,Undirected,82465,,-0.671978
ASV73,ASV1298,Undirected,82466,,-0.679246
ASV73,ASV135,Undirected,82468,,0.63811
ASV73,ASV15,Undirected,82470,,0.692229
ASV73,ASV16,Undirected,82471,,0.691032
ASV73,ASV170,Undirected,82472,,0.63726
ASV73,ASV18,Undirected,82473,,-0.696691
ASV73,ASV184,Undirected,82474,,0.628957
ASV73,ASV199,Undirected,82477,,0.633977
ASV73,ASV2026,Undirected,82478,,0.643218
ASV73,ASV227,Undirected,82480,,0.650052
ASV73,ASV229,Undirected,82481,,0.619493
ASV73,ASV244,Undirected,82483,,0.635374
ASV73,ASV2511,Undirected,82484,,-0.617625
ASV73,ASV252,Undirected,82485,,0.677036
ASV73,ASV277,Undirected,82489,,-0.617464
ASV73,ASV28,Undirected,82490,,-0.657175
ASV73,ASV31,Undirected,82492,,0.614108
ASV73,ASV32,Undirected,82493,,0.634579
ASV73,ASV328,Undirected,82495,,-0.67134
ASV73,ASV33,Undirected,82496,,0.631224
ASV73,ASV363,Undirected,82497,,0.619493
ASV73,ASV3732,Undirected,82498,,-0.666494
ASV73,ASV374,Undirected,82499,,0.683446
ASV73,ASV39,Undirected,82501,,-0.641452
ASV73,ASV403,Undirected,82502,,0.69167
ASV73,ASV413,Undirected,82503,,0.65417
ASV73,ASV45,Undirected,82506,,0.624482
ASV73,ASV451,Undirected,82507,,0.700727
ASV73,ASV452,Undirected,82508,,0.702253
ASV73,ASV483,Undirected,82509,,0.654792
ASV73,ASV539,Undirected,82511,,-0.604486
ASV73,ASV5488,Undirected,82512,,-0.622857
ASV73,ASV5511,Undirected,82513,,-0.609767
ASV73,ASV56,Undirected,82514,,0.660623
ASV73,ASV57,Undirected,82515,,0.663214
ASV73,ASV5848,Undirected,82516,,-0.686559
ASV73,ASV59,Undirected,82517,,0.648036
ASV73,ASV60,Undirected,82518,,0.614786
ASV73,ASV61,Undirected,82519,,0.635045
ASV73,ASV62,Undirected,82520,,0.608482
ASV73,ASV624,Undirected,82521,,0.681176
ASV73,ASV634,Undirected,82523,,-0.692428
ASV73,ASV667,Undirected,82524,,0.609814
ASV73,ASV681,Undirected,82525,,0.666494
ASV73,ASV686,Undirected,82526,,0.644642
ASV73,ASV71,Undirected,82527,,0.69048
ASV73,ASV724,Undirected,82528,,0.695992
ASV73,ASV73,Undirected,82529,,1
ASV73,ASV850,Undirected,82530,,1.426688
ASV732,ASV100,Undirected,82531,,0.661965
ASV732,ASV1007,Undirected,82532,,0.698537
ASV732,ASV104,Undirected,82536,,0.611374
ASV732,ASV1069,Undirected,82537,,-0.637931
ASV732,ASV114,Undirected,82542,,0.705315
ASV732,ASV1141,Undirected,82543,,0.612685
ASV732,ASV1149,Undirected,82544,,-0.629456
ASV732,ASV1162,Undirected,82545,,-0.66964
ASV732,ASV1165,Undirected,82546,,0.662087
ASV732,ASV120,Undirected,82548,,-0.617233
ASV732,ASV1210,Undirected,82549,,0.663879
ASV732,ASV125,Undirected,82551,,-0.618115
ASV732,ASV1286,Undirected,82553,,-0.651048
ASV732,ASV1292,Undirected,82554,,-0.640165
ASV732,ASV13,Undirected,82557,,0.671011
ASV732,ASV135,Undirected,82558,,0.697764
ASV732,ASV1358,Undirected,82559,,-0.677674
ASV732,ASV140,Undirected,82561,,-0.659397
ASV732,ASV149,Undirected,82563,,-0.601154
ASV732,ASV1499,Undirected,82565,,-0.601928
ASV732,ASV150,Undirected,82567,,0.671531
ASV732,ASV1514,Undirected,82568,,-0.605407
ASV732,ASV154,Undirected,82569,,-0.632356
ASV732,ASV1561,Undirected,82570,,0.622182
ASV732,ASV16,Undirected,82573,,0.60979
ASV732,ASV1615,Undirected,82574,,-0.620936
ASV732,ASV165,Undirected,82576,,0.664573
ASV732,ASV169,Undirected,82577,,0.609176
ASV732,ASV170,Undirected,82578,,0.692194
ASV732,ASV171,Undirected,82579,,0.625005
ASV732,ASV1740,Undirected,82580,,-0.642259
ASV732,ASV175,Undirected,82581,,0.601363
ASV732,ASV187,Undirected,82583,,0.680198
ASV732,ASV197,Undirected,82584,,0.603234
ASV732,ASV207,Undirected,82587,,-0.610995
ASV732,ASV22,Undirected,82590,,0.66056
ASV732,ASV235,Undirected,82595,,-0.651077
ASV732,ASV2361,Undirected,82596,,0.611996
ASV732,ASV237,Undirected,82597,,0.663017
ASV732,ASV24,Undirected,82598,,0.692679
ASV732,ASV244,Undirected,82599,,0.65123
ASV732,ASV258,Undirected,82602,,0.64569
ASV732,ASV264,Undirected,82605,,-0.663371
ASV732,ASV273,Undirected,82607,,0.694598
ASV732,ASV276,Undirected,82608,,0.670493
ASV732,ASV295,Undirected,82611,,-0.691997
ASV732,ASV32,Undirected,82615,,0.68573
ASV732,ASV327,Undirected,82616,,0.687479
ASV732,ASV328,Undirected,82617,,-0.624809
ASV732,ASV33,Undirected,82618,,0.621558
ASV732,ASV330,Undirected,82619,,0.656277
ASV732,ASV3327,Undirected,82620,,0.614099
ASV732,ASV3347,Undirected,82621,,-0.60209
ASV732,ASV352,Undirected,82624,,-0.675054
ASV732,ASV3732,Undirected,82629,,-0.689753
ASV732,ASV398,Undirected,82631,,-0.615311
ASV732,ASV404,Undirected,82633,,0.646106
ASV732,ASV4134,Undirected,82634,,-0.638661
ASV732,ASV4277,Undirected,82636,,0.601777
ASV732,ASV435,Undirected,82638,,-0.6771
ASV732,ASV437,Undirected,82639,,-0.627749
ASV732,ASV443,Undirected,82640,,-0.62939
ASV732,ASV456,Undirected,82643,,-0.645281
ASV732,ASV48,Undirected,82647,,0.682446
ASV732,ASV483,Undirected,82648,,0.684745
ASV732,ASV488,Undirected,82649,,-0.657592
ASV732,ASV501,Undirected,82651,,-0.64409
ASV732,ASV507,Undirected,82652,,0.610376
ASV732,ASV51,Undirected,82653,,-0.686849
ASV732,ASV513,Undirected,82654,,-0.633339
ASV732,ASV528,Undirected,82656,,-0.60209
ASV732,ASV54,Undirected,82659,,0.650404
ASV732,ASV5744,Undirected,82663,,0.704484
ASV732,ASV600,Undirected,82667,,-0.643642
ASV732,ASV619,Undirected,82669,,-0.618849
ASV732,ASV625,Undirected,82670,,0.617453
ASV732,ASV637,Undirected,82671,,0.640398
ASV732,ASV65,Undirected,82672,,-0.643276
ASV732,ASV660,Undirected,82675,,-0.676308
ASV732,ASV670,Undirected,82676,,-0.612685
ASV732,ASV677,Undirected,82677,,0.621268
ASV732,ASV68,Undirected,82678,,0.683528
ASV732,ASV681,Undirected,82679,,0.656938
ASV732,ASV686,Undirected,82680,,0.637599
ASV732,ASV708,Undirected,82682,,-0.67644
ASV732,ASV71,Undirected,82683,,0.615079
ASV732,ASV732,Undirected,82684,,1
ASV732,ASV74,Undirected,82685,,1.469603
ASV732,ASV756,Undirected,82686,,-1.430963
ASV732,ASV781,Undirected,82687,,-1.561013
ASV732,ASV79,Undirected,82688,,1.561936
ASV732,ASV80,Undirected,82689,,1.695459
ASV732,ASV810,Undirected,82690,,1.49374
ASV732,ASV828,Undirected,82691,,-1.664242
ASV732,ASV85,Undirected,82692,,-1.606891
ASV732,ASV850,Undirected,82693,,1.416121
ASV732,ASV856,Undirected,82694,,-1.637982
ASV732,ASV87,Undirected,82695,,1.570945
ASV732,ASV881,Undirected,82696,,-1.56299
ASV732,ASV9,Undirected,82697,,1.643674
ASV732,ASV909,Undirected,82698,,-1.455418
ASV732,ASV92,Undirected,82699,,-1.684895
ASV732,ASV927,Undirected,82700,,1.672594
ASV732,ASV95,Undirected,82701,,-1.541367
ASV732,ASV96,Undirected,82702,,1.787516
ASV733,ASV1017,Undirected,82703,,0.610509
ASV733,ASV1030,Undirected,82704,,-0.613745
ASV733,ASV1069,Undirected,82705,,-0.691545
ASV733,ASV108,Undirected,82707,,0.67326
ASV733,ASV110,Undirected,82708,,0.701982
ASV733,ASV113,Undirected,82710,,0.659228
ASV733,ASV114,Undirected,82711,,0.633446
ASV733,ASV1162,Undirected,82713,,-0.623891
ASV733,ASV1186,Undirected,82715,,0.62601
ASV733,ASV122,Undirected,82717,,0.686684
ASV733,ASV1221,Undirected,82718,,-0.650006
ASV733,ASV1243,Undirected,82719,,-0.660584
ASV733,ASV1273,Undirected,82721,,-0.64476
ASV733,ASV139,Undirected,82724,,-0.647799
ASV733,ASV1468,Undirected,82726,,-0.625405
ASV733,ASV149,Undirected,82727,,-0.633773
ASV733,ASV1492,Undirected,82728,,-0.679504
ASV733,ASV15,Undirected,82729,,0.698709
ASV733,ASV150,Undirected,82730,,0.700944
ASV733,ASV154,Undirected,82731,,-0.67689
ASV733,ASV158,Undirected,82732,,-0.691598
ASV733,ASV164,Undirected,82735,,-0.650916
ASV733,ASV165,Undirected,82736,,0.630265
ASV733,ASV1698,Undirected,82737,,-0.661107
ASV733,ASV1730,Undirected,82738,,-0.625197
ASV733,ASV175,Undirected,82739,,0.700944
ASV733,ASV178,Undirected,82740,,-0.603971
ASV733,ASV180,Undirected,82742,,0.698699
ASV733,ASV1830,Undirected,82743,,0.663186
ASV733,ASV184,Undirected,82744,,0.704998
ASV733,ASV187,Undirected,82745,,0.655072
ASV733,ASV194,Undirected,82747,,0.64431
ASV733,ASV195,Undirected,82748,,0.654009
ASV733,ASV197,Undirected,82749,,0.656111
ASV733,ASV2017,Undirected,82750,,-0.623632
ASV733,ASV207,Undirected,82752,,-0.641215
ASV733,ASV2185,Undirected,82753,,-0.634416
ASV733,ASV219,Undirected,82754,,-0.639773
ASV733,ASV226,Undirected,82757,,0.697918
ASV733,ASV227,Undirected,82758,,0.60906
ASV733,ASV2383,Undirected,82761,,-0.675922
ASV733,ASV243,Undirected,82764,,-0.619573
ASV733,ASV244,Undirected,82765,,0.63651
ASV733,ASV248,Undirected,82766,,-0.662334
ASV733,ASV25,Undirected,82767,,0.703696
ASV733,ASV258,Undirected,82769,,0.686077
ASV733,ASV263,Undirected,82772,,0.694393
ASV733,ASV267,Undirected,82773,,0.648931
ASV733,ASV273,Undirected,82775,,0.695432
ASV733,ASV288,Undirected,82778,,-0.61915
ASV733,ASV29,Undirected,82779,,-0.673774
ASV733,ASV291,Undirected,82780,,-0.66476
ASV733,ASV295,Undirected,82781,,-0.65749
ASV733,ASV306,Undirected,82782,,0.643193
ASV733,ASV310,Undirected,82784,,-0.614266
ASV733,ASV326,Undirected,82786,,-0.621008
ASV733,ASV327,Undirected,82787,,0.638968
ASV733,ASV328,Undirected,82788,,-0.67413
ASV733,ASV33,Undirected,82789,,0.680192
ASV733,ASV330,Undirected,82790,,0.605201
ASV733,ASV3327,Undirected,82791,,0.657051
ASV733,ASV3347,Undirected,82792,,-0.615545
ASV733,ASV34,Undirected,82793,,0.618908
ASV733,ASV344,Undirected,82794,,0.66754
ASV733,ASV35,Undirected,82795,,-0.604889
ASV733,ASV352,Undirected,82796,,-0.66126
ASV733,ASV363,Undirected,82799,,0.675682
ASV733,ASV369,Undirected,82800,,-0.604788
ASV733,ASV37,Undirected,82801,,0.698348
ASV733,ASV374,Undirected,82803,,0.638921
ASV733,ASV388,Undirected,82805,,-0.639064
ASV733,ASV398,Undirected,82806,,-0.612069
ASV733,ASV4,Undirected,82807,,0.648687
ASV733,ASV404,Undirected,82809,,0.687729
ASV733,ASV41,Undirected,82810,,0.609562
ASV733,ASV412,Undirected,82811,,-0.607219
ASV733,ASV4134,Undirected,82812,,-0.606514
ASV733,ASV416,Undirected,82813,,-0.660773
ASV733,ASV435,Undirected,82814,,-0.639381
ASV733,ASV436,Undirected,82815,,-0.679857
ASV733,ASV437,Undirected,82816,,-0.632847
ASV733,ASV456,Undirected,82820,,-0.651903
ASV733,ASV459,Undirected,82821,,-0.69948
ASV733,ASV468,Undirected,82823,,-0.63812
ASV733,ASV48,Undirected,82824,,0.608523
ASV733,ASV488,Undirected,82826,,-0.6977
ASV733,ASV516,Undirected,82830,,0.646138
ASV733,ASV548,Undirected,82832,,-0.617188
ASV733,ASV553,Undirected,82833,,0.64565
ASV733,ASV56,Undirected,82834,,0.678449
ASV733,ASV5638,Undirected,82835,,-0.651564
ASV733,ASV571,Undirected,82838,,0.610068
ASV733,ASV5782,Undirected,82840,,0.650061
ASV733,ASV579,Undirected,82841,,-0.699283
ASV733,ASV61,Undirected,82844,,0.682958
ASV733,ASV631,Undirected,82846,,0.640294
ASV733,ASV641,Undirected,82847,,0.642855
ASV733,ASV65,Undirected,82848,,-0.628578
ASV733,ASV653,Undirected,82849,,-0.690217
ASV733,ASV655,Undirected,82850,,-0.609603
ASV733,ASV707,Undirected,82853,,-0.628914
ASV733,ASV708,Undirected,82854,,-0.623432
ASV733,ASV73,Undirected,82857,,0.626238
ASV733,ASV732,Undirected,82858,,0.679729
ASV733,ASV733,Undirected,82859,,1
ASV733,ASV79,Undirected,82860,,1.545751
ASV733,ASV80,Undirected,82861,,1.468348
ASV733,ASV810,Undirected,82862,,1.466111
ASV733,ASV82,Undirected,82863,,1.481848
ASV733,ASV828,Undirected,82864,,-1.459378
ASV733,ASV856,Undirected,82865,,-1.626891
ASV733,ASV9,Undirected,82866,,1.550622
ASV733,ASV95,Undirected,82867,,-1.508588
ASV733,ASV96,Undirected,82868,,1.651413
ASV735,ASV1647,Undirected,82869,,0.610926
ASV735,ASV183,Undirected,82870,,0.616468
ASV735,ASV2242,Undirected,82871,,-0.623338
ASV735,ASV2290,Undirected,82872,,0.648558
ASV735,ASV544,Undirected,82873,,0.63381
ASV735,ASV551,Undirected,82874,,-0.616468
ASV735,ASV735,Undirected,82875,,1
ASV735,ASV944,Undirected,82876,,1.496354
ASV74,ASV102,Undirected,82880,,0.703263
ASV74,ASV1024,Undirected,82881,,-0.609499
ASV74,ASV106,Undirected,82882,,0.683261
ASV74,ASV1141,Undirected,82889,,0.697781
ASV74,ASV116,Undirected,82890,,-0.651837
ASV74,ASV1165,Undirected,82891,,0.65938
ASV74,ASV123,Undirected,82895,,0.651238
ASV74,ASV1298,Undirected,82898,,-0.625323
ASV74,ASV1358,Undirected,82900,,-0.642021
ASV74,ASV139,Undirected,82901,,-0.646846
ASV74,ASV14,Undirected,82902,,-0.641529
ASV74,ASV142,Undirected,82903,,-0.64788
ASV74,ASV1428,Undirected,82904,,-0.682505
ASV74,ASV1466,Undirected,82905,,-0.614033
ASV74,ASV1468,Undirected,82906,,-0.603497
ASV74,ASV149,Undirected,82907,,-0.686143
ASV74,ASV1499,Undirected,82909,,-0.611094
ASV74,ASV1546,Undirected,82912,,-0.619228
ASV74,ASV1615,Undirected,82915,,-0.704544
ASV74,ASV170,Undirected,82919,,0.673745
ASV74,ASV172,Undirected,82921,,0.677686
ASV74,ASV1781,Undirected,82924,,-0.696112
ASV74,ASV191,Undirected,82928,,0.683514
ASV74,ASV195,Undirected,82930,,0.631798
ASV74,ASV196,Undirected,82931,,0.631851
ASV74,ASV2017,Undirected,82933,,-0.7038
ASV74,ASV205,Undirected,82934,,-0.601967
ASV74,ASV206,Undirected,82935,,0.62948
ASV74,ASV217,Undirected,82937,,0.611918
ASV74,ASV219,Undirected,82938,,-0.665286
ASV74,ASV226,Undirected,82941,,0.687923
ASV74,ASV233,Undirected,82944,,-0.671515
ASV74,ASV242,Undirected,82948,,-0.660631
ASV74,ASV2511,Undirected,82951,,-0.647713
ASV74,ASV2552,Undirected,82952,,0.661997
ASV74,ASV28,Undirected,82961,,-0.687855
ASV74,ASV291,Undirected,82964,,-0.660623
ASV74,ASV295,Undirected,82965,,-0.652354
ASV74,ASV33,Undirected,82969,,0.633541
ASV74,ASV332,Undirected,82970,,-0.650104
ASV74,ASV334,Undirected,82972,,-0.638386
ASV74,ASV3347,Undirected,82973,,-0.630847
ASV74,ASV344,Undirected,82975,,0.694933
ASV74,ASV349,Undirected,82976,,-0.606331
ASV74,ASV35,Undirected,82977,,-0.705943
ASV74,ASV3752,Undirected,82983,,-0.649564
ASV74,ASV414,Undirected,82988,,0.609272
ASV74,ASV416,Undirected,82989,,-0.670638
ASV74,ASV430,Undirected,82990,,-0.604571
ASV74,ASV435,Undirected,82991,,-0.600094
ASV74,ASV438,Undirected,82994,,0.696375
ASV74,ASV440,Undirected,82995,,-0.674277
ASV74,ASV445,Undirected,82996,,0.691154
ASV74,ASV4518,Undirected,82998,,-0.632215
ASV74,ASV459,Undirected,82999,,-0.642542
ASV74,ASV468,Undirected,83001,,-0.669967
ASV74,ASV5010,Undirected,83005,,-0.608838
ASV74,ASV507,Undirected,83006,,0.655194
ASV74,ASV51,Undirected,83007,,-0.67359
ASV74,ASV514,Undirected,83009,,0.697255
ASV74,ASV528,Undirected,83011,,-0.699383
ASV74,ASV54,Undirected,83013,,0.677686
ASV74,ASV5687,Undirected,83016,,0.688159
ASV74,ASV571,Undirected,83018,,0.642696
ASV74,ASV600,Undirected,83022,,-0.613435
ASV74,ASV68,Undirected,83027,,0.684295
ASV74,ASV702,Undirected,83029,,0.64982
ASV74,ASV708,Undirected,83030,,-0.623648
ASV74,ASV716,Undirected,83032,,0.606975
ASV74,ASV733,Undirected,83034,,0.690917
ASV74,ASV74,Undirected,83035,,1
ASV74,ASV752,Undirected,83036,,-1.720257
ASV74,ASV781,Undirected,83037,,-1.423029
ASV74,ASV79,Undirected,83038,,1.721676
ASV74,ASV80,Undirected,83039,,1.683721
ASV74,ASV810,Undirected,83040,,1.621184
ASV74,ASV82,Undirected,83041,,1.760207
ASV74,ASV828,Undirected,83042,,-1.622608
ASV74,ASV85,Undirected,83043,,-1.530507
ASV74,ASV850,Undirected,83044,,1.464532
ASV74,ASV856,Undirected,83045,,-1.531128
ASV74,ASV87,Undirected,83046,,1.752067
ASV74,ASV9,Undirected,83047,,1.731406
ASV74,ASV90,Undirected,83048,,1.625646
ASV74,ASV95,Undirected,83049,,-1.452947
ASV74,ASV955,Undirected,83050,,-1.492832
ASV74,ASV96,Undirected,83051,,1.567066
ASV741,ASV107,Undirected,83054,,-0.601585
ASV741,ASV114,Undirected,83056,,-0.610559
ASV741,ASV1141,Undirected,83057,,-0.615668
ASV741,ASV117,Undirected,83058,,-0.655712
ASV741,ASV121,Undirected,83059,,-0.640893
ASV741,ASV1358,Undirected,83062,,0.669822
ASV741,ASV149,Undirected,83063,,0.616091
ASV741,ASV1546,Undirected,83064,,0.686065
ASV741,ASV164,Undirected,83066,,0.67817
ASV741,ASV1730,Undirected,83068,,0.609528
ASV741,ASV2361,Undirected,83072,,-0.679854
ASV741,ASV250,Undirected,83074,,0.657963
ASV741,ASV2511,Undirected,83075,,0.640297
ASV741,ASV260,Undirected,83076,,0.641795
ASV741,ASV271,Undirected,83077,,0.698236
ASV741,ASV273,Undirected,83078,,-0.629458
ASV741,ASV295,Undirected,83080,,0.628414
ASV741,ASV31,Undirected,83082,,-0.704982
ASV741,ASV36,Undirected,83083,,-0.663041
ASV741,ASV3752,Undirected,83086,,0.646293
ASV741,ASV3995,Undirected,83087,,0.63329
ASV741,ASV4,Undirected,83088,,-0.648286
ASV741,ASV41,Undirected,83089,,-0.638714
ASV741,ASV437,Undirected,83091,,0.691703
ASV741,ASV445,Undirected,83092,,-0.606493
ASV741,ASV468,Undirected,83093,,0.646045
ASV741,ASV51,Undirected,83095,,0.637182
ASV741,ASV514,Undirected,83096,,-0.64541
ASV741,ASV529,Undirected,83097,,0.67806
ASV741,ASV56,Undirected,83098,,-0.65313
ASV741,ASV589,Undirected,83099,,0.637426
ASV741,ASV59,Undirected,83100,,-0.637863
ASV741,ASV603,Undirected,83101,,0.623818
ASV741,ASV61,Undirected,83102,,-0.672779
ASV741,ASV637,Undirected,83103,,-0.634564
ASV741,ASV658,Undirected,83105,,0.617342
ASV741,ASV732,Undirected,83107,,-0.65058
ASV741,ASV74,Undirected,83108,,-0.626003
ASV741,ASV741,Undirected,83109,,1
ASV741,ASV955,Undirected,83110,,1.480692
ASV742,ASV1015,Undirected,83111,,-0.63148
ASV742,ASV103,Undirected,83112,,-0.627357
ASV742,ASV1437,Undirected,83114,,0.659999
ASV742,ASV159,Undirected,83115,,0.635708
ASV742,ASV1740,Undirected,83116,,0.62284
ASV742,ASV1985,Undirected,83117,,0.621082
ASV742,ASV207,Undirected,83118,,0.611432
ASV742,ASV219,Undirected,83119,,0.701471
ASV742,ASV2213,Undirected,83120,,0.628013
ASV742,ASV248,Undirected,83121,,0.618685
ASV742,ASV277,Undirected,83123,,0.602931
ASV742,ASV3347,Undirected,83125,,0.680443
ASV742,ASV344,Undirected,83126,,-0.620329
ASV742,ASV352,Undirected,83127,,0.703412
ASV742,ASV36,Undirected,83128,,-0.634392
ASV742,ASV366,Undirected,83129,,-0.665619
ASV742,ASV412,Undirected,83130,,0.669114
ASV742,ASV416,Undirected,83131,,0.674502
ASV742,ASV449,Undirected,83132,,0.706225
ASV742,ASV459,Undirected,83133,,0.643045
ASV742,ASV463,Undirected,83134,,-0.677111
ASV742,ASV468,Undirected,83135,,0.666494
ASV742,ASV513,Undirected,83136,,0.638508
ASV742,ASV531,Undirected,83137,,0.624945
ASV742,ASV563,Undirected,83139,,-0.643496
ASV742,ASV5744,Undirected,83140,,-0.655565
ASV742,ASV619,Undirected,83141,,0.665968
ASV742,ASV660,Undirected,83142,,0.637898
ASV742,ASV721,Undirected,83144,,0.701837
ASV742,ASV732,Undirected,83145,,-0.624411
ASV742,ASV742,Undirected,83146,,1
ASV742,ASV761,Undirected,83147,,-1.487425
ASV745,ASV1032,Undirected,83148,,0.614303
ASV745,ASV131,Undirected,83149,,0.605339
ASV745,ASV2623,Undirected,83150,,-0.688978
ASV745,ASV319,Undirected,83151,,0.605232
ASV745,ASV325,Undirected,83152,,0.695051
ASV745,ASV4983,Undirected,83153,,-0.678723
ASV745,ASV511,Undirected,83154,,0.636181
ASV745,ASV727,Undirected,83155,,-0.60742
ASV745,ASV745,Undirected,83156,,1
ASV748,ASV1007,Undirected,83157,,-0.633474
ASV748,ASV113,Undirected,83158,,-0.664644
ASV748,ASV1149,Undirected,83159,,0.667214
ASV748,ASV1395,Undirected,83160,,0.669867
ASV748,ASV146,Undirected,83162,,-0.613865
ASV748,ASV1730,Undirected,83164,,0.666549
ASV748,ASV2,Undirected,83165,,-0.702767
ASV748,ASV20,Undirected,83166,,-0.60763
ASV748,ASV2017,Undirected,83167,,0.682766
ASV748,ASV205,Undirected,83168,,0.653245
ASV748,ASV216,Undirected,83169,,-0.606174
ASV748,ASV245,Undirected,83170,,0.650469
ASV748,ASV27,Undirected,83171,,-0.614659
ASV748,ASV314,Undirected,83173,,-0.616571
ASV748,ASV330,Undirected,83174,,-0.618969
ASV748,ASV360,Undirected,83175,,0.663524
ASV748,ASV437,Undirected,83176,,0.652772
ASV748,ASV551,Undirected,83178,,-0.636111
ASV748,ASV554,Undirected,83179,,0.63463
ASV748,ASV5638,Undirected,83180,,0.62106
ASV748,ASV5744,Undirected,83181,,-0.616663
ASV748,ASV589,Undirected,83183,,0.691968
ASV748,ASV655,Undirected,83184,,0.639804
ASV748,ASV741,Undirected,83185,,0.640903
ASV748,ASV748,Undirected,83186,,1
ASV748,ASV755,Undirected,83187,,-1.62927
ASV75,ASV10,Undirected,83188,,-0.67224
ASV75,ASV1293,Undirected,83189,,0.675205
ASV75,ASV134,Undirected,83190,,0.679015
ASV75,ASV28,Undirected,83191,,-0.607515
ASV75,ASV29,Undirected,83192,,-0.611475
ASV75,ASV30,Undirected,83194,,-0.663915
ASV75,ASV3754,Undirected,83196,,-0.638411
ASV75,ASV39,Undirected,83197,,-0.685435
ASV75,ASV539,Undirected,83201,,-0.62284
ASV75,ASV75,Undirected,83202,,1
ASV750,ASV1475,Undirected,83204,,0.625066
ASV750,ASV1513,Undirected,83205,,0.622748
ASV750,ASV2093,Undirected,83206,,-0.61291
ASV750,ASV223,Undirected,83207,,0.700688
ASV750,ASV270,Undirected,83208,,0.6395
ASV750,ASV3768,Undirected,83209,,0.644162
ASV750,ASV3824,Undirected,83210,,-0.669976
ASV750,ASV510,Undirected,83213,,0.671222
ASV750,ASV540,Undirected,83214,,0.646177
ASV750,ASV676,Undirected,83215,,0.620816
ASV750,ASV750,Undirected,83217,,1
ASV751,ASV1071,Undirected,83218,,-0.603616
ASV751,ASV1093,Undirected,83219,,-0.657412
ASV751,ASV1120,Undirected,83220,,-0.606558
ASV751,ASV1162,Undirected,83222,,-0.629384
ASV751,ASV127,Undirected,83223,,0.603489
ASV751,ASV1273,Undirected,83224,,-0.650745
ASV751,ASV1277,Undirected,83225,,-0.651868
ASV751,ASV1298,Undirected,83226,,-0.677538
ASV751,ASV135,Undirected,83227,,0.607825
ASV751,ASV1353,Undirected,83228,,-0.621163
ASV751,ASV149,Undirected,83229,,-0.636948
ASV751,ASV159,Undirected,83230,,-0.666044
ASV751,ASV164,Undirected,83231,,-0.706239
ASV751,ASV1647,Undirected,83232,,-0.610029
ASV751,ASV1738,Undirected,83233,,-0.635427
ASV751,ASV174,Undirected,83234,,0.612184
ASV751,ASV1740,Undirected,83235,,-0.699033
ASV751,ASV184,Undirected,83236,,0.623525
ASV751,ASV2,Undirected,83237,,0.700718
ASV751,ASV202,Undirected,83238,,-0.613064
ASV751,ASV219,Undirected,83240,,-0.614234
ASV751,ASV22,Undirected,83241,,0.613218
ASV751,ASV235,Undirected,83242,,-0.685985
ASV751,ASV244,Undirected,83244,,0.695766
ASV751,ASV260,Undirected,83245,,-0.653615
ASV751,ASV261,Undirected,83246,,-0.693273
ASV751,ASV271,Undirected,83248,,-0.680284
ASV751,ASV2736,Undirected,83249,,-0.638525
ASV751,ASV31,Undirected,83250,,0.608262
ASV751,ASV310,Undirected,83251,,-0.654827
ASV751,ASV334,Undirected,83253,,-0.699672
ASV751,ASV349,Undirected,83254,,-0.644815
ASV751,ASV352,Undirected,83255,,-0.697814
ASV751,ASV397,Undirected,83257,,-0.662274
ASV751,ASV416,Undirected,83259,,-0.64648
ASV751,ASV430,Undirected,83260,,-0.641941
ASV751,ASV435,Undirected,83261,,-0.652175
ASV751,ASV456,Undirected,83262,,-0.68438
ASV751,ASV458,Undirected,83263,,-0.60864
ASV751,ASV459,Undirected,83264,,-0.639798
ASV751,ASV531,Undirected,83266,,-0.680646
ASV751,ASV540,Undirected,83267,,-0.637405
ASV751,ASV549,Undirected,83268,,-0.629071
ASV751,ASV551,Undirected,83270,,0.644217
ASV751,ASV5638,Undirected,83271,,-0.644109
ASV751,ASV585,Undirected,83272,,-0.659036
ASV751,ASV59,Undirected,83273,,0.6102
ASV751,ASV655,Undirected,83274,,-0.635649
ASV751,ASV657,Undirected,83275,,-0.635966
ASV751,ASV681,Undirected,83276,,0.6044
ASV751,ASV721,Undirected,83279,,-0.609178
ASV751,ASV724,Undirected,83280,,0.666447
ASV751,ASV751,Undirected,83281,,1
ASV751,ASV876,Undirected,83282,,-1.453015
ASV751,ASV966,Undirected,83283,,-1.418191
ASV751,ASV995,Undirected,83284,,-1.466379
ASV752,ASV1007,Undirected,83285,,-0.61651
ASV752,ASV1024,Undirected,83286,,0.605042
ASV752,ASV106,Undirected,83287,,-0.617254
ASV752,ASV1273,Undirected,83289,,0.681789
ASV752,ASV13,Undirected,83290,,-0.685045
ASV752,ASV142,Undirected,83291,,0.635476
ASV752,ASV1428,Undirected,83292,,0.616678
ASV752,ASV149,Undirected,83293,,0.643276
ASV752,ASV1546,Undirected,83294,,0.610241
ASV752,ASV158,Undirected,83295,,0.626831
ASV752,ASV171,Undirected,83297,,-0.651568
ASV752,ASV194,Undirected,83299,,-0.661642
ASV752,ASV20,Undirected,83300,,-0.666333
ASV752,ASV229,Undirected,83303,,-0.61031
ASV752,ASV237,Undirected,83304,,-0.64476
ASV752,ASV24,Undirected,83305,,-0.655757
ASV752,ASV242,Undirected,83306,,0.644129
ASV752,ASV25,Undirected,83307,,-0.674301
ASV752,ASV2744,Undirected,83308,,0.601028
ASV752,ASV31,Undirected,83309,,-0.659039
ASV752,ASV310,Undirected,83310,,0.628978
ASV752,ASV324,Undirected,83312,,0.604071
ASV752,ASV3327,Undirected,83313,,-0.607264
ASV752,ASV334,Undirected,83314,,0.607188
ASV752,ASV374,Undirected,83315,,-0.616672
ASV752,ASV3995,Undirected,83316,,0.602336
ASV752,ASV4134,Undirected,83317,,0.619228
ASV752,ASV414,Undirected,83318,,-0.607498
ASV752,ASV416,Undirected,83319,,0.659902
ASV752,ASV438,Undirected,83321,,-0.633146
ASV752,ASV451,Undirected,83322,,-0.690273
ASV752,ASV463,Undirected,83323,,-0.69636
ASV752,ASV468,Undirected,83324,,0.623628
ASV752,ASV5,Undirected,83325,,-0.607806
ASV752,ASV501,Undirected,83326,,0.684215
ASV752,ASV516,Undirected,83328,,-0.602926
ASV752,ASV57,Undirected,83329,,-0.603234
ASV752,ASV573,Undirected,83330,,-0.643825
ASV752,ASV59,Undirected,83331,,-0.651443
ASV752,ASV597,Undirected,83332,,0.630924
ASV752,ASV61,Undirected,83333,,-0.616033
ASV752,ASV641,Undirected,83334,,-0.699948
ASV752,ASV655,Undirected,83335,,0.621735
ASV752,ASV68,Undirected,83336,,-0.648595
ASV752,ASV71,Undirected,83337,,-0.602611
ASV752,ASV752,Undirected,83339,,1
ASV752,ASV79,Undirected,83340,,-1.460998
ASV752,ASV87,Undirected,83341,,-1.508606
ASV755,ASV1007,Undirected,83342,,0.648853
ASV755,ASV1730,Undirected,83344,,-0.613187
ASV755,ASV2017,Undirected,83345,,-0.656827
ASV755,ASV216,Undirected,83346,,0.62666
ASV755,ASV237,Undirected,83347,,0.615918
ASV755,ASV27,Undirected,83348,,0.613891
ASV755,ASV289,Undirected,83349,,-0.607131
ASV755,ASV3995,Undirected,83351,,-0.61392
ASV755,ASV551,Undirected,83352,,0.603779
ASV755,ASV741,Undirected,83353,,-0.639474
ASV755,ASV755,Undirected,83355,,1
ASV756,ASV103,Undirected,83356,,-0.609034
ASV756,ASV1069,Undirected,83357,,0.608539
ASV756,ASV113,Undirected,83358,,-0.613473
ASV756,ASV1141,Undirected,83359,,-0.629253
ASV756,ASV1162,Undirected,83361,,0.618089
ASV756,ASV1210,Undirected,83363,,-0.689329
ASV756,ASV1251,Undirected,83364,,0.70262
ASV756,ASV1273,Undirected,83365,,0.609486
ASV756,ASV140,Undirected,83367,,0.616063
ASV756,ASV146,Undirected,83368,,-0.680924
ASV756,ASV1468,Undirected,83369,,0.621665
ASV756,ASV1492,Undirected,83371,,0.669953
ASV756,ASV15,Undirected,83372,,-0.625908
ASV756,ASV154,Undirected,83373,,0.631608
ASV756,ASV1546,Undirected,83374,,0.620512
ASV756,ASV1615,Undirected,83377,,0.637088
ASV756,ASV164,Undirected,83378,,0.635753
ASV756,ASV170,Undirected,83379,,-0.614427
ASV756,ASV1907,Undirected,83380,,0.623828
ASV756,ASV2213,Undirected,83381,,0.654267
ASV756,ASV225,Undirected,83382,,0.681183
ASV756,ASV233,Undirected,83383,,0.617265
ASV756,ASV25,Undirected,83384,,-0.657353
ASV756,ASV2511,Undirected,83385,,0.623388
ASV756,ASV261,Undirected,83387,,0.66252
ASV756,ASV271,Undirected,83388,,0.705455
ASV756,ASV276,Undirected,83389,,-0.634805
ASV756,ASV283,Undirected,83390,,0.620709
ASV756,ASV288,Undirected,83391,,0.634146
ASV756,ASV302,Undirected,83392,,0.631743
ASV756,ASV307,Undirected,83393,,-0.701454
ASV756,ASV326,Undirected,83394,,0.629865
ASV756,ASV328,Undirected,83395,,0.606438
ASV756,ASV330,Undirected,83396,,-0.601038
ASV756,ASV334,Undirected,83397,,0.609125
ASV756,ASV352,Undirected,83398,,0.631864
ASV756,ASV36,Undirected,83399,,-0.678758
ASV756,ASV369,Undirected,83400,,0.651971
ASV756,ASV374,Undirected,83401,,-0.636741
ASV756,ASV404,Undirected,83402,,-0.616149
ASV756,ASV437,Undirected,83404,,0.677629
ASV756,ASV443,Undirected,83405,,0.608047
ASV756,ASV445,Undirected,83406,,-0.683775
ASV756,ASV45,Undirected,83407,,-0.627594
ASV756,ASV456,Undirected,83408,,0.671518
ASV756,ASV463,Undirected,83410,,-0.678256
ASV756,ASV483,Undirected,83412,,-0.700734
ASV756,ASV488,Undirected,83413,,0.625985
ASV756,ASV5,Undirected,83414,,-0.631473
ASV756,ASV501,Undirected,83415,,0.632399
ASV756,ASV514,Undirected,83416,,-0.651429
ASV756,ASV528,Undirected,83417,,0.632676
ASV756,ASV563,Undirected,83419,,-0.614145
ASV756,ASV5744,Undirected,83420,,-0.634008
ASV756,ASV579,Undirected,83422,,0.674391
ASV756,ASV585,Undirected,83423,,0.620706
ASV756,ASV589,Undirected,83424,,0.680851
ASV756,ASV59,Undirected,83425,,-0.663564
ASV756,ASV6,Undirected,83426,,0.662529
ASV756,ASV61,Undirected,83427,,-0.619493
ASV756,ASV623,Undirected,83428,,0.634426
ASV756,ASV625,Undirected,83429,,-0.622011
ASV756,ASV655,Undirected,83430,,0.655911
ASV756,ASV675,Undirected,83431,,0.679219
ASV756,ASV689,Undirected,83433,,-0.617117
ASV756,ASV699,Undirected,83434,,0.668404
ASV756,ASV705,Undirected,83435,,0.66397
ASV756,ASV707,Undirected,83436,,0.666322
ASV756,ASV719,Undirected,83437,,-0.668061
ASV756,ASV733,Undirected,83439,,-0.66424
ASV756,ASV756,Undirected,83440,,1
ASV756,ASV856,Undirected,83441,,1.528067
ASV756,ASV970,Undirected,83442,,1.539923
ASV757,ASV11,Undirected,83443,,0.669106
ASV757,ASV1149,Undirected,83444,,0.617402
ASV757,ASV1804,Undirected,83445,,0.623796
ASV757,ASV2208,Undirected,83447,,-0.652742
ASV757,ASV254,Undirected,83449,,0.680214
ASV757,ASV297,Undirected,83450,,0.692469
ASV757,ASV4509,Undirected,83455,,-0.663892
ASV757,ASV531,Undirected,83456,,0.634901
ASV757,ASV556,Undirected,83457,,0.694838
ASV757,ASV560,Undirected,83458,,0.63023
ASV757,ASV719,Undirected,83459,,-0.664749
ASV757,ASV757,Undirected,83460,,1
ASV757,ASV894,Undirected,83461,,-1.506007
ASV758,ASV139,Undirected,83463,,-0.609996
ASV758,ASV240,Undirected,83464,,-0.618373
ASV758,ASV4272,Undirected,83465,,0.620032
ASV758,ASV429,Undirected,83466,,-0.672477
ASV758,ASV758,Undirected,83468,,1
ASV759,ASV268,Undirected,83469,,-0.627227
ASV759,ASV305,Undirected,83470,,0.631043
ASV759,ASV5511,Undirected,83471,,0.667028
ASV759,ASV557,Undirected,83472,,-0.661072
ASV759,ASV759,Undirected,83473,,1
ASV76,ASV1123,Undirected,83475,,0.68214
ASV76,ASV113,Undirected,83476,,-0.685656
ASV76,ASV1149,Undirected,83477,,0.600221
ASV76,ASV117,Undirected,83478,,-0.635373
ASV76,ASV125,Undirected,83479,,0.630052
ASV76,ASV1298,Undirected,83480,,0.620331
ASV76,ASV13,Undirected,83481,,-0.609215
ASV76,ASV149,Undirected,83484,,0.607976
ASV76,ASV1492,Undirected,83485,,0.639523
ASV76,ASV158,Undirected,83486,,0.607144
ASV76,ASV159,Undirected,83487,,0.611832
ASV76,ASV164,Undirected,83488,,0.657691
ASV76,ASV180,Undirected,83489,,-0.674543
ASV76,ASV192,Undirected,83490,,0.654351
ASV76,ASV1986,Undirected,83491,,0.623443
ASV76,ASV2,Undirected,83492,,-0.607348
ASV76,ASV205,Undirected,83493,,0.609642
ASV76,ASV207,Undirected,83494,,0.696568
ASV76,ASV219,Undirected,83495,,0.68137
ASV76,ASV2290,Undirected,83496,,0.601562
ASV76,ASV231,Undirected,83497,,0.618531
ASV76,ASV24,Undirected,83498,,-0.702228
ASV76,ASV243,Undirected,83500,,0.673459
ASV76,ASV25,Undirected,83501,,-0.697364
ASV76,ASV2552,Undirected,83502,,-0.624485
ASV76,ASV260,Undirected,83503,,0.639191
ASV76,ASV261,Undirected,83504,,0.704145
ASV76,ASV264,Undirected,83505,,0.635184
ASV76,ASV291,Undirected,83506,,0.700052
ASV76,ASV297,Undirected,83507,,0.624485
ASV76,ASV3072,Undirected,83509,,-0.664467
ASV76,ASV31,Undirected,83510,,-0.703992
ASV76,ASV310,Undirected,83511,,0.610275
ASV76,ASV32,Undirected,83512,,-0.614591
ASV76,ASV334,Undirected,83514,,0.679275
ASV76,ASV349,Undirected,83515,,0.626494
ASV76,ASV423,Undirected,83518,,0.656078
ASV76,ASV445,Undirected,83521,,-0.607772
ASV76,ASV4509,Undirected,83523,,-0.669434
ASV76,ASV4518,Undirected,83524,,0.633718
ASV76,ASV459,Undirected,83525,,0.699387
ASV76,ASV554,Undirected,83528,,0.677352
ASV76,ASV5638,Undirected,83529,,0.612628
ASV76,ASV5782,Undirected,83531,,-0.635095
ASV76,ASV585,Undirected,83532,,0.613566
ASV76,ASV59,Undirected,83533,,-0.631145
ASV76,ASV6,Undirected,83534,,0.634249
ASV76,ASV653,Undirected,83535,,0.610339
ASV76,ASV748,Undirected,83537,,0.611519
ASV76,ASV757,Undirected,83538,,0.601568
ASV76,ASV76,Undirected,83539,,1
ASV761,ASV1213,Undirected,83540,,0.613272
ASV761,ASV274,Undirected,83541,,0.634317
ASV761,ASV693,Undirected,83542,,0.648214
ASV761,ASV761,Undirected,83544,,1
ASV763,ASV1152,Undirected,83546,,-0.667615
ASV763,ASV1228,Undirected,83547,,-0.62596
ASV763,ASV142,Undirected,83548,,-0.622597
ASV763,ASV1730,Undirected,83549,,-0.688944
ASV763,ASV184,Undirected,83550,,0.67473
ASV763,ASV227,Undirected,83551,,0.683612
ASV763,ASV233,Undirected,83552,,-0.672929
ASV763,ASV2511,Undirected,83553,,-0.658522
ASV763,ASV273,Undirected,83555,,0.637827
ASV763,ASV317,Undirected,83556,,0.689295
ASV763,ASV34,Undirected,83557,,0.620148
ASV763,ASV4229,Undirected,83558,,-0.608375
ASV763,ASV447,Undirected,83559,,-0.665965
ASV763,ASV5638,Undirected,83560,,-0.613254
ASV763,ASV687,Undirected,83561,,0.611296
ASV763,ASV763,Undirected,83562,,1
ASV766,ASV103,Undirected,83563,,-0.619866
ASV766,ASV195,Undirected,83566,,-0.634097
ASV766,ASV1985,Undirected,83567,,0.656526
ASV766,ASV2026,Undirected,83568,,-0.628407
ASV766,ASV2185,Undirected,83569,,0.618603
ASV766,ASV225,Undirected,83570,,0.687958
ASV766,ASV233,Undirected,83571,,0.603646
ASV766,ASV247,Undirected,83572,,-0.614703
ASV766,ASV266,Undirected,83574,,0.650547
ASV766,ASV33,Undirected,83575,,-0.640002
ASV766,ASV3752,Undirected,83577,,0.623837
ASV766,ASV45,Undirected,83579,,-0.60156
ASV766,ASV451,Undirected,83580,,-0.620781
ASV766,ASV463,Undirected,83581,,-0.60655
ASV766,ASV5010,Undirected,83582,,0.665277
ASV766,ASV57,Undirected,83583,,-0.601457
ASV766,ASV597,Undirected,83584,,0.624886
ASV766,ASV626,Undirected,83585,,-0.670828
ASV766,ASV766,Undirected,83586,,1
ASV767,ASV10,Undirected,83587,,-0.640457
ASV767,ASV1251,Undirected,83588,,0.642152
ASV767,ASV2361,Undirected,83589,,-0.620446
ASV767,ASV3,Undirected,83590,,-0.648735
ASV767,ASV307,Undirected,83591,,-0.625843
ASV767,ASV3752,Undirected,83592,,0.62783
ASV767,ASV3900,Undirected,83593,,0.621043
ASV767,ASV502,Undirected,83594,,0.61379
ASV767,ASV532,Undirected,83595,,0.661289
ASV767,ASV732,Undirected,83596,,-0.601568
ASV767,ASV767,Undirected,83597,,1
ASV769,ASV1017,Undirected,83598,,-0.629221
ASV769,ASV1120,Undirected,83599,,0.630108
ASV769,ASV1381,Undirected,83601,,-0.616553
ASV769,ASV150,Undirected,83602,,-0.666625
ASV769,ASV172,Undirected,83603,,-0.69841
ASV769,ASV2155,Undirected,83604,,-0.604505
ASV769,ASV264,Undirected,83605,,0.626614
ASV769,ASV2915,Undirected,83606,,-0.652354
ASV769,ASV3327,Undirected,83607,,-0.624756
ASV769,ASV4,Undirected,83608,,-0.600443
ASV769,ASV428,Undirected,83609,,0.637103
ASV769,ASV544,Undirected,83610,,-0.601619
ASV769,ASV560,Undirected,83611,,0.64004
ASV769,ASV672,Undirected,83612,,0.677693
ASV769,ASV677,Undirected,83613,,-0.660166
ASV769,ASV758,Undirected,83614,,-0.629487
ASV769,ASV769,Undirected,83615,,1
ASV77,ASV108,Undirected,83616,,0.643672
ASV77,ASV114,Undirected,83617,,0.610767
ASV77,ASV1161,Undirected,83618,,-0.630076
ASV77,ASV117,Undirected,83619,,0.646266
ASV77,ASV1193,Undirected,83620,,-0.671542
ASV77,ASV122,Undirected,83622,,0.667365
ASV77,ASV123,Undirected,83623,,0.662678
ASV77,ASV13,Undirected,83624,,0.664598
ASV77,ASV1338,Undirected,83625,,-0.692628
ASV77,ASV1358,Undirected,83626,,-0.656067
ASV77,ASV14,Undirected,83627,,-0.618729
ASV77,ASV184,Undirected,83632,,0.619295
ASV77,ASV196,Undirected,83634,,0.643709
ASV77,ASV216,Undirected,83635,,0.603719
ASV77,ASV231,Undirected,83636,,-0.687372
ASV77,ASV233,Undirected,83637,,-0.609669
ASV77,ASV237,Undirected,83638,,0.656105
ASV77,ASV24,Undirected,83639,,0.649923
ASV77,ASV244,Undirected,83640,,0.601348
ASV77,ASV267,Undirected,83642,,0.648988
ASV77,ASV273,Undirected,83643,,0.641451
ASV77,ASV276,Undirected,83644,,0.663033
ASV77,ASV3089,Undirected,83645,,-0.682818
ASV77,ASV31,Undirected,83646,,0.650078
ASV77,ASV33,Undirected,83647,,0.644375
ASV77,ASV335,Undirected,83648,,-0.68991
ASV77,ASV363,Undirected,83649,,0.602591
ASV77,ASV38,Undirected,83651,,0.617695
ASV77,ASV4134,Undirected,83652,,-0.606193
ASV77,ASV438,Undirected,83654,,0.642968
ASV77,ASV452,Undirected,83656,,0.668815
ASV77,ASV469,Undirected,83657,,-0.601786
ASV77,ASV470,Undirected,83658,,0.643788
ASV77,ASV486,Undirected,83659,,0.705348
ASV77,ASV5,Undirected,83660,,0.612521
ASV77,ASV51,Undirected,83661,,-0.677756
ASV77,ASV5511,Undirected,83663,,-0.695842
ASV77,ASV5848,Undirected,83664,,-0.67583
ASV77,ASV59,Undirected,83665,,0.612521
ASV77,ASV603,Undirected,83666,,-0.642383
ASV77,ASV61,Undirected,83667,,0.63627
ASV77,ASV625,Undirected,83668,,0.700185
ASV77,ASV626,Undirected,83669,,0.650753
ASV77,ASV71,Undirected,83671,,0.627007
ASV77,ASV73,Undirected,83672,,0.635184
ASV77,ASV74,Undirected,83673,,0.648369
ASV77,ASV77,Undirected,83674,,1
ASV77,ASV857,Undirected,83675,,1.428297
ASV77,ASV955,Undirected,83676,,-1.508832
ASV770,ASV1229,Undirected,83678,,0.70188
ASV770,ASV133,Undirected,83679,,0.677051
ASV770,ASV234,Undirected,83682,,0.698454
ASV770,ASV2361,Undirected,83683,,0.639627
ASV770,ASV239,Undirected,83684,,-0.624158
ASV770,ASV240,Undirected,83685,,0.693784
ASV770,ASV262,Undirected,83686,,0.660789
ASV770,ASV2809,Undirected,83687,,-0.660436
ASV770,ASV325,Undirected,83688,,0.633437
ASV770,ASV41,Undirected,83689,,0.63646
ASV770,ASV434,Undirected,83691,,0.648575
ASV770,ASV54,Undirected,83692,,0.656318
ASV770,ASV7,Undirected,83694,,0.609292
ASV770,ASV72,Undirected,83695,,0.61491
ASV770,ASV745,Undirected,83696,,0.686695
ASV770,ASV770,Undirected,83697,,1
ASV770,ASV78,Undirected,83698,,1.461143
ASV771,ASV1,Undirected,83699,,-0.634286
ASV771,ASV102,Undirected,83700,,0.618614
ASV771,ASV115,Undirected,83702,,0.609063
ASV771,ASV116,Undirected,83703,,-0.639464
ASV771,ASV1219,Undirected,83704,,-0.652228
ASV771,ASV13,Undirected,83705,,0.705301
ASV771,ASV1588,Undirected,83707,,-0.649548
ASV771,ASV199,Undirected,83709,,0.661337
ASV771,ASV24,Undirected,83712,,0.654325
ASV771,ASV244,Undirected,83713,,0.628782
ASV771,ASV247,Undirected,83714,,0.64897
ASV771,ASV269,Undirected,83716,,-0.648783
ASV771,ASV273,Undirected,83717,,0.631077
ASV771,ASV29,Undirected,83719,,-0.654849
ASV771,ASV32,Undirected,83721,,0.63638
ASV771,ASV3327,Undirected,83722,,0.644069
ASV771,ASV3347,Undirected,83723,,-0.632324
ASV771,ASV34,Undirected,83724,,0.661841
ASV771,ASV39,Undirected,83725,,-0.662184
ASV771,ASV436,Undirected,83728,,-0.629435
ASV771,ASV501,Undirected,83729,,-0.62051
ASV771,ASV507,Undirected,83730,,0.678193
ASV771,ASV5488,Undirected,83731,,-0.657599
ASV771,ASV62,Undirected,83733,,0.660682
ASV771,ASV624,Undirected,83734,,0.659081
ASV771,ASV640,Undirected,83736,,0.609643
ASV771,ASV71,Undirected,83738,,0.623819
ASV771,ASV73,Undirected,83740,,0.675107
ASV771,ASV74,Undirected,83741,,0.653802
ASV771,ASV771,Undirected,83742,,1
ASV771,ASV884,Undirected,83743,,-1.439602
ASV772,ASV5525,Undirected,83744,,0.630564
ASV772,ASV579,Undirected,83745,,0.606955
ASV772,ASV772,Undirected,83746,,1
ASV775,ASV1149,Undirected,83749,,0.625598
ASV775,ASV1162,Undirected,83750,,0.607117
ASV775,ASV1243,Undirected,83753,,0.661467
ASV775,ASV1273,Undirected,83755,,0.638359
ASV775,ASV13,Undirected,83756,,-0.646299
ASV775,ASV1338,Undirected,83757,,0.60987
ASV775,ASV1730,Undirected,83764,,0.640706
ASV775,ASV179,Undirected,83765,,0.606234
ASV775,ASV184,Undirected,83767,,-0.697976
ASV775,ASV2017,Undirected,83768,,0.603686
ASV775,ASV219,Undirected,83769,,0.627726
ASV775,ASV223,Undirected,83770,,0.650079
ASV775,ASV228,Undirected,83771,,0.610161
ASV775,ASV231,Undirected,83772,,0.694461
ASV775,ASV24,Undirected,83775,,-0.616063
ASV775,ASV243,Undirected,83777,,0.636752
ASV775,ASV25,Undirected,83779,,-0.683233
ASV775,ASV2583,Undirected,83781,,-0.661818
ASV775,ASV260,Undirected,83782,,0.662345
ASV775,ASV261,Undirected,83783,,0.621048
ASV775,ASV263,Undirected,83784,,-0.603941
ASV775,ASV267,Undirected,83785,,-0.684185
ASV775,ASV273,Undirected,83787,,-0.680146
ASV775,ASV288,Undirected,83788,,0.600934
ASV775,ASV31,Undirected,83789,,-0.66805
ASV775,ASV32,Undirected,83791,,-0.604558
ASV775,ASV326,Undirected,83792,,0.653426
ASV775,ASV349,Undirected,83796,,0.663722
ASV775,ASV35,Undirected,83797,,0.647853
ASV775,ASV352,Undirected,83798,,0.668418
ASV775,ASV360,Undirected,83799,,0.60793
ASV775,ASV363,Undirected,83800,,-0.616382
ASV775,ASV374,Undirected,83801,,-0.656461
ASV775,ASV388,Undirected,83802,,0.617662
ASV775,ASV398,Undirected,83803,,0.650415
ASV775,ASV401,Undirected,83804,,0.620189
ASV775,ASV402,Undirected,83805,,-0.62915
ASV775,ASV404,Undirected,83806,,-0.627607
ASV775,ASV430,Undirected,83808,,0.647427
ASV775,ASV438,Undirected,83810,,-0.609034
ASV775,ASV440,Undirected,83811,,0.606549
ASV775,ASV445,Undirected,83812,,-0.62364
ASV775,ASV447,Undirected,83813,,0.65585
ASV775,ASV456,Undirected,83814,,0.700624
ASV775,ASV463,Undirected,83816,,-0.61287
ASV775,ASV468,Undirected,83817,,0.60417
ASV775,ASV486,Undirected,83818,,-0.640893
ASV775,ASV514,Undirected,83820,,-0.686234
ASV775,ASV540,Undirected,83822,,0.665283
ASV775,ASV549,Undirected,83823,,0.602697
ASV775,ASV554,Undirected,83825,,0.6798
ASV775,ASV5744,Undirected,83827,,-0.645931
ASV775,ASV585,Undirected,83829,,0.646415
ASV775,ASV59,Undirected,83830,,-0.697726
ASV775,ASV61,Undirected,83832,,-0.701919
ASV775,ASV622,Undirected,83833,,0.608162
ASV775,ASV641,Undirected,83835,,-0.603529
ASV775,ASV675,Undirected,83836,,0.659365
ASV775,ASV72,Undirected,83839,,0.619051
ASV775,ASV721,Undirected,83840,,0.662152
ASV775,ASV74,Undirected,83841,,-0.607255
ASV775,ASV751,Undirected,83842,,-0.645747
ASV775,ASV756,Undirected,83843,,0.653686
ASV775,ASV775,Undirected,83844,,1
ASV775,ASV82,Undirected,83845,,-1.43553
ASV775,ASV876,Undirected,83846,,1.718973
ASV775,ASV95,Undirected,83847,,1.486014
ASV775,ASV970,Undirected,83848,,1.733978
ASV776,ASV1051,Undirected,83849,,0.606636
ASV776,ASV140,Undirected,83850,,0.601596
ASV776,ASV146,Undirected,83851,,-0.674729
ASV776,ASV556,Undirected,83853,,0.62233
ASV776,ASV5782,Undirected,83854,,-0.626861
ASV776,ASV776,Undirected,83856,,1
ASV779,ASV146,Undirected,83857,,-0.615323
ASV779,ASV151,Undirected,83858,,-0.62615
ASV779,ASV245,Undirected,83859,,0.615164
ASV779,ASV254,Undirected,83860,,0.700686
ASV779,ASV338,Undirected,83861,,0.603828
ASV779,ASV401,Undirected,83862,,0.690398
ASV779,ASV4509,Undirected,83863,,-0.678978
ASV779,ASV779,Undirected,83865,,1
ASV78,ASV10,Undirected,83866,,0.671488
ASV78,ASV1032,Undirected,83867,,0.650469
ASV78,ASV1346,Undirected,83869,,0.605631
ASV78,ASV1483,Undirected,83870,,0.630062
ASV78,ASV1840,Undirected,83871,,0.605844
ASV78,ASV201,Undirected,83872,,0.608381
ASV78,ASV2291,Undirected,83873,,0.623966
ASV78,ASV23,Undirected,83874,,0.629133
ASV78,ASV262,Undirected,83876,,0.641822
ASV78,ASV2809,Undirected,83877,,-0.621763
ASV78,ASV3,Undirected,83878,,0.644628
ASV78,ASV30,Undirected,83879,,0.625
ASV78,ASV314,Undirected,83880,,0.652333
ASV78,ASV3754,Undirected,83881,,0.669618
ASV78,ASV39,Undirected,83882,,0.635988
ASV78,ASV393,Undirected,83883,,-0.64924
ASV78,ASV407,Undirected,83884,,0.628882
ASV78,ASV4085,Undirected,83885,,0.682668
ASV78,ASV429,Undirected,83886,,0.692547
ASV78,ASV49,Undirected,83887,,0.700414
ASV78,ASV547,Undirected,83888,,-0.649102
ASV78,ASV562,Undirected,83889,,-0.615667
ASV78,ASV64,Undirected,83891,,0.618605
ASV78,ASV67,Undirected,83892,,0.701138
ASV78,ASV671,Undirected,83893,,0.662009
ASV78,ASV78,Undirected,83895,,1
ASV781,ASV1007,Undirected,83897,,-0.635245
ASV781,ASV1059,Undirected,83900,,-0.67109
ASV781,ASV106,Undirected,83901,,-0.670031
ASV781,ASV107,Undirected,83902,,-0.664453
ASV781,ASV108,Undirected,83903,,-0.661119
ASV781,ASV110,Undirected,83904,,-0.621467
ASV781,ASV114,Undirected,83907,,-0.647165
ASV781,ASV1165,Undirected,83908,,-0.700072
ASV781,ASV1217,Undirected,83911,,0.690381
ASV781,ASV125,Undirected,83913,,0.646259
ASV781,ASV1298,Undirected,83914,,0.697761
ASV781,ASV13,Undirected,83915,,-0.701707
ASV781,ASV140,Undirected,83917,,0.635431
ASV781,ASV1428,Undirected,83918,,0.698427
ASV781,ASV1437,Undirected,83919,,0.664901
ASV781,ASV1492,Undirected,83920,,0.686344
ASV781,ASV1561,Undirected,83922,,-0.646878
ASV781,ASV159,Undirected,83924,,0.613088
ASV781,ASV171,Undirected,83926,,-0.656914
ASV781,ASV1738,Undirected,83928,,0.60043
ASV781,ASV175,Undirected,83929,,-0.639822
ASV781,ASV1838,Undirected,83930,,0.61113
ASV781,ASV1907,Undirected,83931,,0.631212
ASV781,ASV2017,Undirected,83934,,0.618775
ASV781,ASV214,Undirected,83935,,0.646023
ASV781,ASV2155,Undirected,83936,,-0.611734
ASV781,ASV219,Undirected,83938,,0.625181
ASV781,ASV22,Undirected,83939,,-0.602063
ASV781,ASV220,Undirected,83940,,-0.649517
ASV781,ASV2213,Undirected,83941,,0.697814
ASV781,ASV226,Undirected,83943,,-0.682849
ASV781,ASV2552,Undirected,83948,,-0.670212
ASV781,ASV258,Undirected,83949,,-0.638384
ASV781,ASV264,Undirected,83952,,0.658307
ASV781,ASV271,Undirected,83953,,0.672327
ASV781,ASV273,Undirected,83954,,-0.62421
ASV781,ASV277,Undirected,83955,,0.630569
ASV781,ASV291,Undirected,83957,,0.638326
ASV781,ASV310,Undirected,83959,,0.685123
ASV781,ASV32,Undirected,83960,,-0.680378
ASV781,ASV330,Undirected,83962,,-0.665339
ASV781,ASV35,Undirected,83964,,0.627236
ASV781,ASV352,Undirected,83965,,0.609745
ASV781,ASV3732,Undirected,83970,,0.650271
ASV781,ASV3752,Undirected,83971,,0.664537
ASV781,ASV384,Undirected,83972,,0.617116
ASV781,ASV404,Undirected,83974,,-0.693597
ASV781,ASV416,Undirected,83975,,0.643776
ASV781,ASV4277,Undirected,83976,,-0.632937
ASV781,ASV435,Undirected,83978,,0.611143
ASV781,ASV445,Undirected,83979,,-0.700858
ASV781,ASV451,Undirected,83980,,-0.624008
ASV781,ASV463,Undirected,83982,,-0.60331
ASV781,ASV468,Undirected,83983,,0.690959
ASV781,ASV48,Undirected,83984,,-0.658178
ASV781,ASV501,Undirected,83987,,0.678287
ASV781,ASV513,Undirected,83988,,0.640097
ASV781,ASV532,Undirected,83991,,0.62357
ASV781,ASV5687,Undirected,83994,,-0.621863
ASV781,ASV57,Undirected,83995,,-0.624936
ASV781,ASV571,Undirected,83996,,-0.609857
ASV781,ASV59,Undirected,83999,,-0.688764
ASV781,ASV6,Undirected,84000,,0.686668
ASV781,ASV619,Undirected,84003,,0.620199
ASV781,ASV653,Undirected,84004,,0.645895
ASV781,ASV655,Undirected,84005,,0.700615
ASV781,ASV660,Undirected,84006,,0.603929
ASV781,ASV672,Undirected,84007,,0.678137
ASV781,ASV781,Undirected,84011,,1
ASV781,ASV80,Undirected,84012,,-1.420196
ASV781,ASV810,Undirected,84013,,-1.616739
ASV781,ASV82,Undirected,84014,,-1.431733
ASV781,ASV85,Undirected,84015,,1.435622
ASV781,ASV850,Undirected,84016,,-1.495761
ASV781,ASV93,Undirected,84017,,-1.415683
ASV781,ASV96,Undirected,84018,,-1.582901
ASV783,ASV1026,Undirected,84019,,0.65948
ASV783,ASV113,Undirected,84020,,-0.627812
ASV783,ASV125,Undirected,84022,,0.659388
ASV783,ASV1277,Undirected,84023,,0.681419
ASV783,ASV1298,Undirected,84024,,0.688983
ASV783,ASV1381,Undirected,84025,,-0.603482
ASV783,ASV1437,Undirected,84027,,0.619157
ASV783,ASV164,Undirected,84029,,0.646553
ASV783,ASV1647,Undirected,84030,,0.635795
ASV783,ASV207,Undirected,84034,,0.698113
ASV783,ASV22,Undirected,84036,,-0.671908
ASV783,ASV225,Undirected,84037,,0.640117
ASV783,ASV297,Undirected,84045,,0.696859
ASV783,ASV298,Undirected,84046,,0.668067
ASV783,ASV306,Undirected,84047,,-0.630426
ASV783,ASV310,Undirected,84048,,0.677107
ASV783,ASV344,Undirected,84050,,-0.628854
ASV783,ASV3485,Undirected,84051,,-0.638173
ASV783,ASV349,Undirected,84052,,0.602615
ASV783,ASV352,Undirected,84053,,0.701994
ASV783,ASV36,Undirected,84054,,-0.62573
ASV783,ASV369,Undirected,84055,,0.679532
ASV783,ASV386,Undirected,84057,,0.611199
ASV783,ASV398,Undirected,84058,,0.677968
ASV783,ASV410,Undirected,84059,,0.61808
ASV783,ASV416,Undirected,84060,,0.626182
ASV783,ASV428,Undirected,84061,,0.60107
ASV783,ASV430,Undirected,84062,,0.665625
ASV783,ASV435,Undirected,84063,,0.673509
ASV783,ASV468,Undirected,84065,,0.699111
ASV783,ASV4788,Undirected,84066,,-0.603993
ASV783,ASV522,Undirected,84068,,0.629759
ASV783,ASV5744,Undirected,84070,,-0.6547
ASV783,ASV579,Undirected,84071,,0.616447
ASV783,ASV585,Undirected,84072,,0.632061
ASV783,ASV623,Undirected,84073,,0.621738
ASV783,ASV653,Undirected,84074,,0.639224
ASV783,ASV655,Undirected,84075,,0.677303
ASV783,ASV672,Undirected,84076,,0.615102
ASV783,ASV708,Undirected,84078,,0.623166
ASV783,ASV719,Undirected,84079,,-0.659163
ASV783,ASV732,Undirected,84080,,-0.608377
ASV783,ASV733,Undirected,84081,,-0.615064
ASV783,ASV751,Undirected,84082,,-0.634834
ASV783,ASV76,Undirected,84083,,0.628789
ASV783,ASV781,Undirected,84084,,0.652952
ASV783,ASV783,Undirected,84085,,1
ASV783,ASV83,Undirected,84086,,1.540899
ASV783,ASV909,Undirected,84087,,1.588025
ASV783,ASV96,Undirected,84088,,-1.478644
ASV783,ASV966,Undirected,84089,,1.715636
ASV783,ASV995,Undirected,84090,,1.562075
ASV786,ASV1346,Undirected,84091,,0.636746
ASV786,ASV136,Undirected,84092,,0.683283
ASV786,ASV1535,Undirected,84093,,0.65706
ASV786,ASV196,Undirected,84096,,0.690875
ASV786,ASV23,Undirected,84097,,0.608295
ASV786,ASV37,Undirected,84098,,0.639196
ASV786,ASV3752,Undirected,84099,,-0.610798
ASV786,ASV41,Undirected,84100,,0.64438
ASV786,ASV57,Undirected,84102,,0.69658
ASV786,ASV65,Undirected,84103,,-0.636933
ASV786,ASV67,Undirected,84104,,0.678945
ASV786,ASV766,Undirected,84105,,-0.689745
ASV786,ASV786,Undirected,84106,,1
ASV787,ASV103,Undirected,84107,,-0.696381
ASV787,ASV120,Undirected,84108,,0.676733
ASV787,ASV142,Undirected,84109,,0.642412
ASV787,ASV159,Undirected,84110,,0.624795
ASV787,ASV164,Undirected,84111,,0.621926
ASV787,ASV1985,Undirected,84113,,0.636577
ASV787,ASV20,Undirected,84114,,-0.614255
ASV787,ASV219,Undirected,84115,,0.627427
ASV787,ASV225,Undirected,84117,,0.61962
ASV787,ASV235,Undirected,84118,,0.664473
ASV787,ASV25,Undirected,84119,,-0.610789
ASV787,ASV260,Undirected,84120,,0.669368
ASV787,ASV261,Undirected,84121,,0.635912
ASV787,ASV27,Undirected,84122,,-0.60974
ASV787,ASV283,Undirected,84123,,0.677788
ASV787,ASV3,Undirected,84124,,-0.622333
ASV787,ASV344,Undirected,84125,,-0.665524
ASV787,ASV352,Undirected,84126,,0.65857
ASV787,ASV36,Undirected,84127,,-0.644513
ASV787,ASV416,Undirected,84129,,0.605532
ASV787,ASV418,Undirected,84130,,0.604254
ASV787,ASV435,Undirected,84131,,0.635659
ASV787,ASV463,Undirected,84132,,-0.624997
ASV787,ASV468,Undirected,84133,,0.605102
ASV787,ASV5010,Undirected,84134,,0.603203
ASV787,ASV551,Undirected,84135,,-0.649116
ASV787,ASV766,Undirected,84136,,0.646331
ASV787,ASV767,Undirected,84137,,0.621841
ASV787,ASV787,Undirected,84138,,1
ASV79,ASV100,Undirected,84139,,0.633062
ASV79,ASV1017,Undirected,84141,,0.701551
ASV79,ASV1030,Undirected,84142,,-0.669259
ASV79,ASV111,Undirected,84146,,0.675634
ASV79,ASV1120,Undirected,84147,,-0.697911
ASV79,ASV114,Undirected,84149,,0.635471
ASV79,ASV1149,Undirected,84151,,-0.649652
ASV79,ASV115,Undirected,84152,,0.613872
ASV79,ASV1165,Undirected,84153,,0.687009
ASV79,ASV12,Undirected,84155,,0.647823
ASV79,ASV121,Undirected,84156,,0.609125
ASV79,ASV123,Undirected,84158,,0.61147
ASV79,ASV1243,Undirected,84159,,-0.667189
ASV79,ASV125,Undirected,84160,,-0.690476
ASV79,ASV1269,Undirected,84161,,-0.62841
ASV79,ASV1273,Undirected,84162,,-0.608539
ASV79,ASV1275,Undirected,84163,,0.612954
ASV79,ASV1292,Undirected,84164,,-0.651519
ASV79,ASV139,Undirected,84167,,-0.646663
ASV79,ASV140,Undirected,84168,,-0.667874
ASV79,ASV142,Undirected,84169,,-0.698396
ASV79,ASV1428,Undirected,84170,,-0.654167
ASV79,ASV1468,Undirected,84171,,-0.652367
ASV79,ASV149,Undirected,84172,,-0.669426
ASV79,ASV1615,Undirected,84177,,-0.618764
ASV79,ASV172,Undirected,84182,,0.608786
ASV79,ASV175,Undirected,84184,,0.69028
ASV79,ASV1781,Undirected,84185,,-0.690235
ASV79,ASV18,Undirected,84186,,-0.608786
ASV79,ASV180,Undirected,84187,,0.688481
ASV79,ASV1838,Undirected,84188,,-0.662836
ASV79,ASV187,Undirected,84190,,0.696327
ASV79,ASV196,Undirected,84193,,0.691671
ASV79,ASV1985,Undirected,84195,,-0.635951
ASV79,ASV199,Undirected,84196,,0.616613
ASV79,ASV20,Undirected,84198,,0.64271
ASV79,ASV2017,Undirected,84199,,-0.662866
ASV79,ASV207,Undirected,84200,,-0.637512
ASV79,ASV214,Undirected,84201,,-0.649379
ASV79,ASV220,Undirected,84204,,0.637262
ASV79,ASV2213,Undirected,84205,,-0.635353
ASV79,ASV227,Undirected,84207,,0.623122
ASV79,ASV235,Undirected,84211,,-0.648733
ASV79,ASV237,Undirected,84212,,0.639857
ASV79,ASV242,Undirected,84215,,-0.691511
ASV79,ASV243,Undirected,84216,,-0.606059
ASV79,ASV2511,Undirected,84220,,-0.677338
ASV79,ASV263,Undirected,84223,,0.640269
ASV79,ASV264,Undirected,84224,,-0.650597
ASV79,ASV267,Undirected,84225,,0.667537
ASV79,ASV288,Undirected,84230,,-0.616063
ASV79,ASV291,Undirected,84231,,-0.629861
ASV79,ASV297,Undirected,84233,,-0.641528
ASV79,ASV306,Undirected,84234,,0.642602
ASV79,ASV33,Undirected,84238,,0.621958
ASV79,ASV330,Undirected,84239,,0.681842
ASV79,ASV3327,Undirected,84240,,0.701398
ASV79,ASV3347,Undirected,84242,,-0.628576
ASV79,ASV34,Undirected,84243,,0.630817
ASV79,ASV35,Undirected,84245,,-0.607032
ASV79,ASV352,Undirected,84246,,-0.684064
ASV79,ASV360,Undirected,84248,,-0.6023
ASV79,ASV369,Undirected,84250,,-0.685137
ASV79,ASV374,Undirected,84253,,0.674612
ASV79,ASV3752,Undirected,84254,,-0.689528
ASV79,ASV394,Undirected,84256,,-0.636412
ASV79,ASV3995,Undirected,84257,,-0.69899
ASV79,ASV404,Undirected,84259,,0.630792
ASV79,ASV41,Undirected,84260,,0.692348
ASV79,ASV412,Undirected,84261,,-0.619283
ASV79,ASV430,Undirected,84263,,-0.645382
ASV79,ASV438,Undirected,84267,,0.603422
ASV79,ASV44,Undirected,84268,,0.603413
ASV79,ASV443,Undirected,84270,,-0.62718
ASV79,ASV445,Undirected,84271,,0.680124
ASV79,ASV4518,Undirected,84273,,-0.65801
ASV79,ASV468,Undirected,84276,,-0.704116
ASV79,ASV48,Undirected,84277,,0.691831
ASV79,ASV483,Undirected,84278,,0.641121
ASV79,ASV488,Undirected,84279,,-0.645325
ASV79,ASV51,Undirected,84282,,-0.612153
ASV79,ASV513,Undirected,84283,,-0.633161
ASV79,ASV529,Undirected,84286,,-0.649009
ASV79,ASV54,Undirected,84288,,0.70181
ASV79,ASV554,Undirected,84289,,-0.608619
ASV79,ASV5638,Undirected,84291,,-0.61726
ASV79,ASV5687,Undirected,84292,,0.681235
ASV79,ASV579,Undirected,84296,,-0.603181
ASV79,ASV585,Undirected,84297,,-0.600358
ASV79,ASV591,Undirected,84299,,0.604066
ASV79,ASV6,Undirected,84300,,-0.691474
ASV79,ASV627,Undirected,84302,,-0.639931
ASV79,ASV653,Undirected,84305,,-0.607622
ASV79,ASV670,Undirected,84309,,-0.628797
ASV79,ASV68,Undirected,84310,,0.655084
ASV79,ASV702,Undirected,84312,,0.681489
ASV79,ASV708,Undirected,84313,,-0.669284
ASV79,ASV719,Undirected,84315,,0.674827
ASV79,ASV741,Undirected,84320,,-0.677477
ASV79,ASV751,Undirected,84321,,0.621812
ASV79,ASV76,Undirected,84323,,-0.663213
ASV79,ASV781,Undirected,84324,,-0.634184
ASV79,ASV79,Undirected,84325,,1
ASV79,ASV80,Undirected,84326,,1.668046
ASV79,ASV810,Undirected,84327,,1.454836
ASV79,ASV82,Undirected,84328,,1.670115
ASV79,ASV828,Undirected,84329,,-1.880709
ASV79,ASV85,Undirected,84330,,-1.517848
ASV79,ASV856,Undirected,84331,,-1.54645
ASV79,ASV87,Undirected,84332,,1.69716
ASV79,ASV9,Undirected,84333,,1.740571
ASV79,ASV90,Undirected,84334,,1.476462
ASV79,ASV927,Undirected,84335,,1.413131
ASV79,ASV95,Undirected,84336,,-1.520952
ASV79,ASV96,Undirected,84337,,1.740934
ASV797,ASV108,Undirected,84338,,-0.631081
ASV797,ASV214,Undirected,84340,,0.621181
ASV797,ASV229,Undirected,84341,,-0.668347
ASV797,ASV295,Undirected,84342,,0.627794
ASV797,ASV455,Undirected,84343,,0.604701
ASV797,ASV797,Undirected,84344,,1
ASV798,ASV100,Undirected,84345,,-0.632747
ASV798,ASV107,Undirected,84346,,-0.618948
ASV798,ASV108,Undirected,84347,,-0.680463
ASV798,ASV109,Undirected,84348,,-0.705098
ASV798,ASV111,Undirected,84349,,-0.654863
ASV798,ASV1136,Undirected,84350,,-0.647305
ASV798,ASV1186,Undirected,84351,,-0.629841
ASV798,ASV12,Undirected,84352,,-0.611535
ASV798,ASV125,Undirected,84353,,0.603997
ASV798,ASV1468,Undirected,84354,,0.674515
ASV798,ASV1615,Undirected,84355,,0.664909
ASV798,ASV225,Undirected,84357,,0.634824
ASV798,ASV24,Undirected,84358,,-0.670007
ASV798,ASV263,Undirected,84359,,-0.652066
ASV798,ASV276,Undirected,84360,,-0.620959
ASV798,ASV295,Undirected,84362,,0.660426
ASV798,ASV31,Undirected,84364,,-0.640904
ASV798,ASV33,Undirected,84365,,-0.642995
ASV798,ASV360,Undirected,84366,,0.624807
ASV798,ASV3732,Undirected,84367,,0.650836
ASV798,ASV4134,Undirected,84369,,0.619198
ASV798,ASV425,Undirected,84370,,-0.610281
ASV798,ASV436,Undirected,84371,,0.6782
ASV798,ASV440,Undirected,84372,,0.618663
ASV798,ASV451,Undirected,84373,,-0.702066
ASV798,ASV5010,Undirected,84374,,0.611761
ASV798,ASV568,Undirected,84375,,0.619726
ASV798,ASV68,Undirected,84376,,-0.630383
ASV798,ASV71,Undirected,84377,,-0.657316
ASV798,ASV74,Undirected,84378,,-0.628229
ASV798,ASV77,Undirected,84379,,-0.60567
ASV798,ASV798,Undirected,84380,,1
ASV798,ASV85,Undirected,84381,,1.43088
ASV8,ASV1120,Undirected,84382,,0.691393
ASV8,ASV1247,Undirected,84383,,0.629993
ASV8,ASV1986,Undirected,84385,,0.674649
ASV8,ASV207,Undirected,84386,,0.675356
ASV8,ASV241,Undirected,84387,,0.621114
ASV8,ASV280,Undirected,84389,,-0.654959
ASV8,ASV314,Undirected,84390,,-0.634388
ASV8,ASV3207,Undirected,84391,,-0.647181
ASV8,ASV330,Undirected,84392,,-0.690956
ASV8,ASV370,Undirected,84393,,-0.667024
ASV8,ASV3824,Undirected,84394,,-0.631748
ASV8,ASV390,Undirected,84395,,0.636187
ASV8,ASV4788,Undirected,84396,,-0.704411
ASV8,ASV489,Undirected,84397,,0.670351
ASV8,ASV522,Undirected,84399,,0.605815
ASV8,ASV535,Undirected,84400,,0.644744
ASV8,ASV554,Undirected,84401,,0.610081
ASV8,ASV606,Undirected,84403,,-0.695858
ASV8,ASV635,Undirected,84404,,0.606763
ASV8,ASV671,Undirected,84405,,-0.629592
ASV8,ASV8,Undirected,84406,,1
ASV8,ASV814,Undirected,84407,,1.423024
ASV8,ASV894,Undirected,84408,,-1.480037
ASV80,ASV1007,Undirected,84410,,0.679137
ASV80,ASV1017,Undirected,84411,,0.666359
ASV80,ASV1026,Undirected,84412,,-0.690223
ASV80,ASV1030,Undirected,84414,,-0.604352
ASV80,ASV1038,Undirected,84415,,-0.635135
ASV80,ASV1069,Undirected,84416,,-0.653176
ASV80,ASV1120,Undirected,84420,,-0.608657
ASV80,ASV1141,Undirected,84424,,0.655231
ASV80,ASV1162,Undirected,84425,,-0.602421
ASV80,ASV1165,Undirected,84426,,0.679885
ASV80,ASV1193,Undirected,84429,,-0.651422
ASV80,ASV121,Undirected,84430,,0.688247
ASV80,ASV123,Undirected,84432,,0.637894
ASV80,ASV1243,Undirected,84433,,-0.641603
ASV80,ASV1251,Undirected,84435,,-0.646611
ASV80,ASV1292,Undirected,84436,,-0.624665
ASV80,ASV1295,Undirected,84437,,-0.619683
ASV80,ASV1298,Undirected,84438,,-0.645563
ASV80,ASV1358,Undirected,84440,,-0.654189
ASV80,ASV1381,Undirected,84441,,0.604853
ASV80,ASV140,Undirected,84443,,-0.684755
ASV80,ASV1466,Undirected,84445,,-0.61735
ASV80,ASV1468,Undirected,84446,,-0.664347
ASV80,ASV149,Undirected,84447,,-0.700258
ASV80,ASV15,Undirected,84449,,0.688372
ASV80,ASV153,Undirected,84451,,0.610537
ASV80,ASV16,Undirected,84454,,0.604964
ASV80,ASV172,Undirected,84460,,0.655653
ASV80,ASV1740,Undirected,84462,,-0.623193
ASV80,ASV175,Undirected,84463,,0.694731
ASV80,ASV179,Undirected,84465,,-0.662179
ASV80,ASV184,Undirected,84466,,0.67495
ASV80,ASV191,Undirected,84468,,0.652463
ASV80,ASV196,Undirected,84471,,0.703359
ASV80,ASV197,Undirected,84472,,0.685788
ASV80,ASV1985,Undirected,84473,,-0.706176
ASV80,ASV2017,Undirected,84474,,-0.706048
ASV80,ASV2026,Undirected,84475,,0.637355
ASV80,ASV214,Undirected,84476,,-0.65648
ASV80,ASV22,Undirected,84479,,0.613606
ASV80,ASV220,Undirected,84480,,0.695183
ASV80,ASV226,Undirected,84483,,0.607775
ASV80,ASV235,Undirected,84488,,-0.645995
ASV80,ASV2361,Undirected,84489,,0.611326
ASV80,ASV242,Undirected,84493,,-0.625647
ASV80,ASV244,Undirected,84494,,0.703053
ASV80,ASV247,Undirected,84495,,0.618908
ASV80,ASV248,Undirected,84496,,-0.652175
ASV80,ASV2511,Undirected,84498,,-0.698583
ASV80,ASV252,Undirected,84499,,0.703206
ASV80,ASV258,Undirected,84500,,0.68666
ASV80,ASV264,Undirected,84504,,-0.654585
ASV80,ASV267,Undirected,84505,,0.691237
ASV80,ASV2762,Undirected,84509,,-0.644138
ASV80,ASV283,Undirected,84511,,-0.691237
ASV80,ASV291,Undirected,84513,,-0.664943
ASV80,ASV297,Undirected,84515,,-0.603962
ASV80,ASV307,Undirected,84516,,0.669603
ASV80,ASV326,Undirected,84520,,-0.64077
ASV80,ASV332,Undirected,84522,,-0.677704
ASV80,ASV3327,Undirected,84523,,0.643198
ASV80,ASV334,Undirected,84524,,-0.634954
ASV80,ASV335,Undirected,84525,,-0.674464
ASV80,ASV34,Undirected,84526,,0.634814
ASV80,ASV349,Undirected,84528,,-0.691555
ASV80,ASV360,Undirected,84532,,-0.623519
ASV80,ASV3732,Undirected,84536,,-0.699432
ASV80,ASV374,Undirected,84537,,0.636647
ASV80,ASV384,Undirected,84540,,-0.658712
ASV80,ASV398,Undirected,84541,,-0.659597
ASV80,ASV3995,Undirected,84542,,-0.61245
ASV80,ASV416,Undirected,84546,,-0.70083
ASV80,ASV430,Undirected,84547,,-0.666499
ASV80,ASV435,Undirected,84548,,-0.700104
ASV80,ASV452,Undirected,84553,,0.632331
ASV80,ASV456,Undirected,84554,,-0.636085
ASV80,ASV458,Undirected,84555,,-0.622938
ASV80,ASV468,Undirected,84558,,-0.683128
ASV80,ASV483,Undirected,84560,,0.608857
ASV80,ASV507,Undirected,84564,,0.62652
ASV80,ASV513,Undirected,84566,,-0.680643
ASV80,ASV528,Undirected,84568,,-0.643494
ASV80,ASV531,Undirected,84570,,-0.690995
ASV80,ASV54,Undirected,84571,,0.660816
ASV80,ASV551,Undirected,84572,,0.685367
ASV80,ASV564,Undirected,84574,,0.663561
ASV80,ASV5687,Undirected,84575,,0.632218
ASV80,ASV571,Undirected,84577,,0.658527
ASV80,ASV576,Undirected,84579,,-0.602607
ASV80,ASV579,Undirected,84580,,-0.657479
ASV80,ASV600,Undirected,84583,,-0.666682
ASV80,ASV625,Undirected,84585,,0.623014
ASV80,ASV637,Undirected,84587,,0.683097
ASV80,ASV65,Undirected,84588,,-0.603618
ASV80,ASV660,Undirected,84590,,-0.669492
ASV80,ASV699,Undirected,84593,,-0.629292
ASV80,ASV707,Undirected,84594,,-0.672387
ASV80,ASV708,Undirected,84595,,-0.659747
ASV80,ASV721,Undirected,84597,,-0.622417
ASV80,ASV741,Undirected,84601,,-0.642364
ASV80,ASV752,Undirected,84602,,-0.615916
ASV80,ASV756,Undirected,84603,,-0.611084
ASV80,ASV766,Undirected,84604,,-0.621893
ASV80,ASV77,Undirected,84605,,0.6382
ASV80,ASV775,Undirected,84606,,-0.628692
ASV80,ASV787,Undirected,84608,,-0.69983
ASV80,ASV798,Undirected,84610,,-0.640953
ASV80,ASV80,Undirected,84611,,1
ASV80,ASV810,Undirected,84612,,1.685699
ASV80,ASV82,Undirected,84613,,1.634297
ASV80,ASV828,Undirected,84614,,-1.763739
ASV80,ASV85,Undirected,84615,,-1.645478
ASV80,ASV856,Undirected,84616,,-1.723184
ASV80,ASV87,Undirected,84617,,1.844089
ASV80,ASV881,Undirected,84618,,-1.500284
ASV80,ASV9,Undirected,84619,,1.873
ASV80,ASV92,Undirected,84620,,-1.703359
ASV80,ASV927,Undirected,84621,,1.663234
ASV80,ASV938,Undirected,84622,,1.609691
ASV80,ASV95,Undirected,84623,,-1.802584
ASV80,ASV952,Undirected,84624,,-1.458384
ASV80,ASV96,Undirected,84625,,1.797105
ASV80,ASV983,Undirected,84626,,-1.420877
ASV803,ASV803,Undirected,84628,,1
ASV805,ASV140,Undirected,84630,,0.608405
ASV805,ASV269,Undirected,84632,,0.602191
ASV805,ASV33,Undirected,84633,,-0.674976
ASV805,ASV45,Undirected,84634,,-0.646938
ASV805,ASV5010,Undirected,84635,,0.609172
ASV805,ASV531,Undirected,84637,,0.601559
ASV805,ASV596,Undirected,84638,,0.607935
ASV805,ASV692,Undirected,84639,,0.627254
ASV805,ASV798,Undirected,84640,,0.613424
ASV805,ASV805,Undirected,84641,,1
ASV81,ASV12,Undirected,84642,,0.636083
ASV81,ASV1228,Undirected,84643,,-0.602403
ASV81,ASV1269,Undirected,84644,,-0.622313
ASV81,ASV13,Undirected,84645,,0.654264
ASV81,ASV1615,Undirected,84647,,-0.675669
ASV81,ASV1698,Undirected,84648,,-0.610417
ASV81,ASV1730,Undirected,84649,,-0.653887
ASV81,ASV184,Undirected,84650,,0.654066
ASV81,ASV194,Undirected,84651,,0.615942
ASV81,ASV2017,Undirected,84652,,-0.614454
ASV81,ASV205,Undirected,84653,,-0.641822
ASV81,ASV232,Undirected,84654,,0.669261
ASV81,ASV24,Undirected,84656,,0.67425
ASV81,ASV243,Undirected,84657,,-0.613037
ASV81,ASV245,Undirected,84658,,-0.612203
ASV81,ASV267,Undirected,84659,,0.632923
ASV81,ASV297,Undirected,84660,,-0.612595
ASV81,ASV31,Undirected,84661,,0.675984
ASV81,ASV32,Undirected,84662,,0.608471
ASV81,ASV388,Undirected,84665,,-0.643859
ASV81,ASV404,Undirected,84668,,0.688679
ASV81,ASV423,Undirected,84669,,-0.684717
ASV81,ASV435,Undirected,84670,,-0.605967
ASV81,ASV445,Undirected,84672,,0.619245
ASV81,ASV452,Undirected,84674,,0.623223
ASV81,ASV501,Undirected,84676,,-0.67254
ASV81,ASV514,Undirected,84677,,0.653709
ASV81,ASV551,Undirected,84678,,0.668059
ASV81,ASV5744,Undirected,84681,,0.623383
ASV81,ASV59,Undirected,84682,,0.673554
ASV81,ASV6,Undirected,84683,,-0.602273
ASV81,ASV631,Undirected,84684,,0.648706
ASV81,ASV675,Undirected,84685,,-0.621502
ASV81,ASV71,Undirected,84686,,0.632232
ASV81,ASV721,Undirected,84687,,-0.613359
ASV81,ASV76,Undirected,84688,,-0.685138
ASV81,ASV81,Undirected,84689,,1
ASV81,ASV90,Undirected,84690,,1.412616
ASV810,ASV1007,Undirected,84692,,0.657977
ASV810,ASV102,Undirected,84694,,0.660085
ASV810,ASV103,Undirected,84695,,0.603225
ASV810,ASV1059,Undirected,84696,,0.609924
ASV810,ASV106,Undirected,84697,,0.621738
ASV810,ASV110,Undirected,84700,,0.619819
ASV810,ASV1136,Undirected,84703,,0.63103
ASV810,ASV1165,Undirected,84706,,0.696666
ASV810,ASV1210,Undirected,84709,,0.657755
ASV810,ASV123,Undirected,84711,,0.658833
ASV810,ASV1273,Undirected,84714,,-0.611489
ASV810,ASV1338,Undirected,84717,,-0.603018
ASV810,ASV1358,Undirected,84718,,-0.643834
ASV810,ASV1381,Undirected,84719,,0.615242
ASV810,ASV14,Undirected,84720,,-0.629348
ASV810,ASV142,Undirected,84721,,-0.654908
ASV810,ASV1428,Undirected,84722,,-0.687606
ASV810,ASV149,Undirected,84723,,-0.637783
ASV810,ASV1492,Undirected,84724,,-0.604471
ASV810,ASV154,Undirected,84727,,-0.634151
ASV810,ASV1561,Undirected,84728,,0.634519
ASV810,ASV159,Undirected,84730,,-0.681748
ASV810,ASV165,Undirected,84733,,0.703062
ASV810,ASV170,Undirected,84734,,0.678796
ASV810,ASV1730,Undirected,84737,,-0.616745
ASV810,ASV1738,Undirected,84738,,-0.653527
ASV810,ASV178,Undirected,84740,,-0.606473
ASV810,ASV179,Undirected,84742,,-0.620708
ASV810,ASV184,Undirected,84744,,0.659565
ASV810,ASV187,Undirected,84745,,0.695905
ASV810,ASV195,Undirected,84748,,0.657486
ASV810,ASV2017,Undirected,84750,,-0.700593
ASV810,ASV206,Undirected,84752,,0.641667
ASV810,ASV214,Undirected,84753,,-0.698231
ASV810,ASV2155,Undirected,84754,,0.614501
ASV810,ASV217,Undirected,84756,,0.611025
ASV810,ASV219,Undirected,84757,,-0.620386
ASV810,ASV228,Undirected,84761,,-0.623575
ASV810,ASV252,Undirected,84771,,0.625652
ASV810,ASV2552,Undirected,84772,,0.618477
ASV810,ASV264,Undirected,84776,,-0.623506
ASV810,ASV267,Undirected,84777,,0.695154
ASV810,ASV276,Undirected,84780,,0.686265
ASV810,ASV277,Undirected,84781,,-0.631963
ASV810,ASV29,Undirected,84783,,-0.62481
ASV810,ASV291,Undirected,84784,,-0.623506
ASV810,ASV295,Undirected,84785,,-0.607999
ASV810,ASV307,Undirected,84786,,0.685908
ASV810,ASV326,Undirected,84790,,-0.641336
ASV810,ASV3327,Undirected,84792,,0.631706
ASV810,ASV335,Undirected,84793,,-0.626695
ASV810,ASV34,Undirected,84794,,0.600109
ASV810,ASV349,Undirected,84796,,-0.699115
ASV810,ASV352,Undirected,84798,,-0.67783
ASV810,ASV360,Undirected,84800,,-0.661099
ASV810,ASV3732,Undirected,84803,,-0.66234
ASV810,ASV374,Undirected,84804,,0.693868
ASV810,ASV3752,Undirected,84805,,-0.608996
ASV810,ASV38,Undirected,84806,,0.699852
ASV810,ASV388,Undirected,84807,,-0.612383
ASV810,ASV398,Undirected,84808,,-0.689353
ASV810,ASV412,Undirected,84811,,-0.606064
ASV810,ASV416,Undirected,84813,,-0.626821
ASV810,ASV436,Undirected,84815,,-0.667708
ASV810,ASV437,Undirected,84816,,-0.644726
ASV810,ASV440,Undirected,84817,,-0.626236
ASV810,ASV451,Undirected,84819,,0.676366
ASV810,ASV452,Undirected,84820,,0.671259
ASV810,ASV456,Undirected,84821,,-0.671525
ASV810,ASV468,Undirected,84824,,-0.657278
ASV810,ASV488,Undirected,84827,,-0.659355
ASV810,ASV501,Undirected,84829,,-0.694229
ASV810,ASV5010,Undirected,84830,,-0.655892
ASV810,ASV513,Undirected,84832,,-0.603951
ASV810,ASV5245,Undirected,84834,,0.671515
ASV810,ASV528,Undirected,84835,,-0.705055
ASV810,ASV531,Undirected,84837,,-0.612787
ASV810,ASV5488,Undirected,84838,,-0.647243
ASV810,ASV551,Undirected,84839,,0.688217
ASV810,ASV5687,Undirected,84842,,0.705791
ASV810,ASV570,Undirected,84844,,-0.672276
ASV810,ASV571,Undirected,84845,,0.608385
ASV810,ASV579,Undirected,84847,,-0.659687
ASV810,ASV60,Undirected,84850,,0.652242
ASV810,ASV619,Undirected,84853,,-0.655698
ASV810,ASV623,Undirected,84854,,-0.601042
ASV810,ASV627,Undirected,84855,,-0.64611
ASV810,ASV653,Undirected,84857,,-0.623109
ASV810,ASV660,Undirected,84859,,-0.610921
ASV810,ASV672,Undirected,84860,,-0.636701
ASV810,ASV677,Undirected,84861,,0.624677
ASV810,ASV702,Undirected,84863,,0.660566
ASV810,ASV707,Undirected,84864,,-0.618353
ASV810,ASV708,Undirected,84865,,-0.605019
ASV810,ASV741,Undirected,84870,,-0.633517
ASV810,ASV810,Undirected,84874,,1
ASV810,ASV82,Undirected,84875,,1.769725
ASV810,ASV828,Undirected,84876,,-1.436005
ASV810,ASV856,Undirected,84877,,-1.72202
ASV810,ASV87,Undirected,84878,,1.515828
ASV810,ASV881,Undirected,84879,,-1.563904
ASV810,ASV9,Undirected,84880,,1.746001
ASV810,ASV90,Undirected,84881,,1.634676
ASV810,ASV92,Undirected,84882,,-1.587971
ASV810,ASV95,Undirected,84883,,-1.663737
ASV810,ASV96,Undirected,84884,,1.63202
ASV813,ASV1026,Undirected,84885,,0.601175
ASV813,ASV1292,Undirected,84886,,0.663121
ASV813,ASV1468,Undirected,84887,,0.644165
ASV813,ASV1985,Undirected,84889,,0.661847
ASV813,ASV219,Undirected,84890,,0.681643
ASV813,ASV243,Undirected,84891,,0.61907
ASV813,ASV261,Undirected,84892,,0.617518
ASV813,ASV283,Undirected,84893,,0.617658
ASV813,ASV2940,Undirected,84894,,0.664006
ASV813,ASV3485,Undirected,84895,,-0.633941
ASV813,ASV418,Undirected,84896,,0.648817
ASV813,ASV435,Undirected,84897,,0.669286
ASV813,ASV510,Undirected,84898,,0.627796
ASV813,ASV531,Undirected,84899,,0.618158
ASV813,ASV556,Undirected,84900,,0.605422
ASV813,ASV692,Undirected,84901,,0.601628
ASV813,ASV719,Undirected,84902,,-0.619683
ASV813,ASV813,Undirected,84903,,1
ASV814,ASV103,Undirected,84904,,-0.660437
ASV814,ASV1986,Undirected,84906,,0.650635
ASV814,ASV2124,Undirected,84908,,-0.602539
ASV814,ASV219,Undirected,84909,,0.668375
ASV814,ASV243,Undirected,84911,,0.653254
ASV814,ASV261,Undirected,84912,,0.631407
ASV814,ASV280,Undirected,84913,,-0.668758
ASV814,ASV2915,Undirected,84914,,-0.679313
ASV814,ASV326,Undirected,84915,,0.60409
ASV814,ASV352,Undirected,84917,,0.688725
ASV814,ASV4085,Undirected,84919,,-0.61634
ASV814,ASV416,Undirected,84920,,0.677549
ASV814,ASV4277,Undirected,84921,,-0.659224
ASV814,ASV435,Undirected,84922,,0.632535
ASV814,ASV445,Undirected,84923,,-0.64039
ASV814,ASV449,Undirected,84924,,0.672069
ASV814,ASV5245,Undirected,84925,,-0.652733
ASV814,ASV531,Undirected,84926,,0.615136
ASV814,ASV554,Undirected,84928,,0.60366
ASV814,ASV556,Undirected,84929,,0.639934
ASV814,ASV560,Undirected,84930,,0.637888
ASV814,ASV606,Undirected,84931,,-0.689901
ASV814,ASV653,Undirected,84932,,0.674533
ASV814,ASV671,Undirected,84933,,-0.702573
ASV814,ASV711,Undirected,84934,,-0.704323
ASV814,ASV721,Undirected,84935,,0.679145
ASV814,ASV814,Undirected,84937,,1
ASV816,ASV1430,Undirected,84939,,-0.638842
ASV816,ASV359,Undirected,84941,,-0.661278
ASV816,ASV429,Undirected,84942,,-0.643651
ASV816,ASV711,Undirected,84943,,-0.60039
ASV816,ASV816,Undirected,84944,,1
ASV818,ASV241,Undirected,84945,,0.665445
ASV818,ASV283,Undirected,84946,,0.612652
ASV818,ASV309,Undirected,84947,,-0.618562
ASV818,ASV727,Undirected,84949,,-0.600533
ASV818,ASV776,Undirected,84950,,0.606733
ASV818,ASV818,Undirected,84951,,1
ASV82,ASV100,Undirected,84952,,0.685887
ASV82,ASV1007,Undirected,84953,,0.620984
ASV82,ASV102,Undirected,84955,,0.70083
ASV82,ASV1030,Undirected,84956,,-0.602281
ASV82,ASV106,Undirected,84957,,0.635361
ASV82,ASV1069,Undirected,84958,,-0.675502
ASV82,ASV1093,Undirected,84961,,-0.695596
ASV82,ASV1120,Undirected,84963,,-0.606549
ASV82,ASV1141,Undirected,84966,,0.695858
ASV82,ASV1162,Undirected,84967,,-0.646195
ASV82,ASV123,Undirected,84972,,0.667031
ASV82,ASV1295,Undirected,84975,,-0.627488
ASV82,ASV135,Undirected,84978,,0.69964
ASV82,ASV139,Undirected,84980,,-0.614987
ASV82,ASV14,Undirected,84981,,-0.661848
ASV82,ASV140,Undirected,84982,,-0.633592
ASV82,ASV142,Undirected,84983,,-0.689406
ASV82,ASV1428,Undirected,84984,,-0.685801
ASV82,ASV149,Undirected,84985,,-0.696124
ASV82,ASV1492,Undirected,84986,,-0.703935
ASV82,ASV154,Undirected,84989,,-0.624806
ASV82,ASV170,Undirected,84995,,0.705488
ASV82,ASV1738,Undirected,84999,,-0.612413
ASV82,ASV178,Undirected,85001,,-0.611758
ASV82,ASV179,Undirected,85003,,-0.70104
ASV82,ASV1793,Undirected,85004,,-0.608322
ASV82,ASV180,Undirected,85006,,0.697692
ASV82,ASV187,Undirected,85008,,0.644961
ASV82,ASV195,Undirected,85011,,0.683231
ASV82,ASV2017,Undirected,85013,,-0.667403
ASV82,ASV2026,Undirected,85014,,0.668855
ASV82,ASV205,Undirected,85015,,-0.669944
ASV82,ASV207,Undirected,85016,,-0.609277
ASV82,ASV214,Undirected,85017,,-0.643008
ASV82,ASV2155,Undirected,85018,,0.601451
ASV82,ASV217,Undirected,85020,,0.673229
ASV82,ASV219,Undirected,85021,,-0.674264
ASV82,ASV226,Undirected,85024,,0.699485
ASV82,ASV227,Undirected,85025,,0.620406
ASV82,ASV228,Undirected,85026,,-0.601345
ASV82,ASV242,Undirected,85033,,-0.70424
ASV82,ASV2552,Undirected,85037,,0.611758
ASV82,ASV264,Undirected,85041,,-0.697051
ASV82,ASV29,Undirected,85048,,-0.678553
ASV82,ASV291,Undirected,85049,,-0.633871
ASV82,ASV3072,Undirected,85050,,0.601042
ASV82,ASV33,Undirected,85054,,0.644595
ASV82,ASV330,Undirected,85055,,0.604134
ASV82,ASV344,Undirected,85059,,0.683721
ASV82,ASV352,Undirected,85062,,-0.634918
ASV82,ASV369,Undirected,85066,,-0.630109
ASV82,ASV3732,Undirected,85068,,-0.679773
ASV82,ASV41,Undirected,85074,,0.600207
ASV82,ASV4134,Undirected,85075,,-0.616422
ASV82,ASV416,Undirected,85076,,-0.675467
ASV82,ASV435,Undirected,85078,,-0.646209
ASV82,ASV456,Undirected,85086,,-0.654748
ASV82,ASV468,Undirected,85089,,-0.605205
ASV82,ASV483,Undirected,85091,,0.666267
ASV82,ASV486,Undirected,85092,,0.610037
ASV82,ASV5010,Undirected,85095,,-0.629811
ASV82,ASV51,Undirected,85097,,-0.614632
ASV82,ASV5245,Undirected,85100,,0.620672
ASV82,ASV531,Undirected,85103,,-0.688407
ASV82,ASV5488,Undirected,85104,,-0.704667
ASV82,ASV551,Undirected,85105,,0.636042
ASV82,ASV554,Undirected,85106,,-0.62315
ASV82,ASV571,Undirected,85113,,0.68199
ASV82,ASV576,Undirected,85115,,-0.622348
ASV82,ASV579,Undirected,85116,,-0.662186
ASV82,ASV600,Undirected,85119,,-0.619879
ASV82,ASV631,Undirected,85121,,0.62196
ASV82,ASV660,Undirected,85125,,-0.68307
ASV82,ASV672,Undirected,85126,,-0.666861
ASV82,ASV702,Undirected,85128,,0.643224
ASV82,ASV721,Undirected,85131,,-0.625022
ASV82,ASV724,Undirected,85132,,0.626861
ASV82,ASV73,Undirected,85133,,0.657175
ASV82,ASV732,Undirected,85134,,0.683485
ASV82,ASV741,Undirected,85137,,-0.619422
ASV82,ASV751,Undirected,85138,,0.612113
ASV82,ASV76,Undirected,85139,,-0.695654
ASV82,ASV77,Undirected,85140,,0.615943
ASV82,ASV81,Undirected,85145,,0.666667
ASV82,ASV82,Undirected,85147,,1
ASV82,ASV828,Undirected,85148,,-1.560629
ASV82,ASV850,Undirected,85149,,1.553693
ASV82,ASV856,Undirected,85150,,-1.536558
ASV82,ASV87,Undirected,85151,,1.573568
ASV82,ASV881,Undirected,85152,,-1.414049
ASV82,ASV9,Undirected,85153,,1.782138
ASV82,ASV90,Undirected,85154,,1.78708
ASV82,ASV922,Undirected,85155,,-1.488078
ASV82,ASV95,Undirected,85156,,-1.586563
ASV82,ASV955,Undirected,85157,,-1.498361
ASV82,ASV96,Undirected,85158,,1.627333
ASV821,ASV1070,Undirected,85159,,-0.634996
ASV821,ASV1483,Undirected,85160,,0.639682
ASV821,ASV346,Undirected,85161,,0.661944
ASV821,ASV387,Undirected,85162,,0.643733
ASV821,ASV490,Undirected,85163,,0.605995
ASV821,ASV821,Undirected,85164,,1
ASV822,ASV1247,Undirected,85165,,0.638429
ASV822,ASV143,Undirected,85166,,0.635563
ASV822,ASV1475,Undirected,85167,,0.606276
ASV822,ASV3189,Undirected,85169,,0.600112
ASV822,ASV362,Undirected,85170,,0.645898
ASV822,ASV380,Undirected,85171,,0.665454
ASV822,ASV434,Undirected,85172,,0.654841
ASV822,ASV500,Undirected,85173,,0.651248
ASV822,ASV53,Undirected,85174,,0.629728
ASV822,ASV687,Undirected,85175,,0.601978
ASV822,ASV822,Undirected,85176,,1
ASV823,ASV105,Undirected,85177,,0.63566
ASV823,ASV1791,Undirected,85178,,0.665102
ASV823,ASV236,Undirected,85179,,0.627606
ASV823,ASV345,Undirected,85180,,0.620168
ASV823,ASV823,Undirected,85181,,1
ASV825,ASV149,Undirected,85183,,0.62326
ASV825,ASV159,Undirected,85184,,0.617243
ASV825,ASV22,Undirected,85185,,-0.633142
ASV825,ASV271,Undirected,85186,,0.616518
ASV825,ASV35,Undirected,85188,,0.604188
ASV825,ASV3824,Undirected,85189,,-0.605131
ASV825,ASV428,Undirected,85190,,0.696789
ASV825,ASV430,Undirected,85191,,0.650633
ASV825,ASV468,Undirected,85192,,0.613936
ASV825,ASV528,Undirected,85193,,0.698068
ASV825,ASV756,Undirected,85195,,0.627687
ASV825,ASV825,Undirected,85196,,1
ASV828,ASV1007,Undirected,85198,,-0.604689
ASV828,ASV1017,Undirected,85199,,-0.637526
ASV828,ASV1026,Undirected,85200,,0.64887
ASV828,ASV1030,Undirected,85201,,0.616104
ASV828,ASV114,Undirected,85207,,-0.682905
ASV828,ASV1141,Undirected,85208,,-0.652047
ASV828,ASV115,Undirected,85209,,-0.616703
ASV828,ASV1165,Undirected,85210,,-0.660555
ASV828,ASV1193,Undirected,85212,,0.632573
ASV828,ASV12,Undirected,85213,,-0.637214
ASV828,ASV1243,Undirected,85215,,0.64308
ASV828,ASV1295,Undirected,85218,,0.654494
ASV828,ASV135,Undirected,85221,,-0.606753
ASV828,ASV139,Undirected,85222,,0.628307
ASV828,ASV140,Undirected,85223,,0.675482
ASV828,ASV142,Undirected,85224,,0.659411
ASV828,ASV1428,Undirected,85225,,0.666503
ASV828,ASV149,Undirected,85227,,0.602387
ASV828,ASV1499,Undirected,85229,,0.657947
ASV828,ASV15,Undirected,85230,,-0.660448
ASV828,ASV150,Undirected,85231,,-0.634718
ASV828,ASV16,Undirected,85234,,-0.647304
ASV828,ASV169,Undirected,85237,,-0.697143
ASV828,ASV1730,Undirected,85239,,0.698182
ASV828,ASV1740,Undirected,85240,,0.626698
ASV828,ASV180,Undirected,85242,,-0.616572
ASV828,ASV1838,Undirected,85243,,0.654324
ASV828,ASV184,Undirected,85244,,-0.676013
ASV828,ASV187,Undirected,85245,,-0.650598
ASV828,ASV192,Undirected,85246,,0.656073
ASV828,ASV196,Undirected,85249,,-0.616902
ASV828,ASV197,Undirected,85250,,-0.638675
ASV828,ASV2,Undirected,85252,,-0.623515
ASV828,ASV2017,Undirected,85253,,0.63124
ASV828,ASV2026,Undirected,85254,,-0.663038
ASV828,ASV22,Undirected,85257,,-0.605965
ASV828,ASV2213,Undirected,85258,,0.634035
ASV828,ASV235,Undirected,85263,,0.69881
ASV828,ASV237,Undirected,85264,,-0.660947
ASV828,ASV242,Undirected,85267,,0.672201
ASV828,ASV244,Undirected,85268,,-0.689674
ASV828,ASV258,Undirected,85271,,-0.68413
ASV828,ASV263,Undirected,85274,,-0.626039
ASV828,ASV264,Undirected,85275,,0.668572
ASV828,ASV269,Undirected,85276,,0.606047
ASV828,ASV288,Undirected,85281,,0.654206
ASV828,ASV33,Undirected,85286,,-0.690712
ASV828,ASV330,Undirected,85287,,-0.60446
ASV828,ASV3327,Undirected,85288,,-0.640484
ASV828,ASV334,Undirected,85289,,0.687242
ASV828,ASV335,Undirected,85290,,0.627606
ASV828,ASV349,Undirected,85292,,0.652626
ASV828,ASV35,Undirected,85293,,0.653889
ASV828,ASV352,Undirected,85294,,0.679738
ASV828,ASV3732,Undirected,85299,,0.703166
ASV828,ASV384,Undirected,85302,,0.647214
ASV828,ASV398,Undirected,85303,,0.661132
ASV828,ASV4,Undirected,85305,,-0.676338
ASV828,ASV4134,Undirected,85306,,0.660751
ASV828,ASV430,Undirected,85308,,0.601457
ASV828,ASV440,Undirected,85312,,0.638586
ASV828,ASV443,Undirected,85313,,0.600421
ASV828,ASV445,Undirected,85314,,-0.62552
ASV828,ASV468,Undirected,85318,,0.619075
ASV828,ASV48,Undirected,85319,,-0.640418
ASV828,ASV483,Undirected,85320,,-0.621848
ASV828,ASV488,Undirected,85321,,0.617959
ASV828,ASV5010,Undirected,85324,,0.604689
ASV828,ASV507,Undirected,85325,,-0.654263
ASV828,ASV51,Undirected,85326,,0.672217
ASV828,ASV514,Undirected,85327,,-0.655925
ASV828,ASV516,Undirected,85328,,-0.678647
ASV828,ASV54,Undirected,85331,,-0.687731
ASV828,ASV5744,Undirected,85335,,-0.678425
ASV828,ASV579,Undirected,85336,,0.621749
ASV828,ASV6,Undirected,85338,,0.662873
ASV828,ASV625,Undirected,85340,,-0.619715
ASV828,ASV627,Undirected,85341,,0.694002
ASV828,ASV637,Undirected,85342,,-0.668054
ASV828,ASV641,Undirected,85343,,-0.67919
ASV828,ASV653,Undirected,85344,,0.645438
ASV828,ASV68,Undirected,85347,,-0.698025
ASV828,ASV686,Undirected,85349,,-0.63821
ASV828,ASV702,Undirected,85350,,-0.612259
ASV828,ASV707,Undirected,85351,,0.693231
ASV828,ASV708,Undirected,85352,,0.671718
ASV828,ASV719,Undirected,85354,,-0.628783
ASV828,ASV721,Undirected,85355,,0.656226
ASV828,ASV741,Undirected,85359,,0.620305
ASV828,ASV751,Undirected,85360,,-0.609744
ASV828,ASV752,Undirected,85361,,0.673622
ASV828,ASV76,Undirected,85362,,0.600727
ASV828,ASV766,Undirected,85363,,0.605099
ASV828,ASV781,Undirected,85364,,0.642867
ASV828,ASV787,Undirected,85365,,0.601421
ASV828,ASV828,Undirected,85370,,1
ASV828,ASV85,Undirected,85371,,1.671338
ASV828,ASV856,Undirected,85372,,1.448778
ASV828,ASV87,Undirected,85373,,-1.816687
ASV828,ASV9,Undirected,85374,,-1.700684
ASV828,ASV92,Undirected,85375,,1.500264
ASV828,ASV927,Undirected,85376,,-1.59542
ASV828,ASV95,Undirected,85377,,1.578025
ASV828,ASV96,Undirected,85378,,-1.73105
ASV828,ASV983,Undirected,85379,,1.437795
ASV83,ASV1026,Undirected,85380,,0.63203
ASV83,ASV1051,Undirected,85381,,0.687719
ASV83,ASV107,Undirected,85382,,-0.700311
ASV83,ASV113,Undirected,85383,,-0.693899
ASV83,ASV1162,Undirected,85384,,0.679377
ASV83,ASV117,Undirected,85385,,-0.675816
ASV83,ASV122,Undirected,85386,,-0.64398
ASV83,ASV1277,Undirected,85387,,0.633933
ASV83,ASV1286,Undirected,85388,,0.648907
ASV83,ASV135,Undirected,85391,,-0.610364
ASV83,ASV140,Undirected,85393,,0.690279
ASV83,ASV1468,Undirected,85394,,0.667856
ASV83,ASV1492,Undirected,85395,,0.603833
ASV83,ASV1513,Undirected,85396,,0.626322
ASV83,ASV154,Undirected,85397,,0.657704
ASV83,ASV164,Undirected,85399,,0.666494
ASV83,ASV170,Undirected,85401,,-0.636459
ASV83,ASV178,Undirected,85402,,0.643796
ASV83,ASV1838,Undirected,85403,,0.601121
ASV83,ASV193,Undirected,85404,,0.649586
ASV83,ASV2026,Undirected,85405,,-0.647664
ASV83,ASV207,Undirected,85406,,0.677788
ASV83,ASV216,Undirected,85407,,-0.636327
ASV83,ASV219,Undirected,85408,,0.630571
ASV83,ASV22,Undirected,85409,,-0.691193
ASV83,ASV225,Undirected,85410,,0.616141
ASV83,ASV231,Undirected,85412,,0.684755
ASV83,ASV24,Undirected,85413,,-0.610134
ASV83,ASV25,Undirected,85414,,-0.652893
ASV83,ASV2511,Undirected,85415,,0.602755
ASV83,ASV2552,Undirected,85416,,-0.615195
ASV83,ASV261,Undirected,85418,,0.648215
ASV83,ASV282,Undirected,85421,,0.610596
ASV83,ASV291,Undirected,85423,,0.668395
ASV83,ASV295,Undirected,85424,,0.605794
ASV83,ASV31,Undirected,85425,,-0.68323
ASV83,ASV310,Undirected,85426,,0.684976
ASV83,ASV327,Undirected,85427,,-0.676836
ASV83,ASV328,Undirected,85428,,0.632644
ASV83,ASV349,Undirected,85429,,0.658717
ASV83,ASV35,Undirected,85430,,0.67907
ASV83,ASV36,Undirected,85431,,-0.676836
ASV83,ASV363,Undirected,85432,,-0.638903
ASV83,ASV440,Undirected,85435,,0.619816
ASV83,ASV445,Undirected,85436,,-0.695292
ASV83,ASV468,Undirected,85439,,0.611755
ASV83,ASV488,Undirected,85441,,0.659047
ASV83,ASV514,Undirected,85442,,-0.675482
ASV83,ASV528,Undirected,85443,,0.672903
ASV83,ASV56,Undirected,85445,,-0.665977
ASV83,ASV571,Undirected,85447,,-0.665128
ASV83,ASV5782,Undirected,85448,,-0.695607
ASV83,ASV579,Undirected,85449,,0.630606
ASV83,ASV59,Undirected,85450,,-0.674587
ASV83,ASV61,Undirected,85452,,-0.640455
ASV83,ASV672,Undirected,85457,,0.610954
ASV83,ASV708,Undirected,85460,,0.692364
ASV83,ASV732,Undirected,85461,,-0.678118
ASV83,ASV733,Undirected,85462,,-0.675332
ASV83,ASV76,Undirected,85463,,0.633351
ASV83,ASV781,Undirected,85464,,0.648548
ASV83,ASV810,Undirected,85466,,-0.696424
ASV83,ASV82,Undirected,85467,,-0.636176
ASV83,ASV83,Undirected,85468,,1
ASV83,ASV909,Undirected,85469,,1.483401
ASV83,ASV96,Undirected,85470,,-1.469707
ASV832,ASV119,Undirected,85471,,-0.64758
ASV832,ASV157,Undirected,85472,,0.639481
ASV832,ASV1581,Undirected,85473,,-0.619782
ASV832,ASV270,Undirected,85475,,0.628319
ASV832,ASV2974,Undirected,85476,,0.60127
ASV832,ASV320,Undirected,85477,,-0.604463
ASV832,ASV380,Undirected,85478,,0.605415
ASV832,ASV407,Undirected,85480,,0.621692
ASV832,ASV490,Undirected,85482,,0.646602
ASV832,ASV832,Undirected,85483,,1
ASV833,ASV1842,Undirected,85484,,-0.623505
ASV833,ASV389,Undirected,85485,,0.612015
ASV833,ASV566,Undirected,85486,,0.695916
ASV833,ASV664,Undirected,85487,,0.666493
ASV833,ASV833,Undirected,85488,,1
ASV838,ASV126,Undirected,85489,,0.632071
ASV838,ASV1437,Undirected,85490,,-0.703564
ASV838,ASV3347,Undirected,85492,,-0.614348
ASV838,ASV345,Undirected,85493,,0.643943
ASV838,ASV4272,Undirected,85495,,0.701457
ASV838,ASV4759,Undirected,85496,,0.680002
ASV838,ASV55,Undirected,85497,,0.632179
ASV838,ASV742,Undirected,85498,,-0.665289
ASV838,ASV838,Undirected,85499,,1
ASV84,ASV11,Undirected,85500,,0.638388
ASV84,ASV1247,Undirected,85501,,0.605147
ASV84,ASV1430,Undirected,85503,,0.603665
ASV84,ASV145,Undirected,85504,,-0.678072
ASV84,ASV209,Undirected,85505,,0.60083
ASV84,ASV3207,Undirected,85507,,-0.611716
ASV84,ASV380,Undirected,85508,,0.622467
ASV84,ASV429,Undirected,85509,,0.640747
ASV84,ASV4396,Undirected,85510,,-0.704043
ASV84,ASV489,Undirected,85511,,0.636716
ASV84,ASV500,Undirected,85512,,0.616105
ASV84,ASV563,Undirected,85513,,-0.625261
ASV84,ASV758,Undirected,85515,,-0.679118
ASV84,ASV770,Undirected,85516,,0.655423
ASV84,ASV84,Undirected,85517,,1
ASV84,ASV862,Undirected,85518,,1.538888
ASV84,ASV88,Undirected,85519,,1.684434
ASV841,ASV16,Undirected,85520,,-0.607894
ASV841,ASV2610,Undirected,85521,,0.684879
ASV841,ASV596,Undirected,85522,,0.62082
ASV841,ASV822,Undirected,85523,,0.605169
ASV841,ASV841,Undirected,85524,,1
ASV85,ASV100,Undirected,85525,,-0.670657
ASV85,ASV1007,Undirected,85526,,-0.700787
ASV85,ASV106,Undirected,85528,,-0.600663
ASV85,ASV107,Undirected,85529,,-0.677537
ASV85,ASV114,Undirected,85533,,-0.620672
ASV85,ASV1149,Undirected,85534,,0.608669
ASV85,ASV1186,Undirected,85536,,-0.648674
ASV85,ASV1251,Undirected,85539,,0.63168
ASV85,ASV1295,Undirected,85541,,0.662691
ASV85,ASV1298,Undirected,85542,,0.654018
ASV85,ASV13,Undirected,85543,,-0.688372
ASV85,ASV1358,Undirected,85544,,0.649316
ASV85,ASV139,Undirected,85545,,0.637022
ASV85,ASV140,Undirected,85546,,0.63909
ASV85,ASV142,Undirected,85547,,0.648397
ASV85,ASV149,Undirected,85549,,0.669597
ASV85,ASV1492,Undirected,85550,,0.692906
ASV85,ASV159,Undirected,85553,,0.705183
ASV85,ASV160,Undirected,85554,,0.706133
ASV85,ASV1615,Undirected,85555,,0.697719
ASV85,ASV170,Undirected,85557,,-0.693942
ASV85,ASV1730,Undirected,85559,,0.642488
ASV85,ASV1740,Undirected,85560,,0.628715
ASV85,ASV195,Undirected,85563,,-0.690317
ASV85,ASV197,Undirected,85564,,-0.62151
ASV85,ASV2213,Undirected,85569,,0.689741
ASV85,ASV229,Undirected,85571,,-0.699948
ASV85,ASV2290,Undirected,85572,,0.704203
ASV85,ASV233,Undirected,85574,,0.677223
ASV85,ASV235,Undirected,85575,,0.661324
ASV85,ASV242,Undirected,85579,,0.640973
ASV85,ASV248,Undirected,85580,,0.611083
ASV85,ASV258,Undirected,85582,,-0.604242
ASV85,ASV264,Undirected,85585,,0.658551
ASV85,ASV269,Undirected,85586,,0.611755
ASV85,ASV273,Undirected,85588,,-0.620279
ASV85,ASV276,Undirected,85589,,-0.693626
ASV85,ASV288,Undirected,85591,,0.613155
ASV85,ASV297,Undirected,85594,,0.607914
ASV85,ASV306,Undirected,85595,,-0.645904
ASV85,ASV307,Undirected,85596,,-0.640934
ASV85,ASV310,Undirected,85598,,0.680312
ASV85,ASV327,Undirected,85600,,-0.604447
ASV85,ASV33,Undirected,85601,,-0.635094
ASV85,ASV332,Undirected,85602,,0.605073
ASV85,ASV35,Undirected,85604,,0.622222
ASV85,ASV360,Undirected,85606,,0.600428
ASV85,ASV4,Undirected,85612,,-0.63843
ASV85,ASV404,Undirected,85613,,-0.703232
ASV85,ASV4134,Undirected,85614,,0.642329
ASV85,ASV416,Undirected,85615,,0.637494
ASV85,ASV428,Undirected,85616,,0.70604
ASV85,ASV430,Undirected,85617,,0.660098
ASV85,ASV435,Undirected,85618,,0.686585
ASV85,ASV437,Undirected,85619,,0.620524
ASV85,ASV463,Undirected,85623,,-0.683584
ASV85,ASV48,Undirected,85625,,-0.612403
ASV85,ASV501,Undirected,85627,,0.636271
ASV85,ASV51,Undirected,85628,,0.645048
ASV85,ASV514,Undirected,85629,,-0.613273
ASV85,ASV529,Undirected,85630,,0.675338
ASV85,ASV54,Undirected,85632,,-0.622934
ASV85,ASV5687,Undirected,85634,,-0.603438
ASV85,ASV5744,Undirected,85637,,-0.648215
ASV85,ASV596,Undirected,85639,,0.632807
ASV85,ASV6,Undirected,85640,,0.691116
ASV85,ASV61,Undirected,85641,,-0.700983
ASV85,ASV681,Undirected,85644,,-0.612755
ASV85,ASV707,Undirected,85645,,0.650916
ASV85,ASV71,Undirected,85646,,-0.701447
ASV85,ASV733,Undirected,85648,,-0.64676
ASV85,ASV741,Undirected,85650,,0.686516
ASV85,ASV752,Undirected,85651,,0.653677
ASV85,ASV76,Undirected,85652,,0.607458
ASV85,ASV783,Undirected,85654,,0.679349
ASV85,ASV787,Undirected,85655,,0.650816
ASV85,ASV810,Undirected,85659,,-0.674109
ASV85,ASV82,Undirected,85660,,-0.665633
ASV85,ASV83,Undirected,85662,,0.686143
ASV85,ASV85,Undirected,85663,,1
ASV85,ASV856,Undirected,85664,,1.482372
ASV85,ASV87,Undirected,85665,,-1.805786
ASV85,ASV9,Undirected,85666,,-1.576447
ASV85,ASV95,Undirected,85667,,1.475698
ASV85,ASV96,Undirected,85668,,-1.702747
ASV850,ASV1066,Undirected,85673,,0.603637
ASV850,ASV107,Undirected,85674,,0.645585
ASV850,ASV108,Undirected,85675,,0.694639
ASV850,ASV114,Undirected,85678,,0.693725
ASV850,ASV1162,Undirected,85679,,-0.687767
ASV850,ASV1165,Undirected,85680,,0.670257
ASV850,ASV1198,Undirected,85682,,-0.666674
ASV850,ASV121,Undirected,85683,,0.631055
ASV850,ASV122,Undirected,85685,,0.705587
ASV850,ASV1298,Undirected,85687,,-0.614487
ASV850,ASV135,Undirected,85689,,0.691331
ASV850,ASV1358,Undirected,85690,,-0.65156
ASV850,ASV14,Undirected,85691,,-0.621783
ASV850,ASV1492,Undirected,85692,,-0.615012
ASV850,ASV153,Undirected,85693,,0.678042
ASV850,ASV158,Undirected,85694,,-0.696339
ASV850,ASV164,Undirected,85695,,-0.702975
ASV850,ASV1647,Undirected,85696,,-0.61872
ASV850,ASV170,Undirected,85697,,0.631776
ASV850,ASV171,Undirected,85698,,0.630728
ASV850,ASV175,Undirected,85699,,0.634128
ASV850,ASV1781,Undirected,85700,,-0.601696
ASV850,ASV179,Undirected,85701,,-0.620371
ASV850,ASV18,Undirected,85702,,-0.610288
ASV850,ASV1838,Undirected,85703,,-0.603643
ASV850,ASV1907,Undirected,85704,,-0.617414
ASV850,ASV194,Undirected,85705,,0.66967
ASV850,ASV197,Undirected,85706,,0.632887
ASV850,ASV206,Undirected,85707,,0.657238
ASV850,ASV217,Undirected,85709,,0.652021
ASV850,ASV22,Undirected,85710,,0.630665
ASV850,ASV220,Undirected,85711,,0.695198
ASV850,ASV2213,Undirected,85712,,-0.604587
ASV850,ASV229,Undirected,85713,,0.647868
ASV850,ASV231,Undirected,85714,,-0.64563
ASV850,ASV260,Undirected,85719,,-0.663911
ASV850,ASV261,Undirected,85720,,-0.67508
ASV850,ASV263,Undirected,85721,,0.67037
ASV850,ASV264,Undirected,85722,,-0.623717
ASV850,ASV266,Undirected,85723,,-0.623717
ASV850,ASV271,Undirected,85724,,-0.650786
ASV850,ASV273,Undirected,85725,,0.698629
ASV850,ASV28,Undirected,85726,,-0.603807
ASV850,ASV32,Undirected,85729,,0.692844
ASV850,ASV327,Undirected,85730,,0.643348
ASV850,ASV3327,Undirected,85731,,0.606029
ASV850,ASV35,Undirected,85732,,-0.662881
ASV850,ASV36,Undirected,85733,,0.698791
ASV850,ASV369,Undirected,85735,,-0.667576
ASV850,ASV3732,Undirected,85736,,-0.644538
ASV850,ASV4,Undirected,85737,,0.635369
ASV850,ASV413,Undirected,85738,,0.605165
ASV850,ASV430,Undirected,85739,,-0.628366
ASV850,ASV436,Undirected,85740,,-0.605897
ASV850,ASV452,Undirected,85742,,0.61559
ASV850,ASV5,Undirected,85744,,0.641639
ASV850,ASV5010,Undirected,85745,,-0.620614
ASV850,ASV513,Undirected,85747,,-0.674208
ASV850,ASV514,Undirected,85748,,0.70008
ASV850,ASV528,Undirected,85749,,-0.647602
ASV850,ASV529,Undirected,85750,,-0.686457
ASV850,ASV531,Undirected,85751,,-0.621298
ASV850,ASV5488,Undirected,85752,,-0.641871
ASV850,ASV5511,Undirected,85753,,-0.69963
ASV850,ASV564,Undirected,85755,,0.685229
ASV850,ASV570,Undirected,85756,,-0.616808
ASV850,ASV571,Undirected,85757,,0.633248
ASV850,ASV5744,Undirected,85758,,0.67194
ASV850,ASV576,Undirected,85759,,-0.625144
ASV850,ASV59,Undirected,85760,,0.692844
ASV850,ASV6,Undirected,85761,,-0.697025
ASV850,ASV60,Undirected,85762,,0.68052
ASV850,ASV600,Undirected,85763,,-0.681062
ASV850,ASV634,Undirected,85765,,-0.633543
ASV850,ASV655,Undirected,85767,,-0.689454
ASV850,ASV660,Undirected,85768,,-0.627379
ASV850,ASV68,Undirected,85769,,0.605687
ASV850,ASV681,Undirected,85770,,0.698507
ASV850,ASV71,Undirected,85771,,0.616558
ASV850,ASV716,Undirected,85772,,0.656417
ASV850,ASV771,Undirected,85776,,0.617913
ASV850,ASV80,Undirected,85778,,0.646675
ASV850,ASV810,Undirected,85779,,0.698709
ASV850,ASV85,Undirected,85781,,-0.608827
ASV850,ASV850,Undirected,85782,,1
ASV850,ASV90,Undirected,85783,,1.439426
ASV850,ASV93,Undirected,85784,,1.46767
ASV852,ASV1221,Undirected,85785,,0.624954
ASV852,ASV1254,Undirected,85786,,0.623565
ASV852,ASV143,Undirected,85787,,0.606783
ASV852,ASV176,Undirected,85789,,0.677119
ASV852,ASV2583,Undirected,85790,,-0.700946
ASV852,ASV270,Undirected,85791,,0.644017
ASV852,ASV2762,Undirected,85792,,0.662474
ASV852,ASV311,Undirected,85793,,0.652068
ASV852,ASV338,Undirected,85794,,0.620768
ASV852,ASV345,Undirected,85795,,0.631938
ASV852,ASV349,Undirected,85796,,0.613059
ASV852,ASV3768,Undirected,85797,,0.678838
ASV852,ASV474,Undirected,85798,,0.663694
ASV852,ASV510,Undirected,85799,,0.697848
ASV852,ASV750,Undirected,85801,,0.641173
ASV852,ASV832,Undirected,85802,,0.608565
ASV852,ASV852,Undirected,85803,,1
ASV854,ASV107,Undirected,85805,,0.611647
ASV854,ASV122,Undirected,85808,,0.602469
ASV854,ASV1466,Undirected,85809,,-0.681021
ASV854,ASV171,Undirected,85811,,0.60134
ASV854,ASV196,Undirected,85813,,0.615788
ASV854,ASV206,Undirected,85814,,0.679246
ASV854,ASV247,Undirected,85815,,0.60695
ASV854,ASV252,Undirected,85816,,0.695707
ASV854,ASV295,Undirected,85817,,-0.608147
ASV854,ASV2974,Undirected,85818,,-0.626954
ASV854,ASV302,Undirected,85819,,-0.615895
ASV854,ASV33,Undirected,85820,,0.609524
ASV854,ASV3347,Undirected,85821,,-0.623145
ASV854,ASV344,Undirected,85822,,0.614727
ASV854,ASV37,Undirected,85823,,0.61547
ASV854,ASV3732,Undirected,85824,,-0.637664
ASV854,ASV38,Undirected,85825,,0.641115
ASV854,ASV436,Undirected,85828,,-0.62929
ASV854,ASV44,Undirected,85829,,0.642506
ASV854,ASV451,Undirected,85830,,0.629168
ASV854,ASV463,Undirected,85831,,0.607184
ASV854,ASV485,Undirected,85832,,0.635633
ASV854,ASV5,Undirected,85833,,0.620981
ASV854,ASV5333,Undirected,85836,,-0.689467
ASV854,ASV54,Undirected,85837,,0.648533
ASV854,ASV55,Undirected,85838,,0.601687
ASV854,ASV626,Undirected,85839,,0.606967
ASV854,ASV627,Undirected,85840,,-0.690285
ASV854,ASV74,Undirected,85842,,0.695347
ASV854,ASV77,Undirected,85843,,0.645962
ASV854,ASV80,Undirected,85844,,0.644096
ASV854,ASV854,Undirected,85845,,1
ASV854,ASV871,Undirected,85846,,1.479745
ASV856,ASV1013,Undirected,85848,,-0.602527
ASV856,ASV1017,Undirected,85849,,-0.608507
ASV856,ASV1024,Undirected,85850,,0.661644
ASV856,ASV1026,Undirected,85851,,0.684342
ASV856,ASV1059,Undirected,85853,,-0.611172
ASV856,ASV1069,Undirected,85854,,0.64096
ASV856,ASV107,Undirected,85855,,-0.66563
ASV856,ASV1120,Undirected,85858,,0.680684
ASV856,ASV1136,Undirected,85860,,-0.6238
ASV856,ASV114,Undirected,85861,,-0.674447
ASV856,ASV1165,Undirected,85863,,-0.63354
ASV856,ASV1210,Undirected,85866,,-0.702152
ASV856,ASV123,Undirected,85868,,-0.654835
ASV856,ASV1243,Undirected,85869,,0.670484
ASV856,ASV1273,Undirected,85872,,0.607492
ASV856,ASV1358,Undirected,85875,,0.670682
ASV856,ASV1381,Undirected,85876,,-0.657421
ASV856,ASV140,Undirected,85878,,0.666497
ASV856,ASV1492,Undirected,85881,,0.622858
ASV856,ASV15,Undirected,85882,,-0.607368
ASV856,ASV153,Undirected,85884,,-0.622606
ASV856,ASV1546,Undirected,85885,,0.601877
ASV856,ASV165,Undirected,85891,,-0.661268
ASV856,ASV172,Undirected,85894,,-0.663218
ASV856,ASV1730,Undirected,85895,,0.639293
ASV856,ASV175,Undirected,85896,,-0.703996
ASV856,ASV18,Undirected,85897,,0.620731
ASV856,ASV182,Undirected,85898,,-0.64204
ASV856,ASV1838,Undirected,85899,,0.62773
ASV856,ASV184,Undirected,85900,,-0.64052
ASV856,ASV191,Undirected,85902,,-0.661101
ASV856,ASV194,Undirected,85903,,-0.683283
ASV856,ASV196,Undirected,85904,,-0.634858
ASV856,ASV20,Undirected,85906,,-0.64438
ASV856,ASV2026,Undirected,85908,,-0.683932
ASV856,ASV207,Undirected,85909,,0.601048
ASV856,ASV214,Undirected,85910,,0.660426
ASV856,ASV22,Undirected,85913,,-0.647159
ASV856,ASV220,Undirected,85914,,-0.66129
ASV856,ASV226,Undirected,85917,,-0.635466
ASV856,ASV228,Undirected,85918,,0.694346
ASV856,ASV235,Undirected,85922,,0.631746
ASV856,ASV242,Undirected,85925,,0.687081
ASV856,ASV2552,Undirected,85929,,-0.601984
ASV856,ASV264,Undirected,85933,,0.671518
ASV856,ASV267,Undirected,85934,,-0.69375
ASV856,ASV27,Undirected,85935,,-0.602078
ASV856,ASV2762,Undirected,85939,,0.656401
ASV856,ASV277,Undirected,85940,,0.705515
ASV856,ASV283,Undirected,85941,,0.644792
ASV856,ASV291,Undirected,85943,,0.686591
ASV856,ASV33,Undirected,85950,,-0.69834
ASV856,ASV330,Undirected,85951,,-0.640563
ASV856,ASV3327,Undirected,85952,,-0.653927
ASV856,ASV334,Undirected,85953,,0.631554
ASV856,ASV335,Undirected,85954,,0.606046
ASV856,ASV34,Undirected,85955,,-0.644898
ASV856,ASV349,Undirected,85957,,0.638398
ASV856,ASV360,Undirected,85961,,0.687895
ASV856,ASV369,Undirected,85963,,0.670303
ASV856,ASV374,Undirected,85965,,-0.636884
ASV856,ASV3752,Undirected,85966,,0.676487
ASV856,ASV38,Undirected,85967,,-0.678762
ASV856,ASV388,Undirected,85968,,0.667707
ASV856,ASV4134,Undirected,85972,,0.672619
ASV856,ASV4277,Undirected,85974,,-0.6324
ASV856,ASV428,Undirected,85975,,0.620434
ASV856,ASV451,Undirected,85979,,-0.607478
ASV856,ASV458,Undirected,85981,,0.640363
ASV856,ASV488,Undirected,85987,,0.681989
ASV856,ASV515,Undirected,85992,,-0.658539
ASV856,ASV5245,Undirected,85993,,-0.665978
ASV856,ASV531,Undirected,85996,,0.685196
ASV856,ASV54,Undirected,85997,,-0.610368
ASV856,ASV553,Undirected,85999,,-0.616545
ASV856,ASV564,Undirected,86001,,-0.692508
ASV856,ASV576,Undirected,86005,,0.64338
ASV856,ASV579,Undirected,86006,,0.664068
ASV856,ASV589,Undirected,86007,,0.688313
ASV856,ASV600,Undirected,86010,,0.611172
ASV856,ASV619,Undirected,86012,,0.683555
ASV856,ASV627,Undirected,86013,,0.640549
ASV856,ASV637,Undirected,86014,,-0.660073
ASV856,ASV672,Undirected,86017,,0.67033
ASV856,ASV677,Undirected,86018,,-0.600319
ASV856,ASV68,Undirected,86019,,-0.618825
ASV856,ASV699,Undirected,86021,,0.668578
ASV856,ASV702,Undirected,86022,,-0.664411
ASV856,ASV741,Undirected,86029,,0.67505
ASV856,ASV775,Undirected,86031,,0.672558
ASV856,ASV781,Undirected,86032,,0.685309
ASV856,ASV783,Undirected,86033,,0.60627
ASV856,ASV83,Undirected,86039,,0.674796
ASV856,ASV856,Undirected,86041,,1
ASV856,ASV87,Undirected,86042,,-1.510894
ASV856,ASV876,Undirected,86043,,1.478252
ASV856,ASV881,Undirected,86044,,1.522423
ASV856,ASV9,Undirected,86045,,-1.801052
ASV856,ASV92,Undirected,86046,,1.632788
ASV856,ASV95,Undirected,86047,,1.807063
ASV856,ASV96,Undirected,86048,,-1.771431
ASV856,ASV970,Undirected,86049,,1.584345
ASV857,ASV115,Undirected,86050,,0.602932
ASV857,ASV14,Undirected,86053,,-0.620209
ASV857,ASV147,Undirected,86054,,0.647307
ASV857,ASV170,Undirected,86055,,0.628075
ASV857,ASV1781,Undirected,86056,,-0.610154
ASV857,ASV202,Undirected,86058,,-0.60898
ASV857,ASV217,Undirected,86059,,0.666502
ASV857,ASV220,Undirected,86060,,0.610768
ASV857,ASV2291,Undirected,86061,,-0.632189
ASV857,ASV232,Undirected,86062,,0.676248
ASV857,ASV244,Undirected,86063,,0.67311
ASV857,ASV267,Undirected,86064,,0.650631
ASV857,ASV273,Undirected,86065,,0.659213
ASV857,ASV30,Undirected,86066,,-0.702418
ASV857,ASV358,Undirected,86068,,0.631861
ASV857,ASV39,Undirected,86069,,-0.635434
ASV857,ASV4501,Undirected,86070,,0.663896
ASV857,ASV486,Undirected,86072,,0.691015
ASV857,ASV5488,Undirected,86073,,-0.659015
ASV857,ASV570,Undirected,86074,,-0.653161
ASV857,ASV61,Undirected,86075,,0.62534
ASV857,ASV82,Undirected,86078,,0.608035
ASV857,ASV850,Undirected,86079,,0.641207
ASV857,ASV857,Undirected,86080,,1
ASV86,ASV148,Undirected,86081,,0.702548
ASV86,ASV157,Undirected,86082,,-0.643636
ASV86,ASV1985,Undirected,86083,,-0.609149
ASV86,ASV201,Undirected,86084,,-0.617221
ASV86,ASV270,Undirected,86085,,-0.630402
ASV86,ASV322,Undirected,86087,,-0.622408
ASV86,ASV407,Undirected,86088,,-0.664765
ASV86,ASV502,Undirected,86089,,-0.662689
ASV86,ASV540,Undirected,86090,,-0.615265
ASV86,ASV611,Undirected,86091,,-0.622397
ASV86,ASV64,Undirected,86093,,-0.691195
ASV86,ASV68,Undirected,86094,,0.606029
ASV86,ASV832,Undirected,86095,,-0.613825
ASV86,ASV86,Undirected,86096,,1
ASV860,ASV1042,Undirected,86098,,-0.617497
ASV860,ASV14,Undirected,86099,,0.678057
ASV860,ASV190,Undirected,86100,,-0.628764
ASV860,ASV201,Undirected,86101,,0.656299
ASV860,ASV236,Undirected,86102,,0.628052
ASV860,ASV2771,Undirected,86103,,0.630706
ASV860,ASV28,Undirected,86104,,0.634906
ASV860,ASV336,Undirected,86108,,0.62053
ASV860,ASV393,Undirected,86111,,-0.671642
ASV860,ASV429,Undirected,86113,,0.677905
ASV860,ASV4501,Undirected,86114,,-0.674895
ASV860,ASV539,Undirected,86116,,0.65816
ASV860,ASV75,Undirected,86121,,-0.658151
ASV860,ASV78,Undirected,86122,,0.70052
ASV860,ASV814,Undirected,86123,,-0.601167
ASV860,ASV857,Undirected,86124,,-0.601783
ASV860,ASV860,Undirected,86125,,1
ASV862,ASV1092,Undirected,86126,,-0.603161
ASV862,ASV11,Undirected,86127,,0.633737
ASV862,ASV133,Undirected,86128,,0.662848
ASV862,ASV3189,Undirected,86129,,0.681462
ASV862,ASV368,Undirected,86130,,-0.641886
ASV862,ASV380,Undirected,86131,,0.642263
ASV862,ASV862,Undirected,86135,,1
ASV863,ASV115,Undirected,86136,,0.604944
ASV863,ASV1514,Undirected,86137,,-0.623389
ASV863,ASV221,Undirected,86138,,0.680307
ASV863,ASV358,Undirected,86139,,0.70389
ASV863,ASV4501,Undirected,86141,,0.609174
ASV863,ASV693,Undirected,86142,,0.668748
ASV863,ASV857,Undirected,86143,,0.618606
ASV863,ASV863,Undirected,86144,,1
ASV865,ASV865,Undirected,86147,,1
ASV87,ASV1007,Undirected,86149,,0.702658
ASV87,ASV102,Undirected,86150,,0.680809
ASV87,ASV1026,Undirected,86151,,-0.619366
ASV87,ASV1030,Undirected,86152,,-0.641825
ASV87,ASV1038,Undirected,86153,,-0.624245
ASV87,ASV106,Undirected,86154,,0.656966
ASV87,ASV1069,Undirected,86155,,-0.696431
ASV87,ASV107,Undirected,86156,,0.6939
ASV87,ASV1073,Undirected,86157,,-0.619756
ASV87,ASV114,Undirected,86161,,0.684564
ASV87,ASV1149,Undirected,86162,,-0.619493
ASV87,ASV1165,Undirected,86163,,0.681671
ASV87,ASV1186,Undirected,86165,,0.629368
ASV87,ASV1198,Undirected,86167,,-0.616365
ASV87,ASV12,Undirected,86168,,0.604872
ASV87,ASV121,Undirected,86169,,0.637684
ASV87,ASV1217,Undirected,86170,,-0.604331
ASV87,ASV123,Undirected,86172,,0.621964
ASV87,ASV1243,Undirected,86173,,-0.627275
ASV87,ASV1251,Undirected,86175,,-0.602632
ASV87,ASV1298,Undirected,86177,,-0.614401
ASV87,ASV1358,Undirected,86179,,-0.631987
ASV87,ASV139,Undirected,86180,,-0.63843
ASV87,ASV1428,Undirected,86182,,-0.680238
ASV87,ASV1466,Undirected,86183,,-0.698506
ASV87,ASV149,Undirected,86185,,-0.690083
ASV87,ASV15,Undirected,86188,,0.666323
ASV87,ASV150,Undirected,86189,,0.616417
ASV87,ASV153,Undirected,86190,,0.62158
ASV87,ASV16,Undirected,86193,,0.621189
ASV87,ASV160,Undirected,86194,,-0.648349
ASV87,ASV165,Undirected,86197,,0.694567
ASV87,ASV169,Undirected,86198,,0.648036
ASV87,ASV1740,Undirected,86202,,-0.622352
ASV87,ASV175,Undirected,86203,,0.647393
ASV87,ASV184,Undirected,86205,,0.634249
ASV87,ASV192,Undirected,86207,,-0.66668
ASV87,ASV196,Undirected,86210,,0.653926
ASV87,ASV1985,Undirected,86212,,-0.602715
ASV87,ASV219,Undirected,86215,,-0.695656
ASV87,ASV22,Undirected,86216,,0.658757
ASV87,ASV220,Undirected,86217,,0.620731
ASV87,ASV235,Undirected,86223,,-0.695248
ASV87,ASV2383,Undirected,86225,,-0.674181
ASV87,ASV242,Undirected,86227,,-0.647029
ASV87,ASV244,Undirected,86228,,0.65874
ASV87,ASV248,Undirected,86229,,-0.639423
ASV87,ASV252,Undirected,86231,,0.611887
ASV87,ASV258,Undirected,86232,,0.670802
ASV87,ASV263,Undirected,86235,,0.699742
ASV87,ASV267,Undirected,86236,,0.636938
ASV87,ASV288,Undirected,86241,,-0.696329
ASV87,ASV291,Undirected,86242,,-0.654247
ASV87,ASV295,Undirected,86243,,-0.695608
ASV87,ASV307,Undirected,86244,,0.621121
ASV87,ASV332,Undirected,86249,,-0.64633
ASV87,ASV335,Undirected,86250,,-0.607171
ASV87,ASV34,Undirected,86251,,0.605059
ASV87,ASV349,Undirected,86253,,-0.636275
ASV87,ASV35,Undirected,86254,,-0.663913
ASV87,ASV352,Undirected,86255,,-0.603876
ASV87,ASV360,Undirected,86257,,-0.603966
ASV87,ASV3732,Undirected,86261,,-0.637023
ASV87,ASV374,Undirected,86262,,0.664255
ASV87,ASV384,Undirected,86265,,-0.615796
ASV87,ASV4,Undirected,86267,,0.702786
ASV87,ASV416,Undirected,86270,,-0.654943
ASV87,ASV440,Undirected,86274,,-0.622803
ASV87,ASV445,Undirected,86275,,0.682171
ASV87,ASV447,Undirected,86276,,-0.628507
ASV87,ASV45,Undirected,86277,,0.602897
ASV87,ASV459,Undirected,86279,,-0.697581
ASV87,ASV468,Undirected,86281,,-0.644872
ASV87,ASV48,Undirected,86282,,0.644295
ASV87,ASV507,Undirected,86286,,0.634588
ASV87,ASV51,Undirected,86287,,-0.685337
ASV87,ASV513,Undirected,86288,,-0.661151
ASV87,ASV514,Undirected,86289,,0.682552
ASV87,ASV516,Undirected,86290,,0.635195
ASV87,ASV531,Undirected,86292,,-0.633215
ASV87,ASV54,Undirected,86293,,0.69453
ASV87,ASV551,Undirected,86294,,0.672559
ASV87,ASV5511,Undirected,86295,,-0.636077
ASV87,ASV571,Undirected,86298,,0.689977
ASV87,ASV5744,Undirected,86299,,0.662533
ASV87,ASV576,Undirected,86300,,-0.617873
ASV87,ASV579,Undirected,86301,,-0.606429
ASV87,ASV597,Undirected,86303,,-0.663233
ASV87,ASV6,Undirected,86304,,-0.702786
ASV87,ASV625,Undirected,86306,,0.656619
ASV87,ASV626,Undirected,86307,,0.635614
ASV87,ASV627,Undirected,86308,,-0.684727
ASV87,ASV637,Undirected,86309,,0.656306
ASV87,ASV641,Undirected,86310,,0.661929
ASV87,ASV660,Undirected,86312,,-0.644093
ASV87,ASV681,Undirected,86314,,0.689803
ASV87,ASV702,Undirected,86315,,0.640285
ASV87,ASV707,Undirected,86316,,-0.63727
ASV87,ASV73,Undirected,86318,,0.618015
ASV87,ASV733,Undirected,86320,,0.659066
ASV87,ASV741,Undirected,86322,,-0.635779
ASV87,ASV766,Undirected,86324,,-0.6646
ASV87,ASV77,Undirected,86325,,0.657012
ASV87,ASV781,Undirected,86326,,-0.690861
ASV87,ASV787,Undirected,86327,,-0.661164
ASV87,ASV798,Undirected,86329,,-0.704268
ASV87,ASV850,Undirected,86335,,0.682394
ASV87,ASV854,Undirected,86336,,0.633697
ASV87,ASV87,Undirected,86338,,1
ASV87,ASV9,Undirected,86339,,1.748194
ASV87,ASV92,Undirected,86340,,-1.524794
ASV87,ASV927,Undirected,86341,,1.48367
ASV87,ASV938,Undirected,86342,,1.479484
ASV87,ASV95,Undirected,86343,,-1.617769
ASV87,ASV96,Undirected,86344,,1.676157
ASV870,ASV240,Undirected,86345,,0.702143
ASV870,ASV816,Undirected,86347,,-0.628055
ASV870,ASV870,Undirected,86348,,1
ASV871,ASV108,Undirected,86349,,0.635794
ASV871,ASV114,Undirected,86350,,0.629209
ASV871,ASV1346,Undirected,86351,,0.686533
ASV871,ASV165,Undirected,86352,,0.657273
ASV871,ASV181,Undirected,86353,,-0.667478
ASV871,ASV206,Undirected,86354,,0.602721
ASV871,ASV686,Undirected,86355,,0.704159
ASV871,ASV702,Undirected,86356,,0.651444
ASV871,ASV871,Undirected,86358,,1
ASV871,ASV937,Undirected,86359,,-1.455699
ASV872,ASV1007,Undirected,86360,,0.656576
ASV872,ASV1030,Undirected,86361,,-0.622074
ASV872,ASV1561,Undirected,86363,,0.613134
ASV872,ASV175,Undirected,86364,,0.63085
ASV872,ASV185,Undirected,86365,,0.686132
ASV872,ASV187,Undirected,86366,,0.701306
ASV872,ASV197,Undirected,86367,,0.702345
ASV872,ASV209,Undirected,86368,,0.624549
ASV872,ASV227,Undirected,86369,,0.674651
ASV872,ASV262,Undirected,86371,,0.632349
ASV872,ASV293,Undirected,86372,,0.695473
ASV872,ASV362,Undirected,86373,,0.660075
ASV872,ASV44,Undirected,86375,,0.627215
ASV872,ASV48,Undirected,86376,,0.65733
ASV872,ASV5,Undirected,86377,,0.608209
ASV872,ASV54,Undirected,86379,,0.639346
ASV872,ASV5687,Undirected,86380,,0.666841
ASV872,ASV822,Undirected,86385,,0.666322
ASV872,ASV872,Undirected,86386,,1
ASV876,ASV1026,Undirected,86387,,0.617968
ASV876,ASV103,Undirected,86388,,-0.620916
ASV876,ASV120,Undirected,86392,,0.631181
ASV876,ASV121,Undirected,86393,,-0.672001
ASV876,ASV125,Undirected,86394,,0.698299
ASV876,ASV135,Undirected,86395,,-0.60459
ASV876,ASV1546,Undirected,86399,,0.638375
ASV876,ASV158,Undirected,86400,,0.663434
ASV876,ASV1615,Undirected,86402,,0.601388
ASV876,ASV20,Undirected,86405,,-0.646625
ASV876,ASV202,Undirected,86406,,0.633425
ASV876,ASV207,Undirected,86407,,0.659818
ASV876,ASV2213,Undirected,86409,,0.609091
ASV876,ASV223,Undirected,86410,,0.654656
ASV876,ASV228,Undirected,86411,,0.678844
ASV876,ASV231,Undirected,86412,,0.641897
ASV876,ASV233,Undirected,86413,,0.696258
ASV876,ASV243,Undirected,86417,,0.662811
ASV876,ASV244,Undirected,86418,,-0.676039
ASV876,ASV245,Undirected,86419,,0.639601
ASV876,ASV2583,Undirected,86421,,-0.67393
ASV876,ASV2744,Undirected,86426,,0.658623
ASV876,ASV288,Undirected,86428,,0.647965
ASV876,ASV31,Undirected,86429,,-0.623955
ASV876,ASV328,Undirected,86432,,0.609856
ASV876,ASV35,Undirected,86436,,0.66501
ASV876,ASV369,Undirected,86439,,0.668147
ASV876,ASV388,Undirected,86440,,0.644423
ASV876,ASV404,Undirected,86442,,-0.649802
ASV876,ASV423,Undirected,86444,,0.612934
ASV876,ASV428,Undirected,86445,,0.612682
ASV876,ASV437,Undirected,86448,,0.64659
ASV876,ASV445,Undirected,86449,,-0.677266
ASV876,ASV449,Undirected,86450,,0.661445
ASV876,ASV459,Undirected,86453,,0.67905
ASV876,ASV501,Undirected,86455,,0.663574
ASV876,ASV503,Undirected,86456,,0.618182
ASV876,ASV5245,Undirected,86458,,-0.641178
ASV876,ASV531,Undirected,86460,,0.702182
ASV876,ASV540,Undirected,86461,,0.672705
ASV876,ASV554,Undirected,86463,,0.681029
ASV876,ASV556,Undirected,86464,,0.626834
ASV876,ASV557,Undirected,86465,,-0.605426
ASV876,ASV5744,Undirected,86466,,-0.693567
ASV876,ASV576,Undirected,86467,,0.699462
ASV876,ASV579,Undirected,86468,,0.631389
ASV876,ASV585,Undirected,86469,,0.605645
ASV876,ASV589,Undirected,86470,,0.629542
ASV876,ASV59,Undirected,86471,,-0.656266
ASV876,ASV61,Undirected,86473,,-0.665172
ASV876,ASV637,Undirected,86476,,-0.606061
ASV876,ASV655,Undirected,86477,,0.635735
ASV876,ASV657,Undirected,86478,,0.692855
ASV876,ASV669,Undirected,86479,,0.613255
ASV876,ASV675,Undirected,86480,,0.680467
ASV876,ASV707,Undirected,86482,,0.671112
ASV876,ASV732,Undirected,86485,,-0.608914
ASV876,ASV756,Undirected,86487,,0.629869
ASV876,ASV80,Undirected,86489,,-0.636119
ASV876,ASV810,Undirected,86490,,-0.605006
ASV876,ASV814,Undirected,86491,,0.636615
ASV876,ASV82,Undirected,86492,,-0.633493
ASV876,ASV876,Undirected,86494,,1
ASV876,ASV92,Undirected,86495,,1.451585
ASV876,ASV95,Undirected,86496,,1.67337
ASV876,ASV970,Undirected,86497,,1.52917
ASV876,ASV995,Undirected,86498,,1.662696
ASV88,ASV145,Undirected,86500,,-0.642194
ASV88,ASV1704,Undirected,86501,,-0.662213
ASV88,ASV239,Undirected,86502,,-0.621189
ASV88,ASV241,Undirected,86504,,0.61404
ASV88,ASV352,Undirected,86505,,0.610123
ASV88,ASV416,Undirected,86506,,0.684948
ASV88,ASV423,Undirected,86507,,0.61748
ASV88,ASV458,Undirected,86509,,0.669469
ASV88,ASV501,Undirected,86511,,0.672881
ASV88,ASV556,Undirected,86512,,0.671508
ASV88,ASV579,Undirected,86514,,0.6723
ASV88,ASV721,Undirected,86516,,0.610123
ASV88,ASV818,Undirected,86517,,0.658366
ASV88,ASV88,Undirected,86519,,1
ASV88,ASV913,Undirected,86520,,1.511772
ASV881,ASV103,Undirected,86522,,-0.661982
ASV881,ASV107,Undirected,86523,,-0.695115
ASV881,ASV108,Undirected,86524,,-0.69964
ASV881,ASV110,Undirected,86525,,-0.635855
ASV881,ASV113,Undirected,86527,,-0.671527
ASV881,ASV1193,Undirected,86530,,0.617479
ASV881,ASV121,Undirected,86531,,-0.62917
ASV881,ASV1210,Undirected,86532,,-0.626083
ASV881,ASV125,Undirected,86534,,0.625592
ASV881,ASV1251,Undirected,86535,,0.652963
ASV881,ASV1295,Undirected,86536,,0.679226
ASV881,ASV1298,Undirected,86537,,0.616609
ASV881,ASV135,Undirected,86539,,-0.619274
ASV881,ASV139,Undirected,86541,,0.639302
ASV881,ASV140,Undirected,86542,,0.655414
ASV881,ASV15,Undirected,86544,,-0.636703
ASV881,ASV150,Undirected,86545,,-0.637413
ASV881,ASV159,Undirected,86548,,0.69792
ASV881,ASV164,Undirected,86550,,0.690238
ASV881,ASV165,Undirected,86551,,-0.624813
ASV881,ASV170,Undirected,86552,,-0.647063
ASV881,ASV1763,Undirected,86553,,0.607721
ASV881,ASV178,Undirected,86554,,0.607423
ASV881,ASV179,Undirected,86555,,0.667537
ASV881,ASV1838,Undirected,86556,,0.634549
ASV881,ASV194,Undirected,86557,,-0.605104
ASV881,ASV2026,Undirected,86558,,-0.679552
ASV881,ASV216,Undirected,86560,,-0.697601
ASV881,ASV2185,Undirected,86561,,0.650446
ASV881,ASV220,Undirected,86563,,-0.620439
ASV881,ASV2213,Undirected,86564,,0.626699
ASV881,ASV225,Undirected,86565,,0.686955
ASV881,ASV229,Undirected,86567,,-0.706196
ASV881,ASV231,Undirected,86568,,0.697674
ASV881,ASV233,Undirected,86569,,0.651018
ASV881,ASV237,Undirected,86570,,-0.641294
ASV881,ASV24,Undirected,86571,,-0.678803
ASV881,ASV241,Undirected,86572,,0.684788
ASV881,ASV248,Undirected,86573,,0.610624
ASV881,ASV2552,Undirected,86575,,-0.637219
ASV881,ASV263,Undirected,86578,,-0.648993
ASV881,ASV273,Undirected,86580,,-0.612591
ASV881,ASV276,Undirected,86581,,-0.612821
ASV881,ASV277,Undirected,86582,,0.632952
ASV881,ASV291,Undirected,86585,,0.607815
ASV881,ASV297,Undirected,86586,,0.674334
ASV881,ASV326,Undirected,86591,,0.66545
ASV881,ASV328,Undirected,86592,,0.646878
ASV881,ASV330,Undirected,86593,,-0.704791
ASV881,ASV332,Undirected,86594,,0.609266
ASV881,ASV335,Undirected,86595,,0.669974
ASV881,ASV344,Undirected,86596,,-0.662691
ASV881,ASV360,Undirected,86601,,0.688808
ASV881,ASV363,Undirected,86602,,-0.685395
ASV881,ASV369,Undirected,86603,,0.696676
ASV881,ASV37,Undirected,86604,,-0.609361
ASV881,ASV3732,Undirected,86605,,0.642565
ASV881,ASV374,Undirected,86606,,-0.609582
ASV881,ASV4,Undirected,86607,,-0.659411
ASV881,ASV4134,Undirected,86609,,0.628878
ASV881,ASV425,Undirected,86611,,-0.63973
ASV881,ASV430,Undirected,86612,,0.603026
ASV881,ASV435,Undirected,86613,,0.621468
ASV881,ASV449,Undirected,86615,,0.624414
ASV881,ASV468,Undirected,86619,,0.633229
ASV881,ASV483,Undirected,86620,,-0.67962
ASV881,ASV501,Undirected,86622,,0.64792
ASV881,ASV5010,Undirected,86623,,0.663185
ASV881,ASV528,Undirected,86625,,0.662318
ASV881,ASV5488,Undirected,86628,,0.671706
ASV881,ASV5511,Undirected,86629,,0.694179
ASV881,ASV556,Undirected,86630,,0.628781
ASV881,ASV557,Undirected,86631,,-0.646813
ASV881,ASV570,Undirected,86633,,0.67648
ASV881,ASV576,Undirected,86635,,0.611808
ASV881,ASV611,Undirected,86641,,0.637131
ASV881,ASV619,Undirected,86642,,0.660388
ASV881,ASV655,Undirected,86646,,0.625065
ASV881,ASV660,Undirected,86647,,0.620282
ASV881,ASV669,Undirected,86648,,0.703298
ASV881,ASV672,Undirected,86649,,0.624085
ASV881,ASV675,Undirected,86650,,0.629982
ASV881,ASV681,Undirected,86651,,-0.674833
ASV881,ASV707,Undirected,86652,,0.615144
ASV881,ASV71,Undirected,86653,,-0.613719
ASV881,ASV719,Undirected,86654,,-0.613173
ASV881,ASV733,Undirected,86656,,-0.689817
ASV881,ASV74,Undirected,86657,,-0.607597
ASV881,ASV756,Undirected,86658,,0.662503
ASV881,ASV781,Undirected,86659,,0.668806
ASV881,ASV814,Undirected,86662,,0.621629
ASV881,ASV828,Undirected,86664,,0.611258
ASV881,ASV83,Undirected,86665,,0.705831
ASV881,ASV850,Undirected,86666,,-0.659319
ASV881,ASV87,Undirected,86668,,-0.616834
ASV881,ASV876,Undirected,86669,,0.693651
ASV881,ASV881,Undirected,86670,,1
ASV881,ASV9,Undirected,86671,,-1.451742
ASV881,ASV92,Undirected,86672,,1.775492
ASV881,ASV920,Undirected,86673,,1.478809
ASV881,ASV95,Undirected,86674,,1.643473
ASV881,ASV96,Undirected,86675,,-1.634576
ASV881,ASV995,Undirected,86676,,1.427825
ASV884,ASV119,Undirected,86677,,-0.65086
ASV884,ASV1293,Undirected,86678,,-0.679086
ASV884,ASV18,Undirected,86679,,0.624164
ASV884,ASV201,Undirected,86680,,0.644863
ASV884,ASV234,Undirected,86682,,0.678044
ASV884,ASV2570,Undirected,86683,,-0.624521
ASV884,ASV28,Undirected,86684,,0.698139
ASV884,ASV30,Undirected,86685,,0.683263
ASV884,ASV34,Undirected,86687,,-0.620337
ASV884,ASV39,Undirected,86689,,0.632075
ASV884,ASV4085,Undirected,86691,,0.631805
ASV884,ASV429,Undirected,86692,,0.600522
ASV884,ASV470,Undirected,86693,,-0.626889
ASV884,ASV486,Undirected,86694,,-0.689015
ASV884,ASV63,Undirected,86696,,0.605716
ASV884,ASV64,Undirected,86697,,0.659757
ASV884,ASV640,Undirected,86698,,-0.619792
ASV884,ASV641,Undirected,86699,,-0.612439
ASV884,ASV78,Undirected,86701,,0.678261
ASV884,ASV860,Undirected,86702,,0.661987
ASV884,ASV884,Undirected,86703,,1
ASV886,ASV1073,Undirected,86704,,0.639521
ASV886,ASV117,Undirected,86706,,-0.612826
ASV886,ASV1193,Undirected,86707,,0.654793
ASV886,ASV1272,Undirected,86708,,-0.612844
ASV886,ASV1295,Undirected,86709,,0.668937
ASV886,ASV13,Undirected,86710,,-0.609998
ASV886,ASV1338,Undirected,86711,,0.6505
ASV886,ASV1358,Undirected,86712,,0.637652
ASV886,ASV160,Undirected,86713,,0.607107
ASV886,ASV1647,Undirected,86714,,0.683332
ASV886,ASV170,Undirected,86715,,-0.6196
ASV886,ASV174,Undirected,86716,,-0.628098
ASV886,ASV190,Undirected,86717,,-0.641299
ASV886,ASV191,Undirected,86718,,-0.610791
ASV886,ASV231,Undirected,86719,,0.63444
ASV886,ASV2370,Undirected,86720,,0.624263
ASV886,ASV24,Undirected,86721,,-0.667027
ASV886,ASV244,Undirected,86722,,-0.630217
ASV886,ASV25,Undirected,86723,,-0.612282
ASV886,ASV263,Undirected,86724,,-0.639781
ASV886,ASV328,Undirected,86725,,0.688744
ASV886,ASV370,Undirected,86726,,0.69613
ASV886,ASV374,Undirected,86727,,-0.683176
ASV886,ASV440,Undirected,86729,,0.636224
ASV886,ASV45,Undirected,86730,,-0.628134
ASV886,ASV451,Undirected,86731,,-0.626571
ASV886,ASV483,Undirected,86732,,-0.664423
ASV886,ASV507,Undirected,86734,,-0.65243
ASV886,ASV528,Undirected,86735,,0.620691
ASV886,ASV576,Undirected,86737,,0.678348
ASV886,ASV59,Undirected,86738,,-0.605006
ASV886,ASV6,Undirected,86739,,0.600847
ASV886,ASV637,Undirected,86740,,-0.630289
ASV886,ASV71,Undirected,86741,,-0.610203
ASV886,ASV73,Undirected,86743,,-0.699693
ASV886,ASV77,Undirected,86744,,-0.669106
ASV886,ASV82,Undirected,86745,,-0.607398
ASV886,ASV850,Undirected,86746,,-0.651588
ASV886,ASV886,Undirected,86747,,1
ASV886,ASV922,Undirected,86748,,1.546264
ASV889,ASV1350,Undirected,86749,,0.629306
ASV889,ASV153,Undirected,86750,,0.612078
ASV889,ASV21,Undirected,86751,,0.648691
ASV889,ASV257,Undirected,86752,,0.607424
ASV889,ASV316,Undirected,86753,,-0.661125
ASV889,ASV336,Undirected,86754,,-0.614273
ASV889,ASV4788,Undirected,86755,,-0.602102
ASV889,ASV889,Undirected,86757,,1
ASV891,ASV1166,Undirected,86758,,0.615278
ASV891,ASV414,Undirected,86759,,0.651156
ASV891,ASV689,Undirected,86761,,0.65184
ASV891,ASV86,Undirected,86762,,0.639578
ASV891,ASV891,Undirected,86763,,1
ASV892,ASV1511,Undirected,86765,,0.622241
ASV892,ASV1595,Undirected,86766,,0.621256
ASV892,ASV429,Undirected,86767,,0.622152
ASV892,ASV7,Undirected,86768,,0.666133
ASV892,ASV72,Undirected,86769,,0.65879
ASV892,ASV892,Undirected,86770,,1
ASV893,ASV1535,Undirected,86771,,0.600122
ASV893,ASV821,Undirected,86773,,-0.637324
ASV893,ASV893,Undirected,86774,,1
ASV894,ASV151,Undirected,86775,,0.671011
ASV894,ASV207,Undirected,86776,,-0.633039
ASV894,ASV254,Undirected,86778,,-0.676549
ASV894,ASV280,Undirected,86780,,0.673074
ASV894,ASV3072,Undirected,86781,,0.600158
ASV894,ASV314,Undirected,86782,,0.632676
ASV894,ASV3207,Undirected,86783,,0.636178
ASV894,ASV330,Undirected,86784,,0.692633
ASV894,ASV336,Undirected,86785,,0.653511
ASV894,ASV3485,Undirected,86786,,0.652628
ASV894,ASV390,Undirected,86787,,-0.621933
ASV894,ASV4509,Undirected,86788,,0.657129
ASV894,ASV535,Undirected,86789,,-0.604122
ASV894,ASV554,Undirected,86790,,-0.63132
ASV894,ASV556,Undirected,86791,,-0.644271
ASV894,ASV748,Undirected,86794,,-0.641051
ASV894,ASV779,Undirected,86796,,-0.606665
ASV894,ASV814,Undirected,86798,,-0.636359
ASV894,ASV894,Undirected,86799,,1
ASV897,ASV149,Undirected,86801,,0.619287
ASV897,ASV164,Undirected,86803,,0.642205
ASV897,ASV169,Undirected,86804,,-0.666502
ASV897,ASV2,Undirected,86805,,-0.68889
ASV897,ASV20,Undirected,86806,,-0.653846
ASV897,ASV235,Undirected,86807,,0.670851
ASV897,ASV245,Undirected,86808,,0.638559
ASV897,ASV324,Undirected,86809,,0.646819
ASV897,ASV332,Undirected,86810,,0.615236
ASV897,ASV416,Undirected,86811,,0.611904
ASV897,ASV430,Undirected,86812,,0.60795
ASV897,ASV437,Undirected,86813,,0.651285
ASV897,ASV468,Undirected,86814,,0.69686
ASV897,ASV513,Undirected,86815,,0.676067
ASV897,ASV699,Undirected,86816,,0.660913
ASV897,ASV741,Undirected,86817,,0.609565
ASV897,ASV748,Undirected,86818,,0.639364
ASV897,ASV897,Undirected,86819,,1
ASV9,ASV100,Undirected,86820,,0.639346
ASV9,ASV1013,Undirected,86822,,0.637998
ASV9,ASV1017,Undirected,86823,,0.679586
ASV9,ASV1026,Undirected,86824,,-0.649655
ASV9,ASV1030,Undirected,86826,,-0.686339
ASV9,ASV1120,Undirected,86831,,-0.61203
ASV9,ASV1186,Undirected,86837,,0.640018
ASV9,ASV123,Undirected,86840,,0.699969
ASV9,ASV1251,Undirected,86843,,-0.663631
ASV9,ASV1275,Undirected,86844,,0.654943
ASV9,ASV1286,Undirected,86845,,-0.622056
ASV9,ASV1295,Undirected,86846,,-0.616763
ASV9,ASV135,Undirected,86849,,0.615945
ASV9,ASV1381,Undirected,86851,,0.619693
ASV9,ASV140,Undirected,86853,,-0.612604
ASV9,ASV1428,Undirected,86855,,-0.610443
ASV9,ASV169,Undirected,86865,,0.650107
ASV9,ASV179,Undirected,86872,,-0.650444
ASV9,ASV18,Undirected,86873,,-0.622291
ASV9,ASV180,Undirected,86874,,0.633653
ASV9,ASV1838,Undirected,86875,,-0.663451
ASV9,ASV191,Undirected,86878,,0.686448
ASV9,ASV2026,Undirected,86884,,0.693697
ASV9,ASV214,Undirected,86885,,-0.645266
ASV9,ASV2213,Undirected,86889,,-0.69481
ASV9,ASV226,Undirected,86891,,0.675302
ASV9,ASV227,Undirected,86892,,0.66874
ASV9,ASV228,Undirected,86893,,-0.678037
ASV9,ASV235,Undirected,86897,,-0.659091
ASV9,ASV2361,Undirected,86898,,0.654878
ASV9,ASV242,Undirected,86902,,-0.67597
ASV9,ASV252,Undirected,86906,,0.610853
ASV9,ASV258,Undirected,86907,,0.620156
ASV9,ASV264,Undirected,86911,,-0.634579
ASV9,ASV27,Undirected,86913,,0.616099
ASV9,ASV291,Undirected,86919,,-0.665635
ASV9,ASV295,Undirected,86920,,-0.654264
ASV9,ASV307,Undirected,86921,,0.700832
ASV9,ASV326,Undirected,86925,,-0.695244
ASV9,ASV3327,Undirected,86927,,0.6883
ASV9,ASV335,Undirected,86929,,-0.665294
ASV9,ASV349,Undirected,86932,,-0.655964
ASV9,ASV352,Undirected,86934,,-0.669469
ASV9,ASV360,Undirected,86936,,-0.685049
ASV9,ASV369,Undirected,86938,,-0.689764
ASV9,ASV3732,Undirected,86940,,-0.630818
ASV9,ASV398,Undirected,86944,,-0.644262
ASV9,ASV4134,Undirected,86948,,-0.687574
ASV9,ASV416,Undirected,86949,,-0.698399
ASV9,ASV430,Undirected,86950,,-0.697778
ASV9,ASV435,Undirected,86951,,-0.662409
ASV9,ASV436,Undirected,86952,,-0.693585
ASV9,ASV440,Undirected,86954,,-0.697415
ASV9,ASV447,Undirected,86956,,-0.679125
ASV9,ASV4518,Undirected,86958,,-0.604058
ASV9,ASV452,Undirected,86959,,0.669182
ASV9,ASV456,Undirected,86960,,-0.669436
ASV9,ASV458,Undirected,86961,,-0.617411
ASV9,ASV468,Undirected,86964,,-0.690564
ASV9,ASV5010,Undirected,86969,,-0.651801
ASV9,ASV507,Undirected,86970,,0.685985
ASV9,ASV51,Undirected,86971,,-0.677042
ASV9,ASV516,Undirected,86973,,0.630005
ASV9,ASV5245,Undirected,86974,,0.699381
ASV9,ASV528,Undirected,86975,,-0.663909
ASV9,ASV53,Undirected,86977,,0.610222
ASV9,ASV531,Undirected,86978,,-0.672532
ASV9,ASV551,Undirected,86980,,0.6819
ASV9,ASV553,Undirected,86981,,0.62384
ASV9,ASV576,Undirected,86988,,-0.652141
ASV9,ASV579,Undirected,86989,,-0.637796
ASV9,ASV592,Undirected,86991,,-0.603559
ASV9,ASV626,Undirected,86994,,0.606628
ASV9,ASV627,Undirected,86995,,-0.660793
ASV9,ASV641,Undirected,86997,,0.631265
ASV9,ASV65,Undirected,86998,,-0.668389
ASV9,ASV660,Undirected,87000,,-0.64618
ASV9,ASV677,Undirected,87001,,0.677443
ASV9,ASV68,Undirected,87002,,0.632837
ASV9,ASV699,Undirected,87004,,-0.609247
ASV9,ASV702,Undirected,87005,,0.675741
ASV9,ASV708,Undirected,87006,,-0.681248
ASV9,ASV721,Undirected,87008,,-0.613246
ASV9,ASV73,Undirected,87009,,0.605593
ASV9,ASV741,Undirected,87013,,-0.704568
ASV9,ASV752,Undirected,87014,,-0.622352
ASV9,ASV756,Undirected,87015,,-0.609734
ASV9,ASV77,Undirected,87016,,0.658047
ASV9,ASV775,Undirected,87017,,-0.69048
ASV9,ASV781,Undirected,87018,,-0.688764
ASV9,ASV850,Undirected,87025,,0.637459
ASV9,ASV876,Undirected,87028,,-0.659417
ASV9,ASV9,Undirected,87030,,1
ASV9,ASV90,Undirected,87031,,1.51653
ASV9,ASV92,Undirected,87032,,-1.559918
ASV9,ASV927,Undirected,87033,,1.427565
ASV9,ASV95,Undirected,87034,,-1.73967
ASV9,ASV952,Undirected,87035,,-1.422232
ASV9,ASV955,Undirected,87036,,-1.477648
ASV9,ASV96,Undirected,87037,,1.775484
ASV90,ASV100,Undirected,87038,,0.700787
ASV90,ASV1017,Undirected,87039,,0.695963
ASV90,ASV1030,Undirected,87041,,-0.656996
ASV90,ASV107,Undirected,87044,,0.706005
ASV90,ASV108,Undirected,87045,,0.626619
ASV90,ASV110,Undirected,87046,,0.617054
ASV90,ASV1141,Undirected,87049,,0.601373
ASV90,ASV1217,Undirected,87053,,-0.621292
ASV90,ASV122,Undirected,87054,,0.704271
ASV90,ASV123,Undirected,87055,,0.606989
ASV90,ASV1243,Undirected,87056,,-0.630518
ASV90,ASV125,Undirected,87057,,-0.622866
ASV90,ASV1269,Undirected,87058,,-0.695248
ASV90,ASV1298,Undirected,87059,,-0.60475
ASV90,ASV142,Undirected,87062,,-0.655119
ASV90,ASV158,Undirected,87066,,-0.625323
ASV90,ASV159,Undirected,87067,,-0.636271
ASV90,ASV164,Undirected,87069,,-0.632885
ASV90,ASV171,Undirected,87070,,0.642673
ASV90,ASV172,Undirected,87071,,0.618802
ASV90,ASV1781,Undirected,87074,,-0.654033
ASV90,ASV191,Undirected,87077,,0.672061
ASV90,ASV195,Undirected,87079,,0.625583
ASV90,ASV2008,Undirected,87081,,-0.630461
ASV90,ASV2017,Undirected,87082,,-0.628038
ASV90,ASV2026,Undirected,87083,,0.6671
ASV90,ASV205,Undirected,87084,,-0.617495
ASV90,ASV216,Undirected,87085,,0.688743
ASV90,ASV217,Undirected,87086,,0.632644
ASV90,ASV2185,Undirected,87087,,-0.636662
ASV90,ASV225,Undirected,87089,,-0.675634
ASV90,ASV227,Undirected,87091,,0.637825
ASV90,ASV231,Undirected,87093,,-0.608786
ASV90,ASV233,Undirected,87095,,-0.697981
ASV90,ASV237,Undirected,87096,,0.689837
ASV90,ASV242,Undirected,87099,,-0.646146
ASV90,ASV2511,Undirected,87102,,-0.658168
ASV90,ASV261,Undirected,87103,,-0.671495
ASV90,ASV266,Undirected,87105,,-0.638861
ASV90,ASV276,Undirected,87108,,0.687923
ASV90,ASV277,Undirected,87109,,-0.654049
ASV90,ASV28,Undirected,87110,,-0.656331
ASV90,ASV288,Undirected,87111,,-0.675816
ASV90,ASV29,Undirected,87112,,-0.647363
ASV90,ASV3327,Undirected,87115,,0.621052
ASV90,ASV3347,Undirected,87116,,-0.607482
ASV90,ASV344,Undirected,87118,,0.638056
ASV90,ASV36,Undirected,87119,,0.672182
ASV90,ASV37,Undirected,87122,,0.67907
ASV90,ASV3732,Undirected,87123,,-0.673913
ASV90,ASV40,Undirected,87127,,0.645295
ASV90,ASV403,Undirected,87128,,0.628907
ASV90,ASV413,Undirected,87130,,0.614873
ASV90,ASV4134,Undirected,87131,,-0.601074
ASV90,ASV416,Undirected,87132,,-0.602279
ASV90,ASV437,Undirected,87134,,-0.608551
ASV90,ASV440,Undirected,87135,,-0.681539
ASV90,ASV445,Undirected,87136,,0.626487
ASV90,ASV447,Undirected,87137,,-0.658187
ASV90,ASV451,Undirected,87138,,0.624224
ASV90,ASV455,Undirected,87140,,-0.617921
ASV90,ASV459,Undirected,87141,,-0.673809
ASV90,ASV46,Undirected,87142,,0.602584
ASV90,ASV475,Undirected,87144,,0.650837
ASV90,ASV48,Undirected,87145,,0.665633
ASV90,ASV5010,Undirected,87148,,-0.64728
ASV90,ASV507,Undirected,87149,,0.644694
ASV90,ASV516,Undirected,87151,,0.68728
ASV90,ASV53,Undirected,87152,,0.611886
ASV90,ASV5488,Undirected,87153,,-0.692589
ASV90,ASV551,Undirected,87154,,0.610916
ASV90,ASV5511,Undirected,87155,,-0.644576
ASV90,ASV5638,Undirected,87157,,-0.670634
ASV90,ASV570,Undirected,87161,,-0.692828
ASV90,ASV5848,Undirected,87163,,-0.700156
ASV90,ASV619,Undirected,87167,,-0.639265
ASV90,ASV626,Undirected,87168,,0.66425
ASV90,ASV641,Undirected,87171,,0.701248
ASV90,ASV660,Undirected,87172,,-0.663046
ASV90,ASV672,Undirected,87173,,-0.621892
ASV90,ASV716,Undirected,87176,,0.654149
ASV90,ASV724,Undirected,87177,,0.617263
ASV90,ASV73,Undirected,87178,,0.659587
ASV90,ASV733,Undirected,87179,,0.691436
ASV90,ASV752,Undirected,87181,,-0.604794
ASV90,ASV771,Undirected,87182,,0.696236
ASV90,ASV781,Undirected,87183,,-0.670587
ASV90,ASV80,Undirected,87185,,0.687855
ASV90,ASV828,Undirected,87189,,-0.634528
ASV90,ASV856,Undirected,87191,,-0.660273
ASV90,ASV87,Undirected,87192,,0.697314
ASV90,ASV881,Undirected,87193,,-0.624749
ASV90,ASV90,Undirected,87195,,1
ASV90,ASV918,Undirected,87196,,1.485484
ASV900,ASV209,Undirected,87197,,0.636684
ASV900,ASV254,Undirected,87198,,0.601916
ASV900,ASV684,Undirected,87199,,-0.608674
ASV900,ASV686,Undirected,87200,,0.647602
ASV900,ASV894,Undirected,87201,,-0.632895
ASV900,ASV900,Undirected,87202,,1
ASV904,ASV1780,Undirected,87203,,0.634304
ASV904,ASV336,Undirected,87204,,-0.639864
ASV904,ASV3406,Undirected,87205,,-0.607994
ASV904,ASV779,Undirected,87206,,0.630635
ASV904,ASV904,Undirected,87207,,1
ASV905,ASV1588,Undirected,87209,,0.637165
ASV905,ASV62,Undirected,87210,,-0.602445
ASV905,ASV78,Undirected,87211,,0.649073
ASV905,ASV905,Undirected,87212,,1
ASV909,ASV120,Undirected,87213,,0.612976
ASV909,ASV1251,Undirected,87214,,0.68556
ASV909,ASV1295,Undirected,87215,,0.67851
ASV909,ASV1298,Undirected,87216,,0.684988
ASV909,ASV1492,Undirected,87219,,0.616729
ASV909,ASV150,Undirected,87220,,-0.63892
ASV909,ASV158,Undirected,87221,,0.650653
ASV909,ASV164,Undirected,87222,,0.681404
ASV909,ASV172,Undirected,87223,,-0.652449
ASV909,ASV192,Undirected,87225,,0.667791
ASV909,ASV193,Undirected,87226,,0.663415
ASV909,ASV1986,Undirected,87227,,0.65365
ASV909,ASV207,Undirected,87228,,0.662931
ASV909,ASV2290,Undirected,87230,,0.643526
ASV909,ASV2361,Undirected,87231,,-0.629582
ASV909,ASV25,Undirected,87232,,-0.608739
ASV909,ASV2552,Undirected,87233,,-0.69712
ASV909,ASV271,Undirected,87237,,0.612555
ASV909,ASV288,Undirected,87239,,0.61566
ASV909,ASV291,Undirected,87240,,0.689234
ASV909,ASV2915,Undirected,87241,,-0.672495
ASV909,ASV295,Undirected,87242,,0.611285
ASV909,ASV310,Undirected,87243,,0.686026
ASV909,ASV330,Undirected,87244,,-0.702214
ASV909,ASV349,Undirected,87245,,0.630002
ASV909,ASV36,Undirected,87246,,-0.648855
ASV909,ASV369,Undirected,87247,,0.602521
ASV909,ASV3752,Undirected,87248,,0.656166
ASV909,ASV384,Undirected,87249,,0.625417
ASV909,ASV416,Undirected,87250,,0.632227
ASV909,ASV4277,Undirected,87251,,-0.68211
ASV909,ASV435,Undirected,87252,,0.67438
ASV909,ASV445,Undirected,87253,,-0.623564
ASV909,ASV488,Undirected,87255,,0.604374
ASV909,ASV5245,Undirected,87256,,-0.704882
ASV909,ASV56,Undirected,87258,,-0.63925
ASV909,ASV5744,Undirected,87260,,-0.643318
ASV909,ASV707,Undirected,87262,,0.643318
ASV909,ASV719,Undirected,87263,,-0.615547
ASV909,ASV76,Undirected,87265,,0.679257
ASV909,ASV781,Undirected,87266,,0.693113
ASV909,ASV828,Undirected,87268,,0.616835
ASV909,ASV85,Undirected,87270,,0.669131
ASV909,ASV909,Undirected,87271,,1
ASV909,ASV995,Undirected,87272,,1.464771
ASV91,ASV338,Undirected,87273,,-0.606175
ASV91,ASV5333,Undirected,87275,,0.637999
ASV91,ASV91,Undirected,87276,,1
ASV911,ASV110,Undirected,87277,,0.658699
ASV911,ASV1269,Undirected,87279,,-0.616776
ASV911,ASV1428,Undirected,87280,,-0.637661
ASV911,ASV1499,Undirected,87281,,-0.705262
ASV911,ASV211,Undirected,87282,,0.603166
ASV911,ASV653,Undirected,87283,,-0.636992
ASV911,ASV911,Undirected,87284,,1
ASV913,ASV1032,Undirected,87285,,0.61007
ASV913,ASV1149,Undirected,87286,,0.653361
ASV913,ASV1353,Undirected,87287,,0.641662
ASV913,ASV1430,Undirected,87288,,0.603744
ASV913,ASV235,Undirected,87289,,0.643063
ASV913,ASV240,Undirected,87290,,0.601894
ASV913,ASV2433,Undirected,87291,,0.669848
ASV913,ASV822,Undirected,87293,,0.691395
ASV913,ASV84,Undirected,87294,,0.704607
ASV913,ASV913,Undirected,87296,,1
ASV914,ASV1071,Undirected,87297,,-0.664194
ASV914,ASV1141,Undirected,87298,,0.622966
ASV914,ASV1273,Undirected,87299,,-0.644871
ASV914,ASV20,Undirected,87301,,0.606782
ASV914,ASV373,Undirected,87302,,0.613179
ASV914,ASV4257,Undirected,87303,,-0.684767
ASV914,ASV43,Undirected,87304,,0.605945
ASV914,ASV595,Undirected,87305,,0.603523
ASV914,ASV752,Undirected,87306,,-0.652269
ASV914,ASV803,Undirected,87307,,0.651865
ASV914,ASV914,Undirected,87308,,1
ASV915,ASV1450,Undirected,87309,,-0.657206
ASV915,ASV1804,Undirected,87310,,-0.618083
ASV915,ASV450,Undirected,87311,,0.629505
ASV915,ASV491,Undirected,87312,,0.693682
ASV915,ASV633,Undirected,87313,,-0.616312
ASV915,ASV915,Undirected,87314,,1
ASV917,ASV201,Undirected,87315,,-0.698142
ASV917,ASV2223,Undirected,87316,,-0.634035
ASV917,ASV224,Undirected,87317,,-0.607627
ASV917,ASV280,Undirected,87318,,-0.61148
ASV917,ASV314,Undirected,87319,,-0.653274
ASV917,ASV407,Undirected,87320,,-0.638512
ASV917,ASV460,Undirected,87321,,0.606602
ASV917,ASV535,Undirected,87322,,0.660693
ASV917,ASV606,Undirected,87324,,-0.665108
ASV917,ASV917,Undirected,87325,,1
ASV918,ASV1038,Undirected,87326,,-0.602443
ASV918,ASV13,Undirected,87327,,0.627791
ASV918,ASV150,Undirected,87329,,0.644898
ASV918,ASV1738,Undirected,87330,,-0.606719
ASV918,ASV175,Undirected,87331,,0.630383
ASV918,ASV197,Undirected,87334,,0.644194
ASV918,ASV2008,Undirected,87335,,-0.652354
ASV918,ASV2017,Undirected,87336,,-0.637334
ASV918,ASV205,Undirected,87337,,-0.642265
ASV918,ASV226,Undirected,87338,,0.623505
ASV918,ASV229,Undirected,87339,,0.625326
ASV918,ASV232,Undirected,87340,,0.619345
ASV918,ASV289,Undirected,87342,,-0.614063
ASV918,ASV31,Undirected,87343,,0.617862
ASV918,ASV390,Undirected,87344,,-0.644238
ASV918,ASV404,Undirected,87345,,0.632952
ASV918,ASV455,Undirected,87346,,-0.631858
ASV918,ASV475,Undirected,87347,,0.656542
ASV918,ASV501,Undirected,87348,,-0.631497
ASV918,ASV554,Undirected,87349,,-0.661094
ASV918,ASV59,Undirected,87350,,0.606223
ASV918,ASV672,Undirected,87351,,-0.649953
ASV918,ASV81,Undirected,87352,,0.676352
ASV918,ASV810,Undirected,87353,,0.65747
ASV918,ASV82,Undirected,87354,,0.645935
ASV918,ASV918,Undirected,87356,,1
ASV92,ASV100,Undirected,87357,,-0.629098
ASV92,ASV1038,Undirected,87360,,0.668241
ASV92,ASV107,Undirected,87361,,-0.603002
ASV92,ASV110,Undirected,87363,,-0.6
ASV92,ASV113,Undirected,87365,,-0.696484
ASV92,ASV1162,Undirected,87367,,0.63558
ASV92,ASV1198,Undirected,87370,,0.613324
ASV92,ASV120,Undirected,87371,,0.616828
ASV92,ASV1210,Undirected,87372,,-0.632282
ASV92,ASV1277,Undirected,87376,,0.60255
ASV92,ASV1298,Undirected,87378,,0.642648
ASV92,ASV13,Undirected,87379,,-0.631525
ASV92,ASV135,Undirected,87380,,-0.628499
ASV92,ASV1358,Undirected,87381,,0.685795
ASV92,ASV139,Undirected,87382,,0.700103
ASV92,ASV140,Undirected,87383,,0.657704
ASV92,ASV142,Undirected,87384,,0.665977
ASV92,ASV1428,Undirected,87385,,0.600125
ASV92,ASV1468,Undirected,87386,,0.643062
ASV92,ASV15,Undirected,87388,,-0.670114
ASV92,ASV154,Undirected,87389,,0.690279
ASV92,ASV1615,Undirected,87392,,0.663594
ASV92,ASV165,Undirected,87394,,-0.700513
ASV92,ASV170,Undirected,87395,,-0.672191
ASV92,ASV1740,Undirected,87397,,0.7036
ASV92,ASV1781,Undirected,87399,,0.690917
ASV92,ASV179,Undirected,87400,,0.675482
ASV92,ASV1838,Undirected,87401,,0.666877
ASV92,ASV187,Undirected,87402,,-0.616856
ASV92,ASV192,Undirected,87403,,0.634104
ASV92,ASV194,Undirected,87404,,-0.60352
ASV92,ASV1985,Undirected,87405,,0.674257
ASV92,ASV2017,Undirected,87406,,0.636398
ASV92,ASV2026,Undirected,87407,,-0.637159
ASV92,ASV22,Undirected,87410,,-0.653087
ASV92,ASV223,Undirected,87412,,0.638903
ASV92,ASV231,Undirected,87416,,0.656848
ASV92,ASV235,Undirected,87418,,0.642192
ASV92,ASV24,Undirected,87420,,-0.652534
ASV92,ASV248,Undirected,87421,,0.650441
ASV92,ASV258,Undirected,87423,,-0.61252
ASV92,ASV264,Undirected,87426,,0.648188
ASV92,ASV2744,Undirected,87428,,0.635117
ASV92,ASV291,Undirected,87433,,0.601556
ASV92,ASV295,Undirected,87434,,0.662701
ASV92,ASV297,Undirected,87435,,0.615715
ASV92,ASV32,Undirected,87439,,-0.602273
ASV92,ASV326,Undirected,87440,,0.685513
ASV92,ASV328,Undirected,87441,,0.703628
ASV92,ASV33,Undirected,87442,,-0.639752
ASV92,ASV330,Undirected,87443,,-0.643226
ASV92,ASV332,Undirected,87444,,0.639234
ASV92,ASV335,Undirected,87445,,0.69715
ASV92,ASV363,Undirected,87451,,-0.699431
ASV92,ASV37,Undirected,87453,,-0.695607
ASV92,ASV386,Undirected,87456,,0.610715
ASV92,ASV4,Undirected,87458,,-0.659091
ASV92,ASV430,Undirected,87462,,0.61962
ASV92,ASV436,Undirected,87464,,0.607255
ASV92,ASV45,Undirected,87466,,-0.60352
ASV92,ASV451,Undirected,87467,,-0.662526
ASV92,ASV452,Undirected,87468,,-0.674067
ASV92,ASV463,Undirected,87471,,-0.623512
ASV92,ASV468,Undirected,87472,,0.64346
ASV92,ASV483,Undirected,87473,,-0.680312
ASV92,ASV488,Undirected,87474,,0.668938
ASV92,ASV501,Undirected,87476,,0.637307
ASV92,ASV5010,Undirected,87477,,0.675852
ASV92,ASV51,Undirected,87478,,0.633632
ASV92,ASV528,Undirected,87480,,0.655769
ASV92,ASV532,Undirected,87483,,0.615517
ASV92,ASV551,Undirected,87484,,-0.702865
ASV92,ASV5511,Undirected,87485,,0.681693
ASV92,ASV557,Undirected,87486,,-0.646578
ASV92,ASV57,Undirected,87488,,-0.620993
ASV92,ASV5744,Undirected,87489,,-0.635282
ASV92,ASV59,Undirected,87491,,-0.699381
ASV92,ASV611,Undirected,87495,,0.638523
ASV92,ASV619,Undirected,87496,,0.651759
ASV92,ASV623,Undirected,87497,,0.669958
ASV92,ASV625,Undirected,87498,,-0.631696
ASV92,ASV627,Undirected,87499,,0.636475
ASV92,ASV637,Undirected,87500,,-0.656465
ASV92,ASV657,Undirected,87503,,0.667566
ASV92,ASV660,Undirected,87504,,0.668793
ASV92,ASV669,Undirected,87505,,0.651759
ASV92,ASV675,Undirected,87506,,0.687719
ASV92,ASV681,Undirected,87508,,-0.659411
ASV92,ASV708,Undirected,87510,,0.621566
ASV92,ASV733,Undirected,87512,,-0.640526
ASV92,ASV74,Undirected,87513,,-0.6303
ASV92,ASV756,Undirected,87514,,0.644043
ASV92,ASV781,Undirected,87515,,0.691575
ASV92,ASV783,Undirected,87516,,0.623648
ASV92,ASV79,Undirected,87517,,-0.669426
ASV92,ASV82,Undirected,87520,,-0.684238
ASV92,ASV83,Undirected,87522,,0.655636
ASV92,ASV85,Undirected,87523,,0.678387
ASV92,ASV850,Undirected,87524,,-0.63341
ASV92,ASV909,Undirected,87530,,0.606167
ASV92,ASV92,Undirected,87531,,1
ASV92,ASV920,Undirected,87532,,1.514871
ASV92,ASV927,Undirected,87533,,-1.543447
ASV92,ASV938,Undirected,87534,,-1.707656
ASV92,ASV95,Undirected,87535,,1.844881
ASV92,ASV96,Undirected,87536,,-1.682032
ASV92,ASV983,Undirected,87537,,1.602298
ASV92,ASV995,Undirected,87538,,1.593163
ASV920,ASV110,Undirected,87539,,-0.6483
ASV920,ASV1136,Undirected,87540,,-0.665514
ASV920,ASV117,Undirected,87541,,-0.627224
ASV920,ASV1193,Undirected,87542,,0.654088
ASV920,ASV121,Undirected,87543,,-0.662501
ASV920,ASV1232,Undirected,87544,,-0.604649
ASV920,ASV1243,Undirected,87545,,0.686001
ASV920,ASV1295,Undirected,87546,,0.648323
ASV920,ASV135,Undirected,87547,,-0.60564
ASV920,ASV1358,Undirected,87548,,0.697272
ASV920,ASV1446,Undirected,87549,,0.633007
ASV920,ASV1492,Undirected,87550,,0.618882
ASV920,ASV15,Undirected,87552,,-0.672582
ASV920,ASV154,Undirected,87553,,0.659567
ASV920,ASV1546,Undirected,87554,,0.635462
ASV920,ASV158,Undirected,87555,,0.669112
ASV920,ASV170,Undirected,87556,,-0.683534
ASV920,ASV1763,Undirected,87557,,0.650473
ASV920,ASV182,Undirected,87559,,-0.704443
ASV920,ASV22,Undirected,87560,,-0.672974
ASV920,ASV224,Undirected,87561,,0.645512
ASV920,ASV225,Undirected,87562,,0.653138
ASV920,ASV2599,Undirected,87563,,0.606064
ASV920,ASV270,Undirected,87564,,0.633039
ASV920,ASV271,Undirected,87565,,0.659192
ASV920,ASV2744,Undirected,87566,,0.612989
ASV920,ASV283,Undirected,87567,,0.603243
ASV920,ASV288,Undirected,87568,,0.661114
ASV920,ASV307,Undirected,87569,,-0.661457
ASV920,ASV310,Undirected,87570,,0.646851
ASV920,ASV328,Undirected,87571,,0.632245
ASV920,ASV36,Undirected,87574,,-0.659567
ASV920,ASV419,Undirected,87575,,-0.64635
ASV920,ASV45,Undirected,87576,,-0.626378
ASV920,ASV452,Undirected,87577,,-0.622178
ASV920,ASV469,Undirected,87579,,0.602834
ASV920,ASV483,Undirected,87580,,-0.657343
ASV920,ASV51,Undirected,87581,,0.657788
ASV920,ASV514,Undirected,87582,,-0.623701
ASV920,ASV528,Undirected,87583,,0.631471
ASV920,ASV529,Undirected,87584,,0.658557
ASV920,ASV5511,Undirected,87585,,0.612637
ASV920,ASV576,Undirected,87586,,0.663004
ASV920,ASV579,Undirected,87587,,0.638576
ASV920,ASV611,Undirected,87588,,0.670695
ASV920,ASV623,Undirected,87589,,0.607631
ASV920,ASV625,Undirected,87590,,-0.633355
ASV920,ASV637,Undirected,87591,,-0.646816
ASV920,ASV655,Undirected,87592,,0.607219
ASV920,ASV669,Undirected,87593,,0.633124
ASV920,ASV675,Undirected,87594,,0.6021
ASV920,ASV756,Undirected,87595,,0.668239
ASV920,ASV920,Undirected,87598,,1
ASV920,ASV960,Undirected,87599,,1.512068
ASV921,ASV1120,Undirected,87600,,-0.625395
ASV921,ASV113,Undirected,87601,,0.688679
ASV921,ASV1165,Undirected,87602,,0.700983
ASV921,ASV120,Undirected,87603,,-0.631524
ASV921,ASV142,Undirected,87604,,-0.624749
ASV921,ASV159,Undirected,87605,,-0.608336
ASV921,ASV164,Undirected,87606,,-0.637223
ASV921,ASV169,Undirected,87607,,0.685941
ASV921,ASV197,Undirected,87609,,0.629426
ASV921,ASV20,Undirected,87611,,0.703908
ASV921,ASV2017,Undirected,87612,,-0.618181
ASV921,ASV219,Undirected,87613,,-0.620836
ASV921,ASV2213,Undirected,87614,,-0.620353
ASV921,ASV236,Undirected,87616,,0.66858
ASV921,ASV261,Undirected,87619,,-0.699436
ASV921,ASV27,Undirected,87620,,0.685372
ASV921,ASV2744,Undirected,87621,,-0.614722
ASV921,ASV32,Undirected,87622,,0.603335
ASV921,ASV330,Undirected,87623,,0.655414
ASV921,ASV334,Undirected,87624,,-0.650033
ASV921,ASV352,Undirected,87625,,-0.639604
ASV921,ASV449,Undirected,87628,,-0.612416
ASV921,ASV459,Undirected,87629,,-0.606602
ASV921,ASV468,Undirected,87630,,-0.636364
ASV921,ASV531,Undirected,87631,,-0.609582
ASV921,ASV551,Undirected,87632,,0.629243
ASV921,ASV619,Undirected,87633,,-0.652539
ASV921,ASV655,Undirected,87634,,-0.613577
ASV921,ASV657,Undirected,87635,,-0.617004
ASV921,ASV721,Undirected,87636,,-0.694083
ASV921,ASV751,Undirected,87637,,0.62205
ASV921,ASV787,Undirected,87638,,-0.634143
ASV921,ASV876,Undirected,87639,,-0.676217
ASV921,ASV921,Undirected,87640,,1
ASV922,ASV100,Undirected,87641,,-0.607516
ASV922,ASV1059,Undirected,87642,,-0.681653
ASV922,ASV108,Undirected,87643,,-0.678984
ASV922,ASV110,Undirected,87644,,-0.700425
ASV922,ASV111,Undirected,87645,,-0.680007
ASV922,ASV113,Undirected,87646,,-0.623383
ASV922,ASV114,Undirected,87647,,-0.67031
ASV922,ASV117,Undirected,87649,,-0.671699
ASV922,ASV1221,Undirected,87650,,0.702197
ASV922,ASV1273,Undirected,87652,,0.662129
ASV922,ASV13,Undirected,87654,,-0.706136
ASV922,ASV1358,Undirected,87655,,0.634035
ASV922,ASV140,Undirected,87656,,0.675852
ASV922,ASV1468,Undirected,87657,,0.681586
ASV922,ASV149,Undirected,87658,,0.699748
ASV922,ASV16,Undirected,87659,,-0.605515
ASV922,ASV170,Undirected,87661,,-0.61915
ASV922,ASV171,Undirected,87662,,-0.610825
ASV922,ASV18,Undirected,87663,,0.648687
ASV922,ASV184,Undirected,87664,,-0.612386
ASV922,ASV2017,Undirected,87666,,0.653554
ASV922,ASV22,Undirected,87668,,-0.698154
ASV922,ASV220,Undirected,87669,,-0.630016
ASV922,ASV225,Undirected,87670,,0.666846
ASV922,ASV229,Undirected,87671,,-0.602916
ASV922,ASV233,Undirected,87672,,0.627738
ASV922,ASV242,Undirected,87675,,0.616949
ASV922,ASV25,Undirected,87676,,-0.628967
ASV922,ASV2511,Undirected,87677,,0.686988
ASV922,ASV260,Undirected,87678,,0.687472
ASV922,ASV263,Undirected,87679,,-0.666846
ASV922,ASV288,Undirected,87681,,0.69095
ASV922,ASV32,Undirected,87683,,-0.674635
ASV922,ASV327,Undirected,87684,,-0.652994
ASV922,ASV328,Undirected,87685,,0.638732
ASV922,ASV360,Undirected,87686,,0.705699
ASV922,ASV363,Undirected,87687,,-0.662168
ASV922,ASV370,Undirected,87688,,0.656919
ASV922,ASV374,Undirected,87689,,-0.651408
ASV922,ASV388,Undirected,87691,,0.619793
ASV922,ASV398,Undirected,87692,,0.684872
ASV922,ASV445,Undirected,87695,,-0.635141
ASV922,ASV447,Undirected,87696,,0.660741
ASV922,ASV45,Undirected,87697,,-0.618829
ASV922,ASV451,Undirected,87698,,-0.659911
ASV922,ASV483,Undirected,87699,,-0.651205
ASV922,ASV486,Undirected,87700,,-0.674534
ASV922,ASV488,Undirected,87701,,0.668935
ASV922,ASV5,Undirected,87702,,-0.621702
ASV922,ASV514,Undirected,87703,,-0.623439
ASV922,ASV528,Undirected,87704,,0.705269
ASV922,ASV56,Undirected,87705,,-0.604162
ASV922,ASV585,Undirected,87708,,0.612328
ASV922,ASV6,Undirected,87710,,0.679824
ASV922,ASV61,Undirected,87711,,-0.624746
ASV922,ASV618,Undirected,87712,,0.664752
ASV922,ASV62,Undirected,87713,,-0.601682
ASV922,ASV623,Undirected,87714,,0.657977
ASV922,ASV655,Undirected,87715,,0.68476
ASV922,ASV68,Undirected,87716,,-0.672397
ASV922,ASV702,Undirected,87718,,-0.632414
ASV922,ASV707,Undirected,87719,,0.64666
ASV922,ASV708,Undirected,87720,,0.615587
ASV922,ASV73,Undirected,87723,,-0.6835
ASV922,ASV733,Undirected,87724,,-0.68476
ASV922,ASV74,Undirected,87725,,-0.64728
ASV922,ASV76,Undirected,87726,,0.614987
ASV922,ASV798,Undirected,87727,,0.623828
ASV922,ASV810,Undirected,87728,,-0.691346
ASV922,ASV83,Undirected,87730,,0.68728
ASV922,ASV85,Undirected,87731,,0.64676
ASV922,ASV850,Undirected,87732,,-0.64899
ASV922,ASV856,Undirected,87733,,0.622721
ASV922,ASV87,Undirected,87734,,-0.670483
ASV922,ASV9,Undirected,87736,,-0.613399
ASV922,ASV90,Undirected,87737,,-0.630137
ASV922,ASV922,Undirected,87738,,1
ASV924,ASV201,Undirected,87740,,0.652907
ASV924,ASV27,Undirected,87741,,0.659762
ASV924,ASV270,Undirected,87742,,0.606257
ASV924,ASV3,Undirected,87743,,0.610463
ASV924,ASV407,Undirected,87744,,0.639581
ASV924,ASV4454,Undirected,87745,,0.609848
ASV924,ASV803,Undirected,87747,,0.667565
ASV924,ASV924,Undirected,87748,,1
ASV924,ASV960,Undirected,87749,,1.471998
ASV925,ASV211,Undirected,87752,,-0.613166
ASV925,ASV298,Undirected,87754,,-0.631972
ASV925,ASV33,Undirected,87755,,0.647156
ASV925,ASV510,Undirected,87757,,-0.637277
ASV925,ASV541,Undirected,87758,,-0.606951
ASV925,ASV797,Undirected,87759,,-0.616094
ASV925,ASV925,Undirected,87760,,1
ASV927,ASV100,Undirected,87761,,0.65883
ASV927,ASV1026,Undirected,87762,,-0.650903
ASV927,ASV103,Undirected,87763,,0.627414
ASV927,ASV111,Undirected,87765,,0.631316
ASV927,ASV1120,Undirected,87766,,-0.619359
ASV927,ASV113,Undirected,87767,,0.621955
ASV927,ASV117,Undirected,87768,,0.641672
ASV927,ASV1186,Undirected,87769,,0.670086
ASV927,ASV1198,Undirected,87770,,-0.621599
ASV927,ASV122,Undirected,87771,,0.691061
ASV927,ASV1251,Undirected,87773,,-0.650128
ASV927,ASV1292,Undirected,87774,,-0.63595
ASV927,ASV1295,Undirected,87775,,-0.701571
ASV927,ASV135,Undirected,87776,,0.689947
ASV927,ASV140,Undirected,87778,,-0.644836
ASV927,ASV1437,Undirected,87779,,-0.631816
ASV927,ASV1468,Undirected,87780,,-0.663198
ASV927,ASV15,Undirected,87782,,0.644836
ASV927,ASV1546,Undirected,87783,,-0.623302
ASV927,ASV1738,Undirected,87789,,-0.632127
ASV927,ASV1740,Undirected,87790,,-0.689331
ASV927,ASV192,Undirected,87791,,-0.601673
ASV927,ASV22,Undirected,87794,,0.693561
ASV927,ASV2213,Undirected,87795,,-0.636551
ASV927,ASV228,Undirected,87798,,-0.654015
ASV927,ASV229,Undirected,87799,,0.664421
ASV927,ASV235,Undirected,87800,,-0.699439
ASV927,ASV25,Undirected,87802,,0.695081
ASV927,ASV258,Undirected,87803,,0.616554
ASV927,ASV270,Undirected,87808,,-0.626633
ASV927,ASV283,Undirected,87812,,-0.63551
ASV927,ASV288,Undirected,87813,,-0.691673
ASV927,ASV31,Undirected,87815,,0.659039
ASV927,ASV3327,Undirected,87819,,0.696119
ASV927,ASV349,Undirected,87821,,-0.643195
ASV927,ASV363,Undirected,87825,,0.637886
ASV927,ASV37,Undirected,87827,,0.67205
ASV927,ASV384,Undirected,87829,,-0.700471
ASV927,ASV398,Undirected,87830,,-0.675177
ASV927,ASV4,Undirected,87831,,0.633781
ASV927,ASV416,Undirected,87833,,-0.706256
ASV927,ASV428,Undirected,87834,,-0.611511
ASV927,ASV430,Undirected,87835,,-0.634135
ASV927,ASV435,Undirected,87836,,-0.685691
ASV927,ASV437,Undirected,87837,,-0.601047
ASV927,ASV451,Undirected,87838,,0.625202
ASV927,ASV458,Undirected,87839,,-0.672957
ASV927,ASV459,Undirected,87840,,-0.632077
ASV927,ASV463,Undirected,87841,,0.692194
ASV927,ASV468,Undirected,87842,,-0.632514
ASV927,ASV5,Undirected,87843,,0.61404
ASV927,ASV501,Undirected,87844,,-0.632104
ASV927,ASV5010,Undirected,87845,,-0.611286
ASV927,ASV513,Undirected,87846,,-0.654693
ASV927,ASV526,Undirected,87847,,0.600418
ASV927,ASV528,Undirected,87848,,-0.664231
ASV927,ASV529,Undirected,87849,,-0.704936
ASV927,ASV531,Undirected,87850,,-0.697402
ASV927,ASV540,Undirected,87851,,-0.67136
ASV927,ASV557,Undirected,87852,,0.606377
ASV927,ASV5744,Undirected,87854,,0.620196
ASV927,ASV579,Undirected,87855,,-0.652645
ASV927,ASV6,Undirected,87856,,-0.662872
ASV927,ASV65,Undirected,87858,,-0.645876
ASV927,ASV653,Undirected,87859,,-0.634888
ASV927,ASV655,Undirected,87860,,-0.653083
ASV927,ASV68,Undirected,87861,,0.628783
ASV927,ASV699,Undirected,87862,,-0.602926
ASV927,ASV74,Undirected,87866,,0.696839
ASV927,ASV742,Undirected,87867,,-0.67889
ASV927,ASV781,Undirected,87868,,-0.613217
ASV927,ASV787,Undirected,87869,,-0.660889
ASV927,ASV85,Undirected,87873,,-0.695799
ASV927,ASV856,Undirected,87874,,-0.69849
ASV927,ASV876,Undirected,87876,,-0.643271
ASV927,ASV881,Undirected,87877,,-0.611605
ASV927,ASV909,Undirected,87879,,-0.65365
ASV927,ASV927,Undirected,87881,,1
ASV927,ASV937,Undirected,87882,,-1.461987
ASV927,ASV938,Undirected,87883,,1.436988
ASV927,ASV95,Undirected,87884,,-1.552808
ASV927,ASV96,Undirected,87885,,1.531263
ASV927,ASV995,Undirected,87886,,-1.494506
ASV93,ASV1017,Undirected,87888,,0.612886
ASV93,ASV1073,Undirected,87890,,-0.672096
ASV93,ASV108,Undirected,87891,,0.68721
ASV93,ASV114,Undirected,87893,,0.695607
ASV93,ASV116,Undirected,87894,,-0.605794
ASV93,ASV1165,Undirected,87895,,0.686119
ASV93,ASV117,Undirected,87896,,0.604869
ASV93,ASV1198,Undirected,87897,,-0.635923
ASV93,ASV1217,Undirected,87898,,-0.706133
ASV93,ASV122,Undirected,87899,,0.609676
ASV93,ASV153,Undirected,87900,,0.684755
ASV93,ASV181,Undirected,87902,,-0.60694
ASV93,ASV206,Undirected,87903,,0.705246
ASV93,ASV24,Undirected,87905,,0.627198
ASV93,ASV25,Undirected,87906,,0.607438
ASV93,ASV252,Undirected,87907,,0.705639
ASV93,ASV288,Undirected,87908,,-0.667013
ASV93,ASV325,Undirected,87909,,0.682385
ASV93,ASV327,Undirected,87910,,0.679938
ASV93,ASV344,Undirected,87911,,0.640641
ASV93,ASV36,Undirected,87912,,0.606515
ASV93,ASV363,Undirected,87913,,0.655458
ASV93,ASV37,Undirected,87914,,0.610853
ASV93,ASV3752,Undirected,87915,,-0.641114
ASV93,ASV4,Undirected,87916,,0.631199
ASV93,ASV436,Undirected,87918,,-0.629535
ASV93,ASV5010,Undirected,87920,,-0.67689
ASV93,ASV526,Undirected,87921,,0.672918
ASV93,ASV529,Undirected,87922,,-0.62364
ASV93,ASV532,Undirected,87923,,-0.63789
ASV93,ASV5511,Undirected,87924,,-0.607982
ASV93,ASV564,Undirected,87926,,0.70436
ASV93,ASV600,Undirected,87927,,-0.649336
ASV93,ASV61,Undirected,87928,,0.618727
ASV93,ASV732,Undirected,87929,,0.628715
ASV93,ASV74,Undirected,87930,,0.637539
ASV93,ASV779,Undirected,87931,,0.65607
ASV93,ASV80,Undirected,87933,,0.655297
ASV93,ASV810,Undirected,87934,,0.638302
ASV93,ASV85,Undirected,87935,,-0.617373
ASV93,ASV87,Undirected,87937,,0.704546
ASV93,ASV93,Undirected,87938,,1
ASV930,ASV1551,Undirected,87939,,0.610813
ASV930,ASV4277,Undirected,87941,,-0.63545
ASV930,ASV579,Undirected,87942,,0.623411
ASV930,ASV781,Undirected,87943,,0.601702
ASV930,ASV915,Undirected,87944,,-0.658597
ASV930,ASV930,Undirected,87945,,1
ASV936,ASV1093,Undirected,87946,,0.633842
ASV936,ASV131,Undirected,87947,,0.646635
ASV936,ASV1513,Undirected,87948,,0.70203
ASV936,ASV2583,Undirected,87949,,-0.606069
ASV936,ASV349,Undirected,87951,,0.606384
ASV936,ASV366,Undirected,87952,,0.63503
ASV936,ASV5782,Undirected,87953,,-0.604188
ASV936,ASV622,Undirected,87954,,0.614293
ASV936,ASV823,Undirected,87955,,0.689009
ASV936,ASV852,Undirected,87956,,0.689402
ASV936,ASV936,Undirected,87957,,1
ASV937,ASV108,Undirected,87958,,-0.675211
ASV937,ASV1346,Undirected,87959,,-0.611754
ASV937,ASV165,Undirected,87960,,-0.635743
ASV937,ASV1781,Undirected,87961,,0.616033
ASV937,ASV181,Undirected,87962,,0.616202
ASV937,ASV264,Undirected,87963,,0.652573
ASV937,ASV344,Undirected,87964,,-0.680941
ASV937,ASV3752,Undirected,87965,,0.7024
ASV937,ASV532,Undirected,87968,,0.61018
ASV937,ASV571,Undirected,87969,,-0.65071
ASV937,ASV937,Undirected,87972,,1
ASV938,ASV100,Undirected,87973,,0.647438
ASV938,ASV1026,Undirected,87974,,-0.604013
ASV938,ASV1038,Undirected,87975,,-0.646071
ASV938,ASV110,Undirected,87977,,0.610159
ASV938,ASV1162,Undirected,87980,,-0.659295
ASV938,ASV117,Undirected,87981,,0.612992
ASV938,ASV1186,Undirected,87982,,0.654604
ASV938,ASV1251,Undirected,87986,,-0.600232
ASV938,ASV1254,Undirected,87987,,-0.675854
ASV938,ASV1292,Undirected,87988,,-0.623284
ASV938,ASV139,Undirected,87989,,-0.67314
ASV938,ASV142,Undirected,87991,,-0.617785
ASV938,ASV1468,Undirected,87992,,-0.6564
ASV938,ASV15,Undirected,87993,,0.688285
ASV938,ASV159,Undirected,87994,,-0.641045
ASV938,ASV16,Undirected,87995,,0.668264
ASV938,ASV164,Undirected,87996,,-0.605774
ASV938,ASV165,Undirected,87997,,0.70169
ASV938,ASV1738,Undirected,87998,,-0.622029
ASV938,ASV1985,Undirected,88001,,-0.676704
ASV938,ASV2185,Undirected,88002,,-0.606733
ASV938,ASV219,Undirected,88003,,-0.685526
ASV938,ASV22,Undirected,88004,,0.639287
ASV938,ASV2220,Undirected,88006,,0.647041
ASV938,ASV223,Undirected,88007,,-0.624375
ASV938,ASV224,Undirected,88008,,-0.609952
ASV938,ASV228,Undirected,88010,,-0.665129
ASV938,ASV237,Undirected,88013,,0.605043
ASV938,ASV25,Undirected,88014,,0.638536
ASV938,ASV258,Undirected,88015,,0.61915
ASV938,ASV277,Undirected,88020,,-0.694097
ASV938,ASV288,Undirected,88022,,-0.688309
ASV938,ASV295,Undirected,88023,,-0.691253
ASV938,ASV2974,Undirected,88024,,-0.630996
ASV938,ASV31,Undirected,88025,,0.670178
ASV938,ASV310,Undirected,88026,,-0.687096
ASV938,ASV35,Undirected,88031,,-0.670183
ASV938,ASV3752,Undirected,88035,,-0.672042
ASV938,ASV38,Undirected,88036,,0.610365
ASV938,ASV398,Undirected,88038,,-0.681156
ASV938,ASV435,Undirected,88040,,-0.679411
ASV938,ASV436,Undirected,88041,,-0.671397
ASV938,ASV445,Undirected,88042,,0.620717
ASV938,ASV45,Undirected,88043,,0.686906
ASV938,ASV451,Undirected,88044,,0.631494
ASV938,ASV459,Undirected,88045,,-0.610001
ASV938,ASV463,Undirected,88046,,0.619269
ASV938,ASV488,Undirected,88047,,-0.630392
ASV938,ASV5,Undirected,88048,,0.610365
ASV938,ASV510,Undirected,88050,,-0.677913
ASV938,ASV514,Undirected,88051,,0.620959
ASV938,ASV529,Undirected,88052,,-0.677126
ASV938,ASV531,Undirected,88053,,-0.628683
ASV938,ASV540,Undirected,88054,,-0.695631
ASV938,ASV551,Undirected,88055,,0.682066
ASV938,ASV579,Undirected,88056,,-0.614695
ASV938,ASV6,Undirected,88057,,-0.640623
ASV938,ASV618,Undirected,88058,,-0.619198
ASV938,ASV623,Undirected,88059,,-0.608503
ASV938,ASV625,Undirected,88060,,0.668074
ASV938,ASV627,Undirected,88061,,-0.608629
ASV938,ASV657,Undirected,88062,,-0.647865
ASV938,ASV732,Undirected,88066,,0.642338
ASV938,ASV733,Undirected,88067,,0.635895
ASV938,ASV766,Undirected,88068,,-0.62475
ASV938,ASV787,Undirected,88069,,-0.633433
ASV938,ASV810,Undirected,88071,,0.623178
ASV938,ASV828,Undirected,88072,,-0.684312
ASV938,ASV856,Undirected,88073,,-0.686239
ASV938,ASV86,Undirected,88074,,0.60211
ASV938,ASV881,Undirected,88076,,-0.668249
ASV938,ASV9,Undirected,88077,,0.644796
ASV938,ASV922,Undirected,88079,,-0.615433
ASV938,ASV938,Undirected,88081,,1
ASV938,ASV95,Undirected,88082,,-1.687811
ASV938,ASV983,Undirected,88083,,-1.505007
ASV938,ASV995,Undirected,88084,,-1.518665
ASV941,ASV1059,Undirected,88086,,0.600168
ASV941,ASV1149,Undirected,88089,,-0.645797
ASV941,ASV1298,Undirected,88091,,-0.601299
ASV941,ASV149,Undirected,88092,,-0.649214
ASV941,ASV1730,Undirected,88094,,-0.652677
ASV941,ASV183,Undirected,88095,,-0.652256
ASV941,ASV1830,Undirected,88096,,0.614365
ASV941,ASV184,Undirected,88097,,0.667668
ASV941,ASV199,Undirected,88098,,0.690566
ASV941,ASV227,Undirected,88099,,0.600314
ASV941,ASV2511,Undirected,88100,,-0.65051
ASV941,ASV277,Undirected,88102,,-0.604645
ASV941,ASV32,Undirected,88103,,0.663307
ASV941,ASV3347,Undirected,88104,,-0.646616
ASV941,ASV388,Undirected,88105,,-0.662541
ASV941,ASV41,Undirected,88107,,0.626722
ASV941,ASV437,Undirected,88108,,-0.656811
ASV941,ASV438,Undirected,88109,,0.627818
ASV941,ASV443,Undirected,88110,,-0.63558
ASV941,ASV458,Undirected,88111,,-0.608028
ASV941,ASV468,Undirected,88113,,-0.615988
ASV941,ASV5,Undirected,88114,,0.626398
ASV941,ASV563,Undirected,88115,,0.635685
ASV941,ASV57,Undirected,88116,,0.647103
ASV941,ASV5744,Undirected,88117,,0.602022
ASV941,ASV585,Undirected,88118,,-0.60825
ASV941,ASV59,Undirected,88120,,0.635889
ASV941,ASV658,Undirected,88121,,-0.641194
ASV941,ASV699,Undirected,88122,,-0.606651
ASV941,ASV73,Undirected,88123,,0.628347
ASV941,ASV733,Undirected,88124,,0.634227
ASV941,ASV756,Undirected,88125,,-0.701336
ASV941,ASV79,Undirected,88126,,0.656943
ASV941,ASV941,Undirected,88127,,1
ASV944,ASV221,Undirected,88128,,0.612938
ASV944,ASV311,Undirected,88129,,0.632295
ASV944,ASV401,Undirected,88130,,0.61952
ASV944,ASV510,Undirected,88131,,0.600215
ASV944,ASV585,Undirected,88133,,0.627912
ASV944,ASV81,Undirected,88136,,-0.611755
ASV944,ASV944,Undirected,88137,,1
ASV95,ASV1120,Undirected,88144,,0.698077
ASV95,ASV1141,Undirected,88147,,-0.602416
ASV95,ASV1162,Undirected,88148,,0.630887
ASV95,ASV1186,Undirected,88150,,-0.673726
ASV95,ASV1193,Undirected,88151,,0.661129
ASV95,ASV120,Undirected,88152,,0.614751
ASV95,ASV1221,Undirected,88155,,0.690001
ASV95,ASV1243,Undirected,88156,,0.670477
ASV95,ASV1251,Undirected,88158,,0.700112
ASV95,ASV1273,Undirected,88159,,0.652754
ASV95,ASV1295,Undirected,88160,,0.653841
ASV95,ASV1298,Undirected,88161,,0.656183
ASV95,ASV135,Undirected,88163,,-0.601038
ASV95,ASV1358,Undirected,88164,,0.670682
ASV95,ASV1428,Undirected,88168,,0.638708
ASV95,ASV1468,Undirected,88169,,0.64992
ASV95,ASV1492,Undirected,88171,,0.674263
ASV95,ASV150,Undirected,88172,,-0.648062
ASV95,ASV154,Undirected,88173,,0.632885
ASV95,ASV1546,Undirected,88174,,0.640526
ASV95,ASV170,Undirected,88180,,-0.674263
ASV95,ASV171,Undirected,88181,,-0.698085
ASV95,ASV1730,Undirected,88182,,0.609328
ASV95,ASV175,Undirected,88185,,-0.600517
ASV95,ASV1763,Undirected,88186,,0.608203
ASV95,ASV179,Undirected,88188,,0.621049
ASV95,ASV184,Undirected,88189,,-0.619887
ASV95,ASV187,Undirected,88190,,-0.698035
ASV95,ASV192,Undirected,88191,,0.64242
ASV95,ASV194,Undirected,88192,,-0.697205
ASV95,ASV195,Undirected,88193,,-0.643191
ASV95,ASV196,Undirected,88194,,-0.60031
ASV95,ASV197,Undirected,88195,,-0.639607
ASV95,ASV1985,Undirected,88196,,0.604397
ASV95,ASV20,Undirected,88197,,-0.629974
ASV95,ASV2026,Undirected,88199,,-0.657119
ASV95,ASV205,Undirected,88200,,0.616978
ASV95,ASV207,Undirected,88201,,0.620524
ASV95,ASV214,Undirected,88202,,0.672371
ASV95,ASV22,Undirected,88205,,-0.672669
ASV95,ASV220,Undirected,88206,,-0.615148
ASV95,ASV223,Undirected,88208,,0.702018
ASV95,ASV2383,Undirected,88216,,0.602118
ASV95,ASV241,Undirected,88218,,0.650037
ASV95,ASV244,Undirected,88220,,-0.691512
ASV95,ASV2511,Undirected,88222,,0.704695
ASV95,ASV2583,Undirected,88223,,-0.636601
ASV95,ASV263,Undirected,88226,,-0.664253
ASV95,ASV267,Undirected,88228,,-0.642789
ASV95,ASV273,Undirected,88230,,-0.684946
ASV95,ASV2744,Undirected,88231,,0.65334
ASV95,ASV276,Undirected,88232,,-0.61431
ASV95,ASV297,Undirected,88239,,0.628715
ASV95,ASV307,Undirected,88240,,-0.615545
ASV95,ASV328,Undirected,88245,,0.675649
ASV95,ASV330,Undirected,88247,,-0.703723
ASV95,ASV332,Undirected,88248,,0.673913
ASV95,ASV3327,Undirected,88249,,-0.615824
ASV95,ASV335,Undirected,88251,,0.633773
ASV95,ASV34,Undirected,88252,,-0.626357
ASV95,ASV374,Undirected,88262,,-0.618851
ASV95,ASV3768,Undirected,88264,,0.652746
ASV95,ASV38,Undirected,88265,,-0.6281
ASV95,ASV384,Undirected,88266,,0.689198
ASV95,ASV388,Undirected,88267,,0.664595
ASV95,ASV428,Undirected,88273,,0.617458
ASV95,ASV436,Undirected,88276,,0.604146
ASV95,ASV440,Undirected,88278,,0.616186
ASV95,ASV447,Undirected,88280,,0.6091
ASV95,ASV45,Undirected,88281,,-0.638717
ASV95,ASV451,Undirected,88282,,-0.644928
ASV95,ASV452,Undirected,88283,,-0.60645
ASV95,ASV458,Undirected,88285,,0.691527
ASV95,ASV48,Undirected,88289,,-0.635659
ASV95,ASV483,Undirected,88290,,-0.679258
ASV95,ASV488,Undirected,88291,,0.674664
ASV95,ASV51,Undirected,88295,,0.621696
ASV95,ASV5245,Undirected,88297,,-0.618407
ASV95,ASV540,Undirected,88301,,0.626101
ASV95,ASV556,Undirected,88304,,0.645231
ASV95,ASV5638,Undirected,88306,,0.616414
ASV95,ASV57,Undirected,88307,,-0.689762
ASV95,ASV570,Undirected,88308,,0.621246
ASV95,ASV576,Undirected,88310,,0.656974
ASV95,ASV600,Undirected,88314,,0.667547
ASV95,ASV619,Undirected,88316,,0.663732
ASV95,ASV623,Undirected,88317,,0.625328
ASV95,ASV627,Undirected,88318,,0.657309
ASV95,ASV637,Undirected,88319,,-0.678261
ASV95,ASV65,Undirected,88320,,0.624095
ASV95,ASV653,Undirected,88321,,0.689602
ASV95,ASV657,Undirected,88323,,0.648254
ASV95,ASV660,Undirected,88324,,0.623859
ASV95,ASV672,Undirected,88325,,0.646892
ASV95,ASV68,Undirected,88327,,-0.689997
ASV95,ASV699,Undirected,88329,,0.671176
ASV95,ASV719,Undirected,88333,,-0.615715
ASV95,ASV721,Undirected,88334,,0.677978
ASV95,ASV751,Undirected,88338,,-0.655603
ASV95,ASV756,Undirected,88339,,0.661659
ASV95,ASV781,Undirected,88341,,0.660617
ASV95,ASV783,Undirected,88342,,0.672061
ASV95,ASV787,Undirected,88343,,0.646089
ASV95,ASV83,Undirected,88349,,0.667528
ASV95,ASV90,Undirected,88356,,-0.64788
ASV95,ASV920,Undirected,88358,,0.67102
ASV95,ASV922,Undirected,88359,,0.63689
ASV95,ASV95,Undirected,88362,,1
ASV95,ASV96,Undirected,88363,,-1.744176
ASV95,ASV970,Undirected,88364,,1.530488
ASV95,ASV983,Undirected,88365,,1.572184
ASV95,ASV995,Undirected,88366,,1.729482
ASV952,ASV100,Undirected,88367,,-0.605762
ASV952,ASV1013,Undirected,88368,,-0.655905
ASV952,ASV107,Undirected,88369,,-0.660422
ASV952,ASV108,Undirected,88370,,-0.701475
ASV952,ASV123,Undirected,88374,,-0.66999
ASV952,ASV1286,Undirected,88375,,0.648188
ASV952,ASV1466,Undirected,88376,,0.669113
ASV952,ASV165,Undirected,88377,,-0.688096
ASV952,ASV170,Undirected,88378,,-0.650848
ASV952,ASV191,Undirected,88380,,-0.611228
ASV952,ASV216,Undirected,88382,,-0.605398
ASV952,ASV231,Undirected,88383,,0.693253
ASV952,ASV2361,Undirected,88384,,-0.611173
ASV952,ASV244,Undirected,88385,,-0.639034
ASV952,ASV2511,Undirected,88386,,0.652269
ASV952,ASV271,Undirected,88389,,0.660406
ASV952,ASV31,Undirected,88391,,-0.615559
ASV952,ASV335,Undirected,88393,,0.624087
ASV952,ASV344,Undirected,88394,,-0.628993
ASV952,ASV35,Undirected,88395,,0.661481
ASV952,ASV363,Undirected,88396,,-0.674158
ASV952,ASV38,Undirected,88399,,-0.64344
ASV952,ASV4,Undirected,88400,,-0.651769
ASV952,ASV451,Undirected,88401,,-0.637991
ASV952,ASV48,Undirected,88402,,-0.61148
ASV952,ASV5,Undirected,88403,,-0.604917
ASV952,ASV507,Undirected,88404,,-0.605308
ASV952,ASV526,Undirected,88406,,-0.60954
ASV952,ASV56,Undirected,88408,,-0.668598
ASV952,ASV571,Undirected,88409,,-0.642482
ASV952,ASV61,Undirected,88410,,-0.605856
ASV952,ASV627,Undirected,88411,,0.614173
ASV952,ASV702,Undirected,88412,,-0.605472
ASV952,ASV71,Undirected,88413,,-0.600752
ASV952,ASV741,Undirected,88414,,0.603576
ASV952,ASV82,Undirected,88416,,-0.604708
ASV952,ASV828,Undirected,88417,,0.654136
ASV952,ASV85,Undirected,88418,,0.649837
ASV952,ASV854,Undirected,88419,,-0.614206
ASV952,ASV87,Undirected,88420,,-0.655934
ASV952,ASV952,Undirected,88422,,1
ASV955,ASV1013,Undirected,88424,,-0.639686
ASV955,ASV1073,Undirected,88425,,0.622822
ASV955,ASV1123,Undirected,88426,,0.666312
ASV955,ASV113,Undirected,88427,,-0.664473
ASV955,ASV117,Undirected,88428,,-0.66235
ASV955,ASV122,Undirected,88430,,-0.66424
ASV955,ASV123,Undirected,88431,,-0.688024
ASV955,ASV1243,Undirected,88432,,0.690615
ASV955,ASV142,Undirected,88436,,0.686535
ASV955,ASV149,Undirected,88437,,0.704919
ASV955,ASV1546,Undirected,88438,,0.640145
ASV955,ASV1615,Undirected,88439,,0.685333
ASV955,ASV171,Undirected,88441,,-0.695494
ASV955,ASV175,Undirected,88443,,-0.646805
ASV955,ASV184,Undirected,88444,,-0.686024
ASV955,ASV187,Undirected,88445,,-0.62928
ASV955,ASV196,Undirected,88446,,-0.608269
ASV955,ASV2017,Undirected,88447,,0.643852
ASV955,ASV205,Undirected,88448,,0.617838
ASV955,ASV233,Undirected,88451,,0.626298
ASV955,ASV244,Undirected,88454,,-0.644655
ASV955,ASV25,Undirected,88455,,-0.603443
ASV955,ASV271,Undirected,88459,,0.62196
ASV955,ASV3089,Undirected,88462,,0.639229
ASV955,ASV32,Undirected,88464,,-0.680054
ASV955,ASV3327,Undirected,88465,,-0.612859
ASV955,ASV360,Undirected,88467,,0.663878
ASV955,ASV37,Undirected,88469,,-0.70403
ASV955,ASV4,Undirected,88471,,-0.664312
ASV955,ASV41,Undirected,88473,,-0.636305
ASV955,ASV4229,Undirected,88474,,0.658133
ASV955,ASV437,Undirected,88475,,0.679562
ASV955,ASV438,Undirected,88476,,-0.654798
ASV955,ASV445,Undirected,88478,,-0.660087
ASV955,ASV447,Undirected,88479,,0.67722
ASV955,ASV451,Undirected,88480,,-0.637819
ASV955,ASV470,Undirected,88481,,-0.633481
ASV955,ASV48,Undirected,88482,,-0.618455
ASV955,ASV486,Undirected,88483,,-0.612097
ASV955,ASV514,Undirected,88485,,-0.663565
ASV955,ASV516,Undirected,88486,,-0.633284
ASV955,ASV528,Undirected,88487,,0.607108
ASV955,ASV5638,Undirected,88488,,0.620857
ASV955,ASV564,Undirected,88489,,-0.660748
ASV955,ASV5687,Undirected,88490,,-0.638895
ASV955,ASV57,Undirected,88491,,-0.646089
ASV955,ASV5744,Undirected,88492,,-0.601226
ASV955,ASV576,Undirected,88493,,0.627279
ASV955,ASV592,Undirected,88495,,0.643938
ASV955,ASV6,Undirected,88496,,0.690549
ASV955,ASV681,Undirected,88500,,-0.601948
ASV955,ASV702,Undirected,88501,,-0.627796
ASV955,ASV71,Undirected,88502,,-0.658015
ASV955,ASV748,Undirected,88505,,0.632
ASV955,ASV755,Undirected,88506,,-0.634885
ASV955,ASV763,Undirected,88507,,-0.648703
ASV955,ASV775,Undirected,88509,,0.682169
ASV955,ASV80,Undirected,88510,,-0.61793
ASV955,ASV810,Undirected,88511,,-0.619972
ASV955,ASV856,Undirected,88513,,0.618068
ASV955,ASV87,Undirected,88514,,-0.655916
ASV955,ASV90,Undirected,88516,,-0.621926
ASV955,ASV922,Undirected,88517,,0.612703
ASV955,ASV955,Undirected,88518,,1
ASV956,ASV1210,Undirected,88519,,-0.646465
ASV956,ASV1251,Undirected,88520,,0.690141
ASV956,ASV1561,Undirected,88521,,-0.665434
ASV956,ASV1691,Undirected,88522,,-0.681944
ASV956,ASV1838,Undirected,88523,,0.615708
ASV956,ASV211,Undirected,88524,,-0.600436
ASV956,ASV2213,Undirected,88525,,0.671648
ASV956,ASV326,Undirected,88526,,0.626789
ASV956,ASV369,Undirected,88527,,0.607281
ASV956,ASV459,Undirected,88528,,0.603493
ASV956,ASV514,Undirected,88529,,-0.631337
ASV956,ASV65,Undirected,88530,,0.704618
ASV956,ASV669,Undirected,88531,,0.638726
ASV956,ASV92,Undirected,88532,,0.61713
ASV956,ASV956,Undirected,88533,,1
ASV957,ASV957,Undirected,88535,,1
ASV96,ASV100,Undirected,88536,,0.697714
ASV96,ASV103,Undirected,88540,,0.673586
ASV96,ASV1069,Undirected,88541,,-0.676382
ASV96,ASV1120,Undirected,88545,,-0.663254
ASV96,ASV1136,Undirected,88547,,0.615938
ASV96,ASV1141,Undirected,88549,,0.634146
ASV96,ASV1149,Undirected,88550,,-0.640931
ASV96,ASV1162,Undirected,88551,,-0.621424
ASV96,ASV1165,Undirected,88552,,0.690935
ASV96,ASV1186,Undirected,88554,,0.703601
ASV96,ASV121,Undirected,88555,,0.653347
ASV96,ASV1210,Undirected,88556,,0.671104
ASV96,ASV123,Undirected,88558,,0.677799
ASV96,ASV1243,Undirected,88559,,-0.619024
ASV96,ASV1251,Undirected,88561,,-0.689075
ASV96,ASV1286,Undirected,88562,,-0.641517
ASV96,ASV1292,Undirected,88563,,-0.630157
ASV96,ASV1295,Undirected,88564,,-0.688748
ASV96,ASV135,Undirected,88567,,0.628438
ASV96,ASV142,Undirected,88572,,-0.668048
ASV96,ASV1428,Undirected,88573,,-0.642835
ASV96,ASV149,Undirected,88575,,-0.665977
ASV96,ASV154,Undirected,88579,,-0.626101
ASV96,ASV1561,Undirected,88580,,0.601803
ASV96,ASV171,Undirected,88587,,0.630705
ASV96,ASV172,Undirected,88588,,0.655977
ASV96,ASV1730,Undirected,88589,,-0.668397
ASV96,ASV1740,Undirected,88590,,-0.634381
ASV96,ASV1781,Undirected,88592,,-0.661814
ASV96,ASV18,Undirected,88593,,-0.610452
ASV96,ASV180,Undirected,88594,,0.660413
ASV96,ASV184,Undirected,88596,,0.616701
ASV96,ASV192,Undirected,88598,,-0.688188
ASV96,ASV195,Undirected,88600,,0.693465
ASV96,ASV1985,Undirected,88602,,-0.63608
ASV96,ASV2017,Undirected,88603,,-0.676113
ASV96,ASV22,Undirected,88609,,0.671595
ASV96,ASV220,Undirected,88610,,0.696105
ASV96,ASV226,Undirected,88613,,0.601246
ASV96,ASV228,Undirected,88614,,-0.664249
ASV96,ASV2290,Undirected,88616,,-0.612256
ASV96,ASV235,Undirected,88619,,-0.622476
ASV96,ASV2361,Undirected,88620,,0.608928
ASV96,ASV2383,Undirected,88622,,-0.664838
ASV96,ASV242,Undirected,88624,,-0.654923
ASV96,ASV258,Undirected,88629,,0.653886
ASV96,ASV263,Undirected,88632,,0.687565
ASV96,ASV267,Undirected,88634,,0.646908
ASV96,ASV306,Undirected,88643,,0.629227
ASV96,ASV307,Undirected,88644,,0.693306
ASV96,ASV3072,Undirected,88645,,0.675005
ASV96,ASV326,Undirected,88649,,-0.613316
ASV96,ASV327,Undirected,88650,,0.639048
ASV96,ASV328,Undirected,88651,,-0.654385
ASV96,ASV3327,Undirected,88654,,0.662333
ASV96,ASV335,Undirected,88655,,-0.679504
ASV96,ASV34,Undirected,88656,,0.621637
ASV96,ASV349,Undirected,88658,,-0.630131
ASV96,ASV360,Undirected,88662,,-0.700894
ASV96,ASV384,Undirected,88669,,-0.668406
ASV96,ASV398,Undirected,88670,,-0.689476
ASV96,ASV4134,Undirected,88673,,-0.637575
ASV96,ASV428,Undirected,88675,,-0.623667
ASV96,ASV436,Undirected,88678,,-0.69123
ASV96,ASV437,Undirected,88679,,-0.690312
ASV96,ASV440,Undirected,88680,,-0.646754
ASV96,ASV45,Undirected,88682,,0.601348
ASV96,ASV452,Undirected,88684,,0.622093
ASV96,ASV48,Undirected,88689,,0.70083
ASV96,ASV483,Undirected,88690,,0.67662
ASV96,ASV488,Undirected,88691,,-0.683012
ASV96,ASV5010,Undirected,88694,,-0.612906
ASV96,ASV507,Undirected,88695,,0.638335
ASV96,ASV51,Undirected,88696,,-0.687112
ASV96,ASV513,Undirected,88697,,-0.60529
ASV96,ASV528,Undirected,88699,,-0.616227
ASV96,ASV54,Undirected,88702,,0.60114
ASV96,ASV551,Undirected,88703,,0.628515
ASV96,ASV570,Undirected,88707,,-0.631631
ASV96,ASV576,Undirected,88710,,-0.621035
ASV96,ASV589,Undirected,88712,,-0.669606
ASV96,ASV591,Undirected,88714,,0.648443
ASV96,ASV603,Undirected,88716,,-0.601939
ASV96,ASV619,Undirected,88718,,-0.660593
ASV96,ASV623,Undirected,88719,,-0.655927
ASV96,ASV637,Undirected,88720,,0.684513
ASV96,ASV65,Undirected,88721,,-0.638012
ASV96,ASV653,Undirected,88722,,-0.700585
ASV96,ASV658,Undirected,88724,,-0.619139
ASV96,ASV670,Undirected,88726,,-0.643019
ASV96,ASV68,Undirected,88728,,0.672378
ASV96,ASV702,Undirected,88730,,0.615283
ASV96,ASV707,Undirected,88731,,-0.694592
ASV96,ASV708,Undirected,88732,,-0.703346
ASV96,ASV719,Undirected,88734,,0.674485
ASV96,ASV741,Undirected,88738,,-0.678702
ASV96,ASV742,Undirected,88739,,-0.617642
ASV96,ASV756,Undirected,88740,,-0.660093
ASV96,ASV76,Undirected,88741,,-0.622925
ASV96,ASV850,Undirected,88751,,0.688353
ASV96,ASV876,Undirected,88754,,-0.647439
ASV96,ASV90,Undirected,88757,,0.693942
ASV96,ASV909,Undirected,88758,,-0.685136
ASV96,ASV922,Undirected,88760,,-0.608224
ASV96,ASV938,Undirected,88762,,0.692493
ASV96,ASV952,Undirected,88764,,-0.604396
ASV96,ASV96,Undirected,88765,,1
ASV96,ASV995,Undirected,88766,,-1.453898
ASV960,ASV1432,Undirected,88767,,0.69367
ASV960,ASV1446,Undirected,88768,,0.643362
ASV960,ASV1763,Undirected,88770,,0.619775
ASV960,ASV201,Undirected,88771,,0.610548
ASV960,ASV203,Undirected,88772,,-0.67072
ASV960,ASV2610,Undirected,88773,,0.62142
ASV960,ASV4454,Undirected,88775,,0.612161
ASV960,ASV841,Undirected,88776,,0.638719
ASV960,ASV960,Undirected,88779,,1
ASV966,ASV1026,Undirected,88781,,0.634355
ASV966,ASV139,Undirected,88782,,0.600331
ASV966,ASV140,Undirected,88783,,0.670682
ASV966,ASV143,Undirected,88784,,0.608463
ASV966,ASV159,Undirected,88785,,0.628731
ASV966,ASV164,Undirected,88786,,0.611275
ASV966,ASV1647,Undirected,88787,,0.623291
ASV966,ASV192,Undirected,88789,,0.60765
ASV966,ASV2066,Undirected,88790,,0.670904
ASV966,ASV207,Undirected,88791,,0.616999
ASV966,ASV219,Undirected,88792,,0.615154
ASV966,ASV22,Undirected,88793,,-0.655545
ASV966,ASV2213,Undirected,88794,,0.639478
ASV966,ASV2290,Undirected,88795,,0.662916
ASV966,ASV242,Undirected,88796,,0.614198
ASV966,ASV260,Undirected,88797,,0.670855
ASV966,ASV261,Undirected,88798,,0.683543
ASV966,ASV271,Undirected,88800,,0.604501
ASV966,ASV328,Undirected,88802,,0.664241
ASV966,ASV330,Undirected,88803,,-0.667556
ASV966,ASV352,Undirected,88804,,0.655987
ASV966,ASV369,Undirected,88805,,0.703198
ASV966,ASV384,Undirected,88806,,0.609745
ASV966,ASV398,Undirected,88807,,0.671899
ASV966,ASV430,Undirected,88808,,0.608792
ASV966,ASV435,Undirected,88809,,0.603727
ASV966,ASV45,Undirected,88810,,-0.655205
ASV966,ASV468,Undirected,88812,,0.626508
ASV966,ASV488,Undirected,88813,,0.651627
ASV966,ASV560,Undirected,88816,,0.660379
ASV966,ASV585,Undirected,88817,,0.648556
ASV966,ASV622,Undirected,88818,,0.624803
ASV966,ASV707,Undirected,88819,,0.652359
ASV966,ASV708,Undirected,88820,,0.643232
ASV966,ASV735,Undirected,88821,,0.601157
ASV966,ASV805,Undirected,88824,,0.627817
ASV966,ASV96,Undirected,88825,,-0.619532
ASV966,ASV966,Undirected,88826,,1
ASV966,ASV995,Undirected,88827,,1.449399
ASV970,ASV1036,Undirected,88828,,0.651479
ASV970,ASV1059,Undirected,88829,,-0.632268
ASV970,ASV1093,Undirected,88830,,0.646783
ASV970,ASV113,Undirected,88831,,-0.700172
ASV970,ASV1162,Undirected,88833,,0.616274
ASV970,ASV117,Undirected,88834,,-0.619925
ASV970,ASV1221,Undirected,88836,,0.646613
ASV970,ASV13,Undirected,88840,,-0.68264
ASV970,ASV158,Undirected,88846,,0.644658
ASV970,ASV1615,Undirected,88848,,0.658057
ASV970,ASV171,Undirected,88850,,-0.641302
ASV970,ASV1730,Undirected,88851,,0.619204
ASV970,ASV1793,Undirected,88852,,0.614339
ASV970,ASV184,Undirected,88853,,-0.658507
ASV970,ASV191,Undirected,88854,,-0.640461
ASV970,ASV20,Undirected,88855,,-0.678998
ASV970,ASV2017,Undirected,88856,,0.700163
ASV970,ASV205,Undirected,88857,,0.602407
ASV970,ASV223,Undirected,88858,,0.655742
ASV970,ASV225,Undirected,88859,,0.691159
ASV970,ASV235,Undirected,88861,,0.667376
ASV970,ASV237,Undirected,88862,,-0.642302
ASV970,ASV24,Undirected,88863,,-0.654362
ASV970,ASV244,Undirected,88865,,-0.647744
ASV970,ASV25,Undirected,88866,,-0.70309
ASV970,ASV2511,Undirected,88867,,0.702111
ASV970,ASV2583,Undirected,88868,,-0.619003
ASV970,ASV261,Undirected,88870,,0.678138
ASV970,ASV263,Undirected,88871,,-0.6422
ASV970,ASV276,Undirected,88873,,-0.624744
ASV970,ASV283,Undirected,88874,,0.624153
ASV970,ASV288,Undirected,88875,,0.688748
ASV970,ASV295,Undirected,88876,,0.644804
ASV970,ASV306,Undirected,88877,,-0.613175
ASV970,ASV31,Undirected,88878,,-0.695165
ASV970,ASV310,Undirected,88879,,0.691713
ASV970,ASV3327,Undirected,88881,,-0.663164
ASV970,ASV34,Undirected,88883,,-0.620724
ASV970,ASV349,Undirected,88884,,0.651179
ASV970,ASV35,Undirected,88885,,0.604595
ASV970,ASV352,Undirected,88886,,0.699371
ASV970,ASV36,Undirected,88887,,-0.640306
ASV970,ASV360,Undirected,88888,,0.650603
ASV970,ASV363,Undirected,88889,,-0.656263
ASV970,ASV374,Undirected,88890,,-0.671021
ASV970,ASV398,Undirected,88892,,0.649828
ASV970,ASV404,Undirected,88894,,-0.657248
ASV970,ASV412,Undirected,88895,,0.602725
ASV970,ASV430,Undirected,88897,,0.66667
ASV970,ASV438,Undirected,88899,,-0.653633
ASV970,ASV440,Undirected,88900,,0.61567
ASV970,ASV445,Undirected,88901,,-0.684909
ASV970,ASV456,Undirected,88902,,0.660057
ASV970,ASV483,Undirected,88906,,-0.669015
ASV970,ASV488,Undirected,88907,,0.621593
ASV970,ASV5,Undirected,88908,,-0.657326
ASV970,ASV501,Undirected,88909,,0.645286
ASV970,ASV502,Undirected,88910,,0.625857
ASV970,ASV513,Undirected,88911,,0.622011
ASV970,ASV514,Undirected,88912,,-0.621091
ASV970,ASV554,Undirected,88915,,0.689844
ASV970,ASV5744,Undirected,88917,,-0.674492
ASV970,ASV576,Undirected,88918,,0.625851
ASV970,ASV589,Undirected,88920,,0.637652
ASV970,ASV61,Undirected,88923,,-0.669284
ASV970,ASV655,Undirected,88924,,0.697177
ASV970,ASV675,Undirected,88925,,0.623098
ASV970,ASV68,Undirected,88926,,-0.637793
ASV970,ASV681,Undirected,88927,,-0.643012
ASV970,ASV699,Undirected,88928,,0.697177
ASV970,ASV71,Undirected,88931,,-0.670847
ASV970,ASV724,Undirected,88932,,-0.619351
ASV970,ASV733,Undirected,88933,,-0.637554
ASV970,ASV74,Undirected,88934,,-0.682993
ASV970,ASV751,Undirected,88935,,-0.674008
ASV970,ASV752,Undirected,88936,,0.649739
ASV970,ASV79,Undirected,88939,,-0.632304
ASV970,ASV80,Undirected,88940,,-0.670673
ASV970,ASV810,Undirected,88941,,-0.668237
ASV970,ASV82,Undirected,88942,,-0.677437
ASV970,ASV825,Undirected,88943,,0.616999
ASV970,ASV87,Undirected,88945,,-0.625084
ASV970,ASV9,Undirected,88947,,-0.693729
ASV970,ASV922,Undirected,88948,,0.688286
ASV970,ASV955,Undirected,88950,,0.629851
ASV970,ASV970,Undirected,88951,,1
ASV975,ASV308,Undirected,88953,,0.601761
ASV975,ASV429,Undirected,88954,,0.647773
ASV975,ASV975,Undirected,88956,,1
ASV98,ASV10,Undirected,88957,,0.654232
ASV98,ASV236,Undirected,88958,,0.60718
ASV98,ASV345,Undirected,88959,,0.637788
ASV98,ASV4265,Undirected,88961,,-0.656351
ASV98,ASV98,Undirected,88962,,1
ASV980,ASV1036,Undirected,88963,,-0.643121
ASV980,ASV1232,Undirected,88964,,0.607634
ASV980,ASV1338,Undirected,88965,,-0.62396
ASV980,ASV170,Undirected,88966,,0.608744
ASV980,ASV184,Undirected,88967,,0.608224
ASV980,ASV185,Undirected,88968,,0.647029
ASV980,ASV276,Undirected,88969,,0.68021
ASV980,ASV334,Undirected,88970,,-0.667885
ASV980,ASV388,Undirected,88972,,-0.603647
ASV980,ASV40,Undirected,88973,,0.621825
ASV980,ASV440,Undirected,88975,,-0.705577
ASV980,ASV46,Undirected,88976,,0.648503
ASV980,ASV470,Undirected,88977,,0.601982
ASV980,ASV483,Undirected,88978,,0.664441
ASV980,ASV59,Undirected,88979,,0.630005
ASV980,ASV637,Undirected,88980,,0.679875
ASV980,ASV643,Undirected,88981,,-0.622651
ASV980,ASV658,Undirected,88982,,-0.662129
ASV980,ASV886,Undirected,88984,,-0.614219
ASV980,ASV970,Undirected,88985,,-0.649583
ASV980,ASV980,Undirected,88986,,1
ASV982,ASV1446,Undirected,88987,,-0.641358
ASV982,ASV1483,Undirected,88988,,-0.603153
ASV982,ASV1852,Undirected,88989,,-0.625114
ASV982,ASV2817,Undirected,88990,,0.611208
ASV982,ASV322,Undirected,88991,,-0.668133
ASV982,ASV4454,Undirected,88992,,-0.692746
ASV982,ASV464,Undirected,88993,,-0.696945
ASV982,ASV482,Undirected,88994,,0.653712
ASV982,ASV67,Undirected,88995,,-0.697087
ASV982,ASV982,Undirected,88996,,1
ASV983,ASV1017,Undirected,88997,,-0.618061
ASV983,ASV108,Undirected,88998,,-0.69371
ASV983,ASV111,Undirected,89000,,-0.657327
ASV983,ASV117,Undirected,89002,,-0.69267
ASV983,ASV1193,Undirected,89003,,0.648199
ASV983,ASV120,Undirected,89004,,0.622523
ASV983,ASV122,Undirected,89005,,-0.634134
ASV983,ASV1221,Undirected,89006,,0.669689
ASV983,ASV1251,Undirected,89008,,0.611051
ASV983,ASV1273,Undirected,89009,,0.649684
ASV983,ASV1295,Undirected,89010,,0.628335
ASV983,ASV1298,Undirected,89011,,0.676312
ASV983,ASV135,Undirected,89012,,-0.641
ASV983,ASV1358,Undirected,89013,,0.632134
ASV983,ASV158,Undirected,89018,,0.682934
ASV983,ASV159,Undirected,89019,,0.638919
ASV983,ASV164,Undirected,89020,,0.69471
ASV983,ASV1738,Undirected,89021,,0.664439
ASV983,ASV1763,Undirected,89022,,0.640959
ASV983,ASV1838,Undirected,89023,,0.606924
ASV983,ASV192,Undirected,89024,,0.668059
ASV983,ASV2213,Undirected,89026,,0.61812
ASV983,ASV223,Undirected,89027,,0.640004
ASV983,ASV225,Undirected,89028,,0.620783
ASV983,ASV229,Undirected,89029,,-0.653511
ASV983,ASV233,Undirected,89030,,0.628452
ASV983,ASV25,Undirected,89031,,-0.658723
ASV983,ASV258,Undirected,89032,,-0.618705
ASV983,ASV264,Undirected,89035,,0.602499
ASV983,ASV271,Undirected,89036,,0.700157
ASV983,ASV330,Undirected,89042,,-0.678095
ASV983,ASV334,Undirected,89043,,0.637926
ASV983,ASV344,Undirected,89044,,-0.633962
ASV983,ASV35,Undirected,89046,,0.61132
ASV983,ASV363,Undirected,89049,,-0.636368
ASV983,ASV3752,Undirected,89051,,0.63901
ASV983,ASV398,Undirected,89053,,0.646573
ASV983,ASV437,Undirected,89057,,0.600107
ASV983,ASV445,Undirected,89058,,-0.683121
ASV983,ASV447,Undirected,89059,,0.672057
ASV983,ASV452,Undirected,89060,,-0.608975
ASV983,ASV458,Undirected,89061,,0.671904
ASV983,ASV459,Undirected,89062,,0.678183
ASV983,ASV5,Undirected,89064,,-0.609967
ASV983,ASV528,Undirected,89067,,0.635558
ASV983,ASV556,Undirected,89069,,0.648438
ASV983,ASV557,Undirected,89070,,-0.691023
ASV983,ASV56,Undirected,89071,,-0.650058
ASV983,ASV5744,Undirected,89072,,-0.656108
ASV983,ASV6,Undirected,89074,,0.664947
ASV983,ASV61,Undirected,89075,,-0.631692
ASV983,ASV660,Undirected,89079,,0.607567
ASV983,ASV675,Undirected,89080,,0.635084
ASV983,ASV68,Undirected,89081,,-0.686622
ASV983,ASV681,Undirected,89082,,-0.622073
ASV983,ASV707,Undirected,89083,,0.700052
ASV983,ASV721,Undirected,89085,,0.63789
ASV983,ASV732,Undirected,89086,,-0.683552
ASV983,ASV733,Undirected,89087,,-0.646322
ASV983,ASV76,Undirected,89088,,0.648988
ASV983,ASV781,Undirected,89089,,0.64756
ASV983,ASV783,Undirected,89090,,0.603243
ASV983,ASV79,Undirected,89091,,-0.649355
ASV983,ASV810,Undirected,89093,,-0.635227
ASV983,ASV82,Undirected,89094,,-0.674112
ASV983,ASV87,Undirected,89096,,-0.637975
ASV983,ASV876,Undirected,89097,,0.653874
ASV983,ASV881,Undirected,89098,,0.695199
ASV983,ASV9,Undirected,89099,,-0.658723
ASV983,ASV909,Undirected,89100,,0.65102
ASV983,ASV927,Undirected,89102,,-0.673108
ASV983,ASV96,Undirected,89105,,-0.70099
ASV983,ASV983,Undirected,89106,,1
ASV983,ASV995,Undirected,89107,,1.643682
ASV99,ASV1136,Undirected,89108,,-0.632496
ASV99,ASV1350,Undirected,89109,,0.615671
ASV99,ASV611,Undirected,89110,,0.607753
ASV99,ASV676,Undirected,89111,,0.649299
ASV99,ASV99,Undirected,89112,,1
ASV990,ASV131,Undirected,89113,,0.684703
ASV990,ASV1483,Undirected,89114,,0.617217
ASV990,ASV179,Undirected,89115,,0.628185
ASV990,ASV182,Undirected,89116,,-0.606139
ASV990,ASV206,Undirected,89117,,-0.61999
ASV990,ASV2291,Undirected,89118,,0.706035
ASV990,ASV2744,Undirected,89120,,0.697312
ASV990,ASV320,Undirected,89121,,-0.702679
ASV990,ASV332,Undirected,89122,,0.627727
ASV990,ASV486,Undirected,89123,,-0.656212
ASV990,ASV5488,Undirected,89124,,0.647426
ASV990,ASV570,Undirected,89125,,0.610079
ASV990,ASV920,Undirected,89127,,0.63708
ASV990,ASV990,Undirected,89128,,1
ASV995,ASV1026,Undirected,89129,,0.694379
ASV995,ASV1038,Undirected,89130,,0.664978
ASV995,ASV108,Undirected,89131,,-0.668585
ASV995,ASV1120,Undirected,89133,,0.639844
ASV995,ASV113,Undirected,89134,,-0.667547
ASV995,ASV1136,Undirected,89135,,-0.622561
ASV995,ASV1186,Undirected,89136,,-0.618947
ASV995,ASV1221,Undirected,89138,,0.695907
ASV995,ASV1254,Undirected,89140,,0.629043
ASV995,ASV1295,Undirected,89141,,0.628078
ASV995,ASV135,Undirected,89142,,-0.610537
ASV995,ASV139,Undirected,89143,,0.683156
ASV995,ASV1468,Undirected,89145,,0.651867
ASV995,ASV158,Undirected,89146,,0.63444
ASV995,ASV165,Undirected,89149,,-0.681754
ASV995,ASV1763,Undirected,89152,,0.644911
ASV995,ASV2066,Undirected,89154,,0.651917
ASV995,ASV207,Undirected,89155,,0.696176
ASV995,ASV2213,Undirected,89157,,0.615708
ASV995,ASV223,Undirected,89158,,0.689756
ASV995,ASV225,Undirected,89159,,0.654878
ASV995,ASV228,Undirected,89160,,0.653837
ASV995,ASV229,Undirected,89161,,-0.60178
ASV995,ASV2290,Undirected,89162,,0.622656
ASV995,ASV233,Undirected,89163,,0.676243
ASV995,ASV235,Undirected,89164,,0.686278
ASV995,ASV243,Undirected,89167,,0.651468
ASV995,ASV2583,Undirected,89169,,-0.623374
ASV995,ASV2744,Undirected,89174,,0.641252
ASV995,ASV277,Undirected,89175,,0.627874
ASV995,ASV288,Undirected,89177,,0.67119
ASV995,ASV291,Undirected,89178,,0.605845
ASV995,ASV295,Undirected,89179,,0.641343
ASV995,ASV297,Undirected,89180,,0.605966
ASV995,ASV31,Undirected,89181,,-0.665634
ASV995,ASV328,Undirected,89183,,0.689266
ASV995,ASV334,Undirected,89185,,0.67518
ASV995,ASV35,Undirected,89188,,0.676563
ASV995,ASV3752,Undirected,89192,,0.640347
ASV995,ASV3768,Undirected,89193,,0.602978
ASV995,ASV3824,Undirected,89194,,-0.622979
ASV995,ASV423,Undirected,89198,,0.690052
ASV995,ASV445,Undirected,89200,,-0.654878
ASV995,ASV449,Undirected,89201,,0.650655
ASV995,ASV456,Undirected,89202,,0.658145
ASV995,ASV458,Undirected,89203,,0.665444
ASV995,ASV488,Undirected,89205,,0.651126
ASV995,ASV501,Undirected,89206,,0.681966
ASV995,ASV5010,Undirected,89207,,0.634606
ASV995,ASV514,Undirected,89208,,-0.665106
ASV995,ASV528,Undirected,89209,,0.64159
ASV995,ASV540,Undirected,89211,,0.648261
ASV995,ASV551,Undirected,89212,,-0.64297
ASV995,ASV554,Undirected,89213,,0.646851
ASV995,ASV556,Undirected,89214,,0.609606
ASV995,ASV5744,Undirected,89216,,-0.672577
ASV995,ASV579,Undirected,89217,,0.703013
ASV995,ASV622,Undirected,89219,,0.690977
ASV995,ASV719,Undirected,89224,,-0.655154
ASV995,ASV732,Undirected,89226,,-0.638933
ASV995,ASV733,Undirected,89227,,-0.622583
ASV995,ASV76,Undirected,89229,,0.645135
ASV995,ASV775,Undirected,89230,,0.616272
ASV995,ASV79,Undirected,89232,,-0.604383
ASV995,ASV80,Undirected,89233,,-0.691643
ASV995,ASV813,Undirected,89234,,0.651192
ASV995,ASV814,Undirected,89235,,0.680734
ASV995,ASV82,Undirected,89236,,-0.620919
ASV995,ASV828,Undirected,89237,,0.680756
ASV995,ASV83,Undirected,89238,,0.641011
ASV995,ASV856,Undirected,89239,,0.65397
ASV995,ASV9,Undirected,89242,,-0.621638
ASV995,ASV921,Undirected,89245,,-0.613494
ASV995,ASV995,Undirected,89252,,1
