	A.1	A.2	A.3	A.4	A.5	A.6	A.7	A.8	A.9	A.11	A.12	A.13	A.14	A.15	A.16	A.17	A.20	A.21
ASV1	2147	9102	5427	5847	6717	5090	5672	7562	7627	5453	5162	6308	5120	5775	7574	5663	2659	2404
ASV10	121	272	279	365	783	572	671	1132	762	507	525	673	616	475	529	553	316	227
ASV100	22	4	10	7	20	7	3	9	7	7	16	12	23	26	20	69	65	94
ASV1000	3	2	0	3	0	0	0	0	1	1	2	1	3	5	2	0	4	0
ASV1001	2	0	4	2	2	2	2	0	0	1	2	1	2	2	1	0	3	1
ASV1002	16	12	12	10	11	13	11	11	3	10	10	15	11	8	10	2	13	12
ASV1003	14	10	12	9	8	13	11	3	7	4	2	4	4	4	7	1	0	0
ASV1004	0	0	1	0	0	0	0	0	0	1	0	0	0	0	0	0	0	0
ASV1005	10	7	5	3	3	6	4	4	1	1	2	2	7	4	7	5	2	2
ASV1006	8	4	6	9	15	7	2	4	7	7	4	5	0	9	5	6	5	1
ASV1007	2	1	3	1	4	6	5	6	6	8	5	10	11	9	7	11	8	5
ASV1008	1	0	0	2	1	0	1	1	2	2	3	0	1	8	2	5	10	11
ASV1009	0	0	0	0	0	0	0	0	0	0	0	0	1	0	0	2	0	0
ASV101	6	1	3	5	4	12	7	1	3	3	7	3	3	9	5	8	8	5
ASV1010	0	4	2	2	1	3	2	4	1	3	0	0	1	2	0	0	1	0
ASV1011	8	7	7	3	5	2	5	2	3	5	4	1	4	3	0	2	1	4
ASV1013	4	5	4	6	4	4	4	1	9	12	4	6	14	11	12	17	6	5
ASV1014	3	7	5	3	5	6	8	7	4	5	3	4	5	0	5	6	0	0
ASV1015	8	10	7	12	12	10	14	12	11	6	18	10	12	11	9	15	12	11
ASV1016	4	1	0	0	4	2	3	3	4	2	5	2	8	15	4	11	12	4
ASV1017	4	2	1	3	1	4	1	3	3	1	9	6	8	6	4	11	7	6
ASV1018	5	3	6	8	4	0	1	5	1	3	1	5	3	2	1	2	1	2
ASV1019	3	0	3	3	2	3	2	1	2	2	0	3	2	2	1	2	0	3
ASV102	32	12	18	14	16	23	12	24	15	21	23	22	22	26	21	67	32	50
ASV1020	3	8	5	3	2	3	6	3	5	8	5	3	6	5	3	4	5	5
ASV1021	6	9	11	1	3	7	0	1	1	5	4	4	4	1	3	1	0	0
ASV1022	0	1	2	1	1	2	1	1	0	1	3	1	1	4	4	1	1	0
ASV1023	4	2	3	1	4	2	1	2	1	6	2	2	6	4	0	3	4	5
ASV1024	16	9	2	6	8	5	6	5	4	3	4	2	2	3	2	2	2	7
ASV1025	4	1	4	7	6	2	4	4	5	1	3	5	0	4	3	5	3	2
ASV1026	10	7	6	8	4	4	3	4	3	8	5	5	3	1	3	4	1	2
ASV1027	5	7	6	10	8	5	9	5	5	6	4	5	13	6	6	3	6	3
ASV1028	2	6	2	1	5	1	3	2	4	3	3	4	2	3	3	1	2	0
ASV1029	6	0	1	1	3	1	0	0	1	1	1	1	2	2	0	0	0	0
ASV103	48	30	50	38	60	51	76	58	72	55	56	72	60	67	83	80	72	56
ASV1030	13	14	14	12	13	11	6	16	15	4	10	9	8	6	8	3	9	4
ASV1031	1	0	0	0	0	0	0	0	0	0	0	0	0	0	0	0	0	0
ASV1032	5	4	2	2	11	6	5	2	5	7	5	18	7	14	8	3	5	2
ASV1033	0	0	1	0	0	3	0	0	1	0	0	0	0	0	0	0	1	0
ASV1034	6	5	2	4	1	2	0	1	1	1	4	0	3	1	1	1	0	0
ASV1035	3	1	2	1	1	0	0	1	1	4	1	2	0	0	3	2	0	1
ASV1036	10	7	3	2	4	3	4	2	1	2	3	3	5	7	2	2	2	2
ASV1037	1	7	3	3	4	4	3	0	6	4	1	5	1	4	1	1	0	0
ASV1038	6	6	6	7	2	9	6	2	4	4	3	6	10	1	2	2	4	2
ASV1039	4	1	1	0	2	3	1	0	1	1	3	1	1	1	2	5	5	2
ASV104	24	14	31	21	30	34	27	23	19	20	25	24	30	24	37	45	30	33
ASV1040	3	3	1	0	1	0	4	0	1	1	2	3	1	5	5	2	7	1
ASV1041	0	1	1	5	2	2	1	2	1	0	0	3	0	1	3	1	1	2
ASV1042	9	8	8	7	3	4	3	6	5	4	6	4	7	9	6	6	2	9
ASV1043	1	5	6	5	2	4	5	0	1	1	4	3	5	2	3	1	2	1
ASV1044	7	7	9	10	5	4	6	3	2	7	6	2	2	2	3	1	0	0
ASV1045	9	4	9	1	6	6	4	0	4	1	3	2	3	3	1	0	0	0
ASV1046	9	15	10	5	5	7	5	3	2	6	2	2	8	5	3	0	1	0
ASV1047	5	7	1	2	3	3	0	6	6	5	1	5	5	5	4	8	3	10
ASV1048	3	2	2	1	0	3	3	1	1	1	6	0	0	0	2	0	0	0
ASV1049	1	2	1	2	1	0	0	1	3	1	0	0	1	0	0	0	0	0
ASV105	21	16	30	12	17	23	26	15	18	22	10	18	17	25	20	30	41	19
ASV1050	10	2	7	2	3	9	7	2	5	3	1	3	4	6	3	0	0	0
ASV1051	9	8	5	3	8	6	6	2	4	4	5	7	6	6	1	7	1	1
ASV1052	6	2	4	1	4	0	3	6	2	2	6	6	4	8	6	8	5	7
ASV1053	19	8	11	7	8	9	7	9	4	17	8	3	6	8	5	4	0	4
ASV1054	0	3	1	2	2	0	0	0	0	0	1	2	0	0	1	1	0	0
ASV1055	3	7	4	2	6	1	5	1	3	4	0	2	1	4	2	2	0	1
ASV1056	3	5	1	8	2	3	4	2	2	5	5	1	3	2	1	0	1	1
ASV1057	2	2	4	2	3	2	1	3	0	2	4	4	4	4	3	9	14	15
ASV1058	8	2	1	7	1	2	7	0	7	6	3	3	5	4	1	2	3	0
ASV1059	4	1	2	9	3	3	5	9	3	4	7	8	9	7	4	11	6	8
ASV106	5	2	5	3	3	4	2	5	5	6	3	4	6	9	3	13	20	14
ASV1060	9	12	9	5	6	6	7	3	1	11	3	2	6	1	1	1	2	0
ASV1061	6	2	2	0	1	0	0	1	1	5	2	2	0	1	2	0	0	0
ASV1062	0	0	0	0	0	0	0	0	0	0	0	0	0	0	0	0	0	0
ASV1063	4	12	6	2	5	5	2	2	2	4	3	3	2	2	0	0	1	1
ASV1064	0	4	5	2	1	2	3	2	2	1	2	0	2	1	0	1	0	1
ASV1065	2	0	0	0	6	0	0	0	0	0	0	1	0	0	0	0	0	0
ASV1066	12	1	5	6	4	6	6	2	6	5	3	8	6	6	4	10	15	7
ASV1067	5	1	6	2	2	5	1	0	0	3	3	3	1	4	4	0	0	0
ASV1069	9	14	7	16	12	8	6	10	10	4	6	7	3	7	4	2	2	4
ASV107	9	6	12	7	8	11	5	5	12	11	15	16	19	26	21	15	23	32
ASV1070	5	5	5	5	6	3	3	5	1	3	3	3	1	1	5	6	2	5
ASV1071	5	3	4	2	6	8	9	3	3	4	2	5	3	3	2	2	4	3
ASV1072	6	6	5	2	9	2	3	6	3	2	6	1	6	2	6	2	3	0
ASV1073	12	16	18	16	14	12	18	10	17	10	18	15	15	7	10	10	15	14
ASV1074	4	1	3	1	5	1	6	2	2	2	2	5	0	2	2	0	0	0
ASV1075	2	0	0	0	0	0	0	1	0	0	0	0	0	0	0	0	0	0
ASV1076	2	0	1	0	0	0	1	0	0	1	0	1	1	0	0	0	0	0
ASV1077	0	0	0	0	0	0	0	0	0	0	0	0	0	0	0	0	0	0
ASV1078	8	2	6	7	5	6	7	1	3	2	2	5	4	5	1	2	4	0
ASV1079	1	4	5	1	3	5	1	0	2	2	3	2	5	0	2	4	2	2
ASV108	17	15	9	17	27	16	14	17	20	15	25	26	23	41	37	65	67	40
ASV1080	11	7	6	6	2	1	2	0	1	5	3	1	1	2	4	1	0	0
ASV1081	4	5	6	10	7	8	2	0	1	4	2	5	1	6	5	1	0	0
ASV1082	13	7	7	6	10	18	4	6	6	5	6	5	15	5	6	0	4	1
ASV1083	5	4	4	6	4	2	3	1	0	2	2	1	2	3	0	1	0	1
ASV1084	1	0	1	1	0	1	0	0	0	3	1	0	2	1	0	7	3	1
ASV1085	0	0	1	0	1	0	0	1	0	1	2	0	0	0	0	0	0	0
ASV1086	12	3	3	4	11	17	5	3	2	9	6	7	8	6	9	2	0	1
ASV1088	0	0	2	1	2	0	0	0	1	0	1	2	1	0	0	0	1	0
ASV1089	0	4	0	1	3	0	0	1	0	1	1	1	7	3	1	0	0	1
ASV109	75	77	48	60	79	65	48	34	52	65	60	53	99	78	65	52	131	131
ASV1090	11	10	6	7	5	5	9	2	3	4	4	2	1	1	4	3	0	2
ASV1091	5	2	1	2	1	0	1	0	3	1	0	2	0	0	0	0	1	0
ASV1092	14	14	17	17	8	17	15	19	16	7	13	12	17	5	12	10	17	21
ASV1093	13	4	13	7	10	13	10	5	6	7	3	6	16	6	2	5	3	1
ASV1094	8	0	4	2	9	6	1	5	1	3	7	2	8	9	10	6	2	3
ASV1095	0	1	1	0	1	0	0	0	1	0	0	0	0	0	0	0	1	1
ASV1096	1	4	2	2	1	0	1	4	0	0	4	0	0	1	3	3	0	0
ASV1097	2	0	0	3	1	5	1	0	2	3	3	1	3	11	3	9	4	6
ASV1098	2	0	2	1	0	0	0	0	0	2	0	1	0	0	0	0	0	0
ASV1099	12	8	11	9	8	7	6	3	6	2	6	7	4	4	0	0	0	0
ASV11	338	413	174	305	225	193	235	176	232	199	214	192	181	334	491	1466	118	96
ASV110	58	42	73	60	49	54	44	64	42	48	62	57	51	92	79	67	136	144
ASV1100	2	4	2	2	1	5	3	1	1	0	1	3	1	0	0	0	0	0
ASV1101	4	5	2	0	5	5	1	1	1	7	1	4	5	0	1	2	0	1
ASV1102	2	0	3	0	2	1	0	3	1	0	2	1	2	0	0	0	1	1
ASV1103	6	0	1	4	2	4	3	0	3	4	1	3	3	1	1	0	0	0
ASV1104	3	0	1	2	0	2	1	2	1	2	2	0	1	2	2	5	2	2
ASV1105	0	1	1	0	0	0	0	1	4	0	0	0	1	0	0	0	2	1
ASV1106	2	3	1	3	1	3	1	1	0	2	4	0	2	1	0	1	0	0
ASV1108	5	5	7	6	4	6	1	9	3	3	2	2	0	0	0	1	0	0
ASV1109	1	1	1	1	2	0	0	0	1	2	1	0	1	0	0	0	0	0
ASV111	28	8	20	19	23	24	23	31	17	17	35	36	52	93	54	72	81	82
ASV1110	3	2	4	0	2	2	2	1	1	0	0	1	0	0	0	0	0	0
ASV1111	1	2	2	1	0	0	0	0	0	0	1	0	0	0	0	0	1	0
ASV1112	8	9	9	14	8	7	7	5	1	8	7	0	3	1	0	0	0	0
ASV1113	4	1	2	3	1	3	2	2	0	4	5	3	1	3	2	2	1	2
ASV1114	0	0	0	0	0	0	1	0	0	2	0	0	0	1	0	0	1	0
ASV1115	6	4	3	12	9	7	5	5	6	5	6	3	7	7	5	6	5	5
ASV1116	0	1	0	0	2	1	0	1	2	2	1	1	2	0	3	4	2	4
ASV1117	7	1	7	3	3	2	3	0	1	1	2	2	1	3	1	1	0	0
ASV1118	1	2	0	1	2	1	0	1	0	0	3	0	0	0	1	1	0	0
ASV1119	8	2	4	3	5	0	1	1	2	6	2	1	3	1	1	0	0	1
ASV112	25	22	23	25	25	20	29	21	27	23	30	15	30	26	20	22	29	25
ASV1120	10	4	5	5	4	5	4	3	2	4	2	2	3	4	5	1	1	3
ASV1121	6	4	6	3	1	1	5	2	2	1	0	2	6	1	2	2	2	5
ASV1122	11	6	7	8	5	3	8	4	4	4	5	3	7	5	1	3	0	0
ASV1123	6	4	8	6	8	5	6	3	5	3	6	4	2	4	2	8	4	3
ASV1124	12	7	12	8	9	7	7	8	5	8	8	5	7	9	11	6	0	3
ASV1125	3	2	3	0	2	0	0	0	0	1	2	2	1	1	1	0	1	1
ASV1126	4	0	3	2	0	3	1	1	2	4	0	1	0	0	0	1	0	1
ASV1127	3	6	15	5	5	7	5	2	6	2	1	5	3	1	1	0	0	1
ASV1128	0	0	0	0	1	1	1	0	0	1	1	0	0	0	0	1	0	1
ASV1129	7	5	5	6	4	4	4	2	1	6	0	3	1	2	0	0	1	0
ASV113	22	29	24	26	23	28	30	42	44	42	37	37	50	55	40	65	108	75
ASV1130	7	3	1	2	4	1	4	1	2	1	3	2	0	3	1	0	0	0
ASV1131	2	2	4	8	3	4	0	0	4	4	3	1	0	2	0	7	1	1
ASV1132	11	12	12	10	10	9	6	11	6	9	15	12	10	5	7	5	13	12
ASV1133	3	1	4	2	5	7	1	1	3	2	3	0	2	2	2	0	1	1
ASV1134	2	4	2	3	1	0	0	1	3	1	0	1	1	1	1	0	0	0
ASV1135	2	3	2	3	2	1	0	0	1	1	2	2	1	2	1	3	5	3
ASV1136	3	2	2	2	4	2	3	4	3	1	2	5	2	9	11	3	6	10
ASV1137	4	0	4	3	1	2	1	2	2	3	2	4	3	6	4	2	5	3
ASV1138	0	0	0	0	0	0	0	0	0	0	0	0	0	0	0	0	0	0
ASV1139	0	0	0	1	0	0	2	0	0	0	0	0	0	1	1	1	0	0
ASV114	57	41	33	56	50	40	28	33	53	34	59	74	87	132	88	117	62	75
ASV1140	7	2	2	2	2	1	4	2	3	2	2	2	4	3	1	1	1	4
ASV1141	1	2	3	6	1	1	4	3	4	6	7	9	7	4	8	12	6	7
ASV1142	8	5	7	6	7	6	6	4	2	2	8	0	5	3	0	0	2	0
ASV1143	6	14	8	6	4	7	4	3	9	6	2	5	11	1	4	4	0	0
ASV1144	6	1	7	4	4	1	3	0	1	3	3	5	4	3	0	1	0	0
ASV1145	0	0	1	0	1	1	0	0	0	1	0	0	0	0	0	0	0	0
ASV1146	3	4	4	6	3	9	3	4	1	6	3	1	3	1	1	1	2	0
ASV1147	1	0	0	1	0	1	0	1	0	0	0	0	0	0	0	0	1	0
ASV1148	2	1	3	0	1	0	3	0	0	3	2	0	1	0	0	1	1	0
ASV1149	25	6	9	11	11	2	4	4	6	4	9	7	3	5	4	2	1	2
ASV115	18	13	24	14	15	26	12	10	19	20	23	16	15	20	22	42	42	53
ASV1150	2	0	1	5	1	1	2	1	0	5	2	0	2	1	0	0	1	1
ASV1151	2	2	2	1	0	5	0	0	1	5	0	1	2	1	0	1	0	0
ASV1152	10	4	14	14	11	13	3	9	8	6	7	8	16	5	13	4	6	7
ASV1153	5	4	13	3	1	2	6	1	4	3	3	3	4	2	1	2	0	1
ASV1154	1	2	3	1	0	3	1	1	0	3	3	0	0	0	3	5	0	0
ASV1155	6	7	10	6	2	7	5	6	3	10	5	5	0	6	1	0	0	0
ASV1156	0	1	0	0	1	0	1	1	0	1	5	0	2	7	0	0	0	0
ASV1157	9	10	6	6	4	6	4	4	7	3	3	4	6	8	4	4	0	0
ASV1158	3	1	0	0	1	0	1	0	3	0	0	0	0	0	1	0	1	1
ASV1159	2	3	3	2	3	5	3	6	6	5	2	7	4	3	6	4	2	0
ASV116	26	91	38	41	56	55	65	56	58	40	43	36	26	37	32	34	41	22
ASV1160	4	2	2	1	4	1	0	1	1	1	0	0	1	0	0	0	1	0
ASV1161	14	11	10	15	11	10	9	16	10	5	11	12	13	3	7	7	5	9
ASV1162	8	7	21	3	11	6	8	5	8	11	7	8	6	3	1	2	3	1
ASV1163	13	10	7	9	2	1	8	2	2	5	6	6	3	3	2	3	0	1
ASV1164	2	3	0	1	0	1	0	0	1	1	0	1	0	0	0	0	0	0
ASV1165	3	1	1	1	2	2	3	3	3	3	5	2	5	7	3	9	4	3
ASV1166	10	6	3	4	4	3	2	3	3	1	3	3	3	1	2	3	5	2
ASV1167	8	3	10	4	3	0	2	1	2	4	3	2	1	1	4	1	0	0
ASV1168	3	4	2	2	2	0	1	4	2	2	0	1	1	6	3	0	2	1
ASV1169	2	1	0	0	0	0	2	0	0	0	2	0	1	2	0	0	0	0
ASV117	12	5	7	7	6	15	8	14	14	10	14	20	17	34	40	43	334	415
ASV1170	3	0	5	1	6	2	2	1	3	3	4	0	0	2	2	2	1	3
ASV1171	3	0	3	6	0	5	1	0	0	2	2	0	1	0	4	0	0	0
ASV1172	5	1	5	7	3	3	3	3	2	4	4	2	2	3	2	1	0	1
ASV1173	9	14	8	3	7	2	4	2	4	9	5	3	3	2	1	0	0	0
ASV1174	11	11	11	2	2	12	1	2	4	3	4	5	4	3	1	1	1	0
ASV1175	0	1	4	2	1	2	1	2	1	0	1	2	0	1	0	2	0	0
ASV1176	7	5	4	4	2	4	4	6	3	2	3	6	4	8	5	0	9	1
ASV1177	4	5	6	4	1	1	3	0	2	2	1	0	2	4	4	0	1	0
ASV1178	13	4	10	8	8	4	1	4	1	5	3	2	6	2	2	1	0	0
ASV1179	6	3	3	4	1	2	1	1	1	0	1	0	3	1	0	1	0	0
ASV118	4	1	6	2	3	0	2	2	1	1	0	0	1	0	0	1	0	0
ASV1180	1	2	1	2	5	2	8	3	0	2	2	3	2	1	4	3	3	3
ASV1181	6	5	8	7	1	0	8	2	7	8	3	2	3	2	3	2	1	2
ASV1182	3	3	4	4	5	4	3	2	0	1	1	3	2	1	1	1	1	2
ASV1183	0	0	1	0	1	0	0	0	0	0	1	0	0	0	0	0	0	0
ASV1184	3	4	2	2	2	2	1	0	3	1	4	1	0	2	0	4	0	0
ASV1185	0	2	1	5	2	0	3	0	1	3	1	2	0	3	2	0	0	0
ASV1186	1	3	1	1	3	1	2	2	1	1	2	2	3	15	5	2	7	12
ASV1187	1	0	1	1	2	0	0	1	0	2	3	0	5	2	1	0	11	11
ASV1188	2	2	5	3	0	2	0	3	4	1	1	3	1	1	0	3	1	2
ASV1189	8	4	5	6	3	0	3	1	7	4	1	3	0	1	1	0	0	0
ASV119	18	15	18	10	18	10	8	10	13	14	9	11	8	9	7	22	38	31
ASV1190	2	2	4	3	1	3	1	2	0	2	2	1	1	2	1	0	0	0
ASV1191	25	5	1	2	1	1	4	2	5	3	2	4	4	5	0	0	0	0
ASV1192	10	8	7	8	6	7	4	5	2	5	6	0	1	3	1	0	0	0
ASV1193	5	7	8	7	2	3	7	4	5	5	6	6	9	4	1	2	1	1
ASV1194	1	1	2	5	1	2	4	1	0	0	0	1	0	2	0	0	0	0
ASV1195	0	1	1	2	0	0	2	0	0	2	0	0	0	1	0	1	2	0
ASV1196	3	2	3	4	3	8	7	3	3	5	3	5	7	3	5	7	3	7
ASV1197	3	4	5	3	6	5	5	1	4	1	1	1	2	3	4	0	2	0
ASV1198	4	11	5	9	4	6	6	4	4	8	8	8	4	5	6	2	2	2
ASV1199	7	6	9	8	4	3	6	4	4	6	6	5	6	5	2	2	4	0
ASV12	4	7	9	7	17	5	14	7	6	27	17	11	10	19	14	9	47	147
ASV120	25	24	22	12	11	20	6	9	7	23	4	18	11	9	7	7	12	9
ASV1200	2	2	1	0	2	1	0	1	0	0	1	0	0	1	0	0	0	2
ASV1202	5	5	2	2	3	2	5	3	1	8	3	1	5	4	3	3	1	1
ASV1203	10	7	3	6	9	15	7	7	4	10	4	7	8	9	6	8	0	3
ASV1204	6	9	9	7	2	3	5	2	4	6	1	3	3	3	4	2	0	0
ASV1205	3	4	1	1	2	5	5	0	1	4	2	1	2	1	1	0	0	3
ASV1206	1	0	3	0	0	2	4	0	0	0	0	0	0	0	0	0	0	0
ASV1207	1	4	3	3	3	3	4	2	4	4	0	4	2	0	3	0	0	0
ASV1208	4	1	5	3	4	4	7	1	5	2	5	5	1	6	3	15	1	2
ASV1209	2	2	4	3	2	11	0	1	1	1	0	1	0	1	0	0	1	0
ASV121	19	23	19	15	14	15	19	20	21	40	18	51	20	60	42	143	129	126
ASV1210	4	2	6	5	3	5	6	8	6	3	4	8	8	8	4	10	7	8
ASV1212	2	3	1	1	0	1	0	0	0	0	0	1	1	1	3	2	0	0
ASV1213	4	5	3	4	8	6	8	6	5	3	4	3	5	4	2	9	6	3
ASV1214	2	2	3	5	3	1	3	0	4	3	3	4	6	3	7	10	8	4
ASV1215	7	7	5	5	9	11	2	12	7	5	5	1	10	8	2	4	4	2
ASV1216	1	0	1	3	0	6	3	2	0	5	1	0	0	2	1	0	0	3
ASV1217	2	7	12	10	4	3	8	3	5	5	4	3	3	2	6	3	3	1
ASV1218	0	0	0	3	1	1	0	0	2	2	0	1	2	3	0	0	0	0
ASV1219	4	3	2	3	11	4	3	4	5	2	4	4	2	8	1	3	3	1
ASV122	18	18	18	9	21	24	12	18	30	21	39	42	42	54	44	49	43	53
ASV1220	3	2	2	0	0	1	2	0	0	1	0	0	0	1	2	0	0	0
ASV1221	9	6	6	3	4	13	7	3	7	7	4	4	6	5	4	4	2	2
ASV1222	3	1	0	2	4	1	0	0	0	1	3	0	1	1	1	7	1	3
ASV1223	2	2	3	2	2	1	3	4	0	5	2	3	6	1	4	1	1	0
ASV1224	2	4	5	2	4	3	6	2	4	7	1	3	1	1	2	0	2	1
ASV1225	9	8	6	4	3	7	5	6	5	2	5	4	6	2	1	1	1	0
ASV1226	8	2	11	9	5	9	6	3	3	4	1	5	3	1	0	2	1	0
ASV1228	6	4	8	2	5	4	2	2	4	2	3	2	5	3	1	2	4	1
ASV1229	3	3	1	2	7	4	2	3	9	8	8	4	2	9	17	5	2	2
ASV123	9	10	10	5	9	9	9	6	12	11	8	13	16	40	10	24	16	20
ASV1230	12	1	3	3	3	2	4	2	3	2	6	1	0	6	1	4	3	1
ASV1231	4	6	9	1	2	5	1	4	1	1	1	3	0	2	0	2	0	0
ASV1232	3	2	6	4	2	4	4	3	8	4	3	3	2	3	4	5	15	14
ASV1233	3	0	2	0	0	2	1	1	1	0	1	1	5	1	0	1	2	0
ASV1234	1	0	1	0	1	0	0	0	0	1	0	2	1	1	0	1	0	0
ASV1235	4	3	5	3	0	3	1	1	2	1	0	4	2	7	4	0	0	0
ASV1236	13	8	5	6	5	9	5	5	4	4	4	2	3	4	0	1	3	7
ASV1237	6	3	8	4	8	7	9	4	1	10	2	5	1	2	2	0	0	0
ASV1238	5	7	7	3	9	2	1	4	3	2	4	0	1	3	2	1	0	0
ASV1239	4	3	3	0	1	2	2	5	5	1	1	2	5	6	5	12	1	0
ASV124	3	7	3	3	4	5	0	1	1	5	1	4	4	4	5	6	2	2
ASV1240	0	1	0	0	1	1	2	1	1	1	0	0	1	2	1	0	0	0
ASV1241	0	1	0	1	3	1	2	2	0	1	0	0	1	3	0	0	0	0
ASV1242	4	1	3	3	2	7	4	3	5	2	12	2	2	3	4	3	0	0
ASV1243	22	12	11	15	17	13	20	13	12	8	11	8	14	6	2	2	8	6
ASV1244	0	0	1	0	0	1	1	5	1	2	1	3	3	7	5	7	6	18
ASV1245	3	2	1	1	0	1	3	2	2	10	4	2	4	10	6	16	8	10
ASV1246	1	2	0	3	1	1	0	0	1	2	3	0	2	2	0	0	0	2
ASV1247	9	1	7	8	3	4	5	1	3	5	2	3	2	4	7	4	2	2
ASV1248	5	4	4	5	6	6	3	7	6	8	4	10	6	3	3	6	2	0
ASV1249	1	1	0	1	0	0	0	0	0	2	0	0	0	1	0	0	0	1
ASV125	44	38	54	41	32	48	42	22	42	40	30	30	34	29	27	27	8	11
ASV1250	1	1	1	1	1	1	3	0	0	1	1	1	0	2	1	0	0	0
ASV1251	7	7	6	4	3	2	3	1	2	6	3	2	2	2	1	1	1	5
ASV1252	3	1	3	7	1	3	1	0	1	1	1	1	2	2	0	0	0	0
ASV1253	3	3	5	8	5	3	2	0	1	4	0	1	2	0	2	1	0	0
ASV1254	7	8	8	2	1	8	8	3	5	8	2	5	10	4	6	5	3	3
ASV1255	1	5	2	0	2	2	1	2	0	0	2	0	3	1	1	0	0	0
ASV1256	0	0	0	0	0	0	0	0	0	0	0	0	0	0	0	0	0	0
ASV1257	1	0	5	3	7	4	2	4	2	3	4	3	7	6	8	5	8	4
ASV1258	6	2	6	6	3	5	5	5	1	6	2	1	2	2	3	0	4	2
ASV1259	4	7	3	3	2	3	3	2	0	4	0	0	2	2	1	1	4	9
ASV126	25	21	26	20	18	21	24	18	19	17	28	12	22	17	17	31	37	20
ASV1260	4	0	5	1	3	2	2	0	2	1	0	2	1	1	1	0	1	0
ASV1261	2	0	0	5	3	1	1	3	2	1	0	1	5	1	5	0	0	0
ASV1262	6	3	7	6	7	5	4	1	1	5	1	2	3	0	1	1	0	0
ASV1263	6	2	5	2	4	4	5	1	3	4	8	2	2	3	2	0	1	0
ASV1264	2	4	2	2	0	3	0	0	0	0	2	4	2	2	6	4	1	3
ASV1265	0	0	0	3	0	0	1	0	0	0	0	0	0	0	0	0	0	0
ASV1266	2	0	6	2	2	2	2	3	1	0	0	2	0	1	5	1	2	2
ASV1267	17	4	8	10	1	1	1	3	3	4	7	10	3	2	2	2	0	0
ASV1268	2	9	5	3	4	3	5	3	0	5	4	1	1	3	0	5	0	0
ASV1269	3	6	4	6	5	1	2	5	4	3	1	4	3	2	3	2	1	1
ASV127	6	8	4	11	9	2	6	6	6	13	5	5	11	14	5	13	18	12
ASV1270	0	1	0	0	0	2	1	1	0	1	3	0	1	0	1	0	0	0
ASV1271	0	0	0	0	0	0	0	0	0	0	0	0	0	0	0	0	0	1
ASV1272	1	1	3	10	5	8	2	3	6	6	1	5	5	7	6	6	6	6
ASV1273	21	10	5	4	9	10	8	3	6	4	4	5	6	6	4	2	4	2
ASV1274	7	2	7	2	1	3	2	4	3	3	3	2	2	3	3	1	0	0
ASV1275	1	6	7	3	2	5	5	4	14	10	16	9	10	11	13	15	5	8
ASV1276	3	0	2	2	1	3	1	1	2	1	2	0	2	1	2	0	0	0
ASV1277	10	6	4	1	5	6	6	2	1	8	4	4	5	2	8	1	2	1
ASV1278	21	4	10	1	8	2	5	4	5	3	3	4	4	4	2	0	0	0
ASV1279	6	2	4	4	2	3	1	0	3	3	4	3	2	0	0	0	0	0
ASV128	6	4	3	6	3	13	6	3	4	7	5	2	3	3	3	11	4	4
ASV1280	4	4	0	1	2	1	1	1	4	0	3	5	3	1	8	4	8	4
ASV1281	2	0	0	0	0	0	0	0	0	0	1	0	0	0	0	0	0	0
ASV1282	4	5	1	0	0	4	2	2	2	2	1	0	4	2	1	0	4	1
ASV1283	3	2	1	7	2	0	3	4	6	3	1	1	0	2	1	1	0	2
ASV1284	5	7	4	1	3	4	4	2	1	1	3	4	1	2	0	5	5	0
ASV1285	1	0	1	0	2	1	0	0	0	0	1	0	0	1	0	1	1	0
ASV1286	9	5	7	7	9	7	6	8	4	7	6	7	3	4	3	5	6	2
ASV1287	1	0	0	1	0	0	0	0	1	0	0	0	1	0	0	0	0	1
ASV1288	5	4	2	1	1	2	1	1	0	1	1	0	1	1	4	0	0	0
ASV1289	0	1	0	0	0	0	0	0	0	0	0	0	0	0	0	0	0	0
ASV129	0	0	0	1	2	0	0	0	0	0	0	0	0	1	0	4	0	1
ASV1290	0	1	2	1	1	5	2	5	1	8	5	5	6	10	6	7	9	16
ASV1291	0	0	1	1	2	0	0	0	0	1	1	0	0	0	0	0	0	0
ASV1292	10	5	9	5	3	2	4	4	5	4	5	10	3	4	2	2	1	1
ASV1293	5	3	3	4	1	1	1	3	3	4	2	4	4	2	2	3	9	17
ASV1294	2	0	0	0	1	1	0	0	0	0	0	1	0	0	3	1	0	1
ASV1295	7	5	11	5	6	4	13	5	2	11	6	6	4	3	1	3	2	2
ASV1296	1	3	0	2	4	1	2	0	0	2	2	4	2	0	0	1	0	2
ASV1297	3	1	1	5	3	2	3	3	6	1	0	3	1	2	2	0	3	2
ASV1298	6	9	5	1	8	3	4	3	2	4	1	2	1	1	1	1	1	1
ASV1299	8	9	7	0	6	6	7	2	1	5	4	4	5	4	1	2	3	0
ASV13	37	23	29	28	20	29	30	34	31	101	53	68	64	154	143	252	2254	2970
ASV130	1	5	6	3	6	4	4	4	1	2	0	4	2	0	1	1	3	2
ASV1300	2	0	0	1	0	3	1	1	0	4	1	1	0	0	1	0	0	0
ASV1301	0	0	0	0	0	0	0	0	0	0	0	0	0	0	0	0	0	0
ASV1302	10	12	8	2	4	5	4	2	2	4	2	4	7	8	1	2	0	0
ASV1303	15	3	3	11	8	11	11	3	8	6	2	4	3	6	3	0	0	0
ASV1304	2	4	1	2	1	1	2	1	1	4	1	2	1	2	1	1	0	0
ASV1305	0	6	2	1	1	3	2	4	1	2	2	1	4	3	2	3	0	4
ASV1306	2	3	3	4	1	2	3	7	1	3	1	1	0	3	1	0	0	0
ASV1307	3	4	2	0	0	1	2	1	1	1	2	0	0	1	0	2	0	0
ASV1308	2	11	10	4	5	10	6	5	1	11	9	9	3	3	2	1	0	2
ASV1309	2	0	2	2	4	0	0	2	0	0	2	0	0	0	0	0	0	0
ASV131	9	14	16	15	17	17	13	16	12	18	20	14	21	13	11	16	8	9
ASV1310	2	0	3	3	3	1	1	1	6	2	2	1	2	7	2	4	1	1
ASV1311	7	5	2	7	3	2	3	3	4	3	0	11	5	5	5	0	4	7
ASV1312	4	5	7	3	4	1	1	0	1	1	2	3	2	2	1	0	0	0
ASV1313	3	3	4	3	4	3	2	3	2	1	1	2	6	3	2	2	0	2
ASV1314	0	0	0	0	0	3	2	0	1	0	1	0	1	0	0	0	0	0
ASV1315	15	6	3	5	4	4	4	4	2	2	1	6	1	2	1	1	1	0
ASV1316	0	0	0	1	1	2	0	1	0	1	1	0	1	2	0	5	1	0
ASV1317	7	9	9	1	4	6	5	1	5	2	6	4	1	4	2	0	0	0
ASV1318	11	6	5	4	6	3	6	2	7	8	3	6	8	2	2	3	1	0
ASV1319	7	6	12	5	9	5	4	2	3	6	6	2	7	1	3	2	1	0
ASV132	28	21	28	31	23	24	17	15	11	26	9	13	11	12	10	9	2	0
ASV1320	1	0	0	3	11	5	3	2	0	5	5	2	5	10	4	2	5	2
ASV1321	0	1	0	3	4	0	3	0	0	1	1	0	3	2	2	2	4	0
ASV1322	2	1	1	1	2	3	1	3	0	1	4	2	1	2	3	4	0	2
ASV1323	0	0	0	0	0	0	0	0	0	0	0	0	0	0	0	0	0	0
ASV1324	2	10	4	3	3	1	1	1	2	5	0	2	2	0	0	4	0	2
ASV1325	0	0	0	0	0	0	0	0	0	0	0	0	0	0	0	0	0	0
ASV1326	5	1	4	2	2	5	2	1	1	0	0	1	1	1	2	0	0	1
ASV1327	1	1	3	2	3	2	1	1	0	0	1	2	0	1	1	0	0	0
ASV1328	2	1	0	1	0	0	1	0	0	0	0	0	0	0	1	0	0	0
ASV1329	4	2	3	5	3	1	4	6	2	3	3	4	2	3	1	1	0	6
ASV133	48	44	34	39	53	53	47	31	46	54	40	39	47	55	58	39	22	24
ASV1330	17	9	7	11	8	8	9	6	12	7	8	12	5	7	6	0	0	3
ASV1331	4	5	7	6	3	6	3	0	1	1	4	2	3	2	1	1	0	1
ASV1332	3	1	2	1	3	0	2	0	0	2	1	1	0	3	0	0	0	0
ASV1333	6	7	0	2	0	2	1	2	0	1	1	3	5	1	2	1	1	1
ASV1334	1	0	0	0	0	0	0	0	0	0	0	0	0	0	0	0	0	0
ASV1335	5	1	2	4	2	2	1	2	0	1	0	1	4	0	2	1	1	3
ASV1336	1	0	1	1	0	1	1	0	0	1	0	0	0	0	0	0	0	0
ASV1337	4	2	2	1	0	3	3	2	5	2	5	1	2	2	2	1	4	8
ASV1338	17	19	20	22	23	18	19	16	16	10	25	12	27	10	11	9	16	17
ASV1339	0	0	3	0	0	1	0	0	0	0	0	0	0	0	2	0	0	1
ASV134	27	15	23	21	11	19	13	8	14	23	13	16	10	14	22	5	53	96
ASV1340	3	6	9	5	2	3	5	2	4	1	3	3	3	4	2	1	0	0
ASV1341	3	3	1	0	1	4	3	9	1	4	1	0	4	1	0	0	1	0
ASV1342	4	1	0	2	3	0	0	1	1	0	0	0	2	4	0	0	0	0
ASV1343	2	3	1	4	1	1	0	2	3	2	3	1	4	1	0	1	1	0
ASV1344	4	1	3	0	2	5	7	1	5	3	6	3	6	7	5	3	8	9
ASV1345	0	0	3	2	2	2	5	2	7	2	4	5	3	2	3	2	3	0
ASV1346	3	1	2	2	22	5	4	2	8	3	5	7	10	14	3	7	7	1
ASV1347	0	0	0	0	1	0	0	0	1	0	0	0	0	0	0	0	0	1
ASV1348	2	1	2	2	2	2	4	0	3	5	0	4	1	3	0	0	0	3
ASV1349	0	0	0	0	0	0	0	0	0	0	0	0	0	0	0	0	0	0
ASV135	14	19	15	14	9	15	12	15	17	10	19	11	16	28	49	70	38	64
ASV1350	4	4	3	3	2	3	3	3	1	4	8	7	4	3	3	7	4	1
ASV1351	1	3	2	0	2	3	2	3	3	4	4	2	2	3	0	0	0	0
ASV1352	4	5	4	3	2	0	2	2	1	2	1	1	1	0	1	3	0	0
ASV1353	12	6	5	7	6	9	4	8	4	2	6	8	6	6	8	2	1	2
ASV1354	4	1	2	0	6	4	4	6	4	3	5	3	4	2	4	6	5	3
ASV1355	4	3	1	4	2	3	2	1	2	0	1	0	0	3	2	10	3	4
ASV1356	1	0	0	1	1	0	0	0	0	1	0	0	0	1	2	0	1	0
ASV1357	7	4	2	2	6	1	2	3	4	2	4	1	4	5	3	3	2	0
ASV1358	19	13	18	16	18	9	23	13	13	14	14	9	13	5	7	10	7	9
ASV1359	3	1	5	4	1	1	2	0	0	1	2	2	1	2	0	1	2	1
ASV136	24	37	33	41	41	51	51	33	32	39	36	56	42	52	39	54	38	26
ASV1360	4	0	3	5	2	4	2	2	1	5	2	1	4	4	0	1	0	1
ASV1361	1	6	3	2	3	1	3	0	4	5	0	0	3	0	1	4	1	1
ASV1362	13	7	5	5	8	8	11	2	3	5	7	4	2	1	1	0	0	0
ASV1363	3	1	1	3	9	6	4	1	1	1	3	2	7	3	1	7	4	4
ASV1364	3	3	2	5	2	5	4	6	1	4	3	3	5	2	3	3	2	2
ASV1365	2	1	6	1	1	3	0	1	0	2	0	0	2	0	0	1	0	0
ASV1366	0	0	1	2	1	2	1	1	0	1	2	2	2	4	0	9	0	0
ASV1367	0	0	1	0	0	0	1	2	0	0	1	0	0	1	0	0	0	0
ASV1368	9	9	12	8	3	6	4	1	5	2	2	3	3	2	2	0	0	2
ASV1369	14	6	10	6	2	7	4	2	1	5	6	5	2	1	2	2	0	2
ASV137	0	0	0	2	0	0	0	3	0	1	0	2	0	2	0	2	3	1
ASV1370	6	6	10	3	3	5	4	2	6	7	2	4	7	4	2	0	0	0
ASV1371	1	4	1	0	2	2	0	3	3	2	1	2	1	2	1	1	2	1
ASV1372	0	3	1	2	0	0	1	1	2	3	0	0	0	0	0	1	0	0
ASV1373	1	0	4	2	0	3	4	1	1	0	2	1	1	2	2	1	1	0
ASV1374	0	0	2	0	0	1	0	0	0	0	0	0	1	0	0	1	0	0
ASV1375	5	2	0	2	3	3	1	2	0	5	1	3	1	3	3	5	9	3
ASV1376	3	0	3	3	2	0	2	0	2	0	0	2	4	3	0	0	1	0
ASV1377	0	0	1	2	3	1	0	0	1	0	0	0	0	0	0	0	2	0
ASV1378	0	1	0	0	0	0	0	4	1	0	2	3	2	3	1	4	5	3
ASV1379	1	3	1	1	0	0	0	0	0	0	1	1	0	1	1	1	0	0
ASV138	38	25	32	25	31	26	26	18	22	30	35	30	30	22	25	61	52	30
ASV1380	0	2	2	0	1	0	0	0	0	0	1	0	2	0	0	0	0	0
ASV1381	1	3	3	2	5	3	7	8	7	6	8	11	10	9	3	7	7	8
ASV1382	1	0	0	0	0	0	0	0	1	0	0	1	3	1	0	2	5	0
ASV1383	1	6	1	1	3	2	1	0	1	3	1	2	2	1	1	1	3	1
ASV1384	4	2	5	1	3	1	2	1	1	4	2	2	1	2	1	1	0	0
ASV1385	4	4	10	5	1	5	3	1	4	2	3	4	3	3	2	2	0	1
ASV1386	4	2	3	1	4	5	3	3	6	3	1	1	3	1	3	2	0	1
ASV1387	2	2	0	3	0	1	0	0	0	2	0	1	0	1	0	1	1	0
ASV1388	1	5	3	5	2	4	4	4	0	2	1	2	4	6	1	5	1	3
ASV1389	4	0	1	5	3	2	2	0	3	3	3	0	3	0	0	0	0	0
ASV139	70	20	37	33	26	38	20	18	21	38	28	16	15	24	13	8	7	10
ASV1390	3	4	11	2	1	3	4	2	2	2	1	4	4	1	0	0	2	0
ASV1391	4	3	3	2	1	1	3	0	2	5	5	2	2	5	0	19	8	13
ASV1392	3	1	0	0	1	2	3	0	0	2	0	1	0	0	0	0	0	0
ASV1393	3	2	4	7	1	2	2	2	3	3	2	2	3	0	0	1	0	0
ASV1394	7	3	6	4	2	4	1	2	0	2	0	2	3	0	0	1	0	0
ASV1395	10	6	10	4	7	2	9	2	5	5	7	7	2	7	8	2	7	3
ASV1396	1	4	0	0	2	5	1	2	2	5	4	1	1	1	1	1	0	0
ASV1397	4	1	0	2	17	3	4	2	5	4	5	6	4	6	2	4	6	3
ASV1399	1	0	0	1	0	0	0	0	0	1	1	0	0	0	0	1	0	0
ASV14	318	487	345	469	558	496	547	548	532	354	420	356	352	293	303	321	324	209
ASV140	75	45	48	37	40	40	41	30	42	54	26	30	35	38	28	39	10	7
ASV1401	0	0	0	0	0	0	0	0	0	0	0	0	0	0	0	0	0	0
ASV1402	7	6	7	7	9	4	3	0	4	5	4	1	3	7	0	1	1	1
ASV1403	5	1	2	3	1	4	1	2	0	2	3	2	0	2	1	3	0	1
ASV1404	4	2	3	1	3	3	4	1	0	4	2	2	1	0	2	4	1	1
ASV1405	0	2	1	1	0	0	1	0	1	0	0	1	1	0	0	0	0	0
ASV1406	1	2	2	3	3	0	1	1	3	1	4	2	4	1	1	1	0	0
ASV1407	0	0	4	2	1	2	0	2	2	3	1	2	2	2	1	0	1	1
ASV1408	1	1	8	1	6	9	7	2	5	6	9	6	9	7	8	7	2	7
ASV1409	0	0	0	0	0	0	0	0	0	0	0	0	0	0	0	0	0	0
ASV141	1	1	2	2	1	0	1	0	1	0	1	0	0	1	0	3	2	2
ASV1410	2	4	1	4	2	0	2	1	0	1	1	0	2	1	2	0	1	2
ASV1411	9	4	2	4	2	3	7	4	6	3	5	6	2	3	3	4	1	0
ASV1412	4	4	2	4	2	1	4	1	2	0	2	0	1	2	2	2	2	0
ASV1413	0	1	1	0	0	0	0	1	0	0	1	0	0	1	0	0	0	0
ASV1414	10	3	7	3	2	0	3	2	1	2	2	4	0	2	3	3	0	0
ASV1415	0	0	0	0	0	0	0	0	0	0	0	0	0	0	0	0	0	0
ASV1416	0	2	1	0	1	0	1	1	0	0	0	2	3	0	0	0	1	0
ASV1417	8	2	6	5	4	5	2	5	2	2	5	1	2	7	4	3	3	2
ASV1419	3	3	6	2	3	2	4	4	3	0	3	2	2	1	2	2	2	1
ASV142	80	44	66	50	33	43	29	25	34	17	36	27	42	27	30	15	21	15
ASV1420	0	0	0	0	0	1	0	0	0	0	0	0	0	0	0	0	0	0
ASV1421	2	0	2	4	0	1	1	1	1	4	6	0	1	4	0	0	0	3
ASV1422	0	2	5	2	3	1	3	0	0	0	3	2	1	0	3	0	0	0
ASV1423	1	1	4	2	2	1	1	0	0	2	0	0	4	0	2	0	0	3
ASV1424	3	1	2	4	1	4	0	3	1	3	5	0	6	9	2	8	5	8
ASV1425	8	2	5	2	2	1	0	0	2	3	1	3	2	2	1	1	1	0
ASV1426	2	4	2	5	2	1	1	0	0	0	0	1	1	1	2	2	2	0
ASV1427	4	6	7	7	1	3	5	0	4	2	1	3	1	1	0	0	0	0
ASV1428	6	8	4	7	5	7	10	4	5	4	2	6	5	1	5	2	1	3
ASV1429	2	2	2	7	4	3	0	2	2	4	1	0	1	4	4	3	3	1
ASV143	52	33	57	38	33	47	44	42	38	50	39	55	42	49	68	70	22	25
ASV1430	10	1	2	5	1	7	2	2	11	5	10	2	4	4	5	1	1	1
ASV1431	0	0	0	0	0	0	0	0	0	0	0	0	0	0	0	0	0	0
ASV1432	6	4	3	3	6	5	5	4	7	9	7	6	7	6	4	2	2	6
ASV1433	6	8	7	11	8	7	7	9	5	1	3	4	8	2	2	1	0	2
ASV1434	1	2	5	3	3	5	6	1	2	4	1	2	2	2	3	1	0	2
ASV1435	2	4	4	4	6	1	6	1	5	5	1	2	3	1	2	5	1	8
ASV1436	0	2	1	2	0	7	3	1	0	3	5	2	4	3	1	2	2	0
ASV1437	4	5	2	3	3	6	5	2	3	6	2	2	2	4	4	1	1	2
ASV1438	12	3	6	7	3	9	6	6	4	5	2	3	5	3	5	2	1	0
ASV1439	3	1	3	1	4	4	0	0	2	2	2	1	2	2	1	0	0	0
ASV144	0	0	2	0	1	0	0	0	0	0	3	0	0	0	0	0	2	11
ASV1440	1	0	0	1	0	0	3	1	0	1	2	0	0	1	1	0	0	1
ASV1441	2	2	0	2	2	2	1	2	1	0	1	1	1	2	2	1	1	5
ASV1442	4	1	6	0	3	0	4	7	2	4	5	4	6	8	7	7	2	9
ASV1443	5	1	0	2	2	3	1	0	1	2	5	2	1	0	3	0	0	0
ASV1444	0	0	0	0	0	0	0	1	0	0	0	0	0	0	0	0	0	1
ASV1445	3	3	1	2	0	3	1	1	0	2	2	5	1	4	3	1	0	0
ASV1446	3	3	2	2	3	2	4	1	2	5	3	4	4	1	3	1	2	2
ASV1448	4	3	3	4	3	0	2	2	6	0	2	2	1	4	4	3	4	1
ASV1449	17	4	10	11	4	7	3	9	3	6	6	4	11	4	5	6	4	4
ASV145	19	20	23	11	15	19	25	24	16	14	16	27	13	10	17	27	26	17
ASV1450	6	5	3	4	1	4	3	3	1	3	6	5	2	2	4	15	8	2
ASV1451	4	4	2	3	2	3	2	2	0	0	1	4	2	3	4	1	2	0
ASV1452	4	4	3	1	0	1	4	5	9	8	19	16	12	25	14	11	30	15
ASV1453	2	2	1	1	2	1	1	0	0	0	3	0	1	1	0	0	1	2
ASV1454	0	1	0	2	2	1	0	1	2	2	2	0	4	2	4	4	0	1
ASV1455	1	0	3	0	2	1	1	0	2	0	0	1	0	0	2	0	0	0
ASV1456	5	4	2	4	2	4	6	5	1	3	2	1	2	2	0	3	0	1
ASV1457	1	1	2	1	2	2	1	0	0	1	0	0	1	1	1	0	0	0
ASV1458	1	3	2	3	1	3	7	0	4	4	1	1	0	2	1	2	2	1
ASV1459	1	1	0	3	1	1	2	0	0	0	0	2	2	0	1	1	0	0
ASV146	2	3	5	8	4	4	6	6	5	10	4	7	6	3	10	5	22	58
ASV1460	0	0	0	0	0	1	0	0	0	0	0	1	1	0	0	0	0	0
ASV1461	0	1	1	0	0	1	0	0	0	0	0	1	1	1	0	0	0	0
ASV1462	2	1	2	2	3	2	0	2	4	2	0	4	5	5	5	9	1	3
ASV1463	1	2	1	1	0	1	1	0	0	1	1	1	0	1	1	0	1	0
ASV1464	2	4	2	5	2	4	2	1	1	2	5	1	1	1	3	0	3	2
ASV1465	0	1	3	2	5	7	2	3	2	2	3	7	3	5	5	11	3	1
ASV1466	11	12	11	16	8	14	13	14	13	9	15	13	11	5	5	3	7	9
ASV1467	3	2	1	1	2	3	2	1	3	2	3	2	0	1	2	2	0	0
ASV1468	11	8	13	5	5	4	9	4	7	8	5	5	4	5	3	5	2	1
ASV1469	0	0	0	2	0	5	2	8	1	1	4	0	0	2	0	0	4	1
ASV147	13	8	10	5	6	13	3	10	7	18	5	11	4	9	5	18	11	13
ASV1470	4	5	4	3	2	1	3	4	4	5	1	4	3	1	3	1	1	0
ASV1471	0	0	2	1	1	0	0	1	1	0	0	1	1	0	0	1	1	0
ASV1472	2	3	4	6	5	5	3	3	0	3	3	3	2	2	4	0	1	1
ASV1473	0	0	0	0	1	0	1	1	1	0	0	0	0	1	0	0	0	0
ASV1474	2	3	3	2	0	1	1	0	0	0	1	1	1	1	0	0	1	0
ASV1475	16	6	8	5	4	10	10	5	4	9	10	14	8	9	8	5	9	3
ASV1476	2	0	5	1	2	4	3	0	2	3	0	1	1	1	0	1	1	0
ASV1477	3	1	6	6	1	2	3	3	4	3	0	2	3	2	1	1	1	1
ASV1478	4	1	5	2	1	8	6	6	3	8	2	6	4	2	2	0	0	0
ASV1479	3	1	1	3	0	4	2	3	0	0	1	2	1	2	1	0	1	0
ASV148	16	15	19	19	17	20	11	9	13	12	10	11	10	11	13	18	20	33
ASV1480	0	1	0	0	2	0	0	0	0	0	0	0	1	1	0	0	0	0
ASV1481	0	1	2	1	1	1	0	0	0	0	0	1	1	1	0	0	0	0
ASV1482	1	0	2	0	0	0	0	0	1	1	0	0	0	0	0	0	0	0
ASV1483	1	4	2	4	8	8	7	4	5	10	4	4	9	3	4	2	7	3
ASV1484	1	2	2	2	0	3	0	0	1	1	1	1	2	0	0	0	0	0
ASV1485	2	1	2	1	2	0	0	2	1	1	2	0	0	2	3	1	2	1
ASV1486	3	1	1	4	1	3	5	0	0	0	1	3	3	1	0	1	0	0
ASV1487	6	0	1	5	4	6	4	5	2	4	3	2	5	4	2	7	3	4
ASV1488	1	8	8	3	0	5	5	8	3	3	4	6	6	2	2	1	2	2
ASV1489	8	7	4	4	5	2	3	1	3	7	4	5	3	0	5	0	4	2
ASV149	74	55	84	48	62	61	46	24	50	39	61	29	44	50	27	12	14	11
ASV1490	0	0	0	0	0	0	0	0	0	0	0	0	0	0	0	0	0	0
ASV1491	14	6	7	2	9	3	5	2	3	7	2	1	2	4	1	2	0	0
ASV1492	21	14	12	19	13	5	16	10	11	14	6	8	7	9	3	5	5	1
ASV1493	10	11	8	7	7	3	13	5	10	7	14	12	10	16	9	11	5	4
ASV1494	0	2	0	2	0	2	3	1	1	3	0	4	0	2	1	1	0	0
ASV1495	6	7	5	7	2	5	7	3	2	6	8	1	0	4	4	4	1	4
ASV1496	0	2	2	7	0	1	2	0	1	2	2	3	3	2	2	2	0	0
ASV1497	0	2	0	0	0	0	0	0	0	0	0	0	0	0	0	0	0	0
ASV1498	5	1	3	1	3	5	3	2	2	4	2	5	3	3	4	8	2	0
ASV1499	6	9	4	6	5	4	8	5	5	4	6	6	5	2	1	4	3	2
ASV15	39	26	58	39	47	41	42	36	29	23	40	41	51	59	65	101	123	122
ASV150	48	19	13	10	14	22	29	77	77	67	150	110	107	148	102	96	101	81
ASV1500	6	4	1	4	2	3	2	2	1	1	2	1	1	1	0	1	0	0
ASV1501	2	4	1	0	0	6	3	2	2	4	1	3	1	3	1	0	0	0
ASV1502	0	6	2	6	2	2	6	1	3	6	5	1	6	3	0	0	0	0
ASV1503	2	4	0	3	0	7	2	0	6	6	7	2	6	6	1	5	3	5
ASV1504	1	4	2	4	0	0	4	1	1	1	2	2	2	1	0	0	0	1
ASV1505	2	7	2	1	5	3	3	2	3	5	4	4	4	2	3	4	2	2
ASV1506	5	6	11	7	3	11	6	1	2	0	3	0	1	2	0	1	0	0
ASV1507	2	1	3	2	1	2	1	1	7	2	1	2	1	0	1	0	0	2
ASV1508	5	4	3	5	8	1	2	6	3	4	6	2	2	3	4	0	0	0
ASV1509	3	0	2	3	0	1	3	1	0	0	1	1	1	0	2	2	1	0
ASV151	97	83	112	112	89	112	112	132	118	127	128	120	96	73	78	81	160	133
ASV1510	2	3	2	1	0	6	0	0	1	5	2	3	0	0	1	1	0	0
ASV1511	1	3	3	8	3	5	2	5	1	2	3	2	5	4	4	6	2	2
ASV1512	3	1	0	1	1	2	8	2	0	2	2	1	1	4	9	3	2	0
ASV1513	5	2	6	1	3	4	2	2	1	4	5	1	4	2	1	4	1	1
ASV1514	3	8	3	7	4	4	8	4	2	12	7	3	3	9	3	2	3	2
ASV1515	3	2	1	2	2	1	2	0	2	0	2	4	2	3	1	0	11	16
ASV1516	0	2	2	3	1	3	0	0	0	2	3	0	3	3	1	2	3	2
ASV1517	9	6	5	4	6	4	3	0	4	8	1	1	1	3	2	0	0	1
ASV1518	0	0	0	0	0	1	0	3	0	0	1	0	0	1	0	1	0	0
ASV1519	4	8	7	7	8	8	9	1	9	8	2	1	0	3	1	3	1	0
ASV152	0	0	0	0	0	2	1	2	1	1	2	1	0	1	1	0	0	0
ASV1520	6	2	3	2	6	6	6	3	0	3	4	3	1	9	1	7	4	4
ASV1521	1	2	1	2	3	1	5	2	1	5	3	2	3	2	1	0	5	20
ASV1522	15	8	2	4	4	2	5	3	3	4	8	3	3	6	3	4	3	0
ASV1523	3	6	1	4	3	4	1	5	2	2	1	3	3	6	6	0	0	6
ASV1524	7	6	3	0	2	3	3	2	0	5	2	2	0	0	3	1	2	0
ASV1525	2	0	2	0	1	2	1	0	0	0	0	1	2	1	0	1	3	5
ASV1526	0	0	0	0	0	0	0	1	0	0	0	0	1	0	0	0	0	1
ASV1527	1	1	1	0	0	1	0	0	0	0	0	0	0	0	1	0	0	0
ASV1528	2	1	1	2	0	1	1	0	0	1	0	1	0	0	0	0	0	0
ASV1529	2	2	4	3	1	1	1	1	1	2	4	1	2	0	3	0	0	0
ASV153	65	16	15	1	7	12	21	33	41	55	43	32	46	72	66	99	66	30
ASV1530	1	2	5	1	2	1	4	6	2	3	2	1	2	4	3	1	1	0
ASV1531	1	0	1	1	1	1	1	2	0	0	1	0	0	0	0	0	0	0
ASV1532	7	3	1	2	4	2	5	2	0	1	0	2	2	3	1	1	0	0
ASV1534	6	4	5	5	2	2	1	2	4	5	1	5	5	1	2	1	0	0
ASV1535	2	4	1	2	8	2	4	5	3	6	6	6	2	10	3	21	6	2
ASV1536	12	4	7	5	6	0	4	0	1	4	3	0	4	4	1	2	2	1
ASV1537	3	1	5	1	2	1	1	0	0	1	1	1	2	2	1	1	0	2
ASV1538	1	1	2	0	0	3	1	0	1	0	2	1	1	1	3	0	1	0
ASV1539	0	0	0	1	0	0	0	0	0	1	1	0	0	0	0	0	0	0
ASV154	26	23	20	21	27	18	24	22	15	31	12	6	25	20	6	13	8	5
ASV1540	11	6	14	10	9	12	6	4	4	4	5	6	6	0	6	0	0	3
ASV1541	2	0	2	1	1	0	0	5	0	0	1	2	5	3	0	5	0	1
ASV1542	0	1	1	0	0	3	1	0	2	0	1	0	0	1	2	0	1	2
ASV1543	6	4	4	4	4	1	4	2	2	4	4	3	2	3	6	5	2	0
ASV1544	5	1	2	1	2	3	2	0	1	1	2	2	2	2	1	0	0	1
ASV1545	2	0	0	0	2	0	0	0	0	2	0	0	1	1	0	1	0	0
ASV1546	19	7	10	9	8	10	12	8	6	7	14	6	8	11	6	4	4	2
ASV1547	9	4	5	2	2	0	5	3	2	1	0	4	3	3	2	3	0	0
ASV1548	7	3	8	5	6	5	4	2	1	3	3	1	2	2	1	0	1	0
ASV155	9	8	21	12	12	14	6	9	12	19	17	11	18	15	29	30	15	11
ASV1550	0	1	0	1	1	1	0	0	0	0	0	0	1	0	3	0	0	0
ASV1551	3	2	4	4	4	2	1	1	1	2	3	1	1	1	1	2	2	2
ASV1552	8	1	3	5	2	1	2	0	1	1	0	1	1	1	4	0	0	0
ASV1553	1	0	0	1	1	1	0	0	1	1	1	2	1	0	1	0	0	0
ASV1554	2	0	0	2	2	5	5	2	2	7	4	4	4	10	3	7	3	4
ASV1555	7	4	3	3	6	4	6	3	4	5	2	4	2	2	1	1	0	0
ASV1556	2	2	1	2	1	3	1	0	0	2	0	0	3	0	0	0	0	6
ASV1557	4	0	1	1	3	0	1	1	0	2	1	1	4	2	2	0	0	0
ASV1558	11	7	6	3	3	4	5	2	4	8	4	4	4	4	1	2	0	0
ASV1559	2	1	1	1	0	1	0	0	0	2	0	0	0	0	0	2	0	0
ASV156	64	46	79	49	52	45	44	15	18	41	42	25	30	25	12	1	0	1
ASV1560	3	4	5	5	1	4	1	0	3	2	0	2	1	1	1	2	0	0
ASV1561	2	2	2	4	1	2	6	6	5	1	4	7	9	14	4	12	4	3
ASV1562	2	2	1	3	0	0	1	0	2	1	0	2	1	0	1	1	0	0
ASV1563	2	0	0	0	0	2	0	0	1	0	0	1	0	0	0	1	0	1
ASV1564	0	4	1	0	0	0	0	0	0	0	0	0	0	0	0	0	0	0
ASV1565	1	1	0	0	0	1	0	0	0	0	0	0	0	0	0	0	0	0
ASV1566	0	1	0	0	1	2	0	1	1	1	0	2	0	1	1	0	0	0
ASV1567	2	0	6	1	1	4	3	1	1	4	2	5	5	6	3	1	3	11
ASV1568	1	1	1	0	0	0	0	2	0	0	0	0	0	1	1	0	0	0
ASV1569	0	0	0	0	1	1	2	1	1	0	0	0	0	1	0	0	0	2
ASV157	31	22	99	22	24	22	25	24	28	31	34	21	23	36	45	19	20	18
ASV1570	7	3	6	7	2	2	3	0	2	0	3	1	0	2	1	0	0	1
ASV1571	1	4	0	0	5	4	3	2	1	4	4	1	1	2	1	0	1	0
ASV1572	2	4	3	0	2	3	0	2	3	3	3	2	0	1	0	0	0	0
ASV1573	4	0	2	2	1	2	1	0	0	2	1	0	1	1	0	1	0	1
ASV1574	4	7	4	3	5	2	1	2	3	2	2	0	2	1	0	0	0	0
ASV1575	1	0	2	1	0	1	0	0	0	2	1	0	0	2	2	0	0	0
ASV1576	2	1	2	2	2	2	1	0	2	0	3	3	4	0	2	5	0	0
ASV1577	7	2	4	3	1	9	4	2	2	1	3	1	4	1	1	0	0	0
ASV1578	3	0	0	0	0	0	0	0	0	0	0	0	0	0	0	0	0	0
ASV1579	0	0	0	0	0	0	0	0	0	0	0	0	0	0	0	0	0	0
ASV158	75	42	37	38	40	35	43	36	19	37	31	28	29	30	25	15	11	17
ASV1580	9	9	6	3	6	8	3	2	7	1	3	4	3	2	2	1	1	0
ASV1581	8	7	4	3	7	10	4	5	3	4	4	9	5	1	2	5	4	9
ASV1582	4	0	1	2	1	0	1	0	0	0	0	0	1	1	0	0	0	0
ASV1583	0	1	1	0	2	0	0	1	1	2	1	1	1	1	0	0	5	2
ASV1584	3	0	3	1	0	2	2	0	2	3	0	0	0	0	0	1	0	0
ASV1585	1	0	0	1	1	2	2	1	1	3	2	0	1	0	0	0	0	0
ASV1586	4	3	2	4	3	2	2	0	4	6	3	2	1	1	3	1	1	0
ASV1587	2	1	0	1	0	1	0	1	2	1	2	0	2	0	3	0	0	0
ASV1588	2	6	1	5	7	4	1	5	7	2	4	8	2	2	5	2	2	1
ASV1589	3	3	3	0	1	4	1	1	3	2	3	1	1	2	0	0	0	0
ASV159	43	28	41	35	38	35	14	14	21	22	21	15	12	21	8	3	1	4
ASV1591	0	0	2	1	1	2	1	1	5	1	1	0	2	0	1	0	2	2
ASV1592	0	1	0	0	0	0	0	0	0	0	0	0	0	0	0	0	0	0
ASV1593	3	1	4	3	3	0	2	0	0	2	0	2	2	1	2	0	0	0
ASV1594	8	6	7	3	6	6	5	8	4	3	6	10	2	12	3	6	7	6
ASV1595	2	2	5	6	3	1	3	4	8	5	7	3	9	9	6	4	1	1
ASV1596	5	1	2	2	1	4	1	2	0	4	1	1	0	0	1	1	2	0
ASV1597	1	3	2	2	0	1	3	0	2	3	1	0	1	1	0	1	0	0
ASV1598	2	0	2	0	4	0	7	1	1	3	1	2	1	1	1	2	0	0
ASV1599	6	5	8	6	5	5	11	2	3	4	5	1	6	3	1	2	1	0
ASV16	59	75	61	67	70	65	59	61	57	53	65	55	82	108	117	153	129	649
ASV160	13	14	14	16	11	15	15	9	7	7	18	17	11	2	6	11	7	4
ASV1600	2	1	2	0	0	3	1	0	1	0	0	2	1	2	0	1	1	0
ASV1601	1	5	8	6	2	5	2	1	3	3	0	1	2	1	0	0	0	0
ASV1602	4	2	5	5	3	3	2	0	2	3	1	0	0	0	1	0	0	1
ASV1603	1	0	0	0	0	1	0	0	0	0	0	0	0	0	0	0	0	0
ASV1604	0	1	0	0	0	0	0	0	1	0	0	0	2	1	0	2	0	0
ASV1605	1	1	3	7	5	0	3	4	2	0	1	5	4	1	2	3	2	4
ASV1606	0	0	1	0	1	3	0	1	0	0	2	1	1	0	0	1	0	0
ASV1607	3	6	9	8	7	5	4	6	5	7	5	5	1	6	5	4	7	5
ASV1608	2	1	1	2	4	0	0	1	3	3	5	3	2	1	2	4	3	8
ASV1609	0	2	2	1	2	3	0	1	1	1	0	3	1	2	1	0	0	1
ASV161	6	3	3	6	5	3	4	3	4	6	5	2	0	0	5	2	2	2
ASV1610	2	4	1	2	0	4	4	3	5	5	2	0	2	1	1	1	1	0
ASV1611	1	3	0	1	2	0	3	1	1	2	1	2	2	3	1	2	5	0
ASV1612	0	0	1	2	0	0	1	0	0	0	0	0	1	0	2	0	0	0
ASV1613	4	1	8	4	5	4	1	0	1	4	2	1	4	2	0	1	1	2
ASV1614	1	3	3	4	2	4	2	0	0	1	1	2	0	1	0	1	0	0
ASV1615	4	9	7	7	5	5	2	2	4	3	4	1	3	1	1	3	1	1
ASV1616	1	0	1	2	4	6	3	4	3	3	7	1	5	8	7	2	4	3
ASV1617	2	6	1	1	2	2	1	2	2	1	2	1	1	3	0	2	1	1
ASV1618	4	1	3	1	2	2	1	3	0	2	3	2	2	3	2	0	2	0
ASV1619	0	0	1	1	1	2	2	1	1	1	1	0	0	2	1	1	1	1
ASV162	6	9	6	7	7	3	2	5	3	3	1	2	6	1	1	5	0	0
ASV1620	2	2	1	1	3	2	2	3	1	2	1	4	4	5	6	1	2	0
ASV1621	3	5	3	3	2	3	4	3	1	1	2	0	3	1	2	0	1	1
ASV1622	2	1	2	1	0	5	0	1	1	0	1	0	1	1	0	0	0	0
ASV1623	2	2	8	4	3	3	2	0	1	5	2	1	2	1	1	1	0	1
ASV1624	5	6	3	2	0	3	1	1	0	4	4	2	1	0	3	2	0	1
ASV1625	2	1	7	5	4	4	1	6	3	2	3	4	2	4	5	3	0	1
ASV1626	2	2	4	4	1	4	3	3	2	9	5	1	3	4	9	3	2	8
ASV1627	3	2	2	0	1	1	3	3	2	0	1	0	3	1	2	0	0	1
ASV1628	2	2	4	4	1	2	0	0	1	2	1	3	3	2	1	3	0	0
ASV1629	1	7	4	4	2	3	4	1	3	4	3	2	3	2	1	1	0	1
ASV163	2	2	7	4	4	3	1	1	3	2	3	5	2	1	1	4	6	4
ASV1631	1	0	0	0	1	0	1	3	1	2	1	2	1	2	0	5	3	1
ASV1632	3	5	3	0	4	1	3	7	3	4	4	2	4	7	2	8	5	3
ASV1633	0	4	5	3	4	0	2	5	5	1	2	3	1	3	3	6	1	0
ASV1634	3	2	1	3	2	0	5	10	4	3	8	6	0	2	2	1	8	3
ASV1635	0	1	1	0	0	1	0	0	0	1	0	0	0	1	0	0	0	0
ASV1636	3	1	5	0	2	1	2	0	1	1	2	4	2	1	1	3	3	0
ASV1637	6	2	5	8	3	7	1	2	2	5	6	2	4	0	0	0	0	0
ASV1638	10	8	5	7	3	2	3	4	3	5	5	1	1	3	3	3	1	0
ASV1639	10	8	2	0	4	2	5	4	11	5	1	2	3	2	5	2	3	5
ASV164	58	40	60	50	44	45	42	28	25	41	29	30	24	29	24	9	23	4
ASV1640	1	0	2	2	2	0	1	0	2	0	0	1	0	1	2	4	0	6
ASV1641	0	0	1	1	0	0	1	1	2	3	2	1	2	4	3	3	9	5
ASV1642	1	0	0	0	0	0	0	1	0	1	0	0	0	0	1	0	0	0
ASV1643	6	5	1	1	4	5	3	3	2	2	2	6	1	1	2	2	1	3
ASV1645	4	1	5	0	3	4	3	1	1	1	1	3	2	4	1	3	0	0
ASV1646	0	0	0	0	0	0	0	0	0	0	0	0	0	0	0	0	0	0
ASV1647	11	9	13	4	11	8	11	6	7	10	11	10	7	2	9	7	4	7
ASV1648	0	5	6	10	2	4	4	1	1	1	5	3	4	1	2	0	0	0
ASV1649	2	4	2	2	4	6	2	2	1	5	1	1	3	2	3	1	0	2
ASV165	11	10	9	9	15	7	9	9	14	9	17	14	12	12	22	21	33	22
ASV1650	3	3	1	1	1	4	3	1	1	3	3	0	0	3	2	0	0	0
ASV1651	4	0	5	1	2	1	4	1	2	5	2	0	2	4	1	3	4	4
ASV1652	4	6	5	6	4	5	3	4	3	4	2	3	2	3	1	3	0	0
ASV1653	1	1	0	0	2	3	0	0	0	0	0	0	0	0	0	0	0	0
ASV1654	2	2	1	3	1	0	0	1	1	1	0	1	3	2	2	0	0	1
ASV1655	10	7	1	6	4	6	1	3	4	7	2	1	0	1	2	0	0	1
ASV1656	6	2	5	1	1	1	0	3	1	3	1	2	2	1	1	2	1	1
ASV1657	2	0	2	3	2	3	1	1	0	2	1	2	3	2	1	0	1	0
ASV1658	2	2	2	1	1	1	1	1	0	2	3	0	0	1	0	0	0	0
ASV1659	2	4	4	3	5	3	3	2	4	3	5	2	1	2	0	1	2	0
ASV166	0	2	2	1	0	3	0	2	0	1	2	1	1	0	0	1	0	0
ASV1660	0	1	1	0	0	0	0	0	2	0	1	1	0	0	1	0	0	0
ASV1661	3	0	0	0	0	1	0	0	2	0	1	1	0	2	1	2	0	0
ASV1662	12	2	8	6	6	3	3	2	2	4	0	0	0	0	0	1	0	0
ASV1663	1	4	8	3	4	3	1	0	3	0	2	0	1	4	5	0	0	0
ASV1664	3	3	1	1	2	2	0	1	3	3	1	0	5	2	4	2	3	1
ASV1665	5	3	5	2	1	5	3	3	3	0	4	4	0	1	0	1	0	1
ASV1666	6	3	6	1	2	1	6	3	1	3	2	2	1	3	0	0	0	0
ASV1667	1	3	1	3	3	2	4	0	2	1	0	0	0	1	0	1	0	1
ASV1668	6	1	5	2	2	0	3	4	0	3	0	0	4	2	0	2	1	0
ASV1669	1	2	2	4	0	2	2	4	6	0	3	2	1	1	3	3	1	1
ASV167	7	13	17	12	7	4	16	12	20	13	16	7	14	22	17	20	13	72
ASV1670	8	4	8	2	7	4	2	2	1	4	3	3	2	1	1	0	0	0
ASV1671	12	4	7	3	4	2	4	2	0	3	6	4	6	4	3	3	2	2
ASV1672	0	1	4	0	1	2	0	0	0	1	2	0	0	1	0	0	0	0
ASV1673	1	1	4	0	1	0	0	0	1	1	0	0	0	1	0	1	0	0
ASV1674	1	1	0	1	1	1	0	0	1	2	3	0	0	0	2	0	1	0
ASV1675	4	2	3	2	0	1	1	0	1	1	1	2	1	1	0	0	0	0
ASV1676	1	1	0	0	0	2	0	1	1	1	1	1	1	1	2	4	4	3
ASV1677	11	1	5	6	1	4	6	1	2	3	1	2	4	2	1	1	0	0
ASV1678	2	2	2	0	1	3	2	4	0	0	1	4	5	6	6	6	2	6
ASV1679	2	0	0	0	2	0	0	1	0	0	0	0	0	0	0	0	0	0
ASV168	12	11	13	4	7	6	8	7	2	5	8	5	8	2	0	2	1	1
ASV1680	0	2	2	1	0	0	1	0	0	1	2	0	0	1	0	1	0	0
ASV1681	12	7	3	7	6	6	1	0	5	5	3	2	0	0	2	3	4	1
ASV1682	3	1	2	0	2	2	3	1	1	0	1	0	0	0	1	1	1	6
ASV1683	1	2	2	1	2	1	1	0	0	0	1	0	0	1	0	0	0	0
ASV1684	2	0	0	1	0	0	3	2	2	0	3	2	1	1	4	4	3	0
ASV1685	4	5	3	6	1	3	3	1	0	3	0	2	2	0	0	2	1	0
ASV1686	3	2	3	2	0	2	0	0	2	0	0	4	1	1	1	0	0	0
ASV1687	9	4	5	5	6	2	0	3	6	1	8	5	2	5	1	0	2	0
ASV1688	5	5	5	3	3	7	0	0	1	4	3	3	3	3	2	1	0	0
ASV1689	1	1	0	1	1	6	0	1	2	1	2	0	3	0	1	1	0	0
ASV169	16	14	17	11	19	18	16	21	28	38	22	21	31	15	31	40	26	21
ASV1690	1	1	4	8	2	3	7	1	0	4	3	5	2	4	1	0	0	0
ASV1691	5	3	5	10	3	7	5	7	5	4	11	6	5	7	3	6	7	5
ASV1692	6	9	2	5	0	1	2	12	6	4	15	3	7	10	7	16	10	17
ASV1693	1	0	0	1	1	0	2	2	0	1	0	0	0	1	1	6	0	4
ASV1694	0	0	0	1	0	1	1	1	1	0	1	0	0	0	0	0	0	0
ASV1695	4	5	2	0	1	1	4	0	3	0	3	3	0	2	3	0	0	0
ASV1696	1	1	5	2	1	1	2	0	0	2	2	1	0	0	2	0	0	0
ASV1697	3	4	1	2	2	1	0	3	0	3	1	0	0	1	0	0	2	2
ASV1698	6	8	4	3	3	4	2	5	8	3	3	3	3	2	4	5	2	1
ASV1699	2	5	3	4	0	2	2	3	4	4	2	2	2	2	0	0	2	0
ASV17	0	0	2	0	0	0	1	1	2	2	1	0	1	2	0	2	4	22
ASV170	5	6	5	8	7	10	6	4	13	10	4	21	13	31	27	37	310	453
ASV1700	0	1	0	0	1	0	1	0	1	0	0	1	0	2	2	0	0	2
ASV1701	2	1	1	1	4	3	1	0	0	2	3	0	1	2	0	0	0	0
ASV1703	4	1	2	1	0	0	1	0	0	0	2	0	2	1	1	1	2	0
ASV1704	3	8	7	6	3	5	4	9	3	4	8	3	4	4	6	3	11	10
ASV1705	1	2	1	3	1	3	2	2	1	4	1	1	2	0	0	6	3	5
ASV1706	4	0	3	1	2	1	0	1	0	0	0	1	0	1	0	0	1	0
ASV1707	5	7	4	6	6	6	4	5	5	6	6	4	1	5	3	3	0	0
ASV1708	9	2	2	2	3	5	1	1	0	7	8	2	2	3	3	3	0	1
ASV1709	2	0	2	2	4	3	2	3	3	7	3	2	4	5	7	3	7	5
ASV171	28	22	11	15	24	8	16	43	24	28	24	30	36	53	64	60	39	27
ASV1711	0	1	2	2	5	2	1	3	1	1	0	6	1	3	2	6	2	1
ASV1712	25	27	15	23	23	20	28	37	32	20	25	27	19	20	23	20	22	31
ASV1713	4	4	6	2	2	2	1	5	4	5	7	0	5	4	0	2	2	1
ASV1714	3	0	2	1	2	1	3	1	3	3	4	2	3	1	3	2	0	1
ASV1715	0	1	4	1	6	0	0	2	2	2	5	4	4	2	7	8	3	7
ASV1717	6	1	10	13	6	2	6	1	3	3	0	1	3	0	1	0	0	1
ASV1718	7	5	4	4	2	2	2	3	1	2	1	1	3	0	3	3	0	0
ASV1719	4	1	2	0	1	0	3	0	0	1	1	1	1	0	1	1	4	3
ASV172	36	32	6	10	16	23	22	80	71	61	147	105	95	110	102	91	66	50
ASV1720	3	2	0	0	2	3	4	3	2	8	7	4	6	5	3	2	2	1
ASV1721	11	2	3	6	3	3	3	1	1	3	2	2	0	2	0	0	0	0
ASV1722	5	1	4	3	2	2	3	2	1	0	1	0	2	3	0	0	1	0
ASV1723	0	0	0	0	0	0	1	1	1	1	0	0	0	0	0	0	0	0
ASV1724	2	5	3	1	2	0	0	1	2	2	1	2	0	2	0	0	1	0
ASV1725	0	0	0	0	0	1	0	2	1	1	0	0	0	1	1	0	1	1
ASV1726	1	2	0	1	0	1	0	1	1	1	1	0	0	1	0	0	0	0
ASV1727	4	2	5	0	5	2	4	2	5	1	9	4	2	9	1	3	0	0
ASV1728	8	2	5	7	6	2	7	5	0	5	3	4	6	1	3	1	3	3
ASV1729	1	2	4	4	3	6	6	1	0	3	0	4	3	2	0	1	0	0
ASV173	63	35	41	40	46	53	50	63	44	48	48	51	73	42	32	57	43	41
ASV1730	22	21	23	29	21	18	18	17	24	7	16	13	14	16	16	9	12	10
ASV1731	1	1	1	1	1	0	0	2	0	0	0	0	0	2	0	1	0	0
ASV1732	4	0	3	1	0	4	2	3	1	4	3	1	4	4	0	10	3	2
ASV1733	4	9	5	2	3	1	3	4	4	4	3	4	11	5	6	3	3	3
ASV1734	2	0	0	1	0	1	1	0	1	0	1	0	0	0	0	0	0	0
ASV1735	0	0	0	0	0	0	0	0	0	0	0	0	0	0	0	0	0	0
ASV1736	0	1	1	1	0	1	0	0	3	0	1	0	1	1	0	0	0	0
ASV1737	1	4	2	4	2	5	2	3	3	6	2	6	1	7	8	3	0	1
ASV1738	5	4	3	4	3	9	8	2	2	5	1	5	5	1	3	1	1	1
ASV1739	0	0	0	1	0	0	1	0	0	0	0	0	0	0	0	0	0	0
ASV174	4	5	7	10	2	4	3	4	6	6	4	2	3	4	9	12	13	8
ASV1740	8	10	12	5	3	9	3	2	2	9	5	12	3	4	4	2	1	1
ASV1741	2	2	5	4	3	2	1	0	1	2	1	0	1	3	3	4	0	0
ASV1742	1	1	3	2	0	2	0	1	1	0	2	1	0	0	2	0	0	0
ASV1743	2	3	1	8	4	7	3	2	2	6	4	2	2	4	3	1	4	0
ASV1744	6	5	8	0	3	1	1	5	1	6	3	2	2	2	0	2	0	0
ASV1745	13	2	5	6	7	4	2	2	2	5	1	2	6	7	4	2	0	0
ASV1746	7	1	5	2	3	1	2	0	0	0	3	0	1	1	0	0	0	0
ASV1747	2	1	0	1	2	2	1	1	2	0	0	0	0	0	0	0	0	0
ASV1748	0	0	1	1	4	1	2	3	0	1	1	0	2	0	0	0	0	1
ASV1749	1	5	4	1	3	5	5	1	1	2	1	1	2	7	1	2	0	0
ASV175	45	12	10	7	8	12	24	34	31	46	75	64	67	95	80	60	88	39
ASV1750	7	2	5	4	6	6	1	2	4	2	4	1	1	2	1	0	1	0
ASV1751	0	1	0	0	0	0	0	1	0	1	0	0	0	0	1	0	0	0
ASV1752	3	4	4	1	0	2	0	3	1	1	0	2	0	4	0	1	0	0
ASV1753	1	0	4	1	2	5	0	1	1	2	5	2	1	2	6	8	1	5
ASV1754	5	3	0	1	1	4	0	2	4	5	5	3	2	4	1	3	3	1
ASV1755	3	1	2	1	0	1	1	4	2	1	3	3	2	5	4	1	1	0
ASV1756	0	1	0	0	0	0	0	0	1	0	0	0	1	0	1	0	0	0
ASV1757	1	0	1	1	0	4	1	0	0	2	1	0	3	1	1	2	1	2
ASV1758	2	2	1	0	1	1	1	0	3	0	1	2	1	2	0	2	0	0
ASV1759	0	3	3	3	3	0	0	2	1	1	4	1	0	3	2	3	6	1
ASV176	33	21	24	20	23	25	30	22	24	24	22	26	29	19	33	33	18	14
ASV1760	0	1	0	0	2	2	1	2	1	0	4	2	5	3	1	4	5	6
ASV1761	6	4	1	0	1	0	3	0	1	0	0	2	1	4	0	8	2	0
ASV1762	2	3	3	0	2	1	2	2	0	1	0	0	3	3	1	4	1	1
ASV1763	9	8	10	9	5	3	6	7	7	12	8	11	10	3	7	2	2	1
ASV1764	0	0	0	0	0	0	0	0	0	0	0	0	0	0	0	0	0	0
ASV1765	1	3	0	0	0	0	0	0	1	1	0	1	1	0	1	1	0	0
ASV1766	0	2	2	0	2	2	2	1	0	0	0	1	2	1	1	3	0	1
ASV1767	4	4	2	4	3	1	1	2	1	1	2	1	4	0	3	2	0	1
ASV1768	0	3	2	3	4	2	8	1	7	2	14	1	7	6	6	13	0	1
ASV1769	2	6	4	5	4	2	3	6	7	5	0	2	6	5	5	1	1	3
ASV177	0	0	0	0	0	1	0	3	0	0	1	0	3	2	1	2	1	5
ASV1770	9	3	4	6	3	11	4	2	1	7	5	2	0	2	0	2	0	0
ASV1771	5	7	9	3	3	1	5	3	2	3	0	0	1	1	0	2	1	3
ASV1772	2	2	4	4	4	2	6	3	1	3	3	3	5	6	2	1	5	2
ASV1773	0	0	0	0	0	0	0	1	0	0	0	0	0	0	0	0	0	0
ASV1774	11	16	17	15	11	10	13	9	10	9	18	10	15	7	7	16	12	11
ASV1775	1	1	1	1	0	1	0	2	0	1	2	0	0	0	2	0	0	0
ASV1776	10	5	4	6	5	2	2	1	3	3	4	6	10	2	2	3	1	0
ASV1777	2	3	2	5	1	2	0	1	2	2	1	1	1	3	3	0	0	1
ASV1778	0	2	0	1	1	1	1	0	0	2	1	3	2	1	0	1	2	0
ASV1779	5	6	2	2	1	2	0	1	0	5	3	0	2	0	1	0	0	0
ASV178	33	21	18	24	34	26	25	19	19	19	19	18	25	14	20	21	12	4
ASV1780	1	3	4	1	3	3	1	2	1	3	2	1	5	3	9	2	1	1
ASV1781	8	9	17	15	6	11	13	14	3	6	7	8	9	2	3	2	3	2
ASV1782	2	0	5	0	12	1	1	3	5	3	4	1	6	6	10	0	3	0
ASV1783	1	0	1	0	0	2	0	0	0	0	1	1	0	0	0	0	1	0
ASV1784	1	0	2	0	0	0	0	0	0	0	0	1	1	0	0	0	0	0
ASV1786	0	0	0	1	0	0	0	0	1	0	2	1	1	0	3	4	0	1
ASV1787	0	0	0	0	0	1	0	0	0	0	0	0	0	0	0	0	0	0
ASV1788	0	4	1	1	1	1	0	0	0	0	0	0	0	0	0	0	1	0
ASV1789	2	1	2	1	1	2	4	0	2	3	1	1	0	0	1	1	0	0
ASV179	76	62	84	110	79	70	103	84	68	84	79	68	87	48	38	36	51	36
ASV1790	2	0	2	0	1	3	0	1	0	0	1	1	2	0	0	1	0	0
ASV1791	9	4	7	5	4	8	13	11	7	7	2	9	13	1	5	8	6	2
ASV1792	0	1	0	2	1	1	1	1	0	0	0	0	3	0	2	0	0	0
ASV1793	5	3	14	7	10	9	5	6	7	9	6	3	8	5	4	2	4	4
ASV1794	1	4	3	1	2	2	5	2	1	2	6	1	1	3	4	3	0	1
ASV1795	2	0	1	0	0	0	0	0	0	0	0	0	0	0	0	0	0	0
ASV1796	6	3	3	0	3	2	3	1	5	2	1	5	3	5	0	5	2	2
ASV1797	6	6	0	6	5	0	4	5	2	4	0	3	1	0	2	0	0	1
ASV1798	1	1	0	0	1	0	2	1	1	0	0	1	0	1	0	0	0	0
ASV1799	2	1	3	4	4	1	4	1	0	2	7	3	4	5	0	8	5	4
ASV18	343	415	288	396	504	458	477	440	443	346	330	302	318	292	287	282	241	158
ASV180	2	6	3	2	2	5	5	2	5	7	13	5	11	11	16	3	103	97
ASV1800	3	5	8	3	4	1	2	1	5	5	3	3	3	0	0	0	0	0
ASV1801	0	0	2	0	0	2	0	0	0	0	0	0	0	0	0	0	0	0
ASV1802	1	0	0	3	0	0	0	0	1	0	0	0	1	0	0	0	0	1
ASV1803	1	0	0	0	0	0	1	0	0	0	0	0	0	2	1	0	0	0
ASV1804	2	3	4	5	3	1	2	1	2	4	1	4	1	3	6	9	2	2
ASV1805	0	0	0	0	2	2	0	0	1	1	0	0	0	0	0	0	0	0
ASV1806	1	0	0	1	1	3	0	3	0	1	2	1	4	3	0	0	0	1
ASV1807	0	0	0	1	0	0	0	0	0	0	0	0	0	0	0	0	0	0
ASV1808	1	1	0	3	1	0	1	0	1	1	4	0	0	2	0	2	1	1
ASV1809	3	4	5	2	1	4	4	0	1	2	2	4	0	2	2	0	0	1
ASV181	11	12	21	17	3	15	14	11	9	12	14	9	8	5	6	2	6	25
ASV1810	1	3	8	2	3	3	5	2	4	2	4	2	5	0	1	1	4	0
ASV1811	3	2	0	0	0	0	1	1	0	4	1	3	0	2	1	2	2	0
ASV1812	5	3	6	3	10	5	6	5	7	3	6	4	3	2	2	8	6	5
ASV1813	4	4	2	1	0	5	4	2	2	7	4	3	1	0	1	1	0	3
ASV1814	2	1	1	1	0	0	0	0	0	0	2	0	0	0	3	1	0	0
ASV1815	8	2	3	4	4	2	5	4	3	8	2	4	5	2	4	0	0	0
ASV1816	8	2	5	3	8	7	4	0	1	3	6	3	2	2	3	3	4	2
ASV1817	6	5	3	3	3	2	1	3	3	1	1	2	3	3	0	1	0	1
ASV1818	3	1	4	2	1	3	2	2	6	2	0	0	1	2	4	8	2	3
ASV1819	4	2	3	2	0	3	3	7	4	4	0	0	4	0	1	3	1	0
ASV182	3	8	13	6	5	3	7	5	9	11	3	6	9	13	12	23	21	16
ASV1820	0	0	0	0	0	1	1	0	0	0	0	1	0	0	0	0	0	0
ASV1821	2	0	0	0	0	0	0	0	0	1	0	1	0	0	1	1	0	0
ASV1822	10	3	4	2	3	7	3	7	2	9	2	0	3	3	3	3	2	1
ASV1823	4	1	3	1	0	4	0	0	2	0	0	1	0	2	0	0	0	0
ASV1824	3	3	2	1	1	1	0	2	2	3	1	0	1	1	2	0	1	0
ASV1825	6	2	4	3	1	4	4	2	4	0	3	1	0	3	2	1	0	1
ASV1826	2	8	4	3	8	4	0	2	1	1	0	0	2	3	5	4	0	1
ASV1827	1	2	2	2	3	3	3	0	0	0	4	1	2	0	1	2	2	3
ASV1828	3	0	1	0	2	0	1	1	0	1	1	2	2	3	0	0	1	0
ASV1829	1	6	3	1	1	2	2	1	1	2	2	1	2	1	2	1	1	0
ASV183	46	22	29	21	25	28	8	25	22	18	29	22	19	19	21	20	19	17
ASV1830	5	5	5	6	4	4	7	4	2	4	7	7	7	3	15	5	11	23
ASV1831	0	0	0	0	1	0	0	0	0	0	0	0	0	0	0	0	0	0
ASV1832	4	4	2	1	5	5	2	1	5	2	6	1	2	0	4	3	0	2
ASV1833	8	1	2	2	4	3	7	1	1	5	2	1	1	0	0	1	0	1
ASV1834	0	1	0	1	3	1	0	0	1	1	0	2	0	0	0	0	0	1
ASV1835	0	0	1	0	1	0	0	0	0	1	2	1	1	1	0	1	0	0
ASV1836	0	5	1	0	0	2	0	0	0	0	0	0	1	0	0	2	0	0
ASV1837	1	3	2	1	2	1	1	2	1	0	0	2	3	3	2	12	0	3
ASV1838	3	7	5	2	3	1	2	2	1	3	1	2	1	1	1	1	1	2
ASV1839	7	3	3	2	4	4	7	4	5	3	5	4	1	2	4	1	1	0
ASV184	25	29	12	25	21	21	26	16	23	44	44	40	29	38	40	62	83	54
ASV1840	2	4	2	2	4	6	3	3	8	4	2	6	5	8	5	2	5	1
ASV1841	3	0	3	2	0	1	3	4	1	2	3	2	3	1	3	0	1	4
ASV1842	3	4	9	4	2	4	8	3	5	5	4	7	5	6	4	5	6	13
ASV1843	5	1	5	6	2	5	2	2	1	2	2	2	3	2	1	0	0	4
ASV1844	13	5	3	6	3	1	7	3	4	3	3	1	3	5	3	6	1	0
ASV1845	6	5	9	8	4	1	8	6	3	4	1	5	4	6	3	0	2	3
ASV1846	2	0	2	0	3	2	0	2	1	3	0	0	2	0	2	1	0	0
ASV1847	0	2	4	1	1	0	1	0	2	2	0	0	0	1	3	0	0	0
ASV1848	6	5	7	4	4	6	6	1	1	2	2	1	2	3	2	1	0	1
ASV1849	0	0	0	0	0	0	1	0	0	0	0	0	0	0	0	0	0	0
ASV185	18	9	12	14	5	13	18	17	16	36	16	22	17	17	26	28	18	11
ASV1850	1	3	3	0	1	1	1	0	0	2	2	2	1	1	3	0	0	0
ASV1851	1	1	0	1	1	0	0	1	3	1	3	0	3	0	1	4	1	1
ASV1852	6	4	3	2	6	8	3	3	6	11	7	5	9	8	9	1	5	3
ASV1854	8	5	5	3	2	4	3	1	4	2	5	2	4	1	3	2	0	0
ASV1855	0	1	1	0	0	3	1	1	0	2	0	0	0	0	0	0	0	0
ASV1856	2	1	2	4	0	3	3	2	0	0	2	0	3	0	0	3	0	0
ASV1857	5	4	1	3	1	2	1	2	1	3	0	0	0	0	0	1	0	0
ASV1858	4	2	5	3	3	5	4	1	4	3	2	0	2	2	2	3	1	2
ASV1859	7	5	4	5	3	5	6	2	2	3	2	5	1	3	4	0	0	2
ASV186	92	42	74	45	38	45	41	14	24	45	21	18	30	16	12	4	0	7
ASV1860	1	0	0	0	0	0	0	0	0	1	0	0	0	0	0	0	0	0
ASV1861	0	0	1	0	0	0	0	0	0	0	0	0	0	0	0	0	0	0
ASV1862	6	1	6	1	1	1	2	1	1	4	1	2	2	2	0	0	0	3
ASV1863	2	5	3	1	2	3	2	2	2	1	2	3	2	4	0	0	0	1
ASV1864	1	3	3	4	1	1	1	1	2	0	0	2	2	0	4	2	0	3
ASV1865	6	3	2	6	3	2	0	2	1	0	4	0	0	1	1	1	1	3
ASV1866	8	6	1	2	5	3	1	0	0	2	1	0	1	2	1	0	0	0
ASV1867	1	2	3	4	0	4	3	1	0	2	0	1	1	6	6	1	1	0
ASV1868	6	0	3	2	2	0	4	3	3	1	0	2	4	1	0	0	0	1
ASV1869	1	1	0	0	1	0	0	1	1	1	0	2	0	1	0	2	2	1
ASV187	13	10	10	13	28	24	31	35	26	41	34	46	60	82	72	66	64	15
ASV1870	2	3	3	2	1	2	0	0	0	1	0	1	1	0	0	0	0	0
ASV1871	0	1	2	8	2	4	8	0	2	0	2	3	2	2	0	3	0	0
ASV1872	2	1	2	1	3	2	0	0	1	0	2	1	2	1	2	4	2	0
ASV1873	1	1	1	1	4	3	1	0	1	2	1	1	0	2	1	1	0	0
ASV1874	2	2	2	0	1	3	0	3	2	2	3	3	2	6	2	0	2	1
ASV1875	1	0	2	2	0	0	2	2	1	0	0	0	0	1	4	2	0	1
ASV1876	1	1	2	1	0	0	1	1	1	0	0	1	0	1	0	0	0	0
ASV1877	2	3	3	0	1	2	0	3	0	1	6	2	3	1	0	0	1	0
ASV1878	1	0	1	2	0	1	0	0	1	0	0	0	1	0	2	0	0	0
ASV1879	0	0	0	0	0	1	0	0	0	0	0	0	0	1	0	0	0	0
ASV188	34	17	16	19	18	14	28	17	10	27	17	9	14	20	12	19	17	2
ASV1880	1	2	5	5	2	4	0	2	1	4	5	2	2	4	2	4	2	0
ASV1881	12	2	5	11	3	7	2	2	2	2	4	2	6	0	4	1	0	1
ASV1882	0	0	1	0	1	0	0	1	2	0	1	3	0	2	2	5	1	1
ASV1883	3	1	1	2	4	1	1	0	1	0	3	1	0	1	0	4	0	1
ASV1884	0	0	1	0	1	1	0	0	0	0	2	1	0	0	0	0	0	0
ASV1885	4	3	1	9	2	1	7	1	4	6	5	1	2	1	3	1	0	0
ASV1886	5	5	8	2	5	3	1	2	2	2	5	3	3	0	0	1	2	2
ASV1887	7	0	1	1	3	0	0	0	1	0	1	1	2	0	2	0	0	0
ASV1888	0	1	4	0	1	0	0	0	1	1	0	1	0	1	1	1	0	1
ASV1889	3	0	4	3	5	4	5	1	5	8	3	1	4	2	0	0	0	2
ASV189	2	2	2	2	3	1	1	1	2	1	2	0	2	0	4	3	1	1
ASV1890	9	0	5	2	2	3	3	2	2	8	0	0	3	0	0	0	0	0
ASV1891	1	0	2	6	2	4	4	4	4	5	5	2	3	3	2	7	1	3
ASV1892	4	3	3	5	3	7	2	0	1	4	1	8	1	3	1	0	0	0
ASV1893	1	0	1	0	0	1	1	1	1	1	0	0	1	0	0	0	1	3
ASV1894	3	7	5	4	4	2	3	1	4	2	2	4	2	2	2	1	2	0
ASV1895	8	6	4	1	1	5	2	1	1	2	0	6	0	1	0	2	0	0
ASV1896	2	4	2	2	2	3	4	2	3	3	1	0	1	1	0	0	0	0
ASV1897	1	0	2	2	3	2	0	0	0	2	0	1	2	2	1	0	0	1
ASV1898	3	10	8	6	2	8	3	3	2	1	2	1	0	1	4	3	0	0
ASV1899	1	0	2	0	0	0	0	2	1	1	0	0	1	2	1	1	1	1
ASV19	16	14	6	12	10	10	13	20	11	11	14	13	18	14	16	15	5	7
ASV190	26	18	14	17	17	14	20	13	8	17	10	15	16	29	21	30	21	22
ASV1900	1	0	1	0	0	0	0	0	0	0	0	0	0	0	0	0	1	0
ASV1901	0	2	1	0	0	1	3	1	2	2	1	1	1	0	0	2	0	0
ASV1902	3	1	2	1	2	3	3	0	1	2	2	1	5	0	0	0	0	0
ASV1903	3	1	2	2	4	1	0	2	2	1	1	4	2	1	1	0	1	1
ASV1904	0	3	1	2	5	0	3	6	3	2	6	7	3	2	4	9	5	6
ASV1905	1	0	0	0	0	0	0	0	0	0	0	0	0	0	0	0	0	0
ASV1906	1	1	3	0	0	1	2	2	1	0	0	0	0	0	2	0	0	4
ASV1907	2	7	4	2	5	4	2	1	3	8	8	2	1	2	3	1	2	1
ASV1908	5	4	5	2	2	3	3	2	2	0	3	3	0	2	2	0	0	1
ASV1909	6	1	6	4	8	13	1	1	1	3	1	4	3	3	0	1	0	0
ASV191	5	5	4	8	2	2	3	4	2	4	8	9	5	10	19	13	9	13
ASV1910	2	8	3	2	2	2	0	2	2	5	5	0	6	4	1	0	1	0
ASV1911	0	1	0	2	0	2	0	2	0	2	0	1	0	0	3	1	0	0
ASV1912	1	1	4	2	0	5	1	4	1	2	4	3	1	3	4	2	2	5
ASV1913	0	0	0	0	0	0	0	0	0	0	0	0	0	0	0	0	0	0
ASV1914	3	1	0	1	10	0	3	0	2	3	1	5	1	8	2	0	1	3
ASV1915	1	0	1	3	5	6	2	1	0	1	3	1	1	0	2	0	0	0
ASV1916	0	0	0	2	0	0	0	0	0	0	2	0	0	0	0	0	0	0
ASV1917	5	4	3	2	2	2	3	1	2	2	5	0	3	3	3	3	0	0
ASV1918	5	8	5	2	5	4	5	2	1	2	1	0	1	2	2	3	0	3
ASV1919	4	8	5	5	2	4	1	2	5	3	2	1	5	1	0	0	0	0
ASV192	26	16	19	19	6	7	15	4	8	11	7	16	7	6	8	10	6	4
ASV1920	2	0	1	1	0	2	0	0	3	1	0	1	1	0	0	0	0	0
ASV1921	2	6	3	4	3	4	1	0	1	2	1	0	0	1	0	2	1	1
ASV1922	2	3	3	1	1	5	5	5	2	4	2	3	2	7	3	2	3	0
ASV1923	9	1	4	0	2	2	3	1	0	6	3	1	2	1	2	2	0	0
ASV1924	7	0	0	1	0	0	0	1	1	3	1	1	2	3	0	5	1	0
ASV1925	5	1	4	4	0	2	0	1	2	5	2	0	3	1	3	1	1	1
ASV1926	2	3	0	1	0	2	1	0	1	0	1	0	0	0	0	0	0	0
ASV1927	5	3	6	5	5	6	0	2	1	3	2	3	3	0	0	0	0	0
ASV1928	3	0	2	2	2	0	0	0	0	1	0	0	0	0	1	0	0	0
ASV1929	4	1	5	3	1	1	0	2	0	0	2	2	0	0	3	1	5	3
ASV193	38	22	21	14	21	23	27	18	18	28	15	20	13	16	14	26	29	16
ASV1930	4	4	0	0	3	3	4	3	4	0	1	1	2	2	1	2	5	5
ASV1931	3	6	2	4	3	3	5	4	2	3	3	3	1	1	3	2	0	0
ASV1932	8	2	6	3	4	3	3	1	3	3	3	1	1	0	1	0	0	0
ASV1933	1	0	2	2	4	2	2	3	1	0	0	3	1	0	4	1	4	3
ASV1934	2	2	2	1	1	4	0	1	0	0	0	2	1	3	2	3	1	0
ASV1935	1	0	1	2	1	0	0	0	0	1	1	0	0	0	0	0	0	1
ASV1936	1	1	0	2	0	1	4	2	4	2	0	4	3	3	6	2	7	5
ASV1937	5	2	2	2	3	4	1	1	4	2	3	8	1	3	2	0	1	4
ASV1938	0	2	2	3	0	2	2	0	1	3	5	3	1	4	4	0	0	0
ASV1939	2	4	5	4	4	5	1	2	2	0	0	0	1	1	1	4	4	2
ASV194	22	9	19	13	18	13	18	22	25	38	45	37	26	40	21	83	83	110
ASV1940	1	2	3	3	1	1	2	3	2	6	3	2	5	1	0	2	3	2
ASV1941	4	2	5	5	3	4	4	1	4	1	3	0	6	0	4	5	1	0
ASV1942	10	3	7	5	1	1	3	2	3	5	5	4	6	1	0	0	0	0
ASV1943	0	0	0	0	0	0	0	0	0	0	0	0	0	0	0	0	0	0
ASV1944	1	0	0	1	0	0	0	0	0	1	2	3	0	0	0	0	0	0
ASV1945	0	1	2	0	0	0	0	1	0	0	1	0	0	2	1	1	2	3
ASV1946	33	33	35	39	24	31	34	50	32	40	38	37	45	26	28	30	48	45
ASV1947	6	4	9	11	3	8	6	5	3	4	1	6	6	2	1	2	0	1
ASV1948	0	2	1	1	0	1	0	1	1	0	1	0	0	2	0	0	1	1
ASV1949	1	0	0	0	0	2	0	0	0	0	1	0	0	0	0	1	0	0
ASV195	14	2	8	10	21	11	15	10	15	19	23	15	16	33	30	17	18	31
ASV1950	3	4	2	0	7	1	3	2	1	2	3	3	3	6	2	4	9	6
ASV1951	0	1	1	0	0	4	2	1	0	2	0	3	2	1	0	3	1	0
ASV1952	0	0	0	0	0	0	0	0	0	0	0	0	0	0	0	0	0	0
ASV1953	8	1	6	0	3	4	2	1	4	4	1	2	2	2	5	11	1	0
ASV1954	1	0	0	0	0	0	0	0	0	0	0	0	0	0	0	0	0	0
ASV1955	1	1	0	1	1	1	1	0	2	0	1	0	0	0	0	0	0	2
ASV1956	2	2	3	2	1	3	0	0	1	2	2	1	0	1	0	0	0	1
ASV1957	2	0	5	1	1	4	0	0	0	0	0	0	0	0	1	1	0	0
ASV1958	10	2	4	5	7	4	5	3	1	7	3	3	0	6	3	2	1	4
ASV1959	3	2	3	3	0	0	0	0	1	2	4	2	1	0	3	2	0	2
ASV196	19	19	15	16	40	37	38	20	29	43	39	64	31	39	52	59	46	27
ASV1960	1	1	10	5	2	2	3	2	4	4	0	1	4	4	0	2	2	0
ASV1961	8	1	5	1	4	1	4	1	3	5	0	3	7	0	0	1	0	0
ASV1962	4	0	2	6	1	3	2	1	1	5	1	4	3	1	2	2	2	5
ASV1963	0	0	0	1	1	0	1	0	0	0	1	0	0	0	0	0	0	1
ASV1965	1	1	2	3	4	3	0	1	1	1	2	1	1	1	1	0	0	0
ASV1966	0	0	0	0	0	0	1	0	1	0	0	2	0	0	2	1	0	0
ASV1967	0	0	0	0	0	0	0	0	0	0	0	0	0	0	0	0	0	0
ASV1968	5	1	1	1	1	1	1	0	1	1	1	1	1	1	0	0	0	0
ASV1969	0	3	1	1	2	1	0	0	2	6	1	1	3	0	0	0	0	0
ASV197	33	21	25	13	20	21	38	39	32	47	51	37	52	75	38	71	60	46
ASV1970	0	0	1	0	0	0	0	0	0	0	0	1	0	0	0	0	0	0
ASV1971	6	2	0	1	1	1	3	2	2	7	2	2	6	2	2	0	0	0
ASV1972	3	2	8	6	3	5	7	3	5	4	3	5	9	3	5	3	4	3
ASV1973	0	0	0	1	0	0	1	0	0	0	2	0	0	0	0	0	0	0
ASV1974	3	3	5	3	7	5	4	0	1	3	1	1	1	1	2	0	0	0
ASV1975	1	1	1	2	1	0	0	0	0	1	0	0	0	0	0	0	0	0
ASV1976	0	1	2	0	3	3	0	1	4	3	1	2	1	5	3	2	0	5
ASV1977	0	3	0	0	0	1	3	1	0	1	2	0	0	0	0	1	0	0
ASV1978	1	1	2	1	2	2	2	1	0	0	0	0	1	1	0	1	0	0
ASV1979	2	4	1	1	0	1	0	0	1	1	5	0	0	0	0	1	0	0
ASV198	0	0	0	0	0	0	0	0	0	0	0	0	0	0	0	0	0	0
ASV1980	2	1	0	1	0	0	3	1	0	1	2	1	2	0	1	0	0	0
ASV1981	2	2	1	4	1	4	1	3	0	1	0	1	2	0	2	0	0	0
ASV1982	0	0	2	0	0	0	3	1	0	0	0	0	0	0	0	0	0	0
ASV1983	1	2	3	0	3	2	1	0	2	1	1	1	0	0	0	0	0	1
ASV1984	2	1	1	0	0	0	2	1	1	0	0	1	0	0	1	0	0	0
ASV1985	7	14	6	6	3	6	5	7	5	14	5	6	5	6	2	2	5	2
ASV1986	9	7	6	8	8	9	7	2	3	5	2	5	4	12	3	8	4	4
ASV1987	2	1	2	3	0	3	1	1	2	3	2	1	0	0	1	1	1	1
ASV1988	2	1	1	0	2	0	1	1	0	3	0	3	0	2	2	0	0	1
ASV1989	1	2	1	1	0	3	0	1	1	1	1	1	1	1	0	0	0	3
ASV199	4	2	2	2	3	5	5	1	2	4	4	2	6	2	3	7	7	8
ASV1990	0	1	4	2	2	1	0	1	0	2	1	0	1	1	4	0	0	3
ASV1991	2	2	1	0	1	0	1	1	1	3	0	2	2	2	0	0	1	0
ASV1993	0	0	3	0	2	1	0	0	1	0	0	0	0	0	0	0	0	0
ASV1994	1	0	0	0	0	1	0	1	0	0	0	0	0	0	0	0	0	0
ASV1996	0	0	3	0	0	1	1	0	3	0	0	1	1	4	8	4	2	3
ASV1997	0	0	0	0	0	1	0	0	0	1	0	0	1	1	2	0	0	1
ASV1998	14	4	4	4	2	0	5	1	1	1	1	1	0	0	2	0	0	0
ASV1999	0	4	0	4	1	3	0	0	1	3	0	0	0	3	1	0	0	0
ASV2	1753	1668	1641	1955	1976	1858	2051	2108	2327	2481	2214	1994	2124	1820	1676	2459	3119	2764
ASV20	170	174	180	224	232	212	227	316	354	311	293	328	272	211	274	413	308	232
ASV200	3	2	3	2	5	5	7	2	3	0	2	2	6	1	3	2	5	5
ASV2000	1	0	0	3	0	1	0	1	0	0	1	1	1	0	3	1	1	0
ASV2001	1	2	6	3	1	1	1	1	1	3	0	3	0	1	0	2	1	1
ASV2002	2	4	2	4	1	1	0	1	1	0	0	1	0	0	0	0	0	1
ASV2003	1	1	1	1	1	0	0	0	0	0	0	0	0	0	0	0	0	0
ASV2004	2	3	4	3	3	7	1	3	0	1	0	1	1	2	3	6	3	4
ASV2005	4	0	2	2	0	0	1	0	1	2	0	0	2	3	0	0	0	0
ASV2006	0	0	0	0	0	0	0	0	1	0	0	0	0	1	0	0	3	21
ASV2007	2	1	2	2	0	0	2	1	0	1	0	1	0	1	1	0	0	0
ASV2008	10	32	13	25	13	13	19	16	18	10	11	18	20	13	20	13	9	6
ASV2009	1	0	3	1	0	2	3	1	4	1	5	1	2	3	3	0	4	5
ASV201	27	31	32	40	31	50	56	55	52	57	49	51	45	40	33	16	20	27
ASV2010	1	5	2	5	5	8	4	5	2	4	2	9	2	4	7	2	1	6
ASV2011	0	0	0	0	1	3	0	0	1	0	0	2	1	0	0	0	0	0
ASV2012	0	0	0	1	0	0	0	0	0	0	0	0	0	1	0	0	0	0
ASV2013	5	3	2	2	5	5	3	5	3	4	6	1	3	0	2	0	5	1
ASV2014	3	0	0	1	1	0	1	2	0	0	0	0	0	0	1	0	0	0
ASV2015	2	5	2	3	0	7	4	1	2	7	5	0	8	2	2	0	0	0
ASV2016	0	2	0	0	2	1	0	0	0	0	0	1	0	0	1	2	0	1
ASV2017	15	8	6	5	4	7	5	1	5	2	4	3	4	2	3	2	2	3
ASV2018	2	2	0	0	2	1	4	1	0	0	1	0	2	1	0	2	0	0
ASV2019	1	0	0	0	0	2	0	2	0	2	0	0	0	0	0	0	0	0
ASV202	39	19	47	26	47	31	24	32	21	38	35	25	32	20	43	24	19	9
ASV2020	0	0	1	0	0	0	0	1	0	2	0	1	0	4	3	5	1	2
ASV2021	0	0	0	0	0	1	0	1	0	3	1	3	0	2	3	7	3	5
ASV2022	0	3	1	1	0	1	0	1	1	1	1	1	0	3	3	1	1	1
ASV2023	2	2	3	1	2	5	4	0	1	3	1	1	0	0	2	1	1	0
ASV2024	4	1	4	4	5	1	6	5	3	3	2	0	2	4	0	1	0	1
ASV2025	2	4	5	2	0	1	9	1	2	0	1	2	2	3	1	0	2	3
ASV2026	2	1	3	2	1	1	4	2	4	2	4	1	4	8	6	5	5	6
ASV2027	0	0	0	0	0	1	0	0	0	0	1	1	1	0	0	0	0	0
ASV2029	0	1	3	0	6	7	4	3	8	3	2	6	5	2	2	2	1	0
ASV203	7	8	9	1	7	12	6	5	5	11	6	6	4	8	8	10	8	8
ASV2030	1	2	1	2	0	23	1	6	6	6	1	2	4	0	1	1	0	1
ASV2031	1	1	1	0	0	2	1	1	1	0	1	0	1	0	0	2	2	0
ASV2032	2	0	1	0	0	2	1	1	0	1	2	2	0	3	3	4	0	1
ASV2033	1	1	2	3	4	3	3	1	1	3	0	2	3	5	1	1	1	0
ASV2034	1	1	1	4	1	0	0	2	1	1	2	0	0	1	0	4	0	0
ASV2035	2	3	1	1	3	5	0	1	5	0	0	0	0	2	1	0	0	1
ASV2037	5	4	8	8	4	8	6	3	0	4	1	2	7	6	4	0	1	1
ASV2038	5	2	15	8	3	7	2	1	2	1	1	2	3	2	0	0	0	0
ASV2039	6	2	7	6	4	3	8	2	2	7	4	3	4	1	3	0	1	1
ASV204	3	5	3	4	0	5	2	5	6	2	4	5	4	2	8	10	6	7
ASV2040	0	0	0	0	0	0	0	0	0	0	0	0	0	0	0	0	0	0
ASV2041	0	0	1	1	4	2	4	4	6	4	4	7	7	2	12	8	5	2
ASV2042	4	0	2	3	2	1	2	3	3	2	1	2	1	2	6	2	1	0
ASV2043	0	2	1	3	1	2	2	3	1	2	2	3	2	1	1	4	3	4
ASV2044	6	4	4	2	3	2	2	0	1	5	2	2	4	2	2	0	1	1
ASV2045	4	3	1	3	2	4	3	1	3	2	2	1	2	3	1	0	0	0
ASV2046	2	2	3	2	0	1	4	3	1	2	3	2	1	0	1	3	0	0
ASV2047	4	2	1	0	0	2	0	0	1	2	1	1	1	1	0	0	0	0
ASV2048	2	4	0	4	4	4	2	3	3	4	2	0	0	3	5	0	2	0
ASV2049	4	4	3	6	5	4	0	2	2	5	3	6	3	7	1	5	9	11
ASV205	57	43	53	31	50	57	67	24	54	24	28	26	49	26	53	27	11	17
ASV2050	2	1	3	2	2	0	0	1	0	0	2	4	2	2	0	0	1	0
ASV2051	2	5	5	4	7	2	4	4	2	2	1	4	1	6	5	4	0	0
ASV2052	0	0	0	0	0	0	0	0	0	0	0	0	0	1	0	0	0	1
ASV2053	2	1	0	3	2	0	3	3	2	2	1	2	2	0	1	0	0	0
ASV2054	0	0	0	2	7	3	1	3	2	7	5	3	1	7	3	3	10	2
ASV2055	1	2	2	1	1	1	2	1	1	1	2	2	1	0	1	0	0	0
ASV2056	6	4	3	2	1	1	2	3	3	5	2	6	3	4	3	10	3	0
ASV2057	5	9	8	5	2	4	4	1	3	3	4	2	0	1	0	1	0	0
ASV2058	5	1	1	2	1	0	6	1	1	3	2	2	5	5	1	1	1	0
ASV206	20	9	12	8	11	7	6	7	14	8	12	11	13	13	17	21	13	14
ASV2060	5	0	0	1	1	0	1	1	1	2	1	1	4	4	1	7	4	7
ASV2061	4	3	2	1	4	5	1	2	2	4	0	2	1	1	0	1	0	1
ASV2062	2	2	3	3	3	4	0	0	1	0	0	2	0	0	1	3	1	0
ASV2063	2	2	2	3	0	0	0	1	0	2	0	4	0	0	1	0	0	0
ASV2064	4	2	2	3	1	2	1	0	2	3	1	1	2	0	0	0	1	1
ASV2065	0	1	0	0	1	2	2	0	0	0	0	0	1	0	0	0	0	0
ASV2066	5	4	5	2	4	11	8	3	1	5	3	5	4	4	6	3	1	1
ASV2067	1	0	1	0	0	0	0	0	1	2	0	2	1	1	0	3	1	0
ASV2068	1	3	2	0	2	0	1	1	1	1	1	1	3	1	1	1	0	0
ASV2069	2	1	0	0	0	0	1	0	0	1	0	0	0	1	0	4	1	0
ASV207	18	18	17	17	18	10	8	9	3	10	4	9	8	8	9	11	4	2
ASV2070	1	1	1	1	0	1	0	0	0	0	3	1	2	1	1	0	0	1
ASV2071	4	0	1	6	3	3	2	3	1	2	1	3	2	1	2	0	2	0
ASV2072	4	2	4	1	4	4	2	1	5	3	0	2	5	2	1	1	0	1
ASV2073	1	0	1	0	2	2	1	1	0	1	0	0	0	1	0	2	0	0
ASV2074	5	3	4	2	1	3	2	2	1	2	3	1	0	0	2	1	0	0
ASV2075	5	5	5	5	1	3	1	0	5	0	2	0	3	5	6	0	0	1
ASV2076	1	3	2	2	2	1	0	0	4	7	4	1	4	3	3	6	9	3
ASV2077	2	1	3	1	1	0	2	1	1	0	0	1	0	1	1	1	1	0
ASV2078	1	0	1	0	0	0	0	0	1	0	1	0	0	1	0	0	0	0
ASV2079	0	4	2	0	1	1	0	0	3	0	0	0	0	3	1	2	0	0
ASV208	44	18	27	18	11	24	21	10	9	20	7	11	17	15	6	3	2	0
ASV2080	7	3	7	3	2	2	5	3	2	2	3	2	1	6	1	0	0	0
ASV2081	4	1	2	1	2	3	2	0	2	1	0	1	0	1	4	0	0	0
ASV2082	2	0	1	0	1	2	3	1	1	3	1	0	6	3	2	4	3	6
ASV2083	1	0	4	2	2	1	1	1	1	0	1	1	1	0	0	0	1	0
ASV2084	0	0	0	0	1	0	0	0	0	0	1	1	1	1	0	1	2	0
ASV2085	2	2	1	4	1	4	1	3	1	6	4	3	4	0	2	4	2	2
ASV2086	1	1	1	0	1	1	3	0	0	3	3	0	5	1	1	0	5	1
ASV2087	3	4	2	2	0	0	1	1	1	1	1	0	1	3	1	0	0	0
ASV2088	1	3	1	1	0	3	5	0	3	4	1	2	2	1	3	0	1	1
ASV2089	2	4	4	1	2	6	2	1	1	2	1	4	1	1	5	0	0	0
ASV209	16	14	12	60	12	18	17	11	14	18	29	19	31	30	33	26	16	9
ASV2090	0	0	0	1	0	0	0	0	0	0	0	1	0	0	0	0	0	0
ASV2091	2	4	4	2	3	1	0	0	1	3	3	1	0	1	2	0	0	0
ASV2092	1	3	2	4	5	1	2	0	2	2	4	3	3	2	4	1	2	0
ASV2093	1	3	2	3	4	3	1	4	2	1	2	2	1	3	5	1	5	1
ASV2094	1	3	1	3	1	2	0	0	0	3	1	0	0	2	1	1	0	1
ASV2095	0	2	0	0	0	0	0	1	3	1	1	0	0	0	0	0	0	0
ASV2096	0	1	0	2	0	1	1	0	0	1	1	1	0	0	0	0	0	0
ASV2097	5	6	2	1	3	4	1	1	4	3	2	0	2	2	4	0	0	0
ASV2098	1	1	2	0	0	1	2	0	2	1	0	1	3	0	0	0	0	1
ASV2099	0	1	0	0	0	0	2	0	0	0	0	0	0	0	0	0	0	0
ASV21	34	31	23	20	23	31	21	17	34	34	34	21	33	32	39	45	33	29
ASV210	2	1	0	0	3	0	0	0	1	0	0	0	1	1	1	0	0	0
ASV2100	1	0	5	2	3	0	0	1	0	2	1	1	1	1	0	2	0	0
ASV2101	2	1	2	2	1	3	1	0	0	3	0	2	1	2	0	0	0	0
ASV2102	2	3	0	1	1	0	3	0	2	1	2	3	2	1	1	1	3	1
ASV2103	13	5	3	6	2	7	3	4	4	6	3	5	5	0	1	2	0	1
ASV2104	4	3	0	2	2	4	5	2	2	1	0	1	0	1	3	1	2	0
ASV2105	0	1	0	0	0	0	1	1	1	1	0	2	1	0	0	0	0	0
ASV2106	2	0	3	3	2	1	2	2	1	3	1	3	1	3	3	1	0	0
ASV2107	3	2	2	0	1	1	1	0	0	3	1	0	4	1	0	0	0	0
ASV2108	2	1	1	5	2	0	1	2	2	4	0	2	0	0	4	2	0	0
ASV2109	1	2	0	2	2	0	4	0	0	2	1	1	1	3	0	0	0	0
ASV211	19	11	21	15	11	33	19	23	21	15	26	17	16	19	17	19	20	10
ASV2110	3	0	0	0	0	2	0	0	1	0	2	0	0	2	0	0	0	0
ASV2111	0	0	1	0	0	2	0	0	0	1	0	2	3	0	0	0	0	0
ASV2112	5	4	3	2	2	5	1	0	2	1	3	1	4	4	3	2	0	0
ASV2113	2	2	1	1	0	0	1	0	0	0	1	0	2	0	1	0	0	0
ASV2114	4	1	10	9	3	4	2	2	2	2	3	5	2	2	3	2	1	3
ASV2115	3	1	2	0	0	0	0	0	0	0	0	0	0	1	1	0	0	2
ASV2116	2	0	1	1	1	2	4	0	4	2	3	1	2	0	1	0	0	2
ASV2117	1	2	0	1	2	3	1	2	0	4	0	2	2	2	1	1	3	1
ASV2118	0	3	0	0	0	4	0	2	0	1	0	0	0	1	2	2	0	0
ASV2119	5	1	5	4	3	3	2	0	3	3	0	0	2	2	0	0	0	0
ASV212	1	0	0	0	0	0	0	0	1	0	1	1	0	0	0	0	0	0
ASV2120	1	1	0	0	0	0	0	0	0	0	0	0	0	0	1	0	0	0
ASV2121	1	0	0	1	0	0	0	0	0	0	0	0	0	0	0	0	0	1
ASV2122	1	0	3	2	1	1	1	1	0	0	3	1	1	1	0	0	0	0
ASV2123	1	3	0	2	2	0	4	1	1	1	2	1	2	1	0	1	1	0
ASV2124	16	11	11	6	8	15	21	23	12	11	17	24	14	22	15	6	19	14
ASV2125	1	2	2	1	0	0	0	0	0	1	0	1	0	1	0	0	0	0
ASV2126	1	1	2	1	0	0	0	0	1	1	0	1	0	0	2	1	1	2
ASV2127	2	0	0	0	0	1	0	0	0	0	0	0	1	0	0	0	0	0
ASV2128	1	2	3	2	0	0	1	4	0	1	1	2	2	0	2	2	4	2
ASV2129	1	4	0	0	0	0	0	1	0	0	1	1	2	0	4	1	1	1
ASV213	4	0	7	11	7	11	5	6	7	10	8	7	7	3	6	1	12	9
ASV2130	8	3	3	3	3	5	1	2	2	2	4	0	2	1	1	2	0	1
ASV2131	6	0	3	0	4	0	0	1	1	0	4	2	0	1	3	5	4	1
ASV2132	3	2	2	1	1	4	1	2	2	2	1	1	0	0	1	0	2	0
ASV2133	6	4	3	3	0	2	6	7	2	1	3	5	6	1	2	0	0	0
ASV2134	1	0	2	1	9	3	3	2	5	7	3	4	4	4	4	3	2	2
ASV2135	7	4	1	6	5	2	2	1	3	1	3	1	3	3	1	0	0	0
ASV2136	3	1	5	0	3	1	1	0	1	3	2	3	2	3	1	5	3	0
ASV2137	4	3	2	3	2	4	3	0	1	3	4	5	3	0	3	0	1	2
ASV2138	2	1	2	0	0	0	1	1	0	3	3	0	1	3	0	1	0	0
ASV214	39	17	27	18	15	18	16	15	11	15	13	7	12	8	29	11	13	4
ASV2140	2	2	1	1	2	5	1	3	0	1	1	3	5	1	4	2	0	2
ASV2141	2	0	0	1	1	0	1	1	1	0	0	1	0	2	1	0	0	0
ASV2142	2	1	1	4	0	0	1	2	0	1	0	1	2	0	0	0	0	0
ASV2143	4	2	4	2	1	2	3	3	3	0	1	3	3	2	2	0	1	0
ASV2144	0	1	1	0	2	1	1	1	1	5	0	1	2	3	4	5	1	2
ASV2145	0	3	2	1	1	0	2	1	6	2	1	1	0	0	2	0	0	0
ASV2146	1	1	2	3	3	1	0	2	1	1	2	1	0	0	0	0	0	0
ASV2147	2	3	2	0	0	0	3	0	1	1	0	1	0	0	0	0	0	0
ASV2148	2	5	3	1	1	1	2	2	0	1	0	2	0	1	0	3	1	0
ASV2149	4	3	4	0	1	1	0	0	1	3	1	1	3	0	0	0	0	0
ASV215	9	13	2	8	4	9	7	5	10	3	4	8	3	3	4	3	0	6
ASV2150	2	3	2	4	1	2	0	4	0	0	0	0	0	1	1	0	0	0
ASV2151	0	1	0	0	4	2	4	1	1	0	2	0	1	1	0	1	0	0
ASV2152	4	0	2	5	1	8	1	0	1	5	2	3	1	1	1	2	0	1
ASV2153	2	2	2	0	0	0	3	1	0	0	1	3	1	2	1	6	4	0
ASV2154	8	4	4	3	2	4	6	2	1	6	4	3	2	3	2	3	1	0
ASV2155	3	4	2	4	2	3	2	4	5	1	10	13	4	4	2	6	5	6
ASV2156	0	0	1	0	0	1	1	1	0	0	1	0	0	0	0	0	0	0
ASV2157	4	4	2	3	3	1	2	1	0	0	4	3	1	3	4	2	2	0
ASV2158	3	6	6	2	3	9	9	4	2	10	4	2	0	1	2	1	1	2
ASV2159	2	1	2	1	0	1	0	1	0	1	0	3	0	0	1	0	1	0
ASV216	1	1	1	1	2	5	1	3	7	5	3	10	9	10	5	19	9	19
ASV2160	1	4	0	6	0	3	3	6	3	6	3	5	3	7	3	9	1	4
ASV2161	7	0	2	3	3	4	2	0	1	2	1	2	0	1	2	1	0	0
ASV2162	3	2	2	3	3	0	1	3	3	1	2	0	0	3	0	0	2	1
ASV2163	5	5	1	1	0	1	1	1	1	4	3	1	1	1	1	0	0	0
ASV2164	2	6	0	0	6	3	2	2	2	4	5	3	1	2	4	1	1	0
ASV2165	0	0	1	0	0	0	0	0	1	0	0	0	0	0	1	0	0	0
ASV2166	3	6	1	4	3	4	1	0	1	1	4	1	2	1	1	2	0	0
ASV2167	4	1	4	4	3	5	1	2	3	6	0	1	2	2	3	2	0	0
ASV2168	3	0	1	0	1	3	1	0	0	1	0	3	0	1	2	0	1	0
ASV2169	8	5	2	1	1	2	3	1	0	3	2	2	0	2	2	1	0	0
ASV217	26	20	19	19	11	15	13	12	23	17	23	23	20	18	21	48	35	38
ASV2170	7	2	1	3	4	8	2	3	2	0	5	2	1	6	6	0	4	0
ASV2171	2	1	2	1	0	0	0	3	2	0	1	1	0	0	5	7	1	0
ASV2172	2	2	2	2	1	2	0	1	2	0	1	1	0	0	0	0	0	0
ASV2173	1	0	0	0	0	2	1	0	1	0	1	0	1	1	2	2	0	4
ASV2174	3	2	4	8	2	3	5	0	1	3	2	8	2	4	1	5	1	0
ASV2175	6	2	7	1	3	1	2	2	1	3	3	3	4	4	3	3	0	0
ASV2176	0	2	1	5	1	2	1	1	0	1	1	0	1	1	2	1	0	0
ASV2177	4	2	2	1	2	1	1	0	0	0	1	0	1	2	5	0	0	0
ASV2179	6	4	7	5	5	4	6	5	2	2	3	2	4	2	1	0	1	0
ASV218	15	4	11	10	5	20	14	4	6	12	2	7	5	2	5	0	0	0
ASV2180	3	5	2	0	2	2	2	0	1	2	2	4	2	1	5	3	0	5
ASV2181	4	2	2	3	1	3	0	1	2	3	7	1	1	0	2	0	0	0
ASV2182	4	2	3	4	4	0	3	1	4	4	4	3	1	4	0	1	1	0
ASV2183	9	3	1	1	0	5	0	0	1	2	1	1	0	0	3	0	1	0
ASV2184	1	0	1	1	2	2	2	1	1	0	1	2	1	0	1	1	0	1
ASV2185	3	11	5	8	5	11	3	7	5	8	2	7	6	3	2	4	1	2
ASV2186	2	4	3	3	1	5	4	5	1	3	0	1	4	2	1	1	0	0
ASV2187	32	31	34	53	41	43	77	52	51	30	47	56	61	46	52	19	44	41
ASV2188	2	1	1	2	0	0	0	2	0	1	0	0	2	0	2	4	4	3
ASV2189	5	8	4	8	4	3	2	3	6	3	3	3	6	1	1	2	0	0
ASV219	43	29	35	39	24	29	27	19	19	30	19	25	22	25	18	21	4	8
ASV2190	4	2	3	2	1	3	1	0	2	3	3	0	2	1	1	1	0	2
ASV2191	2	0	0	0	1	1	0	0	0	0	0	0	0	0	0	0	0	0
ASV2192	0	0	2	1	0	0	0	0	0	0	0	1	0	0	0	0	0	0
ASV2193	1	2	2	3	1	3	0	1	1	2	5	0	0	1	0	0	0	1
ASV2194	0	0	1	0	2	3	2	1	0	1	4	1	1	3	0	0	0	0
ASV2195	0	2	0	0	0	0	0	1	0	0	0	0	0	0	0	0	0	0
ASV2196	1	0	3	1	3	0	1	3	1	1	0	0	0	1	1	0	1	0
ASV2197	1	2	1	1	2	1	1	1	2	2	4	0	1	1	1	8	2	1
ASV2198	13	2	9	2	4	2	5	4	4	4	0	2	2	0	1	0	0	0
ASV2199	0	1	1	4	1	1	2	0	1	0	1	0	0	2	0	0	1	0
ASV22	1	2	2	3	2	1	1	4	2	1	1	1	5	6	4	10	15	52
ASV220	9	8	8	6	3	4	7	7	6	7	13	9	11	22	17	22	163	212
ASV2200	1	1	1	2	2	1	0	0	1	0	0	1	0	0	2	0	0	0
ASV2201	1	1	0	0	0	0	2	0	0	1	0	0	1	0	0	0	0	1
ASV2202	6	0	2	1	0	0	1	0	0	2	1	0	0	0	0	0	0	0
ASV2203	2	2	3	1	2	0	1	0	0	1	1	1	3	0	0	0	1	0
ASV2204	0	3	0	1	2	4	4	1	4	4	3	3	4	3	4	4	4	13
ASV2205	3	1	3	2	0	2	1	1	2	2	1	0	2	0	2	2	0	0
ASV2206	3	3	2	1	0	2	0	0	0	0	0	0	1	0	0	0	0	0
ASV2207	8	3	5	6	1	7	3	1	2	6	4	0	2	0	1	0	0	0
ASV2208	10	12	14	16	17	19	14	17	15	10	16	16	23	3	8	11	17	29
ASV2209	0	1	0	2	1	1	0	1	1	0	1	0	1	0	0	0	0	0
ASV221	12	5	10	3	1	9	2	1	6	2	9	4	10	6	3	11	3	8
ASV2210	0	0	1	0	1	1	3	3	1	1	0	0	0	0	0	0	1	0
ASV2211	1	0	1	0	0	0	1	0	0	1	0	1	0	0	0	0	0	0
ASV2212	0	0	0	1	0	0	1	1	0	1	0	0	0	0	1	0	0	0
ASV2213	5	9	8	6	4	4	3	2	5	5	4	4	3	3	4	1	2	3
ASV2214	0	0	0	0	0	0	0	0	0	0	0	0	0	0	0	0	0	0
ASV2215	2	1	2	0	0	1	0	0	1	0	0	1	1	1	0	0	0	0
ASV2216	2	1	3	4	5	5	1	3	2	1	7	2	1	0	2	2	2	1
ASV2217	3	3	3	2	1	2	1	1	0	4	0	1	0	2	0	0	0	0
ASV2218	3	1	5	6	4	7	2	2	7	5	8	6	5	7	2	5	3	2
ASV2219	4	4	2	3	1	2	1	3	1	0	2	1	2	0	0	3	0	0
ASV2220	1	1	1	2	16	4	5	2	3	1	10	2	1	5	4	3	7	2
ASV2221	3	2	3	0	4	1	2	3	4	4	2	2	2	0	4	7	0	1
ASV2222	1	2	1	0	0	2	0	0	0	2	2	0	1	0	0	0	0	1
ASV2223	44	30	56	55	30	42	56	56	43	32	52	36	56	33	28	23	54	66
ASV2224	3	6	4	1	8	1	2	2	3	5	3	6	3	0	5	0	0	2
ASV2225	1	1	2	3	0	0	0	0	1	0	1	0	0	0	1	0	0	0
ASV2226	4	4	2	1	5	7	1	1	3	1	2	0	3	3	1	1	1	0
ASV2227	0	1	2	1	0	1	1	0	0	0	0	0	0	1	0	0	0	0
ASV2228	6	3	3	0	2	0	0	1	0	6	4	2	1	1	1	3	2	0
ASV2229	1	0	3	2	0	4	0	0	0	4	2	0	2	4	0	3	2	3
ASV223	51	41	45	44	32	47	54	27	34	45	42	39	46	47	38	17	19	17
ASV2230	0	0	0	0	4	0	0	1	1	0	1	0	0	0	1	0	1	0
ASV2231	5	3	2	1	0	0	1	1	0	3	2	0	1	0	0	4	0	1
ASV2232	0	4	1	0	0	0	0	1	2	1	2	2	1	2	1	1	0	0
ASV2233	1	1	1	1	1	0	0	0	0	0	1	0	1	0	0	1	1	0
ASV2234	0	1	7	4	3	2	1	2	0	5	1	2	1	0	2	1	0	0
ASV2235	6	1	2	1	0	1	2	1	3	0	1	1	2	1	2	4	0	3
ASV2236	2	0	0	0	0	0	0	0	0	0	0	0	0	2	0	0	0	0
ASV2237	5	5	5	1	0	2	3	2	1	1	0	1	1	3	1	1	0	0
ASV2238	1	2	2	0	1	2	0	4	2	0	0	2	1	3	1	7	3	0
ASV2239	2	3	1	1	2	1	2	2	1	3	1	3	0	2	0	1	0	0
ASV224	32	36	25	33	29	53	45	49	47	54	38	34	50	28	32	25	13	14
ASV2240	2	1	1	2	1	5	1	1	3	3	0	1	2	1	3	1	0	0
ASV2241	2	3	0	2	2	0	10	1	0	5	3	0	1	3	6	1	0	0
ASV2242	1	2	3	4	1	2	3	5	3	7	1	1	7	3	2	4	2	6
ASV2243	3	4	1	1	1	1	4	3	4	4	1	1	2	1	1	0	1	0
ASV2244	1	2	2	0	2	0	1	1	2	2	0	0	0	5	4	1	1	0
ASV2245	3	4	4	1	2	0	3	2	1	1	0	1	2	2	1	2	0	0
ASV2246	1	2	4	1	0	0	0	0	0	0	0	2	1	1	1	0	0	0
ASV2247	2	7	4	3	4	1	0	0	3	3	1	1	1	3	0	1	2	0
ASV2248	1	0	3	0	0	1	1	0	1	0	0	1	0	0	1	0	0	1
ASV2249	1	2	3	2	1	0	3	2	1	0	6	3	3	1	5	0	0	0
ASV225	23	25	15	20	12	21	18	11	17	14	15	12	11	10	7	6	2	4
ASV2250	6	1	5	2	5	2	3	2	3	5	5	2	1	1	1	0	0	1
ASV2251	0	1	3	1	1	2	0	1	1	0	1	0	0	0	1	0	0	0
ASV2252	2	4	2	1	1	1	0	2	0	0	0	2	0	0	1	4	0	1
ASV2253	0	2	3	0	0	3	3	3	2	0	1	1	0	3	0	2	0	0
ASV2254	4	1	2	7	3	3	2	1	3	2	0	4	2	3	6	2	0	1
ASV2255	9	4	3	5	5	3	6	1	1	3	2	6	4	1	0	1	0	0
ASV2256	1	1	0	2	1	0	1	1	0	0	0	0	1	3	2	2	10	5
ASV2257	3	0	1	4	2	0	3	3	4	2	1	2	2	0	4	4	1	0
ASV2258	1	2	0	3	0	2	0	0	0	3	2	0	0	2	1	3	3	1
ASV2259	1	0	0	0	0	0	1	0	2	1	0	2	0	1	0	0	0	0
ASV226	25	16	37	17	16	16	23	25	23	30	36	33	26	49	36	77	31	43
ASV2260	6	1	3	2	0	3	3	4	2	5	0	1	0	1	5	1	4	1
ASV2261	2	1	2	5	7	2	3	4	2	2	0	2	4	1	1	0	0	0
ASV2262	1	1	0	0	1	0	1	0	0	0	1	0	2	0	1	0	0	0
ASV2264	2	3	1	1	1	1	2	0	0	2	0	0	0	2	2	0	0	1
ASV2265	2	0	1	0	1	0	0	0	0	0	2	1	1	3	0	2	1	1
ASV2266	0	0	0	0	1	0	1	1	0	1	0	6	0	1	0	0	0	0
ASV2267	0	0	0	0	0	0	2	0	0	0	0	0	0	0	0	0	0	1
ASV2268	4	1	5	0	1	0	0	0	0	2	0	1	1	7	0	1	1	0
ASV2269	4	5	7	4	0	3	2	2	1	3	3	2	1	4	0	2	0	0
ASV227	21	16	21	25	20	26	26	23	21	42	35	25	27	46	29	43	22	32
ASV2270	2	2	4	4	7	2	2	5	3	3	4	11	7	5	4	1	0	0
ASV2271	8	1	5	2	4	1	3	3	2	0	2	4	3	2	3	2	0	0
ASV2272	2	1	0	1	2	2	2	0	1	2	0	1	1	0	1	0	0	1
ASV2273	5	2	0	2	5	0	0	1	3	1	2	1	3	3	2	6	0	0
ASV2274	1	0	2	1	1	2	2	1	2	2	1	0	0	0	0	1	0	0
ASV2275	2	2	1	1	1	0	3	1	3	2	1	3	2	0	1	1	3	2
ASV2276	0	0	0	0	0	1	0	0	0	0	0	0	0	0	0	0	1	0
ASV2277	2	0	1	0	0	1	1	0	0	0	1	1	1	2	1	0	0	0
ASV2278	0	0	0	0	1	0	0	0	0	1	0	0	0	0	0	1	0	0
ASV2279	1	0	0	1	0	0	1	0	1	0	0	2	0	0	0	0	0	0
ASV228	39	38	41	47	33	45	26	40	31	42	35	24	40	32	24	31	11	15
ASV2280	1	3	1	2	0	0	1	1	0	2	0	1	1	1	0	0	1	0
ASV2281	0	0	0	1	0	1	1	0	0	3	1	1	0	2	0	0	0	0
ASV2282	4	5	6	4	1	5	5	4	2	5	2	4	5	3	2	4	0	1
ASV2283	4	1	1	2	1	2	0	2	0	1	0	0	3	0	0	0	0	0
ASV2284	2	0	1	1	1	1	0	0	1	0	2	0	2	1	0	0	0	0
ASV2285	1	0	0	0	0	1	0	0	1	0	0	2	0	1	0	0	1	0
ASV2286	6	2	4	2	0	4	2	0	2	2	2	1	2	2	0	0	0	0
ASV2287	1	0	0	0	0	0	0	1	0	0	0	0	1	0	0	1	0	0
ASV2289	0	0	0	0	1	0	0	0	1	0	1	0	1	0	0	0	0	0
ASV229	20	9	16	11	22	17	22	23	13	20	26	37	24	40	23	53	74	52
ASV2290	7	11	6	3	5	8	4	3	3	4	5	5	3	3	3	6	3	2
ASV2291	7	10	13	14	46	17	17	15	15	13	16	18	17	16	11	7	5	3
ASV2292	6	3	2	3	3	3	1	0	1	3	2	4	1	1	0	0	0	1
ASV2293	0	1	0	0	0	0	0	0	0	0	0	0	0	1	1	0	0	0
ASV2294	1	0	1	0	1	0	0	1	0	0	0	0	0	1	0	0	2	0
ASV2295	0	0	1	1	2	0	0	0	0	0	0	0	0	0	0	0	0	0
ASV2296	4	1	2	8	4	3	1	3	0	0	1	2	5	1	0	1	3	0
ASV2297	2	2	1	1	2	1	3	1	2	3	0	1	1	1	1	2	1	0
ASV2298	1	2	2	1	2	0	2	0	1	0	1	1	0	2	0	0	0	0
ASV2299	0	0	0	1	0	0	0	0	0	0	0	0	0	0	0	0	0	0
ASV23	192	173	170	215	195	252	333	200	223	450	436	391	397	545	389	347	214	122
ASV230	5	0	3	5	4	2	1	6	2	4	2	2	6	5	6	1	8	7
ASV2300	4	1	2	1	5	3	2	2	0	2	2	0	0	1	0	1	0	0
ASV2301	4	3	1	5	6	2	2	4	3	0	3	5	3	0	1	5	9	4
ASV2302	0	1	1	0	0	0	0	0	0	0	0	1	0	0	0	0	0	0
ASV2303	3	3	0	1	2	1	2	1	3	1	1	0	0	0	0	0	0	0
ASV2304	1	0	3	0	0	0	0	1	1	0	1	0	0	0	0	0	0	0
ASV2305	3	2	4	4	4	4	5	2	3	4	3	5	3	3	0	0	1	0
ASV2306	8	3	6	5	2	4	3	2	2	7	5	1	2	2	0	1	3	1
ASV2307	0	0	0	0	1	0	0	0	2	0	2	0	0	0	0	0	0	0
ASV2308	5	2	0	3	1	4	2	10	1	7	4	0	9	6	6	12	2	4
ASV2309	0	0	0	0	1	0	0	0	0	0	0	1	0	0	1	0	0	0
ASV231	32	21	39	35	30	21	24	23	13	17	22	19	18	11	7	16	12	10
ASV2310	3	4	2	4	0	1	1	0	1	0	2	0	0	0	3	0	0	1
ASV2311	3	1	7	5	0	1	0	1	3	2	0	1	4	2	0	1	0	0
ASV2312	6	7	3	7	0	2	5	4	2	2	1	3	3	3	1	0	2	0
ASV2313	4	2	2	1	1	3	0	1	0	1	0	3	1	0	1	5	3	1
ASV2314	1	1	0	6	1	0	1	2	1	2	0	4	0	2	2	3	2	0
ASV2315	1	2	2	4	1	0	1	0	0	1	0	1	1	2	0	1	0	0
ASV2316	0	0	0	0	0	0	0	1	0	0	0	0	1	0	1	1	0	1
ASV2317	6	1	1	5	1	4	5	1	3	1	3	1	3	2	3	0	0	0
ASV2318	5	2	1	3	2	0	1	0	3	2	4	4	1	2	2	3	0	0
ASV2319	5	3	4	9	5	6	2	2	5	4	0	4	4	1	1	0	1	1
ASV232	15	10	11	7	10	14	13	10	9	20	14	11	9	27	8	22	135	204
ASV2320	3	2	3	3	0	1	3	0	0	0	0	1	2	1	0	0	0	0
ASV2321	1	1	3	2	0	0	0	0	0	0	0	0	0	0	0	0	0	0
ASV2322	1	1	2	1	1	2	0	1	1	1	0	0	0	0	1	1	0	0
ASV2323	1	0	1	2	4	2	5	2	1	8	1	1	4	2	1	0	1	2
ASV2324	2	2	10	0	0	2	0	0	1	0	1	0	1	1	1	0	2	1
ASV2325	3	2	1	3	2	2	2	1	0	0	3	3	1	0	2	1	0	0
ASV2326	6	4	2	2	4	7	3	3	3	7	2	6	4	2	2	0	1	1
ASV2327	7	1	4	2	0	3	4	1	2	2	3	1	1	0	1	0	0	1
ASV2328	0	5	3	2	5	0	2	1	1	3	1	1	3	0	2	1	0	0
ASV2329	3	0	0	2	3	0	2	0	0	0	0	0	1	0	0	3	0	0
ASV233	41	21	28	21	19	22	16	19	21	18	19	18	20	9	15	8	7	3
ASV2330	0	0	1	2	0	1	0	0	0	0	0	0	0	1	0	0	0	0
ASV2331	4	0	4	1	1	2	3	0	2	1	5	1	3	1	1	0	0	0
ASV2332	0	0	0	0	1	3	1	0	0	1	0	1	0	0	0	0	0	0
ASV2333	1	1	1	0	0	1	0	0	0	0	0	0	0	0	1	0	1	0
ASV2334	2	3	5	0	4	2	1	1	1	4	2	0	1	0	0	0	0	0
ASV2335	6	2	2	4	1	1	0	1	0	0	1	3	0	0	0	0	1	0
ASV2336	2	1	3	2	2	1	6	1	2	2	3	0	2	3	2	2	1	0
ASV2337	4	3	3	4	3	4	7	3	4	4	4	1	1	2	2	0	0	0
ASV2338	1	2	2	2	2	2	3	2	1	5	3	1	4	1	3	2	2	2
ASV2339	2	2	0	1	0	4	2	0	1	1	5	0	1	3	0	0	2	0
ASV234	9	9	9	9	32	19	12	9	26	13	18	18	11	23	24	14	6	6
ASV2340	2	3	1	3	2	1	3	2	2	4	3	3	4	1	1	4	0	3
ASV2341	3	5	2	4	5	2	1	1	2	5	1	0	1	1	2	1	2	0
ASV2342	4	2	3	3	2	4	2	2	1	2	2	2	0	1	0	0	0	0
ASV2343	0	0	0	0	0	0	0	0	0	1	0	0	0	0	0	1	4	0
ASV2344	5	2	1	3	3	3	1	1	2	5	3	3	4	1	3	0	1	3
ASV2345	4	0	1	2	4	4	0	2	0	1	3	2	2	4	3	0	1	0
ASV2346	2	1	0	0	0	0	1	0	0	0	3	2	1	2	0	1	2	1
ASV2347	1	0	3	3	1	3	0	0	0	1	2	2	1	0	0	0	0	0
ASV2348	3	0	2	1	1	1	2	1	4	1	0	0	3	0	2	0	1	0
ASV2349	0	0	0	1	0	1	2	1	2	2	0	0	0	0	1	1	0	0
ASV235	64	42	58	60	38	48	32	22	20	24	43	75	32	37	20	5	9	19
ASV2350	1	0	0	1	2	1	1	0	1	0	0	0	0	1	1	4	10	7
ASV2351	3	3	3	0	2	4	1	1	1	0	0	0	3	0	0	1	0	0
ASV2352	9	1	0	5	2	1	2	1	0	3	0	1	2	0	4	0	0	0
ASV2353	3	0	3	0	0	2	2	0	2	1	4	0	0	0	1	0	0	1
ASV2354	2	1	1	1	0	1	2	2	1	0	0	1	2	2	1	5	0	0
ASV2355	0	2	2	1	2	0	3	3	0	2	1	3	1	1	0	1	3	1
ASV2356	0	1	1	1	3	4	2	2	0	3	1	0	1	0	1	0	0	0
ASV2357	2	4	2	0	0	2	1	0	1	2	0	0	4	3	0	1	0	0
ASV2358	0	1	0	0	0	1	0	1	0	2	0	0	0	0	0	0	0	0
ASV2359	2	2	2	2	6	4	0	5	3	5	2	6	5	7	5	2	5	2
ASV236	17	19	22	22	23	40	30	43	25	29	27	22	31	15	25	40	32	19
ASV2360	2	4	6	1	2	6	2	0	5	2	3	2	3	6	1	0	0	0
ASV2361	2	2	2	1	6	3	2	6	8	4	3	7	9	11	8	4	3	3
ASV2362	0	3	0	0	0	0	1	1	0	1	0	1	0	2	0	1	0	1
ASV2363	0	0	0	0	0	0	0	0	0	0	0	0	0	0	0	0	0	0
ASV2364	1	0	1	1	2	0	0	0	1	1	0	2	1	1	1	2	0	0
ASV2365	0	0	6	1	3	2	4	1	2	0	1	1	3	1	4	4	0	1
ASV2366	6	0	1	4	3	3	3	1	3	1	1	5	2	3	1	1	2	1
ASV2367	6	2	2	2	2	1	2	2	2	2	1	1	3	3	3	0	1	0
ASV2368	5	3	3	1	0	0	1	0	2	3	1	0	1	1	0	0	0	0
ASV2369	4	2	9	4	4	2	3	2	1	5	6	2	1	2	0	2	0	0
ASV237	13	7	6	7	13	10	5	17	13	14	9	18	14	26	15	27	15	26
ASV2370	7	7	19	4	7	7	11	7	6	4	9	9	8	3	5	2	9	7
ASV2371	0	0	3	1	8	1	0	4	1	0	7	0	3	2	2	3	0	3
ASV2372	3	3	2	2	4	3	1	0	2	2	0	2	0	0	2	0	2	0
ASV2373	0	0	0	0	0	0	0	0	0	0	0	0	0	0	0	0	0	0
ASV2374	1	2	1	2	0	1	2	0	1	0	1	2	0	3	0	1	0	0
ASV2375	0	1	0	0	2	0	0	0	0	0	0	0	0	0	0	0	0	0
ASV2376	1	0	1	1	1	2	0	1	3	1	0	1	4	0	1	4	0	0
ASV2377	3	2	1	4	3	0	3	1	1	7	1	1	0	0	0	0	0	0
ASV2378	3	0	4	1	2	4	5	1	1	3	0	0	1	2	1	1	2	0
ASV2379	0	3	4	4	4	2	7	6	4	5	4	6	3	2	6	4	10	12
ASV238	0	0	0	0	3	1	0	0	0	1	1	0	0	0	0	0	2	2
ASV2380	0	1	0	1	2	2	0	1	1	4	0	1	4	0	3	0	1	1
ASV2381	0	3	1	0	0	1	0	1	1	0	0	1	1	0	1	0	0	0
ASV2382	3	1	5	2	2	1	3	3	6	1	0	0	2	1	0	0	0	0
ASV2383	3	6	4	5	3	4	4	5	3	2	1	1	3	2	2	2	2	1
ASV2384	6	1	7	2	10	5	3	1	1	2	3	1	3	4	0	2	0	1
ASV2385	0	2	3	1	1	0	1	3	1	2	0	0	1	2	0	1	1	1
ASV2386	2	3	3	1	0	1	1	3	2	2	2	1	1	0	1	1	2	0
ASV2387	1	1	1	0	1	2	1	1	1	1	0	3	3	1	0	0	0	0
ASV2388	1	1	4	1	1	0	0	1	1	1	0	2	1	0	0	3	3	2
ASV2389	0	1	1	1	1	2	1	1	0	1	1	1	3	1	2	1	1	1
ASV239	50	45	53	51	36	50	54	47	23	41	53	41	38	20	28	42	62	55
ASV2390	5	3	2	1	4	2	1	1	2	3	1	0	1	2	0	1	2	0
ASV2391	4	2	3	3	0	2	4	0	7	1	5	3	0	2	0	1	0	0
ASV2392	0	0	1	3	0	1	0	0	1	3	0	0	0	0	2	0	0	0
ASV2393	7	4	7	5	6	1	2	2	5	5	3	2	5	2	4	0	0	1
ASV2394	2	3	2	0	3	2	4	1	5	1	3	3	1	2	1	3	1	0
ASV2395	0	1	4	3	1	3	0	1	0	1	1	3	0	1	1	0	0	0
ASV2396	1	9	2	4	2	0	7	3	2	3	3	2	1	1	1	0	0	2
ASV2397	0	2	2	3	2	3	2	0	1	0	3	1	1	0	1	5	1	2
ASV2398	0	0	1	0	1	1	0	1	0	0	1	1	0	1	1	0	0	0
ASV2399	1	1	1	0	1	2	1	0	0	1	1	0	0	0	0	0	0	0
ASV24	16	7	5	10	8	12	10	16	13	30	25	18	27	49	34	41	595	653
ASV240	34	27	21	26	29	36	24	26	41	34	28	22	30	50	42	16	18	12
ASV2400	2	2	2	2	2	3	2	6	5	5	3	2	5	6	1	2	1	2
ASV2401	3	1	2	1	1	1	1	0	1	0	1	0	1	0	0	2	1	0
ASV2402	2	2	0	2	0	1	0	0	2	0	1	3	0	1	0	0	0	0
ASV2403	2	1	1	1	0	2	2	1	0	1	0	0	1	2	0	0	0	0
ASV2404	1	3	3	6	4	2	5	7	1	2	3	3	2	2	1	1	0	1
ASV2405	1	0	3	4	1	1	3	1	1	4	1	1	1	4	1	0	0	0
ASV2406	4	0	1	2	1	3	2	1	2	0	0	2	4	2	1	1	0	0
ASV2407	1	0	1	1	2	1	0	1	0	1	0	0	0	0	0	0	0	0
ASV2408	4	4	1	4	4	3	2	2	2	5	2	3	3	3	2	1	1	0
ASV2409	0	2	1	2	2	0	1	0	1	1	0	1	4	4	2	2	0	3
ASV241	13	8	6	14	8	9	5	4	4	7	5	7	11	7	4	8	3	1
ASV2411	3	2	7	8	13	6	11	8	2	4	7	8	5	8	5	2	8	5
ASV2412	4	5	1	4	2	1	0	0	0	0	1	0	0	5	0	0	0	0
ASV2413	2	2	4	4	5	2	1	3	1	2	0	1	3	0	1	2	3	3
ASV2414	4	1	2	3	3	0	3	1	0	2	0	1	2	0	0	2	0	0
ASV2415	3	1	8	3	4	5	1	0	1	0	0	2	0	0	0	0	1	0
ASV2416	0	0	0	0	0	0	0	0	0	0	0	0	0	1	0	0	0	0
ASV2417	1	0	2	0	1	1	0	1	0	0	0	0	0	3	0	0	1	0
ASV2418	0	0	0	1	0	0	1	0	0	0	0	0	0	3	0	0	0	2
ASV2419	1	0	0	0	0	1	0	0	0	0	0	0	0	0	0	0	0	0
ASV242	39	29	33	27	38	40	23	14	25	18	18	36	21	24	14	16	8	8
ASV2420	0	0	0	0	0	0	0	0	0	0	0	0	1	0	0	0	0	0
ASV2421	5	4	8	5	3	5	1	0	1	0	2	1	2	1	0	0	0	0
ASV2422	4	1	0	0	1	1	1	2	0	1	0	5	1	0	0	0	0	1
ASV2423	2	5	4	2	1	0	2	0	2	0	2	0	2	0	0	0	0	0
ASV2424	1	2	0	0	1	2	3	1	0	0	1	0	0	0	0	1	1	0
ASV2425	1	2	0	1	0	1	1	2	0	0	0	0	1	2	0	0	0	0
ASV2426	3	0	0	1	1	1	1	1	1	0	0	0	1	0	0	0	0	0
ASV2428	0	0	1	1	0	1	0	0	1	0	0	0	1	0	0	0	0	0
ASV2429	3	3	1	5	3	3	1	2	1	0	2	3	0	1	1	0	0	0
ASV243	14	8	17	11	10	8	2	4	9	6	3	9	5	8	3	6	3	3
ASV2431	0	0	0	0	0	1	0	0	0	0	0	0	0	0	0	0	0	0
ASV2432	0	0	0	0	2	0	0	0	0	0	2	0	0	0	2	0	0	1
ASV2433	4	3	1	4	3	2	3	1	3	1	5	5	3	1	6	3	1	1
ASV2434	2	0	1	1	1	2	0	4	0	1	4	3	1	3	3	3	0	3
ASV2435	5	0	2	4	0	1	2	0	1	3	2	0	1	0	0	3	0	0
ASV2436	2	1	1	2	0	2	0	1	1	0	0	0	0	0	1	0	4	12
ASV2437	1	1	5	0	0	1	0	2	1	1	1	0	1	1	3	2	0	1
ASV2438	1	1	2	2	0	2	1	0	0	0	1	0	0	2	3	0	0	1
ASV2439	2	0	4	5	4	3	1	7	5	3	1	1	2	2	5	0	2	2
ASV244	12	17	8	10	6	9	14	10	18	17	15	12	21	28	28	41	82	59
ASV2440	5	3	5	5	2	5	4	3	4	6	8	3	4	1	2	2	2	0
ASV2441	0	0	0	0	0	0	0	0	0	0	1	0	0	0	0	0	0	0
ASV2442	4	1	3	9	5	6	3	2	2	4	0	4	3	2	1	0	0	0
ASV2443	4	1	3	1	0	0	1	2	1	0	0	1	0	0	1	0	0	0
ASV2444	0	2	0	0	0	0	0	0	0	0	0	0	1	0	0	0	0	0
ASV2445	9	2	2	3	2	4	2	1	1	3	2	2	2	1	0	0	0	0
ASV2446	1	2	1	2	5	5	9	3	5	5	3	7	6	4	1	0	3	0
ASV2447	0	0	1	0	0	1	0	0	0	0	1	1	0	0	0	0	0	0
ASV2448	4	4	2	3	9	1	1	6	6	9	0	5	6	3	3	4	3	2
ASV2449	3	1	4	0	3	1	3	1	1	1	1	2	1	0	1	0	0	0
ASV245	43	20	29	27	32	19	14	19	10	15	16	13	16	22	26	21	12	7
ASV2450	0	0	0	0	0	0	1	0	1	0	0	0	1	0	0	0	0	0
ASV2451	4	0	2	1	1	0	0	2	0	0	0	0	0	2	0	4	3	5
ASV2452	1	4	5	3	3	6	1	1	0	2	1	1	1	0	1	1	0	0
ASV2453	1	0	3	0	2	1	1	1	0	3	0	1	1	0	0	1	2	0
ASV2454	0	0	0	1	0	1	1	0	0	0	0	0	0	0	0	1	0	0
ASV2455	3	2	6	2	1	1	1	0	2	4	2	1	0	0	2	1	1	0
ASV2456	0	0	1	0	2	1	3	0	1	0	1	1	0	1	1	3	1	1
ASV2457	0	1	3	1	3	0	0	0	1	5	3	2	1	1	3	1	0	0
ASV2458	3	3	4	1	3	1	4	2	5	2	2	1	3	0	2	1	1	1
ASV2459	5	1	3	3	2	3	1	3	3	2	2	1	2	3	1	2	0	1
ASV246	7	3	6	9	11	7	14	4	9	5	10	3	9	5	8	0	0	0
ASV2461	1	1	0	2	1	0	2	4	1	2	3	0	1	1	0	2	2	0
ASV2462	0	0	0	0	1	1	1	3	1	4	2	2	1	0	0	0	0	0
ASV2463	3	2	0	1	1	1	0	1	3	0	0	1	0	1	1	1	0	0
ASV2464	1	5	2	0	3	4	0	0	1	2	0	1	2	1	2	0	0	0
ASV2465	2	2	1	2	0	2	4	0	6	3	2	0	1	1	0	0	0	0
ASV2466	0	1	0	4	0	1	1	0	0	1	1	0	0	0	0	0	0	1
ASV2467	0	0	0	0	0	0	0	0	0	0	0	0	2	1	0	0	1	0
ASV2468	0	2	3	2	2	2	3	2	1	0	0	1	3	1	5	1	0	1
ASV2469	3	2	2	1	3	6	5	4	6	2	1	1	1	0	1	0	1	1
ASV247	29	19	22	11	23	14	33	15	18	21	20	24	25	19	33	60	33	33
ASV2470	1	1	0	0	0	3	0	1	1	1	1	1	0	3	1	0	0	0
ASV2471	0	0	0	0	0	0	0	0	0	0	1	0	0	0	0	0	0	0
ASV2472	3	3	3	3	4	2	7	4	6	9	2	3	2	3	4	8	1	0
ASV2473	0	0	0	0	0	0	1	0	0	0	0	0	0	0	0	2	0	0
ASV2474	4	4	0	2	1	2	0	0	2	1	1	3	1	2	3	2	2	0
ASV2475	0	0	0	0	0	0	0	0	0	0	0	0	0	0	0	0	0	0
ASV2476	1	4	4	4	0	4	4	5	0	2	2	2	3	2	4	2	3	1
ASV2477	6	1	4	2	2	2	2	0	3	3	1	0	3	2	0	0	1	1
ASV2478	1	1	1	1	1	1	1	3	2	1	0	3	0	2	2	4	0	0
ASV2479	3	0	3	1	0	1	1	1	2	1	3	1	1	1	1	0	0	0
ASV248	48	49	33	40	36	34	38	40	37	63	33	39	30	36	32	30	22	22
ASV2480	3	2	1	2	0	1	1	0	0	3	3	1	0	1	1	0	0	0
ASV2481	1	0	4	4	11	6	3	4	7	1	7	4	3	5	4	1	0	3
ASV2482	3	1	2	1	2	5	2	1	0	0	1	0	2	4	0	0	2	2
ASV2483	1	1	8	1	0	0	1	4	0	2	3	4	0	1	1	1	0	0
ASV2484	0	0	4	2	1	1	2	0	2	4	0	0	1	2	4	8	1	2
ASV2485	3	2	2	3	4	5	2	1	1	0	1	1	3	1	1	0	1	0
ASV2486	13	10	14	13	17	10	11	22	19	11	15	15	12	8	8	9	16	25
ASV2487	1	1	2	2	0	3	3	1	0	3	3	1	3	2	0	1	1	3
ASV2488	1	0	0	3	0	3	1	1	0	2	0	0	0	1	0	0	1	0
ASV2489	0	0	1	1	1	0	1	0	1	1	3	0	1	1	1	4	1	0
ASV249	11	5	3	10	10	7	4	7	3	8	1	5	5	6	6	1	1	0
ASV2490	1	4	5	3	2	4	5	0	0	1	0	1	0	0	0	2	0	0
ASV2491	3	1	2	2	1	3	2	1	1	0	3	2	0	0	0	2	0	1
ASV2492	0	0	0	0	0	0	0	0	1	1	0	0	0	0	0	0	0	0
ASV2493	3	1	2	3	2	1	1	0	0	1	2	0	0	4	0	2	0	1
ASV2494	4	2	3	0	1	1	0	1	1	0	4	2	1	2	2	1	1	1
ASV2495	4	1	2	0	0	1	2	0	1	2	0	2	3	0	0	0	0	0
ASV2496	1	1	1	1	0	0	1	0	0	0	0	0	1	0	0	0	0	0
ASV2497	1	1	1	0	5	0	2	0	2	1	0	2	0	1	0	1	1	0
ASV2498	0	2	0	0	2	1	1	0	0	0	0	0	0	0	0	0	1	0
ASV2499	0	1	1	2	2	1	2	0	0	3	0	1	0	1	1	1	0	0
ASV25	77	50	59	56	66	91	97	128	111	105	103	92	126	159	177	316	361	494
ASV250	27	26	17	22	16	22	26	25	15	19	25	15	17	10	21	20	19	16
ASV2500	1	6	1	3	5	1	3	7	2	1	1	1	3	3	0	1	1	0
ASV2501	0	4	0	0	1	9	1	11	2	3	3	3	2	0	1	0	0	1
ASV2502	0	0	2	1	1	1	0	1	2	0	1	0	0	0	0	0	0	0
ASV2503	1	0	0	0	0	0	0	0	0	0	0	0	0	0	0	0	0	0
ASV2504	1	0	1	1	1	1	1	1	0	3	1	0	1	0	1	1	0	0
ASV2505	1	1	3	6	0	3	5	4	1	3	2	3	1	1	1	0	0	0
ASV2506	4	1	0	0	1	1	3	1	0	2	2	2	3	0	2	2	0	1
ASV2507	0	0	0	0	0	0	0	0	0	0	0	0	0	0	0	0	0	0
ASV2508	3	0	4	0	2	1	0	2	1	2	0	0	1	1	0	0	0	0
ASV2509	0	0	0	0	0	0	0	0	0	0	0	0	0	0	0	0	0	0
ASV251	10	16	11	14	13	13	24	15	14	25	8	17	16	21	19	24	11	6
ASV2510	3	4	4	4	7	4	1	1	1	1	3	3	1	2	2	0	2	1
ASV2511	10	5	8	6	10	9	6	8	7	6	6	2	5	2	3	2	2	1
ASV2512	0	0	0	0	0	0	0	0	0	0	0	0	0	1	0	1	1	0
ASV2513	5	2	2	3	2	3	2	2	4	2	1	1	1	4	2	0	1	0
ASV2514	2	4	1	4	3	1	1	2	1	6	4	2	5	0	1	1	3	0
ASV2515	2	1	1	4	2	2	0	3	1	3	2	2	2	0	2	1	2	1
ASV2516	0	0	4	1	0	2	1	0	1	2	1	0	1	0	1	1	0	0
ASV2517	1	0	1	0	0	0	1	0	0	0	0	0	0	0	0	0	0	0
ASV2518	3	0	0	0	1	0	1	0	2	3	1	1	0	0	2	0	0	0
ASV2519	7	2	2	3	1	2	1	1	2	2	2	1	1	0	0	0	0	0
ASV252	32	24	18	20	30	17	23	14	21	18	27	26	31	47	31	64	27	39
ASV2521	5	5	2	2	0	2	3	1	3	2	3	4	0	0	2	3	1	0
ASV2522	0	1	2	0	2	1	2	1	1	0	1	1	1	0	1	1	0	1
ASV2523	6	2	1	3	3	4	2	1	2	3	1	1	1	2	1	2	0	0
ASV2524	1	1	0	0	1	1	4	1	0	0	0	1	2	0	2	3	2	1
ASV2525	2	1	3	3	4	5	4	3	1	3	1	0	1	3	0	0	0	0
ASV2526	0	0	0	0	0	0	0	0	1	0	0	0	0	0	0	0	0	0
ASV2527	0	0	0	0	0	0	1	0	0	0	0	1	0	0	0	0	0	0
ASV2528	5	0	1	2	4	0	2	3	1	1	2	1	4	1	0	2	0	0
ASV2529	0	1	0	1	1	1	1	1	0	1	1	0	1	0	0	0	0	0
ASV253	4	2	2	1	0	4	0	4	1	0	0	3	2	1	0	1	0	1
ASV2530	2	3	3	2	6	9	1	6	7	4	2	3	2	7	3	3	4	9
ASV2531	4	0	4	1	0	2	0	0	1	3	0	0	0	0	0	0	0	1
ASV2532	0	0	0	0	1	0	0	0	0	1	0	0	1	1	0	0	0	0
ASV2533	3	7	5	5	6	6	3	6	0	1	1	5	3	6	1	1	1	0
ASV2534	1	8	1	0	1	0	0	0	0	0	0	1	0	1	0	0	0	0
ASV2535	3	4	2	7	6	2	2	6	2	1	1	1	3	1	3	2	0	1
ASV2536	3	2	2	1	2	0	4	1	1	7	2	0	1	2	0	1	1	0
ASV2537	3	1	1	3	1	1	0	2	1	0	1	0	0	3	3	2	0	0
ASV2538	0	3	0	0	1	1	0	1	1	0	0	1	1	1	0	0	0	0
ASV2539	2	0	1	1	0	1	3	4	0	3	0	2	2	1	1	2	3	5
ASV254	70	30	18	25	40	22	17	25	25	20	30	21	27	32	29	74	12	14
ASV2540	0	1	2	0	1	0	1	0	1	1	1	0	3	1	0	3	1	1
ASV2541	4	2	8	0	3	2	1	0	2	1	0	3	4	3	1	2	0	0
ASV2542	5	0	0	1	7	1	4	1	2	1	2	4	1	3	2	4	1	0
ASV2543	0	2	0	3	1	2	2	1	1	1	1	0	1	1	0	0	1	0
ASV2544	3	0	5	4	5	3	4	0	2	2	1	0	1	2	1	0	0	0
ASV2545	0	3	4	2	2	2	1	2	1	2	1	0	1	0	1	2	0	0
ASV2546	5	3	5	2	4	4	4	2	2	1	7	2	2	3	0	0	0	1
ASV2547	2	1	2	2	5	2	1	1	4	5	3	1	1	0	4	1	4	2
ASV2548	1	4	0	3	2	2	0	0	1	3	0	0	0	2	0	0	0	1
ASV2549	0	2	3	0	1	0	1	0	1	2	0	2	0	0	0	0	0	1
ASV255	1	1	2	3	2	4	0	2	1	1	2	2	2	4	2	3	0	0
ASV2550	1	0	1	0	0	2	2	1	2	4	3	2	0	4	3	3	3	2
ASV2552	18	13	13	11	6	12	11	35	25	13	22	30	27	22	31	13	30	24
ASV2553	5	4	3	1	2	1	3	0	2	3	1	5	3	0	2	2	0	1
ASV2554	30	4	1	1	0	2	2	0	1	1	0	0	1	0	1	0	0	0
ASV2555	4	3	3	3	3	2	3	0	0	0	2	2	2	1	3	1	0	1
ASV2556	5	3	5	1	3	3	4	0	3	0	1	6	2	1	2	0	1	0
ASV2557	3	1	2	3	0	2	0	0	0	1	2	2	0	1	3	0	0	0
ASV2558	2	2	7	4	3	5	2	0	2	2	1	2	1	2	0	1	0	0
ASV2559	0	3	2	0	0	0	0	0	0	1	0	0	0	1	1	0	2	1
ASV256	26	1	18	17	27	18	14	10	16	26	8	21	12	10	8	0	0	0
ASV2560	5	2	3	3	3	4	3	2	3	5	3	7	4	4	5	1	3	0
ASV2561	3	1	5	0	0	4	3	0	1	3	0	0	2	0	0	0	0	0
ASV2562	3	2	1	0	0	1	1	3	3	3	2	2	3	6	3	3	0	1
ASV2563	1	0	2	4	2	2	3	2	1	1	2	0	1	1	3	0	0	0
ASV2564	3	2	3	1	2	3	0	4	3	3	1	6	4	1	2	9	7	0
ASV2565	0	0	1	1	1	0	0	0	1	0	0	0	0	0	0	0	0	1
ASV2566	0	0	0	0	0	1	0	1	0	0	0	0	0	0	0	0	0	1
ASV2567	4	1	0	0	1	3	1	2	2	3	4	1	0	0	0	1	0	0
ASV2568	3	1	1	2	0	2	1	2	2	4	2	1	1	3	0	0	0	0
ASV2569	0	1	0	0	0	0	0	0	2	0	1	0	2	0	1	0	0	0
ASV257	17	14	13	12	13	16	10	12	14	17	29	21	14	20	26	27	17	10
ASV2570	7	2	6	2	2	1	1	3	2	2	5	2	1	1	3	8	3	3
ASV2571	4	2	3	4	5	2	1	0	2	3	1	4	1	2	0	0	1	1
ASV2572	8	9	11	10	8	7	7	12	10	7	9	11	14	8	3	1	10	13
ASV2573	0	1	3	1	0	1	0	0	0	1	1	0	0	0	0	0	0	0
ASV2574	1	0	0	1	1	0	0	1	0	1	1	2	0	0	0	1	0	0
ASV2575	0	1	0	0	2	2	1	0	0	2	0	0	1	0	0	0	0	0
ASV2576	0	0	0	1	0	0	0	0	1	0	0	0	0	1	0	2	0	0
ASV2577	0	1	1	0	0	0	0	0	0	0	0	0	0	0	0	0	0	0
ASV2578	0	0	1	2	0	1	1	0	0	2	0	0	0	0	0	0	1	0
ASV2579	0	1	1	0	0	0	0	0	4	0	0	1	0	1	0	1	0	0
ASV258	8	9	18	11	17	14	15	16	5	10	19	15	17	33	21	39	16	22
ASV2580	0	0	0	0	0	0	0	0	0	1	0	0	0	0	0	0	0	0
ASV2581	1	2	5	1	2	3	2	1	3	1	2	3	2	1	3	0	0	0
ASV2582	2	0	0	0	1	0	0	0	0	0	0	5	0	1	2	0	3	0
ASV2583	19	32	12	24	28	23	34	39	36	34	24	40	24	30	45	19	45	47
ASV2584	0	0	0	0	0	1	0	0	0	0	0	0	0	0	0	0	0	0
ASV2585	5	10	2	5	4	1	3	4	5	8	2	6	7	0	3	3	2	4
ASV2586	1	2	3	3	0	3	0	0	2	2	0	3	2	3	1	0	1	1
ASV2587	0	1	1	1	2	0	0	2	1	0	0	1	0	1	0	0	0	0
ASV2588	0	0	0	0	0	0	0	0	0	0	0	0	0	0	0	0	0	0
ASV2589	1	0	0	0	0	0	0	0	0	0	0	0	0	1	0	0	0	0
ASV259	3	8	17	6	6	8	8	7	5	5	7	9	9	9	4	15	7	20
ASV2590	0	0	0	0	1	2	1	1	0	1	0	0	2	0	1	0	0	1
ASV2591	3	1	2	2	1	4	1	2	0	1	3	2	1	0	3	1	1	1
ASV2592	2	0	2	2	1	2	1	0	0	0	0	1	2	1	0	0	1	0
ASV2593	8	6	4	1	2	2	4	3	0	5	4	2	6	5	6	2	2	2
ASV2594	3	1	1	4	3	1	1	0	3	1	1	0	0	3	2	1	2	0
ASV2595	12	24	16	15	9	16	14	12	15	15	15	11	14	4	8	1	1	0
ASV2596	0	3	4	3	3	4	1	2	0	4	0	2	1	1	3	3	3	1
ASV2597	3	3	2	0	2	3	2	1	5	1	2	5	5	4	1	3	6	7
ASV2598	0	1	0	0	1	0	2	0	0	0	0	0	1	0	0	0	0	0
ASV2599	12	6	8	7	4	5	10	10	5	12	10	13	9	1	1	2	8	4
ASV26	2	3	0	1	1	0	1	0	0	0	1	0	1	3	1	1	6	15
ASV260	46	33	40	29	20	32	29	13	18	32	19	18	12	13	7	11	5	2
ASV2600	0	0	3	0	0	0	2	0	1	1	1	0	0	0	0	0	0	0
ASV2601	5	2	2	0	2	4	0	1	4	1	0	0	1	0	1	1	0	0
ASV2602	3	1	5	3	4	2	2	2	2	5	1	1	0	1	2	0	0	0
ASV2603	0	0	0	0	1	1	0	0	1	1	0	0	1	1	0	1	0	0
ASV2604	1	0	3	1	2	5	2	0	3	2	1	2	0	2	1	0	0	0
ASV2605	2	1	2	2	0	0	0	0	0	1	1	1	1	1	1	0	2	2
ASV2606	3	1	3	5	3	5	1	3	1	1	2	1	2	1	0	1	0	0
ASV2607	1	1	2	1	1	1	0	0	0	0	0	3	1	0	3	2	0	0
ASV2608	1	0	4	1	0	0	0	0	0	0	0	0	0	0	0	0	0	1
ASV2609	0	3	0	1	0	0	0	2	0	1	0	0	1	0	0	0	0	1
ASV261	48	53	50	36	35	35	29	18	24	47	16	27	24	25	18	9	4	7
ASV2610	7	5	8	9	6	4	10	9	13	15	12	16	10	13	8	4	3	12
ASV2611	7	4	4	2	6	5	0	0	2	2	2	0	1	2	1	0	0	0
ASV2612	0	0	0	0	0	0	0	0	0	0	0	0	0	0	0	0	0	0
ASV2613	5	2	0	2	2	4	1	2	6	2	2	0	1	1	4	1	1	1
ASV2614	3	4	1	4	1	1	0	3	3	7	1	2	2	2	6	5	2	0
ASV2615	0	0	0	0	1	1	2	0	0	0	0	0	1	0	0	0	0	0
ASV2616	0	0	0	0	0	0	0	0	0	0	0	0	1	1	0	1	0	0
ASV2617	3	6	4	2	3	3	3	2	3	3	2	2	0	1	3	0	1	0
ASV2618	8	13	8	14	8	4	7	8	5	3	9	4	5	0	3	1	6	13
ASV2619	0	0	0	2	0	0	2	0	0	0	0	0	2	0	1	0	0	0
ASV262	17	10	10	18	18	30	28	19	23	30	38	23	21	42	33	37	6	13
ASV2620	2	1	2	0	1	4	1	0	0	2	1	1	1	1	2	0	0	0
ASV2621	2	0	1	2	0	1	1	1	1	1	3	1	1	1	0	5	0	6
ASV2623	15	9	28	26	13	13	26	22	22	13	18	21	19	11	19	14	28	29
ASV2624	3	3	2	2	1	1	2	1	1	2	0	0	4	0	2	0	0	1
ASV2625	3	1	2	1	2	13	1	2	2	6	2	1	3	0	1	0	1	0
ASV2626	1	1	1	1	2	2	1	3	1	4	1	1	2	0	0	0	1	0
ASV2627	6	1	3	2	2	5	11	1	1	3	5	0	1	0	3	0	0	2
ASV2628	1	4	2	0	1	2	0	0	2	2	1	0	0	1	1	0	0	1
ASV2629	1	7	2	3	3	1	1	1	2	1	4	1	2	0	2	2	0	0
ASV263	22	8	2	8	7	6	13	7	9	18	9	24	20	34	43	26	27	91
ASV2630	0	3	5	7	1	2	5	1	1	2	8	3	4	2	1	2	3	1
ASV2631	1	1	2	0	1	1	0	0	1	4	1	0	0	5	2	5	2	0
ASV2632	3	5	4	4	2	0	2	1	1	1	2	0	2	1	0	0	1	0
ASV2633	3	1	1	1	0	1	0	1	1	1	0	1	0	1	0	1	0	0
ASV2634	1	0	0	0	0	0	0	0	0	0	2	0	0	0	1	0	0	0
ASV2635	2	1	3	0	1	3	1	0	3	0	1	0	1	0	4	6	0	0
ASV2636	1	1	0	0	2	3	0	1	1	1	1	0	1	0	1	2	1	0
ASV2637	3	4	1	2	6	2	3	1	4	3	3	2	4	1	5	0	1	0
ASV2638	6	2	5	5	2	3	1	0	1	2	1	2	4	2	1	0	0	1
ASV2639	1	1	0	2	1	2	0	0	2	0	0	1	0	0	0	1	0	0
ASV264	30	16	31	21	21	27	23	12	9	26	11	21	9	10	17	13	3	3
ASV2640	0	2	5	2	1	3	1	4	2	2	0	3	3	3	0	0	1	0
ASV2641	0	2	3	1	3	3	2	0	2	4	0	2	3	0	2	2	1	1
ASV2642	1	1	0	0	4	2	5	1	0	5	0	1	1	0	1	1	0	0
ASV2643	3	4	1	0	1	4	0	0	1	2	1	0	3	2	0	1	1	0
ASV2644	2	3	2	2	2	1	3	2	3	3	0	4	2	0	2	3	1	0
ASV2645	5	2	5	3	3	3	1	1	0	0	1	2	1	0	4	3	0	0
ASV2646	13	2	3	0	4	3	3	7	2	2	1	1	4	1	0	2	0	1
ASV2647	0	0	0	0	1	0	0	0	1	1	0	0	0	0	2	0	0	0
ASV2648	2	2	2	0	0	1	2	0	1	0	0	0	0	0	1	0	0	0
ASV2649	0	0	0	0	0	0	0	0	0	0	0	0	1	0	0	0	0	0
ASV265	27	24	20	14	15	15	30	17	16	22	17	17	20	12	21	30	16	18
ASV2650	2	2	4	3	4	5	2	1	0	1	2	0	1	0	1	0	0	0
ASV2651	2	0	1	0	0	3	4	0	1	1	6	2	2	5	5	3	0	1
ASV2652	4	2	3	3	2	3	2	2	0	3	2	2	1	0	0	1	0	2
ASV2653	1	0	0	0	0	0	0	0	1	0	2	0	0	0	0	0	0	0
ASV2654	2	4	5	0	1	3	4	0	0	2	1	1	3	1	0	0	0	0
ASV2655	0	0	1	0	1	0	2	2	1	1	2	3	2	1	3	3	0	3
ASV2656	2	0	1	0	1	0	1	2	2	1	1	0	1	0	1	0	1	0
ASV2657	2	0	1	2	0	0	1	1	0	1	0	0	1	1	0	0	0	0
ASV2658	1	1	0	0	1	0	2	0	0	0	0	1	0	1	2	0	1	0
ASV2659	0	0	0	0	0	0	0	0	0	0	0	0	0	0	0	0	0	0
ASV266	32	67	42	56	50	46	38	53	58	52	47	58	38	38	40	17	28	17
ASV2660	3	4	5	4	5	6	6	3	1	4	7	8	4	1	2	1	0	0
ASV2661	1	6	3	1	2	0	0	2	1	1	1	0	0	0	0	0	1	0
ASV2662	1	0	2	3	0	3	1	0	1	2	0	0	1	0	2	0	0	0
ASV2663	1	0	2	2	2	2	2	0	0	4	0	0	1	2	1	1	1	0
ASV2664	0	0	0	0	0	0	0	0	0	0	0	1	0	0	0	0	0	0
ASV2665	0	0	1	1	0	2	2	0	1	2	1	1	0	1	0	0	0	0
ASV2666	5	3	1	1	3	0	2	2	2	1	1	1	0	0	0	0	0	0
ASV2667	1	1	1	2	4	0	3	0	0	2	2	0	1	0	2	0	0	0
ASV2668	0	2	2	3	1	0	0	2	0	1	0	0	0	0	0	3	0	0
ASV2669	2	4	0	0	1	1	0	0	0	0	1	0	0	1	0	1	0	0
ASV267	16	29	16	7	12	16	26	23	12	30	29	34	27	37	29	50	34	32
ASV2670	0	2	3	2	0	2	4	2	2	1	5	5	0	0	0	1	0	0
ASV2671	3	1	1	3	0	0	1	0	0	0	2	1	2	0	0	3	0	0
ASV2672	1	1	0	3	2	2	1	3	0	2	4	1	5	1	2	2	2	1
ASV2673	2	1	1	3	1	1	3	1	3	7	2	1	1	2	2	1	1	0
ASV2674	2	1	3	4	1	2	4	1	0	0	1	1	0	2	0	2	0	0
ASV2675	2	6	4	4	1	1	4	4	0	3	4	1	4	3	3	2	3	2
ASV2676	3	0	0	1	1	0	0	0	0	1	1	0	0	1	0	2	4	10
ASV2677	5	2	0	2	0	1	0	1	0	2	1	2	0	0	0	0	0	1
ASV2679	1	2	3	3	0	0	2	3	0	5	0	1	0	0	0	0	0	1
ASV268	22	15	17	12	28	23	18	20	12	5	16	8	8	23	19	19	7	23
ASV2680	1	6	2	2	7	3	1	4	1	9	3	2	2	1	3	0	2	0
ASV2681	0	0	0	0	0	0	0	0	0	0	0	1	0	0	0	0	0	0
ASV2682	2	2	0	3	1	6	3	1	2	2	1	1	5	8	2	2	0	1
ASV2683	1	1	0	0	0	0	0	0	0	0	0	0	1	0	1	0	0	0
ASV2684	2	0	2	1	1	0	1	3	3	3	2	1	1	1	0	1	1	0
ASV2685	2	0	3	0	3	2	2	1	0	4	2	0	0	1	0	0	0	1
ASV2686	3	3	3	0	1	2	0	2	2	3	3	1	0	2	2	0	0	0
ASV2687	3	0	5	3	0	0	1	2	0	8	0	1	2	1	1	1	2	2
ASV2688	1	0	0	2	1	2	0	0	1	1	1	0	3	0	0	0	0	0
ASV2689	0	0	0	0	0	0	1	1	1	0	0	0	0	0	0	0	0	0
ASV269	9	5	4	13	6	9	8	5	8	7	6	11	2	6	2	4	2	1
ASV2690	1	0	2	0	0	1	0	0	1	1	0	1	0	0	0	0	0	0
ASV2691	0	3	0	0	1	0	0	0	0	0	0	1	0	0	0	0	0	0
ASV2692	0	0	0	0	0	0	0	0	0	0	1	0	0	0	0	0	0	0
ASV2693	1	1	1	2	2	5	1	2	1	2	2	2	0	0	0	1	0	0
ASV2694	2	1	2	2	1	3	0	0	0	1	0	2	2	0	0	0	0	0
ASV2695	0	0	0	1	0	1	1	1	2	1	2	1	1	0	0	1	0	0
ASV2696	0	3	0	3	1	2	3	1	0	1	0	0	1	0	1	2	0	0
ASV2697	4	2	1	3	5	5	3	2	2	3	3	1	2	2	2	0	0	1
ASV2698	4	3	2	3	1	2	0	2	3	2	1	1	1	1	2	0	0	2
ASV2699	3	2	1	1	3	0	1	1	1	4	1	3	1	4	1	1	0	1
ASV27	174	172	158	223	229	228	237	300	285	290	281	286	283	245	246	355	244	205
ASV270	31	20	30	30	22	30	50	30	26	44	36	21	28	27	29	23	12	11
ASV2700	6	6	4	2	2	1	2	1	0	1	1	1	1	0	3	0	2	0
ASV2701	1	0	1	2	1	0	1	0	0	2	0	0	0	0	0	0	0	0
ASV2702	0	0	0	0	1	0	0	0	0	1	0	0	0	0	0	0	0	0
ASV2703	1	0	0	0	0	0	0	0	0	0	1	0	0	0	2	1	0	0
ASV2704	2	1	1	1	9	2	0	5	1	0	4	0	8	0	2	1	1	0
ASV2705	4	5	4	5	2	3	1	3	5	4	2	3	4	3	0	1	1	1
ASV2706	4	2	1	1	2	1	0	0	0	0	1	1	0	1	0	0	0	0
ASV2707	0	0	0	0	1	0	2	0	0	1	0	0	0	0	0	0	1	0
ASV2708	3	2	0	2	0	2	4	4	0	3	1	0	0	4	1	1	0	2
ASV2709	0	1	1	0	0	0	0	0	0	0	0	0	1	0	0	0	0	0
ASV271	36	19	23	18	19	21	20	13	13	20	19	8	11	7	5	4	2	2
ASV2710	0	1	0	2	2	2	4	1	2	1	1	0	0	1	0	1	0	0
ASV2711	0	2	1	1	1	3	0	1	0	0	1	2	0	2	1	0	0	1
ASV2712	0	1	0	0	0	0	2	3	0	2	0	1	0	0	1	1	0	2
ASV2713	0	0	0	0	0	0	0	1	0	0	0	0	1	0	0	3	1	0
ASV2714	2	1	4	5	6	3	1	1	2	2	2	1	0	1	2	0	0	0
ASV2715	2	1	0	2	1	0	3	2	0	1	3	4	9	3	3	2	1	0
ASV2716	1	2	1	2	2	2	0	0	2	0	1	0	0	0	3	0	2	0
ASV2717	1	5	2	0	4	2	0	3	2	0	0	0	1	1	0	1	0	0
ASV2718	1	2	3	3	3	4	0	3	1	0	1	2	0	2	2	1	3	5
ASV2719	2	0	1	1	0	1	2	0	1	1	0	0	1	4	1	2	0	0
ASV272	25	14	14	36	31	58	28	21	19	44	29	21	40	26	10	12	29	5
ASV2720	4	5	2	5	1	2	0	1	0	2	2	0	0	1	0	0	0	0
ASV2721	3	8	6	6	5	8	8	9	3	6	5	3	3	1	5	1	1	0
ASV2722	1	3	4	6	3	3	0	4	5	3	3	4	2	1	1	0	0	1
ASV2724	5	0	0	1	2	0	2	0	1	0	1	0	0	0	0	0	0	0
ASV2725	3	1	0	1	3	2	1	0	0	0	1	1	0	1	0	0	0	0
ASV2726	1	2	1	2	1	0	0	1	2	2	1	2	1	3	1	0	0	0
ASV2727	0	0	0	0	2	1	0	1	0	0	0	2	0	1	0	0	0	0
ASV2728	1	0	0	0	2	1	0	1	0	0	0	0	1	0	0	1	0	0
ASV2729	1	0	2	1	0	0	0	0	0	0	3	0	0	2	1	0	0	0
ASV273	8	11	4	3	3	7	8	5	10	12	17	12	24	31	28	65	26	37
ASV2730	8	6	6	3	4	3	2	2	2	3	1	0	7	1	3	1	0	1
ASV2731	1	0	1	3	0	0	1	0	2	0	0	0	1	0	0	0	0	0
ASV2732	0	1	3	0	0	0	1	1	0	0	0	1	3	0	0	1	0	1
ASV2733	2	0	0	1	0	0	0	0	0	0	0	0	0	0	0	0	0	0
ASV2734	1	1	0	0	0	0	0	2	0	0	0	1	0	0	0	0	0	0
ASV2735	1	2	3	3	1	1	4	1	3	3	2	0	2	1	1	0	0	0
ASV2736	8	3	8	3	9	10	10	2	3	4	2	10	8	2	5	4	2	4
ASV2737	6	4	6	2	4	7	1	3	3	4	2	0	0	3	5	1	1	1
ASV2738	2	2	1	1	0	3	3	1	2	4	0	0	1	0	3	0	0	1
ASV2739	5	7	3	1	4	5	3	2	3	5	0	1	3	3	0	1	0	0
ASV274	11	16	11	9	14	13	17	13	10	8	15	12	15	5	11	13	15	11
ASV2740	5	1	3	1	1	2	1	1	2	3	1	1	0	0	3	0	0	0
ASV2741	1	3	2	1	3	2	1	0	3	5	1	1	2	0	0	0	0	3
ASV2742	3	1	4	1	1	2	0	2	2	2	3	1	5	0	2	2	1	0
ASV2743	2	7	3	3	3	1	4	2	0	2	1	2	3	2	0	1	2	0
ASV2744	7	7	6	9	6	9	7	4	4	7	7	8	7	7	4	3	3	4
ASV2745	5	2	4	5	3	1	4	1	0	1	4	3	2	3	1	0	0	0
ASV2746	2	1	3	3	3	5	1	3	3	7	2	0	2	0	1	1	0	1
ASV2747	1	2	3	1	1	1	0	0	2	3	2	2	0	0	0	0	1	0
ASV2748	4	2	6	5	7	5	3	0	3	2	2	2	2	1	1	2	1	0
ASV2749	0	3	2	0	1	1	0	0	0	2	1	2	1	3	1	1	3	0
ASV275	19	8	21	9	17	6	14	13	16	13	22	19	9	18	18	30	17	13
ASV2750	0	0	2	2	1	0	1	0	1	0	0	0	1	1	0	0	0	0
ASV2751	2	0	0	1	0	2	1	0	1	1	1	1	0	0	0	0	1	0
ASV2752	0	0	0	0	0	0	0	0	0	0	0	0	1	0	0	0	0	0
ASV2753	0	0	3	2	2	0	0	1	0	1	1	0	0	0	0	0	0	0
ASV2754	4	0	0	1	0	0	1	1	1	2	1	0	1	0	0	0	1	0
ASV2755	5	2	4	2	4	1	3	0	2	4	2	3	3	6	1	0	0	0
ASV2756	0	0	0	0	0	0	0	0	0	0	0	0	0	0	0	0	1	0
ASV2757	0	2	4	1	2	1	0	1	1	2	0	0	2	2	0	1	0	0
ASV2758	5	0	2	7	5	3	1	0	0	6	4	2	2	2	0	0	0	0
ASV2759	0	1	3	1	1	0	1	0	1	0	1	0	1	0	0	0	4	2
ASV276	13	5	10	14	13	20	16	9	27	30	14	42	36	28	30	30	47	47
ASV2760	0	3	0	1	1	0	0	1	1	0	2	1	1	0	0	0	0	0
ASV2761	1	0	0	0	0	1	0	0	0	0	0	0	0	0	0	0	0	0
ASV2762	13	11	13	7	5	10	7	8	8	10	8	4	15	4	5	6	5	7
ASV2763	1	0	0	0	0	1	1	2	3	6	2	2	2	0	1	7	0	2
ASV2764	0	0	1	0	0	0	0	0	0	0	0	0	0	0	0	0	0	0
ASV2765	0	1	0	1	2	1	0	0	0	1	1	2	1	1	0	0	0	0
ASV2766	2	4	1	1	2	1	4	2	1	2	2	1	0	0	0	3	0	1
ASV2767	0	0	0	2	1	0	2	1	2	1	3	0	1	0	1	2	1	3
ASV2768	0	1	1	0	1	2	0	0	2	0	0	0	1	0	0	0	0	0
ASV2769	2	6	2	3	5	4	2	1	4	1	0	0	1	2	0	1	0	0
ASV277	32	21	18	22	14	16	17	18	21	18	10	14	12	13	12	9	5	5
ASV2770	0	1	2	0	0	0	1	1	1	0	0	0	1	0	0	4	0	0
ASV2771	55	111	77	106	100	111	117	141	118	89	100	118	87	78	134	45	55	44
ASV2772	0	0	0	0	1	0	0	0	1	0	1	0	0	0	0	0	0	0
ASV2773	4	3	3	3	4	1	3	2	4	5	1	1	3	3	1	0	1	2
ASV2774	6	2	9	3	4	4	7	1	1	2	2	5	9	5	6	4	31	17
ASV2775	0	0	2	0	0	1	0	2	0	0	0	0	1	0	0	0	0	0
ASV2777	5	10	7	7	7	6	11	10	7	7	5	5	6	3	3	6	1	0
ASV2778	2	0	1	0	1	3	1	1	2	0	0	0	2	0	2	0	0	0
ASV2779	0	1	0	0	1	1	4	2	1	4	2	1	1	0	3	1	1	0
ASV278	0	0	1	0	1	0	0	0	0	0	0	1	0	0	0	0	0	3
ASV2780	1	0	0	1	1	0	0	0	0	0	2	0	0	1	0	2	0	1
ASV2781	3	2	4	1	1	2	0	2	2	4	1	2	3	1	0	3	1	0
ASV2782	3	5	4	2	0	1	1	0	1	0	0	1	2	0	1	0	1	1
ASV2783	0	0	1	1	0	0	2	2	0	0	0	0	2	0	0	1	0	1
ASV2784	1	0	1	1	0	3	0	1	0	1	0	1	0	1	1	0	1	1
ASV2785	5	5	3	4	4	4	6	10	3	2	0	3	4	2	3	6	1	0
ASV2786	2	5	1	3	0	1	0	3	1	0	1	0	0	2	1	8	3	1
ASV2787	1	1	1	0	0	0	0	0	1	1	2	2	0	2	1	0	0	0
ASV2788	5	0	2	1	1	2	1	1	3	0	3	0	2	0	0	0	1	0
ASV2789	1	0	0	3	2	8	3	3	2	6	4	5	1	0	2	0	7	1
ASV279	0	2	1	4	2	6	6	2	3	3	1	3	2	1	3	2	6	3
ASV2790	2	0	6	2	2	1	0	0	1	0	1	1	0	2	0	0	0	0
ASV2791	0	0	0	0	0	0	0	0	0	0	0	0	0	0	0	0	0	0
ASV2792	4	1	4	8	1	4	2	0	1	4	2	1	5	3	1	0	0	0
ASV2793	1	0	1	0	3	0	1	0	0	0	0	0	0	0	0	0	0	0
ASV2794	0	0	0	0	0	0	0	0	0	0	0	0	0	0	0	0	0	0
ASV2795	2	2	1	0	1	5	2	2	3	5	2	3	0	2	1	2	0	1
ASV2796	0	0	0	0	0	0	0	0	0	0	0	0	0	0	0	0	0	0
ASV2797	1	2	1	1	4	3	2	0	1	1	0	0	0	0	0	0	0	0
ASV2798	3	1	2	1	0	1	3	2	0	3	0	0	5	0	1	2	5	6
ASV2799	0	4	2	1	1	0	0	1	0	0	1	1	1	0	0	0	1	0
ASV28	118	210	146	192	269	224	246	235	211	153	166	154	139	156	119	146	133	75
ASV280	30	25	28	40	51	45	74	54	68	36	65	57	40	24	33	32	44	46
ASV2800	4	7	2	1	3	3	2	2	2	1	0	2	0	3	0	1	0	0
ASV2801	1	3	2	3	0	1	3	1	0	0	2	1	1	0	1	1	0	1
ASV2802	0	2	0	1	0	1	0	0	0	1	0	0	0	0	0	0	0	0
ASV2803	1	1	2	0	1	1	0	2	1	2	0	0	1	0	1	0	0	0
ASV2804	0	0	0	0	0	0	0	0	0	0	0	0	0	0	0	0	0	0
ASV2805	0	0	0	0	0	0	1	0	3	0	0	0	0	0	0	0	0	0
ASV2806	2	1	2	1	0	0	2	1	1	1	1	0	0	1	0	0	1	0
ASV2807	8	2	10	2	1	7	3	0	0	1	1	0	2	5	1	0	0	0
ASV2808	1	0	2	0	1	1	1	0	4	2	1	1	3	2	2	4	2	2
ASV2809	19	13	23	16	10	14	18	12	7	12	15	10	9	6	8	10	18	24
ASV281	7	3	3	9	8	3	6	4	1	2	0	3	1	1	5	5	3	3
ASV2810	2	0	1	2	1	6	2	0	1	3	4	0	4	2	2	3	4	2
ASV2811	3	0	1	1	0	0	1	0	2	2	2	0	0	0	0	0	0	0
ASV2812	1	0	0	0	0	1	2	2	2	0	0	1	0	0	0	0	0	0
ASV2813	0	3	2	1	0	4	0	2	3	1	0	4	2	0	0	0	0	0
ASV2814	3	1	0	0	1	0	0	0	0	1	0	1	1	2	2	1	0	0
ASV2815	1	4	0	3	1	2	1	4	0	3	1	3	2	1	2	2	0	1
ASV2816	1	1	1	4	0	2	2	2	2	2	1	1	0	2	0	5	4	1
ASV2817	6	1	3	7	5	7	1	5	3	2	4	4	4	1	2	5	1	3
ASV2818	4	1	4	0	1	4	3	2	1	4	2	0	0	0	0	1	0	0
ASV2819	1	1	3	2	3	1	1	4	1	6	0	0	1	0	1	1	0	0
ASV282	7	7	8	4	4	5	11	1	1	6	2	7	4	2	3	5	7	4
ASV2820	3	1	0	1	2	0	1	1	1	0	1	1	0	2	0	3	0	1
ASV2821	4	0	0	4	3	2	1	1	1	0	0	1	1	1	1	0	1	5
ASV2822	2	3	1	3	5	1	2	8	4	1	4	1	2	4	3	2	2	2
ASV2823	0	0	0	3	0	3	2	1	0	1	1	0	1	0	0	0	0	0
ASV2824	1	1	0	1	2	0	0	1	1	1	0	0	0	0	2	0	3	2
ASV2825	1	0	1	1	2	1	0	0	0	0	2	0	3	1	1	2	0	0
ASV2826	0	1	1	0	2	0	1	1	2	2	0	2	0	0	1	0	0	0
ASV2827	0	0	2	1	0	0	0	1	1	0	0	0	0	0	1	0	0	1
ASV2828	3	3	3	2	0	2	4	0	2	2	0	3	0	3	2	1	0	0
ASV2829	4	2	3	1	1	0	2	4	3	2	1	1	1	3	1	2	0	0
ASV283	10	21	12	13	8	14	4	3	8	16	11	8	13	9	4	4	3	1
ASV2830	0	1	0	2	0	1	0	1	0	2	1	0	0	1	2	0	0	0
ASV2831	5	3	4	2	2	3	5	1	1	6	0	2	3	0	1	2	1	0
ASV2832	4	2	0	2	2	1	3	0	0	0	1	0	0	0	0	0	0	0
ASV2833	1	1	1	1	0	0	1	0	0	1	0	0	0	0	0	0	0	0
ASV2834	0	0	0	1	2	0	0	0	0	0	0	0	0	0	0	0	0	1
ASV2835	3	2	2	3	2	0	0	0	1	3	5	2	2	2	2	3	1	1
ASV2836	3	0	4	6	2	1	0	2	0	0	1	3	1	1	2	3	0	0
ASV2837	4	3	3	1	2	1	4	0	3	4	2	3	2	2	2	2	0	0
ASV2838	3	0	0	2	1	0	2	2	3	3	1	1	2	1	6	5	1	0
ASV2839	4	0	1	4	1	1	1	1	2	1	1	1	1	1	1	1	1	2
ASV284	33	18	36	42	17	32	27	7	22	28	12	13	11	16	9	4	0	0
ASV2840	1	2	3	2	2	2	2	4	3	4	1	5	9	1	5	0	3	1
ASV2841	0	2	2	0	1	0	0	0	0	0	0	1	0	1	0	3	0	1
ASV2842	1	0	0	0	0	0	0	0	0	1	1	0	1	0	1	0	0	0
ASV2843	0	0	0	0	0	1	0	0	0	0	0	0	0	0	0	0	0	0
ASV2844	0	3	1	1	1	3	1	1	3	2	0	2	1	1	2	0	0	0
ASV2846	0	0	0	0	0	0	0	0	1	0	0	0	0	0	0	0	0	0
ASV2847	1	0	2	2	3	1	3	1	1	1	2	2	0	1	0	0	0	0
ASV2848	1	2	3	3	2	3	3	2	1	5	1	2	3	2	1	0	0	0
ASV2849	0	0	0	0	1	1	1	1	1	1	2	0	0	0	0	0	0	0
ASV285	2	0	0	1	2	0	0	2	1	0	1	0	0	0	2	2	0	0
ASV2850	15	12	10	14	9	8	13	13	4	9	16	11	15	7	10	10	15	14
ASV2852	8	4	4	7	1	5	7	3	5	4	2	2	0	1	2	0	0	0
ASV2853	0	1	1	1	1	0	0	3	1	0	0	2	2	2	0	1	0	0
ASV2854	0	2	3	0	0	2	2	3	3	4	2	2	2	2	2	0	0	3
ASV2855	2	1	0	2	0	0	0	2	1	0	1	1	0	0	0	1	0	0
ASV2856	0	0	0	0	0	0	0	1	0	0	0	0	0	0	0	0	0	0
ASV2857	1	0	2	1	0	1	1	0	1	1	1	1	0	3	0	2	1	0
ASV2858	2	4	5	1	3	4	2	2	0	1	2	0	3	3	2	0	2	1
ASV2859	3	2	2	1	0	2	1	0	3	0	0	1	0	2	0	0	0	0
ASV286	12	9	12	10	14	8	6	17	11	8	12	6	8	8	9	31	33	13
ASV2860	1	3	2	2	4	1	0	1	1	0	0	2	1	1	1	1	0	2
ASV2861	0	1	2	1	1	2	2	0	0	0	1	0	0	0	0	0	0	0
ASV2862	1	0	1	4	1	1	1	0	0	0	3	2	2	1	0	0	1	0
ASV2863	0	0	0	0	0	0	0	0	1	0	0	0	0	0	0	0	0	0
ASV2864	1	0	1	1	1	3	0	3	1	1	1	3	0	0	0	0	0	0
ASV2865	6	2	2	0	2	4	0	0	0	0	2	4	0	0	0	1	0	0
ASV2866	0	0	1	0	1	1	0	0	0	0	0	0	0	0	0	0	0	0
ASV2867	4	1	7	2	3	1	3	0	0	1	1	0	1	0	0	0	0	0
ASV2868	3	4	1	4	4	3	2	0	0	3	1	1	1	1	0	0	0	0
ASV2869	1	1	0	0	2	0	4	2	0	0	0	0	1	0	1	0	0	1
ASV287	46	19	40	19	12	24	9	5	15	11	10	14	8	10	2	3	0	2
ASV2870	4	6	8	6	6	2	4	4	3	2	4	3	3	2	2	0	2	0
ASV2871	1	0	0	0	0	0	0	0	0	0	0	0	0	0	0	0	0	0
ASV2872	3	2	5	6	2	4	1	1	1	2	0	2	0	1	1	0	0	1
ASV2873	0	3	9	3	1	3	1	0	3	3	1	1	2	2	3	0	1	0
ASV2874	7	2	4	1	3	3	4	4	2	2	1	0	2	1	1	0	0	0
ASV2875	2	2	0	0	0	0	0	0	0	0	0	1	0	0	0	0	0	0
ASV2876	7	3	5	1	4	1	1	0	1	3	1	0	3	2	1	0	0	0
ASV2877	3	0	0	4	1	0	1	0	0	1	1	0	0	1	0	0	0	0
ASV2878	2	5	2	2	2	2	4	0	5	4	0	2	2	0	5	0	1	0
ASV2879	0	0	1	0	0	1	0	0	1	1	0	0	0	0	0	1	0	0
ASV288	19	33	23	22	29	24	43	16	17	30	18	17	22	17	14	5	13	11
ASV2880	1	5	2	2	3	2	1	1	1	0	1	0	0	0	2	0	0	0
ASV2881	3	0	0	1	1	0	1	0	0	0	0	1	4	1	0	0	0	0
ASV2883	2	1	3	1	0	4	1	3	2	1	1	3	0	1	2	1	1	3
ASV2884	1	0	0	0	0	0	0	0	0	0	0	0	0	0	3	0	2	0
ASV2885	4	1	1	0	0	0	1	0	3	0	0	1	0	0	0	0	0	0
ASV2886	3	1	0	4	1	1	3	1	2	3	1	0	4	2	2	0	0	1
ASV2887	2	1	1	0	0	1	1	0	0	1	0	0	0	0	1	0	0	0
ASV2888	4	1	1	3	1	2	1	0	2	1	0	0	1	0	0	2	0	1
ASV2889	0	2	0	0	0	0	0	0	0	0	0	0	0	0	0	0	0	0
ASV289	28	27	29	29	25	19	27	12	21	21	20	22	30	13	26	21	25	25
ASV2890	5	1	2	1	3	1	1	4	0	0	1	2	0	0	0	1	0	0
ASV2891	3	4	2	1	1	0	1	0	0	0	1	0	0	1	0	1	0	0
ASV2892	0	1	4	3	1	4	1	0	2	0	2	2	1	2	4	0	0	0
ASV2893	2	1	1	2	3	1	0	0	0	1	0	0	0	2	1	1	0	0
ASV2895	0	5	2	2	1	1	1	0	1	6	1	1	2	3	1	1	3	0
ASV2896	1	1	2	1	0	1	1	1	2	0	0	0	0	1	0	0	1	2
ASV2897	4	0	1	1	5	3	2	4	3	1	0	2	0	0	0	4	2	1
ASV2898	2	1	4	1	0	0	0	1	0	2	2	0	1	0	0	0	0	0
ASV2899	2	3	2	4	0	3	0	2	0	3	7	3	3	1	0	1	0	1
ASV29	219	253	193	256	330	279	359	293	277	258	206	187	213	227	187	193	178	124
ASV290	0	1	2	0	1	1	0	2	1	4	3	0	3	1	3	2	0	0
ASV2900	0	1	1	1	3	1	3	0	2	2	1	2	1	1	1	3	1	0
ASV2901	7	2	3	2	1	2	3	0	2	4	1	1	2	2	1	0	2	0
ASV2902	2	5	1	2	1	4	2	1	0	4	1	1	3	2	0	1	0	0
ASV2903	0	1	1	0	0	0	1	0	0	0	0	0	0	0	0	0	0	0
ASV2904	2	3	2	0	1	3	1	0	1	0	0	0	2	0	0	1	0	0
ASV2905	2	0	0	1	1	0	0	2	0	0	2	0	0	1	3	0	0	0
ASV2906	1	2	1	0	0	1	1	1	0	2	1	2	0	1	0	0	0	1
ASV2907	1	1	0	0	2	0	0	0	0	0	0	0	1	0	1	0	0	0
ASV2908	6	4	3	6	3	2	1	1	2	2	2	0	7	5	4	1	7	4
ASV2909	1	0	2	0	2	1	2	1	1	1	1	0	1	1	1	0	1	1
ASV291	30	20	22	18	13	17	25	10	15	14	12	9	11	10	11	18	7	11
ASV2910	2	3	1	1	1	1	4	2	3	5	0	1	2	1	3	0	3	0
ASV2911	1	0	0	4	4	3	0	0	0	3	3	0	0	2	0	0	0	0
ASV2912	0	1	0	1	3	1	1	1	1	1	0	0	0	0	1	0	0	0
ASV2913	0	0	3	0	0	2	0	0	0	2	0	0	0	1	1	0	0	0
ASV2914	5	1	2	2	1	1	0	5	2	4	1	2	2	1	2	0	1	1
ASV2915	7	15	10	9	9	17	15	39	31	21	36	34	22	31	32	21	19	12
ASV2916	1	0	0	1	0	2	0	0	0	0	0	0	0	0	2	0	0	0
ASV2917	2	2	0	1	0	0	1	2	1	1	0	2	0	0	0	1	3	1
ASV2918	3	3	4	6	4	3	3	1	2	5	4	1	1	0	0	0	1	0
ASV2919	5	0	1	1	3	1	0	1	0	1	1	0	0	1	0	1	0	0
ASV2920	4	3	1	1	4	1	2	0	1	3	1	1	3	0	0	0	0	0
ASV2921	7	2	5	5	2	6	3	1	2	2	2	2	1	2	0	2	0	0
ASV2922	2	4	2	1	4	2	2	1	3	1	2	0	2	3	0	0	0	3
ASV2923	1	0	2	1	4	1	1	0	2	2	1	1	3	5	1	0	0	0
ASV2924	1	1	0	3	0	1	0	0	2	1	1	3	0	0	0	2	1	0
ASV2925	1	0	0	0	2	3	1	1	2	1	1	0	3	0	0	0	0	1
ASV2926	0	0	0	1	0	0	0	1	0	0	0	1	1	0	1	0	0	0
ASV2927	0	2	0	0	0	0	0	2	4	0	0	2	0	1	2	1	0	0
ASV2928	2	1	1	0	0	1	2	2	0	0	0	3	1	0	1	1	2	3
ASV2929	2	4	1	3	0	1	6	2	0	3	0	2	0	0	0	0	1	1
ASV293	22	21	19	19	13	26	29	14	15	28	31	19	30	36	34	46	22	21
ASV2930	2	0	0	0	2	1	0	1	0	0	0	0	1	2	1	2	2	3
ASV2931	0	0	0	1	3	0	0	0	0	0	0	0	0	0	1	0	0	0
ASV2932	1	4	0	3	0	2	1	3	1	1	1	1	3	3	1	1	1	0
ASV2933	2	2	0	2	6	6	3	0	1	2	1	0	0	0	0	1	1	0
ASV2934	5	0	0	3	4	2	4	1	1	2	1	4	2	1	0	0	0	3
ASV2935	2	1	1	1	0	0	2	0	2	3	0	1	1	1	0	1	1	1
ASV2936	1	1	2	0	0	0	0	0	1	0	0	0	0	0	0	0	0	0
ASV2937	3	0	4	1	3	0	1	1	0	1	0	0	1	1	0	1	0	0
ASV2938	3	1	2	0	1	0	2	0	3	1	3	1	2	0	4	3	3	4
ASV2939	3	2	0	7	1	3	1	0	0	3	7	2	0	2	1	2	0	1
ASV294	0	0	0	0	0	0	1	0	0	0	1	0	1	0	0	0	0	0
ASV2940	1	10	5	3	3	5	1	4	4	4	5	7	2	6	3	4	3	1
ASV2941	0	0	0	0	0	0	0	0	0	0	0	0	0	0	0	0	0	0
ASV2942	0	2	1	1	0	0	0	0	0	0	2	0	0	1	0	0	0	0
ASV2943	8	2	2	0	4	1	0	2	2	1	1	1	0	3	2	2	0	0
ASV2944	4	1	2	3	1	1	2	0	2	1	1	0	0	0	2	0	0	0
ASV2945	0	2	2	0	0	1	2	2	1	0	0	0	0	0	0	0	0	0
ASV2946	2	2	2	1	0	1	1	1	3	5	2	0	2	1	0	2	1	1
ASV2947	1	0	0	0	0	0	0	0	0	0	0	0	0	0	0	0	0	0
ASV2948	3	2	0	0	0	2	0	0	0	2	0	0	1	0	0	0	0	0
ASV2949	0	2	1	2	2	1	0	0	1	1	0	0	1	0	0	0	0	0
ASV295	27	23	31	11	8	21	16	13	10	19	12	7	7	13	9	10	2	3
ASV2950	0	0	0	0	0	0	0	0	0	1	0	0	0	0	0	0	0	0
ASV2951	2	1	2	4	2	3	0	0	0	3	1	0	3	1	0	1	0	1
ASV2952	4	0	1	0	0	0	0	0	0	1	0	0	2	2	1	0	0	0
ASV2953	5	1	2	0	1	1	1	0	1	2	0	0	0	0	1	0	0	0
ASV2954	1	0	3	4	0	0	2	1	1	0	0	0	1	1	0	0	0	0
ASV2955	0	0	0	0	0	0	0	0	1	1	0	0	0	0	0	0	0	0
ASV2956	3	2	0	1	1	1	1	3	0	5	4	1	0	0	1	4	0	0
ASV2957	2	1	3	0	1	0	0	0	1	1	1	0	0	0	0	2	0	0
ASV2958	2	2	3	2	0	0	4	0	0	0	1	0	0	1	0	0	1	0
ASV2959	2	6	0	2	1	0	4	2	0	1	1	0	2	2	0	0	0	1
ASV296	3	0	1	0	2	1	0	1	1	0	1	1	1	0	1	3	0	4
ASV2960	4	1	4	0	1	3	3	1	3	3	2	2	1	3	1	0	0	0
ASV2961	1	0	0	0	0	0	0	0	1	0	0	0	0	1	0	0	0	0
ASV2962	0	0	1	0	3	1	0	1	0	0	1	0	2	1	0	1	0	0
ASV2963	1	2	3	0	1	0	4	2	4	2	2	0	0	1	1	2	0	1
ASV2964	1	3	3	3	4	0	0	1	1	1	2	1	0	1	1	0	0	0
ASV2965	0	0	0	0	2	1	2	0	2	1	0	0	0	0	0	0	0	0
ASV2966	1	2	2	1	0	1	1	2	2	4	0	0	2	0	0	0	0	0
ASV2967	3	1	0	2	2	1	1	0	2	4	3	0	4	5	3	1	1	1
ASV2968	1	1	1	0	1	4	1	1	1	3	3	2	0	4	2	0	1	0
ASV2969	0	0	0	1	0	2	1	0	0	0	0	1	0	0	0	0	0	0
ASV297	33	25	33	25	15	12	17	16	12	19	12	8	12	7	19	23	5	6
ASV2970	2	0	4	4	3	1	1	2	2	0	0	1	1	0	2	0	0	0
ASV2971	2	0	1	2	1	3	1	1	0	0	1	1	1	0	0	1	0	0
ASV2972	5	7	5	0	2	1	0	1	0	0	2	2	5	2	0	0	0	0
ASV2973	3	1	3	0	0	0	1	1	0	0	1	1	1	0	0	1	0	0
ASV2974	9	12	12	9	6	11	20	11	10	15	21	10	10	11	9	9	7	7
ASV2975	5	5	3	5	1	4	5	2	4	5	0	2	2	1	3	2	2	0
ASV2976	1	0	1	1	2	0	0	0	2	1	1	0	1	4	3	0	0	0
ASV2977	0	3	3	3	2	1	0	1	0	2	2	1	0	2	0	0	0	2
ASV2978	1	2	2	0	1	1	0	0	0	1	0	2	0	0	2	1	0	0
ASV2979	0	1	0	0	2	2	3	1	1	0	1	1	0	1	2	2	1	7
ASV298	34	13	22	14	16	16	23	8	24	31	18	19	12	14	19	13	6	10
ASV2980	3	2	0	0	5	0	0	0	0	2	3	1	5	1	1	1	4	0
ASV2981	0	0	0	0	0	0	0	0	0	0	0	0	0	0	1	0	0	0
ASV2982	1	2	2	3	0	2	0	0	2	3	0	1	1	1	3	1	0	0
ASV2983	3	2	2	3	3	6	4	4	3	4	5	1	2	1	1	2	1	0
ASV2984	0	0	0	0	0	0	0	0	0	0	0	0	0	0	0	0	0	0
ASV2985	2	2	2	4	1	0	0	0	0	0	2	2	0	0	1	0	0	0
ASV2986	0	2	2	2	1	1	0	2	0	2	1	1	2	1	1	0	1	0
ASV2987	2	0	1	1	0	0	5	2	0	1	2	1	1	0	0	2	1	0
ASV2988	3	0	1	2	1	0	1	0	0	2	0	2	0	0	1	0	0	0
ASV2989	1	4	1	1	1	0	3	1	0	0	0	0	1	0	1	0	0	1
ASV299	2	1	5	1	2	1	4	4	3	6	2	3	3	3	2	3	0	2
ASV2990	1	2	0	1	0	0	2	0	0	1	0	1	1	0	0	0	0	0
ASV2991	5	0	2	0	0	3	1	2	0	4	1	0	0	1	0	0	0	0
ASV2992	1	1	0	1	0	0	0	0	1	1	0	1	1	1	0	0	0	0
ASV2993	0	0	0	0	0	1	1	0	0	0	0	0	0	0	0	0	0	0
ASV2994	1	1	4	0	1	1	1	0	3	2	1	1	2	4	0	0	0	1
ASV2995	3	1	5	4	2	0	3	0	1	5	0	0	0	1	1	1	0	0
ASV2996	0	1	0	0	0	1	0	0	0	0	0	0	0	1	0	0	0	0
ASV2997	3	0	1	0	4	5	2	1	2	0	2	1	0	2	0	1	2	2
ASV2998	2	2	3	7	2	4	3	3	3	3	0	2	0	1	2	0	1	0
ASV2999	1	0	0	2	0	0	0	1	0	1	0	0	0	0	0	0	0	0
ASV3	1380	1749	1213	1977	2436	2085	2827	3051	3187	2052	2229	2497	2319	1951	2380	2308	1894	1354
ASV30	154	179	133	240	322	218	248	325	304	208	212	220	182	206	219	161	173	99
ASV300	0	1	0	0	3	2	1	3	0	0	1	0	0	3	3	4	2	2
ASV3000	0	2	0	1	0	0	0	0	2	0	1	0	0	1	0	1	0	0
ASV3001	1	0	0	1	0	0	1	1	1	2	0	0	1	0	0	1	0	0
ASV3002	6	2	3	0	4	3	2	2	2	3	5	0	3	1	3	2	0	0
ASV3003	0	1	0	0	1	1	0	0	1	0	0	0	0	0	0	0	0	2
ASV3004	2	1	2	1	0	1	3	1	1	2	1	0	0	1	0	0	1	0
ASV3005	2	5	2	1	1	1	4	1	0	5	2	0	1	1	5	0	0	0
ASV3006	2	0	5	1	2	0	2	1	1	3	0	1	2	1	1	0	0	1
ASV3007	1	0	1	1	0	2	2	1	0	3	1	1	1	0	1	1	0	0
ASV3008	4	0	3	0	2	1	0	1	2	3	2	0	1	1	1	0	1	0
ASV3009	0	1	0	2	0	0	1	0	0	1	0	0	1	2	0	0	0	0
ASV301	2	0	2	2	0	1	0	0	0	0	3	0	0	0	0	1	1	3
ASV3010	3	3	2	2	5	2	1	1	2	2	1	1	2	0	1	2	0	0
ASV3011	1	0	1	4	2	2	0	0	1	1	0	0	1	0	2	0	0	0
ASV3012	6	3	1	1	3	2	0	1	1	2	2	1	0	2	3	1	0	0
ASV3013	1	3	2	0	0	1	0	1	2	0	0	0	2	0	0	1	0	0
ASV3014	2	2	2	0	1	1	1	2	0	1	0	3	2	2	1	1	0	0
ASV3015	0	0	0	1	0	0	0	0	1	0	0	1	0	0	0	0	0	0
ASV3016	0	0	1	3	2	0	1	0	0	2	1	1	0	0	2	0	0	1
ASV3017	4	2	4	3	5	3	3	2	2	1	2	1	3	1	0	0	0	0
ASV3018	0	3	2	4	2	4	0	4	1	3	1	0	2	3	1	0	0	0
ASV3019	0	4	2	2	0	1	0	0	0	0	1	0	2	0	0	0	0	0
ASV302	21	26	17	17	14	23	19	14	21	31	24	15	9	23	12	10	6	22
ASV3020	6	2	1	3	2	1	2	0	2	0	1	2	3	2	4	1	1	1
ASV3021	0	0	0	0	0	1	0	0	0	0	0	1	0	1	0	0	0	0
ASV3022	0	0	0	0	0	0	0	0	0	0	0	0	1	0	0	0	0	0
ASV3023	1	3	0	1	6	1	2	0	0	0	0	2	0	2	0	10	1	0
ASV3024	3	2	4	2	2	3	2	1	0	3	0	1	0	1	0	0	0	1
ASV3025	3	2	5	2	4	4	1	1	3	1	1	2	0	1	1	0	0	0
ASV3026	2	0	11	3	0	1	0	2	0	1	0	2	1	2	0	2	1	1
ASV3027	0	0	0	0	0	1	0	1	0	0	0	1	0	0	2	0	0	0
ASV3028	3	0	4	1	2	1	0	2	0	0	0	0	2	0	0	0	0	0
ASV3029	0	1	3	1	1	2	3	2	1	3	0	0	0	1	0	2	0	0
ASV303	4	1	3	3	1	1	0	1	4	2	3	2	1	4	2	8	0	2
ASV3030	0	0	1	0	2	0	0	1	1	0	0	0	0	1	0	1	1	0
ASV3031	1	0	2	0	1	2	0	1	1	0	0	0	1	0	1	0	0	0
ASV3032	1	4	3	4	2	1	1	0	2	2	3	0	1	0	2	0	0	1
ASV3033	1	2	0	0	0	0	0	0	0	0	0	0	0	0	0	0	1	0
ASV3034	1	0	0	1	0	0	1	0	0	0	1	3	0	1	4	0	1	0
ASV3035	4	2	1	3	0	1	1	0	2	2	0	0	0	1	0	0	0	0
ASV3036	6	4	3	4	2	4	4	2	2	3	3	2	4	0	0	0	0	0
ASV3037	1	1	0	2	1	0	0	0	0	0	0	1	0	0	0	1	0	0
ASV3038	5	4	2	1	2	4	1	1	2	2	1	1	2	0	0	0	0	2
ASV3039	0	1	0	0	1	0	1	0	1	0	0	0	0	0	0	1	1	2
ASV304	15	6	12	13	14	14	8	5	5	10	7	7	4	6	3	3	3	0
ASV3040	0	0	0	0	0	0	0	0	0	0	0	0	0	0	2	1	0	1
ASV3041	1	3	1	1	1	0	1	0	1	0	0	0	1	0	2	1	0	1
ASV3042	0	2	0	2	0	0	1	0	0	0	0	0	1	1	3	0	0	0
ASV3043	0	0	1	0	0	0	0	0	0	0	0	0	0	0	0	0	0	0
ASV3044	3	2	1	2	0	2	1	2	0	1	0	1	0	2	0	0	0	1
ASV3045	1	0	0	0	0	0	1	0	0	0	0	0	0	0	0	0	0	0
ASV3046	1	0	2	2	2	0	1	0	0	1	0	0	0	0	0	0	0	0
ASV3047	0	2	0	0	1	1	0	2	1	2	2	1	0	1	0	0	0	0
ASV3048	6	4	3	1	1	1	2	2	0	5	3	0	2	1	2	2	0	0
ASV3049	2	2	2	0	1	0	1	2	3	3	1	3	1	0	1	2	2	0
ASV305	19	16	19	21	18	18	23	16	11	15	23	21	21	8	17	9	25	17
ASV3050	6	6	6	4	3	3	1	1	2	4	0	2	1	3	0	0	0	0
ASV3051	1	0	1	0	0	0	1	1	0	3	1	0	0	0	0	0	0	0
ASV3052	2	2	3	1	2	2	3	0	2	3	1	0	0	1	3	0	0	1
ASV3053	2	3	2	3	1	3	1	0	1	1	1	1	1	1	0	0	0	0
ASV3054	9	1	6	3	2	2	4	0	1	2	3	1	2	4	5	1	1	0
ASV3055	2	0	0	0	0	0	1	0	0	0	0	0	0	0	0	0	0	0
ASV3056	0	0	1	0	0	1	0	0	0	0	1	1	1	1	0	0	1	0
ASV3057	1	1	0	0	0	2	1	3	1	2	2	5	1	2	1	3	1	2
ASV3058	0	0	0	1	0	0	2	1	0	1	0	1	0	1	0	0	0	0
ASV3059	0	0	2	0	2	0	1	0	0	2	0	1	0	1	0	3	0	2
ASV306	11	11	7	13	12	12	16	23	12	19	21	22	29	13	16	13	18	26
ASV3060	0	0	0	0	0	0	0	0	0	0	0	1	0	0	0	0	0	0
ASV3061	0	1	1	1	3	1	1	0	0	0	1	0	1	1	0	0	0	0
ASV3062	1	2	2	0	0	3	0	4	1	2	2	2	3	1	0	1	1	0
ASV3063	0	0	0	1	1	1	0	0	1	3	0	0	0	0	1	0	2	0
ASV3064	2	1	2	1	3	3	1	1	1	1	2	0	0	1	1	0	0	0
ASV3065	2	1	5	1	1	1	2	2	1	5	3	2	1	1	2	0	1	1
ASV3066	0	0	1	2	1	2	2	0	3	3	0	1	2	1	2	0	0	0
ASV3067	1	1	1	0	0	2	0	3	1	2	1	1	1	0	2	1	1	2
ASV3068	2	0	1	2	1	0	1	0	0	1	0	4	1	3	0	1	0	1
ASV3069	3	0	3	1	3	4	2	0	0	4	1	0	1	4	0	3	0	1
ASV307	12	10	13	13	12	22	17	15	20	13	11	23	19	33	29	47	15	30
ASV3070	2	0	0	1	1	0	0	0	1	0	0	0	0	0	0	0	0	0
ASV3071	4	3	0	0	4	2	1	2	2	2	3	1	1	2	1	0	1	0
ASV3072	4	5	4	2	3	6	5	6	5	4	5	9	5	6	9	4	16	11
ASV3073	0	0	0	0	1	0	0	0	0	0	0	0	2	0	0	0	0	0
ASV3074	0	0	0	0	0	0	0	0	0	0	0	0	1	1	0	0	0	0
ASV3075	2	2	2	0	3	2	1	1	0	1	1	0	1	1	1	0	0	0
ASV3076	1	0	0	2	0	1	0	0	0	1	0	0	0	1	0	0	0	0
ASV3077	0	0	1	0	0	0	0	0	0	0	0	0	0	0	0	0	0	0
ASV3078	4	1	0	0	4	1	1	0	2	0	0	0	0	2	1	2	0	0
ASV3079	0	0	0	1	0	0	0	0	1	0	1	2	0	0	1	0	0	0
ASV308	17	10	24	17	18	15	17	18	20	19	14	17	14	29	21	15	10	7
ASV3080	0	0	0	0	0	0	0	0	1	0	0	0	0	0	0	0	0	0
ASV3081	1	0	0	0	0	3	0	0	0	0	0	0	1	0	3	0	0	0
ASV3083	2	0	0	3	0	0	1	0	0	0	0	0	1	1	0	1	0	0
ASV3084	0	1	0	4	1	7	4	4	0	1	1	3	1	4	0	1	0	0
ASV3085	3	2	4	1	5	3	2	0	1	1	0	0	3	3	2	0	0	0
ASV3086	3	1	1	2	4	0	3	0	1	1	2	1	0	0	0	0	0	0
ASV3087	0	0	1	0	1	2	0	0	0	0	0	1	0	0	1	1	6	24
ASV3088	0	0	3	0	1	0	1	0	0	1	0	1	1	2	0	0	0	0
ASV3089	9	10	18	14	9	7	11	17	11	8	10	6	9	6	9	12	5	3
ASV309	27	17	23	27	21	28	24	38	29	19	39	23	17	14	22	20	42	28
ASV3090	1	2	3	0	2	2	0	0	0	1	1	1	0	3	0	0	0	0
ASV3091	0	0	2	0	2	0	1	0	1	0	0	1	2	0	0	0	0	1
ASV3092	1	0	0	0	0	0	0	1	0	0	0	0	0	2	0	0	0	0
ASV3093	1	0	0	1	2	0	0	1	0	0	0	1	3	0	0	1	0	0
ASV3094	1	3	2	0	3	0	2	1	1	1	3	0	3	2	1	0	1	0
ASV3095	5	10	4	5	0	6	6	3	6	3	2	1	5	0	6	0	4	2
ASV3096	5	3	1	3	2	2	1	0	0	2	1	0	2	1	0	1	0	1
ASV3097	0	0	1	0	0	1	0	0	0	0	0	0	0	0	0	0	0	0
ASV3098	3	2	4	3	1	1	1	1	1	1	0	1	1	1	0	1	0	0
ASV3099	0	0	2	2	1	2	1	1	1	0	0	0	0	1	1	2	3	1
ASV31	26	26	23	27	30	33	26	38	42	49	50	51	45	97	95	149	461	302
ASV310	44	36	38	39	33	40	44	21	21	37	26	30	35	30	21	17	12	15
ASV3100	1	0	0	0	1	1	0	1	0	0	1	0	0	0	0	0	0	0
ASV3101	4	4	0	2	2	1	0	2	1	2	1	1	0	1	1	0	1	0
ASV3102	3	3	5	4	2	2	2	1	1	2	3	2	1	0	0	1	0	2
ASV3103	0	0	0	0	0	0	0	0	0	0	0	0	0	0	0	0	0	0
ASV3104	2	0	2	2	0	0	1	0	2	0	0	2	1	0	1	0	0	1
ASV3105	0	0	0	0	0	1	0	0	0	0	0	0	0	0	0	0	0	0
ASV3106	3	3	5	3	0	4	0	1	1	0	1	0	0	2	0	2	0	0
ASV3107	8	10	11	6	8	7	8	8	8	12	8	5	4	6	2	10	16	7
ASV3108	0	0	0	1	1	2	1	0	1	1	0	0	0	0	0	1	0	0
ASV3109	0	0	1	0	1	1	1	0	1	0	1	0	0	0	0	0	0	0
ASV311	20	12	34	16	15	13	13	11	21	23	19	16	29	23	17	28	13	10
ASV3110	5	10	3	2	0	3	3	3	4	3	0	1	1	0	3	1	1	0
ASV3111	0	1	4	1	1	2	3	1	1	0	0	1	1	0	1	1	0	0
ASV3112	1	5	2	2	4	6	3	3	2	3	0	6	5	2	0	2	0	1
ASV3113	0	0	1	0	3	0	2	0	0	1	1	2	0	1	1	0	0	0
ASV3114	0	0	1	1	2	0	1	0	1	2	0	2	1	0	0	1	0	0
ASV3115	2	3	0	3	1	1	1	0	0	1	1	1	0	0	1	0	0	0
ASV3116	3	0	3	2	0	1	0	0	1	3	1	2	2	1	1	0	0	0
ASV3117	2	1	1	2	4	2	2	2	0	2	2	0	3	1	1	0	3	0
ASV3118	3	1	3	1	0	1	0	0	2	0	0	1	3	0	0	0	0	0
ASV3119	0	1	0	0	0	1	0	0	0	3	0	0	0	0	0	0	0	0
ASV312	3	2	0	3	3	2	4	4	2	3	3	3	1	5	0	5	8	13
ASV3120	0	1	0	1	2	0	0	1	0	0	0	0	0	0	0	2	2	0
ASV3121	0	0	0	0	0	0	1	0	0	0	0	1	0	1	0	0	0	0
ASV3122	3	0	0	0	1	1	1	2	0	2	2	2	0	1	1	6	6	1
ASV3123	0	3	6	1	1	1	1	3	0	0	0	1	0	1	1	0	0	0
ASV3124	2	1	2	0	1	0	0	1	0	1	2	1	0	0	0	0	0	0
ASV3125	0	0	0	0	0	0	0	0	0	0	0	0	0	0	0	0	0	0
ASV3126	0	4	2	2	0	0	1	0	0	0	1	1	0	0	4	0	0	0
ASV3127	1	0	2	0	2	0	0	0	0	1	4	0	1	1	0	0	1	0
ASV3129	0	2	1	3	1	4	2	0	0	1	0	2	2	2	4	1	0	1
ASV313	12	5	6	3	2	6	5	1	8	9	3	1	1	1	2	1	1	0
ASV3130	0	0	0	0	0	0	0	0	0	1	0	0	0	0	0	2	0	0
ASV3131	2	0	4	1	0	1	1	1	0	2	1	1	1	2	1	2	0	0
ASV3132	0	0	0	0	0	0	0	0	0	0	0	0	0	0	0	0	0	0
ASV3133	0	1	0	1	0	0	2	2	0	1	0	0	0	4	2	0	0	0
ASV3134	0	0	0	0	0	0	0	0	0	0	0	0	0	0	0	0	0	0
ASV3135	0	5	4	4	4	2	1	2	0	2	0	1	6	1	1	0	0	0
ASV3136	0	1	1	1	0	0	1	3	0	0	0	1	2	1	0	3	4	1
ASV3137	2	3	1	0	3	2	1	0	2	1	0	0	0	0	0	2	0	0
ASV3138	1	3	2	4	2	2	5	1	1	1	1	1	1	2	2	0	1	0
ASV3139	0	0	0	1	2	0	3	0	0	0	1	1	0	0	0	1	0	0
ASV314	32	30	37	41	44	44	47	49	53	55	44	52	56	47	42	36	41	45
ASV3140	1	6	1	0	2	2	4	5	3	3	1	3	4	3	2	0	1	1
ASV3142	6	3	4	2	2	0	4	0	2	3	0	1	2	0	0	0	0	0
ASV3143	5	1	2	2	2	1	1	1	0	4	3	0	1	2	0	1	0	0
ASV3144	0	1	1	1	1	1	1	0	0	1	1	0	1	0	0	0	1	0
ASV3145	1	1	0	4	2	0	1	1	0	0	0	0	1	0	1	0	0	0
ASV3146	4	2	0	1	0	0	1	1	0	0	0	0	1	1	0	0	1	2
ASV3147	1	0	1	0	0	1	0	1	0	0	0	2	2	3	0	2	5	3
ASV3148	2	1	0	3	2	1	1	2	1	0	0	0	5	2	1	0	0	1
ASV3149	0	0	2	1	2	3	2	1	0	0	1	1	0	0	1	0	0	0
ASV315	0	0	0	0	2	0	0	0	0	0	0	0	1	0	2	0	1	4
ASV3150	3	2	1	1	2	1	2	1	4	2	1	1	2	1	0	1	0	1
ASV3151	3	1	2	2	1	2	1	2	1	4	1	0	0	2	3	0	0	0
ASV3152	1	1	2	1	0	1	0	0	0	0	2	0	0	0	1	1	0	0
ASV3153	1	0	2	4	0	2	0	0	1	4	2	0	1	2	0	0	0	0
ASV3154	4	3	1	3	1	1	3	2	1	1	3	0	1	0	2	0	0	0
ASV3155	1	1	2	2	2	0	0	0	2	1	0	1	0	0	0	0	0	0
ASV3156	1	1	0	1	0	1	0	1	0	0	1	0	0	0	0	0	0	0
ASV3157	3	4	2	1	0	1	0	0	1	2	2	1	0	0	1	0	0	0
ASV3158	0	1	1	0	0	0	2	1	0	0	0	0	1	0	1	0	0	0
ASV3159	5	5	0	3	2	1	2	1	0	3	0	1	0	1	0	0	0	0
ASV316	19	17	15	37	34	32	44	37	35	20	14	27	24	21	18	21	32	25
ASV3160	1	2	2	3	2	1	1	1	1	1	0	0	2	0	0	1	1	0
ASV3161	3	1	2	0	1	2	1	0	0	1	0	1	1	0	1	4	2	1
ASV3162	1	1	5	4	1	2	3	0	1	1	4	2	0	0	0	0	0	0
ASV3163	2	1	1	0	2	5	3	0	2	0	1	4	1	2	1	1	0	0
ASV3164	4	5	2	1	2	1	3	2	3	3	5	4	0	2	0	4	1	0
ASV3165	0	0	0	0	1	0	0	0	0	0	0	0	0	0	0	0	1	0
ASV3166	4	3	1	4	3	5	2	0	0	1	0	2	0	1	0	3	1	0
ASV3167	1	2	2	9	2	0	2	5	4	4	2	7	2	1	0	6	4	3
ASV3168	0	3	3	0	0	1	0	0	0	0	2	1	0	0	0	0	1	0
ASV3169	9	6	5	3	2	6	4	3	1	5	1	4	2	4	2	1	2	0
ASV317	13	20	16	10	13	17	23	17	15	28	42	67	19	31	31	18	12	18
ASV3170	1	3	1	2	0	1	1	0	1	1	0	0	0	1	0	0	1	0
ASV3171	0	0	0	0	0	0	0	0	0	0	0	0	0	0	0	0	0	0
ASV3172	2	4	1	3	3	2	2	0	0	0	0	1	0	1	0	1	0	0
ASV3173	1	1	1	2	1	0	0	2	4	1	1	0	1	0	0	0	0	0
ASV3174	1	5	1	4	3	3	1	2	1	3	4	1	2	2	0	2	1	2
ASV3175	2	2	0	6	3	3	3	0	1	5	1	2	1	1	1	1	0	0
ASV3177	4	3	3	1	3	1	2	1	2	3	2	2	3	0	0	0	3	1
ASV3178	1	0	0	1	0	0	0	0	0	0	0	0	0	0	0	0	0	0
ASV3179	5	0	2	1	2	2	2	0	0	0	1	3	3	4	5	1	0	1
ASV318	6	4	1	5	3	5	2	1	2	3	3	1	2	4	7	3	1	0
ASV3180	5	4	1	0	0	3	7	5	0	5	4	4	1	3	1	4	0	1
ASV3181	0	1	0	1	1	2	1	0	1	2	0	1	2	0	3	0	3	0
ASV3182	2	1	0	1	0	0	0	0	2	2	0	2	1	0	0	1	0	0
ASV3183	1	0	1	0	0	3	0	0	0	1	0	1	0	0	0	0	0	0
ASV3184	0	1	1	2	1	0	2	0	1	1	1	0	0	1	0	3	0	0
ASV3185	2	1	1	1	2	2	2	1	0	5	1	4	1	1	3	0	0	2
ASV3186	4	2	1	1	2	1	6	0	4	2	2	1	2	2	1	1	1	2
ASV3187	0	2	2	0	1	0	3	2	1	2	0	0	1	1	3	2	1	0
ASV3188	0	4	2	2	2	2	1	1	1	3	1	3	0	2	2	2	0	2
ASV3189	7	2	2	3	2	3	4	1	3	5	3	3	2	2	4	3	2	2
ASV319	6	21	13	8	15	25	5	17	10	17	17	11	16	14	18	18	4	5
ASV3190	0	0	0	0	0	0	1	2	0	0	0	0	1	1	0	2	0	0
ASV3191	2	6	1	3	2	1	2	0	1	5	6	1	1	2	1	3	14	16
ASV3192	2	0	1	2	1	0	5	1	0	0	2	0	0	1	0	0	0	0
ASV3193	2	1	4	1	2	1	0	2	1	3	0	0	1	0	1	1	0	0
ASV3194	0	0	0	0	0	0	1	1	0	0	0	1	1	0	2	1	0	1
ASV3195	0	0	1	1	0	0	0	1	0	5	0	3	2	0	1	3	5	4
ASV3196	4	0	4	2	1	2	4	2	1	3	4	3	1	2	1	0	0	0
ASV3197	1	3	4	1	3	2	0	5	3	5	2	3	3	3	0	3	0	3
ASV3198	3	3	1	4	2	2	1	2	2	2	1	0	1	1	1	2	1	1
ASV3199	2	0	1	0	1	0	0	1	0	1	0	1	1	1	0	0	0	0
ASV32	119	85	92	107	110	105	122	135	118	178	161	149	192	174	166	278	313	221
ASV320	7	7	8	4	5	4	3	5	5	5	4	7	4	1	7	20	12	9
ASV3200	0	0	0	0	0	0	0	0	0	3	0	1	0	0	0	0	1	0
ASV3201	4	4	1	4	1	1	0	0	0	4	0	0	3	0	1	4	0	0
ASV3202	1	0	0	2	4	0	0	0	4	2	0	2	3	5	0	0	1	0
ASV3203	5	3	3	2	2	1	2	2	2	3	0	1	0	0	3	0	0	0
ASV3204	4	2	0	1	1	5	1	1	1	4	5	1	1	4	0	2	3	0
ASV3205	0	0	1	0	0	0	0	0	0	0	1	0	0	0	0	0	0	0
ASV3206	0	1	0	1	1	1	2	0	3	1	0	1	2	0	2	1	0	1
ASV3207	30	30	43	38	25	38	48	50	39	34	53	43	46	16	29	18	64	50
ASV3208	1	2	2	1	3	4	1	2	1	2	1	2	0	0	0	0	0	3
ASV3209	2	2	1	3	2	2	0	1	4	1	2	0	0	2	1	0	0	0
ASV321	8	8	9	8	5	9	7	0	4	6	8	6	5	3	2	6	1	0
ASV3210	0	0	0	0	0	0	0	0	0	0	0	0	0	0	0	0	0	0
ASV3211	2	1	0	0	1	4	3	1	1	2	1	0	2	0	0	0	0	1
ASV3212	0	1	0	0	1	1	3	1	0	2	1	1	1	0	0	0	0	0
ASV3213	1	0	1	1	0	1	1	0	1	0	0	0	0	0	0	0	0	0
ASV3214	0	0	1	0	0	0	0	0	0	0	1	0	0	1	0	0	0	0
ASV3215	6	1	2	1	1	1	2	1	1	3	0	0	1	1	0	0	0	0
ASV3216	1	0	2	3	2	3	1	0	1	2	0	0	3	2	1	0	0	0
ASV3217	2	2	2	0	1	0	1	0	2	0	0	2	0	0	0	0	2	0
ASV3218	1	2	5	3	4	2	1	0	0	3	1	2	1	2	3	0	0	1
ASV3219	1	1	0	0	0	0	0	0	0	0	0	1	0	1	0	0	0	0
ASV322	19	31	36	31	35	37	39	44	41	44	54	48	53	49	42	21	37	29
ASV3220	1	0	3	2	1	0	0	0	1	3	0	0	2	2	3	0	0	0
ASV3221	2	0	1	0	0	1	2	2	1	5	4	2	0	3	2	0	0	1
ASV3222	1	0	0	0	0	0	0	2	1	0	0	0	0	0	0	0	0	0
ASV3223	2	1	0	0	2	0	0	1	0	0	0	0	1	1	1	0	0	0
ASV3224	0	1	0	0	3	2	0	0	0	0	0	0	1	3	0	0	0	0
ASV3225	2	0	1	2	3	0	3	4	5	3	0	1	4	3	0	0	0	1
ASV3227	2	2	3	2	4	4	2	0	0	1	1	1	2	0	0	0	0	0
ASV3228	2	0	0	2	0	0	0	2	1	1	0	0	1	1	3	1	2	1
ASV3229	2	0	2	0	0	0	1	0	2	1	0	1	0	0	0	0	0	0
ASV323	34	20	19	23	17	14	18	16	11	16	11	4	16	5	9	6	0	1
ASV3230	1	3	2	1	1	4	1	2	1	1	0	1	0	0	0	0	2	0
ASV3231	3	3	0	1	0	4	0	2	1	0	1	1	3	1	0	1	1	0
ASV3232	0	1	1	0	0	0	0	0	1	0	0	0	0	0	0	0	0	0
ASV3233	0	0	1	0	0	0	0	0	0	0	1	0	3	0	1	1	0	1
ASV3234	1	0	1	0	0	1	0	0	1	1	1	3	1	3	1	0	5	1
ASV3235	3	1	0	6	2	1	2	2	3	0	0	2	1	3	1	0	1	1
ASV3236	8	1	6	7	5	8	3	5	5	5	2	9	4	7	3	6	31	15
ASV3237	4	3	1	1	3	1	2	2	1	1	1	1	0	0	0	0	0	0
ASV3238	11	9	8	14	11	10	9	5	9	11	9	12	4	2	10	8	7	10
ASV3239	2	0	0	0	0	2	2	3	0	0	0	4	2	1	0	2	0	3
ASV324	16	14	13	16	12	21	24	13	9	9	11	12	12	19	15	14	5	6
ASV3240	4	4	5	4	4	1	1	5	3	4	4	3	0	3	1	0	1	1
ASV3241	1	0	0	2	2	0	0	0	1	0	1	0	0	0	0	0	0	0
ASV3242	2	1	1	0	0	1	0	0	1	1	0	0	1	0	1	0	0	1
ASV3243	1	0	1	0	0	0	0	0	1	0	0	0	0	0	0	0	0	0
ASV3244	6	3	2	1	2	3	1	2	2	0	1	0	1	1	0	0	0	0
ASV3245	0	0	1	1	0	0	0	0	0	0	1	1	0	0	0	0	0	1
ASV3246	2	3	3	3	1	8	6	1	1	0	1	3	1	0	0	0	0	0
ASV3247	2	1	3	1	0	1	1	2	2	2	1	3	2	1	0	0	0	0
ASV3248	5	1	2	3	2	1	1	0	0	0	2	0	1	1	0	0	1	0
ASV3249	0	0	0	0	0	0	0	0	0	0	0	0	0	0	0	0	0	0
ASV325	20	8	16	18	31	24	13	26	15	23	30	18	24	39	22	36	16	18
ASV3250	4	5	3	2	4	2	1	2	1	3	1	1	2	2	0	1	1	0
ASV3251	0	0	0	0	1	1	1	1	0	0	0	0	0	1	0	0	0	0
ASV3252	4	2	3	4	2	3	3	3	2	4	1	1	2	0	0	0	0	0
ASV3253	1	0	1	0	0	0	0	0	0	0	0	0	0	2	2	0	0	0
ASV3254	0	0	1	0	0	0	0	0	0	1	0	0	0	0	0	0	0	0
ASV3255	4	2	3	3	1	4	1	1	1	2	0	1	2	1	0	2	0	0
ASV3256	1	1	1	0	0	0	1	0	0	0	1	0	0	0	0	0	0	1
ASV3257	2	7	1	2	1	3	2	2	0	0	0	0	0	2	0	1	0	1
ASV3258	0	0	3	0	0	1	2	1	1	0	0	0	0	1	3	0	0	0
ASV3259	2	1	1	3	0	0	3	1	1	1	2	0	1	0	0	1	0	0
ASV326	14	6	7	10	10	10	3	3	7	10	5	3	8	2	3	1	4	5
ASV3260	2	0	2	0	1	0	1	0	0	0	2	0	0	0	0	1	0	0
ASV3261	0	0	1	0	1	1	1	0	0	0	1	0	1	0	0	0	0	0
ASV3262	1	0	0	0	0	0	0	0	0	1	0	0	0	1	0	0	0	0
ASV3263	3	4	2	1	1	2	1	2	1	1	1	2	0	2	3	1	2	3
ASV3264	0	0	0	0	0	1	0	1	0	0	0	0	0	0	1	1	0	0
ASV3265	1	1	2	0	3	1	3	1	2	3	0	1	2	2	1	0	0	1
ASV3266	2	1	3	1	2	2	0	0	0	2	1	0	0	0	1	0	0	0
ASV3267	0	0	0	2	3	1	3	0	2	1	1	1	1	0	2	2	0	0
ASV3268	3	0	1	2	2	2	2	0	0	4	0	2	0	1	0	3	0	1
ASV3269	2	1	0	3	2	0	0	1	1	0	1	0	0	13	1	1	0	1
ASV327	19	3	13	23	8	8	7	11	14	4	20	16	47	41	29	27	16	32
ASV3270	2	0	1	0	2	0	3	0	3	2	1	0	1	0	0	2	2	0
ASV3271	0	1	2	0	1	0	0	0	0	1	0	0	0	3	2	0	1	0
ASV3272	2	3	1	0	1	0	0	2	0	1	1	1	0	1	1	2	1	0
ASV3273	1	2	1	1	0	2	3	0	1	2	1	3	1	0	0	1	1	0
ASV3274	1	0	2	2	0	3	0	1	2	3	1	1	1	0	1	0	1	0
ASV3275	0	0	1	1	3	1	0	1	0	1	0	0	1	0	0	0	0	0
ASV3276	0	1	0	2	3	0	0	0	0	0	0	0	0	0	1	1	0	1
ASV3277	0	1	1	1	2	0	1	1	0	2	2	1	2	0	1	0	0	0
ASV3278	4	2	1	3	2	1	0	0	1	1	1	0	0	0	0	0	1	0
ASV3279	0	2	2	0	2	2	0	1	1	2	0	0	3	1	0	3	0	1
ASV328	48	23	27	16	27	21	18	22	23	32	22	30	23	8	14	11	7	2
ASV3280	0	1	0	1	1	0	0	1	0	1	1	0	0	2	1	0	0	0
ASV3281	4	2	0	1	0	3	0	1	3	0	2	0	2	1	1	2	0	1
ASV3282	3	1	0	0	2	0	0	0	0	1	0	1	1	0	0	0	0	0
ASV3283	0	0	0	0	0	0	2	1	0	1	2	1	0	0	0	0	1	2
ASV3284	0	0	0	0	0	1	0	0	1	1	0	0	1	0	1	0	0	0
ASV3285	1	1	3	0	1	2	2	0	0	0	0	0	1	0	1	0	0	0
ASV3286	2	0	1	3	3	0	1	1	1	3	1	0	1	2	1	1	0	0
ASV3287	1	2	1	1	2	0	0	4	3	2	1	1	0	0	0	0	1	0
ASV3288	0	0	0	0	0	0	1	0	0	0	0	0	0	0	0	0	0	0
ASV3289	0	1	1	0	4	3	0	2	1	2	3	1	2	2	1	1	2	5
ASV329	8	2	2	2	5	2	0	1	3	6	2	2	8	1	7	4	1	0
ASV3290	5	3	1	1	0	2	1	0	0	0	1	0	0	0	1	0	0	0
ASV3291	0	0	0	1	3	1	0	1	0	1	0	1	1	2	0	0	0	0
ASV3292	1	3	2	3	0	1	1	0	1	1	0	2	0	1	0	0	0	0
ASV3293	4	3	2	3	1	3	1	2	3	0	2	0	1	3	3	0	1	0
ASV3294	2	2	6	2	0	2	1	3	0	2	1	1	4	1	0	3	0	1
ASV3295	0	0	0	0	0	0	0	0	0	0	0	0	0	0	0	0	0	0
ASV3296	2	0	1	0	2	1	1	0	1	0	1	1	0	2	0	0	0	0
ASV3297	4	4	1	9	1	2	2	1	0	2	4	0	8	1	2	0	0	0
ASV3298	0	1	0	1	0	0	1	0	0	0	0	0	0	0	0	0	0	0
ASV3299	4	0	1	0	1	2	0	0	0	0	0	0	1	0	0	0	1	2
ASV33	20	22	14	19	24	15	23	19	17	17	21	22	24	28	49	40	83	68
ASV330	14	11	17	19	18	32	34	52	42	27	45	40	40	28	32	33	60	70
ASV3300	5	4	4	0	2	1	0	1	0	2	1	0	0	1	1	0	0	0
ASV3301	4	0	1	2	1	1	4	0	0	2	1	0	2	0	0	2	0	0
ASV3302	3	0	2	1	4	1	0	1	0	0	1	0	1	0	0	0	0	1
ASV3303	0	4	3	0	1	2	1	3	2	1	1	1	1	0	0	0	0	0
ASV3304	0	2	1	6	2	1	0	1	2	3	2	0	2	0	0	2	0	0
ASV3305	1	0	0	1	0	1	1	0	0	0	0	0	0	0	2	0	0	0
ASV3306	1	1	1	0	0	0	0	0	0	0	0	0	0	0	0	0	0	0
ASV3307	0	2	0	1	0	1	0	0	1	0	0	0	1	0	0	0	6	3
ASV3308	1	1	0	3	2	1	1	3	4	1	1	0	3	2	1	0	1	0
ASV3309	6	9	7	10	2	5	11	3	4	4	3	5	1	0	3	0	0	0
ASV331	3	2	2	2	0	4	3	1	1	2	0	4	0	0	2	2	5	4
ASV3310	0	0	0	1	1	1	0	0	0	0	0	0	0	0	0	0	2	2
ASV3311	0	2	1	1	1	0	1	0	1	3	3	1	1	0	0	2	1	0
ASV3312	1	1	2	5	3	2	1	1	0	1	2	2	2	0	0	0	1	0
ASV3313	3	5	2	1	0	2	3	1	2	2	4	0	4	1	0	0	2	1
ASV3314	2	3	3	1	2	2	3	0	1	0	4	2	1	0	3	0	0	0
ASV3315	0	0	3	1	0	0	0	0	0	2	0	0	0	0	1	0	0	0
ASV3316	1	2	3	1	2	2	2	3	1	2	2	2	1	2	0	4	0	0
ASV3317	1	2	4	2	1	3	0	2	3	2	0	4	0	3	1	3	1	2
ASV3318	2	3	1	3	2	1	0	3	1	0	3	2	0	2	2	1	1	1
ASV3319	4	1	2	3	1	3	1	0	0	4	1	1	0	2	2	0	0	0
ASV332	11	16	17	21	7	21	20	9	6	16	18	12	13	13	5	11	4	1
ASV3320	4	0	0	2	0	2	0	1	0	1	2	0	1	1	1	0	0	0
ASV3321	3	2	2	2	1	2	3	0	3	3	3	0	2	1	1	0	0	0
ASV3322	2	2	1	1	2	1	0	1	0	1	0	0	1	0	1	3	2	5
ASV3323	0	1	1	0	0	2	6	0	0	1	1	0	0	0	1	0	0	0
ASV3324	1	1	6	2	2	3	6	0	1	2	3	0	0	0	0	0	0	0
ASV3325	1	1	0	0	0	1	0	1	0	0	0	2	0	0	3	0	0	0
ASV3326	2	0	0	0	0	0	0	1	0	0	0	0	0	0	1	0	0	1
ASV3327	4	9	6	4	1	3	1	6	6	6	7	7	11	6	16	12	111	146
ASV3328	0	5	2	0	2	1	4	1	1	0	3	0	2	2	2	3	2	4
ASV3329	0	0	0	0	0	0	1	0	0	0	1	3	1	0	2	0	1	4
ASV333	23	24	23	38	23	23	20	3	11	18	5	17	16	8	4	2	1	0
ASV3330	1	3	1	2	0	0	0	5	2	1	5	1	3	0	2	1	1	2
ASV3331	2	5	3	1	0	2	1	0	1	1	0	3	1	0	1	0	0	1
ASV3332	0	0	0	0	1	3	1	1	0	1	1	1	2	0	1	0	2	1
ASV3333	3	1	3	0	1	0	1	0	1	3	2	1	2	2	1	0	0	0
ASV3334	0	0	0	0	0	1	1	1	0	0	1	0	0	1	1	0	1	0
ASV3335	0	0	0	0	3	0	2	1	1	0	0	0	1	0	1	3	1	0
ASV3336	1	0	2	2	1	0	2	0	0	2	0	1	1	1	2	1	1	0
ASV3337	7	0	1	3	1	1	0	1	4	0	1	3	0	0	0	1	0	0
ASV3338	0	0	0	0	0	0	2	0	0	3	0	1	1	1	3	4	4	2
ASV3339	0	0	1	1	1	0	0	0	0	1	0	1	0	0	0	1	0	0
ASV334	63	24	54	30	39	29	21	21	19	16	19	23	26	30	10	11	15	6
ASV3340	0	4	3	4	2	1	4	1	2	5	0	1	2	2	3	0	0	1
ASV3341	0	7	1	3	1	1	3	0	2	1	1	2	0	1	0	0	0	1
ASV3342	6	2	2	0	1	1	1	0	5	1	1	1	0	0	0	0	0	0
ASV3343	3	0	2	5	3	2	0	0	1	0	2	0	1	0	0	0	0	0
ASV3344	3	1	4	1	1	0	1	0	1	2	1	1	4	0	0	1	0	0
ASV3345	0	1	2	1	0	3	3	2	0	1	0	2	3	1	0	1	0	2
ASV3346	5	1	2	1	0	1	0	1	0	1	0	0	0	0	0	1	0	1
ASV3347	5	16	8	10	11	16	6	12	11	12	3	7	2	12	4	1	2	2
ASV3348	1	0	2	2	0	3	5	0	1	1	0	1	2	1	0	0	0	1
ASV3349	2	0	0	0	0	0	0	0	0	2	0	0	0	2	0	0	0	0
ASV335	20	17	15	18	12	14	20	20	14	17	16	8	17	4	10	12	10	11
ASV3350	1	1	1	1	0	0	1	2	1	0	4	0	2	2	2	0	2	0
ASV3351	2	0	0	0	1	0	1	0	0	1	0	1	0	0	0	1	0	0
ASV3352	2	1	0	0	0	0	0	0	0	0	0	0	1	0	0	0	0	0
ASV3353	0	2	0	0	1	1	0	0	0	0	1	1	4	1	0	0	0	1
ASV3354	1	2	2	4	1	2	0	2	0	2	2	1	1	2	0	0	1	1
ASV3355	2	0	3	1	2	2	1	1	2	3	0	2	1	0	2	0	1	0
ASV3356	2	0	0	2	1	0	0	0	0	0	0	1	1	1	1	0	0	0
ASV3357	0	0	0	0	0	1	0	0	0	0	0	0	0	1	0	1	0	0
ASV3358	1	0	0	0	1	2	0	1	1	4	0	0	0	1	3	1	0	0
ASV3359	5	2	1	1	0	3	0	1	0	1	0	1	0	0	0	0	0	1
ASV336	43	44	36	60	52	60	77	87	73	38	53	51	38	36	34	21	58	57
ASV3361	2	3	2	4	5	0	4	1	0	2	1	3	3	3	0	0	0	0
ASV3362	1	1	1	2	1	1	0	1	1	1	1	0	1	1	1	3	3	4
ASV3363	1	1	2	0	1	3	1	1	0	3	1	1	1	0	1	0	0	0
ASV3364	6	1	5	4	1	2	4	0	1	4	1	2	1	1	0	0	0	0
ASV3365	1	2	0	1	2	3	2	2	1	5	0	2	1	1	0	0	0	0
ASV3366	0	1	0	0	8	0	0	0	0	1	0	1	2	2	2	1	0	0
ASV3367	1	2	1	1	5	0	0	0	0	0	0	0	2	1	1	0	1	0
ASV3368	3	1	3	3	0	0	5	2	2	1	2	0	1	0	3	3	4	2
ASV3369	2	1	0	0	0	0	0	0	3	1	0	1	0	0	2	2	0	0
ASV337	4	0	2	1	1	3	2	1	1	2	2	1	2	0	1	1	0	1
ASV3370	0	0	1	1	0	0	0	0	0	1	0	0	0	0	0	1	0	0
ASV3371	1	1	1	0	0	0	2	1	3	2	1	4	3	2	0	3	0	0
ASV3372	1	1	2	4	1	2	0	4	1	3	2	0	3	2	1	3	1	0
ASV3373	5	0	2	2	3	0	0	0	1	2	0	1	1	0	1	0	0	0
ASV3374	0	0	0	0	0	0	0	0	0	0	0	0	0	0	0	0	1	0
ASV3375	0	0	0	1	1	2	2	2	0	5	1	1	1	2	3	1	1	0
ASV3377	0	1	1	0	2	2	1	3	0	0	1	0	1	0	1	4	0	0
ASV3378	1	3	1	0	1	0	1	0	1	1	0	0	0	0	1	0	0	0
ASV3379	0	0	1	1	0	3	1	0	0	0	1	0	0	1	0	0	0	0
ASV338	15	10	21	8	13	19	6	33	24	14	20	11	24	15	13	24	9	4
ASV3380	2	1	0	1	3	1	3	1	0	3	4	2	0	1	0	0	0	0
ASV3381	1	2	2	3	1	0	2	1	0	0	2	1	0	0	2	0	0	0
ASV3382	0	0	3	1	3	0	3	0	1	1	1	1	2	0	0	0	0	0
ASV3383	2	0	1	0	0	0	0	2	0	0	0	0	0	0	0	1	0	0
ASV3384	8	6	5	1	1	6	7	1	3	3	4	2	2	0	2	1	0	0
ASV3385	1	0	0	1	1	0	4	1	1	1	0	0	2	1	2	1	2	2
ASV3386	0	0	2	1	1	1	0	1	0	0	1	0	0	2	0	0	0	0
ASV3387	1	0	2	0	2	1	0	0	2	1	2	0	0	1	0	0	1	1
ASV3388	0	1	2	1	4	1	4	1	0	1	1	0	0	2	0	0	0	1
ASV3389	0	1	0	0	0	1	0	0	0	0	0	0	0	0	0	0	0	0
ASV339	4	5	2	4	5	7	1	2	3	6	3	0	4	4	8	23	4	8
ASV3390	6	4	0	1	1	3	1	1	1	0	0	0	0	0	0	2	0	1
ASV3391	2	0	2	4	1	4	1	0	1	1	1	1	3	1	0	1	0	0
ASV3392	0	0	0	0	0	0	0	0	0	0	0	0	0	0	0	0	0	0
ASV3393	1	1	0	2	2	1	3	0	4	1	0	1	1	1	2	0	0	0
ASV3394	0	0	1	3	1	0	1	0	0	1	0	0	0	0	1	0	0	0
ASV3395	1	1	0	1	1	1	3	4	2	2	2	5	2	4	1	1	1	0
ASV3396	5	0	0	0	2	1	2	2	2	2	2	2	0	1	1	1	1	0
ASV3397	0	1	1	1	0	1	1	0	0	0	0	1	1	0	1	0	0	1
ASV3398	0	3	2	1	0	1	0	1	2	2	1	1	0	0	0	2	0	0
ASV3399	0	1	1	2	1	1	0	0	0	0	0	1	0	0	0	0	0	0
ASV34	73	212	73	57	54	66	74	82	72	119	111	114	115	192	143	362	558	551
ASV340	16	15	18	21	17	14	23	18	14	20	13	22	19	11	9	18	16	15
ASV3400	1	0	3	0	2	1	2	1	2	2	2	1	0	1	0	2	2	0
ASV3401	1	0	2	0	0	1	2	0	3	0	0	1	0	1	2	4	0	0
ASV3402	3	0	2	4	1	0	1	0	0	0	0	0	1	3	1	2	0	0
ASV3403	2	4	4	2	2	1	3	1	2	2	2	1	3	1	0	0	0	0
ASV3404	2	0	0	0	0	0	2	1	1	2	0	0	1	2	2	1	2	1
ASV3405	0	0	0	1	0	2	0	5	1	0	1	2	2	1	1	0	0	0
ASV3406	16	12	8	11	10	8	10	10	11	9	16	11	6	7	2	3	13	8
ASV3407	0	0	0	0	0	0	0	0	2	0	0	1	1	1	1	0	0	0
ASV3408	2	1	0	0	1	0	0	0	1	1	0	0	1	1	1	5	0	0
ASV3409	1	1	1	1	1	1	3	2	1	1	0	0	2	1	2	0	1	0
ASV3410	0	0	1	0	0	1	0	0	1	0	0	0	0	0	0	0	0	1
ASV3411	4	2	1	3	2	2	1	0	2	0	0	0	1	3	0	2	0	0
ASV3412	2	0	0	0	0	1	0	0	0	0	0	1	0	0	0	0	1	0
ASV3413	1	2	2	2	0	0	1	0	2	1	1	1	2	1	0	0	0	0
ASV3414	1	1	0	0	0	2	1	2	2	0	1	1	1	2	2	0	2	1
ASV3415	1	0	1	2	1	2	1	0	0	4	1	0	0	0	0	0	1	0
ASV3416	2	1	1	5	0	2	0	1	2	3	1	1	0	1	0	1	0	1
ASV3417	2	0	2	1	0	1	0	0	0	1	1	0	1	2	0	0	0	0
ASV3418	1	0	0	0	0	0	1	0	0	1	0	0	0	1	0	0	0	0
ASV3419	1	2	2	2	2	1	3	3	1	1	2	2	2	6	0	2	0	1
ASV342	21	9	10	13	8	9	5	4	8	19	8	8	6	6	3	2	0	0
ASV3420	1	1	1	0	2	2	2	0	2	1	4	0	2	3	0	0	0	0
ASV3421	3	0	1	0	1	5	2	0	0	0	1	0	1	3	0	0	0	0
ASV3422	0	2	3	3	2	2	0	0	0	1	1	3	2	3	0	1	2	0
ASV3423	2	3	2	3	1	1	1	2	1	1	4	0	1	0	0	0	0	1
ASV3425	0	3	2	1	0	4	1	0	2	1	3	3	1	1	0	3	0	1
ASV3426	2	2	0	1	1	0	1	0	0	1	0	0	2	0	0	0	0	0
ASV3427	2	1	1	1	0	4	5	0	0	1	0	1	3	1	0	3	2	0
ASV3428	3	4	6	2	6	0	0	0	2	3	7	2	5	0	2	0	0	0
ASV3429	0	0	4	3	2	1	2	0	0	3	1	1	2	1	1	0	0	0
ASV343	4	2	1	0	1	0	0	3	2	0	0	1	1	1	0	0	0	0
ASV3430	0	1	2	1	2	0	0	0	0	0	0	0	0	0	0	0	0	0
ASV3431	0	0	0	0	1	0	2	0	0	2	1	2	3	0	2	0	0	0
ASV3432	2	0	0	0	0	0	1	0	0	1	2	1	0	1	3	0	0	1
ASV3433	0	0	0	0	0	0	0	1	0	0	0	0	0	0	0	0	1	1
ASV3434	3	1	4	2	2	0	1	0	2	1	2	3	3	1	3	0	3	3
ASV3435	1	2	1	0	0	0	2	1	1	0	0	0	1	0	0	0	0	0
ASV3436	0	0	0	1	0	1	1	0	1	0	0	0	0	0	1	0	0	0
ASV3437	1	1	0	0	1	0	1	1	1	0	1	1	1	0	2	2	0	0
ASV3438	5	4	0	2	2	1	1	3	2	1	3	2	1	2	1	2	1	0
ASV3439	4	1	2	3	2	1	1	1	3	1	1	0	3	0	3	0	2	1
ASV344	9	4	14	6	27	5	15	19	20	12	24	17	23	31	23	52	28	28
ASV3440	0	0	0	0	2	1	0	0	0	1	0	0	0	0	0	0	1	0
ASV3441	0	0	0	1	0	0	0	0	0	0	0	0	0	0	0	0	0	1
ASV3442	0	0	0	0	0	0	0	0	0	0	0	0	1	0	0	1	0	0
ASV3443	0	2	1	0	2	2	1	1	0	1	0	0	0	0	2	0	0	0
ASV3445	0	2	1	0	0	0	1	0	0	1	2	0	0	0	0	0	0	0
ASV3446	1	1	0	0	1	1	0	2	0	0	0	0	1	1	0	0	0	3
ASV3448	3	2	0	3	2	1	0	3	1	0	2	1	0	1	1	0	0	0
ASV3449	7	4	7	4	6	5	3	2	3	1	6	3	3	1	5	0	2	1
ASV345	12	7	18	13	10	18	16	15	10	11	16	13	16	9	10	31	13	6
ASV3450	3	3	5	0	0	1	2	1	1	1	0	0	1	0	0	0	0	0
ASV3451	0	2	1	2	0	0	1	0	0	1	1	0	0	0	0	1	0	0
ASV3452	4	1	2	2	3	0	0	0	1	0	3	1	1	1	1	3	2	0
ASV3453	5	0	0	2	1	0	0	1	2	2	0	2	1	1	0	0	1	0
ASV3454	3	0	2	1	0	1	1	0	0	2	1	0	0	0	1	1	0	0
ASV3455	0	0	0	1	0	0	0	0	0	0	0	0	0	0	0	0	0	0
ASV3456	1	1	0	0	1	0	2	0	0	3	1	1	0	1	0	0	1	0
ASV3457	0	0	2	0	2	0	0	1	1	4	0	1	2	1	1	1	0	0
ASV3458	0	0	1	1	0	0	0	0	0	0	0	0	0	0	0	0	0	0
ASV3459	1	2	0	0	0	0	0	0	1	1	0	1	0	1	0	2	0	0
ASV346	10	15	12	20	21	21	23	15	19	21	14	20	22	18	16	17	21	12
ASV3460	2	2	1	3	1	1	0	2	0	1	1	0	2	2	1	1	1	0
ASV3461	1	0	0	1	0	1	2	0	0	1	0	0	0	1	0	1	0	0
ASV3462	2	3	2	1	0	1	2	0	0	0	1	0	1	0	0	1	0	0
ASV3463	1	1	0	1	0	1	0	0	1	1	0	0	1	0	0	0	0	0
ASV3464	1	0	0	1	0	0	0	0	0	0	0	0	0	0	1	0	0	0
ASV3465	0	0	0	0	0	0	0	0	0	0	0	0	0	0	0	0	0	0
ASV3466	1	0	0	0	1	0	0	0	0	0	1	0	0	1	0	0	0	0
ASV3467	2	1	2	2	3	10	2	0	0	4	0	0	2	2	0	0	0	0
ASV3468	0	0	0	0	0	0	0	0	0	0	0	0	0	0	1	0	0	0
ASV3469	2	5	3	1	1	0	2	0	2	1	0	3	3	0	0	0	0	0
ASV347	1	0	1	1	2	0	2	2	1	4	2	4	0	7	11	8	67	53
ASV3470	5	1	2	4	1	3	2	2	0	1	1	0	1	0	0	1	0	0
ASV3471	0	0	0	2	9	4	0	0	0	0	3	2	4	5	0	3	0	2
ASV3472	0	5	0	0	0	0	1	0	2	1	0	3	3	0	5	0	1	0
ASV3473	1	2	2	3	0	5	1	1	1	2	2	1	2	0	1	1	1	0
ASV3474	1	3	2	2	0	2	1	0	0	0	1	0	2	1	0	2	2	0
ASV3475	5	3	2	2	0	1	1	0	2	2	0	1	0	0	1	0	1	1
ASV3476	0	0	0	0	0	0	0	1	2	0	0	0	1	0	0	0	0	0
ASV3477	1	3	0	1	0	2	0	2	0	0	0	0	1	0	0	0	0	0
ASV3478	0	4	2	2	1	0	0	1	0	0	2	0	1	1	1	2	0	0
ASV3479	2	2	3	2	0	4	1	0	4	6	2	1	2	3	0	0	1	1
ASV348	0	0	0	0	0	0	0	0	0	0	0	0	0	0	1	0	0	0
ASV3480	2	3	3	2	2	2	1	1	1	2	2	1	1	0	0	4	0	2
ASV3481	1	0	1	1	3	0	0	2	1	1	2	0	1	0	1	0	1	0
ASV3482	0	1	0	0	0	0	0	0	0	0	0	0	0	0	0	0	0	0
ASV3483	2	0	2	4	2	1	1	1	0	3	0	1	1	2	2	1	0	0
ASV3484	2	2	1	2	0	2	1	0	0	0	3	1	0	0	1	0	0	0
ASV3485	22	26	17	40	32	31	29	57	40	23	28	23	30	19	23	13	41	38
ASV3486	0	0	0	0	1	0	0	0	0	0	1	0	0	0	0	0	0	0
ASV3487	3	2	1	0	2	2	2	1	5	1	4	3	2	1	1	0	1	0
ASV3488	0	1	2	2	4	0	0	0	1	0	1	1	0	3	0	0	0	0
ASV3489	1	1	3	0	1	1	0	0	0	2	1	2	0	0	0	0	0	0
ASV349	17	17	20	16	10	18	18	8	4	16	9	11	19	9	2	9	1	2
ASV3490	0	0	0	1	0	0	0	0	0	0	0	0	0	0	1	0	0	0
ASV3491	1	0	9	0	1	1	1	1	1	1	2	0	0	1	0	1	1	0
ASV3492	1	0	0	2	2	1	1	0	0	2	4	3	0	0	1	0	0	0
ASV3493	2	2	1	0	0	0	3	0	1	0	2	4	1	2	2	0	0	0
ASV3494	0	0	0	0	0	0	0	0	0	0	0	0	0	0	0	0	0	0
ASV3495	1	0	0	0	0	1	0	0	2	0	0	1	0	0	0	0	0	0
ASV3496	0	2	6	2	4	2	2	0	2	4	0	0	1	2	1	1	1	0
ASV3497	3	2	2	1	1	1	0	0	1	0	0	0	2	1	1	0	0	0
ASV3498	0	0	0	0	1	0	0	0	0	0	0	0	0	0	0	0	0	1
ASV3499	4	0	2	0	0	1	1	1	0	0	0	0	1	0	0	0	1	0
ASV35	313	242	284	313	269	314	324	260	236	405	272	211	253	192	170	118	61	62
ASV350	45	18	36	39	34	28	24	9	8	18	15	9	12	17	4	2	0	1
ASV3500	0	1	0	2	0	1	0	0	0	0	1	0	0	0	0	0	0	0
ASV3501	0	1	5	2	0	0	1	4	0	2	0	2	0	2	0	1	0	0
ASV3502	3	3	0	2	2	2	0	2	0	2	0	0	0	2	1	1	0	0
ASV3503	0	1	0	1	0	0	1	0	2	1	0	0	0	1	0	0	0	0
ASV3504	1	0	0	2	0	0	0	0	0	1	0	0	1	0	0	0	0	0
ASV3505	0	0	0	1	0	0	0	2	1	0	2	1	0	0	1	0	0	0
ASV3506	1	0	3	0	0	1	0	0	0	1	0	0	0	0	0	0	0	0
ASV3507	0	0	0	1	2	0	0	0	0	0	1	1	0	0	1	0	0	0
ASV3508	4	3	4	3	2	2	0	1	0	0	0	2	0	1	0	0	0	0
ASV3509	0	0	0	0	0	0	0	0	0	0	0	1	0	0	0	0	0	0
ASV351	2	0	2	0	1	0	1	0	0	0	0	0	1	1	0	0	0	0
ASV3510	1	2	1	2	3	0	2	1	1	4	1	0	1	3	1	1	3	2
ASV3511	2	1	5	3	1	3	3	0	0	4	1	2	0	1	0	0	0	0
ASV3512	3	1	3	2	1	2	0	1	1	1	0	0	0	0	1	0	0	0
ASV3513	0	0	0	0	0	0	0	0	0	0	0	0	0	0	0	0	0	0
ASV3514	0	0	1	0	0	0	0	0	0	0	0	0	1	0	0	0	0	0
ASV3515	1	0	0	0	2	1	1	0	0	1	1	0	3	0	6	1	0	0
ASV3516	3	3	1	0	2	4	0	0	0	3	2	1	2	0	2	1	0	0
ASV3517	3	8	8	3	3	2	4	2	1	6	3	4	1	1	4	1	3	0
ASV3518	0	1	0	2	0	1	0	0	0	0	1	0	0	1	0	0	0	0
ASV3519	2	0	1	1	1	2	0	0	1	0	0	0	0	0	0	0	0	0
ASV352	17	11	11	10	6	11	4	3	4	11	3	4	9	6	5	2	2	1
ASV3520	0	0	0	0	1	3	1	1	0	1	1	1	0	0	0	0	0	0
ASV3521	1	7	2	2	7	1	3	5	3	2	0	3	3	0	5	1	1	0
ASV3522	1	1	0	4	1	3	0	0	0	0	0	0	1	1	2	0	0	0
ASV3523	1	0	0	0	0	0	0	0	2	0	1	0	1	0	0	0	0	0
ASV3524	2	0	0	0	2	0	0	1	2	1	0	1	0	0	1	1	0	0
ASV3525	1	1	3	1	0	2	0	0	0	1	1	1	0	0	0	1	1	0
ASV3526	5	3	4	1	2	2	2	2	1	1	0	5	3	4	0	0	0	0
ASV3527	1	0	1	3	0	0	0	1	0	0	1	0	0	0	1	0	0	0
ASV3528	0	1	2	4	2	1	0	1	0	0	0	3	1	0	1	1	0	0
ASV3529	0	3	5	4	1	4	4	3	3	2	4	4	4	4	3	1	2	0
ASV353	19	17	22	27	20	24	22	14	22	11	32	18	14	15	13	24	21	26
ASV3530	0	0	0	0	0	1	0	0	1	1	0	1	1	0	0	0	0	0
ASV3531	1	1	1	3	2	4	1	1	1	4	1	0	3	2	0	1	0	1
ASV3532	2	0	4	0	1	2	0	3	0	0	0	1	0	2	0	0	0	1
ASV3533	0	0	0	0	0	0	0	0	2	0	0	0	0	0	0	0	0	0
ASV3534	0	1	2	1	1	0	1	2	0	1	1	0	0	1	1	0	0	1
ASV3535	1	1	2	0	2	1	2	0	1	0	1	0	1	0	2	0	2	0
ASV3536	0	2	4	2	1	1	2	1	1	2	0	0	0	2	0	0	0	0
ASV3537	0	1	0	0	2	1	1	1	0	0	0	2	1	1	1	0	0	0
ASV3538	0	0	0	0	1	0	0	0	0	0	0	0	0	0	0	0	0	0
ASV3539	6	1	2	2	1	6	2	1	1	1	1	1	1	1	0	0	1	0
ASV354	0	1	2	0	0	1	1	1	0	0	0	1	0	1	0	1	1	1
ASV3540	1	0	1	1	0	3	1	1	0	0	0	1	0	1	0	0	0	0
ASV3541	1	1	1	3	2	2	1	3	1	1	0	2	0	2	1	1	1	2
ASV3542	2	3	1	0	2	0	1	0	0	0	0	0	0	0	0	0	0	0
ASV3544	0	0	0	0	0	2	0	0	0	0	0	0	0	0	0	0	0	0
ASV3545	2	0	0	0	0	1	0	0	0	1	0	0	0	1	1	0	0	0
ASV3546	3	0	2	1	1	2	0	0	0	1	2	4	3	2	0	4	0	0
ASV3547	6	2	2	2	2	2	0	2	2	2	3	1	2	1	0	0	0	0
ASV3548	2	0	0	0	1	2	0	1	0	0	0	0	2	0	0	0	0	0
ASV3549	0	0	0	0	1	0	1	0	0	0	0	0	0	0	0	1	1	0
ASV355	1	0	1	3	2	3	0	0	1	1	0	3	1	2	1	0	0	0
ASV3550	1	0	0	0	0	0	0	0	0	0	0	0	0	0	0	1	0	0
ASV3551	0	1	1	1	3	2	2	0	0	2	1	1	3	1	0	0	0	0
ASV3552	1	0	0	0	0	0	0	0	0	0	0	0	0	0	0	0	0	0
ASV3553	0	1	4	1	4	1	1	0	1	2	3	1	2	1	0	0	0	0
ASV3554	4	2	2	3	2	5	4	6	3	3	4	4	6	1	1	0	3	1
ASV3555	1	0	0	1	2	1	1	0	2	0	0	1	0	0	0	0	0	0
ASV3556	0	1	2	2	1	3	2	0	2	2	2	3	1	1	1	1	0	0
ASV3557	1	0	0	1	0	1	0	0	1	2	0	2	1	2	2	2	0	2
ASV3559	1	1	2	1	0	1	2	2	0	1	0	0	1	1	3	0	0	0
ASV356	16	24	28	32	33	28	28	22	38	25	35	28	27	22	20	32	48	38
ASV3560	3	0	0	0	1	6	0	0	0	0	0	1	2	0	0	0	0	0
ASV3561	1	1	2	1	2	1	0	0	2	2	2	1	2	0	2	0	0	0
ASV3562	0	0	0	0	1	0	0	0	0	0	0	0	0	0	0	2	0	0
ASV3563	3	0	0	0	0	1	4	1	0	0	0	1	0	0	0	4	0	0
ASV3564	4	0	4	1	2	0	1	1	0	1	0	3	1	1	5	0	0	0
ASV3566	0	2	4	0	1	0	0	1	0	2	1	0	0	0	0	1	0	0
ASV3567	1	1	1	3	2	2	3	3	2	1	2	1	1	0	1	0	0	1
ASV3568	0	0	2	2	1	0	0	0	0	1	2	0	0	0	0	0	0	0
ASV3570	4	1	3	1	1	3	1	2	1	3	2	2	4	3	1	3	2	9
ASV3571	3	0	0	0	0	0	0	0	1	1	1	0	0	0	0	0	0	0
ASV3572	2	2	1	0	0	1	1	1	0	0	0	0	0	0	0	0	0	0
ASV3573	3	2	6	11	3	1	1	3	0	2	0	0	4	1	3	0	1	0
ASV3574	0	0	0	0	0	0	0	0	0	0	0	0	0	1	0	0	0	0
ASV3575	0	0	0	0	0	0	0	0	0	0	0	1	0	0	0	0	0	0
ASV3576	6	6	5	7	12	11	9	7	7	7	12	13	15	6	5	8	4	10
ASV3577	2	1	0	0	3	1	1	1	0	0	3	1	1	0	2	0	0	0
ASV3578	2	2	1	0	1	0	1	0	0	2	1	2	0	1	0	1	1	0
ASV3579	3	1	0	3	0	0	2	1	3	1	0	0	2	0	2	1	0	0
ASV358	21	12	14	12	2	13	9	8	14	13	10	11	16	24	10	10	42	39
ASV3580	2	0	3	1	2	1	2	2	0	2	0	1	2	3	1	0	0	0
ASV3581	0	0	0	0	0	1	0	0	0	1	1	0	2	0	2	0	1	0
ASV3582	1	2	0	2	1	0	2	0	0	0	1	0	0	0	0	0	0	0
ASV3583	1	0	1	0	0	0	0	1	0	2	3	0	1	1	2	3	3	2
ASV3584	0	0	2	0	1	1	3	2	0	0	0	2	1	0	0	1	0	0
ASV3585	0	0	0	1	0	0	1	0	0	1	1	0	0	0	0	0	0	0
ASV3586	1	2	2	1	5	3	0	1	0	1	3	4	3	1	1	5	1	0
ASV3587	1	1	2	0	1	1	0	2	0	0	3	2	2	0	1	0	0	1
ASV3588	5	3	3	5	2	2	1	3	0	2	0	3	0	0	1	0	0	0
ASV3589	0	0	2	1	1	0	2	0	0	0	0	0	0	0	1	0	0	0
ASV359	32	16	22	14	20	23	35	31	21	32	21	25	19	34	35	12	16	11
ASV3591	0	0	0	0	0	0	0	0	0	0	0	0	3	0	0	0	0	0
ASV3592	4	0	0	1	2	1	2	1	2	2	1	1	3	1	0	0	1	0
ASV3593	2	0	3	0	0	0	1	2	0	0	1	1	1	0	1	1	0	0
ASV3594	2	7	2	2	1	2	2	5	2	1	2	0	0	0	0	0	0	0
ASV3595	0	1	0	0	1	0	1	0	1	0	0	0	0	0	0	4	0	0
ASV3596	0	0	0	0	2	0	2	0	0	0	0	0	0	0	0	1	1	0
ASV3597	0	2	1	1	6	2	2	1	3	5	3	3	4	1	1	0	0	0
ASV3598	4	3	1	2	3	4	1	1	0	0	4	0	2	1	0	0	1	0
ASV3599	2	4	1	1	0	2	0	0	4	1	1	1	1	2	2	0	0	1
ASV36	7	3	11	6	23	14	20	36	40	11	36	37	38	58	72	156	86	97
ASV360	12	14	19	9	14	9	7	5	11	6	8	3	9	3	6	9	2	2
ASV3600	0	0	0	0	0	0	1	1	0	0	0	0	0	0	0	0	0	0
ASV3601	0	0	1	2	0	3	0	0	1	0	0	0	2	0	1	3	0	0
ASV3602	5	2	3	0	1	0	1	0	0	0	0	1	2	1	2	2	0	1
ASV3603	0	0	1	2	6	1	0	0	1	2	0	0	2	1	0	0	1	0
ASV3604	1	0	0	2	0	0	0	0	0	1	0	0	0	1	0	0	0	0
ASV3605	1	1	1	3	0	2	0	0	0	0	1	1	1	0	0	0	0	0
ASV3606	0	2	4	2	0	1	5	2	1	1	0	2	1	1	1	0	0	1
ASV3607	2	1	2	0	0	1	0	1	0	1	0	0	3	4	1	4	1	1
ASV3608	0	1	1	1	0	0	1	0	1	1	0	0	1	0	0	3	1	1
ASV3609	6	1	1	0	0	0	0	0	1	0	1	0	0	1	0	0	0	0
ASV361	3	2	5	4	1	6	4	0	1	2	4	3	0	1	0	4	0	0
ASV3610	0	0	0	0	0	0	0	0	0	0	0	0	0	0	0	0	0	0
ASV3611	4	3	0	0	4	2	2	0	0	0	0	0	1	1	0	0	1	0
ASV3612	1	1	3	3	1	2	2	1	1	2	1	0	0	1	1	0	0	0
ASV3613	0	0	0	0	0	0	0	0	0	0	0	0	0	0	0	0	0	0
ASV3614	2	0	2	0	0	2	1	0	0	0	0	0	2	0	0	0	0	0
ASV3615	1	2	1	1	0	1	1	0	1	0	2	0	0	2	0	0	0	0
ASV3616	1	0	0	1	3	2	0	0	1	2	0	0	0	0	0	0	0	0
ASV3617	3	0	0	4	1	1	1	0	2	1	1	0	0	1	0	0	0	3
ASV3618	1	1	2	1	0	2	0	0	1	3	2	1	1	2	2	2	0	1
ASV3619	2	0	0	0	0	0	2	0	1	1	0	2	1	1	0	4	1	0
ASV362	21	18	14	18	8	15	22	16	22	33	20	22	25	42	34	27	8	11
ASV3620	0	0	0	0	0	0	0	0	0	0	0	1	0	0	0	0	0	0
ASV3621	3	1	2	4	0	3	0	0	0	0	0	1	3	1	0	0	0	0
ASV3622	1	0	0	1	0	1	0	1	0	1	2	1	0	0	0	0	0	1
ASV3623	4	4	0	3	2	1	1	1	0	2	1	0	0	1	2	0	0	0
ASV3624	0	0	0	1	0	0	0	0	0	2	1	0	0	0	2	3	1	1
ASV3625	0	0	0	2	3	0	1	0	0	0	0	0	1	0	1	3	0	1
ASV3626	5	3	6	3	3	5	3	0	2	1	0	1	3	5	2	1	0	0
ASV3627	0	0	0	0	0	0	0	0	0	0	0	0	1	0	0	0	0	0
ASV3628	1	3	1	1	0	0	2	1	0	3	0	0	1	0	1	2	1	0
ASV3629	0	0	0	0	0	0	1	0	0	0	1	0	0	0	0	0	0	0
ASV363	13	12	5	12	10	13	8	21	26	18	28	47	38	45	48	52	31	38
ASV3630	0	1	1	0	2	0	0	0	0	0	0	1	0	1	0	0	0	0
ASV3631	2	5	8	3	6	6	3	4	10	6	7	6	2	3	3	5	3	4
ASV3632	2	0	1	1	0	1	0	1	0	1	1	1	3	0	2	0	0	0
ASV3633	0	0	0	0	1	0	0	0	0	0	0	0	1	0	0	0	0	0
ASV3634	3	0	5	0	1	1	1	0	2	2	0	2	0	0	2	0	0	1
ASV3635	1	0	0	0	0	0	0	0	0	1	0	0	0	0	0	0	0	0
ASV3636	2	0	1	0	1	0	0	0	0	0	1	0	0	1	1	0	1	0
ASV3637	1	0	4	0	0	2	0	0	0	0	0	0	1	0	0	0	0	0
ASV3638	0	1	1	0	0	2	1	0	1	0	0	0	1	1	0	1	0	0
ASV3639	0	0	0	1	0	0	0	0	1	1	0	1	0	1	0	0	1	0
ASV364	26	10	15	10	12	9	11	2	7	11	6	9	10	3	6	0	0	0
ASV3640	0	0	0	0	0	0	0	1	0	0	0	0	0	0	1	0	0	0
ASV3641	1	1	0	0	2	0	0	1	0	1	0	0	1	1	2	0	0	0
ASV3643	0	1	0	0	3	0	5	16	11	6	7	20	26	21	28	23	16	13
ASV3644	1	4	1	1	2	3	2	2	1	1	0	3	4	1	3	0	3	0
ASV3645	1	0	1	0	3	3	3	1	0	2	1	0	1	0	1	0	0	0
ASV3646	0	0	0	1	0	0	0	0	0	0	0	0	0	0	0	0	0	0
ASV3647	2	3	1	0	1	1	1	1	3	3	0	1	1	4	0	2	0	0
ASV3648	3	1	2	2	3	3	5	1	0	0	3	4	3	3	3	0	1	1
ASV3649	0	0	0	0	0	0	0	0	0	0	0	0	0	0	0	0	0	0
ASV365	1	3	2	0	4	5	2	3	3	3	4	5	2	2	4	5	1	0
ASV3650	4	0	1	2	2	0	2	2	3	1	0	0	1	0	0	0	0	0
ASV3651	0	2	2	1	0	1	1	1	1	0	0	1	1	0	0	0	0	0
ASV3652	0	3	2	3	4	0	2	0	1	3	2	2	0	1	0	2	0	0
ASV3653	0	3	3	1	0	1	0	1	1	0	1	2	0	0	0	0	0	0
ASV3654	3	2	3	2	0	0	0	1	0	1	2	0	1	1	0	0	0	1
ASV3655	6	4	2	4	1	2	3	1	2	2	0	0	0	0	1	0	0	0
ASV3656	1	3	1	1	0	1	2	0	1	0	1	1	0	0	0	0	0	0
ASV3657	2	0	1	1	0	0	1	1	0	1	1	0	0	3	2	2	0	0
ASV3658	4	1	2	0	0	1	1	0	3	0	0	5	0	1	0	0	0	1
ASV3659	0	2	0	0	0	0	0	0	0	0	1	0	0	0	0	0	0	0
ASV366	12	9	18	16	19	15	18	22	17	12	18	16	25	9	10	18	17	14
ASV3660	0	1	3	0	0	1	2	0	0	0	0	1	0	0	0	0	0	0
ASV3661	0	0	0	0	1	0	0	0	0	0	0	0	0	0	0	0	0	0
ASV3662	0	0	0	0	0	0	0	0	0	0	0	0	0	0	0	0	0	0
ASV3663	1	1	0	0	0	1	0	1	0	1	1	0	0	0	0	0	0	0
ASV3664	0	0	0	0	0	0	0	0	0	0	0	0	1	0	0	0	0	0
ASV3665	0	0	0	0	0	0	0	0	0	0	0	0	1	0	0	0	0	0
ASV3666	0	0	2	0	0	1	1	0	0	0	0	3	1	0	1	0	0	0
ASV3667	1	0	0	1	1	2	1	0	1	1	0	0	0	0	2	1	4	9
ASV3668	1	0	0	0	0	0	0	0	0	0	0	0	0	0	0	0	0	0
ASV3669	1	3	1	1	0	0	0	0	0	0	1	0	1	0	2	0	0	0
ASV3670	3	0	1	1	1	0	0	0	1	0	1	0	0	0	2	0	0	0
ASV3671	1	1	0	1	1	1	0	1	1	0	0	0	0	1	2	4	2	1
ASV3672	0	2	2	3	0	0	0	1	1	0	2	0	0	0	0	0	0	1
ASV3673	1	1	0	1	1	2	2	1	0	2	1	1	0	1	1	1	0	2
ASV3674	1	3	1	1	2	2	1	4	1	2	0	1	0	1	0	0	0	0
ASV3675	5	1	2	1	1	2	0	0	1	1	0	2	0	1	0	0	0	3
ASV3676	1	1	4	4	1	6	0	3	2	2	2	4	0	0	4	0	0	0
ASV3677	1	2	1	2	4	4	4	1	1	0	2	2	3	0	2	4	1	0
ASV3678	1	0	0	0	0	1	0	0	0	0	0	0	0	0	0	0	0	0
ASV3679	0	0	0	0	0	0	0	0	0	0	0	0	0	0	0	0	0	0
ASV368	3	7	12	3	8	9	5	9	4	6	6	9	11	2	12	8	8	11
ASV3680	6	5	13	7	5	2	6	4	1	1	3	2	3	0	1	0	2	1
ASV3681	1	1	0	0	0	1	1	1	0	2	6	1	1	1	0	1	0	1
ASV3682	2	3	2	2	2	3	1	2	1	2	4	1	0	0	0	0	0	0
ASV3683	1	2	1	1	0	0	0	0	1	0	1	1	1	1	1	3	2	2
ASV3684	4	1	0	3	1	3	5	3	0	1	2	1	4	1	0	0	0	1
ASV3685	0	1	0	1	0	1	1	3	0	3	0	0	2	1	3	4	2	8
ASV3686	1	0	1	0	1	0	0	0	0	0	0	1	0	0	0	0	0	0
ASV3687	0	1	1	1	1	0	2	0	3	2	2	0	2	1	3	1	1	0
ASV3689	2	1	4	1	2	1	2	2	0	2	4	0	0	1	1	1	0	0
ASV369	37	21	25	21	16	11	15	6	19	25	14	20	11	10	14	2	4	1
ASV3690	0	0	0	0	0	0	0	0	0	0	0	0	0	0	0	0	0	0
ASV3691	0	0	0	1	0	0	0	0	0	0	0	0	1	0	0	0	0	0
ASV3692	0	2	2	1	0	3	2	0	2	2	2	2	0	0	0	0	1	0
ASV3693	3	7	2	4	1	3	4	2	2	4	3	3	5	1	0	1	0	0
ASV3694	0	4	1	0	0	1	1	0	0	0	0	0	0	0	1	0	0	1
ASV3695	3	4	1	1	3	3	0	1	0	1	0	1	0	1	0	0	0	0
ASV3696	0	0	0	0	0	0	0	0	0	1	0	0	0	2	0	0	0	0
ASV3698	1	2	3	1	1	2	2	1	2	2	2	3	0	0	0	1	1	0
ASV3699	2	0	1	0	0	1	0	0	2	2	0	0	0	0	0	0	0	0
ASV37	84	87	63	74	109	107	89	133	193	198	211	233	262	376	314	414	211	210
ASV370	13	16	18	6	18	17	22	20	21	12	17	18	20	12	10	13	16	13
ASV3700	0	0	0	0	0	0	0	0	0	0	0	0	0	0	0	0	0	0
ASV3701	2	1	1	0	1	4	1	0	0	1	2	0	1	0	0	1	0	0
ASV3702	3	11	6	5	5	3	4	2	4	3	3	7	0	3	2	1	0	1
ASV3703	1	3	1	2	1	0	0	0	0	1	0	0	0	1	0	0	0	1
ASV3704	1	1	1	0	2	2	0	0	0	0	0	0	1	1	2	0	0	0
ASV3705	0	0	0	0	0	1	0	0	1	0	2	0	0	0	0	0	0	0
ASV3706	6	3	2	2	1	2	4	0	0	1	2	2	0	0	0	0	0	0
ASV3707	3	1	1	1	4	1	4	3	1	0	0	0	2	2	0	2	3	1
ASV3708	0	0	0	1	0	1	0	1	0	0	1	0	0	0	1	0	0	0
ASV3709	1	0	1	2	0	6	3	0	5	2	2	3	2	2	3	0	0	1
ASV371	7	4	14	9	8	8	7	5	3	7	9	4	5	1	3	0	0	0
ASV3710	1	0	0	0	1	0	0	0	0	0	0	0	0	0	0	0	0	0
ASV3711	0	1	2	1	2	0	1	0	1	2	0	1	3	2	0	0	5	2
ASV3712	2	1	2	2	1	4	2	1	1	0	1	0	3	5	2	0	0	1
ASV3713	2	1	3	2	1	4	2	2	1	2	1	1	2	2	0	1	2	4
ASV3714	0	2	2	0	1	2	2	0	1	1	1	1	2	0	1	2	0	0
ASV3715	2	2	2	1	2	0	1	1	2	0	0	0	3	1	0	0	0	0
ASV3716	0	0	1	0	0	0	0	0	0	0	0	0	0	0	0	0	0	0
ASV3717	1	3	0	1	0	1	1	0	0	2	0	0	1	0	0	1	0	0
ASV3718	2	1	3	0	1	1	2	1	3	0	0	1	1	1	1	2	2	0
ASV3719	0	3	0	0	0	1	0	1	0	0	1	0	0	2	0	0	0	0
ASV372	8	4	6	4	7	6	4	1	2	2	1	1	3	3	4	3	2	0
ASV3720	0	0	0	0	0	0	0	0	0	0	0	0	0	0	0	0	0	0
ASV3721	1	0	1	1	0	1	0	1	1	0	0	0	1	1	0	0	0	0
ASV3722	4	1	1	1	1	4	1	2	0	1	3	1	2	1	0	2	0	0
ASV3723	0	0	0	1	1	1	0	0	0	1	0	1	0	0	0	2	0	0
ASV3724	1	0	0	3	1	0	1	1	0	1	4	0	0	1	0	1	0	0
ASV3725	3	0	1	2	0	1	2	0	2	0	0	1	0	0	1	0	0	0
ASV3726	1	3	2	1	1	2	3	1	3	4	1	1	0	1	0	1	0	0
ASV3727	0	1	0	2	1	0	2	0	1	1	0	0	0	0	0	0	0	0
ASV3728	0	1	0	0	0	0	3	3	1	0	0	0	0	1	0	0	0	0
ASV3729	2	2	1	2	0	1	2	1	2	0	0	0	2	0	1	0	0	0
ASV373	5	5	6	5	2	5	2	6	4	11	7	4	7	7	8	7	1	4
ASV3730	1	1	1	0	2	0	0	0	0	1	0	0	1	2	0	0	0	0
ASV3731	1	1	3	1	2	2	2	0	0	2	0	0	1	2	0	1	2	1
ASV3732	17	34	19	21	19	18	21	31	20	22	14	14	11	15	15	16	10	8
ASV3733	3	1	0	1	1	1	1	1	0	1	0	0	1	0	0	1	0	0
ASV3734	0	1	1	0	1	0	0	0	0	0	0	1	0	1	0	1	0	0
ASV3735	0	0	1	0	0	0	0	1	0	0	1	0	0	0	0	0	0	0
ASV3737	0	4	2	0	1	0	2	3	1	2	2	0	0	0	0	1	0	1
ASV3738	0	0	2	2	2	2	0	0	0	1	0	0	0	0	0	0	0	0
ASV3739	4	5	1	2	0	3	0	2	1	0	3	4	0	0	5	1	0	0
ASV374	8	5	5	7	3	11	7	8	6	13	9	14	6	11	28	44	32	12
ASV3740	1	4	0	0	0	0	2	0	0	1	2	1	0	4	0	0	2	1
ASV3741	0	0	0	0	2	0	1	1	0	1	1	1	2	0	0	1	0	0
ASV3742	1	0	2	1	0	0	1	0	1	0	1	0	0	0	0	0	0	0
ASV3743	2	0	0	2	2	1	1	2	0	0	1	1	1	2	1	0	0	0
ASV3744	5	4	1	2	3	2	2	2	3	2	1	1	3	4	0	1	0	0
ASV3745	0	0	1	0	0	0	0	2	2	2	0	2	0	0	2	3	0	0
ASV3746	3	0	2	0	1	0	0	1	0	2	1	0	1	0	1	0	0	0
ASV3747	4	1	3	2	1	0	0	0	0	2	2	0	1	0	0	0	0	0
ASV3748	1	0	1	0	3	0	0	0	0	1	0	0	0	0	0	0	0	0
ASV3749	1	0	1	1	0	3	0	0	2	0	1	3	0	1	0	1	1	2
ASV375	14	21	41	22	13	12	7	17	21	22	22	18	14	19	19	10	17	13
ASV3750	4	6	3	0	0	5	1	2	0	4	1	0	3	0	0	0	1	0
ASV3751	0	1	1	0	0	0	0	0	0	0	0	0	0	0	0	0	0	0
ASV3752	15	5	8	8	1	4	6	2	3	5	4	4	1	1	1	1	2	1
ASV3753	3	1	5	2	1	1	1	0	0	1	0	1	3	1	0	1	0	1
ASV3754	4	1	4	5	12	17	18	16	14	7	16	7	11	11	4	7	6	6
ASV3755	1	0	0	0	2	1	0	1	0	2	2	0	1	0	0	1	0	0
ASV3756	3	1	2	4	2	5	1	1	1	0	1	0	0	0	2	0	0	1
ASV3757	1	0	3	4	2	2	0	2	1	1	2	0	0	3	0	0	0	0
ASV3758	0	0	0	1	0	0	2	0	0	2	1	0	0	1	0	0	1	0
ASV3759	1	1	0	0	0	2	3	0	0	2	1	0	1	1	0	1	0	0
ASV376	0	1	1	2	2	1	0	4	0	1	2	0	1	0	1	2	0	0
ASV3760	13	11	10	14	8	16	15	12	12	5	12	17	19	9	14	14	9	15
ASV3761	0	1	1	0	0	1	0	0	0	1	2	1	1	2	1	3	0	1
ASV3762	0	0	1	0	0	0	0	0	0	1	0	0	0	1	0	0	0	0
ASV3763	2	2	0	1	5	2	2	0	1	2	2	1	2	1	0	1	0	0
ASV3764	1	0	0	0	0	1	0	0	0	0	0	0	0	0	0	0	0	0
ASV3765	2	1	2	0	1	0	1	0	2	2	1	0	0	1	0	0	0	0
ASV3766	0	2	3	1	4	4	2	0	2	1	1	1	0	0	1	0	0	0
ASV3767	0	1	1	0	0	1	0	0	0	0	0	0	0	0	0	0	0	0
ASV3768	8	2	3	7	2	6	4	2	5	7	3	1	4	2	2	4	1	1
ASV3769	0	0	0	2	0	0	0	0	0	3	0	1	1	0	1	0	0	0
ASV377	17	18	12	12	24	31	23	19	17	26	27	17	19	34	13	22	14	22
ASV3770	0	0	0	0	0	0	0	0	0	0	0	0	0	0	0	0	0	0
ASV3772	0	1	0	3	1	1	1	0	1	0	0	0	2	2	0	0	0	1
ASV3773	2	0	1	2	1	1	0	1	0	1	0	0	3	3	0	0	1	0
ASV3774	0	1	1	1	0	0	1	0	2	0	0	0	2	0	0	0	0	1
ASV3775	0	0	0	0	1	0	0	0	0	0	0	0	0	0	0	0	0	0
ASV3776	2	0	1	0	1	0	0	0	0	0	1	0	0	0	0	0	0	1
ASV3777	3	0	1	0	1	0	2	1	0	0	0	0	0	0	0	0	0	0
ASV3778	0	0	0	0	0	0	0	0	1	2	0	0	0	0	0	0	0	0
ASV3779	3	1	0	0	1	1	0	0	0	0	1	0	0	1	1	0	1	1
ASV378	1	3	5	0	5	3	2	3	0	0	0	2	4	3	0	7	7	4
ASV3780	0	0	0	2	0	3	2	0	0	0	1	1	0	0	0	0	0	0
ASV3781	2	0	3	1	0	1	1	0	3	3	3	0	2	2	1	0	0	0
ASV3782	4	1	1	1	2	2	0	1	1	6	0	0	0	0	0	0	0	0
ASV3783	0	3	1	0	2	0	0	2	1	0	0	0	1	0	0	0	0	1
ASV3784	1	1	1	2	0	0	0	1	0	0	1	3	2	0	1	0	2	3
ASV3785	0	0	0	2	1	1	0	0	0	2	1	0	0	2	0	0	1	1
ASV3786	2	1	3	1	1	1	1	1	0	1	2	0	2	1	0	0	0	1
ASV3787	5	4	1	1	2	2	1	2	1	1	0	1	0	5	0	0	1	1
ASV3788	0	3	1	0	0	2	2	4	1	2	0	1	0	0	4	2	1	1
ASV3789	0	1	0	0	0	0	0	0	0	0	0	0	0	1	0	0	1	0
ASV379	5	4	5	4	8	9	7	4	5	5	7	2	2	8	6	4	7	12
ASV3790	3	1	3	2	0	1	2	1	2	4	3	2	0	0	2	2	0	0
ASV3791	3	6	2	1	6	4	1	2	1	1	0	2	2	0	1	1	0	0
ASV3792	1	0	0	4	0	0	0	0	0	0	1	0	0	0	0	0	0	0
ASV3794	2	4	2	0	1	1	2	1	3	2	0	1	5	1	0	0	0	0
ASV3795	0	0	1	0	1	1	0	0	0	2	0	0	0	0	0	0	0	0
ASV3796	3	0	0	0	1	1	0	0	1	0	1	0	0	1	0	0	0	1
ASV3797	1	0	3	2	0	1	0	0	0	0	0	1	0	0	1	0	0	0
ASV3798	4	1	2	0	0	1	0	0	1	3	1	0	0	0	1	0	0	1
ASV3799	1	0	0	0	2	0	0	0	0	1	3	0	0	0	1	2	0	0
ASV38	121	101	112	161	139	111	122	107	109	169	157	152	175	298	283	204	529	659
ASV380	16	17	21	23	16	13	26	14	16	30	26	21	17	35	32	21	10	7
ASV3800	2	3	4	6	3	5	2	2	2	1	3	0	1	1	1	0	0	1
ASV3801	0	0	1	1	1	0	0	1	0	2	0	0	0	0	0	1	2	1
ASV3802	0	0	1	0	2	0	0	0	2	1	0	0	0	0	0	0	0	0
ASV3803	0	0	0	1	2	3	0	1	0	0	0	0	1	1	0	0	0	0
ASV3804	1	1	3	0	1	0	0	1	2	1	0	1	0	2	0	0	0	1
ASV3805	0	0	0	0	0	1	0	0	0	1	0	2	0	0	1	2	6	0
ASV3806	4	3	3	5	2	4	8	7	5	7	0	4	1	2	0	2	0	7
ASV3807	2	0	0	1	0	1	2	1	0	1	0	1	1	0	0	0	0	0
ASV3808	0	0	0	0	0	0	0	0	0	0	0	0	1	1	0	0	0	0
ASV3809	0	0	0	0	0	0	0	0	0	0	0	0	0	0	0	0	0	0
ASV381	0	0	0	0	0	0	0	0	0	0	0	0	0	0	0	0	0	0
ASV3810	1	0	0	0	1	1	0	0	0	0	0	1	2	0	0	1	0	0
ASV3811	0	1	0	0	0	0	0	1	2	0	1	0	0	2	1	5	0	2
ASV3812	0	1	1	1	1	0	1	0	0	1	1	0	0	0	0	0	0	0
ASV3813	5	0	2	2	0	1	1	1	2	2	2	1	0	1	1	1	1	2
ASV3814	0	0	0	0	1	0	0	0	0	0	0	0	0	0	0	0	0	0
ASV3815	2	1	0	1	1	1	1	1	0	0	0	1	4	0	2	3	2	1
ASV3816	0	1	0	0	0	0	1	0	0	0	0	0	0	0	0	0	0	0
ASV3817	3	1	2	0	0	0	0	1	0	0	1	0	1	1	0	0	0	0
ASV3818	0	1	2	0	0	1	1	0	1	2	0	1	2	1	0	1	0	1
ASV3819	0	0	0	0	0	0	0	0	0	0	1	0	0	0	0	0	0	0
ASV382	22	15	43	21	22	26	13	22	9	14	23	19	16	11	21	18	13	13
ASV3820	2	1	1	0	0	0	0	0	0	0	0	0	1	0	0	0	0	0
ASV3821	4	2	3	1	0	2	1	0	2	2	0	3	0	2	0	0	0	0
ASV3822	5	3	8	7	0	7	6	1	4	3	1	3	4	1	0	3	0	0
ASV3823	2	3	0	1	1	0	0	0	0	3	1	0	1	0	0	0	0	2
ASV3824	16	42	31	31	27	17	28	42	42	24	35	36	31	23	32	17	46	62
ASV3825	0	0	0	0	0	1	0	0	0	0	0	0	0	0	0	0	0	0
ASV3826	1	3	2	2	0	1	1	0	0	1	1	0	1	0	0	0	0	0
ASV3827	0	0	0	0	2	0	0	1	0	0	0	1	0	0	0	0	0	0
ASV3828	0	0	0	0	1	2	0	0	0	1	0	0	0	1	0	0	0	0
ASV3829	2	0	4	4	3	2	1	3	1	1	1	2	0	2	0	1	1	0
ASV383	5	5	4	3	6	6	3	6	3	2	4	0	2	0	0	1	1	1
ASV3830	0	1	0	2	1	1	3	0	2	2	2	0	1	0	2	2	0	0
ASV3831	0	0	2	0	0	1	2	0	0	0	2	0	0	0	0	0	1	0
ASV3832	1	1	1	1	1	0	1	0	0	0	0	0	0	0	1	0	0	0
ASV3833	0	0	0	0	0	0	0	0	0	0	0	0	0	0	0	0	0	0
ASV3835	4	1	0	0	2	0	1	0	0	1	1	1	0	0	0	0	0	0
ASV3836	3	3	0	0	1	0	1	2	1	2	1	0	2	1	0	0	0	0
ASV3837	0	1	0	1	1	2	0	0	0	0	0	2	1	0	0	0	0	0
ASV3838	2	1	0	1	1	1	0	0	2	0	0	0	0	4	0	0	1	0
ASV3839	0	0	0	0	0	0	0	0	0	0	0	0	0	0	0	0	0	0
ASV384	18	18	29	20	11	17	21	13	14	28	12	17	17	14	18	14	7	6
ASV3840	1	2	0	4	1	3	1	0	1	1	2	1	1	1	0	1	0	0
ASV3841	0	0	0	0	0	0	0	0	0	0	0	0	0	0	0	0	0	0
ASV3842	0	0	4	1	2	3	2	0	0	1	3	0	3	1	0	2	1	0
ASV3843	0	0	0	1	0	0	1	0	0	1	0	1	0	1	0	0	0	2
ASV3844	1	0	1	0	0	0	1	1	0	1	2	0	1	0	0	0	0	0
ASV3845	2	0	3	2	0	0	5	0	1	3	2	3	1	0	2	1	1	0
ASV3846	0	0	0	0	0	0	1	0	0	0	0	0	0	0	0	0	0	0
ASV3847	3	1	0	0	0	0	0	1	0	1	0	0	5	0	0	2	0	0
ASV3848	0	4	1	1	1	2	0	0	0	2	1	0	2	1	1	0	0	0
ASV3849	2	2	1	0	1	1	0	2	1	0	0	2	0	0	1	0	0	0
ASV385	3	2	4	0	2	2	2	2	0	2	2	2	2	4	2	0	3	2
ASV3850	0	0	0	0	0	0	0	0	0	0	0	0	0	0	0	0	0	0
ASV3851	2	3	4	0	1	1	4	1	5	2	0	2	0	2	0	0	0	0
ASV3852	0	0	1	0	0	0	0	0	0	0	1	1	0	0	0	0	0	1
ASV3853	0	0	1	1	1	1	0	0	0	1	1	1	0	0	0	0	0	0
ASV3854	0	1	0	0	1	0	0	0	0	0	0	0	0	0	0	0	0	0
ASV3855	2	0	0	0	2	0	0	0	0	0	2	0	0	2	0	0	0	0
ASV3856	0	0	1	0	0	0	1	0	1	0	0	1	0	0	0	0	0	2
ASV3857	3	1	1	2	1	0	1	2	0	0	1	0	0	1	0	0	0	0
ASV3858	3	3	2	0	3	0	1	0	0	0	0	1	4	0	0	5	5	1
ASV3859	3	1	0	0	0	1	3	1	2	1	0	1	1	3	0	0	0	0
ASV386	21	14	14	13	9	13	21	14	8	16	9	11	13	7	15	11	10	10
ASV3860	2	0	1	0	2	1	1	1	0	2	1	1	1	0	5	1	2	0
ASV3861	5	3	3	2	6	4	6	4	0	4	3	6	1	3	1	1	0	0
ASV3862	0	0	0	0	0	0	0	0	0	0	0	0	0	0	0	0	0	0
ASV3863	4	10	4	6	3	7	2	6	3	0	3	1	1	1	2	2	2	1
ASV3864	0	0	1	1	0	1	0	0	0	0	0	0	0	0	0	0	0	0
ASV3865	0	0	2	1	1	0	1	0	0	0	0	1	0	0	4	0	0	0
ASV3866	1	7	1	1	0	0	0	1	0	0	0	1	0	0	0	1	0	0
ASV3867	0	0	0	0	0	1	0	0	0	3	0	0	1	1	0	1	0	0
ASV3868	2	2	2	0	2	0	1	2	2	1	1	2	2	3	1	2	0	0
ASV3869	14	8	11	11	10	11	8	8	14	15	15	14	15	7	14	10	22	13
ASV387	8	7	10	12	5	10	18	8	10	18	10	6	12	10	6	5	10	12
ASV3870	1	0	0	0	0	0	0	0	0	1	0	0	0	0	0	0	0	0
ASV3871	4	4	2	4	2	1	0	2	0	0	1	0	1	0	1	1	0	0
ASV3872	2	1	1	3	1	2	1	0	2	2	2	0	0	0	0	0	0	0
ASV3873	0	0	0	1	0	0	0	0	0	1	0	0	0	0	0	0	0	0
ASV3874	1	2	0	0	2	2	0	1	2	2	1	1	1	3	0	0	1	0
ASV3875	0	0	0	0	0	0	0	1	0	0	0	0	0	0	0	0	0	0
ASV3876	1	1	1	0	0	1	0	0	0	0	0	1	0	0	0	0	0	0
ASV3877	1	0	3	1	1	0	0	1	0	1	2	0	1	0	0	1	0	0
ASV3878	2	4	2	2	2	2	0	0	0	2	0	1	1	1	0	0	0	0
ASV3879	0	0	1	0	0	0	0	0	2	0	1	0	1	0	3	1	0	0
ASV388	35	25	45	10	29	20	12	19	15	18	18	13	23	13	15	10	13	6
ASV3880	0	0	2	0	0	1	0	0	0	0	0	0	0	0	0	0	0	0
ASV3881	3	2	0	0	2	2	1	2	1	0	3	1	1	0	3	4	0	10
ASV3882	1	1	1	1	1	5	1	0	1	1	0	1	2	1	1	0	0	0
ASV3883	7	3	3	5	4	1	1	2	0	3	1	1	1	2	0	1	0	0
ASV3885	2	1	2	2	2	4	3	0	0	0	0	1	2	0	1	0	0	0
ASV3886	3	0	0	0	1	0	0	0	0	0	1	0	0	0	0	0	0	0
ASV3887	4	1	2	4	2	1	3	3	1	1	1	1	2	2	0	0	0	0
ASV3888	0	2	4	0	3	0	2	1	0	1	0	1	0	1	3	1	0	1
ASV3889	5	3	6	6	4	5	4	6	5	2	0	3	11	6	2	2	4	1
ASV389	9	12	7	7	9	11	8	13	6	15	12	8	6	2	10	18	14	7
ASV3890	2	0	1	0	1	0	1	0	1	2	0	1	0	1	1	2	0	0
ASV3891	2	0	2	1	3	0	1	0	1	2	0	1	1	0	0	0	1	0
ASV3892	0	0	0	0	0	1	0	0	1	1	0	0	0	0	0	0	0	0
ASV3893	1	0	0	2	0	1	2	0	0	0	0	0	0	2	1	0	0	0
ASV3894	2	3	0	1	0	1	1	0	0	1	1	0	1	1	1	0	0	0
ASV3895	2	0	0	0	0	0	0	0	0	1	0	0	0	0	0	0	0	0
ASV3896	0	2	0	1	0	0	0	0	0	0	0	1	0	0	0	0	0	0
ASV3897	0	0	0	0	0	0	2	1	0	0	1	0	0	2	0	0	0	0
ASV3898	0	0	1	0	0	0	0	0	0	1	1	0	2	0	0	0	0	0
ASV3899	0	4	3	1	0	1	1	1	0	0	1	1	0	1	0	1	0	0
ASV39	168	166	172	234	252	204	246	251	268	249	234	176	191	172	162	197	153	141
ASV390	12	15	16	12	6	8	4	7	5	4	2	1	8	7	7	8	4	3
ASV3900	14	8	6	10	2	3	6	3	5	4	8	2	6	6	5	4	6	5
ASV3901	1	1	2	1	0	1	1	0	0	3	0	1	0	1	0	0	1	0
ASV3902	1	0	1	2	0	1	0	2	1	0	1	0	1	0	1	0	0	0
ASV3903	0	1	2	0	1	0	1	0	0	2	0	0	0	1	0	0	0	1
ASV3904	1	1	1	0	1	0	0	0	0	0	0	0	1	0	0	0	1	0
ASV3905	1	1	0	0	0	0	1	0	0	0	0	0	0	0	2	0	0	0
ASV3906	3	0	2	0	0	0	0	0	1	3	1	0	1	3	0	0	0	0
ASV3907	1	1	1	1	1	1	3	1	2	1	3	3	0	1	1	1	0	2
ASV3908	1	1	0	0	1	3	0	0	0	1	2	1	0	0	0	0	0	1
ASV3909	1	1	1	1	0	1	1	0	0	4	3	3	0	0	1	0	0	0
ASV391	4	4	2	2	4	0	2	1	2	2	4	2	2	2	1	0	2	0
ASV3910	4	0	1	3	2	2	0	1	5	0	3	0	0	1	1	1	0	1
ASV3911	1	0	2	0	2	2	1	1	1	4	0	0	0	0	0	0	0	0
ASV3912	7	5	2	4	5	0	3	2	3	2	2	3	2	1	3	2	3	0
ASV3913	1	0	2	2	0	2	2	1	0	0	2	0	0	0	0	0	0	0
ASV3914	1	0	1	1	0	0	0	1	0	1	0	0	1	0	0	0	0	0
ASV3915	1	1	0	1	1	1	1	1	1	1	0	0	0	0	0	0	1	0
ASV3916	0	1	4	0	0	0	1	1	0	1	0	0	1	0	0	0	0	0
ASV3917	2	2	1	2	5	1	2	1	0	0	0	1	0	0	2	0	0	0
ASV3918	4	1	2	1	1	1	1	0	2	2	1	1	3	0	1	0	0	0
ASV3919	0	0	0	1	0	1	0	0	0	0	0	3	0	0	0	0	0	0
ASV392	12	15	15	13	20	28	28	21	16	11	13	11	20	15	16	21	19	15
ASV3920	5	1	1	0	0	1	0	0	0	1	2	0	1	0	0	2	1	1
ASV3921	0	0	0	0	1	3	0	1	0	0	1	0	0	1	0	0	0	1
ASV3922	3	2	0	1	1	1	1	0	0	0	0	0	0	0	0	0	0	0
ASV3923	2	0	1	1	0	0	0	1	0	0	1	0	0	0	0	0	0	0
ASV3924	2	2	0	0	1	0	0	0	0	1	0	0	0	1	0	0	0	0
ASV3925	1	1	0	1	1	1	1	1	1	1	0	1	1	0	0	0	0	0
ASV3926	1	1	2	0	1	0	1	3	1	5	3	1	3	4	4	7	2	2
ASV3928	0	3	5	2	2	3	0	6	1	6	0	1	1	1	0	0	0	0
ASV3929	1	0	2	0	1	0	2	0	0	1	0	1	1	1	0	0	0	0
ASV393	9	8	8	5	7	3	6	7	4	7	6	4	7	7	1	13	8	8
ASV3930	2	0	0	1	0	0	0	0	1	2	0	0	0	0	0	0	0	0
ASV3931	1	0	0	0	3	1	1	0	0	0	0	0	0	0	0	1	0	0
ASV3932	1	4	3	0	3	0	3	0	0	2	2	2	3	2	1	1	0	2
ASV3933	1	2	4	2	3	2	0	0	1	0	1	0	1	1	2	1	0	0
ASV3934	2	0	0	0	0	0	1	0	0	0	0	0	0	1	0	0	0	0
ASV3935	1	0	1	0	0	0	3	0	1	2	1	0	1	1	0	0	0	0
ASV3936	0	0	0	0	0	0	0	0	0	0	1	0	0	0	0	0	0	0
ASV3937	0	3	3	0	3	1	2	0	1	0	0	0	0	0	1	0	0	0
ASV3938	7	17	13	29	19	9	14	20	11	25	16	21	18	13	18	8	15	9
ASV3939	0	0	0	0	0	0	0	0	0	0	0	0	0	0	0	0	0	0
ASV394	32	29	19	23	16	14	13	27	22	15	18	15	16	27	19	15	5	7
ASV3940	0	1	0	1	1	9	1	3	0	3	0	1	4	3	0	2	0	0
ASV3941	2	2	1	0	1	1	2	0	0	1	0	0	1	0	1	1	0	0
ASV3942	1	0	0	2	1	1	2	2	0	0	0	0	0	1	0	1	0	0
ASV3943	0	0	0	0	0	1	0	0	0	0	0	0	0	0	0	0	0	1
ASV3944	1	1	0	2	0	0	0	0	1	1	1	3	0	1	0	0	0	1
ASV3945	1	0	0	1	1	5	1	0	0	1	0	0	0	0	0	0	0	0
ASV3946	2	3	0	2	0	1	1	0	1	3	1	0	1	0	1	0	1	0
ASV3947	0	0	1	0	1	0	0	1	1	1	0	0	2	1	0	0	0	0
ASV3948	1	2	3	0	0	1	0	2	2	1	0	2	1	0	2	1	0	0
ASV3949	3	2	0	0	0	1	0	1	1	0	0	0	1	0	1	0	0	0
ASV395	5	4	10	8	3	5	3	0	2	2	5	4	0	5	4	3	0	0
ASV3950	3	2	4	0	1	2	1	1	2	2	4	2	7	0	2	0	0	2
ASV3951	0	0	0	2	4	1	2	2	0	1	0	3	0	0	0	1	0	1
ASV3952	1	1	1	1	1	2	0	1	1	0	1	0	0	1	0	0	1	0
ASV3953	0	1	2	0	0	2	1	0	1	1	0	1	1	2	1	0	0	0
ASV3954	2	1	1	0	1	3	1	1	2	4	0	2	0	3	2	0	0	1
ASV3955	1	1	0	0	0	0	1	0	1	0	0	0	0	0	0	1	0	0
ASV3956	2	2	1	1	1	0	0	0	0	0	0	0	0	0	0	0	0	0
ASV3957	3	1	2	2	0	2	1	1	0	2	0	0	1	0	0	0	0	0
ASV3958	0	2	0	0	0	0	0	0	0	0	0	0	1	0	0	1	0	0
ASV3959	5	5	2	2	5	1	2	2	3	1	2	2	0	2	2	3	1	1
ASV396	3	0	4	10	2	11	3	0	2	10	5	6	1	6	5	10	12	7
ASV3960	2	1	1	4	0	0	3	0	0	2	1	1	1	3	1	0	0	0
ASV3961	2	0	2	1	0	0	0	0	4	0	0	0	0	1	0	0	0	0
ASV3962	2	3	1	1	0	2	2	3	1	2	2	4	0	0	1	4	4	5
ASV3963	0	1	1	2	0	0	0	0	0	0	0	1	0	0	1	3	0	1
ASV3964	1	0	1	0	0	2	0	0	0	0	0	0	0	1	0	0	0	0
ASV3965	3	1	2	2	0	0	1	0	1	2	0	0	0	0	0	0	0	0
ASV3966	0	0	3	0	0	0	0	0	0	0	0	0	0	1	0	0	0	0
ASV3968	1	2	2	0	3	1	1	0	0	4	0	0	0	1	1	1	1	0
ASV3969	1	0	1	1	4	0	0	0	0	1	1	1	0	2	3	0	2	1
ASV397	21	8	13	9	8	15	8	8	8	3	7	11	10	11	9	9	5	5
ASV3970	2	2	0	0	3	4	0	2	1	0	0	2	1	0	0	0	0	3
ASV3971	1	3	1	0	0	2	2	2	2	0	0	3	1	1	2	0	0	2
ASV3973	3	0	3	1	2	0	1	0	2	0	3	2	0	0	1	0	0	0
ASV3974	0	0	0	0	0	1	0	0	0	0	1	0	0	0	0	0	0	1
ASV3975	1	0	0	0	1	5	0	0	0	0	0	0	1	0	0	0	0	0
ASV3976	0	0	0	2	0	0	0	2	0	1	0	1	1	0	1	0	0	0
ASV3977	3	5	4	0	0	3	0	2	0	0	0	2	1	0	1	1	0	1
ASV3978	0	3	0	1	0	3	1	1	1	0	0	0	0	0	0	2	0	0
ASV3979	2	0	3	2	0	2	0	1	0	0	0	0	0	0	2	1	0	0
ASV398	20	8	20	7	10	21	15	9	6	18	8	11	9	5	7	3	2	1
ASV3980	0	2	1	2	0	0	0	0	0	2	0	0	1	0	0	0	0	0
ASV3981	2	3	3	1	2	2	2	2	0	0	0	0	0	0	1	0	0	0
ASV3982	3	0	3	2	1	1	0	1	0	1	0	0	0	1	0	2	1	0
ASV3983	1	0	1	4	1	1	2	0	0	1	0	1	0	1	0	0	0	0
ASV3984	0	0	0	0	0	0	0	0	0	0	0	0	0	0	0	0	0	0
ASV3985	1	1	3	1	0	0	0	1	0	0	0	1	0	1	0	0	0	0
ASV3986	1	3	5	6	2	2	3	5	0	1	0	2	3	1	0	0	0	1
ASV3987	0	1	2	3	0	1	0	1	1	0	0	0	1	0	0	0	0	0
ASV3988	0	1	0	0	0	0	1	2	0	0	0	0	0	0	0	0	0	0
ASV3989	3	0	1	0	1	0	1	0	0	0	0	0	1	0	0	0	0	0
ASV399	4	0	1	1	4	0	2	2	1	1	0	1	2	1	3	1	0	3
ASV3990	2	0	0	0	1	0	1	0	2	0	0	0	0	0	0	0	0	0
ASV3991	0	1	0	0	0	2	0	0	0	0	0	0	0	0	2	1	0	1
ASV3992	2	0	1	1	1	3	0	0	1	1	0	1	1	1	2	0	0	0
ASV3993	1	1	0	0	0	0	2	0	1	0	0	0	0	1	0	0	1	0
ASV3994	0	0	0	0	0	0	0	0	0	0	0	1	0	0	0	0	0	0
ASV3995	6	8	6	7	2	4	10	5	4	3	4	4	4	4	5	2	4	3
ASV3996	2	0	0	1	0	0	0	0	1	0	0	0	1	0	1	0	0	0
ASV3997	0	2	2	0	0	1	1	2	2	0	0	1	6	2	1	0	0	0
ASV3998	0	1	2	4	1	2	0	0	0	0	2	1	1	0	1	0	0	0
ASV3999	0	0	0	0	0	0	0	0	0	0	0	0	0	0	0	0	0	0
ASV4	870	588	298	293	447	466	672	1423	1557	1350	1880	2158	2017	2358	2404	2716	1867	1540
ASV40	187	131	150	150	133	136	166	162	189	199	191	188	179	156	168	165	220	165
ASV400	6	5	8	9	6	13	5	5	6	6	3	3	7	3	2	6	0	2
ASV4000	1	0	1	2	0	1	0	0	0	3	0	1	2	2	0	0	0	2
ASV4001	0	3	2	3	1	2	2	2	1	2	3	0	5	0	1	1	1	0
ASV4002	1	0	2	1	0	0	0	1	0	1	0	0	0	0	0	0	0	0
ASV4003	0	1	1	0	1	1	1	1	0	0	0	2	0	1	4	1	0	1
ASV4004	2	5	7	2	5	4	3	3	4	2	3	4	6	2	2	0	3	1
ASV4005	2	3	0	0	1	0	3	0	1	1	1	2	0	0	0	0	0	0
ASV4006	0	0	0	0	0	0	0	0	0	0	0	0	0	0	0	0	0	0
ASV4007	1	1	4	3	0	3	3	1	5	1	6	2	4	4	0	3	3	0
ASV4008	0	0	1	2	3	0	0	1	0	3	0	1	0	7	4	0	1	2
ASV4009	1	0	3	1	1	1	1	0	0	2	0	0	0	0	0	1	0	0
ASV401	18	15	12	9	16	23	8	10	15	8	11	9	13	11	9	11	6	4
ASV4010	1	1	1	3	1	1	0	0	0	3	0	0	0	0	0	0	0	0
ASV4012	0	1	0	1	0	0	0	0	0	0	0	0	0	0	0	0	0	1
ASV4013	0	0	0	0	2	1	0	0	0	2	2	0	0	0	2	0	0	0
ASV4014	0	0	1	1	0	0	0	1	0	1	1	1	0	0	1	0	0	0
ASV4015	2	1	0	0	3	1	0	0	1	2	2	0	0	0	0	1	0	2
ASV4016	1	2	1	2	0	2	2	0	0	1	2	0	0	2	0	0	0	0
ASV4017	1	1	3	0	1	0	1	2	1	0	1	1	0	0	1	0	0	0
ASV4018	2	2	2	1	2	1	0	2	2	3	2	0	0	0	1	2	0	0
ASV4019	0	0	0	0	1	0	0	0	0	1	0	0	0	1	0	0	0	0
ASV402	4	8	2	2	5	3	3	4	3	3	5	5	1	1	7	6	13	5
ASV4020	2	2	0	0	0	1	2	1	1	2	2	0	1	1	0	1	0	1
ASV4021	1	0	1	2	0	0	1	0	0	0	0	0	0	1	1	2	0	1
ASV4022	3	3	1	1	2	0	0	0	1	0	0	2	0	0	0	0	0	0
ASV4023	3	1	0	1	1	0	0	1	1	0	1	0	0	0	0	0	0	0
ASV4024	2	3	3	3	2	1	2	1	0	1	1	3	1	0	0	0	0	0
ASV4025	2	1	2	1	0	1	1	1	0	2	0	0	0	1	0	0	0	0
ASV4026	5	2	2	4	1	2	1	0	0	1	0	1	4	3	4	1	0	0
ASV4027	2	1	1	3	1	1	1	2	1	1	1	2	2	0	1	0	0	0
ASV4028	0	0	0	0	0	0	1	0	1	0	1	0	0	0	0	0	0	0
ASV4029	0	2	0	2	1	2	5	0	2	1	0	3	0	1	0	0	0	1
ASV403	16	12	16	10	9	14	13	13	6	17	24	8	18	20	24	39	16	16
ASV4030	1	0	1	0	0	0	0	0	0	0	0	0	0	0	0	0	0	0
ASV4031	1	2	1	2	1	0	1	0	1	4	0	0	1	0	0	0	0	0
ASV4032	2	0	1	2	1	2	1	3	1	0	1	1	0	0	3	1	0	2
ASV4033	0	0	2	0	0	1	0	0	0	0	0	0	0	0	0	2	0	0
ASV4034	1	0	1	1	1	1	1	1	0	3	1	0	0	0	1	0	0	0
ASV4035	2	0	4	3	2	0	1	0	2	1	1	0	0	2	2	0	0	0
ASV4036	2	0	2	0	0	2	2	1	0	1	1	1	2	1	0	0	0	0
ASV4037	0	0	1	0	0	1	0	0	0	0	1	0	0	0	0	0	0	0
ASV4038	1	2	5	2	1	2	1	1	2	1	3	1	2	0	2	0	0	0
ASV4039	0	2	0	2	1	1	0	1	0	3	0	2	2	2	0	1	1	0
ASV404	18	5	8	6	10	11	26	28	25	26	23	38	25	48	28	28	28	42
ASV4040	3	1	0	1	2	3	1	0	1	0	0	1	0	2	2	0	0	0
ASV4041	2	2	1	2	0	3	0	1	2	0	3	2	5	0	3	1	1	0
ASV4042	0	0	1	1	0	1	0	1	0	0	0	0	1	0	0	1	0	0
ASV4043	1	1	2	0	0	1	0	5	1	3	1	3	2	2	0	0	0	0
ASV4044	2	0	1	0	0	1	0	0	0	0	1	0	0	0	0	0	0	0
ASV4045	2	0	3	0	0	1	0	0	0	0	0	2	1	2	0	0	0	0
ASV4046	2	5	1	0	2	2	5	0	3	2	4	1	3	0	1	1	0	3
ASV4047	4	4	1	1	0	1	1	0	3	3	2	2	3	1	0	0	3	2
ASV4048	0	1	1	3	0	0	1	0	0	1	0	0	0	0	0	0	0	0
ASV4049	0	0	0	0	0	0	0	0	0	0	0	0	0	0	1	0	0	2
ASV405	6	3	5	4	5	5	3	4	1	2	1	2	2	1	1	2	0	1
ASV4050	2	3	0	1	1	0	2	1	1	0	0	3	1	3	3	1	0	0
ASV4051	3	4	4	8	2	2	1	0	0	2	1	0	0	1	2	0	0	0
ASV4052	2	2	1	2	0	2	2	1	0	1	1	1	0	1	0	0	0	0
ASV4053	2	2	2	0	1	2	0	2	1	2	1	3	4	2	0	1	0	0
ASV4054	3	0	1	0	0	0	1	0	0	0	0	0	0	0	0	0	0	0
ASV4055	0	1	0	0	0	1	1	1	0	0	1	0	0	2	0	2	0	0
ASV4056	1	0	1	1	0	2	0	0	1	1	1	0	1	1	2	0	0	0
ASV4057	0	0	0	0	0	1	1	0	0	0	1	0	0	0	0	0	0	0
ASV4058	1	0	0	1	0	0	1	2	1	1	0	0	0	0	0	0	0	1
ASV4059	1	0	0	0	2	2	0	2	0	0	1	0	0	1	0	0	0	0
ASV406	3	0	4	2	3	5	4	2	3	2	3	2	2	4	3	1	0	0
ASV4060	0	1	0	0	1	0	0	1	0	1	0	0	0	1	1	0	0	0
ASV4061	0	1	3	0	1	1	0	0	1	0	3	0	2	1	0	1	0	0
ASV4062	1	2	0	1	1	0	0	2	2	2	0	0	0	0	1	2	0	0
ASV4063	0	1	1	0	0	0	0	0	0	2	1	0	0	0	0	0	0	0
ASV4065	0	0	1	0	1	1	0	1	1	0	0	0	0	0	0	0	0	0
ASV4066	0	1	3	1	0	2	0	1	2	0	2	0	1	0	1	1	0	0
ASV4067	1	1	1	0	2	2	2	0	2	1	0	2	2	0	0	3	0	0
ASV4068	2	1	0	1	0	1	5	0	0	1	0	0	1	0	0	1	1	1
ASV4069	4	2	1	2	2	2	1	1	0	3	0	0	0	0	0	0	0	1
ASV407	16	12	18	9	17	21	24	22	27	30	23	20	30	19	16	11	9	11
ASV4070	0	0	0	1	3	0	0	0	1	0	0	0	1	0	0	1	0	0
ASV4071	0	0	2	2	1	1	0	0	0	0	2	0	1	0	0	0	0	0
ASV4072	0	0	0	0	1	0	0	0	0	0	0	0	1	0	0	0	0	0
ASV4073	0	0	1	0	0	0	0	0	0	0	1	0	1	0	0	0	0	0
ASV4074	0	0	1	0	0	0	1	0	0	0	0	1	0	1	1	0	0	0
ASV4075	2	2	1	2	2	1	1	0	0	1	0	0	0	0	1	0	1	0
ASV4076	0	2	1	2	0	1	1	2	3	1	0	0	1	0	0	0	1	1
ASV4077	2	4	2	0	0	1	0	0	2	1	0	0	0	1	0	0	0	0
ASV4078	1	2	0	1	0	0	1	0	0	2	0	2	1	1	0	0	0	0
ASV4079	1	0	0	1	0	0	1	0	1	0	1	2	3	1	2	0	0	0
ASV408	11	10	11	10	7	6	7	4	1	6	0	1	5	3	5	4	4	7
ASV4080	0	0	0	1	0	1	0	1	0	0	0	1	0	0	0	0	0	0
ASV4081	0	0	0	0	0	0	0	0	0	0	0	0	0	0	0	0	0	0
ASV4082	1	1	1	2	0	0	1	2	0	1	0	0	1	4	0	0	0	0
ASV4084	0	0	0	0	0	0	1	0	0	2	2	0	0	0	2	0	1	0
ASV4085	8	9	8	9	21	21	25	34	23	11	20	19	19	11	11	12	11	9
ASV4086	0	0	0	0	0	0	0	0	0	0	0	0	0	0	0	0	0	0
ASV4087	1	0	0	1	3	1	0	1	0	1	0	0	2	1	0	1	0	0
ASV4088	2	0	1	1	0	0	1	0	1	1	1	1	1	0	0	4	1	1
ASV4089	1	0	1	0	1	1	0	1	0	1	0	0	1	0	0	0	0	0
ASV409	4	4	2	5	0	3	4	2	2	7	3	1	2	2	1	1	1	0
ASV4090	1	0	1	0	0	0	1	0	0	0	0	1	0	0	0	0	0	0
ASV4091	1	1	0	2	0	6	1	0	0	0	1	0	3	0	1	2	0	0
ASV4092	3	0	2	1	3	0	1	1	0	1	1	0	1	0	3	0	0	3
ASV4093	2	2	2	1	2	2	0	0	3	1	3	0	0	0	1	0	0	0
ASV4094	1	0	1	3	0	0	0	0	0	1	1	0	0	0	0	0	0	0
ASV4095	2	1	1	0	0	2	0	1	1	0	1	2	0	1	3	0	0	0
ASV4096	5	1	7	0	3	0	1	2	1	1	0	0	2	2	1	5	0	2
ASV4097	5	0	5	5	2	1	3	2	0	1	4	0	1	0	0	2	0	0
ASV4098	1	1	0	0	0	0	0	0	1	0	0	0	0	3	0	0	0	0
ASV4099	0	0	0	2	2	0	0	3	0	2	1	0	1	3	0	0	0	0
ASV41	106	92	103	146	125	181	175	103	140	278	231	252	276	344	234	248	208	148
ASV410	24	24	15	11	13	14	15	16	23	26	18	18	14	11	18	17	13	7
ASV4100	8	2	2	4	1	4	6	5	2	3	2	1	6	0	2	2	2	0
ASV4101	0	0	0	0	0	0	3	0	0	0	0	0	0	0	0	0	0	0
ASV4102	1	3	3	1	1	1	3	1	2	1	0	1	2	0	0	2	0	0
ASV4103	0	1	3	2	1	3	1	0	1	1	1	0	3	0	1	0	0	0
ASV4104	2	0	2	1	3	1	1	3	0	3	0	0	3	3	1	0	0	0
ASV4105	6	4	5	8	6	4	2	4	4	5	3	5	1	3	7	0	6	25
ASV4106	3	0	2	1	1	5	1	1	0	1	1	2	0	0	1	0	1	0
ASV4107	0	0	1	0	1	1	0	0	0	0	1	0	0	0	0	1	0	0
ASV4108	3	3	2	2	0	1	1	1	2	2	1	1	0	1	0	3	1	0
ASV4109	0	2	3	2	2	0	2	0	0	3	1	1	3	0	0	0	0	3
ASV411	20	17	12	17	13	21	15	18	13	38	16	14	17	27	11	27	33	10
ASV4110	1	1	3	2	2	1	1	2	2	0	0	1	2	1	1	2	1	0
ASV4111	1	1	1	5	2	3	2	0	1	2	4	6	3	4	2	1	2	0
ASV4112	0	0	1	1	1	1	0	1	1	1	0	1	1	1	2	3	0	2
ASV4113	3	0	4	2	1	1	1	1	2	2	0	0	1	0	1	1	0	0
ASV4114	1	3	2	3	5	5	4	4	0	1	2	0	5	1	0	2	2	0
ASV4115	1	0	0	1	0	0	0	0	0	0	0	0	0	0	0	0	0	0
ASV4116	5	0	0	1	0	0	1	1	1	0	1	0	0	0	0	0	0	2
ASV4117	1	0	1	1	0	1	1	0	1	1	0	1	1	3	1	0	0	0
ASV4118	5	5	2	3	0	4	2	0	3	1	4	3	4	1	2	4	0	0
ASV4119	1	0	1	1	0	1	1	0	0	0	1	0	1	0	0	3	0	0
ASV412	6	13	7	7	8	9	5	8	5	8	2	4	7	9	4	1	2	4
ASV4120	2	0	0	0	1	0	0	1	2	0	0	0	0	0	0	0	0	0
ASV4121	2	2	2	3	1	0	1	3	1	3	0	0	0	0	0	1	0	2
ASV4122	2	0	1	1	0	0	1	0	0	3	0	0	0	0	1	0	0	0
ASV4123	0	0	0	1	0	0	0	2	2	0	4	0	2	1	0	1	1	0
ASV4124	0	4	0	1	1	0	2	0	3	0	2	1	3	0	1	1	0	0
ASV4125	1	0	1	0	0	0	0	1	0	1	1	0	1	3	1	0	1	2
ASV4126	4	2	3	0	2	3	2	2	2	1	1	2	2	1	2	0	1	1
ASV4127	0	1	0	2	1	0	1	1	0	0	0	0	0	0	0	0	0	0
ASV4128	2	1	0	2	1	1	0	1	0	1	0	2	1	1	0	1	0	0
ASV4129	2	2	0	1	2	1	2	2	0	1	2	1	0	1	0	1	1	0
ASV413	17	4	8	6	7	11	10	7	6	13	8	6	22	11	10	11	13	15
ASV4130	4	2	1	2	1	1	2	0	2	0	1	4	1	3	1	0	1	0
ASV4131	0	0	1	1	0	0	0	0	0	0	0	2	0	0	0	0	0	0
ASV4132	1	1	0	0	1	0	0	0	0	0	0	0	0	0	0	0	0	0
ASV4133	7	6	7	8	5	9	3	13	3	7	8	9	4	3	5	2	9	7
ASV4134	5	9	6	8	4	10	8	5	8	8	6	5	6	4	2	2	3	3
ASV4135	2	2	2	2	2	1	2	0	0	2	1	0	1	2	1	0	0	0
ASV4136	1	0	1	0	3	2	3	0	0	0	0	2	1	1	0	4	4	0
ASV4137	0	0	1	0	1	0	2	0	2	1	1	1	1	1	2	1	0	0
ASV4138	0	0	0	0	0	0	0	0	0	0	0	0	0	0	0	0	0	0
ASV4139	0	0	0	0	0	0	0	0	0	0	0	0	0	0	0	0	0	0
ASV414	7	4	4	6	6	3	2	5	4	4	4	7	6	2	11	19	10	5
ASV4140	0	0	1	1	1	1	1	0	0	0	1	0	0	0	0	0	0	1
ASV4141	0	0	1	1	0	0	0	0	0	0	0	0	0	0	0	0	0	0
ASV4142	2	1	1	0	0	0	0	3	0	0	0	0	0	0	2	3	0	2
ASV4143	3	0	2	1	0	0	3	2	2	2	4	1	0	0	0	3	4	1
ASV4144	1	0	0	0	0	1	0	0	1	0	0	0	0	0	0	0	0	0
ASV4145	0	1	1	1	1	1	0	0	1	0	1	0	1	1	0	1	2	2
ASV4146	1	2	1	2	1	3	0	0	0	0	0	0	2	1	0	0	0	0
ASV4147	3	3	2	1	2	2	1	0	1	0	1	0	1	2	0	0	0	0
ASV4148	2	1	0	0	0	4	0	0	1	0	0	2	2	2	0	0	0	0
ASV4149	0	1	0	0	0	0	0	1	1	0	0	0	0	0	0	0	0	0
ASV415	10	2	8	5	5	4	7	6	4	3	2	6	2	6	9	5	1	2
ASV4150	3	0	3	2	2	1	1	1	5	1	1	2	2	5	0	3	3	2
ASV4151	1	1	0	1	2	0	1	1	0	0	0	1	1	3	2	1	0	0
ASV4152	0	0	1	2	0	3	0	0	1	0	0	0	0	1	0	3	0	0
ASV4153	3	1	2	1	1	1	0	0	1	0	0	0	0	2	2	0	0	0
ASV4154	0	1	0	0	0	0	0	0	0	0	0	0	0	0	0	0	2	0
ASV4155	1	1	2	0	1	0	0	1	0	0	0	1	2	2	0	1	1	0
ASV4156	2	0	0	0	0	0	0	0	0	0	0	0	0	0	0	0	0	0
ASV4157	1	1	0	0	1	1	0	2	0	0	1	0	0	0	0	0	0	0
ASV4158	0	1	3	0	1	1	0	2	0	1	0	0	0	0	0	0	0	0
ASV4159	3	0	0	0	0	2	1	0	1	0	0	1	0	0	0	0	0	0
ASV416	37	30	27	29	29	26	18	9	14	22	14	21	18	27	12	9	5	4
ASV4160	3	1	1	0	0	1	0	2	1	2	0	1	1	1	0	0	0	0
ASV4161	0	1	0	1	1	0	0	0	0	0	0	1	0	0	0	1	0	0
ASV4162	0	0	0	1	0	1	0	0	0	0	0	0	0	0	0	0	0	0
ASV4163	1	0	0	0	0	0	0	0	0	0	0	0	0	1	1	0	0	1
ASV4164	1	0	0	1	0	0	0	0	0	0	0	1	0	0	0	0	0	1
ASV4165	3	1	2	1	2	1	2	1	2	3	3	0	1	0	1	2	0	0
ASV4166	0	0	0	0	0	0	1	2	0	0	0	0	0	2	2	0	0	0
ASV4167	1	2	0	4	0	0	0	0	1	0	0	0	0	1	0	0	0	0
ASV4168	2	2	0	2	1	0	1	0	1	0	1	1	1	0	0	1	0	0
ASV4169	0	0	1	0	0	0	0	0	0	0	0	0	0	0	0	0	0	0
ASV417	2	4	7	2	4	4	3	3	0	1	2	2	2	2	5	10	12	9
ASV4170	0	0	0	0	0	0	0	0	0	0	0	1	0	0	0	0	0	0
ASV4171	2	1	1	0	0	0	0	2	1	0	1	2	1	0	2	0	0	0
ASV4172	1	0	0	0	0	2	1	0	0	0	0	0	0	0	0	0	0	0
ASV4173	3	3	5	6	5	1	1	3	1	4	3	5	3	2	2	1	0	1
ASV4174	0	0	0	0	0	0	0	0	0	0	2	1	1	2	1	0	0	0
ASV4175	1	0	0	3	2	1	3	0	1	2	0	0	0	1	0	0	0	0
ASV4176	0	0	0	0	0	0	1	0	0	0	0	0	0	0	0	0	2	0
ASV4177	0	1	2	2	2	1	0	0	0	0	1	0	0	1	2	0	1	2
ASV4178	1	3	3	1	1	2	0	0	0	1	0	2	1	3	0	2	0	0
ASV4179	0	1	1	1	0	0	0	0	0	0	0	1	0	0	0	0	0	0
ASV418	6	5	7	4	1	7	2	1	5	7	11	4	3	5	1	6	2	1
ASV4180	2	3	2	3	1	1	2	2	2	1	0	3	0	0	1	1	0	1
ASV4181	1	2	0	1	0	0	0	1	0	1	1	0	0	2	0	0	0	0
ASV4182	0	1	2	1	0	0	1	0	1	0	0	0	0	0	0	0	0	0
ASV4183	2	0	2	1	2	3	1	1	1	0	0	0	1	1	1	0	0	0
ASV4184	1	3	2	0	5	1	0	0	2	0	0	0	0	2	0	1	0	0
ASV4185	1	1	2	0	1	2	1	0	0	1	0	1	0	0	1	1	1	1
ASV4186	2	3	1	0	2	1	1	2	1	5	3	1	0	0	2	0	0	1
ASV4187	0	1	0	1	1	0	2	3	1	1	1	0	0	1	2	0	0	0
ASV4188	0	3	0	1	2	1	3	1	0	0	0	1	0	0	1	0	1	0
ASV4189	0	1	1	1	0	0	1	1	0	0	0	1	1	3	0	5	0	0
ASV419	3	4	5	3	6	4	2	8	5	3	3	4	1	7	1	5	10	6
ASV4190	1	1	1	0	1	0	2	0	0	2	2	1	1	1	0	2	0	4
ASV4191	0	2	0	0	0	0	0	1	0	0	0	0	0	0	0	0	0	1
ASV4192	1	0	1	1	0	0	1	0	0	0	2	0	0	0	1	0	1	0
ASV4193	1	0	0	0	2	0	1	1	0	0	0	0	0	0	0	0	0	0
ASV4194	1	1	0	0	0	0	0	1	1	0	1	1	1	0	0	0	0	1
ASV4195	1	0	0	0	0	0	0	1	0	0	0	0	0	1	0	3	0	0
ASV4196	1	2	0	0	0	0	0	0	0	0	0	1	1	0	0	2	0	0
ASV4197	3	2	2	8	2	1	2	1	1	3	1	2	1	1	3	3	0	1
ASV4198	4	4	2	1	1	2	6	3	3	6	2	0	2	2	0	1	0	0
ASV4199	4	1	3	1	0	1	0	0	0	1	1	1	1	0	0	3	1	0
ASV42	109	68	88	70	70	106	86	106	101	86	73	79	71	85	66	258	315	333
ASV420	9	6	5	4	9	4	6	4	4	6	7	5	7	2	7	6	5	2
ASV4200	1	0	3	1	1	2	1	0	1	2	1	3	0	0	0	0	0	0
ASV4201	3	1	0	0	0	2	0	1	0	3	1	0	1	2	1	1	0	0
ASV4202	1	0	0	0	1	4	1	0	1	1	0	0	1	0	2	0	0	0
ASV4203	0	1	1	2	3	0	3	1	2	3	1	1	0	2	0	1	0	1
ASV4204	0	1	0	0	1	1	2	0	1	0	0	1	1	0	0	1	0	0
ASV4205	0	1	2	2	0	2	2	1	3	1	0	0	1	0	2	3	0	0
ASV4206	3	4	3	3	2	3	0	3	3	0	1	1	3	1	1	2	0	0
ASV4207	1	2	5	3	3	4	0	1	3	3	3	0	2	3	2	1	1	1
ASV4208	2	2	1	2	3	2	3	1	3	1	0	3	3	1	2	1	1	2
ASV4209	4	0	0	1	1	2	2	0	0	1	0	1	0	0	2	1	0	1
ASV421	12	11	10	8	7	15	13	22	14	12	13	16	15	17	15	11	6	14
ASV4210	1	0	0	0	2	1	1	1	0	1	0	0	1	0	1	0	0	0
ASV4211	0	0	0	0	0	0	0	0	0	1	0	0	0	0	1	1	0	0
ASV4212	0	0	0	0	0	0	0	0	0	0	0	0	0	0	0	0	0	0
ASV4213	1	3	4	3	1	1	2	1	1	0	2	2	2	1	3	0	0	0
ASV4214	2	1	1	1	3	0	0	0	1	1	1	0	0	0	0	0	0	0
ASV4216	0	0	0	0	2	2	1	2	2	0	0	0	0	1	0	0	0	1
ASV4217	0	0	0	0	0	1	0	0	1	0	1	0	0	1	0	0	1	0
ASV4218	1	0	1	0	0	0	2	0	0	0	1	0	0	0	0	0	0	0
ASV4219	0	2	2	2	1	0	0	2	1	0	0	2	1	1	0	0	0	0
ASV422	15	9	19	5	11	13	5	11	6	10	11	9	10	12	11	4	4	13
ASV4220	5	2	3	5	1	0	1	1	1	4	1	2	3	0	2	1	0	0
ASV4221	0	2	1	1	0	1	0	2	0	1	0	1	4	0	0	0	0	0
ASV4222	0	1	2	1	0	0	1	0	0	1	1	1	0	0	0	1	0	0
ASV4223	0	0	0	0	0	0	0	0	0	0	0	1	0	0	0	0	0	0
ASV4224	1	1	2	0	0	1	0	0	0	1	0	2	2	3	0	0	2	2
ASV4225	1	2	2	0	0	3	0	3	0	0	1	1	1	0	1	0	0	0
ASV4226	0	0	0	0	0	1	1	0	0	1	0	0	1	0	0	0	0	0
ASV4227	0	0	0	0	1	0	0	1	0	2	0	0	0	3	0	0	2	0
ASV4228	0	0	0	1	2	0	0	0	0	0	0	2	0	1	0	2	0	0
ASV4229	12	11	13	11	13	12	12	13	14	11	14	12	12	7	5	9	9	5
ASV423	10	6	9	7	4	2	4	2	3	4	1	3	8	5	5	3	2	1
ASV4230	2	1	0	0	1	0	4	0	0	1	0	1	1	2	0	0	0	0
ASV4232	0	1	0	0	1	0	1	0	1	0	0	0	2	0	1	0	0	0
ASV4233	0	1	1	0	0	0	0	0	1	1	2	0	0	1	2	0	2	2
ASV4234	1	0	3	2	1	1	0	0	1	1	0	1	3	0	0	0	0	0
ASV4235	0	0	0	1	0	1	1	0	2	3	1	0	1	0	1	2	1	0
ASV4236	0	0	0	0	0	0	0	0	0	0	0	1	0	0	0	0	0	0
ASV4237	4	5	4	5	1	2	1	1	2	3	1	2	1	1	1	2	0	0
ASV4238	1	0	0	1	1	0	1	0	0	0	0	0	1	2	0	1	3	0
ASV4239	3	1	6	3	2	2	2	1	0	3	0	1	0	0	1	0	0	0
ASV424	8	0	8	14	6	11	10	5	9	11	11	6	6	10	4	11	12	4
ASV4240	0	0	0	0	0	0	0	0	0	0	0	0	0	0	0	0	0	0
ASV4241	1	0	2	1	0	0	1	0	0	1	1	0	0	2	0	0	0	0
ASV4242	3	10	9	5	4	4	0	4	2	3	3	3	2	4	2	2	0	1
ASV4243	0	0	0	0	0	0	0	0	0	0	0	0	0	0	1	0	0	0
ASV4244	0	0	1	1	0	1	0	1	0	0	1	0	0	1	0	0	0	0
ASV4245	0	0	0	0	0	1	2	1	2	0	0	1	4	2	0	0	0	0
ASV4246	1	3	4	0	4	5	0	1	1	2	3	0	3	0	0	0	0	0
ASV4247	0	0	0	0	0	0	1	0	0	0	0	0	0	0	0	0	0	0
ASV4248	0	6	3	1	1	0	0	0	0	1	2	0	0	1	0	2	0	0
ASV4249	2	1	4	0	1	2	0	2	2	0	1	1	1	0	0	0	0	0
ASV425	17	9	12	14	15	13	14	16	19	11	13	19	15	15	18	10	23	16
ASV4250	1	0	3	3	1	1	1	0	0	1	1	1	1	0	0	0	3	0
ASV4251	0	1	1	0	1	2	1	1	0	0	0	0	0	0	1	0	0	0
ASV4252	0	1	2	1	1	2	1	0	0	2	1	0	2	2	1	0	0	0
ASV4253	0	0	0	0	0	1	1	2	1	0	1	1	0	2	0	3	1	0
ASV4254	0	2	2	0	0	1	0	2	1	0	1	1	1	0	0	1	0	0
ASV4255	1	0	0	0	0	0	0	0	1	0	0	0	0	1	0	0	0	0
ASV4256	0	1	3	2	0	1	0	0	0	0	0	1	0	0	0	1	0	0
ASV4257	11	11	16	14	12	16	14	10	9	8	7	6	9	15	5	4	13	13
ASV4258	0	0	0	1	0	0	0	0	0	1	1	0	0	0	0	0	0	0
ASV4259	2	1	1	0	5	0	2	1	2	2	2	1	1	0	0	1	0	0
ASV426	3	3	5	1	3	5	4	4	3	5	3	1	2	4	3	3	5	3
ASV4260	1	0	1	2	1	0	1	0	1	0	1	0	0	0	0	0	0	0
ASV4261	0	1	0	0	0	0	0	1	0	0	1	0	0	0	1	0	1	0
ASV4262	0	0	0	0	0	0	0	0	0	0	0	0	0	0	0	0	0	0
ASV4263	2	0	1	1	0	2	1	1	1	0	0	0	0	2	0	0	0	0
ASV4264	1	1	2	0	1	0	0	0	0	0	3	0	0	0	1	0	0	0
ASV4265	9	7	5	7	7	2	4	2	9	7	4	4	9	6	2	1	7	7
ASV4266	0	0	1	0	0	1	1	0	0	0	1	0	0	0	0	1	1	0
ASV4267	1	0	0	2	0	0	0	0	0	0	0	0	0	1	0	0	0	0
ASV4268	0	2	0	1	0	0	1	0	1	1	0	1	1	1	0	0	0	0
ASV4269	3	1	0	0	2	0	0	1	0	0	1	1	0	0	0	0	0	0
ASV427	21	9	9	12	9	18	12	9	6	11	11	7	13	8	5	3	5	0
ASV4270	0	0	1	1	0	0	1	0	0	1	0	0	0	0	0	0	0	0
ASV4271	1	2	1	0	1	1	0	1	1	2	0	1	0	1	0	1	0	0
ASV4272	5	4	6	1	3	4	4	8	4	3	5	5	9	5	3	7	6	2
ASV4273	1	2	0	0	1	1	1	0	0	0	0	1	1	0	0	0	0	2
ASV4274	0	1	2	0	1	2	0	1	2	0	3	0	0	1	2	1	0	0
ASV4276	0	0	0	0	0	0	0	0	0	0	0	1	0	0	0	0	0	0
ASV4277	6	6	11	5	2	10	13	29	23	10	16	21	28	25	25	11	19	8
ASV4278	0	0	2	1	0	0	0	0	0	0	0	0	0	0	0	0	0	0
ASV4279	1	0	1	0	1	2	0	0	0	0	0	1	0	0	2	0	0	0
ASV428	14	4	10	10	6	11	9	2	5	6	9	5	2	4	4	6	4	4
ASV4280	1	0	4	0	2	2	2	0	0	0	1	0	0	1	0	0	0	0
ASV4281	0	0	0	0	0	0	0	0	0	0	0	0	0	0	0	0	0	0
ASV4282	2	0	0	0	0	1	0	0	1	0	2	0	2	2	0	0	0	0
ASV4283	0	0	0	0	0	0	0	0	0	1	0	1	0	0	2	0	0	0
ASV4284	2	2	0	1	0	0	0	1	1	2	3	0	0	1	0	1	0	0
ASV4285	0	2	0	0	1	1	0	0	0	0	0	0	0	0	0	0	0	1
ASV4286	4	3	1	5	3	1	2	2	1	2	1	2	1	0	3	0	0	0
ASV4287	1	2	1	1	0	2	0	0	1	1	0	0	0	0	1	0	0	0
ASV4288	0	1	0	0	0	1	0	0	0	0	1	0	0	0	0	0	0	0
ASV4289	0	2	0	1	0	0	0	0	0	1	0	0	0	0	0	0	0	0
ASV429	11	6	5	13	70	31	10	16	20	13	14	9	9	15	37	10	8	5
ASV4290	0	2	0	1	2	0	1	1	0	0	1	0	0	0	2	1	0	0
ASV4291	0	2	1	1	1	3	1	0	1	2	0	0	0	1	0	1	0	0
ASV4292	1	1	2	1	1	1	1	1	2	0	1	1	3	4	2	2	0	0
ASV4293	1	0	1	1	0	1	0	0	0	0	1	0	0	0	0	0	0	0
ASV4294	4	5	0	4	2	1	2	0	2	3	1	2	2	0	1	0	0	1
ASV4295	0	1	1	1	2	2	4	0	1	2	1	0	2	1	0	1	0	0
ASV4296	1	1	0	1	0	0	0	0	0	0	0	0	0	0	0	0	0	0
ASV4297	1	0	0	1	0	0	0	0	1	0	0	0	0	0	1	1	1	0
ASV4298	4	2	0	0	1	1	1	1	0	1	3	3	0	1	0	0	2	0
ASV4299	2	1	0	0	2	0	2	1	0	0	0	0	0	0	0	0	0	0
ASV43	91	112	141	136	121	128	101	149	135	144	179	148	178	166	157	225	120	97
ASV430	24	12	17	14	19	17	15	11	9	15	14	10	7	10	12	9	10	4
ASV4300	0	0	0	0	0	0	0	0	0	0	0	0	0	1	0	0	0	0
ASV4301	0	0	0	0	0	0	1	0	0	0	0	0	0	0	0	0	0	0
ASV4302	3	2	3	1	2	0	3	1	1	0	2	1	0	0	0	3	3	6
ASV4303	1	0	0	0	0	0	0	0	0	0	0	0	0	0	0	0	0	0
ASV4304	2	0	4	1	2	0	0	0	2	2	0	0	0	2	0	0	0	0
ASV4305	1	0	3	0	0	0	0	0	1	1	0	0	0	0	0	0	0	0
ASV4306	0	0	2	0	1	2	0	2	0	5	3	2	1	0	2	5	4	1
ASV4307	0	0	0	0	0	0	1	0	0	1	0	0	0	0	0	0	0	0
ASV4308	3	1	2	2	0	1	0	0	0	2	0	2	1	0	0	0	0	0
ASV4309	0	0	0	0	0	0	0	0	0	0	0	0	0	0	0	0	0	0
ASV431	2	3	3	0	1	0	2	0	1	0	1	0	1	3	1	0	1	0
ASV4310	0	1	0	1	2	1	1	0	1	1	2	1	1	0	1	0	0	0
ASV4311	3	0	1	0	1	2	1	0	2	1	0	0	1	3	0	2	0	2
ASV4312	0	2	2	0	1	1	2	1	0	1	2	1	0	1	0	1	1	0
ASV4313	0	0	0	0	0	0	0	0	0	0	0	0	0	0	0	0	0	0
ASV4314	2	1	1	1	0	0	0	0	0	0	2	1	0	0	1	0	0	0
ASV4315	1	0	0	0	1	0	0	0	0	0	0	0	1	0	0	0	0	0
ASV4316	4	4	4	3	2	2	1	1	3	3	3	2	1	2	3	3	0	1
ASV4317	0	1	2	2	0	1	2	2	0	0	2	0	0	0	0	1	0	0
ASV4318	0	1	0	1	0	0	0	0	0	1	0	0	0	0	0	0	0	0
ASV4319	1	3	2	2	0	3	0	0	0	2	0	0	0	0	1	0	0	0
ASV432	1	2	3	9	5	5	9	3	4	2	3	4	2	2	1	3	3	0
ASV4320	1	0	1	0	0	2	1	1	0	2	0	0	0	0	0	0	0	1
ASV4321	5	1	2	0	2	2	2	1	0	0	2	1	0	0	0	0	0	0
ASV4322	1	1	1	2	1	1	3	2	1	0	1	0	0	2	1	3	0	0
ASV4323	2	0	3	0	0	0	0	0	2	0	1	0	0	0	0	1	0	0
ASV4324	1	1	0	0	0	2	1	0	1	0	0	0	1	0	0	0	0	0
ASV4325	1	0	0	1	0	1	0	0	0	0	0	0	0	0	0	0	0	0
ASV4326	5	0	4	4	1	5	3	0	0	2	2	3	2	1	0	0	3	0
ASV4327	0	1	0	0	0	0	0	1	1	1	0	0	0	0	0	0	0	0
ASV4328	0	2	2	0	0	1	0	1	0	1	0	1	0	0	2	1	0	1
ASV4329	0	0	1	1	1	1	1	0	0	0	0	0	0	1	1	2	0	0
ASV433	6	17	7	6	12	8	12	15	15	7	3	8	13	9	10	8	3	4
ASV4330	0	1	0	1	0	2	2	0	0	0	1	0	0	0	0	0	0	0
ASV4331	1	0	1	0	1	0	0	2	1	0	0	1	0	1	4	2	0	0
ASV4332	1	0	0	0	0	0	0	0	1	0	0	1	0	0	0	0	2	0
ASV4333	1	5	4	5	6	2	4	5	0	2	4	3	0	0	0	0	0	0
ASV4334	4	0	1	0	0	1	2	0	0	1	0	1	0	0	0	0	0	0
ASV4335	2	2	1	1	1	0	3	1	2	1	1	1	0	0	0	0	0	0
ASV4336	2	1	2	0	1	0	0	1	0	2	0	2	0	0	1	1	1	0
ASV4337	0	1	0	0	0	0	1	0	0	0	0	0	0	0	0	0	0	0
ASV4338	0	1	0	0	1	0	0	0	0	0	0	0	0	0	1	0	0	0
ASV4339	3	0	1	0	1	0	2	1	0	3	0	0	1	1	2	0	0	0
ASV434	16	12	6	16	11	18	16	12	10	19	12	17	16	18	20	13	11	6
ASV4340	0	1	0	1	0	0	1	0	0	0	1	0	0	0	0	0	0	0
ASV4341	0	1	2	1	2	3	1	1	1	2	1	0	1	0	1	0	0	0
ASV4342	1	0	2	2	0	1	1	1	1	2	1	0	1	0	1	0	0	2
ASV4343	0	1	1	3	2	1	2	2	1	1	1	1	3	0	2	1	0	2
ASV4344	0	3	4	1	0	1	2	1	0	0	1	1	2	1	2	0	0	0
ASV4345	2	0	1	1	1	3	2	0	3	1	1	0	1	1	1	3	0	0
ASV4346	3	0	1	1	1	0	1	1	1	1	0	1	0	0	0	0	0	0
ASV4347	3	5	3	2	1	0	3	0	2	1	0	2	0	0	0	4	0	0
ASV4348	1	3	0	2	2	3	2	2	2	3	1	1	1	2	0	0	0	1
ASV4349	0	0	0	0	0	0	1	0	1	0	1	0	0	0	0	0	0	0
ASV435	16	15	13	11	9	9	9	7	9	9	7	11	9	9	8	8	7	3
ASV4350	2	0	0	0	0	2	3	0	0	2	0	1	0	2	0	0	0	0
ASV4352	1	0	0	0	0	1	0	1	0	0	0	1	1	2	2	0	2	2
ASV4353	1	0	0	2	5	2	2	0	0	1	3	1	4	2	2	2	2	0
ASV4354	1	0	0	0	0	0	0	0	0	0	0	1	0	0	0	0	0	0
ASV4355	1	0	0	0	0	2	2	0	0	1	0	0	0	0	0	0	0	0
ASV4356	0	0	2	0	1	0	0	0	0	0	2	0	0	0	1	1	0	0
ASV4357	0	4	1	1	2	1	0	0	1	1	2	2	1	1	0	3	0	2
ASV4358	2	2	0	0	0	2	1	0	1	0	2	1	1	0	1	0	1	1
ASV4359	2	0	2	4	0	1	2	1	0	0	2	0	1	1	1	0	0	0
ASV436	14	50	20	30	14	16	20	23	30	16	9	15	15	13	13	11	3	1
ASV4360	0	1	1	3	0	0	1	0	0	1	0	0	1	1	2	0	0	0
ASV4361	0	0	1	0	0	2	2	0	0	0	0	0	1	0	0	0	0	0
ASV4362	2	1	1	2	2	1	1	0	3	1	1	1	2	0	0	0	0	0
ASV4363	1	3	5	1	4	1	1	0	1	2	1	2	1	0	2	2	0	0
ASV4364	0	1	0	2	3	2	2	0	1	1	0	0	0	0	2	3	2	1
ASV4365	2	1	1	3	4	4	2	2	1	0	1	1	0	1	0	0	0	0
ASV4366	0	0	0	0	0	0	0	0	0	0	0	0	0	0	0	0	0	0
ASV4367	0	0	0	1	0	0	0	0	0	0	1	0	1	0	0	0	0	0
ASV4368	5	0	0	2	1	4	0	2	1	2	0	3	2	2	2	1	1	0
ASV4369	1	1	3	1	1	1	1	0	2	0	1	0	2	0	1	0	0	1
ASV437	14	8	10	8	7	7	6	4	4	2	3	1	3	8	2	1	2	1
ASV4370	0	0	0	0	0	0	0	0	0	0	0	0	0	0	0	0	0	0
ASV4371	0	0	0	1	0	0	0	1	0	0	0	0	0	0	0	0	0	0
ASV4372	1	1	2	0	3	1	1	1	3	0	0	1	0	1	1	0	0	0
ASV4373	9	5	4	2	4	2	6	3	2	4	1	2	2	5	1	1	2	0
ASV4374	0	0	0	0	0	1	0	0	0	0	0	0	1	0	0	0	0	0
ASV4375	0	1	1	0	0	1	0	0	0	2	0	0	1	1	0	0	0	0
ASV4376	3	1	2	2	1	1	0	2	1	1	0	1	2	0	0	0	0	0
ASV4377	0	0	0	0	0	0	0	0	0	0	0	0	0	0	0	0	0	0
ASV4378	0	1	1	2	2	1	0	3	1	0	2	0	1	2	0	0	0	0
ASV4379	1	0	4	2	1	0	1	1	0	0	0	2	0	1	0	1	0	0
ASV438	11	9	5	7	6	9	9	6	10	14	8	15	12	4	16	36	18	11
ASV4380	2	0	0	0	1	2	2	0	3	4	0	1	2	0	1	0	0	0
ASV4381	1	2	2	0	3	3	2	3	1	1	0	0	3	4	0	1	0	0
ASV4382	4	1	4	3	2	2	2	7	3	1	3	3	4	2	5	0	4	2
ASV4383	2	2	1	2	0	1	1	1	0	0	1	1	4	2	0	0	0	0
ASV4384	0	0	1	1	1	0	0	0	0	1	0	0	0	0	0	0	0	0
ASV4385	0	0	0	0	0	0	0	0	0	0	0	0	0	0	0	0	0	0
ASV4386	0	1	2	2	1	0	0	0	0	1	0	0	0	0	0	0	0	0
ASV4387	2	1	1	3	1	0	0	1	2	0	0	1	1	1	1	1	1	0
ASV4388	1	1	1	2	0	1	1	0	0	0	0	0	0	0	0	1	0	0
ASV4389	0	1	0	0	0	0	0	0	0	0	0	0	0	0	0	0	0	0
ASV439	6	7	12	3	5	8	7	7	1	6	5	6	3	4	5	0	4	3
ASV4390	0	0	0	1	0	1	0	0	0	1	0	0	1	0	1	1	0	0
ASV4391	1	0	0	0	0	0	0	0	0	0	0	0	0	0	0	0	0	0
ASV4392	0	0	0	0	0	0	0	0	0	0	0	0	0	0	0	0	0	0
ASV4393	1	2	1	3	0	0	3	0	2	3	1	0	1	3	1	0	0	1
ASV4394	0	3	0	1	2	1	3	0	0	0	1	0	1	0	0	1	0	0
ASV4395	0	0	0	0	1	0	0	1	0	1	0	0	0	0	0	0	0	0
ASV4396	3	5	6	5	3	5	4	6	7	3	3	5	5	2	2	6	5	6
ASV4397	7	0	2	1	1	3	0	0	0	0	0	0	1	3	4	0	0	0
ASV4398	0	0	1	0	0	1	0	0	0	0	0	0	0	0	0	1	0	0
ASV4399	0	0	0	1	0	0	0	0	0	0	0	1	0	0	0	0	0	1
ASV44	152	103	121	117	161	151	170	130	161	202	139	173	208	141	168	210	175	137
ASV440	17	13	24	11	20	10	13	12	12	5	10	7	12	9	6	11	1	1
ASV4400	0	2	2	1	2	0	2	2	2	0	0	1	0	0	0	2	0	0
ASV4401	1	1	2	1	1	0	1	2	0	4	0	1	0	0	0	0	0	0
ASV4402	1	1	1	2	2	1	0	0	0	1	2	0	0	0	0	0	0	0
ASV4403	3	1	0	0	0	1	1	1	0	1	1	0	2	1	1	0	0	0
ASV4404	0	0	3	1	2	3	4	3	1	3	4	4	2	2	3	3	0	0
ASV4405	0	0	0	4	0	0	0	0	0	0	0	0	0	0	0	0	0	0
ASV4406	0	3	1	3	0	1	2	3	0	3	1	0	3	0	0	0	0	0
ASV4407	0	0	1	3	0	0	2	0	0	0	0	1	0	1	0	0	0	0
ASV4408	0	0	1	1	0	1	1	0	0	0	0	2	0	0	0	0	0	0
ASV4409	1	0	0	0	0	0	0	1	2	0	0	0	0	0	1	0	1	0
ASV441	23	26	30	21	19	16	5	4	6	11	7	9	7	12	7	0	0	0
ASV4411	0	1	2	2	1	1	0	0	1	1	1	0	2	0	1	0	1	0
ASV4412	1	1	5	1	1	0	1	0	0	0	0	1	2	1	0	0	0	0
ASV4413	0	0	0	0	0	0	0	0	0	0	3	0	0	0	0	0	0	0
ASV4414	2	0	4	3	3	1	2	3	2	1	2	1	4	2	2	4	2	0
ASV4415	0	0	0	0	0	0	0	0	0	0	0	0	1	0	0	0	0	0
ASV4416	1	0	0	1	1	2	1	0	2	0	0	0	0	1	0	0	0	0
ASV4417	0	0	1	1	0	2	0	1	0	2	2	0	0	0	1	2	2	0
ASV4418	1	1	1	0	3	1	0	0	1	0	0	0	0	1	0	0	0	0
ASV4419	3	7	2	3	0	1	2	3	1	4	2	2	5	1	1	0	1	0
ASV442	0	4	1	1	1	3	1	0	1	2	5	3	3	5	4	10	23	34
ASV4420	0	1	0	0	0	0	0	0	0	0	0	0	0	1	0	0	1	0
ASV4421	0	2	0	1	0	0	1	0	0	1	1	1	0	1	0	0	0	0
ASV4422	2	0	1	0	0	1	1	1	3	1	2	0	1	1	1	0	1	0
ASV4423	0	1	0	0	0	0	0	0	0	0	0	0	0	0	0	1	0	0
ASV4424	1	0	4	0	1	1	0	0	0	1	0	2	0	1	0	0	0	0
ASV4425	0	0	0	2	0	0	0	0	1	0	1	0	0	0	0	0	0	0
ASV4426	3	0	0	0	1	0	0	1	1	2	0	1	1	0	0	0	0	0
ASV4427	3	5	0	2	4	1	2	4	0	4	2	2	2	0	1	1	2	0
ASV4428	4	0	0	1	0	0	1	1	0	1	0	0	1	1	0	2	3	1
ASV4429	1	1	4	1	0	1	1	1	1	0	1	4	0	0	0	0	1	0
ASV443	12	8	7	7	10	8	8	8	10	10	4	8	4	8	6	3	6	5
ASV4430	6	4	5	2	1	4	2	1	1	1	0	0	0	1	0	1	0	0
ASV4431	0	2	1	1	0	0	2	1	1	0	0	0	0	0	1	1	0	0
ASV4432	0	1	0	0	4	0	0	0	0	1	0	0	0	0	1	1	0	0
ASV4433	0	1	2	1	1	1	1	1	0	1	0	1	0	1	1	0	1	1
ASV4434	2	1	3	3	1	6	0	0	0	2	3	0	2	1	1	0	0	0
ASV4435	3	2	0	2	1	0	1	0	0	1	1	0	1	1	1	0	0	1
ASV4436	1	1	1	1	0	0	0	0	0	1	1	0	0	1	2	0	0	0
ASV4437	3	1	1	2	1	0	2	0	0	3	0	1	1	0	0	1	0	0
ASV4438	0	0	0	2	0	3	2	1	1	0	0	2	0	2	0	0	0	0
ASV4439	5	4	4	2	3	4	3	0	5	5	5	0	2	3	2	1	1	0
ASV444	7	8	3	5	11	7	1	3	9	8	2	9	3	5	11	9	3	3
ASV4440	0	0	0	0	0	0	0	0	0	0	0	0	0	0	0	0	0	0
ASV4441	2	0	0	0	1	0	0	0	0	0	1	0	1	1	3	0	0	0
ASV4443	0	1	3	2	1	1	1	0	1	2	0	0	1	1	0	0	0	0
ASV4444	2	4	3	0	0	1	0	0	0	0	0	1	2	0	0	0	0	0
ASV4445	0	2	1	0	0	0	0	0	0	0	0	0	0	2	0	2	0	0
ASV4446	3	0	1	2	1	0	0	0	0	1	1	1	0	1	0	0	0	0
ASV4447	1	0	0	0	1	0	0	0	1	0	0	0	0	1	0	0	0	0
ASV4448	0	0	0	0	0	0	0	0	0	0	0	0	0	0	0	0	0	0
ASV4449	2	0	1	0	0	0	2	0	0	0	0	1	1	0	0	0	0	0
ASV445	8	15	14	20	17	20	24	34	24	23	30	49	30	44	41	31	39	32
ASV4450	3	2	4	0	1	2	1	3	2	2	0	1	3	1	0	0	0	2
ASV4451	0	1	1	0	1	1	2	2	1	1	4	0	2	0	0	0	3	12
ASV4452	0	0	0	0	0	0	1	0	1	0	1	0	0	0	0	0	0	0
ASV4453	3	1	0	0	1	0	2	0	0	1	0	1	2	0	0	0	0	0
ASV4454	4	5	2	4	2	3	5	7	6	8	6	10	14	7	8	2	4	3
ASV4455	2	0	0	2	2	5	0	1	1	0	3	0	5	2	1	0	0	0
ASV4456	1	2	0	0	0	0	0	0	1	0	0	1	0	0	2	0	0	0
ASV4457	0	3	1	0	2	0	3	0	0	2	0	0	2	0	0	0	1	2
ASV4458	2	2	0	0	1	2	1	1	1	1	2	1	0	0	0	1	0	1
ASV4459	4	4	2	2	5	0	2	0	3	7	2	2	4	1	3	1	0	0
ASV446	5	2	1	4	5	4	4	3	1	2	3	0	7	1	7	6	1	2
ASV4460	2	2	4	2	2	0	2	1	0	1	0	0	0	1	1	0	0	0
ASV4461	1	1	2	0	0	2	1	0	2	3	0	1	2	0	1	2	0	1
ASV4462	8	5	2	3	1	2	1	0	0	2	3	1	0	3	2	2	0	0
ASV4463	4	0	3	1	3	0	3	0	2	4	0	2	2	0	2	0	0	0
ASV4464	3	0	1	1	1	2	1	0	1	1	0	1	0	2	1	0	0	0
ASV4465	0	1	1	0	0	1	0	1	1	0	0	0	0	1	0	0	0	0
ASV4466	0	0	0	1	0	0	0	0	0	0	1	1	0	2	0	0	0	0
ASV4467	4	1	0	7	0	0	0	2	1	1	0	0	1	0	0	0	0	0
ASV4468	1	0	0	0	0	0	0	0	0	0	0	0	0	0	0	0	0	0
ASV4469	1	1	1	0	0	0	0	0	0	0	1	0	0	0	0	0	0	0
ASV447	13	10	16	13	13	10	13	7	13	5	6	10	13	5	6	8	9	3
ASV4470	1	0	0	0	0	3	0	1	0	2	0	0	1	1	0	0	1	0
ASV4471	0	0	0	0	1	1	1	0	0	1	1	0	0	1	0	0	0	0
ASV4472	2	3	1	1	1	1	3	1	2	3	0	1	1	1	0	0	0	0
ASV4473	0	2	0	1	3	1	1	2	2	1	1	2	1	5	1	1	3	1
ASV4474	0	0	1	0	0	0	0	0	0	0	1	1	0	0	1	0	0	0
ASV4475	3	0	2	2	2	3	2	0	1	0	0	1	2	0	0	0	1	0
ASV4476	1	0	5	2	1	0	0	1	0	1	1	0	0	0	0	4	0	0
ASV4477	0	0	0	0	1	0	0	0	0	0	0	1	0	0	0	0	0	0
ASV4478	0	0	0	0	0	1	0	0	0	1	0	0	0	0	0	0	0	0
ASV4479	0	2	0	2	0	1	1	2	0	1	0	1	0	6	2	0	0	0
ASV448	4	3	7	2	0	1	0	0	1	4	0	1	3	2	0	0	1	1
ASV4480	0	0	1	0	0	0	0	1	0	0	1	0	0	4	1	0	0	0
ASV4481	0	0	0	0	0	0	0	0	0	0	0	0	1	0	1	0	0	0
ASV4482	0	2	1	0	0	1	0	0	0	0	0	0	0	0	1	0	0	1
ASV4483	0	0	0	0	0	0	0	0	0	0	0	0	0	1	0	0	0	0
ASV4484	0	1	0	0	1	1	0	1	0	0	0	2	1	0	1	0	2	0
ASV4485	0	0	0	0	0	0	0	0	0	0	0	0	1	0	0	0	0	0
ASV4486	1	0	1	3	2	1	1	0	1	1	0	2	0	0	0	0	0	0
ASV4487	1	1	0	1	1	0	1	1	2	1	0	0	1	3	1	1	0	1
ASV4488	1	0	2	2	2	0	0	0	0	1	2	0	0	0	0	2	0	1
ASV4489	1	2	0	2	0	1	2	0	2	2	0	3	1	0	0	2	1	0
ASV449	11	7	5	16	13	4	2	3	3	12	2	7	5	6	6	4	1	2
ASV4490	2	1	1	5	1	1	5	2	0	3	0	3	1	1	2	2	0	2
ASV4491	0	0	0	0	0	0	0	2	0	0	0	0	0	0	1	0	0	0
ASV4492	3	0	0	0	0	0	1	0	0	0	0	0	1	2	1	0	1	2
ASV4493	1	0	0	0	0	1	2	1	1	0	0	0	0	2	2	0	0	1
ASV4494	0	0	0	0	0	0	0	0	0	0	0	0	0	0	0	0	0	0
ASV4495	2	4	1	1	0	1	1	0	1	0	0	0	2	0	0	0	0	0
ASV4496	6	3	4	6	1	0	3	1	0	0	0	0	0	0	0	0	0	0
ASV4497	0	0	0	0	0	0	0	0	0	0	0	0	0	0	0	0	0	0
ASV4498	0	0	0	0	1	0	0	0	0	0	0	1	1	0	0	0	0	0
ASV4499	0	0	0	0	0	0	0	0	0	0	0	0	0	0	0	0	0	0
ASV45	13	18	17	19	17	17	23	25	14	15	16	10	21	36	28	48	43	54
ASV450	38	30	25	32	31	40	38	33	32	22	24	34	44	16	26	20	31	34
ASV4500	2	0	1	2	0	2	0	0	1	0	1	0	0	0	0	0	0	0
ASV4501	4	3	3	1	2	2	2	1	2	1	2	2	2	4	2	2	8	3
ASV4502	1	0	1	1	0	3	2	0	0	1	0	0	0	0	1	1	1	0
ASV4503	2	0	0	1	0	0	0	1	0	0	2	2	0	2	1	3	2	1
ASV4504	1	2	8	3	4	5	2	0	2	4	0	2	0	3	1	0	0	0
ASV4505	1	0	1	2	1	1	1	0	0	1	1	3	0	0	0	2	1	0
ASV4506	2	1	0	2	2	0	0	1	2	1	1	1	1	0	0	0	0	0
ASV4507	0	0	2	0	0	0	0	1	0	0	0	0	1	0	0	0	0	0
ASV4508	0	1	0	0	0	0	0	0	0	0	0	0	0	0	0	0	0	0
ASV4509	7	9	8	14	13	18	13	10	15	18	21	24	14	12	14	6	28	22
ASV451	7	1	3	4	10	9	2	7	5	10	5	6	14	17	19	20	16	19
ASV4510	0	1	0	0	2	3	0	0	1	1	0	1	1	0	0	0	0	1
ASV4511	1	0	0	0	1	0	0	1	0	1	0	0	0	1	0	0	0	0
ASV4513	0	0	3	0	0	0	1	0	1	0	3	0	0	1	1	0	2	1
ASV4514	0	0	3	1	2	0	1	0	0	0	0	1	0	0	0	0	0	0
ASV4515	0	2	2	2	1	2	0	0	0	0	0	0	1	0	0	0	0	0
ASV4516	0	0	0	0	0	0	0	0	0	0	0	0	0	0	1	0	0	0
ASV4517	0	2	1	1	2	0	0	0	1	1	0	0	0	0	1	0	0	1
ASV4518	9	10	12	16	5	5	8	4	9	1	2	3	3	4	4	6	3	6
ASV4519	1	2	0	0	0	1	1	0	0	0	4	1	0	0	1	0	0	0
ASV452	3	2	2	1	1	4	3	1	3	2	4	4	1	6	4	12	11	18
ASV4520	0	1	0	0	0	1	0	1	0	0	1	0	1	1	1	2	1	0
ASV4521	1	0	2	0	0	0	0	0	1	2	0	0	0	1	0	1	0	0
ASV4522	0	0	0	1	0	0	2	0	0	0	0	3	0	0	0	0	1	2
ASV4523	2	2	0	0	0	1	0	1	0	1	2	0	1	0	0	1	0	0
ASV4524	1	0	0	1	0	0	0	0	1	2	1	1	1	1	2	0	0	0
ASV4525	0	0	1	0	0	0	2	0	1	0	0	1	1	1	0	0	0	0
ASV4526	0	0	0	0	0	0	1	0	0	0	0	0	0	0	0	0	0	0
ASV4527	1	0	1	2	1	2	2	2	1	0	2	1	2	0	3	0	2	2
ASV4528	4	2	2	1	0	1	0	0	0	2	2	0	0	0	0	2	0	0
ASV4529	1	0	1	1	0	0	0	0	0	0	1	0	0	0	0	0	0	0
ASV453	12	14	11	13	9	3	12	6	7	7	4	5	5	5	7	1	1	0
ASV4530	1	0	0	1	0	0	2	0	0	1	0	1	0	0	0	0	0	0
ASV4531	0	0	0	0	0	1	0	0	0	0	0	0	0	0	0	0	0	0
ASV4532	0	2	0	0	0	0	0	0	1	1	1	2	0	2	0	0	0	1
ASV4533	0	1	0	1	0	0	0	0	0	0	1	0	0	0	0	1	2	1
ASV4534	4	4	3	5	2	4	1	0	1	2	4	1	1	5	0	0	0	3
ASV4535	3	1	1	2	2	2	1	0	1	0	2	0	0	0	0	1	0	0
ASV4536	1	2	0	1	0	4	1	0	1	0	2	3	0	3	2	2	0	0
ASV4537	2	0	0	2	1	0	2	0	0	0	0	0	0	1	3	0	0	0
ASV4538	0	0	2	1	0	0	1	1	1	1	2	0	0	0	0	0	0	0
ASV4539	0	0	0	1	0	0	1	0	0	0	0	1	1	0	0	0	0	0
ASV454	13	4	2	5	13	7	7	5	4	3	3	4	1	7	3	0	2	2
ASV4540	1	2	0	3	0	0	1	1	2	1	0	0	0	1	2	0	0	0
ASV4541	1	2	1	0	4	0	2	2	1	0	0	0	3	1	1	0	1	0
ASV4542	0	0	0	1	0	0	1	0	0	0	0	0	0	0	0	0	0	0
ASV4543	5	2	1	4	2	1	0	0	0	2	1	1	0	1	1	0	0	0
ASV4544	0	1	0	1	0	0	1	0	0	1	0	0	0	1	0	0	0	0
ASV4545	0	0	0	0	0	0	0	0	0	0	0	1	2	0	0	0	0	0
ASV4546	2	1	4	0	1	0	2	1	0	3	0	0	0	0	0	0	0	0
ASV4547	2	1	0	2	1	0	0	4	1	3	1	2	2	0	1	1	2	0
ASV4549	0	1	2	1	2	1	2	2	0	0	2	0	0	0	0	0	2	1
ASV455	11	15	10	9	8	9	3	8	9	6	3	5	9	4	15	5	4	1
ASV4550	0	0	0	0	1	0	0	0	0	0	0	0	0	0	1	0	0	0
ASV4551	1	1	0	1	0	0	0	1	2	1	0	1	0	0	1	0	0	0
ASV4552	2	1	2	0	1	2	2	2	2	1	0	1	2	4	0	1	2	0
ASV4553	0	0	2	1	1	0	1	0	2	2	1	1	1	0	0	0	0	0
ASV4554	2	0	0	0	0	1	0	1	2	3	0	0	1	0	3	5	0	0
ASV4555	0	0	1	0	0	0	0	1	0	1	0	0	0	0	0	0	0	1
ASV4556	0	0	0	0	0	0	0	0	0	0	1	0	0	0	0	0	0	0
ASV4557	0	0	0	0	0	0	0	0	0	0	0	0	0	0	0	0	1	0
ASV4558	0	0	1	2	0	0	1	0	0	1	1	0	0	1	1	0	0	0
ASV4559	1	1	2	1	0	4	0	0	0	3	1	0	0	0	0	0	0	1
ASV456	19	9	12	9	15	11	8	10	7	14	11	8	10	5	8	6	4	4
ASV4560	1	0	1	0	0	0	1	0	0	1	0	0	0	0	0	0	1	0
ASV4561	1	0	0	1	0	1	1	0	0	0	0	1	0	0	0	0	0	0
ASV4562	0	0	0	0	0	0	0	0	0	0	0	0	0	0	0	0	0	0
ASV4563	2	0	3	0	1	0	0	0	0	0	0	0	0	0	0	1	0	0
ASV4564	0	0	0	0	0	0	0	0	0	0	0	0	0	0	0	0	0	0
ASV4565	2	0	1	2	0	2	0	1	0	0	1	0	1	2	0	0	0	0
ASV4566	0	1	0	0	0	0	0	0	0	1	1	1	0	1	2	0	0	0
ASV4567	0	0	0	0	1	3	0	0	1	1	2	0	0	0	0	3	0	0
ASV4568	0	0	1	1	0	1	0	0	1	0	0	0	0	0	0	0	1	0
ASV4569	1	1	1	0	2	0	1	1	3	1	1	1	2	3	1	0	1	0
ASV457	0	1	0	0	0	0	0	0	0	1	0	0	0	0	0	0	1	12
ASV4570	0	2	0	0	0	0	1	0	1	1	0	0	0	0	0	0	0	0
ASV4571	2	0	1	1	1	0	1	1	0	2	0	2	0	1	1	4	1	0
ASV4572	2	1	2	2	0	0	0	0	1	2	0	0	0	0	1	1	0	0
ASV4573	4	1	3	1	0	1	1	2	1	5	0	0	0	0	0	1	0	0
ASV4574	1	0	0	0	0	0	0	0	0	0	1	0	0	0	0	2	0	0
ASV4575	1	0	0	0	1	1	0	0	0	0	1	0	0	0	0	0	0	0
ASV4576	1	0	0	0	1	0	0	0	0	1	2	0	0	0	0	0	0	0
ASV4577	1	0	0	1	0	0	0	0	1	1	0	2	0	0	0	0	0	1
ASV4578	1	1	0	0	0	1	0	0	0	0	0	0	0	0	0	0	0	2
ASV4579	1	0	0	2	1	1	0	0	0	0	1	0	1	1	1	0	0	0
ASV458	16	3	13	7	11	6	3	5	6	11	5	4	6	8	2	2	2	2
ASV4580	3	2	1	2	1	5	1	1	1	0	1	0	0	2	0	0	0	1
ASV4581	1	1	0	1	4	0	0	1	0	0	0	0	0	1	0	0	0	0
ASV4582	0	0	0	0	0	0	0	0	0	0	0	0	0	0	0	0	0	0
ASV4583	3	0	0	0	2	0	1	0	1	1	0	1	0	2	0	0	0	0
ASV4584	0	0	0	0	0	0	1	0	0	0	0	0	0	0	0	1	0	0
ASV4585	1	2	1	0	0	4	1	1	0	0	1	1	0	0	0	1	1	0
ASV4586	0	0	0	0	0	0	0	0	0	0	0	0	0	1	0	1	0	0
ASV4587	0	3	1	0	2	1	3	2	1	1	1	2	1	1	0	0	1	1
ASV4588	3	2	0	1	0	1	1	0	0	0	0	0	2	1	0	0	0	0
ASV4589	0	0	0	0	0	1	0	0	0	0	0	0	0	0	0	0	0	0
ASV459	13	16	16	9	10	7	7	4	4	10	4	5	3	3	7	4	1	2
ASV4590	0	0	1	0	0	1	0	1	0	0	0	0	0	0	0	0	0	0
ASV4591	0	0	1	0	1	2	0	0	2	1	0	1	0	2	1	0	0	0
ASV4592	2	0	1	0	1	0	4	2	0	1	1	0	0	0	0	0	0	0
ASV4593	0	1	0	0	0	0	0	0	1	0	1	0	0	0	1	1	1	1
ASV4594	1	0	0	0	0	0	0	0	0	0	0	0	0	0	0	0	0	0
ASV4595	2	3	0	2	2	3	4	1	0	3	2	0	1	0	0	1	0	0
ASV4596	3	0	0	2	1	0	0	1	1	2	1	0	0	0	1	1	2	1
ASV4597	0	1	0	2	0	0	1	0	0	0	0	0	0	0	0	0	0	0
ASV4598	3	1	4	2	3	1	0	2	0	0	0	0	0	1	0	2	0	2
ASV4599	1	0	1	0	0	0	2	0	2	1	0	0	0	0	0	2	0	1
ASV46	123	92	98	117	110	106	126	68	110	141	128	107	111	102	114	136	135	140
ASV460	12	13	6	12	11	15	3	3	6	11	11	16	10	13	17	9	13	9
ASV4600	5	1	0	0	2	0	0	0	1	4	0	0	2	2	0	2	0	1
ASV4601	0	2	1	2	4	2	1	1	2	2	1	2	1	3	1	0	2	0
ASV4602	1	3	1	0	0	0	0	0	0	0	1	0	0	0	0	0	0	0
ASV4603	0	0	0	0	0	0	0	0	0	0	0	0	0	0	0	0	0	0
ASV4604	1	1	0	1	0	2	0	0	1	0	0	0	1	1	0	0	0	0
ASV4605	0	0	1	1	0	1	0	1	3	1	0	1	1	2	1	0	0	1
ASV4606	2	1	0	1	0	1	1	0	2	2	1	0	0	0	0	2	0	0
ASV4607	1	0	2	0	0	0	0	0	0	0	1	1	2	1	0	0	0	0
ASV4608	0	4	0	1	0	0	2	0	0	0	0	0	0	0	0	0	0	0
ASV4609	2	1	2	1	0	2	0	2	0	0	1	1	2	0	1	1	0	0
ASV461	15	9	8	12	8	12	13	8	11	9	9	10	6	9	13	17	13	6
ASV4610	0	2	1	2	0	0	2	0	0	0	0	0	0	1	0	0	0	0
ASV4612	0	0	0	0	1	0	0	0	0	0	0	0	0	0	0	0	0	0
ASV4613	0	0	0	0	0	0	0	0	0	0	0	1	0	0	0	0	0	0
ASV4614	1	1	2	1	1	1	0	0	0	0	0	1	1	1	0	0	0	0
ASV4615	1	0	2	1	5	1	1	1	0	1	2	0	1	0	2	1	1	0
ASV4616	0	1	1	1	1	0	1	1	0	0	0	0	0	0	0	0	0	1
ASV4617	0	0	0	0	0	0	0	0	0	2	0	0	0	0	0	0	0	1
ASV4618	5	0	3	6	1	1	4	0	0	2	3	2	1	1	0	1	0	0
ASV4619	0	0	0	0	0	0	0	0	0	0	2	0	0	0	0	0	0	0
ASV462	1	2	0	0	1	1	1	1	1	0	2	2	0	0	0	0	1	1
ASV4620	0	0	0	0	0	0	0	0	0	0	0	0	0	0	0	0	0	0
ASV4621	1	0	0	0	0	0	0	0	0	0	0	1	1	0	0	0	0	0
ASV4622	1	1	0	0	2	1	0	1	0	0	1	0	0	0	0	1	0	0
ASV4623	0	0	1	0	0	0	0	1	0	0	0	0	1	0	0	0	0	0
ASV4624	1	1	1	2	2	0	0	0	1	1	0	1	0	2	2	0	1	0
ASV4625	2	0	4	0	2	1	0	0	0	2	2	0	0	1	0	0	0	0
ASV4626	3	1	1	0	0	0	2	0	3	1	3	0	2	0	0	2	1	1
ASV4627	1	0	4	3	0	1	0	1	0	0	1	2	0	0	0	0	0	0
ASV4628	1	1	3	3	1	0	0	0	0	1	0	0	0	0	3	0	1	1
ASV4629	0	1	0	0	4	0	0	1	1	2	1	1	1	0	0	1	2	1
ASV463	7	6	9	6	10	4	15	10	9	11	13	17	18	11	16	29	28	28
ASV4630	0	0	0	1	1	0	0	0	0	1	0	0	0	0	0	0	0	0
ASV4631	1	1	1	1	1	0	0	0	1	1	0	1	0	0	0	0	0	0
ASV4632	0	0	0	1	1	1	0	1	1	2	3	3	2	2	1	1	4	0
ASV4633	0	0	0	0	0	0	0	0	0	0	0	0	0	0	0	0	0	0
ASV4634	0	0	0	0	2	0	0	0	0	0	1	0	0	0	0	0	0	0
ASV4635	1	0	1	0	0	0	0	0	0	0	0	0	0	0	0	0	0	0
ASV4636	0	1	0	0	1	0	1	1	0	0	1	1	0	0	1	0	0	0
ASV4637	1	0	0	0	0	0	0	0	0	1	0	2	0	0	0	0	0	0
ASV4638	1	0	2	0	0	0	1	0	1	0	1	0	0	0	0	0	0	0
ASV4639	2	3	5	2	1	4	2	6	1	0	1	2	2	0	0	2	0	0
ASV464	4	6	5	4	12	5	9	5	4	9	8	9	7	5	6	4	8	3
ASV4640	0	0	0	0	1	0	0	0	2	0	0	0	0	0	2	2	0	0
ASV4641	1	1	0	0	0	2	1	0	0	1	2	0	0	2	0	0	0	0
ASV4642	0	1	2	0	3	3	1	0	1	1	0	0	1	1	0	4	0	0
ASV4643	1	0	1	0	0	1	3	0	0	2	0	2	11	7	6	0	3	0
ASV4644	1	0	0	2	0	0	0	1	0	0	0	1	0	0	1	0	0	0
ASV4645	1	0	0	1	0	1	0	0	2	1	1	0	2	1	0	0	1	0
ASV4646	0	0	0	0	0	0	1	0	0	1	0	3	2	3	1	1	2	0
ASV4647	1	0	1	0	0	1	0	0	1	0	0	0	1	0	1	2	0	0
ASV4648	1	2	7	0	0	0	0	0	0	1	1	0	0	0	0	0	0	0
ASV4649	4	1	1	0	1	0	2	1	0	2	1	1	1	0	0	0	0	0
ASV465	1	2	3	2	3	2	1	0	0	0	0	1	1	0	1	3	2	9
ASV4650	0	0	0	0	0	1	0	0	0	0	0	0	0	0	0	0	0	0
ASV4651	0	1	0	1	2	0	0	0	0	2	0	2	0	0	0	0	1	0
ASV4652	0	1	0	0	0	0	0	0	0	0	0	0	0	0	1	0	0	0
ASV4653	0	0	0	1	1	1	0	0	0	3	0	1	0	2	0	0	0	1
ASV4655	0	2	2	0	1	1	1	0	0	0	0	0	0	0	0	1	0	1
ASV4656	0	2	2	1	3	2	3	0	2	0	0	1	2	0	1	1	0	0
ASV4657	0	0	0	0	0	0	0	0	0	0	0	0	0	0	0	0	0	0
ASV4658	2	1	3	0	3	2	0	1	0	2	3	0	1	1	0	1	1	0
ASV4659	0	0	0	0	0	0	0	0	0	0	0	0	0	0	0	0	0	0
ASV466	4	3	5	2	2	5	2	1	3	6	1	3	4	3	10	10	0	2
ASV4660	0	1	3	1	0	1	0	0	0	1	0	0	2	0	0	3	2	1
ASV4661	1	3	0	0	2	1	0	1	0	1	0	2	2	0	2	1	0	1
ASV4662	0	2	0	2	0	1	0	0	0	1	0	1	0	1	0	0	0	0
ASV4663	0	0	0	1	0	1	1	0	0	2	0	2	0	1	1	2	0	0
ASV4664	0	2	0	1	2	1	2	0	2	1	0	0	0	0	1	1	0	1
ASV4665	0	0	1	0	0	0	0	0	0	0	1	0	0	1	0	0	0	1
ASV4666	2	0	0	3	3	0	1	1	0	0	0	0	1	0	0	0	0	1
ASV4667	0	0	0	0	1	2	0	1	0	1	0	0	1	0	0	0	0	0
ASV4668	0	0	0	0	0	0	0	0	0	0	0	0	0	0	0	0	0	0
ASV4669	1	3	2	1	3	0	0	1	0	1	1	0	3	0	0	0	0	0
ASV467	11	11	4	2	6	1	6	6	3	8	6	12	6	3	3	9	3	4
ASV4670	0	0	0	0	0	0	0	0	0	0	0	0	1	0	0	0	0	1
ASV4671	4	1	2	0	2	3	3	1	0	2	0	1	1	2	3	1	4	1
ASV4672	0	4	2	5	3	1	2	2	3	5	0	1	3	1	1	0	0	0
ASV4673	5	3	2	1	3	3	6	1	3	1	1	4	5	0	1	2	1	0
ASV4674	1	0	0	0	4	0	0	1	1	1	0	0	0	0	2	0	1	1
ASV4677	0	1	1	1	2	0	1	0	5	0	0	0	0	1	1	1	1	0
ASV4678	2	1	0	1	4	0	2	0	0	0	1	0	1	4	0	1	1	0
ASV4679	3	0	2	4	1	3	2	0	0	4	1	1	3	0	2	1	1	0
ASV468	14	11	9	9	10	10	5	3	4	7	9	4	1	6	5	3	1	3
ASV4680	0	1	0	0	2	0	0	2	1	2	2	0	1	1	1	0	0	1
ASV4681	0	1	1	0	0	0	1	0	0	0	1	0	0	0	0	3	0	1
ASV4682	1	1	0	1	0	0	0	0	0	0	0	0	0	0	0	0	0	0
ASV4683	1	0	2	0	0	0	0	1	0	1	0	0	0	1	0	0	0	0
ASV4684	1	0	1	0	0	0	0	0	0	0	0	0	1	0	3	0	0	1
ASV4685	0	1	1	1	0	0	0	0	0	0	0	0	0	0	0	0	0	0
ASV4686	1	3	5	2	2	6	0	0	1	3	0	0	1	3	0	0	0	0
ASV4687	0	0	0	4	1	0	0	2	3	2	2	0	0	9	1	5	1	0
ASV4688	0	3	0	0	5	2	1	1	0	2	1	0	1	1	0	1	0	0
ASV4689	0	0	0	1	0	0	1	0	1	2	0	0	1	0	1	0	0	0
ASV469	13	9	10	11	7	7	9	10	6	6	13	10	15	4	5	9	6	7
ASV4690	0	0	0	0	0	0	1	1	0	0	0	0	0	0	0	0	0	0
ASV4691	0	0	3	2	0	1	0	0	0	0	0	0	0	0	0	0	0	0
ASV4692	1	2	0	1	1	1	0	1	0	0	1	0	0	1	0	0	0	0
ASV4693	1	1	1	3	1	0	0	2	0	0	1	0	0	2	0	1	0	0
ASV4694	2	1	3	1	1	3	2	3	0	2	2	2	5	4	2	5	0	10
ASV4695	0	0	1	1	1	0	0	0	0	0	1	1	0	0	1	2	0	0
ASV4696	0	4	1	2	1	3	1	1	1	2	1	1	0	0	2	0	2	0
ASV4697	0	0	0	2	0	0	0	0	0	3	0	0	0	0	1	0	0	0
ASV4698	1	3	2	3	4	0	0	0	3	3	0	0	0	0	0	0	0	0
ASV4699	0	1	0	0	0	0	1	0	0	0	0	0	0	1	0	0	0	0
ASV47	2	1	1	1	3	2	4	1	7	0	2	4	4	0	2	5	0	2
ASV470	14	10	4	10	9	13	6	8	6	17	6	15	8	5	13	13	18	19
ASV4700	0	0	0	0	0	0	0	0	0	1	0	0	1	0	0	0	0	0
ASV4701	0	0	1	0	0	0	0	0	0	0	0	0	0	0	1	0	0	0
ASV4702	1	2	2	0	0	1	0	0	0	2	0	0	2	0	0	0	0	0
ASV4703	1	4	1	2	0	2	1	1	2	1	0	2	1	1	0	3	0	1
ASV4704	2	0	3	2	1	1	0	2	2	1	1	0	1	0	1	0	0	0
ASV4705	3	0	0	0	0	2	0	0	0	0	0	1	0	0	0	0	0	0
ASV4706	0	1	0	0	1	1	0	1	1	0	1	0	0	0	0	0	0	1
ASV4707	0	0	1	0	1	0	0	0	0	2	0	0	1	0	0	0	0	0
ASV4708	2	1	1	1	1	2	2	1	1	2	2	0	1	1	1	0	0	0
ASV4709	0	0	0	0	0	0	0	1	0	0	0	0	1	0	0	0	0	0
ASV4710	2	0	0	0	1	0	0	0	0	0	0	0	0	0	0	0	0	0
ASV4711	0	1	1	1	1	0	0	0	0	1	0	0	0	1	0	0	0	0
ASV4712	5	0	0	2	1	1	1	0	1	0	0	0	0	1	0	1	0	0
ASV4713	2	0	2	1	2	2	2	0	1	2	0	0	0	0	0	0	0	0
ASV4714	0	0	2	0	0	0	0	0	0	0	0	0	1	0	0	0	0	0
ASV4715	0	2	0	0	3	1	0	0	1	2	0	1	0	2	0	1	0	0
ASV4716	2	1	4	1	1	2	3	1	1	1	1	0	0	1	2	1	0	0
ASV4717	0	1	0	0	0	0	0	0	0	1	0	0	0	1	0	1	0	0
ASV4718	0	0	1	0	1	1	1	0	0	2	0	1	1	0	0	0	1	2
ASV4719	2	0	0	0	0	0	2	1	2	0	1	1	0	0	1	0	1	0
ASV4720	1	2	1	1	0	1	0	2	0	1	2	1	1	2	0	0	1	0
ASV4721	0	0	2	4	1	0	0	1	2	0	0	1	2	0	0	1	0	0
ASV4722	0	1	0	0	0	0	0	0	2	2	1	0	1	0	0	0	1	1
ASV4723	1	0	3	1	0	0	0	0	0	0	0	0	0	0	1	0	0	0
ASV4724	2	0	1	0	3	1	0	0	1	2	0	4	3	0	5	0	0	0
ASV4725	1	1	1	2	0	0	1	0	2	0	0	1	1	1	0	3	0	0
ASV4726	2	1	0	2	0	0	0	0	0	2	1	0	1	1	0	0	0	0
ASV4727	1	1	1	0	0	1	1	1	0	0	0	0	0	0	0	0	0	0
ASV4728	0	1	0	0	0	0	0	0	0	0	0	1	0	0	0	0	0	0
ASV4729	1	2	1	1	1	1	1	0	0	0	0	1	2	0	0	0	1	0
ASV473	9	5	6	10	7	10	7	3	4	8	4	1	4	0	2	0	0	1
ASV4730	0	1	2	1	2	3	1	2	3	2	2	0	3	2	0	1	0	0
ASV4731	6	1	1	3	2	1	0	1	3	2	0	2	0	0	0	0	0	0
ASV4732	1	0	1	0	2	0	0	0	0	0	1	0	0	0	0	2	0	0
ASV4733	0	0	1	0	0	0	0	0	0	0	0	0	0	0	0	0	0	0
ASV4734	2	1	3	1	3	2	0	0	0	3	0	0	1	3	1	2	0	0
ASV4735	0	0	0	0	0	0	1	0	1	0	0	0	0	0	0	0	0	0
ASV4736	3	1	7	3	2	0	2	1	2	1	3	2	0	0	0	2	0	0
ASV4737	3	1	0	1	3	0	2	1	1	1	1	1	0	0	1	1	0	0
ASV4738	1	0	0	0	0	0	1	0	0	0	0	0	0	0	0	0	0	0
ASV4739	3	1	2	5	1	0	0	3	0	2	0	3	2	0	1	0	1	0
ASV474	10	1	10	4	3	7	7	7	5	7	4	8	9	4	12	12	3	6
ASV4740	0	0	0	0	1	0	0	0	1	0	0	0	0	0	1	0	0	0
ASV4741	0	0	0	0	0	0	0	1	0	0	0	0	1	1	1	0	0	0
ASV4742	0	0	1	1	1	1	0	0	0	2	0	1	1	0	0	1	0	1
ASV4743	0	2	1	0	0	0	0	1	0	0	0	0	0	0	0	0	0	0
ASV4745	0	0	0	0	0	0	0	0	1	0	1	0	1	0	0	1	0	1
ASV4746	0	0	0	0	0	0	1	0	0	0	0	1	0	0	1	0	0	0
ASV4747	2	1	1	1	0	1	0	0	2	2	0	0	0	0	2	0	0	0
ASV4748	3	0	2	1	0	0	1	2	1	2	0	1	0	0	0	1	1	1
ASV4749	1	1	0	0	0	0	0	0	0	1	0	0	0	1	1	0	0	0
ASV475	7	5	6	3	6	4	6	8	6	8	5	6	4	8	2	12	15	16
ASV4750	0	1	1	0	0	0	0	0	2	0	2	0	0	1	0	1	0	1
ASV4751	0	0	2	1	1	0	1	1	0	0	1	0	2	0	0	0	0	0
ASV4752	0	0	0	1	0	0	1	0	0	0	0	1	0	0	0	4	1	9
ASV4753	2	0	2	1	1	0	1	0	0	0	0	0	1	0	0	0	0	0
ASV4754	2	2	0	3	0	1	1	1	0	2	0	0	0	0	1	0	0	0
ASV4755	2	0	0	1	0	0	0	0	0	0	0	0	1	1	1	1	0	0
ASV4756	1	0	4	3	0	2	1	1	1	1	3	0	2	0	2	0	0	0
ASV4757	1	2	2	1	0	0	0	0	0	3	0	0	0	2	1	1	0	1
ASV4758	0	0	0	0	1	0	3	1	1	0	0	0	1	0	0	0	0	0
ASV4759	20	16	26	12	12	16	18	19	11	13	22	23	17	17	17	24	28	16
ASV476	3	3	3	1	3	3	3	2	1	1	2	0	2	3	3	6	3	5
ASV4760	1	0	0	0	1	0	0	1	0	2	0	0	1	0	0	1	0	1
ASV4761	1	0	0	2	1	0	1	1	0	0	0	0	1	0	0	0	0	0
ASV4762	3	2	1	6	0	1	1	0	0	0	0	1	0	0	0	0	0	0
ASV4763	0	2	1	0	1	0	1	0	0	0	0	0	0	0	0	0	1	0
ASV4764	0	2	2	0	0	0	1	2	0	0	0	1	0	0	0	0	0	0
ASV4765	1	0	1	0	4	0	1	0	0	0	1	0	1	1	0	0	0	0
ASV4766	0	1	1	2	0	1	0	0	0	0	0	0	0	0	0	0	0	0
ASV4767	1	3	4	4	3	5	5	0	3	2	2	4	3	2	1	0	0	0
ASV4768	3	0	4	2	0	2	1	2	1	3	2	1	2	1	2	0	0	0
ASV4769	1	4	1	0	0	2	0	1	1	0	0	0	1	0	0	0	0	1
ASV477	15	13	9	10	9	10	13	5	9	18	8	7	4	9	4	5	6	0
ASV4770	0	0	1	0	0	0	1	0	0	0	0	0	0	1	0	1	1	0
ASV4771	0	0	0	0	0	0	0	0	0	0	0	0	0	0	0	0	0	0
ASV4772	0	4	0	0	3	0	0	0	0	0	0	0	1	0	0	3	1	0
ASV4773	0	0	3	4	1	0	1	0	0	0	0	0	0	2	0	0	0	0
ASV4774	3	2	2	5	0	3	1	2	2	0	1	0	0	0	1	3	0	0
ASV4775	0	0	2	0	1	1	0	0	0	0	0	2	0	0	0	2	0	0
ASV4776	0	0	0	1	1	0	1	0	1	0	0	0	0	0	0	4	0	0
ASV4777	0	1	3	1	0	2	1	2	0	1	0	1	0	1	0	0	0	0
ASV4778	0	0	1	0	0	1	0	0	0	1	2	0	1	1	2	0	0	0
ASV4779	0	1	1	1	1	2	0	0	0	1	0	0	0	2	0	2	0	0
ASV478	20	18	25	29	22	24	21	32	22	23	30	22	27	15	16	23	31	30
ASV4780	1	0	0	0	2	1	1	2	1	2	1	0	3	0	1	0	0	0
ASV4781	0	0	0	0	0	0	0	0	0	0	0	0	0	0	0	2	0	0
ASV4782	2	3	1	1	0	1	0	1	0	1	2	0	0	0	2	1	0	0
ASV4783	0	0	4	3	2	1	0	0	0	1	0	0	3	0	0	0	0	0
ASV4784	1	1	0	0	3	0	2	0	0	0	0	1	1	0	0	1	0	0
ASV4785	0	1	0	0	1	0	0	1	0	1	0	0	0	0	0	0	0	0
ASV4786	0	0	0	0	1	2	0	1	0	0	1	2	1	1	4	1	0	0
ASV4787	2	2	1	0	0	2	4	3	1	4	2	0	2	2	3	0	1	0
ASV4788	3	7	8	10	8	6	11	10	14	5	9	12	10	7	7	7	8	11
ASV4789	2	1	1	3	3	2	1	0	1	2	1	0	0	1	0	0	0	0
ASV479	10	1	6	4	7	5	4	3	2	5	2	3	6	1	2	4	0	1
ASV4790	0	0	0	2	0	0	0	0	0	0	0	2	0	0	0	0	0	0
ASV4791	1	1	1	0	2	0	0	0	0	0	1	0	0	0	1	1	0	0
ASV4792	2	0	20	0	2	0	0	0	1	0	0	0	0	0	1	1	0	0
ASV4793	0	0	0	0	0	0	0	0	0	0	0	0	0	0	0	0	0	0
ASV4794	0	1	0	0	0	0	0	0	0	0	0	0	0	0	0	0	0	0
ASV4795	0	0	0	2	0	3	0	0	0	0	0	0	0	0	0	0	0	0
ASV4796	0	0	3	1	0	1	3	1	0	0	0	1	1	3	0	0	0	0
ASV4797	0	2	0	2	0	4	1	2	2	2	2	1	1	0	1	3	2	1
ASV4798	1	1	1	0	0	1	1	1	0	0	1	1	0	0	1	2	0	0
ASV4799	2	2	3	1	1	1	3	0	1	1	4	0	1	1	1	0	0	0
ASV48	92	68	27	41	43	72	96	151	220	220	258	246	249	321	289	273	172	147
ASV480	0	0	1	1	0	0	0	0	1	0	0	0	1	0	0	0	0	0
ASV4800	2	1	1	0	3	0	1	2	2	1	2	0	0	0	1	2	0	0
ASV4801	3	3	1	3	2	0	0	5	0	4	2	0	2	3	5	4	2	1
ASV4802	1	0	0	0	0	0	1	0	1	1	0	0	0	0	1	0	0	0
ASV4803	2	0	0	3	1	1	1	1	1	0	0	1	0	0	0	0	0	0
ASV4804	0	0	0	0	0	0	0	0	0	0	0	0	0	0	0	0	0	0
ASV4805	2	0	2	4	3	1	2	0	0	4	3	2	3	1	1	0	0	0
ASV4806	2	3	1	1	0	0	1	0	3	1	0	1	0	1	0	0	0	0
ASV4807	1	2	0	1	4	0	0	1	0	0	0	0	0	0	2	0	0	0
ASV4808	0	3	1	0	0	0	0	0	0	0	0	0	0	0	0	0	0	0
ASV4809	1	1	2	0	0	0	0	2	0	0	0	0	0	0	2	0	0	0
ASV481	1	2	6	2	1	7	1	0	1	3	1	1	1	1	1	0	1	0
ASV4810	1	0	1	3	0	2	3	2	2	1	3	1	0	2	2	1	1	0
ASV4811	0	1	0	0	0	0	0	0	0	0	0	0	0	0	0	0	0	0
ASV4812	0	0	0	2	0	0	0	0	0	0	0	0	0	0	0	0	0	0
ASV4813	0	0	0	0	0	0	0	0	0	0	0	0	0	0	0	0	0	0
ASV4814	0	1	0	0	1	0	1	0	0	0	0	0	1	0	0	1	0	4
ASV4815	1	4	1	1	4	1	1	1	1	0	2	1	2	0	0	1	1	0
ASV4816	2	1	3	2	0	2	1	0	0	2	2	1	1	3	0	0	0	1
ASV4817	2	0	3	0	2	0	1	0	1	2	0	2	1	0	0	1	1	0
ASV4818	0	0	0	0	3	0	1	2	3	2	2	0	1	1	1	0	0	0
ASV4819	0	1	0	1	0	0	1	0	0	0	0	0	0	1	0	0	0	1
ASV482	6	4	6	7	5	8	4	5	6	5	1	6	3	6	6	6	4	13
ASV4820	0	1	0	1	0	0	0	0	0	0	0	0	0	1	1	0	1	0
ASV4821	0	1	1	2	1	0	1	0	1	1	1	0	0	1	1	0	1	0
ASV4822	1	2	3	3	1	2	3	3	4	1	0	1	2	0	1	0	0	0
ASV4823	1	0	0	0	0	0	1	1	0	2	0	0	0	0	0	0	0	0
ASV4825	0	0	0	0	1	0	0	0	0	1	0	0	0	0	0	0	0	0
ASV4826	4	1	2	1	0	0	2	0	2	0	0	1	2	0	0	0	0	0
ASV4827	0	4	1	0	1	2	0	0	0	0	1	0	1	0	0	0	0	0
ASV4828	3	1	1	0	0	1	1	0	1	0	0	0	0	0	0	0	0	0
ASV4829	0	0	1	1	1	0	0	0	2	0	0	0	1	0	1	6	1	0
ASV483	1	2	3	6	1	3	3	2	4	3	3	5	3	7	31	21	14	6
ASV4830	2	1	2	4	1	1	2	1	0	2	1	1	2	4	1	0	0	1
ASV4831	1	1	0	1	1	0	1	1	0	2	1	0	2	0	0	0	0	0
ASV4832	2	0	1	0	1	3	1	0	2	1	1	2	1	0	2	0	0	0
ASV4833	0	0	0	0	0	0	0	0	0	0	0	0	0	0	0	0	0	0
ASV4834	0	0	1	0	0	0	0	1	0	0	0	0	0	1	0	0	0	0
ASV4835	1	1	3	1	1	3	1	1	1	2	1	0	3	0	0	0	0	0
ASV4836	2	0	1	0	0	2	0	0	0	0	0	2	1	0	1	0	0	0
ASV4837	0	0	2	0	1	1	1	0	1	1	0	0	0	0	0	0	0	0
ASV4838	1	0	0	0	0	0	0	0	0	0	0	1	0	0	0	0	0	0
ASV4839	0	1	1	3	1	0	0	4	5	0	5	3	2	3	1	1	0	1
ASV484	17	28	12	27	11	28	15	11	16	24	21	12	11	14	7	5	3	0
ASV4840	0	0	0	0	1	1	0	0	0	0	0	0	0	0	0	0	0	0
ASV4841	1	0	0	0	0	0	0	0	0	0	0	0	0	0	0	0	0	0
ASV4842	4	2	2	1	3	0	0	0	0	2	1	1	0	2	1	0	0	2
ASV4843	1	0	1	1	0	0	0	1	1	0	1	1	0	1	0	1	0	0
ASV4844	1	0	1	1	0	0	0	0	1	0	0	1	0	1	0	0	0	0
ASV4845	2	1	0	0	0	0	3	2	0	1	1	0	1	0	1	0	0	0
ASV4846	2	1	2	0	1	0	0	1	1	0	0	0	1	1	0	1	0	0
ASV4847	0	0	0	0	1	0	2	1	0	2	0	1	0	1	0	1	1	0
ASV4848	7	5	2	4	3	2	2	2	3	2	3	0	1	1	2	0	1	0
ASV4849	1	2	1	3	0	2	0	0	1	2	0	0	1	1	0	1	0	0
ASV485	10	3	11	7	6	6	8	7	10	5	10	10	10	10	23	26	11	6
ASV4850	0	1	1	1	0	1	0	0	0	0	0	2	3	2	0	0	0	0
ASV4851	1	1	3	0	1	3	1	2	2	2	0	1	0	1	0	0	1	0
ASV4852	2	2	1	0	1	2	3	0	2	2	2	1	1	3	2	1	1	0
ASV4853	1	0	0	1	0	0	0	2	0	0	0	2	0	1	0	0	0	0
ASV4854	1	1	2	1	2	2	5	0	2	2	2	3	2	5	4	1	0	0
ASV4855	0	0	0	0	0	0	0	0	0	0	0	0	0	0	0	0	0	0
ASV4856	4	0	0	1	0	0	2	0	0	1	2	0	0	2	0	0	0	0
ASV4857	1	0	1	1	0	0	0	0	1	1	1	0	1	1	0	0	0	0
ASV4858	0	0	0	0	0	1	1	0	0	0	0	0	1	0	0	0	0	0
ASV4859	0	0	0	1	0	0	0	0	0	0	0	0	0	0	0	3	0	1
ASV486	4	10	2	4	2	1	1	2	3	4	1	3	2	7	11	9	30	34
ASV4860	3	0	0	1	1	0	0	0	0	0	0	0	0	0	0	0	0	0
ASV4861	0	0	1	0	0	0	0	0	0	1	1	0	0	3	2	0	1	0
ASV4862	1	0	0	0	0	0	0	0	1	0	0	0	0	1	0	0	0	0
ASV4863	0	0	0	0	0	0	0	0	0	0	0	0	0	0	0	0	0	0
ASV4864	1	2	2	0	1	0	0	0	1	1	0	1	1	0	0	0	0	0
ASV4865	0	1	2	1	1	0	1	0	0	1	0	0	2	0	0	0	1	0
ASV4866	0	0	1	0	1	0	0	0	0	0	0	0	0	0	0	0	0	0
ASV4867	0	0	0	1	0	0	0	0	2	3	0	1	0	0	0	0	0	0
ASV4868	0	0	0	1	0	0	0	0	0	0	0	0	0	0	0	0	0	0
ASV4869	1	0	0	1	0	1	2	1	0	1	2	1	1	1	0	0	1	1
ASV487	11	8	7	4	8	8	3	3	1	2	5	3	6	7	5	3	0	1
ASV4870	4	1	1	1	2	1	4	0	0	0	0	1	0	0	1	0	0	0
ASV4871	3	0	1	2	0	0	1	0	0	3	0	0	0	0	0	0	0	0
ASV4872	0	0	0	0	0	0	0	0	0	1	2	0	0	0	0	0	0	0
ASV4873	1	0	0	1	0	0	0	0	0	1	0	2	1	0	0	0	0	0
ASV4874	0	0	1	0	0	1	0	0	0	1	0	0	0	0	0	0	0	0
ASV4875	0	1	0	0	0	0	0	0	0	0	0	0	0	0	0	0	0	0
ASV4876	0	0	0	0	0	0	0	0	0	0	0	0	0	0	0	0	0	0
ASV4877	0	0	2	4	0	1	0	2	0	0	4	0	1	0	3	0	0	1
ASV4879	0	0	0	0	1	0	0	0	0	0	0	1	1	0	0	0	0	0
ASV488	12	10	7	2	8	7	8	3	6	10	2	4	4	5	6	1	2	2
ASV4880	0	1	1	0	0	0	1	1	0	1	0	1	0	3	2	3	0	1
ASV4881	1	0	0	0	1	2	0	2	0	0	0	1	0	0	1	0	0	0
ASV4882	2	0	3	0	0	2	1	1	1	1	1	0	2	2	1	0	0	0
ASV4883	2	1	2	0	4	0	0	1	0	2	0	2	0	1	0	0	0	0
ASV4884	3	0	2	1	4	1	4	1	3	1	0	2	4	1	3	0	0	0
ASV4885	1	2	0	2	0	1	2	0	0	0	0	0	2	0	0	0	0	0
ASV4886	0	1	0	0	0	0	0	0	0	0	0	0	0	0	0	0	0	0
ASV4887	3	0	0	1	1	0	0	0	0	0	0	0	1	0	1	0	0	0
ASV4888	2	1	2	0	0	4	0	1	1	0	1	1	1	0	0	0	0	0
ASV4889	0	0	0	0	0	0	1	0	0	0	0	0	0	0	0	0	0	0
ASV489	13	8	7	15	12	9	12	7	6	9	6	8	9	12	17	10	9	7
ASV4890	0	3	0	2	1	0	0	3	1	2	0	1	0	0	0	0	0	0
ASV4891	2	0	2	1	0	0	0	3	0	0	0	0	2	0	2	0	0	0
ASV4892	2	1	1	0	1	0	2	2	1	0	0	2	0	1	2	1	0	0
ASV4893	0	0	2	1	0	0	0	0	0	0	1	1	0	0	1	0	1	0
ASV4894	0	1	0	0	2	0	1	1	0	0	1	0	0	0	3	0	1	1
ASV4895	1	0	0	0	0	0	0	0	0	0	0	0	0	0	0	0	0	0
ASV4896	1	0	1	0	2	3	0	1	0	0	1	0	2	1	0	0	0	0
ASV4897	1	0	2	2	1	1	3	0	2	0	0	0	2	0	1	0	0	0
ASV4898	0	0	1	0	0	0	0	0	0	0	2	0	0	1	1	0	0	0
ASV4899	1	0	0	0	0	3	2	0	0	0	1	2	0	3	2	0	1	1
ASV49	81	109	78	130	243	194	257	235	205	172	163	136	124	125	104	170	121	85
ASV490	12	15	16	16	12	23	19	10	24	21	13	15	18	19	17	11	14	9
ASV4900	0	0	0	0	0	0	0	0	0	0	0	0	1	0	0	0	0	0
ASV4901	0	0	0	0	0	0	0	0	0	1	0	0	0	0	0	0	0	0
ASV4902	1	0	1	0	1	0	1	0	0	1	1	0	3	0	0	0	0	0
ASV4903	2	0	1	0	0	1	1	1	0	0	0	0	0	1	0	0	0	0
ASV4904	1	0	0	0	0	1	0	0	0	0	0	1	0	0	0	1	0	0
ASV4905	1	3	1	0	2	2	0	1	1	0	0	0	1	0	1	0	0	0
ASV4906	0	1	2	3	1	1	0	1	0	1	2	1	0	1	0	3	0	0
ASV4907	0	0	0	0	0	0	0	1	0	0	0	0	0	0	0	0	0	0
ASV4908	1	0	0	3	0	0	0	0	1	1	0	1	1	2	0	1	0	0
ASV4909	2	0	0	2	2	1	1	1	3	3	1	4	0	0	0	0	0	1
ASV491	8	5	4	6	6	5	9	7	5	4	6	2	9	5	5	2	3	6
ASV4910	1	1	1	4	3	0	2	0	2	5	2	0	0	0	0	0	0	0
ASV4911	1	3	1	2	1	5	2	0	0	0	2	0	0	0	0	0	0	0
ASV4912	1	2	1	3	0	2	1	2	0	0	0	2	1	0	1	0	0	0
ASV4913	3	3	2	3	1	2	1	0	2	3	0	0	0	0	0	0	0	0
ASV4914	0	1	0	0	0	1	1	1	1	0	0	1	1	0	0	0	0	0
ASV4915	1	0	0	1	1	0	0	1	0	1	0	0	1	0	0	0	0	0
ASV4916	0	0	0	0	0	0	0	0	0	0	0	0	0	0	0	0	0	0
ASV4917	0	0	2	3	3	3	3	0	0	0	0	0	0	0	1	0	0	0
ASV4918	0	0	0	0	0	0	0	0	0	0	0	0	0	0	0	1	0	0
ASV4919	1	0	3	1	0	0	0	0	1	1	0	0	0	0	1	0	1	1
ASV492	8	6	4	2	1	3	1	2	2	3	4	4	1	3	5	2	0	0
ASV4920	1	1	0	0	1	0	0	0	0	0	0	0	0	0	0	0	0	0
ASV4921	0	1	2	1	0	0	0	0	0	0	0	0	0	0	0	0	0	0
ASV4922	4	2	2	0	2	2	2	1	5	3	3	3	2	1	2	0	0	0
ASV4923	0	0	0	0	0	0	1	0	1	0	0	0	0	1	0	0	0	0
ASV4925	2	0	1	0	4	4	1	1	1	0	1	1	1	0	0	0	0	0
ASV4926	0	1	0	0	0	0	0	0	0	0	0	0	1	0	0	0	0	0
ASV4927	0	0	0	1	0	0	0	1	0	0	0	0	0	0	0	0	0	1
ASV4929	1	1	0	2	2	3	0	1	1	2	0	0	1	1	0	0	0	1
ASV493	16	11	13	4	10	10	11	9	3	4	4	1	3	8	5	1	0	0
ASV4930	0	0	2	0	1	1	1	0	0	2	0	1	0	0	0	0	0	0
ASV4931	1	0	0	0	0	0	0	1	0	0	1	0	0	2	0	0	0	0
ASV4932	0	1	1	0	0	2	0	0	0	1	1	0	0	1	0	0	0	1
ASV4933	3	0	1	0	1	0	0	0	0	1	0	1	1	0	0	0	0	0
ASV4934	1	0	1	0	0	1	0	0	0	0	0	1	0	0	0	0	0	0
ASV4935	0	0	0	2	1	0	0	1	0	1	3	3	0	1	0	1	4	1
ASV4936	0	2	2	0	0	0	1	0	0	1	0	0	0	0	0	0	0	0
ASV4937	0	0	0	0	0	2	0	1	0	1	0	0	1	1	0	1	0	0
ASV4938	3	3	0	0	2	0	1	3	1	1	2	2	0	2	4	1	2	0
ASV4939	1	2	3	1	1	2	2	0	1	3	0	1	0	1	1	0	0	0
ASV494	9	4	7	6	5	3	10	7	4	6	1	0	1	4	4	1	0	0
ASV4940	0	0	0	0	0	0	0	0	0	0	0	0	1	0	1	0	0	0
ASV4941	2	2	2	0	0	2	1	0	0	2	0	1	0	0	0	0	0	0
ASV4942	0	0	2	0	2	2	1	0	0	0	0	0	0	0	1	0	0	0
ASV4943	1	0	1	1	0	0	0	0	1	0	0	0	0	0	0	0	0	0
ASV4944	5	0	2	2	1	4	2	1	3	3	2	2	0	1	2	0	0	1
ASV4945	0	0	0	1	0	0	0	1	0	1	0	0	1	0	0	0	0	0
ASV4946	1	1	3	0	0	2	0	0	0	1	0	0	0	1	0	0	0	0
ASV4947	3	2	0	2	1	3	0	2	1	2	0	1	2	1	1	2	0	0
ASV4948	0	0	0	0	0	0	0	0	0	0	0	0	0	1	0	0	0	0
ASV4949	0	0	0	2	0	0	0	0	2	0	1	0	0	3	3	0	4	0
ASV495	9	12	19	16	12	10	15	2	9	16	13	8	7	11	8	5	1	0
ASV4950	0	1	0	2	10	0	0	0	0	1	2	0	1	1	0	0	0	1
ASV4951	0	0	0	0	0	2	1	0	0	0	1	0	0	0	0	1	0	0
ASV4952	0	2	0	1	1	1	0	0	0	0	0	0	0	0	0	0	0	0
ASV4953	0	0	0	0	0	0	0	0	0	1	0	0	0	0	0	0	0	0
ASV4954	0	2	0	1	2	1	2	0	0	4	0	1	1	1	0	2	0	0
ASV4955	2	2	1	1	0	1	0	0	0	0	0	0	0	0	1	0	0	1
ASV4956	0	0	0	0	0	0	0	0	0	0	0	0	0	1	0	0	0	0
ASV4957	0	0	0	1	0	0	1	0	0	0	0	0	0	0	0	0	0	0
ASV4958	0	0	0	0	0	0	0	0	0	0	0	0	1	0	0	0	0	0
ASV4959	2	2	2	1	0	1	1	0	1	3	1	0	1	0	1	0	0	1
ASV496	29	23	24	33	31	26	10	2	11	12	8	10	7	5	5	2	0	0
ASV4960	1	0	0	2	4	0	0	0	0	0	0	0	1	2	2	0	1	0
ASV4961	0	0	2	0	0	0	0	0	0	0	0	1	0	2	0	0	0	0
ASV4962	4	1	4	0	1	3	2	0	0	0	1	3	0	0	0	0	0	0
ASV4963	0	0	0	0	0	2	0	0	0	0	0	0	0	0	0	0	0	0
ASV4964	1	2	0	0	3	0	0	1	0	0	0	0	0	0	0	2	0	0
ASV4965	0	3	0	3	0	0	1	0	0	2	0	0	1	0	0	0	0	0
ASV4966	8	2	4	5	2	5	1	5	4	4	1	4	2	2	2	4	1	1
ASV4967	2	2	3	2	1	4	1	0	0	3	0	0	0	0	2	1	0	0
ASV4968	2	0	0	1	1	4	0	0	1	0	3	0	2	0	0	0	0	1
ASV4969	4	0	0	0	1	1	0	0	2	1	0	1	1	1	1	0	1	0
ASV497	2	0	2	3	0	0	1	1	5	2	0	2	1	5	8	7	13	5
ASV4970	0	0	0	1	1	1	1	0	1	0	0	0	0	0	0	0	0	0
ASV4971	0	0	0	0	0	0	0	1	0	0	1	0	0	0	0	0	0	0
ASV4972	0	0	0	0	0	0	2	0	0	0	1	1	1	0	0	0	0	0
ASV4973	0	0	0	1	1	0	0	0	0	0	1	0	1	1	0	3	0	0
ASV4974	4	0	3	2	1	1	3	1	1	5	0	0	1	0	1	0	1	0
ASV4975	0	2	2	2	0	1	1	1	1	0	1	2	0	2	1	0	0	0
ASV4976	3	1	0	2	1	0	1	2	2	0	2	0	0	1	2	1	2	0
ASV4977	6	2	3	2	2	2	0	2	3	3	3	1	2	1	3	0	2	0
ASV4978	0	0	0	1	1	1	1	1	0	1	0	0	0	0	0	0	0	0
ASV4979	3	0	1	0	2	0	0	2	1	2	0	0	1	1	0	0	0	0
ASV498	1	0	0	0	1	0	0	0	0	1	1	0	0	0	1	0	0	0
ASV4980	6	3	2	1	1	1	0	1	1	1	2	0	1	0	0	0	0	0
ASV4981	0	0	0	0	0	1	0	1	0	0	0	0	0	0	0	0	0	0
ASV4982	0	0	3	1	1	1	2	0	0	1	0	0	2	3	0	0	0	0
ASV4983	20	16	14	18	12	15	15	13	21	14	11	14	15	10	16	11	16	19
ASV4984	1	0	1	0	3	0	1	0	0	1	0	2	0	0	0	0	0	0
ASV4985	1	0	3	0	1	0	1	0	0	0	1	0	1	2	0	0	0	0
ASV4986	0	0	0	1	1	2	1	0	0	0	1	2	1	1	0	0	0	0
ASV4987	0	0	1	4	1	3	2	0	1	4	0	2	2	1	0	0	0	0
ASV4988	1	0	1	1	0	0	0	0	0	0	0	1	0	7	0	0	0	0
ASV4989	0	0	0	0	0	0	0	0	0	2	1	0	0	0	0	0	0	0
ASV499	1	1	5	1	0	1	0	1	1	6	0	3	2	5	2	7	58	76
ASV4990	0	0	0	1	2	0	0	4	0	0	0	0	1	0	0	0	0	0
ASV4991	1	0	0	0	2	0	0	0	1	1	0	1	0	0	0	1	0	0
ASV4992	1	2	2	1	1	2	1	0	1	1	1	0	0	1	0	1	0	0
ASV4993	5	3	0	2	0	1	0	0	0	0	1	2	2	0	2	2	1	1
ASV4994	0	0	0	0	0	0	0	0	0	0	0	0	0	0	0	0	0	0
ASV4995	0	2	3	1	1	2	1	0	0	3	2	2	0	0	0	0	0	0
ASV4996	1	2	2	1	1	0	1	1	0	0	1	0	0	0	0	0	0	0
ASV4997	1	1	2	0	0	2	1	0	0	0	0	0	1	1	0	0	0	0
ASV4998	2	1	0	3	2	1	0	1	1	2	1	0	0	1	0	0	0	0
ASV4999	3	0	1	1	1	1	0	0	1	0	1	0	0	0	0	0	0	0
ASV5	188	131	147	205	218	249	253	283	377	393	407	468	436	585	446	695	510	409
ASV50	89	84	96	78	102	73	119	95	82	105	86	87	93	67	102	175	107	81
ASV500	14	7	10	13	20	13	14	5	10	12	10	21	25	21	16	8	9	8
ASV5000	3	0	0	1	0	1	1	0	0	0	0	0	1	1	0	0	0	0
ASV5001	1	2	3	0	0	1	0	0	1	0	0	1	0	1	0	0	0	0
ASV5002	1	3	1	4	1	1	0	0	3	0	0	1	0	1	0	0	1	1
ASV5003	2	0	1	2	1	0	0	1	0	0	0	0	2	1	0	1	0	0
ASV5004	1	0	1	1	0	1	0	0	1	0	0	1	0	0	1	0	0	1
ASV5005	1	1	0	2	3	1	1	2	0	2	3	0	1	0	0	0	0	0
ASV5006	2	1	2	3	1	4	1	1	1	0	0	0	1	2	1	1	0	1
ASV5007	0	0	0	0	1	1	0	0	0	1	0	0	0	0	0	0	0	0
ASV5008	0	0	0	0	0	0	0	0	0	0	0	0	0	0	0	0	0	0
ASV501	23	17	16	23	20	17	16	8	19	11	5	13	13	9	7	5	3	3
ASV5010	9	22	23	21	15	26	14	15	16	20	16	20	16	9	8	9	8	3
ASV5011	0	2	0	0	0	0	0	0	0	0	0	0	1	0	0	0	0	0
ASV5012	0	0	1	0	0	0	0	0	0	0	0	0	1	0	1	0	0	1
ASV5013	1	1	0	2	1	0	1	0	0	0	2	0	0	0	0	0	0	0
ASV5014	0	1	0	1	0	0	0	0	0	0	0	0	0	0	0	0	1	0
ASV5015	1	0	3	1	2	2	2	1	1	2	3	1	2	1	1	1	2	0
ASV5016	0	3	1	0	0	1	0	2	1	0	0	0	1	0	0	0	0	0
ASV5017	1	0	1	1	1	1	0	2	2	0	2	2	2	1	0	0	0	0
ASV5018	0	1	1	2	0	0	0	0	0	0	0	0	0	0	0	1	0	0
ASV502	17	15	14	9	10	19	18	8	13	21	32	12	14	31	8	10	12	5
ASV5020	0	0	0	0	0	0	0	0	0	0	0	0	0	0	0	0	0	0
ASV5021	5	3	2	5	0	0	2	1	2	1	4	1	3	2	0	0	0	0
ASV5022	2	0	0	1	1	1	0	2	0	0	0	2	3	0	1	0	0	1
ASV5023	0	0	0	1	4	0	2	1	0	0	0	0	0	0	0	0	0	0
ASV5024	1	0	0	1	0	0	1	1	0	4	3	0	0	1	0	0	1	0
ASV5025	1	0	1	0	0	0	0	0	0	0	0	1	0	0	0	0	0	0
ASV5026	6	8	8	5	3	3	2	6	6	4	1	2	4	0	4	0	1	5
ASV5027	0	0	0	0	1	0	1	1	1	0	1	0	1	0	1	0	0	0
ASV5029	2	3	2	4	2	3	1	1	4	3	2	1	2	0	1	1	0	1
ASV503	14	2	12	7	7	10	2	4	1	10	2	3	2	7	4	4	4	4
ASV5030	0	2	3	2	2	1	2	0	1	0	1	2	0	0	0	0	0	0
ASV5031	1	1	2	0	0	1	0	0	1	1	0	0	0	0	0	0	0	0
ASV5032	0	1	1	0	0	3	0	0	0	0	1	0	0	2	1	0	3	1
ASV5033	2	2	3	1	1	0	4	0	1	1	0	0	1	0	1	0	1	0
ASV5034	2	2	0	2	3	0	1	0	0	1	1	0	1	0	1	0	0	0
ASV5035	3	1	0	1	0	0	1	1	0	0	3	1	0	1	0	0	0	0
ASV5036	0	0	1	1	0	0	2	0	0	0	0	0	0	0	0	0	0	0
ASV5037	2	0	1	0	0	1	0	0	0	0	0	0	0	0	0	0	0	0
ASV5038	2	1	0	1	2	0	0	0	0	1	1	0	0	0	1	0	0	0
ASV5039	0	1	0	0	0	1	0	0	0	0	0	0	0	0	0	0	0	0
ASV504	18	10	8	6	7	14	7	6	9	11	3	3	6	5	6	0	2	1
ASV5041	0	5	3	1	1	2	0	0	0	0	4	0	1	1	1	0	2	4
ASV5042	3	1	0	0	1	1	1	0	1	0	0	0	2	0	1	0	0	0
ASV5043	0	1	0	1	2	1	0	0	0	0	0	0	0	0	0	0	1	0
ASV5044	0	0	0	0	0	0	0	0	0	0	0	0	0	0	0	0	0	0
ASV5045	1	1	1	0	1	0	0	0	0	1	0	2	2	0	0	0	1	0
ASV5046	1	1	1	1	0	1	1	0	1	0	0	0	0	0	0	0	0	0
ASV5047	0	1	0	0	1	0	0	0	1	0	0	0	2	0	0	2	0	0
ASV5048	0	0	0	0	0	0	0	0	0	0	0	0	0	0	0	0	0	0
ASV5049	2	1	3	6	0	1	2	4	2	1	4	1	0	2	2	0	4	1
ASV505	1	2	0	2	3	0	0	1	2	3	3	0	3	4	3	11	4	4
ASV5050	1	0	2	1	0	1	1	1	2	2	1	0	0	0	0	0	0	0
ASV5051	1	0	2	0	1	0	1	0	0	0	0	0	1	0	0	3	0	0
ASV5052	0	0	0	0	1	2	1	2	0	1	1	0	0	0	0	1	0	0
ASV5053	0	0	0	0	0	2	0	1	0	0	1	1	0	0	0	0	0	0
ASV5054	0	0	0	0	0	1	0	0	0	1	0	0	0	0	0	0	0	0
ASV5056	0	1	1	1	0	1	0	0	1	1	1	0	0	0	0	0	0	0
ASV5057	3	3	2	2	0	1	1	0	0	2	0	2	2	0	0	0	0	0
ASV5058	1	0	1	0	1	0	1	0	1	1	0	3	0	1	0	0	0	0
ASV5059	1	6	3	2	1	0	3	1	1	5	3	4	4	2	6	1	0	1
ASV506	2	3	0	2	3	1	0	0	1	1	3	0	0	1	3	0	0	0
ASV5060	0	0	0	0	0	0	0	0	0	0	0	0	0	0	0	0	0	0
ASV5061	1	2	0	2	0	2	1	0	2	2	0	0	0	0	0	1	0	0
ASV5062	1	0	0	1	2	0	0	0	0	2	0	0	0	0	0	0	1	1
ASV5063	0	3	1	0	1	0	1	0	0	0	0	0	1	0	0	0	0	0
ASV5064	1	2	4	1	1	1	1	0	1	0	1	1	1	0	0	0	0	0
ASV5065	0	0	3	1	0	1	0	0	0	1	0	0	2	0	0	2	0	0
ASV5066	4	2	0	0	0	0	1	1	3	4	2	1	3	0	0	0	0	0
ASV5067	0	0	0	0	3	2	0	0	0	0	0	1	2	1	0	0	0	0
ASV5068	0	0	1	1	1	1	0	1	1	1	1	0	0	0	0	0	0	0
ASV5069	0	0	1	1	1	0	0	1	1	1	1	1	0	1	0	0	0	0
ASV507	4	5	2	2	2	4	2	3	3	3	6	2	5	10	10	6	8	10
ASV5070	0	0	0	0	0	1	0	0	0	0	0	0	0	0	0	0	1	0
ASV5071	1	0	0	0	0	0	0	0	0	0	0	0	0	0	0	0	0	0
ASV5072	0	0	0	1	0	0	0	0	0	0	0	3	0	0	0	0	0	0
ASV5074	6	0	2	0	1	0	0	3	3	1	0	1	1	1	0	0	0	0
ASV5075	0	1	1	0	0	1	2	0	0	0	1	0	0	3	0	0	1	0
ASV5076	1	0	2	3	0	5	0	0	1	2	1	2	0	2	0	0	0	0
ASV5077	3	7	1	1	4	3	2	1	1	2	2	1	2	2	0	0	0	0
ASV5078	0	0	0	0	0	0	0	0	0	0	0	0	0	0	0	0	0	0
ASV5079	2	1	1	0	3	2	4	2	1	0	1	0	3	1	3	0	0	3
ASV508	4	0	6	1	3	1	2	1	2	4	1	1	3	1	1	0	1	0
ASV5080	1	1	0	0	1	2	0	1	0	0	0	0	0	0	0	0	0	1
ASV5081	0	0	2	0	1	0	2	1	0	0	1	0	0	0	1	0	1	1
ASV5082	0	0	1	0	0	1	0	0	0	0	0	1	0	0	0	0	0	2
ASV5083	2	0	1	2	0	0	0	1	1	0	0	0	0	0	2	0	0	0
ASV5084	0	0	0	0	0	0	0	0	0	0	0	0	0	1	0	0	1	0
ASV5085	0	2	2	0	0	1	0	0	0	0	0	0	1	0	0	0	0	0
ASV5086	0	2	0	0	0	0	0	0	0	1	1	1	0	1	0	0	0	0
ASV5087	1	1	2	3	4	7	1	2	0	1	5	0	2	1	1	3	2	1
ASV5088	1	0	0	1	0	1	1	0	0	2	0	2	0	0	0	0	0	0
ASV5089	1	1	0	2	0	0	0	0	0	2	1	2	0	2	0	1	0	1
ASV509	2	3	5	4	2	6	7	5	3	6	11	2	5	5	1	16	6	3
ASV5090	0	0	1	0	0	3	0	1	0	0	0	0	0	1	0	0	0	2
ASV5091	0	1	0	0	0	0	1	0	3	1	1	0	0	1	2	1	0	0
ASV5092	0	1	1	1	0	1	0	0	1	4	2	1	0	0	0	0	0	0
ASV5093	0	0	0	0	0	0	1	0	0	0	0	0	0	1	0	0	0	0
ASV5094	0	0	1	0	0	0	0	0	0	0	0	0	0	0	0	1	0	0
ASV5095	2	2	0	1	4	3	2	1	4	3	5	0	2	1	2	3	0	0
ASV5096	3	0	0	0	2	1	0	0	1	4	0	0	0	0	0	0	0	0
ASV5097	3	4	4	2	2	4	2	3	6	8	4	5	3	2	2	0	0	0
ASV5098	4	0	2	0	0	1	0	1	0	1	1	3	0	0	0	0	0	0
ASV5099	1	0	0	2	0	0	0	0	1	1	1	0	0	0	0	1	0	0
ASV51	35	37	29	33	31	39	37	44	24	35	39	24	20	19	19	14	19	14
ASV510	8	4	11	4	3	9	2	5	7	8	6	4	6	6	3	6	2	2
ASV5100	4	3	2	0	0	1	4	3	0	2	1	1	1	0	0	0	0	0
ASV5101	1	0	1	1	0	0	3	1	0	1	1	0	2	2	0	0	0	0
ASV5102	2	2	1	0	0	0	1	1	1	0	0	0	0	0	0	1	0	0
ASV5103	3	1	2	1	2	1	0	0	2	1	0	1	4	0	1	0	0	0
ASV5104	0	0	1	0	0	0	0	0	1	0	0	0	1	0	0	0	0	0
ASV5105	1	0	1	0	1	0	0	0	1	0	1	1	0	1	0	0	1	0
ASV5106	0	1	0	3	0	1	3	0	0	0	0	2	2	0	0	0	0	0
ASV5107	0	0	0	1	0	2	0	0	2	0	1	0	1	0	0	0	0	0
ASV5108	2	0	0	0	0	0	0	0	0	1	0	1	2	1	0	0	0	3
ASV5109	0	0	0	0	0	0	0	0	0	1	0	0	0	0	0	0	0	0
ASV511	7	7	10	7	19	13	4	15	16	19	14	17	10	20	14	18	17	5
ASV5110	3	3	0	0	1	3	2	1	1	0	1	0	0	0	0	0	0	1
ASV5111	1	0	2	0	2	0	1	1	1	1	0	0	0	1	0	1	0	0
ASV5112	1	0	0	0	0	1	1	0	0	0	0	0	0	1	0	0	0	1
ASV5113	2	2	0	0	1	2	3	0	0	2	0	2	0	0	1	0	0	0
ASV5114	1	2	0	0	0	0	0	1	0	1	0	0	0	0	0	0	0	0
ASV5115	0	0	0	0	0	0	0	0	0	0	0	0	0	0	0	0	0	0
ASV5116	0	0	0	0	0	1	0	1	0	1	0	0	0	0	0	3	0	0
ASV5117	1	2	4	3	0	1	0	1	0	0	0	3	0	0	0	1	0	0
ASV5118	2	3	4	0	1	0	0	0	1	0	1	0	1	0	0	0	0	0
ASV5119	1	0	2	0	1	0	1	1	0	0	0	1	0	1	2	2	0	0
ASV512	1	4	1	4	0	1	0	0	4	4	1	6	0	6	4	12	14	5
ASV5120	2	3	2	2	1	0	0	1	1	1	2	0	1	1	1	0	0	0
ASV5121	1	2	1	1	0	1	1	1	0	0	0	0	0	1	0	0	0	0
ASV5122	0	0	1	0	0	2	2	7	2	1	2	1	2	2	1	3	0	0
ASV5123	1	0	1	0	0	1	1	2	4	2	2	0	0	0	1	1	0	0
ASV5124	1	1	1	0	1	1	0	0	0	0	1	0	0	0	0	1	0	0
ASV5125	0	1	2	0	0	0	1	0	0	0	2	0	0	0	0	0	0	0
ASV5126	1	1	0	0	0	0	0	0	0	0	0	0	0	1	2	0	0	0
ASV5127	0	0	1	0	0	1	1	0	0	1	0	0	0	0	0	2	0	0
ASV5128	0	0	0	0	1	0	0	0	0	0	0	0	0	0	1	0	1	0
ASV5129	4	2	1	0	1	4	0	3	0	1	2	1	0	1	1	1	1	0
ASV513	16	34	24	25	21	23	24	13	17	23	21	12	13	28	17	8	6	2
ASV5130	2	0	2	1	1	0	1	1	0	0	1	1	0	2	3	0	0	0
ASV5131	3	0	0	0	1	0	0	0	1	0	0	0	1	0	0	1	0	0
ASV5133	1	1	1	1	1	1	0	0	3	1	1	1	4	1	1	0	0	0
ASV5134	1	1	1	2	1	2	1	0	0	1	0	1	1	0	0	0	1	0
ASV5135	0	1	2	1	0	2	0	1	1	6	0	0	1	1	0	0	1	0
ASV5136	0	0	0	0	0	0	1	0	0	0	0	0	0	0	0	0	0	0
ASV5137	1	1	0	0	4	1	0	0	1	1	0	0	2	2	1	0	0	0
ASV5138	0	1	2	3	0	1	2	0	2	1	0	0	2	2	1	1	0	0
ASV5139	3	0	1	0	0	0	1	0	2	0	1	3	1	1	1	0	0	0
ASV514	7	9	4	8	4	13	10	14	14	9	14	22	11	28	17	26	26	18
ASV5140	8	5	7	7	5	3	4	3	3	2	5	2	2	3	2	0	2	3
ASV5141	0	3	0	0	1	1	1	0	1	3	0	0	0	0	1	1	1	0
ASV5142	3	3	2	1	2	2	2	1	2	5	2	0	1	1	0	0	0	0
ASV5143	2	1	0	3	1	1	0	1	4	1	2	1	1	2	2	0	2	4
ASV5145	2	1	1	0	1	1	0	1	1	1	1	0	2	0	1	1	0	0
ASV5146	1	0	0	1	0	1	0	1	0	0	0	0	0	0	1	1	0	0
ASV5147	3	1	5	1	1	2	4	1	0	3	2	1	2	0	0	1	0	0
ASV5148	2	0	1	3	1	1	0	1	1	2	0	2	1	1	0	1	0	0
ASV5149	0	2	0	0	0	0	1	0	0	0	0	0	0	0	0	0	0	0
ASV515	6	1	6	7	9	5	14	13	19	7	10	13	17	27	21	15	8	3
ASV5150	1	0	0	1	0	0	1	0	0	1	0	0	0	0	1	1	0	0
ASV5151	0	0	0	2	0	0	0	0	1	0	0	0	1	0	0	1	1	1
ASV5152	2	1	0	0	3	0	0	0	0	1	3	0	1	0	1	1	0	0
ASV5153	0	0	0	0	1	0	1	0	0	0	0	0	0	0	0	0	1	0
ASV5154	2	0	0	1	0	1	0	2	1	1	1	1	0	0	1	0	0	1
ASV5155	3	0	2	5	5	0	1	0	0	0	0	2	0	0	0	0	0	0
ASV5157	1	0	3	1	1	1	2	1	1	0	1	1	2	0	2	0	0	0
ASV5158	1	1	0	0	0	1	0	0	0	0	0	0	1	1	0	0	0	0
ASV5159	0	1	2	3	1	2	0	1	0	1	0	1	0	0	2	0	0	0
ASV516	19	16	16	19	19	20	12	14	13	27	28	28	21	20	26	26	26	32
ASV5160	2	0	1	1	0	1	0	0	1	2	1	3	3	0	1	0	0	0
ASV5161	2	0	0	1	2	2	2	0	0	0	2	0	0	1	3	5	0	0
ASV5162	0	0	0	0	0	0	1	0	0	0	0	1	0	1	0	1	0	1
ASV5163	0	0	3	1	0	1	3	1	1	1	1	2	1	2	2	2	1	1
ASV5164	0	1	1	0	0	0	0	0	0	0	0	1	1	2	0	0	0	0
ASV5165	1	1	2	2	0	1	0	0	0	1	0	1	1	0	1	0	0	1
ASV5166	6	2	1	6	2	4	2	1	2	1	1	2	1	1	0	0	3	11
ASV5167	0	0	0	2	0	0	0	0	0	1	0	0	0	1	1	0	0	0
ASV5168	1	0	0	0	1	1	1	0	1	0	0	0	0	1	0	0	0	1
ASV5169	1	1	1	3	0	5	0	1	0	0	0	1	2	2	1	0	0	0
ASV517	4	0	1	1	4	0	3	6	4	4	2	3	1	5	5	6	5	7
ASV5170	0	0	0	1	2	0	0	0	1	0	0	0	0	0	0	2	1	0
ASV5171	1	2	4	0	1	2	1	0	4	1	1	1	1	0	0	1	0	1
ASV5172	3	2	1	1	1	1	2	2	0	2	2	2	0	5	0	0	1	1
ASV5173	0	2	2	0	0	1	0	2	0	0	2	0	1	3	2	1	1	0
ASV5174	2	0	0	0	0	0	1	1	0	0	0	1	0	2	0	1	1	0
ASV5175	2	1	1	0	0	0	0	0	1	0	0	1	0	0	2	1	0	0
ASV5176	1	0	0	0	1	0	0	0	0	0	0	0	0	0	0	0	1	0
ASV5177	0	0	0	1	0	1	0	0	1	2	1	0	3	1	2	0	3	3
ASV5178	3	3	2	2	0	4	2	2	1	2	6	0	0	3	2	0	0	0
ASV5179	5	0	2	0	0	0	1	0	0	1	1	0	1	1	1	0	0	0
ASV518	0	2	2	1	0	0	1	2	1	1	0	0	0	1	1	0	0	0
ASV5180	0	0	0	0	0	0	0	0	0	0	0	0	0	0	0	0	0	0
ASV5181	0	1	1	1	0	0	0	0	0	2	0	0	1	0	1	0	1	0
ASV5182	1	1	0	1	2	1	0	1	0	1	0	1	1	2	0	0	0	1
ASV5183	0	1	1	1	0	2	2	0	1	2	0	2	0	1	0	0	0	0
ASV5184	1	0	1	0	0	0	1	1	0	1	0	0	0	1	0	0	0	0
ASV5185	0	0	2	1	1	1	0	0	0	0	0	0	0	1	1	0	2	0
ASV5186	1	0	1	0	0	1	0	0	0	0	0	0	0	0	0	0	0	1
ASV5187	1	0	0	0	0	0	0	1	0	0	0	0	0	0	0	0	0	0
ASV5188	1	1	0	2	1	0	2	0	1	0	0	0	0	0	0	0	1	0
ASV5189	0	0	0	0	0	0	0	0	0	0	0	0	0	0	0	0	0	0
ASV519	2	3	0	1	2	1	4	1	4	0	4	2	1	1	1	0	1	1
ASV5190	2	1	0	2	1	0	0	0	1	3	0	0	2	1	0	0	0	0
ASV5191	4	2	4	2	0	2	2	0	1	2	0	1	1	2	1	1	0	0
ASV5192	1	0	0	0	2	3	1	0	0	5	0	0	0	0	0	2	0	0
ASV5193	0	0	0	0	0	2	1	0	0	0	0	0	0	0	0	0	0	0
ASV5194	3	0	1	0	1	4	0	0	0	4	0	2	2	1	3	0	0	0
ASV5195	1	0	2	1	0	0	0	0	0	0	0	0	0	0	0	1	0	0
ASV5196	4	1	0	2	0	1	0	0	2	2	2	0	1	0	1	0	1	0
ASV5197	2	2	3	1	3	3	3	2	1	0	0	0	1	2	0	0	0	0
ASV5198	1	1	2	1	3	3	6	2	0	0	3	0	1	2	0	0	0	0
ASV5199	0	5	2	4	0	5	2	3	1	2	3	0	3	0	0	0	0	0
ASV52	4	3	1	2	1	2	0	1	2	0	1	0	2	2	0	2	1	2
ASV520	0	0	1	2	1	1	0	0	1	0	0	1	2	0	2	1	1	2
ASV5200	0	0	0	1	0	0	0	0	0	0	0	1	0	0	0	0	0	0
ASV5201	16	25	24	30	30	26	28	27	20	22	32	36	18	26	32	19	20	18
ASV5202	0	0	0	0	0	0	0	0	0	0	0	0	0	0	0	0	0	0
ASV5203	2	0	0	0	0	0	0	0	0	1	0	0	0	0	1	0	0	0
ASV5205	0	0	0	0	0	0	1	0	0	0	0	0	0	0	0	0	0	0
ASV5206	0	1	0	0	1	0	0	0	0	0	0	0	0	0	1	0	0	0
ASV5207	2	2	1	2	0	1	1	0	0	0	0	0	0	0	0	0	0	0
ASV5208	0	0	0	0	0	0	0	0	1	0	0	0	0	0	0	0	0	0
ASV5209	0	1	0	0	0	2	3	1	0	0	2	0	0	0	0	0	0	0
ASV521	2	0	1	0	4	5	0	1	1	0	2	1	3	1	4	0	1	0
ASV5210	0	2	2	0	1	5	2	2	0	1	0	2	0	1	1	0	0	0
ASV5211	0	0	1	0	0	0	0	2	1	0	4	0	5	1	2	0	0	1
ASV5212	0	0	0	0	1	1	0	0	1	0	0	0	0	0	0	0	0	0
ASV5213	0	0	0	0	0	0	0	0	0	0	0	0	0	0	0	0	0	0
ASV5214	0	0	0	0	0	0	0	0	0	0	0	0	1	0	0	0	0	0
ASV5215	0	0	0	0	0	0	0	0	0	0	0	0	0	0	0	0	0	0
ASV5216	0	0	0	2	2	3	1	2	2	1	0	0	4	4	4	1	0	2
ASV5217	0	0	0	0	0	0	0	0	0	0	0	0	0	0	0	0	0	0
ASV5218	3	1	3	1	4	4	4	3	2	2	2	1	2	1	1	0	0	0
ASV5219	2	0	1	0	2	1	2	0	1	3	0	0	0	0	0	0	0	0
ASV522	5	2	6	3	6	6	2	1	1	7	4	4	1	4	5	6	3	1
ASV5220	1	1	2	1	0	0	0	1	2	1	1	1	1	1	0	1	1	0
ASV5221	3	2	4	4	0	0	0	2	1	0	0	0	1	0	1	0	0	0
ASV5222	0	1	0	0	0	0	0	1	1	0	0	0	0	0	0	0	0	0
ASV5223	0	0	0	0	0	0	0	0	0	0	0	0	0	0	0	0	0	3
ASV5224	0	2	2	1	3	1	1	0	0	0	1	2	0	1	0	2	0	0
ASV5225	0	1	0	1	1	0	1	0	0	1	0	0	1	0	0	0	0	0
ASV5228	0	0	0	0	0	1	0	0	0	0	1	0	0	0	0	0	2	0
ASV5229	2	2	1	1	4	0	0	0	0	0	0	0	0	0	0	0	0	0
ASV523	2	4	5	4	1	3	1	3	4	2	0	4	4	2	5	2	2	2
ASV5230	0	1	0	0	0	1	1	0	0	0	0	1	1	1	0	0	0	0
ASV5231	0	0	0	0	0	0	0	0	0	0	0	0	0	0	0	0	0	0
ASV5232	0	2	1	1	0	0	0	1	0	1	1	0	0	1	0	1	0	0
ASV5233	1	0	3	2	1	0	0	1	1	1	1	0	0	0	4	0	0	1
ASV5234	2	3	2	3	3	0	4	4	5	1	4	1	1	1	0	2	1	2
ASV5235	1	1	1	0	0	0	0	0	1	2	1	4	2	0	0	1	0	0
ASV5236	0	0	0	0	0	0	1	0	1	2	1	0	1	1	1	1	0	1
ASV5237	1	1	0	2	0	1	1	0	0	1	0	0	0	3	0	0	0	0
ASV5238	1	0	1	2	2	1	2	1	0	0	1	0	3	1	1	3	0	0
ASV5239	0	0	0	1	0	0	0	1	0	1	0	0	0	0	0	2	0	0
ASV524	11	3	2	3	0	5	3	1	0	6	0	2	1	1	0	0	0	0
ASV5240	1	3	2	0	0	1	0	0	0	1	0	1	4	1	0	0	1	0
ASV5241	2	0	1	2	1	2	1	0	1	0	0	2	1	2	0	3	0	0
ASV5242	4	1	2	1	1	1	0	1	1	1	2	1	1	1	0	0	0	0
ASV5243	0	0	2	0	0	0	0	0	0	0	0	0	0	0	0	0	0	0
ASV5244	0	1	0	1	0	1	1	0	0	1	0	0	0	0	0	0	0	0
ASV5245	24	34	15	14	18	23	27	67	71	46	66	68	61	66	70	48	48	36
ASV5246	0	0	1	1	0	1	0	0	0	0	0	0	0	0	0	0	0	0
ASV5247	0	0	0	0	0	0	0	0	0	0	0	0	0	1	0	0	0	0
ASV5248	0	0	0	0	0	2	0	0	0	0	0	0	1	0	2	0	0	0
ASV5249	2	2	1	0	0	1	0	0	1	1	0	0	1	0	0	0	0	0
ASV525	15	11	21	6	12	9	10	9	5	20	11	15	7	21	5	8	19	9
ASV5250	3	2	4	7	2	2	4	3	4	1	3	6	7	0	5	4	3	4
ASV5251	0	0	0	0	0	0	0	0	1	0	0	0	0	0	0	0	0	0
ASV5252	4	5	2	3	0	0	1	1	0	2	0	2	0	0	0	0	0	2
ASV5253	2	0	1	0	1	1	1	0	0	0	4	0	4	0	1	2	1	1
ASV5254	0	2	0	0	1	0	0	0	0	0	0	0	0	0	0	0	0	0
ASV5255	0	0	2	1	0	0	0	0	0	0	0	0	1	0	1	1	0	0
ASV5256	2	2	1	0	3	1	0	1	1	1	0	2	1	2	0	0	0	1
ASV5257	0	0	0	1	0	2	0	0	0	0	0	0	0	0	2	0	0	0
ASV5258	1	0	0	2	1	3	0	0	0	0	2	1	1	2	1	0	0	0
ASV5259	1	0	1	2	0	0	0	0	0	0	2	0	0	0	1	0	0	1
ASV526	9	9	7	8	17	6	4	10	7	6	9	2	12	10	11	10	7	14
ASV5260	2	0	1	2	7	1	3	3	2	0	3	1	2	3	1	1	0	0
ASV5261	0	1	0	3	0	0	0	2	0	1	0	1	2	3	2	1	1	0
ASV5262	0	0	0	0	0	0	0	0	0	0	0	0	0	0	0	0	0	0
ASV5263	0	0	3	2	2	0	2	2	0	1	1	0	2	0	0	0	0	0
ASV5264	1	1	1	2	0	1	2	1	1	1	2	1	0	0	2	0	1	0
ASV5265	0	0	3	2	1	1	1	0	0	1	1	1	3	2	0	0	0	0
ASV5266	1	1	0	0	0	0	3	1	1	0	1	1	1	2	0	2	1	0
ASV5267	0	0	1	2	1	0	0	0	1	0	1	1	0	0	0	2	0	0
ASV5268	0	0	2	0	1	2	0	0	1	0	1	0	0	1	0	0	1	0
ASV5269	0	1	1	0	0	0	0	0	1	0	0	0	0	0	0	0	0	0
ASV527	15	4	8	4	6	5	9	5	5	9	3	8	3	4	2	2	2	0
ASV5270	0	0	4	2	2	1	0	0	2	0	0	0	0	0	0	0	0	0
ASV5271	2	0	3	1	2	0	2	0	0	1	1	1	1	0	0	0	0	0
ASV5272	0	3	0	0	2	1	0	0	0	0	0	0	1	0	0	0	0	0
ASV5273	1	1	1	0	0	1	1	0	1	0	0	0	0	0	0	0	1	0
ASV5274	0	0	0	1	1	1	0	0	4	0	0	0	0	0	1	0	3	0
ASV5275	0	0	0	0	0	0	0	0	0	0	0	0	0	0	0	0	0	0
ASV5276	0	1	0	1	0	0	1	0	2	1	1	0	0	0	0	0	0	0
ASV5277	4	1	1	2	1	0	1	1	0	1	0	1	1	0	2	0	2	0
ASV5278	3	1	1	3	2	1	0	1	0	2	1	0	0	3	0	0	0	1
ASV528	11	6	12	10	14	13	18	4	9	12	10	5	10	8	2	4	2	4
ASV5280	1	2	0	0	0	0	1	1	0	0	0	0	0	0	1	0	0	1
ASV5281	0	0	4	0	1	1	0	1	1	2	1	0	1	0	0	0	0	0
ASV5282	1	0	0	1	0	0	0	3	0	2	1	3	1	1	2	3	0	1
ASV5283	0	1	1	1	2	2	3	0	1	2	0	1	0	0	1	1	0	0
ASV5284	3	1	5	1	0	0	0	0	2	0	0	1	0	0	0	0	0	0
ASV5285	1	1	1	1	3	3	2	2	0	2	0	1	3	0	0	3	0	0
ASV5286	0	1	2	1	2	2	2	0	3	2	1	1	3	2	2	0	2	1
ASV5287	2	0	1	1	2	3	1	0	1	1	1	1	1	2	0	0	0	0
ASV5288	0	0	0	0	0	0	0	0	0	0	0	0	1	0	1	0	0	0
ASV5289	0	0	0	0	0	0	1	0	0	0	0	0	0	0	0	0	0	0
ASV529	5	7	7	7	4	7	7	7	3	7	7	2	4	2	2	1	2	1
ASV5290	0	0	1	0	0	2	0	1	0	0	0	1	1	0	0	0	0	0
ASV5291	1	5	11	5	3	0	3	2	1	1	3	1	1	0	2	0	2	0
ASV5292	0	0	0	0	0	0	0	0	0	0	1	0	0	0	0	0	0	0
ASV5293	3	3	3	5	1	3	3	1	2	2	2	2	1	2	2	2	1	0
ASV5294	0	0	0	0	0	0	0	0	0	0	0	0	1	0	1	0	0	0
ASV5295	3	3	2	3	1	3	4	4	1	1	1	3	5	1	2	0	1	3
ASV5296	0	0	0	0	0	0	0	0	0	0	0	0	0	0	1	0	0	0
ASV5297	2	1	1	0	1	2	1	0	1	1	1	1	0	1	0	0	0	1
ASV5298	2	2	1	1	1	1	1	1	0	2	0	2	0	0	0	0	0	0
ASV5299	0	0	1	0	0	0	0	0	0	0	0	0	2	0	0	0	1	0
ASV53	105	47	52	45	50	63	69	66	62	82	68	74	71	122	120	90	69	51
ASV530	4	4	5	2	6	1	5	1	3	1	0	2	1	2	1	1	0	0
ASV5300	1	0	0	0	0	0	0	0	0	1	0	0	0	0	0	0	0	0
ASV5301	0	0	1	0	0	1	0	0	1	1	0	0	0	2	0	3	0	0
ASV5302	1	0	0	0	0	0	0	0	0	0	0	1	0	1	3	0	2	2
ASV5303	5	1	3	11	6	3	3	0	0	3	0	0	1	1	1	1	0	0
ASV5304	1	2	1	1	0	1	2	1	0	1	0	0	1	1	2	2	0	2
ASV5305	1	3	1	0	3	1	1	1	2	1	2	1	0	0	2	2	0	1
ASV5306	1	0	2	1	1	3	1	3	2	0	0	0	0	1	0	0	0	0
ASV5307	1	3	1	3	0	0	0	0	0	0	1	0	1	0	1	0	0	0
ASV5308	4	0	2	1	0	0	0	1	1	1	2	0	1	1	1	0	0	0
ASV5309	0	4	1	0	0	2	2	0	2	3	0	1	2	5	0	0	2	0
ASV531	24	15	22	13	14	12	12	6	9	16	4	13	6	7	8	9	3	3
ASV5310	0	0	1	1	0	0	0	0	0	0	0	0	0	0	0	0	0	0
ASV5311	3	2	3	0	0	1	4	1	2	1	5	1	2	1	2	1	1	2
ASV5312	1	0	2	0	2	2	0	1	0	1	0	0	0	1	1	0	0	0
ASV5313	2	1	0	0	3	1	0	0	0	2	1	1	0	1	0	1	0	0
ASV5314	1	1	1	0	1	0	1	0	0	1	1	0	0	0	0	0	0	1
ASV5315	2	1	0	1	0	0	2	0	1	0	1	0	1	0	0	0	0	0
ASV5316	0	0	1	0	0	1	0	0	1	0	1	1	0	0	0	0	0	2
ASV5317	1	1	1	0	0	0	2	1	1	1	0	0	0	0	0	2	0	0
ASV5318	1	1	0	0	0	0	1	0	0	0	0	0	0	0	0	1	0	0
ASV5319	0	0	0	0	0	0	0	0	0	0	0	0	0	0	0	0	1	0
ASV532	7	10	11	9	4	9	12	3	3	13	9	6	6	4	8	6	7	7
ASV5320	1	0	1	0	1	0	2	1	0	0	0	1	3	0	0	1	0	0
ASV5321	0	0	2	1	0	0	1	1	0	0	0	0	0	0	0	0	0	0
ASV5322	0	0	0	0	0	0	1	0	0	0	0	0	0	0	0	0	0	0
ASV5323	2	2	3	0	0	1	1	0	0	0	1	0	0	2	0	0	0	0
ASV5324	0	1	0	0	2	0	1	1	0	1	0	1	0	0	1	0	1	0
ASV5325	1	0	2	3	1	0	0	2	0	1	0	1	0	3	0	0	0	0
ASV5327	0	0	0	0	0	0	0	0	0	0	0	0	0	1	0	0	0	0
ASV5328	0	0	1	0	0	2	0	0	0	0	1	1	1	0	0	0	0	0
ASV5329	0	0	0	0	0	1	0	0	0	0	0	0	0	0	0	0	0	0
ASV533	10	5	11	11	10	8	4	2	8	5	3	4	6	4	1	0	0	1
ASV5330	0	0	0	0	0	2	1	0	0	0	0	1	0	0	1	1	0	0
ASV5331	0	0	2	0	0	0	0	0	0	1	0	0	0	0	0	0	1	1
ASV5332	1	0	0	0	0	0	1	1	0	0	0	0	0	0	0	0	0	0
ASV5333	4	12	10	11	6	12	11	10	15	10	10	10	9	11	9	6	7	18
ASV5334	1	0	1	0	0	0	0	0	0	0	0	0	0	0	0	2	0	0
ASV5335	0	0	2	0	0	0	0	0	0	1	0	0	0	0	0	0	0	0
ASV5336	0	1	1	0	1	0	1	0	0	0	0	2	1	0	1	0	0	0
ASV5337	0	0	2	1	1	1	1	0	3	2	0	0	2	1	3	3	0	0
ASV5338	0	1	2	0	0	1	1	0	2	0	0	1	2	0	0	0	0	1
ASV5339	0	0	0	2	3	2	1	0	2	0	0	0	1	0	0	1	0	1
ASV534	1	2	1	1	2	3	3	2	2	2	3	2	0	1	0	1	0	0
ASV5340	1	3	0	0	2	1	0	0	1	1	0	0	0	1	0	0	0	1
ASV5341	0	1	2	0	1	1	2	0	1	0	1	1	3	1	2	0	1	0
ASV5342	5	2	3	0	0	0	0	1	2	0	0	0	3	2	0	0	0	0
ASV5344	2	2	0	2	2	2	3	1	0	0	1	10	2	0	2	1	2	2
ASV5345	0	1	0	0	0	2	0	0	0	1	0	0	1	0	0	0	0	0
ASV5346	3	4	0	2	4	3	6	0	1	2	0	4	0	2	1	1	3	7
ASV5347	0	1	1	0	0	2	0	0	0	0	0	0	0	1	0	0	1	0
ASV5348	0	1	0	0	2	2	0	0	0	1	2	1	3	0	0	0	0	0
ASV5349	1	4	1	1	0	0	0	1	1	4	2	0	3	1	0	0	0	0
ASV535	10	6	7	9	5	6	4	4	5	8	8	5	6	15	8	8	7	5
ASV5350	0	0	0	0	0	0	0	0	0	1	0	0	0	0	0	0	0	0
ASV5351	0	0	0	0	0	1	0	0	1	0	0	0	0	1	1	0	0	0
ASV5352	2	1	2	0	0	1	1	1	0	1	1	0	0	2	0	1	0	0
ASV5353	1	2	2	0	2	0	1	0	0	1	2	0	1	0	2	0	0	0
ASV5354	0	0	0	0	0	0	0	0	0	0	0	0	0	0	0	0	0	0
ASV5355	1	0	1	1	0	0	0	0	0	0	0	1	0	0	0	1	0	0
ASV5356	0	0	1	2	1	3	0	0	0	2	0	0	0	0	1	4	0	0
ASV5358	3	2	0	0	2	2	0	1	1	1	2	5	2	0	1	1	1	0
ASV5359	0	0	1	0	1	1	1	1	1	2	1	0	0	1	1	0	0	1
ASV536	7	4	4	1	6	1	1	2	2	2	2	4	1	0	2	0	0	0
ASV5360	1	1	0	0	0	1	0	0	0	0	0	0	0	0	0	0	0	0
ASV5361	0	0	0	0	0	1	0	0	0	2	0	0	0	0	0	0	1	1
ASV5362	1	0	1	0	1	0	0	0	0	2	0	0	0	0	0	0	0	0
ASV5363	3	3	1	1	2	0	2	0	0	1	0	1	0	0	0	0	0	0
ASV5364	4	2	1	0	1	2	0	2	0	0	1	2	0	2	0	0	0	0
ASV5365	0	0	0	0	0	0	2	2	2	0	0	3	1	1	0	2	0	0
ASV5367	0	1	0	0	0	0	0	0	0	1	0	0	0	0	0	0	0	0
ASV5369	1	0	3	3	2	1	0	1	2	1	1	1	1	0	1	1	1	0
ASV537	7	4	9	3	5	8	1	4	3	2	2	0	3	1	3	1	0	1
ASV5370	2	4	1	1	1	1	3	0	2	2	0	0	1	0	2	1	0	0
ASV5371	2	0	2	2	0	0	0	0	2	0	0	0	0	0	0	0	1	0
ASV5372	1	0	0	1	0	1	0	0	0	0	1	0	1	0	0	0	0	0
ASV5373	0	2	0	0	0	0	1	0	1	0	0	0	0	0	0	0	0	0
ASV5374	0	2	1	0	0	0	3	1	0	1	2	0	2	2	0	0	0	0
ASV5375	0	0	1	0	0	1	0	0	0	0	0	0	0	0	0	0	0	0
ASV5376	1	1	0	0	1	1	0	0	1	0	0	1	2	0	0	3	0	0
ASV5377	0	0	0	1	0	1	1	0	0	1	0	0	0	1	0	1	0	0
ASV5378	0	0	0	0	0	0	0	0	1	0	0	0	0	0	0	0	1	0
ASV5379	0	0	0	2	3	2	0	0	1	0	2	2	3	2	1	0	2	0
ASV538	9	5	11	13	12	12	15	3	12	17	8	1	7	4	2	2	0	0
ASV5380	2	0	2	0	3	0	0	0	0	1	0	0	0	0	0	0	0	0
ASV5381	7	7	6	8	4	8	12	9	10	8	7	9	9	2	7	8	6	8
ASV5382	4	3	1	1	0	1	1	2	1	5	1	0	0	2	1	1	0	1
ASV5383	0	1	1	2	3	0	0	2	2	0	2	0	1	5	0	1	0	0
ASV5385	5	2	0	1	1	0	2	0	1	1	0	0	1	2	0	0	0	0
ASV5386	2	0	3	3	2	4	1	2	1	0	0	1	1	1	1	1	0	2
ASV5387	0	1	1	1	0	2	0	1	0	0	0	0	0	1	2	0	0	0
ASV5388	0	0	0	0	0	0	0	0	0	0	0	0	0	0	0	0	0	0
ASV5389	0	3	0	0	0	1	1	1	0	3	1	0	1	0	0	0	0	0
ASV539	18	23	19	18	28	37	33	38	33	25	20	19	19	12	17	24	19	12
ASV5390	0	3	0	0	0	0	1	0	1	0	0	0	0	0	0	0	0	1
ASV5392	0	1	1	1	0	1	0	0	0	1	1	0	0	0	0	0	0	0
ASV5393	5	4	3	0	0	2	2	1	1	1	3	0	0	2	0	0	0	0
ASV5394	0	1	0	0	0	0	1	0	0	0	3	0	0	1	2	0	0	0
ASV5395	0	0	1	0	0	2	1	1	1	1	0	1	0	1	0	1	0	1
ASV5396	1	2	0	0	0	0	0	0	0	0	1	0	0	1	0	0	0	0
ASV5397	4	1	2	3	1	3	3	3	1	4	0	1	2	0	1	0	0	1
ASV5398	1	0	1	1	2	1	1	0	0	0	1	1	0	0	0	0	1	0
ASV54	67	55	65	61	78	73	68	72	74	84	85	75	89	87	101	115	80	64
ASV540	22	3	22	8	5	11	6	7	8	17	12	12	11	10	5	2	1	4
ASV5400	2	1	3	0	1	2	0	0	0	2	0	2	1	0	1	0	1	0
ASV5401	1	3	0	0	1	0	0	0	0	3	0	0	2	0	0	0	0	0
ASV5402	1	1	1	1	0	1	1	1	0	0	2	0	1	0	0	0	0	0
ASV5403	0	0	0	0	0	0	0	0	0	0	0	1	0	0	0	0	0	1
ASV5404	0	0	0	0	0	1	1	0	1	0	0	0	0	1	0	0	0	0
ASV5405	1	0	0	1	1	0	4	0	0	0	0	0	0	0	0	0	0	0
ASV5406	0	1	0	0	1	0	0	0	0	0	0	0	0	0	0	0	0	0
ASV5407	1	2	0	1	2	0	1	0	1	1	0	0	0	0	0	1	0	0
ASV5408	1	1	2	0	0	0	1	1	1	0	0	0	0	2	0	0	0	2
ASV5409	4	3	3	2	2	0	2	0	1	0	0	1	0	1	0	1	0	0
ASV541	22	7	15	18	10	15	22	17	16	14	16	8	14	16	13	9	14	9
ASV5410	20	0	0	1	0	0	0	0	0	1	1	1	0	0	0	0	0	1
ASV5411	0	2	0	0	1	1	0	0	0	2	0	0	0	0	0	0	0	0
ASV5412	1	1	0	2	1	1	1	0	1	2	0	0	2	0	1	0	0	0
ASV5413	1	0	0	0	0	0	0	2	0	0	0	0	0	1	1	0	0	0
ASV5414	0	0	0	0	1	0	0	0	0	0	0	0	0	0	0	0	0	0
ASV5415	0	1	0	1	1	4	2	0	1	1	1	1	0	0	0	0	0	1
ASV5416	0	1	0	1	0	0	0	2	0	0	0	0	0	0	0	0	0	0
ASV5417	2	2	2	1	1	0	0	0	1	1	1	0	0	1	1	1	0	0
ASV5418	1	2	1	0	2	0	0	0	1	3	0	1	0	0	0	0	1	0
ASV5419	0	1	1	1	2	0	0	1	1	1	1	0	1	0	1	3	1	4
ASV542	6	0	0	3	1	3	6	11	9	6	11	9	10	12	9	8	16	28
ASV5420	1	1	2	1	2	1	2	2	0	1	1	0	0	2	1	0	0	0
ASV5421	0	0	0	0	0	0	1	1	0	0	0	0	0	0	0	0	0	0
ASV5422	3	3	4	6	2	0	3	1	3	1	2	3	1	0	3	1	0	0
ASV5423	0	1	2	0	1	0	1	1	0	1	2	1	0	0	0	0	0	0
ASV5424	0	0	5	1	0	1	1	1	0	1	0	0	0	0	1	0	0	0
ASV5425	0	0	2	1	1	0	0	1	0	2	0	0	0	2	0	0	0	0
ASV5426	0	0	0	1	0	1	0	1	0	0	0	0	1	1	0	0	0	0
ASV5427	3	2	4	1	2	1	4	4	0	4	3	3	2	5	0	0	1	0
ASV5428	1	2	0	3	2	2	0	1	0	0	1	1	1	0	1	1	0	0
ASV5429	2	2	1	1	0	3	1	0	0	1	1	0	0	1	0	0	0	0
ASV543	1	3	0	1	1	4	5	6	0	2	0	2	3	3	3	2	3	0
ASV5430	2	1	4	0	2	0	2	0	1	0	0	0	2	1	0	0	0	0
ASV5431	2	1	0	1	1	2	3	3	0	2	0	0	0	0	1	1	0	0
ASV5432	6	2	1	4	1	1	1	2	0	0	1	1	2	2	1	0	1	0
ASV5433	0	1	0	1	0	2	0	0	0	0	1	0	0	1	0	1	0	1
ASV5434	0	1	0	6	1	0	0	0	1	2	0	1	0	0	1	0	0	0
ASV5435	1	0	0	0	0	1	1	1	0	1	1	0	0	0	0	0	0	0
ASV5436	2	1	3	2	2	4	2	2	0	1	2	1	1	0	0	1	0	0
ASV5437	0	1	1	1	0	0	1	2	1	4	1	1	1	0	0	2	0	0
ASV5439	0	2	4	0	2	1	0	3	0	0	0	0	1	0	0	0	1	0
ASV544	12	12	10	3	10	11	9	6	9	10	18	15	22	10	12	19	12	9
ASV5440	0	1	1	0	0	0	0	0	0	1	0	0	0	1	0	0	0	0
ASV5442	2	4	0	0	0	0	1	0	0	1	2	0	0	1	0	1	0	0
ASV5443	1	3	3	2	1	1	1	2	1	1	1	0	1	0	0	0	0	0
ASV5444	2	2	4	3	3	3	2	0	1	1	0	2	0	1	0	0	0	0
ASV5445	1	0	0	0	0	0	0	0	0	0	0	0	1	0	0	0	0	0
ASV5446	0	2	0	0	0	0	1	1	0	0	0	0	0	0	0	0	0	0
ASV5447	1	2	1	1	1	1	2	0	0	0	0	0	0	0	0	0	0	0
ASV5449	0	0	2	1	0	1	1	0	2	1	1	0	0	0	0	0	0	0
ASV545	10	12	13	15	10	7	10	11	7	12	6	5	11	6	10	9	13	6
ASV5450	0	2	3	2	1	0	1	1	2	0	0	0	0	0	1	0	1	0
ASV5451	1	0	0	0	1	2	0	0	1	1	0	0	0	0	0	0	0	0
ASV5452	0	0	2	2	1	0	1	1	0	0	0	0	0	0	0	0	0	0
ASV5453	1	2	1	6	1	3	1	1	2	1	1	1	1	0	1	0	1	0
ASV5454	1	0	0	0	1	0	0	0	0	0	0	2	0	0	0	0	0	0
ASV5455	2	2	1	0	2	1	1	0	1	0	2	0	0	1	1	0	1	0
ASV5456	0	0	0	0	0	0	0	0	0	0	0	0	0	0	0	0	0	0
ASV5457	1	0	0	1	0	2	2	0	1	0	0	0	0	0	0	0	0	0
ASV5458	0	0	3	2	1	2	0	1	0	0	0	0	1	0	0	1	0	0
ASV5459	1	0	0	0	0	0	0	0	1	0	0	0	0	0	0	0	0	0
ASV546	2	3	2	3	1	2	1	0	0	1	2	0	2	1	0	0	3	0
ASV5460	0	0	0	0	0	0	1	0	0	1	1	0	1	0	0	0	0	0
ASV5461	0	0	0	0	0	0	0	0	0	0	0	0	0	0	0	0	0	0
ASV5462	2	1	1	1	0	2	2	0	1	0	2	4	0	0	1	1	0	2
ASV5463	0	1	1	0	0	0	0	0	0	0	0	0	0	0	1	0	0	0
ASV5464	3	1	2	0	1	1	1	0	0	1	0	0	2	0	0	0	0	0
ASV5465	0	0	0	0	0	1	0	0	0	1	0	0	1	0	0	2	0	0
ASV5466	0	0	0	2	0	0	0	1	0	0	0	0	1	0	0	0	0	0
ASV5468	3	1	4	1	1	2	0	1	0	3	3	1	2	2	2	0	1	0
ASV547	8	5	6	4	6	2	2	2	1	3	1	2	4	3	1	3	4	8
ASV5470	2	3	3	1	1	1	0	2	0	1	0	1	1	0	0	1	1	1
ASV5471	0	0	0	0	0	0	1	1	0	0	1	0	1	0	0	1	0	0
ASV5472	1	1	3	0	2	2	3	1	1	0	0	1	0	0	0	0	0	0
ASV5473	0	0	0	0	0	0	0	0	0	1	0	1	0	0	0	0	0	0
ASV5474	1	0	3	1	1	1	0	0	0	0	0	0	2	2	0	0	0	0
ASV5475	0	0	0	0	0	0	0	0	0	0	0	0	0	0	0	0	0	0
ASV5476	1	0	0	1	0	0	0	1	0	1	0	0	0	0	0	0	0	0
ASV5477	0	1	2	0	0	1	0	0	0	0	0	0	1	0	0	0	1	0
ASV5478	0	0	0	0	0	0	1	0	0	0	0	0	0	0	1	0	0	0
ASV5479	0	0	1	0	1	0	0	0	0	1	0	0	2	0	2	0	0	0
ASV548	8	9	4	5	7	4	4	5	7	4	4	8	5	5	3	6	3	3
ASV5480	1	0	0	0	0	0	0	0	0	0	0	0	0	0	0	0	0	0
ASV5481	0	0	1	0	2	1	2	0	2	0	0	0	1	3	2	0	0	0
ASV5482	1	0	0	1	0	0	0	1	1	0	4	0	0	1	0	0	0	0
ASV5483	0	0	0	1	1	0	1	1	1	1	0	2	1	0	0	0	0	0
ASV5484	0	5	3	0	0	1	1	1	1	2	3	8	2	0	2	0	0	0
ASV5485	0	0	0	1	1	0	0	0	0	1	0	1	0	1	0	0	0	0
ASV5486	1	0	0	0	0	0	0	0	0	0	1	0	0	0	0	1	0	1
ASV5487	0	0	0	0	1	0	0	0	0	2	0	0	0	0	0	3	0	0
ASV5488	8	10	10	16	27	14	11	13	10	17	6	11	12	7	6	3	3	4
ASV5489	0	1	3	1	1	0	1	0	0	2	0	0	0	0	0	2	0	2
ASV549	18	8	18	11	15	19	9	21	12	27	14	9	17	14	12	7	3	2
ASV5490	1	1	3	2	0	0	0	6	1	0	3	3	1	1	0	2	4	2
ASV5491	3	3	2	4	0	2	1	0	1	0	1	1	1	0	1	0	1	0
ASV5492	1	2	0	0	1	0	0	0	0	2	0	1	0	0	0	0	0	0
ASV5493	4	10	11	8	11	1	11	10	2	4	4	3	3	1	1	4	0	1
ASV5494	1	3	1	0	0	1	2	1	0	1	0	0	1	0	0	2	0	1
ASV5495	0	1	0	2	0	1	1	1	0	1	0	0	0	0	0	0	0	0
ASV5496	0	1	2	0	0	0	0	0	0	1	0	0	0	0	0	0	0	0
ASV5497	1	0	0	0	0	0	0	0	0	1	0	0	1	0	0	0	0	0
ASV5498	0	0	0	0	0	0	0	0	1	1	1	0	0	0	1	0	0	0
ASV5499	0	1	1	2	0	0	0	0	0	2	1	0	0	0	0	0	0	0
ASV55	91	54	97	64	70	64	101	80	62	87	86	102	93	75	106	156	111	57
ASV550	2	10	4	8	4	5	2	5	6	3	6	3	3	5	6	11	9	6
ASV5500	1	0	0	0	0	1	0	1	0	0	0	0	0	0	0	0	0	0
ASV5501	2	0	0	1	2	0	0	0	0	1	1	0	1	0	3	0	0	0
ASV5502	1	0	1	1	0	1	1	0	0	1	0	0	0	0	0	0	0	0
ASV5503	0	0	0	0	0	0	0	0	0	0	0	0	0	0	0	0	0	0
ASV5504	1	0	0	0	0	0	1	1	0	1	0	1	1	0	0	0	0	0
ASV5505	0	0	0	3	2	2	0	0	0	0	0	0	1	0	0	0	0	0
ASV5506	0	0	0	0	0	0	0	0	1	1	0	0	1	0	0	0	0	0
ASV5507	0	0	1	0	0	1	0	0	0	0	0	0	0	0	0	0	0	0
ASV5508	0	1	2	0	0	0	0	0	1	0	0	0	0	0	0	0	0	0
ASV5509	1	0	0	0	0	0	0	1	0	0	0	0	0	0	0	0	0	2
ASV551	4	7	2	10	10	3	12	14	11	12	8	11	8	14	10	27	14	15
ASV5511	3	9	7	10	6	3	5	4	5	5	6	6	9	2	3	2	2	3
ASV5512	0	1	1	0	0	1	1	0	1	0	1	1	0	2	0	0	0	0
ASV5513	0	0	1	0	0	0	1	1	0	0	0	0	0	0	0	0	0	0
ASV5514	4	2	1	2	1	1	2	2	3	3	3	3	1	1	5	1	1	0
ASV5515	1	1	1	0	1	0	3	0	1	0	0	1	0	0	0	1	0	1
ASV5516	0	0	1	0	0	0	1	1	0	0	3	0	0	0	5	2	0	0
ASV5517	0	0	1	1	3	2	0	0	0	1	0	0	0	0	1	0	0	0
ASV5518	0	0	0	0	1	0	0	0	0	0	0	0	0	0	0	0	0	0
ASV5519	1	0	1	1	1	1	2	1	0	0	1	0	1	0	0	0	0	0
ASV552	4	3	10	4	2	2	4	2	3	14	1	2	2	3	7	2	3	0
ASV5520	1	1	0	1	1	3	1	0	2	3	3	2	3	0	1	0	0	1
ASV5521	0	0	1	0	0	0	0	1	0	0	0	0	0	0	0	0	0	0
ASV5522	0	0	1	0	0	1	1	0	0	1	0	0	2	0	0	0	0	0
ASV5523	0	0	2	1	2	1	0	0	0	0	0	0	0	0	0	0	0	0
ASV5524	1	1	0	0	0	0	0	0	0	0	1	0	1	0	0	0	0	0
ASV5525	4	6	3	8	6	7	7	4	10	3	5	5	3	7	7	1	9	2
ASV5526	0	0	0	1	0	0	0	0	1	0	0	0	0	0	0	0	0	0
ASV5527	1	2	0	1	1	3	1	0	1	1	1	0	2	2	0	2	1	1
ASV5528	4	2	2	0	1	2	2	0	0	0	2	1	2	6	0	0	0	0
ASV5529	0	2	0	1	0	1	0	2	1	1	1	0	0	0	0	2	0	0
ASV553	5	8	10	8	5	6	7	7	6	13	12	9	9	18	19	29	14	6
ASV5530	0	0	1	0	0	0	0	1	0	0	0	0	0	0	0	0	0	0
ASV5531	0	0	0	0	0	1	0	0	0	0	0	0	0	0	0	0	0	1
ASV5532	0	0	0	0	0	0	0	0	0	0	0	0	0	0	0	0	0	2
ASV5533	0	0	0	1	0	1	0	0	0	0	0	0	0	0	0	1	0	0
ASV5534	1	1	0	1	0	0	0	0	1	0	0	0	1	0	0	0	1	0
ASV5535	1	0	2	1	2	0	0	1	0	0	1	0	0	1	0	0	0	0
ASV5536	1	2	0	0	0	1	0	0	1	0	0	1	0	0	1	1	0	0
ASV5537	1	0	0	0	4	2	0	2	0	0	0	2	1	1	0	0	0	0
ASV5538	2	1	1	0	0	1	1	0	1	0	0	1	0	0	0	0	0	0
ASV554	9	5	6	5	4	6	4	2	3	1	3	2	5	4	3	4	2	1
ASV5540	0	1	0	0	0	1	0	0	0	0	1	0	0	0	3	1	0	0
ASV5542	1	1	0	3	1	0	2	1	1	0	0	0	1	0	0	0	0	0
ASV5543	1	0	0	0	1	1	1	0	0	0	0	0	0	1	1	0	0	0
ASV5544	0	0	0	0	0	1	0	0	0	0	0	0	0	0	0	1	0	0
ASV5545	0	0	3	1	0	0	1	0	1	1	0	0	1	0	0	0	0	0
ASV5546	0	0	1	0	0	0	0	0	0	1	0	0	0	0	0	1	0	0
ASV5547	0	0	1	1	0	0	1	4	1	0	0	0	0	2	0	2	0	1
ASV5548	0	2	1	0	0	0	1	0	0	0	1	2	0	1	0	0	0	0
ASV5549	3	1	0	2	0	0	1	2	0	1	1	1	0	1	1	0	0	0
ASV555	7	7	7	12	5	9	9	4	7	4	3	2	5	2	1	2	0	0
ASV5550	1	1	2	0	0	0	1	0	0	0	0	1	0	0	0	0	0	0
ASV5551	0	2	0	0	2	1	0	0	0	1	0	0	0	0	0	0	0	0
ASV5552	0	1	0	0	0	0	0	0	0	0	0	0	0	0	0	0	0	0
ASV5553	0	2	1	2	0	1	0	2	1	3	0	1	0	1	0	0	0	0
ASV5554	0	0	1	1	2	0	0	2	0	0	0	0	0	0	0	1	0	0
ASV5555	1	2	0	0	2	1	4	1	0	0	0	0	1	1	1	0	0	0
ASV5556	3	3	2	3	2	4	1	0	0	2	1	1	0	1	0	2	0	0
ASV5557	0	0	1	2	0	1	0	0	0	0	2	0	3	0	0	0	1	0
ASV5558	0	0	2	1	0	0	0	0	0	0	0	0	0	0	0	0	0	0
ASV5559	0	0	4	1	2	0	0	0	0	0	0	0	0	0	0	0	0	0
ASV556	28	11	11	13	9	7	6	5	10	10	8	2	10	12	6	8	2	1
ASV5560	0	1	1	0	0	0	1	0	0	0	0	0	0	1	0	0	0	1
ASV5561	0	0	0	0	0	0	0	0	0	0	0	0	0	0	0	0	0	0
ASV5562	1	0	0	0	0	0	0	0	0	0	0	0	0	0	0	0	0	0
ASV5563	4	0	1	0	0	3	0	1	0	1	0	1	0	1	2	0	0	0
ASV5564	1	0	0	1	1	1	1	0	0	1	1	1	0	0	1	0	0	0
ASV5565	2	3	4	2	3	1	0	1	2	3	1	0	4	1	2	0	6	7
ASV5566	0	3	0	0	0	0	0	0	0	0	0	0	1	0	0	0	0	0
ASV5567	0	1	0	0	0	0	1	2	0	0	1	0	0	0	0	1	0	1
ASV5568	0	0	1	1	1	1	2	2	0	2	2	4	5	2	2	1	1	0
ASV5569	1	0	3	0	0	1	0	0	0	0	0	0	3	0	1	3	3	3
ASV557	4	7	4	3	5	6	5	6	8	1	8	2	3	8	9	7	7	18
ASV5570	0	0	0	1	0	0	0	0	0	0	0	0	0	1	2	0	0	0
ASV5571	1	3	2	1	0	0	1	0	0	0	0	0	3	2	0	2	0	0
ASV5572	0	0	1	0	1	0	0	0	0	2	1	0	1	0	0	1	0	1
ASV5573	3	0	0	0	1	1	0	1	1	0	1	0	0	0	0	0	0	0
ASV5574	1	0	0	1	0	0	0	0	0	0	0	2	0	0	2	1	1	0
ASV5575	3	0	1	0	0	2	0	1	5	2	2	0	0	2	0	1	0	1
ASV5576	0	0	0	0	0	0	0	0	0	0	0	0	0	0	0	0	0	0
ASV5577	0	0	0	0	0	1	0	0	0	0	0	0	0	0	0	0	0	0
ASV5578	0	0	2	1	1	1	2	1	0	0	0	0	0	0	0	0	0	0
ASV5579	3	1	0	0	0	1	0	0	1	0	1	1	1	0	1	0	0	0
ASV558	1	1	3	2	2	3	3	0	3	3	0	4	3	3	6	2	3	5
ASV5580	2	0	0	2	0	2	1	3	0	2	1	0	0	1	1	2	0	0
ASV5581	4	2	1	0	3	2	1	1	1	1	0	1	0	0	1	1	0	0
ASV5582	0	0	0	0	0	0	0	0	0	0	0	0	0	0	0	0	4	3
ASV5583	0	0	0	0	0	0	0	0	1	0	0	0	0	2	0	0	0	0
ASV5584	8	3	10	8	6	12	5	2	4	5	6	2	0	1	3	3	4	2
ASV5585	0	0	0	0	0	0	0	0	0	0	0	0	0	0	0	0	0	0
ASV5586	0	1	1	0	1	1	1	0	0	0	0	0	0	0	0	2	0	0
ASV5587	0	1	1	0	0	0	0	0	0	0	1	0	2	0	0	0	0	0
ASV5588	0	0	1	0	1	0	0	0	0	0	0	0	0	0	0	0	0	0
ASV559	9	3	7	15	12	11	7	11	11	10	16	14	11	6	14	14	17	4
ASV5590	0	0	4	0	0	1	0	2	3	3	1	1	0	0	1	0	0	0
ASV5591	0	0	2	0	2	2	1	1	0	1	0	0	1	0	1	0	0	0
ASV5592	0	0	0	0	0	0	0	0	0	0	0	0	0	0	0	0	0	0
ASV5593	3	1	1	0	0	1	0	0	0	0	2	1	0	0	1	0	0	1
ASV5594	0	0	0	0	0	0	0	0	1	0	0	0	0	0	1	0	0	0
ASV5595	1	0	0	0	0	0	0	0	0	0	0	0	0	0	1	0	0	0
ASV5596	1	0	1	0	1	1	1	1	1	0	2	0	0	0	1	0	0	0
ASV5597	1	0	2	0	0	1	0	0	1	0	1	0	0	1	0	1	0	0
ASV5598	3	3	4	8	2	2	1	0	1	2	1	0	1	1	2	0	0	0
ASV5599	1	1	1	0	1	0	2	0	1	1	0	0	0	2	0	1	0	1
ASV56	21	8	16	8	19	20	13	24	29	17	33	33	74	90	67	82	49	104
ASV560	7	4	10	8	5	7	2	3	3	8	1	2	1	4	5	6	1	4
ASV5600	1	1	1	0	0	1	0	1	0	1	2	1	0	2	0	0	0	0
ASV5601	0	0	0	0	0	0	0	0	0	0	0	0	0	0	0	0	0	0
ASV5602	0	2	0	0	0	0	0	1	0	1	0	0	0	1	2	0	0	0
ASV5603	0	0	0	1	0	1	1	0	1	0	0	0	0	1	0	0	0	0
ASV5604	0	0	1	0	0	0	0	0	0	0	0	0	0	0	0	0	0	0
ASV5605	2	5	1	1	3	2	2	0	0	2	1	0	2	1	0	1	0	0
ASV5606	1	1	0	0	0	0	0	0	0	0	1	0	0	1	0	0	0	1
ASV5607	0	0	0	0	0	0	0	0	0	0	0	0	0	0	0	0	0	0
ASV5608	0	0	0	0	0	0	0	0	0	0	0	0	0	0	0	0	0	0
ASV5609	0	1	0	0	0	1	2	0	0	1	1	1	0	1	0	0	0	0
ASV561	1	0	3	1	1	3	5	4	2	1	4	7	4	7	9	8	7	9
ASV5610	1	0	1	0	0	0	0	0	0	4	0	0	0	0	0	0	0	0
ASV5611	2	0	6	2	2	1	0	0	1	1	1	0	1	3	0	2	0	1
ASV5612	1	0	1	0	3	1	1	0	0	1	0	0	0	0	0	0	0	0
ASV5613	0	0	1	0	0	0	0	0	0	0	0	0	0	0	0	0	0	0
ASV5614	1	0	0	0	0	1	0	0	1	1	0	1	0	0	0	0	0	0
ASV5615	0	0	1	0	0	2	1	2	2	0	2	0	2	1	0	3	2	0
ASV5616	4	3	2	0	0	0	1	2	1	1	1	2	0	1	1	0	0	0
ASV5617	1	2	1	1	0	0	1	1	0	1	4	1	1	0	2	0	1	0
ASV5618	2	1	0	1	3	2	0	2	2	0	1	1	1	1	0	1	0	0
ASV562	12	8	13	6	3	3	6	11	5	7	6	5	12	9	14	29	20	9
ASV5620	0	2	1	4	0	2	3	0	1	2	0	1	1	1	0	0	2	0
ASV5621	1	1	3	0	1	1	4	2	1	2	1	2	1	0	0	0	0	0
ASV5622	5	0	0	0	1	4	0	0	1	0	1	0	3	1	2	0	0	0
ASV5623	0	0	0	0	1	1	1	1	0	0	0	0	0	1	1	0	0	0
ASV5624	0	0	3	0	0	1	1	0	0	0	0	0	0	0	0	0	0	0
ASV5625	0	1	0	2	1	0	0	0	0	0	0	0	1	0	0	0	0	0
ASV5626	1	2	0	1	0	0	1	2	1	3	0	1	0	3	3	1	0	1
ASV5627	0	1	0	0	0	0	0	0	0	0	0	0	0	0	0	0	0	0
ASV5628	1	0	1	1	0	0	0	0	0	0	0	0	1	0	0	0	0	0
ASV5629	1	1	0	1	2	1	1	1	0	1	0	0	1	1	2	1	0	0
ASV563	17	19	27	20	22	20	28	22	15	19	29	28	25	15	20	31	35	31
ASV5630	0	0	1	0	1	0	0	0	0	0	0	0	0	0	0	0	0	0
ASV5631	0	2	2	0	1	1	1	1	2	1	0	1	0	1	0	0	0	0
ASV5633	0	4	4	2	0	4	2	1	1	0	0	1	1	2	0	0	0	0
ASV5634	1	0	1	0	0	0	0	0	0	1	0	0	0	2	0	0	0	0
ASV5635	0	0	2	0	0	0	0	0	0	1	1	1	0	1	1	0	0	0
ASV5636	2	2	0	4	3	0	0	0	0	0	0	2	1	2	0	0	0	0
ASV5637	1	0	0	1	0	0	0	0	0	0	0	0	0	1	0	0	0	0
ASV5638	8	4	5	3	6	5	5	3	6	2	3	3	5	3	4	2	2	1
ASV5639	1	0	0	0	0	0	0	0	0	0	0	0	0	0	0	0	0	0
ASV564	17	5	5	3	2	2	3	13	7	9	12	21	19	40	17	28	13	13
ASV5640	0	3	1	1	0	2	0	2	0	2	2	1	0	0	1	0	1	0
ASV5641	0	0	0	0	0	0	1	0	0	0	0	0	1	0	0	0	0	0
ASV5642	2	0	0	1	0	1	0	0	0	0	0	0	0	0	0	0	0	0
ASV5643	0	0	0	0	0	0	0	0	0	0	0	0	0	0	0	1	0	0
ASV5644	2	2	3	2	1	2	1	0	0	0	0	0	1	1	0	0	0	0
ASV5645	0	0	0	0	0	0	0	0	0	1	1	0	1	0	0	0	0	0
ASV5646	3	3	1	2	2	1	1	0	0	2	2	0	1	0	3	0	2	0
ASV5647	0	0	0	0	0	0	0	0	0	0	0	0	0	0	0	0	0	0
ASV5648	5	2	0	0	4	0	5	2	3	3	2	4	1	1	2	0	1	0
ASV5649	0	2	2	2	0	3	0	2	1	1	4	1	5	1	3	2	2	2
ASV5650	0	0	0	0	1	0	0	0	0	0	0	0	1	0	0	0	0	0
ASV5651	3	2	1	3	2	2	1	1	2	3	2	2	4	1	0	0	2	1
ASV5652	0	1	1	0	0	0	3	2	0	1	3	0	0	3	0	0	0	1
ASV5653	0	0	0	1	2	2	1	0	0	2	0	0	0	0	0	0	0	0
ASV5654	0	0	0	0	0	0	1	1	0	0	1	0	0	0	0	0	0	1
ASV5655	0	0	0	0	0	0	0	0	1	0	0	0	1	2	2	2	2	4
ASV5656	0	0	0	0	0	0	0	0	0	0	0	0	0	0	0	0	0	0
ASV5657	0	0	0	0	0	0	0	0	0	0	0	0	0	0	0	0	0	0
ASV5658	0	0	1	0	0	0	0	0	0	0	0	0	0	0	0	0	0	0
ASV5659	2	2	0	0	0	0	0	0	0	0	0	2	0	0	0	0	0	0
ASV566	8	5	4	4	7	8	6	6	4	5	5	5	1	1	4	6	5	1
ASV5660	1	2	1	7	1	2	2	5	0	1	3	5	5	3	1	0	2	3
ASV5661	5	3	2	1	0	0	0	0	0	1	0	0	1	0	2	0	2	0
ASV5662	0	1	4	0	1	1	1	1	1	1	1	0	2	1	0	0	0	0
ASV5663	2	0	0	2	0	0	0	2	0	0	0	1	0	0	0	0	0	1
ASV5664	4	1	3	2	3	1	1	2	0	0	2	1	3	0	1	4	1	0
ASV5665	0	1	0	1	0	0	0	0	0	0	0	0	0	2	0	0	0	0
ASV5666	0	0	2	0	0	3	2	0	0	1	1	2	1	1	0	0	0	0
ASV5667	4	0	1	0	0	2	0	3	2	1	2	1	2	2	2	1	0	0
ASV5668	1	1	1	0	2	0	0	2	0	0	1	0	1	1	1	1	0	0
ASV5669	1	5	2	0	2	4	0	0	0	0	1	0	1	0	0	1	0	0
ASV567	6	8	6	2	5	3	2	1	3	3	2	2	1	4	2	1	1	0
ASV5670	0	0	0	1	0	0	1	0	0	0	1	1	1	3	0	5	1	2
ASV5671	3	0	2	1	0	2	2	0	0	0	0	1	2	0	0	0	0	0
ASV5672	0	1	0	1	0	1	1	0	1	1	1	2	0	0	0	0	1	0
ASV5673	0	0	0	0	0	1	0	0	1	1	1	0	2	0	1	1	3	1
ASV5674	0	0	0	2	1	1	2	0	0	0	1	0	0	0	0	0	0	0
ASV5675	3	2	4	10	10	7	6	12	4	1	3	6	9	4	2	0	5	10
ASV5676	2	3	2	1	0	3	0	1	0	2	0	4	1	1	0	0	0	0
ASV5677	0	0	0	1	0	1	1	0	1	0	1	1	0	0	0	0	0	1
ASV5678	2	2	1	2	0	0	2	1	1	0	0	1	0	0	1	0	0	0
ASV5679	0	1	1	0	1	0	1	0	0	0	1	0	0	0	0	0	0	0
ASV568	10	9	12	14	7	9	11	11	13	9	12	11	9	10	10	13	6	7
ASV5680	0	0	0	0	0	0	0	0	0	0	0	0	0	0	0	0	0	0
ASV5682	0	0	0	0	0	0	1	1	0	0	0	0	0	0	0	0	0	0
ASV5683	1	0	1	0	1	0	0	0	2	1	0	2	3	0	1	1	0	0
ASV5685	1	2	2	1	0	0	1	0	0	0	0	0	0	0	0	0	0	0
ASV5686	0	2	0	0	0	3	1	0	0	0	1	1	0	0	1	1	0	0
ASV5687	13	12	8	10	8	10	23	23	23	34	46	47	50	48	38	23	45	29
ASV5688	0	0	0	1	0	0	2	1	1	1	0	0	0	0	0	3	0	2
ASV5689	2	0	1	1	0	2	1	1	0	1	1	0	1	0	1	0	0	0
ASV569	2	3	4	3	0	5	2	2	2	3	6	2	1	1	0	3	0	0
ASV5690	0	0	0	0	0	2	0	1	0	1	0	0	0	0	0	0	0	0
ASV5691	0	0	0	0	2	0	0	0	0	0	0	0	0	0	0	3	0	0
ASV5692	0	0	0	0	0	0	1	0	0	2	2	1	0	0	0	1	0	0
ASV5693	0	0	6	0	0	0	0	0	1	0	1	3	0	1	0	1	0	0
ASV5694	0	0	2	2	3	5	1	2	0	3	2	0	0	1	0	1	0	1
ASV5695	8	0	6	7	1	3	3	1	1	1	3	3	2	2	1	1	1	1
ASV5696	1	0	0	2	0	0	0	0	0	2	1	2	0	1	0	0	0	0
ASV5697	2	1	2	1	0	2	1	1	0	1	1	0	0	0	2	0	0	0
ASV5698	2	0	5	5	1	3	3	4	3	4	3	3	5	1	5	3	6	4
ASV5699	0	0	0	0	0	0	0	0	0	0	0	0	0	0	0	0	0	0
ASV57	72	49	56	67	79	87	89	82	77	174	174	161	175	288	201	330	175	104
ASV570	7	5	5	15	22	13	8	7	5	9	4	7	7	2	5	4	1	1
ASV5700	1	1	1	1	2	0	0	1	0	0	0	1	0	1	0	1	0	0
ASV5701	1	2	1	0	2	2	0	0	0	4	1	1	1	0	2	0	0	1
ASV5702	2	1	1	0	1	0	0	0	0	1	1	1	1	0	1	0	0	0
ASV5703	0	0	1	0	1	1	1	2	0	0	1	2	1	1	1	0	1	1
ASV5704	0	0	0	1	0	0	0	0	0	0	0	0	1	0	0	0	0	0
ASV5705	1	0	1	0	1	2	0	1	1	0	0	1	0	0	0	0	0	0
ASV5706	3	1	3	1	1	1	1	0	0	1	0	0	1	0	2	0	0	0
ASV5707	1	0	0	0	0	0	0	1	0	0	1	0	0	0	0	1	0	0
ASV5708	1	0	2	1	1	3	1	1	0	1	0	0	0	0	0	0	0	0
ASV5709	2	1	2	1	0	2	1	2	0	4	1	1	3	1	0	0	0	0
ASV571	3	3	2	4	5	7	1	3	7	4	8	4	11	12	8	7	9	7
ASV5710	0	0	0	1	0	0	0	1	0	0	0	0	0	0	0	0	0	0
ASV5711	3	1	2	3	0	2	4	5	8	2	8	7	6	11	13	9	19	30
ASV5712	1	1	3	0	1	1	1	3	1	3	0	1	7	1	1	3	3	1
ASV5713	6	2	1	1	0	0	1	0	2	0	0	2	1	1	0	0	0	0
ASV5714	0	1	1	0	0	1	0	1	2	0	1	0	0	1	2	2	1	0
ASV5715	0	2	2	1	0	0	0	0	1	2	0	1	0	0	1	1	0	0
ASV5716	0	1	3	0	0	1	1	0	0	2	2	0	2	0	0	0	0	1
ASV5717	1	4	3	1	3	0	1	0	3	0	1	0	0	0	0	0	1	1
ASV5718	0	0	0	1	0	0	0	0	0	0	0	1	0	0	0	0	1	0
ASV572	0	1	1	0	3	0	3	0	1	1	0	2	1	3	2	3	4	4
ASV5720	0	0	0	0	0	0	0	0	0	0	0	0	0	0	0	0	0	0
ASV5721	1	2	1	1	1	2	0	0	1	0	0	0	0	0	1	0	0	2
ASV5722	1	0	0	0	0	1	0	0	1	1	0	1	1	0	1	1	0	0
ASV5723	0	1	1	2	1	1	0	0	1	1	0	1	1	2	0	0	0	0
ASV5724	0	1	0	2	0	0	0	2	3	0	0	0	1	1	1	2	0	3
ASV5725	3	3	2	1	2	0	0	3	2	1	0	0	0	0	0	0	0	0
ASV5726	0	0	1	1	0	1	2	1	0	1	1	0	0	0	0	0	1	0
ASV5727	0	0	0	0	0	0	0	0	0	0	0	1	0	0	0	0	0	0
ASV5728	0	0	1	0	1	1	0	0	0	0	1	0	0	0	0	1	0	0
ASV5729	1	0	1	0	0	0	0	0	0	1	0	0	0	0	0	0	0	0
ASV573	9	7	7	6	7	7	9	12	6	9	4	7	12	6	10	13	10	8
ASV5730	0	1	1	1	2	0	1	1	0	2	1	0	1	1	0	0	0	0
ASV5731	0	0	1	0	0	1	0	0	0	0	0	1	2	0	0	0	0	0
ASV5732	4	0	1	0	2	0	0	0	0	2	0	0	0	2	0	0	0	1
ASV5733	1	0	0	0	0	1	0	1	1	0	2	0	0	1	1	0	0	0
ASV5734	0	0	3	2	0	0	1	0	0	0	0	1	0	2	0	1	1	1
ASV5735	0	0	1	0	0	0	0	1	1	0	0	0	0	1	0	0	1	0
ASV5736	1	0	1	0	0	0	1	0	1	0	1	0	1	2	0	0	2	1
ASV5737	3	0	1	1	0	1	0	0	0	0	0	1	0	1	0	0	1	0
ASV5738	1	0	0	0	1	0	0	1	0	1	2	0	0	0	0	0	0	0
ASV5739	0	0	0	0	0	0	0	0	0	0	0	0	1	0	0	0	0	0
ASV574	10	6	15	6	12	8	8	2	2	5	7	3	5	1	2	0	1	0
ASV5740	1	0	0	0	0	1	0	0	0	0	0	0	0	0	0	0	0	0
ASV5741	1	0	1	2	2	3	1	0	2	0	2	0	0	1	0	0	0	0
ASV5742	0	1	4	1	0	0	0	0	0	0	0	0	0	1	0	0	0	0
ASV5743	0	0	2	1	1	0	1	0	1	0	0	0	1	0	0	1	1	0
ASV5744	16	10	3	8	6	19	21	33	26	21	37	45	37	26	30	32	51	48
ASV5745	1	2	0	0	0	1	0	1	0	1	0	1	0	1	0	0	1	0
ASV5746	1	1	1	1	0	0	2	0	2	0	0	0	1	1	0	0	0	0
ASV5747	1	0	0	2	0	0	0	0	1	1	0	0	1	0	0	2	0	0
ASV5748	1	1	1	0	1	0	2	3	1	0	0	0	0	0	1	0	1	0
ASV5749	0	2	0	0	0	0	0	0	1	1	0	0	1	0	0	0	0	1
ASV575	6	1	4	2	2	5	7	5	0	2	2	3	6	7	3	6	5	9
ASV5750	0	0	1	1	0	0	1	1	0	2	1	0	0	0	0	0	0	0
ASV5751	3	0	1	2	0	0	2	0	0	1	0	0	0	0	1	0	0	0
ASV5752	0	0	0	0	0	0	0	0	0	0	0	0	0	0	0	0	0	0
ASV5753	1	0	1	0	1	2	3	2	1	0	0	1	1	0	2	2	0	1
ASV5754	0	0	0	0	3	0	0	0	0	1	1	0	0	0	1	0	0	0
ASV5755	1	0	3	0	1	1	0	0	1	0	0	0	1	0	0	0	0	0
ASV5756	1	2	0	0	1	1	1	2	2	1	2	0	1	0	0	1	0	0
ASV5758	0	0	4	2	1	0	0	0	1	0	0	0	1	1	0	0	0	0
ASV5759	0	0	1	0	0	0	0	0	0	0	0	0	0	0	0	0	0	0
ASV576	18	15	18	19	22	15	11	10	17	15	21	16	15	8	12	5	6	5
ASV5760	0	0	0	0	0	0	0	0	0	0	0	0	0	0	0	0	0	0
ASV5761	2	0	0	0	0	0	0	0	0	0	0	0	0	1	0	0	0	0
ASV5762	2	1	0	0	0	0	1	1	1	1	0	1	2	0	0	0	0	0
ASV5763	2	8	7	5	3	4	4	2	2	3	3	1	2	2	2	2	1	0
ASV5765	0	1	0	1	2	0	0	1	0	0	0	0	1	0	0	0	0	0
ASV5766	0	0	1	0	0	0	0	0	2	0	0	0	0	0	0	1	0	0
ASV5767	3	1	2	0	2	2	4	1	1	5	0	0	2	2	1	2	1	0
ASV5768	1	2	6	4	3	3	2	1	2	3	1	1	5	2	0	0	0	2
ASV5769	0	0	1	0	1	0	0	1	0	0	0	0	0	0	1	0	0	2
ASV577	2	6	1	4	1	1	3	1	1	3	3	1	2	2	0	0	0	0
ASV5770	3	0	1	1	0	1	1	1	0	3	1	0	0	2	1	1	1	0
ASV5771	1	0	0	1	1	0	0	0	1	0	0	1	2	0	0	0	0	0
ASV5772	7	6	9	10	3	3	4	3	4	5	5	6	2	3	3	5	10	7
ASV5773	0	0	0	1	0	0	0	0	2	0	0	0	0	0	0	0	0	0
ASV5774	1	0	0	1	0	0	0	0	0	1	0	0	0	0	1	0	0	1
ASV5775	0	0	1	0	0	1	1	0	1	0	0	0	0	0	0	0	0	0
ASV5776	0	1	0	2	2	2	3	0	0	0	1	2	0	0	0	0	0	0
ASV5777	0	0	1	0	0	0	0	0	0	0	0	1	0	0	0	0	0	0
ASV5778	1	0	1	1	0	0	0	0	0	0	0	0	0	1	1	1	1	0
ASV5779	1	1	2	2	1	0	3	0	4	0	0	2	0	0	0	0	1	0
ASV578	1	1	0	1	1	0	1	0	0	1	0	0	0	2	0	0	1	3
ASV5780	0	0	1	0	0	0	0	0	0	0	0	0	0	0	2	0	0	0
ASV5781	1	0	0	1	0	0	0	1	3	0	0	0	2	2	3	0	0	0
ASV5782	19	45	26	55	31	33	40	46	38	44	40	49	41	50	51	22	84	85
ASV5783	1	0	2	0	0	0	0	0	0	0	1	0	2	1	0	0	0	0
ASV5785	1	0	1	1	0	1	0	2	0	0	0	0	0	0	0	0	0	0
ASV5786	1	0	3	3	0	0	0	2	0	0	1	0	2	0	0	0	1	1
ASV5787	4	4	3	4	2	2	2	0	2	1	3	0	3	4	4	1	1	0
ASV5788	0	0	0	0	0	0	1	2	0	1	1	0	0	0	0	1	0	0
ASV5789	3	1	1	1	2	1	4	1	1	0	2	1	1	3	0	3	1	2
ASV579	15	7	6	7	8	6	7	2	7	10	3	6	6	3	4	2	3	1
ASV5790	0	7	2	0	1	0	1	1	3	1	0	3	0	1	0	0	0	0
ASV5791	0	0	0	0	0	0	3	2	0	0	0	1	0	0	0	0	0	0
ASV5792	1	0	0	1	0	0	0	0	0	0	0	0	0	0	0	0	0	0
ASV5793	1	0	1	0	0	1	0	1	0	0	0	0	0	0	0	0	0	1
ASV5794	0	0	0	0	0	0	0	0	0	0	1	0	0	1	0	0	0	0
ASV5795	0	3	0	2	0	0	1	0	0	0	0	0	0	0	0	0	0	0
ASV5796	2	2	2	2	0	2	3	6	0	1	1	1	2	2	1	0	1	1
ASV5797	1	0	1	1	0	2	0	0	1	2	3	0	1	1	0	0	0	0
ASV5798	2	0	0	1	0	0	0	0	1	0	0	0	3	0	0	0	0	0
ASV5799	0	0	0	0	0	1	0	0	1	0	0	0	0	0	0	0	1	1
ASV58	4	2	2	0	0	2	1	0	2	2	1	2	1	1	0	0	1	0
ASV580	3	5	8	3	5	0	4	4	7	5	6	7	7	9	7	12	16	16
ASV5800	1	0	0	2	1	0	1	0	0	2	0	0	0	0	1	0	0	0
ASV5801	2	0	0	0	0	0	0	0	0	0	1	0	0	0	0	0	0	0
ASV5802	0	0	0	0	0	0	0	1	0	0	0	0	0	0	0	0	0	0
ASV5803	3	5	0	0	0	2	1	0	1	2	2	1	1	1	0	1	0	0
ASV5804	1	1	0	0	0	0	1	0	0	0	1	0	1	0	0	0	0	1
ASV5805	1	0	2	0	2	3	1	0	1	1	0	0	0	1	0	1	0	0
ASV5806	0	0	0	1	0	0	0	0	0	0	0	0	0	1	1	0	0	0
ASV5807	3	1	0	1	0	2	0	1	2	0	0	1	0	0	1	2	0	0
ASV5808	8	5	2	2	1	2	3	1	1	1	3	0	1	0	0	0	0	0
ASV5809	0	0	1	1	0	2	3	1	0	3	0	0	2	0	0	0	0	0
ASV5810	2	0	0	0	0	0	0	1	1	1	1	1	0	1	2	1	2	1
ASV5811	0	2	0	0	0	0	0	0	0	0	0	0	0	0	0	0	0	0
ASV5812	1	0	1	0	1	0	0	0	0	0	0	0	4	0	0	0	0	0
ASV5813	0	3	0	4	1	1	0	0	0	2	0	0	0	0	0	0	0	0
ASV5814	0	0	1	0	2	1	0	0	0	0	3	0	1	1	0	0	0	0
ASV5815	0	1	4	0	0	2	0	0	0	2	0	1	0	0	0	0	1	0
ASV5816	1	1	1	1	0	0	0	2	0	1	0	2	0	1	1	0	0	0
ASV5817	1	1	1	1	1	2	0	0	1	2	1	1	0	0	2	0	0	1
ASV5818	1	1	0	0	0	0	1	0	2	0	0	0	0	0	0	0	0	0
ASV5819	0	0	0	0	0	0	0	0	0	0	3	0	0	0	0	0	0	0
ASV582	4	2	0	2	1	1	3	2	1	0	1	1	0	3	2	2	1	4
ASV5820	1	5	5	4	1	4	2	2	6	3	3	0	3	5	5	0	3	2
ASV5821	0	0	0	0	0	0	1	0	0	0	0	0	0	0	0	0	0	0
ASV5822	1	0	0	0	0	0	0	0	0	2	0	0	0	0	0	0	0	0
ASV5823	2	0	1	2	3	0	1	1	1	0	1	2	0	2	1	3	0	2
ASV5824	1	1	2	5	0	0	0	1	0	2	0	2	0	1	0	0	0	0
ASV5825	0	0	0	0	0	0	0	0	0	0	0	0	0	0	0	0	1	2
ASV5826	0	0	0	2	0	2	0	0	1	1	0	0	0	1	0	0	1	1
ASV5827	2	0	0	0	1	1	1	1	1	2	0	0	1	0	0	0	0	0
ASV5828	0	0	1	0	0	0	0	0	0	0	0	0	0	0	0	0	0	0
ASV5829	1	3	0	0	0	0	0	0	3	0	0	0	0	2	0	0	1	0
ASV583	0	0	1	0	1	1	1	2	0	0	1	0	0	0	2	0	0	0
ASV5830	4	1	0	2	1	1	1	2	2	1	0	2	2	0	1	0	0	0
ASV5831	5	2	1	0	0	0	1	3	3	1	0	1	0	1	0	1	0	0
ASV5832	0	0	0	0	0	0	0	0	0	0	0	0	0	0	0	0	0	0
ASV5833	0	0	0	0	0	0	0	0	1	0	0	0	0	0	0	0	0	0
ASV5834	0	0	0	2	1	0	0	0	0	0	0	1	0	0	0	0	0	1
ASV5835	0	1	0	1	0	0	1	0	0	0	1	1	0	0	0	0	0	0
ASV5836	1	1	2	0	0	0	1	0	0	0	1	0	0	0	0	0	0	0
ASV5837	3	1	2	0	0	0	0	0	0	0	1	1	1	0	0	0	0	0
ASV5838	2	1	1	1	0	2	2	1	0	2	0	0	1	0	0	0	0	0
ASV5839	3	2	3	3	4	2	11	4	2	0	6	5	3	4	4	7	9	10
ASV584	2	4	3	3	1	4	1	3	1	2	3	6	0	1	4	5	6	8
ASV5840	0	3	0	0	0	0	0	0	0	3	0	1	1	0	1	0	0	0
ASV5841	4	2	2	4	1	4	3	0	1	7	4	1	1	2	3	0	0	0
ASV5842	0	0	0	1	1	2	0	0	0	1	0	0	0	1	0	1	0	0
ASV5843	1	1	1	2	1	3	2	1	1	0	0	0	0	1	0	0	0	0
ASV5844	0	0	0	0	0	2	0	1	0	0	0	0	0	0	1	0	0	0
ASV5845	1	0	1	3	0	3	1	1	1	2	1	0	0	3	0	0	0	0
ASV5846	4	0	3	2	3	0	0	1	2	0	0	0	1	2	0	0	0	0
ASV5847	2	0	0	1	3	0	1	1	0	0	2	0	1	0	0	0	0	0
ASV5848	2	24	14	14	12	7	10	16	15	6	13	11	11	3	13	4	2	3
ASV5849	1	1	1	0	0	1	0	2	4	0	1	4	1	3	0	0	1	0
ASV585	17	8	13	6	9	9	8	4	9	7	7	5	5	9	9	5	1	2
ASV5850	1	0	0	1	4	3	0	0	0	1	5	0	0	0	1	0	0	1
ASV5851	0	0	0	1	0	0	0	0	2	0	1	0	1	2	0	0	0	1
ASV5852	0	1	0	0	4	1	0	0	3	0	0	1	0	1	1	0	1	0
ASV5853	0	0	2	0	0	0	0	0	0	0	0	0	1	0	1	1	0	0
ASV5854	0	0	1	0	1	0	1	0	0	0	1	0	0	0	0	2	0	0
ASV5855	0	2	2	2	1	1	1	0	0	0	0	0	0	1	0	0	1	0
ASV5856	2	1	1	1	1	1	0	1	1	1	1	1	3	0	0	1	0	0
ASV5857	0	0	0	1	0	0	1	0	0	2	0	0	1	0	0	0	0	0
ASV5858	0	1	1	0	2	0	4	0	1	2	0	0	0	0	1	0	1	0
ASV5859	1	1	0	1	4	2	1	0	0	2	0	1	2	2	0	0	0	0
ASV586	18	6	11	13	7	12	10	8	7	13	11	13	12	11	9	24	13	9
ASV5860	0	0	1	1	1	1	0	1	2	0	2	1	0	2	1	2	2	1
ASV5861	0	0	1	0	0	2	1	0	2	0	0	1	0	0	0	1	0	0
ASV5862	1	0	2	1	0	0	2	2	0	1	0	0	0	0	1	0	0	1
ASV5863	0	1	0	2	2	1	0	0	0	0	0	0	0	0	0	0	0	0
ASV5864	0	0	0	0	0	0	0	0	0	0	0	0	0	0	0	0	0	0
ASV5866	2	1	1	0	0	2	0	0	0	2	0	0	0	2	0	0	2	0
ASV5867	1	0	0	0	1	0	0	0	0	1	1	0	0	0	0	2	0	0
ASV5868	0	0	1	0	1	1	1	0	0	1	0	2	1	0	1	2	1	1
ASV5869	0	0	0	1	0	2	2	0	0	2	3	0	0	1	0	0	0	0
ASV587	7	8	5	8	7	5	4	8	7	4	7	10	7	12	9	6	7	1
ASV5870	1	0	0	1	0	1	0	0	0	0	0	0	0	0	0	0	0	1
ASV5871	0	0	0	0	0	0	0	0	0	0	0	0	0	0	0	0	0	0
ASV5872	1	1	1	1	1	1	0	2	0	1	1	0	1	0	0	0	0	0
ASV5873	5	1	1	0	0	2	0	0	0	0	0	1	3	0	0	0	0	0
ASV5874	1	0	0	0	1	0	0	0	0	0	3	1	0	1	0	1	3	0
ASV5875	0	1	1	1	0	0	0	0	0	0	2	0	1	2	2	1	0	0
ASV5876	3	2	1	0	0	1	0	0	0	0	1	2	0	0	2	0	0	0
ASV5877	1	1	1	1	0	1	0	0	0	0	0	0	0	2	0	0	1	1
ASV5878	1	2	0	1	0	3	1	0	0	0	1	0	0	0	0	0	0	0
ASV5879	0	0	0	0	2	0	1	0	1	0	0	0	2	5	0	0	0	0
ASV588	2	0	2	1	2	1	8	2	6	1	3	2	2	5	14	13	4	4
ASV5880	3	2	4	3	2	5	7	2	0	2	2	3	0	0	0	0	0	0
ASV5881	1	4	2	3	2	0	1	1	0	2	0	0	0	1	4	0	0	0
ASV5882	3	2	3	0	0	1	4	0	1	4	3	0	0	0	0	0	0	0
ASV5883	2	3	2	2	1	1	0	2	0	1	2	0	1	1	2	0	1	1
ASV5884	1	0	1	1	0	1	2	2	0	0	0	0	0	0	1	0	0	1
ASV5885	1	1	0	1	1	1	0	0	0	0	0	0	0	1	0	0	0	0
ASV5886	0	1	1	1	0	0	1	0	0	0	0	0	0	0	0	0	0	0
ASV5887	0	0	0	0	0	0	1	0	0	0	0	0	0	0	0	0	0	0
ASV5888	2	0	4	0	0	1	1	1	0	1	1	0	1	4	0	0	0	0
ASV5889	2	1	2	2	3	1	0	0	1	2	1	3	0	1	2	0	0	0
ASV589	39	16	17	11	18	13	4	13	8	12	16	7	7	11	15	8	3	2
ASV5890	0	0	0	0	1	1	0	0	0	0	0	0	1	0	0	0	0	0
ASV5891	0	1	1	0	1	1	1	0	0	3	0	1	0	1	0	0	0	0
ASV5892	1	0	2	0	1	0	0	0	0	0	0	1	1	2	0	0	0	0
ASV5893	0	2	1	0	0	0	3	0	0	0	0	1	0	0	0	0	0	0
ASV5894	1	2	2	1	1	0	0	2	3	1	1	2	3	1	0	0	2	1
ASV5895	2	0	0	0	0	6	3	0	3	1	1	0	0	4	1	1	0	0
ASV5896	0	0	0	3	0	1	1	1	0	0	1	0	0	0	0	0	0	0
ASV5897	0	1	2	0	1	0	1	1	0	0	0	0	1	0	0	0	0	0
ASV5898	1	0	1	1	0	0	2	0	1	4	0	1	0	0	0	0	0	0
ASV5899	1	1	0	0	2	0	0	0	1	0	1	2	0	0	3	1	1	1
ASV59	63	53	59	69	37	56	71	72	73	95	82	101	92	189	176	242	295	276
ASV5900	3	3	0	0	0	0	0	0	0	0	0	0	0	0	1	1	0	0
ASV5901	0	1	1	0	0	0	1	4	0	0	0	0	0	0	0	0	1	0
ASV5902	0	3	0	0	0	1	1	1	1	0	1	0	1	2	1	1	0	1
ASV5903	1	2	1	2	0	1	1	0	0	2	0	1	0	0	1	0	0	0
ASV5904	0	0	0	1	0	5	0	0	0	2	0	1	1	0	1	0	0	0
ASV5905	0	2	0	0	2	1	0	0	0	1	0	0	0	2	0	1	0	0
ASV5906	1	0	1	0	1	0	0	0	3	0	0	1	0	0	1	0	0	0
ASV5907	0	0	0	0	0	0	0	0	0	1	0	0	0	0	0	0	0	0
ASV5908	2	0	2	1	1	0	0	1	1	0	0	0	1	0	1	0	0	0
ASV5909	0	1	0	0	0	0	0	0	3	1	0	0	0	1	0	0	1	0
ASV591	4	2	8	7	3	10	7	3	16	7	7	6	11	14	6	11	23	18
ASV5910	0	1	3	0	1	0	1	1	1	1	2	0	1	0	0	0	0	0
ASV5911	0	1	2	2	1	0	0	0	1	0	0	0	0	0	0	0	1	0
ASV5912	2	2	0	2	0	0	1	1	0	1	0	0	2	0	0	0	0	0
ASV5913	0	0	0	0	1	0	0	0	0	0	0	0	0	0	0	0	0	0
ASV5914	0	0	2	0	0	2	0	0	2	2	0	0	1	0	0	2	0	1
ASV5915	2	0	1	0	1	0	2	0	1	0	0	1	0	0	0	0	0	0
ASV5916	2	0	0	1	0	0	1	1	0	1	2	0	0	2	0	2	3	0
ASV5917	2	0	2	0	3	0	0	0	0	0	0	0	1	1	2	1	0	0
ASV5918	1	0	1	3	1	1	1	0	0	0	0	1	0	0	0	0	0	0
ASV5919	1	0	2	0	0	2	0	1	0	1	0	0	1	1	0	0	0	0
ASV592	11	6	16	14	10	9	9	5	5	4	7	2	10	5	3	4	10	10
ASV5920	0	1	0	1	3	1	3	2	4	0	3	4	2	1	0	0	1	3
ASV5921	0	0	0	2	1	0	0	1	1	1	0	0	0	1	0	5	0	0
ASV5922	0	1	1	0	0	2	0	0	0	0	0	0	1	0	0	0	0	0
ASV5923	0	1	2	1	1	2	2	0	1	1	1	0	0	0	0	1	2	0
ASV5924	1	0	2	0	0	5	0	1	0	0	0	1	0	0	0	0	0	0
ASV5925	0	0	1	0	0	0	0	0	0	0	0	0	0	0	0	0	0	0
ASV5926	5	0	1	0	3	1	0	0	0	1	1	0	0	0	0	0	0	0
ASV5927	2	0	2	2	0	3	3	1	0	2	3	3	1	0	1	0	2	0
ASV5928	1	0	0	1	0	2	0	1	0	1	0	0	0	0	0	0	1	1
ASV5929	1	0	0	0	0	1	0	0	0	0	0	0	0	0	0	0	0	0
ASV593	5	4	5	6	3	6	2	1	0	4	2	3	7	5	5	3	0	2
ASV5930	0	0	0	0	1	0	0	0	0	0	0	1	1	0	0	0	0	0
ASV5931	2	2	8	5	2	4	3	3	6	0	4	1	5	2	2	0	2	0
ASV5932	1	0	0	1	1	0	1	0	0	3	1	0	0	1	0	0	0	0
ASV5933	0	0	1	0	5	0	1	0	0	0	2	0	0	0	1	0	0	0
ASV5934	3	0	1	1	2	2	1	0	1	2	1	0	0	0	1	0	0	0
ASV5935	0	0	2	0	0	0	0	0	0	0	0	0	1	0	1	2	2	0
ASV5936	1	0	2	1	0	1	3	0	1	1	1	1	1	0	1	0	0	0
ASV5937	0	0	0	0	0	0	1	0	0	0	0	2	0	0	0	0	0	0
ASV5938	1	1	1	1	0	0	1	1	1	1	1	0	0	0	0	0	0	0
ASV5939	0	0	0	0	0	0	1	0	0	0	0	0	0	0	0	0	0	0
ASV594	9	4	4	1	4	6	2	2	5	5	0	1	1	3	2	3	1	1
ASV5940	0	2	1	0	2	2	1	0	0	1	1	1	0	1	0	0	0	0
ASV5941	0	0	0	0	1	1	0	0	0	0	0	0	0	0	0	0	0	0
ASV5942	1	0	2	1	0	1	0	0	1	0	0	0	0	0	0	0	0	1
ASV5943	7	5	5	8	8	6	3	6	6	4	4	2	3	2	5	0	1	0
ASV5944	0	0	1	0	0	0	0	0	0	0	0	0	0	1	0	0	2	0
ASV5946	1	1	0	1	1	0	1	0	0	2	2	0	2	0	0	1	0	0
ASV5947	0	0	0	0	0	0	0	0	0	0	0	0	0	0	0	0	0	0
ASV5948	1	1	0	2	2	1	0	0	1	1	0	2	0	1	1	1	0	0
ASV5949	1	2	1	0	1	2	0	0	2	2	0	1	0	0	1	0	0	0
ASV595	10	8	5	10	8	8	8	6	10	12	10	6	11	7	13	17	8	6
ASV5950	1	2	3	3	2	1	1	1	1	2	1	0	2	0	0	0	1	0
ASV5952	1	0	1	1	1	0	0	0	0	1	0	1	0	1	2	1	0	0
ASV5953	0	0	1	0	0	1	1	0	0	1	2	0	3	0	0	1	0	0
ASV5954	0	0	0	0	0	0	0	1	0	0	0	0	0	0	0	0	0	1
ASV5955	1	2	1	0	5	2	0	0	0	0	1	1	2	1	0	0	0	1
ASV5956	1	0	3	0	0	0	0	1	0	0	0	1	0	0	1	0	1	0
ASV5958	0	2	0	2	1	2	0	1	1	1	0	0	1	0	1	0	0	0
ASV5959	1	1	1	1	0	2	1	0	0	0	0	0	0	0	1	0	0	0
ASV596	8	7	5	6	4	5	10	5	7	8	8	9	4	5	5	7	1	1
ASV5960	1	1	0	0	0	2	0	1	2	1	0	2	1	0	0	1	0	0
ASV597	4	9	6	7	2	4	4	5	7	2	10	5	3	5	3	2	3	4
ASV598	1	1	3	1	1	0	2	1	2	1	0	0	0	0	0	0	0	0
ASV599	1	0	5	5	2	1	1	0	0	0	2	0	1	0	0	0	0	0
ASV6	285	213	362	292	318	311	180	142	164	245	177	134	171	122	116	140	51	27
ASV60	13	5	7	9	4	4	6	5	9	4	7	8	8	7	11	20	34	49
ASV600	9	20	14	18	12	12	19	7	7	19	11	6	12	9	11	2	9	7
ASV601	3	13	15	10	4	6	7	11	8	7	3	6	14	9	9	10	2	1
ASV602	6	4	3	5	2	5	4	0	2	2	3	2	3	0	2	0	0	2
ASV603	8	5	8	6	7	2	4	7	6	4	8	1	4	1	4	6	1	1
ASV604	6	4	14	5	4	6	4	5	5	9	6	6	4	3	10	11	7	4
ASV605	1	1	1	1	0	0	1	0	2	0	2	0	1	3	1	0	2	0
ASV606	1	5	5	11	10	18	30	21	19	14	20	18	13	5	10	3	13	6
ASV607	4	1	3	0	2	1	1	1	1	2	2	0	4	2	0	0	0	0
ASV608	6	5	11	9	3	8	6	2	3	8	0	3	3	2	2	4	2	1
ASV609	0	2	2	3	2	0	1	2	2	3	1	1	0	2	0	3	0	0
ASV61	14	11	10	7	8	11	10	17	23	12	22	42	36	42	79	115	82	138
ASV610	9	3	3	3	9	10	9	7	4	1	1	9	5	11	11	6	7	9
ASV611	6	8	5	3	5	4	8	9	3	9	7	5	7	2	3	4	3	2
ASV612	12	10	12	9	12	7	7	7	9	13	7	7	6	2	7	4	1	0
ASV613	8	4	4	5	2	6	8	0	4	3	2	7	3	5	3	3	3	1
ASV614	19	7	15	8	3	17	11	9	11	16	5	6	4	11	5	5	2	0
ASV615	2	0	1	2	2	2	1	0	3	0	1	2	0	1	0	0	0	0
ASV616	3	3	1	2	0	6	2	2	0	1	3	3	5	3	4	2	2	1
ASV617	1	4	2	5	3	7	2	3	5	3	1	2	5	3	1	0	2	3
ASV618	11	12	10	5	6	9	13	9	16	10	11	13	10	9	6	9	5	6
ASV619	9	11	6	12	11	12	5	6	4	9	7	8	6	5	9	3	4	4
ASV62	8	3	10	8	4	3	3	5	5	5	6	3	7	8	7	15	22	36
ASV620	5	1	1	3	2	1	3	0	2	3	0	0	2	0	0	1	0	0
ASV621	5	3	2	8	3	2	2	2	2	1	6	1	0	3	4	7	13	7
ASV622	5	1	10	5	9	8	3	2	1	8	3	5	4	4	2	6	1	1
ASV623	21	19	14	8	18	11	17	14	14	25	9	8	15	9	8	12	2	1
ASV624	6	2	6	4	4	4	3	2	3	3	8	2	6	5	4	15	14	10
ASV625	2	1	2	3	4	6	4	1	2	2	1	3	3	4	5	13	7	10
ASV626	15	3	7	2	12	8	13	9	7	14	10	11	12	27	12	18	17	10
ASV627	16	14	7	7	3	10	10	11	7	6	7	3	9	4	4	2	5	4
ASV628	4	0	3	1	0	2	0	0	1	4	1	0	1	1	1	0	0	0
ASV629	4	4	3	0	2	1	1	0	1	2	2	1	3	0	3	5	1	3
ASV63	36	37	25	79	123	132	122	94	163	142	130	74	102	84	79	77	86	79
ASV630	6	2	6	3	4	4	2	3	3	3	2	1	3	2	2	2	1	0
ASV631	7	13	3	13	3	10	12	4	7	10	14	14	12	21	9	11	15	18
ASV632	3	0	1	2	3	3	1	7	3	2	4	0	1	3	2	4	4	6
ASV633	7	7	8	10	8	8	6	5	10	16	17	11	6	17	16	11	15	3
ASV634	1	25	15	16	20	10	12	18	19	7	9	11	9	10	17	2	2	1
ASV635	15	15	10	22	11	13	11	7	8	12	13	6	11	12	10	20	12	7
ASV636	9	8	9	9	6	8	8	7	12	10	10	5	4	2	4	1	0	1
ASV637	5	6	2	1	1	7	2	2	10	8	6	8	5	10	17	25	26	18
ASV638	1	0	0	0	2	0	1	0	0	0	1	0	0	0	5	6	14	11
ASV639	3	2	3	5	3	2	4	4	2	2	3	1	1	1	0	3	0	1
ASV64	144	135	151	151	146	185	152	167	165	214	178	157	174	171	131	119	120	100
ASV640	6	4	7	4	1	2	4	4	5	7	4	2	3	2	5	8	10	4
ASV641	3	4	4	3	3	3	3	4	2	8	9	3	6	4	8	14	12	10
ASV642	1	0	1	6	0	3	2	2	0	2	2	0	1	0	1	0	0	0
ASV643	11	8	16	8	15	10	20	13	9	7	17	10	14	13	7	10	13	9
ASV644	8	12	12	5	12	13	8	4	5	8	10	2	1	2	2	3	1	0
ASV645	0	10	6	4	14	7	10	8	3	13	4	1	3	2	3	3	7	2
ASV646	2	0	0	0	2	1	1	0	0	1	1	0	0	1	1	0	1	0
ASV647	0	2	1	0	3	3	0	0	1	1	2	1	2	3	4	0	0	2
ASV648	1	1	3	2	1	3	3	3	4	1	2	2	5	3	0	0	5	5
ASV649	2	3	4	3	1	3	3	1	0	5	3	0	3	2	0	1	0	1
ASV65	114	64	59	71	60	65	55	36	64	69	26	51	34	26	23	22	17	73
ASV650	1	2	1	2	0	0	1	1	0	0	1	1	1	1	2	3	1	0
ASV651	27	19	14	11	11	7	9	8	7	14	8	6	11	5	4	3	0	1
ASV652	1	0	2	0	3	2	1	3	0	1	2	5	3	3	2	8	6	2
ASV653	15	16	4	11	11	7	11	4	3	12	1	6	9	5	1	5	1	1
ASV654	2	1	2	0	5	1	2	4	2	3	1	0	4	3	2	2	7	9
ASV655	18	13	12	8	9	10	12	6	4	7	12	8	3	3	6	1	1	3
ASV656	0	0	1	0	0	0	0	0	0	2	0	0	0	0	1	0	0	0
ASV657	10	10	9	7	7	10	7	2	5	11	4	11	12	7	6	5	5	4
ASV658	5	10	7	5	7	4	3	9	1	3	3	2	2	6	3	3	2	1
ASV659	1	4	0	0	0	2	0	3	1	2	0	0	0	1	1	0	0	0
ASV66	1	1	0	0	0	1	0	1	1	0	0	0	2	0	0	0	0	0
ASV660	11	15	13	11	8	5	7	11	5	9	4	6	5	5	11	4	3	3
ASV661	9	4	5	5	6	5	2	9	7	2	3	4	4	10	4	7	3	3
ASV662	1	2	4	1	0	2	0	1	1	3	0	1	1	2	0	1	0	0
ASV663	16	12	11	10	16	8	4	7	8	8	5	8	5	7	10	18	0	1
ASV664	5	2	5	6	9	8	8	8	3	8	12	4	4	2	2	11	5	7
ASV665	12	9	17	17	15	8	8	2	7	11	8	5	4	3	0	3	0	0
ASV666	7	7	8	4	4	7	10	1	1	3	4	5	4	5	4	0	0	0
ASV667	12	7	12	12	6	11	10	4	7	5	15	10	20	8	12	10	17	21
ASV668	11	4	4	6	4	4	1	6	4	5	16	8	5	0	5	0	1	1
ASV669	15	9	8	7	10	6	6	7	4	14	8	7	14	5	9	7	2	5
ASV67	82	56	59	84	102	100	113	79	103	160	113	125	143	149	126	100	101	54
ASV670	9	9	8	12	10	9	5	18	4	18	2	7	4	7	9	3	3	4
ASV671	8	6	7	17	16	19	21	22	28	21	26	23	12	13	16	8	22	11
ASV672	20	5	4	8	11	9	7	3	6	7	2	2	4	2	5	5	1	2
ASV673	1	9	8	6	7	4	11	6	7	7	5	13	4	10	9	7	2	4
ASV674	2	1	1	0	3	0	0	3	0	0	0	2	1	1	0	0	0	0
ASV675	10	6	19	5	6	5	2	3	8	10	8	3	12	4	5	2	2	2
ASV676	11	7	7	4	3	10	6	7	3	8	9	11	10	6	5	11	4	2
ASV677	9	10	5	9	6	10	8	10	16	8	24	19	17	30	30	29	10	8
ASV679	0	1	2	0	0	0	0	0	1	2	0	1	1	0	3	3	18	72
ASV68	16	13	14	19	22	25	16	25	15	18	16	22	20	19	26	47	57	39
ASV680	9	4	6	9	4	2	6	4	4	5	3	4	8	6	9	6	4	5
ASV681	11	8	11	13	7	10	6	11	12	12	15	17	13	22	14	22	64	73
ASV682	3	16	3	8	6	7	4	5	8	10	8	7	7	3	5	6	2	5
ASV683	4	9	15	6	7	8	6	4	5	5	3	1	6	5	5	1	2	0
ASV684	9	9	8	8	6	10	5	9	13	14	9	11	6	9	9	6	10	21
ASV685	3	3	1	1	3	4	1	2	3	0	2	0	1	2	3	1	1	1
ASV686	9	3	5	9	5	4	5	2	8	3	12	3	17	7	11	14	11	10
ASV687	12	11	6	9	6	16	15	9	8	17	12	12	10	18	9	18	7	2
ASV688	3	1	5	5	6	1	3	4	3	3	4	2	1	2	3	0	2	0
ASV689	7	6	6	10	7	15	8	10	8	2	4	9	8	6	10	15	13	4
ASV69	314	223	252	199	147	196	143	140	137	180	130	128	130	130	154	90	303	347
ASV690	0	0	1	2	1	0	0	0	1	0	1	0	0	0	0	0	0	0
ASV691	2	4	18	1	3	4	3	5	7	0	3	7	3	12	2	6	9	6
ASV692	5	3	6	2	2	3	4	3	3	4	3	5	3	3	1	10	2	3
ASV693	4	4	3	1	3	6	3	1	7	2	3	2	3	1	2	3	6	3
ASV694	1	0	3	3	6	1	2	2	4	3	2	3	5	4	1	1	5	8
ASV695	9	6	11	13	10	9	6	7	7	8	2	6	6	3	3	4	1	0
ASV696	3	2	1	5	5	3	0	4	2	3	1	0	5	1	1	0	0	0
ASV697	0	1	0	0	1	3	1	1	0	0	0	0	0	0	2	0	0	0
ASV698	0	0	3	0	1	0	0	1	0	1	0	0	0	0	1	0	0	0
ASV699	17	7	17	16	9	11	2	9	7	9	14	6	8	11	7	2	1	5
ASV7	6	9	11	12	12	13	7	9	12	12	14	6	8	15	17	14	7	8
ASV70	4	200	100	100	104	82	101	100	134	86	71	92	87	142	163	134	9	28
ASV700	6	6	4	6	3	4	0	3	4	0	2	1	0	0	1	3	1	0
ASV701	2	0	0	0	0	1	0	1	0	0	3	1	0	0	0	5	0	0
ASV702	3	2	1	5	3	3	2	1	4	5	3	5	8	7	4	12	6	4
ASV703	5	3	4	3	0	1	2	2	6	10	3	7	0	2	2	0	1	2
ASV704	1	1	2	2	2	6	2	0	4	3	5	3	3	0	3	6	1	3
ASV705	5	4	1	2	3	3	4	1	2	3	3	2	2	3	2	2	1	2
ASV706	6	4	3	4	5	5	4	9	2	5	6	3	6	6	0	0	2	2
ASV707	12	10	8	2	4	8	7	3	3	11	5	6	4	4	2	1	1	2
ASV708	29	9	20	10	16	21	15	10	9	15	10	14	9	10	6	4	1	2
ASV709	8	10	4	6	5	6	3	3	2	4	6	6	5	3	2	4	6	1
ASV71	52	31	36	46	41	27	61	48	42	107	89	63	97	143	125	112	149	121
ASV710	2	1	2	3	3	0	1	1	2	1	0	0	1	1	1	3	0	2
ASV711	5	8	5	5	5	10	12	13	10	8	14	10	9	27	18	7	13	2
ASV712	0	3	2	2	7	5	4	1	0	3	1	3	2	1	0	0	0	0
ASV713	7	7	7	10	11	4	5	5	1	8	2	7	4	2	1	0	3	1
ASV714	2	2	3	2	1	1	3	4	2	2	0	1	1	1	6	4	9	6
ASV715	5	6	11	6	8	5	6	9	9	19	8	5	7	15	7	9	4	0
ASV716	13	6	3	3	3	4	7	5	7	7	7	6	10	4	7	8	10	8
ASV717	16	9	10	10	4	7	5	7	6	7	4	1	2	4	3	1	0	1
ASV718	6	2	4	6	6	2	4	3	2	0	5	3	2	2	3	1	0	1
ASV719	8	12	13	17	14	21	15	21	14	14	27	22	17	14	24	15	53	56
ASV72	74	43	58	72	763	67	47	66	63	70	49	54	60	87	64	45	36	22
ASV720	12	3	3	4	2	1	1	2	1	4	3	3	1	2	0	2	1	0
ASV721	8	7	9	11	6	6	4	5	4	5	1	5	6	8	5	3	2	1
ASV722	0	0	3	1	3	1	2	1	0	2	1	1	0	1	0	2	2	0
ASV723	21	7	9	5	4	6	4	5	2	5	5	4	5	5	5	0	2	2
ASV724	4	2	1	7	1	3	4	2	4	6	3	3	3	6	5	7	6	8
ASV725	2	0	8	3	0	0	3	3	2	3	1	4	1	5	8	6	41	77
ASV726	6	1	21	7	5	4	8	5	2	16	10	4	6	11	6	5	10	5
ASV727	30	33	45	47	30	38	57	61	41	33	35	24	32	28	35	15	60	48
ASV728	2	0	0	2	0	0	1	1	1	0	1	0	1	0	0	0	0	1
ASV729	2	1	3	2	1	3	1	3	1	2	1	4	4	1	7	4	1	2
ASV73	17	9	9	15	6	17	12	8	4	10	13	11	17	26	26	35	24	28
ASV730	4	4	5	2	9	5	4	4	0	6	4	3	4	1	3	2	2	2
ASV731	0	5	1	1	3	1	5	0	3	1	1	1	1	3	0	3	2	5
ASV732	3	1	5	4	6	7	6	7	8	2	7	7	11	8	15	28	10	10
ASV733	3	4	7	8	6	6	8	7	6	7	16	12	10	16	18	10	24	17
ASV734	3	3	4	1	2	3	5	1	3	5	3	3	2	2	3	4	0	0
ASV735	12	11	14	6	9	8	5	5	7	7	10	13	8	4	12	9	8	2
ASV736	1	0	1	2	2	2	0	0	0	0	1	0	0	2	2	4	2	1
ASV737	7	6	3	1	3	3	1	2	1	5	3	2	1	3	0	3	0	1
ASV738	5	3	2	3	7	4	5	5	4	3	2	1	2	0	3	4	0	0
ASV739	9	3	12	3	3	9	6	4	5	8	3	1	4	1	2	2	0	0
ASV74	63	53	54	52	55	54	39	70	61	81	72	83	97	72	112	145	148	104
ASV740	18	10	20	10	11	7	7	9	4	4	4	0	5	1	3	6	2	1
ASV741	29	11	17	11	11	8	15	11	5	7	14	3	3	6	8	3	8	5
ASV742	11	14	10	16	7	12	6	7	6	14	5	7	4	12	8	6	2	7
ASV743	7	3	5	0	2	0	5	2	3	13	5	7	2	12	10	15	12	36
ASV744	6	2	5	5	7	1	4	3	0	0	1	2	2	2	4	0	0	0
ASV745	7	8	7	7	13	13	6	12	6	19	10	14	12	15	10	11	6	6
ASV746	3	3	2	2	3	1	2	0	2	3	2	2	3	2	2	4	5	4
ASV747	2	3	2	3	0	2	2	0	3	2	1	0	1	0	0	0	1	2
ASV748	13	7	12	6	7	5	6	1	6	1	7	3	3	6	7	4	3	3
ASV749	0	24	4	5	8	14	16	10	12	3	4	16	12	12	18	8	0	0
ASV75	15	16	22	21	10	15	10	5	11	15	10	16	19	15	14	13	22	23
ASV750	16	9	11	9	5	17	14	7	10	17	15	10	12	14	9	13	5	9
ASV751	2	5	2	7	4	3	5	5	6	5	6	3	5	5	5	8	14	9
ASV752	8	19	7	11	7	9	13	5	8	2	7	6	5	10	3	2	2	5
ASV753	12	16	11	4	6	6	5	5	9	6	7	8	7	7	14	6	0	3
ASV754	3	0	0	3	0	0	0	0	1	0	1	2	1	0	2	0	0	0
ASV755	2	5	3	6	9	11	7	11	7	12	4	14	7	9	6	11	9	9
ASV756	16	12	9	9	13	8	7	6	10	11	12	5	7	10	4	3	3	5
ASV757	33	8	8	16	12	3	5	6	6	10	6	6	4	10	7	19	1	3
ASV758	4	10	7	1	4	2	7	7	6	6	7	11	11	4	3	12	9	7
ASV759	3	6	7	8	6	4	5	4	3	6	6	11	12	3	2	3	8	3
ASV76	17	10	21	7	18	5	11	3	6	4	3	7	5	6	4	9	1	2
ASV760	1	1	0	2	0	2	1	0	1	2	1	1	0	1	0	2	0	0
ASV761	2	2	2	1	3	3	3	2	5	1	4	1	7	1	2	3	6	1
ASV762	5	2	3	5	5	0	7	2	3	3	1	3	5	2	1	3	2	1
ASV763	5	9	4	5	5	5	10	5	3	14	6	12	5	16	8	17	5	11
ASV764	18	26	10	8	9	11	8	4	7	13	5	12	8	10	5	7	0	0
ASV765	12	11	13	8	6	5	11	6	11	10	0	10	5	9	9	3	0	1
ASV766	13	23	11	15	4	17	8	12	14	12	12	17	10	5	5	4	8	11
ASV767	19	14	15	12	8	11	13	6	7	20	14	2	10	11	5	7	15	8
ASV768	0	0	1	0	0	1	2	0	0	3	0	0	1	0	0	0	0	1
ASV769	6	1	5	12	5	4	6	2	4	5	1	2	1	2	4	2	2	4
ASV77	24	14	10	12	15	18	13	8	13	24	7	26	13	27	39	29	60	25
ASV770	8	6	6	13	15	15	7	11	12	16	14	13	14	17	18	10	10	7
ASV771	7	3	4	2	1	3	3	3	2	5	4	2	5	3	7	6	8	20
ASV772	11	5	4	9	11	6	12	4	9	6	5	8	8	7	9	2	10	2
ASV773	25	20	24	17	9	13	16	8	7	9	8	10	9	10	8	1	0	2
ASV774	0	0	0	0	0	0	0	0	0	0	0	0	0	0	0	0	0	0
ASV775	23	7	29	13	25	19	10	7	10	9	12	9	13	12	5	1	5	4
ASV776	9	9	8	6	10	6	8	5	11	7	7	5	8	11	5	15	6	5
ASV777	1	2	1	0	1	1	1	1	1	1	1	0	0	0	0	0	0	0
ASV778	1	1	0	1	0	0	0	0	1	1	0	0	1	1	0	0	1	1
ASV779	11	3	5	2	6	4	2	4	4	2	3	1	6	6	4	6	1	3
ASV78	37	40	37	76	113	110	96	87	158	116	106	101	88	101	100	83	79	59
ASV780	8	3	10	3	2	0	1	1	2	3	2	3	2	0	4	0	1	1
ASV781	10	14	10	12	12	10	13	4	7	12	5	6	4	4	7	4	6	4
ASV782	4	6	2	3	6	2	3	1	5	4	6	3	2	4	7	0	3	1
ASV783	16	13	10	4	5	10	9	3	4	13	4	7	3	4	7	8	1	1
ASV784	2	0	1	1	0	0	0	0	0	1	0	0	1	0	0	1	0	0
ASV785	16	16	12	12	7	3	7	7	5	8	7	6	4	1	6	4	0	3
ASV786	1	3	2	4	19	3	8	4	2	9	5	7	17	17	10	12	9	2
ASV787	6	9	10	6	2	7	3	2	4	5	5	5	3	5	3	1	5	3
ASV788	1	0	1	0	0	0	0	0	0	0	0	0	0	2	0	0	0	0
ASV789	1	1	0	0	0	0	1	1	1	1	0	0	0	1	1	0	0	1
ASV79	36	40	43	67	83	83	73	73	104	117	125	114	125	113	124	196	199	144
ASV790	2	1	0	0	0	1	0	3	0	6	0	2	0	0	2	4	16	11
ASV791	3	2	10	3	3	4	1	2	2	3	4	2	3	6	0	3	1	2
ASV792	2	1	0	0	0	1	0	2	0	0	1	0	1	2	0	0	0	0
ASV793	3	5	2	5	1	2	1	1	2	3	2	1	1	2	2	0	3	3
ASV794	2	2	1	1	1	10	3	6	4	3	0	4	3	6	2	8	5	4
ASV795	4	4	5	4	8	7	10	6	5	7	20	6	4	15	2	11	6	0
ASV796	5	2	2	1	2	3	2	3	1	1	1	2	2	0	0	2	0	0
ASV797	3	5	18	3	1	4	3	4	5	4	3	1	2	2	7	2	2	2
ASV798	5	10	13	7	3	7	8	7	8	5	7	4	4	3	1	8	1	1
ASV799	3	12	11	6	9	6	10	5	9	9	9	8	3	6	0	5	2	2
ASV8	82	49	57	74	58	67	29	26	23	46	33	29	39	52	60	59	34	44
ASV80	44	38	34	37	74	44	59	70	62	57	72	91	83	123	131	247	129	149
ASV800	4	2	1	4	2	0	1	1	1	1	1	2	3	1	1	2	1	0
ASV801	6	2	7	6	5	3	3	3	4	5	3	2	4	1	3	2	0	0
ASV802	2	3	4	5	8	4	3	5	2	6	2	3	2	3	3	2	1	0
ASV803	11	4	4	7	6	2	4	8	7	9	9	7	8	4	6	14	2	5
ASV805	8	8	9	6	5	10	7	6	15	12	5	16	4	4	2	9	5	3
ASV806	6	4	5	4	2	3	0	3	4	4	7	0	2	4	4	2	1	2
ASV807	4	1	1	0	1	0	4	1	0	1	3	0	1	1	1	1	0	0
ASV808	0	0	3	0	0	0	0	2	0	1	1	2	0	2	0	0	0	0
ASV809	1	3	1	2	0	2	0	0	1	1	1	1	1	3	0	0	0	0
ASV81	51	51	42	53	50	61	67	66	52	77	68	67	43	73	56	60	247	194
ASV810	5	1	3	4	3	2	3	6	7	5	7	10	6	15	9	15	9	14
ASV811	1	1	1	2	0	2	1	5	0	1	0	0	1	1	1	1	0	0
ASV812	11	3	3	2	1	13	6	2	1	0	3	1	0	0	0	0	0	0
ASV813	8	12	14	8	6	7	6	7	7	12	7	12	7	12	5	11	4	2
ASV814	13	8	6	7	6	6	1	2	2	6	1	3	6	4	2	6	3	4
ASV815	3	2	1	7	6	2	3	0	2	4	1	2	1	2	0	0	1	1
ASV816	1	4	5	5	4	2	4	2	2	3	2	3	4	2	1	4	4	5
ASV817	4	2	2	4	5	0	1	5	9	1	4	5	4	3	2	8	6	2
ASV818	7	8	5	9	8	5	4	4	8	9	6	7	11	14	2	8	3	2
ASV819	5	1	4	3	4	2	9	0	3	2	3	1	2	0	0	1	0	2
ASV82	67	64	43	62	50	63	55	73	82	102	122	109	88	147	122	222	257	283
ASV820	5	2	1	3	1	0	4	1	5	5	0	1	3	2	1	0	1	0
ASV821	6	5	2	8	5	10	10	2	8	9	7	5	11	7	8	5	10	7
ASV822	11	1	5	9	3	5	9	2	4	6	7	16	6	12	8	8	3	1
ASV823	9	7	13	7	8	15	23	13	11	12	6	11	15	12	7	15	16	3
ASV824	14	9	20	16	12	14	23	7	9	19	12	5	11	27	0	4	1	2
ASV825	12	6	10	9	16	16	11	7	11	13	16	8	4	12	6	9	6	6
ASV826	0	2	1	3	3	6	3	6	5	2	9	2	4	5	5	2	29	40
ASV827	2	1	1	0	2	1	1	0	0	1	2	1	1	2	0	2	3	0
ASV828	15	15	14	13	7	11	13	12	8	8	6	11	6	7	5	4	5	3
ASV829	7	5	6	3	1	3	4	1	2	4	3	0	5	4	2	2	0	0
ASV83	139	114	100	80	118	100	131	87	69	103	96	92	86	68	69	98	70	49
ASV830	3	3	6	3	3	4	1	2	2	5	2	1	3	2	1	1	0	0
ASV831	5	1	7	3	1	0	1	0	1	4	2	2	1	1	2	0	2	2
ASV832	7	7	14	10	6	8	17	9	12	11	10	4	16	13	10	8	3	3
ASV833	12	4	2	4	9	6	4	6	1	5	7	2	5	3	3	12	5	3
ASV834	4	4	2	1	0	0	0	0	4	2	0	2	2	1	2	4	0	3
ASV835	3	1	4	4	1	4	1	2	2	2	1	1	1	1	0	1	1	0
ASV836	3	2	1	2	2	0	1	2	4	1	2	0	1	1	1	0	0	0
ASV837	5	2	4	2	5	1	13	5	2	2	7	3	3	2	2	0	0	0
ASV838	20	13	21	16	14	11	21	22	15	10	19	17	22	6	14	24	23	13
ASV839	5	12	5	5	6	4	4	3	2	7	2	0	2	2	4	0	0	0
ASV84	115	57	57	120	106	64	70	54	77	89	77	57	76	121	122	62	50	38
ASV841	11	3	6	7	6	4	12	8	12	8	7	12	7	9	6	7	5	6
ASV842	1	3	2	3	1	0	1	1	2	5	2	1	4	1	3	1	0	0
ASV843	3	7	7	8	5	6	3	5	3	9	4	4	4	3	4	0	2	0
ASV844	16	12	11	10	2	3	7	2	7	3	6	3	5	3	4	1	1	0
ASV845	3	5	5	5	7	4	7	1	4	5	3	9	1	2	0	1	1	0
ASV846	7	6	4	7	1	6	3	2	6	8	2	1	4	9	2	1	0	1
ASV847	2	2	4	2	0	2	1	1	3	2	0	1	1	0	0	0	0	0
ASV848	4	1	2	3	1	1	1	2	0	2	1	0	3	1	2	1	1	0
ASV849	15	8	8	7	5	3	3	5	3	6	7	8	6	1	4	1	2	0
ASV85	32	33	29	27	17	24	28	16	22	21	25	22	9	14	11	16	15	10
ASV850	5	2	1	2	1	4	1	4	4	2	3	3	5	5	4	6	9	6
ASV851	11	6	9	5	4	6	0	6	7	4	2	4	9	2	0	2	3	0
ASV852	14	8	20	8	8	11	11	9	9	13	10	7	17	8	9	15	1	5
ASV853	9	2	5	0	3	5	3	5	1	1	4	0	4	6	11	6	2	4
ASV854	5	3	4	4	8	3	3	2	4	4	4	8	8	5	8	10	9	4
ASV855	0	0	1	0	0	0	0	0	0	0	1	0	0	0	0	0	0	0
ASV856	17	15	14	11	12	16	8	7	7	11	10	4	5	4	4	2	2	5
ASV857	6	8	4	1	1	5	2	1	5	5	2	5	3	7	4	12	28	9
ASV858	11	6	10	5	5	3	3	4	3	0	9	2	6	1	4	2	2	0
ASV859	12	9	4	4	11	9	8	8	4	7	4	4	0	2	4	1	1	0
ASV86	12	11	9	16	25	15	10	9	13	5	7	12	11	9	15	24	20	43
ASV860	5	6	7	19	21	25	22	27	27	19	26	17	18	14	19	15	18	12
ASV861	2	6	1	2	3	4	4	5	3	3	4	4	0	0	4	1	0	0
ASV862	13	7	4	9	8	6	14	3	7	10	15	6	6	10	10	6	5	5
ASV863	5	2	4	1	1	6	1	1	6	1	2	3	3	3	2	3	5	4
ASV864	3	2	2	4	1	5	1	1	0	2	1	1	1	0	1	0	0	0
ASV865	1	10	2	1	4	4	6	2	8	6	4	5	1	8	1	6	3	4
ASV866	7	0	0	3	1	5	4	0	0	4	1	0	1	2	0	1	0	0
ASV867	3	0	3	6	3	5	4	0	5	5	2	0	1	3	1	2	0	0
ASV868	8	3	4	5	3	2	10	1	3	7	5	5	0	1	1	1	4	0
ASV869	11	11	5	11	9	9	10	6	3	2	6	8	5	4	4	0	5	2
ASV87	43	14	28	34	82	58	35	75	54	81	60	69	88	105	111	250	122	134
ASV870	7	7	5	4	7	9	5	6	9	4	8	3	7	8	9	5	7	4
ASV871	3	2	1	3	4	1	2	1	5	2	4	3	5	3	3	14	4	2
ASV872	7	1	2	6	4	6	13	6	5	11	9	8	14	21	6	12	7	3
ASV873	0	1	0	0	0	1	0	0	0	0	0	1	2	0	0	0	16	56
ASV874	6	4	3	3	2	4	4	0	1	2	1	0	1	6	1	3	0	1
ASV875	0	0	0	0	0	0	0	0	0	0	0	0	0	0	0	0	0	0
ASV876	8	3	7	5	6	6	2	1	1	4	3	3	4	3	2	1	1	1
ASV877	10	6	6	7	2	7	3	1	3	3	3	1	1	3	2	3	0	0
ASV878	9	8	5	4	5	9	4	0	1	6	3	4	2	2	4	0	0	0
ASV879	6	4	1	0	2	4	1	3	1	7	3	3	4	8	8	6	2	6
ASV88	130	78	71	109	115	90	82	57	100	98	73	91	105	128	92	65	42	31
ASV880	11	5	11	7	2	4	5	4	2	6	1	1	4	0	2	3	0	1
ASV881	7	12	7	11	8	6	6	5	3	12	6	3	7	2	2	4	1	1
ASV882	5	2	4	4	3	3	3	1	0	6	4	0	3	0	5	1	0	0
ASV883	5	0	3	0	2	3	0	0	1	3	1	1	1	0	2	2	0	0
ASV884	4	5	7	12	13	17	15	9	19	6	15	11	11	15	8	4	3	4
ASV885	3	1	4	9	5	10	12	4	13	10	7	3	7	13	13	1	10	0
ASV886	9	10	23	8	21	9	12	9	10	9	15	13	13	6	4	7	6	7
ASV887	10	14	8	8	8	9	13	8	5	6	7	0	6	6	2	0	0	0
ASV888	9	3	4	4	1	2	5	2	0	2	5	1	1	1	2	1	0	0
ASV889	13	11	7	1	3	5	5	2	4	9	7	7	8	7	10	8	11	3
ASV89	7	6	14	2	3	4	5	0	9	13	14	9	15	26	17	27	434	533
ASV890	10	6	6	7	5	8	1	2	8	6	3	5	2	6	1	1	0	1
ASV891	6	3	3	9	5	6	1	3	5	1	5	5	3	1	5	12	10	3
ASV892	5	3	6	9	8	6	4	6	6	5	6	4	6	9	6	6	5	1
ASV893	3	5	5	2	7	2	2	6	3	4	13	8	4	8	5	6	3	4
ASV894	35	49	39	49	49	71	81	87	84	75	57	78	67	49	65	27	89	68
ASV895	0	1	0	0	1	2	2	2	0	1	3	0	2	0	1	0	0	0
ASV896	14	7	9	6	4	11	10	4	6	5	9	5	6	4	3	1	0	0
ASV897	11	8	11	13	7	9	8	5	2	5	13	6	4	14	8	5	5	3
ASV898	2	2	5	3	3	6	1	0	2	3	2	6	2	2	5	1	1	2
ASV899	1	0	0	0	0	0	0	0	0	1	0	0	0	1	0	0	0	0
ASV9	48	64	40	46	91	73	134	201	228	268	295	547	521	937	1226	1643	776	734
ASV90	68	46	53	50	40	51	60	64	57	71	72	68	65	81	65	114	172	125
ASV900	4	4	3	8	4	3	4	1	3	2	7	1	6	5	5	6	2	3
ASV901	4	2	2	2	1	0	2	0	1	1	3	0	0	2	0	0	0	0
ASV902	4	3	1	1	0	1	1	0	0	0	0	3	0	0	0	0	0	0
ASV903	0	2	1	1	2	1	1	2	0	2	0	1	0	1	0	2	0	0
ASV904	6	4	20	5	9	5	3	3	5	7	4	3	13	13	12	5	3	8
ASV905	4	5	3	2	8	5	3	5	6	11	5	7	5	2	6	4	4	2
ASV906	3	4	1	3	2	2	1	2	0	0	0	0	1	0	0	0	0	0
ASV907	3	0	8	4	2	4	4	2	2	1	2	0	3	1	0	2	0	0
ASV908	2	6	4	2	4	3	2	1	2	7	2	3	2	4	0	1	1	1
ASV909	6	6	6	4	4	4	6	1	1	6	1	4	1	3	1	4	2	3
ASV91	1	6	3	7	4	3	6	3	4	4	4	4	3	4	4	3	1	8
ASV910	0	0	0	0	0	0	0	0	0	0	0	1	0	0	0	0	0	0
ASV911	3	1	7	2	2	9	1	3	3	3	6	2	2	6	5	5	7	4
ASV912	5	2	1	2	0	1	3	1	1	2	1	0	1	1	1	0	0	0
ASV913	17	7	7	10	9	8	7	5	9	7	14	18	8	15	14	5	5	4
ASV914	4	3	4	5	2	4	2	8	7	8	8	4	9	2	9	14	4	5
ASV915	8	5	8	6	10	11	12	14	10	4	6	6	16	10	8	4	5	11
ASV916	1	0	0	0	0	0	1	0	0	0	0	0	0	0	0	0	0	0
ASV917	7	9	5	6	7	5	2	1	4	4	6	5	4	24	9	17	11	4
ASV918	8	4	8	3	7	4	5	10	9	11	16	11	4	14	6	9	13	10
ASV919	2	7	4	2	5	3	2	5	2	3	4	4	1	2	3	2	2	0
ASV92	80	84	77	66	56	61	63	50	49	84	58	53	65	41	46	32	35	41
ASV920	12	9	7	10	9	8	10	8	8	11	13	8	12	5	5	4	1	1
ASV921	3	2	4	4	6	6	8	12	10	9	9	2	8	7	7	14	9	8
ASV922	7	8	13	2	9	8	13	4	10	5	6	5	5	2	3	3	2	1
ASV923	2	6	9	3	5	4	3	2	2	2	2	0	5	2	1	1	1	0
ASV924	6	1	4	6	6	3	8	10	6	15	11	8	8	5	8	6	1	2
ASV925	2	6	3	4	6	2	3	3	1	1	2	6	5	5	3	4	5	10
ASV926	4	5	5	3	1	3	0	0	5	3	1	0	2	1	0	1	1	0
ASV927	3	5	4	2	7	4	4	6	6	1	6	5	10	5	12	17	12	11
ASV928	16	8	17	8	5	11	11	9	3	1	6	9	2	4	7	0	2	0
ASV929	7	8	11	8	1	2	3	3	3	3	5	4	6	8	3	1	0	0
ASV93	123	31	43	44	63	54	31	73	56	51	62	52	84	100	91	130	62	66
ASV930	7	7	5	8	12	5	4	4	6	9	5	5	3	4	4	6	7	1
ASV931	3	0	2	3	3	2	2	0	0	2	1	1	3	4	2	3	1	1
ASV932	7	3	8	3	1	7	1	3	0	3	2	2	2	1	1	3	1	0
ASV933	2	0	1	2	1	5	1	3	2	3	1	0	1	2	7	3	2	5
ASV934	0	0	0	0	0	0	0	0	0	0	0	0	2	0	0	1	0	0
ASV935	8	5	2	0	5	2	5	2	2	4	1	1	1	2	2	1	2	2
ASV936	6	5	13	5	8	10	8	8	4	8	6	5	11	4	3	10	7	1
ASV937	6	4	8	7	1	5	7	6	2	11	3	7	3	3	5	1	3	4
ASV938	3	2	1	4	10	3	4	5	3	1	4	4	3	7	8	13	17	11
ASV939	4	1	5	4	1	0	0	1	2	3	1	1	2	0	2	2	0	2
ASV94	1	0	1	1	0	3	3	2	2	5	3	2	4	7	2	3	118	515
ASV940	11	11	8	9	10	7	11	7	8	4	7	5	1	3	0	1	2	4
ASV941	3	3	3	5	2	5	9	3	3	5	5	6	8	4	5	17	7	6
ASV942	5	3	1	2	3	0	4	1	3	3	5	4	3	5	4	4	4	0
ASV943	0	0	0	1	2	1	4	2	1	1	1	2	0	0	0	1	2	2
ASV944	12	5	12	3	6	7	2	1	7	5	7	6	8	4	10	6	3	2
ASV945	1	3	0	2	2	1	1	0	0	0	1	1	0	4	0	2	2	0
ASV946	11	5	4	4	3	9	1	1	1	4	1	2	4	1	0	1	0	0
ASV947	7	7	5	4	12	4	6	0	4	3	7	5	4	5	3	4	2	2
ASV948	14	3	11	16	7	9	6	3	9	10	6	7	2	4	4	2	1	0
ASV949	7	4	7	3	5	4	4	3	1	9	5	2	9	4	3	0	1	0
ASV95	163	91	101	90	74	97	80	52	60	86	69	54	83	46	46	18	5	18
ASV950	3	5	2	1	4	6	4	4	0	0	2	2	1	2	2	4	4	0
ASV951	2	0	0	0	2	2	2	1	2	0	1	1	0	0	0	0	0	2
ASV952	13	11	16	14	10	16	15	16	12	12	12	11	8	4	6	10	12	8
ASV953	1	1	2	0	3	0	0	0	0	1	0	0	0	1	1	1	1	3
ASV954	1	0	1	1	1	0	2	0	1	1	1	0	0	1	2	1	2	0
ASV955	8	5	11	10	10	7	10	6	8	2	10	2	4	3	3	3	3	3
ASV956	9	8	4	5	5	3	3	3	4	10	3	3	4	2	6	2	1	6
ASV957	2	1	6	3	2	2	1	2	4	2	5	3	1	6	1	3	3	1
ASV958	8	0	3	3	4	2	2	1	1	1	2	1	0	5	1	0	0	1
ASV959	15	9	17	14	9	18	9	2	7	7	4	6	5	4	2	3	0	0
ASV96	26	30	40	40	59	59	59	65	70	52	73	78	91	92	80	90	129	120
ASV960	10	6	7	9	9	4	11	9	11	10	12	10	14	7	9	3	4	5
ASV961	0	2	2	1	1	0	0	0	1	0	1	1	0	1	2	0	0	2
ASV962	1	0	2	3	1	0	0	1	2	3	1	1	1	2	0	0	1	20
ASV963	9	11	1	5	5	4	7	4	4	5	1	4	3	3	0	5	4	0
ASV964	1	0	0	0	5	1	3	1	1	1	4	0	7	9	4	6	7	8
ASV965	1	0	0	0	0	1	0	0	0	1	1	0	0	0	0	0	0	0
ASV966	11	9	12	7	9	11	7	6	8	19	7	11	4	7	10	8	3	4
ASV967	11	5	6	5	3	6	10	6	3	3	6	4	2	4	3	3	4	0
ASV968	0	4	2	4	2	0	1	1	0	0	0	0	0	0	0	0	0	0
ASV969	1	2	5	3	3	4	2	1	1	2	2	2	2	2	0	0	0	1
ASV97	1	0	2	4	2	1	1	5	5	4	5	2	4	7	7	11	5	4
ASV970	12	9	13	5	12	14	8	3	8	5	9	3	8	9	2	1	2	2
ASV971	2	0	2	2	0	0	0	0	0	1	2	0	0	1	0	3	0	0
ASV972	2	18	1	3	6	3	5	2	1	7	0	6	3	8	8	9	0	0
ASV973	3	2	1	1	1	1	0	0	2	0	1	1	0	1	2	1	0	2
ASV974	4	3	3	1	4	2	3	1	3	2	1	0	0	3	6	3	4	5
ASV975	7	2	5	6	7	5	5	7	8	7	4	4	4	4	9	5	5	2
ASV976	1	0	0	0	0	1	3	0	2	2	0	1	1	1	2	0	0	0
ASV977	0	0	0	0	2	0	2	1	1	0	0	2	2	1	0	2	2	2
ASV978	0	2	2	0	1	1	0	0	0	1	0	1	0	1	0	0	1	0
ASV979	1	1	2	2	2	2	1	1	1	5	2	0	1	4	2	0	1	1
ASV98	23	23	27	27	32	30	35	38	17	26	27	35	29	22	28	35	24	18
ASV980	6	2	1	7	1	6	6	2	9	12	5	7	4	5	11	8	10	7
ASV981	5	4	3	3	4	3	3	7	8	9	6	6	5	3	7	3	0	3
ASV982	6	2	5	7	2	7	2	3	2	1	2	2	1	2	2	11	2	3
ASV983	17	10	13	9	9	7	10	5	9	11	3	8	10	7	5	4	6	1
ASV984	6	4	0	3	5	3	4	4	1	2	2	1	2	3	3	3	0	0
ASV985	2	0	4	0	1	2	1	1	2	2	1	2	2	3	3	7	19	12
ASV986	1	0	0	0	0	1	0	0	1	2	0	0	1	2	1	0	0	1
ASV987	11	6	6	6	6	2	3	5	5	8	2	1	4	3	3	0	1	1
ASV988	2	2	3	1	1	3	4	1	0	0	3	0	2	1	0	0	0	1
ASV989	3	3	2	5	2	2	2	4	2	2	6	3	3	0	0	8	3	5
ASV99	42	51	35	40	34	48	51	41	42	48	49	42	53	33	30	69	40	28
ASV990	4	4	3	13	10	23	8	6	3	9	14	8	16	6	2	3	5	2
ASV991	9	3	12	8	13	5	3	3	8	4	4	2	4	3	1	3	1	0
ASV992	6	2	1	1	0	3	0	0	0	3	3	1	4	1	2	3	2	3
ASV993	9	2	4	2	3	3	4	1	3	5	5	2	1	1	0	0	0	0
ASV994	7	4	5	3	3	8	6	0	4	6	5	5	7	20	6	3	19	2
ASV995	17	7	12	7	5	8	6	2	3	10	2	7	7	4	3	4	1	1
ASV996	6	1	9	5	2	3	2	1	1	0	1	2	1	0	0	0	0	0
ASV997	2	3	2	1	5	2	1	0	1	1	3	0	2	1	1	3	0	0
ASV998	0	0	0	1	0	0	0	0	1	0	0	0	1	0	0	0	0	0
ASV999	4	1	5	4	3	3	6	3	2	7	3	2	1	1	0	3	1	0
																		
																		
