#OTUID	A.0	A.1	A.11	A.12	A.13	A.14	A.15	A.16	A.17	A.2	A.20	A.21	A.23	A.24	A.25	A.26	A.27	A.28	A.29	A.3	A.30	A.32	A.34	A.4	A.5	A.6	A.7	A.8	A.9	BS.2	C3.2	G.1	G.2	G.3	G.4	G.5	GR.01	LW.1	T.1
ASV1	172	2147	5453	5162	6308	5120	5775	7574	5663	9102	2659	2404	3743	4824	5159	4846	4703	4741	5627	5427	3746	4814	5318	5847	6717	5090	5672	7562	7627	2539	2735	1954	2883	5618	4052	7672	2528	2022	1218
ASV2	1090	1753	2481	2214	1994	2124	1820	1676	2459	1668	3119	2764	377	585	514	399	241	335	231	1641	385	302	754	1955	1976	1858	2051	2108	2327	817	659	2675	1714	5606	3536	2953	4153	471	2387
ASV3	742	1380	2052	2229	2497	2319	1951	2380	2308	1749	1894	1354	86	180	171	155	116	169	164	1213	213	175	421	1977	2436	2085	2827	3051	3187	626	692	501	5	530	230	7	5	59	2859
ASV4	111	870	1350	1880	2158	2017	2358	2404	2716	588	1867	1540	2907	142	48	84	63	84	43	298	43	25	75	293	447	466	672	1423	1557	191	78	3	4	2	6	5	4	3	1169
ASV5	217	188	393	407	468	436	585	446	695	131	510	409	803	917	730	531	339	561	288	147	296	439	952	205	218	249	253	283	377	1020	563	235	88	402	378	84	827	333	684
ASV7	50	6	12	14	6	8	15	17	14	9	7	8	410	531	896	886	1878	1169	2990	11	1758	1847	433	12	12	13	7	9	12	775	1870	114	46	52	36	12	399	26	19
ASV6	950	285	245	177	134	171	122	116	140	213	51	27	9	11	15	16	17	13	11	362	24	28	41	292	318	311	180	142	164	22	12	2793	1000	1553	1962	910	461	2330	487
ASV9	57	48	268	295	547	521	937	1226	1643	64	776	734	4420	441	255	201	254	242	69	40	85	72	130	46	91	73	134	201	228	20	19	3	2	3	3	2	3	0	0
ASV10	223	121	507	525	673	616	475	529	553	272	316	227	102	101	73	65	54	62	16	279	24	20	54	365	783	572	671	1132	762	8	33	108	3	363	144	7	3	631	2009
ASV8	205	82	46	33	29	39	52	60	59	49	34	44	553	1056	1280	1689	1521	1412	1178	57	815	479	309	74	58	67	29	26	23	940	668	4	29	11	9	13	95	14	6
ASV12	13	4	27	17	11	10	19	14	9	7	47	147	181	295	571	1332	1605	1472	735	9	1451	908	1692	7	17	5	14	7	6	417	411	4	4	7	4	4	2	2	1
ASV15	141	39	23	40	41	51	59	65	101	26	123	122	548	713	1056	1030	1596	1201	681	58	749	527	386	39	47	41	42	36	29	355	386	9	3	19	19	0	3	4	8
ASV11	36	338	199	214	192	181	334	491	1466	413	118	96	300	363	364	257	248	387	238	174	121	245	359	305	225	193	235	176	232	114	88	54	152	310	251	625	13	45	40
ASV16	201	59	53	65	55	82	108	117	153	75	129	649	1026	1164	818	522	316	408	300	61	272	186	391	67	70	65	59	61	57	1443	635	30	12	83	48	45	28	8	157
ASV14	185	318	354	420	356	352	293	303	321	487	324	209	11	17	14	13	13	11	18	345	22	18	46	469	558	496	547	548	532	72	57	77	0	49	40	3	2	158	1901
ASV17	0	0	2	1	0	1	2	0	2	0	4	22	767	828	749	1442	1179	1379	538	2	965	678	503	0	0	0	1	1	2	48	136	3	7	2	5	0	2	3	4
ASV13	51	37	101	53	68	64	154	143	252	23	2254	2970	627	453	312	182	108	213	45	29	79	159	491	28	20	29	30	34	31	127	82	2	0	1	2	4	0	3	5
ASV18	144	343	346	330	302	318	292	287	282	415	241	158	6	13	19	16	11	23	9	288	14	18	38	396	504	458	477	440	443	66	81	127	0	85	39	1	0	30	820
ASV19	34	16	11	14	13	18	14	16	15	14	5	7	5	21	96	248	288	311	382	6	829	399	14	12	10	10	13	20	11	1026	3565	1	6	4	6	36	2	3	53
ASV22	9	1	1	1	1	5	6	4	10	2	15	52	377	1366	1280	995	388	823	129	2	300	521	166	3	2	1	1	4	2	67	81	1	6	1	4	3	2	4	3
ASV21	53	34	34	34	21	33	32	39	45	31	33	29	235	469	550	494	428	436	512	23	475	581	496	20	23	31	21	17	34	319	404	82	95	72	27	31	103	37	56
ASV20	126	170	311	293	328	272	211	274	413	174	308	232	92	151	123	82	53	82	71	180	79	113	178	224	232	212	227	316	354	59	69	53	17	102	80	41	24	43	60
ASV23	179	192	450	436	391	397	545	389	347	173	214	122	13	23	36	16	6	11	13	170	12	12	18	215	195	252	333	200	223	92	24	85	1	292	89	6	5	9	140
ASV27	122	174	290	281	286	283	245	246	355	172	244	205	55	84	60	50	36	60	39	158	70	56	148	223	229	228	237	300	285	40	45	88	8	191	124	3	15	80	489
ASV25	205	77	105	103	92	126	159	177	316	50	361	494	136	189	235	147	267	317	229	59	508	264	247	56	66	91	97	128	111	268	575	2	1	8	9	0	2	2	7
ASV26	2	2	0	1	0	1	3	1	1	3	6	15	2343	933	368	221	172	264	352	0	321	157	637	1	1	0	1	0	0	62	88	0	1	2	2	4	4	1	2
ASV69	511	314	180	130	128	130	130	154	90	223	303	347	49	59	71	82	70	64	80	252	114	98	103	199	147	196	143	140	137	233	415	0	60	28	54	13	320	4	6
ASV31	10	26	49	50	51	45	97	95	149	26	461	302	378	568	350	256	195	199	239	23	291	260	641	27	30	33	26	38	42	200	102	4	1	4	6	1	2	6	111
ASV24	33	16	30	25	18	27	49	34	41	7	595	653	680	619	327	285	111	317	131	5	224	265	500	10	8	12	10	16	13	140	171	1	1	2	1	1	0	0	5
ASV34	171	73	119	111	114	115	192	143	362	212	558	551	254	251	209	276	134	182	49	73	75	132	78	57	54	66	74	82	72	13	39	11	1	32	8	1	0	27	211
ASV35	44	313	405	272	211	253	192	170	118	242	61	62	5	13	7	10	6	11	8	284	10	9	15	313	269	314	324	260	236	5	5	79	0	263	146	4	2	13	212
ASV36	13	7	11	36	37	38	58	72	156	3	86	97	197	228	270	351	266	305	436	11	151	192	86	6	23	14	20	36	40	1039	455	2	6	1	0	1	2	0	368
ASV29	132	219	258	206	187	213	227	187	193	253	178	124	3	8	10	14	4	13	8	193	8	7	20	256	330	279	359	293	277	35	20	108	1	109	30	1	0	5	277
ASV28	110	118	153	166	154	139	156	119	146	210	133	75	11	8	7	6	6	8	10	146	11	9	13	192	269	224	246	235	211	38	33	322	1	404	155	1	1	43	716
ASV38	152	121	169	157	152	175	298	283	204	101	529	659	38	51	22	36	38	25	17	112	41	12	55	161	139	111	122	107	109	500	29	4	6	93	17	10	10	24	79
ASV33	12	20	17	21	22	24	28	49	40	22	83	68	246	448	541	629	494	491	424	14	285	206	70	19	24	15	23	19	17	293	200	1	0	3	3	2	2	1	4
ASV32	46	119	178	161	149	192	174	166	278	85	313	221	55	74	89	74	49	73	64	92	85	60	125	107	110	105	122	135	118	121	70	112	4	423	208	3	9	14	262
ASV40	66	187	199	191	188	179	156	168	165	131	220	165	114	141	109	135	77	94	82	150	111	78	186	150	133	136	166	162	189	126	79	34	38	100	70	14	44	22	87
ASV30	88	154	208	212	220	182	206	219	161	179	173	99	10	16	15	10	8	17	6	133	13	8	17	240	322	218	248	325	304	40	28	20	3	4	16	4	0	8	525
ASV42	246	109	86	73	79	71	85	66	258	68	315	333	89	126	144	99	139	130	121	88	299	159	177	70	70	106	86	106	101	107	166	27	2	30	42	0	1	14	119
ASV44	52	152	202	139	173	208	141	168	210	103	175	137	60	84	60	36	29	49	41	121	56	61	110	117	161	151	170	130	161	58	37	32	10	238	115	1	66	20	95
ASV39	198	168	249	234	176	191	172	162	197	166	153	141	18	29	13	11	6	13	4	172	7	0	6	234	252	204	246	251	268	7	8	3	0	1	7	0	0	0	126
ASV41	96	106	278	231	252	276	344	234	248	92	208	148	227	17	9	7	14	10	13	103	5	13	36	146	125	181	175	103	140	54	20	12	0	45	23	4	0	5	12
ASV51	23	35	35	39	24	20	19	19	14	37	19	14	4	2	5	0	2	3	2	29	2	2	3	33	31	39	37	44	24	2	8	510	489	914	862	441	29	63	67
ASV37	79	84	198	211	233	262	376	314	414	87	211	210	40	12	14	47	30	52	28	63	8	16	36	74	109	107	89	133	193	192	5	0	1	1	0	0	0	4	0
ASV43	46	91	144	179	148	178	166	157	225	112	120	97	18	47	29	20	11	23	26	141	38	27	42	136	121	128	101	149	135	40	41	134	2	336	168	27	15	35	266
ASV50	40	89	105	86	87	93	67	102	175	84	107	81	99	217	136	129	102	134	115	96	144	136	200	78	102	73	119	95	82	58	63	69	25	236	94	9	102	35	46
ASV46	31	123	141	128	107	111	102	114	136	92	135	140	129	123	144	157	92	130	105	98	130	100	185	117	110	106	126	68	110	87	105	21	10	45	45	6	46	40	37
ASV45	58	13	15	16	10	21	36	28	48	18	43	54	178	195	320	387	573	644	236	17	199	158	132	19	17	17	23	25	14	144	112	2	4	2	1	0	0	4	16
ASV47	4	2	0	2	4	4	0	2	5	1	0	2	153	407	348	534	340	368	483	1	241	265	212	1	3	2	4	1	7	147	139	1	0	3	2	1	4	1	2
ASV59	155	63	95	82	101	92	189	176	242	53	295	276	185	215	241	183	78	151	31	59	32	79	72	69	37	56	71	72	73	8	44	3	1	21	1	0	1	4	10
ASV53	83	105	82	68	74	71	122	120	90	47	69	51	35	23	22	17	19	16	27	52	13	22	12	45	50	63	69	66	62	458	68	0	1	1	2	3	1383	40	33
ASV52	7	4	0	1	0	2	2	0	2	3	1	2	21	137	106	146	221	173	191	1	453	684	873	2	1	2	0	1	2	171	287	6	2	2	2	0	1	4	6
ASV49	78	81	172	163	136	124	125	104	170	109	121	85	4	2	1	9	2	7	4	78	8	6	12	130	243	194	257	235	205	7	16	9	1	23	6	1	0	6	456
ASV151	41	97	127	128	120	96	73	78	81	83	160	133	27	30	46	29	10	23	14	112	33	26	50	112	89	112	112	132	118	50	45	203	97	62	163	64	259	53	100
ASV64	55	144	214	178	157	174	171	131	119	135	120	100	11	28	9	4	7	11	9	151	15	9	31	151	146	185	152	167	165	41	30	32	5	44	54	9	4	28	139
ASV56	19	21	17	33	33	74	90	67	82	8	49	104	27	30	230	162	24	15	20	16	12	37	32	8	19	20	13	24	29	1960	39	0	1	0	0	1	0	0	8
ASV61	10	14	12	22	42	36	42	79	115	11	82	138	324	438	193	218	147	163	85	10	93	141	213	7	8	11	10	17	23	410	190	2	0	0	0	0	0	0	2
ASV48	35	92	220	258	246	249	321	289	273	68	172	147	80	19	20	29	12	43	13	27	8	4	9	41	43	72	96	151	220	40	4	0	0	0	0	0	2	0	3
ASV58	2	4	2	1	2	1	1	0	0	2	1	0	3	16	20	10	18	59	149	2	218	1130	808	0	0	2	1	0	2	131	689	0	0	2	1	0	1	5	2
ASV55	33	91	87	86	102	93	75	106	156	54	111	57	113	199	135	127	61	104	88	97	133	111	212	64	70	64	101	80	62	75	108	13	4	70	47	2	7	23	31
ASV54	97	67	84	85	75	89	87	101	115	55	80	64	113	167	176	166	143	129	113	65	150	86	152	61	78	73	68	72	74	101	88	40	1	57	33	1	4	10	29
ASV66	2	1	0	0	0	2	0	0	0	1	0	0	17	20	3	16	9	44	136	0	451	227	1258	0	0	1	0	1	1	104	753	0	1	0	0	0	1	0	0
ASV60	34	13	4	7	8	8	7	11	20	5	34	49	66	100	140	161	136	225	286	7	412	399	97	9	4	4	6	5	9	290	415	7	0	13	8	2	2	9	35
ASV73	34	17	10	13	11	17	26	26	35	9	24	28	166	169	281	472	274	224	203	9	82	316	77	15	6	17	12	8	4	142	257	0	0	1	1	1	1	1	3
ASV62	16	8	5	6	3	7	8	7	15	3	22	36	73	175	202	298	381	530	287	10	279	237	95	8	4	3	3	5	5	46	70	7	2	12	10	1	5	13	33
ASV96	35	26	52	73	78	91	92	80	90	30	129	120	39	89	63	50	24	28	30	40	35	34	51	40	59	59	59	65	70	127	96	84	29	20	85	23	296	65	167
ASV57	52	72	174	174	161	175	288	201	330	49	175	104	11	14	11	13	4	4	5	56	1	7	20	67	79	87	89	82	77	104	15	1	0	3	1	1	1	0	3
ASV83	38	139	103	96	92	86	68	69	98	114	70	49	18	23	22	37	19	19	33	100	28	41	46	80	118	100	131	87	69	16	22	106	85	120	82	27	55	108	53
ASV80	85	44	57	72	91	83	123	131	247	38	129	149	76	88	84	86	40	78	44	34	63	34	173	37	74	44	59	70	62	128	69	0	0	1	0	1	1	1	4
ASV75	23	15	15	10	16	19	15	14	13	16	22	23	158	209	256	229	272	202	225	22	144	128	80	21	10	15	10	5	11	144	167	3	14	13	2	8	32	8	3
ASV68	40	16	18	16	22	20	19	26	47	13	57	39	149	235	158	148	88	189	164	14	118	225	276	19	22	25	16	25	15	76	90	10	1	41	20	0	3	26	98
ASV65	131	114	69	26	51	34	26	23	22	64	17	73	46	59	41	144	292	67	166	59	565	50	44	71	60	65	55	36	64	1	6	1	7	3	2	11	7	1	10
ASV86	18	12	5	7	12	11	9	15	24	11	20	43	146	148	240	328	339	331	251	9	202	109	49	16	25	15	10	9	13	75	61	3	1	1	3	1	0	2	1
ASV63	31	36	142	130	74	102	84	79	77	37	86	79	4	6	4	3	3	9	4	25	2	3	5	79	123	132	122	94	163	6	5	2	0	11	1	0	0	0	794
ASV87	79	43	81	60	69	88	105	111	250	14	122	134	88	90	68	77	60	97	42	28	91	51	145	34	82	58	35	75	54	78	54	4	1	11	2	0	0	5	44
ASV71	66	52	107	89	63	97	143	125	112	31	149	121	131	161	165	96	49	51	21	36	31	28	41	46	41	27	61	48	42	146	134	1	0	2	2	0	1	3	2
ASV76	54	17	4	3	7	5	6	4	9	10	1	2	2	1	6	1	2	3	4	21	3	4	6	7	18	5	11	3	6	2	4	2	15	104	233	1870	2	1	2
ASV85	28	32	21	25	22	9	14	11	16	33	15	10	21	18	14	18	19	5	20	29	11	10	9	27	17	24	28	16	22	9	10	163	234	191	120	129	928	93	34
ASV67	62	82	160	113	125	143	149	126	100	56	101	54	14	18	13	9	12	17	6	59	28	11	18	84	102	100	113	79	103	29	18	74	16	141	42	1	5	4	57
ASV82	97	67	102	122	109	88	147	122	222	64	257	283	45	33	37	31	31	33	17	43	19	15	29	62	50	63	55	73	82	6	5	0	0	0	0	0	0	2	6
ASV2771	3	55	89	100	118	87	78	134	45	111	55	44	6	32	27	20	17	21	37	77	23	20	30	106	100	111	117	141	118	28	29	55	55	29	86	67	39	46	57
ASV79	37	36	117	125	114	125	113	124	196	40	199	144	28	49	28	26	30	24	24	43	9	21	23	67	83	83	73	73	104	70	38	0	0	1	0	0	0	7	97
ASV74	19	63	81	72	83	97	72	112	145	53	148	104	42	37	33	29	25	41	28	54	37	34	47	52	55	54	39	70	61	50	47	45	1	181	119	5	4	9	93
ASV70	0	4	86	71	92	87	142	163	134	200	9	28	52	95	78	75	53	124	11	100	5	3	12	100	104	82	101	100	134	32	1	2	1	1	0	1	0	1	0
ASV72	101	74	70	49	54	60	87	64	45	43	36	22	4	9	7	16	3	6	2	58	6	1	4	72	763	67	47	66	63	270	0	1	0	2	0	1	6	0	77
ASV92	32	80	84	58	53	65	41	46	32	84	35	41	21	21	40	36	26	27	17	77	33	27	47	66	56	61	63	50	49	26	36	101	133	202	145	91	93	36	15
ASV78	36	37	116	106	101	88	101	100	83	40	79	59	3	6	4	7	9	3	4	37	6	5	8	76	113	110	96	87	158	10	8	0	0	0	0	0	0	0	540
ASV77	8	24	24	7	26	13	27	39	29	14	60	25	120	224	219	284	144	183	145	10	78	86	23	12	15	18	13	8	13	248	88	2	0	0	1	0	0	1	1
ASV98	46	23	26	27	35	29	22	28	35	23	24	18	214	148	139	137	98	150	101	27	128	136	202	27	32	30	35	38	17	62	106	11	2	8	10	0	1	5	6
ASV81	70	51	77	68	67	43	73	56	60	51	247	194	15	21	10	10	4	7	1	42	8	11	9	53	50	61	67	66	52	4	4	2	5	18	5	2	0	3	603
ASV84	45	115	89	77	57	76	121	122	62	57	50	38	52	29	36	55	35	33	19	57	17	14	22	120	106	64	70	54	77	302	37	0	0	0	0	0	0	1	11
ASV99	10	42	48	49	42	53	33	30	69	51	40	28	31	55	38	33	15	21	22	35	28	24	40	40	34	48	51	41	42	21	10	145	40	184	84	15	412	58	25
ASV100	9	22	7	16	12	23	26	20	69	4	65	94	196	292	179	126	106	113	65	10	69	66	119	7	20	7	3	9	7	205	82	0	0	1	0	0	0	0	4
ASV90	26	68	71	72	68	65	81	65	114	46	172	125	38	54	43	64	39	57	51	53	87	85	51	50	40	51	60	64	57	56	29	5	0	7	2	0	2	2	17
ASV95	43	163	86	69	54	83	46	46	18	91	5	18	3	5	4	4	5	8	4	101	2	7	11	90	74	97	80	52	60	7	2	51	161	177	122	107	16	47	7
ASV102	60	32	21	23	22	22	26	21	67	12	32	50	93	104	299	129	72	61	93	18	71	109	339	14	16	23	12	24	15	57	75	2	0	0	1	0	0	0	3
ASV104	101	24	20	25	24	30	24	37	45	14	30	33	83	82	121	116	171	208	93	31	90	87	47	21	30	34	27	23	19	69	132	8	0	20	26	5	2	10	4
ASV93	27	123	51	62	52	84	100	91	130	31	62	66	53	50	24	31	20	22	17	43	13	8	42	44	63	54	31	73	56	249	62	0	0	0	1	0	1	54	60
ASV88	101	130	98	73	91	105	128	92	65	78	42	31	4	7	23	16	5	11	1	71	5	8	4	109	115	90	82	57	100	25	12	16	8	47	20	22	1	20	24
ASV101	5	6	3	7	3	3	9	5	8	1	8	5	80	104	103	175	146	199	231	3	194	206	118	5	4	12	7	1	3	124	148	0	1	0	0	0	0	0	7
ASV107	29	9	11	15	16	19	26	21	15	6	23	32	223	370	225	77	133	61	138	12	15	190	93	7	8	11	5	5	12	51	44	8	1	0	4	0	3	1	6
ASV97	3	1	4	5	2	4	7	7	11	0	5	4	102	174	159	149	119	205	141	2	175	168	48	4	2	1	1	5	5	170	221	3	0	3	1	0	4	0	7
ASV89	6	7	13	14	9	15	26	17	27	6	434	533	123	135	104	42	22	49	10	14	31	31	194	2	3	4	5	0	9	12	9	0	0	0	0	1	1	0	0
ASV105	18	21	22	10	18	17	25	20	30	16	41	19	77	91	139	135	141	136	190	30	149	156	54	12	17	23	26	15	18	91	110	5	1	8	5	0	4	3	5
ASV108	20	17	15	25	26	23	41	37	65	15	67	40	180	184	187	141	103	87	70	9	42	57	52	17	27	16	14	17	20	151	66	0	1	0	2	0	0	0	21
ASV91	10	1	4	4	4	3	4	4	3	6	1	8	29	56	43	166	132	186	128	3	194	174	80	7	4	3	6	3	4	221	296	1	1	4	4	0	1	4	2
ASV103	20	48	55	56	72	60	67	83	80	30	72	56	45	49	44	50	33	29	29	50	41	16	47	38	60	51	76	58	72	141	38	3	2	12	10	0	7	19	63
ASV111	60	28	17	35	36	52	93	54	72	8	81	82	66	48	117	100	115	68	94	20	18	60	11	19	23	24	23	31	17	141	152	0	0	2	1	0	0	0	0
ASV106	2	5	6	3	4	6	9	3	13	2	20	14	93	145	141	192	206	147	165	5	96	110	65	3	3	4	2	5	5	162	111	0	1	0	0	0	0	0	2
ASV110	90	58	48	62	57	51	92	79	67	42	136	144	59	62	47	28	39	20	15	73	17	21	68	60	49	54	44	64	42	17	27	0	1	1	1	3	0	0	0
ASV266	1	32	52	47	58	38	38	40	17	67	28	17	9	45	50	41	36	47	62	42	66	77	76	56	50	46	38	53	58	43	29	42	48	20	46	65	31	52	19
ASV131	6	9	18	20	14	21	13	11	16	14	8	9	63	127	141	134	91	89	98	16	124	120	126	15	17	17	13	16	12	119	109	1	1	1	0	2	2	0	4
ASV117	6	12	10	14	20	17	34	40	43	5	334	415	71	86	75	38	33	39	16	7	33	34	79	7	6	15	8	14	14	38	38	0	0	0	0	0	1	0	1
ASV94	2	1	5	3	2	4	7	2	3	0	118	515	567	50	20	12	25	26	23	1	35	51	75	1	0	3	3	2	2	15	12	1	0	0	0	1	0	0	0
ASV113	14	22	42	37	37	50	55	40	65	29	108	75	49	50	57	68	39	38	67	24	92	72	61	26	23	28	30	42	44	23	33	9	1	35	17	0	2	1	53
ASV112	28	25	23	30	15	30	26	20	22	22	29	25	76	100	108	117	71	68	90	23	86	95	94	25	25	20	29	21	27	44	63	4	5	16	5	3	12	2	27
ASV115	45	18	20	23	16	15	20	22	42	13	42	53	121	137	135	131	144	173	52	24	49	52	35	14	15	26	12	10	19	29	20	0	0	2	0	1	0	6	15
ASV239	15	50	41	53	41	38	20	28	42	45	62	55	19	16	12	8	11	9	20	53	25	17	9	51	36	50	54	47	23	24	17	115	67	24	72	21	185	27	45
ASV114	40	57	34	59	74	87	132	88	117	41	62	75	36	11	14	16	13	2	1	33	8	1	6	56	50	40	28	33	53	199	16	1	0	0	0	0	0	20	35
ASV179	13	76	84	79	68	87	48	38	36	62	51	36	1	1	3	2	3	2	2	84	4	1	1	110	79	70	103	84	68	4	5	52	5	8	57	6	6	7	88
ASV170	12	5	10	4	21	13	31	27	37	6	310	453	90	68	53	30	28	33	17	5	22	45	87	8	7	10	6	4	13	42	27	1	1	0	1	1	0	1	3
ASV109	43	75	65	60	53	99	78	65	52	77	131	131	18	32	14	8	13	6	11	48	16	10	10	60	79	65	48	34	52	31	14	0	0	8	2	0	10	1	2
ASV121	52	19	40	18	51	20	60	42	143	23	129	126	118	103	97	79	41	90	10	19	17	29	44	15	14	15	19	20	21	6	16	2	0	2	0	0	0	1	1
ASV123	19	9	11	8	13	16	40	10	24	10	16	20	95	139	75	76	112	41	51	10	5	45	25	5	9	9	9	6	12	10	13	37	0	180	148	1	9	22	161
ASV125	42	44	40	30	30	34	29	27	27	38	8	11	10	10	8	10	6	10	14	54	11	9	5	41	32	48	42	22	42	9	11	118	105	133	117	14	91	111	35
ASV122	24	18	21	39	42	42	54	44	49	18	43	53	20	19	45	54	25	11	13	18	8	20	15	9	21	24	12	18	30	617	7	0	0	1	0	0	1	1	21
ASV116	30	26	40	43	36	26	37	32	34	91	41	22	2	6	2	1	1	1	2	38	3	0	5	41	56	55	65	56	58	7	4	1	0	3	1	0	1	134	451
ASV119	78	18	14	9	11	8	9	7	22	15	38	31	67	66	72	139	168	205	93	18	84	60	51	10	18	10	8	10	13	36	23	2	0	4	4	0	0	7	21
ASV138	15	38	30	35	30	30	22	25	61	25	52	30	75	136	82	71	48	66	68	32	51	86	77	25	31	26	26	18	22	28	37	8	3	8	7	0	3	10	7
ASV2223	12	44	32	52	36	56	33	28	23	30	54	66	21	35	39	27	13	11	16	56	33	15	19	55	30	42	56	56	43	45	42	38	18	6	56	19	125	16	46
ASV894	20	35	75	57	78	67	49	65	27	49	89	68	1	5	3	3	1	1	1	39	1	2	4	49	49	71	81	87	84	12	6	48	11	9	17	17	4	11	141
ASV445	15	8	23	30	49	30	44	41	31	15	39	32	60	59	71	48	22	28	28	14	32	46	74	20	17	20	24	34	24	65	65	27	9	12	31	7	71	62	69
ASV128	28	6	7	5	2	3	3	3	11	4	4	4	40	37	48	165	89	144	104	3	137	144	25	6	3	13	6	3	4	80	220	2	1	3	2	0	1	10	15
ASV120	13	25	23	4	18	11	9	7	7	24	12	9	43	46	60	79	99	103	136	22	105	137	257	12	11	20	6	9	7	22	25	2	0	1	1	0	3	1	6
ASV140	24	75	54	26	30	35	38	28	39	45	10	7	4	5	1	4	1	4	3	48	2	2	9	37	40	40	41	30	42	2	0	79	196	152	133	22	27	26	10
ASV181	14	11	12	14	9	8	5	6	2	12	6	25	17	42	49	143	180	98	108	21	193	117	97	17	3	15	14	11	9	38	60	2	4	0	0	3	3	2	1
ASV150	2	48	67	150	110	107	148	102	96	19	101	81	29	3	1	1	1	1	2	13	0	0	0	10	14	22	29	77	77	8	3	0	0	0	1	0	1	0	10
ASV124	7	3	5	1	4	4	4	5	6	7	2	2	33	150	158	139	52	106	73	3	117	134	208	3	4	5	0	1	1	29	22	13	0	7	4	2	8	4	0
ASV127	6	6	13	5	5	11	14	5	13	8	18	12	78	147	229	134	113	107	55	4	53	44	38	11	9	2	6	6	6	58	54	2	1	15	6	0	0	0	15
ASV118	1	4	1	0	0	1	0	0	1	1	0	0	0	1	0	0	0	0	0	6	3	0	0	2	3	0	2	2	1	0	0	0	1	103	589	581	0	0	0
ASV145	13	19	14	16	27	13	10	17	27	20	26	17	86	119	104	65	80	70	139	23	74	63	26	11	15	19	25	24	16	40	39	2	7	10	6	1	4	3	10
ASV130	2	1	2	0	4	2	0	1	1	5	3	2	17	47	80	118	89	97	154	6	141	190	78	3	6	4	4	4	1	59	115	0	0	5	3	5	5	4	2
ASV137	2	0	1	0	2	0	2	0	2	0	3	1	183	190	95	37	268	57	214	0	59	49	5	2	0	0	0	3	0	30	32	3	2	2	2	1	0	1	2
ASV146	14	2	10	4	7	6	3	10	5	3	22	58	230	313	80	48	75	50	72	5	24	104	32	8	4	4	6	6	5	3	11	2	2	2	4	1	2	2	2
ASV148	65	16	12	10	11	10	11	13	18	15	20	33	27	26	31	69	89	121	56	19	62	59	42	19	17	20	11	9	13	50	59	52	17	29	31	4	18	33	14
ASV126	4	25	17	28	12	22	17	17	31	21	37	20	78	116	65	55	32	43	39	26	61	78	90	20	18	21	24	18	19	69	35	5	3	13	11	1	1	2	36
ASV220	5	9	7	13	9	11	22	17	22	8	163	212	126	105	67	49	27	40	26	8	50	51	75	6	3	4	7	7	6	26	34	0	1	0	1	0	1	0	3
ASV314	15	32	55	44	52	56	47	42	36	30	41	45	6	15	14	6	1	12	9	37	5	13	14	41	44	44	47	49	53	27	28	29	6	42	35	5	45	15	84
ASV135	53	14	10	19	11	16	28	49	70	19	38	64	65	50	65	88	103	119	23	15	34	36	39	14	9	15	12	15	17	22	18	4	0	18	5	0	0	11	31
ASV129	0	0	0	0	0	0	1	0	4	0	0	1	438	264	70	67	43	55	62	0	63	16	101	1	2	0	0	0	0	16	13	0	1	0	0	0	0	0	0
ASV5782	8	19	44	40	49	41	50	51	22	45	84	85	17	11	8	12	8	10	10	26	14	10	23	55	31	33	40	46	38	27	13	27	29	11	31	54	47	18	29
ASV152	1	0	1	2	1	0	1	1	0	0	0	0	20	15	24	25	82	63	339	0	31	57	32	0	0	2	1	2	1	134	366	0	0	0	1	0	4	5	4
ASV172	6	36	61	147	105	95	110	102	91	32	66	50	42	6	4	0	1	7	0	6	2	0	1	10	16	23	22	80	71	14	1	0	0	0	0	0	0	0	3
ASV139	169	70	38	28	16	15	24	13	8	20	7	10	3	5	5	7	4	8	16	37	10	9	19	33	26	38	20	18	21	10	21	12	148	25	16	39	171	42	11
ASV155	12	9	19	17	11	18	15	29	30	8	15	11	45	71	90	89	101	56	71	21	67	58	66	12	12	14	6	9	12	42	51	25	3	25	16	1	3	4	22
ASV450	3	38	22	24	34	44	16	26	20	30	31	34	22	38	41	39	33	30	39	25	52	37	52	32	31	40	38	33	32	18	32	16	7	38	19	1	80	9	22
ASV134	55	27	23	13	16	10	14	22	5	15	53	96	82	103	21	95	161	37	75	23	51	29	40	21	11	19	13	8	14	7	16	0	0	0	1	0	0	0	1
ASV154	35	26	31	12	6	25	20	6	13	23	8	5	1	1	3	1	2	0	1	20	3	1	0	21	27	18	24	22	15	0	3	230	87	210	105	9	73	64	21
ASV136	37	24	39	36	56	42	52	39	54	37	38	26	8	9	5	1	3	2	1	33	3	4	14	41	41	51	51	33	32	167	26	0	6	6	5	2	26	5	116
ASV336	24	43	38	53	51	38	36	34	21	44	58	57	2	4	0	0	2	1	0	36	2	2	0	60	52	60	77	87	73	1	2	6	0	0	2	0	0	1	194
ASV143	37	52	50	39	55	42	49	68	70	33	22	25	19	16	20	24	14	10	17	57	21	20	19	38	33	47	44	42	38	25	25	1	1	24	6	1	1	12	43
ASV173	8	63	48	48	51	73	42	32	57	35	43	41	3	20	9	11	3	12	10	41	10	12	19	40	46	53	50	63	44	4	7	21	1	50	40	0	7	8	20
ASV167	42	7	13	16	7	14	22	17	20	13	13	72	49	58	45	50	49	52	68	17	38	25	12	12	7	4	16	12	20	114	143	1	2	9	6	5	7	30	34
ASV132	77	28	26	9	13	11	12	10	9	21	2	0	2	3	2	0	2	0	0	28	0	3	2	31	23	24	17	15	11	0	0	53	337	91	114	87	7	35	30
ASV200	1	3	0	2	2	6	1	3	2	2	5	5	159	108	94	65	55	57	50	3	51	63	240	2	5	5	7	2	3	62	49	3	0	1	5	0	4	1	0
ASV177	2	0	0	1	0	3	2	1	2	0	1	5	97	187	172	236	96	96	23	0	58	86	15	0	0	1	0	3	0	7	25	0	0	0	0	0	0	0	0
ASV142	186	80	17	36	27	42	27	30	15	44	21	15	19	40	80	48	12	9	6	66	3	18	2	50	33	43	29	25	34	6	44	0	0	0	0	0	2	8	0
ASV180	7	2	7	13	5	11	11	16	3	6	103	97	81	121	79	51	32	56	55	3	71	55	71	2	2	5	5	2	5	52	54	2	0	4	0	1	0	0	4
ASV1946	10	33	40	38	37	45	26	28	30	33	48	45	9	33	29	27	5	8	8	35	14	12	17	39	24	31	34	50	32	18	11	25	7	7	31	3	118	3	34
ASV141	2	1	0	1	0	0	1	0	3	1	2	2	20	115	109	62	68	44	40	2	131	130	264	2	1	0	1	0	1	40	22	1	1	3	6	0	0	0	0
ASV156	154	64	41	42	25	30	25	12	1	46	0	1	3	1	2	1	1	0	1	79	2	1	1	49	52	45	44	15	18	0	4	0	6	46	70	189	0	0	0
ASV211	18	19	15	26	17	16	19	17	19	11	20	10	50	64	57	60	61	40	47	21	40	48	71	15	11	33	19	23	21	40	43	11	6	15	18	0	15	22	10
ASV158	42	75	37	31	28	29	30	25	15	42	11	17	8	8	12	35	13	39	29	37	52	36	19	38	40	35	43	36	19	28	41	22	6	23	15	8	9	16	7
ASV149	188	74	39	61	29	44	50	27	12	55	14	11	4	2	2	2	36	1	7	84	1	2	1	48	62	61	46	24	50	7	8	0	0	0	0	0	0	0	0
ASV3207	15	30	34	53	43	46	16	29	18	30	64	50	20	24	19	11	11	10	14	43	20	16	12	38	25	38	48	50	39	35	18	13	11	2	25	11	28	8	35
ASV160	10	13	7	18	17	11	2	6	11	14	7	4	6	8	13	10	14	5	17	14	10	9	9	16	11	15	15	9	7	5	6	108	140	189	116	23	112	40	4
ASV147	24	13	18	5	11	4	9	5	18	8	11	13	67	121	65	54	43	72	77	10	60	98	114	5	6	13	3	10	7	23	48	0	0	5	4	0	1	2	3
ASV144	2	0	0	3	0	0	0	0	0	0	2	11	151	133	121	47	66	36	37	2	84	122	29	0	1	0	0	0	0	89	91	0	0	0	2	0	2	1	1
ASV193	8	38	28	15	20	13	16	14	26	22	29	16	28	46	39	30	39	33	56	21	51	63	49	14	21	23	27	18	18	52	53	9	13	7	10	24	23	13	7
ASV161	2	6	6	5	2	0	0	5	2	3	2	2	33	62	92	88	74	80	136	3	101	172	46	6	5	3	4	3	4	10	67	1	0	0	1	0	0	0	1
ASV290	2	0	4	3	0	3	1	3	2	1	0	0	4	6	20	44	54	38	83	2	145	76	2	0	1	1	0	2	1	123	388	1	1	0	3	1	0	1	8
ASV133	42	48	54	40	39	47	55	58	39	44	22	24	7	10	15	11	7	13	7	34	1	0	2	39	53	53	47	31	46	0	2	2	0	1	4	0	120	1	5
ASV192	22	26	11	7	16	7	6	8	10	16	6	4	18	22	32	60	64	33	55	19	49	73	34	19	6	7	15	4	8	49	70	35	33	17	13	3	80	49	9
ASV201	4	27	57	49	51	45	40	33	16	31	20	27	4	4	7	3	1	5	5	32	5	4	8	40	31	50	56	55	52	2	5	23	1	50	33	1	12	7	115
ASV163	11	2	2	3	5	2	1	1	4	2	6	4	31	46	53	68	96	86	98	7	76	109	95	4	4	3	1	1	3	71	113	0	0	0	0	0	0	0	1
ASV157	12	31	31	34	21	23	36	45	19	22	20	18	45	41	68	79	31	34	37	99	16	18	20	22	24	22	25	24	28	11	12	0	0	0	2	0	0	5	21
ASV166	2	0	1	2	1	1	0	0	1	2	0	0	0	0	0	0	0	0	0	2	0	0	0	1	0	3	0	2	0	0	0	1	802	30	53	89	0	0	0
ASV165	11	11	9	17	14	12	12	22	21	10	33	22	71	62	91	91	69	58	74	9	35	24	29	9	15	7	9	9	14	91	28	0	0	0	0	0	0	0	0
ASV280	7	30	36	65	57	40	24	33	32	25	44	46	0	3	3	1	0	0	1	28	1	0	0	40	51	45	74	54	68	2	3	1	0	0	1	0	0	1	168
ASV195	44	14	19	23	15	16	33	30	17	2	18	31	48	88	43	53	41	35	49	8	34	128	71	10	21	11	15	10	15	28	7	0	0	0	0	0	0	0	1
ASV2187	20	32	30	47	56	61	46	52	19	31	44	41	0	3	5	3	2	2	3	34	10	4	11	53	41	43	77	52	51	14	16	24	1	0	2	2	0	5	33
ASV153	3	65	55	43	32	46	72	66	99	16	66	30	194	5	7	11	2	9	2	15	1	2	7	1	7	12	21	33	41	3	0	0	1	0	0	0	0	0	0
ASV279	9	0	3	1	3	2	1	3	2	2	6	3	28	115	90	78	70	79	77	1	77	78	50	4	2	6	6	2	3	33	71	7	9	3	1	7	20	6	9
ASV162	11	6	3	1	2	6	1	1	5	9	0	0	2	3	5	2	4	2	5	6	3	6	1	7	7	3	2	5	3	2	6	241	8	179	175	5	95	25	114
ASV164	75	58	41	29	30	24	29	24	9	40	23	4	12	0	0	1	30	1	4	60	0	1	22	50	44	45	42	28	25	6	180	0	0	0	0	0	0	3	0
ASV174	8	4	6	4	2	3	4	9	12	5	13	8	87	78	111	102	105	64	63	7	21	26	31	10	2	4	3	4	6	71	60	0	1	1	0	1	2	0	1
ASV183	60	46	18	29	22	19	19	21	20	22	19	17	37	112	29	12	57	13	11	29	49	19	47	21	25	28	8	25	22	49	25	0	0	1	1	0	0	1	5
ASV4105	5	6	5	3	5	1	3	7	0	4	6	25	13	35	53	84	112	79	70	5	130	107	57	8	6	4	2	4	4	31	46	1	1	0	1	0	0	2	1
ASV168	52	12	5	8	5	8	2	0	2	11	1	1	0	1	2	1	0	1	1	13	0	0	1	4	7	6	8	7	2	1	0	159	242	133	67	101	10	47	3
ASV178	16	33	19	19	18	25	14	20	21	21	12	4	5	12	16	10	6	6	7	18	14	8	16	24	34	26	25	19	19	6	4	57	29	170	111	9	14	19	10
ASV5245	5	24	46	66	68	61	66	70	48	34	48	36	38	6	2	3	3	6	4	15	1	4	6	14	18	23	27	67	71	9	3	0	0	0	0	0	0	0	24
ASV176	13	33	24	22	26	29	19	33	33	21	18	14	25	51	22	21	20	31	31	24	18	32	18	20	23	25	30	22	24	16	22	14	1	51	26	1	22	19	20
ASV216	0	1	5	3	10	9	10	5	19	1	9	19	81	68	47	101	50	170	49	1	15	24	43	1	2	5	1	3	7	122	30	1	0	0	0	1	1	0	0
ASV208	22	44	20	7	11	17	15	6	3	18	2	0	0	1	0	1	0	0	0	27	1	0	3	18	11	24	21	10	9	0	1	78	169	112	61	70	29	86	13
ASV171	3	28	28	24	30	36	53	64	60	22	39	27	31	58	47	39	20	40	25	11	13	26	19	15	24	8	16	43	24	17	13	0	0	4	1	0	0	0	1
ASV223	10	51	45	42	39	46	47	38	17	41	19	17	7	9	10	4	3	3	8	45	7	2	8	44	32	47	54	27	34	1	1	14	5	54	32	1	4	10	30
ASV206	57	20	8	12	11	13	13	17	21	9	13	14	23	12	65	56	81	24	55	12	9	51	1	8	11	7	6	7	14	60	194	0	0	1	0	1	0	0	0
ASV199	4	4	4	4	2	6	2	3	7	2	7	8	50	43	78	91	127	106	60	2	46	63	37	2	3	5	5	1	2	54	49	1	0	4	0	0	1	1	5
ASV3824	4	16	24	35	36	31	23	32	17	42	46	62	8	8	8	12	7	5	6	31	12	6	14	31	27	17	28	42	42	14	8	20	14	14	27	34	53	7	14
ASV205	104	57	24	28	26	49	26	53	27	43	11	17	8	5	0	6	10	7	1	53	22	2	3	31	50	57	67	24	54	5	3	1	0	0	0	0	0	1	1
ASV250	15	27	19	25	15	17	10	21	20	26	19	16	11	23	20	15	17	30	26	17	25	15	14	22	16	22	26	25	15	15	5	29	21	42	32	14	114	14	15
ASV727	23	30	33	35	24	32	28	35	15	33	60	48	1	3	1	4	3	0	1	45	1	3	3	47	30	38	57	61	41	2	3	15	2	1	4	0	0	0	104
ASV185	6	18	36	16	22	17	17	26	28	9	18	11	12	17	26	17	10	21	12	12	18	15	32	14	5	13	18	17	16	14	17	31	5	122	83	3	54	6	30
ASV235	118	64	24	43	75	32	37	20	5	42	9	19	1	0	0	8	48	2	2	58	0	1	1	60	38	48	32	22	20	1	0	0	0	0	0	0	0	6	24
ASV194	73	22	38	45	37	26	40	21	83	9	83	110	14	10	12	23	21	16	6	19	9	13	10	13	18	13	18	22	25	1	3	1	0	3	0	0	0	2	0
ASV169	9	16	38	22	21	31	15	31	40	14	26	21	22	33	24	31	13	29	30	17	15	14	26	11	19	18	16	21	28	10	16	12	0	75	46	0	12	8	28
ASV189	11	2	1	2	0	2	0	4	3	2	1	1	0	0	2	1	0	2	1	2	1	3	2	2	3	1	1	1	2	0	1	7	116	30	29	146	298	141	32
ASV182	14	3	11	3	6	9	13	12	23	8	21	16	57	69	85	62	49	84	45	13	43	55	18	6	5	3	7	5	9	54	37	0	0	3	1	1	0	0	0
ASV159	130	43	22	21	15	12	21	8	3	28	1	4	1	1	0	2	0	2	0	41	3	1	2	35	38	35	14	14	21	0	0	2	42	28	81	170	0	1	4
ASV188	14	34	27	17	9	14	20	12	19	17	17	2	15	36	26	25	13	37	20	16	19	29	31	19	18	14	28	17	10	12	13	41	22	62	34	4	49	14	18
ASV191	11	5	4	8	9	5	10	19	13	5	9	13	75	162	103	65	33	29	36	4	10	121	47	8	2	2	3	4	2	4	7	1	1	0	0	0	0	2	6
ASV258	32	8	10	19	15	17	33	21	39	9	16	22	22	35	56	32	11	16	42	18	9	14	9	11	17	14	15	16	5	97	142	1	0	9	3	1	1	1	0
ASV175	6	45	46	75	64	67	95	80	60	12	88	39	16	1	0	0	2	1	5	10	0	0	1	7	8	12	24	34	31	2	1	0	0	0	0	0	0	0	5
ASV322	7	19	44	54	48	53	49	42	21	31	37	29	13	8	8	5	7	5	10	36	5	3	2	31	35	37	39	44	41	15	11	6	4	4	3	6	2	11	9
ASV215	6	9	3	4	8	3	3	4	3	13	0	6	6	13	15	17	8	19	16	2	18	14	15	8	4	9	7	5	10	7	19	85	48	46	20	23	296	28	12
ASV204	4	3	2	4	5	4	2	8	10	5	6	7	57	57	78	76	86	74	79	3	57	61	30	4	0	5	2	5	6	41	31	0	2	1	0	0	0	0	1
ASV2583	9	19	34	24	40	24	30	45	19	32	45	47	6	10	7	5	5	7	4	12	6	3	16	24	28	23	34	39	36	16	10	21	18	13	22	30	27	3	20
ASV249	25	11	8	1	5	5	6	6	1	5	1	0	3	3	5	10	19	13	13	3	11	8	9	10	10	7	4	7	3	3	7	146	68	52	44	6	139	119	14
ASV224	11	32	54	38	34	50	28	32	25	36	13	14	6	5	7	7	1	5	3	25	6	3	11	33	29	53	45	49	47	3	3	8	3	39	22	7	6	1	14
ASV2008	1	10	10	11	18	20	13	20	13	32	9	6	16	42	58	60	53	31	66	13	35	49	15	25	13	13	19	16	18	38	37	2	4	2	1	8	4	5	0
ASV213	1	4	10	8	7	7	3	6	1	0	12	9	43	76	74	70	40	45	61	7	88	43	37	11	7	11	5	6	7	49	41	2	1	1	2	0	2	6	2
ASV289	8	28	21	20	22	30	13	26	21	27	25	25	34	47	38	25	19	31	24	29	20	29	51	29	25	19	27	12	21	19	9	3	0	5	6	0	4	4	7
ASV186	214	92	45	21	18	30	16	12	4	42	0	7	6	0	1	1	0	0	1	74	1	1	1	45	38	45	41	14	24	0	3	0	0	0	0	0	1	3	1
ASV310	14	44	37	26	30	35	30	21	17	36	12	15	4	11	19	15	16	13	17	38	23	18	8	39	33	40	44	21	21	14	9	13	0	31	19	2	1	5	11
ASV197	26	33	47	51	37	52	75	38	71	21	60	46	1	1	3	3	2	3	2	25	5	8	2	13	20	21	38	39	32	3	2	1	0	5	1	0	0	1	12
ASV226	65	25	30	36	33	26	49	36	77	16	31	43	19	12	17	11	16	26	6	37	5	8	14	17	16	16	23	25	23	2	3	18	0	14	3	0	1	0	0
ASV202	92	39	38	35	25	32	20	43	24	19	19	9	7	3	20	8	8	7	6	47	33	11	29	26	47	31	24	32	21	27	7	0	0	2	0	2	0	0	2
ASV225	20	23	14	15	12	11	10	7	6	25	2	4	0	2	5	2	1	1	3	15	4	2	1	20	12	21	18	11	17	1	5	58	35	180	136	9	4	47	34
ASV248	50	48	63	33	39	30	36	32	30	49	22	22	1	0	0	1	0	0	1	33	1	1	0	40	36	34	38	40	37	1	6	7	0	2	5	6	6	11	25
ASV356	14	16	25	35	28	27	22	20	32	24	48	38	11	16	14	10	13	7	8	28	21	8	11	32	33	28	28	22	38	18	17	15	4	1	10	3	28	3	27
ASV207	47	18	10	4	9	8	8	9	11	18	4	2	5	13	6	19	20	20	9	17	10	11	4	17	18	10	8	9	3	1	4	158	8	53	37	1	78	75	19
ASV309	5	27	19	39	23	17	14	22	20	17	42	28	5	8	16	6	5	4	7	23	6	9	10	27	21	28	24	38	29	14	14	44	15	5	24	8	64	24	30
ASV198	0	0	0	0	0	0	0	0	0	0	0	0	0	1	1	1	1	1	2	0	1	1	0	0	0	0	0	0	0	3	1	2	261	150	6	342	1	4	1
ASV253	0	4	0	0	3	2	1	0	1	2	0	1	65	143	65	82	37	82	83	2	69	59	22	1	0	4	0	4	1	23	19	1	2	0	0	0	0	0	2
ASV184	5	25	44	44	40	29	38	40	62	29	83	54	10	10	11	6	3	6	6	12	14	7	15	25	21	21	26	16	23	5	7	4	0	7	3	0	0	1	26
ASV478	10	20	23	30	22	27	15	16	23	18	31	30	14	26	19	19	13	12	13	25	19	16	11	29	22	24	21	32	22	37	32	15	9	3	12	3	26	10	29
ASV203	11	7	11	6	6	4	8	8	10	8	8	8	39	80	95	83	67	84	40	9	32	41	10	1	7	12	6	5	5	18	21	0	1	5	3	0	1	5	9
ASV563	9	17	19	29	28	25	15	20	31	19	35	31	8	17	22	13	15	10	14	27	26	14	18	20	22	20	28	22	15	33	31	22	7	6	20	2	29	5	17
ASV240	16	34	34	28	22	30	50	42	16	27	18	12	11	13	2	13	9	6	12	21	17	11	16	26	29	36	24	26	41	15	7	5	2	16	7	0	5	14	46
ASV330	9	14	27	45	40	40	28	32	33	11	60	70	6	2	4	3	6	6	8	17	5	2	6	19	18	32	34	52	42	27	14	1	0	0	0	0	2	0	44
ASV247	7	29	21	20	24	25	19	33	60	19	33	33	38	39	40	23	22	24	22	22	19	20	12	11	23	14	33	15	18	17	16	1	0	2	0	0	0	0	4
ASV219	59	43	30	19	25	22	25	18	21	29	4	8	7	2	12	6	15	24	19	35	14	12	16	39	24	29	27	19	19	14	8	1	27	24	6	12	30	1	6
ASV236	10	17	29	27	22	31	15	25	40	19	32	19	5	6	6	8	3	3	10	22	3	4	12	22	23	40	30	43	25	8	10	20	0	93	37	0	10	2	19
ASV190	16	26	17	10	15	16	29	21	30	18	21	22	47	33	25	47	28	29	12	14	29	20	1	17	17	14	20	13	8	21	29	2	1	5	3	31	20	3	17
ASV210	4	2	0	0	0	1	1	1	0	1	0	0	34	42	70	45	51	41	94	0	60	75	49	0	3	0	0	0	1	68	93	0	0	2	1	1	2	3	1
ASV3327	5	4	6	7	7	11	6	16	12	9	111	146	59	55	34	25	15	23	12	6	35	26	47	4	1	3	1	6	6	21	23	0	0	2	0	0	1	0	1
ASV230	5	5	4	2	2	6	5	6	1	0	8	7	59	115	43	69	77	45	72	3	40	36	19	5	4	2	1	6	2	26	46	0	1	6	2	0	5	4	0
ASV256	29	26	26	8	21	12	10	8	0	1	0	0	0	1	1	1	0	0	0	18	0	0	5	17	27	18	14	10	16	0	0	1	24	111	257	69	0	4	0
ASV187	14	13	41	34	46	60	82	72	66	10	64	15	10	0	3	3	4	4	5	10	5	1	3	13	28	24	31	35	26	5	5	0	0	0	0	0	0	0	0
ASV232	21	15	20	14	11	9	27	8	22	10	135	204	26	22	19	22	12	20	10	11	4	11	4	7	10	14	13	10	9	5	2	0	0	0	0	0	0	0	5
ASV217	15	26	17	23	23	20	18	21	48	20	35	38	34	39	37	30	8	19	17	19	24	28	23	19	11	15	13	12	23	18	21	2	5	4	1	0	4	0	0
ASV238	0	0	1	1	0	0	0	0	0	0	2	2	115	49	88	45	46	120	72	0	81	30	56	0	3	1	0	0	0	6	7	1	0	2	0	1	0	0	1
ASV1730	1	22	7	16	13	14	16	16	9	21	12	10	18	21	48	25	39	24	50	23	30	30	24	29	21	18	18	17	24	47	40	1	5	1	2	4	6	1	5
ASV196	23	19	43	39	64	31	39	52	59	19	46	27	9	6	4	8	6	5	4	15	4	2	3	16	40	37	38	20	29	6	2	1	0	9	3	0	0	0	0
ASV237	39	13	14	9	18	14	26	15	27	7	15	26	41	42	39	47	33	17	21	6	27	19	98	7	13	10	5	17	13	27	18	0	0	0	0	0	0	0	5
ASV221	16	12	2	9	4	10	6	3	11	5	3	8	28	36	36	52	67	90	42	10	46	43	28	3	1	9	2	1	6	22	10	16	0	11	11	0	6	27	34
ASV214	24	39	15	13	7	12	8	29	11	17	13	4	24	27	26	29	34	36	57	27	51	42	20	18	15	18	16	15	11	13	39	5	0	2	0	1	0	1	1
ASV242	48	39	18	18	36	21	24	14	16	29	8	8	4	10	18	8	6	8	3	33	6	10	4	27	38	40	23	14	25	4	5	13	23	26	28	2	2	35	25
ASV241	9	13	7	5	7	11	7	4	8	8	3	1	2	1	4	1	1	2	2	6	0	0	1	14	8	9	5	4	4	0	1	114	58	109	69	4	190	14	11
ASV305	13	19	15	23	21	21	8	17	9	16	25	17	3	12	12	5	3	2	11	19	10	8	7	21	18	18	23	16	11	14	11	53	36	16	35	25	100	17	7
ASV228	53	39	42	35	24	40	32	24	31	38	11	15	0	0	2	1	6	3	3	41	3	11	0	47	33	45	26	40	31	2	1	0	4	5	0	2	2	1	22
ASV741	9	29	7	14	3	3	6	8	3	11	8	5	15	11	12	12	13	11	8	17	14	6	2	11	11	8	15	11	5	6	5	69	49	11	39	6	177	48	14
ASV2618	2	8	3	9	4	5	0	3	1	13	6	13	10	30	43	58	68	55	63	8	100	45	65	14	8	4	7	8	5	23	22	0	1	0	0	4	1	0	1
ASV261	10	48	47	16	27	24	25	18	9	53	4	7	3	2	2	2	2	1	5	50	3	6	2	36	35	35	29	18	24	1	4	29	19	42	32	12	10	13	3
ASV231	26	32	17	22	19	18	11	7	16	21	12	10	5	13	9	10	20	8	19	39	19	16	8	35	30	21	24	23	13	17	10	5	5	24	20	0	4	82	17
ASV288	14	19	30	18	17	22	17	14	5	33	13	11	4	6	5	5	1	7	2	23	5	2	6	22	29	24	43	16	17	2	1	15	92	68	51	27	8	5	8
ASV209	14	16	18	29	19	31	30	33	26	14	16	9	7	8	7	17	10	11	5	12	7	10	7	60	12	18	17	11	14	181	15	0	0	3	0	1	1	0	6
ASV3485	7	22	23	28	23	30	19	23	13	26	41	38	1	4	1	1	2	1	0	17	2	0	1	40	32	31	29	57	40	4	4	33	3	5	11	4	5	6	65
ASV245	33	43	15	16	13	16	22	26	21	20	12	7	7	12	22	32	6	12	10	29	61	14	54	27	32	19	14	19	10	45	12	1	0	0	0	0	0	1	5
ASV265	14	27	22	17	17	20	12	21	30	24	16	18	11	26	24	21	24	19	28	20	30	28	28	14	15	15	30	17	16	17	26	2	3	7	7	7	3	4	8
ASV218	16	15	12	2	7	5	2	5	0	4	0	0	0	0	0	0	0	0	0	11	1	1	1	10	5	20	14	4	6	0	0	8	76	95	83	283	0	0	0
ASV728	6	2	0	1	0	1	0	0	0	0	0	1	20	20	30	26	64	34	82	0	89	61	14	2	0	0	1	1	1	54	133	3	3	1	2	1	29	4	0
ASV227	47	21	42	35	25	27	46	29	43	16	22	32	7	7	10	6	6	10	4	21	6	8	18	25	20	26	26	23	21	1	5	19	0	16	8	0	0	0	1
ASV243	45	14	6	3	9	5	8	3	6	8	3	3	0	4	2	2	8	5	8	17	4	11	4	11	10	8	2	4	9	2	8	125	103	58	31	16	50	41	22
ASV259	18	3	5	7	9	9	9	4	15	8	7	20	26	40	47	34	49	69	32	17	44	43	19	6	6	8	8	7	5	36	52	1	0	3	5	0	0	1	6
ASV719	0	8	14	27	22	17	14	24	15	12	53	56	27	29	39	10	8	17	15	13	22	11	28	17	14	21	15	21	14	37	21	3	1	4	5	3	3	1	10
ASV347	5	1	4	2	4	0	7	11	8	0	67	53	64	69	48	44	12	42	15	1	38	38	78	1	2	0	2	2	1	24	18	0	2	0	1	1	1	0	0
ASV212	1	1	0	1	1	0	0	0	0	0	0	0	0	6	6	62	202	86	92	0	62	76	17	0	0	0	0	0	1	13	27	0	1	0	0	0	0	2	0
ASV229	7	20	20	26	37	24	40	23	53	9	74	52	13	12	10	9	6	8	4	16	17	12	15	11	22	17	22	23	13	20	7	0	0	1	1	0	0	0	10
ASV267	20	16	30	29	34	27	37	29	50	29	34	32	7	9	7	8	1	8	3	16	5	4	23	7	12	16	26	23	12	0	3	8	0	3	1	0	0	3	81
ASV766	3	13	12	12	17	10	5	5	4	23	8	11	2	8	4	5	3	1	4	11	0	1	2	15	4	17	8	12	14	3	7	79	53	5	39	19	175	8	29
ASV312	6	3	3	3	3	1	5	0	5	2	8	13	31	49	68	63	100	76	36	0	42	33	24	3	3	2	4	4	2	32	21	0	0	0	2	0	0	0	1
ASV252	30	32	18	27	26	31	47	31	64	24	27	39	8	5	7	13	3	2	6	18	0	1	2	20	30	17	23	14	21	51	1	0	0	0	0	0	0	3	3
ASV838	9	20	10	19	17	22	6	14	24	13	23	13	11	25	30	12	17	12	24	21	17	18	26	16	14	11	21	22	15	15	12	25	8	0	25	3	36	9	9
ASV296	6	3	0	1	1	1	0	1	3	0	0	4	13	18	17	29	39	40	43	1	76	39	12	0	2	1	0	1	1	100	177	0	0	0	1	0	2	2	1
ASV233	12	41	18	19	18	20	9	15	8	21	7	3	7	6	16	25	14	12	15	28	24	28	15	21	19	22	16	19	21	31	35	3	0	25	17	0	0	10	13
ASV952	12	13	12	12	11	8	4	6	10	11	12	8	3	4	5	1	2	3	3	16	3	4	2	14	10	16	15	16	12	1	5	52	50	8	41	14	182	15	13
ASV3732	2	17	22	14	14	11	15	15	16	34	10	8	4	19	25	23	18	12	16	19	19	28	26	21	19	18	21	31	20	8	13	7	11	1	17	14	27	8	5
ASV234	44	9	13	18	18	11	23	24	14	9	6	6	2	0	0	0	2	0	1	9	1	0	0	9	32	19	12	9	26	307	1	0	0	0	0	0	0	0	0
ASV264	35	30	26	11	21	9	10	17	13	16	3	3	7	4	4	8	14	7	15	31	2	3	5	21	21	27	23	12	9	7	2	3	31	14	7	100	34	4	14
ASV270	6	31	44	36	21	28	27	29	23	20	12	11	1	2	4	5	2	3	2	30	3	3	3	30	22	30	50	30	26	2	0	17	1	31	22	2	0	5	9
ASV286	10	12	8	12	6	8	8	9	31	9	33	13	24	35	35	45	24	36	44	12	36	34	17	10	14	8	6	17	11	28	23	0	0	2	1	1	0	0	0
ASV244	25	12	17	15	12	21	28	28	41	17	82	59	17	25	22	14	9	14	6	8	16	15	15	10	6	9	14	10	18	14	3	0	1	1	2	9	0	3	0
ASV257	26	17	17	29	21	14	20	26	27	14	17	10	30	29	22	10	17	9	12	13	14	8	24	12	13	16	10	12	14	19	23	11	4	21	7	0	15	3	10
ASV268	55	22	5	16	8	8	23	19	19	15	7	23	20	29	36	27	42	27	12	17	15	13	18	12	28	23	18	20	12	7	11	0	0	3	2	0	0	3	1
ASV307	44	12	13	11	23	19	33	29	47	10	15	30	18	20	21	12	13	12	15	13	13	5	8	13	12	22	17	15	20	38	22	3	0	4	2	0	0	4	8
ASV255	9	1	1	2	2	2	4	2	3	1	0	0	14	37	26	32	48	55	63	2	36	50	51	3	2	4	0	2	1	63	73	0	0	1	0	0	0	14	8
ASV262	21	17	30	38	23	21	42	33	37	10	6	13	2	2	0	2	0	2	1	10	0	0	0	18	18	30	28	19	23	1	0	2	1	3	0	3	0	3	153
ASV291	7	30	14	12	9	11	10	11	18	20	7	11	11	15	18	15	9	13	7	22	17	12	10	18	13	17	25	10	15	12	10	26	3	52	44	5	22	20	11
ASV298	10	34	31	18	19	12	14	19	13	13	6	10	11	14	24	18	22	23	22	22	32	32	13	14	16	16	23	8	24	17	14	4	0	17	7	1	3	5	8
ASV316	21	19	20	14	27	24	21	18	21	17	32	25	1	2	1	0	1	1	1	15	1	0	0	37	34	32	44	37	35	3	1	0	0	0	0	0	0	0	103
ASV251	14	10	25	8	17	16	21	19	24	16	11	6	10	11	10	10	9	13	15	11	21	18	15	14	13	13	24	15	14	11	10	22	5	53	46	1	19	9	7
ASV303	6	4	2	3	2	1	4	2	8	1	0	2	65	98	62	40	41	31	41	3	37	33	42	3	1	1	0	1	4	15	49	1	0	0	0	0	0	1	0
ASV643	3	11	7	17	10	14	13	7	10	8	13	9	19	22	27	14	12	15	15	16	12	13	14	8	15	10	20	13	9	29	21	23	5	3	15	2	79	26	24
ASV271	4	36	20	19	8	11	7	5	4	19	2	2	2	1	0	0	0	2	1	23	1	1	1	18	19	21	20	13	13	2	2	57	40	90	79	18	18	13	10
ASV4759	16	20	13	22	23	17	17	17	24	16	28	16	10	34	11	12	8	9	10	26	19	21	21	12	12	16	18	19	11	28	19	9	3	3	11	1	4	3	22
ASV275	15	19	13	22	19	9	18	18	30	8	17	13	35	29	49	30	23	16	14	21	13	18	23	9	17	6	14	13	16	18	23	1	0	3	0	0	1	0	4
ASV300	1	0	0	1	0	0	3	3	4	1	2	2	105	59	39	26	28	25	28	0	29	26	129	0	3	2	1	3	0	30	32	4	0	5	2	0	2	0	0
ASV294	1	0	0	1	0	1	0	0	0	0	0	0	1	0	1	1	4	1	0	0	0	0	0	0	0	0	1	0	0	1	2	196	40	36	24	1	272	4	0
ASV254	0	70	20	30	21	27	32	29	74	30	12	14	18	2	3	1	7	5	2	18	1	2	2	25	40	22	17	25	25	1	3	1	0	0	0	0	0	0	1
ASV282	5	7	6	2	7	4	2	3	5	7	7	4	13	37	51	37	43	46	60	8	54	43	27	4	4	5	11	1	1	32	36	0	0	1	2	0	0	2	1
ASV246	23	7	5	10	3	9	5	8	0	3	0	0	0	0	0	0	0	0	1	6	0	2	0	9	11	7	14	4	9	0	1	71	6	99	55	2	6	127	73
ASV274	6	11	8	15	12	15	5	11	13	16	15	11	12	26	14	15	20	29	29	11	36	24	29	9	14	13	17	13	10	16	15	16	2	22	26	1	8	6	5
ASV283	21	10	16	11	8	13	9	4	4	21	3	1	2	4	5	1	5	6	7	12	5	6	5	13	8	14	4	3	8	3	2	22	82	40	12	14	150	19	3
ASV293	50	22	28	31	19	30	36	34	46	21	22	21	4	6	9	8	13	4	6	19	8	10	4	19	13	26	29	14	15	2	4	0	0	0	1	0	1	0	0
ASV5201	3	16	22	32	36	18	26	32	19	25	20	18	7	6	5	5	2	3	8	24	4	2	4	30	30	26	28	27	20	16	9	9	5	4	11	1	9	5	6
ASV287	102	46	11	10	14	8	10	2	3	19	0	2	0	0	1	0	0	0	1	40	1	0	0	19	12	24	9	5	15	0	0	0	0	1	0	0	0	0	215
ASV269	11	9	7	6	11	2	6	2	4	5	2	1	0	2	2	4	1	1	2	4	3	1	2	13	6	9	8	5	8	1	2	48	2	161	94	0	6	31	86
ASV366	7	12	12	18	16	25	9	10	18	9	17	14	4	10	6	3	4	2	5	18	4	2	0	16	19	15	18	22	17	3	5	57	10	14	58	4	51	3	26
ASV281	4	7	2	0	3	1	1	5	5	3	3	3	7	18	18	37	36	65	57	3	48	52	47	9	8	3	6	4	1	29	54	1	1	4	2	1	3	5	3
ASV273	15	8	12	17	12	24	31	28	65	11	26	37	29	28	30	24	39	28	10	4	10	11	5	3	3	7	8	5	10	3	11	0	0	0	0	1	1	0	1
ASV3779	4	3	0	1	0	0	1	1	0	1	1	1	16	24	27	20	38	27	69	0	64	43	8	0	1	1	0	0	0	60	132	1	3	2	0	1	2	3	2
ASV297	53	33	19	12	8	12	7	19	23	25	5	6	6	11	13	16	11	24	13	33	8	12	7	25	15	12	17	16	12	7	7	13	0	8	7	2	7	24	7
ASV3938	2	7	25	16	21	18	13	18	8	17	15	9	4	18	13	13	19	17	28	13	22	16	17	29	19	9	14	20	11	10	13	10	10	5	12	12	11	15	6
ASV302	75	21	31	24	15	9	23	12	10	26	6	22	17	32	24	7	15	17	4	17	17	11	4	17	14	23	19	14	21	2	4	0	0	0	0	0	1	0	0
ASV335	11	20	17	16	8	17	4	10	12	17	10	11	13	16	26	24	32	18	23	15	32	25	22	18	12	14	20	20	14	23	27	0	0	1	0	0	0	1	2
ASV276	10	13	30	14	42	36	28	30	30	5	47	47	44	3	3	4	5	8	0	10	2	3	4	14	13	20	16	9	27	9	3	2	0	0	0	0	0	5	13
ASV2623	6	15	13	18	21	19	11	19	14	9	28	29	12	15	14	8	7	9	8	28	12	14	15	26	13	13	26	22	22	22	6	7	7	1	10	2	10	3	13
ASV295	39	27	19	12	7	7	13	9	10	23	2	3	5	8	20	7	7	13	9	31	5	7	3	11	8	21	16	13	10	4	1	39	4	27	33	1	17	41	15
ASV5010	0	9	20	16	20	16	9	8	9	22	8	3	7	9	6	6	11	13	14	23	11	17	22	21	15	26	14	15	16	6	13	20	20	4	24	24	22	19	3
ASV263	8	22	18	9	24	20	34	43	26	8	27	91	3	7	2	10	4	7	1	2	1	0	11	8	7	6	13	7	9	33	12	0	0	1	3	1	4	4	54
ASV5744	2	16	21	37	45	37	26	30	32	10	51	48	28	2	1	2	4	1	2	3	0	1	2	8	6	19	21	33	26	4	1	1	0	0	1	0	0	0	19
ASV278	4	0	0	0	1	0	0	0	0	0	0	3	5	27	38	37	61	73	74	1	44	55	54	0	1	0	0	0	0	39	20	0	0	1	0	0	0	0	0
ASV5687	6	13	34	46	47	50	48	38	23	12	45	29	11	3	3	0	1	3	1	8	1	0	1	10	8	10	23	23	23	6	3	0	0	0	0	0	0	0	9
ASV465	7	1	0	0	1	1	0	1	3	2	2	9	17	22	53	49	104	65	47	3	53	24	15	2	3	2	1	0	0	24	22	0	0	0	1	0	0	0	3
ASV285	3	2	0	1	0	0	0	2	2	0	0	0	1	0	0	0	0	0	2	0	0	0	0	1	2	0	0	2	1	0	0	0	3	8	60	417	26	1	0
ASV2809	7	19	12	15	10	9	6	8	10	13	18	24	10	24	21	14	21	13	12	23	19	17	11	16	10	14	18	12	7	36	16	19	6	3	10	2	13	3	9
ASV539	5	18	25	20	19	19	12	17	24	23	19	12	0	0	0	2	0	0	1	19	0	0	0	18	28	37	33	38	33	0	4	1	0	2	1	0	0	2	96
ASV2974	6	9	15	21	10	10	11	9	9	12	7	7	39	20	22	10	13	22	15	12	17	12	18	9	6	11	20	11	10	16	24	16	8	2	14	2	18	20	12
ASV277	11	32	18	10	14	12	13	12	9	21	5	5	3	9	10	19	15	23	13	18	15	15	9	22	14	16	17	18	21	19	22	9	0	20	14	0	1	5	15
ASV306	3	11	19	21	22	29	13	16	13	11	18	26	7	34	8	13	4	10	9	7	19	11	22	13	12	12	16	23	12	12	11	4	1	8	11	1	0	3	39
ASV355	2	1	1	0	3	1	2	1	0	0	0	0	1	2	1	0	0	1	0	1	1	0	0	3	2	3	0	0	1	1	4	124	45	44	26	13	194	38	8
ASV436	5	14	16	9	15	15	13	13	11	50	3	1	2	6	5	8	6	13	3	20	6	8	5	30	14	16	20	23	30	5	8	22	20	4	17	18	39	10	1
ASV353	30	19	11	32	18	14	15	13	24	17	21	26	8	10	6	15	22	10	8	22	9	4	26	27	20	24	22	14	22	6	7	0	0	0	1	0	0	0	0
ASV315	3	0	0	0	0	1	0	2	0	0	1	4	66	119	80	27	26	18	29	0	32	45	23	0	2	0	0	0	0	16	25	0	0	1	0	0	1	0	0
ASV352	7	17	11	3	4	9	6	5	2	11	2	1	0	1	7	4	1	1	1	11	2	3	1	10	6	11	4	3	4	1	2	30	112	31	43	2	90	50	12
ASV260	39	46	32	19	18	12	13	7	11	33	5	2	2	1	2	0	2	2	1	40	3	5	14	29	20	32	29	13	18	1	1	6	9	11	6	22	2	6	4
ASV382	12	22	14	23	19	16	11	21	18	15	13	13	11	21	17	21	0	9	9	43	11	9	33	21	22	26	13	22	9	8	3	1	0	1	0	0	0	1	10
ASV425	33	17	11	13	19	15	15	18	10	9	23	16	6	10	9	6	26	10	4	12	18	8	12	14	15	13	14	16	19	12	78	3	0	4	0	1	0	6	3
ASV342	22	21	19	8	8	6	6	3	2	9	0	0	1	0	0	0	0	0	0	10	1	0	1	13	8	9	5	4	8	0	0	0	5	21	35	291	0	0	0
ASV328	6	48	32	22	30	23	8	14	11	23	7	2	2	4	2	3	0	1	0	27	9	3	1	16	27	21	18	22	23	0	1	14	1	42	21	13	1	3	10
ASV392	9	12	11	13	11	20	15	16	21	15	19	15	11	6	12	7	8	8	8	15	8	13	9	13	20	28	28	21	16	7	3	14	3	10	15	0	17	17	17
ASV334	45	63	16	19	23	26	30	10	11	24	15	6	2	0	0	0	1	1	0	54	0	0	1	30	39	29	21	21	19	0	1	0	0	0	0	0	0	3	0
ASV516	3	19	27	28	28	21	20	26	26	16	26	32	2	9	11	2	2	4	5	16	7	8	15	19	19	20	12	14	13	7	6	3	0	8	11	2	5	5	13
ASV337	2	4	2	2	1	2	0	1	1	0	0	1	1	2	0	0	0	1	0	2	2	2	5	1	1	3	2	1	1	3	3	74	112	37	27	4	11	187	7
ASV284	83	33	28	12	13	11	16	9	4	18	0	0	1	1	0	1	0	1	1	36	0	0	1	42	17	32	27	7	22	0	0	4	9	13	24	10	28	0	0
ASV318	15	6	3	3	1	2	4	7	3	4	1	0	1	1	1	0	1	0	1	1	0	2	0	5	3	5	2	1	2	0	4	4	0	9	8	15	9	11	369
ASV368	13	3	6	6	9	11	2	12	8	7	8	11	21	29	31	41	47	33	31	12	20	25	21	3	8	9	5	9	4	25	12	1	0	7	6	0	1	4	3
ASV323	18	34	16	11	4	16	5	9	6	20	0	1	0	1	2	1	1	0	1	19	0	1	5	23	17	14	18	16	11	0	1	6	54	45	37	76	0	10	4
ASV435	10	16	9	7	11	9	9	8	8	15	7	3	14	9	21	25	35	18	35	13	24	30	5	11	9	9	9	7	9	17	13	17	3	13	18	0	15	10	2
ASV338	19	15	14	20	11	24	15	13	24	10	9	4	17	19	15	21	11	7	1	21	15	8	18	8	13	19	6	33	24	15	27	0	1	4	4	0	17	0	0
ASV272	25	25	44	29	21	40	26	10	12	14	29	5	2	0	0	0	1	0	1	14	0	2	0	36	31	58	28	21	19	0	1	1	0	3	0	0	0	0	0
ASV311	66	20	23	19	16	29	23	17	28	12	13	10	1	6	0	7	2	4	7	34	24	2	13	16	15	13	13	11	21	17	7	0	0	0	0	0	0	0	9
ASV363	1	13	18	28	47	38	45	48	52	12	31	38	9	1	0	1	1	1	1	5	0	0	1	12	10	13	8	21	26	15	0	0	0	0	0	0	0	0	0
ASV1712	14	25	20	25	27	19	20	23	20	27	22	31	0	1	1	0	1	1	0	15	1	0	1	23	23	20	28	37	32	3	0	2	1	0	2	0	1	1	28
ASV361	19	3	2	4	3	0	1	0	4	2	0	0	1	0	0	0	0	1	0	5	0	1	0	4	1	6	4	0	1	0	1	89	163	54	43	62	17	3	1
ASV953	4	1	1	0	0	0	1	1	1	1	1	3	11	19	15	38	37	36	56	2	53	35	20	0	3	0	0	0	0	51	84	0	5	1	1	4	1	4	2
ASV344	5	9	12	24	17	23	31	23	52	4	28	28	4	1	3	11	10	8	5	14	12	1	2	6	27	5	15	19	20	5	2	0	0	8	2	2	11	1	41
ASV331	8	3	2	0	4	0	0	2	2	2	5	4	5	2	6	17	27	34	30	2	48	68	70	2	0	4	3	1	1	45	82	2	0	0	2	1	1	4	1
ASV317	21	13	28	42	67	19	31	31	18	20	12	18	5	5	9	4	3	6	2	16	4	4	6	10	13	17	23	17	15	3	1	0	0	0	0	0	0	0	0
ASV384	15	18	28	12	17	17	14	18	14	18	7	6	8	11	11	11	7	7	6	29	11	12	27	20	11	17	21	13	14	12	7	4	3	1	1	6	6	18	3
ASV373	13	5	11	7	4	7	7	8	7	5	1	4	11	22	20	17	28	17	27	6	27	55	37	5	2	5	2	6	4	35	71	0	0	0	0	0	1	0	0
ASV326	10	14	10	5	3	8	2	3	1	6	4	5	7	5	5	3	3	3	4	7	2	1	1	10	10	10	3	3	7	3	1	31	28	57	20	36	133	10	2
ASV397	28	21	3	7	11	10	11	9	9	8	5	5	37	43	34	2	2	3	5	13	16	15	16	9	8	15	8	8	8	9	6	12	2	45	0	0	12	16	2
ASV308	18	17	19	14	17	14	29	21	15	10	10	7	15	16	12	11	11	5	4	24	11	7	12	17	18	15	17	18	20	10	6	1	0	5	1	0	1	10	14
ASV329	25	8	6	2	2	8	1	7	4	2	1	0	1	1	0	0	1	0	1	2	1	0	0	2	5	2	0	1	3	2	0	30	0	14	19	1	4	305	9
ASV376	3	0	1	2	0	1	0	1	2	1	0	0	7	5	10	29	46	23	42	1	58	97	22	2	2	1	0	4	0	55	51	0	0	0	0	0	0	1	2
ASV348	0	0	0	0	0	0	0	1	0	0	0	0	10	18	32	27	46	34	70	0	58	51	6	0	0	0	0	0	0	46	65	0	0	0	1	0	1	0	0
ASV313	5	12	9	3	1	1	1	2	1	5	1	0	0	0	1	0	0	0	1	6	2	0	0	3	2	6	5	1	8	1	0	69	114	37	26	3	137	1	1
ASV324	18	16	9	11	12	12	19	15	14	14	5	6	3	9	8	9	8	5	4	13	4	0	4	16	12	21	24	13	9	0	5	14	0	52	36	0	6	13	26
ASV325	26	20	23	30	18	24	39	22	36	8	16	18	1	1	8	4	4	9	1	16	5	4	4	18	31	24	13	26	15	0	0	0	0	0	0	0	0	0	1
ASV447	5	13	5	6	10	13	5	6	8	10	9	3	5	19	5	10	10	10	10	16	10	11	12	13	13	10	13	7	13	10	16	4	35	31	19	58	7	2	1
ASV359	1	32	32	21	25	19	34	35	12	16	16	11	4	1	1	3	0	2	1	22	1	1	8	14	20	23	35	31	21	1	0	0	0	5	2	0	0	1	11
ASV321	5	8	6	8	6	5	3	2	6	8	1	0	0	0	1	1	2	0	0	9	1	2	9	8	5	9	7	0	4	0	5	26	60	51	49	59	10	79	6
ASV372	19	8	2	1	1	3	3	4	3	4	2	0	1	1	2	0	2	2	0	6	1	2	0	4	7	6	4	1	2	0	1	69	25	40	68	61	0	79	25
ASV383	6	5	2	4	0	2	0	0	1	5	1	1	0	0	0	0	0	0	1	4	0	0	0	3	6	6	3	6	3	3	0	116	29	82	67	2	67	26	6
ASV301	3	2	0	3	0	0	0	0	1	0	1	3	8	11	19	36	94	78	34	2	60	38	19	2	0	1	0	0	0	21	18	1	0	0	1	0	0	0	0
ASV377	24	17	26	27	17	19	34	13	22	18	14	22	0	1	0	1	7	3	0	12	2	0	2	12	24	31	23	19	17	0	2	0	0	0	0	0	1	0	44
ASV823	2	9	12	6	11	15	12	7	15	7	16	3	17	23	22	14	9	17	20	13	15	25	24	7	8	15	23	13	11	12	16	1	1	2	11	3	5	5	7
ASV349	20	17	16	9	11	19	9	2	9	17	1	2	0	2	2	1	2	1	2	20	3	1	0	16	10	18	18	8	4	1	3	17	61	34	23	25	25	19	5
ASV1112	34	8	8	7	0	3	1	0	0	9	0	0	0	1	0	0	0	0	0	9	0	1	0	14	8	7	7	5	1	1	0	37	60	5	68	99	3	38	16
ASV3716	0	0	0	0	0	0	0	0	0	0	0	0	15	18	14	12	43	25	62	1	72	39	10	0	0	0	0	0	0	30	97	0	2	0	0	1	6	2	1
ASV379	4	5	5	7	2	2	8	6	4	4	7	12	22	36	28	37	23	29	23	5	23	12	17	4	8	9	7	4	5	41	34	2	1	1	3	0	3	7	0
ASV4983	1	20	14	11	14	15	10	16	11	16	16	19	12	5	9	7	4	3	5	14	8	5	7	18	12	15	15	13	21	19	9	6	10	2	11	6	25	13	13
ASV345	11	12	11	16	13	16	9	10	31	7	13	6	17	22	15	15	6	8	9	18	11	13	20	13	10	18	16	15	10	7	6	4	0	22	12	0	2	2	2
ASV2915	0	7	21	36	34	22	31	32	21	15	19	12	26	1	0	0	2	2	1	10	2	0	2	9	9	17	15	39	31	8	6	1	0	2	1	1	0	1	11
ASV327	8	19	4	20	16	47	41	29	27	3	16	32	8	3	2	6	6	2	1	13	2	1	0	23	8	8	7	11	14	60	7	1	0	0	0	0	0	0	2
ASV354	1	0	0	0	1	0	1	0	1	1	1	1	5	8	13	15	41	37	56	2	40	39	16	0	0	1	1	1	0	57	96	0	0	1	0	0	0	9	1
ASV375	9	14	22	22	18	14	19	19	10	21	17	13	3	10	10	10	6	6	5	41	4	4	14	22	13	12	7	17	21	2	0	12	0	19	2	0	1	1	6
ASV404	2	18	26	23	38	25	48	28	28	5	28	42	2	0	0	1	3	3	0	8	0	0	2	6	10	11	26	28	25	10	0	0	0	0	0	0	0	0	0
ASV378	6	1	0	0	2	4	3	0	7	3	7	4	16	22	19	40	44	39	34	5	48	39	9	0	5	3	2	3	0	46	28	0	0	0	0	0	0	0	0
ASV320	27	7	5	4	7	4	1	7	20	7	12	9	8	7	13	17	24	28	21	8	21	29	41	4	5	4	3	5	5	14	16	3	0	15	8	0	1	18	10
ASV411	49	20	38	16	14	17	27	11	27	17	33	10	6	2	5	7	4	5	0	12	3	4	6	17	13	21	15	18	13	1	1	1	0	0	0	0	0	0	0
ASV482	1	6	5	1	6	3	6	6	6	4	4	13	39	41	40	33	15	26	15	6	21	24	37	7	5	8	4	5	6	18	10	2	0	0	0	0	0	1	9
ASV350	73	45	18	15	9	12	17	4	2	18	0	1	0	0	0	1	0	0	0	36	0	0	1	39	34	28	24	9	8	1	0	0	1	6	17	13	0	0	0
ASV656	0	0	2	0	0	0	0	1	0	0	0	0	32	31	22	11	91	18	87	1	43	30	4	0	0	0	0	0	0	23	32	1	0	0	0	0	3	0	0
ASV299	21	2	6	2	3	3	3	2	3	1	0	2	11	18	16	35	45	68	60	5	48	34	7	1	2	1	4	4	3	6	5	0	0	5	2	0	0	1	1
ASV340	6	16	20	13	22	19	11	9	18	15	16	15	8	10	14	7	3	8	6	18	14	9	16	21	17	14	23	18	14	2	5	1	0	2	2	0	0	5	13
ASV389	20	9	15	12	8	6	2	10	18	12	14	7	11	19	19	22	17	21	14	7	24	24	22	7	9	11	8	13	6	13	9	4	0	6	4	0	1	2	2
ASV437	51	14	2	3	1	3	8	2	1	8	2	1	1	1	1	9	4	3	9	10	8	4	6	8	7	7	6	4	4	4	2	44	45	15	13	5	26	83	3
ASV671	5	8	21	26	23	12	13	16	8	6	22	11	1	0	0	0	0	0	0	7	0	0	1	17	16	19	21	22	28	1	1	1	0	0	0	0	0	0	118
ASV319	0	6	17	17	11	16	14	18	18	21	4	5	7	12	7	5	14	15	17	13	10	18	11	8	15	25	5	17	10	3	5	0	6	17	6	22	3	1	4
ASV374	27	8	13	9	14	6	11	28	44	5	32	12	20	22	46	13	16	5	2	5	14	8	11	7	3	11	7	8	6	0	4	4	0	1	1	0	0	0	0
ASV386	5	21	16	9	11	13	7	15	11	14	10	10	14	25	12	15	8	15	8	14	9	15	7	13	9	13	21	14	8	7	7	5	2	14	9	0	3	2	9
ASV391	2	4	2	4	2	2	2	1	0	4	2	0	55	75	31	41	6	28	18	2	21	24	42	2	4	0	2	1	2	15	23	0	0	0	0	0	0	0	3
ASV424	13	8	11	11	6	6	10	4	11	0	12	4	8	13	1	5	6	5	4	8	2	3	3	14	6	11	10	5	9	11	3	25	22	37	21	14	60	10	8
ASV401	33	18	8	11	9	13	11	9	11	15	6	4	28	25	22	2	5	5	2	12	11	5	21	9	16	23	8	10	15	12	8	2	1	0	1	0	28	0	0
ASV860	3	5	19	26	17	18	14	19	15	6	18	12	0	1	2	0	0	0	0	7	1	1	0	19	21	25	22	27	27	3	3	1	0	0	1	0	0	1	83
ASV333	153	23	18	5	17	16	8	4	2	24	1	0	1	0	0	0	0	0	1	23	0	0	2	38	23	23	20	3	11	0	0	0	0	0	0	0	0	0	0
ASV5690	0	0	1	0	0	0	0	0	0	0	0	0	4	1	11	26	32	26	39	0	62	39	1	0	0	2	0	1	0	43	110	2	1	2	1	1	7	2	1
ASV370	8	13	12	17	18	20	12	10	13	16	16	13	8	11	8	4	6	3	9	18	5	6	11	6	18	17	22	20	21	5	4	5	1	8	9	0	2	7	9
ASV439	12	6	6	5	6	3	4	5	0	7	4	3	1	1	4	3	3	4	1	12	2	4	1	3	5	8	7	7	1	4	4	18	47	33	5	12	144	13	3
ASV1358	7	19	14	14	9	13	5	7	10	13	7	9	2	1	0	3	2	2	0	18	1	1	2	16	18	9	23	13	13	0	2	30	36	6	34	20	18	9	4
ASV681	22	11	12	15	17	13	22	14	22	8	64	73	5	6	6	3	7	3	2	11	3	3	0	13	7	10	6	11	12	0	2	0	0	0	0	0	0	0	6
ASV358	22	21	13	10	11	16	24	10	10	12	42	39	3	14	9	14	3	7	6	14	9	11	6	12	2	13	9	8	14	7	9	0	0	2	0	1	0	3	1
ASV2552	0	18	13	22	30	27	22	31	13	13	30	24	17	3	4	3	3	1	0	13	2	1	0	11	6	12	11	35	25	6	4	0	0	0	0	0	0	0	6
ASV346	2	10	21	14	20	22	18	16	17	15	21	12	9	14	0	7	3	3	2	12	7	6	19	20	21	21	23	15	19	3	2	0	0	1	3	0	1	2	5
ASV406	9	3	2	3	2	2	4	3	1	0	0	0	0	0	1	0	0	0	3	4	0	0	0	2	3	5	4	2	3	1	3	82	13	23	13	8	174	17	15
ASV490	7	12	21	13	15	18	19	17	11	15	14	9	1	2	1	0	1	1	1	16	1	0	3	16	12	23	19	10	24	1	4	8	2	1	8	1	22	1	55
ASV388	45	35	18	18	13	23	13	15	10	25	13	6	0	0	0	0	3	0	0	45	0	0	2	10	29	20	12	19	15	1	12	0	0	0	0	0	0	1	1
ASV393	12	9	7	6	4	7	7	1	13	8	8	8	16	25	33	28	24	25	19	8	14	21	10	5	7	3	6	7	4	20	14	3	0	6	5	0	0	3	8
ASV360	19	12	6	8	3	9	3	6	9	14	2	2	1	0	3	1	3	0	0	19	0	0	1	9	14	9	7	5	11	1	1	7	81	39	35	61	2	0	0
ASV365	1	1	3	4	5	2	2	4	5	3	1	0	17	33	26	25	14	18	28	2	29	28	96	0	4	5	2	3	3	7	24	2	0	4	0	0	0	1	1
ASV407	0	16	30	23	20	30	19	16	11	12	9	11	1	3	2	1	0	1	0	18	2	2	5	9	17	21	24	22	27	0	0	8	0	28	12	0	0	2	1
ASV1774	6	11	9	18	10	15	7	7	16	16	12	11	7	14	14	9	11	8	8	17	12	11	14	15	11	10	13	9	10	16	14	12	0	1	10	0	3	5	10
ASV409	2	4	7	3	1	2	2	1	1	4	1	0	12	12	18	20	15	27	26	2	27	42	29	5	0	3	4	2	2	21	32	8	15	12	8	4	21	7	0
ASV362	23	21	33	20	22	25	42	34	27	18	8	11	0	0	1	0	0	0	0	14	0	0	0	18	8	15	22	16	22	0	0	0	0	1	0	0	0	0	0
ASV304	60	15	10	7	7	4	6	3	3	6	3	0	0	0	0	0	1	0	0	12	1	2	1	13	14	14	8	5	5	1	0	14	65	34	20	60	0	0	6
ASV339	15	4	6	3	0	4	4	8	23	5	4	8	18	14	27	29	27	37	20	2	4	5	7	4	5	7	1	2	3	18	43	0	0	19	0	3	5	13	3
ASV432	7	1	2	3	4	2	2	1	3	2	3	0	5	8	13	5	4	14	7	3	15	16	5	9	5	5	9	3	4	15	33	8	0	9	4	0	38	102	30
ASV597	1	4	2	10	5	3	5	3	2	9	3	4	11	15	25	24	14	19	37	6	20	40	25	7	2	4	4	5	7	15	17	10	7	7	6	6	7	7	0
ASV4257	3	11	8	7	6	9	15	5	4	11	13	13	4	0	5	4	1	2	2	16	2	2	8	14	12	16	14	10	9	3	4	23	29	5	19	34	26	13	13
ASV380	20	16	30	26	21	17	35	32	21	17	10	7	0	0	2	1	3	0	1	21	1	0	1	23	16	13	26	14	16	1	0	0	0	1	0	0	0	0	1
ASV343	1	4	0	0	1	1	1	0	0	2	0	0	0	0	0	0	0	0	0	1	0	0	0	0	1	0	0	3	2	0	0	3	146	84	72	68	0	0	1
ASV544	28	12	10	18	15	22	10	12	19	12	12	9	9	9	23	15	15	12	8	10	2	13	4	3	10	11	9	6	9	11	32	0	0	0	0	0	0	0	1
ASV2208	3	10	10	16	16	23	3	8	11	12	17	29	2	6	9	3	4	0	2	14	3	4	7	16	17	19	14	17	15	10	8	1	1	1	19	0	21	7	12
ASV461	4	15	9	9	10	6	9	13	17	9	13	6	12	10	7	11	14	15	18	8	14	6	12	12	8	12	13	8	11	5	7	13	0	11	8	1	3	7	23
ASV351	3	2	0	0	0	1	1	0	0	0	0	0	0	0	0	0	0	1	0	2	0	1	0	0	1	0	1	0	0	1	0	0	105	36	10	222	0	1	0
ASV396	15	3	10	5	6	1	6	5	10	0	12	7	19	17	24	27	37	33	29	4	23	20	27	10	2	11	3	0	2	1	2	3	0	9	4	0	0	0	1
ASV475	4	7	8	5	6	4	8	2	12	5	15	16	29	34	33	26	25	24	28	6	7	5	11	3	6	4	6	8	6	23	9	0	0	0	0	0	0	1	1
ASV369	6	37	25	14	20	11	10	14	2	21	4	1	0	2	0	0	0	0	0	25	0	2	3	21	16	11	15	6	19	0	0	2	17	23	16	37	2	1	3
ASV332	8	11	16	18	12	13	13	5	11	16	4	1	1	2	2	2	2	1	0	17	2	1	1	21	7	21	20	9	6	0	0	27	1	51	21	0	7	4	31
ASV1015	4	8	6	18	10	12	11	9	15	10	12	11	6	12	8	7	4	7	5	7	7	4	9	12	12	10	14	12	11	5	8	18	4	2	29	0	27	5	11
ASV364	12	26	11	6	9	10	3	6	0	10	0	0	0	0	0	1	1	1	0	15	0	0	0	10	12	9	11	2	7	0	0	5	2	6	31	169	4	2	0
ASV427	12	21	11	11	7	13	8	5	3	9	5	0	6	1	4	4	6	8	10	9	24	9	10	12	9	18	12	9	6	8	7	14	19	19	18	5	19	5	3
ASV430	14	24	15	14	10	7	10	12	9	12	10	4	0	4	7	7	8	3	14	17	5	7	5	14	19	17	15	11	9	5	7	7	2	8	6	1	25	14	1
ASV398	12	20	18	8	11	9	5	7	3	8	2	1	1	0	2	0	1	1	1	20	1	1	3	7	10	21	15	9	6	0	1	9	26	33	47	25	0	30	4
ASV456	16	19	14	11	8	10	5	8	6	9	4	4	4	1	3	2	3	1	2	12	1	3	5	9	15	11	8	10	7	4	3	4	42	27	9	43	25	7	3
ASV385	4	3	2	2	2	2	4	2	0	2	3	2	4	8	16	25	18	39	35	4	46	39	33	0	2	2	2	2	0	19	33	0	1	2	2	14	0	2	0
ASV508	1	4	4	1	1	3	1	1	0	0	1	0	6	25	21	37	33	22	60	6	27	32	12	1	3	1	2	1	2	16	23	5	4	1	0	1	6	11	0
ASV1338	2	17	10	25	12	27	10	11	9	19	16	17	2	4	2	1	0	0	0	20	3	2	0	22	23	18	19	16	16	0	6	6	0	3	14	0	2	2	18
ASV640	2	6	7	4	2	3	2	5	8	4	10	4	23	35	29	23	17	19	32	7	31	28	7	4	1	2	4	4	5	17	15	2	1	0	4	1	3	1	2
ASV2291	20	7	13	16	18	17	16	11	7	10	5	3	2	3	2	1	2	3	3	13	3	1	3	14	46	17	17	15	15	44	0	0	0	1	0	1	17	3	3
ASV414	11	7	4	4	7	6	2	11	19	4	10	5	12	17	16	17	16	9	8	4	11	11	7	6	6	3	2	5	4	5	9	15	4	33	26	0	4	7	25
ASV1152	19	10	6	7	8	16	5	13	4	4	6	7	13	17	22	21	11	12	15	14	30	7	7	14	11	13	3	9	8	11	11	8	0	1	2	0	1	1	4
ASV1002	5	16	10	10	15	11	8	10	2	12	13	12	2	10	9	8	10	4	12	12	20	15	12	10	11	13	11	11	3	11	5	14	6	2	12	7	8	5	3
ASV390	71	12	4	2	1	8	7	7	8	15	4	3	12	7	6	4	7	15	7	16	11	9	5	12	6	8	4	7	5	3	3	6	1	19	6	0	3	30	16
ASV587	7	7	4	7	10	7	12	9	6	8	7	1	8	16	23	20	15	16	25	5	30	12	12	8	7	5	4	8	7	15	12	6	1	7	10	0	0	3	10
ASV417	5	2	1	2	2	2	2	5	10	4	12	9	13	3	33	19	71	30	35	7	49	16	12	2	4	4	3	3	0	3	4	0	0	1	0	1	0	0	0
ASV560	13	7	8	1	2	1	4	5	6	4	1	4	6	10	0	2	2	2	5	10	1	5	2	8	5	7	2	3	3	4	2	0	1	0	0	0	215	3	14
ASV2486	6	13	11	15	15	12	8	8	9	10	16	25	0	5	3	1	1	1	0	14	3	0	2	13	17	10	11	22	19	8	5	6	4	2	22	4	23	2	21
ASV466	10	4	6	1	3	4	3	10	10	3	0	2	13	24	35	37	31	22	23	5	21	24	11	2	2	5	2	1	3	19	19	2	1	0	4	0	0	2	2
ASV1132	5	11	9	15	12	10	5	7	5	12	13	12	2	7	3	5	3	3	3	12	8	3	2	10	10	9	6	11	6	5	6	23	11	3	31	4	44	8	11
ASV2850	3	15	9	16	11	15	7	10	10	12	15	14	6	7	13	9	6	2	7	10	12	11	10	14	9	8	13	13	4	10	6	3	11	1	9	10	16	2	5
ASV1092	2	14	7	13	12	17	5	12	10	14	17	21	3	4	8	4	2	2	5	17	3	4	4	17	8	17	15	19	16	5	5	11	7	0	8	11	7	12	5
ASV463	19	7	11	13	17	18	11	16	29	6	28	28	9	6	9	21	7	9	4	9	3	7	6	6	10	4	15	10	9	1	1	0	0	0	0	0	0	0	14
ASV416	9	37	22	14	21	18	27	12	9	30	5	4	0	0	0	1	0	0	0	27	0	0	0	29	29	26	18	9	14	0	0	0	0	0	0	0	0	0	0
ASV438	11	11	14	8	15	12	4	16	36	9	18	11	12	7	8	8	7	7	5	5	4	3	1	7	6	9	9	6	10	2	1	0	0	0	0	0	2	8	69
ASV381	0	0	0	0	0	0	0	0	0	0	0	0	0	0	0	0	0	0	0	0	0	0	0	0	0	0	0	0	0	0	0	1	64	25	22	247	0	0	0
ASV464	1	4	9	8	9	7	5	6	4	6	8	3	6	10	4	8	6	11	6	5	3	5	6	4	12	5	9	5	4	2	2	23	8	56	24	2	45	9	9
ASV419	15	3	3	3	4	1	7	1	5	4	10	6	13	6	9	27	41	33	30	5	17	19	21	3	6	4	2	8	5	19	23	0	0	0	1	0	0	0	4
ASV408	12	11	6	0	1	5	3	5	4	10	4	7	8	1	13	20	27	15	29	11	23	18	8	10	7	6	7	4	1	10	30	1	1	6	2	8	12	10	1
ASV371	18	7	7	9	4	5	1	3	0	4	0	0	0	0	0	0	0	0	1	14	0	0	0	9	8	8	7	5	3	0	0	12	39	74	36	67	15	0	0
ASV1073	5	12	10	18	15	15	7	10	10	16	15	14	6	2	8	9	5	1	4	18	6	5	4	16	14	12	18	10	17	5	5	7	0	0	10	0	2	11	12
ASV1161	2	14	5	11	12	13	3	7	7	11	5	9	4	4	4	3	1	4	3	10	3	6	4	15	11	10	9	16	10	5	5	26	14	9	28	1	24	12	14
ASV410	7	24	26	18	18	14	11	18	17	24	13	7	6	4	3	4	1	3	1	15	0	3	7	11	13	14	15	16	23	4	1	0	0	2	2	0	0	5	4
ASV420	6	9	6	7	5	7	2	7	6	6	5	2	23	16	21	20	9	13	14	5	15	14	41	4	9	4	6	4	4	1	2	10	4	18	16	1	2	5	5
ASV481	12	1	3	1	1	1	1	1	0	2	1	0	1	1	0	0	1	0	0	6	0	0	1	2	1	7	1	0	1	1	2	1	110	7	8	5	162	0	12
ASV592	4	11	4	7	2	10	5	3	4	6	10	10	2	3	6	3	5	4	3	16	8	4	4	14	10	9	9	5	5	5	3	22	16	4	15	6	83	7	7
ASV3576	4	6	7	12	13	15	6	5	8	6	4	10	4	7	11	6	2	2	7	5	2	5	5	7	12	11	9	7	7	5	2	19	20	6	15	3	62	11	5
ASV426	11	3	5	3	1	2	4	3	3	3	5	3	16	33	45	38	28	29	19	5	10	12	8	1	3	5	4	4	3	13	12	3	0	9	4	0	1	0	2
ASV3236	6	8	5	2	9	4	7	3	6	1	31	15	13	31	18	17	14	15	21	6	21	22	13	7	5	8	3	5	5	16	8	1	0	0	1	0	0	0	5
ASV413	12	17	13	8	6	22	11	10	11	4	13	15	6	6	9	3	2	9	3	8	5	5	5	6	7	11	10	7	6	1	2	6	9	32	10	33	0	1	8
ASV405	9	6	2	1	2	2	1	1	2	3	0	1	2	2	0	1	1	5	5	5	5	15	58	4	5	5	3	4	1	3	4	22	29	25	7	2	6	94	8
ASV399	6	4	1	0	1	2	1	3	1	0	0	3	11	23	36	23	33	29	42	1	23	28	28	1	4	0	2	2	1	22	17	0	0	0	1	0	0	0	0
ASV402	8	4	3	5	5	1	1	7	6	8	13	5	25	45	36	26	9	14	10	2	11	14	6	2	5	3	3	4	3	6	9	1	0	24	5	0	0	2	18
ASV400	14	6	6	3	3	7	3	2	6	5	0	2	0	2	1	0	0	2	0	8	0	1	3	9	6	13	5	5	6	0	0	29	69	38	25	32	8	27	1
ASV421	5	12	12	13	16	15	17	15	11	11	6	14	8	7	3	4	1	3	3	10	5	7	6	8	7	15	13	22	14	27	6	2	0	12	3	1	5	5	3
ASV735	2	12	7	10	13	8	4	12	9	11	8	2	16	15	16	9	8	14	15	14	20	6	14	6	9	8	5	5	7	6	12	4	1	2	7	0	12	9	9
ASV960	2	10	10	12	10	14	7	9	3	6	4	5	2	10	14	4	3	6	6	7	7	7	6	9	9	4	11	9	11	5	6	33	4	7	25	1	29	6	14
ASV422	16	15	10	11	9	10	12	11	4	9	4	13	30	29	15	4	5	3	1	19	4	6	41	5	11	13	5	11	6	7	1	0	0	1	0	0	0	0	4
ASV467	6	11	8	6	12	6	3	3	9	11	3	4	7	24	17	15	15	28	25	4	24	24	18	2	6	1	6	6	3	16	19	0	0	1	0	0	0	0	2
ASV5825	0	0	0	0	0	0	0	0	0	0	1	2	18	31	26	47	39	24	25	0	48	36	26	0	0	0	0	0	0	8	11	1	0	0	0	0	1	1	0
ASV1030	6	13	4	10	9	8	6	8	3	14	9	4	2	3	6	5	2	5	3	14	3	2	18	12	13	11	6	16	15	5	10	15	22	5	20	12	14	9	2
ASV444	36	7	8	2	9	3	5	11	9	8	3	3	3	12	11	11	19	17	19	3	15	14	9	5	11	7	1	3	9	7	8	8	0	8	4	0	2	26	8
ASV403	7	16	17	24	8	18	20	24	39	12	16	16	10	4	6	0	1	6	0	16	1	2	2	10	9	14	13	13	6	0	3	1	0	0	2	0	0	0	7
ASV497	13	2	2	0	2	1	5	8	7	0	13	5	18	18	14	13	57	29	37	2	3	31	12	3	0	0	1	1	5	10	30	0	0	0	0	0	0	0	1
ASV606	6	1	14	20	18	13	5	10	3	5	13	6	0	0	0	0	0	1	0	5	1	0	0	11	10	18	30	21	19	4	0	1	0	0	1	0	0	0	107
ASV394	3	32	15	18	15	16	27	19	15	29	5	7	0	0	0	1	0	2	0	19	1	1	1	23	16	14	13	27	22	0	0	1	0	0	0	0	0	0	0
ASV4229	1	12	11	14	12	12	7	5	9	11	9	5	0	3	5	2	3	2	1	13	4	3	4	11	13	12	12	13	14	3	2	17	16	3	9	5	35	13	15
ASV468	9	14	7	9	4	1	6	5	3	11	1	3	6	11	8	16	18	24	32	9	36	20	19	9	10	10	5	3	4	12	15	0	0	0	0	0	0	1	0
ASV1449	3	17	6	6	4	11	4	5	6	4	4	4	6	18	13	17	11	13	10	10	18	12	4	11	4	7	3	9	3	7	12	3	17	2	6	8	20	19	3
ASV451	11	7	10	5	6	14	17	19	20	1	16	19	10	8	24	6	6	6	9	3	8	4	2	4	10	9	2	7	5	27	13	0	0	7	4	0	0	0	21
ASV652	1	1	1	2	5	3	3	2	8	0	6	2	8	14	16	21	24	12	26	2	9	10	0	0	3	2	1	3	0	99	38	0	0	0	0	0	0	1	17
ASV412	18	6	8	2	4	7	9	4	1	13	2	4	3	10	6	7	7	6	5	7	8	7	1	7	8	9	5	8	5	2	6	23	7	36	14	0	16	36	12
ASV434	7	16	19	12	17	16	18	20	13	12	11	6	6	6	6	0	2	8	8	6	4	2	6	16	11	18	16	12	10	4	5	2	0	2	5	0	0	6	10
ASV836	7	3	1	2	0	1	1	1	0	2	0	0	12	7	7	6	12	3	17	1	16	9	3	2	2	0	1	2	4	9	18	20	9	28	39	1	27	22	43
ASV458	7	16	11	5	4	6	8	2	2	3	2	2	2	5	1	2	3	1	1	13	4	1	0	7	11	6	3	5	6	1	2	11	42	54	36	22	14	12	4
ASV513	9	16	23	21	12	13	28	17	8	34	6	2	0	0	1	0	0	0	0	24	0	0	0	25	21	23	24	13	17	0	0	0	0	0	0	0	0	0	0
ASV479	4	10	5	2	3	6	1	2	4	1	0	1	1	1	0	4	0	0	1	6	1	2	0	4	7	5	4	3	2	0	0	66	19	51	40	0	58	16	6
ASV566	6	8	5	5	5	1	1	4	6	5	5	1	2	2	5	2	3	5	4	4	7	6	0	4	7	8	6	6	4	1	1	47	20	38	20	13	51	8	10
ASV1182	6	3	1	1	3	2	1	1	1	3	1	2	3	6	11	10	28	23	29	4	29	16	6	4	5	4	3	2	0	14	16	16	20	8	10	15	8	13	7
ASV506	7	2	1	3	0	0	1	3	0	3	0	0	1	0	1	1	0	1	0	0	0	0	1	2	3	1	0	0	1	1	0	77	51	35	24	4	35	39	37
ASV4509	5	7	18	21	24	14	12	14	6	9	28	22	1	2	1	1	0	1	0	8	0	3	1	14	13	18	13	10	15	10	3	10	4	3	5	4	4	3	7
ASV454	16	13	3	3	4	1	7	3	0	4	2	2	1	5	2	7	16	12	21	2	15	18	7	5	13	7	7	5	4	4	13	17	3	18	14	33	1	22	4
ASV459	17	13	10	4	5	3	3	7	4	16	1	2	2	0	2	0	0	0	2	16	0	0	2	9	10	7	7	4	4	2	2	20	38	20	11	5	4	77	5
ASV505	13	1	3	3	0	3	4	3	11	2	4	4	24	34	23	10	18	12	28	0	11	20	25	2	3	0	0	1	2	15	51	1	0	0	1	0	0	1	1
ASV557	26	4	1	8	2	3	8	9	7	7	7	18	7	2	9	25	32	7	22	4	3	22	14	3	5	6	5	6	8	33	21	0	0	0	0	0	0	0	0
ASV775	33	23	9	12	9	13	12	5	1	7	5	4	0	0	0	1	1	0	0	29	0	1	1	13	25	19	10	7	10	2	71	0	0	0	0	0	0	1	9
ASV3869	3	14	15	15	14	15	7	14	10	8	22	13	3	5	6	7	4	6	8	11	6	8	3	11	10	11	8	8	14	7	3	10	1	1	15	0	1	0	15
ASV469	3	13	6	13	10	15	4	5	9	9	6	7	11	13	16	9	16	11	16	10	15	13	11	11	7	7	9	10	6	9	5	2	1	3	2	5	3	8	3
ASV2124	12	16	11	17	24	14	22	15	6	11	19	14	2	3	6	1	3	0	2	11	3	3	2	6	8	15	21	23	12	10	3	3	0	2	9	0	0	0	2
ASV423	12	10	4	1	3	8	5	5	3	6	2	1	0	0	0	0	0	2	0	9	0	0	0	7	4	2	4	2	3	0	0	30	27	28	11	113	26	3	0
ASV635	35	15	12	13	6	11	12	10	20	15	12	7	7	17	15	3	7	3	3	10	10	4	2	22	11	13	11	7	8	0	3	0	0	0	0	0	6	0	0
ASV1594	2	8	3	6	10	2	12	3	6	6	7	6	10	25	11	15	12	22	7	7	14	10	17	3	6	6	5	8	4	17	7	13	1	0	5	1	12	10	10
ASV498	0	1	1	1	0	0	0	1	0	0	0	0	5	19	2	26	14	46	8	0	51	29	35	0	1	0	0	0	0	74	13	0	0	1	0	0	1	0	0
ASV480	0	0	0	0	0	1	0	0	0	0	0	0	0	0	0	0	0	0	1	1	1	1	1	1	0	0	0	0	1	2	0	35	41	20	8	2	210	1	0
ASV893	0	3	4	13	8	4	8	5	6	5	3	4	13	14	13	15	10	9	6	5	13	14	11	2	7	2	2	6	3	19	20	6	8	3	11	2	27	16	7
ASV486	2	4	4	1	3	2	7	11	9	10	30	34	171	1	0	1	2	2	2	2	5	0	2	4	2	1	1	2	3	1	1	0	1	0	0	0	1	2	2
ASV510	22	8	8	6	4	6	6	3	6	4	2	2	7	14	13	12	14	17	14	11	8	14	10	4	3	9	2	5	7	8	11	10	4	4	10	2	2	23	11
ASV429	8	11	13	14	9	9	15	37	10	6	8	5	2	1	0	0	1	2	0	5	2	0	1	13	70	31	10	16	20	1	2	0	0	0	0	0	0	0	3
ASV395	36	5	2	5	4	0	5	4	3	4	0	0	1	3	7	1	2	6	4	10	3	6	7	8	3	5	3	0	2	0	2	24	2	26	20	0	6	95	10
ASV415	8	10	3	2	6	2	6	9	5	2	1	2	16	20	23	19	17	29	26	8	16	6	10	5	5	4	7	6	4	8	7	0	2	6	0	0	11	5	8
ASV1287	6	1	0	0	0	1	0	0	0	0	0	1	10	6	7	28	15	19	27	0	36	42	3	1	0	0	0	0	1	26	87	1	0	0	0	0	0	0	5
ASV4085	4	8	11	20	19	19	11	11	12	9	11	9	0	0	0	0	0	0	0	8	1	0	0	9	21	21	25	34	23	1	0	1	0	0	0	0	0	0	35
ASV586	9	18	13	11	13	12	11	9	24	6	13	9	7	6	9	7	0	3	3	11	2	3	5	13	7	12	10	8	7	21	28	0	0	0	0	0	0	0	13
ASV428	4	14	6	9	5	2	4	4	6	4	4	4	10	17	18	17	19	12	15	10	12	31	25	10	6	11	9	2	5	10	16	0	0	0	0	1	0	0	0
ASV470	14	14	17	6	15	8	5	13	13	10	18	19	3	18	21	8	4	7	7	4	7	13	5	10	9	13	6	8	6	5	7	3	0	2	0	0	0	2	1
ASV531	14	24	16	4	13	6	7	8	9	15	3	3	3	10	10	14	8	12	7	22	12	5	5	13	14	12	12	6	9	2	4	0	0	7	5	0	0	6	1
ASV828	4	15	8	6	11	6	7	5	4	15	5	3	5	4	2	6	5	6	4	14	10	9	6	13	7	11	13	12	8	9	20	7	10	1	6	14	15	11	4
ASV547	11	8	3	1	2	4	3	1	3	5	4	8	11	25	14	14	17	3	6	6	11	27	24	4	6	2	2	2	1	40	33	9	4	2	0	0	4	0	0
ASV1492	3	21	14	6	8	7	9	3	5	14	5	1	0	0	0	0	0	0	0	12	0	0	0	19	13	5	16	10	11	0	0	31	42	4	34	7	12	5	2
ASV431	6	2	0	1	0	1	3	1	0	3	1	0	2	0	0	1	1	0	2	3	2	0	0	0	1	0	2	0	1	0	1	0	21	94	54	116	0	0	0
ASV600	1	9	19	11	6	12	9	11	2	20	9	7	8	8	12	13	1	3	1	14	4	9	13	18	12	12	19	7	7	12	0	2	0	11	6	0	1	1	8
ASV499	0	1	6	0	3	2	5	2	7	1	58	76	20	32	17	3	12	7	3	5	10	10	25	1	0	1	0	1	1	2	5	0	0	0	0	0	0	1	0
ASV501	6	23	11	5	13	13	9	7	5	17	3	3	2	1	3	5	1	2	2	16	2	1	3	23	20	17	16	8	19	1	1	3	1	19	12	0	2	12	10
ASV387	16	8	18	10	6	12	10	6	5	7	10	12	11	3	7	6	7	9	7	10	18	9	2	12	5	10	18	8	10	16	10	4	1	2	0	0	1	2	8
ASV528	21	11	12	10	5	10	8	2	4	6	2	4	4	6	8	9	11	15	15	12	8	8	7	10	14	13	18	4	9	7	9	0	3	2	0	0	19	10	0
ASV460	8	12	11	11	16	10	13	17	9	13	13	9	5	6	9	8	12	5	10	6	6	4	11	12	11	15	3	3	6	5	5	3	1	11	5	0	0	3	8
ASV621	8	5	1	6	1	0	3	4	7	3	13	7	26	27	22	26	32	44	17	2	15	7	10	8	3	2	2	2	2	5	2	1	0	1	0	0	0	1	0
ASV484	30	17	24	21	12	11	14	7	5	28	3	0	1	9	1	0	0	3	0	12	2	1	2	27	11	28	15	11	16	1	0	0	0	0	0	0	2	0	0
ASV500	3	14	12	10	21	25	21	16	8	7	9	8	5	8	2	5	1	4	5	10	2	7	9	13	20	13	14	5	10	2	0	3	0	9	3	0	0	0	9
ASV517	4	4	4	2	3	1	5	5	6	0	5	7	22	22	31	40	26	28	13	1	7	11	13	1	4	0	3	6	4	25	8	0	1	0	0	0	0	0	0
ASV552	2	4	14	1	2	2	3	7	2	3	3	0	3	6	5	21	20	22	29	10	24	18	11	4	2	2	4	2	3	1	18	5	22	8	6	11	10	1	1
ASV457	0	0	1	0	0	0	0	0	0	1	1	12	4	124	23	13	16	17	36	0	9	16	24	0	0	0	0	0	0	5	6	1	0	1	0	0	0	0	1
ASV474	3	10	7	4	8	9	4	12	12	1	3	6	29	18	21	8	20	19	30	10	12	9	5	4	3	7	7	7	5	8	5	0	0	1	0	0	0	1	3
ASV535	31	10	8	8	5	6	15	8	8	6	7	5	6	7	11	9	17	12	15	7	27	12	8	9	5	6	4	4	5	1	5	3	0	5	16	0	0	0	0
ASV442	1	0	2	5	3	3	5	4	10	4	23	34	40	89	29	9	2	5	3	1	3	5	6	1	1	3	1	0	1	7	4	5	1	0	0	0	0	0	0
ASV545	6	10	12	6	5	11	6	10	9	12	13	6	6	2	14	8	1	6	10	13	4	5	5	15	10	7	10	11	7	5	3	8	1	24	11	2	11	1	4
ASV476	6	3	1	2	0	2	3	3	6	3	3	5	4	2	6	16	19	20	30	3	18	31	52	1	3	3	3	2	1	22	22	1	2	4	2	1	0	3	1
ASV462	290	1	0	2	2	0	0	0	0	2	1	1	0	0	0	0	0	0	0	0	0	0	1	0	1	1	1	1	1	0	0	0	0	0	1	1	1	0	0
ASV543	2	1	2	0	2	3	3	3	2	3	3	0	1	1	3	0	0	0	0	0	18	4	0	1	1	4	5	6	0	0	2	9	1	13	1	0	214	0	0
ASV455	22	11	6	3	5	9	4	15	5	15	4	1	7	4	7	15	11	10	21	10	3	10	8	9	8	9	3	8	9	8	9	0	7	8	3	7	11	0	2
ASV525	28	15	20	11	15	7	21	5	8	11	19	9	3	2	3	8	7	3	1	21	5	5	6	6	12	9	10	9	5	1	1	9	0	8	3	0	0	0	0
ASV483	3	1	3	3	5	3	7	31	21	2	14	6	16	14	45	34	10	14	5	3	4	10	7	6	1	3	3	2	4	9	15	0	0	0	0	0	0	1	0
ASV488	2	12	10	2	4	4	5	6	1	10	2	2	0	0	1	1	1	2	1	7	1	0	1	2	8	7	8	3	6	0	0	22	22	43	32	48	16	13	0
ASV532	7	7	13	9	6	6	4	8	6	10	7	7	9	12	5	7	8	6	10	11	10	8	7	9	4	9	12	3	3	4	6	10	5	18	6	2	24	5	2
ASV1210	2	4	3	4	8	8	8	4	10	2	7	8	8	11	12	12	7	8	4	6	9	4	8	5	3	5	6	8	6	13	9	13	1	2	17	0	35	8	16
ASV4277	0	6	10	16	21	28	25	25	11	6	19	8	15	1	0	0	0	0	0	11	0	2	0	5	2	10	13	29	23	6	1	0	1	0	0	0	0	0	10
ASV441	21	23	11	7	9	7	12	7	0	26	0	0	0	0	0	0	1	0	0	30	0	2	0	21	19	16	5	4	6	0	0	26	4	18	14	0	4	11	0
ASV452	9	3	2	4	4	1	6	4	12	2	11	18	32	29	21	24	24	43	8	2	7	7	10	1	1	4	3	1	3	4	3	1	0	0	0	0	0	0	0
ASV496	41	29	12	8	10	7	5	5	2	23	0	0	0	0	0	0	0	0	0	24	0	0	1	33	31	26	10	2	11	0	0	1	5	1	1	0	0	16	0
ASV433	0	6	7	3	8	13	9	10	8	17	3	4	3	5	8	11	5	13	10	7	8	11	12	6	12	8	12	15	15	5	6	1	8	12	7	10	1	1	0
ASV550	6	2	3	6	3	3	5	6	11	10	9	6	13	21	19	23	11	15	29	4	18	14	10	8	4	5	2	5	6	9	12	0	0	0	1	0	0	0	0
ASV548	24	8	4	4	8	5	5	3	6	9	3	3	1	10	13	8	14	11	20	4	11	20	4	5	7	4	4	5	7	5	9	3	6	7	2	0	2	30	4
ASV617	3	1	3	1	2	5	3	1	0	4	2	3	0	3	1	3	0	0	2	2	2	2	0	5	3	7	2	3	5	1	0	12	0	16	8	1	186	3	3
ASV556	11	28	10	8	2	10	12	6	8	11	2	1	4	3	4	5	6	10	9	11	9	6	11	13	9	7	6	5	10	4	10	5	2	18	4	0	2	9	6
ASV489	4	13	9	6	8	9	12	17	10	8	9	7	6	5	13	6	6	7	13	7	3	6	5	15	12	9	12	7	6	3	8	1	2	5	1	0	0	2	23
ASV493	8	16	4	4	1	3	8	5	1	11	0	0	0	0	0	1	1	2	0	13	0	0	0	4	10	10	11	9	3	0	0	10	51	19	13	55	10	10	2
ASV616	3	3	1	3	3	5	3	4	2	3	2	1	3	4	8	9	6	4	10	1	4	9	2	2	0	6	2	2	0	2	6	29	4	37	23	1	56	25	7
ASV527	5	15	9	3	8	3	4	2	2	4	2	0	4	4	2	2	6	6	7	8	4	3	4	4	6	5	9	5	5	5	6	16	25	18	19	1	48	13	2
ASV591	17	4	7	7	6	11	14	6	11	2	23	18	14	21	7	5	16	5	8	8	6	5	18	7	3	10	7	3	16	5	4	0	0	0	0	0	0	0	0
ASV502	16	17	21	32	12	14	31	8	10	15	12	5	2	2	2	0	0	0	0	14	0	1	0	9	10	19	18	8	13	2	0	0	0	0	0	0	0	0	0
ASV2595	1	12	15	15	11	14	4	8	1	24	1	0	0	1	0	0	0	1	1	16	1	2	2	15	9	16	14	12	15	1	0	12	14	2	24	12	4	10	2
ASV523	6	2	2	0	4	4	2	5	2	4	2	2	0	0	1	0	1	1	0	5	2	0	1	4	1	3	1	3	4	0	0	13	64	20	14	89	21	8	1
ASV779	9	11	2	3	1	6	6	4	6	3	1	3	5	10	7	19	22	25	19	5	21	19	19	2	6	4	2	4	4	5	17	3	0	1	1	0	0	13	4
ASV3406	5	16	9	16	11	6	7	2	3	12	13	8	1	1	4	2	1	1	2	8	0	1	5	11	10	8	10	10	11	5	2	19	11	2	21	14	13	4	6
ASV3760	3	13	5	12	17	19	9	14	14	11	9	15	1	2	0	1	1	0	1	10	2	1	3	14	8	16	15	12	12	3	3	7	2	5	6	1	4	3	17
ASV440	24	17	5	10	7	12	9	6	11	13	1	1	3	13	7	6	1	7	4	24	4	0	2	11	20	10	13	12	12	2	8	3	1	4	3	2	0	3	0
ASV536	12	7	2	2	4	1	0	2	0	4	0	0	1	1	0	0	2	0	0	4	1	0	0	1	6	1	1	2	2	1	2	1	15	2	10	9	187	8	0
ASV1243	4	22	8	11	8	14	6	2	2	12	8	6	1	3	6	4	6	3	4	11	12	1	1	15	17	13	20	13	12	7	10	3	3	4	9	3	0	1	5
ASV509	11	2	6	11	2	5	5	1	16	3	6	3	10	3	22	16	14	15	7	5	8	14	19	4	2	6	7	5	3	3	6	4	27	6	8	5	0	0	0
ASV605	0	1	0	2	0	1	3	1	0	1	2	0	15	13	25	22	28	28	53	1	15	57	1	1	0	0	1	0	2	3	12	0	0	0	0	0	0	0	2
ASV418	19	6	7	11	4	3	5	1	6	5	2	1	1	0	1	0	0	1	0	7	2	0	0	4	1	7	2	1	5	0	1	18	28	47	17	5	11	39	21
ASV443	4	12	10	4	8	4	8	6	3	8	6	5	14	15	18	12	10	16	9	7	7	13	19	7	10	8	8	8	10	10	9	0	0	0	0	0	0	0	1
ASV453	15	12	7	4	5	5	5	7	1	14	1	0	0	1	1	0	1	1	0	11	0	1	1	13	9	3	12	6	7	0	0	32	22	28	23	29	4	6	2
ASV526	21	9	6	9	2	12	10	11	10	9	7	14	3	3	8	10	4	5	8	7	7	4	13	8	17	6	4	10	7	7	5	2	1	7	5	1	7	4	6
ASV677	4	9	8	24	19	17	30	30	29	10	10	8	1	1	3	1	0	1	0	5	0	0	4	9	6	10	8	10	16	13	3	0	0	0	0	0	0	0	0
ASV503	36	14	10	2	3	2	7	4	4	2	4	4	2	7	2	3	11	15	7	12	7	13	10	7	7	10	2	4	1	3	4	4	0	17	9	0	2	25	12
ASV507	14	4	3	6	2	5	10	10	6	5	8	10	10	12	10	26	44	6	19	2	3	19	8	2	2	4	2	3	3	5	25	0	0	0	0	0	0	0	0
ASV542	4	6	6	11	9	10	12	9	8	0	16	28	5	45	17	5	2	12	5	0	7	18	11	3	1	3	6	11	9	2	0	2	0	0	0	0	0	0	4
ASV3107	4	8	12	8	5	4	6	2	10	10	16	7	6	6	7	4	3	2	8	11	9	6	6	6	8	7	8	8	8	7	9	3	0	0	2	1	53	0	6
ASV5166	1	6	1	1	2	1	1	0	0	2	3	11	3	6	11	23	30	21	22	1	44	20	35	6	2	4	2	1	2	12	11	0	0	0	0	0	1	0	0
ASV529	4	5	7	7	2	4	2	2	1	7	2	1	2	2	6	10	22	19	27	7	19	14	6	7	4	7	7	7	3	4	9	10	9	7	7	0	13	12	2
ASV561	7	1	1	4	7	4	7	9	8	0	7	9	20	10	12	45	4	4	3	3	6	0	1	1	1	3	5	4	2	64	19	1	0	5	1	0	7	1	0
ASV4518	1	9	1	2	3	3	4	4	6	10	3	6	8	10	16	12	17	12	17	12	14	12	13	16	5	5	8	4	9	19	21	0	0	0	1	0	0	1	1
ASV504	10	18	11	3	3	6	5	6	0	10	2	1	5	3	3	7	9	6	8	8	6	5	3	6	7	14	7	6	9	2	7	9	0	32	11	1	11	22	3
ASV514	12	7	9	14	22	11	28	17	26	9	26	18	4	2	2	1	5	3	0	4	0	0	2	8	4	13	10	14	14	0	0	0	0	0	0	0	0	0	0
ASV524	7	11	6	0	2	1	1	0	0	3	0	0	0	0	1	0	0	0	0	2	0	0	1	3	0	5	3	1	0	1	0	7	99	33	53	43	2	0	0
ASV1647	4	11	10	11	10	7	2	9	7	9	4	7	3	4	2	0	3	2	2	13	8	3	4	4	11	8	11	6	7	0	0	21	9	9	31	2	20	6	4
ASV511	1	7	19	14	17	10	20	14	18	7	17	5	1	1	2	1	1	1	4	10	2	5	5	7	19	13	4	15	16	2	2	0	0	0	0	0	0	0	24
ASV446	2	5	2	3	0	7	1	7	6	2	1	2	29	31	28	55	18	7	11	1	2	15	8	4	5	4	4	3	1	6	8	1	0	1	0	0	1	1	1
ASV449	15	11	12	2	7	5	6	6	4	7	1	2	0	1	1	1	1	0	0	5	1	0	0	16	13	4	2	3	3	0	0	27	8	36	16	6	7	49	5
ASV487	14	11	2	5	3	6	7	5	3	8	0	1	0	2	2	0	0	2	0	7	0	0	0	4	8	8	3	3	1	0	1	10	15	48	42	26	2	22	12
ASV570	2	7	9	4	7	7	2	5	4	5	1	1	0	3	2	0	0	3	1	5	3	0	0	15	22	13	8	7	5	0	0	0	0	0	1	0	0	0	140
ASV1329	6	4	3	3	4	2	3	1	1	2	0	6	6	9	11	18	10	12	18	3	20	20	5	5	3	1	4	6	2	11	16	21	3	5	9	2	0	17	9
ASV512	3	1	4	1	6	0	6	4	12	4	14	5	25	25	25	40	19	17	9	1	3	4	3	4	0	1	0	0	4	11	9	1	0	2	1	0	1	0	15
ASV3347	0	5	12	3	7	2	12	4	1	16	2	2	1	11	6	2	7	1	13	8	6	6	3	10	11	16	6	12	11	1	1	8	23	0	10	15	6	16	3
ASV477	13	15	18	8	7	4	9	4	5	13	6	0	0	3	3	0	0	1	1	9	1	1	0	10	9	10	13	5	9	1	1	12	13	21	9	6	19	17	2
ASV541	9	22	14	16	8	14	16	13	9	7	14	9	0	0	0	2	1	3	2	15	0	1	0	18	10	15	22	17	16	1	1	0	0	0	0	0	0	3	0
ASV575	19	6	2	2	3	6	7	3	6	1	5	9	15	8	15	32	11	13	7	4	10	19	13	2	2	5	7	5	0	20	15	0	1	1	0	0	0	1	3
ASV537	11	7	2	2	0	3	1	3	1	4	0	1	0	2	1	1	0	0	0	9	0	0	2	3	5	8	1	4	3	1	0	21	73	19	18	17	12	38	4
ASV553	27	5	13	12	9	9	18	19	29	8	14	6	5	4	4	8	6	11	1	10	4	4	4	8	5	6	7	7	6	1	2	0	0	4	0	0	0	1	0
ASV567	26	6	3	2	2	1	4	2	1	8	1	0	4	6	5	4	4	19	14	6	12	37	18	2	5	3	2	1	3	10	18	6	1	10	3	0	3	23	2
ASV576	11	18	15	21	16	15	8	12	5	15	6	5	2	1	1	0	0	2	0	18	1	1	2	19	22	15	11	10	17	2	0	0	0	0	0	0	0	1	5
ASV540	63	22	17	12	12	11	10	5	2	3	1	4	0	0	0	1	30	0	0	22	2	0	7	8	5	11	6	7	8	2	1	0	0	0	0	0	0	1	2
ASV549	7	18	27	14	9	17	14	12	7	8	3	2	2	2	0	2	1	1	1	18	3	5	1	11	15	19	9	21	12	1	1	0	0	5	0	0	1	0	6
ASV624	4	6	3	8	2	6	5	4	15	2	14	10	8	14	18	12	11	13	20	6	14	18	11	4	4	4	3	2	3	9	9	0	0	1	0	0	0	2	9
ASV491	7	8	4	6	2	9	5	5	2	5	3	6	8	9	16	21	18	15	25	4	7	14	11	6	6	5	9	7	5	11	8	1	0	1	1	0	0	1	1
ASV571	10	3	4	8	4	11	12	8	7	3	9	7	12	17	33	11	5	14	11	2	3	21	12	4	5	7	1	3	7	9	9	0	0	0	0	0	0	0	0
ASV572	3	0	1	0	2	1	3	2	3	1	4	4	17	15	39	22	25	22	15	1	17	17	12	0	3	0	3	0	1	27	10	0	0	0	1	0	0	1	0
ASV634	0	1	7	9	11	9	10	17	2	25	2	1	8	11	15	5	5	13	2	15	1	1	2	16	20	10	12	18	19	3	0	0	0	0	0	0	1	0	1
ASV473	20	9	8	4	1	4	0	2	0	5	0	1	1	1	2	4	3	2	2	6	6	9	13	10	7	10	7	3	4	3	3	12	20	17	8	0	38	24	2
ASV494	1	9	6	1	0	1	4	4	1	4	0	0	2	1	0	0	0	0	0	7	0	2	1	6	5	3	10	7	4	0	3	54	12	35	25	1	49	9	3
ASV583	3	0	0	1	0	0	0	2	0	0	0	0	1	0	0	1	1	2	5	1	2	0	3	0	1	1	1	2	0	0	1	7	10	1	2	0	215	7	0
ASV627	1	16	6	7	3	9	4	4	2	14	5	4	2	8	6	9	7	11	5	7	10	8	15	7	3	10	10	11	7	7	5	7	0	13	12	0	2	6	7
ASV562	28	12	7	6	5	12	9	14	29	8	20	9	7	13	6	6	7	9	3	13	6	2	2	6	3	3	6	11	5	0	2	0	0	0	0	0	0	0	0
ASV630	6	6	3	2	1	3	2	2	2	2	1	0	1	2	4	2	2	3	4	6	3	1	1	3	4	4	2	3	3	2	0	46	11	65	27	4	28	7	1
ASV654	2	2	3	1	0	4	3	2	2	1	7	9	41	33	15	13	8	7	8	2	6	4	59	0	5	1	2	4	2	9	12	0	0	0	0	0	0	0	2
ASV658	17	5	3	3	2	2	6	3	3	10	2	1	6	8	11	6	11	28	11	7	14	26	12	5	7	4	3	9	1	9	17	0	1	1	2	0	0	10	2
ASV596	3	8	8	8	9	4	5	5	7	7	1	1	3	5	10	13	14	13	14	5	5	10	19	6	4	5	10	5	7	13	11	2	1	5	4	0	3	9	5
ASV657	5	10	11	4	11	12	7	6	5	10	5	4	3	8	3	15	12	9	11	9	8	15	17	7	7	10	7	2	5	8	8	0	1	6	2	1	0	1	2
ASV607	8	4	2	2	0	4	2	0	0	1	0	0	0	1	1	0	0	0	2	3	1	0	0	0	2	1	1	1	1	0	0	0	0	0	1	226	0	2	0
ASV609	5	0	3	1	1	0	2	0	3	2	0	0	0	0	0	2	1	0	1	2	0	1	1	3	2	0	1	2	2	0	1	11	1	13	5	6	190	2	2
ASV620	9	5	3	0	0	2	0	0	1	1	0	0	0	0	0	0	1	1	0	1	0	0	1	3	2	1	3	0	2	1	0	16	64	55	52	33	7	2	0
ASV767	18	19	20	14	2	10	11	5	7	14	15	8	1	0	0	0	1	1	0	15	0	0	1	12	8	11	13	6	7	0	1	0	1	6	2	0	0	2	35
ASV2165	0	0	0	0	0	0	0	1	0	0	0	0	9	14	21	16	19	15	42	1	28	23	4	0	0	0	0	0	1	22	27	1	1	1	0	0	18	1	0
ASV568	31	10	9	12	11	9	10	10	13	9	6	7	6	5	1	1	5	4	0	12	8	5	10	14	7	9	11	11	13	0	4	1	0	1	0	0	0	0	0
ASV679	2	0	2	0	1	1	0	3	3	1	18	72	83	9	0	3	9	5	8	2	15	10	10	0	0	0	0	0	1	0	4	1	0	0	0	0	0	2	0
ASV725	3	2	3	1	4	1	5	8	6	0	41	77	12	11	6	8	6	11	3	8	6	6	8	3	0	0	3	3	2	9	8	0	0	1	0	0	0	0	0
ASV485	8	10	5	10	10	10	10	23	26	3	11	6	5	8	7	9	7	8	3	11	6	6	6	7	6	6	8	7	10	7	4	1	0	0	0	0	0	0	0
ASV518	0	0	1	0	0	0	1	1	0	2	0	0	0	0	0	0	0	0	0	2	0	1	0	1	0	0	1	2	1	0	0	6	93	48	34	66	2	0	2
ASV522	4	5	7	4	4	1	4	5	6	2	3	1	8	14	12	20	19	20	24	6	21	15	7	3	6	6	2	1	1	13	15	0	0	2	2	0	0	1	0
ASV558	8	1	3	0	4	3	3	6	2	1	3	5	11	18	22	22	29	47	11	3	17	7	8	2	2	3	3	0	3	7	4	0	0	0	3	0	0	0	3
ASV708	34	29	15	10	14	9	10	6	4	9	1	2	0	0	1	0	15	0	0	20	0	0	2	10	16	21	15	10	9	2	0	0	0	0	0	0	0	0	0
ASV448	5	4	4	0	1	3	2	0	0	3	1	1	0	0	0	1	0	0	0	7	0	0	0	2	0	1	0	0	1	0	0	46	0	28	24	2	2	56	69
ASV546	0	2	1	2	0	2	1	0	0	3	3	0	3	8	2	3	6	9	7	2	10	2	6	3	1	2	1	0	0	4	12	0	85	13	8	61	1	0	0
ASV554	20	9	1	3	2	5	4	3	4	5	2	1	1	2	5	7	4	7	8	6	9	7	4	5	4	6	4	2	3	2	6	37	2	23	17	0	1	27	5
ASV574	10	10	5	7	3	5	1	2	0	6	1	0	0	4	1	2	1	1	4	15	2	3	2	6	12	8	8	2	2	1	1	14	34	19	15	9	17	20	9
ASV519	3	2	0	4	2	1	1	1	0	3	1	1	0	0	1	1	1	2	0	0	3	5	1	1	2	1	4	1	4	2	2	56	2	75	47	0	7	20	3
ASV5333	0	4	10	10	10	9	11	9	6	12	7	18	1	4	2	2	0	3	0	10	3	2	8	11	6	12	11	10	15	12	1	3	3	4	2	10	12	3	4
ASV770	2	8	16	14	13	14	17	18	10	6	10	7	4	0	3	2	1	1	0	6	3	4	1	13	15	15	7	11	12	6	1	4	0	4	1	2	4	0	5
ASV521	5	2	0	2	1	3	1	4	0	0	1	0	1	3	1	10	27	16	20	1	9	71	36	0	4	5	0	1	1	10	13	0	0	0	1	0	1	7	2
ASV559	3	9	10	16	14	11	6	14	14	3	17	4	3	0	9	8	7	3	1	7	5	5	5	15	12	11	7	11	11	6	3	2	0	0	1	0	0	0	5
ASV573	2	9	9	4	7	12	6	10	13	7	10	8	5	6	13	12	9	13	11	7	7	8	7	6	7	7	9	12	6	6	7	0	3	0	0	0	0	0	0
ASV614	14	19	16	5	6	4	11	5	5	7	2	0	0	1	2	4	1	1	0	15	2	0	0	8	3	17	11	9	11	1	1	11	9	19	18	4	9	4	2
ASV626	22	15	14	10	11	12	27	12	18	3	17	10	2	3	1	3	0	9	1	7	3	2	1	2	12	8	13	9	7	0	3	0	0	0	0	0	0	0	0
ASV628	5	4	4	1	0	1	1	1	0	0	0	0	0	0	0	0	0	0	0	3	1	0	0	1	0	2	0	0	1	0	0	0	5	45	159	23	0	0	0
ASV492	15	8	3	4	4	1	3	5	2	6	0	0	2	8	5	4	8	27	14	4	8	18	26	2	1	3	1	2	2	17	19	2	0	11	8	0	0	8	5
ASV599	3	1	0	2	0	1	0	0	0	0	0	0	0	0	0	0	0	0	0	5	0	0	0	5	2	1	1	0	0	0	0	7	178	22	26	2	0	0	0
ASV613	6	8	3	2	7	3	5	3	3	4	3	1	5	10	15	12	15	16	15	4	24	18	8	5	2	6	8	0	4	12	16	2	0	3	2	0	4	1	1
ASV686	3	9	3	12	3	17	7	11	14	3	11	10	20	13	6	8	1	8	1	5	4	5	8	9	5	4	5	2	8	28	8	1	0	1	2	0	0	1	0
ASV602	34	6	2	3	2	3	0	2	0	4	0	2	0	0	1	1	1	1	0	3	1	0	0	5	2	5	4	0	2	0	0	1	1	0	0	1	3	128	37
ASV619	0	9	9	7	8	6	5	9	3	11	4	4	6	12	12	6	6	7	16	6	10	8	7	12	11	12	5	6	4	3	1	4	5	2	1	2	6	9	1
ASV569	11	2	3	6	2	1	1	0	3	3	0	0	0	0	0	0	0	1	0	4	1	0	1	3	0	5	2	2	2	0	0	48	31	23	17	16	62	2	2
ASV5772	16	7	5	5	6	2	3	3	5	6	10	7	1	3	4	3	0	2	8	9	4	9	0	10	3	3	4	3	4	16	25	1	7	3	0	0	52	1	4
ASV646	1	2	1	1	0	0	1	1	0	0	1	0	1	3	0	1	0	0	4	0	2	7	165	0	2	1	1	0	0	47	9	1	0	0	0	1	0	1	0
ASV886	8	9	9	15	13	13	6	4	7	10	6	7	2	7	4	5	3	5	6	23	2	2	2	8	21	9	12	9	10	2	3	0	0	1	4	0	6	0	1
ASV3089	3	9	8	10	6	9	6	9	12	10	5	3	0	2	1	2	1	2	3	18	6	0	1	14	9	7	11	17	11	3	5	11	1	0	11	2	0	2	23
ASV4715	0	0	2	0	1	0	2	0	1	2	0	0	9	9	15	12	21	17	42	0	32	21	8	0	3	1	0	0	1	12	15	7	3	0	1	2	11	1	2
ASV551	8	4	12	8	11	8	14	10	27	7	14	15	8	3	4	5	4	1	5	2	4	2	2	10	10	3	12	14	11	5	2	0	0	0	0	1	2	3	2
ASV555	47	7	4	3	2	5	2	1	2	7	0	0	0	3	0	0	1	1	1	7	0	0	0	12	5	9	9	4	7	1	0	0	3	2	3	105	0	0	0
ASV781	2	10	12	5	6	4	4	7	4	14	6	4	2	4	6	4	6	2	13	10	8	11	2	12	12	10	13	4	7	8	8	2	1	1	4	0	4	13	8
ASV639	8	3	2	3	1	1	1	0	3	2	0	1	0	0	3	2	2	2	0	3	0	2	1	5	3	2	4	4	2	4	1	24	48	26	18	23	20	24	4
ASV689	4	7	2	4	9	8	6	10	15	6	13	4	2	5	10	13	3	4	4	6	7	4	10	10	7	15	8	10	8	5	4	4	0	12	3	0	2	6	2
ASV632	1	3	2	4	0	1	3	2	4	0	4	6	7	31	13	29	16	16	25	1	9	5	16	2	3	3	1	7	3	18	12	0	0	0	0	0	1	3	0
ASV644	14	8	8	10	2	1	2	2	3	12	1	0	0	2	0	0	1	1	1	12	2	0	5	5	12	13	8	4	5	2	0	9	24	33	16	15	1	13	4
ASV2010	1	1	4	2	9	2	4	7	2	5	1	6	2	12	11	6	9	2	17	2	25	31	21	5	5	8	4	5	2	6	17	3	3	1	5	1	1	1	1
ASV534	2	1	2	3	2	0	1	0	1	2	0	0	1	0	0	0	0	0	0	1	0	0	0	1	2	3	3	2	2	0	0	0	1	0	0	0	0	0	219
ASV623	1	21	25	9	8	15	9	8	12	19	2	1	0	1	2	0	0	0	1	14	1	3	3	8	18	11	17	14	14	4	0	2	0	1	3	0	0	0	2
ASV625	8	2	2	1	3	3	4	5	13	1	7	10	16	17	14	14	36	19	12	2	6	13	12	3	4	6	4	1	2	4	1	0	0	0	0	0	0	0	4
ASV604	5	6	9	6	6	4	3	10	11	4	7	4	9	11	19	12	12	5	10	14	6	14	15	5	4	6	4	5	5	5	11	0	0	0	0	0	0	0	1
ASV641	0	3	8	9	3	6	4	8	14	4	12	10	6	19	8	9	12	16	19	4	11	10	7	3	3	3	3	4	2	10	11	0	1	1	1	0	0	0	4
ASV734	2	3	5	3	3	2	2	3	4	3	0	0	7	8	12	11	6	14	15	4	17	16	17	1	2	3	5	1	3	27	19	5	6	5	4	1	7	1	1
ASV3754	2	4	7	16	7	11	11	4	7	1	6	6	0	0	0	0	0	0	0	4	0	0	0	5	12	17	18	16	14	0	0	0	0	0	0	0	0	0	79
ASV520	2	0	0	0	1	2	0	2	1	0	1	2	6	8	11	25	26	24	22	1	29	31	6	2	1	1	0	0	1	30	12	0	0	0	0	0	0	0	0
ASV584	10	2	2	3	6	0	1	4	5	4	6	8	34	8	17	9	22	12	8	3	11	10	30	3	1	4	1	3	1	7	10	1	0	0	0	0	0	1	0
ASV610	27	9	1	1	9	5	11	11	6	3	7	9	10	8	6	12	7	7	2	3	4	4	1	3	9	10	9	7	4	6	13	3	0	4	7	2	0	0	7
ASV636	7	9	10	10	5	4	2	4	1	8	0	1	1	2	0	3	0	0	2	9	1	4	0	9	6	8	8	7	12	2	3	11	16	17	16	17	24	3	5
ASV684	7	9	14	9	11	6	9	9	6	9	10	21	1	5	3	2	0	1	2	8	2	4	2	8	6	10	5	9	13	19	14	3	0	0	2	1	0	1	6
ASV773	49	25	9	8	10	9	10	8	1	20	0	2	0	0	0	0	0	0	0	24	0	0	0	17	9	13	16	8	7	0	0	0	0	0	0	0	0	2	0
ASV577	3	2	3	3	1	2	2	0	0	6	0	0	0	0	0	0	0	0	0	1	0	0	0	4	1	1	3	1	1	1	0	61	32	29	20	9	43	12	5
ASV680	11	9	5	3	4	8	6	9	6	4	4	5	9	9	9	16	14	17	9	6	5	4	4	9	4	2	6	4	4	3	5	2	0	2	1	0	2	11	15
ASV580	4	3	5	6	7	7	9	7	12	5	16	16	19	14	11	10	7	8	11	8	4	4	9	3	5	0	4	4	7	7	7	0	0	1	0	0	0	0	4
ASV750	20	16	17	15	10	12	14	9	13	9	5	9	1	1	0	3	0	1	0	11	0	0	0	9	5	17	14	7	10	0	1	0	0	5	2	0	0	1	7
ASV1466	1	11	9	15	13	11	5	5	3	12	7	9	1	2	3	1	0	1	0	11	0	1	4	16	8	14	13	14	13	1	0	5	2	0	3	1	1	4	23
ASV1945	2	0	0	1	0	0	2	1	1	1	2	3	5	10	9	7	10	11	20	2	27	32	28	0	0	0	0	1	0	14	52	0	0	0	0	0	1	1	0
ASV2762	4	13	10	8	4	15	4	5	6	11	5	7	0	4	4	0	1	2	1	13	2	2	1	7	5	10	7	8	8	2	0	7	29	1	15	9	8	3	2
ASV5488	7	8	17	6	11	12	7	6	3	10	3	4	1	1	2	2	0	0	6	10	12	1	0	16	27	14	11	13	10	12	0	0	0	1	0	0	5	1	3
ASV645	3	0	13	4	1	3	2	3	3	10	7	2	3	0	3	0	0	1	2	6	2	0	0	4	14	7	10	8	3	1	0	11	16	42	28	9	6	10	5
ASV692	13	5	4	3	5	3	3	1	10	3	2	3	2	4	0	4	1	0	1	6	3	4	5	2	2	3	4	3	3	3	3	2	3	5	3	11	99	6	5
ASV869	6	11	2	6	8	5	4	4	0	11	5	2	7	10	6	6	5	4	5	5	5	6	7	11	9	9	10	6	3	6	12	2	6	3	4	15	14	1	1
ASV611	8	6	9	7	5	7	2	3	4	8	3	2	4	6	5	4	7	15	8	5	8	13	13	3	5	4	8	9	3	2	8	12	0	8	8	0	2	16	1
ASV2049	0	4	5	3	6	3	7	1	5	4	9	11	8	15	16	19	9	16	9	3	12	7	11	6	5	4	0	2	2	17	9	4	0	0	0	0	0	2	6
ASV585	8	17	7	7	5	5	9	9	5	8	1	2	4	6	18	15	7	11	9	13	6	2	5	6	9	9	8	4	9	10	4	0	0	0	0	0	0	0	2
ASV595	5	10	12	10	6	11	7	13	17	8	8	6	3	1	0	2	1	3	4	5	4	4	3	10	8	8	8	6	10	5	3	4	1	8	8	0	2	4	12
ASV703	15	5	10	3	7	0	2	2	0	3	1	2	1	2	1	5	41	26	57	4	22	4	4	3	0	1	2	2	6	0	2	2	0	0	3	2	0	0	0
ASV772	5	11	6	5	8	8	7	9	2	5	10	2	5	5	3	5	2	6	2	4	2	5	5	9	11	6	12	4	9	0	2	11	0	7	8	0	1	1	37
ASV564	1	17	9	12	21	19	40	17	28	5	13	13	5	1	0	0	0	1	0	5	0	0	0	3	2	2	3	13	7	0	0	0	0	0	1	0	1	0	0
ASV670	3	9	18	2	7	4	7	9	3	9	3	4	0	1	2	2	2	0	1	8	2	0	2	12	10	9	5	18	4	1	1	14	11	24	14	7	5	3	3
ASV5848	0	2	6	13	11	11	3	13	4	24	2	3	2	6	8	7	4	10	3	14	0	1	1	14	12	7	10	16	15	6	2	2	0	0	0	1	0	3	2
ASV724	15	4	6	3	3	3	6	5	7	2	6	8	16	12	17	19	21	16	10	1	10	12	6	7	1	3	4	2	4	7	1	0	0	0	0	0	0	1	0
ASV884	0	4	6	15	11	11	15	8	4	5	3	4	0	0	0	0	1	0	0	7	0	0	0	12	13	17	15	9	19	0	0	4	1	0	2	1	0	2	49
ASV3643	3	0	6	7	20	26	21	28	23	1	16	13	18	4	6	1	3	0	0	0	2	0	1	0	3	0	5	16	11	0	1	0	0	0	0	0	0	0	2
ASV633	14	7	16	17	11	6	17	16	11	7	15	3	3	0	1	2	3	5	1	8	2	0	16	10	8	8	6	5	10	1	2	1	0	0	0	1	2	0	2
ASV495	29	9	16	13	8	7	11	8	5	12	1	0	0	0	0	0	0	0	2	19	0	0	0	16	12	10	15	2	9	0	0	1	4	2	2	2	0	20	1
ASV538	12	9	17	8	1	7	4	2	2	5	0	0	0	0	0	0	0	0	0	11	0	0	0	13	12	12	15	3	12	0	0	15	4	21	17	22	9	1	2
ASV593	16	5	4	2	3	7	5	5	3	4	0	2	1	1	31	17	3	2	1	5	3	21	27	6	3	6	2	1	0	12	14	1	2	0	2	0	17	2	0
ASV648	3	1	1	2	2	5	3	0	0	1	5	5	2	14	3	21	22	5	12	3	10	23	24	2	1	3	3	3	4	14	37	0	1	0	0	0	0	1	0
ASV650	1	1	0	1	1	1	1	2	3	2	1	0	0	3	1	6	3	1	4	1	2	0	3	2	0	0	1	1	0	3	4	2	1	16	4	0	159	3	2
ASV716	4	13	7	7	6	10	4	7	8	6	10	8	16	12	8	12	9	10	9	3	11	8	8	3	3	4	7	5	7	7	3	0	0	0	1	0	0	0	0
ASV615	1	2	0	1	2	0	1	0	0	0	0	0	1	0	0	0	0	1	1	1	1	2	0	2	2	2	1	0	3	0	0	52	7	68	39	9	25	7	4
ASV659	3	1	2	0	0	0	1	1	0	4	0	0	0	0	0	0	0	0	0	0	0	0	0	0	0	2	0	3	1	0	0	0	68	49	41	57	1	1	0
ASV801	7	6	5	3	2	4	1	3	2	2	0	0	0	0	0	0	1	0	0	7	0	1	0	6	5	3	3	3	4	0	0	53	9	44	23	10	7	14	7
ASV601	0	3	7	3	6	14	9	9	10	13	2	1	4	9	3	3	4	3	10	15	4	4	9	10	4	6	7	11	8	7	2	1	3	9	7	9	2	3	0
ASV783	2	16	13	4	7	3	4	7	8	13	1	1	0	2	7	8	2	9	9	10	8	16	5	4	5	10	9	3	4	10	16	2	0	5	5	1	0	2	3
ASV4242	2	3	3	3	3	2	4	2	2	10	0	1	3	5	6	7	13	4	19	9	13	12	3	5	4	4	0	4	2	9	11	13	11	2	9	12	4	12	1
ASV533	48	10	5	3	4	6	4	1	0	5	0	1	0	1	0	1	0	1	0	11	0	0	0	11	10	8	4	2	8	0	1	2	18	9	10	27	20	1	0
ASV582	1	4	0	1	1	0	3	2	2	2	1	4	8	18	11	16	24	34	21	0	8	7	14	2	1	1	3	2	1	33	4	0	0	0	0	1	0	0	1
ASV664	4	5	8	12	4	4	2	2	11	2	5	7	8	8	13	5	6	8	8	5	10	17	20	6	9	8	8	8	3	7	4	1	0	0	2	0	0	0	1
ASV913	4	17	7	14	18	8	15	14	5	7	5	4	1	5	0	8	2	0	2	7	4	1	7	10	9	8	7	5	9	0	2	3	0	8	6	0	0	0	9
ASV1551	0	3	2	3	1	1	1	1	2	2	2	2	9	13	22	15	7	12	20	4	21	13	13	4	4	2	1	1	1	12	16	2	4	1	1	0	2	5	5
ASV579	10	15	10	3	6	6	3	4	2	7	3	1	4	9	9	8	3	14	4	6	11	6	3	7	8	6	7	2	7	4	4	1	1	14	7	0	1	4	10
ASV672	18	20	7	2	2	4	2	5	5	5	1	2	0	1	0	4	0	1	1	4	11	7	3	8	11	9	7	3	6	11	32	4	7	2	2	2	8	11	2
ASV1842	3	3	5	4	7	5	6	4	5	4	6	13	9	10	9	8	6	7	12	9	11	9	6	4	2	4	8	3	5	11	12	0	2	0	1	0	2	9	5
ASV655	3	18	7	12	8	3	3	6	1	13	1	3	1	1	1	2	1	1	4	12	1	1	1	8	9	10	12	6	4	4	2	10	2	24	20	0	3	7	4
ASV706	3	6	5	6	3	6	6	0	0	4	2	2	9	19	12	9	8	13	20	3	11	14	39	4	5	5	4	9	2	0	0	0	0	0	0	0	0	0	0
ASV730	31	4	6	4	3	4	1	3	2	4	2	2	2	11	15	12	20	12	2	5	9	14	1	2	9	5	4	4	0	5	7	1	0	7	4	0	0	5	7
ASV647	10	0	1	2	1	2	3	4	0	2	0	2	3	2	1	12	42	23	27	1	12	32	33	0	3	3	0	0	1	1	1	0	0	1	1	1	1	0	0
ASV669	17	15	14	8	7	14	5	9	7	9	2	5	4	6	1	10	3	3	1	8	3	4	3	7	10	6	6	7	4	3	1	2	3	9	2	2	0	5	3
ASV736	5	1	0	1	0	0	2	2	4	0	2	1	5	12	18	6	23	9	23	1	2	18	5	2	2	2	0	0	0	36	29	0	0	0	0	0	1	0	16
ASV799	10	3	9	9	8	3	6	0	5	12	2	2	3	6	5	1	7	8	3	11	9	6	15	6	9	6	10	5	9	2	6	0	9	6	8	4	0	3	2
ASV530	8	4	1	0	2	1	2	1	1	4	0	0	0	0	1	0	0	0	0	5	0	2	1	2	6	1	5	1	3	0	0	4	74	29	11	58	0	0	0
ASV578	1	1	1	0	0	0	2	0	0	1	1	3	7	33	22	15	27	20	43	0	7	16	5	1	1	0	1	0	0	7	8	1	0	0	0	0	0	3	0
ASV710	3	2	1	0	0	1	1	1	3	1	0	2	3	0	0	2	0	0	1	2	2	3	0	3	3	0	1	1	2	0	4	0	43	12	10	111	4	5	0
ASV769	34	6	5	1	2	1	2	4	2	1	2	4	3	7	12	5	16	15	16	5	6	2	9	12	5	4	6	2	4	9	21	0	0	2	0	0	1	0	1
ASV515	8	6	7	10	13	17	27	21	15	1	8	3	1	2	0	0	0	0	0	6	1	2	2	7	9	5	14	13	19	7	2	0	0	0	0	0	0	0	0
ASV797	2	3	4	3	1	2	2	7	2	5	2	2	0	1	0	1	0	0	0	18	1	0	1	3	1	4	3	4	5	0	1	29	3	63	45	1	1	2	4
ASV5381	5	7	8	7	9	9	2	7	8	7	6	8	1	4	2	1	5	0	4	6	8	2	6	8	4	8	12	9	10	1	3	5	5	4	4	1	15	8	6
ASV629	3	4	2	2	1	3	0	3	5	4	1	3	7	19	10	18	12	8	15	3	9	39	23	0	2	1	1	0	1	3	23	0	0	0	0	0	0	0	0
ASV631	21	7	10	14	14	12	21	9	11	13	15	18	1	0	0	0	0	2	2	3	0	2	1	13	3	10	12	4	7	0	0	0	0	0	0	0	0	0	0
ASV637	4	5	8	6	8	5	10	17	25	6	26	18	6	8	11	11	4	11	2	2	2	2	2	1	1	7	2	2	10	1	1	1	0	0	0	0	0	0	0
ASV666	10	7	3	4	5	4	5	4	0	7	0	0	0	0	1	1	1	1	0	8	1	0	1	4	4	7	10	1	1	1	1	18	8	17	13	9	64	1	3
ASV683	15	4	5	3	1	6	5	5	1	9	2	0	0	0	0	0	0	1	0	15	0	0	1	6	7	8	6	4	5	0	0	2	25	33	8	37	1	8	2
ASV701	4	2	0	3	1	0	0	0	5	0	0	0	1	1	1	0	1	0	0	0	3	0	0	0	0	1	0	1	0	1	0	12	43	18	14	60	47	4	2
ASV673	0	1	7	5	13	4	10	9	7	9	2	4	6	11	8	1	5	8	8	8	10	5	5	6	7	4	11	6	7	3	2	2	1	8	7	12	0	0	2
ASV1135	10	2	1	2	2	1	2	1	3	3	5	3	12	11	12	23	28	32	13	2	13	12	5	3	2	1	0	0	1	8	5	0	0	0	1	1	0	1	2
ASV589	1	39	12	16	7	7	11	15	8	16	3	2	0	0	0	0	0	0	0	17	0	2	0	11	18	13	4	13	8	0	0	0	0	0	0	0	0	0	0
ASV687	11	12	17	12	12	10	18	9	18	11	7	2	0	0	0	0	0	1	1	6	1	2	0	9	6	16	15	9	8	1	0	2	0	6	0	0	0	0	0
ASV5026	1	6	4	1	2	4	0	4	0	8	1	5	2	8	4	11	19	6	18	8	47	19	8	5	3	3	2	6	6	2	5	0	1	0	0	1	1	0	0
ASV594	13	9	5	0	1	1	3	2	3	4	1	1	3	4	0	1	2	0	13	4	6	3	18	1	4	6	2	2	5	12	1	12	20	7	5	2	41	3	1
ASV603	9	8	4	8	1	4	1	4	6	5	1	1	0	2	4	0	6	4	3	8	2	3	1	6	7	2	4	7	6	1	6	15	0	41	28	1	5	4	3
ASV622	12	5	8	3	5	4	4	2	6	1	1	1	1	2	2	7	1	6	3	10	2	1	0	5	9	8	3	2	1	2	6	13	12	12	7	20	27	5	2
ASV737	23	7	5	3	2	1	3	0	3	6	0	1	1	0	0	1	0	0	1	3	0	0	0	1	3	3	1	2	1	1	0	5	9	4	15	109	1	4	2
ASV1830	5	5	4	7	7	7	3	15	5	5	11	23	5	12	10	4	5	4	6	5	4	7	10	6	4	4	7	4	2	2	6	3	0	2	4	5	0	2	0
ASV1069	1	9	4	6	7	3	7	4	2	14	2	4	3	3	2	8	2	5	5	7	2	1	1	16	12	8	6	10	10	1	4	1	6	0	6	20	10	4	3
ASV4788	0	3	5	9	12	10	7	7	7	7	8	11	4	2	6	2	0	1	1	8	1	2	3	10	8	6	11	10	14	2	4	7	0	1	9	1	8	0	12
ASV661	19	9	2	3	4	4	10	4	7	4	3	3	12	4	3	5	5	11	3	5	3	5	2	5	6	5	2	9	7	2	5	8	0	17	16	0	0	7	0
ASV901	12	4	1	3	0	0	2	0	0	2	0	0	0	0	0	0	1	1	0	2	0	0	0	2	1	0	2	0	1	0	1	10	33	21	6	9	96	9	0
ASV608	20	6	8	0	3	3	2	2	4	5	2	1	0	0	3	1	0	1	1	11	0	1	3	9	3	8	6	2	3	0	1	2	24	35	2	34	9	2	1
ASV717	10	16	7	4	1	2	4	3	1	9	0	1	1	4	2	1	2	1	1	10	2	2	6	10	4	7	5	7	6	0	2	13	19	14	13	8	12	6	2
ASV824	6	14	19	12	5	11	27	0	4	9	1	2	0	1	0	0	0	1	0	20	0	0	2	16	12	14	23	7	9	0	0	0	0	2	1	0	0	0	0
ASV852	2	14	13	10	7	17	8	9	15	8	1	5	2	1	0	1	0	0	1	20	1	0	2	8	8	11	11	9	9	4	0	3	0	9	4	0	3	0	2
ASV1000	0	3	1	2	1	3	5	2	0	2	4	0	6	4	3	3	0	0	4	0	7	3	6	3	0	0	0	0	1	151	1	0	1	0	0	0	0	1	0
ASV588	3	2	1	3	2	2	5	14	13	0	4	4	15	17	25	25	16	9	2	2	6	5	5	1	2	1	8	2	6	9	8	0	0	0	0	0	0	0	0
ASV598	6	1	1	0	0	0	0	0	0	1	0	0	0	0	0	1	1	0	0	3	1	0	1	1	1	0	2	1	2	0	1	31	58	28	12	9	11	42	2
ASV693	9	4	2	3	2	3	1	2	3	4	6	3	8	18	16	14	11	19	19	3	18	7	7	1	3	6	3	1	7	2	4	1	0	3	0	0	1	1	2
ASV748	11	13	1	7	3	3	6	7	4	7	3	3	5	8	8	8	7	6	10	12	3	1	3	6	7	5	6	1	6	5	6	3	2	15	7	2	4	2	0
ASV932	11	7	3	2	2	2	1	1	3	3	1	0	0	0	1	1	1	5	1	8	1	1	3	3	1	7	1	3	0	1	0	31	7	15	11	4	55	15	4
ASV5493	6	4	4	4	3	3	1	1	4	10	0	1	0	0	0	0	0	2	0	11	0	0	0	8	11	1	11	10	2	1	0	26	12	1	24	20	11	15	8
ASV694	6	1	3	2	3	5	4	1	1	0	5	8	4	0	0	4	0	5	2	3	0	0	0	3	6	1	2	2	4	0	0	1	108	3	2	14	9	3	0
ASV749	0	0	3	4	16	12	12	18	8	24	0	0	5	9	7	5	5	14	1	4	0	1	0	5	8	14	16	10	12	2	0	0	0	0	0	0	0	0	0
ASV812	14	11	0	3	1	0	0	0	0	3	0	0	0	0	0	0	0	0	0	3	0	0	0	2	1	13	6	2	1	0	0	16	67	3	36	8	1	18	6
ASV667	5	12	5	15	10	20	8	12	10	7	17	21	0	1	0	0	1	0	1	12	0	0	0	12	6	11	10	4	7	4	3	0	0	0	0	0	0	0	0
ASV682	4	3	10	8	7	7	3	5	6	16	2	5	2	9	5	2	2	1	4	3	7	4	9	8	6	7	4	5	8	4	2	7	2	7	8	1	4	17	0
ASV721	24	8	5	1	5	6	8	5	3	7	2	1	1	0	1	2	2	10	11	9	5	8	10	11	6	6	4	5	4	5	6	6	2	1	3	0	0	17	4
ASV854	1	5	4	4	8	8	5	8	10	3	9	4	10	13	6	6	6	17	4	4	3	9	18	4	8	3	3	2	4	7	3	1	0	4	3	0	2	2	3
ASV1057	1	2	2	4	4	4	4	3	9	2	14	15	77	0	1	1	0	10	21	4	3	2	4	2	3	2	1	3	0	5	1	1	0	1	1	1	0	2	3
ASV3322	4	2	1	0	0	1	0	1	3	2	2	5	5	9	13	20	26	19	24	1	21	14	1	1	2	1	0	1	0	8	17	2	1	0	2	0	1	1	2
ASV675	11	10	10	8	3	12	4	5	2	6	2	2	0	2	1	0	1	2	6	19	4	0	1	5	6	5	2	3	8	0	0	9	11	10	5	16	5	15	2
ASV705	16	5	3	3	2	2	3	2	2	4	1	2	1	1	4	0	2	4	1	1	3	0	2	2	3	3	4	1	2	1	0	23	3	49	30	0	5	21	2
ASV863	12	5	1	2	3	3	3	2	3	2	5	4	3	6	13	15	19	15	4	4	7	11	4	1	1	6	1	1	6	4	7	1	0	3	3	0	0	5	28
ASV642	8	1	2	2	0	1	0	1	0	0	0	0	2	1	1	0	0	1	1	1	0	0	0	6	0	3	2	2	0	0	0	43	1	32	30	0	37	18	16
ASV758	1	4	6	7	11	11	4	3	12	10	9	7	13	4	8	11	4	6	8	7	5	2	9	1	4	2	7	7	6	2	2	4	3	0	2	0	3	5	2
ASV5711	7	3	2	8	7	6	11	13	9	1	19	30	5	5	11	7	2	9	3	2	2	6	10	3	0	2	4	5	8	2	4	0	0	0	0	0	0	0	5
ASV697	1	0	0	0	0	0	0	2	0	1	0	0	4	9	7	22	37	16	36	0	12	12	4	0	1	3	1	1	0	21	20	0	0	0	0	0	0	1	0
ASV739	9	9	8	3	1	4	1	2	2	3	0	0	0	1	0	0	1	0	0	12	2	0	0	3	3	9	6	4	5	0	0	13	55	17	10	9	12	7	0
ASV745	24	7	19	10	14	12	15	10	11	8	6	6	1	0	1	0	0	0	0	7	0	0	0	7	13	13	6	12	6	0	1	0	0	0	0	0	0	0	2
ASV768	0	0	3	0	0	1	0	0	0	0	0	1	3	34	12	9	16	10	37	1	19	26	9	0	0	1	2	0	0	4	21	0	0	0	0	0	1	0	0
ASV844	10	16	3	6	3	5	3	4	1	12	1	0	0	0	0	1	3	2	1	11	2	1	0	10	2	3	7	2	7	1	2	9	14	19	13	14	6	14	2
ASV1045	13	9	1	3	2	3	3	1	0	4	0	0	0	1	0	1	0	0	0	9	0	0	0	1	6	6	4	0	4	0	0	12	49	0	27	23	4	17	6
ASV1845	3	6	4	1	5	4	6	3	0	5	2	3	0	0	0	0	0	0	0	9	0	0	0	8	4	1	8	6	3	0	0	40	17	5	20	11	19	11	5
ASV2572	5	8	7	9	11	14	8	3	1	9	10	13	0	2	2	0	0	0	1	11	0	1	0	10	8	7	7	12	10	2	1	12	0	1	7	2	5	2	8
ASV612	10	12	13	7	7	6	2	7	4	10	1	0	0	0	0	0	0	0	0	12	0	0	1	9	12	7	7	7	9	0	0	5	7	18	7	22	6	1	0
ASV688	9	3	3	4	2	1	2	3	0	1	2	0	6	8	17	15	13	13	12	5	14	25	7	5	6	1	3	4	3	6	6	0	0	2	1	0	2	4	1
ASV707	10	12	11	5	6	4	4	2	1	10	1	2	0	0	1	1	1	1	1	8	0	0	2	2	4	8	7	3	3	0	0	10	40	25	11	12	1	0	0
ASV731	4	0	1	1	1	1	3	0	3	5	2	5	14	5	17	19	21	34	10	1	10	9	10	1	3	1	5	0	3	5	9	0	0	0	0	1	1	0	4
ASV742	14	11	14	5	7	4	12	8	6	14	2	7	2	2	6	2	4	9	1	10	4	1	6	16	7	12	6	7	6	1	0	0	0	0	1	0	0	2	0
ASV864	7	3	2	1	1	1	0	1	0	2	0	0	0	2	0	0	0	0	0	2	0	0	0	4	1	5	1	1	0	0	0	11	51	14	8	14	46	27	4
ASV912	4	5	2	1	0	1	1	1	0	2	0	0	0	1	0	0	0	0	0	1	0	0	0	2	0	1	3	1	1	1	1	5	120	24	16	10	1	4	0
ASV1972	7	3	4	3	5	9	3	5	3	2	4	3	7	4	5	8	5	7	4	8	9	1	7	6	3	5	7	3	5	6	6	7	2	3	14	0	15	4	6
ASV691	5	2	0	3	7	3	12	2	6	4	9	6	1	4	2	2	7	1	1	18	7	3	0	1	3	4	3	5	7	4	1	0	0	0	0	0	0	0	75
ASV733	10	3	7	16	12	10	16	18	10	4	24	17	0	0	0	3	6	1	2	7	0	0	1	8	6	6	8	7	6	0	0	0	0	0	0	0	0	0	0
ASV942	3	5	3	5	4	3	5	4	4	3	4	0	11	6	23	13	21	12	14	1	10	8	5	2	3	0	4	1	3	10	9	0	1	1	1	0	4	0	2
ASV700	11	6	0	2	1	0	0	1	3	6	1	0	5	3	2	3	0	7	8	4	2	4	0	6	3	4	0	3	4	7	4	16	12	14	9	5	7	37	7
ASV732	7	3	2	7	7	11	8	15	28	1	10	10	5	4	0	2	1	1	3	5	1	1	1	4	6	7	6	7	8	31	5	0	0	0	0	0	0	0	0
ASV759	5	3	6	6	11	12	3	2	3	6	8	3	0	2	0	0	1	3	1	7	3	3	0	8	6	4	5	4	3	17	5	4	1	4	47	2	2	0	7
ASV1007	1	2	8	5	10	11	9	7	11	1	8	5	10	11	8	7	6	8	6	3	6	10	11	1	4	6	5	6	6	7	5	0	1	1	0	0	0	0	0
ASV702	18	3	5	3	5	8	7	4	12	2	6	4	10	4	14	6	7	18	7	1	11	4	4	5	3	3	2	1	4	4	3	3	0	6	2	0	0	5	2
ASV798	2	5	5	7	4	4	3	1	8	10	1	1	0	0	4	3	3	2	1	13	6	4	2	7	3	7	8	7	8	1	1	13	30	5	4	7	4	3	9
ASV805	5	8	12	5	16	4	4	2	9	8	5	3	1	3	7	3	2	5	12	9	3	8	7	6	5	10	7	6	15	4	3	0	0	0	5	2	0	1	1
ASV2370	2	7	4	9	9	8	3	5	2	7	9	7	1	4	2	2	0	1	3	19	8	3	4	4	7	7	11	7	6	5	6	5	5	1	9	5	4	0	3
ASV1093	4	13	7	3	6	16	6	2	5	4	3	1	2	3	1	2	1	5	1	13	5	2	3	7	10	13	10	5	6	0	2	0	7	1	4	0	6	23	1
ASV698	0	0	1	0	0	0	0	1	0	0	0	0	0	0	1	0	1	1	0	3	0	0	0	0	1	0	0	1	0	0	0	3	58	56	11	58	1	5	1
ASV809	2	1	1	1	1	1	3	0	0	3	0	0	0	0	0	0	2	0	0	1	1	0	0	2	0	2	0	0	1	0	0	37	38	16	4	3	3	77	3
ASV879	22	6	7	3	3	4	8	8	6	4	2	6	6	3	12	2	7	3	11	1	4	7	0	0	2	4	1	3	1	21	34	0	0	0	0	0	0	0	2
ASV989	7	3	2	6	3	3	0	0	8	3	3	5	12	15	10	22	16	17	11	2	7	10	10	5	2	2	2	4	2	3	6	1	0	0	0	0	0	0	1
ASV4133	3	7	7	8	9	4	3	5	2	6	9	7	2	3	4	1	1	0	0	7	1	0	1	8	5	9	3	13	3	1	1	9	15	4	14	7	10	5	5
ASV660	11	11	9	4	6	5	5	11	4	15	3	3	2	8	0	2	2	1	6	13	2	2	5	11	8	5	7	11	5	5	2	3	2	3	3	0	0	7	0
ASV685	21	3	0	2	0	1	2	3	1	3	1	1	1	2	0	0	0	1	0	1	0	0	1	1	3	4	1	2	3	0	0	40	19	26	13	6	4	23	13
ASV695	19	9	8	2	6	6	3	3	4	6	1	0	0	1	0	1	0	0	1	11	1	2	0	13	10	9	6	7	7	1	0	5	15	2	7	29	1	3	3
ASV1791	5	9	7	2	9	13	1	5	8	4	6	2	2	2	5	1	0	4	2	7	1	4	0	5	4	8	13	11	7	5	1	10	5	3	13	2	9	2	4
ASV5584	1	8	5	6	2	0	1	3	3	3	4	2	0	0	1	0	1	1	2	10	2	4	5	8	6	12	5	2	4	6	3	17	12	6	16	2	26	7	5
ASV653	7	15	12	1	6	9	5	1	5	16	1	1	1	3	3	1	11	7	7	4	9	6	19	11	11	7	11	4	3	1	2	0	0	0	1	0	0	0	0
ASV709	5	8	4	6	6	5	3	2	4	10	6	1	2	5	8	10	10	11	13	4	15	6	6	6	5	6	3	3	2	8	9	0	0	3	3	0	1	1	1
ASV755	2	2	12	4	14	7	9	6	11	5	9	9	6	4	6	3	3	3	1	3	2	2	7	6	9	11	7	11	7	2	6	1	0	0	2	0	0	0	9
ASV723	24	21	5	5	4	5	5	5	0	7	2	2	3	1	2	2	4	4	4	9	2	5	20	5	4	6	4	5	2	2	4	3	1	3	2	8	1	6	3
ASV776	0	9	7	7	5	8	11	5	15	9	6	5	3	8	8	8	1	4	3	8	3	0	3	6	10	6	8	5	11	14	3	1	0	0	0	0	0	0	0
ASV825	9	12	13	16	8	4	12	6	9	6	6	6	1	1	1	0	1	2	1	10	0	1	1	9	16	16	11	7	11	1	0	0	0	0	0	0	0	0	2
ASV868	0	8	7	5	5	0	1	1	1	3	4	0	0	1	0	0	0	0	0	4	0	0	2	5	3	2	10	1	3	0	0	12	31	33	26	3	4	21	3
ASV880	1	11	6	1	1	4	0	2	3	5	0	1	0	4	1	3	1	0	0	11	2	2	0	7	2	4	5	4	2	1	0	10	27	23	16	15	4	17	3
ASV1103	3	6	4	1	3	3	1	1	0	0	0	0	1	0	7	6	7	5	5	1	4	5	2	4	2	4	3	0	3	2	4	20	23	18	18	3	14	11	4
ASV649	12	2	5	3	0	3	2	0	1	3	0	1	3	3	4	7	12	7	9	4	12	17	24	3	1	3	3	1	0	8	25	1	0	5	11	0	1	0	1
ASV760	6	1	2	1	1	0	1	0	2	1	0	0	0	0	0	0	1	0	0	0	0	0	0	2	0	2	1	0	1	0	0	1	50	27	15	80	0	1	1
ASV4265	1	9	7	4	4	9	6	2	1	7	7	7	1	3	2	3	0	1	2	5	1	1	1	7	7	2	4	2	9	1	5	17	3	1	11	3	24	6	10
ASV651	8	27	14	8	6	11	5	4	3	19	0	1	0	1	1	1	0	0	1	14	2	0	0	11	11	7	9	8	7	0	0	0	4	5	4	4	0	0	0
ASV618	9	11	10	11	13	10	9	6	9	12	5	6	1	1	2	1	0	2	1	10	0	0	1	5	6	9	13	9	16	0	1	0	0	3	0	0	0	1	2
ASV662	9	1	3	0	1	1	2	0	1	2	0	0	0	1	1	0	0	0	0	4	0	0	1	1	0	2	0	1	1	0	1	23	46	43	22	15	7	3	3
ASV704	6	1	3	5	3	3	0	3	6	1	1	3	13	8	9	16	14	8	16	2	16	13	7	2	2	6	2	0	4	7	7	2	0	0	0	1	0	3	2
ASV753	11	12	6	7	8	7	7	14	6	16	0	3	1	2	1	3	6	5	4	11	1	1	3	4	6	6	5	5	9	1	4	3	1	9	1	1	1	3	1
ASV1127	0	3	2	1	5	3	1	1	0	6	0	1	1	0	0	0	0	0	0	15	1	0	0	5	5	7	5	2	6	1	0	7	11	1	18	81	2	3	0
ASV1452	1	4	8	19	16	12	25	14	11	4	30	15	6	0	0	0	0	0	1	3	0	0	0	1	0	1	4	5	9	1	0	0	0	0	0	0	0	0	4
ASV713	10	7	8	2	7	4	2	1	0	7	3	1	0	1	0	3	1	0	5	7	3	4	2	10	11	4	5	5	1	2	1	11	12	18	8	1	10	15	2
ASV743	23	7	13	5	7	2	12	10	15	3	12	36	4	4	3	6	3	6	0	5	1	2	1	0	2	0	5	2	3	0	1	0	0	0	0	0	0	1	0
ASV3881	5	3	0	3	1	1	0	3	4	2	0	10	5	17	2	18	3	8	6	0	6	6	3	0	2	2	1	2	1	35	38	0	0	1	1	2	0	0	2
ASV696	12	3	3	1	0	5	1	1	0	2	0	0	0	0	1	0	0	1	0	1	2	0	0	5	5	3	0	4	2	0	0	30	12	23	12	7	15	41	1
ASV711	1	5	8	14	10	9	27	18	7	8	13	2	0	1	3	0	1	0	1	5	0	1	0	5	5	10	12	13	10	4	0	0	0	0	0	0	0	0	0
ASV674	0	2	0	0	2	1	1	0	0	1	0	0	0	0	1	0	0	0	0	1	1	0	0	0	3	0	0	3	0	0	0	0	4	19	21	132	0	0	0
ASV785	18	16	8	7	6	4	1	6	4	16	0	3	0	2	4	5	7	7	4	12	3	2	4	12	7	3	7	7	5	0	3	1	0	0	3	0	1	3	1
ASV638	5	1	0	1	0	0	0	5	6	0	14	11	110	4	1	3	2	0	19	0	1	0	5	0	2	0	1	0	0	0	0	0	0	0	0	0	0	0	0
ASV818	11	7	9	6	7	11	14	2	8	8	3	2	3	7	1	1	1	1	0	5	1	2	1	9	8	5	4	4	8	11	3	3	5	9	2	1	4	1	3
ASV821	2	6	9	7	5	11	7	8	5	5	10	7	5	8	11	4	3	5	4	2	2	7	8	8	5	10	10	2	8	3	0	0	0	1	0	0	0	2	1
ASV858	41	11	0	9	2	6	1	4	2	6	2	0	4	4	0	4	5	3	2	10	5	13	23	5	5	3	3	4	3	1	8	0	0	0	1	0	0	0	1
ASV922	6	7	5	6	5	5	2	3	3	8	2	1	4	3	2	3	4	2	8	13	5	4	2	2	9	8	13	4	10	3	0	4	10	0	6	0	10	8	1
ASV746	6	3	3	2	2	3	2	2	4	3	5	4	6	9	9	18	13	14	6	2	5	6	21	2	3	1	2	0	2	8	11	1	0	0	0	0	0	6	6
ASV782	7	4	4	6	3	2	4	7	0	6	3	1	6	1	7	5	11	10	13	2	8	22	4	3	6	2	3	1	5	9	17	1	0	0	0	0	0	6	1
ASV983	6	17	11	3	8	10	7	5	4	10	6	1	0	0	2	6	4	3	3	13	2	4	4	9	9	7	10	5	9	4	4	0	0	2	0	0	0	0	2
ASV720	10	12	4	3	3	1	2	0	2	3	1	0	3	2	0	0	2	0	0	3	1	4	5	4	2	1	1	2	1	5	2	15	24	8	7	5	2	46	3
ASV744	29	6	0	1	2	2	2	4	0	2	0	0	0	0	0	0	0	0	1	5	0	0	0	5	7	1	4	3	0	0	0	9	30	14	8	16	30	3	5
ASV757	0	33	10	6	6	4	10	7	19	8	1	3	2	3	2	1	0	3	4	8	0	0	3	16	12	3	5	6	6	1	2	0	0	1	1	1	0	0	2
ASV796	4	5	1	1	2	2	0	0	2	2	0	0	1	0	0	4	1	1	2	2	1	1	2	1	2	3	2	3	1	0	2	45	12	31	27	0	6	18	2
ASV841	17	11	8	7	12	7	9	6	7	3	5	6	0	4	2	1	1	1	0	6	11	0	3	7	6	4	12	8	12	11	2	0	0	0	0	0	0	0	0
ASV859	1	12	7	4	4	0	2	4	1	9	1	0	0	0	4	2	2	5	2	4	1	3	5	4	11	9	8	8	4	2	2	11	11	17	17	1	8	2	1
ASV915	0	8	4	6	6	16	10	8	4	5	5	11	2	2	4	2	3	0	2	8	3	3	3	6	10	11	12	14	10	2	1	0	1	3	2	1	1	0	0
ASV715	17	5	19	8	5	7	15	7	9	6	4	0	0	2	0	0	1	2	1	11	5	1	5	6	8	5	6	9	9	12	1	0	0	0	0	0	0	1	1
ASV788	0	1	0	0	0	0	2	0	0	0	0	0	0	0	1	0	0	1	0	1	0	0	0	0	0	0	0	0	0	0	0	0	12	2	0	155	6	6	1
ASV819	3	5	2	3	1	2	0	0	1	1	0	2	2	0	1	2	4	3	2	4	2	2	1	3	4	2	9	0	3	1	2	14	33	23	15	9	15	9	3
ASV830	6	3	5	2	1	3	2	1	1	3	0	0	0	0	0	0	0	0	0	6	0	0	0	3	3	4	1	2	2	0	1	11	62	2	27	14	3	14	6
ASV1041	5	0	0	0	3	0	1	3	1	1	1	2	2	1	2	3	4	3	8	1	5	4	1	5	2	2	1	2	1	3	5	3	1	4	9	0	5	51	42
ASV690	2	0	0	1	0	0	0	0	0	0	0	0	0	0	3	6	5	4	8	1	12	75	54	2	1	0	0	0	1	5	7	0	0	0	0	0	0	0	0
ASV752	8	8	2	7	6	5	10	3	2	19	2	5	1	4	3	1	1	2	2	7	2	6	5	11	7	9	13	5	8	3	5	1	1	5	1	1	0	5	1
ASV765	10	12	10	0	10	5	9	9	3	11	0	1	0	1	0	1	1	0	1	13	2	1	2	8	6	5	11	6	11	3	3	0	0	0	0	0	8	23	1
ASV851	10	11	4	2	4	9	2	0	2	6	3	0	0	0	0	1	1	2	0	9	2	1	0	5	4	6	0	6	7	0	0	11	13	21	14	10	15	5	1
ASV940	10	11	4	7	5	1	3	0	1	11	2	4	2	3	0	1	0	2	2	8	1	1	2	9	10	7	11	7	8	1	0	4	19	12	7	3	5	0	3
ASV1242	20	4	2	12	2	2	3	4	3	1	0	0	4	2	1	1	1	5	3	3	1	0	1	3	2	7	4	3	5	0	1	17	2	16	8	0	37	3	3
ASV665	15	12	11	8	5	4	3	0	3	9	0	0	0	0	0	0	0	0	0	17	0	0	0	17	15	8	8	2	7	0	0	1	2	0	3	36	0	0	0
ASV927	10	3	1	6	5	10	5	12	17	5	12	11	5	9	5	4	2	16	2	4	2	2	3	2	7	4	4	6	6	2	2	0	0	0	0	0	0	1	1
ASV931	4	3	2	1	1	3	4	2	3	0	1	1	6	7	7	10	4	8	3	2	2	4	0	3	3	2	2	0	0	4	0	15	1	13	2	1	46	16	0
ASV966	4	11	19	7	11	4	7	10	8	9	3	4	0	3	1	3	1	0	3	12	2	2	1	7	9	11	7	6	8	2	2	1	0	0	2	0	0	0	6
ASV2744	2	7	7	7	8	7	7	4	3	7	3	4	0	0	1	3	1	1	0	6	1	1	0	9	6	9	7	4	4	1	1	8	17	2	20	3	7	3	4
ASV3238	1	11	11	9	12	4	2	10	8	9	7	10	2	5	2	2	1	0	0	8	3	2	0	14	11	10	9	5	9	0	0	1	0	0	0	0	0	0	7
ASV4134	0	5	8	6	5	6	4	2	2	9	3	3	4	4	2	12	5	4	4	6	4	5	3	8	4	10	8	5	8	5	4	7	3	1	3	3	5	2	3
ASV790	1	2	6	0	2	0	0	2	4	1	16	11	90	4	1	3	1	4	18	0	1	0	6	0	0	1	0	3	0	1	0	0	0	0	1	4	1	0	1
ASV980	4	6	12	5	7	4	5	11	8	2	10	7	4	6	4	5	5	3	4	1	5	3	19	7	1	6	6	2	9	6	2	0	0	1	1	0	0	0	4
ASV1333	4	6	1	1	3	5	1	2	1	7	1	1	0	0	2	0	1	2	2	0	2	0	2	2	0	2	1	2	0	0	0	11	29	31	23	3	14	16	6
ASV1581	1	8	4	4	9	5	1	2	5	7	4	9	9	4	6	10	2	3	3	4	5	3	2	3	7	10	4	5	3	3	8	4	2	2	2	7	9	3	2
ASV892	11	5	5	6	4	6	9	6	6	3	5	1	2	1	4	4	2	1	1	6	2	4	5	9	8	6	4	6	6	31	8	0	0	1	1	0	0	1	4
ASV676	27	11	8	9	11	10	6	5	11	7	4	2	0	1	0	1	1	3	2	7	3	1	9	4	3	10	6	7	3	8	2	0	0	0	0	0	0	0	1
ASV747	9	2	2	1	0	1	0	0	0	3	1	2	2	0	10	11	12	21	32	2	16	18	2	3	0	2	2	0	3	1	20	0	0	1	3	0	0	1	0
ASV843	18	3	9	4	4	4	3	4	0	7	2	0	0	0	0	2	0	0	1	7	0	2	1	8	5	6	3	5	3	0	1	1	34	5	7	14	0	15	5
ASV986	3	1	2	0	0	1	2	1	0	0	0	1	1	0	0	1	0	1	1	0	0	0	0	0	0	1	0	0	1	2	0	0	1	7	2	1	124	29	0
ASV1852	0	6	11	7	5	9	8	9	1	4	5	3	78	0	0	1	2	0	1	3	0	0	0	2	6	8	3	3	6	0	0	0	0	0	0	0	0	0	1
ASV738	4	5	3	2	1	2	0	3	4	3	0	0	0	1	1	2	1	1	2	2	1	5	0	3	7	4	5	5	4	1	2	17	1	41	17	0	3	14	15
ASV756	12	16	11	12	5	7	10	4	3	12	3	5	1	2	1	0	1	1	5	9	0	3	0	9	13	8	7	6	10	4	1	0	0	0	0	0	0	0	1
ASV777	2	1	1	1	0	0	0	0	0	2	0	0	1	1	0	0	0	0	0	1	0	0	0	0	1	1	1	1	1	0	0	0	52	7	30	75	0	3	0
ASV1039	2	4	1	3	1	1	1	2	5	1	5	2	4	16	7	62	5	9	2	1	5	3	2	0	2	3	1	0	1	14	6	0	0	0	0	0	0	0	10
ASV668	3	11	5	16	8	5	0	5	0	4	1	1	4	0	3	2	12	8	5	4	16	14	15	6	4	4	1	6	4	7	6	0	0	1	0	0	0	0	0
ASV806	13	6	4	7	0	2	4	4	2	4	1	2	4	3	3	6	12	10	15	5	5	25	6	4	2	3	0	3	4	6	11	0	0	0	0	0	1	4	0
ASV811	4	1	1	0	0	1	1	1	1	1	0	0	0	0	0	0	0	0	0	1	0	0	0	2	0	2	1	5	0	0	1	0	0	0	0	158	0	0	0
ASV1546	1	19	7	14	6	8	11	6	4	7	4	2	1	0	0	0	0	0	0	10	0	0	0	9	8	10	12	8	6	1	0	6	2	2	10	0	0	0	6
ASV784	1	2	1	0	0	1	0	0	1	0	0	0	0	9	0	9	13	10	6	1	20	23	43	1	0	0	0	0	0	17	22	0	0	0	0	0	0	0	0
ASV856	26	17	11	10	4	5	4	4	2	15	2	5	0	0	0	0	0	0	0	14	0	0	0	11	12	16	8	7	7	0	0	0	0	0	0	0	0	0	0
ASV877	20	10	3	3	1	1	3	2	3	6	0	0	0	3	1	1	2	1	1	6	1	5	0	7	2	7	3	1	3	1	0	8	1	5	2	0	2	45	20
ASV1029	4	6	1	1	1	2	2	0	0	0	0	0	1	1	0	0	0	0	0	1	0	1	0	1	3	1	0	0	1	0	0	30	25	7	7	10	64	8	1
ASV2736	3	8	4	2	10	8	2	5	4	3	2	4	2	3	9	4	7	1	4	8	9	7	2	3	9	10	10	2	3	8	9	1	0	0	4	0	3	3	3
ASV780	7	8	3	2	3	2	0	4	0	3	1	1	0	0	2	0	0	1	2	10	1	0	0	3	2	0	1	1	2	1	1	18	3	13	5	2	1	74	2
ASV873	0	0	0	0	1	2	0	0	0	1	16	56	57	2	1	2	4	1	5	0	4	10	15	0	0	1	0	0	0	0	0	0	0	0	1	0	0	0	0
ASV764	8	18	13	5	12	8	10	5	7	26	0	0	0	1	0	0	3	1	0	10	0	1	0	8	9	11	8	4	7	1	1	0	0	0	1	0	0	0	0
ASV955	7	8	2	10	2	4	3	3	3	5	3	3	0	0	1	3	1	0	1	11	1	1	2	10	10	7	10	6	8	0	0	5	2	7	1	0	14	19	5
ASV996	6	6	0	1	2	1	0	0	0	1	0	0	0	0	0	0	0	0	0	9	0	0	0	5	2	3	2	1	1	0	1	20	74	2	21	3	3	10	4
ASV1082	26	13	5	6	5	15	5	6	0	7	4	1	2	0	0	0	5	1	0	7	0	0	1	6	10	18	4	6	6	0	14	0	0	0	0	0	0	2	2
ASV1166	4	10	1	3	3	3	1	2	3	6	5	2	1	1	3	4	5	10	9	3	11	28	8	4	4	3	2	3	3	9	20	0	0	2	1	0	0	0	0
ASV1692	9	6	4	15	3	7	10	7	16	9	10	17	3	6	3	0	2	0	3	2	0	0	4	5	0	1	2	12	6	0	0	0	0	0	1	0	0	0	14
ASV778	0	1	1	0	0	1	1	0	0	1	1	1	3	7	15	14	25	17	32	0	0	7	6	1	0	0	0	0	1	34	8	0	0	0	0	0	0	0	0
ASV817	12	4	1	4	5	4	3	2	8	2	6	2	4	3	6	3	0	3	4	2	4	6	3	4	5	0	1	5	9	7	16	0	1	1	0	32	2	2	1
ASV832	8	7	11	10	4	16	13	10	8	7	3	3	0	0	0	0	0	0	0	14	0	0	0	10	6	8	17	9	12	0	0	0	0	0	0	0	0	0	1
ASV904	16	6	7	4	3	13	13	12	5	4	3	8	0	0	0	0	1	1	2	20	0	0	3	5	9	5	3	3	5	0	0	0	0	1	0	0	0	0	25
ASV1187	0	1	2	3	0	5	2	1	0	0	11	11	18	17	8	13	6	10	6	1	12	10	16	1	2	0	0	1	0	8	8	0	0	0	0	1	0	0	2
ASV2610	8	7	15	12	16	10	13	8	4	5	3	12	0	0	0	1	0	0	0	8	0	0	0	9	6	4	10	9	13	0	0	0	0	0	3	0	0	0	0
ASV663	1	16	8	5	8	5	7	10	18	12	0	1	1	1	0	1	2	1	0	11	3	2	6	10	16	8	4	7	8	1	0	0	0	3	0	0	0	0	0
ASV722	3	0	2	1	1	0	1	0	2	0	2	0	4	16	16	7	9	12	6	3	15	34	21	1	3	1	2	1	0	2	10	0	0	0	1	0	0	0	0
ASV751	5	2	5	6	3	5	5	5	8	5	14	9	6	9	9	2	1	6	5	2	5	2	9	7	4	3	5	5	6	2	2	0	0	3	3	0	1	1	6
ASV792	0	2	0	1	0	1	2	0	0	1	0	0	0	0	0	0	0	0	0	0	0	0	0	0	0	1	0	2	0	0	0	33	18	61	41	1	3	3	6
ASV807	2	4	1	3	0	1	1	1	1	1	0	0	0	0	0	0	0	0	1	1	1	0	0	0	1	0	4	1	0	0	0	16	38	32	13	41	11	1	0
ASV887	35	10	6	7	0	6	6	2	0	14	0	0	0	1	0	0	5	0	0	8	0	0	0	8	8	9	13	8	5	22	3	0	0	0	0	0	0	0	0
ASV941	1	3	5	5	6	8	4	5	17	3	7	6	8	5	7	6	1	7	3	3	6	1	4	5	2	5	9	3	3	5	11	0	0	6	2	0	0	1	3
ASV1021	2	6	5	4	4	4	1	3	1	9	0	0	0	1	1	1	0	1	1	11	2	0	1	1	3	7	0	1	1	0	2	5	31	4	7	14	14	25	2
ASV761	2	2	1	4	1	7	1	2	3	2	6	1	8	18	19	14	11	8	10	2	4	3	7	1	3	3	3	2	5	5	4	2	0	0	4	0	0	1	6
ASV774	0	0	0	0	0	0	0	0	0	0	0	0	0	0	0	0	0	1	0	0	0	0	0	0	0	0	0	0	0	0	174	0	0	0	0	0	0	0	0
ASV837	10	5	2	7	3	3	2	2	0	2	0	0	0	0	1	0	0	0	1	4	0	1	0	2	5	1	13	5	2	0	0	1	14	25	19	44	1	0	0
ASV889	7	13	9	7	7	8	7	10	8	11	11	3	1	1	4	1	2	3	5	7	4	5	1	1	3	5	5	2	4	2	2	2	0	2	1	2	0	1	8
ASV937	2	6	11	3	7	3	3	5	1	4	3	4	0	2	5	0	2	3	6	8	3	1	4	7	1	5	7	6	2	0	1	9	7	15	5	7	12	4	1
ASV5839	2	3	0	6	5	3	4	4	7	2	9	10	1	7	8	4	4	1	5	3	5	2	13	3	4	2	11	4	2	3	3	4	1	4	11	0	9	5	0
ASV718	17	6	0	5	3	2	2	3	1	2	0	1	0	0	0	0	0	0	0	4	1	0	1	6	6	2	4	3	2	0	2	17	11	21	10	5	15	19	3
ASV802	15	2	6	2	3	2	3	3	2	3	1	0	0	2	0	0	0	0	0	4	1	0	0	5	8	4	3	5	2	0	0	25	4	12	11	0	2	39	5
ASV1493	7	10	7	14	12	10	16	9	11	11	5	4	0	1	0	0	0	0	0	8	0	0	0	7	7	3	13	5	10	0	0	2	0	0	1	0	0	0	0
ASV3401	4	1	0	0	1	0	1	2	4	0	0	0	4	0	3	0	2	1	5	2	3	2	0	0	0	1	2	0	3	7	11	2	3	0	1	2	97	8	1
ASV816	4	1	3	2	3	4	2	1	4	4	4	5	0	5	7	1	3	5	2	5	3	3	3	5	4	2	4	2	2	2	3	25	2	9	11	0	6	15	7
ASV834	10	4	2	0	2	2	1	2	4	4	0	3	8	9	14	22	14	20	9	2	9	9	6	1	0	0	0	0	4	0	3	1	1	2	1	0	0	4	0
ASV919	22	2	3	4	4	1	2	3	2	7	2	0	2	1	1	0	0	0	0	4	1	2	0	2	5	3	2	5	2	0	0	2	15	4	4	0	4	15	47
ASV1016	15	4	2	5	2	8	15	4	11	1	12	4	5	3	14	3	9	9	7	0	2	4	0	0	4	2	3	3	4	11	3	0	0	0	0	0	0	0	3
ASV762	7	5	3	1	3	5	2	1	3	2	2	1	1	2	4	4	1	2	4	3	2	0	5	5	5	0	7	2	3	0	3	4	8	23	12	1	28	4	4
ASV787	4	6	5	5	5	3	5	3	1	9	5	3	9	21	16	8	3	4	0	10	2	2	7	6	2	7	3	2	4	3	1	0	0	1	0	0	0	0	7
ASV814	7	13	6	1	3	6	4	2	6	8	3	4	4	9	5	6	8	7	0	6	2	7	6	7	6	6	1	2	2	0	1	4	0	8	6	0	0	1	5
ASV846	2	7	8	2	1	4	9	2	1	6	0	1	0	0	1	0	0	0	0	4	1	2	0	7	1	6	3	2	6	2	0	9	30	28	4	18	3	2	0
ASV925	8	2	1	2	6	5	5	3	4	6	5	10	7	5	6	8	12	11	6	3	9	6	5	4	6	2	3	3	1	8	5	1	0	2	1	0	0	1	0
ASV813	3	8	12	7	12	7	12	5	11	12	4	2	1	0	1	0	2	1	1	14	0	0	1	8	6	7	6	7	7	1	0	1	5	1	2	2	0	0	2
ASV835	0	3	2	1	1	1	1	0	1	1	1	0	0	0	1	0	0	1	1	4	1	0	0	4	1	4	1	2	2	0	0	21	9	48	24	0	23	12	0
ASV857	12	6	5	2	5	3	7	4	12	8	28	9	10	8	8	2	2	1	4	4	3	7	4	1	1	5	2	1	5	0	0	0	0	0	2	0	0	0	0
ASV865	12	1	6	4	5	1	8	1	6	10	3	4	4	3	5	7	8	9	6	2	9	8	2	1	4	4	6	2	8	3	5	1	0	6	4	0	0	2	1
ASV1003	12	14	4	2	4	4	4	7	1	10	0	0	1	2	4	2	2	3	1	12	1	5	4	9	8	13	11	3	7	3	2	0	0	0	1	0	0	12	2
ASV1123	3	6	3	6	4	2	4	2	8	4	4	3	16	11	12	0	1	2	0	8	1	0	0	6	8	5	6	3	5	4	3	1	1	9	11	0	7	1	0
ASV712	13	0	3	1	3	2	1	0	0	3	0	0	0	0	1	0	0	0	0	2	0	0	0	2	7	5	4	1	0	0	0	12	16	19	30	45	0	0	0
ASV1297	3	3	1	0	3	1	2	2	0	1	3	2	2	1	1	1	0	1	0	1	1	1	0	5	3	2	3	3	6	0	1	18	14	31	23	15	6	0	9
ASV1704	2	3	4	8	3	4	4	6	3	8	11	10	3	5	11	4	0	2	4	7	6	1	6	6	3	5	4	9	3	0	3	4	1	1	4	2	6	3	0
ASV3095	2	5	3	2	1	5	0	6	0	10	4	2	0	0	1	4	0	3	3	4	5	3	1	5	0	6	6	3	6	1	0	10	9	2	9	6	30	11	1
ASV794	17	2	3	0	4	3	6	2	8	2	5	4	7	5	9	6	7	10	2	1	6	8	2	1	1	10	3	6	4	5	2	3	0	3	2	0	0	5	5
ASV831	7	5	4	2	2	1	1	2	0	1	2	2	2	3	7	8	8	1	6	7	7	22	11	3	1	0	1	0	1	13	30	0	0	0	0	0	8	1	0
ASV870	10	7	4	8	3	7	8	9	5	7	7	4	0	3	2	2	3	2	1	5	1	5	1	4	7	9	5	6	9	0	1	3	5	6	3	2	0	4	1
ASV891	2	6	1	5	5	3	1	5	12	3	10	3	2	8	9	8	0	2	5	3	6	5	22	9	5	6	1	3	5	3	3	0	0	3	1	0	0	1	3
ASV920	18	12	11	13	8	12	5	5	4	9	1	1	0	0	0	0	2	1	1	7	0	1	1	10	9	8	10	8	8	0	0	0	0	0	0	4	0	0	0
ASV959	36	15	7	4	6	5	4	2	3	9	0	0	1	0	0	0	0	0	0	17	0	0	0	14	9	18	9	2	7	0	0	0	0	0	0	1	0	0	0
ASV981	2	5	9	6	6	5	3	7	3	4	0	3	0	0	1	1	1	2	0	3	0	0	2	3	4	3	3	7	8	2	0	1	0	1	0	0	1	1	72
ASV2319	3	5	4	0	4	4	1	1	0	3	1	1	0	0	0	0	0	0	0	4	0	0	0	9	5	6	2	2	5	0	0	28	34	6	8	7	8	14	3
ASV862	11	13	10	15	6	6	10	10	6	7	5	5	1	1	1	0	1	0	1	4	0	0	1	9	8	6	14	3	7	0	2	2	0	2	0	0	0	1	0
ASV956	2	9	10	3	3	4	2	6	2	8	1	6	0	9	8	3	1	3	5	4	5	6	5	5	5	3	3	3	4	4	8	5	2	7	3	0	9	2	0
ASV848	19	4	2	1	0	3	1	2	1	1	1	0	3	4	5	7	18	5	19	2	14	11	6	3	1	1	1	2	0	18	8	1	1	0	0	0	1	1	0
ASV906	2	3	0	0	0	1	0	0	0	4	0	0	0	0	0	0	0	0	0	1	0	0	0	3	2	2	1	2	0	0	0	3	15	28	52	47	0	0	1
ASV954	3	1	1	1	0	0	1	2	1	0	2	0	0	0	0	0	1	0	5	1	0	1	0	1	1	0	2	0	1	1	4	2	1	3	1	0	37	41	52
ASV1254	4	7	8	2	5	10	4	6	5	8	3	3	1	7	7	3	0	2	2	8	0	4	1	2	1	8	8	3	5	1	2	3	2	12	5	0	7	4	3
ASV1475	6	16	9	10	14	8	9	8	5	6	9	3	1	0	2	1	0	1	0	8	1	3	1	5	4	10	10	5	4	1	2	0	1	0	0	0	0	1	2
ASV808	1	0	1	1	2	0	2	0	0	0	0	0	1	2	2	9	13	18	23	3	6	16	36	0	0	0	0	2	0	13	14	0	0	0	0	0	0	0	1
ASV815	3	3	4	1	2	1	2	0	0	2	1	1	0	0	1	0	2	0	1	1	0	0	2	7	6	2	3	0	2	0	0	5	32	25	11	35	11	0	0
ASV3309	1	6	4	3	5	1	0	3	0	9	0	0	0	0	0	1	0	1	0	7	0	1	0	10	2	5	11	3	4	0	0	6	13	0	16	50	2	1	0
ASV5511	2	3	5	6	6	9	2	3	2	9	2	3	0	0	1	3	3	2	2	7	2	4	0	10	6	3	5	4	5	6	3	19	5	1	6	6	6	2	2
ASV726	1	6	16	10	4	6	11	6	5	1	10	5	2	3	3	6	0	3	1	21	2	2	4	7	5	4	8	5	2	4	2	0	0	0	0	0	0	0	0
ASV896	28	14	5	9	5	6	4	3	1	7	0	0	1	2	3	2	1	3	1	9	2	1	0	6	4	11	10	4	6	0	0	0	0	0	0	0	11	5	1
ASV1010	4	0	3	0	0	1	2	0	0	4	1	0	5	8	9	11	17	19	19	2	21	10	8	2	1	3	2	4	1	3	3	0	0	1	0	0	0	0	0
ASV1122	7	11	4	5	3	7	5	1	3	6	0	0	3	3	1	1	0	4	2	7	2	11	1	8	5	3	8	4	4	5	3	5	6	9	1	2	12	1	1
ASV1144	3	6	3	3	5	4	3	0	1	1	0	0	3	1	3	1	3	1	2	7	1	3	2	4	4	1	3	0	1	2	2	10	17	18	5	5	23	10	3
ASV5943	2	7	4	4	2	3	2	5	0	5	1	0	0	4	0	1	0	2	0	5	0	0	1	8	8	6	3	6	6	0	2	13	12	2	16	15	7	8	4
ASV714	0	2	2	0	1	1	1	6	4	2	9	6	9	23	19	6	1	2	0	3	3	3	15	2	1	1	3	4	2	12	0	0	0	10	4	0	0	0	7
ASV740	10	18	4	4	0	5	1	3	6	10	2	1	0	2	3	6	2	2	4	20	2	6	1	10	11	7	7	9	4	1	1	0	0	0	0	0	0	2	0
ASV754	3	3	0	1	2	1	0	2	0	0	0	0	0	0	0	0	1	0	0	0	0	0	0	3	0	0	0	0	1	0	0	2	71	36	7	19	10	2	0
ASV763	3	5	14	6	12	5	16	8	17	9	5	11	4	2	2	0	0	2	0	4	0	3	2	5	5	5	10	5	3	0	0	0	0	0	0	0	0	0	1
ASV795	25	4	7	20	6	4	15	2	11	4	6	0	1	1	1	2	1	1	1	5	0	2	0	4	8	7	10	6	5	1	3	0	0	0	0	0	0	0	1
ASV803	8	11	9	9	7	8	4	6	14	4	2	5	1	3	3	6	4	6	1	4	4	3	4	7	6	2	4	8	7	1	1	1	0	1	0	0	0	0	0
ASV866	3	7	4	1	0	1	2	0	1	0	0	0	0	1	0	2	1	2	5	0	3	14	44	3	1	5	4	0	0	10	14	3	1	0	2	18	2	10	0
ASV957	6	2	2	5	3	1	6	1	3	1	3	1	7	8	11	9	11	5	7	6	10	14	9	3	2	2	1	2	4	8	8	0	0	0	0	0	0	0	3
ASV1051	11	9	4	5	7	6	6	1	7	8	1	1	3	7	1	3	1	2	1	5	5	4	2	3	8	6	6	2	4	1	3	6	1	10	5	5	0	3	0
ASV1258	6	6	6	2	1	2	2	3	0	2	4	2	3	3	1	5	1	1	4	6	4	3	3	6	3	5	5	5	1	1	3	5	21	4	6	1	22	2	3
ASV3072	2	4	4	5	9	5	6	9	4	5	16	11	7	4	7	4	4	3	5	4	3	0	2	2	3	6	5	6	5	1	6	2	0	0	0	0	2	1	1
ASV829	9	7	4	3	0	5	4	2	2	5	0	0	1	1	6	24	9	9	4	6	6	1	3	3	1	3	4	1	2	2	26	0	1	1	1	0	3	3	1
ASV871	3	3	2	4	3	5	3	3	14	2	4	2	7	9	7	13	5	11	2	1	4	1	2	3	4	1	2	1	5	5	2	2	0	13	5	0	1	2	7
ASV876	7	8	4	3	3	4	3	2	1	3	1	1	0	0	0	0	0	0	0	7	0	0	0	5	6	6	2	1	1	0	0	7	49	14	9	12	3	0	1
ASV947	10	7	3	7	5	4	5	3	4	7	2	2	3	4	5	5	4	6	7	5	3	3	3	4	12	4	6	0	4	5	4	3	0	1	1	1	2	7	2
ASV964	1	1	1	4	0	7	9	4	6	0	7	8	0	1	4	3	2	0	0	0	0	0	0	0	5	1	3	1	1	94	0	0	0	0	0	0	0	0	0
ASV1040	3	3	1	2	3	1	5	5	2	3	7	1	13	11	13	13	9	9	6	1	6	7	11	0	1	0	4	0	1	17	4	0	0	0	0	0	0	0	0
ASV1150	11	2	5	2	0	2	1	0	0	0	1	1	2	0	0	1	0	0	0	1	1	0	0	5	1	1	2	1	0	0	1	5	43	12	25	26	2	7	1
ASV1356	0	1	1	0	0	0	1	2	0	0	1	0	0	3	13	10	13	11	20	0	27	16	6	1	1	0	0	0	0	15	16	0	1	0	0	0	2	1	0
ASV1425	4	8	3	1	3	2	2	1	1	2	1	0	0	0	0	1	2	1	0	5	1	0	2	2	2	1	0	0	2	1	1	13	34	6	8	14	24	10	4
ASV939	12	4	3	1	1	2	0	2	2	1	0	2	6	5	8	6	9	21	1	5	1	4	6	4	1	0	0	1	2	2	2	18	5	9	4	1	3	8	0
ASV1038	3	6	4	3	6	10	1	2	2	6	4	2	1	4	5	2	2	4	6	6	4	5	3	7	2	9	6	2	4	3	6	4	2	5	2	0	9	9	0
ASV1374	3	0	0	0	0	1	0	0	1	0	0	0	0	0	0	0	3	0	1	2	0	0	0	0	0	1	0	0	0	1	2	10	0	7	4	0	122	3	0
ASV729	24	2	2	1	4	4	1	7	4	1	1	2	1	2	2	1	4	5	4	3	6	11	26	2	1	3	1	3	1	1	5	5	0	13	4	1	1	1	1
ASV771	15	7	5	4	2	5	3	7	6	3	8	20	9	10	9	5	8	11	1	4	2	2	0	2	1	3	3	3	2	1	0	0	0	0	0	0	0	0	0
ASV839	10	5	7	2	0	2	2	4	0	12	0	0	0	1	0	0	0	0	0	5	0	0	0	5	6	4	4	3	2	1	0	25	14	13	14	16	2	2	0
ASV853	17	9	1	4	0	4	6	11	6	2	2	4	9	4	8	5	6	14	6	5	2	2	8	0	3	5	3	5	1	2	2	0	1	0	1	2	0	1	0
ASV881	6	7	12	6	3	7	2	2	4	12	1	1	0	0	0	3	1	0	1	7	1	0	1	11	8	6	6	5	3	0	0	5	6	8	7	7	3	6	3
ASV897	13	11	5	13	6	4	14	8	5	8	5	3	0	1	1	1	1	2	1	11	1	1	1	13	7	9	8	5	2	1	0	0	0	0	0	0	0	0	0
ASV1246	3	1	2	3	0	2	2	0	0	2	0	2	0	1	1	0	2	0	0	0	0	0	0	3	1	1	0	0	1	0	0	23	6	3	2	3	20	71	5
ASV1435	4	2	5	1	2	3	1	2	5	4	1	8	2	0	1	8	2	2	4	4	6	1	1	4	6	1	6	1	5	5	3	11	4	0	0	1	30	8	6
ASV2774	12	6	2	2	5	9	5	6	4	2	31	17	0	3	2	3	3	1	3	9	3	0	1	3	4	4	7	1	1	4	1	0	0	0	2	0	0	2	2
ASV833	18	12	5	7	2	5	3	3	12	4	5	3	2	0	6	2	4	0	2	2	2	0	1	4	9	6	4	6	1	1	1	1	8	0	1	0	13	3	2
ASV918	3	8	11	16	11	4	14	6	9	4	13	10	0	2	0	0	0	1	1	8	0	1	0	3	7	4	5	10	9	0	0	0	0	0	0	0	0	0	0
ASV921	1	3	9	9	2	8	7	7	14	2	9	8	6	3	4	0	1	4	4	4	2	0	1	4	6	6	8	12	10	4	2	0	0	0	0	0	0	0	0
ASV929	12	7	3	5	4	6	8	3	1	8	0	0	1	0	0	0	1	1	1	11	2	3	2	8	1	2	3	3	3	1	0	0	11	6	4	8	3	25	3
ASV936	21	6	8	6	5	11	4	3	10	5	7	1	3	1	3	0	0	0	0	13	3	0	2	5	8	10	8	8	4	0	3	0	0	1	0	0	1	0	0
ASV938	1	3	1	4	4	3	7	8	13	2	17	11	4	3	3	2	7	0	2	1	32	0	3	4	10	3	4	5	3	0	0	0	0	0	0	0	0	0	0
ASV985	4	2	2	1	2	2	3	3	7	0	19	12	12	8	11	6	3	7	6	4	5	13	5	0	1	2	1	1	2	2	1	1	1	2	0	4	0	4	1
ASV1025	1	4	1	3	5	0	4	3	5	1	3	2	3	5	0	1	3	4	2	4	1	10	3	7	6	2	4	4	5	45	16	0	0	0	0	0	0	2	0
ASV1066	2	12	5	3	8	6	6	4	10	1	15	7	0	3	2	3	1	1	1	5	2	3	6	6	4	6	6	2	6	1	0	1	1	3	4	0	0	1	12
ASV1090	12	11	4	4	2	1	1	4	3	10	0	2	0	0	0	1	0	0	0	6	1	1	0	7	5	5	9	2	3	0	0	6	21	8	3	15	2	9	1
ASV1736	1	0	0	1	0	1	1	0	0	1	0	0	0	0	1	8	10	8	13	1	14	4	0	1	0	1	0	0	3	25	65	0	0	0	0	0	0	0	0
ASV2411	2	3	4	7	8	5	8	5	2	2	8	5	0	1	0	0	0	0	1	7	1	1	0	8	13	6	11	8	2	2	2	9	0	1	3	0	12	1	11
ASV793	4	3	3	2	1	1	2	2	0	5	3	3	3	3	4	8	6	11	6	2	29	26	8	5	1	2	1	1	2	2	10	0	0	0	0	0	0	0	0
ASV810	5	5	5	7	10	6	15	9	15	1	9	14	1	3	5	4	1	0	0	3	0	2	1	4	3	2	3	6	7	12	1	0	0	0	0	0	0	0	0
ASV699	0	17	9	14	6	8	11	7	2	7	1	5	0	0	0	0	0	0	0	17	0	0	0	16	9	11	2	9	7	0	0	0	0	0	0	0	0	0	0
ASV968	7	0	0	0	0	0	0	0	0	4	0	0	0	0	0	1	0	0	0	2	0	0	0	4	2	0	1	1	0	0	1	14	45	20	13	37	2	2	2
ASV898	4	2	3	2	6	2	2	5	1	2	1	2	4	6	6	8	8	14	13	5	8	12	15	3	3	6	1	0	2	2	5	0	0	1	0	0	0	3	0
ASV1071	3	5	4	2	5	3	3	2	2	3	4	3	0	0	0	0	1	0	0	4	0	0	0	2	6	8	9	3	3	0	0	1	8	7	9	8	0	7	41
ASV1074	3	4	2	2	5	0	2	2	0	1	0	0	1	2	0	4	2	4	4	3	7	4	6	1	5	1	6	2	2	2	14	3	12	8	4	4	23	10	1
ASV826	6	0	2	9	2	4	5	5	2	2	29	40	1	2	1	0	1	1	3	1	2	3	4	3	3	6	3	6	5	2	0	0	1	0	0	1	0	1	0
ASV827	0	2	1	2	1	1	2	0	2	1	3	0	9	18	17	11	11	8	6	1	9	10	8	0	2	1	1	0	0	7	8	3	1	1	1	0	3	1	4
ASV895	2	0	1	3	0	2	0	1	0	1	0	0	0	0	0	0	0	0	0	0	0	0	0	0	1	2	2	2	0	0	0	24	22	37	27	11	16	2	0
ASV963	9	9	5	1	4	3	3	0	5	11	4	0	0	0	2	3	3	3	3	1	3	3	1	5	5	4	7	4	4	4	1	4	0	14	5	1	3	10	9
ASV992	22	6	3	3	1	4	1	2	3	2	2	3	4	1	10	7	11	11	8	1	8	8	4	1	0	3	0	0	0	5	8	2	0	2	3	0	0	5	2
ASV800	13	4	1	1	2	3	1	1	2	2	1	0	0	0	0	0	1	0	0	1	1	1	1	4	2	0	1	1	1	0	0	1	57	15	13	24	0	0	0
ASV888	6	9	2	5	1	1	1	2	1	3	0	0	0	0	0	0	0	1	0	4	1	0	3	4	1	2	5	2	0	3	1	8	23	11	5	24	12	12	2
ASV923	17	2	2	2	0	5	2	1	1	6	1	0	0	0	1	0	0	0	0	9	0	0	2	3	5	4	3	2	2	0	0	17	15	14	8	12	5	12	2
ASV979	9	1	5	2	0	1	4	2	0	1	1	1	0	0	0	0	0	9	4	2	14	17	24	2	2	2	1	1	1	25	16	2	0	5	1	0	0	0	0
ASV1781	6	8	6	7	8	9	2	3	2	9	3	2	0	0	0	1	0	0	0	17	0	2	0	15	6	11	13	14	3	0	0	0	0	0	0	0	0	0	7
ASV943	1	0	1	1	2	0	0	0	1	0	2	2	1	0	1	0	5	2	15	0	7	73	18	1	2	1	4	2	1	3	7	0	0	0	0	0	0	1	0
ASV944	8	12	5	7	6	8	4	10	6	5	3	2	2	6	1	6	1	3	0	12	1	0	3	3	6	7	2	1	7	3	1	6	1	1	2	0	1	1	1
ASV976	3	1	2	0	1	1	1	2	0	0	0	0	0	1	0	0	0	0	0	0	1	0	0	0	0	1	3	0	2	0	0	41	25	17	11	5	10	19	7
ASV1013	11	4	12	4	6	14	11	12	17	5	6	5	1	1	0	1	2	1	0	4	0	0	0	6	4	4	4	1	9	0	0	4	1	3	0	0	0	0	0
ASV1100	2	2	0	1	3	1	0	0	0	4	0	0	1	0	0	0	1	0	0	2	1	0	0	2	1	5	3	1	1	0	0	3	66	27	6	10	1	8	1
ASV1249	6	1	2	0	0	0	1	0	0	1	0	1	2	4	0	3	8	4	10	0	11	8	2	1	0	0	0	0	0	9	17	4	1	14	9	1	14	3	16
ASV2599	0	12	12	10	13	9	1	1	2	6	8	4	3	1	3	2	0	1	2	8	2	3	0	7	4	5	10	10	5	2	0	1	0	0	1	0	0	1	4
ASV820	2	5	5	0	1	3	2	1	0	2	1	0	1	3	17	17	20	13	9	1	14	10	5	3	1	0	4	1	5	3	3	0	0	0	0	0	0	0	1
ASV845	5	3	5	3	9	1	2	0	1	5	1	0	0	0	0	0	0	0	0	5	0	0	0	5	7	4	7	1	4	0	0	0	0	1	5	79	0	0	0
ASV903	14	0	2	0	1	0	1	0	2	2	0	0	1	0	0	0	0	0	0	1	0	0	0	1	2	1	1	2	0	0	0	2	28	4	3	77	7	1	0
ASV1018	14	5	3	1	5	3	2	1	2	3	1	2	2	3	6	8	2	5	3	6	2	5	2	8	4	0	1	5	1	4	3	19	0	9	1	0	2	8	1
ASV1226	18	8	4	1	5	3	1	0	2	2	1	0	0	0	0	0	0	0	0	11	0	0	0	9	5	9	6	3	3	0	0	0	7	3	16	29	0	4	2
ASV1318	16	11	8	3	6	8	2	2	3	6	1	0	1	2	3	2	3	5	4	5	6	5	4	4	6	3	6	2	7	2	0	3	2	3	3	0	1	4	0
ASV1330	10	17	7	8	12	5	7	6	0	9	0	3	0	0	0	2	0	0	0	7	1	2	0	11	8	8	9	6	12	0	2	0	0	0	0	0	0	0	0
ASV5695	6	8	1	3	3	2	2	1	1	0	1	1	0	0	0	0	0	0	0	6	0	1	0	7	1	3	3	1	1	0	0	28	23	3	10	7	18	6	5
ASV890	3	10	6	3	5	2	6	1	1	6	0	1	2	0	0	0	0	0	1	6	0	1	1	7	5	8	1	2	8	0	0	7	1	13	6	0	8	28	3
ASV934	2	0	0	0	0	2	0	0	1	0	0	0	0	0	0	0	0	0	0	0	1	1	0	0	0	0	0	0	0	0	0	0	0	0	1	143	0	0	1
ASV1085	1	0	1	2	0	0	0	0	0	0	0	0	2	0	3	0	0	0	1	1	2	0	0	0	1	0	0	1	0	7	3	8	5	5	1	0	107	0	0
ASV1232	3	3	4	3	3	2	3	4	5	2	15	14	1	9	17	2	2	2	3	6	5	4	5	4	2	4	4	3	8	1	6	0	0	0	0	0	0	1	1
ASV2451	2	4	0	0	0	0	2	0	4	0	3	5	9	11	13	12	19	14	6	2	13	9	3	1	1	0	0	2	0	7	8	0	0	0	0	0	0	1	0
ASV2834	2	0	0	0	0	0	0	0	0	0	0	1	3	6	8	7	15	17	14	0	26	16	8	1	2	0	0	0	0	12	13	0	0	0	0	0	0	0	0
ASV789	2	1	1	0	0	0	1	1	0	1	0	1	3	1	2	8	23	15	30	0	12	26	4	0	0	0	1	1	1	3	8	0	0	1	0	0	0	3	1
ASV850	0	5	2	3	3	5	5	4	6	2	9	6	9	6	7	3	8	8	10	1	4	8	6	2	1	4	1	4	4	9	5	0	0	0	0	0	0	0	1
ASV872	8	7	11	9	8	14	21	6	12	1	7	3	0	0	0	0	0	0	0	2	0	0	0	6	4	6	13	6	5	0	0	0	0	0	1	0	0	0	1
ASV882	5	5	6	4	0	3	0	5	1	2	0	0	0	0	0	0	1	0	0	4	0	0	0	4	3	3	3	1	0	0	1	9	27	25	10	5	8	16	0
ASV1128	1	0	1	1	0	0	0	0	1	0	0	1	4	3	14	16	24	7	15	0	19	10	7	0	1	1	1	0	0	17	5	0	0	0	0	0	1	0	0
ASV1143	4	6	6	2	5	11	1	4	4	14	0	0	2	0	0	0	0	1	2	8	0	2	2	6	4	7	4	3	9	1	0	11	5	3	8	3	6	4	2
ASV786	8	1	9	5	7	17	17	10	12	3	9	2	1	1	0	0	0	0	0	2	0	0	1	4	19	3	8	4	2	0	0	0	0	0	1	0	0	0	4
ASV847	6	2	2	0	1	1	0	0	0	2	0	0	0	0	0	0	0	0	0	4	0	1	0	2	0	2	1	1	3	0	0	10	16	33	33	30	0	0	0
ASV861	14	2	3	4	4	0	0	4	1	6	0	0	2	0	0	3	1	3	2	1	7	5	9	2	3	4	4	5	3	3	5	9	0	11	7	0	2	18	3
ASV878	20	9	6	3	4	2	2	4	0	8	0	0	0	0	0	0	0	0	0	5	0	0	0	4	5	9	4	0	1	0	0	3	18	17	13	7	3	3	0
ASV990	6	4	9	14	8	16	6	2	3	4	5	2	3	0	0	0	0	2	0	3	0	0	0	13	10	23	8	6	3	0	0	0	0	0	0	0	0	0	0
ASV1053	9	19	17	8	3	6	8	5	4	8	0	4	0	0	0	0	0	0	0	11	0	0	1	7	8	9	7	9	4	0	0	1	0	0	0	1	0	0	0
ASV1104	13	3	2	2	0	1	2	2	5	0	2	2	0	0	1	3	11	9	4	1	20	24	7	2	0	2	1	2	1	8	8	0	0	5	4	0	0	0	2
ASV1169	4	2	0	2	0	1	2	0	0	1	0	0	0	0	1	0	0	0	0	0	0	0	0	0	0	0	2	0	0	0	1	5	1	8	5	0	36	64	14
ASV1174	13	11	3	4	5	4	3	1	1	11	1	0	0	3	1	2	0	0	1	11	3	0	0	2	2	12	1	2	4	0	0	0	5	5	3	33	1	1	0
ASV1214	1	2	3	3	4	6	3	7	10	2	8	4	42	4	2	6	2	2	12	3	1	1	0	5	3	1	3	0	4	2	2	0	1	0	0	0	0	0	0
ASV1228	5	6	2	3	2	5	3	1	2	4	4	1	0	2	3	2	3	7	4	8	2	6	3	2	5	4	2	2	4	2	2	1	4	9	3	1	19	9	2
ASV1381	5	1	6	8	11	10	9	3	7	3	7	8	4	8	5	7	0	2	2	3	0	0	7	2	5	3	7	8	7	0	0	0	0	0	0	0	0	0	1
ASV1514	4	3	12	7	3	3	9	3	2	8	3	2	1	1	1	1	2	1	2	3	3	0	3	7	4	4	8	4	2	3	2	2	0	4	1	0	1	27	3
ASV1691	2	5	4	11	6	5	7	3	6	3	7	5	0	0	0	1	0	0	0	5	1	0	3	10	3	7	5	7	5	3	1	4	1	0	6	3	12	2	6
ASV842	2	1	5	2	1	4	1	3	1	3	0	0	0	0	0	0	0	0	0	2	0	0	0	3	1	0	1	1	2	0	1	27	3	36	26	0	5	14	4
ASV1255	7	1	0	2	0	3	1	1	0	5	0	0	3	8	6	7	6	21	12	2	10	6	3	0	2	2	1	2	0	6	7	8	2	5	2	0	1	6	0
ASV1986	9	9	5	2	5	4	12	3	8	7	4	4	5	7	2	1	2	2	2	6	2	4	1	8	8	9	7	2	3	2	2	0	0	0	0	0	0	0	1
ASV3752	5	15	5	4	4	1	1	1	1	5	2	1	0	0	0	0	2	0	0	8	0	0	1	8	1	4	6	2	3	0	0	13	8	2	8	11	15	7	4
ASV4004	2	2	2	3	4	6	2	2	0	5	3	1	3	3	2	0	0	2	2	7	6	3	3	2	5	4	3	3	4	3	2	7	8	2	8	4	4	25	1
ASV4396	6	3	3	3	5	5	2	2	6	5	5	6	4	3	8	1	0	2	6	6	5	4	9	5	3	5	4	6	7	4	6	4	0	0	1	0	2	0	2
ASV875	0	0	0	0	0	0	0	0	0	0	0	0	0	0	0	0	0	0	0	0	0	0	0	0	0	0	0	0	0	0	0	0	132	13	2	0	0	1	0
ASV914	0	4	8	8	4	9	2	9	14	3	4	5	4	5	4	2	0	4	4	4	1	0	5	5	2	4	2	8	7	1	1	5	0	7	2	0	0	0	1
ASV917	4	7	4	6	5	4	24	9	17	9	11	4	1	2	2	3	1	2	0	5	1	2	0	6	7	5	2	1	4	0	0	0	0	0	0	0	0	0	0
ASV928	27	16	1	6	9	2	4	7	0	8	2	0	0	0	0	0	0	0	0	17	0	0	0	8	5	11	11	9	3	0	0	0	0	0	0	0	0	1	1
ASV950	4	3	0	2	2	1	2	2	4	5	4	0	0	0	0	0	1	1	0	2	0	1	0	1	4	6	4	4	0	0	1	11	3	30	30	1	0	5	14
ASV970	22	12	5	9	3	8	9	2	1	9	2	2	0	0	0	0	0	0	0	13	0	0	0	5	12	14	8	3	8	0	1	0	0	0	0	0	0	0	0
ASV1034	5	6	1	4	0	3	1	1	1	5	0	0	0	2	3	1	0	2	1	2	0	1	1	4	1	2	0	1	1	3	2	24	7	4	6	8	19	24	1
ASV1037	7	1	4	1	5	1	4	1	1	7	0	0	0	1	0	1	1	0	0	3	0	1	0	3	4	4	3	0	6	0	1	15	0	22	16	1	12	18	3
ASV1050	22	10	3	1	3	4	6	3	0	2	0	0	0	0	1	0	0	0	2	7	0	0	1	2	3	9	7	2	5	0	2	1	11	1	2	1	12	24	0
ASV1121	12	6	1	0	2	6	1	2	2	4	2	5	1	4	8	14	9	14	9	6	8	7	3	3	1	1	5	2	2	2	4	0	0	0	0	0	0	0	1
ASV1204	9	6	6	1	3	3	3	4	2	9	0	0	0	0	0	0	3	1	0	9	0	1	0	7	2	3	5	2	4	4	0	10	3	9	4	6	24	0	4
ASV1275	1	1	10	16	9	10	11	13	15	6	5	8	0	0	0	1	1	0	0	7	0	0	0	3	2	5	5	4	14	0	0	0	0	0	0	0	0	0	0
ASV1506	11	5	0	3	0	1	2	0	1	6	0	0	0	0	0	0	0	0	0	11	0	0	0	7	3	11	6	1	2	0	0	4	21	2	19	22	2	6	1
ASV962	2	1	3	1	1	1	2	0	0	0	1	20	27	1	6	9	6	9	11	2	9	11	1	3	1	0	0	1	2	1	14	0	0	0	0	0	0	1	0
ASV999	5	4	7	3	2	1	1	0	3	1	1	0	1	1	0	0	1	0	1	5	0	0	1	4	3	3	6	3	2	0	0	23	3	15	18	0	9	13	7
ASV1011	3	8	5	4	1	4	3	0	2	7	1	4	2	8	6	8	9	7	7	7	3	0	2	3	5	2	5	2	3	3	2	0	0	2	0	0	8	6	4
ASV1026	2	10	8	5	5	3	1	3	4	7	1	2	8	2	6	2	4	6	5	6	5	5	0	8	4	4	3	4	3	5	3	0	0	6	4	0	0	2	0
ASV1186	9	1	1	2	2	3	15	5	2	3	7	12	3	2	10	3	8	8	4	1	0	10	1	1	3	1	2	2	1	9	15	0	0	0	0	0	0	0	0
ASV1985	3	7	14	5	6	5	6	2	2	14	5	2	1	1	7	4	1	1	2	6	0	2	5	6	3	6	5	7	5	1	2	2	1	2	3	0	1	0	1
ASV855	2	0	0	1	0	0	0	0	0	0	0	0	0	1	0	1	3	7	4	1	10	56	42	0	0	0	0	0	0	11	5	1	0	0	1	0	0	0	0
ASV994	7	7	6	5	5	7	20	6	3	4	19	2	1	0	0	2	0	1	1	5	17	2	0	3	3	8	6	0	4	1	1	0	0	0	0	0	0	0	0
ASV1001	0	2	1	2	1	2	2	1	0	0	3	1	3	4	8	15	16	12	9	4	7	9	8	2	2	2	2	0	0	14	7	0	0	1	0	0	0	5	0
ASV1048	8	3	1	6	0	0	0	2	0	2	0	0	0	0	1	0	0	0	0	2	0	0	2	1	0	3	3	1	1	0	0	12	29	20	17	9	5	14	3
ASV1054	11	0	0	1	2	0	0	1	1	3	0	0	1	3	7	7	19	10	16	1	10	15	5	2	2	0	0	0	0	12	14	0	0	0	0	0	0	1	1
ASV1194	1	1	0	0	1	0	2	0	0	1	0	0	0	0	0	0	0	0	0	2	0	0	0	5	1	2	4	1	0	0	0	33	6	25	12	3	33	10	2
ASV5569	1	1	0	0	0	3	0	1	3	0	3	3	6	12	10	12	24	11	16	3	13	8	3	0	0	1	0	0	0	5	4	1	0	0	0	0	0	0	1
ASV946	9	11	4	1	2	4	1	0	1	5	0	0	3	1	0	2	2	7	0	4	2	2	1	4	3	9	1	1	1	4	3	12	3	11	10	11	3	5	2
ASV1043	2	1	1	4	3	5	2	3	1	5	2	1	4	3	5	9	13	6	6	6	12	7	9	5	2	4	5	0	1	2	6	1	0	0	2	1	1	4	0
ASV1098	3	2	2	0	1	0	0	0	0	0	0	0	0	0	1	1	0	0	1	2	0	0	0	1	0	0	0	0	0	2	2	44	11	20	17	1	22	11	0
ASV1237	21	6	10	2	5	1	2	2	0	3	0	0	0	0	0	0	0	0	1	8	0	0	0	4	8	7	9	4	1	0	0	0	2	2	10	10	24	2	0
ASV1270	0	0	1	3	0	1	0	1	0	1	0	0	0	0	0	0	0	0	0	0	0	0	0	0	0	2	1	1	0	0	0	0	0	0	1	132	0	0	0
ASV907	13	3	1	2	0	3	1	0	2	0	0	0	0	0	0	0	0	0	0	8	0	0	0	4	2	4	4	2	2	0	0	11	39	0	21	10	0	5	7
ASV930	8	7	9	5	5	3	4	4	6	7	7	1	1	1	1	1	3	0	5	5	2	0	1	8	12	5	4	4	6	3	0	1	0	3	5	0	0	1	6
ASV948	3	14	10	6	7	2	4	4	2	3	1	0	1	1	0	0	0	1	0	11	0	0	2	16	7	9	6	3	9	0	0	0	4	9	1	8	0	0	0
ASV982	3	6	1	2	2	1	2	2	11	2	2	3	3	3	3	1	1	1	2	5	4	2	2	7	2	7	2	3	2	24	4	0	0	5	2	2	19	0	1
ASV997	4	2	1	3	0	2	1	1	3	3	0	0	0	0	0	0	0	0	2	2	0	5	0	1	5	2	1	0	1	0	0	12	16	20	4	44	1	5	3
ASV1133	19	3	2	3	0	2	2	2	0	1	1	1	5	5	1	5	5	6	10	4	8	5	10	2	5	7	1	1	3	1	3	5	1	3	4	0	0	3	4
ASV1236	15	13	4	4	2	3	4	0	1	8	3	7	1	3	6	0	5	2	0	5	3	9	2	6	5	9	5	5	4	1	5	0	0	2	0	0	1	0	0
ASV1403	12	5	2	3	2	0	2	1	3	1	0	1	2	2	0	1	0	0	0	2	1	0	3	3	1	4	1	2	0	2	1	3	1	7	9	0	0	9	57
ASV1502	15	0	6	5	1	6	3	0	0	6	0	0	0	1	0	0	0	0	2	2	2	0	1	6	2	2	6	1	3	0	0	12	13	15	8	5	4	11	5
ASV995	12	17	10	2	7	7	4	3	4	7	1	1	1	0	0	2	0	0	0	12	0	1	0	7	5	8	6	2	3	0	0	1	0	7	12	0	0	1	0
ASV1070	5	5	3	3	3	1	1	5	6	5	2	5	3	4	9	6	8	4	3	5	2	2	4	5	6	3	3	5	1	4	5	0	1	1	3	0	2	8	1
ASV2777	3	5	7	5	5	6	3	3	6	10	1	0	0	0	0	0	0	0	0	7	1	3	1	7	7	6	11	10	7	0	1	4	8	3	6	0	5	1	0
ASV911	12	3	3	6	2	2	6	5	5	1	7	4	7	3	9	9	1	5	4	7	1	1	5	2	2	9	1	3	3	4	1	2	0	3	4	0	0	0	0
ASV933	8	2	3	1	0	1	2	7	3	0	2	5	4	16	13	5	11	11	4	1	1	4	16	2	1	5	1	3	2	2	3	0	0	0	0	0	0	0	3
ASV958	10	8	1	2	1	0	5	1	0	0	0	1	0	0	0	0	0	0	0	3	0	0	0	3	4	2	2	1	1	0	0	19	32	17	9	7	0	12	1
ASV1055	1	3	4	0	2	1	4	2	2	7	0	1	2	5	6	2	6	3	6	4	7	7	8	2	6	1	5	1	3	5	7	2	2	7	8	0	1	5	3
ASV1061	17	6	5	2	2	0	1	2	0	2	0	0	0	1	1	0	0	3	2	2	0	6	0	0	1	0	0	1	1	3	7	22	7	15	4	3	12	11	2
ASV1075	0	2	0	0	0	0	0	0	0	0	0	0	1	1	6	8	24	20	22	0	18	12	6	0	0	0	0	1	0	10	10	0	0	0	0	0	0	0	0
ASV1081	13	4	4	2	5	1	6	5	1	5	0	0	0	0	0	0	0	0	0	6	0	0	1	10	7	8	2	0	1	0	0	2	37	5	4	3	7	2	0
ASV1091	0	5	1	0	2	0	0	0	0	2	1	0	0	0	0	3	37	23	3	1	12	7	23	2	1	0	1	0	3	3	11	0	0	0	0	0	0	0	0
ASV1110	1	3	0	0	1	0	0	0	0	2	0	0	0	0	1	0	0	0	1	4	1	0	0	0	2	2	2	1	1	0	0	30	22	25	15	3	20	3	1
ASV1115	11	6	5	6	3	7	7	5	6	4	5	5	0	0	0	0	1	0	1	3	1	0	1	12	9	7	5	5	6	1	0	14	0	5	0	0	0	0	0
ASV1116	2	0	2	1	1	2	0	3	4	1	2	4	9	22	10	4	1	9	0	0	4	5	6	0	2	1	0	1	2	33	7	1	0	0	0	2	0	0	0
ASV1345	1	0	2	4	5	3	2	3	2	0	3	0	5	4	9	7	3	8	3	3	9	11	2	2	2	2	5	2	7	3	8	2	0	1	0	1	5	7	5
ASV1607	1	3	7	5	5	1	6	5	4	6	7	5	2	4	4	0	2	4	2	9	5	1	3	8	7	5	4	6	5	3	2	0	7	1	0	1	0	1	0
ASV822	12	11	6	7	16	6	12	8	8	1	3	1	2	0	1	1	1	0	0	5	2	0	1	9	3	5	9	2	4	0	2	0	0	3	0	0	0	0	0
ASV935	3	8	4	1	1	1	2	2	1	5	2	2	1	7	6	9	9	5	11	2	2	10	16	0	5	2	5	2	2	2	12	0	0	0	1	0	0	0	0
ASV1017	3	4	1	9	6	8	6	4	11	2	7	6	0	0	0	2	0	0	0	1	0	0	0	3	1	4	1	3	3	51	1	0	0	0	0	0	0	1	2
ASV1195	1	0	2	0	0	0	1	0	1	1	2	0	8	6	10	5	10	8	9	1	3	12	1	2	0	0	2	0	0	34	14	0	0	0	0	0	0	0	7
ASV2721	4	3	6	5	3	3	1	5	1	8	1	0	0	0	1	0	1	0	0	6	0	2	2	6	5	8	8	9	3	2	0	7	2	2	5	5	25	1	0
ASV2835	4	3	3	5	2	2	2	2	3	2	1	1	9	9	11	4	9	9	8	2	10	8	3	3	2	0	0	0	1	6	1	0	0	0	0	1	10	3	1
ASV867	3	3	5	2	0	1	3	1	2	0	0	0	0	1	0	2	0	0	0	3	3	7	62	6	3	5	4	0	5	1	7	0	1	2	6	0	0	2	0
ASV883	11	5	3	1	1	1	0	2	2	0	0	0	3	7	9	28	5	12	4	3	4	9	2	0	2	3	0	0	1	9	8	0	0	2	3	0	0	0	0
ASV905	5	4	11	5	7	5	2	6	4	5	4	2	2	7	6	6	4	2	2	3	2	3	6	2	8	5	3	5	6	3	1	0	0	1	2	0	0	1	0
ASV961	1	0	0	1	1	0	1	2	0	2	0	2	3	5	0	3	2	3	5	2	9	1	3	1	1	0	0	0	1	9	9	16	1	11	27	0	1	8	9
ASV1105	0	0	0	0	0	1	0	0	0	1	2	1	8	15	13	14	14	7	11	1	7	20	7	0	0	0	0	1	4	4	8	0	0	0	0	0	0	0	0
ASV1763	5	9	12	8	11	10	3	7	2	8	2	1	1	0	1	1	2	1	2	10	0	0	3	9	5	3	6	7	7	1	1	0	0	1	0	0	0	0	0
ASV2532	2	0	1	0	0	1	1	0	0	0	0	0	6	3	7	11	11	10	13	0	11	4	9	0	1	0	0	0	0	14	29	0	0	0	0	2	0	0	3
ASV899	0	1	1	0	0	0	1	0	0	0	0	0	0	0	0	0	0	0	1	0	1	0	0	0	0	0	0	0	0	0	0	0	9	41	9	74	0	1	0
ASV987	0	11	8	2	1	4	3	3	0	6	1	1	2	2	1	6	3	3	1	6	8	6	12	6	6	2	3	5	5	1	2	3	0	4	3	0	1	5	3
ASV1141	8	1	6	7	9	7	4	8	12	2	6	7	3	0	1	5	3	3	4	3	2	2	1	6	1	1	4	3	4	1	4	0	0	1	2	0	1	0	6
ASV2361	1	2	4	3	7	9	11	8	4	2	3	3	0	0	1	0	0	0	0	2	0	0	1	1	6	3	2	6	8	2	0	0	0	0	0	0	0	0	49
ASV4454	0	4	8	6	10	14	7	8	2	5	4	3	2	4	2	0	2	2	0	2	3	0	1	4	2	3	5	7	6	5	4	3	0	1	2	0	1	2	4
ASV971	4	2	1	2	0	0	1	0	3	0	0	0	0	0	1	1	1	1	0	2	0	0	0	2	0	0	0	0	0	0	0	18	19	40	20	6	6	8	0
ASV1028	3	2	3	3	4	2	3	3	1	6	2	0	2	3	2	1	0	2	1	2	4	3	4	1	5	1	3	2	4	0	2	6	3	19	8	3	21	2	1
ASV1052	0	6	2	6	6	4	8	6	8	2	5	7	2	0	3	6	2	6	5	4	3	1	3	1	4	0	3	6	2	3	8	0	0	0	1	0	0	0	14
ASV1078	9	8	2	2	5	4	5	1	2	2	4	0	5	1	6	3	3	0	0	6	0	0	1	7	5	6	7	1	3	2	2	0	6	1	1	0	27	0	0
ASV1106	8	2	2	4	0	2	1	0	1	3	0	0	0	0	0	0	0	0	0	1	0	0	0	3	1	3	1	1	0	0	0	54	30	15	4	1	0	0	0
ASV1109	6	1	2	1	0	1	0	0	0	1	0	0	1	0	0	1	1	1	0	1	0	0	0	1	2	0	0	0	1	1	0	39	19	12	6	0	13	22	4
ASV3995	3	6	3	4	4	4	4	5	2	8	4	3	5	3	0	5	3	0	4	6	3	2	1	7	2	4	10	5	4	2	4	1	2	1	1	1	4	7	0
ASV874	8	6	2	1	0	1	6	1	3	4	0	1	0	0	3	1	1	0	1	3	0	1	1	3	2	4	4	0	1	0	0	9	5	14	2	7	27	12	3
ASV900	7	4	2	7	1	6	5	5	6	4	2	3	0	3	2	3	2	4	6	3	2	6	1	8	4	3	4	1	3	1	0	9	0	2	2	0	1	11	4
ASV1120	4	10	4	2	2	3	4	5	1	4	1	3	4	5	4	6	10	7	3	5	1	1	17	5	4	5	4	3	2	1	1	1	0	1	0	1	0	2	0
ASV1196	10	3	5	3	5	7	3	5	7	2	3	7	1	2	0	1	2	0	0	3	1	0	2	4	3	8	7	3	3	0	1	15	0	15	2	1	1	0	1
ASV1411	5	9	3	5	6	2	3	3	4	4	1	0	6	3	7	1	1	1	4	2	4	5	3	4	2	3	7	4	6	4	1	1	3	6	4	0	2	1	6
ASV1424	3	3	3	5	0	6	9	2	8	1	5	8	1	1	1	5	1	2	1	2	0	0	0	4	1	4	0	3	1	54	0	0	0	0	1	0	0	0	1
ASV2383	2	3	2	1	1	3	2	2	2	6	2	1	0	0	0	0	0	0	0	4	2	0	1	5	3	4	4	5	3	0	1	21	14	3	11	11	8	5	4
ASV5931	3	2	0	4	1	5	2	2	0	2	2	0	1	0	0	0	0	1	0	8	0	0	0	5	2	4	3	3	6	0	0	40	1	2	26	2	0	5	4
ASV885	9	3	10	7	3	7	13	13	1	1	10	0	1	0	0	0	1	0	0	4	0	0	0	9	5	10	12	4	13	0	0	0	0	0	0	0	0	0	0
ASV967	5	11	3	6	4	2	4	3	3	5	4	0	0	1	4	4	5	1	2	6	2	0	7	5	3	6	10	6	3	0	1	1	2	0	1	0	8	5	3
ASV1006	9	8	7	4	5	0	9	5	6	4	5	1	1	0	3	0	0	1	0	6	0	0	15	9	15	7	2	4	7	0	0	0	1	0	0	0	0	0	1
ASV1009	0	0	0	0	0	1	0	0	2	0	0	0	1	19	5	5	33	19	7	0	6	0	7	0	0	0	0	0	0	0	29	1	0	0	0	0	0	0	0
ASV1019	8	3	2	0	3	2	2	1	2	0	0	3	0	0	2	1	0	0	0	3	0	0	0	3	2	3	2	1	2	1	1	1	30	19	10	26	2	0	0
ASV1027	1	5	6	4	5	13	6	6	3	7	6	3	4	1	1	3	0	0	4	6	4	0	1	10	8	5	9	5	5	1	3	0	0	0	0	0	0	0	0
ASV1049	1	1	1	0	0	1	0	0	0	2	0	0	0	1	0	0	0	0	0	1	0	0	1	2	1	0	0	1	3	0	0	11	44	19	20	3	19	2	1
ASV1273	3	21	4	4	5	6	6	4	2	10	4	2	0	1	0	1	0	0	0	5	0	0	4	4	9	10	8	3	6	0	0	4	0	1	1	0	1	3	3
ASV965	0	1	1	1	0	0	0	0	0	0	0	0	0	0	0	0	0	0	0	0	0	1	0	0	0	1	0	0	0	0	0	1	119	7	3	0	0	0	0
ASV1095	0	0	0	0	0	0	0	0	0	1	1	1	0	0	2	4	8	13	12	1	20	10	35	0	1	0	0	0	1	9	6	0	6	1	0	0	2	0	0
ASV1124	2	12	8	8	5	7	9	11	6	7	0	3	0	0	0	0	0	0	0	12	0	0	0	8	9	7	7	8	5	0	0	0	0	0	0	0	0	0	0
ASV1157	11	9	3	3	4	6	8	4	4	10	0	0	0	0	0	1	1	2	2	6	0	0	1	6	4	6	4	4	7	1	2	6	5	2	3	0	6	3	0
ASV1203	4	10	10	4	7	8	9	6	8	7	0	3	0	0	0	0	2	0	0	3	0	0	0	6	9	15	7	7	4	1	1	1	0	0	0	0	0	0	2
ASV1879	2	0	0	0	0	0	1	0	0	0	0	0	1	0	1	1	1	2	2	0	1	4	1	0	0	1	0	0	0	1	3	1	5	0	0	2	89	14	1
ASV945	0	1	0	1	1	0	4	0	2	3	2	0	11	6	10	8	15	13	11	0	10	8	6	2	2	1	1	0	0	6	9	0	0	0	0	0	0	0	1
ASV978	5	0	1	0	1	0	1	0	0	2	1	0	0	5	0	1	11	5	12	2	10	23	26	0	1	1	0	0	0	7	11	2	5	0	1	0	0	0	0
ASV1004	1	0	1	0	0	0	0	0	0	0	0	0	0	1	1	7	6	5	10	1	8	30	19	0	0	0	0	0	0	6	37	0	0	0	0	0	0	0	0
ASV1035	1	3	4	1	2	0	0	3	2	1	0	1	5	8	18	9	11	7	12	2	5	6	2	1	1	0	0	1	1	11	10	0	0	0	0	0	1	3	1
ASV1117	6	7	1	2	2	1	3	1	1	1	0	0	0	0	0	0	0	0	0	7	0	0	0	3	3	2	3	0	1	0	1	1	37	6	6	37	1	0	0
ASV1158	0	3	0	0	0	0	0	1	0	1	1	1	0	0	0	0	0	0	0	0	1	0	0	0	1	0	1	0	3	0	0	0	1	3	8	101	0	7	0
ASV1378	0	0	0	2	3	2	3	1	4	1	5	3	11	3	7	10	13	17	16	0	2	2	0	0	0	0	0	4	1	12	3	0	0	0	0	0	2	0	6
ASV1468	4	11	8	5	5	4	5	3	5	8	2	1	2	2	1	1	1	1	0	13	0	2	1	5	5	4	9	4	7	0	0	3	0	1	1	0	0	2	7
ASV2100	3	1	2	1	1	1	1	0	2	0	0	0	0	0	0	0	0	0	0	5	0	0	0	2	3	0	0	1	0	0	0	21	18	1	14	5	1	36	14
ASV902	10	4	0	0	3	0	0	0	0	3	0	0	0	0	0	0	0	0	0	1	0	0	0	1	0	1	1	0	0	0	0	0	24	17	18	50	0	0	0
ASV973	4	3	0	1	1	0	1	2	1	2	0	2	0	0	1	2	1	0	1	1	0	1	0	1	1	1	0	0	2	0	1	12	14	17	18	26	15	1	0
ASV1005	15	10	1	2	2	7	4	7	5	7	2	2	8	6	4	5	7	4	0	5	0	5	0	3	3	6	4	4	1	1	0	1	0	0	1	0	0	0	0
ASV1046	23	9	6	2	2	8	5	3	0	15	1	0	0	0	0	0	0	0	0	10	0	0	0	5	5	7	5	3	2	0	0	5	8	6	2	0	0	0	0
ASV1080	11	11	5	3	1	1	2	4	1	7	0	0	0	1	0	0	0	0	1	6	1	0	0	6	2	1	2	0	1	1	0	6	13	10	5	19	6	2	3
ASV1101	3	4	7	1	4	5	0	1	2	5	0	1	0	0	0	1	0	1	0	2	0	1	0	0	5	5	1	1	1	0	0	11	21	18	5	6	4	14	2
ASV1137	7	4	3	2	4	3	6	4	2	0	5	3	5	10	8	5	7	15	1	4	13	3	1	3	1	2	1	2	2	1	1	2	1	0	0	0	0	1	0
ASV1172	57	5	4	4	2	2	3	2	1	1	0	1	1	0	1	0	1	0	0	5	2	1	3	7	3	3	3	3	2	2	0	0	2	3	2	1	1	4	0
ASV1181	2	6	8	3	2	3	2	3	2	5	1	2	0	1	1	0	0	0	0	8	3	2	0	7	1	0	8	2	7	1	1	8	1	10	7	0	6	7	12
ASV1382	2	1	0	0	1	3	1	0	2	0	5	0	3	12	4	13	20	5	21	0	0	13	9	0	0	0	0	0	1	9	6	0	0	0	0	0	1	0	0
ASV3861	3	5	4	3	6	1	3	1	1	3	0	0	1	0	1	1	0	1	1	3	1	0	1	2	6	4	6	4	0	5	0	12	11	0	3	3	6	28	2
ASV951	4	2	0	1	1	0	0	0	0	0	0	2	1	4	9	10	10	3	15	0	11	26	15	0	2	2	2	1	2	3	5	0	0	0	0	0	0	1	0
ASV1024	6	16	3	4	2	2	3	2	2	9	2	7	0	0	0	0	0	0	2	2	0	0	0	6	8	5	6	5	4	1	0	3	2	6	8	4	0	4	7
ASV1042	5	9	4	6	4	7	9	6	6	8	2	9	0	2	0	0	1	1	2	8	2	1	0	7	3	4	3	6	5	0	3	2	0	2	4	0	0	0	0
ASV1167	1	8	4	3	2	1	1	4	1	3	0	0	0	0	0	0	0	0	1	10	0	0	1	4	3	0	2	1	2	0	2	9	14	27	6	9	4	5	3
ASV1213	1	4	3	4	3	5	4	2	9	5	6	3	1	9	4	0	3	7	6	3	3	3	3	4	8	6	8	6	5	1	2	0	0	0	0	0	0	0	0
ASV1272	3	1	6	1	5	5	7	6	6	1	6	6	5	5	1	0	2	0	5	3	6	1	7	10	5	8	2	3	6	0	0	1	0	0	1	0	2	0	5
ASV1296	0	1	2	2	4	2	0	0	1	3	0	2	0	1	4	0	1	4	1	0	4	1	1	2	4	1	2	0	0	2	1	13	7	16	9	25	12	1	2
ASV1317	2	7	2	6	4	1	4	2	0	9	0	0	0	0	0	0	0	0	0	9	0	0	1	1	4	6	5	1	5	0	0	16	7	13	11	0	2	13	0
ASV1458	6	1	4	1	1	0	2	1	2	3	2	1	3	5	7	4	10	4	8	2	5	2	2	3	1	3	7	0	4	2	4	9	0	3	4	0	2	11	2
ASV1517	19	9	8	1	1	1	3	2	0	6	0	1	0	0	1	0	1	0	0	5	0	0	1	4	6	4	3	0	4	0	0	5	1	5	6	5	4	18	7
ASV1540	14	11	4	5	6	6	0	6	0	6	0	3	1	1	0	0	2	1	1	14	0	0	1	10	9	12	6	4	4	1	0	0	0	0	0	0	0	2	1
ASV1586	5	4	6	3	2	1	1	3	1	3	1	0	0	0	1	2	2	0	1	2	1	1	1	4	3	2	2	0	4	1	0	21	4	19	14	1	3	10	2
ASV1650	8	3	3	3	0	0	3	2	0	3	0	0	0	0	0	0	0	0	1	1	1	1	0	1	1	4	3	1	1	0	2	11	16	9	5	5	9	31	3
ASV791	10	3	3	4	2	3	6	0	3	2	1	2	6	10	8	5	2	3	2	10	5	1	14	3	3	4	1	2	2	4	3	0	0	0	0	0	0	0	4
ASV849	3	15	6	7	8	6	1	4	1	8	2	0	2	3	0	2	1	2	1	8	2	1	0	7	5	3	3	5	3	1	1	2	0	4	3	0	6	5	0
ASV949	3	7	9	5	2	9	4	3	0	4	1	0	0	0	1	0	0	0	0	7	0	1	0	3	5	4	4	3	1	0	0	4	22	19	4	3	3	0	0
ASV1032	2	5	7	5	18	7	14	8	3	4	5	2	2	3	3	1	0	2	0	2	0	0	1	2	11	6	5	2	5	0	0	2	1	0	2	0	0	0	0
ASV1097	9	2	3	3	1	3	11	3	9	0	4	6	6	8	11	8	9	8	1	0	5	3	2	3	1	5	1	0	2	0	2	0	0	0	0	0	0	1	0
ASV1130	3	7	1	3	2	0	3	1	0	3	0	0	0	0	1	0	0	0	0	1	0	2	0	2	4	1	4	1	2	0	0	25	10	15	11	0	8	18	2
ASV1215	3	7	5	5	1	10	8	2	4	7	4	2	2	0	2	0	3	1	1	5	3	1	2	5	9	11	2	12	7	2	0	0	0	1	1	0	0	1	1
ASV1463	2	1	1	1	1	0	1	1	0	2	1	0	1	0	0	3	1	0	0	1	1	2	0	1	0	1	1	0	0	1	1	26	1	14	32	1	8	19	4
ASV910	0	0	0	0	1	0	0	0	0	0	0	0	0	0	0	0	0	0	0	0	0	0	0	0	0	0	0	0	0	0	0	0	0	8	5	116	0	0	0
ASV924	8	6	15	11	8	8	5	8	6	1	1	2	0	0	0	0	1	0	0	4	0	0	0	6	6	3	8	10	6	0	0	0	0	3	3	0	0	1	0
ASV977	0	0	0	0	2	2	1	0	2	0	2	2	7	16	8	12	8	17	10	0	7	7	1	0	2	0	2	1	1	14	6	0	0	0	0	0	0	0	0
ASV1155	10	6	10	5	5	0	6	1	0	7	0	0	1	0	0	0	0	0	0	10	0	1	0	6	2	7	5	6	3	0	0	2	3	3	17	13	0	0	0
ASV1295	1	7	11	6	6	4	3	1	3	5	2	2	1	0	1	2	0	1	1	11	0	0	1	5	6	4	13	5	2	1	0	2	1	5	9	1	0	2	4
ASV1433	11	6	1	3	4	8	2	2	1	8	0	2	1	2	0	2	1	1	2	7	2	0	5	11	8	7	7	9	5	0	1	1	0	1	2	0	0	1	5
ASV1703	3	4	0	2	0	2	1	1	1	1	2	0	2	4	4	5	1	1	1	2	5	6	0	1	0	0	1	0	0	1	1	3	1	1	5	0	9	43	15
ASV908	9	2	7	2	3	2	4	0	1	6	1	1	0	1	0	2	2	7	5	4	2	5	5	2	4	3	2	1	2	2	5	2	0	7	14	0	0	10	4
ASV909	7	6	6	1	4	1	3	1	4	6	2	3	0	0	1	12	5	5	7	6	7	2	2	4	4	4	6	1	1	2	4	1	2	1	0	0	2	3	3
ASV991	17	9	4	4	2	4	3	1	3	3	1	0	1	0	0	0	1	1	2	12	3	5	6	8	13	5	3	3	8	1	0	0	0	0	0	1	1	3	1
ASV1102	1	2	0	2	1	2	0	0	0	0	1	1	3	8	5	2	17	10	23	3	16	10	3	0	2	1	0	3	1	0	9	1	0	0	1	0	0	0	0
ASV1114	7	0	2	0	0	0	1	0	0	0	1	0	1	0	0	0	0	0	0	0	1	0	0	0	0	0	1	0	0	0	0	3	2	27	21	61	0	0	0
ASV1309	18	2	0	2	0	0	0	0	0	0	0	0	0	0	0	0	0	0	1	2	2	20	29	2	4	0	0	2	0	3	14	2	4	3	6	6	1	5	0
ASV1324	4	2	5	0	2	2	0	0	4	10	0	2	2	5	1	6	1	6	5	4	1	10	8	3	3	1	1	1	2	3	4	9	2	4	4	0	2	7	2
ASV1346	7	3	3	5	7	10	14	3	7	1	7	1	2	2	0	2	4	0	2	2	0	0	1	2	22	5	4	2	8	1	0	0	0	0	1	0	0	0	0
ASV1353	5	12	2	6	8	6	6	8	2	6	1	2	0	3	1	1	2	0	0	5	1	0	0	7	6	9	4	8	4	0	0	0	0	1	2	0	0	2	8
ASV1377	4	0	0	0	0	0	0	0	0	0	2	0	0	0	0	0	0	0	0	1	1	0	0	2	3	1	0	0	1	0	1	11	60	6	11	14	8	1	1
ASV1534	6	6	5	1	5	5	1	2	1	4	0	0	0	1	1	2	0	0	0	5	1	0	0	5	2	2	1	2	4	1	0	6	25	7	5	6	4	11	1
ASV2379	3	0	5	4	6	3	2	6	4	3	10	12	2	6	5	2	0	2	5	4	2	5	2	4	4	2	7	6	4	6	0	0	0	0	0	0	0	1	1
ASV988	5	2	0	3	0	2	1	0	0	2	0	1	4	0	1	8	13	7	18	3	9	12	3	1	1	3	4	1	0	9	10	1	0	0	0	0	0	3	1
ASV1079	6	1	2	3	2	5	0	2	4	4	2	2	9	9	10	12	1	6	1	5	1	2	8	1	3	5	1	0	2	12	5	0	0	0	0	0	0	0	1
ASV1179	2	6	0	1	0	3	1	0	1	3	0	0	0	0	0	0	0	0	0	3	0	0	0	4	1	2	1	1	1	0	0	12	37	12	8	15	5	8	0
ASV1234	0	1	1	0	2	1	1	0	1	0	0	0	0	1	1	1	2	2	0	1	0	0	1	0	1	0	0	0	0	0	1	4	16	13	4	1	70	0	1
ASV1276	2	3	1	2	0	2	1	2	0	0	0	0	0	1	0	0	1	0	1	2	2	2	0	2	1	3	1	1	2	1	1	13	24	3	20	19	11	1	2
ASV1305	6	0	2	2	1	4	3	2	3	6	0	4	1	1	1	5	3	0	0	2	2	2	2	1	1	3	2	4	1	1	0	6	2	11	8	32	1	2	0
ASV2511	0	10	6	6	2	5	2	3	2	5	2	1	1	0	2	0	0	0	0	8	0	0	0	6	10	9	6	8	7	0	1	6	0	2	11	1	1	2	2
ASV4272	1	5	3	5	5	9	5	3	7	4	6	2	1	3	0	2	4	2	0	6	2	0	1	1	3	4	4	8	4	4	2	4	0	1	6	0	1	0	9
ASV916	0	1	0	0	0	0	0	0	0	0	0	0	0	1	2	5	8	21	12	0	16	18	11	0	0	0	1	0	0	14	14	0	0	0	0	1	2	0	0
ASV993	11	9	5	5	2	1	1	0	0	2	0	0	0	0	0	1	0	0	0	4	0	0	0	2	3	3	4	1	3	0	1	18	8	11	6	3	5	13	5
ASV1014	9	3	5	3	4	5	0	5	6	7	0	0	7	2	2	4	1	2	1	5	2	2	1	3	5	6	8	7	4	0	0	0	5	1	0	2	7	2	0
ASV1047	3	5	5	1	5	5	5	4	8	7	3	10	0	1	1	0	0	0	1	1	0	1	3	2	3	3	0	6	6	0	0	0	0	0	1	0	0	0	36
ASV1065	0	2	0	0	1	0	0	0	0	0	0	0	0	0	0	1	0	15	15	0	2	38	1	0	6	0	0	0	0	21	24	0	0	0	0	0	0	0	0
ASV1072	6	6	2	6	1	6	2	6	2	6	3	0	1	5	5	4	5	8	3	5	4	2	4	2	9	2	3	6	3	0	1	0	0	4	3	0	0	1	0
ASV1113	0	4	4	5	3	1	3	2	2	1	1	2	3	1	8	7	8	4	2	2	9	17	10	3	1	3	2	2	0	2	5	0	0	2	3	0	0	3	1
ASV1118	1	1	0	3	0	0	0	1	1	2	0	0	0	0	0	0	1	0	0	0	2	0	0	1	2	1	0	1	0	0	0	26	25	27	11	8	9	3	0
ASV1147	1	1	0	0	0	0	0	0	0	0	1	0	0	3	7	2	13	14	11	0	10	11	21	1	0	1	0	1	0	12	12	0	2	0	0	0	0	0	2
ASV1235	19	4	1	0	4	2	7	4	0	3	0	0	0	0	0	0	0	0	0	5	1	0	0	3	0	3	1	1	2	0	0	0	5	14	1	27	0	10	9
ASV1294	2	2	0	0	1	0	0	3	1	0	0	1	0	0	1	0	0	0	0	0	0	0	0	0	1	1	0	0	0	0	0	40	5	27	16	0	7	17	1
ASV1541	0	2	0	1	2	5	3	0	5	0	0	1	3	2	14	6	4	10	5	2	9	31	2	1	1	0	0	5	0	8	3	0	0	0	0	0	1	0	0
ASV974	20	4	2	1	0	0	3	6	3	3	4	5	3	8	5	6	2	6	1	3	2	5	14	1	4	2	3	1	3	1	2	0	0	1	2	0	0	0	0
ASV1023	2	4	6	2	2	6	4	0	3	2	4	5	4	8	10	5	2	3	0	3	0	4	13	1	4	2	1	2	1	2	5	10	0	2	0	0	0	1	2
ASV1076	0	2	1	0	1	1	0	0	0	0	0	0	0	0	1	0	0	1	1	1	1	0	0	0	0	0	1	0	0	0	0	21	15	23	12	10	33	0	0
ASV1084	0	1	3	1	0	2	1	0	7	0	3	1	1	7	9	16	12	12	5	1	7	2	2	1	0	1	0	0	0	7	0	1	0	7	3	0	0	2	10
ASV1212	6	2	0	0	1	1	1	3	2	3	0	0	0	0	2	0	1	0	1	1	0	0	2	1	0	1	0	0	0	0	1	8	30	8	12	1	8	6	23
ASV1221	11	9	7	4	4	6	5	4	4	6	2	2	1	0	2	0	1	1	1	6	1	1	2	3	4	13	7	3	7	1	2	0	0	0	1	0	3	1	0
ASV1319	0	7	6	6	2	7	1	3	2	6	1	0	0	0	1	0	1	0	0	12	0	0	0	5	9	5	4	2	3	0	0	7	2	16	9	2	1	4	1
ASV1778	5	0	2	1	3	2	1	0	1	2	2	0	1	0	0	0	0	1	0	0	2	0	1	1	1	1	1	0	0	0	0	6	6	5	1	1	8	29	41
ASV2290	3	7	4	5	5	3	3	3	6	11	3	2	0	7	4	3	1	2	1	6	3	1	0	3	5	8	4	3	3	1	1	0	7	0	2	0	2	0	3
ASV984	7	6	2	2	1	2	3	3	3	4	0	0	0	2	1	0	0	0	1	0	0	0	0	3	5	3	4	4	1	1	0	13	14	14	7	3	8	7	1
ASV1197	13	3	1	1	1	2	3	4	0	4	2	0	4	4	1	1	2	2	2	5	0	0	2	3	6	5	5	1	4	1	1	0	11	0	0	0	29	0	1
ASV1202	2	5	8	3	1	5	4	3	3	5	1	1	1	1	1	0	0	0	0	2	0	1	1	2	3	2	5	3	1	0	0	16	0	18	13	0	8	2	3
ASV1280	2	4	0	3	5	3	1	8	4	4	8	4	1	8	10	13	5	2	8	0	3	5	2	1	2	1	1	1	4	5	5	0	1	0	0	0	0	0	0
ASV1561	9	2	1	4	7	9	14	4	12	2	4	3	2	1	2	4	3	3	1	2	2	0	1	4	1	2	6	6	5	1	0	0	0	0	0	0	0	0	7
ASV5763	0	2	3	3	1	2	2	2	2	8	1	0	5	10	5	4	6	6	10	7	1	4	2	5	3	4	4	2	2	1	7	0	4	0	0	6	0	0	0
ASV1058	6	8	6	3	3	5	4	1	2	2	3	0	1	0	0	1	0	0	0	1	0	0	0	7	1	2	7	0	7	1	0	8	14	3	11	4	7	3	2
ASV1099	30	12	2	6	7	4	4	0	0	8	0	0	0	0	0	0	0	0	0	11	0	0	0	9	8	7	6	3	6	0	0	0	0	0	0	0	0	0	0
ASV1138	0	0	0	0	0	0	0	0	0	0	0	0	0	0	0	0	0	0	0	0	1	0	0	0	0	0	0	0	0	0	0	28	19	15	11	1	26	13	9
ASV1148	3	2	3	2	0	1	0	0	1	1	1	0	2	0	1	6	10	3	11	3	1	4	5	0	1	0	3	0	0	1	1	4	26	2	1	0	21	3	0
ASV1189	12	8	4	1	3	0	1	1	0	4	0	0	0	0	1	0	0	0	0	5	0	0	0	6	3	0	3	1	7	0	0	0	0	2	1	60	0	0	0
ASV1438	4	12	5	2	3	5	3	5	2	3	1	0	0	0	0	0	0	1	0	6	0	0	1	7	3	9	6	6	4	0	0	7	3	5	3	10	1	6	0
ASV1536	7	12	4	3	0	4	4	1	2	4	2	1	0	2	4	5	1	5	5	7	6	4	2	5	6	0	4	0	1	2	2	3	0	3	2	1	2	5	2
ASV1620	3	2	2	1	4	4	5	6	1	2	2	0	1	4	2	5	2	7	1	1	2	5	1	1	3	2	2	3	1	1	1	7	0	3	4	0	5	26	1
ASV5097	2	3	8	4	5	3	2	2	0	4	0	0	0	1	7	2	3	7	8	4	9	4	4	2	2	4	2	3	6	4	7	0	1	1	3	4	1	1	0
ASV1044	32	7	7	6	2	2	2	3	1	7	0	0	0	1	0	0	0	0	0	9	0	1	0	10	5	4	6	3	2	0	0	0	1	1	0	0	9	1	0
ASV1111	0	1	0	1	0	0	0	0	0	2	1	0	10	15	10	17	9	4	8	2	9	12	14	1	0	0	0	0	0	3	3	0	0	0	0	0	0	0	0
ASV1149	2	25	4	9	7	3	5	4	2	6	1	2	1	0	1	0	0	0	0	9	0	0	0	11	11	2	4	4	6	0	1	0	0	0	0	0	2	0	0
ASV1199	20	7	6	6	5	6	5	2	2	6	4	0	1	2	3	1	2	2	1	9	1	0	0	8	4	3	6	4	4	1	1	0	0	0	0	0	0	0	0
ASV1245	8	3	10	4	2	4	10	6	16	2	8	10	2	2	3	4	6	5	1	1	2	2	1	1	0	1	3	2	2	0	1	0	0	0	0	0	0	0	0
ASV1251	2	7	6	3	2	2	2	1	1	7	1	5	1	1	1	3	2	1	4	6	2	4	2	4	3	2	3	1	2	2	3	6	4	3	4	2	9	7	1
ASV1261	4	2	1	0	1	5	1	5	0	0	0	0	2	2	6	3	3	1	1	0	4	0	2	5	3	1	1	3	2	0	2	8	12	13	9	11	8	1	0
ASV1264	1	2	0	2	4	2	2	6	4	4	1	3	5	4	5	3	4	8	5	2	6	5	14	2	0	3	0	0	0	1	10	2	0	5	6	0	0	1	0
ASV1342	1	4	0	0	0	2	4	0	0	1	0	0	0	0	0	0	0	2	0	0	0	1	0	2	3	0	0	1	1	0	0	20	22	20	16	10	2	9	1
ASV2440	0	5	6	8	3	4	1	2	2	3	2	0	3	0	2	3	1	3	1	5	1	2	10	5	2	5	4	3	4	5	3	2	1	3	10	1	2	3	2
ASV926	9	4	3	1	0	2	1	0	1	5	1	0	0	0	0	0	0	0	0	5	0	1	0	3	1	3	0	0	5	0	0	1	47	8	6	14	0	1	0
ASV1139	6	0	0	0	0	0	1	1	1	0	0	0	0	0	0	0	0	0	1	0	0	1	0	1	0	0	2	0	0	0	0	38	11	24	10	0	4	17	3
ASV1145	1	0	1	0	0	0	0	0	0	0	0	0	4	6	9	14	13	20	7	1	13	6	4	0	1	1	0	0	0	8	11	0	0	0	0	0	0	1	0
ASV1259	15	4	4	0	0	2	2	1	1	7	4	9	5	2	4	3	9	4	8	3	7	8	1	3	2	3	3	2	0	3	2	0	0	0	0	0	0	0	0
ASV2182	4	4	4	4	3	1	4	0	1	2	1	0	0	1	0	0	0	0	0	3	0	0	0	4	4	0	3	1	4	0	0	5	28	17	5	0	0	17	1
ASV975	6	7	7	4	4	4	4	9	5	2	5	2	0	0	1	0	0	4	0	5	9	0	0	6	7	5	5	7	8	5	0	0	0	0	0	0	0	0	0
ASV1020	12	3	8	5	3	6	5	3	4	8	5	5	1	2	2	5	0	1	1	5	4	0	6	3	2	3	6	3	5	1	1	0	0	0	0	1	0	1	0
ASV1136	7	3	1	2	5	2	9	11	3	2	6	10	5	12	4	6	0	1	4	2	0	2	4	2	4	2	3	4	3	0	1	0	0	0	0	0	0	0	0
ASV1159	0	2	5	2	7	4	3	6	4	3	2	0	0	3	4	2	2	4	9	3	4	2	6	2	3	5	3	6	6	2	1	1	3	0	0	7	0	3	1
ASV1162	1	8	11	7	8	6	3	1	2	7	3	1	0	0	0	0	0	0	0	21	0	0	0	3	11	6	8	5	8	0	0	0	0	0	0	0	0	0	0
ASV1177	2	4	2	1	0	2	4	4	0	5	1	0	1	0	0	1	0	0	0	6	0	0	1	4	1	1	3	0	2	0	0	14	14	29	11	0	2	4	1
ASV1180	2	1	2	2	3	2	1	4	3	2	3	3	2	4	1	4	4	5	1	1	4	12	20	2	5	2	8	3	0	1	5	2	0	1	0	1	1	1	2
ASV1188	18	2	1	1	3	1	1	0	3	2	1	2	1	1	3	1	4	2	12	5	4	3	4	3	0	2	0	3	4	2	10	2	3	0	0	0	13	3	0
ASV1205	4	3	4	2	1	2	1	1	0	4	0	3	0	0	0	0	0	1	0	1	0	0	0	1	2	5	5	0	1	0	0	12	27	16	7	7	6	4	0
ASV1262	5	6	5	1	2	3	0	1	1	3	0	0	0	0	0	0	0	1	0	7	0	0	0	6	7	5	4	1	1	0	0	4	0	4	3	0	1	25	24
ASV1271	0	0	0	0	0	0	0	0	0	0	0	1	1	0	4	11	15	4	4	0	36	19	3	0	0	0	0	0	0	5	6	1	2	0	0	0	0	0	8
ASV1277	1	10	8	4	4	5	2	8	1	6	2	1	1	4	4	4	0	6	2	4	3	2	4	1	5	6	6	2	1	3	2	0	1	6	0	0	0	1	0
ASV1340	6	3	1	3	3	3	4	2	1	6	0	0	0	0	2	0	0	0	1	9	0	0	1	5	2	3	5	2	4	0	1	5	3	10	7	0	8	14	6
ASV1365	1	2	2	0	0	2	0	0	1	1	0	0	0	0	0	0	0	0	0	6	0	0	0	1	1	3	0	1	0	0	0	0	3	4	27	65	0	0	0
ASV1369	6	14	5	6	5	2	1	2	2	6	0	2	4	2	0	5	0	2	1	10	2	3	0	6	2	7	4	2	1	4	1	0	0	7	3	0	0	1	2
ASV1395	13	10	5	7	7	2	7	8	2	6	7	3	0	0	1	0	0	0	0	10	1	0	0	4	7	2	9	2	5	2	0	0	0	0	0	0	0	0	0
ASV1031	0	1	0	0	0	0	0	0	0	0	0	0	1	0	0	0	0	0	0	0	0	1	0	0	0	0	0	0	0	0	0	39	13	34	15	1	9	5	0
ASV1033	1	0	0	0	0	0	0	0	0	0	1	0	7	2	4	16	24	9	19	1	5	7	4	0	0	3	0	0	1	8	6	0	0	0	0	0	0	1	0
ASV1060	6	9	11	3	2	6	1	1	1	12	2	0	1	0	0	0	0	0	0	9	1	1	1	5	6	6	7	3	1	0	0	0	0	0	2	0	3	13	6
ASV1225	12	9	2	5	4	6	2	1	1	8	1	0	0	0	0	0	0	0	2	6	0	0	0	4	3	7	5	6	5	1	0	4	7	4	2	7	4	1	0
ASV1286	8	9	7	6	7	3	4	3	5	5	6	2	0	1	0	0	0	0	0	7	0	0	0	7	9	7	6	8	4	0	0	1	1	1	0	0	0	0	2
ASV1487	0	6	4	3	2	5	4	2	7	0	3	4	3	1	1	0	4	3	0	1	1	1	2	5	4	6	4	5	2	4	0	4	0	10	10	1	0	2	5
ASV1519	13	4	8	2	1	0	3	1	3	8	1	0	0	0	0	0	1	0	0	7	0	0	0	7	8	8	9	1	9	0	0	4	1	3	1	3	0	12	1
ASV2530	3	2	4	2	3	2	7	3	3	3	4	9	1	2	1	2	2	1	2	3	6	2	2	2	6	9	1	6	7	3	3	3	2	0	2	1	1	3	1
ASV2597	0	3	1	2	5	5	4	1	3	3	6	7	3	3	9	4	11	2	5	2	6	3	1	0	2	3	2	1	5	7	8	1	0	1	0	0	0	0	0
ASV1063	8	4	4	3	3	2	2	0	0	12	1	1	0	0	0	1	0	0	0	6	0	1	0	2	5	5	2	2	2	0	0	3	0	6	0	0	2	40	1
ASV1067	7	5	3	3	3	1	4	4	0	1	0	0	0	4	0	1	1	3	2	6	0	1	2	2	2	5	1	0	0	0	2	8	2	21	11	2	2	7	2
ASV1094	12	8	3	7	2	8	9	10	6	0	2	3	1	1	0	1	1	2	0	4	9	0	3	2	9	6	1	5	1	1	0	0	0	0	0	0	0	0	1
ASV1163	3	13	5	6	6	3	3	2	3	10	0	1	1	0	2	0	0	2	0	7	0	2	0	9	2	1	8	2	2	0	0	2	1	2	3	0	1	12	4
ASV1222	4	3	1	3	0	1	1	1	7	1	1	3	6	11	17	7	4	9	4	0	10	2	2	2	4	1	0	0	0	4	6	0	0	0	1	0	1	0	1
ASV1292	2	10	4	5	10	3	4	2	2	5	1	1	0	1	1	1	0	4	0	9	0	0	0	5	3	2	4	4	5	1	0	6	2	8	4	0	3	0	6
ASV1311	2	7	3	0	11	5	5	5	0	5	4	7	1	1	2	5	2	1	4	2	3	2	8	7	3	2	3	3	4	2	0	1	0	1	3	0	1	1	2
ASV1321	7	0	1	1	0	3	2	2	2	1	4	0	3	4	0	4	2	5	10	0	20	3	9	3	4	0	3	0	0	14	11	0	0	0	0	0	0	0	0
ASV1334	1	1	0	0	0	0	0	0	0	0	0	0	0	0	0	0	1	0	0	0	0	0	0	0	0	0	0	0	0	0	1	7	57	12	12	3	10	12	1
ASV1361	15	1	5	0	0	3	0	1	4	6	1	1	2	3	0	2	1	9	4	3	6	7	11	2	3	1	3	0	4	2	3	1	1	1	0	11	0	1	0
ASV1396	3	1	5	4	1	1	1	1	1	4	0	0	1	0	0	0	0	0	2	0	1	0	0	0	2	5	1	2	2	0	0	5	0	6	4	0	63	1	1
ASV1527	1	1	0	0	0	0	0	1	0	1	0	0	2	0	2	0	0	0	0	1	1	0	0	0	0	1	0	0	0	2	0	46	7	10	4	1	22	1	14
ASV969	1	1	2	2	2	2	2	0	0	2	0	1	2	0	0	0	0	0	0	5	0	0	1	3	3	4	2	1	1	0	0	0	0	3	7	71	0	0	0
ASV1022	2	0	1	3	1	1	4	4	1	1	1	0	7	14	12	9	1	3	2	2	4	6	24	1	1	2	1	1	0	2	4	0	0	0	1	0	0	1	0
ASV1056	7	3	5	5	1	3	2	1	0	5	1	1	0	3	1	0	4	0	5	1	4	7	18	8	2	3	4	2	2	7	8	0	0	0	3	0	0	1	0
ASV1062	0	0	0	0	0	0	0	0	0	0	0	0	22	17	11	2	5	16	3	0	17	14	5	0	0	0	0	0	0	0	3	1	0	0	0	0	0	0	1
ASV1088	0	0	0	1	2	1	0	0	0	0	1	0	0	0	0	1	0	0	0	2	0	0	0	1	2	0	0	0	1	0	0	17	12	8	4	0	8	54	2
ASV1191	31	25	3	2	4	4	5	0	0	5	0	0	0	0	0	1	1	0	0	1	0	0	0	2	1	1	4	2	5	0	1	2	0	3	1	0	12	1	0
ASV1219	2	4	2	4	4	2	8	1	3	3	3	1	2	2	0	1	0	0	0	2	2	0	1	3	11	4	3	4	5	0	1	10	0	3	1	0	0	0	25
ASV1223	3	2	5	2	3	6	1	4	1	2	1	0	0	4	3	2	2	4	7	3	5	2	5	2	2	1	3	4	0	3	1	8	3	9	6	0	4	1	3
ASV1257	13	1	3	4	3	7	6	8	5	0	8	4	2	1	4	2	2	0	0	5	2	2	9	3	7	4	2	4	2	0	1	0	0	0	2	0	0	0	1
ASV1355	17	4	0	1	0	0	3	2	10	3	3	4	6	2	7	1	3	5	4	1	4	5	1	4	2	3	2	1	2	4	4	3	0	0	1	0	1	4	0
ASV1532	7	7	1	0	2	2	3	1	1	3	0	0	2	0	2	2	4	9	5	1	6	8	2	2	4	2	5	2	0	4	5	0	0	12	5	0	0	6	2
ASV2026	5	2	2	4	1	4	8	6	5	1	5	6	3	4	7	4	13	0	4	3	1	3	1	2	1	1	4	2	4	4	7	0	0	0	0	0	0	0	0
ASV2333	3	1	0	0	0	0	0	1	0	1	1	0	2	3	7	17	15	8	22	1	13	7	0	0	0	1	0	0	0	2	7	0	0	0	0	0	3	2	0
ASV2585	2	5	8	2	6	7	0	3	3	10	2	4	1	3	3	2	3	0	2	2	6	1	1	5	4	1	3	4	5	3	5	0	2	0	1	2	4	2	0
ASV3900	1	14	4	8	2	6	6	5	4	8	6	5	0	1	1	1	0	1	0	6	0	1	2	10	2	3	6	3	5	1	1	0	0	0	2	0	0	0	2
ASV1036	8	10	2	3	3	5	7	2	2	7	2	2	0	3	2	2	6	2	6	3	2	2	1	2	4	3	4	2	1	6	0	2	1	0	0	0	1	2	6
ASV1198	1	4	8	8	8	4	5	6	2	11	2	2	1	0	0	1	0	0	1	5	0	1	0	9	4	6	6	4	4	0	0	0	0	3	0	0	0	3	7
ASV1231	17	4	1	1	3	0	2	0	2	6	0	0	0	1	3	6	2	4	6	9	2	4	1	1	2	5	1	4	1	1	2	3	2	5	2	0	3	7	3
ASV1288	12	5	1	1	0	1	1	4	0	4	0	0	0	0	1	3	4	8	2	2	5	7	8	1	1	2	1	1	0	3	0	8	2	2	3	0	0	22	1
ASV1331	1	4	1	4	2	3	2	1	1	5	0	1	2	0	0	1	0	1	2	7	0	0	0	6	3	6	3	0	1	2	1	20	3	13	5	0	3	12	0
ASV1337	2	4	2	5	1	2	2	2	1	2	4	8	4	3	10	6	2	3	4	2	0	1	3	1	0	3	3	2	5	3	3	2	0	5	4	0	0	5	7
ASV1392	0	3	2	0	1	0	0	0	0	1	0	0	0	0	0	0	0	0	0	0	0	1	0	0	1	2	3	0	0	0	0	7	16	15	22	40	2	0	0
ASV1442	11	4	4	5	4	6	8	7	7	1	2	9	2	1	5	1	2	2	1	6	1	3	2	0	3	0	4	7	2	0	1	1	0	3	0	0	0	0	1
ASV1490	0	0	0	0	0	0	0	0	0	0	0	0	5	8	8	4	11	7	22	0	10	8	7	0	0	0	0	0	0	10	16	0	0	0	0	0	0	0	0
ASV1793	3	5	9	6	3	8	5	4	2	3	4	4	0	0	1	0	0	0	0	14	0	0	0	7	10	9	5	6	7	0	0	0	0	0	1	0	0	0	0
ASV3702	1	3	3	3	7	0	3	2	1	11	0	1	0	1	0	0	3	1	1	6	0	2	1	5	5	3	4	2	4	1	1	5	14	1	6	8	1	6	0
ASV3806	5	4	7	0	4	1	2	0	2	3	0	7	1	0	1	3	2	2	2	3	3	0	1	5	2	4	8	7	5	2	3	6	3	0	4	0	5	4	5
ASV4501	0	4	1	2	2	2	4	2	2	3	8	3	3	1	1	3	0	2	1	3	2	4	5	1	2	2	2	1	2	1	3	10	1	1	1	0	25	6	0
ASV5291	5	1	1	3	1	1	0	2	0	5	2	0	1	2	0	1	1	2	1	11	0	2	0	5	3	0	3	2	1	0	0	6	5	0	6	3	37	3	0
ASV5525	0	4	3	5	5	3	7	7	1	6	9	2	5	2	0	3	0	0	1	3	1	0	0	8	6	7	7	4	10	1	0	0	0	0	1	0	1	3	1
ASV5675	0	3	1	3	6	9	4	2	0	2	5	10	0	0	0	0	0	0	0	4	0	0	0	10	10	7	6	12	4	0	1	5	0	0	0	0	0	0	12
ASV1059	3	4	4	7	8	9	7	4	11	1	6	8	0	1	0	1	0	0	0	2	0	0	2	9	3	3	5	9	3	0	0	0	0	0	0	0	1	1	3
ASV1083	11	5	2	2	1	2	3	0	1	4	0	1	0	0	1	0	0	4	3	4	3	7	9	6	4	2	3	1	0	0	4	0	0	0	0	0	0	32	0
ASV1233	3	3	0	1	1	5	1	0	1	0	2	0	1	0	1	3	2	1	1	2	0	3	70	0	0	2	1	1	1	6	1	0	0	0	2	0	0	0	0
ASV1298	3	6	4	1	2	1	1	1	1	9	1	1	0	0	0	1	0	2	0	5	0	0	1	1	8	3	4	3	2	0	0	7	21	5	6	3	7	2	3
ASV1428	2	6	4	2	6	5	1	5	2	8	1	3	3	3	2	2	1	0	3	4	3	0	4	7	5	7	10	4	5	0	2	1	0	0	1	0	0	0	3
ASV1476	3	2	3	0	1	1	1	0	1	0	1	0	0	0	0	0	0	0	0	5	2	1	0	1	2	4	3	0	2	1	0	18	7	7	5	2	37	4	1
ASV1520	2	6	3	4	3	1	9	1	7	2	4	4	3	2	2	1	0	3	2	3	4	4	6	2	6	6	6	3	0	5	2	2	0	4	0	0	0	2	1
ASV2454	2	0	0	0	0	0	0	0	1	0	0	0	0	0	0	0	0	0	0	0	0	0	0	1	0	1	1	0	0	1	0	24	7	2	10	1	2	49	13
ASV1160	3	4	1	0	0	1	0	0	0	2	1	0	0	0	1	0	0	0	0	2	0	0	0	1	4	1	0	1	1	0	0	4	42	22	10	8	2	3	0
ASV1165	6	3	3	5	2	5	7	3	9	1	4	3	3	4	5	5	9	7	3	1	5	2	2	1	2	2	3	3	3	1	2	0	0	0	0	0	0	0	0
ASV1209	10	2	1	0	1	0	1	0	0	2	1	0	0	0	0	0	0	0	0	4	0	0	0	3	2	11	0	1	1	0	0	8	35	6	5	5	10	4	1
ASV1224	1	2	7	1	3	1	1	2	0	4	2	1	0	1	0	0	0	1	0	5	0	1	2	2	4	3	6	2	4	0	0	1	12	18	11	8	1	2	5
ASV1252	5	3	1	1	1	2	2	0	0	1	0	0	0	0	1	0	0	0	0	3	0	1	0	7	1	3	1	0	1	0	0	8	5	16	14	0	17	18	2
ASV1269	11	3	3	1	4	3	2	3	2	6	1	1	0	1	0	2	3	2	1	4	4	4	25	6	5	1	2	5	4	2	0	0	0	0	0	0	0	2	1
ASV1451	2	4	0	1	4	2	3	4	1	4	2	0	4	4	0	2	3	0	4	2	0	2	5	3	2	3	2	2	0	1	2	2	11	4	9	15	3	2	0
ASV1576	9	2	0	3	3	4	0	2	5	1	0	0	2	1	2	3	4	7	5	2	8	4	2	2	2	2	1	0	2	1	5	4	0	2	5	0	2	11	6
ASV2185	11	3	8	2	7	6	3	2	4	11	1	2	0	0	0	0	0	0	0	5	0	0	0	8	5	11	3	7	5	1	0	0	0	0	0	0	0	0	9
ASV5250	1	3	1	3	6	7	0	5	4	2	3	4	0	0	1	0	1	1	1	4	0	1	1	7	2	2	4	3	4	1	2	5	3	2	9	3	12	1	5
ASV1077	1	0	0	0	0	0	0	0	0	0	0	0	2	1	9	5	12	4	25	0	36	9	5	0	0	0	0	0	0	0	4	0	0	0	0	0	0	0	0
ASV1134	4	2	1	0	1	1	1	1	0	4	0	0	0	0	0	0	2	0	0	2	1	0	1	3	1	0	0	1	3	0	0	10	32	5	2	1	3	31	0
ASV1140	9	7	2	2	2	4	3	1	1	2	1	4	3	2	3	2	2	3	8	2	2	13	5	2	2	1	4	2	3	6	6	0	0	0	0	0	0	2	2
ASV1176	7	7	2	3	6	4	8	5	0	5	9	1	1	1	0	0	3	2	18	4	1	1	0	4	2	4	4	6	3	0	1	0	1	0	0	0	0	0	0
ASV1207	4	1	4	0	4	2	0	3	0	4	0	0	0	0	0	0	0	0	0	3	0	0	0	3	3	3	4	2	4	0	0	0	2	2	11	54	0	0	0
ASV1240	3	0	1	0	0	1	2	1	0	1	0	0	0	2	2	1	3	0	1	0	1	0	0	0	1	1	2	1	1	2	0	3	0	0	0	0	49	32	2
ASV1274	11	7	3	3	2	2	3	3	1	2	0	0	0	0	0	1	0	0	1	7	0	0	2	2	1	3	2	4	3	0	0	4	5	11	17	2	2	8	1
ASV1293	9	5	4	2	4	4	2	2	3	3	9	17	0	6	2	4	0	3	2	3	3	6	3	4	1	1	1	3	3	1	1	0	0	0	1	0	0	1	0
ASV1363	9	3	1	3	2	7	3	1	7	1	4	4	3	8	1	5	2	10	5	1	2	2	2	3	9	6	4	1	1	3	0	0	0	0	0	0	0	0	0
ASV1407	1	0	3	1	2	2	2	1	0	0	1	1	8	11	4	2	11	1	6	4	3	12	4	2	1	2	0	2	2	9	5	0	0	0	0	8	2	0	0
ASV1646	1	0	0	0	0	0	0	0	0	0	0	0	2	6	11	10	7	10	11	0	22	11	5	0	0	0	0	0	0	8	8	0	1	0	0	0	0	0	0
ASV1816	1	8	3	6	3	2	2	3	3	2	4	2	0	7	3	8	5	2	0	5	1	3	5	3	8	7	4	0	1	2	1	1	0	5	1	0	0	1	1
ASV2270	4	2	3	4	11	7	5	4	1	2	0	0	1	1	5	2	1	1	0	4	0	1	4	4	7	2	2	5	3	4	3	1	0	0	2	4	12	0	1
ASV1154	4	1	3	3	0	0	0	3	5	2	0	0	0	7	3	6	9	7	12	3	3	8	18	1	0	3	1	1	0	6	2	0	0	0	0	1	0	0	0
ASV1183	1	0	0	1	0	0	0	0	0	0	0	0	0	0	0	0	0	0	0	1	0	0	0	0	1	0	0	0	0	0	0	16	35	6	8	7	4	32	0
ASV1185	5	0	3	1	2	0	3	2	0	2	0	0	0	0	1	1	1	0	0	1	0	0	0	5	2	0	3	0	1	1	0	9	16	14	9	24	2	4	0
ASV1216	9	1	5	1	0	0	2	1	0	0	0	3	0	4	9	4	9	15	7	1	5	8	1	3	0	6	3	2	0	4	4	1	0	0	0	0	0	2	2
ASV1315	3	15	2	1	6	1	2	1	1	6	1	0	0	3	2	0	0	1	1	3	2	0	0	5	4	4	4	4	2	0	1	5	4	16	7	0	2	2	1
ASV1499	3	6	4	6	6	5	2	1	4	9	3	2	1	0	2	1	0	1	2	4	2	1	3	6	5	4	8	5	5	0	1	0	0	2	2	0	0	4	2
ASV1609	2	0	1	0	3	1	2	1	0	2	0	1	8	11	11	12	13	4	7	2	2	4	8	1	2	3	0	1	1	3	5	0	0	0	0	0	0	0	1
ASV1766	7	0	0	0	1	2	1	1	3	2	0	1	0	0	0	0	0	0	0	2	0	0	2	0	2	2	2	1	0	0	0	0	0	1	2	0	18	56	6
ASV2189	6	5	3	3	3	6	1	1	2	8	0	0	0	0	0	0	1	0	0	4	1	0	1	8	4	3	2	3	6	3	2	3	1	17	11	0	0	4	0
ASV972	1	2	7	0	6	3	8	8	9	18	0	0	3	3	3	5	2	9	0	1	2	0	0	3	6	3	5	2	1	0	0	0	0	0	0	1	0	1	0
ASV1064	6	0	1	2	0	2	1	0	1	4	0	1	0	2	0	1	0	0	0	5	0	3	1	2	1	2	3	2	2	0	2	10	6	29	16	0	3	2	1
ASV1096	9	1	0	4	0	0	1	3	3	4	0	0	1	3	2	7	4	4	7	2	7	7	4	2	1	0	1	4	0	4	8	1	5	0	3	0	0	9	0
ASV1108	6	5	3	2	2	0	0	0	1	5	0	0	0	0	0	0	0	2	0	7	0	0	0	6	4	6	1	9	3	0	0	1	8	3	1	20	9	5	2
ASV1206	2	1	0	0	0	0	0	0	0	0	0	0	0	0	0	0	0	0	0	3	0	0	0	0	0	2	4	0	0	0	1	13	21	15	7	14	2	24	2
ASV1218	5	0	2	0	1	2	3	0	0	0	0	0	0	0	0	0	0	0	0	0	0	0	0	3	1	1	0	0	2	0	0	1	0	0	0	0	90	0	0
ASV1408	4	1	6	9	6	9	7	8	7	1	2	7	0	0	1	0	0	0	0	8	1	2	0	1	6	9	7	2	5	0	0	0	0	0	0	0	0	0	2
ASV1426	8	2	0	0	1	1	1	2	2	4	2	0	6	6	9	4	9	9	2	2	0	3	2	5	2	1	1	0	0	0	2	8	0	4	2	0	1	10	0
ASV1440	2	1	1	2	0	0	1	1	0	0	0	1	1	1	15	5	8	7	12	0	16	12	8	1	0	0	3	1	0	7	5	0	0	0	0	0	0	0	0
ASV1497	0	0	0	0	0	0	0	0	0	2	0	0	6	3	5	6	12	7	33	0	0	4	0	0	0	0	0	0	0	28	5	0	0	0	0	0	0	0	0
ASV1513	7	5	4	5	1	4	2	1	4	2	1	1	2	2	7	3	1	2	5	6	7	4	3	1	3	4	2	2	1	8	1	1	1	4	2	0	0	0	2
ASV1531	2	1	0	1	0	0	0	0	0	0	0	0	0	2	0	0	0	0	0	1	0	0	0	1	1	1	1	2	0	0	0	12	50	10	7	3	8	8	0
ASV1974	13	3	3	1	1	1	1	2	0	3	0	0	0	2	0	0	1	1	0	5	0	0	0	3	7	5	4	0	1	0	0	2	14	3	4	0	6	23	2
ASV1129	25	7	6	0	3	1	2	0	0	5	1	0	1	2	0	0	0	0	0	5	0	0	1	6	4	4	4	2	1	0	0	0	12	1	1	11	4	0	1
ASV1253	5	3	4	0	1	2	0	2	1	3	0	0	1	0	1	0	0	1	1	5	3	0	1	8	5	3	2	0	1	0	0	13	0	22	6	0	6	6	4
ASV1266	2	2	0	0	2	0	1	5	1	0	2	2	2	5	7	6	7	3	6	6	10	12	3	2	2	2	2	3	1	3	4	0	0	2	1	0	0	3	1
ASV1303	6	15	6	2	4	3	6	3	0	3	0	0	0	0	0	0	1	0	0	3	0	0	1	11	8	11	11	3	8	0	0	0	0	1	3	0	1	0	0
ASV1401	0	0	0	0	0	0	0	0	0	0	0	0	2	1	1	4	27	15	28	0	9	6	4	0	0	0	0	0	0	11	1	0	0	0	0	0	0	0	1
ASV1429	8	2	4	1	0	1	4	4	3	2	3	1	4	0	3	1	6	6	5	2	3	4	1	7	4	3	0	2	2	2	4	1	1	0	0	0	0	16	0
ASV1489	4	8	7	4	5	3	0	5	0	7	4	2	0	0	0	0	0	0	0	4	0	0	0	4	5	2	3	1	3	0	0	7	3	12	8	0	7	2	0
ASV1557	2	4	2	1	1	4	2	2	0	0	0	0	1	1	0	0	0	0	0	1	2	0	0	1	3	0	1	1	0	0	0	11	7	10	10	1	19	4	19
ASV1615	5	4	3	4	1	3	1	1	3	9	1	1	0	3	1	1	3	8	1	7	1	4	8	7	5	5	2	2	4	3	2	1	2	0	1	0	2	1	0
ASV3583	0	1	2	3	0	1	1	2	3	0	3	2	11	2	6	6	17	8	12	1	15	8	3	0	0	0	0	1	0	2	0	0	0	0	0	0	0	0	0
ASV1125	1	3	1	2	2	1	1	1	0	2	1	1	0	2	1	0	2	0	0	3	0	4	2	0	2	0	0	0	0	0	3	0	0	0	3	0	67	4	0
ASV1247	1	9	5	2	3	2	4	7	4	1	2	2	2	3	3	4	1	2	4	7	2	5	1	8	3	4	5	1	3	1	3	1	0	1	1	0	0	0	2
ASV1339	0	0	0	0	0	0	0	2	0	0	0	1	0	1	3	0	0	0	0	3	5	2	0	0	0	1	0	0	0	1	0	30	7	46	2	1	4	0	0
ASV1375	2	5	5	1	3	1	3	3	5	2	9	3	5	8	12	6	0	6	2	0	4	3	4	2	3	3	1	2	0	4	1	0	0	0	1	0	0	0	0
ASV1404	1	4	4	2	2	1	0	2	4	2	1	1	6	5	5	1	5	3	7	3	1	3	3	1	3	3	4	1	0	2	3	7	0	4	3	0	0	1	11
ASV1570	21	7	0	3	1	0	2	1	0	3	0	1	0	0	0	0	0	0	0	6	1	1	0	7	2	2	3	0	2	1	1	2	20	11	7	0	0	3	1
ASV2282	5	4	5	2	4	5	3	2	4	5	0	1	0	1	4	2	1	4	4	6	2	2	8	4	1	5	5	4	2	2	0	2	0	2	4	0	1	3	0
ASV3258	1	0	0	0	0	0	1	3	0	0	0	0	0	0	0	1	1	0	0	3	0	1	5	0	0	1	2	1	1	1	1	18	14	1	4	7	4	38	0
ASV3570	19	4	3	2	2	4	3	1	3	1	2	9	0	0	3	4	4	2	4	3	1	4	2	1	1	3	1	2	1	15	5	0	0	0	0	0	0	0	0
ASV4952	0	0	0	0	0	0	0	0	0	2	0	0	0	0	0	5	5	1	5	0	18	12	1	1	1	1	0	0	0	16	39	0	0	0	0	0	0	1	1
ASV998	0	0	0	0	0	1	0	0	0	0	0	0	0	0	0	0	0	0	0	0	0	0	0	1	0	0	0	0	1	0	0	1	5	30	40	26	2	2	0
ASV1086	0	12	9	6	7	8	6	9	2	3	0	1	0	0	0	0	0	0	0	3	0	0	0	4	11	17	5	3	2	0	0	0	0	0	0	0	0	0	0
ASV1156	10	0	1	5	0	2	7	0	0	1	0	0	0	0	0	0	1	0	0	0	0	0	2	0	1	0	1	1	0	1	2	5	13	8	6	16	4	18	3
ASV1173	31	9	9	5	3	3	2	1	0	14	0	0	0	0	0	0	0	0	0	8	0	0	0	3	7	2	4	2	4	0	0	0	0	0	0	0	0	1	0
ASV1208	16	4	2	5	5	1	6	3	15	1	1	2	1	2	1	2	2	0	0	5	0	1	0	3	4	4	7	1	5	4	0	1	0	3	0	0	0	1	0
ASV1229	10	3	8	8	4	2	9	17	5	3	2	2	0	0	0	3	0	0	0	1	1	0	2	2	7	4	2	3	9	1	0	0	0	0	0	0	0	0	0
ASV1312	6	4	1	2	3	2	2	1	0	5	0	0	0	0	0	0	0	0	0	7	0	0	0	3	4	1	1	0	1	0	0	8	3	14	6	27	0	4	3
ASV1460	1	0	0	0	1	1	0	0	0	0	0	0	1	0	0	0	0	0	0	0	0	0	0	0	0	1	0	0	0	0	0	34	6	23	32	1	3	0	4
ASV1509	2	3	0	1	1	1	0	2	2	0	1	0	1	0	0	6	6	7	10	2	2	4	1	3	0	1	3	1	0	4	8	4	0	12	7	0	1	10	2
ASV1524	3	7	5	2	2	0	0	3	1	6	2	0	1	1	3	2	6	5	5	3	9	5	10	0	2	3	3	2	0	2	2	1	0	5	3	0	0	4	0
ASV1707	4	5	6	6	4	1	5	3	3	7	0	0	0	1	0	1	0	2	0	4	0	2	0	6	6	6	4	5	5	0	0	2	0	2	5	8	1	2	2
ASV1858	13	4	3	2	0	2	2	2	3	2	1	2	0	0	2	1	0	0	2	5	1	1	8	3	3	5	4	1	4	0	4	3	2	5	3	0	3	12	0
ASV1941	7	4	1	3	0	6	0	4	5	2	1	0	0	3	2	6	2	5	3	5	4	4	2	5	3	4	4	1	4	1	0	2	1	5	1	0	0	1	7
ASV3631	1	2	6	7	6	2	3	3	5	5	3	4	1	4	2	1	1	1	0	8	1	1	6	3	6	6	3	4	10	1	1	0	0	0	0	1	0	0	0
ASV1008	7	1	2	3	0	1	8	2	5	0	10	11	4	12	5	4	1	8	2	0	4	7	1	2	1	0	1	1	2	1	0	0	0	0	0	0	0	1	0
ASV1325	0	0	0	0	0	0	0	0	0	0	0	0	1	0	0	0	0	0	0	0	0	1	0	0	0	0	0	0	0	0	0	0	22	21	24	38	0	0	0
ASV1368	9	9	2	2	3	3	2	2	0	9	0	2	0	1	0	0	1	0	2	12	1	1	1	8	3	6	4	1	5	2	1	5	0	0	2	4	2	1	1
ASV1384	1	4	4	2	2	1	2	1	1	2	0	0	0	0	1	0	0	0	0	5	0	0	0	1	3	1	2	1	1	0	0	10	19	12	11	3	12	5	0
ASV1459	5	1	0	0	2	2	0	1	1	1	0	0	0	0	0	0	0	0	0	0	0	0	0	3	1	1	2	0	0	0	1	0	59	13	4	10	0	0	0
ASV1584	5	3	3	0	0	0	0	0	1	0	0	0	0	0	0	0	0	1	1	3	0	0	0	1	0	2	2	0	2	0	0	5	59	2	2	5	1	8	1
ASV1889	6	3	8	3	1	4	2	0	0	0	0	2	1	0	1	4	5	0	2	4	3	0	4	3	5	4	5	1	5	1	0	2	2	9	4	1	9	2	1
ASV1142	8	8	2	8	0	5	3	0	0	5	2	0	0	0	2	1	0	1	0	7	1	0	0	6	7	6	6	4	2	0	0	2	2	9	5	0	0	2	2
ASV1300	2	2	4	1	1	0	0	1	0	0	0	0	0	0	0	0	0	0	0	0	0	0	0	1	0	3	1	1	0	0	0	0	10	11	4	60	0	3	1
ASV1351	5	1	4	4	2	2	3	0	0	3	0	0	3	10	2	6	2	2	5	2	4	8	5	0	2	3	2	3	3	4	5	0	1	4	3	0	0	0	3
ASV1352	1	4	2	1	1	1	0	1	3	5	0	0	0	2	1	2	5	0	1	4	1	2	1	3	2	0	2	2	1	0	2	4	4	5	4	0	17	18	4
ASV1383	3	1	3	1	2	2	1	1	1	6	3	1	6	9	4	11	10	3	9	1	4	7	4	1	3	2	1	0	1	1	4	0	0	0	0	0	0	0	0
ASV1432	3	6	9	7	6	7	6	4	2	4	2	6	2	0	1	0	0	0	2	3	1	0	1	3	6	5	5	4	7	2	0	0	0	0	0	0	1	1	0
ASV1469	3	0	1	4	0	0	2	0	0	0	4	1	2	4	3	3	4	3	6	0	7	11	4	2	0	5	2	8	1	5	4	3	0	0	1	0	0	9	4
ASV1595	2	2	5	7	3	9	9	6	4	2	1	1	2	0	0	4	0	1	0	5	1	1	10	6	3	1	3	4	8	5	0	0	0	0	0	0	0	0	1
ASV2155	0	3	1	10	13	4	4	2	6	4	5	6	2	4	7	2	1	1	2	2	1	3	0	4	2	3	2	4	5	1	0	0	1	0	0	0	0	1	0
ASV2940	1	1	4	5	7	2	6	3	4	10	3	1	1	1	1	1	2	2	3	5	2	2	1	3	3	5	1	4	4	1	1	3	3	0	5	1	2	1	1
ASV1170	2	3	3	4	0	0	2	2	2	0	1	3	1	1	0	1	0	3	0	5	0	0	1	1	6	2	2	1	3	3	1	10	0	20	13	0	1	4	4
ASV1230	1	12	2	6	1	0	6	1	4	1	3	1	2	0	1	17	3	8	8	3	0	2	0	3	3	2	4	2	3	1	4	0	1	0	0	0	0	0	0
ASV1239	10	4	1	1	2	5	6	5	12	3	1	0	5	2	1	2	2	14	0	3	1	0	2	0	1	2	2	5	5	5	1	0	0	0	0	0	2	0	0
ASV1304	13	2	4	1	2	1	2	1	1	4	0	0	1	2	0	0	1	0	0	1	1	0	0	2	1	1	2	1	1	0	1	0	0	0	3	56	0	0	0
ASV1360	9	4	5	2	1	4	4	0	1	0	0	1	0	0	0	10	4	0	4	3	30	0	7	5	2	4	2	2	1	0	0	0	0	0	0	0	0	0	0
ASV1397	6	4	4	5	6	4	6	2	4	1	6	3	1	2	0	1	0	0	0	0	1	0	1	2	17	3	4	2	5	0	0	1	0	3	0	0	0	0	11
ASV1431	0	0	0	0	0	0	0	0	0	0	0	0	0	0	0	0	0	0	0	0	1	0	0	0	0	0	0	0	0	0	0	0	59	20	10	14	0	0	1
ASV1483	1	1	10	4	4	9	3	4	2	4	7	3	2	0	0	4	1	0	0	2	2	1	3	4	8	8	7	4	5	2	0	0	0	0	0	0	0	0	0
ASV1601	7	1	3	0	1	2	1	0	0	5	0	0	0	0	0	0	0	0	0	8	0	0	0	6	2	5	2	1	3	0	0	20	3	14	9	1	8	3	0
ASV1624	1	5	4	4	2	1	0	3	2	6	0	1	1	1	0	3	2	1	1	3	1	1	3	2	0	3	1	1	0	3	1	8	10	12	1	9	1	3	4
ASV1634	2	3	3	8	6	0	2	2	1	2	8	3	1	2	4	0	0	1	0	1	0	0	1	3	2	0	5	10	4	0	0	0	0	1	1	0	0	1	28
ASV1740	2	8	9	5	12	3	4	4	2	10	1	1	1	0	0	0	0	0	0	12	0	0	1	5	3	9	3	2	2	0	0	0	1	2	2	1	0	0	0
ASV1754	9	5	5	5	3	2	4	1	3	3	3	1	2	2	0	7	2	1	15	0	1	3	0	1	1	4	0	2	4	5	10	0	0	0	0	1	0	0	0
ASV4439	0	5	5	5	0	2	3	2	1	4	1	0	0	0	0	0	1	0	0	4	0	0	1	2	3	4	3	0	5	0	0	3	9	1	3	4	15	5	14
ASV1119	16	8	6	2	1	3	1	1	0	2	0	1	0	0	0	0	0	0	0	4	0	0	0	3	5	0	1	1	2	0	0	8	24	12	0	3	0	0	0
ASV1151	4	2	5	0	1	2	1	0	1	2	0	0	0	0	0	1	0	0	0	2	0	1	0	1	0	5	0	0	1	0	1	10	16	9	7	6	4	21	1
ASV1190	3	2	2	2	1	1	2	1	0	2	0	0	0	0	0	0	0	0	1	4	0	0	0	3	1	3	1	2	0	0	0	0	3	9	28	33	0	0	0
ASV1220	0	3	1	0	0	0	1	2	0	2	0	0	1	0	0	0	1	0	0	2	0	0	0	0	0	1	2	0	0	0	0	0	38	33	1	16	0	0	0
ASV1306	12	2	3	1	1	0	3	1	0	3	0	0	0	0	0	1	0	1	0	3	1	0	1	4	1	2	3	7	1	0	0	0	2	4	4	41	0	2	0
ASV1370	2	6	7	2	4	7	4	2	0	6	0	0	0	0	0	0	0	0	0	10	1	0	0	3	3	5	4	2	6	0	1	5	1	9	6	0	2	3	3
ASV1423	2	1	2	0	0	4	0	2	0	1	0	3	9	3	5	10	9	10	11	4	2	4	3	2	2	1	1	0	0	4	4	0	0	0	0	0	5	0	0
ASV1484	0	1	1	1	1	2	0	0	0	2	0	0	0	0	0	0	0	1	0	2	1	0	0	2	0	3	0	0	1	0	0	24	2	4	10	0	3	40	3
ASV1535	0	2	6	6	6	2	10	3	21	4	6	2	1	1	1	0	1	3	1	1	1	0	0	2	8	2	4	5	3	1	0	0	0	0	0	0	0	0	1
ASV1877	4	2	1	6	2	3	1	0	0	3	1	0	1	0	0	3	0	1	0	3	1	1	1	0	1	2	0	3	0	12	1	1	4	2	0	2	33	7	2
ASV2404	0	1	2	3	3	2	2	1	1	3	0	1	0	1	1	0	1	1	1	3	3	1	0	6	4	2	5	7	1	0	0	5	9	1	9	5	10	4	5
ASV1089	14	0	1	1	1	7	3	1	0	4	0	1	1	3	0	0	1	3	1	0	3	3	5	1	3	0	0	1	0	5	4	4	4	5	2	6	1	12	2
ASV1178	6	13	5	3	2	6	2	2	1	4	0	0	0	0	0	0	0	0	0	10	0	0	0	8	8	4	1	4	1	0	0	11	1	2	1	2	2	3	1
ASV1299	2	8	5	4	4	5	4	1	2	9	3	0	0	2	1	2	2	6	4	7	5	0	1	0	6	6	7	2	1	2	2	0	0	0	0	0	0	0	0
ASV1371	5	1	2	1	2	1	2	1	1	4	2	1	0	0	3	1	3	2	4	1	9	10	4	0	2	2	0	3	3	1	4	2	0	5	4	0	2	9	6
ASV1391	7	4	5	5	2	2	5	0	19	3	8	13	2	0	4	2	1	2	3	3	0	2	0	2	1	1	3	0	2	0	0	0	0	0	0	0	0	1	1
ASV1473	2	0	0	0	0	0	1	0	0	0	0	0	2	1	0	1	1	0	0	0	2	1	0	0	1	0	1	1	1	0	1	8	1	14	19	1	41	1	2
ASV1554	9	2	7	4	4	4	10	3	7	0	3	4	2	0	1	3	1	0	1	0	2	0	0	2	2	5	5	2	2	1	0	3	0	8	5	1	0	0	0
ASV1574	15	4	2	2	0	2	1	0	0	7	0	0	0	2	1	1	2	3	0	4	0	1	1	3	5	2	1	2	3	0	0	12	6	5	3	4	5	4	0
ASV1765	1	1	1	0	1	1	0	1	1	3	0	0	0	1	2	1	0	0	0	0	1	3	0	0	0	0	0	0	1	1	0	20	6	15	11	0	8	16	7
ASV1947	1	6	4	1	6	6	2	1	2	4	0	1	0	0	0	0	1	0	0	9	0	0	0	11	3	8	6	5	3	0	0	10	0	5	4	0	0	4	0
ASV2579	1	0	0	0	1	0	1	0	1	1	0	0	0	0	0	0	0	0	0	1	0	0	0	0	0	0	0	0	4	0	0	0	0	0	0	0	0	0	93
ASV1146	4	3	6	3	1	3	1	1	1	4	2	0	2	2	3	5	2	8	2	4	3	8	2	6	3	9	3	4	1	2	0	0	0	0	0	0	0	2	2
ASV1192	29	10	5	6	0	1	3	1	0	8	0	0	0	0	0	0	0	0	0	7	0	0	0	8	6	7	4	5	2	0	0	0	0	0	0	0	0	0	0
ASV1248	9	5	8	4	10	6	3	3	6	4	2	0	0	0	0	1	0	1	0	4	0	0	1	5	6	6	3	7	6	0	0	0	0	0	0	0	0	1	1
ASV1260	0	4	1	0	2	1	1	1	0	0	1	0	3	9	3	8	5	6	7	5	3	11	21	1	3	2	2	0	2	0	0	0	0	0	0	0	0	0	0
ASV1316	4	0	1	1	0	1	2	0	5	0	1	0	0	0	0	1	0	4	2	0	0	0	0	1	1	2	0	1	0	1	2	16	1	4	1	4	38	6	2
ASV1415	0	0	0	0	0	0	0	0	0	0	0	0	0	0	1	0	0	1	0	0	1	0	0	0	0	0	0	0	0	0	2	7	7	23	2	13	40	4	1
ASV1419	6	3	0	3	2	2	1	2	2	3	2	1	0	1	3	6	2	9	3	6	9	6	1	2	3	2	4	4	3	3	1	0	0	3	1	0	0	1	2
ASV1467	8	3	2	3	2	0	1	2	2	2	0	0	0	0	0	0	0	0	0	1	0	1	0	1	2	3	2	1	3	0	1	5	16	16	10	2	5	7	1
ASV1471	1	0	0	0	1	1	0	0	1	0	1	0	3	1	2	8	26	9	10	2	8	4	3	1	1	0	0	1	1	6	11	0	0	0	0	0	0	0	0
ASV1543	9	6	4	4	3	2	3	6	5	4	2	0	0	0	1	8	1	0	3	4	1	0	1	4	4	1	4	2	2	5	2	0	1	0	0	1	4	3	2
ASV1558	5	11	8	4	4	4	4	1	2	7	0	0	0	0	1	0	1	0	0	6	0	0	2	3	3	4	5	2	4	0	1	3	3	8	3	1	0	2	0
ASV1575	3	1	2	1	0	0	2	2	0	0	0	0	0	0	0	0	0	0	1	2	0	0	0	1	0	1	0	0	0	0	0	21	22	13	4	10	3	6	7
ASV1728	2	8	5	3	4	6	1	3	1	2	3	3	1	3	2	0	1	1	0	5	2	3	0	7	6	2	7	5	0	2	2	0	0	4	7	0	1	0	0
ASV1827	14	1	0	4	1	2	0	1	2	2	2	3	2	2	1	5	3	7	4	2	5	4	1	2	3	3	3	0	0	1	2	5	2	2	1	0	0	6	4
ASV1885	5	4	6	5	1	2	1	3	1	3	0	0	2	0	0	0	0	0	0	1	0	0	0	9	2	1	7	1	4	0	0	6	1	17	12	0	2	5	1
ASV2103	8	13	6	3	5	5	0	1	2	5	0	1	0	0	1	1	1	1	1	3	0	6	0	6	2	7	3	4	4	1	0	2	6	1	3	0	0	0	0
ASV3962	1	2	2	2	4	0	0	1	4	3	4	5	6	4	7	2	0	0	3	1	4	0	7	1	0	2	2	3	1	2	3	1	0	0	0	0	0	1	24
ASV1184	5	3	1	4	1	0	2	0	4	4	0	0	0	0	0	0	0	0	0	2	1	0	0	2	2	2	1	0	3	0	0	5	18	19	12	7	3	0	0
ASV1265	1	0	0	0	0	0	0	0	0	0	0	0	0	0	0	6	3	7	3	0	5	28	21	3	0	0	1	0	0	5	18	0	0	0	0	0	0	0	0
ASV1326	8	5	0	0	1	1	1	2	0	1	0	1	0	0	0	0	0	0	0	4	0	0	0	2	2	5	2	1	1	0	1	1	31	10	4	14	2	0	1
ASV1335	9	5	1	0	1	4	0	2	1	1	1	3	5	1	5	5	6	0	6	2	1	1	1	4	2	2	1	2	0	0	4	1	0	5	3	0	1	5	10
ASV1366	4	0	1	2	2	2	4	0	9	0	0	0	4	0	0	0	0	0	0	1	1	0	0	2	1	2	1	1	0	0	0	0	0	0	0	0	0	0	64
ASV1376	2	3	0	0	2	4	3	0	0	0	1	0	0	0	0	0	0	0	0	3	0	0	1	3	2	0	2	0	2	0	1	9	26	18	10	1	1	2	5
ASV1389	8	4	3	3	0	3	0	0	0	0	0	0	0	0	0	0	0	0	0	1	0	0	0	5	3	2	2	0	3	1	0	0	20	9	8	26	0	0	0
ASV1410	15	2	1	1	0	2	1	2	0	4	1	2	0	0	0	0	0	0	0	1	0	0	4	4	2	0	2	1	0	0	0	15	0	7	7	0	2	20	5
ASV1439	5	3	2	2	1	2	2	1	0	1	0	0	1	2	0	7	2	9	4	3	5	2	0	1	4	4	0	0	2	7	2	3	0	6	7	0	0	2	9
ASV1446	0	3	5	3	4	4	1	3	1	3	2	2	3	5	1	2	1	4	1	2	5	2	22	2	3	2	4	1	2	3	0	0	0	1	3	0	0	0	1
ASV1455	2	1	0	0	1	0	0	2	0	0	0	0	0	0	0	1	0	1	3	3	0	1	1	0	2	1	1	0	2	0	0	15	20	5	4	5	5	25	0
ASV1678	2	2	0	1	4	5	6	6	6	2	2	6	1	0	0	2	3	1	1	2	0	1	1	0	1	3	2	4	0	0	0	3	0	4	2	0	0	0	28
ASV1962	1	4	5	1	4	3	1	2	2	0	2	5	5	5	4	1	3	7	5	2	8	5	2	6	1	3	2	1	1	0	0	0	2	2	2	0	0	4	0
ASV3912	0	7	2	2	3	2	1	3	2	5	3	0	0	2	1	3	1	1	5	2	6	9	1	4	5	0	3	2	3	6	4	3	0	0	6	1	1	1	1
ASV1250	2	1	1	1	1	0	2	1	0	1	0	0	0	0	0	0	0	0	0	1	2	0	0	1	1	1	3	0	0	0	0	9	28	13	10	11	2	6	2
ASV1313	1	3	1	1	2	6	3	2	2	3	0	2	2	1	0	2	3	1	4	4	3	4	8	3	4	3	2	3	2	4	1	4	0	6	3	1	2	4	0
ASV1350	4	4	4	8	7	4	3	3	7	4	4	1	0	3	3	1	0	3	4	3	0	2	2	3	2	3	3	3	1	1	2	1	0	1	3	0	0	2	1
ASV1456	13	5	3	2	1	2	2	0	3	4	0	1	0	0	0	1	1	0	0	2	0	0	1	4	2	4	6	5	1	0	0	2	4	2	18	11	0	0	0
ASV1477	2	3	3	0	2	3	2	1	1	1	1	1	0	0	0	1	2	1	1	6	0	1	0	6	1	2	3	3	4	1	1	9	5	14	13	4	0	2	0
ASV1525	1	2	0	0	1	2	1	0	1	0	3	5	2	5	2	10	5	24	12	2	1	1	9	0	1	2	1	0	0	0	0	0	3	0	2	2	0	0	0
ASV1589	2	3	2	3	1	1	2	0	0	3	0	0	0	0	0	0	0	0	0	3	0	0	0	0	1	4	1	1	3	0	1	3	12	23	12	9	2	4	4
ASV2087	10	3	1	1	0	1	3	1	0	4	0	0	1	0	0	0	0	0	0	2	0	1	0	2	0	0	1	1	1	0	0	23	4	15	9	4	1	10	1
ASV2173	1	1	0	1	0	1	1	2	2	0	0	4	4	9	18	13	8	3	5	0	4	1	4	0	0	2	1	0	1	9	5	0	0	0	0	0	0	0	0
ASV3541	5	1	1	0	2	0	2	1	1	1	1	2	8	7	7	2	4	5	3	1	4	3	3	3	2	2	1	3	1	4	13	3	0	0	2	0	0	1	1
ASV4966	1	8	4	1	4	2	2	2	4	2	1	1	0	0	1	0	0	0	1	4	0	0	0	5	2	5	1	5	4	0	0	8	8	2	7	4	1	4	6
ASV1175	9	0	0	1	2	0	1	0	2	1	0	0	1	0	0	0	1	0	0	4	0	0	0	2	1	2	1	2	1	1	0	2	25	20	9	10	1	0	0
ASV1267	17	17	4	7	10	3	2	2	2	4	0	0	0	1	0	0	0	1	0	8	0	1	0	10	1	1	1	3	3	0	0	0	0	0	0	1	0	0	0
ASV1282	8	4	2	1	0	4	2	1	0	5	4	1	2	4	2	3	7	5	1	1	2	2	1	0	0	4	2	2	2	2	3	3	2	4	3	0	0	6	4
ASV1301	0	0	0	0	0	0	0	0	0	0	0	0	0	1	0	1	11	5	19	0	20	20	5	0	0	0	0	0	0	7	8	2	0	0	0	0	0	0	0
ASV1348	3	2	5	0	4	1	3	0	0	1	0	3	0	0	1	0	0	1	0	2	0	0	0	2	2	2	4	0	3	0	0	3	0	2	0	0	53	2	0
ASV1409	0	0	0	0	0	0	0	0	0	0	0	0	0	0	0	0	0	0	0	0	0	0	0	0	0	0	0	0	0	0	0	0	0	10	40	49	0	0	0
ASV1450	9	6	3	6	5	2	2	4	15	5	8	2	1	3	1	1	0	1	0	3	0	0	1	4	1	4	3	3	1	0	0	2	0	1	2	0	0	0	0
ASV1530	4	1	3	2	1	2	4	3	1	2	1	0	1	0	2	0	0	1	0	5	3	0	0	1	2	1	4	6	2	0	0	7	8	14	9	0	4	3	2
ASV1537	3	3	1	1	1	2	2	1	1	1	0	2	1	7	7	2	7	3	6	5	10	3	2	1	2	1	1	0	0	8	7	1	0	0	0	2	4	1	0
ASV1640	25	1	0	0	1	0	1	2	4	0	0	6	8	1	0	5	5	2	1	2	1	9	1	2	2	0	1	0	2	2	14	0	0	0	0	0	0	1	0
ASV1742	1	1	0	2	1	0	0	2	0	1	0	0	0	0	0	0	1	0	0	3	0	0	0	2	0	2	0	1	1	0	0	22	1	16	10	2	12	18	0
ASV1898	2	3	1	2	1	0	1	4	3	10	0	0	0	0	1	1	0	0	0	8	1	4	14	6	2	8	3	3	2	1	2	3	1	3	6	0	0	1	2
ASV2299	0	0	0	0	0	0	0	0	0	0	0	0	0	2	0	1	2	0	1	0	3	1	1	1	0	0	0	0	0	2	3	1	6	3	1	3	66	2	0
ASV2352	1	9	3	0	1	2	0	4	0	1	0	0	0	0	0	0	0	1	0	0	0	0	0	5	2	1	2	1	0	0	0	13	15	10	8	6	6	7	1
ASV2477	3	6	3	1	0	3	2	0	0	1	1	1	2	0	0	5	2	6	1	4	11	20	5	2	2	2	2	0	3	0	5	2	1	1	1	0	0	1	0
ASV2958	1	2	0	1	0	0	1	0	0	2	1	0	0	1	0	1	1	0	0	3	1	1	3	2	0	0	4	0	0	1	2	7	15	1	9	3	4	30	2
ASV5565	0	2	3	1	0	4	1	2	0	3	6	7	0	3	0	1	0	0	2	4	1	1	1	2	3	1	0	1	2	1	4	10	4	1	6	0	15	0	7
ASV1217	1	2	5	4	3	3	2	6	3	7	3	1	1	2	2	2	2	0	0	12	1	1	1	10	4	3	8	3	5	0	0	0	0	0	0	0	0	0	1
ASV1256	0	0	0	0	0	0	0	0	0	0	0	0	0	0	0	0	0	0	0	0	0	0	0	0	0	0	0	0	0	0	0	42	0	35	5	0	13	3	0
ASV1281	0	2	0	1	0	0	0	0	0	0	0	0	0	0	1	0	0	0	0	0	0	0	0	0	0	0	0	0	0	1	0	14	33	12	26	5	0	1	2
ASV1327	1	1	0	1	2	0	1	1	0	1	0	0	0	0	0	1	0	0	0	3	0	0	0	2	3	2	1	1	0	0	0	0	19	9	25	23	0	1	0
ASV1437	1	4	6	2	2	2	4	4	1	5	1	2	2	1	1	3	1	5	0	2	2	2	3	3	3	6	5	2	3	0	2	3	0	5	1	1	3	4	1
ASV1453	7	2	0	3	0	1	1	0	0	2	1	2	0	0	1	0	3	0	0	1	2	0	0	1	2	1	1	0	0	1	2	15	14	11	2	3	17	2	0
ASV1474	0	2	0	1	1	1	1	0	0	3	1	0	1	4	1	5	2	2	5	3	2	3	3	2	0	1	1	0	0	0	2	6	16	8	5	2	7	5	2
ASV1515	5	3	0	2	4	2	3	1	0	2	11	16	4	2	4	2	0	2	0	1	1	1	3	2	2	1	2	0	2	1	3	1	3	5	2	3	1	1	0
ASV1611	4	1	2	1	2	2	3	1	2	3	5	0	1	0	2	0	6	6	4	0	6	1	5	1	2	0	3	1	1	0	5	4	2	5	7	0	2	3	5
ASV1643	4	6	2	2	6	1	1	2	2	5	1	3	0	2	3	4	3	3	5	1	9	4	1	1	4	5	3	3	2	3	2	2	0	0	0	0	0	2	1
ASV1681	4	12	5	3	2	0	0	2	3	7	4	1	0	1	0	0	1	0	1	3	0	3	0	7	6	6	1	0	5	10	5	1	1	2	1	0	1	0	0
ASV1759	3	0	1	4	1	0	3	2	3	3	6	1	17	8	4	1	3	3	3	3	1	4	4	3	3	0	0	2	1	7	1	0	0	0	2	0	1	0	0
ASV1772	3	2	3	3	3	5	6	2	1	2	5	2	1	2	3	3	1	4	2	4	1	2	0	4	4	2	6	3	1	2	1	1	0	5	1	0	4	4	0
ASV1777	1	2	2	1	1	1	3	3	0	3	0	1	0	0	0	0	0	0	0	2	0	0	0	5	1	2	0	1	2	0	0	2	2	15	31	17	0	0	0
ASV1806	5	1	1	2	1	4	3	0	0	0	0	1	5	6	10	7	8	14	6	0	3	5	2	1	1	3	0	3	0	1	0	1	0	0	0	0	0	2	2
ASV1812	0	5	3	6	4	3	2	2	8	3	6	5	2	0	0	1	0	0	0	6	2	1	1	3	10	5	6	5	7	1	1	0	0	0	0	0	0	0	0
ASV1927	13	5	3	2	3	3	0	0	0	3	0	0	0	0	0	0	0	0	0	6	0	0	0	5	5	6	0	2	1	0	0	3	0	7	16	0	3	11	1
ASV2064	2	4	3	1	1	2	0	0	0	2	1	1	1	0	0	0	0	0	0	2	0	0	0	3	1	2	1	0	2	0	0	19	9	14	7	2	2	12	4
ASV3112	2	1	3	0	6	5	2	0	2	5	0	1	0	1	3	0	0	1	2	2	0	2	0	2	4	6	3	3	2	0	0	5	4	0	9	10	6	6	0
ASV1153	15	5	3	3	3	4	2	1	2	4	0	1	0	0	1	0	1	1	0	13	0	0	0	3	1	2	6	1	4	2	2	1	1	1	4	0	3	6	1
ASV1279	5	6	3	4	3	2	0	0	0	2	0	0	0	0	0	0	0	0	0	4	0	0	0	4	2	3	1	0	3	0	0	1	11	15	12	16	0	0	0
ASV1284	1	5	1	3	4	1	2	0	5	7	5	0	3	1	1	4	4	2	1	4	8	2	1	1	3	4	4	2	1	2	5	2	0	3	2	1	0	0	2
ASV1285	1	1	0	1	0	0	1	0	1	0	1	0	2	0	1	1	4	9	9	1	2	17	3	0	2	1	0	0	0	10	14	1	1	1	0	0	0	12	0
ASV1308	3	2	11	9	9	3	3	2	1	11	0	2	0	0	0	0	0	0	0	10	0	0	0	4	5	10	6	5	1	0	0	0	0	0	0	0	0	0	0
ASV1322	6	2	1	4	2	1	2	3	4	1	0	2	0	2	1	2	2	3	0	1	0	3	0	1	2	3	1	3	0	0	1	1	0	5	0	0	0	11	27
ASV1323	0	0	0	0	0	0	0	0	0	0	0	0	0	0	0	0	0	0	0	0	0	0	0	0	0	0	0	0	0	1	0	1	30	23	21	21	0	0	0
ASV1347	2	0	0	0	0	0	0	0	0	0	0	1	0	0	0	0	0	0	0	0	0	0	2	0	1	0	0	0	1	0	0	11	4	8	17	24	3	16	7
ASV1380	2	0	0	1	0	2	0	0	0	2	0	0	0	0	0	0	0	0	0	2	0	0	0	0	1	0	0	0	0	0	1	0	12	3	12	56	2	1	0
ASV1539	0	0	1	1	0	0	0	0	0	0	0	0	0	0	0	0	0	0	0	0	0	0	0	1	0	0	0	0	0	2	0	1	54	2	6	27	2	0	0
ASV1593	6	3	2	0	2	2	1	2	0	1	0	0	0	0	2	0	0	0	1	4	0	0	2	3	3	0	2	0	0	0	2	13	10	10	5	2	12	7	0
ASV1619	4	0	1	1	0	0	2	1	1	0	1	1	3	7	8	9	9	15	5	1	2	3	3	1	1	2	2	1	1	6	3	0	1	1	0	0	1	0	0
ASV1641	0	0	3	2	1	2	4	3	3	0	9	5	13	22	8	7	4	0	1	1	0	0	3	1	0	0	1	1	2	0	1	0	0	0	0	0	0	0	0
ASV1672	13	0	1	2	0	0	1	0	0	1	0	0	1	2	3	3	1	1	6	4	3	6	0	0	1	2	0	0	0	3	6	6	3	8	4	0	10	5	1
ASV1717	7	6	3	0	1	3	0	1	0	1	0	1	0	0	0	0	0	0	0	10	0	0	0	13	6	2	6	1	3	0	0	1	0	0	1	9	0	21	1
ASV1881	24	12	2	4	2	6	0	4	1	2	0	1	0	2	1	2	1	0	0	5	0	0	0	11	3	7	2	2	2	0	0	0	0	0	0	0	1	0	0
ASV2240	4	2	3	0	1	2	1	3	1	1	0	0	1	0	0	1	1	1	1	1	1	0	0	2	1	5	1	1	3	1	1	10	18	6	5	6	5	6	1
ASV2906	1	1	2	1	2	0	1	0	0	2	0	1	1	4	5	4	8	6	10	1	7	12	0	0	0	1	1	1	0	1	3	3	1	0	2	0	11	3	1
ASV2908	8	6	2	2	0	7	5	4	1	4	7	4	2	1	6	3	4	0	0	3	0	1	0	6	3	2	1	1	2	2	10	0	0	0	0	0	0	0	0
ASV3889	3	5	2	0	3	11	6	2	2	3	4	1	3	0	1	0	0	0	2	6	7	0	0	6	4	5	4	6	5	0	0	0	0	1	0	0	0	0	5
ASV4236	0	0	0	0	1	0	0	0	0	0	0	0	2	6	11	3	12	5	15	0	10	10	3	0	0	0	0	0	0	8	9	0	0	0	1	0	0	1	0
ASV1200	3	2	0	1	0	0	1	0	0	2	0	2	0	0	3	9	7	5	7	1	10	9	18	0	2	1	0	1	0	3	8	0	0	0	0	0	0	1	0
ASV1263	1	6	4	8	2	2	3	2	0	2	1	0	1	0	2	2	2	2	4	5	1	7	0	2	4	4	5	1	3	0	5	3	1	3	2	0	1	5	0
ASV1310	2	2	2	2	1	2	7	2	4	0	1	1	4	3	2	7	2	3	4	3	6	3	2	3	3	1	1	1	6	3	2	2	0	3	2	0	1	2	1
ASV1388	4	1	2	1	2	4	6	1	5	5	1	3	0	0	0	0	1	4	0	3	4	4	0	5	2	4	4	4	0	0	4	2	0	4	1	0	0	14	1
ASV1393	1	3	3	2	2	3	0	0	1	2	0	0	0	0	3	0	0	3	0	4	1	0	0	7	1	2	2	2	3	2	0	4	13	9	4	14	1	3	1
ASV1501	20	2	4	1	3	1	3	1	0	4	0	0	1	0	0	0	0	0	1	1	0	0	0	0	0	6	3	2	2	0	0	1	2	1	5	0	5	26	1
ASV1597	3	1	3	1	0	1	1	0	1	3	0	0	1	0	1	0	1	1	0	2	1	3	0	2	0	1	3	0	2	0	1	5	0	26	15	0	0	7	10
ASV1610	6	2	5	2	0	2	1	1	1	4	1	0	0	0	0	0	0	1	0	1	0	0	0	2	0	4	4	3	5	1	0	5	9	15	7	11	0	3	0
ASV1629	2	1	4	3	2	3	2	1	1	7	0	1	2	1	4	1	3	5	6	4	2	3	3	4	2	3	4	1	3	0	0	4	0	6	6	1	0	0	1
ASV1715	4	0	2	5	4	4	2	7	8	1	3	7	3	0	0	1	2	1	1	4	1	0	0	1	6	0	0	2	2	16	7	0	0	0	0	0	0	0	2
ASV1723	2	0	1	0	0	0	0	0	0	0	0	0	0	0	0	0	0	0	0	0	0	0	0	0	0	0	1	1	1	0	0	0	0	1	3	1	3	1	81
ASV1799	10	2	2	7	3	4	5	0	8	1	5	4	4	5	1	2	2	1	4	3	0	1	0	4	4	1	4	1	0	2	3	0	0	0	0	0	0	0	3
ASV2243	4	3	4	1	1	2	1	1	0	4	1	0	0	0	0	0	1	0	0	1	0	0	1	1	1	1	4	3	4	0	0	13	14	7	3	8	6	6	0
ASV2359	1	2	5	2	6	5	7	5	2	2	5	2	3	3	0	1	1	1	0	2	3	1	0	2	6	4	0	5	3	0	0	0	0	1	1	0	0	1	14
ASV5880	1	3	2	2	3	0	0	0	0	2	0	0	0	0	0	0	0	0	0	4	0	0	0	3	2	5	7	2	0	0	0	3	16	2	11	14	6	8	0
ASV1168	12	3	2	0	1	1	6	3	0	4	2	1	0	12	3	2	0	7	2	2	1	4	10	2	2	0	1	4	2	2	0	0	0	0	0	0	0	0	4
ASV1193	5	5	5	6	6	9	4	1	2	7	1	1	0	1	0	1	0	0	0	8	0	0	0	7	2	3	7	4	5	0	2	1	0	0	0	0	0	0	2
ASV1244	1	0	2	1	3	3	7	5	7	0	6	18	19	6	2	2	2	1	1	1	0	0	0	0	0	1	1	5	1	0	0	0	0	0	0	0	0	0	0
ASV1290	1	0	8	5	5	6	10	6	7	1	9	16	0	1	1	0	1	0	0	2	0	1	0	1	1	5	2	5	1	0	0	0	0	0	0	0	0	0	0
ASV1386	1	4	3	1	1	3	1	3	2	2	0	1	0	0	0	1	1	1	1	3	2	0	2	1	4	5	3	3	6	0	0	6	4	3	4	16	4	1	2
ASV1387	3	2	2	0	1	0	1	0	1	2	1	0	0	3	0	2	3	1	3	0	1	4	24	3	0	1	0	0	0	4	5	3	0	13	5	0	1	6	0
ASV1406	13	1	1	4	2	4	1	1	1	2	0	0	0	1	0	0	0	1	1	2	1	1	0	3	3	0	1	1	3	0	0	12	2	8	3	3	7	9	3
ASV1420	0	0	0	0	0	0	0	0	0	0	0	0	2	2	1	11	17	8	10	0	22	11	5	0	0	1	0	0	0	5	0	0	0	0	0	0	0	0	0
ASV1512	4	3	2	2	1	1	4	9	3	1	2	0	9	4	3	1	3	9	2	0	3	4	3	1	1	2	8	2	0	4	2	0	0	0	0	0	0	0	2
ASV1521	5	1	5	3	2	3	2	1	0	2	5	20	2	0	2	4	2	2	4	1	2	7	1	2	3	1	5	2	1	2	3	0	0	0	0	0	0	0	0
ASV1714	7	3	3	4	2	3	1	3	2	0	0	1	0	0	0	0	0	1	0	2	0	0	2	1	2	1	3	1	3	0	1	9	13	10	5	1	8	3	0
ASV1760	0	0	0	4	2	5	3	1	4	1	5	6	13	15	7	2	2	4	1	0	2	2	4	0	2	2	1	2	1	2	1	0	0	0	0	1	0	0	0
ASV2017	2	15	2	4	3	4	2	3	2	8	2	3	0	0	0	1	0	2	1	6	1	0	1	5	4	7	5	1	5	0	0	2	0	3	0	1	0	0	0
ASV2204	0	0	4	3	3	4	3	4	4	3	4	13	1	0	3	3	4	2	0	0	1	0	5	1	2	4	4	1	4	15	0	0	0	0	0	0	0	0	0
ASV3368	6	3	1	2	0	1	0	3	3	1	4	2	1	2	4	4	6	9	3	3	7	3	4	3	0	0	5	2	2	0	2	2	0	2	3	0	0	0	2
ASV3822	6	5	3	1	3	4	1	0	3	3	0	0	0	0	0	0	0	0	0	8	0	0	1	7	0	7	6	1	4	0	0	8	3	8	5	6	0	2	0
ASV5638	0	8	2	3	3	5	3	4	2	4	2	1	0	1	0	1	0	0	0	5	0	1	0	3	6	5	5	3	6	0	1	5	0	2	5	0	4	3	2
ASV1126	7	4	4	0	1	0	0	0	1	0	0	1	0	0	0	0	0	0	0	3	0	0	0	2	0	3	1	1	2	0	0	0	7	0	16	41	0	0	0
ASV1131	1	2	4	3	1	0	2	0	7	2	1	1	0	1	6	3	2	2	6	4	6	1	1	8	3	4	0	0	4	3	4	1	0	4	3	0	0	2	2
ASV1238	39	5	2	4	0	1	3	2	1	7	0	0	0	0	0	0	0	0	0	7	0	0	0	3	9	2	1	4	3	0	0	0	0	0	0	1	0	0	0
ASV1289	0	0	0	0	0	0	0	0	0	1	0	0	0	1	0	1	2	12	2	0	4	12	11	0	0	0	0	0	0	38	10	0	0	0	0	0	0	0	0
ASV1341	2	3	4	1	0	4	1	0	0	3	1	0	0	0	0	0	0	1	0	1	0	0	0	0	1	4	3	9	1	0	0	14	5	16	12	1	5	1	1
ASV1412	12	4	0	2	0	1	2	2	2	4	2	0	0	0	0	0	0	1	1	2	0	1	1	4	2	1	4	1	2	0	0	8	7	5	6	17	0	0	0
ASV1421	3	2	4	6	0	1	4	0	0	0	0	3	1	1	2	3	3	1	5	2	4	17	9	4	0	1	1	1	1	4	8	0	0	0	0	0	0	2	1
ASV1427	2	4	2	1	3	1	1	0	0	6	0	0	0	1	1	2	5	4	1	7	3	1	1	7	1	3	5	0	4	1	1	1	3	9	5	3	1	2	2
ASV1444	0	0	0	0	0	0	0	0	0	0	0	1	1	3	1	3	9	14	15	0	3	1	2	0	0	0	0	1	0	37	3	0	0	0	0	0	0	0	0
ASV1332	2	3	2	1	1	0	3	0	0	1	0	0	0	2	1	0	3	8	4	2	2	6	0	1	3	0	2	0	0	1	2	15	1	5	6	1	5	4	6
ASV1344	1	4	3	6	3	6	7	5	3	1	8	9	6	1	1	0	0	0	0	3	1	0	1	0	2	5	7	1	5	2	0	0	0	0	0	0	0	0	2
ASV1402	8	7	5	4	1	3	7	0	1	6	1	1	0	0	0	1	0	0	0	7	1	4	2	7	9	4	3	0	4	2	1	0	1	0	1	0	1	0	1
ASV1445	17	3	2	2	5	1	4	3	1	3	0	0	0	0	0	0	0	0	0	1	0	0	0	2	0	3	1	1	0	0	0	2	4	15	10	7	1	4	1
ASV1448	2	4	0	2	2	1	4	4	3	3	4	1	0	6	7	1	6	5	6	3	3	1	1	4	3	0	2	2	6	1	3	0	0	0	1	0	1	1	0
ASV1511	5	1	2	3	2	5	4	4	6	3	2	2	3	4	3	2	0	1	0	3	3	1	1	8	3	5	2	5	1	1	2	2	0	0	1	0	0	2	1
ASV1569	0	0	0	0	0	0	1	0	0	0	0	2	17	31	13	5	6	0	1	0	1	3	3	0	1	1	2	1	1	3	1	0	0	0	0	0	0	0	0
ASV1583	1	0	2	1	1	1	1	0	0	1	5	2	7	8	4	7	5	9	3	1	6	4	2	0	2	0	0	1	1	12	6	0	0	0	0	0	0	0	0
ASV1588	3	2	2	4	8	2	2	5	2	6	2	1	4	3	4	3	1	2	0	1	0	0	0	5	7	4	1	5	7	0	0	0	0	0	6	1	0	0	0
ASV1724	1	2	2	1	2	0	2	0	0	5	1	0	0	1	0	0	0	0	1	3	0	1	12	1	2	0	0	1	2	1	4	7	13	5	3	4	1	15	0
ASV1859	1	7	3	2	5	1	3	4	0	5	0	2	0	0	0	0	0	3	0	4	1	1	1	5	3	5	6	2	2	0	0	2	6	2	1	11	2	2	1
ASV1903	4	3	1	1	4	2	1	1	0	1	1	1	0	1	2	6	2	5	6	2	8	8	6	2	4	1	0	2	2	5	3	2	0	1	2	0	0	2	1
ASV1952	0	0	0	0	0	0	0	0	0	0	0	0	0	0	0	0	0	0	0	0	0	0	0	0	0	0	0	0	0	0	0	0	0	1	68	24	0	0	0
ASV2114	3	4	2	3	5	2	2	3	2	1	1	3	2	1	1	1	1	2	6	10	3	2	3	9	3	4	2	2	2	1	1	0	0	0	2	0	1	3	0
ASV2175	3	6	3	3	3	4	4	3	3	2	0	0	0	1	0	1	0	2	0	7	0	0	1	1	3	1	2	2	1	1	0	3	3	5	4	4	3	11	3
ASV2280	3	1	2	0	1	1	1	0	0	3	1	0	0	0	0	0	1	1	0	1	1	0	1	2	0	0	1	1	0	2	0	15	6	8	8	2	15	13	2
ASV1164	10	2	1	0	1	0	0	0	0	3	0	0	0	0	0	0	0	0	0	0	0	0	0	1	0	1	0	0	1	1	1	2	30	4	1	21	9	3	0
ASV1171	20	3	2	2	0	1	0	4	0	0	0	0	0	0	0	0	0	1	1	3	0	1	2	6	0	5	1	0	0	0	2	2	2	3	3	1	18	5	4
ASV1390	9	3	2	1	4	4	1	0	0	4	2	0	0	0	0	0	0	0	0	11	0	1	0	2	1	3	4	2	2	0	1	7	1	5	0	0	10	11	1
ASV1486	0	3	0	1	3	3	1	0	1	1	0	0	0	0	0	0	0	0	0	1	0	0	0	4	1	3	5	0	0	0	0	15	16	7	6	2	14	5	0
ASV1508	7	5	4	6	2	2	3	4	0	4	0	0	1	0	0	0	0	0	0	3	0	0	0	5	8	1	2	6	3	1	0	11	4	4	3	0	2	0	1
ASV1538	2	1	0	2	1	1	1	3	0	1	1	0	3	0	1	0	0	0	0	2	0	0	0	0	0	3	1	0	1	0	0	13	16	20	8	3	2	6	0
ASV1555	5	7	5	2	4	2	2	1	1	4	0	0	1	0	1	1	0	0	0	3	1	0	1	3	6	4	6	3	4	0	1	3	5	9	2	1	0	4	0
ASV1556	0	2	2	0	0	3	0	0	0	2	0	6	0	5	3	7	2	17	7	1	1	1	13	2	1	3	1	0	0	1	2	0	5	3	1	1	0	0	0
ASV1605	1	1	0	1	5	4	1	2	3	1	2	4	0	3	2	0	1	0	1	3	0	0	0	7	5	0	3	4	2	3	2	3	0	1	2	1	20	3	1
ASV1747	2	2	0	0	0	0	0	0	0	1	0	0	1	0	1	0	1	0	0	0	0	0	1	1	2	2	1	1	2	0	0	13	1	14	11	0	3	22	10
ASV1983	1	1	1	1	1	0	0	0	0	2	0	1	0	0	0	0	0	0	0	3	0	0	0	0	3	2	1	0	2	0	0	25	9	9	8	3	10	8	1
ASV2449	8	3	1	1	2	1	0	1	0	1	0	0	0	0	0	1	0	0	0	4	0	0	0	0	3	1	3	1	1	0	0	2	6	0	0	2	48	2	0
ASV2564	5	3	3	1	6	4	1	2	9	2	7	0	1	3	0	2	0	0	0	3	0	0	0	1	2	3	0	4	3	0	0	0	0	0	0	0	0	4	23
ASV1283	7	3	3	1	1	0	2	1	1	2	0	2	0	0	1	2	5	6	8	1	2	3	4	7	2	0	3	4	6	1	1	0	0	6	4	0	0	1	1
ASV1359	4	3	1	2	2	1	2	0	1	1	2	1	2	4	5	7	5	19	1	5	5	4	0	4	1	1	2	0	0	4	2	0	0	0	0	0	0	0	0
ASV1430	8	10	5	10	2	4	4	5	1	1	1	1	1	1	0	1	3	0	0	2	1	2	0	5	1	7	2	2	11	0	0	0	0	0	0	0	0	0	0
ASV1441	11	2	0	1	1	1	2	2	1	2	1	5	2	1	0	1	2	2	0	0	3	5	12	2	2	2	1	2	1	1	5	1	0	8	2	0	3	1	3
ASV1454	2	0	2	2	0	4	2	4	4	1	0	1	0	3	1	12	2	8	9	0	0	7	4	2	2	1	0	1	2	11	4	0	0	0	0	0	0	0	0
ASV1494	4	0	3	0	4	0	2	1	1	2	0	0	0	1	0	2	0	1	2	0	2	0	0	2	0	2	3	1	1	0	1	4	15	2	3	17	11	3	1
ASV1563	3	2	0	0	1	0	0	0	1	0	0	1	2	2	4	7	7	13	8	0	12	9	6	0	0	2	0	0	1	4	5	0	0	0	0	0	0	0	1
ASV1585	13	1	3	2	0	1	0	0	0	0	0	0	0	0	0	1	0	0	13	0	45	1	2	1	1	2	2	1	1	0	0	0	0	0	0	0	0	1	0
ASV1587	4	2	1	2	0	2	0	3	0	1	0	0	0	0	0	0	0	0	0	0	0	0	0	1	0	1	0	1	2	0	0	10	21	12	12	10	2	2	2
ASV1902	2	3	2	2	1	5	0	0	0	1	0	0	0	1	0	1	0	1	0	2	1	0	2	1	2	3	3	0	1	0	0	8	0	13	8	2	1	16	9
ASV2308	4	5	7	4	0	9	6	6	12	2	2	4	0	0	1	0	4	0	2	0	1	0	1	3	1	4	2	10	1	0	0	0	0	0	0	0	0	0	0
ASV3255	12	4	2	0	1	2	1	0	2	2	0	0	1	1	1	0	0	0	2	3	1	0	2	3	1	4	1	1	1	0	2	3	14	6	5	7	1	3	2
ASV3384	1	8	3	4	2	2	0	2	1	6	0	0	0	0	0	0	0	0	0	5	0	0	0	1	1	6	7	1	3	0	0	7	10	0	3	14	2	0	2
ASV1241	3	0	1	0	0	1	3	0	0	1	0	0	0	0	0	0	0	0	0	0	0	0	0	1	3	1	2	2	0	0	0	0	6	12	24	30	0	0	0
ASV1291	0	0	1	1	0	0	0	0	0	0	0	0	0	0	0	1	0	0	0	1	0	0	0	1	2	0	0	0	0	0	0	8	0	29	7	0	35	2	2
ASV1307	2	3	1	2	0	0	1	0	2	4	0	0	0	0	0	1	0	0	0	2	0	1	0	0	0	1	2	1	1	0	0	3	5	11	8	39	0	0	0
ASV1367	0	0	0	1	0	0	1	0	0	0	0	0	0	0	0	0	1	0	0	1	0	0	0	0	0	0	1	2	0	0	0	19	3	30	16	2	5	7	1
ASV1372	3	0	3	0	0	0	0	0	1	3	0	0	0	1	0	0	0	0	0	1	0	0	0	2	0	0	1	1	2	1	1	2	27	10	5	25	0	0	1
ASV1413	2	0	0	1	0	0	1	0	0	1	0	0	0	0	0	0	0	0	0	1	0	0	0	0	0	0	0	1	0	0	0	1	23	8	13	37	0	0	1
ASV1417	6	8	2	5	1	2	7	4	3	2	3	2	0	0	0	0	0	1	3	6	0	1	1	5	4	5	2	5	2	6	3	0	0	0	0	0	0	0	1
ASV1495	2	6	6	8	1	0	4	4	4	7	1	4	0	0	0	0	0	1	4	5	1	0	2	7	2	5	7	3	2	0	0	0	0	2	1	1	0	0	0
ASV1602	11	4	3	1	0	0	0	1	0	2	0	1	0	0	1	4	2	6	2	5	1	1	1	5	3	3	2	0	2	6	2	0	1	1	1	3	7	7	1
ASV1621	4	3	1	2	0	3	1	2	0	5	1	1	0	0	0	0	2	0	1	3	1	4	2	3	2	3	4	3	1	4	1	6	1	18	5	1	0	2	0
ASV1746	7	7	0	3	0	1	1	0	0	1	0	0	0	0	0	0	0	0	0	5	0	0	0	2	3	1	2	0	0	0	0	1	7	1	14	33	0	0	1
ASV1914	1	3	3	1	5	1	8	2	0	1	1	3	1	2	4	1	2	0	3	0	7	3	1	1	10	0	3	0	2	8	2	1	0	0	0	0	0	0	10
ASV1978	8	1	0	0	0	1	1	0	1	1	0	0	0	0	0	2	0	3	0	2	1	3	0	1	2	2	2	1	0	0	1	9	17	5	6	1	3	13	3
ASV2066	5	5	5	3	5	4	4	6	3	4	1	1	0	2	0	2	1	0	0	5	1	0	3	2	4	11	8	3	1	0	0	0	0	1	0	0	0	0	0
ASV2102	3	2	1	2	3	2	1	1	1	3	3	1	4	1	4	2	4	6	7	0	4	2	2	1	1	0	3	0	2	5	8	2	0	1	6	1	0	1	0
ASV2394	0	2	1	3	3	1	2	1	3	3	1	0	0	0	0	0	0	0	0	2	1	0	2	0	3	2	4	1	5	0	0	5	5	11	7	1	15	2	4
ASV2560	3	5	5	3	7	4	4	5	1	2	3	0	0	3	1	3	2	2	1	3	2	2	4	3	3	4	3	2	3	1	0	2	1	2	0	0	1	0	0
ASV5490	0	1	0	3	3	1	1	0	2	1	4	2	0	0	2	0	0	0	2	3	1	0	0	2	0	0	0	6	1	0	0	6	11	2	8	4	17	1	6
ASV1354	3	4	3	5	3	4	2	4	6	1	5	3	1	0	1	2	1	3	0	2	1	2	9	0	6	4	4	6	4	0	0	0	0	0	0	0	0	0	0
ASV1385	4	4	2	3	4	3	3	2	2	4	0	1	1	3	0	0	2	2	1	10	3	4	2	5	1	5	3	1	4	0	2	0	0	1	3	0	0	4	0
ASV1505	0	2	5	4	4	4	2	3	4	7	2	2	1	1	0	2	5	0	0	2	3	0	4	1	5	3	3	2	3	1	1	1	0	3	1	0	0	1	7
ASV1518	0	0	0	1	0	0	1	0	1	0	0	0	1	1	0	1	78	0	0	0	0	0	0	0	0	1	0	3	0	0	1	0	0	0	0	0	0	0	0
ASV1664	7	3	3	1	0	5	2	4	2	3	3	1	5	2	3	7	3	4	2	1	1	5	1	1	2	2	0	1	3	1	4	2	1	1	0	0	1	1	1
ASV1669	1	1	0	3	2	1	1	3	3	2	1	1	1	1	2	0	0	0	2	2	0	1	0	4	0	2	2	4	6	1	1	5	3	6	10	2	10	4	1
ASV1804	10	2	4	1	4	1	3	6	9	3	2	2	1	4	2	1	1	2	0	4	1	0	2	5	3	1	2	1	2	0	0	2	0	0	2	0	0	0	6
ASV2660	5	3	4	7	8	4	1	2	1	4	0	0	0	0	1	0	0	0	1	5	0	1	0	4	5	6	6	3	1	0	0	0	4	3	3	5	0	2	0
ASV2705	0	4	4	2	3	4	3	0	1	5	1	1	1	2	4	3	3	3	2	4	5	5	0	5	2	3	1	3	5	2	3	0	0	2	2	0	0	1	0
ASV3529	1	0	2	4	4	4	4	3	1	3	2	0	3	2	0	3	0	1	2	5	1	1	0	4	1	4	4	3	3	1	0	0	0	0	12	1	8	2	0
ASV1394	5	7	2	0	2	3	0	0	1	3	0	0	0	0	0	0	0	0	2	6	1	0	0	4	2	4	1	2	0	0	0	5	10	6	3	9	3	7	0
ASV1485	1	2	1	2	0	0	2	3	1	1	2	1	2	12	9	9	5	10	1	2	3	6	2	1	2	0	0	2	1	1	2	0	0	0	0	0	0	0	2
ASV1604	4	0	0	0	0	2	1	0	2	1	0	0	0	0	1	0	0	0	0	0	2	0	0	0	0	0	0	0	1	1	2	5	20	14	10	1	5	1	15
ASV1645	19	4	1	1	3	2	4	1	3	1	0	0	0	0	0	0	0	1	0	5	0	1	1	0	3	4	3	1	1	0	0	4	0	16	9	0	0	0	0
ASV1761	7	6	0	0	2	1	4	0	8	4	2	0	5	1	2	11	3	1	0	1	0	1	9	0	1	0	3	0	1	0	1	0	1	3	0	0	1	7	2
ASV1789	1	2	3	1	1	0	0	1	1	1	0	0	0	1	1	2	1	0	0	2	0	0	0	1	1	2	4	0	2	0	0	11	10	7	2	3	11	12	4
ASV1857	5	5	3	0	0	0	0	0	1	4	0	0	0	0	0	0	0	0	0	1	0	0	0	3	1	2	1	2	1	0	0	6	16	18	8	5	4	2	0
ASV1892	2	4	4	1	8	1	3	1	0	3	0	0	0	0	1	1	1	0	0	3	0	0	0	5	3	7	2	0	1	0	0	1	15	4	7	8	0	1	1
ASV2384	8	6	2	3	1	3	4	0	2	1	0	1	0	1	1	0	0	0	0	7	1	3	6	2	10	5	3	1	1	1	0	0	5	0	4	6	0	0	0
ASV2448	1	4	9	0	5	6	3	3	4	4	3	2	0	0	0	0	0	0	1	2	1	0	1	3	9	1	1	6	6	1	0	3	1	2	2	0	0	1	3
ASV3218	6	1	3	1	2	1	2	3	0	2	0	1	1	0	0	0	1	0	0	5	0	0	0	3	4	2	1	0	0	0	0	14	6	8	5	4	7	5	0
ASV5462	2	2	0	2	4	0	0	1	1	1	0	2	0	0	0	0	0	0	1	1	0	2	0	1	0	2	2	0	1	1	2	13	13	1	6	2	21	3	1
ASV1314	1	0	0	1	0	1	0	0	0	0	0	0	2	0	0	0	0	0	0	0	0	0	2	0	0	3	2	0	1	0	2	12	8	16	6	4	5	21	0
ASV1328	3	2	0	0	0	0	0	1	0	1	0	0	0	0	0	0	1	1	3	0	0	0	0	1	0	0	1	0	0	0	0	10	1	3	2	0	1	47	9
ASV1336	6	1	1	0	0	0	0	0	0	0	0	0	0	0	0	0	0	0	0	1	0	0	0	1	0	1	1	0	0	0	0	12	26	21	7	6	2	0	1
ASV1362	1	13	5	7	4	2	1	1	0	7	0	0	0	0	0	0	0	0	1	5	0	0	1	5	8	8	11	2	3	0	0	0	0	1	0	0	0	0	1
ASV1422	4	0	0	3	2	1	0	3	0	2	0	0	0	0	0	0	0	0	0	5	0	0	2	2	3	1	3	0	0	0	0	2	16	4	1	1	0	29	3
ASV1434	3	1	4	1	2	2	2	3	1	2	0	2	0	2	3	9	4	2	2	5	5	0	2	3	3	5	6	1	2	2	3	0	0	2	3	0	0	0	0
ASV1461	6	0	0	0	1	1	1	0	0	1	0	0	0	0	0	0	0	0	0	1	0	0	0	0	0	1	0	0	0	1	0	5	43	11	9	6	0	0	0
ASV1516	3	0	2	3	0	3	3	1	2	2	3	2	3	3	3	6	8	6	3	2	1	4	5	3	1	3	0	0	0	2	5	0	0	3	0	0	0	1	1
ASV1542	1	0	0	1	0	0	1	2	0	1	1	2	2	0	1	1	3	9	10	1	7	15	18	0	0	3	1	0	2	4	1	0	0	0	0	0	0	0	0
ASV1562	0	2	1	0	2	1	0	1	1	2	0	0	0	0	0	0	0	0	0	1	0	0	0	3	0	0	1	0	2	0	0	14	8	9	7	23	2	6	1
ASV1571	5	1	4	4	1	1	2	1	0	4	1	0	0	0	0	0	0	0	0	0	0	0	0	0	5	4	3	2	1	0	0	1	0	3	2	42	0	0	0
ASV1685	10	4	3	0	2	2	0	0	2	5	1	0	0	0	1	0	0	0	0	3	0	0	2	6	1	3	3	1	0	0	2	8	3	3	4	4	1	11	2
ASV1696	1	1	2	2	1	0	0	2	0	1	0	0	0	0	1	0	0	0	0	5	0	0	0	2	1	1	2	0	0	0	0	2	15	15	10	22	1	0	0
ASV1757	0	1	2	1	0	3	1	1	2	0	1	2	1	6	7	6	11	11	4	1	2	4	0	1	0	4	1	0	0	6	4	0	1	0	0	0	3	0	0
ASV1821	2	2	1	0	1	0	0	1	1	0	0	0	0	0	1	4	3	10	4	0	8	34	1	0	0	0	0	0	0	0	4	3	0	1	1	0	0	5	0
ASV1896	2	2	3	1	0	1	1	0	0	4	0	0	1	0	0	0	0	1	0	2	0	0	2	2	2	3	4	2	3	0	0	6	0	8	2	1	7	26	1
ASV1994	2	1	0	0	0	0	0	0	0	0	0	0	0	1	0	0	0	0	0	0	0	0	0	0	0	1	0	1	0	0	2	6	2	13	10	0	9	13	26
ASV2213	6	5	5	4	4	3	3	4	1	9	2	3	0	0	0	0	0	0	1	8	0	0	1	6	4	4	3	2	5	0	0	0	0	1	2	0	0	0	1
ASV3099	3	0	0	0	0	0	1	1	2	0	3	1	4	6	5	8	0	7	6	2	8	10	6	2	1	2	1	1	1	1	3	1	0	0	0	0	0	0	1
ASV4173	2	3	4	3	5	3	2	2	1	3	0	1	0	0	1	0	0	0	0	5	0	0	0	6	5	1	1	3	1	0	0	12	4	1	6	2	6	2	2
ASV5140	3	8	2	5	2	2	3	2	0	5	2	3	0	0	0	0	0	0	0	7	0	0	1	7	5	3	4	3	3	0	0	5	5	0	2	3	1	1	0
ASV1373	2	1	0	2	1	1	2	2	1	0	1	0	0	0	0	1	0	1	0	4	0	0	0	2	0	3	4	1	1	1	0	18	0	11	11	1	7	4	3
ASV1405	1	0	0	0	1	1	0	0	0	2	0	0	0	0	0	0	0	0	0	1	0	0	0	1	0	0	1	0	1	0	0	0	0	3	3	71	0	0	0
ASV1416	8	0	0	0	2	3	0	0	0	2	1	0	0	0	0	0	0	0	0	1	0	0	0	0	1	0	1	1	0	0	0	1	42	10	8	5	0	0	0
ASV1436	2	0	3	5	2	4	3	1	2	2	2	0	2	0	2	0	2	0	1	1	1	1	4	2	0	7	3	1	0	0	0	5	0	9	4	1	1	9	4
ASV1443	5	5	2	5	2	1	0	3	0	1	0	0	0	0	0	0	0	0	0	0	0	0	0	2	2	3	1	0	1	0	0	5	4	9	2	19	6	6	2
ASV1503	3	2	6	7	2	6	6	1	5	4	3	5	0	0	2	1	2	1	1	0	1	1	0	3	0	7	2	0	6	1	4	0	0	3	1	0	0	0	0
ASV1559	2	2	2	0	0	0	0	0	2	1	0	0	0	0	0	0	1	0	0	1	0	0	0	1	0	1	0	0	0	0	0	7	0	10	5	0	46	3	2
ASV1625	8	2	2	3	4	2	4	5	3	1	0	1	0	0	0	0	1	0	0	7	1	1	1	5	4	4	1	6	3	0	0	6	1	2	3	1	0	4	0
ASV1628	2	2	2	1	3	3	2	1	3	2	0	0	0	0	0	0	0	1	0	4	1	4	2	4	1	2	0	0	1	7	2	1	4	12	7	7	3	1	1
ASV1721	2	11	3	2	2	0	2	0	0	2	0	0	0	0	0	1	0	0	0	3	0	1	0	6	3	3	3	1	1	0	1	3	16	6	6	0	4	2	2
ASV1744	1	6	6	3	2	2	2	0	2	5	0	0	0	0	1	0	0	1	0	8	2	2	1	0	3	1	1	5	1	0	1	6	1	7	3	1	2	9	1
ASV1989	3	1	1	1	1	1	1	0	0	2	0	3	0	4	4	3	3	1	10	1	5	9	3	1	0	3	0	1	1	3	8	4	0	0	1	1	4	1	1
ASV2039	5	6	7	4	3	4	1	3	0	2	1	1	0	1	0	0	0	0	0	7	1	0	1	6	4	3	8	2	2	0	1	0	0	3	3	1	1	4	1
ASV2091	1	2	3	3	1	0	1	2	0	4	0	0	1	0	0	0	2	0	0	4	0	1	0	2	3	1	0	0	1	0	2	7	1	28	9	5	0	2	0
ASV2092	0	1	2	4	3	3	2	4	1	3	2	0	2	6	5	2	2	1	2	2	1	3	4	4	5	1	2	0	2	1	3	0	0	4	0	1	2	2	4
ASV2177	13	4	0	1	0	1	2	5	0	2	0	0	0	0	0	0	0	0	0	2	0	5	4	1	2	1	1	0	0	0	3	7	1	9	2	0	0	18	2
ASV2220	0	1	1	10	2	1	5	4	3	1	7	2	0	0	0	0	0	0	0	1	2	0	0	2	16	4	5	2	3	0	0	0	0	0	0	1	0	0	13
ASV3191	4	2	5	6	1	1	2	1	3	6	14	16	3	0	7	1	1	2	0	1	0	0	0	3	2	1	2	0	1	0	1	0	0	0	0	0	0	0	0
ASV1268	6	2	5	4	1	1	3	0	5	9	0	0	0	1	1	0	0	3	2	5	0	0	4	3	4	3	5	3	0	3	2	1	0	5	2	0	1	0	1
ASV1379	4	1	0	1	1	0	1	1	1	3	0	0	1	2	1	9	6	19	13	1	9	8	1	1	0	0	0	0	0	0	1	0	0	0	0	0	0	0	0
ASV1462	0	2	2	0	4	5	5	5	9	1	1	3	1	2	3	0	2	2	2	2	0	0	2	2	3	2	0	2	4	1	1	2	0	1	3	6	1	4	0
ASV1480	0	0	0	0	0	1	1	0	0	1	0	0	0	1	0	0	0	0	3	0	3	22	31	0	2	0	0	0	0	7	12	0	1	0	0	0	0	0	0
ASV1529	2	2	2	4	1	2	0	3	0	2	0	0	0	0	0	0	0	0	0	4	1	1	0	3	1	1	1	1	1	0	0	10	0	8	12	1	6	13	3
ASV1631	1	1	2	1	2	1	2	0	5	0	3	1	6	5	8	5	4	9	2	0	2	2	0	0	1	0	1	3	1	8	1	0	0	0	1	0	0	1	6
ASV1674	1	1	2	3	0	0	0	2	0	1	1	0	0	0	0	0	0	0	0	0	0	1	0	1	1	1	0	0	1	0	0	12	1	15	14	10	3	9	5
ASV1733	0	4	4	3	4	11	5	6	3	9	3	3	1	0	0	0	0	0	0	5	0	2	2	2	3	1	3	4	4	0	0	0	0	0	0	0	2	1	0
ASV1734	2	2	0	1	0	0	0	0	0	0	0	0	0	0	0	1	0	1	0	0	0	0	0	1	0	1	1	0	1	1	0	12	28	12	9	4	4	3	1
ASV1745	0	13	5	1	2	6	7	4	2	2	0	0	1	0	1	0	1	0	0	5	0	0	1	6	7	4	2	2	2	0	0	0	0	5	3	0	0	0	3
ASV1776	0	10	3	4	6	10	2	2	3	5	1	0	0	1	1	1	1	1	2	4	0	2	1	6	5	2	2	1	3	1	0	0	0	1	0	0	1	1	2
ASV1943	1	0	0	0	0	0	0	0	0	0	0	0	0	0	0	0	0	0	1	0	0	0	0	0	0	0	0	0	0	0	0	7	39	15	7	14	1	0	0
ASV2491	4	3	0	3	2	0	0	0	2	1	0	1	0	2	1	0	2	1	5	2	1	1	0	2	1	3	2	1	1	3	1	9	7	6	7	3	4	2	2
ASV2635	6	2	0	1	0	1	0	4	6	1	0	0	1	1	2	0	5	0	3	3	0	0	1	0	1	3	1	0	3	0	1	10	0	16	9	0	1	1	2
ASV4673	1	5	1	1	4	5	0	1	2	3	1	0	0	0	1	0	0	0	0	2	0	0	1	1	3	3	6	1	3	0	0	7	1	16	4	2	4	4	2
ASV4968	3	2	0	3	0	2	0	0	0	0	0	1	4	0	14	6	3	2	0	0	3	14	2	1	1	4	0	0	1	9	9	0	0	0	0	0	1	0	0
ASV5820	0	1	3	3	0	3	5	5	0	5	3	2	2	1	4	1	1	4	7	5	0	2	0	4	1	4	2	2	6	2	0	1	1	0	0	4	1	0	0
ASV1278	4	21	3	3	4	4	4	2	0	4	0	0	0	0	0	0	0	0	0	10	0	0	0	1	8	2	5	4	5	0	0	0	0	0	0	0	0	0	0
ASV1343	3	2	2	3	1	4	1	0	1	3	1	0	0	0	0	0	0	0	0	1	0	0	1	4	1	1	0	2	3	0	0	1	29	11	6	3	0	0	0
ASV1357	12	7	2	4	1	4	5	3	3	4	2	0	0	1	1	0	0	0	0	2	0	0	1	2	6	1	2	3	4	0	1	2	7	3	0	1	0	0	0
ASV1364	13	3	4	3	3	5	2	3	3	3	2	2	0	0	0	0	0	1	0	2	0	3	2	5	2	5	4	6	1	7	0	0	0	0	0	0	0	0	0
ASV1399	0	1	1	1	0	0	0	0	1	0	0	0	0	1	2	3	8	10	15	0	8	12	10	1	0	0	0	0	0	4	2	0	1	0	0	1	0	0	2
ASV1522	4	15	4	8	3	3	6	3	4	8	3	0	0	0	0	0	0	0	0	2	0	0	0	4	4	2	5	3	3	0	0	0	0	0	0	0	0	0	0
ASV1526	0	0	0	0	0	1	0	0	0	0	0	1	5	6	12	19	11	9	8	0	2	5	1	0	0	0	0	1	0	3	0	0	0	0	0	0	0	0	0
ASV1552	7	8	1	0	1	1	1	4	0	1	0	0	1	0	0	0	0	0	0	3	0	0	0	5	2	1	2	0	1	0	0	3	9	5	1	0	5	19	3
ASV1564	3	0	0	0	0	0	0	0	0	4	0	0	0	0	0	1	0	0	0	1	0	1	0	0	0	0	0	0	0	0	0	6	4	43	5	7	3	6	0
ASV1592	0	0	0	0	0	0	0	0	0	1	0	0	0	0	0	0	1	1	0	0	0	0	1	0	0	0	0	0	0	0	0	24	5	16	5	0	29	1	0
ASV1603	2	1	0	0	0	0	0	0	0	0	0	0	0	0	0	0	0	0	0	0	0	0	0	0	0	1	0	0	0	0	0	0	2	1	17	40	0	18	2
ASV1618	5	4	2	3	2	2	3	2	0	1	2	0	0	0	0	0	1	0	0	3	0	0	0	1	2	2	1	3	0	0	0	14	3	12	9	2	0	2	3
ASV1626	3	2	9	5	1	3	4	9	3	2	2	8	1	3	2	1	0	1	0	4	0	1	2	4	1	4	3	3	2	1	0	0	0	0	0	0	0	0	0
ASV1658	1	2	2	3	0	0	1	0	0	2	0	0	0	1	0	1	0	0	1	2	0	0	1	1	1	1	1	1	0	0	0	13	0	11	11	1	9	15	2
ASV1665	12	5	0	4	4	0	1	0	1	3	0	1	2	2	4	0	1	0	2	5	1	1	2	2	1	5	3	3	3	0	1	0	0	1	0	0	12	2	0
ASV1666	19	6	3	2	2	1	3	0	0	3	0	0	0	1	0	0	0	0	0	6	0	1	0	1	2	1	6	3	1	0	0	2	0	3	5	2	0	11	0
ASV1915	6	1	1	3	1	1	0	2	0	0	0	0	0	0	1	0	0	0	0	1	1	0	2	3	5	6	2	1	0	0	0	0	3	21	15	8	0	0	0
ASV1977	3	0	1	2	0	0	0	0	1	3	0	0	0	0	0	0	2	0	0	0	0	1	1	0	0	1	3	1	0	0	0	12	11	6	5	2	6	21	2
ASV1993	4	0	0	0	0	0	0	0	0	0	0	0	1	0	0	0	0	0	0	3	0	0	0	0	2	1	0	0	1	0	1	0	0	1	0	0	70	0	0
ASV2158	6	3	10	4	2	0	1	2	1	6	1	2	0	0	0	0	0	1	0	6	0	0	0	2	3	9	9	4	2	0	0	0	0	0	9	0	1	0	0
ASV2218	2	3	5	8	6	5	7	2	5	1	3	2	0	0	1	0	0	0	0	5	0	0	0	6	4	7	2	2	7	0	0	0	0	0	0	1	0	0	0
ASV2326	0	6	7	2	6	4	2	2	0	4	1	1	0	1	1	0	2	0	0	2	0	0	2	2	4	7	3	3	3	0	0	2	0	6	7	3	0	0	1
ASV2392	7	0	3	0	0	0	0	2	0	0	0	0	0	0	1	0	0	0	0	1	0	2	0	3	0	1	0	0	1	0	0	3	17	13	5	14	1	9	1
ASV5698	0	2	4	3	3	5	1	5	3	0	6	4	0	0	0	0	1	0	1	5	1	1	0	5	1	3	3	4	3	0	4	2	1	3	1	0	4	0	5
ASV1507	3	2	2	1	2	1	0	1	0	1	0	2	0	0	1	2	10	5	8	3	5	10	2	2	1	2	1	1	7	2	2	0	0	0	0	0	0	4	0
ASV1568	1	1	0	0	0	0	1	1	0	1	0	0	1	1	1	5	55	4	2	1	1	2	1	0	0	0	0	2	0	0	1	0	0	0	0	0	1	0	0
ASV1580	0	9	1	3	4	3	2	2	1	9	1	0	0	1	2	0	0	0	0	6	0	1	0	3	6	8	3	2	7	0	0	2	0	4	0	2	0	1	0
ASV1608	0	2	3	5	3	2	1	2	4	1	3	8	5	5	1	1	0	1	2	1	2	2	2	2	4	0	0	1	3	4	1	2	0	2	2	0	2	0	4
ASV1651	0	4	5	2	0	2	4	1	3	0	4	4	1	2	1	1	0	2	2	5	0	0	2	1	2	1	4	1	2	0	0	4	1	5	11	0	0	0	6
ASV1735	0	0	0	0	0	0	0	0	0	0	0	0	4	4	7	7	8	14	9	0	5	13	9	0	0	0	0	0	0	1	2	0	0	0	0	0	0	0	0
ASV1769	5	2	5	0	2	6	5	5	1	6	1	3	1	0	0	0	0	1	0	4	0	0	0	5	4	2	3	6	7	0	0	3	1	2	2	0	0	0	1
ASV1825	16	6	0	3	1	0	3	2	1	2	0	1	0	1	0	0	0	1	0	4	0	0	0	3	1	4	4	2	4	0	0	0	1	2	5	15	1	0	0
ASV1831	0	0	0	0	0	0	0	0	0	0	0	0	0	0	0	0	0	0	0	0	0	0	0	0	1	0	0	0	0	0	0	0	34	14	9	24	0	1	0
ASV1894	5	3	2	2	4	2	2	2	1	7	2	0	1	0	2	0	2	4	1	5	1	1	1	4	4	2	3	1	4	1	0	3	2	3	0	0	0	3	3
ASV1969	1	0	6	1	1	3	0	0	0	3	0	0	0	1	2	1	0	1	0	1	3	0	1	1	2	1	0	0	2	0	0	1	0	4	4	0	0	36	7
ASV2019	4	1	2	0	0	0	0	0	0	0	0	0	0	0	0	0	0	0	1	0	0	3	3	0	0	2	0	2	0	2	1	20	9	13	4	0	8	7	1
ASV2038	15	5	1	1	2	3	2	0	0	2	0	0	0	0	0	0	0	0	0	15	0	0	0	8	3	7	2	1	2	0	0	6	0	1	2	0	2	3	0
ASV2817	3	6	2	4	4	4	1	2	5	1	1	3	2	0	1	1	0	0	1	3	0	0	0	7	5	7	1	5	3	1	2	0	0	0	0	1	0	3	4
ASV3158	2	0	0	0	0	1	0	1	0	1	0	0	2	8	7	6	5	4	6	1	3	8	14	0	0	0	2	1	0	1	5	1	0	0	1	0	0	0	3
ASV3554	1	4	3	4	4	6	1	1	0	2	3	1	0	0	0	1	0	0	0	2	3	1	0	3	2	5	4	6	3	1	0	2	0	4	7	0	3	2	4
ASV1465	2	0	2	3	7	3	5	5	11	1	3	1	2	1	3	1	0	1	0	3	0	1	0	2	5	7	2	3	2	0	1	0	0	0	0	0	0	0	5
ASV1488	2	1	3	4	6	6	2	2	1	8	2	2	1	1	2	0	2	0	0	8	1	0	2	3	0	5	5	8	3	0	1	0	0	1	0	0	0	0	0
ASV1496	1	0	2	2	3	3	2	2	2	2	0	0	0	1	1	3	3	1	2	2	0	2	0	7	0	1	2	0	1	1	0	8	0	9	8	0	2	3	6
ASV1553	1	1	1	1	2	1	0	1	0	0	0	0	2	0	1	3	6	14	1	0	7	16	3	1	1	1	0	0	1	8	7	0	0	0	1	1	0	0	0
ASV1642	1	1	1	0	0	0	0	1	0	0	0	0	1	0	0	0	0	0	0	0	0	0	0	0	0	0	0	1	0	0	0	23	13	12	2	1	6	17	2
ASV1654	4	2	1	0	1	3	2	2	0	2	0	1	4	7	8	3	6	4	4	1	3	4	1	3	1	0	0	1	1	2	2	1	0	2	2	0	0	0	4
ASV1698	0	6	3	3	3	3	2	4	5	8	2	1	1	1	0	0	0	0	0	4	1	0	0	3	3	4	2	5	8	1	0	0	0	2	2	0	0	1	4
ASV1699	7	2	4	2	2	2	2	0	0	5	2	0	1	0	1	2	0	6	1	3	1	1	1	4	0	2	2	3	4	0	2	4	3	1	4	1	4	2	1
ASV1718	11	7	2	1	1	3	0	3	3	5	0	0	1	0	1	0	1	2	1	4	0	2	2	4	2	2	2	3	1	0	0	1	1	1	2	0	2	11	0
ASV1790	5	2	0	1	1	2	0	0	1	0	0	0	3	0	4	1	11	2	9	2	4	6	11	0	1	3	0	1	0	8	2	0	0	0	0	0	0	2	0
ASV1798	3	1	0	0	1	0	1	0	0	1	0	0	0	0	0	0	0	0	0	0	0	0	0	0	1	0	2	1	1	0	0	1	30	7	7	22	2	1	0
ASV1811	5	3	4	1	3	0	2	1	2	2	2	0	2	3	6	1	1	0	3	0	0	4	0	0	0	0	1	1	0	2	0	1	0	16	5	0	0	6	5
ASV1929	2	4	0	2	2	0	0	3	1	1	5	3	4	4	5	1	5	8	4	5	1	3	2	3	1	1	0	2	0	0	4	0	0	2	2	0	0	0	2
ASV1950	8	3	2	3	3	3	6	2	4	4	9	6	2	1	1	1	2	0	1	2	1	1	2	0	7	1	3	2	1	1	0	0	0	0	0	0	0	0	0
ASV2741	9	1	5	1	1	2	0	0	0	3	0	3	0	7	2	10	4	0	3	2	1	1	4	1	3	2	1	0	3	0	5	0	0	1	1	0	3	1	2
ASV3169	8	9	5	1	4	2	4	2	1	6	2	0	0	0	0	0	1	0	0	5	0	0	4	3	2	6	4	3	1	0	0	1	0	4	1	0	0	3	0
ASV1349	0	0	0	0	0	0	0	0	0	0	0	0	0	0	0	0	0	1	1	0	0	19	37	0	0	0	0	0	0	10	12	0	0	0	1	0	0	0	0
ASV1478	1	4	8	2	6	4	2	2	0	1	0	0	0	0	0	0	1	0	0	5	0	0	0	2	1	8	6	6	3	0	0	2	0	10	4	0	1	1	1
ASV1504	1	1	1	2	2	2	1	0	0	4	0	1	0	0	0	0	0	1	0	2	0	1	0	4	0	0	4	1	1	0	1	5	6	7	5	0	3	19	6
ASV1550	0	0	0	0	0	1	0	3	0	1	0	0	0	0	0	0	0	0	0	0	0	0	0	1	1	1	0	0	0	0	0	20	1	1	7	4	0	28	12
ASV1573	3	4	2	1	0	1	1	0	1	0	0	1	2	5	2	1	0	1	1	2	0	1	0	2	1	2	1	0	0	1	2	0	2	1	6	29	4	1	0
ASV1600	2	2	0	0	2	1	2	0	1	1	1	0	3	3	2	5	5	3	4	2	1	4	2	0	0	3	1	0	1	1	5	2	1	3	9	0	1	1	7
ASV1657	3	2	2	1	2	3	2	1	0	0	1	0	0	0	2	3	0	0	0	2	3	0	2	3	2	3	1	1	0	2	1	5	2	15	5	0	8	3	1
ASV1670	29	8	4	3	3	2	1	1	0	4	0	0	0	0	0	0	0	0	0	8	0	0	0	2	7	4	2	2	1	0	0	0	0	0	0	0	0	0	0
ASV1677	3	11	3	1	2	4	2	1	1	1	0	0	1	0	0	0	0	1	1	5	2	1	0	6	1	4	6	1	2	0	1	2	5	2	4	0	0	5	2
ASV1700	2	0	0	0	1	0	2	2	0	1	0	2	4	1	2	6	2	5	4	0	13	8	4	0	1	0	1	0	1	6	9	0	0	0	1	1	0	0	2
ASV1731	1	1	0	0	0	0	2	0	1	1	0	0	0	3	1	8	8	7	7	1	8	6	4	1	1	0	0	2	0	4	11	0	0	0	2	0	0	1	0
ASV1768	0	0	2	14	1	7	6	6	13	3	0	1	0	0	0	0	0	0	1	2	0	0	0	3	4	2	8	1	7	0	0	0	0	0	0	0	0	0	0
ASV1868	1	6	1	0	2	4	1	0	0	0	0	1	0	0	2	0	0	1	0	3	0	0	0	2	2	0	4	3	3	0	0	8	3	7	4	0	0	20	3
ASV1873	7	1	2	1	1	0	2	1	1	1	0	0	0	2	1	5	2	4	1	1	2	2	0	1	4	3	1	0	1	1	5	2	0	6	4	0	10	1	5
ASV1895	4	8	2	0	6	0	1	0	2	6	0	0	1	0	0	0	0	0	1	4	0	0	0	1	1	5	2	1	1	0	0	3	4	9	4	6	7	1	1
ASV1937	3	5	2	3	8	1	3	2	0	2	1	4	1	5	2	7	1	1	3	2	1	2	1	2	3	4	1	1	4	0	0	1	0	3	1	0	0	0	1
ASV1966	2	0	0	0	2	0	0	2	1	0	0	0	6	1	6	4	6	0	1	0	9	29	7	0	0	0	1	0	1	0	3	0	0	0	0	0	0	0	0
ASV1996	3	0	0	0	1	1	4	8	4	0	2	3	6	8	1	7	4	6	1	3	3	5	2	0	0	1	1	0	3	1	3	0	0	0	0	0	0	0	0
ASV2048	1	2	4	2	0	0	3	5	0	4	2	0	0	0	0	0	0	0	0	0	0	0	0	4	4	4	2	3	3	0	0	8	8	7	11	0	4	0	0
ASV2073	2	1	1	0	0	0	1	0	2	0	0	0	0	1	2	7	3	3	3	1	20	6	0	0	2	2	1	1	0	13	5	1	0	0	0	0	1	1	1
ASV2130	1	8	2	4	0	2	1	1	2	3	0	1	0	0	0	0	0	0	0	3	0	0	0	3	3	5	1	2	2	0	0	3	1	0	2	25	0	5	1
ASV2217	15	3	4	0	1	0	2	0	0	3	0	0	0	0	0	0	0	0	0	3	0	0	0	2	1	2	1	1	0	0	0	8	9	4	7	6	0	8	1
ASV2975	1	5	5	0	2	2	1	3	2	5	2	0	3	2	2	1	4	4	2	3	6	2	0	5	1	4	5	2	4	0	0	1	0	0	1	0	0	0	1
ASV1302	2	10	4	2	4	7	8	1	2	12	0	0	0	0	0	0	0	1	0	8	0	0	0	2	4	5	4	2	2	0	0	0	0	0	0	0	0	0	0
ASV1320	3	1	5	5	2	5	10	4	2	0	5	2	11	0	0	1	0	0	0	0	0	0	0	3	11	5	3	2	0	0	0	0	0	0	0	0	0	0	0
ASV1464	2	2	2	5	1	1	1	3	0	4	3	2	1	1	1	2	0	2	0	2	0	6	16	5	2	4	2	1	1	2	1	1	0	1	0	0	0	2	1
ASV1481	0	0	0	0	1	1	1	0	0	1	0	0	1	1	0	19	8	4	1	2	7	16	8	1	1	1	0	0	0	2	4	0	0	0	0	0	0	0	0
ASV1572	11	2	3	3	2	0	1	0	0	4	0	0	0	0	0	0	0	0	0	3	0	0	0	0	2	3	0	2	3	0	1	0	0	0	4	36	0	0	0
ASV1591	5	0	1	1	0	2	0	1	0	0	2	2	0	1	2	5	1	5	10	2	5	14	1	1	1	2	1	1	5	6	3	0	0	0	0	0	0	0	0
ASV1614	6	1	1	1	2	0	1	0	1	3	0	0	0	2	0	2	1	6	1	3	3	2	23	4	2	4	2	0	0	3	6	0	0	0	0	0	0	0	0
ASV1656	5	6	3	1	2	2	1	1	2	2	1	1	1	3	5	0	4	3	8	5	2	3	0	1	1	1	0	3	1	1	4	1	0	3	2	0	0	0	1
ASV1679	1	2	0	0	0	0	0	0	0	0	0	0	0	0	0	0	0	0	0	0	0	0	0	0	2	0	0	1	0	1	0	19	4	24	9	4	10	3	0
ASV1684	3	2	0	3	2	1	1	4	4	0	3	0	2	3	5	6	3	8	1	0	4	6	2	1	0	0	3	2	2	1	4	0	0	0	0	0	1	2	1
ASV1783	3	1	0	1	1	0	0	0	0	0	1	0	0	0	0	1	0	0	0	1	0	0	0	0	0	2	0	0	0	0	1	3	6	7	1	5	2	43	1
ASV1801	5	0	0	0	0	0	0	0	0	0	0	0	0	0	0	0	0	0	0	2	2	0	0	0	0	2	0	0	0	0	0	4	12	14	11	25	3	0	0
ASV1828	2	3	1	1	2	2	3	0	0	0	1	0	0	0	0	0	0	0	0	1	0	0	0	0	2	0	1	1	0	0	0	4	9	7	3	12	21	1	3
ASV1876	10	1	0	0	1	0	1	0	0	1	0	0	0	0	0	0	0	0	0	2	0	0	0	1	0	0	1	1	1	1	0	23	6	13	3	1	7	1	5
ASV1912	1	1	2	4	3	1	3	4	2	1	2	5	0	0	0	1	0	0	0	4	0	0	0	2	0	5	1	4	1	0	0	0	0	1	0	0	0	0	32
ASV1955	1	1	0	1	0	0	0	0	0	1	0	2	2	4	4	6	5	4	6	0	8	13	10	1	1	1	1	0	2	2	4	0	0	0	0	0	0	0	0
ASV2284	2	2	0	2	0	2	1	0	0	0	0	0	2	5	3	3	1	2	1	1	14	19	10	1	1	1	0	0	1	4	2	0	0	0	0	0	0	0	0
ASV2423	16	2	0	2	0	2	0	0	0	5	0	0	0	0	0	0	0	0	0	4	0	0	0	2	1	0	2	0	2	0	0	0	28	1	4	9	0	0	0
ASV2435	4	5	3	2	0	1	0	0	3	0	0	0	6	7	3	0	0	1	1	2	2	0	1	4	0	1	2	0	1	0	0	0	1	1	0	0	22	7	0
ASV2567	3	4	3	4	1	0	0	0	1	1	0	0	0	0	0	0	1	0	0	0	0	2	1	0	1	3	1	2	2	1	0	6	13	5	6	11	7	1	0
ASV3917	10	2	0	0	1	0	0	2	0	2	0	0	2	1	2	1	5	8	3	1	3	4	1	2	5	1	2	1	0	2	2	0	0	7	1	2	0	4	3
ASV3959	9	5	1	2	2	0	2	2	3	5	1	1	0	1	1	0	0	0	0	2	3	1	1	2	5	1	2	2	3	0	2	2	4	3	0	1	1	7	3
ASV4333	0	1	2	4	3	0	0	0	0	5	0	0	0	0	0	0	0	0	0	4	0	0	0	5	6	2	4	5	0	0	0	8	6	0	11	11	2	1	0
ASV5172	3	3	2	2	2	0	5	0	0	2	1	1	0	1	0	0	1	0	2	1	0	2	3	1	1	1	2	2	0	1	2	8	4	7	6	1	7	5	1
ASV1470	1	4	5	1	4	3	1	3	1	5	1	0	0	1	2	3	2	2	1	4	3	4	2	3	2	1	3	4	4	0	0	0	0	3	3	0	0	2	1
ASV1682	8	3	0	1	0	0	0	1	1	1	1	6	0	1	4	1	2	2	0	2	4	4	19	0	2	2	3	1	1	0	9	0	0	0	0	0	0	0	0
ASV1686	6	3	0	0	4	1	1	1	0	2	0	0	0	0	0	0	0	0	0	3	0	0	0	2	0	2	0	0	2	0	0	0	18	10	0	19	2	3	0
ASV1706	4	4	0	0	1	0	1	0	0	0	1	0	0	0	1	0	1	0	0	3	0	0	0	1	2	1	0	1	0	1	1	0	0	0	0	0	1	55	0
ASV1737	1	1	6	2	6	1	7	8	3	4	0	1	2	2	2	1	2	7	0	2	0	0	1	4	2	5	2	3	3	0	0	0	0	0	1	0	0	0	0
ASV1871	7	0	0	2	3	2	2	0	3	1	0	0	0	0	0	0	0	0	0	2	0	0	0	8	2	4	8	0	2	0	0	9	12	5	5	1	0	1	0
ASV1997	1	0	1	0	0	1	1	2	0	0	0	1	0	0	1	0	0	0	0	0	0	1	0	0	0	1	0	0	0	0	0	25	13	14	5	0	8	4	0
ASV2161	4	7	2	1	2	0	1	2	1	0	0	0	0	1	0	0	0	0	0	2	0	0	2	3	3	4	2	0	1	0	0	6	5	10	16	3	0	0	1
ASV2176	4	0	1	1	0	1	1	2	1	2	0	0	2	4	2	4	4	1	1	1	2	2	0	5	1	2	1	1	0	0	1	2	1	4	9	6	4	6	0
ASV2354	2	2	0	0	1	2	2	1	5	1	0	0	0	0	2	1	1	5	0	1	2	1	4	1	0	1	2	2	1	1	2	10	10	3	3	2	1	5	2
ASV2573	7	0	1	1	0	0	0	0	0	1	0	0	0	0	0	0	0	0	0	3	0	1	0	1	0	1	0	0	0	0	0	0	7	1	0	49	5	1	0
ASV2675	1	2	3	4	1	4	3	3	2	6	3	2	1	0	3	0	1	0	0	4	0	1	1	4	1	1	4	4	0	2	1	0	0	7	5	0	1	0	4
ASV2697	5	4	3	3	1	2	2	2	0	2	0	1	1	0	1	0	1	0	1	1	2	0	1	3	5	5	3	2	2	0	1	2	1	6	3	8	1	2	2
ASV3038	4	5	2	1	1	2	0	0	0	4	0	2	1	0	1	0	0	1	0	2	2	1	3	1	2	4	1	1	2	1	0	0	1	10	9	2	3	9	1
ASV3713	7	2	2	1	1	2	2	0	1	1	2	4	1	6	1	4	3	1	5	3	1	2	0	2	1	4	2	2	1	5	10	0	0	0	0	0	0	0	0
ASV3863	1	4	0	3	1	1	1	2	2	10	2	1	0	1	0	0	0	0	0	4	2	0	0	6	3	7	2	6	3	1	0	1	3	1	1	1	4	4	1
ASV4758	0	0	0	0	0	1	0	0	0	0	0	0	0	0	0	0	0	0	0	0	0	0	0	0	1	0	3	1	1	0	0	0	0	0	0	0	0	0	72
ASV1491	0	14	7	2	1	2	4	1	2	6	0	0	1	0	0	0	0	0	1	7	1	0	0	2	9	3	5	2	3	0	0	0	2	0	1	1	0	1	0
ASV1498	0	5	4	2	5	3	3	4	8	1	2	0	1	2	0	3	0	1	0	3	0	1	0	1	3	5	3	2	2	0	1	0	0	6	1	0	1	1	4
ASV1500	3	6	1	2	1	1	1	0	1	4	0	0	1	3	5	3	4	3	4	1	2	4	4	4	2	3	2	2	1	0	2	3	0	2	1	0	1	1	0
ASV1528	4	2	1	0	1	0	0	0	0	1	0	0	0	0	0	0	0	0	0	1	0	0	0	2	0	1	1	0	0	0	0	3	23	9	5	4	7	10	3
ASV1578	0	3	0	0	0	0	0	0	0	0	0	0	0	1	3	0	11	3	13	0	39	2	0	0	0	0	0	0	0	0	3	0	0	0	0	0	0	0	0
ASV1599	0	6	4	5	1	6	3	1	2	5	1	0	0	1	0	0	0	1	0	8	0	0	1	6	5	5	11	2	3	0	0	0	0	1	0	0	0	0	0
ASV1636	0	3	1	2	4	2	1	1	3	1	3	0	2	4	4	7	4	8	5	5	2	2	3	0	2	1	2	0	1	0	1	2	0	0	0	0	0	0	2
ASV1649	1	2	5	1	1	3	2	3	1	4	0	2	1	0	1	3	2	4	1	2	4	5	2	2	4	6	2	2	1	1	3	0	0	1	4	0	0	0	2
ASV1729	11	1	3	0	4	3	2	0	1	2	0	0	0	0	0	0	0	0	1	4	0	0	1	4	3	6	6	1	0	0	0	0	2	2	8	13	0	0	0
ASV1963	6	0	0	1	0	0	0	0	0	0	0	1	0	0	0	0	0	0	0	0	0	0	0	1	1	0	1	0	0	0	0	15	27	2	3	1	18	1	0
ASV1970	8	0	0	0	1	0	0	0	0	0	0	0	0	0	0	0	0	0	0	1	0	0	0	0	0	0	0	0	0	0	0	12	15	3	1	10	3	23	1
ASV2013	1	5	4	6	1	3	0	2	0	3	5	1	2	1	2	1	1	1	0	2	0	3	0	2	5	5	3	5	3	3	1	0	0	0	0	0	3	4	0
ASV2046	2	2	2	3	2	1	0	1	3	2	0	0	1	0	2	1	1	0	1	3	1	1	0	2	0	1	4	3	1	1	2	2	1	16	13	0	0	3	0
ASV2076	2	1	7	4	1	4	3	3	6	3	9	3	0	3	2	1	4	4	3	2	0	2	0	2	2	1	0	0	4	1	1	0	0	0	0	0	0	0	0
ASV2179	8	6	2	3	2	4	2	1	0	4	1	0	0	0	0	0	0	0	0	7	0	1	0	5	5	4	6	5	2	0	0	0	0	0	3	6	0	1	0
ASV2242	8	1	7	1	1	7	3	2	4	2	2	6	1	1	1	1	3	1	0	3	1	0	2	4	1	2	3	5	3	0	0	1	0	0	1	0	0	0	0
ASV2485	9	3	0	1	1	3	1	1	0	2	1	0	0	0	0	0	1	1	0	2	0	1	1	3	4	5	2	1	1	0	0	7	7	2	5	1	6	6	0
ASV2533	12	3	1	1	5	3	6	1	1	7	1	0	0	2	1	1	0	0	0	5	0	0	1	5	6	6	3	6	0	1	0	0	0	0	0	0	0	0	0
ASV2658	2	1	0	0	1	0	1	2	0	1	1	0	0	2	3	1	8	4	6	0	4	6	2	0	1	0	2	0	0	4	7	3	1	0	4	1	0	7	3
ASV2785	0	5	2	0	3	4	2	3	6	5	1	0	0	0	1	0	0	0	0	3	0	1	0	4	4	4	6	10	3	0	0	3	0	2	1	1	1	1	2
ASV4110	1	1	0	0	1	2	1	1	2	1	1	0	0	0	3	1	1	2	6	3	2	3	1	2	2	1	1	2	2	0	0	8	4	1	7	5	5	4	1
ASV4273	0	1	0	0	1	1	0	0	0	2	0	2	4	1	3	7	2	3	1	0	2	5	0	0	1	1	1	0	0	9	7	0	0	0	0	0	0	9	15
ASV4999	2	3	0	1	0	0	0	0	0	0	0	0	0	0	0	0	0	0	0	1	0	0	0	1	1	1	0	0	1	0	0	17	18	0	15	9	0	6	2
ASV5651	0	3	3	2	2	4	1	0	0	2	2	1	0	1	0	1	0	0	0	1	0	0	1	3	2	2	1	1	2	1	0	3	5	2	6	0	23	2	1
ASV5660	0	1	1	3	5	5	3	1	0	2	2	3	1	1	1	0	0	0	1	1	1	0	5	7	1	2	2	5	0	0	2	0	0	1	3	0	2	0	16
ASV1414	0	10	2	2	4	0	2	3	3	3	0	0	0	0	0	0	0	1	0	7	0	0	0	3	2	0	3	2	1	1	0	5	0	14	5	0	1	0	3
ASV1457	3	1	1	0	0	1	1	1	0	1	0	0	0	0	1	1	0	1	1	2	0	0	0	1	2	2	1	0	0	0	0	8	1	19	3	0	11	8	6
ASV1560	3	3	2	0	2	1	1	1	2	4	0	0	0	0	0	0	0	1	0	5	0	0	1	5	1	4	1	0	3	0	0	2	2	5	5	0	0	22	1
ASV1582	3	4	0	0	0	1	1	0	0	0	0	0	0	0	0	0	0	0	0	1	0	0	0	2	1	0	1	0	0	0	0	4	27	8	9	14	0	0	1
ASV1617	15	2	1	2	1	1	3	0	2	6	1	1	0	0	1	0	1	2	0	1	0	3	0	1	2	2	1	2	2	1	1	2	2	3	1	11	0	2	1
ASV1633	0	0	1	2	3	1	3	3	6	4	1	0	4	3	2	1	0	0	2	5	1	4	0	3	4	0	2	5	5	0	1	0	1	5	1	2	0	2	0
ASV1638	4	10	5	5	1	1	3	3	3	8	1	0	0	0	0	0	1	1	0	5	0	1	1	7	3	2	3	4	3	1	0	0	0	0	0	0	0	0	1
ASV1639	1	10	5	1	2	3	2	5	2	8	3	5	0	0	1	0	0	1	0	2	0	0	0	0	4	2	5	4	11	0	0	0	0	0	0	0	0	0	0
ASV1668	1	6	3	0	0	4	2	0	2	1	1	0	0	2	1	1	0	2	1	5	0	0	0	2	2	0	3	4	0	0	0	3	5	5	3	3	3	12	0
ASV1727	3	4	1	9	4	2	9	1	3	2	0	0	1	1	1	1	0	0	5	5	1	0	1	0	5	2	4	2	5	0	0	2	0	1	0	0	2	0	0
ASV1773	1	0	0	0	0	0	0	0	0	0	0	0	0	0	0	0	0	0	0	0	0	0	0	0	0	0	0	1	0	0	0	22	1	0	10	0	1	39	2
ASV1780	0	1	3	2	1	5	3	9	2	3	1	1	3	1	3	3	2	0	4	4	3	2	1	1	3	3	1	2	1	2	2	0	0	3	1	0	1	0	0
ASV1794	11	1	2	6	1	1	3	4	3	4	0	1	1	0	0	1	0	0	1	3	0	0	2	1	2	2	5	2	1	0	0	0	5	4	2	1	0	6	1
ASV1800	11	3	5	3	3	3	0	0	0	5	0	0	0	0	0	0	0	0	0	8	1	0	0	3	4	1	2	1	5	0	0	2	0	0	0	0	15	2	0
ASV1822	1	10	9	2	0	3	3	3	3	3	2	1	0	0	2	0	1	0	0	4	0	1	2	2	3	7	3	7	2	0	1	2	0	0	0	0	0	0	0
ASV1834	2	0	1	0	2	0	0	0	0	1	0	1	0	0	0	0	0	0	0	0	1	0	2	1	3	1	0	0	1	0	0	4	22	5	14	12	3	1	0
ASV1878	1	1	0	0	0	1	0	2	0	0	0	0	1	1	0	0	0	0	0	1	0	0	0	2	0	1	0	0	1	0	0	3	2	4	3	2	42	9	0
ASV1891	3	1	5	5	2	3	3	2	7	0	1	3	0	0	0	0	0	0	0	2	0	0	0	6	2	4	4	4	4	1	1	0	0	0	0	0	0	2	12
ASV1904	2	0	2	6	7	3	2	4	9	3	5	6	0	1	0	0	0	1	1	1	0	0	1	2	5	0	3	6	3	4	0	0	0	0	0	0	0	0	0
ASV1911	2	0	2	0	1	0	0	3	1	1	0	0	2	7	6	4	3	5	9	0	5	1	1	2	0	2	0	2	0	1	5	0	0	2	1	0	0	2	7
ASV2116	6	2	2	3	1	2	0	1	0	0	0	2	0	0	0	1	0	1	0	1	0	0	0	1	1	2	4	0	4	0	0	3	5	2	2	8	2	20	1
ASV2312	5	6	2	1	3	3	3	1	0	7	2	0	0	0	1	0	0	0	0	3	0	0	0	7	0	2	5	4	2	0	0	4	4	0	3	0	3	6	0
ASV2356	1	0	3	1	0	1	0	1	0	1	0	0	1	0	0	0	0	0	0	1	1	0	1	1	3	4	2	2	0	0	0	8	0	9	10	0	0	24	2
ASV2409	6	0	1	0	1	4	4	2	2	2	0	3	1	2	3	3	4	5	3	1	1	1	0	2	2	0	1	0	1	9	7	0	0	0	1	0	0	0	5
ASV2472	2	3	9	2	3	2	3	4	8	3	1	0	1	1	0	0	0	1	2	3	0	0	2	3	4	2	7	4	6	0	0	0	0	1	0	0	0	0	0
ASV2568	9	3	4	2	1	1	3	0	0	1	0	0	0	1	0	0	0	0	0	1	0	2	0	2	0	2	1	2	2	0	0	11	2	2	2	2	7	10	4
ASV2698	6	4	2	1	1	1	1	2	0	3	0	2	0	1	2	3	7	3	3	2	6	7	3	3	1	2	0	2	3	0	4	0	0	1	0	0	0	1	0
ASV3167	2	1	4	2	7	2	1	0	6	2	4	3	1	2	1	1	1	0	2	2	1	1	0	9	2	0	2	5	4	4	1	1	0	1	1	0	0	0	1
ASV4008	14	0	3	0	1	0	7	4	0	0	1	2	2	3	0	2	2	4	2	1	4	5	5	2	3	0	0	1	0	3	3	0	0	0	0	1	0	2	0
ASV1479	1	3	0	1	2	1	2	1	0	1	1	0	3	2	3	2	0	8	5	1	2	5	15	3	0	4	2	3	0	3	1	0	0	1	0	0	0	0	0
ASV1655	2	10	7	2	1	0	1	2	0	7	0	1	0	2	0	1	1	2	0	1	2	0	0	6	4	6	1	3	4	0	0	1	2	2	2	0	2	1	0
ASV1689	3	1	1	2	0	3	0	1	1	1	0	0	1	0	1	0	0	0	0	0	1	0	0	1	1	6	0	1	2	0	0	1	26	7	4	4	1	6	0
ASV1708	3	9	7	8	2	2	3	3	3	2	0	1	0	0	1	0	0	0	0	2	0	0	1	2	3	5	1	1	0	0	2	1	1	1	3	2	0	7	0
ASV1720	4	3	8	7	4	6	5	3	2	2	2	1	0	1	0	0	0	0	0	0	0	0	3	0	2	3	4	3	2	0	0	4	0	7	0	0	0	0	0
ASV1722	12	5	0	1	0	2	3	0	0	1	1	0	0	0	0	0	0	0	0	4	0	0	0	3	2	2	3	2	1	1	1	0	0	0	0	0	32	0	0
ASV1743	8	2	6	4	2	2	4	3	1	3	4	0	0	0	1	3	0	0	0	1	0	0	0	8	4	7	3	2	2	0	0	0	0	1	0	0	3	2	0
ASV1786	0	0	0	2	1	1	0	3	4	0	0	1	5	9	11	4	10	3	4	0	0	2	3	1	0	0	0	0	1	6	5	0	0	0	0	0	0	0	0
ASV1813	1	4	7	4	3	1	0	1	1	4	0	3	0	0	1	1	2	0	0	2	2	2	2	1	0	5	4	2	2	0	1	0	1	4	4	0	1	8	2
ASV1835	3	0	1	2	1	1	1	0	1	0	0	0	0	0	3	0	6	2	23	1	13	6	2	0	1	0	0	0	0	2	5	0	0	0	0	0	0	2	0
ASV1880	12	1	4	5	2	2	4	2	4	2	2	0	0	2	1	2	2	0	2	5	4	2	0	5	2	4	0	2	1	0	2	0	0	0	0	0	0	0	0
ASV1919	7	4	3	2	1	5	1	0	0	8	0	0	0	0	0	0	1	0	0	5	0	0	0	5	2	4	1	2	5	0	0	0	5	7	6	2	0	0	0
ASV2041	2	0	4	4	7	7	2	12	8	0	5	2	0	0	0	0	0	0	0	1	0	0	0	1	4	2	4	4	6	0	0	0	0	0	0	0	0	0	1
ASV2043	2	0	2	2	3	2	1	1	4	2	3	4	2	1	1	1	7	6	4	1	6	2	1	3	1	2	2	3	1	3	2	0	1	0	0	0	0	0	0
ASV2056	7	6	5	2	6	3	4	3	10	4	3	0	0	1	0	1	0	2	0	3	0	0	0	2	1	1	2	3	3	1	0	0	0	0	0	0	0	1	2
ASV2063	0	2	2	0	4	0	0	1	0	2	0	0	0	0	0	0	0	2	0	2	0	1	0	3	0	0	0	1	0	0	0	13	14	6	8	9	4	2	0
ASV2216	4	2	1	7	2	1	0	2	2	1	2	1	1	0	3	2	1	1	1	3	0	2	2	4	5	5	1	3	2	0	2	1	0	1	1	1	5	2	2
ASV2221	1	3	4	2	2	2	0	4	7	2	0	1	0	3	4	2	0	1	1	3	0	0	0	0	4	1	2	3	4	3	2	1	0	0	0	0	0	1	13
ASV2304	0	1	0	1	0	0	0	0	0	0	0	0	0	0	0	0	2	0	0	3	0	0	0	0	0	0	0	1	1	0	0	1	35	1	4	18	7	1	0
ASV2385	3	0	2	0	0	1	2	0	1	2	1	1	3	14	4	9	6	2	3	3	1	3	6	1	1	0	1	3	1	0	0	0	0	1	0	0	0	0	1
ASV2393	1	7	5	3	2	5	2	4	0	4	0	1	1	0	0	1	0	0	0	7	0	0	0	5	6	1	2	2	5	0	0	2	0	5	3	0	0	0	2
ASV2979	2	0	0	1	1	0	1	2	2	1	1	7	2	1	4	3	4	2	6	0	4	1	0	0	2	2	3	1	1	12	4	0	0	0	0	0	0	0	6
ASV4302	12	3	0	2	1	0	0	0	3	2	3	6	2	1	1	2	1	0	6	3	3	0	2	1	2	0	3	1	1	3	2	0	1	0	1	0	0	1	7
ASV1545	7	2	2	0	0	1	1	0	1	0	0	0	1	0	2	6	5	6	2	0	0	1	3	0	2	0	0	0	0	0	3	3	1	3	1	16	2	1	3
ASV1577	12	7	1	3	1	4	1	1	0	2	0	0	0	0	0	0	0	0	0	4	0	0	0	3	1	9	4	2	2	0	0	0	0	2	1	8	0	6	1
ASV1606	3	0	0	2	1	1	0	0	1	0	0	0	0	2	2	1	5	6	2	1	3	7	5	0	1	3	0	1	0	0	3	0	1	1	1	0	3	17	2
ASV1635	0	0	1	0	0	0	1	0	0	1	0	0	0	1	2	3	1	3	5	1	17	7	10	0	0	1	0	0	0	4	11	0	0	0	0	1	0	4	1
ASV1713	2	4	5	7	0	5	4	0	2	4	2	1	0	1	1	2	0	0	2	6	0	0	0	2	2	2	1	5	4	5	1	0	0	0	0	0	0	1	4
ASV1719	5	4	1	1	1	1	0	1	1	1	4	3	1	3	2	3	7	4	5	2	5	9	3	0	1	0	3	0	0	0	2	0	0	0	0	0	0	2	0
ASV1750	13	7	2	4	1	1	2	1	0	2	1	0	0	0	0	0	0	1	1	5	2	7	0	4	6	6	1	2	4	1	0	0	1	0	0	0	0	0	0
ASV1770	7	9	7	5	2	0	2	0	2	3	0	0	0	0	0	0	0	0	0	4	0	0	0	6	3	11	4	2	1	0	0	0	0	0	0	7	0	0	0
ASV1796	4	6	2	1	5	3	5	0	5	3	2	2	2	2	0	2	3	2	0	3	1	1	2	0	3	2	3	1	5	3	1	0	0	0	0	0	0	1	0
ASV1818	1	3	2	0	0	1	2	4	8	1	2	3	4	3	4	2	2	3	2	4	3	1	3	2	1	3	2	2	6	0	0	0	0	0	0	0	0	0	1
ASV1856	1	2	0	2	0	3	0	0	3	1	0	0	0	2	1	0	2	0	1	2	2	0	0	4	0	3	3	2	0	0	1	1	2	6	10	1	15	1	4
ASV1870	3	2	1	0	1	1	0	0	0	3	0	0	0	0	0	0	0	0	0	3	0	0	0	2	1	2	0	0	0	0	0	2	34	8	3	7	0	0	2
ASV1888	4	0	1	0	1	0	1	1	1	1	0	1	4	5	1	1	5	8	11	4	9	4	2	0	1	0	0	0	1	1	7	0	0	0	0	0	0	0	0
ASV1928	1	3	1	0	0	0	0	1	0	0	0	0	0	0	0	0	0	0	0	2	0	0	0	2	2	0	0	0	0	0	0	18	4	8	4	11	3	15	0
ASV1939	2	2	0	0	0	1	1	1	4	4	4	2	0	1	1	1	2	2	0	5	1	1	1	4	4	5	1	2	2	2	0	1	0	3	4	0	0	4	7
ASV2436	1	2	0	0	0	0	0	1	0	1	4	12	20	2	3	1	2	3	1	1	2	5	1	2	0	2	0	1	1	2	2	0	0	0	0	0	0	3	0
ASV2442	10	4	4	0	4	3	2	1	0	1	0	0	0	0	0	0	0	0	0	3	0	0	0	9	5	6	3	2	2	0	1	1	2	1	2	1	1	5	2
ASV2870	2	4	2	4	3	3	2	2	0	6	2	0	0	1	0	1	0	0	0	8	0	0	1	6	6	2	4	4	3	0	1	3	0	1	2	1	0	1	0
ASV1596	1	5	4	1	1	0	0	1	1	1	2	0	0	1	1	1	4	1	2	2	3	13	5	2	1	4	1	2	0	3	8	1	0	0	0	0	1	1	0
ASV1612	1	0	0	0	0	1	0	2	0	0	0	0	0	0	0	0	0	0	0	1	0	0	0	2	0	0	1	0	0	0	0	0	0	2	5	59	0	0	0
ASV1623	2	2	5	2	1	2	1	1	1	2	0	1	0	0	0	3	0	1	3	8	4	6	2	4	3	3	2	0	1	4	5	1	0	0	0	0	0	4	0
ASV1676	2	1	1	1	1	1	1	2	4	1	4	3	5	2	4	3	7	8	3	0	4	3	4	0	0	2	0	1	1	2	2	0	0	1	0	0	0	0	0
ASV1697	3	3	3	1	0	0	1	0	0	4	2	2	5	2	4	3	3	2	1	1	4	1	3	2	2	1	0	3	0	1	4	0	0	5	7	0	0	1	0
ASV1817	3	6	1	1	2	3	3	0	1	5	0	1	0	1	3	2	0	3	0	3	0	4	1	3	3	2	1	3	3	3	1	1	0	3	0	0	5	3	0
ASV1840	0	2	4	2	6	5	8	5	2	4	5	1	0	1	0	0	0	0	0	2	0	0	0	2	4	6	3	3	8	1	0	0	0	0	0	0	0	0	0
ASV1930	5	4	0	1	1	2	2	1	2	4	5	5	2	1	3	2	4	3	2	0	5	1	1	0	3	3	4	3	4	0	1	0	0	0	0	0	0	0	0
ASV1958	0	10	7	3	3	0	6	3	2	2	1	4	0	0	2	0	0	0	1	4	0	1	0	5	7	4	5	3	1	0	0	0	0	0	0	0	0	0	0
ASV2037	1	5	4	1	2	7	6	4	0	4	1	1	1	0	0	0	0	0	0	8	0	0	0	8	4	8	6	3	0	0	0	0	0	0	0	0	0	0	0
ASV2104	4	4	1	0	1	0	1	3	1	3	2	0	1	3	7	2	2	3	2	0	4	2	0	2	2	4	5	2	2	2	3	2	1	2	0	0	0	0	1
ASV2260	1	6	5	0	1	0	1	5	1	1	4	1	1	4	1	2	1	1	1	3	1	3	2	2	0	3	3	4	2	1	1	1	0	5	2	0	0	0	4
ASV2481	4	1	1	7	4	3	5	4	1	0	0	3	0	1	0	0	0	0	0	4	0	0	0	4	11	6	3	4	7	1	0	0	0	0	0	0	0	0	0
ASV2604	4	1	2	1	2	0	2	1	0	0	0	0	1	0	1	0	0	0	1	3	0	0	0	1	2	5	2	0	3	0	0	2	3	9	3	24	1	0	0
ASV2672	2	1	2	4	1	5	1	2	2	1	2	1	5	1	3	3	1	0	4	0	0	1	0	3	2	2	1	3	0	0	1	1	0	9	6	0	2	1	1
ASV2722	1	1	3	3	4	2	1	1	0	3	0	1	0	0	1	0	0	0	2	4	0	0	0	6	3	3	0	4	5	1	0	2	0	8	8	1	1	3	2
ASV2730	1	8	3	1	0	7	1	3	1	6	0	1	0	1	3	2	0	3	1	6	3	3	1	3	4	3	2	2	2	1	1	0	0	0	1	0	0	0	0
ASV2951	4	2	3	1	0	3	1	0	1	1	0	1	0	0	0	0	0	0	0	2	0	0	0	4	2	3	0	0	0	0	0	13	4	6	2	5	1	15	0
ASV2956	7	3	5	4	1	0	0	1	4	2	0	0	0	1	1	2	2	1	3	0	2	0	0	1	1	1	1	3	0	1	4	0	1	0	1	2	7	10	2
ASV4616	0	0	0	0	0	0	0	0	0	1	0	1	2	3	1	2	13	6	14	1	5	15	2	1	1	0	1	1	0	1	2	1	0	0	0	0	0	0	0
ASV1544	4	5	1	2	2	2	2	1	0	1	0	1	0	0	0	1	0	1	3	2	0	0	2	1	2	3	2	0	1	0	0	1	12	3	8	5	4	1	0
ASV1632	1	3	4	4	2	4	7	2	8	5	5	3	0	0	0	0	1	0	1	3	0	0	0	0	4	1	3	7	3	2	0	0	0	0	0	0	0	0	0
ASV1652	3	4	4	2	3	2	3	1	3	6	0	0	0	0	0	0	0	0	0	5	0	0	1	6	4	5	3	4	3	0	0	0	0	1	2	8	0	0	0
ASV1701	0	2	2	3	0	1	2	0	0	1	0	0	0	0	0	0	0	0	0	1	0	0	0	1	4	3	1	0	0	0	0	0	2	8	14	28	0	0	0
ASV1779	0	5	5	3	0	2	0	1	0	6	0	0	0	0	0	0	2	3	0	2	0	0	0	2	1	2	0	1	0	0	0	5	8	6	5	9	4	0	1
ASV1803	1	1	0	0	0	0	2	1	0	0	0	0	0	1	5	7	4	2	11	0	10	12	8	0	0	0	1	0	0	1	5	1	0	0	0	0	0	0	0
ASV1809	6	3	2	2	4	0	2	2	0	4	0	1	0	0	0	0	0	0	0	5	0	0	0	2	1	4	4	0	1	0	0	2	7	0	1	1	3	16	0
ASV1872	0	2	0	2	1	2	1	2	4	1	2	0	0	0	0	0	5	0	3	2	0	1	6	1	3	2	0	0	1	0	1	2	2	6	11	2	6	2	0
ASV1884	1	0	0	2	1	0	0	0	0	0	0	0	0	0	0	0	0	0	0	1	0	0	0	0	1	1	0	0	0	0	0	2	27	5	22	10	0	0	0
ASV1886	5	5	2	5	3	3	0	0	1	5	2	2	2	2	4	2	1	0	1	8	1	1	0	2	5	3	1	2	2	0	0	0	0	2	0	0	0	1	0
ASV1925	3	5	5	2	0	3	1	3	1	1	1	1	2	2	2	5	6	0	0	4	4	5	2	4	0	2	0	1	2	2	1	0	0	1	0	0	1	1	0
ASV2007	4	2	1	0	1	0	1	1	0	1	0	0	1	0	0	0	0	0	0	2	0	0	0	2	0	0	2	1	0	0	0	9	1	13	4	15	7	4	1
ASV2024	13	4	3	2	0	2	4	0	1	1	0	1	0	2	1	0	0	0	0	4	0	0	1	4	5	1	6	5	3	0	0	0	3	1	2	0	1	3	0
ASV2117	0	1	4	0	2	2	2	1	1	2	3	1	3	4	4	3	5	1	4	0	2	2	12	1	2	3	1	2	0	4	0	0	1	0	0	0	0	0	0
ASV2160	3	1	6	3	5	3	7	3	9	4	1	4	0	0	0	0	1	0	0	0	1	1	0	6	0	3	3	6	3	0	0	0	0	0	0	0	0	0	0
ASV2250	2	6	5	5	2	1	1	1	0	1	0	1	2	0	2	3	0	0	1	5	1	1	0	2	5	2	3	2	3	2	1	2	0	7	2	0	1	1	0
ASV2255	3	9	3	2	6	4	1	0	1	4	0	0	0	0	0	0	0	0	0	3	0	0	0	5	5	3	6	1	1	0	0	0	2	0	3	11	0	0	0
ASV2338	0	1	5	3	1	4	1	3	2	2	2	2	2	1	5	5	1	1	0	2	1	3	1	2	2	2	3	2	1	3	1	0	0	2	3	1	2	0	1
ASV2453	2	1	3	0	1	1	0	0	1	0	2	0	1	1	0	5	3	0	11	3	5	9	1	0	2	1	1	1	0	2	13	0	1	1	1	0	0	0	0
ASV2593	5	8	5	4	2	6	5	6	2	6	2	2	0	0	0	1	0	0	0	4	1	1	0	1	2	2	4	3	0	0	1	0	0	0	0	0	0	0	0
ASV2621	0	2	1	3	1	1	1	0	5	0	0	6	4	6	5	7	1	5	0	1	1	1	2	2	0	1	1	1	1	3	1	3	0	0	2	0	0	2	3
ASV2626	2	1	4	1	1	2	0	0	0	1	1	0	0	0	0	0	0	0	0	1	0	0	0	1	2	2	1	3	1	0	0	8	11	8	2	11	5	3	1
ASV3240	3	4	4	4	3	0	3	1	0	4	1	1	0	0	4	1	1	1	0	5	0	0	5	4	4	1	1	5	3	3	2	2	1	0	1	0	0	0	1
ASV4569	0	1	1	1	1	2	3	1	0	1	1	0	0	7	3	3	8	4	4	1	1	4	6	0	2	0	1	1	3	2	1	2	0	0	1	0	2	5	0
ASV4604	3	1	0	0	0	1	1	0	0	1	0	0	0	2	11	23	12	4	3	0	2	0	0	1	0	2	0	0	1	2	3	0	0	0	0	0	0	0	0
ASV4764	1	0	0	0	1	0	0	0	0	2	0	0	2	0	1	0	0	1	0	2	0	0	1	0	0	0	1	2	0	0	0	1	4	0	1	0	52	0	1
ASV1472	10	2	3	3	3	2	2	4	0	3	1	1	1	2	0	1	0	1	0	4	1	0	4	6	5	5	3	3	0	0	2	0	0	0	0	0	0	0	0
ASV1616	0	1	3	7	1	5	8	7	2	0	4	3	0	0	1	0	4	0	2	1	0	1	0	2	4	6	3	4	3	0	0	0	0	0	0	0	0	0	0
ASV1659	8	2	3	5	2	1	2	0	1	4	2	0	0	0	0	0	1	0	0	4	0	1	2	3	5	3	3	2	4	0	0	3	0	3	0	2	0	6	0
ASV1667	2	1	1	0	0	0	1	0	1	3	0	1	0	0	1	0	0	0	0	1	0	0	0	3	3	2	4	0	2	0	0	3	8	15	6	1	6	6	1
ASV1705	7	1	4	1	1	2	0	0	6	2	3	5	5	2	3	3	2	4	2	1	3	2	1	3	1	3	2	2	1	0	0	0	0	0	0	0	0	0	0
ASV1732	2	4	4	3	1	4	4	0	10	0	3	2	1	4	3	0	1	2	2	3	1	1	3	1	0	4	2	3	1	2	1	0	0	0	0	0	0	0	0
ASV1764	1	0	0	0	0	0	0	0	0	0	0	0	3	9	10	6	1	6	5	0	8	6	3	0	0	0	0	0	0	7	7	0	0	0	0	0	0	0	0
ASV1784	0	1	0	0	1	1	0	0	0	0	0	0	0	4	10	6	13	2	5	2	7	3	2	0	0	0	0	0	0	6	9	0	0	0	0	0	0	0	0
ASV1820	1	0	0	0	1	0	0	0	0	0	0	0	0	0	0	1	0	0	0	0	0	0	0	0	0	1	1	0	0	0	0	17	10	14	4	1	1	20	0
ASV1832	7	4	2	6	1	2	0	4	3	4	0	2	1	1	1	1	1	0	0	2	2	1	0	1	5	5	2	1	5	0	0	0	0	2	1	0	1	4	0
ASV1909	3	6	3	1	4	3	3	0	1	1	0	0	0	0	1	0	0	0	0	6	1	0	0	4	8	13	1	1	1	0	0	0	0	1	0	0	0	10	0
ASV1934	2	2	0	0	2	1	3	2	3	2	1	0	1	3	2	5	4	6	6	2	12	3	0	1	1	4	0	1	0	1	1	0	0	0	0	0	0	1	0
ASV1956	4	2	2	2	1	0	1	0	0	2	0	1	0	0	0	0	3	0	0	3	0	0	0	2	1	3	0	0	1	0	0	1	16	3	2	2	1	14	5
ASV2004	11	2	1	0	1	1	2	3	6	3	3	4	1	2	0	0	0	1	0	4	1	2	7	3	3	7	1	3	0	0	0	0	0	0	0	0	0	0	0
ASV2035	8	2	0	0	0	0	2	1	0	3	0	1	0	0	0	0	1	0	0	1	0	0	1	1	3	5	0	1	5	0	0	0	6	3	2	24	0	2	0
ASV2107	2	3	3	1	0	4	1	0	0	2	0	0	0	0	0	0	0	0	0	2	0	0	0	0	1	1	1	0	0	0	0	2	24	9	6	0	0	9	1
ASV2337	0	4	4	4	1	1	2	2	0	3	0	0	0	1	0	0	0	0	2	3	1	1	0	4	3	4	7	3	4	0	2	1	0	6	2	0	0	2	5
ASV2545	8	0	2	1	0	1	0	1	2	3	0	0	0	0	0	2	0	0	0	4	0	0	0	2	2	2	1	2	1	0	0	1	1	2	1	1	1	31	0
ASV2614	6	3	7	1	2	2	2	6	5	4	2	0	2	2	2	3	0	2	1	1	1	2	1	4	1	1	0	3	3	1	2	0	0	0	0	0	0	0	0
ASV2646	2	13	2	1	1	4	1	0	2	2	0	1	0	0	0	0	0	0	0	3	0	0	0	0	4	3	3	7	2	0	0	1	1	6	3	2	0	6	2
ASV2737	10	6	4	2	0	0	3	5	1	4	1	1	0	0	0	0	0	0	2	6	1	1	1	2	4	7	1	3	3	0	0	3	0	0	1	0	0	0	0
ASV3377	2	0	0	1	0	1	0	1	4	1	0	0	0	0	2	1	0	0	1	1	1	6	3	0	2	2	1	3	0	1	3	8	13	6	1	4	2	0	1
ASV3500	2	0	0	1	0	0	0	0	0	1	0	0	3	0	6	7	7	3	8	0	6	12	1	2	0	1	0	0	0	5	4	0	0	1	0	0	0	0	2
ASV3626	2	5	1	0	1	3	5	2	1	3	0	0	0	0	0	0	0	0	0	6	1	0	0	3	3	5	3	0	2	1	0	2	5	1	8	5	3	1	0
ASV3910	3	4	0	3	0	0	1	1	1	0	0	1	0	3	1	3	3	4	2	1	1	12	1	3	2	2	0	1	5	5	8	0	0	0	0	0	0	1	0
ASV1547	7	9	1	0	4	3	3	2	3	4	0	0	1	1	1	0	0	0	0	5	0	0	0	2	2	0	5	3	2	0	1	0	3	1	2	0	1	5	0
ASV1548	4	7	3	3	1	2	2	1	0	3	1	0	0	0	1	0	0	0	0	8	0	0	2	5	6	5	4	2	1	0	0	0	0	2	1	4	1	0	2
ASV1567	5	2	4	2	5	5	6	3	1	0	3	11	4	0	0	0	0	0	1	6	0	0	1	1	1	4	3	1	1	0	0	0	0	0	0	0	0	1	0
ASV1622	7	2	0	1	0	1	1	0	0	1	0	0	0	0	0	0	0	0	0	2	0	0	0	1	0	5	0	1	1	0	0	34	5	2	1	1	1	3	1
ASV1662	11	12	4	0	0	0	0	0	1	2	0	0	0	0	0	0	0	0	0	8	1	0	0	6	6	3	3	2	2	0	0	0	2	0	0	8	0	0	0
ASV1671	0	12	3	6	4	6	4	3	3	4	2	2	0	0	0	0	0	0	0	7	0	0	0	3	4	2	4	2	0	0	0	0	0	0	0	0	0	0	0
ASV1755	0	3	1	3	3	2	5	4	1	1	1	0	3	2	4	5	1	1	1	2	0	3	0	1	0	1	1	4	2	1	1	0	2	1	4	5	0	2	0
ASV1805	3	0	1	0	0	0	0	0	0	0	0	0	0	0	0	3	3	3	5	0	2	0	1	0	2	2	0	0	1	0	1	0	1	1	0	0	40	0	2
ASV1826	12	2	1	0	0	2	3	5	4	8	0	1	0	2	1	0	2	1	2	4	1	1	0	3	8	4	0	2	1	1	0	0	0	0	0	0	0	0	0
ASV1844	1	13	3	3	1	3	5	3	6	5	1	0	0	0	0	0	0	0	0	3	0	0	0	6	3	1	7	3	4	0	0	0	0	0	0	0	0	0	0
ASV1865	3	6	0	4	0	0	1	1	1	3	1	3	2	1	1	0	4	4	4	2	0	1	1	6	3	2	0	2	1	0	2	2	0	4	3	0	0	2	1
ASV1875	8	1	0	0	0	0	1	4	2	0	0	1	0	0	0	1	0	0	0	2	0	2	0	2	0	0	2	2	1	0	0	9	0	13	4	0	0	10	6
ASV1899	2	1	1	0	0	1	2	1	1	0	1	1	0	1	0	3	3	3	8	2	9	5	1	0	0	0	0	2	1	9	2	1	0	5	1	2	0	1	1
ASV1907	2	2	8	8	2	1	2	3	1	7	2	1	0	2	0	0	0	0	1	4	1	0	1	2	5	4	2	1	3	0	1	1	0	1	1	1	0	1	0
ASV1936	2	1	2	0	4	3	3	6	2	1	7	5	1	4	1	0	1	4	0	0	6	1	1	2	0	1	4	2	4	3	0	0	0	0	0	0	0	0	0
ASV1961	15	8	5	0	3	7	0	0	1	1	0	0	1	0	0	0	6	0	2	5	0	0	1	1	4	1	4	1	3	1	0	0	0	0	0	0	0	0	1
ASV1971	0	6	7	2	2	6	2	2	0	2	0	0	0	0	0	0	0	1	0	0	0	1	0	1	1	1	3	2	2	0	0	5	1	14	5	0	1	4	0
ASV1973	0	0	0	2	0	0	0	0	0	0	0	0	0	0	0	0	0	1	0	0	0	0	0	1	0	0	1	0	0	0	0	17	12	16	10	6	1	4	0
ASV2021	2	0	3	1	3	0	2	3	7	0	3	5	4	0	8	6	8	1	4	0	2	3	2	0	0	1	0	1	0	1	1	0	0	0	0	0	0	0	0
ASV2029	5	0	3	2	6	5	2	2	2	1	1	0	0	0	0	0	1	0	0	3	1	2	3	0	6	7	4	3	8	0	0	0	0	0	0	0	0	0	4
ASV2051	2	2	2	1	4	1	6	5	4	5	0	0	2	2	0	1	1	0	1	5	0	0	0	4	7	2	4	4	2	0	1	0	0	2	1	0	0	0	0
ASV2057	3	5	3	4	2	0	1	0	1	9	0	0	0	2	0	1	0	0	1	8	1	0	0	5	2	4	4	1	3	0	0	1	0	4	2	1	0	2	1
ASV2094	6	1	3	1	0	0	2	1	1	3	0	1	0	0	0	1	0	4	0	1	0	2	1	3	1	2	0	0	0	1	1	2	2	1	1	0	2	17	10
ASV2170	3	7	0	5	2	1	6	6	0	2	4	0	0	0	0	1	10	0	0	1	0	0	0	3	4	8	2	3	2	1	0	0	0	0	0	0	0	0	0
ASV2174	3	3	3	2	8	2	4	1	5	2	1	0	0	0	2	0	1	3	0	4	1	0	0	8	2	3	5	0	1	0	0	0	0	2	0	0	5	0	0
ASV2306	3	8	7	5	1	2	2	0	1	3	3	1	0	0	1	0	0	1	1	6	1	1	0	5	2	4	3	2	2	0	0	0	0	0	0	0	0	6	0
ASV2758	9	5	6	4	2	2	2	0	0	0	0	0	0	0	0	0	0	0	0	2	0	0	3	7	5	3	1	0	0	0	0	0	0	1	15	4	0	0	0
ASV2867	2	4	1	1	0	1	0	0	0	1	0	0	0	0	0	0	1	0	0	7	0	0	0	2	3	1	3	0	0	0	0	0	1	15	16	11	0	0	1
ASV3449	1	7	1	6	3	3	1	5	0	4	2	1	0	0	0	0	0	0	0	7	1	0	0	4	6	5	3	2	3	0	0	0	0	2	2	2	0	0	0
ASV3521	0	1	2	0	3	3	0	5	1	7	1	0	0	2	3	3	1	0	0	2	1	1	2	2	7	1	3	5	3	0	1	1	3	1	3	2	0	1	0
ASV3644	0	1	1	0	3	4	1	3	0	4	3	0	0	0	2	2	3	2	1	1	3	2	0	1	2	3	2	2	1	1	3	1	5	0	4	7	3	0	0
ASV3768	1	8	7	3	1	4	2	2	4	2	1	1	2	1	0	0	0	0	0	3	0	0	0	7	2	6	4	2	5	0	2	0	0	0	0	0	0	0	1
ASV5066	3	4	4	2	1	3	0	0	0	2	0	0	0	0	0	1	0	0	0	0	0	0	0	0	0	0	1	1	3	0	0	12	5	14	11	2	2	0	0
ASV1482	4	1	1	0	0	0	0	0	0	0	0	0	0	0	0	0	0	0	1	2	0	0	0	0	0	0	0	0	1	0	0	0	18	4	8	30	0	0	0
ASV1565	4	1	0	0	0	0	0	0	0	1	0	0	0	0	0	0	0	0	0	0	0	0	0	0	0	1	0	0	0	0	0	0	4	10	8	41	0	0	0
ASV1637	16	6	5	6	2	4	0	0	0	2	0	0	0	0	0	0	0	0	0	5	0	0	1	8	3	7	1	2	2	0	0	0	0	0	0	0	0	0	0
ASV1688	15	5	4	3	3	3	3	2	1	5	0	0	1	0	1	1	0	1	1	5	1	1	0	3	3	7	0	0	1	0	0	0	0	0	0	0	0	0	0
ASV1738	2	5	5	1	5	5	1	3	1	4	1	1	0	0	0	1	1	0	0	3	0	0	0	4	3	9	8	2	2	0	0	0	1	0	1	1	0	0	0
ASV1771	7	5	3	0	0	1	1	0	2	7	1	3	1	1	2	0	3	0	0	9	1	3	1	3	3	1	5	3	2	0	0	0	0	1	0	0	0	1	0
ASV1838	0	3	3	1	2	1	1	1	1	7	1	2	0	1	1	0	1	0	1	5	1	2	3	2	3	1	2	2	1	3	2	1	2	4	5	3	0	1	0
ASV1839	5	7	3	5	4	1	2	4	1	3	1	0	1	0	0	0	0	0	1	3	0	2	0	2	4	4	7	4	5	0	0	0	0	1	0	0	0	0	0
ASV1874	3	2	2	3	3	2	6	2	0	2	2	1	2	1	1	5	4	1	3	2	2	3	4	0	1	3	0	3	2	2	1	0	0	0	0	0	0	0	2
ASV1960	2	1	4	0	1	4	4	0	2	1	2	0	0	1	0	0	0	0	0	10	0	1	2	5	2	2	3	2	4	0	0	0	2	2	3	9	1	0	0
ASV2002	9	2	0	0	1	0	0	0	0	4	0	1	0	0	0	1	1	0	1	2	0	1	0	4	1	1	0	1	1	1	1	1	1	2	2	0	0	27	4
ASV2054	4	0	7	5	3	1	7	3	3	0	10	2	1	0	0	0	0	2	1	0	1	0	2	2	7	3	1	3	2	0	0	0	0	0	0	0	0	0	0
ASV2081	1	4	1	0	1	0	1	4	0	1	0	0	0	2	1	2	4	14	0	2	9	5	2	1	2	3	2	0	2	0	6	0	0	0	0	0	0	0	0
ASV2166	0	3	1	4	1	2	1	1	2	6	0	0	0	1	0	0	0	0	0	1	1	0	0	4	3	4	1	0	1	0	0	8	2	5	11	0	0	6	1
ASV2271	2	8	0	2	4	3	2	3	2	1	0	0	0	1	4	0	2	1	3	5	0	3	1	2	4	1	3	3	2	0	0	2	0	2	0	0	1	1	2
ASV2344	3	5	5	3	3	4	1	3	0	2	1	3	2	4	3	1	1	1	0	1	0	0	1	3	3	3	1	1	2	1	2	3	0	0	1	0	0	1	2
ASV2546	6	5	1	7	2	2	3	0	0	3	0	1	0	0	0	0	0	0	0	5	0	0	1	2	4	4	4	2	2	0	0	3	2	2	2	0	0	6	1
ASV2765	1	0	1	1	2	1	1	0	0	1	0	0	0	0	0	0	0	0	0	0	0	1	0	1	2	1	0	0	0	0	0	10	3	18	11	1	9	4	1
ASV3018	3	0	3	1	0	2	3	1	0	3	0	0	3	6	2	2	5	4	1	2	4	1	5	4	2	4	0	4	1	2	1	0	0	1	0	0	0	0	0
ASV3297	4	4	2	4	0	8	1	2	0	4	0	0	0	0	1	0	0	0	1	1	0	0	0	9	1	2	2	1	0	0	0	4	6	5	0	6	1	1	0
ASV3680	7	6	1	3	2	3	0	1	0	5	2	1	0	0	0	0	0	0	0	13	0	0	1	7	5	2	6	4	1	0	0	0	0	0	0	0	0	0	0
ASV3982	2	3	1	0	0	0	1	0	2	0	1	0	1	0	0	1	1	0	0	3	1	4	4	2	1	1	0	1	0	1	3	5	11	1	3	3	4	5	4
ASV1523	5	3	2	1	3	3	6	6	0	6	0	6	0	0	0	3	0	0	0	1	1	1	0	4	3	4	1	5	2	2	1	0	0	0	0	0	0	0	0
ASV1598	13	2	3	1	2	1	1	1	2	0	0	0	2	2	2	0	3	1	1	2	0	3	5	0	4	0	7	1	1	1	1	0	1	0	1	0	1	4	0
ASV1660	4	0	0	1	1	0	0	1	0	1	0	0	0	0	0	0	0	1	0	1	0	0	0	0	0	0	0	0	2	0	1	12	13	16	5	1	2	6	1
ASV1693	3	1	1	0	0	0	1	1	6	0	0	4	4	0	4	6	6	3	5	0	2	8	1	1	1	0	2	2	0	4	2	0	0	0	0	0	0	1	0
ASV1758	3	2	0	1	2	1	2	0	2	2	0	0	1	0	0	0	0	0	1	1	0	0	0	0	1	1	1	0	3	0	0	5	10	4	4	4	5	13	0
ASV1762	0	2	1	0	0	3	3	1	4	3	1	1	4	4	2	1	3	2	2	3	4	15	2	0	2	1	2	2	0	1	0	0	0	0	0	0	0	0	0
ASV1788	3	0	0	0	0	0	0	0	0	4	1	0	1	0	1	4	9	11	11	1	5	7	1	1	1	1	0	0	0	2	2	0	0	0	2	0	0	0	1
ASV1833	1	8	5	2	1	1	0	0	1	1	0	1	0	0	0	0	0	0	0	2	0	1	0	2	4	3	7	1	1	1	0	7	5	5	3	3	0	3	0
ASV1836	3	0	0	0	0	1	0	0	2	5	0	0	1	2	1	2	3	3	0	1	1	0	0	0	0	2	0	0	0	0	1	2	2	9	1	9	18	0	0
ASV1949	7	1	0	1	0	0	0	0	1	0	0	0	1	0	0	0	0	0	0	0	0	1	0	0	0	2	0	0	0	0	0	1	3	2	4	0	7	10	28
ASV2000	12	1	0	1	1	1	0	3	1	0	1	0	0	0	0	0	0	2	1	0	0	0	0	3	0	1	0	1	0	0	2	1	1	4	2	0	2	7	21
ASV2088	6	1	4	1	2	2	1	3	0	3	1	1	1	3	2	5	1	7	2	1	0	1	1	1	0	3	5	0	3	1	0	1	1	1	0	0	2	2	0
ASV2089	3	2	2	1	4	1	1	5	0	4	0	0	1	0	0	1	0	1	0	4	0	0	0	1	2	6	2	1	1	0	1	2	1	5	7	0	6	4	0
ASV2301	1	4	0	3	5	3	0	1	5	3	9	4	0	0	0	3	0	0	0	1	1	0	1	5	6	2	2	4	3	1	0	0	0	0	0	0	0	0	2
ASV2443	3	4	0	0	1	0	0	1	0	1	0	0	0	0	0	0	1	0	0	3	0	0	0	1	0	0	1	2	1	0	0	9	0	7	2	1	15	14	2
ASV4854	5	1	2	2	3	2	5	4	1	1	0	0	0	0	0	1	0	2	0	2	0	0	1	1	2	2	5	0	2	0	0	2	0	10	1	5	4	3	0
ASV1566	2	0	1	0	2	0	1	1	0	1	0	0	0	1	0	0	0	0	0	0	0	0	0	0	1	2	0	1	1	0	0	0	10	8	7	27	2	0	0
ASV1648	17	0	1	5	3	4	1	2	0	5	0	0	0	0	0	0	0	1	0	6	0	0	0	10	2	4	4	1	1	0	0	0	1	0	0	0	0	0	0
ASV1680	3	0	1	2	0	0	1	0	1	2	0	0	1	1	0	2	0	1	0	2	0	2	4	1	0	0	1	0	0	2	1	4	6	7	4	3	7	9	0
ASV1683	1	1	0	1	0	0	1	0	0	2	0	0	0	0	0	0	0	0	0	2	0	0	0	1	2	1	1	0	0	0	0	18	0	1	7	0	1	22	6
ASV1709	2	2	7	3	2	4	5	7	3	0	7	5	0	0	0	0	0	0	0	2	0	0	0	2	4	3	2	3	3	1	0	0	0	1	0	0	0	0	0
ASV1741	11	2	2	1	0	1	3	3	4	2	0	0	3	1	2	0	1	1	0	5	0	2	1	4	3	2	1	0	1	1	0	2	0	3	0	1	0	3	2
ASV1808	1	1	1	4	0	0	2	0	2	1	1	1	0	0	0	1	3	3	0	0	5	1	0	3	1	0	1	0	1	0	3	6	4	4	2	1	11	3	1
ASV1810	4	1	2	4	2	5	0	1	1	3	4	0	0	1	0	1	0	0	0	8	0	0	0	2	3	3	5	2	4	0	1	3	0	1	2	0	0	0	5
ASV1924	1	7	3	1	1	2	3	0	5	0	1	0	1	4	4	9	2	7	2	0	2	2	1	1	0	0	0	1	1	2	1	1	0	1	0	0	0	0	2
ASV1932	26	8	3	3	1	1	0	1	0	2	0	0	0	0	0	0	0	0	0	6	0	0	0	3	4	3	3	1	3	0	0	0	0	0	0	0	0	0	0
ASV1933	4	1	0	0	3	1	0	4	1	0	4	3	2	2	4	1	1	4	0	2	3	0	3	2	4	2	2	3	1	3	3	0	0	0	2	0	0	0	3
ASV1975	2	1	1	0	0	0	0	0	0	1	0	0	0	0	0	0	0	0	0	1	0	0	0	2	1	0	0	0	0	0	0	10	10	13	1	10	1	14	0
ASV1998	1	14	1	1	1	0	0	2	0	4	0	0	0	1	1	0	0	0	0	4	0	0	0	4	2	0	5	1	1	0	0	0	8	5	3	5	0	1	3
ASV2062	6	2	0	0	2	0	0	1	3	2	1	0	0	1	3	1	4	3	9	3	3	1	6	3	3	4	0	0	1	2	2	0	0	0	0	0	0	2	0
ASV2070	2	1	0	3	1	2	1	1	0	1	0	1	1	4	1	4	6	8	3	1	3	9	4	1	0	1	0	0	0	0	1	3	0	0	1	0	3	1	0
ASV2079	0	0	0	0	0	0	3	1	2	4	0	0	0	0	0	0	0	0	0	2	0	0	0	0	1	1	0	0	3	0	0	16	9	3	11	4	4	4	0
ASV2080	3	7	2	3	2	1	6	1	0	3	0	0	0	0	0	0	0	0	1	7	0	0	0	3	2	2	5	3	2	0	0	1	2	0	1	0	0	10	1
ASV2283	4	4	1	0	0	3	0	0	0	1	0	0	0	0	0	0	0	0	0	1	0	0	0	2	1	2	0	2	0	0	0	6	11	1	9	15	0	3	2
ASV2360	1	2	2	3	2	3	6	1	0	4	0	0	1	0	0	0	0	0	0	6	0	0	1	1	2	6	2	0	5	0	0	4	0	5	3	0	2	6	0
ASV2459	7	5	2	2	1	2	3	1	2	1	0	1	0	0	1	0	1	2	0	3	0	0	1	3	2	3	1	3	3	1	2	0	0	1	1	0	0	13	0
ASV2500	1	1	1	1	1	3	3	0	1	6	1	0	0	0	2	1	2	3	1	1	2	2	2	3	5	1	3	7	2	0	0	0	1	1	7	3	0	0	0
ASV3065	1	2	5	3	2	1	1	2	0	1	1	1	1	0	0	1	1	0	0	5	2	1	1	1	1	1	2	2	1	0	0	1	9	0	2	13	2	0	1
ASV3168	3	0	0	2	1	0	0	0	0	3	1	0	1	1	0	0	0	0	0	3	0	0	0	0	0	1	0	0	0	1	0	4	1	5	3	3	12	22	1
ASV3693	0	3	4	3	3	5	1	0	1	7	0	0	0	0	1	1	0	0	0	2	0	0	2	4	1	3	4	2	2	1	0	0	0	3	10	2	0	1	2
ASV3842	2	0	1	3	0	3	1	0	2	0	1	0	1	0	1	7	1	1	2	4	4	0	2	1	2	3	2	0	0	4	1	2	0	6	2	0	9	0	0
ASV4069	3	4	3	0	0	0	0	0	0	2	0	1	4	3	2	5	6	4	8	1	3	3	0	2	2	2	1	1	0	0	3	0	2	0	2	0	0	1	0
ASV5049	0	2	1	4	1	0	2	2	0	1	4	1	0	2	0	2	3	2	1	3	2	1	3	6	0	1	2	4	2	0	0	1	1	0	2	0	10	2	0
ASV5210	0	0	1	0	2	0	1	1	0	2	0	0	0	2	3	3	2	0	3	2	4	2	4	0	1	5	2	2	0	1	1	7	7	0	1	3	1	4	1
ASV1690	11	1	4	3	5	2	4	1	0	1	0	0	0	0	0	0	0	0	1	4	0	0	0	8	2	3	7	1	0	0	0	0	0	0	0	0	0	9	0
ASV1749	14	1	2	1	1	2	7	1	2	5	0	0	0	0	1	1	0	1	0	4	0	0	0	1	3	5	5	1	1	0	0	0	0	0	0	0	0	8	0
ASV1792	1	0	0	0	0	3	0	2	0	1	0	0	0	0	1	0	0	0	0	0	2	0	2	2	1	1	1	1	0	0	0	0	28	8	4	7	0	1	1
ASV1814	10	2	0	2	0	0	0	3	1	1	0	0	0	1	0	0	0	1	0	1	1	0	0	1	0	0	0	0	0	0	0	0	16	4	4	16	0	3	0
ASV1869	2	1	1	0	2	0	1	0	2	1	2	1	2	4	4	10	4	5	2	0	6	1	2	0	1	0	0	1	1	4	7	0	0	0	0	0	0	0	0
ASV1917	5	5	2	5	0	3	3	3	3	4	0	0	0	2	0	0	1	1	0	3	1	4	1	2	2	2	3	1	2	2	1	0	0	0	0	0	0	0	6
ASV1981	5	2	1	0	1	2	0	2	0	2	0	0	0	0	0	0	1	0	2	1	0	0	0	4	1	4	1	3	0	0	1	5	6	9	3	3	2	5	1
ASV2067	4	1	2	0	2	1	1	0	3	0	1	0	1	0	0	0	1	5	3	1	0	1	0	0	0	0	0	0	1	1	1	10	5	5	7	1	2	2	5
ASV2093	0	1	1	2	2	1	3	5	1	3	5	1	6	1	1	1	2	1	2	2	0	0	1	3	4	3	1	4	2	2	1	0	0	2	2	0	0	0	1
ASV2098	0	1	1	0	1	3	0	0	0	1	0	1	0	1	0	0	0	0	0	2	0	0	1	0	0	1	2	0	2	2	0	7	5	8	7	0	1	15	5
ASV2131	16	6	0	4	2	0	1	3	5	0	4	1	1	0	1	2	3	0	3	3	1	1	1	0	4	0	0	1	1	1	2	0	0	0	0	0	0	0	0
ASV2146	3	1	1	2	1	0	0	0	0	1	0	0	0	1	0	0	1	0	0	2	0	0	1	3	3	1	0	2	1	0	0	11	10	8	1	1	7	4	1
ASV2150	8	2	0	0	0	0	1	1	0	3	0	0	2	2	0	0	1	1	0	2	0	0	1	4	1	2	0	4	0	0	0	0	1	8	1	15	1	6	0
ASV2251	1	0	0	1	0	0	0	1	0	1	0	0	2	0	0	0	0	0	0	3	0	0	0	1	1	2	0	1	1	0	0	5	1	6	5	3	4	28	0
ASV2277	5	2	0	1	1	1	2	1	0	0	0	0	0	0	0	0	0	0	0	1	0	0	0	0	0	1	1	0	0	0	0	2	25	3	8	8	2	3	0
ASV2668	15	0	1	0	0	0	0	0	3	2	0	0	2	1	0	1	0	0	1	2	0	0	1	3	1	0	0	2	0	1	3	1	2	2	1	0	2	19	1
ASV2716	5	1	0	1	0	0	0	3	0	2	2	0	0	0	0	1	0	1	1	1	3	4	2	2	2	2	0	0	2	0	1	6	7	7	4	0	1	3	3
ASV2801	3	1	0	2	1	1	0	1	1	3	0	1	0	0	0	0	0	0	0	2	0	0	0	3	0	1	3	1	0	0	0	5	9	5	7	12	1	2	2
ASV3087	0	0	0	0	1	0	0	1	1	0	6	24	6	4	3	0	1	2	0	1	5	2	4	0	1	2	0	0	0	1	1	0	0	0	0	0	0	0	1
ASV3313	16	3	2	4	0	4	1	0	0	5	2	1	0	1	1	3	0	1	2	2	0	0	2	1	0	2	3	1	2	0	1	1	0	0	0	0	5	1	0
ASV3352	4	2	0	0	0	1	0	0	0	1	0	0	0	0	0	0	0	0	0	0	0	0	0	0	0	0	0	0	0	0	0	7	21	6	9	1	5	9	1
ASV3517	4	3	6	3	4	1	1	4	1	8	3	0	0	0	0	0	0	0	0	8	1	0	1	3	3	2	4	2	1	0	0	2	2	0	0	0	0	0	0
ASV4206	0	3	0	1	1	3	1	1	2	4	0	0	0	0	0	0	1	0	1	3	1	0	0	3	2	3	0	3	3	0	0	5	2	0	4	0	17	3	0
ASV4639	0	2	0	1	2	2	0	0	2	3	0	0	0	0	0	0	0	0	1	5	0	0	0	2	1	4	2	6	1	0	0	5	8	0	4	7	7	2	0
ASV5394	4	0	0	3	0	0	1	2	0	1	0	0	1	1	4	0	4	6	10	0	1	3	2	0	0	0	1	0	0	1	6	0	0	4	2	0	0	5	5
ASV5574	0	1	0	0	2	0	0	2	1	0	1	0	1	0	1	2	3	1	2	0	2	0	0	1	0	0	0	0	0	3	2	0	2	0	0	1	33	4	2
ASV5756	1	1	1	2	0	1	0	0	1	2	0	0	0	5	5	1	3	2	9	0	5	8	2	0	1	1	1	2	2	1	1	1	1	0	0	0	6	0	1
ASV1613	2	4	4	2	1	4	2	0	1	1	1	2	0	0	2	1	1	2	0	8	1	1	6	4	5	4	1	0	1	0	1	0	0	0	0	0	0	3	1
ASV1653	2	1	0	0	0	0	0	0	0	1	0	0	0	0	0	0	0	0	0	0	0	0	0	0	2	3	0	0	0	0	0	3	5	3	1	0	1	41	3
ASV1673	2	1	1	0	0	0	1	0	1	1	0	0	0	0	0	0	0	0	0	4	0	0	0	0	1	0	0	0	1	0	0	1	12	7	2	0	30	0	1
ASV1695	4	4	0	3	3	0	2	3	0	5	0	0	2	0	1	1	0	0	7	2	2	1	5	0	1	1	4	0	3	2	1	3	0	1	0	0	0	5	0
ASV1748	1	0	1	1	0	2	0	0	0	0	0	1	4	3	6	3	7	7	9	1	1	2	2	1	4	1	2	3	0	1	1	0	0	1	0	0	0	0	1
ASV1824	2	3	3	1	0	1	1	2	0	3	1	0	0	0	0	0	0	0	0	2	2	1	0	1	1	1	0	2	2	0	0	8	6	9	3	1	2	7	1
ASV1906	3	1	0	0	0	0	0	2	0	1	0	4	1	2	4	4	3	8	4	3	6	5	1	0	0	1	2	2	1	0	2	1	0	0	1	0	0	2	2
ASV1959	0	3	2	4	2	1	0	3	2	2	0	2	0	1	0	1	3	0	2	3	0	3	1	3	0	0	0	0	1	0	1	6	3	7	4	1	5	0	0
ASV1965	9	1	1	2	1	1	1	1	0	1	0	0	0	0	1	0	0	0	1	2	0	1	2	3	4	3	0	1	1	0	0	5	6	1	3	5	3	6	0
ASV2118	3	0	1	0	0	0	1	2	2	3	0	0	1	2	0	1	1	4	4	0	2	2	3	0	0	4	0	2	0	0	2	5	1	2	5	0	5	6	2
ASV2212	0	0	1	0	0	0	0	1	0	0	0	0	1	3	4	2	5	9	5	0	5	5	3	1	0	0	1	1	0	6	9	0	0	0	1	1	0	1	1
ASV2276	0	0	0	0	0	0	0	0	0	0	1	0	1	0	0	0	0	0	0	0	0	0	0	0	0	1	0	0	0	0	0	0	0	2	0	0	43	12	6
ASV2300	16	4	2	2	0	0	1	0	1	1	0	0	0	0	0	0	0	0	0	2	0	0	0	1	5	3	2	2	0	1	1	6	2	3	2	0	4	5	0
ASV2366	2	6	1	1	5	2	3	1	1	0	2	1	1	2	2	2	2	2	1	1	5	2	0	4	3	3	3	1	3	1	1	0	0	2	0	0	0	0	0
ASV2446	1	1	5	3	7	6	4	1	0	2	3	0	0	0	0	0	0	0	0	1	0	0	1	2	5	5	9	3	5	0	0	0	0	1	0	0	0	0	1
ASV2450	1	0	0	0	0	1	0	0	0	0	0	0	0	0	1	0	0	0	0	0	0	0	0	0	0	0	1	0	1	0	0	6	22	8	4	19	1	1	0
ASV2452	3	1	2	1	1	1	0	1	1	4	0	0	0	0	0	0	0	0	0	5	1	0	0	3	3	6	1	1	0	0	1	4	6	6	1	5	3	5	0
ASV2523	13	6	3	1	1	1	2	1	2	2	0	0	0	0	0	1	1	0	0	1	0	0	1	3	3	4	2	1	2	0	0	3	0	2	3	5	0	2	0
ASV2582	5	2	0	0	5	0	1	2	0	0	3	0	1	0	3	5	12	5	1	0	0	1	0	0	1	0	0	0	0	10	5	0	0	0	0	0	0	2	2
ASV2647	1	0	1	0	0	0	0	2	0	0	0	0	0	0	0	0	0	1	0	0	0	0	0	0	1	0	0	0	1	0	0	1	10	5	5	2	1	35	0
ASV2766	1	2	2	2	1	0	0	0	3	4	0	1	3	6	7	2	1	3	5	1	3	1	0	1	2	1	4	2	1	1	1	0	1	0	0	0	1	2	1
ASV2837	3	4	4	2	3	2	2	2	2	3	0	0	2	0	0	4	2	2	3	3	2	2	0	1	2	1	4	0	3	2	0	0	0	4	0	0	0	0	2
ASV3246	2	2	0	1	3	1	0	0	0	3	0	0	0	0	0	0	1	0	0	3	0	0	0	3	1	8	6	1	1	0	0	6	9	1	5	3	4	2	0
ASV3316	10	1	2	2	2	1	2	0	4	2	0	0	2	0	1	1	0	1	3	3	3	1	0	1	2	2	2	3	1	2	6	1	0	0	0	0	2	3	0
ASV3414	0	1	0	1	1	1	2	2	0	1	2	1	5	5	8	10	1	3	3	0	1	5	0	0	0	2	1	2	2	2	2	0	0	1	1	0	0	0	0
ASV4400	4	0	0	0	1	0	0	0	2	2	0	0	0	1	2	2	4	2	2	2	1	0	0	1	2	0	2	2	2	0	1	2	1	1	1	0	5	14	7
ASV5841	1	4	7	4	1	1	2	3	0	2	0	0	0	0	1	0	1	0	1	2	0	1	1	4	1	4	3	0	1	2	1	2	1	9	1	0	4	0	1
ASV1579	0	0	0	0	0	0	0	0	0	0	0	0	0	0	0	0	0	0	0	0	0	0	0	0	0	0	0	0	0	0	0	26	8	12	11	1	7	0	0
ASV1661	4	3	0	1	1	0	2	1	2	0	0	0	0	1	0	0	0	1	0	0	1	0	0	0	0	1	0	0	2	0	0	1	1	18	5	0	1	16	3
ASV1694	1	0	0	1	0	0	0	0	0	0	0	0	0	0	0	0	0	0	0	0	0	0	0	1	0	1	1	1	1	0	0	0	33	8	6	11	0	0	0
ASV1752	5	3	1	0	2	0	4	0	1	4	0	0	0	0	0	0	0	0	0	4	0	0	0	1	0	2	0	3	1	0	1	1	1	1	3	12	15	0	0
ASV1802	0	1	0	0	0	1	0	0	0	0	0	1	4	1	4	4	7	4	9	0	4	13	2	3	0	0	0	0	1	1	4	0	0	0	0	0	0	0	1
ASV1887	5	7	0	1	1	2	0	2	0	0	0	0	0	1	0	0	1	1	0	1	0	0	0	1	3	0	0	0	1	1	1	6	7	6	4	3	2	6	2
ASV1908	2	5	0	3	3	0	2	2	0	4	0	1	0	1	0	1	0	1	1	5	2	3	1	2	2	3	3	2	2	3	0	1	1	0	2	0	1	2	4
ASV1918	8	5	2	1	0	1	2	2	3	8	0	3	0	0	0	1	0	0	0	5	0	1	0	2	5	4	5	2	1	0	0	0	0	1	1	0	1	1	0
ASV1926	2	2	0	1	0	0	0	0	0	3	0	0	0	0	0	0	0	0	0	0	0	0	0	1	0	2	1	0	1	0	0	6	3	7	5	2	18	8	3
ASV1935	7	1	1	1	0	0	0	0	0	0	0	1	0	0	0	0	0	0	0	1	0	0	0	2	1	0	0	0	0	0	0	0	18	6	0	26	0	0	0
ASV1953	0	8	4	1	2	2	2	5	11	1	1	0	0	1	0	2	0	1	0	6	0	0	0	0	3	4	2	1	4	0	0	1	0	2	0	0	0	0	1
ASV1976	4	0	3	1	2	1	5	3	2	1	0	5	3	4	3	2	4	2	0	2	3	1	0	0	3	3	0	1	4	2	1	0	0	0	0	0	0	0	0
ASV2030	1	1	6	1	2	4	0	1	1	2	0	1	1	0	0	0	0	0	0	1	0	0	0	2	0	23	1	6	6	0	0	0	0	0	0	0	1	4	0
ASV2055	3	1	1	2	2	1	0	1	0	2	0	0	0	1	0	0	0	0	0	2	0	1	0	1	1	1	2	1	1	0	1	2	4	1	2	28	1	2	0
ASV2108	18	2	4	0	2	0	0	4	2	1	0	0	1	1	1	0	2	1	0	1	0	1	1	5	2	0	1	2	2	0	1	0	0	1	0	0	2	1	6
ASV2135	5	7	1	3	1	3	3	1	0	4	0	0	0	0	0	0	0	0	0	1	0	0	0	6	5	2	2	1	3	1	0	0	0	0	1	7	0	8	0
ASV2154	0	8	6	4	3	2	3	2	3	4	1	0	0	0	0	0	0	0	0	4	0	0	0	3	2	4	6	2	1	0	1	1	0	2	0	1	0	2	0
ASV2225	4	1	0	1	0	0	0	1	0	1	0	0	0	0	0	0	0	0	1	2	0	0	0	3	0	0	0	0	1	0	0	3	24	1	8	9	2	2	1
ASV2433	3	4	1	5	5	3	1	6	3	3	1	1	0	0	1	4	1	0	0	1	0	0	0	4	3	2	3	1	3	6	0	0	0	0	0	0	0	0	0
ASV2439	1	2	3	1	1	2	2	5	0	0	2	2	0	3	2	2	0	2	1	4	0	0	0	5	4	3	1	7	5	1	4	0	0	0	0	0	0	0	0
ASV2508	2	3	2	0	0	1	1	0	0	0	0	0	0	0	0	0	0	0	0	4	0	0	0	0	2	1	0	2	1	0	0	10	8	7	2	2	2	14	1
ASV2795	1	2	5	2	3	0	2	1	2	2	0	1	0	1	0	2	0	0	1	1	0	0	0	0	1	5	2	2	3	0	0	0	0	9	8	8	0	1	0
ASV2841	3	0	0	0	1	0	1	0	3	2	0	1	6	7	3	2	4	6	3	2	6	8	3	0	1	0	0	0	0	1	1	1	0	0	0	0	0	0	0
ASV2852	1	8	4	2	2	0	1	2	0	4	0	0	0	1	1	0	1	0	0	4	0	0	1	7	1	5	7	3	5	2	0	1	0	0	1	0	0	1	0
ASV2997	10	3	0	2	1	0	2	0	1	0	2	2	3	2	1	2	2	2	2	1	0	1	4	0	4	5	2	1	2	5	3	0	0	0	0	0	0	0	0
ASV3163	7	2	0	1	4	1	2	1	1	1	0	0	0	0	0	0	0	1	1	1	0	1	0	0	2	5	3	0	2	1	0	0	0	0	0	0	0	27	1
ASV3362	0	1	1	1	0	1	1	1	3	1	3	4	0	4	7	2	1	5	1	1	2	0	1	2	1	1	0	1	1	11	6	0	0	0	0	0	0	1	0
ASV3876	5	1	0	0	1	0	0	0	0	1	0	0	0	0	0	0	0	1	1	1	0	1	0	0	0	1	0	0	0	0	0	5	24	1	2	2	7	9	2
ASV4097	1	5	1	4	0	1	0	0	2	0	0	0	0	0	1	1	1	0	0	5	0	2	0	5	2	1	3	2	0	0	0	7	3	5	7	2	0	4	0
ASV4326	1	5	2	2	3	2	1	0	0	0	3	0	1	0	3	0	2	1	0	4	2	0	1	4	1	5	3	0	0	2	1	0	0	1	5	1	3	4	2
ASV1510	5	2	5	2	3	0	0	1	1	3	0	0	1	1	0	0	4	2	1	2	2	0	10	1	0	6	0	0	1	6	4	0	0	0	1	0	0	0	0
ASV1663	13	1	0	2	0	1	4	5	0	4	0	0	1	1	2	0	0	1	1	8	0	1	1	3	4	3	1	0	3	1	1	0	0	1	0	0	1	0	0
ASV1687	0	9	1	8	5	2	5	1	0	4	2	0	0	0	0	0	0	0	0	5	0	0	0	5	6	2	0	3	6	0	0	0	0	0	0	0	0	0	0
ASV1815	0	8	8	2	4	5	2	4	0	2	0	0	0	0	0	0	0	0	0	3	0	0	1	4	4	2	5	4	3	0	0	0	0	1	2	0	0	0	0
ASV1861	0	0	0	0	0	0	0	0	0	0	0	0	0	0	0	0	0	0	0	1	0	0	0	0	0	0	0	0	0	1	0	7	38	1	0	0	16	0	0
ASV1922	1	2	4	2	3	2	7	3	2	3	3	0	2	0	1	1	0	0	0	3	1	1	1	1	1	5	5	5	2	3	0	0	0	0	0	0	0	0	0
ASV1940	8	1	6	3	2	5	1	0	2	2	3	2	0	0	0	3	1	7	1	3	0	1	1	3	1	1	2	3	2	0	0	0	0	0	0	0	0	0	0
ASV1942	7	10	5	5	4	6	1	0	0	3	0	0	0	0	0	0	0	0	0	7	0	0	0	5	1	1	3	2	3	0	0	0	1	0	0	0	0	0	0
ASV1990	4	0	2	1	0	1	1	4	0	1	0	3	1	4	1	0	0	0	3	4	1	2	2	2	2	1	0	1	0	0	1	3	1	7	5	0	2	2	2
ASV2005	5	4	2	0	0	2	3	0	0	0	0	0	0	0	0	0	0	0	0	2	0	0	0	2	0	0	1	0	1	0	0	4	4	14	6	8	4	0	2
ASV2044	4	6	5	2	2	4	2	2	0	4	1	1	0	1	0	0	0	2	2	4	0	3	0	2	3	2	2	0	1	0	1	2	1	1	3	0	1	0	0
ASV2058	1	5	3	2	2	5	5	1	1	1	1	0	0	0	0	0	0	0	0	1	0	0	0	2	1	0	6	1	1	0	0	1	3	6	3	0	4	6	2
ASV2085	2	2	6	4	3	4	0	2	4	2	2	2	0	2	1	0	0	2	0	1	0	1	0	4	1	4	1	3	1	0	0	0	2	2	3	2	0	1	0
ASV2097	0	5	3	2	0	2	2	4	0	6	0	0	0	0	1	1	0	0	1	2	0	1	2	1	3	4	1	1	4	0	0	0	3	3	3	8	0	1	0
ASV2134	1	1	7	3	4	4	4	4	3	0	2	2	0	0	0	0	0	0	0	2	1	0	0	1	9	3	3	2	5	0	0	0	0	1	0	0	0	0	2
ASV2136	2	3	3	2	3	2	3	1	5	1	3	0	3	0	2	3	1	1	2	5	0	3	0	0	3	1	1	0	1	9	0	0	0	0	0	0	0	0	1
ASV2156	1	0	0	1	0	0	0	0	0	0	0	0	0	0	0	0	1	0	0	1	2	1	0	0	0	1	1	1	0	0	2	15	5	13	11	0	2	5	1
ASV2180	3	3	2	2	4	2	1	5	3	5	0	5	0	0	0	0	0	0	1	2	0	0	2	0	2	2	2	0	1	16	1	0	0	0	0	0	0	0	0
ASV2188	0	2	1	0	0	2	0	2	4	1	4	3	1	5	1	4	4	6	6	1	4	4	3	2	0	0	0	2	0	1	1	0	0	0	0	0	0	0	0
ASV2274	0	1	2	1	0	0	0	0	1	0	0	0	0	2	1	2	4	5	5	2	8	3	1	1	1	2	2	1	2	2	4	0	0	4	1	0	0	5	1
ASV2292	3	6	3	2	4	1	1	0	0	3	0	1	1	0	1	0	0	0	2	2	0	3	8	3	3	3	1	0	1	1	0	2	0	2	3	0	0	3	1
ASV2455	0	3	4	2	1	0	0	2	1	2	1	0	2	1	2	1	4	3	2	6	0	6	1	2	1	1	1	0	2	0	0	4	0	4	5	0	0	0	0
ASV2654	1	2	2	1	1	3	1	0	0	4	0	0	2	0	0	0	0	0	0	5	0	2	0	0	1	3	4	0	0	0	0	9	1	5	1	1	3	11	1
ASV2711	6	0	0	1	2	0	2	1	0	2	0	1	0	0	0	0	0	0	0	1	0	0	0	1	1	3	0	1	0	1	0	6	16	0	5	7	1	3	3
ASV3048	6	6	5	3	0	2	1	2	2	4	0	0	0	0	1	0	0	2	1	3	1	0	0	1	1	1	2	2	0	2	1	4	1	3	5	0	1	1	0
ASV3328	0	0	0	3	0	2	2	2	3	5	2	4	2	2	3	7	0	1	0	2	5	2	5	0	2	1	4	1	1	0	1	0	0	2	0	0	0	0	0
ASV3446	2	1	0	0	0	1	1	0	0	1	0	3	4	9	4	5	1	2	3	0	5	4	3	0	1	1	0	2	0	1	9	0	0	0	0	0	1	0	0
ASV3931	3	1	0	0	0	0	0	0	1	0	0	0	0	2	0	0	3	2	2	0	1	3	0	0	3	1	1	0	0	0	0	3	4	2	6	0	21	5	0
ASV4106	0	3	1	1	2	0	0	1	0	0	1	0	0	0	0	0	0	0	1	2	0	0	0	1	1	5	1	1	0	0	0	1	0	0	1	0	40	0	1
ASV4130	4	4	0	1	4	1	3	1	0	2	1	0	0	0	0	1	0	0	0	1	0	0	0	2	1	1	2	0	2	0	0	8	7	4	2	6	2	3	1
ASV4694	3	2	2	2	2	5	4	2	5	1	0	10	2	0	3	0	2	0	0	3	0	0	0	1	1	3	2	3	0	1	1	2	0	0	1	0	0	0	1
ASV5422	8	3	1	2	3	1	0	3	1	3	0	0	0	2	0	2	0	1	0	4	1	0	2	6	2	0	3	1	3	2	5	0	0	0	1	0	0	3	1
ASV1627	3	3	0	1	0	3	1	2	0	2	0	1	0	0	1	0	0	0	0	2	0	0	0	0	1	1	3	3	2	1	0	5	16	4	2	2	4	0	0
ASV1739	0	0	0	0	0	0	0	0	0	0	0	0	0	0	0	0	0	0	0	0	0	0	0	1	0	0	1	0	0	0	0	0	13	11	8	29	0	0	0
ASV1756	3	0	0	0	0	1	0	1	0	1	0	0	0	0	1	1	10	0	7	0	2	2	7	0	0	0	0	0	1	0	3	0	0	0	2	20	0	1	0
ASV1807	1	0	0	0	0	0	0	0	0	0	0	0	0	0	0	0	0	1	0	0	0	1	0	1	0	0	0	0	0	0	0	13	2	26	13	0	3	1	1
ASV1849	1	0	0	0	0	0	0	0	0	0	0	0	0	0	0	0	1	0	0	0	0	0	0	0	0	0	1	0	0	0	1	0	4	0	0	51	4	0	0
ASV1863	5	2	1	2	3	2	4	0	0	5	0	1	0	1	1	2	2	2	5	3	3	3	1	1	2	3	2	2	2	0	1	0	0	0	0	0	0	2	0
ASV1979	8	2	1	5	0	0	0	0	1	4	0	0	0	1	0	0	3	1	0	1	0	0	1	1	0	1	0	0	1	0	0	2	7	1	1	4	8	8	1
ASV2015	6	2	7	5	0	8	2	2	0	5	0	0	0	0	0	0	0	0	0	2	0	0	1	3	0	7	4	1	2	0	0	0	0	0	1	5	0	0	0
ASV2025	1	2	0	1	2	2	3	1	0	4	2	3	0	1	0	0	0	0	0	5	3	0	0	2	0	1	9	1	2	0	0	0	0	3	0	0	0	2	13
ASV2027	3	0	0	1	1	1	0	0	0	0	0	0	0	0	0	0	0	0	0	0	0	0	0	0	0	1	0	0	0	0	0	7	15	18	8	6	0	2	0
ASV2034	8	1	1	2	0	0	1	0	4	1	0	0	1	0	1	0	1	0	0	1	1	0	2	4	1	0	0	2	1	1	0	3	0	12	4	1	2	7	0
ASV2106	1	2	3	1	3	1	3	3	1	0	0	0	0	0	0	0	0	0	1	3	1	0	0	3	2	1	2	2	1	0	1	12	1	4	6	0	3	2	0
ASV2126	4	1	1	0	1	0	0	2	1	1	1	2	1	1	3	1	7	2	5	2	5	9	2	1	0	0	0	0	1	3	3	0	0	0	0	0	1	1	1
ASV2138	11	2	3	3	0	1	3	0	1	1	0	0	0	1	0	5	7	4	1	2	5	6	1	0	0	0	1	1	0	0	1	0	0	0	0	0	0	3	0
ASV2152	0	4	5	2	3	1	1	1	2	0	0	1	0	0	0	0	0	0	1	2	0	0	1	5	1	8	1	0	1	0	2	1	3	6	5	1	2	2	1
ASV2232	3	0	1	2	2	1	2	1	1	4	0	0	0	1	0	0	1	0	0	1	0	2	0	0	0	0	0	1	2	1	1	7	0	11	8	0	1	4	5
ASV2254	8	4	2	0	4	2	3	6	2	1	0	1	0	0	0	0	0	0	0	2	1	0	0	7	3	3	2	1	3	0	0	2	1	0	4	0	0	0	1
ASV2268	3	4	2	0	1	1	7	0	1	1	1	0	2	0	0	1	1	1	0	5	0	1	2	0	1	0	0	0	0	4	0	4	4	5	0	0	5	3	3
ASV2269	2	4	3	3	2	1	4	0	2	5	0	0	0	0	0	0	1	1	0	7	0	0	0	4	0	3	2	2	1	0	0	1	0	2	1	0	0	11	1
ASV2309	0	0	0	0	1	0	0	1	0	0	0	0	0	0	0	0	0	0	1	0	3	22	6	0	1	0	0	0	0	12	9	0	0	2	2	0	0	2	1
ASV2341	5	3	5	1	0	1	1	2	1	5	2	0	0	0	0	1	0	1	3	2	0	1	2	4	5	2	1	1	2	0	0	5	3	3	0	0	0	0	1
ASV2367	0	6	2	1	1	3	3	3	0	2	1	0	0	0	0	0	0	0	0	2	1	0	0	2	2	1	2	2	2	2	0	5	0	9	8	0	0	1	2
ASV2388	2	1	1	0	2	1	0	0	3	1	3	2	5	6	4	5	2	1	3	4	2	4	3	1	1	0	0	1	1	2	1	0	0	0	1	0	0	0	0
ASV2461	4	1	2	3	0	1	1	0	2	1	2	0	1	1	3	3	5	6	1	0	3	3	0	2	1	0	2	4	1	0	4	0	1	1	0	0	2	2	0
ASV2521	7	5	2	3	4	0	0	2	3	5	1	0	2	1	2	2	1	0	0	2	1	2	0	2	0	2	3	1	3	0	0	0	0	0	0	0	5	2	0
ASV2807	8	8	1	1	0	2	5	1	0	2	0	0	0	0	0	0	0	0	0	10	0	2	0	2	1	7	3	0	0	0	1	2	0	3	0	4	0	0	0
ASV3084	5	0	1	1	3	1	4	0	1	1	0	0	2	3	1	2	1	2	1	0	0	0	2	4	1	7	4	4	0	1	0	1	0	2	4	3	0	1	0
ASV3438	3	5	1	3	2	1	2	1	2	4	1	0	0	0	0	0	0	0	0	0	0	0	0	2	2	1	1	3	2	0	0	11	4	5	3	0	1	2	1
ASV3800	0	2	1	3	0	1	1	1	0	3	0	1	2	0	0	1	1	1	0	4	1	0	0	6	3	5	2	2	2	0	0	1	2	1	3	11	2	0	0
ASV4131	2	0	0	0	2	0	0	0	0	0	0	0	0	0	0	0	0	0	1	1	0	0	0	1	0	0	0	0	0	0	0	8	13	1	1	0	31	2	0
ASV4208	1	2	1	0	3	3	1	2	1	2	1	2	0	0	0	2	1	4	2	1	1	10	3	2	3	2	3	1	3	2	2	0	0	0	1	0	0	0	1
ASV5041	1	0	0	4	0	1	1	1	0	5	2	4	2	0	1	0	1	0	1	3	1	0	0	1	1	2	0	0	0	0	0	6	5	0	3	3	11	2	1
ASV1711	5	0	1	0	6	1	3	2	6	1	2	1	0	0	0	0	0	0	0	2	0	0	0	2	5	2	1	3	1	0	0	0	0	0	0	0	0	0	18
ASV1782	0	2	3	4	1	6	6	10	0	0	3	0	0	0	0	0	0	0	0	5	0	0	0	0	12	1	1	3	5	0	0	0	0	0	0	0	0	0	0
ASV1795	0	2	0	0	0	0	0	0	0	0	0	0	0	0	0	1	2	2	6	1	0	5	2	0	0	0	0	0	0	5	15	10	0	6	3	0	1	0	1
ASV1823	9	4	0	0	1	0	2	0	0	1	0	0	0	0	0	0	0	0	1	3	0	0	0	1	0	4	0	0	2	0	0	3	6	6	5	12	1	1	0
ASV1846	5	2	3	0	0	2	0	2	1	0	0	0	1	0	0	0	0	0	0	2	0	0	2	0	3	2	0	2	1	0	0	3	15	10	1	0	2	3	0
ASV1848	2	6	2	2	1	2	3	2	1	5	0	1	0	0	0	1	0	0	0	7	0	1	1	4	4	6	6	1	1	2	1	0	0	0	0	0	0	0	0
ASV1867	15	1	2	0	1	1	6	6	1	2	1	0	0	2	1	2	0	0	2	3	0	0	0	4	0	4	3	1	0	2	2	0	0	0	0	0	0	0	0
ASV2045	26	4	2	2	1	2	3	1	0	3	0	0	0	0	0	0	0	1	0	1	0	0	0	3	2	4	3	1	3	0	0	0	0	0	0	0	0	0	0
ASV2084	2	0	0	1	1	1	1	0	1	0	2	0	0	0	0	0	0	0	0	0	0	1	0	0	1	0	0	0	0	0	0	9	7	12	7	12	0	3	1
ASV2115	10	3	0	0	0	0	1	1	0	1	0	2	0	0	0	0	0	0	0	2	0	0	0	0	0	0	0	0	0	0	0	2	21	1	2	11	5	0	0
ASV2128	0	1	1	1	2	2	0	2	2	2	4	2	5	3	4	3	6	2	3	3	0	2	1	2	0	0	1	4	0	1	3	0	0	0	0	0	0	0	0
ASV2147	2	2	1	0	1	0	0	0	0	3	0	0	0	0	0	0	0	1	1	2	0	0	0	0	0	0	3	0	1	1	0	7	16	5	2	5	5	4	0
ASV2331	1	4	1	5	1	3	1	1	0	0	0	0	1	0	0	0	0	0	0	4	0	0	1	1	1	2	3	0	2	0	0	6	3	5	4	2	7	1	2
ASV2349	0	0	2	0	0	0	0	1	1	0	0	0	1	0	1	1	0	0	1	0	2	1	0	1	0	1	2	1	2	1	2	6	5	2	3	0	8	16	1
ASV2413	1	2	2	0	1	3	0	1	2	2	3	3	1	2	2	3	2	2	0	4	2	2	1	4	5	2	1	3	1	1	0	0	0	3	1	0	0	0	0
ASV2617	6	3	3	2	2	0	1	3	0	6	1	0	0	2	0	0	0	0	0	4	0	0	0	2	3	3	3	2	3	0	0	1	7	2	0	0	1	0	2
ASV2665	1	0	2	1	1	0	1	0	0	0	0	0	0	0	0	1	1	0	0	1	1	1	0	1	0	2	2	0	1	0	0	11	10	6	8	3	5	2	0
ASV2798	1	3	3	0	0	5	0	1	2	1	5	6	2	5	4	1	1	0	0	2	0	2	10	1	0	1	3	2	0	0	1	0	0	0	0	0	0	0	0
ASV2822	4	2	1	4	1	2	4	3	2	3	2	2	1	0	0	0	2	2	1	1	0	0	0	3	5	1	2	8	4	0	2	0	0	0	0	0	0	0	0
ASV3041	4	1	0	0	0	1	0	2	1	3	0	1	3	2	0	1	0	3	19	1	1	2	2	1	1	0	1	0	1	6	5	0	0	0	0	0	0	0	0
ASV3597	2	0	5	3	3	4	1	1	0	2	0	0	0	0	0	0	0	0	0	1	0	0	0	1	6	2	2	1	3	0	1	0	12	1	4	3	2	2	0
ASV4024	1	2	1	1	3	1	0	0	0	3	0	0	0	0	0	0	0	0	0	3	0	0	0	3	2	1	2	1	0	0	0	0	10	8	3	6	7	4	0
ASV4363	5	1	2	1	2	1	0	2	2	3	0	0	0	0	1	0	0	0	0	5	0	0	0	1	4	1	1	0	1	0	1	1	1	6	5	14	0	1	0
ASV4382	1	4	1	3	3	4	2	5	0	1	4	2	0	1	0	0	0	0	0	4	0	1	0	3	2	2	2	7	3	0	0	1	2	1	0	1	0	0	2
ASV4513	0	0	0	3	0	0	1	1	0	0	2	1	0	2	2	6	11	6	5	3	1	3	3	0	0	0	1	0	1	6	1	0	0	0	0	0	0	0	3
ASV5029	1	2	3	2	1	2	0	1	1	3	0	1	1	0	0	0	3	1	0	2	1	1	0	4	2	3	1	1	4	0	0	4	5	1	4	6	0	1	0
ASV5427	0	3	4	3	3	2	5	0	0	2	1	0	0	0	0	0	0	1	0	4	0	0	0	1	2	1	4	4	0	0	0	0	2	6	2	9	0	3	0
ASV1675	5	4	1	1	2	1	1	0	0	2	0	0	0	0	1	0	0	0	0	3	1	0	0	2	0	1	1	0	1	0	0	3	5	8	6	5	6	1	0
ASV1767	3	4	1	2	1	4	0	3	2	4	0	1	0	0	0	1	2	0	3	2	0	3	2	4	3	1	1	2	1	3	1	1	0	3	1	0	0	0	2
ASV1850	9	1	2	2	2	1	1	3	0	3	0	0	0	2	0	0	1	0	0	3	0	0	0	0	1	1	1	0	0	0	0	3	6	9	1	7	1	1	0
ASV1980	6	2	1	2	1	2	0	1	0	1	0	0	0	1	1	1	0	0	0	0	0	0	0	1	0	0	3	1	0	0	1	2	12	1	4	16	0	1	0
ASV1984	3	2	0	0	1	0	0	1	0	1	0	0	0	0	0	2	0	5	4	1	15	4	13	0	0	0	2	1	1	1	4	0	0	0	0	0	0	0	0
ASV1988	1	2	3	0	3	0	2	2	0	1	0	1	2	2	0	5	5	5	2	1	7	5	0	0	2	0	1	1	0	6	1	0	0	0	0	0	0	1	0
ASV2031	1	1	0	1	0	1	0	0	2	1	2	0	5	4	5	5	1	7	2	1	4	4	4	0	0	2	1	1	1	2	2	0	0	1	0	0	0	0	0
ASV2042	1	4	2	1	2	1	2	6	2	0	1	0	3	3	0	2	0	0	0	2	2	1	0	3	2	1	2	3	3	0	4	2	0	1	1	0	0	3	1
ASV2047	3	4	2	1	1	1	1	0	0	2	0	0	0	0	0	0	0	0	0	1	0	0	0	0	0	2	0	0	1	0	0	2	18	2	3	17	0	0	0
ASV2065	4	0	0	0	0	1	0	0	0	1	0	0	0	0	0	0	0	0	0	0	0	0	0	0	1	2	2	0	0	0	0	1	9	2	0	14	23	0	1
ASV2111	0	0	1	0	2	3	0	0	0	0	0	0	0	0	0	0	0	0	0	1	0	0	0	0	0	2	0	0	0	0	0	9	2	16	9	1	10	5	0
ASV2219	6	4	0	2	1	2	0	0	3	4	0	0	0	0	1	0	0	0	0	2	1	1	2	3	1	2	1	3	1	0	0	6	1	3	1	1	4	4	1
ASV2224	0	3	5	3	6	3	0	5	0	6	0	2	0	0	0	0	0	0	0	4	0	0	1	1	8	1	2	2	3	0	0	4	0	0	1	0	0	0	1
ASV2226	12	4	1	2	0	3	3	1	1	4	1	0	0	0	0	0	0	2	1	2	0	0	0	1	5	7	1	1	3	0	1	0	1	1	2	1	0	0	0
ASV2228	0	6	6	4	2	1	1	1	3	3	2	0	1	1	3	5	0	0	3	3	4	1	0	0	2	0	0	1	0	2	2	1	0	0	3	0	0	0	0
ASV2261	3	2	2	0	2	4	1	1	0	1	0	0	0	1	0	0	0	0	0	2	1	0	0	5	7	2	3	4	2	0	0	4	2	1	1	3	4	3	0
ASV2305	0	3	4	3	5	3	3	0	0	2	1	0	0	0	1	0	0	1	1	4	0	1	0	4	4	4	5	2	3	0	1	0	0	1	3	0	0	1	1
ASV2321	5	1	0	0	0	0	0	0	0	1	0	0	0	0	0	0	0	0	0	3	0	0	0	2	0	0	0	0	0	0	0	0	20	12	4	12	0	1	0
ASV2369	5	4	5	6	2	1	2	0	2	2	0	0	0	0	1	0	0	0	0	9	0	0	0	4	4	2	3	2	1	0	0	2	0	1	0	0	0	3	0
ASV2400	2	2	5	3	2	5	6	1	2	2	1	2	0	0	0	2	0	1	0	2	0	0	1	2	2	3	2	6	5	0	0	0	0	0	0	0	0	1	1
ASV2417	0	1	0	0	0	0	3	0	0	0	1	0	3	5	3	6	2	2	1	2	7	5	12	0	1	1	0	1	0	3	1	1	0	0	0	0	0	0	0
ASV2476	0	1	2	2	2	3	2	4	2	4	3	1	1	0	0	2	2	0	1	4	1	0	1	4	0	4	4	5	0	0	1	1	0	0	1	0	0	0	3
ASV2561	11	3	3	0	0	2	0	0	0	1	0	0	0	0	0	0	0	0	0	5	0	1	0	0	0	4	3	0	1	0	0	14	1	7	3	0	1	1	0
ASV2637	7	3	3	3	2	4	1	5	0	4	1	0	2	0	1	1	0	0	1	1	1	1	0	2	6	2	3	1	4	0	2	0	0	0	0	0	0	0	0
ASV2782	2	3	0	0	1	2	0	1	0	5	1	1	0	0	0	2	0	0	0	4	1	0	0	2	0	1	1	0	1	1	0	5	6	1	3	1	3	13	0
ASV2819	4	1	6	0	0	1	0	1	1	1	0	0	0	0	0	0	1	0	0	3	3	1	1	2	3	1	1	4	1	0	1	1	0	0	1	0	0	15	7
ASV2924	1	1	1	1	3	0	0	0	2	1	1	0	1	0	0	0	3	1	1	0	2	1	3	3	0	1	0	0	2	0	2	6	3	4	1	0	0	3	13
ASV3189	1	7	5	3	3	2	2	4	3	2	2	2	0	0	0	0	0	1	4	2	0	0	1	3	2	3	4	1	3	0	0	0	0	1	0	0	0	0	0
ASV3231	2	3	0	1	1	3	1	0	1	3	1	0	0	0	0	1	0	0	0	0	3	1	0	1	0	4	0	2	1	1	1	4	0	4	2	0	2	17	1
ASV3314	4	2	0	4	2	1	0	3	0	3	0	0	0	0	1	0	0	0	0	3	0	0	1	1	2	2	3	0	1	0	0	3	0	12	6	0	2	5	0
ASV3756	5	3	0	1	0	0	0	2	0	1	0	1	1	1	2	2	2	1	3	2	1	3	0	4	2	5	1	1	1	1	0	5	0	0	0	1	0	7	2
ASV4046	8	2	2	4	1	3	0	1	1	5	0	3	1	2	1	2	1	3	1	1	0	0	1	0	2	2	5	0	3	2	1	0	0	0	0	0	3	0	0
ASV4404	0	0	3	4	4	2	2	3	3	0	0	0	0	0	0	2	1	0	1	3	0	1	0	1	2	3	4	3	1	0	1	1	0	3	8	0	4	0	1
ASV4414	1	2	1	2	1	4	2	2	4	0	2	0	1	2	0	0	0	1	0	4	0	1	0	3	3	1	2	3	2	1	1	2	3	2	2	0	5	0	1
ASV4435	4	3	1	1	0	1	1	1	0	2	0	1	0	2	0	0	2	0	0	0	0	0	0	2	1	0	1	0	0	0	0	0	2	7	2	0	5	2	20
ASV1725	3	0	1	0	0	0	1	1	0	0	1	1	1	1	33	3	0	1	0	0	0	1	0	0	0	1	0	2	1	0	1	0	1	1	0	0	5	0	0
ASV1751	0	0	1	0	0	0	0	1	0	1	0	0	0	0	2	1	1	0	2	0	2	2	1	0	0	0	0	1	0	4	2	7	0	9	8	0	0	7	8
ASV1837	4	1	0	0	2	3	3	2	12	3	0	3	0	0	3	0	0	0	0	2	0	0	0	1	2	1	1	2	1	0	0	0	0	0	0	0	0	2	12
ASV1851	0	1	1	3	0	3	0	1	4	1	1	1	4	3	3	7	6	0	3	0	2	2	2	1	1	0	0	1	3	3	0	0	1	1	0	0	1	0	0
ASV1916	2	0	0	2	0	0	0	0	0	0	0	0	0	0	0	0	0	0	0	0	0	0	0	2	0	0	0	0	0	0	0	7	11	9	3	3	4	15	2
ASV1923	0	9	6	3	1	2	1	2	2	1	0	0	1	0	0	0	0	0	0	4	0	0	0	0	2	2	3	1	0	0	0	2	5	2	5	5	0	1	0
ASV2052	0	0	0	0	0	0	1	0	0	0	0	1	0	4	1	2	14	10	9	0	5	9	1	0	0	0	0	0	0	3	0	0	0	0	0	0	0	0	0
ASV2122	5	1	0	3	1	1	1	0	0	0	0	0	0	0	2	0	0	1	1	3	2	1	0	2	1	1	1	1	0	3	1	7	4	7	2	0	0	6	2
ASV2127	0	2	0	0	0	1	0	0	0	0	0	0	1	0	1	0	0	0	0	0	0	0	0	0	0	1	0	0	0	0	1	3	23	8	4	2	13	0	0
ASV2162	7	3	1	2	0	0	3	0	0	2	2	1	4	0	0	0	3	1	6	2	1	3	1	3	3	0	1	3	3	1	1	0	0	0	0	0	0	0	3
ASV2164	2	2	4	5	3	1	2	4	1	6	1	0	0	0	0	0	0	0	0	0	0	0	0	0	6	3	2	2	2	1	0	0	2	1	3	3	1	3	0
ASV2191	3	2	0	0	0	0	0	0	0	0	0	0	0	0	0	0	0	1	0	0	0	0	1	0	1	1	0	0	0	2	0	5	16	11	7	1	9	0	0
ASV2197	12	1	2	4	0	1	1	1	8	2	2	1	3	1	1	0	1	1	1	1	1	1	2	1	2	1	1	1	2	2	0	0	0	0	0	0	0	1	1
ASV2248	0	1	0	0	1	0	0	1	0	0	0	1	1	0	1	0	0	0	0	3	0	0	0	0	0	1	1	0	1	0	0	7	10	16	5	2	1	5	2
ASV2297	0	2	3	0	1	1	1	1	2	2	1	0	3	3	3	2	4	2	5	1	1	2	0	1	2	1	3	1	2	1	0	1	0	3	0	0	0	4	1
ASV2347	3	1	1	2	2	1	0	0	0	0	0	0	0	0	2	0	0	2	2	3	1	3	3	3	1	3	0	0	0	1	2	1	0	5	4	0	3	6	5
ASV2425	1	1	0	0	0	1	2	0	0	2	0	0	0	0	0	1	0	0	1	0	0	0	0	1	0	1	1	2	0	1	3	14	4	5	2	2	0	15	0
ASV2480	12	3	3	3	1	0	1	1	0	2	0	0	1	0	0	0	2	0	0	1	0	0	1	2	0	1	1	0	0	0	0	5	0	1	1	0	2	15	1
ASV2699	1	3	4	1	3	1	4	1	1	2	0	1	4	2	0	0	1	0	0	1	0	1	0	1	3	0	1	1	1	1	0	4	1	12	1	0	1	2	0
ASV2719	7	2	1	0	0	1	4	1	2	0	0	0	0	0	0	1	0	0	3	1	2	3	1	1	0	1	2	0	1	3	1	2	0	2	2	0	4	8	4
ASV2743	2	2	2	1	2	3	2	0	1	7	2	0	0	0	0	0	3	2	0	3	3	1	1	3	3	1	4	2	0	2	2	0	0	2	1	0	1	2	0
ASV2751	0	2	1	1	1	0	0	0	0	0	1	0	0	0	0	0	0	0	0	0	1	0	0	1	0	2	1	0	1	0	0	10	11	1	4	1	18	3	0
ASV2963	1	1	2	2	0	0	1	1	2	2	0	1	1	0	0	1	0	1	1	3	0	1	0	0	1	0	4	2	4	0	1	3	1	2	4	5	9	3	0
ASV3707	1	3	0	0	0	2	2	0	2	1	3	1	2	2	2	3	4	4	0	1	2	0	2	1	4	1	4	3	1	3	3	0	0	1	2	0	0	0	0
ASV3791	12	3	1	0	2	2	0	1	1	6	0	0	0	0	1	0	0	0	0	2	0	0	3	1	6	4	1	2	1	0	0	2	2	0	1	2	1	2	1
ASV4111	7	1	2	4	6	3	4	2	1	1	2	0	1	2	0	2	2	1	2	1	0	0	0	5	2	3	2	0	1	0	0	0	0	3	0	0	0	0	0
ASV4373	2	9	4	1	2	2	5	1	1	5	2	0	0	0	0	0	0	0	0	4	0	0	0	2	4	2	6	3	2	0	0	0	0	0	0	0	0	3	0
ASV5082	0	0	0	0	1	0	0	0	0	0	0	2	5	2	4	5	6	10	7	1	2	6	2	0	0	1	0	0	0	1	1	0	1	0	0	0	0	0	3
ASV5311	0	3	1	5	1	2	1	2	1	2	1	2	1	1	5	3	1	1	2	3	3	0	1	0	0	1	4	1	2	1	1	0	1	2	2	0	2	1	0
ASV5409	3	4	0	0	1	0	1	0	1	3	0	0	0	0	0	1	0	1	1	3	1	1	0	2	2	0	2	0	1	0	1	5	6	3	7	1	1	7	1
ASV5786	1	1	0	1	0	2	0	0	0	0	1	1	0	1	3	5	9	2	5	3	8	3	2	3	0	0	0	2	0	4	2	0	1	0	0	0	0	0	0
ASV1726	6	1	1	1	0	0	1	0	0	2	0	0	0	0	1	1	4	5	5	0	2	5	2	1	0	1	0	1	1	5	5	1	0	5	0	0	0	2	0
ASV1855	1	0	2	0	0	0	0	0	0	1	0	0	0	0	0	0	0	0	0	1	0	0	0	0	0	3	1	1	0	0	0	4	13	13	9	7	3	0	0
ASV1954	2	1	0	0	0	0	0	0	0	0	0	0	1	0	0	3	6	7	6	0	10	10	7	0	0	0	0	0	0	3	2	0	0	0	0	0	0	0	1
ASV2020	3	0	2	0	1	0	4	3	5	0	1	2	0	7	4	3	6	3	5	1	2	3	1	0	0	0	0	1	0	1	1	0	0	0	0	0	0	0	0
ASV2032	3	2	1	2	2	0	3	3	4	0	0	1	1	0	0	3	7	10	0	1	6	4	1	0	0	2	1	1	0	1	0	0	0	0	0	0	0	0	0
ASV2077	1	2	0	0	1	0	1	1	1	1	1	0	3	0	1	1	1	2	1	3	1	3	1	1	1	0	2	1	1	1	1	6	1	10	2	0	0	6	0
ASV2298	1	1	0	1	1	0	2	0	0	2	0	0	0	0	0	0	0	0	1	2	1	0	0	1	2	0	2	0	1	0	0	2	6	4	3	8	1	15	2
ASV2318	1	5	2	4	4	1	2	2	3	2	0	0	0	0	0	1	1	0	0	1	0	0	0	3	2	0	1	0	3	3	0	1	2	1	2	6	6	0	0
ASV2336	5	2	2	3	0	2	3	2	2	1	1	0	0	1	2	4	1	2	1	3	1	0	0	2	2	1	6	1	2	1	1	1	0	0	0	0	1	3	0
ASV2395	3	0	1	1	3	0	1	1	0	1	0	0	1	4	1	0	3	3	3	4	7	2	3	3	1	3	0	1	0	1	3	0	1	3	0	0	1	0	0
ASV2438	2	1	0	1	0	0	2	3	0	1	0	1	0	0	0	0	0	0	0	2	0	0	0	2	0	2	1	0	0	0	0	10	2	7	4	2	8	6	2
ASV2456	3	0	0	1	1	0	1	1	3	0	1	1	1	1	1	2	2	4	4	1	4	2	4	0	2	1	3	0	1	2	3	0	3	2	0	0	2	2	0
ASV2498	0	0	0	0	0	0	0	0	0	2	1	0	0	0	0	0	1	0	0	0	0	0	0	0	2	1	1	0	0	0	0	3	2	2	1	1	3	38	1
ASV2513	0	5	2	1	1	1	4	2	0	2	1	0	1	0	0	0	0	0	0	2	0	0	0	3	2	3	2	2	4	0	0	1	0	8	9	1	1	1	0
ASV2522	5	0	0	1	1	1	0	1	1	1	0	1	0	0	0	0	1	6	12	2	8	5	2	0	2	1	2	1	1	1	1	0	0	0	1	0	0	1	0
ASV2527	0	0	0	0	1	0	0	0	0	0	0	0	0	0	0	0	0	0	0	0	0	0	0	0	0	0	1	0	0	0	0	2	22	13	5	3	8	4	0
ASV2676	0	3	1	1	0	0	1	0	2	0	4	10	1	2	5	2	2	0	3	0	3	7	7	1	1	0	0	0	0	2	1	0	0	0	0	0	0	0	0
ASV2729	3	1	0	3	0	0	2	1	0	0	0	0	0	0	0	1	1	5	5	2	6	5	1	1	0	0	0	0	0	1	3	6	0	4	5	0	0	1	2
ASV2781	0	3	4	1	2	3	1	0	3	2	1	0	2	2	2	2	1	0	1	4	5	2	2	1	1	2	0	2	2	1	0	3	0	1	0	0	0	3	0
ASV2983	8	3	4	5	1	2	1	1	2	2	1	0	0	0	0	0	0	0	1	2	0	0	0	3	3	6	4	4	3	0	0	0	0	0	0	0	0	0	3
ASV3062	4	1	2	2	2	3	1	0	1	2	1	0	2	2	5	3	2	5	0	2	4	4	0	0	0	3	0	4	1	1	2	0	0	0	0	0	0	0	0
ASV3070	2	2	0	0	0	0	0	0	0	0	0	0	0	2	4	3	10	3	9	0	6	1	1	1	1	0	0	0	1	5	8	0	0	0	0	0	0	0	0
ASV3586	7	1	1	3	4	3	1	1	5	2	1	0	2	0	0	1	2	1	2	2	1	0	0	1	5	3	0	1	0	3	2	0	0	0	0	0	0	0	4
ASV3718	2	2	0	0	1	1	1	1	2	1	2	0	0	0	5	0	0	1	2	3	4	1	14	0	1	1	2	1	3	1	7	0	0	0	0	0	0	0	0
ASV3856	6	0	0	0	1	0	0	0	0	0	0	2	0	0	0	0	1	0	0	1	0	2	0	0	0	0	1	0	1	0	0	0	22	1	3	4	11	1	2
ASV4007	1	1	1	6	2	4	4	0	3	1	3	0	0	0	0	0	0	0	0	4	0	0	0	3	0	3	3	1	5	0	0	5	0	0	0	0	0	1	8
ASV4088	3	2	1	1	1	1	0	0	4	0	1	1	0	5	2	1	2	3	7	1	5	1	2	1	0	0	1	0	1	3	4	1	0	2	1	0	0	1	0
ASV4378	1	0	0	2	0	1	2	0	0	1	0	0	0	0	0	0	1	3	5	1	0	1	0	2	2	1	0	3	1	0	0	5	1	1	18	0	2	4	1
ASV4796	2	0	0	0	1	1	3	0	0	0	0	0	0	1	0	1	0	0	0	3	1	0	0	1	0	1	3	1	0	0	0	5	0	13	0	0	6	13	3
ASV5178	1	3	2	6	0	0	3	2	0	3	0	0	0	3	3	2	2	0	2	2	1	0	0	2	0	4	2	2	1	2	0	0	0	4	4	2	0	1	0
ASV1864	2	1	0	0	2	2	0	4	2	3	0	3	0	2	1	2	4	1	1	3	4	5	1	4	1	1	1	1	2	1	2	0	0	1	1	0	0	0	0
ASV1866	10	8	2	1	0	1	2	1	0	6	0	0	0	0	0	1	2	0	0	1	0	2	0	2	5	3	1	0	0	0	1	4	0	2	0	1	0	2	0
ASV1883	4	3	0	3	1	0	1	0	4	1	0	1	0	0	0	0	0	0	0	1	0	0	0	2	4	1	1	0	1	0	0	0	0	0	0	2	0	27	1
ASV1920	3	2	1	0	1	1	0	0	0	0	0	0	1	0	0	0	0	0	0	1	0	0	0	1	0	2	0	0	3	0	0	1	8	6	2	4	11	10	0
ASV1931	7	3	3	3	3	1	1	3	2	6	0	0	0	1	0	0	1	0	0	2	0	0	0	4	3	3	5	4	2	0	0	0	0	0	0	0	0	1	0
ASV2078	6	1	0	1	0	0	1	0	0	0	0	0	0	0	0	0	0	0	0	1	0	0	0	0	0	0	0	0	1	0	0	0	29	9	1	8	0	0	0
ASV2167	1	4	6	0	1	2	2	3	2	1	0	0	0	2	0	0	0	0	0	4	0	0	0	4	3	5	1	2	3	0	0	0	5	4	0	2	0	1	0
ASV2169	2	8	3	2	2	0	2	2	1	5	0	0	1	1	1	1	0	0	0	2	2	1	2	1	1	2	3	1	0	1	2	1	0	4	4	0	0	0	0
ASV2196	1	1	1	0	0	0	1	1	0	0	1	0	0	1	0	0	0	0	0	3	0	0	0	1	3	0	1	3	1	0	0	16	0	12	3	0	1	5	2
ASV2198	2	13	4	0	2	2	0	1	0	2	0	0	0	0	0	0	0	0	0	9	0	0	0	2	4	2	5	4	4	0	0	0	0	0	0	1	0	1	0
ASV2206	7	3	0	0	0	1	0	0	0	3	0	0	0	0	0	0	1	0	0	2	0	0	0	1	0	2	0	0	0	0	0	11	10	11	1	1	2	2	0
ASV2207	1	8	6	4	0	2	0	1	0	3	0	0	0	0	0	0	0	0	1	5	0	1	0	6	1	7	3	1	2	0	0	0	0	0	3	0	0	2	1
ASV2211	3	1	1	0	1	0	0	0	0	0	0	0	0	0	0	0	1	0	0	1	0	0	0	0	0	0	1	0	0	0	0	0	8	2	4	33	2	0	0
ASV2252	6	2	0	0	2	0	0	1	4	4	0	1	2	0	0	0	1	1	2	2	0	1	0	1	1	1	0	2	0	1	1	0	3	8	8	1	1	0	1
ASV2273	0	5	1	2	1	3	3	2	6	2	0	0	2	2	0	3	4	0	4	0	0	3	2	2	5	0	0	1	3	1	1	0	0	0	0	0	0	0	0
ASV2303	4	3	1	1	0	0	0	0	0	3	0	0	0	0	0	0	0	0	0	0	1	0	0	1	2	1	2	1	3	0	0	11	5	3	2	1	10	2	1
ASV2328	1	0	3	1	1	3	0	2	1	5	0	0	0	0	0	0	0	0	0	3	0	0	0	2	5	0	2	1	1	0	1	0	0	15	7	0	0	3	1
ASV2329	1	3	0	0	0	1	0	0	3	0	0	0	3	5	3	1	10	2	4	0	0	3	5	2	3	0	2	0	0	4	1	0	1	1	0	0	0	0	0
ASV2334	3	2	4	2	0	1	0	0	0	3	0	0	1	0	0	1	0	1	0	5	0	0	0	0	4	2	1	1	1	0	0	0	6	7	1	7	2	2	1
ASV2340	0	2	4	3	3	4	1	1	4	3	0	3	0	1	0	0	0	0	0	1	0	0	2	3	2	1	3	2	2	1	0	0	1	3	4	1	0	2	1
ASV2376	4	1	1	0	1	4	0	1	4	0	0	0	0	2	0	1	0	1	6	1	3	5	5	1	1	2	0	1	3	1	2	2	0	1	1	0	0	2	1
ASV2468	3	0	0	0	1	3	1	5	1	2	0	1	1	2	1	3	9	4	0	3	3	0	1	2	2	2	3	2	1	1	1	0	0	0	0	0	0	0	0
ASV2514	8	2	6	4	2	5	0	1	1	4	3	0	0	0	1	2	0	0	0	1	0	1	0	4	3	1	1	2	1	0	0	1	0	1	2	0	1	0	0
ASV2570	0	7	2	5	2	1	1	3	8	2	3	3	0	0	3	1	0	0	0	6	0	0	0	2	2	1	1	3	2	0	0	0	0	0	0	0	0	0	0
ASV2710	2	0	1	1	0	0	1	0	1	1	0	0	1	0	0	0	0	0	0	0	0	0	1	2	2	2	4	1	2	0	0	5	11	8	0	5	2	3	2
ASV2767	2	0	1	3	0	1	0	1	2	0	1	3	2	2	6	7	1	1	5	0	0	2	5	2	1	0	2	1	2	2	2	0	0	0	0	1	0	0	0
ASV2840	1	1	4	1	5	9	1	5	0	2	3	1	0	0	3	1	0	0	0	3	1	1	0	2	2	2	2	4	3	0	0	0	0	0	1	0	0	0	0
ASV2847	10	1	1	2	2	0	1	0	0	0	0	0	1	1	3	1	1	1	0	2	1	1	0	2	3	1	3	1	1	0	1	0	0	0	0	0	0	15	2
ASV2985	3	2	0	2	2	0	0	1	0	2	0	0	0	0	0	0	0	0	0	2	0	0	0	4	1	0	0	0	0	0	0	3	11	2	6	13	2	1	1
ASV3129	5	0	1	0	2	2	2	4	1	2	0	1	3	1	3	3	3	6	2	1	0	2	0	3	1	4	2	0	0	3	1	0	0	0	0	0	0	0	0
ASV3304	5	0	3	2	0	2	0	0	2	2	0	0	0	2	1	0	0	0	1	1	2	4	1	6	2	1	0	1	2	0	1	2	1	3	6	1	0	1	3
ASV3341	1	0	1	1	2	0	1	0	0	7	0	1	1	0	1	1	0	1	2	1	1	2	1	3	1	1	3	0	2	0	0	2	2	1	2	12	2	2	0
ASV3650	4	4	1	0	0	1	0	0	0	0	0	0	0	0	0	0	0	1	0	1	0	3	0	2	2	0	2	2	3	0	0	6	2	8	7	0	3	6	0
ASV4100	1	8	3	2	1	6	0	2	2	2	2	0	1	0	0	0	0	0	0	2	0	0	0	4	1	4	6	5	2	0	0	1	0	0	0	1	1	1	0
ASV4703	4	1	1	0	2	1	1	0	3	4	0	1	0	1	0	1	0	4	0	1	0	1	3	2	0	2	1	1	2	1	1	7	1	5	0	0	1	4	1
ASV5432	1	6	0	1	1	2	2	1	0	2	1	0	0	0	0	0	0	0	0	1	0	0	0	4	1	1	1	2	0	1	0	2	7	2	11	4	0	4	0
ASV1862	1	6	4	1	2	2	2	0	0	1	0	3	0	1	0	0	0	0	0	6	0	0	0	1	1	1	2	1	1	1	0	0	6	4	9	1	0	0	0
ASV1938	3	0	3	5	3	1	4	4	0	2	0	0	0	0	0	0	0	3	1	2	0	2	0	3	0	2	2	0	1	1	0	2	0	3	6	0	1	2	1
ASV1982	5	0	0	0	0	0	0	0	0	0	0	0	1	1	2	4	5	0	7	2	2	16	6	0	0	0	3	1	0	1	1	0	0	0	0	0	0	0	0
ASV2014	5	3	0	0	0	0	0	1	0	0	0	0	0	0	0	0	0	0	0	0	0	0	0	1	1	0	1	2	0	0	0	0	0	1	6	36	0	0	0
ASV2071	6	4	2	1	3	2	1	2	0	0	2	0	0	1	0	0	0	0	0	1	0	0	0	6	3	3	2	3	1	0	0	1	0	1	0	11	0	1	0
ASV2086	0	1	3	3	0	5	1	1	0	1	5	1	1	2	1	2	3	0	2	1	1	2	4	0	1	1	3	0	0	1	1	1	0	3	2	0	3	0	1
ASV2101	4	2	3	0	2	1	2	0	0	1	0	0	0	0	0	1	1	1	0	2	2	3	0	2	1	3	1	0	0	0	3	4	2	4	2	0	0	8	2
ASV2113	2	2	0	1	0	2	0	1	0	2	0	0	0	1	1	0	1	1	0	1	0	0	0	1	0	0	1	0	0	1	0	1	5	4	3	14	12	0	0
ASV2210	6	0	1	0	0	0	0	0	0	0	1	0	0	3	2	3	5	5	4	1	3	4	3	0	1	1	3	3	1	0	2	0	0	0	1	0	0	4	0
ASV2245	2	3	1	0	1	2	2	1	2	4	0	0	0	0	0	1	0	0	1	4	0	0	0	1	2	0	3	2	1	0	0	7	2	5	4	1	5	0	0
ASV2264	4	2	2	0	0	0	2	2	0	3	0	1	0	2	0	0	0	1	1	1	0	5	4	1	1	1	2	0	0	4	7	1	0	4	1	0	0	4	1
ASV2266	0	0	1	0	6	0	1	0	0	0	0	0	0	0	0	0	0	3	0	0	0	1	0	0	1	0	1	1	0	0	0	1	0	0	38	3	0	0	0
ASV2302	2	0	0	0	1	0	0	0	0	1	0	0	0	0	0	0	0	0	0	1	0	0	0	0	0	0	0	0	0	0	0	3	13	7	6	1	2	18	2
ASV2466	5	0	1	1	0	0	0	0	0	1	0	1	0	1	0	0	1	0	1	0	0	2	4	4	0	1	1	0	0	0	0	3	0	10	6	0	3	8	3
ASV2556	3	5	0	1	6	2	1	2	0	3	1	0	3	1	0	0	0	1	1	5	2	0	0	1	3	3	4	0	3	0	0	1	0	1	0	0	0	3	1
ASV2594	6	3	1	1	0	0	3	2	1	1	2	0	0	0	0	2	1	0	0	1	0	0	2	4	3	1	1	0	3	0	1	0	3	2	1	1	3	5	3
ASV2680	0	1	9	3	2	2	1	3	0	6	2	0	0	0	0	0	0	0	0	2	1	1	1	2	7	3	1	4	1	0	0	0	0	0	3	0	0	1	1
ASV2901	2	7	4	1	1	2	2	1	0	2	2	0	0	2	1	2	1	0	1	3	0	2	6	2	1	2	3	0	2	0	1	0	1	0	0	0	0	2	1
ASV2960	2	4	3	2	2	1	3	1	0	1	0	0	0	1	1	1	0	2	0	4	1	0	0	0	1	3	3	1	3	0	0	5	2	4	4	0	2	0	0
ASV3609	0	6	0	1	0	0	1	0	0	1	0	0	0	0	0	0	0	0	1	1	0	1	0	0	0	0	0	0	1	0	0	10	2	8	6	0	9	6	3
ASV4534	7	4	2	4	1	1	5	0	0	4	0	3	1	0	3	0	0	3	1	3	1	1	0	5	2	4	1	0	1	0	0	0	0	0	0	0	0	0	0
ASV5305	0	1	1	2	1	0	0	2	2	3	0	1	3	2	1	1	0	0	0	1	0	0	2	0	3	1	1	1	2	21	4	0	0	0	0	0	0	0	1
ASV1797	2	6	4	0	3	1	0	2	0	6	0	1	0	1	0	1	0	2	1	0	0	2	0	6	5	0	4	5	2	0	0	1	0	0	0	0	0	1	0
ASV1843	0	5	2	2	2	3	2	1	0	1	0	4	0	3	1	1	0	3	0	5	0	0	0	6	2	5	2	2	1	0	1	0	0	0	0	0	0	0	2
ASV1910	0	2	5	5	0	6	4	1	0	8	1	0	0	0	1	0	0	0	0	3	0	1	1	2	2	2	0	2	2	0	0	1	0	2	3	0	1	1	0
ASV1948	4	0	0	1	0	0	2	0	0	2	1	1	1	1	0	0	1	4	4	1	5	11	2	1	0	1	0	1	1	2	6	0	0	0	0	0	0	3	0
ASV1987	1	2	3	2	1	0	0	1	1	1	1	1	0	0	1	0	3	2	1	2	3	2	7	3	0	3	1	1	2	3	4	1	0	0	1	0	0	2	0
ASV2003	0	1	0	0	0	0	0	0	0	1	0	0	0	0	0	0	0	1	0	1	2	0	0	1	1	0	0	0	0	0	1	17	2	13	5	4	0	4	2
ASV2012	0	0	0	0	0	0	1	0	0	0	0	0	0	0	1	0	0	0	0	0	0	2	0	1	0	0	0	0	0	0	0	3	1	0	3	27	11	6	0
ASV2095	5	0	1	1	0	0	0	0	0	2	0	0	0	1	0	1	0	1	0	0	1	1	1	0	0	0	0	1	3	1	0	1	0	0	0	0	0	34	1
ASV2105	0	0	1	0	2	1	0	0	0	1	0	0	0	0	0	0	0	1	0	0	0	0	0	0	0	0	1	1	1	1	0	20	2	13	0	0	3	6	2
ASV2119	4	5	3	0	0	2	2	0	0	1	0	0	0	0	2	0	0	1	0	5	0	0	0	4	3	3	2	0	3	0	0	0	2	0	3	11	0	0	0
ASV2133	4	6	1	3	5	6	1	2	0	4	0	0	0	0	0	0	0	0	0	3	0	0	0	3	0	2	6	7	2	0	0	0	0	0	0	1	0	0	0
ASV2257	4	3	2	1	2	2	0	4	4	0	1	0	0	0	0	2	0	2	1	1	0	0	0	4	2	0	3	3	4	1	0	1	0	1	3	0	5	0	0
ASV2262	3	1	0	1	0	2	0	1	0	1	0	0	0	0	0	0	0	0	0	0	0	1	0	0	1	0	1	0	0	0	0	0	3	1	2	4	0	31	3
ASV2335	2	6	0	1	3	0	0	0	0	2	1	0	1	0	1	3	1	3	2	2	3	2	2	4	1	1	0	1	0	3	2	0	0	6	0	0	1	0	2
ASV2389	0	0	1	1	1	3	1	2	1	1	1	1	1	1	0	1	1	1	0	1	1	1	2	1	1	2	1	1	0	0	0	1	0	18	4	3	0	0	1
ASV2445	8	9	3	2	2	2	1	0	0	2	0	0	0	0	0	0	0	0	0	2	0	0	0	3	2	4	2	1	1	0	0	6	2	3	1	0	0	0	0
ASV2492	1	0	1	0	0	0	0	0	0	0	0	0	1	1	0	0	0	0	0	0	0	0	0	0	0	0	0	0	1	0	1	12	6	22	4	1	3	2	0
ASV2574	6	1	1	1	2	0	0	0	1	0	0	0	0	0	0	0	0	0	0	0	0	0	0	1	1	0	0	1	0	0	0	8	11	10	2	5	2	3	0
ASV2591	1	3	1	3	2	1	0	3	1	1	1	1	2	3	2	5	3	1	3	2	1	3	0	2	1	4	1	2	0	2	0	0	0	1	0	0	0	0	0
ASV2630	5	0	2	8	3	4	2	1	2	3	3	1	0	0	0	0	0	0	0	5	0	0	0	7	1	2	5	1	1	0	0	0	0	0	0	0	0	0	0
ASV2712	5	0	2	0	1	0	0	1	1	1	0	2	0	0	0	0	0	0	0	0	1	0	1	0	0	0	2	3	0	0	0	4	1	3	5	0	3	16	4
ASV2763	0	1	6	2	2	2	0	1	7	0	0	2	1	6	2	2	1	0	1	0	4	3	0	0	0	1	1	2	3	3	2	0	0	0	1	0	0	0	0
ASV2921	4	7	2	2	2	1	2	0	2	2	0	0	0	1	0	0	0	0	0	5	0	0	0	5	2	6	3	1	2	0	0	0	2	3	0	0	0	2	0
ASV2925	3	1	1	1	0	3	0	0	0	0	0	1	0	0	0	0	0	1	0	0	0	0	1	0	2	3	1	1	2	0	0	8	8	7	4	0	4	4	0
ASV3069	2	3	4	1	0	1	4	0	3	0	0	1	0	0	1	1	0	3	0	3	1	0	0	1	3	4	2	0	0	0	0	1	1	1	2	0	7	0	6
ASV3090	6	1	1	1	1	0	3	0	0	2	0	0	0	0	0	0	1	0	0	3	0	0	0	0	2	2	0	0	0	0	0	0	0	2	0	0	1	27	3
ASV3154	2	4	1	3	0	1	0	2	0	3	0	0	0	1	1	2	0	0	3	1	2	2	1	3	1	1	3	2	1	0	5	1	0	1	2	0	1	4	2
ASV3157	1	3	2	2	1	0	0	1	0	4	0	0	0	0	1	0	0	0	0	2	0	0	1	1	0	1	0	0	1	0	0	3	5	13	3	6	1	4	0
ASV3229	0	2	1	0	1	0	0	0	0	0	0	0	1	1	1	0	0	0	0	2	0	0	0	0	0	0	1	0	2	0	0	4	8	9	5	13	0	3	2
ASV3546	4	3	1	2	4	3	2	0	4	0	0	0	0	0	5	3	0	1	1	2	0	2	0	1	1	2	0	0	0	4	10	0	0	0	0	0	0	0	1
ASV4003	2	0	0	0	2	0	1	4	1	1	0	1	3	3	3	3	2	1	1	1	6	4	0	0	1	1	1	1	0	4	3	0	0	1	0	2	1	1	1
ASV5095	3	2	3	5	0	2	1	2	3	2	0	0	2	0	0	0	0	0	1	0	1	0	0	1	4	3	2	1	4	0	2	1	0	7	2	0	0	1	1
ASV5598	1	3	2	1	0	1	1	2	0	3	0	0	1	0	0	0	0	2	1	4	0	0	1	8	2	2	1	0	1	0	1	2	8	1	1	4	1	0	1
ASV1753	2	1	2	5	2	1	2	6	8	0	1	5	0	1	0	0	0	0	0	4	2	1	0	1	2	5	0	1	1	0	0	0	0	2	0	0	0	0	0
ASV1829	2	1	2	2	1	2	1	2	1	6	1	0	0	0	0	0	0	0	0	3	0	0	0	1	1	2	2	1	1	0	1	2	1	3	2	4	5	4	1
ASV1890	11	9	8	0	0	3	0	0	0	0	0	0	0	0	0	0	1	0	0	5	0	0	0	2	2	3	3	2	2	0	0	0	1	1	0	0	1	1	0
ASV1893	0	1	1	0	0	1	0	0	0	0	1	3	1	6	5	5	4	5	3	1	3	3	5	0	0	1	1	1	1	0	2	0	0	0	0	0	0	0	1
ASV1901	0	0	2	1	1	1	0	0	2	2	0	0	2	1	3	3	3	3	3	1	5	8	1	0	0	1	3	1	2	2	3	0	0	0	0	0	0	0	1
ASV2061	1	4	4	0	2	1	1	0	1	3	0	1	0	0	0	0	1	0	0	2	0	0	0	1	4	5	1	2	2	0	0	2	0	6	1	0	1	7	2
ASV2072	2	4	3	0	2	5	2	1	1	2	0	1	0	0	1	2	0	0	0	4	1	5	0	1	4	4	2	1	5	0	1	0	0	0	0	0	0	0	1
ASV2074	4	5	2	3	1	0	0	2	1	3	0	0	1	0	5	0	1	1	2	4	4	1	0	2	1	3	2	2	1	0	1	0	0	0	1	0	0	2	0
ASV2083	0	1	0	1	1	1	0	0	0	0	1	0	0	0	0	0	0	0	0	4	0	0	0	2	2	1	1	1	1	0	0	2	7	17	7	5	0	0	0
ASV2125	2	1	1	0	1	0	1	0	0	2	0	0	0	0	0	0	1	1	0	2	0	1	0	1	0	0	0	0	0	0	1	13	7	7	2	6	0	4	1
ASV2129	0	1	0	1	1	2	0	4	1	4	1	1	0	0	0	0	0	0	0	0	0	0	0	0	0	0	0	1	0	0	0	2	0	27	9	0	0	0	0
ASV2148	1	2	1	0	2	0	1	0	3	5	1	0	0	1	0	0	1	0	0	3	0	0	0	1	1	1	2	2	0	0	0	5	6	5	5	6	0	0	0
ASV2184	10	1	0	1	2	1	0	1	1	0	0	1	2	1	0	1	4	2	0	1	1	1	4	1	2	2	2	1	1	0	2	0	0	5	2	0	1	0	1
ASV2205	9	3	2	1	0	2	0	2	2	1	0	0	0	0	0	0	0	2	0	3	0	1	7	2	0	2	1	1	2	1	1	0	0	0	1	1	0	7	1
ASV2247	10	2	3	1	1	1	3	0	1	7	2	0	0	0	1	0	0	1	0	4	1	0	1	3	4	1	0	0	3	0	1	3	0	0	0	0	0	0	1
ASV2258	12	1	3	2	0	0	2	1	3	2	3	1	1	2	0	2	3	1	1	0	1	3	2	3	0	2	0	0	0	1	3	0	0	0	0	0	0	0	0
ASV2348	0	3	1	0	0	3	0	2	0	0	1	0	0	0	0	0	0	1	0	2	1	0	1	1	1	1	2	1	4	0	0	0	6	8	1	11	0	4	0
ASV2407	0	1	1	0	0	0	0	0	0	0	0	0	0	1	0	0	4	1	1	1	1	0	0	1	2	1	0	1	0	1	0	2	28	0	2	5	0	1	0
ASV2510	3	3	1	3	3	1	2	2	0	4	2	1	2	0	2	1	1	0	1	4	0	0	0	4	7	4	1	1	1	0	0	0	0	0	0	0	0	1	0
ASV2571	2	4	3	1	4	1	2	0	0	2	1	1	0	1	0	1	0	0	1	3	2	1	1	4	5	2	1	0	2	0	1	0	5	0	0	4	0	0	0
ASV2627	7	6	3	5	0	1	0	3	0	1	0	2	0	0	0	0	0	0	0	3	0	0	0	2	2	5	11	1	1	0	0	0	1	0	0	0	1	0	0
ASV2690	0	1	1	0	1	0	0	0	0	0	0	0	0	0	0	0	0	0	1	2	0	0	0	0	0	1	0	0	1	0	0	14	7	14	9	0	3	0	0
ASV2769	3	2	1	0	0	1	2	0	1	6	0	0	0	0	0	0	0	0	0	2	0	0	1	3	5	4	2	1	4	1	0	4	2	0	2	5	1	2	0
ASV2922	12	2	1	2	0	2	3	0	0	4	0	3	0	0	0	0	1	0	0	2	0	0	1	1	4	2	2	1	3	0	0	0	0	0	0	0	0	0	9
ASV3054	2	9	2	3	1	2	4	5	1	1	1	0	1	0	0	0	0	0	0	6	1	0	1	3	2	2	4	0	1	0	0	1	0	1	1	0	0	0	0
ASV3110	3	5	3	0	1	1	0	3	1	10	1	0	0	0	0	0	0	0	0	3	0	0	1	2	0	3	3	3	4	0	1	0	4	0	1	0	0	2	0
ASV3198	2	3	2	1	0	1	1	1	2	3	1	1	1	0	0	3	0	0	1	1	1	1	1	4	2	2	1	2	2	1	0	0	0	6	3	0	0	3	2
ASV3467	7	2	4	0	0	2	2	0	0	1	0	0	0	0	0	0	0	0	0	2	0	0	2	2	3	10	2	0	0	0	0	3	2	0	1	3	0	4	3
ASV3491	3	1	1	2	0	0	1	0	1	0	1	0	3	2	2	3	1	3	1	9	2	0	8	0	1	1	1	1	1	2	2	0	0	0	1	0	0	0	1
ASV4114	1	1	1	2	0	5	1	0	2	3	2	0	0	1	0	2	1	0	1	2	0	1	0	3	5	5	4	4	0	3	0	1	0	2	0	0	0	1	1
ASV1787	0	0	0	0	0	0	0	0	0	0	0	0	0	0	0	0	0	0	0	0	0	0	0	0	0	1	0	0	0	0	0	0	32	3	6	12	0	0	0
ASV1819	5	4	4	0	0	4	0	1	3	2	1	0	0	0	0	0	0	1	0	3	1	0	1	2	0	3	3	7	4	4	0	0	0	0	0	0	1	0	0
ASV1854	0	8	2	5	2	4	1	3	2	5	0	0	0	0	0	0	0	0	0	5	0	0	0	3	2	4	3	1	4	0	0	0	0	0	0	0	0	0	0
ASV1900	4	1	0	0	0	0	0	0	0	0	1	0	0	0	0	0	1	1	0	1	0	1	0	0	0	0	0	0	0	0	0	14	3	17	3	3	3	0	1
ASV1944	6	1	1	2	3	0	0	0	0	0	0	0	0	0	0	0	0	0	0	0	0	0	0	1	0	0	0	0	0	0	0	0	26	2	2	10	0	0	0
ASV1967	0	0	0	0	0	0	0	0	0	0	0	0	0	0	0	0	0	0	0	0	0	0	0	0	0	0	0	0	0	0	0	35	2	7	5	0	5	0	0
ASV1999	5	0	3	0	0	0	3	1	0	4	0	0	0	0	1	7	4	7	4	0	1	3	0	4	1	3	0	0	1	1	1	0	0	0	0	0	0	0	0
ASV2120	1	1	0	0	0	0	0	1	0	1	0	0	0	0	0	0	0	0	0	0	0	0	0	0	0	0	0	0	0	1	0	2	7	10	6	24	0	0	0
ASV2168	13	3	1	0	3	0	1	2	0	0	1	0	0	1	0	0	0	0	0	1	0	0	0	0	1	3	1	0	0	0	0	0	0	0	0	0	2	21	0
ASV2190	7	4	3	3	0	2	1	1	1	2	0	2	0	1	0	0	2	0	0	3	0	1	4	2	1	3	1	0	2	0	0	1	0	3	0	2	0	2	0
ASV2194	3	0	1	4	1	1	3	0	0	0	0	0	0	0	0	0	0	0	0	1	0	0	0	0	2	3	2	1	0	0	0	0	0	0	1	31	0	0	0
ASV2234	3	0	5	1	2	1	0	2	1	1	0	0	0	0	2	1	0	0	0	7	2	1	0	4	3	2	1	2	0	1	1	0	0	1	1	0	0	2	7
ASV2246	0	1	0	0	2	1	1	1	0	2	0	0	1	4	3	2	1	4	3	4	7	3	4	1	0	0	0	0	0	1	1	0	0	0	0	0	0	2	5
ASV2249	6	1	0	6	3	3	1	5	0	2	0	0	0	0	0	0	0	0	0	3	0	0	1	2	1	0	3	2	1	0	0	5	1	0	3	0	0	5	0
ASV2373	0	0	0	0	0	0	0	0	0	0	0	0	0	0	1	7	3	9	19	0	1	3	6	0	0	0	0	0	0	5	0	0	0	0	0	0	0	0	0
ASV2401	4	3	0	1	0	1	0	0	2	1	1	0	0	0	0	0	0	0	1	2	1	0	0	1	1	1	1	0	1	0	0	8	8	2	5	1	1	7	0
ASV2421	10	5	0	2	1	2	1	0	0	4	0	0	0	0	1	0	0	1	0	8	1	1	2	5	3	5	1	0	1	0	0	0	0	0	0	0	0	0	0
ASV2488	1	1	2	0	0	0	1	0	0	0	1	0	0	0	0	0	1	1	0	0	1	2	1	3	0	3	1	1	0	0	1	4	0	4	3	1	7	11	3
ASV2528	0	5	1	2	1	4	1	0	2	0	0	0	1	1	0	0	0	0	2	1	0	0	1	2	4	0	2	3	1	0	1	0	0	0	1	18	0	0	0
ASV2611	11	7	2	2	0	1	2	1	0	4	0	0	0	1	0	0	0	0	0	4	0	0	0	2	6	5	0	0	2	0	0	0	2	2	0	0	0	0	0
ASV2707	0	0	1	0	0	0	0	0	0	0	1	0	0	2	0	0	0	0	0	0	0	0	0	0	1	0	2	0	0	0	0	5	6	24	3	2	1	2	4
ASV2713	1	0	0	0	0	1	0	0	3	0	1	0	0	0	0	0	0	0	0	0	1	0	0	0	0	0	0	1	0	0	1	0	0	1	2	0	1	8	33
ASV2848	4	1	5	1	2	3	2	1	0	2	0	0	0	1	0	1	0	1	1	3	0	0	0	3	2	3	3	2	1	0	1	2	2	1	0	0	4	1	1
ASV2866	1	0	0	0	0	0	0	0	0	0	0	0	0	0	0	0	0	0	0	1	0	0	0	0	1	1	0	0	0	0	0	3	0	1	0	0	25	21	0
ASV2886	0	3	3	1	0	4	2	2	0	1	0	1	0	0	0	1	0	0	0	0	0	0	0	4	1	1	3	1	2	0	0	3	3	5	6	5	2	0	0
ASV2918	9	3	5	4	1	1	0	0	0	3	1	0	0	0	0	0	0	0	0	4	0	0	0	6	4	3	3	1	2	0	0	1	0	2	0	0	0	0	1
ASV2939	3	3	3	7	2	0	2	1	2	2	0	1	0	0	0	1	0	0	2	0	0	0	1	7	1	3	1	0	0	0	0	2	0	1	0	0	1	5	3
ASV3036	9	6	3	3	2	4	0	0	0	4	0	0	0	0	0	0	0	0	0	3	0	0	1	4	2	4	4	2	2	0	0	0	0	0	0	0	0	1	0
ASV3122	2	3	2	2	2	0	1	1	6	0	6	1	3	7	3	1	0	2	0	0	2	0	1	0	1	1	1	2	0	0	1	1	0	0	1	0	0	0	1
ASV3164	3	4	3	5	4	0	2	0	4	5	1	0	0	0	0	1	0	0	1	2	0	0	0	1	2	1	3	2	3	0	0	1	0	0	6	0	0	0	0
ASV3248	13	5	0	2	0	1	1	0	0	1	1	0	0	0	1	0	0	0	0	2	0	0	0	3	2	1	1	0	0	0	0	1	7	1	1	0	1	9	0
ASV3252	6	4	4	1	1	2	0	0	0	2	0	0	0	2	0	3	1	1	0	3	0	0	1	4	2	3	3	3	2	2	2	0	0	0	0	0	0	0	2
ASV3531	0	1	4	1	0	3	2	0	1	1	0	1	1	0	0	0	0	0	0	1	0	0	0	3	2	4	1	1	1	0	1	2	6	7	2	0	7	0	1
ASV3567	0	1	1	2	1	1	0	1	0	1	0	1	1	0	1	0	1	0	2	1	0	2	1	3	2	2	3	3	2	2	0	3	2	0	3	1	5	3	2
ASV3683	1	1	0	1	1	1	1	1	3	2	2	2	15	0	0	2	0	1	7	1	1	0	4	1	0	0	0	0	1	0	1	0	0	0	1	2	1	0	0
ASV3888	1	0	1	0	1	0	1	3	1	2	0	1	2	1	2	0	1	5	1	4	1	2	0	0	3	0	2	1	0	0	2	3	0	4	1	0	0	3	5
ASV3903	1	0	2	0	0	0	1	0	0	1	0	1	0	1	2	7	5	5	5	2	1	5	3	0	1	0	1	0	0	0	10	0	0	0	0	0	0	0	0
ASV3977	3	3	0	0	2	1	0	1	1	5	0	1	0	0	0	0	0	0	0	4	0	0	0	0	0	3	0	2	0	0	0	1	10	2	6	5	1	3	0
ASV4150	2	3	1	1	2	2	5	0	3	0	3	2	4	2	1	0	1	0	0	3	0	1	0	2	2	1	1	1	5	4	0	0	0	0	0	0	0	0	2
ASV4555	1	0	1	0	0	0	0	0	0	0	0	1	5	8	6	1	2	0	1	1	3	0	0	0	0	0	0	1	0	9	7	0	0	1	1	2	0	2	1
ASV4745	0	0	0	1	0	1	0	0	1	0	0	1	0	0	0	0	0	0	0	0	0	0	0	0	0	0	0	0	1	0	0	0	0	0	0	0	0	0	49
ASV4768	2	3	3	2	1	2	1	2	0	0	0	0	0	0	0	1	0	1	0	4	1	1	2	2	0	2	1	2	1	0	0	1	2	7	3	4	1	1	1
ASV4975	2	0	0	1	2	0	2	1	0	2	0	0	0	0	0	0	0	0	0	2	0	1	1	2	0	1	1	1	1	0	0	9	4	5	8	2	3	3	0
ASV5059	3	1	5	3	4	4	2	6	1	6	0	1	0	0	0	0	0	0	0	3	0	1	0	2	1	0	3	1	1	0	0	0	0	3	0	1	0	2	0
ASV5295	1	3	1	1	3	5	1	2	0	3	1	3	1	0	0	0	0	1	0	2	0	0	0	3	1	3	4	4	1	0	1	1	1	0	2	1	2	0	2
ASV5648	3	5	3	2	4	1	1	2	0	2	1	0	0	1	2	0	1	0	1	0	1	1	0	0	4	0	5	2	3	0	0	1	0	2	0	0	0	6	0
ASV1841	2	3	2	3	2	3	1	3	0	0	1	4	0	2	0	0	3	0	0	3	2	2	6	2	0	1	3	4	1	0	0	0	0	0	0	0	0	0	0
ASV1860	3	1	1	0	0	0	0	0	0	0	0	0	0	0	0	0	0	0	0	0	0	0	0	0	0	0	0	0	0	0	0	0	0	0	4	44	0	0	0
ASV1882	0	0	0	1	3	0	2	2	5	0	1	1	3	2	3	5	1	3	4	1	1	1	3	0	1	0	0	1	2	2	0	0	0	3	2	0	0	0	0
ASV1921	1	2	2	1	0	0	1	0	2	6	1	1	1	0	2	2	1	0	4	3	0	1	5	4	3	4	1	0	1	0	1	0	0	0	0	0	0	3	0
ASV2001	4	1	3	0	3	0	1	0	2	2	1	1	4	2	1	0	3	1	1	6	1	2	5	3	1	1	1	1	1	0	0	0	0	0	0	0	0	1	0
ASV2022	5	0	1	1	1	0	3	3	1	3	1	1	0	0	0	2	0	3	2	1	3	3	7	1	0	1	0	1	1	4	1	1	1	1	0	0	0	0	0
ASV2068	7	1	1	1	1	3	1	1	1	3	0	0	1	0	0	0	0	0	0	2	0	0	0	0	2	0	1	1	1	0	0	0	17	1	3	0	0	1	3
ASV2090	0	0	0	0	1	0	0	0	0	0	0	0	1	0	0	1	0	0	0	0	0	0	0	1	0	0	0	0	0	0	0	1	0	12	8	0	28	0	0
ASV2110	0	3	0	2	0	0	2	0	0	0	0	0	1	0	0	0	1	1	1	0	1	4	1	0	0	2	0	0	1	7	12	0	5	2	2	0	0	5	0
ASV2172	11	2	0	1	1	0	0	0	0	2	0	0	1	3	3	2	2	4	3	2	1	2	2	2	1	2	0	1	2	2	0	0	0	0	0	0	0	1	0
ASV2186	0	2	3	0	1	4	2	1	1	4	0	0	0	0	1	0	0	0	0	3	0	0	0	3	1	5	4	5	1	0	0	0	4	3	2	3	0	0	0
ASV2199	6	0	0	1	0	0	2	0	0	1	1	0	0	0	0	1	0	1	0	1	0	1	0	4	1	1	2	0	1	0	1	1	0	3	2	0	0	17	5
ASV2238	3	1	0	0	2	1	3	1	7	2	3	0	0	1	3	0	0	0	1	2	0	0	0	0	1	2	0	4	2	1	0	6	0	4	2	1	0	0	0
ASV2253	1	0	0	1	1	0	3	0	2	2	0	0	0	1	1	0	0	2	0	3	3	0	3	0	0	3	3	3	2	0	0	4	0	9	2	0	0	0	4
ASV2279	2	1	0	0	2	0	0	0	0	0	0	0	0	0	0	0	0	0	1	0	0	0	0	1	0	0	1	0	1	0	0	0	4	3	21	16	0	0	0
ASV2324	0	2	0	1	0	1	1	1	0	2	2	1	1	3	1	0	0	0	0	10	1	0	0	0	0	2	0	0	1	2	0	0	0	0	0	0	0	0	21
ASV2342	13	4	2	2	2	0	1	0	0	2	0	0	0	0	0	0	0	0	0	3	1	0	0	3	2	4	2	2	1	0	0	0	0	1	1	7	0	0	0
ASV2346	3	2	0	3	2	1	2	0	1	1	2	1	0	0	0	2	2	5	2	0	8	4	5	0	0	0	1	0	0	4	2	0	0	0	0	0	0	0	0
ASV2375	6	0	0	0	0	0	0	0	0	1	0	0	1	0	1	1	0	0	0	0	0	0	1	0	2	0	0	0	0	0	0	6	9	4	2	7	5	6	1
ASV2398	2	0	0	1	1	0	1	1	0	0	0	0	0	0	0	0	0	0	0	1	0	0	0	0	1	1	0	1	0	0	0	14	1	8	4	0	2	13	1
ASV2469	1	3	2	1	1	1	0	1	0	2	1	1	0	0	0	0	1	1	0	2	0	0	2	1	3	6	5	4	6	0	0	1	0	3	2	0	0	0	2
ASV2562	1	3	3	2	2	3	6	3	3	2	0	1	0	2	0	1	0	0	1	1	2	1	1	0	0	1	1	3	3	0	2	0	0	2	2	0	1	0	0
ASV2625	4	3	6	2	1	3	0	1	0	1	1	0	0	0	0	0	0	0	0	2	1	1	0	1	2	13	1	2	2	1	1	1	0	1	0	1	0	1	0
ASV2655	2	0	1	2	3	2	1	3	3	0	0	3	4	0	0	1	2	2	3	1	1	2	4	0	1	0	2	2	1	0	0	0	0	2	1	0	0	0	4
ASV2714	5	2	2	2	1	0	1	2	0	1	0	0	0	0	0	0	0	1	0	4	0	0	1	5	6	3	1	1	2	0	0	0	9	2	2	0	0	0	0
ASV2928	0	2	0	0	3	1	0	1	1	1	2	3	4	4	1	2	1	3	3	1	4	2	2	0	0	1	2	2	0	1	1	0	1	1	0	0	0	0	3
ASV3144	0	0	1	1	0	1	0	0	0	1	1	0	0	0	0	1	0	0	0	1	0	0	0	1	1	1	1	0	0	0	0	5	5	15	6	2	4	4	1
ASV3161	2	3	1	0	1	1	0	1	4	1	2	1	2	0	2	11	3	5	3	2	1	1	1	0	1	2	1	0	0	1	0	0	0	0	0	0	0	0	0
ASV3177	1	4	3	2	2	3	0	0	0	3	3	1	0	0	0	0	4	0	0	3	1	0	3	1	3	1	2	1	2	0	0	1	2	1	1	1	1	0	3
ASV3289	0	0	2	3	1	2	2	1	1	1	2	5	0	0	3	1	2	1	2	1	3	1	0	0	4	3	0	2	1	2	7	0	0	0	0	0	0	0	0
ASV3330	0	1	1	5	1	3	0	2	1	3	1	2	0	3	2	0	0	2	2	1	1	0	3	2	0	0	0	5	2	1	2	0	0	1	4	0	1	1	0
ASV3425	1	0	1	3	3	1	1	0	3	3	0	1	0	0	5	4	1	1	2	2	1	0	0	1	0	4	1	0	2	5	1	0	1	2	1	0	1	1	0
ASV4754	1	2	2	0	0	0	0	1	0	2	0	0	0	0	1	0	0	0	0	0	0	0	0	3	0	1	1	1	0	0	0	1	6	6	3	9	0	10	3
ASV4848	3	7	2	3	0	1	1	2	0	5	1	0	0	1	0	0	0	0	0	2	1	0	0	4	3	2	2	2	3	0	0	0	0	1	0	7	0	0	0
ASV4896	6	1	0	1	0	2	1	0	0	0	0	0	0	1	0	0	0	1	1	1	0	0	0	0	2	3	0	1	0	0	0	11	7	4	2	1	1	5	1
ASV5106	0	0	0	0	2	2	0	0	0	1	0	0	0	0	0	1	1	1	1	0	0	0	2	3	0	1	3	0	0	0	0	10	5	2	2	1	13	2	0
ASV1847	0	0	2	0	0	0	1	3	0	2	0	0	0	0	0	0	1	3	2	4	0	0	0	1	1	0	1	0	2	0	1	4	4	4	2	1	2	11	0
ASV1905	3	1	0	0	0	0	0	0	0	0	0	0	0	0	0	1	7	0	11	0	3	11	0	0	0	0	0	0	0	4	11	0	0	0	0	0	0	0	0
ASV2009	2	1	1	5	1	2	3	3	0	0	4	5	1	0	0	0	0	0	1	3	0	0	1	1	0	2	3	1	4	0	0	0	0	0	0	0	8	0	0
ASV2018	7	2	0	1	0	2	1	0	2	2	0	0	0	0	0	0	3	1	2	0	3	3	4	0	2	1	4	1	0	0	3	2	0	1	3	0	0	2	0
ASV2099	0	0	0	0	0	0	0	0	0	1	0	0	0	0	0	0	0	0	0	0	0	0	0	0	0	0	2	0	0	0	0	15	17	8	5	3	0	1	0
ASV2143	4	4	0	1	3	3	2	2	0	2	1	0	0	0	1	0	1	0	0	4	0	0	0	2	1	2	3	3	3	0	0	2	1	3	0	3	0	1	0
ASV2203	1	2	1	1	1	3	0	0	0	2	1	0	0	0	0	0	0	0	1	3	0	0	0	1	2	0	1	0	0	0	0	4	1	2	1	4	2	17	1
ASV2222	1	1	2	2	0	1	0	0	0	2	0	1	0	0	2	1	2	2	3	1	6	5	4	0	0	2	0	0	0	5	9	0	0	0	0	0	0	0	0
ASV2237	11	5	1	0	1	1	3	1	1	5	0	0	0	0	0	0	0	0	0	5	0	1	0	1	0	2	3	2	1	0	0	1	0	0	0	0	0	6	1
ASV2289	0	0	0	1	0	1	0	0	0	0	0	0	0	0	0	0	0	0	0	0	0	0	0	0	1	0	0	0	1	0	0	1	0	1	1	39	0	6	0
ASV2294	0	1	0	0	0	0	1	0	0	0	2	0	0	3	1	9	8	11	5	1	0	3	2	0	1	0	0	1	0	1	2	0	0	0	0	0	0	0	0
ASV2358	1	0	2	0	0	0	0	0	0	1	0	0	0	0	0	0	0	0	0	0	0	0	1	0	0	1	0	1	0	0	0	2	1	6	2	0	1	27	6
ASV2380	2	0	4	0	1	4	0	3	0	1	1	1	3	0	2	7	2	0	3	0	0	2	1	1	2	2	0	1	1	1	6	0	0	0	0	0	0	0	1
ASV2396	2	1	3	3	2	1	1	1	0	9	0	2	1	0	0	1	0	0	1	2	1	0	1	4	2	0	7	3	2	0	0	0	0	0	0	0	0	1	1
ASV2405	4	1	4	1	1	1	4	1	0	0	0	0	0	0	0	0	0	0	0	3	0	0	0	4	1	1	3	1	1	0	0	0	10	1	4	6	0	0	0
ASV2487	2	1	3	3	1	3	2	0	1	1	1	3	1	3	5	1	1	0	3	2	2	2	0	2	0	3	3	1	0	1	0	1	0	0	0	0	0	0	0
ASV2490	1	1	1	0	1	0	0	0	2	4	0	0	0	0	1	0	0	0	0	5	0	0	1	3	2	4	5	0	0	0	0	2	0	1	1	1	3	11	2
ASV2505	0	1	3	2	3	1	1	1	0	1	0	0	0	0	0	0	0	0	0	3	0	0	0	6	0	3	5	4	1	0	0	1	0	2	5	0	5	4	0
ASV2540	3	0	1	1	0	3	1	0	3	1	1	1	0	0	1	0	2	1	0	2	0	1	1	0	1	0	1	0	1	0	0	5	0	2	0	0	1	17	1
ASV2620	1	2	2	1	1	1	1	2	0	1	0	0	0	1	2	1	0	1	1	2	1	1	1	0	1	4	1	0	0	1	1	1	7	5	2	5	0	1	0
ASV2633	4	3	1	0	1	0	1	0	1	1	0	0	0	0	0	0	0	0	0	1	0	1	0	1	0	1	0	1	1	0	0	7	4	4	0	0	5	10	4
ASV2739	5	5	5	0	1	3	3	0	1	7	0	0	0	0	0	0	0	0	0	3	0	0	1	1	4	5	3	2	3	0	0	0	0	0	0	0	0	0	0
ASV2789	1	1	6	4	5	1	0	2	0	0	7	1	0	0	0	0	1	0	1	0	0	0	0	3	2	8	3	3	2	1	0	0	0	0	0	0	0	0	0
ASV3002	1	6	3	5	0	3	1	3	2	2	0	0	0	0	0	0	0	0	0	3	0	0	0	0	4	3	2	2	2	0	0	0	1	3	3	0	1	2	0
ASV3035	13	4	2	0	0	0	1	0	0	2	0	0	0	0	0	2	1	1	0	1	3	2	2	3	0	1	1	0	2	1	0	3	0	2	5	0	0	0	0
ASV3059	6	0	2	0	1	0	1	0	3	0	0	2	2	1	4	0	2	1	4	2	1	4	4	0	2	0	1	0	0	4	3	0	0	0	0	0	2	0	0
ASV3109	0	0	0	1	0	0	0	0	0	0	0	0	0	0	0	0	0	0	1	1	0	0	0	0	1	1	1	0	1	0	1	12	1	8	2	1	14	4	2
ASV3116	0	3	3	1	2	2	1	1	0	0	0	0	0	1	0	0	0	0	0	3	0	0	0	2	0	1	0	0	1	0	0	13	0	3	4	0	4	5	2
ASV3180	2	5	5	4	4	1	3	1	4	4	0	1	0	0	0	1	0	0	0	1	0	0	0	0	0	3	7	5	0	0	0	0	0	0	0	0	0	0	1
ASV3301	1	4	2	1	0	2	0	0	2	0	0	0	1	0	0	0	1	0	0	1	0	1	0	2	1	1	4	0	0	0	1	2	0	8	9	3	2	1	2
ASV3551	0	0	2	1	1	3	1	0	0	1	0	0	1	0	0	0	0	0	1	1	0	2	0	1	3	2	2	0	0	0	1	1	0	0	1	0	4	20	3
ASV3804	3	1	1	0	1	0	2	0	0	1	0	1	0	1	2	1	2	1	1	3	0	3	1	0	1	0	0	1	2	0	0	2	3	2	0	4	4	7	1
ASV4137	0	0	1	1	1	1	1	2	1	0	0	0	1	1	1	1	3	2	5	1	1	0	2	0	1	0	2	0	2	4	7	2	0	2	0	2	3	1	0
ASV4274	0	0	0	3	0	0	1	2	1	1	0	0	0	0	0	1	0	0	0	2	0	0	0	0	1	2	0	1	2	0	0	1	8	9	4	2	1	10	0
ASV4462	4	8	2	3	1	0	3	2	2	5	0	0	0	0	0	0	0	0	0	2	0	1	3	3	1	2	1	0	0	1	0	1	0	1	2	2	0	2	0
ASV4698	0	1	3	0	0	0	0	0	0	3	0	0	0	0	0	0	0	1	0	2	0	0	0	3	4	0	0	0	3	1	0	3	1	7	1	15	0	4	0
ASV1957	2	2	0	0	0	0	0	1	1	0	0	0	0	0	0	1	0	0	0	5	1	0	0	1	1	4	0	0	0	0	0	1	2	1	2	14	7	4	1
ASV2023	0	2	3	1	1	0	0	2	1	2	1	0	0	0	3	0	0	0	0	3	1	0	0	1	2	5	4	0	1	0	0	0	1	7	2	1	4	3	0
ASV2033	1	1	3	0	2	3	5	1	1	1	1	0	1	0	1	0	1	1	1	2	1	0	0	3	4	3	3	1	1	1	8	0	0	0	0	0	0	0	0
ASV2144	5	0	5	0	1	2	3	4	5	1	1	2	0	0	0	1	1	4	0	1	0	0	1	0	2	1	1	1	1	3	2	0	1	1	0	1	0	0	0
ASV2145	5	0	2	1	1	0	0	2	0	3	0	0	0	0	1	1	0	0	1	2	0	0	1	1	1	0	2	1	6	0	2	2	0	4	3	0	0	6	3
ASV2151	2	0	0	2	0	1	1	0	1	1	0	0	1	0	0	0	0	0	0	0	0	0	0	0	4	2	4	1	1	0	0	4	5	9	3	2	3	4	0
ASV2153	3	2	0	1	3	1	2	1	6	2	4	0	1	2	1	1	0	2	2	2	2	0	2	0	0	0	3	1	0	0	2	0	0	3	1	0	0	0	1
ASV2310	3	3	0	2	0	0	0	3	0	4	0	1	0	1	2	0	6	0	1	2	1	3	2	4	0	1	1	0	1	2	0	2	0	1	0	0	0	4	1
ASV2317	4	6	1	3	1	3	2	3	0	1	0	0	0	0	1	0	0	0	0	1	0	0	0	5	1	4	5	1	3	0	0	0	2	0	0	0	1	2	1
ASV2353	2	3	1	4	0	0	0	1	0	0	0	1	0	0	0	0	0	0	0	3	0	0	0	0	0	2	2	0	2	0	0	3	11	2	8	6	0	0	0
ASV2406	3	4	0	0	2	4	2	1	1	0	0	0	0	0	0	0	1	1	0	1	0	0	0	2	1	3	2	1	2	1	0	3	2	4	1	0	1	6	2
ASV2419	2	1	0	0	0	0	0	0	0	0	0	0	0	0	0	0	0	0	0	0	0	0	0	0	0	1	0	0	0	0	0	10	13	6	4	3	8	3	0
ASV2422	4	4	1	0	5	1	0	0	0	1	0	1	0	0	1	0	0	1	1	0	2	1	0	0	1	1	1	2	0	0	0	7	0	2	1	0	4	7	2
ASV2424	0	1	0	1	0	0	0	0	1	2	1	0	0	3	1	2	5	1	4	0	2	2	0	0	1	2	3	1	0	0	3	0	7	0	1	6	1	0	0
ASV2447	6	0	0	1	1	0	0	0	0	0	0	0	0	0	0	0	0	2	0	1	4	7	7	0	0	1	0	0	0	8	13	0	0	0	0	0	0	0	0
ASV2463	0	3	0	0	1	0	1	1	1	2	0	0	0	0	0	0	0	0	1	0	0	1	0	1	1	1	0	1	3	0	0	0	5	11	10	7	0	0	0
ASV2509	0	0	0	0	0	0	0	0	0	0	0	0	0	0	0	0	0	0	0	0	0	0	0	0	0	0	0	0	0	0	0	15	11	3	4	0	18	0	0
ASV2515	0	2	3	2	2	2	0	2	1	1	2	1	1	1	1	0	1	7	5	1	0	0	2	4	2	2	0	3	1	0	1	0	0	0	0	0	0	0	1
ASV2531	3	4	3	0	0	0	0	0	0	0	0	1	0	0	0	0	1	0	0	4	0	0	0	1	0	2	0	0	1	0	0	0	10	3	2	11	1	2	2
ASV2555	3	4	0	2	2	2	1	3	1	3	0	1	0	0	1	0	1	0	0	3	2	3	7	3	3	2	3	0	0	0	0	1	0	0	0	0	0	0	0
ASV2559	2	0	1	0	0	0	1	1	0	3	2	1	0	0	0	0	2	0	0	2	0	2	0	0	0	0	0	0	0	0	0	2	12	8	4	4	4	0	0
ASV2615	0	0	0	0	0	1	0	0	0	0	0	0	0	0	0	0	0	0	0	0	0	0	0	0	1	1	2	0	0	0	0	0	6	7	15	18	0	0	0
ASV2648	1	2	0	0	0	0	0	1	0	2	0	0	2	1	2	9	3	3	2	2	7	3	0	0	0	1	2	0	1	1	3	0	0	1	1	0	1	0	0
ASV2661	4	1	1	1	0	0	0	0	0	6	1	0	1	0	0	0	0	0	0	3	0	1	0	1	2	0	0	2	1	0	0	8	0	3	3	0	1	10	1
ASV2734	0	1	0	0	1	0	0	0	0	1	0	0	0	0	0	0	0	0	0	0	0	0	0	0	0	0	0	2	0	0	0	12	2	7	4	1	9	9	2
ASV2746	0	2	7	2	0	2	0	1	1	1	0	1	0	1	0	0	0	1	0	3	0	0	0	3	3	5	1	3	3	1	0	1	0	1	2	1	4	0	1
ASV2748	0	4	2	2	2	2	1	1	2	2	1	0	1	0	0	0	0	1	0	6	0	0	0	5	7	5	3	0	3	0	0	0	0	0	0	0	0	0	1
ASV2755	0	5	4	2	3	3	6	1	0	2	0	0	0	1	0	0	0	0	0	4	0	0	0	2	4	1	3	0	2	0	0	0	0	3	2	2	0	0	1
ASV2792	2	4	4	2	1	5	3	1	0	1	0	0	0	0	0	0	0	0	0	4	0	0	0	8	1	4	2	0	1	0	0	1	1	3	1	0	2	0	0
ASV2810	3	2	3	4	0	4	2	2	3	0	4	2	0	1	0	0	0	0	2	1	1	1	0	2	1	6	2	0	1	2	2	0	0	0	0	0	0	0	0
ASV2812	0	1	0	0	1	0	0	0	0	0	0	0	0	0	0	0	0	0	0	0	0	0	0	0	0	1	2	2	2	0	0	6	6	12	10	0	4	4	0
ASV2831	2	5	6	0	2	3	0	1	2	3	1	0	0	0	1	1	0	1	0	4	0	1	0	2	2	3	5	1	1	0	0	1	0	0	0	2	0	0	1
ASV2885	5	4	0	0	1	0	0	0	0	1	0	0	0	0	1	1	1	0	2	1	2	3	7	0	0	0	1	0	3	4	3	1	1	3	1	0	1	2	2
ASV3019	2	0	0	1	0	2	0	0	0	4	0	0	0	0	0	0	0	1	1	2	1	0	0	2	0	1	0	0	0	0	1	11	6	3	8	3	0	1	1
ASV3088	0	0	1	0	1	1	2	0	0	0	0	0	2	10	6	1	2	1	2	3	9	3	1	0	1	0	1	0	0	3	1	0	0	0	0	0	0	0	0
ASV3216	2	1	2	0	0	3	2	1	0	0	0	0	0	0	0	0	0	0	0	2	0	1	7	3	2	3	1	0	1	0	0	0	3	3	5	8	0	1	0
ASV3225	0	2	3	0	1	4	3	0	0	0	0	1	0	2	1	0	0	2	2	1	1	1	5	2	3	0	3	4	5	2	0	0	0	0	1	0	0	2	0
ASV3285	1	1	0	0	0	1	0	1	0	1	0	0	0	0	0	0	0	0	0	3	0	0	0	0	1	2	2	0	0	0	0	4	2	11	12	0	4	5	0
ASV3454	7	3	2	1	0	0	0	1	1	0	0	0	0	0	0	0	0	0	0	2	0	3	0	1	0	1	1	0	0	0	0	2	1	2	0	0	3	19	1
ASV3471	2	0	0	3	2	4	5	0	3	0	0	2	0	0	1	0	0	0	0	0	0	0	0	2	9	4	0	0	0	0	0	0	0	0	0	0	0	5	9
ASV3503	2	0	1	0	0	0	1	0	0	1	0	0	0	0	1	0	0	0	0	0	0	0	0	1	0	0	1	0	2	0	0	12	2	11	9	0	4	2	1
ASV3648	4	3	0	3	4	3	3	3	0	1	1	1	0	0	0	0	0	1	0	2	0	0	0	2	3	3	5	1	0	0	0	0	0	0	1	0	4	2	1
ASV3787	7	5	1	0	1	0	5	0	0	4	1	1	0	0	0	0	0	0	0	1	0	2	0	1	2	2	1	2	1	0	0	4	0	5	2	0	0	2	1
ASV4129	1	2	1	2	1	0	1	0	1	2	1	0	0	0	0	0	0	1	0	0	0	0	0	1	2	1	2	2	0	0	0	6	0	14	8	0	0	1	1
ASV4186	3	2	5	3	1	0	0	2	0	3	0	1	1	0	0	0	1	2	1	1	1	0	1	0	2	1	1	2	1	0	1	3	0	5	3	0	1	2	1
ASV4207	1	1	3	3	0	2	3	2	1	2	1	1	0	1	0	0	0	0	0	5	1	0	0	3	3	4	0	1	3	0	0	3	2	2	0	1	0	0	2
ASV4419	3	3	4	2	2	5	1	1	0	7	1	0	0	0	0	0	1	1	2	2	2	0	1	3	0	1	2	3	1	1	0	0	0	1	0	0	0	1	0
ASV4541	8	1	0	0	0	3	1	1	0	2	1	0	2	1	0	4	2	2	1	1	1	1	0	0	4	0	2	2	1	0	0	0	1	0	1	0	1	5	2
ASV4672	0	0	5	0	1	3	1	1	0	4	0	0	0	1	0	0	3	0	2	2	0	1	0	5	3	1	2	2	3	1	1	2	4	0	0	1	0	2	0
ASV4731	1	6	2	0	2	0	0	0	0	1	0	0	0	0	0	0	0	0	0	1	1	0	0	3	2	1	0	1	3	0	0	1	11	1	7	3	1	3	0
ASV4977	1	6	3	3	1	2	1	3	0	2	2	0	0	0	0	0	0	0	0	3	0	0	0	2	2	2	0	2	3	1	0	2	0	4	5	1	0	0	0
ASV5138	2	0	1	0	0	2	2	1	1	1	0	0	0	2	4	1	1	2	2	2	3	4	4	3	0	1	2	0	2	0	0	2	0	0	1	1	1	3	0
ASV5216	10	0	1	0	0	4	4	4	1	0	0	2	1	0	1	0	1	0	0	0	2	2	0	2	2	3	1	2	2	0	0	1	0	0	0	0	1	0	4
ASV5344	3	2	0	1	10	2	0	2	1	2	2	2	1	0	0	1	2	2	0	0	2	1	0	2	2	2	3	1	0	0	1	0	0	0	0	0	0	1	3
ASV5920	0	0	0	3	4	2	1	0	0	1	1	3	0	0	0	0	0	0	0	0	0	0	0	1	3	1	3	2	4	0	0	0	0	0	0	0	0	0	22
ASV1897	10	1	2	0	1	2	2	1	0	0	0	1	1	0	3	3	6	1	3	2	1	1	0	2	3	2	0	0	0	0	1	1	0	0	0	0	0	0	0
ASV1991	3	2	3	0	2	2	2	0	0	2	1	0	0	0	0	0	0	0	0	1	0	0	0	0	1	0	1	1	1	1	1	6	1	8	6	0	1	3	1
ASV2050	9	2	0	2	4	2	2	0	0	1	1	0	1	0	2	1	0	0	1	3	2	0	2	2	2	0	0	1	0	1	0	1	0	4	2	0	0	1	1
ASV2123	2	1	1	2	1	2	1	0	1	3	1	0	0	0	0	0	3	6	1	0	3	5	7	2	2	0	4	1	1	0	0	0	0	0	0	0	0	0	0
ASV2209	0	0	0	1	0	1	0	0	0	1	0	0	0	0	0	0	0	0	1	0	0	0	0	2	1	1	0	1	1	0	0	16	3	5	3	0	5	8	0
ASV2296	10	4	0	1	2	5	1	0	1	1	3	0	0	0	0	0	0	0	0	2	1	0	0	8	4	3	1	3	0	0	0	0	0	0	0	0	0	0	0
ASV2339	2	2	1	5	0	1	3	0	0	2	2	0	2	1	1	6	3	3	1	0	2	1	1	1	0	4	2	0	1	1	1	0	0	0	1	0	0	0	0
ASV2363	0	0	0	0	0	0	0	0	0	0	0	0	0	0	0	0	0	0	0	0	0	0	0	0	0	0	0	0	0	0	0	0	21	2	9	17	1	0	0
ASV2368	1	5	3	1	0	1	1	0	0	3	0	0	0	0	0	0	0	0	1	3	1	1	0	1	0	0	1	0	2	0	0	1	3	8	0	1	1	8	3
ASV2391	10	4	1	5	3	0	2	0	1	2	0	0	1	0	0	0	1	0	0	3	1	0	0	3	0	2	4	0	7	0	0	0	0	0	0	0	0	0	0
ASV2402	4	2	0	1	3	0	1	0	0	2	0	0	0	0	0	0	1	0	0	0	0	0	0	2	0	1	0	0	2	0	0	1	2	1	0	27	0	0	0
ASV2403	1	2	1	0	0	1	2	0	0	1	0	0	0	0	0	0	0	0	0	1	0	0	0	1	0	2	2	1	0	0	0	4	11	4	0	4	10	1	1
ASV2414	4	4	2	0	1	2	0	0	2	1	0	0	1	0	2	1	5	1	0	2	2	2	0	3	3	0	3	1	0	0	1	0	1	3	0	1	0	1	1
ASV2437	1	1	1	1	0	1	1	3	2	1	0	1	3	1	0	5	4	1	1	5	3	2	1	0	0	1	0	2	1	1	1	1	0	1	0	0	1	2	0
ASV2550	5	1	4	3	2	0	4	3	3	0	3	2	1	1	2	2	1	2	2	1	0	0	0	0	0	2	2	1	2	1	0	0	0	0	0	0	0	0	0
ASV2586	1	1	2	0	3	2	3	1	0	2	1	1	0	2	1	2	0	2	5	3	1	0	2	3	0	3	0	0	2	0	1	1	0	4	1	0	0	0	0
ASV2590	1	0	1	0	0	2	0	1	0	0	0	1	0	1	0	0	0	0	0	0	0	2	1	0	1	2	1	1	0	0	1	5	4	4	4	0	5	6	6
ASV2603	7	0	1	0	0	1	1	0	1	0	0	0	0	0	0	0	0	0	0	0	0	0	0	0	1	1	0	0	1	0	1	0	1	2	3	25	1	3	0
ASV2644	3	2	3	0	4	2	0	2	3	3	1	0	1	1	0	1	0	0	0	2	0	0	0	2	2	1	3	2	3	0	1	2	0	0	1	1	1	3	0
ASV2670	2	0	1	5	5	0	0	0	1	2	0	0	0	0	0	0	0	0	0	3	1	0	0	2	0	2	4	2	2	0	0	3	2	0	4	5	0	0	4
ASV2715	2	2	1	3	4	9	3	3	2	1	1	0	1	1	1	0	0	0	0	0	0	1	0	2	1	0	3	2	0	0	0	0	0	0	0	0	0	0	7
ASV2773	1	4	5	1	1	3	3	1	0	3	1	2	0	1	0	0	0	0	0	3	0	0	0	3	4	1	3	2	4	0	0	0	0	1	2	1	0	0	0
ASV2830	3	0	2	1	0	0	1	2	0	1	0	0	0	0	0	0	0	0	0	0	1	0	0	2	0	1	0	1	0	0	0	1	2	0	1	0	2	27	2
ASV2876	10	7	3	1	0	3	2	1	0	3	0	0	0	0	0	0	0	0	0	5	0	0	0	1	4	1	1	0	1	0	0	1	0	1	2	0	0	3	0
ASV2933	8	2	2	1	0	0	0	0	1	2	1	0	0	0	0	0	1	3	4	0	1	3	2	2	6	6	3	0	1	0	0	0	1	0	0	0	0	0	0
ASV2968	4	1	3	3	2	0	4	2	0	1	1	0	0	1	0	0	2	1	2	1	0	3	2	0	1	4	1	1	1	0	1	4	0	2	0	0	0	0	2
ASV3033	0	1	0	0	0	0	0	0	0	2	1	0	1	1	5	7	5	2	5	0	6	6	0	0	0	0	0	0	0	2	3	0	0	0	0	0	2	0	1
ASV3197	2	1	5	2	3	3	3	0	3	3	0	3	0	0	1	0	0	1	0	4	0	0	0	1	3	2	0	5	3	0	0	0	0	2	0	0	0	0	0
ASV3223	0	2	0	0	0	1	1	1	0	1	0	0	0	0	0	0	1	0	0	0	0	4	1	0	2	0	0	1	0	0	0	5	0	1	3	0	9	17	0
ASV3422	2	0	1	1	3	2	3	0	1	2	2	0	1	2	4	0	4	1	0	3	0	5	1	3	2	2	0	0	0	2	3	0	0	0	0	0	0	0	0
ASV3516	3	3	3	2	1	2	0	2	1	3	0	0	0	0	0	0	0	0	0	1	0	0	0	0	2	4	0	0	0	0	0	3	3	5	2	0	5	3	2
ASV3655	0	6	2	0	0	0	0	1	0	4	0	0	1	0	1	0	2	0	0	2	0	0	0	4	1	2	3	1	2	0	0	3	4	0	4	4	1	0	2
ASV3689	0	2	2	4	0	0	1	1	1	1	0	0	1	1	0	0	1	0	0	4	0	1	1	1	2	1	2	2	0	0	1	4	5	0	1	7	1	2	0
ASV3794	2	2	2	0	1	5	1	0	0	4	0	0	1	2	3	2	1	2	3	2	0	0	1	0	1	1	2	1	3	2	1	1	0	2	1	0	1	0	0
ASV3950	1	3	2	4	2	7	0	2	0	2	0	2	2	2	1	1	1	0	0	4	1	0	0	0	1	2	1	1	2	2	1	0	0	1	0	0	0	0	2
ASV3970	0	2	0	0	2	1	0	0	0	2	0	3	0	1	1	3	1	1	2	0	0	0	0	0	3	4	0	2	1	1	2	3	0	1	6	1	2	3	2
ASV4093	5	2	1	3	0	0	0	1	0	2	0	0	0	0	0	0	0	0	0	2	0	0	0	1	2	2	0	0	3	0	0	2	5	5	4	1	2	7	0
ASV4143	0	3	2	4	1	0	0	0	3	0	4	1	1	3	1	2	3	1	0	2	1	0	3	1	0	0	3	2	2	3	2	2	0	0	0	0	0	0	0
ASV4459	1	4	7	2	2	4	1	3	1	4	0	0	1	0	1	0	0	0	0	2	1	0	0	2	5	0	2	0	3	1	0	0	0	1	1	0	0	0	1
ASV4581	4	1	0	0	0	0	1	0	0	1	0	0	0	0	2	0	0	0	0	0	0	0	1	1	4	0	0	1	0	0	0	4	5	2	5	4	3	11	0
ASV4659	0	0	0	0	0	0	0	0	0	0	0	0	1	3	0	2	0	2	3	0	8	7	2	0	0	0	0	0	0	17	5	0	0	0	0	0	0	0	0
ASV4767	2	1	2	2	4	3	2	1	0	3	0	0	1	1	1	0	3	0	0	4	0	0	0	4	3	5	5	0	3	0	0	0	0	0	0	0	0	0	0
ASV5293	0	3	2	2	2	1	2	2	2	3	1	0	0	0	0	0	0	0	0	3	0	1	1	5	1	3	3	1	2	0	1	1	0	0	1	0	0	0	7
ASV5708	4	1	1	0	0	0	0	0	0	0	0	0	0	0	0	0	0	3	0	2	0	2	2	1	1	3	1	1	0	0	2	4	3	6	3	5	3	1	1
ASV1775	1	1	1	2	0	0	0	2	0	1	0	0	0	0	0	0	0	0	0	1	0	0	0	1	0	1	0	2	0	0	0	5	9	12	2	2	2	2	2
ASV1968	0	5	1	1	1	1	1	0	0	1	0	0	0	0	0	0	0	0	0	1	0	0	0	1	1	1	1	0	1	0	0	4	11	8	3	5	0	0	1
ASV2006	0	0	0	0	0	0	1	0	0	0	3	21	6	0	3	1	5	3	3	0	1	0	1	0	0	0	0	0	1	0	0	0	0	0	0	0	0	0	0
ASV2040	3	0	0	0	0	0	0	0	0	0	0	0	0	0	0	1	0	0	0	0	0	0	0	0	0	0	0	0	0	0	0	1	17	13	3	7	2	2	0
ASV2060	1	5	2	1	1	4	4	1	7	0	4	7	0	0	0	0	1	0	0	0	0	0	1	1	1	0	1	1	1	0	0	0	0	0	0	0	0	1	4
ASV2112	1	5	1	3	1	4	4	3	2	4	0	0	0	0	0	1	0	0	0	3	0	3	0	2	2	5	1	0	2	0	0	0	0	1	1	0	0	0	0
ASV2140	1	2	1	1	3	5	1	4	2	2	0	2	0	1	1	0	1	0	2	1	1	0	1	1	2	5	1	3	0	3	1	0	0	0	0	0	1	0	0
ASV2157	8	4	0	4	3	1	3	4	2	4	2	0	0	0	0	0	0	1	0	2	0	0	0	3	3	1	2	1	0	0	0	0	0	0	0	1	0	0	0
ASV2195	0	0	0	0	0	0	0	0	0	2	0	0	0	1	1	0	0	0	0	0	0	0	0	0	0	0	0	1	0	0	1	13	8	12	10	0	0	0	0
ASV2201	0	1	1	0	0	1	0	0	0	1	0	1	1	1	1	1	2	0	3	0	1	0	0	0	0	0	2	0	0	0	1	1	12	12	6	0	0	0	0
ASV2202	7	6	2	1	0	0	0	0	0	0	0	0	0	1	0	0	0	0	0	2	1	1	0	1	0	0	1	0	0	0	0	1	0	0	0	0	0	17	8
ASV2241	0	2	5	3	0	1	3	6	1	3	0	0	0	0	0	0	0	0	0	0	0	0	0	2	2	0	10	1	0	0	0	1	1	2	1	3	1	1	0
ASV2244	5	1	2	0	0	0	5	4	1	2	1	0	0	1	1	1	0	1	1	2	0	1	0	0	2	0	1	1	2	0	0	0	0	1	0	0	0	3	10
ASV2278	2	0	1	0	0	0	0	0	1	0	0	0	0	0	0	0	0	0	0	0	0	4	0	0	1	0	0	0	0	0	0	5	17	3	6	5	1	2	1
ASV2307	1	0	0	2	0	0	0	0	0	0	0	0	0	0	0	1	0	1	2	0	2	4	1	0	1	0	0	0	2	7	1	0	4	2	1	3	5	9	0
ASV2314	1	1	2	0	4	0	2	2	3	1	2	0	2	1	1	3	1	1	0	0	1	3	1	6	1	0	1	2	1	2	1	0	0	2	0	0	0	0	1
ASV2355	0	0	2	1	3	1	1	0	1	2	3	1	0	0	0	0	0	0	0	2	1	0	0	1	2	0	3	3	0	0	0	1	0	10	5	0	1	2	3
ASV2408	3	4	5	2	3	3	3	2	1	4	1	0	0	0	0	0	0	0	0	1	0	0	0	4	4	3	2	2	2	0	0	0	0	0	0	0	0	0	0
ASV2431	1	0	0	0	0	0	0	0	0	0	0	0	0	0	0	0	0	0	0	0	0	1	0	0	0	1	0	0	0	0	0	19	7	8	2	0	3	7	0
ASV2483	0	1	2	3	4	0	1	1	1	1	0	0	1	0	0	0	0	0	0	8	0	0	1	1	0	0	1	4	0	0	0	3	1	6	6	1	0	1	1
ASV2596	1	0	4	0	2	1	1	3	3	3	3	1	0	0	1	1	0	1	3	4	0	2	1	3	3	4	1	2	0	1	0	0	0	0	0	0	0	0	0
ASV2629	2	1	1	4	1	2	0	2	2	7	0	0	0	0	1	0	0	0	0	2	0	1	1	3	3	1	1	1	2	0	1	0	1	3	1	0	0	4	1
ASV2632	0	3	1	2	0	2	1	0	0	5	1	0	0	0	0	0	0	0	0	4	0	2	1	4	2	0	2	1	1	0	0	1	4	2	1	3	0	5	1
ASV2634	0	1	0	2	0	0	0	1	0	0	0	0	0	0	0	0	0	0	0	0	0	0	0	0	0	0	0	0	0	0	0	17	3	9	4	9	3	0	0
ASV2718	3	1	0	1	2	0	2	2	1	2	3	5	1	1	0	2	2	2	0	3	1	0	0	3	3	4	0	3	1	0	0	0	0	0	0	0	0	0	1
ASV2738	8	2	4	0	0	1	0	3	0	2	0	1	0	0	0	0	0	0	0	1	0	2	0	1	0	3	3	1	2	0	0	1	2	1	1	2	1	7	0
ASV2756	0	0	0	0	0	0	0	0	0	0	1	0	0	1	0	3	7	3	10	0	6	11	2	0	0	0	0	0	0	1	4	0	0	0	0	0	0	0	0
ASV2836	3	3	0	1	3	1	1	2	3	0	0	0	3	0	0	0	1	0	0	4	1	0	4	6	2	1	0	2	0	0	0	0	0	0	0	0	0	0	8
ASV2843	2	0	0	0	0	0	0	0	0	0	0	0	1	0	0	0	0	1	0	0	0	0	0	0	0	1	0	0	0	0	0	34	1	7	1	0	1	0	0
ASV2880	4	1	0	1	0	0	0	2	0	5	0	0	0	1	0	2	2	3	1	2	2	0	0	2	3	2	1	1	1	0	0	2	1	0	3	3	4	0	0
ASV2881	4	3	0	0	1	4	1	0	0	0	0	0	0	0	0	0	0	1	0	0	0	0	0	1	1	0	1	0	0	0	0	3	0	2	2	5	4	15	1
ASV2900	1	0	2	1	2	1	1	1	3	1	1	0	0	1	1	1	2	0	2	1	1	2	0	1	3	1	3	0	2	1	1	0	0	3	5	0	0	3	1
ASV2934	0	5	2	1	4	2	1	0	0	0	0	3	1	1	0	0	0	0	0	0	0	0	0	3	4	2	4	1	1	0	0	1	1	3	2	0	3	3	1
ASV2969	2	0	0	0	1	0	0	0	0	0	0	0	0	0	0	0	1	0	0	0	0	0	0	1	0	2	1	0	0	0	1	1	21	5	1	1	6	5	0
ASV2986	6	0	2	1	1	2	1	1	0	2	1	0	0	3	1	3	2	1	1	2	4	1	1	2	1	1	0	2	0	0	0	1	0	2	0	0	0	1	3
ASV3014	1	2	1	0	3	2	2	1	1	2	0	0	0	0	0	0	0	0	0	2	0	0	0	0	1	1	1	2	0	1	0	3	2	8	4	0	6	3	0
ASV3081	1	1	0	0	0	1	0	3	0	0	0	0	0	0	0	0	2	3	2	0	7	6	0	0	0	3	0	0	0	0	1	0	0	3	0	11	3	1	1
ASV3183	1	1	1	0	1	0	0	0	0	0	0	0	0	1	1	1	4	3	6	1	3	6	2	0	0	3	0	0	0	1	2	3	0	1	4	1	2	0	0
ASV3254	0	0	1	0	0	0	0	0	0	0	0	0	0	0	0	0	0	0	0	1	0	0	0	0	0	0	0	0	0	0	0	6	17	10	2	0	6	2	4
ASV3273	2	1	2	1	3	1	0	0	1	2	1	0	0	1	0	0	0	0	0	1	0	0	0	1	0	2	3	0	1	0	0	1	5	2	4	13	0	1	0
ASV3279	3	0	2	0	0	3	1	0	3	2	0	1	0	0	0	0	0	0	0	2	0	1	0	0	2	2	0	1	1	0	0	0	5	2	1	13	4	0	0
ASV3294	9	2	2	1	1	4	1	0	3	2	0	1	0	0	0	2	0	0	0	6	0	0	3	2	0	2	1	3	0	0	0	0	0	0	0	0	3	1	0
ASV3428	1	3	3	7	2	5	0	2	0	4	0	0	0	1	0	0	0	0	0	6	0	0	0	2	6	0	0	0	2	0	0	1	0	3	1	0	0	0	0
ASV3744	3	5	2	1	1	3	4	0	1	4	0	0	0	0	0	0	0	0	0	1	0	0	0	2	3	2	2	2	3	0	0	1	0	2	0	0	0	1	6
ASV4180	1	2	1	0	3	0	0	1	1	3	0	1	0	2	0	0	0	2	1	2	0	2	1	3	1	1	2	2	2	2	3	1	1	0	1	0	0	4	3
ASV4254	2	0	0	1	1	1	0	0	1	2	0	0	1	1	0	0	0	0	0	2	0	0	0	0	0	1	0	2	1	0	0	5	5	3	1	1	0	17	1
ASV4316	2	4	3	3	2	1	2	3	3	4	0	1	1	0	0	1	0	1	0	4	0	0	0	3	2	2	1	1	3	0	0	0	0	1	0	0	0	0	1
ASV4490	1	2	3	0	3	1	1	2	2	1	0	2	1	1	1	0	0	0	1	1	1	0	1	5	1	1	5	2	0	1	0	0	1	2	2	0	3	0	1
ASV5197	1	2	0	0	0	1	2	0	0	2	0	0	0	0	0	0	0	0	0	3	0	0	0	1	3	3	3	2	1	0	0	2	3	4	3	13	0	0	0
ASV5346	0	3	2	0	4	0	2	1	1	4	3	7	0	1	1	0	0	0	0	0	0	0	0	2	4	3	6	0	1	0	0	0	1	0	1	0	0	2	0
ASV5655	0	0	0	0	0	1	2	2	2	0	2	4	5	1	2	2	13	4	4	0	1	3	0	0	0	0	0	0	1	0	0	0	0	0	0	0	0	0	0
ASV1913	0	0	0	0	0	0	0	0	0	0	0	0	0	0	0	0	0	0	0	0	0	0	0	0	0	0	0	0	0	0	0	6	19	8	5	8	2	0	0
ASV2016	1	0	0	0	1	0	0	1	2	2	0	1	0	0	2	1	2	5	0	0	8	11	1	0	2	1	0	0	0	0	7	0	0	0	0	0	0	0	0
ASV2075	0	5	0	2	0	3	5	6	0	5	0	1	0	0	0	0	0	0	0	5	0	1	0	5	1	3	1	0	5	0	0	0	0	0	0	0	0	0	0
ASV2142	5	2	1	0	1	2	0	0	0	1	0	0	0	0	0	0	0	0	2	1	0	0	0	4	0	0	1	2	0	0	0	1	6	0	0	0	19	0	0
ASV2149	3	4	3	1	1	3	0	0	0	3	0	0	0	0	0	0	0	0	0	4	0	1	0	0	1	1	0	0	1	0	0	0	7	6	4	0	5	0	0
ASV2193	6	1	2	5	0	0	1	0	0	2	0	1	0	0	5	1	2	0	1	2	0	3	1	3	1	3	0	1	1	0	3	1	1	0	0	0	1	0	0
ASV2215	1	2	0	0	1	1	1	0	0	1	0	0	0	2	0	0	0	0	0	2	0	1	0	0	0	1	0	0	1	0	0	3	2	10	7	0	1	11	0
ASV2265	11	2	0	2	1	1	3	0	2	0	1	1	4	0	2	2	5	3	0	1	3	0	0	0	1	0	0	0	0	1	2	0	0	0	0	0	0	0	0
ASV2267	0	0	0	0	0	0	0	0	0	0	0	1	0	0	0	2	1	19	13	0	2	1	6	0	0	0	2	0	0	1	0	0	0	0	0	0	0	0	0
ASV2275	2	2	2	1	3	2	0	1	1	2	3	2	1	3	2	0	1	1	1	1	1	0	1	1	1	0	3	1	3	1	0	0	0	0	0	0	0	2	3
ASV2293	3	0	0	0	0	0	1	1	0	1	0	0	0	0	0	0	0	0	0	0	0	0	0	0	0	0	0	0	0	0	0	0	7	1	2	32	0	0	0
ASV2357	2	2	2	0	0	4	3	0	1	4	0	0	0	1	1	2	1	0	0	2	0	0	0	0	0	2	1	0	1	0	0	3	1	3	2	0	10	0	0
ASV2429	17	3	0	2	3	0	1	1	0	3	0	0	0	0	0	0	0	0	0	1	0	0	0	5	3	3	1	2	1	0	0	0	1	0	0	0	1	0	0
ASV2462	7	0	4	2	2	1	0	0	0	0	0	0	0	1	0	0	0	0	0	0	0	0	0	0	1	1	1	3	1	0	0	0	11	2	1	5	4	1	0
ASV2479	0	3	1	3	1	1	1	1	0	0	0	0	0	0	2	0	1	0	0	3	1	0	0	1	0	1	1	1	2	1	0	3	2	4	0	5	3	6	0
ASV2525	1	2	3	1	0	1	3	0	0	1	0	0	0	0	0	0	0	0	0	3	0	0	0	3	4	5	4	3	1	0	0	2	0	0	0	0	0	11	0
ASV2535	0	3	1	1	1	3	1	3	2	4	0	1	0	0	0	0	0	0	0	2	0	0	1	7	6	2	2	6	2	0	0	0	0	0	0	0	0	0	0
ASV2541	2	4	1	0	3	4	3	1	2	2	0	0	1	1	0	2	0	0	0	8	2	1	1	0	3	2	1	0	2	0	0	0	0	1	1	0	0	0	0
ASV2612	0	0	0	0	0	0	0	0	0	0	0	0	0	0	0	1	0	0	0	0	0	0	0	0	0	0	0	0	0	0	0	0	44	0	1	0	1	1	0
ASV2639	6	1	0	0	1	0	0	0	1	1	0	0	0	0	2	0	1	4	4	0	1	2	7	2	1	2	0	0	2	0	1	2	0	1	1	0	0	5	0
ASV2704	0	2	0	4	0	8	0	2	1	1	1	0	0	0	1	0	0	1	0	1	0	0	8	1	9	2	0	5	1	0	0	0	0	0	0	0	0	0	0
ASV2786	4	2	0	1	0	0	2	1	8	5	3	1	1	1	4	4	0	0	1	1	1	0	0	3	0	1	0	3	1	0	0	0	0	0	0	0	0	0	0
ASV2797	1	1	1	0	0	0	0	0	0	2	0	0	0	0	0	0	0	0	0	1	0	0	0	1	4	3	2	0	1	0	0	0	3	1	4	20	1	1	1
ASV2815	4	1	3	1	3	2	1	2	2	4	0	1	1	1	0	0	0	1	0	0	0	0	2	3	1	2	1	4	0	0	0	1	0	4	0	1	0	2	0
ASV2825	3	1	0	2	0	3	1	1	2	0	0	0	0	1	0	2	0	0	1	1	0	0	1	1	2	1	0	0	0	0	0	0	0	12	1	0	11	1	0
ASV2844	0	0	2	0	2	1	1	2	0	3	0	0	0	1	0	1	2	0	0	1	1	2	0	1	1	3	1	1	3	0	1	6	1	2	1	2	2	2	2
ASV2869	2	1	0	0	0	1	0	1	0	1	0	1	0	0	0	0	0	0	0	0	0	0	1	0	2	0	4	2	0	0	0	4	11	9	1	2	3	1	1
ASV2895	4	0	6	1	1	2	3	1	1	5	3	0	2	1	0	0	0	0	1	2	1	3	1	2	1	1	1	0	1	0	2	0	0	0	0	0	0	2	0
ASV3020	1	6	0	1	2	3	2	4	1	2	1	1	1	1	1	2	0	0	0	1	0	1	1	3	2	1	2	0	2	0	0	0	0	2	2	0	0	1	1
ASV3155	2	1	1	0	1	0	0	0	0	1	0	0	0	0	0	0	0	0	0	2	0	0	0	2	2	0	0	0	2	0	0	2	3	10	12	0	4	1	2
ASV3190	0	0	0	0	0	1	1	0	2	0	0	0	2	5	3	1	3	6	5	0	4	3	3	0	0	0	1	2	0	1	3	1	0	0	0	0	0	1	0
ASV3475	1	5	2	0	1	0	0	1	0	3	1	1	0	0	1	2	0	1	6	2	3	1	0	2	0	1	1	0	2	2	6	0	0	0	2	0	0	1	0
ASV3588	3	5	2	0	3	0	0	1	0	3	0	0	0	0	0	1	0	0	0	3	0	0	0	5	2	2	1	3	0	0	0	5	0	4	1	1	2	1	0
ASV3606	1	0	1	0	2	1	1	1	0	2	0	1	0	0	0	0	2	0	2	4	0	0	2	2	0	1	5	2	1	0	0	3	2	1	3	2	5	0	1
ASV3617	5	3	1	1	0	0	1	0	0	0	0	3	4	3	1	1	4	3	3	0	1	0	1	4	1	1	1	0	2	0	1	0	0	1	1	0	0	1	0
ASV3622	0	1	1	2	1	0	0	0	0	0	0	1	0	0	0	0	0	0	0	0	0	0	0	1	0	1	0	1	0	0	0	3	10	13	8	2	2	1	0
ASV3684	3	4	1	2	1	4	1	0	0	1	0	1	0	1	1	1	0	1	0	0	1	1	0	3	1	3	5	3	0	1	1	1	0	3	1	0	0	1	1
ASV3743	7	2	0	1	1	1	2	1	0	0	0	0	0	0	0	0	0	0	1	0	0	0	2	2	2	1	1	2	0	0	1	3	11	1	1	2	1	2	0
ASV4095	4	2	0	1	2	0	1	3	0	1	0	0	2	1	0	0	0	1	0	1	0	0	3	0	0	2	0	1	1	0	1	3	2	2	2	1	5	5	1
ASV4177	4	0	0	1	0	0	1	2	0	1	1	2	1	1	5	2	1	0	1	2	1	11	3	2	2	1	0	0	0	1	1	0	0	0	0	0	1	0	0
ASV4189	5	0	0	0	1	1	3	0	5	1	0	0	3	1	1	0	1	0	0	1	2	0	1	1	0	0	1	1	0	2	0	2	0	3	0	2	3	4	3
ASV4250	0	1	1	1	1	1	0	0	0	0	3	0	0	0	1	0	0	2	1	3	0	1	1	3	1	1	1	0	0	0	0	6	2	2	1	1	12	0	1
ASV4515	2	0	0	0	0	1	0	0	0	2	0	0	0	2	1	0	0	2	1	2	2	1	1	2	1	2	0	0	0	4	2	0	5	4	2	3	3	2	1
ASV4596	6	3	2	1	0	0	0	1	1	0	2	1	1	1	0	0	6	0	3	0	3	5	0	2	1	0	0	1	1	1	1	0	0	0	0	0	0	5	0
ASV4680	3	0	2	2	0	1	1	1	0	1	0	1	1	1	0	0	0	1	0	0	1	1	1	0	2	0	0	2	1	1	1	7	0	6	4	0	1	2	3
ASV5787	7	4	1	3	0	3	4	4	1	4	1	0	0	1	0	0	0	0	0	3	0	0	0	4	2	2	2	0	2	0	0	0	0	0	0	0	0	0	0
ASV1951	3	0	2	0	3	2	1	0	3	1	1	0	0	0	0	0	0	0	0	1	0	0	0	0	0	4	2	1	0	1	0	0	1	8	6	0	5	1	1
ASV2011	2	0	0	0	2	1	0	0	0	0	0	0	0	0	0	0	0	1	0	0	0	0	0	0	1	3	0	0	1	0	0	0	19	14	3	0	0	0	0
ASV2053	3	2	2	1	2	2	0	1	0	1	0	0	0	0	0	0	0	0	0	0	0	0	0	3	2	0	3	3	2	0	0	8	0	8	1	0	0	2	1
ASV2183	14	9	2	1	1	0	0	3	0	3	1	0	1	0	0	0	0	0	0	1	0	0	0	1	0	5	0	0	1	0	0	0	0	0	0	0	1	0	3
ASV2231	1	5	3	2	0	1	0	0	4	3	0	1	0	2	3	4	0	1	0	2	1	3	3	1	0	0	1	1	0	2	3	0	0	0	0	0	0	0	0
ASV2235	3	6	0	1	1	2	1	2	4	1	0	3	0	0	1	0	0	1	0	2	0	2	0	1	0	1	2	1	3	1	0	0	0	2	0	0	1	0	5
ASV2236	1	2	0	0	0	0	2	0	0	0	0	0	0	0	0	0	0	0	0	0	0	0	0	0	0	0	0	0	0	0	0	16	2	7	4	2	0	10	1
ASV2285	1	1	0	0	2	0	1	0	0	0	1	0	2	2	5	3	2	6	6	0	3	2	4	0	0	1	0	0	1	1	1	0	0	1	0	0	1	0	0
ASV2343	1	0	1	0	0	0	0	0	1	0	4	0	15	7	5	6	1	2	0	0	0	2	0	0	0	0	0	0	0	0	2	0	0	0	0	0	0	0	0
ASV2374	2	1	0	1	2	0	3	0	1	2	0	0	0	0	1	0	0	1	0	1	0	0	0	2	0	1	2	0	1	1	0	0	11	5	6	0	0	2	1
ASV2387	1	1	1	0	3	3	1	0	0	1	0	0	0	0	0	0	1	1	1	1	0	0	0	0	1	2	1	1	1	0	0	0	4	4	2	14	1	1	0
ASV2390	1	5	3	1	0	1	2	0	1	3	2	0	0	2	0	1	2	1	0	2	1	3	1	1	4	2	1	1	2	0	1	0	0	0	3	0	0	0	0
ASV2397	0	0	0	3	1	1	0	1	5	2	1	2	2	1	0	2	1	0	3	2	2	1	0	3	2	3	2	0	1	2	0	2	0	0	0	2	0	0	0
ASV2464	1	1	2	0	1	2	1	2	0	5	0	0	0	0	7	1	5	2	0	2	0	2	3	0	3	4	0	0	1	0	0	0	0	1	1	0	0	0	0
ASV2482	6	3	0	1	0	2	4	0	0	1	2	2	0	0	0	0	1	0	1	2	1	9	0	1	2	5	2	1	0	0	0	0	0	0	0	0	1	0	0
ASV2497	9	1	1	0	2	0	1	0	1	1	1	0	1	0	1	0	2	1	4	1	1	2	0	0	5	0	2	0	2	0	1	1	0	1	1	1	0	2	1
ASV2536	0	3	7	2	0	1	2	0	1	2	1	0	0	0	1	4	1	2	2	2	0	1	0	1	2	0	4	1	1	0	0	0	0	0	0	0	0	6	0
ASV2537	13	3	0	1	0	0	3	3	2	1	0	0	0	0	1	0	0	1	0	1	0	1	0	3	1	1	0	2	1	1	0	0	0	0	0	0	0	8	0
ASV2542	6	5	1	2	4	1	3	2	4	0	1	0	1	0	0	0	1	0	0	0	0	0	0	1	7	1	4	1	2	0	0	0	0	0	0	0	0	0	0
ASV2565	14	0	0	0	0	0	0	0	0	0	0	1	0	0	0	0	0	0	0	1	0	0	0	1	1	0	0	0	1	0	0	4	4	1	1	3	2	13	0
ASV2584	0	0	0	0	0	0	0	0	0	0	0	0	1	0	0	0	2	1	3	0	1	11	0	0	0	1	0	0	0	3	23	1	0	0	0	0	0	0	0
ASV2628	6	1	2	1	0	0	1	1	0	4	0	1	1	1	0	1	2	1	2	2	3	2	4	0	1	2	0	0	2	0	0	0	0	1	3	0	0	2	0
ASV2662	7	1	2	0	0	1	0	2	0	0	0	0	0	0	0	0	0	0	0	2	0	0	0	3	0	3	1	0	1	0	0	1	7	1	2	1	8	4	0
ASV2686	6	3	3	3	1	0	2	2	0	3	0	0	3	2	0	0	2	1	1	3	0	0	0	0	1	2	0	2	2	0	0	0	3	0	2	0	0	0	0
ASV2688	4	1	1	1	0	3	0	0	0	0	0	0	0	0	0	0	1	0	0	0	0	2	1	2	1	2	0	0	1	0	0	7	8	0	2	2	1	6	1
ASV2759	2	0	0	1	0	1	0	0	0	1	4	2	6	3	2	2	0	1	2	3	2	1	1	1	1	0	1	0	1	4	3	0	0	0	0	0	0	2	0
ASV2784	1	1	1	0	1	0	1	1	0	0	1	1	0	0	0	0	0	0	0	1	0	0	0	1	0	3	0	1	0	0	0	3	11	1	4	11	2	1	0
ASV2813	0	0	1	0	4	2	0	0	0	3	0	0	0	0	0	1	1	0	1	2	0	0	0	1	0	4	0	2	3	0	0	4	5	4	0	0	7	2	0
ASV2818	5	4	4	2	0	0	0	0	1	1	0	0	0	1	0	0	0	0	0	4	2	5	1	0	1	4	3	2	1	1	2	1	1	0	0	0	0	0	1
ASV2864	2	1	1	1	3	0	0	0	0	0	0	0	0	0	0	0	0	0	0	1	0	0	0	1	1	3	0	3	1	0	0	1	15	2	0	7	0	4	0
ASV2892	3	0	0	2	2	1	2	4	0	1	0	0	0	0	0	1	0	0	0	4	0	0	0	3	1	4	1	0	2	0	0	2	0	3	5	4	0	1	1
ASV2897	4	4	1	0	2	0	0	0	4	0	2	1	0	0	0	0	0	0	0	1	0	3	0	1	5	3	2	4	3	1	0	1	0	0	0	1	1	2	1
ASV2899	1	2	3	7	3	3	1	0	1	3	0	1	0	0	0	0	0	0	0	2	0	0	2	4	0	3	0	2	0	0	0	1	1	2	0	2	2	1	0
ASV2936	2	1	0	0	0	0	0	0	0	1	0	0	0	0	0	6	6	4	6	2	5	5	4	0	0	0	0	0	1	1	1	1	0	0	0	0	0	0	1
ASV2966	5	1	4	0	0	2	0	0	0	2	0	0	0	1	2	0	0	0	1	2	0	3	2	1	0	1	1	2	2	1	0	3	0	1	0	0	6	4	0
ASV3003	0	0	0	0	0	0	0	0	0	1	0	2	1	0	1	1	0	0	0	0	0	0	0	0	1	1	0	0	1	0	1	5	1	5	4	0	11	0	11
ASV3010	2	3	2	1	1	2	0	1	2	3	0	0	0	0	0	2	2	0	1	2	2	0	2	2	5	2	1	1	2	0	2	2	1	0	0	0	0	1	0
ASV3025	14	3	1	1	2	0	1	1	0	2	0	0	0	0	0	0	0	0	0	5	0	0	0	2	4	4	1	1	3	0	0	0	0	0	0	0	0	2	0
ASV3086	0	3	1	2	1	0	0	0	0	1	0	0	0	0	0	0	0	0	0	1	0	0	0	2	4	0	3	0	1	0	0	1	2	5	3	13	0	4	0
ASV3181	0	0	2	0	1	2	0	3	0	1	3	0	0	2	3	3	4	5	0	0	0	5	4	1	1	2	1	0	1	1	2	0	0	0	0	0	0	0	0
ASV3204	3	4	4	5	1	1	4	0	2	2	3	0	0	0	0	0	0	1	0	0	0	0	0	1	1	5	1	1	1	0	0	0	0	0	0	0	0	0	7
ASV3221	0	2	5	4	2	0	3	2	0	0	0	1	0	0	0	1	3	1	1	1	3	3	4	0	0	1	2	2	1	0	0	0	0	2	3	0	0	0	0
ASV3293	4	4	0	2	0	1	3	3	0	3	1	0	0	0	0	0	0	0	1	2	1	3	4	3	1	3	1	2	3	2	0	0	0	0	0	0	0	0	0
ASV3410	1	0	0	0	0	0	0	0	0	0	0	1	0	0	1	2	11	2	5	1	5	12	1	0	0	1	0	0	1	0	3	0	0	0	0	0	0	0	0
ASV3497	8	3	0	0	0	2	1	1	0	2	0	0	0	0	0	0	0	0	1	2	0	0	0	1	1	1	0	0	1	0	0	1	0	2	4	16	0	0	0
ASV3573	5	3	2	0	0	4	1	3	0	2	1	0	0	0	0	0	0	0	0	6	0	1	0	11	3	1	1	3	0	0	0	0	0	0	0	0	0	0	0
ASV3596	0	0	0	0	0	0	0	0	1	0	1	0	4	2	1	7	9	0	9	0	0	4	0	0	2	0	2	0	0	1	3	0	0	1	0	0	0	0	0
ASV4237	1	4	3	1	2	1	1	1	2	5	0	0	0	0	0	0	0	1	0	4	1	0	0	5	1	2	1	1	2	0	0	0	0	3	3	0	0	0	2
ASV4343	0	0	1	1	1	3	0	2	1	1	0	2	0	1	0	1	4	3	5	1	1	2	0	3	2	1	2	2	1	0	0	1	0	3	1	0	0	0	1
ASV4858	2	0	0	0	0	1	0	0	0	0	0	0	0	0	0	0	0	0	0	0	0	0	0	0	0	1	1	0	0	0	0	12	1	6	0	0	2	20	1
ASV5012	0	0	0	0	0	1	0	1	0	0	0	1	3	2	1	11	1	5	4	1	1	2	0	0	0	0	0	0	0	3	6	0	1	0	1	0	1	0	1
ASV5437	4	0	4	1	1	1	0	0	2	1	0	0	0	0	0	0	1	1	1	1	0	1	1	1	0	0	1	2	1	1	0	6	0	5	3	0	1	5	1
ASV5830	1	4	1	0	2	2	0	1	0	1	0	0	0	0	0	0	0	0	0	0	0	0	0	2	1	1	1	2	2	0	0	1	4	10	6	3	0	1	1
ASV5927	0	2	2	3	3	1	0	1	0	0	2	0	2	2	5	3	1	0	1	2	1	1	1	2	0	3	3	1	0	0	2	0	0	0	0	0	0	0	3
ASV5950	5	1	2	1	0	2	0	0	0	2	1	0	0	0	0	0	0	0	0	3	0	0	0	3	2	1	1	1	1	0	0	0	4	4	9	3	0	1	0
ASV2137	2	4	3	4	5	3	0	3	0	3	1	2	0	0	0	0	0	0	0	2	0	0	1	3	2	4	3	0	1	0	0	0	0	0	0	0	0	0	0
ASV2141	1	2	0	0	1	0	2	1	0	0	0	0	0	0	1	5	0	4	6	0	5	3	2	1	1	0	1	1	1	1	4	0	0	2	0	0	0	0	1
ASV2230	1	0	0	1	0	0	0	1	0	0	1	0	3	3	2	5	5	7	4	0	3	1	1	0	4	0	0	1	1	1	0	0	0	0	0	0	0	1	0
ASV2239	3	2	3	1	3	0	2	0	1	3	0	0	0	0	1	0	0	2	1	1	0	2	4	1	2	1	2	2	1	0	2	1	0	0	0	0	0	2	3
ASV2256	1	1	0	0	0	1	3	2	2	1	10	5	0	3	3	2	1	4	0	0	0	2	0	2	1	0	1	1	0	0	0	0	0	0	0	0	0	0	0
ASV2259	7	1	1	0	2	0	1	0	0	0	0	0	0	0	0	1	0	0	0	0	0	0	0	0	0	0	1	0	2	0	0	1	8	4	9	7	0	1	0
ASV2286	15	6	2	2	1	2	2	0	0	2	0	0	0	0	0	0	0	0	0	4	0	0	0	2	0	4	2	0	2	0	0	0	0	0	0	0	0	0	0
ASV2327	1	7	2	3	1	1	0	1	0	1	0	1	0	0	0	0	0	0	0	4	0	0	0	2	0	3	4	1	2	0	0	3	3	3	2	0	0	1	0
ASV2365	1	0	0	1	1	3	1	4	4	0	0	1	0	1	0	1	0	0	0	6	0	1	3	1	3	2	4	1	2	1	1	0	0	3	0	0	0	0	0
ASV2493	5	3	1	2	0	0	4	0	2	1	0	1	0	0	0	2	0	0	0	2	1	2	1	3	2	1	1	0	0	2	2	0	0	4	0	0	0	3	1
ASV2496	2	1	0	0	0	1	0	0	0	1	0	0	0	0	0	0	0	0	0	1	1	0	0	1	0	0	1	0	0	0	0	0	5	6	6	20	0	0	0
ASV2499	1	0	3	0	1	0	1	1	1	1	0	0	0	0	0	0	0	0	0	1	0	0	0	2	2	1	2	0	0	0	0	1	7	4	5	8	1	3	0
ASV2524	2	1	0	0	1	2	0	2	3	1	2	1	3	3	3	3	3	1	2	0	0	2	2	0	1	1	4	1	0	1	1	0	0	0	0	0	0	0	0
ASV2651	8	2	1	6	2	2	5	5	3	0	0	1	0	0	0	0	1	1	0	1	0	0	0	0	0	3	4	0	1	0	0	0	0	0	0	0	0	0	0
ASV2681	0	0	0	0	1	0	0	0	0	0	0	0	0	0	0	0	0	0	0	0	0	0	0	0	0	0	0	0	0	0	0	9	6	11	16	1	0	1	1
ASV2706	3	4	0	1	1	0	1	0	0	2	0	0	0	0	0	0	0	0	0	1	0	0	0	1	2	1	0	0	0	0	0	8	11	0	3	6	1	0	0
ASV2745	5	5	1	4	3	2	3	1	0	2	0	0	0	0	0	0	1	0	0	4	0	0	0	5	3	1	4	1	0	0	0	0	0	0	0	0	0	1	0
ASV2779	0	0	4	2	1	1	0	3	1	1	1	0	0	0	0	1	0	0	0	0	1	0	0	0	1	1	4	2	1	0	0	1	0	6	6	0	4	1	3
ASV2860	7	1	0	0	2	1	1	1	1	3	0	2	1	0	0	0	0	1	0	2	0	0	0	2	4	1	0	1	1	0	1	1	2	0	1	0	0	9	0
ASV2878	2	2	4	0	2	2	0	5	0	5	1	0	0	1	0	0	0	1	0	2	0	1	2	2	2	2	4	0	5	0	0	1	0	0	0	0	0	0	0
ASV2920	0	4	3	1	1	3	0	0	0	3	0	0	0	0	0	0	0	0	1	1	0	0	1	1	4	1	2	0	1	0	1	4	2	3	4	4	1	0	0
ASV2998	2	2	3	0	2	0	1	2	0	2	1	0	1	0	0	1	0	1	0	3	1	1	0	7	2	4	3	3	3	0	1	0	0	0	0	0	0	0	0
ASV3071	2	4	2	3	1	1	2	1	0	3	1	0	1	0	1	1	1	1	0	0	0	0	0	0	4	2	1	2	2	0	1	1	0	2	3	0	3	0	0
ASV3083	7	2	0	0	0	1	1	0	1	0	0	0	0	0	0	0	1	0	0	0	0	0	0	3	0	0	1	0	0	0	3	5	4	3	0	0	6	8	0
ASV3117	2	2	2	2	0	3	1	1	0	1	3	0	0	1	1	0	0	0	0	1	0	0	1	2	4	2	2	2	0	0	1	2	2	3	1	1	0	1	2
ASV3146	0	4	0	0	0	1	1	0	0	2	1	2	0	3	1	4	0	0	1	0	2	2	12	1	0	0	1	1	0	3	3	1	0	0	0	0	0	0	0
ASV3151	4	3	4	1	0	0	2	3	0	1	0	0	0	0	0	0	0	0	0	2	0	0	0	2	1	2	1	2	1	0	1	4	5	2	0	3	0	1	1
ASV3308	0	1	1	1	0	3	2	1	0	1	1	0	0	0	0	0	0	0	0	0	0	0	0	3	2	1	1	3	4	0	0	4	2	1	0	0	3	9	2
ASV3434	6	3	1	2	3	3	1	3	0	1	3	3	0	0	1	1	0	0	0	4	0	0	0	2	2	0	1	0	2	0	0	0	0	0	0	2	0	1	1
ASV3473	1	1	2	2	1	2	0	1	1	2	1	0	1	0	1	0	0	2	0	2	0	0	3	3	0	5	1	1	1	0	1	0	0	5	4	0	0	1	1
ASV3539	2	6	1	1	1	1	1	0	0	1	1	0	0	2	4	0	3	1	2	2	0	1	0	2	1	6	2	1	1	0	1	0	0	0	0	0	0	1	1
ASV3580	3	2	2	0	1	2	3	1	0	0	0	0	0	0	0	0	0	0	0	3	2	0	0	1	2	1	2	2	0	0	0	0	7	1	1	10	0	0	0
ASV3758	3	0	2	1	0	0	1	0	0	0	1	0	1	0	0	0	0	0	0	0	0	0	1	1	0	0	2	0	0	0	0	1	11	3	5	0	12	1	0
ASV3877	6	1	1	2	0	1	0	0	1	0	0	0	0	0	0	0	0	0	0	3	3	13	7	1	1	0	0	1	0	2	1	0	0	0	0	0	1	1	0
ASV4078	2	1	2	0	2	1	1	0	0	2	0	0	0	1	0	0	0	0	0	0	0	0	1	1	0	0	1	0	0	1	0	8	7	6	4	0	2	3	0
ASV4118	0	5	1	4	3	4	1	2	4	5	0	0	0	0	0	0	0	0	0	2	0	2	0	3	0	4	2	0	3	0	0	0	0	0	0	0	1	0	0
ASV4124	4	0	0	2	1	3	0	1	1	4	0	0	0	0	0	0	1	0	0	0	0	1	0	1	1	0	2	0	3	0	0	7	0	5	0	0	2	7	0
ASV4175	2	1	2	0	0	0	1	0	0	0	0	0	0	1	0	0	0	2	2	0	1	0	0	3	2	1	3	0	1	1	1	1	3	0	4	2	1	7	4
ASV4184	2	1	0	0	0	0	2	0	1	3	0	0	0	0	0	0	1	0	1	2	0	1	0	0	5	1	0	0	2	0	1	0	0	4	1	3	2	7	6
ASV4504	0	1	4	0	2	0	3	1	0	2	0	0	0	0	0	0	0	0	0	8	1	0	0	3	4	5	2	0	2	0	0	0	3	1	1	1	0	2	0
ASV4944	2	5	3	2	2	0	1	2	0	0	0	1	0	0	0	0	0	0	0	2	0	0	0	2	1	4	2	1	3	0	1	1	0	2	2	1	0	6	0
ASV5151	1	0	0	0	0	1	0	0	1	0	1	1	3	2	3	6	4	7	1	0	1	2	0	2	0	0	0	0	1	2	1	1	0	1	0	0	1	1	2
ASV5189	0	0	0	0	0	0	0	0	0	0	0	0	1	3	0	0	1	2	3	0	1	24	3	0	0	0	0	0	0	3	4	0	0	0	0	0	0	1	0
ASV2069	2	2	1	0	0	0	1	0	4	1	1	0	1	1	3	4	8	1	1	0	0	3	0	0	0	0	1	0	0	5	4	0	0	0	0	0	0	1	0
ASV2159	2	2	1	0	3	0	0	1	0	1	1	0	2	1	2	2	4	6	2	2	4	3	1	1	0	1	0	1	0	2	0	0	0	0	0	0	0	0	0
ASV2227	1	0	0	0	0	0	1	0	0	1	0	0	0	0	0	0	0	0	0	2	0	0	1	1	0	1	1	0	0	0	0	7	4	11	3	7	4	0	0
ASV2316	3	0	0	0	0	1	0	1	1	0	0	1	6	2	4	4	5	4	5	0	4	1	1	0	0	0	0	1	0	0	1	0	0	0	0	0	0	0	0
ASV2325	3	3	0	3	3	1	0	2	1	2	0	0	0	0	0	0	0	0	0	1	0	0	1	3	2	2	2	1	0	0	0	0	4	3	0	5	0	0	3
ASV2332	5	0	1	0	1	0	0	0	0	0	0	0	0	0	0	0	0	0	0	0	0	0	0	0	1	3	1	0	0	0	0	0	5	3	5	20	0	0	0
ASV2371	0	0	0	7	0	3	2	2	3	0	0	3	2	1	0	0	0	0	0	3	0	0	0	1	8	1	0	4	1	0	0	0	0	0	1	0	0	0	3
ASV2372	0	3	2	0	2	0	0	2	0	3	2	0	0	1	0	0	0	0	1	2	0	2	0	2	4	3	1	0	2	1	0	3	1	2	2	0	4	0	0
ASV2378	6	3	3	0	0	1	2	1	1	0	2	0	1	0	7	0	0	0	0	4	0	0	0	1	2	4	5	1	1	0	0	0	0	0	0	0	0	0	0
ASV2399	0	1	1	1	0	0	0	0	0	1	0	0	0	0	0	0	0	3	2	1	0	0	1	0	1	2	1	0	0	0	0	3	4	9	2	1	6	3	2
ASV2428	3	0	0	0	0	1	0	0	0	0	0	0	0	0	0	0	0	0	0	1	0	0	0	1	0	1	0	0	1	0	0	6	6	10	3	4	0	6	2
ASV2471	0	0	0	1	0	0	0	0	0	0	0	0	0	0	1	0	0	0	0	0	0	0	0	0	0	0	0	0	0	0	0	12	9	7	3	6	6	0	0
ASV2474	0	4	1	1	3	1	2	3	2	4	2	0	0	0	0	0	0	1	0	0	0	0	0	2	1	2	0	0	2	0	1	0	2	0	0	0	2	5	4
ASV2489	1	0	1	3	0	1	1	1	4	0	1	0	0	0	0	2	0	0	0	1	0	0	0	1	1	0	1	0	1	1	2	3	0	6	9	1	0	1	2
ASV2495	7	4	2	0	2	3	0	0	0	1	0	0	0	0	0	0	0	0	0	2	0	0	0	0	0	1	2	0	1	0	0	1	5	2	2	10	0	0	0
ASV2539	1	2	3	0	2	2	1	1	2	0	3	5	1	1	0	1	1	3	1	1	2	0	0	1	0	1	3	4	0	1	2	0	0	0	0	0	0	0	0
ASV2543	3	0	1	1	0	1	1	0	0	2	1	0	0	0	0	0	0	0	0	0	0	0	0	3	1	2	2	1	1	0	0	3	6	5	1	2	2	6	0
ASV2547	1	2	5	3	1	1	0	4	1	1	4	2	0	0	0	0	0	0	0	2	0	0	0	2	5	2	1	1	4	0	0	2	0	0	0	0	0	1	0
ASV2554	1	30	1	0	0	1	0	1	0	4	0	0	0	0	0	0	0	0	0	1	0	0	0	1	0	2	2	0	1	0	0	0	0	0	0	0	0	0	0
ASV2558	9	2	2	1	2	1	2	0	1	2	0	0	0	0	0	0	0	0	0	7	0	0	0	4	3	5	2	0	2	0	0	0	0	0	0	0	0	0	0
ASV2563	1	1	1	2	0	1	1	3	0	0	0	0	0	0	1	0	0	0	0	2	2	0	0	4	2	2	3	2	1	0	0	5	0	5	4	1	0	0	1
ASV2569	0	0	0	1	0	2	0	1	0	1	0	0	0	0	1	1	1	0	1	0	1	3	0	0	0	0	0	0	2	0	2	5	0	6	3	1	3	8	2
ASV2576	0	0	0	0	0	0	1	0	2	0	0	0	3	0	7	1	2	11	3	0	1	5	3	1	0	0	0	0	1	1	3	0	0	0	0	0	0	0	0
ASV2578	3	0	2	0	0	0	0	0	0	0	1	0	0	0	0	0	0	0	0	1	0	0	0	2	0	1	1	0	0	0	0	0	5	6	2	21	0	0	0
ASV2656	0	2	1	1	0	1	0	1	0	0	1	0	0	0	0	0	0	0	0	1	0	0	0	0	1	0	1	2	2	0	0	2	1	13	2	0	0	12	1
ASV2702	0	0	1	0	0	0	0	0	0	0	0	0	0	0	1	0	0	0	0	0	0	0	0	0	1	0	0	0	0	0	0	17	0	20	3	2	0	0	0
ASV2826	3	0	2	0	2	0	0	1	0	1	0	0	0	2	1	2	3	2	0	1	2	1	3	0	2	0	1	1	2	1	1	1	0	1	1	0	1	0	7
ASV2984	0	0	0	0	0	0	0	0	0	0	0	0	0	0	0	0	0	0	0	0	0	0	0	0	0	0	0	0	0	0	0	25	11	0	6	1	2	0	0
ASV2995	0	3	5	0	0	0	1	1	1	1	0	0	0	0	0	0	0	0	1	5	0	0	0	4	2	0	3	0	1	0	0	5	2	4	1	0	1	3	1
ASV3050	2	6	4	0	2	1	3	0	0	6	0	0	0	0	0	0	0	0	0	6	0	0	0	4	3	3	1	1	2	0	0	0	0	0	0	0	0	1	0
ASV3093	6	1	0	0	1	3	0	0	1	0	0	0	0	0	0	0	0	0	0	0	0	0	0	1	2	0	0	1	0	1	0	0	3	4	6	14	0	0	1
ASV3140	1	1	3	1	3	4	3	2	0	6	1	1	0	0	0	1	0	0	0	1	0	0	0	0	2	2	4	5	3	0	0	0	0	0	0	0	0	0	1
ASV3179	1	5	0	1	3	3	4	5	1	0	0	1	0	0	3	0	2	0	1	2	3	0	0	1	2	2	2	0	0	1	0	0	0	0	1	0	0	0	1
ASV3312	10	1	1	2	2	2	0	0	0	1	1	0	0	0	2	1	0	2	0	2	0	0	0	5	3	2	1	1	0	2	0	1	0	1	0	0	1	1	0
ASV3326	2	2	0	0	0	0	0	1	0	0	0	1	2	0	1	2	0	1	2	0	2	3	1	0	0	0	0	1	0	2	0	1	1	0	0	0	0	19	1
ASV3375	2	0	5	1	1	1	2	3	1	0	1	0	1	2	1	1	2	1	1	0	2	0	8	1	1	2	2	2	0	0	0	0	0	0	0	0	1	0	0
ASV3403	2	2	2	2	1	3	1	0	0	4	0	0	0	0	0	0	2	0	0	4	0	0	0	2	2	1	3	1	2	0	0	2	0	2	4	1	2	0	0
ASV3426	1	2	1	0	0	2	0	0	0	2	0	0	0	0	0	0	0	0	0	0	0	0	0	1	1	0	1	0	0	0	0	12	5	4	5	8	0	0	0
ASV3427	0	2	1	0	1	3	1	0	3	1	2	0	0	3	2	2	3	2	0	1	1	1	0	1	0	4	5	0	0	1	0	1	0	1	2	0	0	1	0
ASV3510	6	1	4	1	0	1	3	1	1	2	3	2	4	0	1	0	1	0	0	1	1	0	0	2	3	0	2	1	1	0	0	0	0	0	0	0	1	1	1
ASV3601	5	0	0	0	0	2	0	1	3	0	0	0	0	0	0	0	0	0	0	1	0	4	1	2	0	3	0	0	1	0	7	7	4	2	0	0	1	1	0
ASV3616	8	1	2	0	0	0	0	0	0	0	0	0	0	0	0	0	0	1	0	0	0	2	0	1	3	2	0	0	1	0	2	2	3	4	1	3	1	8	0
ASV3632	4	2	1	1	1	3	0	2	0	0	0	0	0	0	2	0	0	1	0	1	0	0	0	1	0	1	0	1	0	0	0	0	5	0	0	10	5	4	0
ASV3845	0	2	3	2	3	1	0	2	1	0	1	0	0	0	0	1	0	0	0	3	0	0	0	2	0	0	5	0	1	0	1	0	2	0	2	6	6	1	0
ASV4198	0	4	6	2	0	2	2	0	1	4	0	0	0	0	0	0	1	0	0	2	0	0	0	1	1	2	6	3	3	1	0	0	0	0	0	4	0	0	0
ASV4737	2	3	1	1	1	0	0	1	1	1	0	0	0	1	0	0	0	0	0	0	0	0	0	1	3	0	2	1	1	0	0	5	3	5	3	2	1	4	2
ASV4822	3	1	1	0	1	2	0	1	0	2	0	0	0	0	0	0	0	0	0	3	0	0	0	3	1	2	3	3	4	0	0	1	5	2	2	0	0	5	0
ASV5134	11	1	1	0	1	1	0	0	0	1	1	0	0	1	0	0	1	0	0	1	0	0	6	2	1	2	1	0	0	2	1	2	0	1	4	1	1	0	1
ASV5161	2	2	0	2	0	0	1	3	5	0	0	0	2	0	0	0	0	0	1	0	1	0	0	1	2	2	2	0	0	0	0	4	0	6	4	0	0	4	1
ASV5234	1	2	1	4	1	1	1	0	2	3	1	2	0	0	0	0	0	0	0	2	0	0	0	3	3	0	4	4	5	0	0	0	0	0	0	0	0	5	0
ASV5303	5	5	3	0	0	1	1	1	1	1	0	0	0	0	0	0	0	1	0	3	0	0	0	11	6	3	3	0	0	0	0	0	0	0	0	0	0	0	0
ASV5393	1	5	1	3	0	0	2	0	0	4	0	0	0	0	2	2	0	1	0	3	1	3	5	0	0	2	2	1	1	3	1	0	0	2	0	0	0	0	0
ASV5419	0	0	1	1	0	1	0	1	3	1	1	4	2	5	1	1	0	1	1	1	2	2	1	1	2	0	0	1	1	3	2	1	0	4	0	0	0	0	0
ASV5622	3	5	0	1	0	3	1	2	0	0	0	0	1	0	2	1	0	0	0	0	0	1	0	0	1	4	0	0	1	2	1	1	0	4	0	1	0	9	1
ASV5709	6	2	4	1	1	3	1	0	0	1	0	0	0	0	0	0	1	0	2	2	1	1	0	1	0	2	1	2	0	0	0	2	0	0	3	0	4	3	1
ASV5823	1	2	0	1	2	0	2	1	3	0	0	2	0	0	0	1	0	0	0	1	0	0	2	2	3	0	1	1	1	0	0	3	0	2	2	0	11	1	0
ASV2082	1	2	3	1	0	6	3	2	4	0	3	6	3	0	1	0	0	0	0	1	0	0	0	0	1	2	3	1	1	0	0	0	0	0	0	0	0	0	0
ASV2096	1	0	1	1	1	0	0	0	0	1	0	0	0	0	0	0	0	0	0	0	0	0	0	2	0	1	1	0	0	0	0	12	1	6	6	0	3	3	4
ASV2132	2	3	2	1	1	0	0	1	0	2	2	0	0	0	0	0	2	1	1	2	1	2	2	1	1	4	1	2	2	0	1	0	0	3	0	0	0	3	1
ASV2200	7	1	0	0	1	0	0	2	0	1	0	0	0	0	0	0	0	0	0	1	0	0	0	2	2	1	0	0	1	0	1	1	11	3	1	6	0	0	2
ASV2214	1	0	0	0	0	0	0	0	0	0	0	0	0	0	0	0	0	0	0	0	0	0	0	0	0	0	0	0	0	0	0	3	11	4	3	21	0	0	1
ASV2281	0	0	3	1	1	0	2	0	0	0	0	0	2	3	3	2	2	2	0	0	2	6	0	1	0	1	1	0	0	4	6	0	0	2	0	0	0	0	0
ASV2295	1	0	0	0	0	0	0	0	0	0	0	0	0	0	0	0	0	0	0	1	0	0	0	1	2	0	0	0	0	0	0	0	1	3	5	30	0	0	0
ASV2313	7	4	1	0	3	1	0	1	5	2	3	1	2	0	1	1	0	2	0	2	1	0	0	1	1	3	0	1	0	0	1	0	0	0	0	0	0	0	0
ASV2377	3	3	7	1	1	0	0	0	0	2	0	0	0	0	0	0	1	0	0	1	0	0	0	4	3	0	3	1	1	0	0	1	2	3	3	2	1	1	0
ASV2441	0	0	0	1	0	0	0	0	0	0	0	0	0	0	0	0	0	0	1	0	1	0	1	0	0	0	0	0	0	2	3	4	0	5	3	2	4	17	0
ASV2470	3	1	1	1	1	0	3	1	0	1	0	0	0	0	0	0	0	0	1	0	1	0	1	0	0	3	0	1	1	0	0	3	3	3	1	0	9	5	0
ASV2502	4	0	0	1	0	0	0	0	0	0	0	0	0	0	1	0	0	0	0	2	0	1	0	1	1	1	0	1	2	0	1	0	8	7	1	1	10	1	0
ASV2507	0	0	0	0	0	0	0	0	0	0	0	0	1	4	7	6	3	3	4	0	4	2	5	0	0	0	0	0	0	3	1	0	0	0	0	0	0	0	1
ASV2606	0	3	1	2	1	2	1	0	1	1	0	0	1	0	0	0	1	0	0	3	0	0	0	5	3	5	1	3	1	0	0	0	4	4	0	1	0	0	0
ASV2693	4	1	2	2	2	0	0	0	1	1	0	0	0	0	1	0	0	2	1	1	0	2	1	2	2	5	1	2	1	0	1	1	0	2	1	0	1	3	1
ASV2695	4	0	1	2	1	1	0	0	1	0	0	0	0	0	1	0	0	0	0	0	1	1	1	1	0	1	1	1	2	0	1	7	0	8	4	0	0	3	1
ASV2735	8	1	3	2	0	2	1	1	0	2	0	0	0	0	1	0	0	0	0	3	0	0	0	3	1	1	4	1	3	0	0	0	5	0	0	0	2	0	0
ASV2742	6	3	2	3	1	5	0	2	2	1	1	0	0	0	2	0	0	0	0	4	0	1	1	1	1	2	0	2	2	0	0	0	1	0	1	0	0	0	0
ASV2757	0	0	2	0	0	2	2	0	1	2	0	0	0	0	0	0	0	1	0	4	0	0	0	1	2	1	0	1	1	0	0	1	3	2	0	0	2	16	0
ASV2780	3	1	0	2	0	0	1	0	2	0	0	1	3	2	1	0	4	2	6	0	2	2	0	1	1	0	0	0	0	5	3	0	0	1	0	0	1	0	0
ASV2821	4	4	0	0	1	1	1	1	0	0	1	5	0	1	2	2	1	0	0	0	0	0	0	4	3	2	1	1	1	7	1	0	0	0	0	0	0	0	0
ASV2917	4	2	1	0	2	0	0	0	1	2	3	1	0	1	2	2	2	0	3	0	5	4	1	1	0	0	1	2	1	0	3	0	0	0	0	0	0	0	0
ASV2946	4	2	5	2	0	2	1	0	2	2	1	1	0	0	0	0	0	2	0	2	0	0	0	1	0	1	1	1	3	0	0	0	2	2	3	0	0	4	0
ASV2952	4	4	1	0	0	2	2	1	0	0	0	0	0	0	0	0	0	1	1	1	0	1	0	0	0	0	0	0	0	0	0	5	2	1	2	0	1	13	2
ASV3001	4	1	2	0	0	1	0	0	1	0	0	0	0	1	0	0	0	0	0	0	0	0	0	1	0	0	1	1	1	0	0	1	12	3	10	3	0	1	0
ASV3049	4	2	3	1	3	1	0	1	2	2	2	0	0	1	1	1	1	1	0	2	0	2	2	0	1	0	1	2	3	0	0	0	1	2	0	0	1	0	1
ASV3064	2	2	1	2	0	0	1	1	0	1	0	0	0	0	0	0	2	0	0	2	1	0	0	1	3	3	1	1	1	0	0	2	0	4	5	0	5	3	0
ASV3135	1	0	2	0	1	6	1	1	0	5	0	0	0	0	0	0	0	0	1	4	0	2	3	4	4	2	1	2	0	0	0	1	0	1	1	0	0	0	1
ASV3196	5	4	3	4	3	1	2	1	0	0	0	0	0	0	0	0	0	0	0	4	0	0	0	2	1	2	4	2	1	0	0	0	0	0	0	5	0	0	0
ASV3230	0	1	1	0	1	0	0	0	0	3	2	0	0	1	1	2	1	1	2	2	3	2	7	1	1	4	1	2	1	2	0	1	0	1	0	0	0	0	0
ASV3243	1	1	0	0	0	0	0	0	0	0	0	0	0	0	0	0	0	0	0	1	0	0	0	0	0	0	0	0	1	0	0	10	6	13	9	0	2	0	0
ASV3250	1	4	3	1	1	2	2	0	1	5	1	0	1	1	0	2	1	0	0	3	0	2	0	2	4	2	1	2	1	0	0	0	0	0	0	0	0	0	1
ASV3307	1	0	0	0	0	1	0	0	0	2	6	3	18	0	0	1	1	0	6	0	0	0	2	1	0	1	0	0	1	0	0	0	0	0	0	0	0	0	0
ASV3334	3	0	0	1	0	0	1	1	0	0	1	0	0	0	0	1	0	0	1	0	0	0	0	0	0	1	1	1	0	0	1	3	8	8	3	7	0	2	0
ASV3355	9	2	3	0	2	1	0	2	0	0	1	0	1	0	0	0	0	0	0	3	0	0	0	1	2	2	1	1	2	0	0	0	4	2	1	0	1	1	2
ASV3423	3	2	1	4	0	1	0	0	0	3	0	1	0	0	0	0	0	0	0	2	0	0	0	3	1	1	1	2	1	0	0	2	3	1	4	3	1	3	1
ASV3430	0	0	0	0	0	0	0	0	0	1	0	0	2	2	2	3	3	0	6	2	3	6	0	1	2	0	0	0	0	2	5	0	0	0	0	0	4	0	0
ASV3489	0	1	2	1	2	0	0	0	0	1	0	0	0	1	4	4	3	8	4	3	4	1	0	0	1	1	0	0	0	0	0	0	0	1	0	0	0	0	2
ASV3505	3	0	0	2	1	0	0	1	0	0	0	0	1	5	3	4	2	0	4	0	1	7	4	1	0	0	0	2	1	1	0	0	0	0	0	0	0	1	0
ASV3593	2	2	0	1	1	1	0	1	1	0	0	0	1	0	0	0	0	0	0	3	0	0	2	0	0	0	1	2	0	0	0	4	0	2	7	0	3	10	0
ASV3636	0	2	0	1	0	0	1	1	0	0	1	0	0	1	0	0	1	0	0	1	1	0	0	0	1	0	0	0	0	0	1	3	7	6	8	3	0	4	1
ASV3667	0	1	1	0	0	0	0	2	1	0	4	9	1	0	2	2	2	3	2	0	2	1	3	1	1	2	1	0	1	0	1	0	0	0	1	0	0	0	0
ASV3674	1	1	2	0	1	0	1	0	0	3	0	0	0	0	0	0	0	0	0	1	0	0	2	1	2	2	1	4	1	0	0	5	1	4	1	2	1	7	0
ASV3677	1	1	0	2	2	3	0	2	4	2	1	0	0	0	0	1	0	0	1	1	0	0	1	2	4	4	4	1	1	0	0	0	1	0	2	0	0	3	0
ASV3785	0	0	2	1	0	0	2	0	0	0	1	1	0	0	1	1	8	11	3	0	0	5	2	2	1	1	0	0	0	0	2	0	0	0	0	0	0	0	0
ASV3818	5	0	2	0	1	2	1	0	1	1	0	1	0	3	0	3	1	2	1	2	1	2	1	0	0	1	1	0	1	8	1	0	0	1	0	0	0	0	1
ASV3826	2	1	1	1	0	1	0	0	0	3	0	0	0	1	0	0	0	0	0	2	0	0	0	2	0	1	1	0	0	0	0	0	8	4	3	13	0	0	0
ASV3883	1	7	3	1	1	1	2	0	1	3	0	0	0	0	0	1	1	0	0	3	0	0	2	5	4	1	1	2	0	0	0	1	0	1	2	0	0	0	0
ASV3975	2	1	0	0	0	1	0	0	0	0	0	0	0	0	0	0	1	0	0	0	0	0	1	0	1	5	0	0	0	0	0	2	3	5	9	11	1	1	0
ASV4434	0	2	2	3	0	2	1	1	0	1	0	0	0	0	0	2	0	0	2	3	1	1	1	3	1	6	0	0	0	0	2	1	0	2	5	0	0	1	1
ASV4774	1	3	0	1	0	0	0	1	3	2	0	0	1	0	1	0	0	0	0	2	0	0	0	5	0	3	1	2	2	0	0	0	1	2	5	6	0	2	0
ASV4801	3	3	4	2	0	2	3	5	4	3	2	1	0	0	0	0	0	0	0	1	0	0	0	3	2	0	0	5	0	0	0	1	0	0	0	0	0	0	0
ASV4803	0	2	0	0	1	0	0	0	0	0	0	0	0	0	0	0	0	1	0	0	0	0	0	3	1	1	1	1	1	0	0	8	8	0	4	0	9	2	1
ASV4815	0	1	0	2	1	2	0	0	1	4	1	0	1	0	0	0	1	1	1	1	0	1	2	1	4	1	1	1	1	0	0	1	1	2	1	0	0	10	0
ASV4883	4	2	2	0	2	0	1	0	0	1	0	0	0	0	0	0	0	0	0	2	0	0	0	0	4	0	0	1	0	0	0	5	5	3	3	0	7	2	0
ASV5252	7	4	2	0	2	0	0	0	0	5	0	2	1	2	1	1	2	0	3	2	0	1	0	3	0	0	1	1	0	0	1	0	0	1	0	0	0	2	0
ASV5468	2	3	3	3	1	2	2	2	0	1	1	0	1	2	0	0	3	2	1	4	0	0	4	1	1	2	0	1	0	0	0	0	0	0	0	1	0	1	0
ASV5542	3	1	0	0	0	1	0	0	0	1	0	0	0	0	0	0	0	0	0	0	0	1	0	3	1	0	2	1	1	0	1	5	5	0	0	1	10	6	1
ASV5664	2	4	0	2	1	3	0	1	4	1	1	0	0	1	0	1	2	0	0	3	1	0	1	2	3	1	1	2	0	0	0	1	0	1	3	0	0	1	1
ASV5842	0	0	1	0	0	0	1	0	1	0	0	0	1	0	1	2	7	2	2	0	5	3	1	1	1	2	0	0	0	3	2	1	0	4	1	0	0	1	1
ASV2181	3	4	3	7	1	1	0	2	0	2	0	0	1	0	0	0	0	0	1	2	2	0	0	3	1	3	0	1	2	0	0	1	0	2	0	0	0	0	1
ASV2311	6	3	2	0	1	4	2	0	1	1	0	0	0	1	0	3	0	0	0	7	1	0	0	5	0	1	0	1	3	0	0	0	0	0	0	0	1	0	0
ASV2320	17	3	0	0	1	2	1	0	0	2	0	0	0	0	0	0	0	0	0	3	1	0	0	3	0	1	3	0	0	0	0	0	2	1	0	3	0	0	0
ASV2345	2	4	1	3	2	2	4	3	0	0	1	0	1	0	1	0	1	0	0	1	0	0	0	2	4	4	0	2	0	1	0	0	0	2	0	0	0	1	1
ASV2351	6	3	0	0	0	3	0	0	1	3	0	0	0	0	0	0	0	0	0	3	0	0	0	0	2	4	1	1	1	0	0	3	4	3	4	0	0	1	0
ASV2364	0	1	1	0	2	1	1	1	2	0	0	0	0	0	1	1	0	0	0	1	0	2	0	1	2	0	0	0	1	0	1	6	0	8	5	0	4	1	0
ASV2381	3	0	0	0	1	1	0	1	0	3	0	0	0	0	0	0	0	0	0	1	0	0	0	0	0	1	0	1	1	0	0	0	3	1	1	10	0	15	0
ASV2415	6	3	0	0	2	0	0	0	0	1	1	0	0	0	0	0	0	0	0	8	0	0	0	3	4	5	1	0	1	0	0	0	0	0	0	0	0	8	0
ASV2416	1	0	0	0	0	0	1	0	0	0	0	0	0	0	0	0	0	0	0	0	0	0	0	0	0	0	0	0	0	0	0	10	2	8	4	3	9	5	0
ASV2432	0	0	0	2	0	0	0	2	0	0	0	1	0	0	0	0	0	1	0	0	0	0	1	0	2	0	0	0	0	0	0	0	0	17	9	1	1	1	5
ASV2458	3	3	2	2	1	3	0	2	1	3	1	1	0	0	0	0	0	0	0	4	0	0	0	1	3	1	4	2	5	0	0	0	0	0	0	0	0	0	1
ASV2467	8	0	0	0	0	2	1	0	0	0	1	0	0	1	0	0	1	0	0	0	0	0	0	0	0	0	0	0	0	1	0	8	4	4	2	1	2	6	1
ASV2475	0	0	0	0	0	0	0	0	0	0	0	0	0	0	0	0	0	0	0	0	0	0	0	0	0	0	0	0	0	0	1	0	6	5	4	26	1	0	0
ASV2484	1	0	4	0	0	1	2	4	8	0	1	2	0	1	5	0	0	0	0	4	0	0	1	2	1	1	2	0	2	0	1	0	0	0	0	0	0	0	0
ASV2494	0	4	0	4	2	1	2	2	1	2	1	1	0	2	0	0	0	0	0	3	1	0	0	0	1	1	0	1	1	0	0	0	0	5	0	0	0	0	8
ASV2504	3	1	3	1	0	1	0	1	1	0	0	0	0	0	1	1	0	1	1	1	4	3	5	1	1	1	1	1	0	3	0	1	1	1	0	0	3	1	0
ASV2526	0	0	0	0	0	0	0	0	0	0	0	0	0	0	0	0	0	0	0	0	0	0	0	0	0	0	0	0	1	0	0	0	0	1	0	41	0	0	0
ASV2529	1	0	1	1	0	1	0	0	0	1	0	0	0	0	0	1	0	0	0	0	0	0	0	1	1	1	1	1	0	0	0	2	2	3	8	8	5	2	2
ASV2548	2	1	3	0	0	0	2	0	0	4	0	1	1	1	0	1	1	1	1	0	0	5	0	3	2	2	0	0	1	0	2	1	0	0	0	0	1	3	4
ASV2553	1	5	3	1	5	3	0	2	2	4	0	1	0	1	0	0	0	0	0	3	0	0	0	1	2	1	3	0	2	0	1	0	0	0	0	0	0	1	1
ASV2624	0	3	2	0	0	4	0	2	0	3	0	1	1	1	0	0	0	0	0	2	1	1	1	2	1	1	2	1	1	2	2	2	0	3	0	3	0	1	0
ASV2642	2	1	5	0	1	1	0	1	1	1	0	0	0	0	0	0	0	0	0	0	0	0	0	0	4	2	5	1	0	0	0	0	1	4	2	5	1	2	3
ASV2657	1	2	1	0	0	1	1	0	0	0	0	0	0	1	0	0	0	0	0	1	0	0	0	2	0	0	1	1	0	0	0	2	12	4	1	2	5	5	0
ASV2659	0	0	0	0	0	0	0	0	0	0	0	0	0	0	0	0	0	0	0	0	0	0	0	0	0	0	0	0	0	0	0	1	0	9	1	32	0	0	0
ASV2664	0	0	0	0	1	0	0	0	0	0	0	0	0	1	0	0	0	0	0	0	0	0	0	0	0	0	0	0	0	0	1	14	3	7	3	0	9	2	2
ASV2673	1	2	7	2	1	1	2	2	1	1	1	0	0	0	0	1	0	0	1	1	1	0	0	3	1	1	3	1	3	1	0	1	0	2	0	1	0	0	1
ASV2674	2	2	0	1	1	0	2	0	2	1	0	0	0	0	0	0	0	0	0	3	0	0	0	4	1	2	4	1	0	0	0	7	1	5	2	0	0	0	2
ASV2687	0	3	8	0	1	2	1	1	1	0	2	2	1	0	2	1	2	0	0	5	1	1	1	3	0	0	1	2	0	0	1	0	0	1	0	0	0	0	0
ASV2689	1	0	0	0	0	0	0	0	0	0	0	0	0	0	0	0	0	0	0	0	0	0	0	0	0	0	1	1	1	0	0	0	0	0	0	0	39	0	0
ASV2733	0	2	0	0	0	0	0	0	0	0	0	0	0	0	0	0	0	0	0	0	0	0	0	1	0	0	0	0	0	0	1	5	9	6	7	4	3	2	3
ASV2750	5	0	0	0	0	1	1	0	0	0	0	0	0	0	0	1	0	0	1	2	0	1	0	2	1	0	1	0	1	0	1	11	1	1	1	0	9	2	0
ASV2816	6	1	2	1	1	0	2	0	5	1	4	1	0	0	0	0	1	2	1	1	0	1	1	4	0	2	2	2	2	0	0	0	0	0	0	0	0	0	0
ASV2839	8	4	1	1	1	1	1	1	1	0	1	2	0	0	0	0	1	1	0	1	1	0	1	4	1	1	1	1	2	0	0	1	0	4	1	0	0	0	0
ASV2858	0	2	1	2	0	3	3	2	0	4	2	1	0	0	0	0	0	0	1	5	0	0	3	1	3	4	2	2	0	0	0	0	0	0	2	0	0	0	0
ASV2926	2	0	0	0	1	1	0	1	0	0	0	0	0	0	0	2	3	2	0	0	0	1	0	1	0	0	0	1	0	1	3	5	0	1	1	0	5	11	1
ASV2931	5	0	0	0	0	0	0	1	0	0	0	0	0	0	0	0	0	0	0	0	0	1	1	1	3	0	0	0	0	1	0	3	6	3	2	2	10	3	1
ASV3005	5	2	5	2	0	1	1	5	0	5	0	0	0	0	1	0	0	0	1	2	2	0	1	1	1	1	4	1	0	0	0	0	0	2	0	0	0	0	0
ASV3032	3	1	2	3	0	1	0	2	0	4	0	1	0	0	1	2	0	1	0	3	2	0	1	4	2	1	1	0	2	1	0	1	0	1	0	0	1	0	2
ASV3056	1	0	0	1	1	1	1	0	0	0	1	0	0	1	0	2	1	2	0	1	1	5	20	0	0	1	0	0	0	0	2	0	0	0	0	1	0	0	0
ASV3075	2	2	1	1	0	1	1	1	0	2	0	0	1	0	0	0	5	2	2	2	1	3	3	0	3	2	1	1	0	1	2	1	0	0	0	0	0	2	0
ASV3092	2	1	0	0	0	0	2	0	0	0	0	0	1	0	0	0	1	0	0	0	0	0	0	0	0	0	0	1	0	0	0	1	4	1	4	24	0	1	0
ASV3102	3	3	2	3	2	1	0	0	1	3	0	2	0	0	0	0	0	0	0	5	0	0	0	4	2	2	2	1	1	0	0	0	0	5	0	0	0	0	1
ASV3136	2	0	0	0	1	2	1	0	3	1	4	1	1	2	0	2	1	0	0	1	3	0	3	1	0	0	1	3	0	5	3	1	0	0	0	0	1	0	0
ASV3199	3	2	1	0	1	1	1	0	0	0	0	0	0	0	0	0	0	0	0	1	0	0	0	0	1	0	0	1	0	0	0	3	12	1	2	5	5	3	0
ASV3201	3	4	4	0	0	3	0	1	4	4	0	0	0	1	0	1	0	0	0	1	0	1	1	4	1	1	0	0	0	0	0	0	0	0	0	0	0	9	0
ASV3233	0	0	0	1	0	3	0	1	1	0	0	1	0	2	1	2	5	0	4	1	1	4	2	0	0	0	0	0	0	2	4	0	0	0	0	0	0	2	6
ASV3245	0	0	0	1	1	0	0	0	0	0	0	1	0	0	0	0	0	0	0	1	0	0	0	1	0	0	0	0	0	0	0	5	11	5	5	10	2	0	0
ASV3253	1	1	0	0	0	0	2	2	0	0	0	0	2	0	10	2	3	6	4	1	3	5	0	0	0	0	0	0	0	1	0	0	0	0	0	0	0	0	0
ASV3302	1	3	0	1	0	1	0	0	0	0	0	1	1	1	1	3	2	0	3	2	3	3	0	1	4	1	0	1	0	1	4	0	0	2	1	0	0	1	1
ASV3374	0	0	0	0	0	0	0	0	0	0	1	0	0	0	3	2	4	3	13	0	1	1	1	0	0	0	0	0	0	12	2	0	0	0	0	0	0	0	0
ASV3388	9	0	1	1	0	0	2	0	0	1	0	1	0	0	1	0	0	2	1	2	0	0	0	1	4	1	4	1	0	1	1	1	0	0	0	0	0	6	2
ASV3458	3	0	0	0	0	0	0	0	0	0	0	0	0	0	0	0	0	0	0	1	0	2	0	1	0	0	0	0	0	1	0	1	20	2	3	0	2	5	2
ASV3526	0	5	1	0	5	3	4	0	0	3	0	0	0	0	0	0	0	0	0	4	0	0	0	1	2	2	2	2	1	0	0	4	0	2	0	0	0	0	2
ASV3629	2	0	0	1	0	0	0	0	0	0	0	0	0	0	1	0	0	0	0	0	0	3	0	0	0	0	1	0	0	1	0	2	3	5	4	4	5	11	0
ASV3741	1	0	1	1	1	2	0	0	1	0	0	0	3	2	1	0	1	3	3	0	2	1	1	0	2	0	1	1	0	2	4	0	0	0	0	2	0	6	1
ASV3745	1	0	2	0	2	0	0	2	3	0	0	0	1	0	0	1	1	6	1	1	1	4	5	0	0	0	0	2	2	0	6	0	0	1	0	0	1	0	0
ASV3821	5	4	2	0	3	0	2	0	0	2	0	0	0	0	0	0	0	0	0	3	0	0	0	1	0	2	1	0	2	0	0	2	4	3	1	6	0	0	0
ASV3858	0	3	0	0	1	4	0	0	5	3	5	1	0	1	0	1	0	0	4	2	1	3	0	0	3	0	1	0	0	2	0	0	0	1	0	1	0	0	1
ASV3928	5	0	6	0	1	1	1	0	0	3	0	0	0	0	0	0	0	0	0	5	0	1	0	2	2	3	0	6	1	0	0	1	2	2	0	0	1	0	0
ASV4128	3	2	1	0	2	1	1	0	1	1	0	0	0	0	0	0	0	0	0	0	0	0	1	2	1	1	0	1	0	0	0	4	8	7	3	0	0	3	0
ASV4217	1	0	0	1	0	0	1	0	0	0	1	0	1	0	0	0	2	1	0	0	1	0	0	0	0	1	0	0	1	2	0	5	0	8	6	0	3	6	2
ASV4263	4	2	0	0	0	0	2	0	0	0	0	0	0	0	0	0	0	0	0	1	0	0	0	1	0	2	1	1	1	0	0	2	6	5	8	7	0	0	0
ASV4399	0	0	0	0	1	0	0	0	0	0	0	1	1	2	2	1	8	8	11	0	1	4	1	1	0	0	0	0	0	0	0	0	0	0	1	0	0	0	0
ASV4446	4	3	1	1	1	0	1	0	0	0	0	0	0	0	0	0	3	6	3	1	1	1	1	2	1	0	0	0	0	0	1	1	0	6	1	1	1	2	0
ASV4472	0	2	3	0	1	1	1	0	0	3	0	0	0	0	0	1	0	0	0	1	0	0	1	1	1	1	3	1	2	1	1	0	7	1	5	4	0	1	0
ASV4533	0	0	0	1	0	0	0	0	1	1	2	1	0	6	4	4	2	3	2	0	3	1	7	1	0	0	0	0	0	3	1	0	0	0	0	0	0	0	0
ASV4552	1	2	1	0	1	2	4	0	1	1	2	0	0	0	0	1	0	1	1	2	1	1	1	0	1	2	2	2	2	0	2	3	0	3	1	0	0	2	0
ASV4565	0	2	0	1	0	1	2	0	0	0	0	0	0	0	0	0	0	0	0	1	0	0	0	2	0	2	0	1	0	0	0	10	7	7	6	0	1	0	0
ASV4618	4	5	2	3	2	1	1	0	1	0	0	0	0	0	0	0	1	0	1	3	0	1	0	6	1	1	4	0	0	1	0	0	0	2	2	0	0	1	0
ASV4628	0	1	1	0	0	0	0	3	0	1	1	1	0	0	0	0	1	0	1	3	0	1	0	3	1	0	0	0	0	1	0	2	4	1	2	10	4	1	0
ASV4777	2	0	1	0	1	0	1	0	0	1	0	0	0	0	0	0	0	0	0	3	0	0	0	1	0	2	1	2	0	0	0	2	1	4	8	12	0	1	0
ASV4922	0	4	3	3	3	2	1	2	0	2	0	0	0	0	0	0	0	0	0	2	0	0	0	0	2	2	2	1	5	0	0	0	0	3	1	0	0	0	5
ASV4996	3	1	0	1	0	0	0	0	0	2	0	0	0	0	0	0	0	0	0	2	0	0	0	1	1	0	1	1	0	0	0	8	8	4	1	2	3	3	1
ASV5006	2	2	0	0	0	1	2	1	1	1	0	1	0	1	0	0	0	0	0	2	0	0	0	3	1	4	1	1	1	0	0	4	1	3	2	4	0	4	0
ASV5484	5	0	2	3	8	2	0	2	0	5	0	0	0	0	0	0	0	0	1	3	1	0	1	0	0	1	1	1	1	0	1	1	0	0	2	0	0	2	0
ASV5768	3	1	3	1	1	5	2	0	0	2	0	2	0	0	1	0	0	0	0	6	0	0	1	4	3	3	2	1	2	0	0	0	0	0	0	0	0	0	0
ASV2121	0	1	0	0	0	0	0	0	0	0	0	1	0	0	1	0	0	4	3	0	3	7	5	1	0	0	0	0	0	6	8	0	0	1	0	0	0	1	0
ASV2163	0	5	4	3	1	1	1	1	0	5	0	0	0	0	0	0	0	0	0	1	0	0	0	1	0	1	1	1	1	0	0	0	0	4	1	10	0	0	0
ASV2192	0	0	0	0	1	0	0	0	0	0	0	0	0	0	1	0	0	0	0	2	0	0	0	1	0	0	0	0	0	0	0	13	0	13	2	0	1	8	0
ASV2272	0	2	2	0	1	1	0	1	0	1	0	1	0	0	1	1	2	2	2	0	6	2	7	1	2	2	2	0	1	2	0	0	0	0	0	0	0	0	0
ASV2412	4	4	0	1	0	0	5	0	0	5	0	0	0	0	0	0	0	1	1	1	2	5	2	4	2	1	0	0	0	0	3	0	0	0	1	0	0	0	0
ASV2434	2	2	1	4	3	1	3	3	3	0	0	3	0	1	0	0	0	2	0	1	2	1	0	1	1	2	0	4	0	1	1	0	0	0	0	0	0	0	0
ASV2478	1	1	1	0	3	0	2	2	4	1	0	0	0	0	1	2	1	1	1	1	0	2	1	1	1	1	1	3	2	2	2	0	1	0	0	3	0	0	0
ASV2566	1	0	0	0	0	0	0	0	0	0	0	1	0	0	0	0	0	0	0	0	0	0	0	0	0	1	0	1	0	0	0	8	8	5	2	1	9	4	1
ASV2592	1	2	0	0	1	2	1	0	0	0	1	0	0	0	0	0	0	0	1	2	0	0	0	2	1	2	1	0	0	0	1	6	2	2	5	2	5	2	0
ASV2609	0	0	1	0	0	1	0	0	0	3	0	1	2	0	5	5	2	0	4	0	3	1	4	1	0	0	0	2	0	2	2	1	1	0	1	0	0	0	0
ASV2619	1	0	0	0	0	2	0	1	0	0	0	0	0	0	0	0	0	0	0	0	0	0	0	2	0	0	2	0	0	0	0	0	16	4	10	3	1	0	0
ASV2636	8	1	1	1	0	1	0	1	2	1	1	0	0	1	0	1	0	0	0	0	0	0	0	0	2	3	0	1	1	0	0	2	1	0	2	0	1	6	4
ASV2638	2	6	2	1	2	4	2	1	0	2	0	1	0	0	0	0	0	0	0	5	0	0	1	5	2	3	1	0	1	0	0	0	0	0	0	0	0	1	0
ASV2682	0	2	2	1	1	5	8	2	2	2	0	1	0	0	0	0	0	0	0	0	0	0	0	3	1	6	3	1	2	0	0	0	0	0	0	0	0	0	0
ASV2731	0	1	0	0	0	1	0	0	0	0	0	0	0	0	0	0	0	0	0	1	0	0	0	3	0	0	1	0	2	0	0	4	4	11	3	9	0	0	2
ASV2764	0	0	0	0	0	0	0	0	0	0	0	0	0	0	0	0	0	0	0	1	0	0	0	0	0	0	0	0	0	0	0	0	13	0	4	24	0	0	0
ASV2768	2	0	0	0	0	1	0	0	0	1	0	0	0	0	0	0	0	0	0	1	0	0	0	0	1	2	0	0	2	0	1	1	6	10	4	6	1	3	0
ASV2794	0	0	0	0	0	0	0	0	0	0	0	0	0	0	0	0	0	0	0	0	0	0	0	0	0	0	0	0	0	0	0	23	9	5	2	1	2	0	0
ASV2800	2	4	1	0	2	0	3	0	1	7	0	0	0	0	0	0	0	1	0	2	0	0	0	1	3	3	2	2	2	1	0	1	0	0	0	0	0	4	0
ASV2820	2	3	0	1	1	0	2	0	3	1	0	1	0	2	0	0	1	4	2	0	0	6	1	1	2	0	1	1	1	3	3	0	0	0	0	0	0	0	0
ASV2868	0	3	3	1	1	1	1	0	0	4	0	0	0	0	0	0	0	0	0	1	0	0	0	4	4	3	2	0	0	0	1	0	0	0	2	11	0	0	0
ASV2914	1	5	4	1	2	2	1	2	0	1	1	1	0	0	0	1	0	1	0	2	3	0	0	2	1	1	0	5	2	0	0	0	0	0	0	0	0	1	2
ASV2932	0	1	1	1	1	3	3	1	1	4	1	0	1	0	0	1	0	3	3	0	2	2	1	3	0	2	1	3	1	0	0	0	1	0	1	0	0	0	0
ASV2954	0	1	0	0	0	1	1	0	0	0	0	0	0	1	0	0	0	0	0	3	0	0	0	4	0	0	2	1	1	0	0	4	0	1	1	2	18	0	1
ASV2955	4	0	1	0	0	0	0	0	0	0	0	0	0	0	0	0	0	0	0	0	0	0	0	0	0	0	0	0	1	0	0	4	21	2	1	0	3	3	2
ASV2967	1	3	4	3	0	4	5	3	1	1	1	1	0	0	1	1	1	0	0	0	0	0	0	2	2	1	1	0	2	1	1	0	0	0	0	0	0	0	2
ASV3007	0	1	3	1	1	1	0	1	1	0	0	0	0	4	2	4	1	2	2	1	3	0	2	1	0	2	2	1	0	1	2	0	1	1	0	0	0	1	0
ASV3017	6	4	1	2	1	3	1	0	0	2	0	0	0	0	0	0	0	0	0	4	0	0	0	3	5	3	3	2	2	0	0	0	0	0	0	0	0	0	0
ASV3024	1	3	3	0	1	0	1	0	0	2	0	1	1	1	1	3	0	0	0	4	0	0	0	2	2	3	2	1	0	1	0	2	2	1	1	0	1	2	0
ASV3029	0	0	3	0	0	0	1	0	2	1	0	0	0	3	2	0	0	0	1	3	2	5	6	1	1	2	3	2	1	0	1	0	0	0	0	1	0	0	1
ASV3052	4	2	3	1	0	0	1	3	0	2	0	1	1	1	4	1	1	1	0	3	1	0	1	1	2	2	3	0	2	0	1	0	0	0	0	0	0	0	0
ASV3203	2	5	3	0	1	0	0	3	0	3	0	0	0	0	0	0	0	0	1	3	2	1	0	2	2	1	2	2	2	1	0	1	1	1	1	1	0	0	1
ASV3283	1	0	1	2	1	0	0	0	0	0	1	2	0	5	3	6	4	2	3	0	2	1	0	0	0	0	2	1	0	2	1	0	0	1	0	0	0	1	0
ASV3299	0	4	0	0	0	1	0	0	0	0	1	2	5	0	2	1	0	1	2	1	2	0	7	0	1	2	0	0	0	0	8	0	0	0	0	0	0	1	1
ASV3311	3	0	3	3	1	1	0	0	2	2	1	0	0	0	1	0	0	0	0	1	0	0	0	1	1	0	1	0	1	0	0	2	5	4	1	3	3	1	1
ASV3318	1	2	0	3	2	0	2	2	1	3	1	1	0	2	0	0	1	1	2	1	1	0	1	3	2	1	0	3	1	1	0	1	0	3	0	0	0	0	0
ASV3340	3	0	5	0	1	2	2	3	0	4	0	1	1	0	0	1	1	0	0	3	0	0	1	4	2	1	4	1	2	0	0	0	0	0	0	0	0	0	0
ASV3364	6	6	4	1	2	1	1	0	0	1	0	0	0	1	0	0	0	0	0	5	0	0	2	4	1	2	4	0	1	0	0	0	0	0	0	0	0	0	0
ASV3712	3	2	0	1	0	3	5	2	0	1	0	1	2	0	0	1	0	1	1	2	0	1	2	2	1	4	2	1	1	0	0	0	0	1	0	0	0	2	0
ASV3893	5	1	0	0	0	0	2	1	0	0	0	0	0	0	0	1	0	0	0	0	0	0	3	2	0	1	2	0	0	1	0	3	0	6	2	0	7	4	1
ASV3986	2	1	1	0	2	3	1	0	0	3	0	1	0	0	1	0	0	1	0	5	0	0	0	6	2	2	3	5	0	0	0	0	0	0	0	0	0	2	1
ASV4001	0	0	2	3	0	5	0	1	1	3	1	0	0	0	0	0	0	0	0	2	0	0	0	3	1	2	2	2	1	0	1	1	0	4	3	0	2	2	0
ASV4048	0	0	1	0	0	0	0	0	0	1	0	0	0	0	1	0	0	0	0	1	0	0	0	3	0	0	1	0	0	0	1	6	9	7	2	5	1	3	0
ASV4075	2	2	1	0	0	0	0	1	0	2	1	0	0	0	0	1	1	0	0	1	0	0	0	2	2	1	1	0	0	1	0	0	5	5	1	6	0	5	1
ASV4116	1	5	0	1	0	0	0	0	0	0	0	2	0	0	0	2	3	5	2	0	1	2	2	1	0	0	1	1	1	7	4	1	0	0	0	0	0	0	0
ASV4632	0	0	2	3	3	2	2	1	1	0	4	0	0	0	0	0	1	0	0	0	0	0	0	1	1	1	0	1	1	0	1	2	0	0	1	0	1	0	13
ASV4739	1	3	2	0	3	2	0	1	0	1	1	0	0	0	0	0	0	0	0	2	0	0	0	5	1	0	0	3	0	1	0	0	1	9	1	1	1	2	1
ASV4784	9	1	0	0	1	1	0	0	1	1	0	0	0	0	0	0	0	0	0	0	0	0	0	0	3	0	2	0	0	0	0	1	13	1	3	4	0	1	0
ASV4823	1	1	2	0	0	0	0	0	0	0	0	0	2	0	0	0	0	0	0	0	0	0	0	0	0	0	1	1	0	0	0	5	0	1	2	0	2	23	1
ASV5514	4	4	3	3	3	1	1	5	1	2	1	0	0	0	0	0	0	0	0	1	0	0	0	2	1	1	2	2	3	0	0	0	0	0	1	0	0	0	1
ASV5817	4	1	2	1	1	0	0	2	0	1	0	1	0	0	1	0	0	0	0	1	0	0	0	1	1	2	0	0	1	0	0	1	2	0	1	1	0	9	8
ASV2109	14	1	2	1	1	1	3	0	0	2	0	0	0	0	0	0	0	0	0	0	0	0	0	2	2	0	4	0	0	1	0	2	1	1	0	1	0	2	0
ASV2171	4	2	0	1	1	0	0	5	7	1	1	0	1	3	0	1	1	2	1	2	1	0	0	1	0	0	0	3	2	0	1	0	0	0	0	0	0	0	0
ASV2350	2	1	0	0	0	0	1	1	4	0	10	7	0	3	1	0	0	2	1	0	0	0	0	1	2	1	1	0	1	0	1	0	0	0	0	1	0	0	0
ASV2473	0	0	0	0	0	0	0	0	2	0	0	0	0	0	0	0	0	0	0	0	0	0	0	0	0	0	1	0	0	0	0	14	9	4	2	0	2	7	0
ASV2501	0	0	3	3	3	2	0	1	0	4	0	1	0	0	0	0	0	0	0	0	0	0	0	0	1	9	1	11	2	0	0	0	0	0	0	0	0	0	0
ASV2517	0	1	0	0	0	0	0	0	0	0	0	0	0	0	1	0	0	0	0	1	0	0	0	0	0	0	1	0	0	0	0	0	32	2	0	2	0	1	0
ASV2544	0	3	2	1	0	1	2	1	0	0	0	0	0	0	0	0	0	0	0	5	0	0	0	4	5	3	4	0	2	0	0	1	0	2	3	1	0	0	1
ASV2575	3	0	2	0	0	1	0	0	0	1	0	0	0	0	1	0	0	0	1	0	1	0	1	0	2	2	1	0	0	1	1	1	9	0	0	0	6	6	1
ASV2580	0	0	1	0	0	0	0	0	0	0	0	0	0	0	0	0	0	0	0	0	1	0	0	0	0	0	0	0	0	0	0	16	10	9	3	0	1	0	0
ASV2581	6	1	1	2	3	2	1	3	0	2	0	0	0	0	0	0	0	0	0	5	0	0	0	1	2	3	2	1	3	0	0	0	0	0	0	0	1	2	0
ASV2587	0	0	0	0	1	0	1	0	0	1	0	0	0	0	1	1	0	0	0	1	1	0	0	1	2	0	0	2	1	0	0	4	2	2	2	0	4	14	0
ASV2600	0	0	1	1	0	0	0	0	0	0	0	0	0	0	0	0	0	0	0	3	0	0	0	0	0	0	2	0	1	33	0	0	0	0	0	0	0	0	0
ASV2640	2	0	2	0	3	3	3	0	0	2	1	0	0	0	0	1	0	0	0	5	1	0	0	2	1	3	1	4	2	0	0	1	0	0	1	0	3	0	0
ASV2649	1	0	0	0	0	1	0	0	0	0	0	0	0	0	0	2	0	0	0	0	0	0	0	0	0	0	0	0	0	0	0	3	5	5	3	3	16	1	1
ASV2872	3	3	2	0	2	0	1	1	0	2	0	1	0	0	0	0	0	1	0	5	1	1	0	6	2	4	1	1	1	0	0	0	0	0	1	0	0	2	0
ASV2896	1	1	0	0	0	0	1	0	0	1	1	2	1	0	0	0	4	5	1	2	0	1	1	1	0	1	1	1	2	10	2	0	0	0	0	0	1	0	0
ASV2909	2	1	1	1	0	1	1	1	0	0	1	1	0	2	0	0	0	0	3	2	0	1	0	0	2	1	2	1	1	0	0	2	0	4	2	0	0	7	1
ASV2950	0	0	1	0	0	0	0	0	0	0	0	0	0	0	0	0	0	0	0	0	0	0	0	0	0	0	0	0	0	0	0	9	12	4	10	2	2	1	0
ASV2982	0	1	3	0	1	1	1	3	1	2	0	0	0	0	1	0	0	0	0	2	0	0	0	3	0	2	0	0	2	0	0	3	0	6	1	0	1	4	3
ASV3021	0	0	0	0	1	0	1	0	0	0	0	0	0	0	0	0	0	0	0	0	0	0	0	0	0	1	0	0	0	0	0	4	0	18	5	0	9	1	1
ASV3037	4	1	0	0	1	0	0	0	1	1	0	0	0	0	0	1	0	1	1	0	0	1	1	2	1	0	0	0	0	0	0	2	9	2	1	7	1	2	1
ASV3043	4	0	0	0	0	0	0	0	0	0	0	0	0	0	0	0	0	0	0	1	0	0	0	0	0	0	0	0	0	0	0	1	0	11	24	0	0	0	0
ASV3101	9	4	2	1	1	0	1	1	0	4	1	0	0	0	0	0	0	2	0	0	1	2	0	2	2	1	0	2	1	0	1	0	0	0	0	0	0	3	0
ASV3142	2	6	3	0	1	2	0	0	0	3	0	0	0	0	0	0	0	0	0	4	0	0	0	2	2	0	4	0	2	0	0	2	1	2	1	4	0	0	0
ASV3220	1	1	3	0	0	2	2	3	0	0	0	0	0	0	0	1	0	0	0	3	0	0	0	2	1	0	0	0	1	0	0	0	5	7	5	3	1	0	0
ASV3263	2	3	1	1	2	0	2	3	1	4	2	3	0	0	3	0	0	1	0	2	0	1	0	1	1	2	1	2	1	1	0	0	0	0	0	0	0	0	1
ASV3317	1	1	2	0	4	0	3	1	3	2	1	2	2	1	0	0	0	1	0	4	0	0	1	2	1	3	0	2	3	0	0	0	0	0	0	0	0	0	1
ASV3395	0	1	2	2	5	2	4	1	1	1	1	0	1	2	1	0	1	0	0	0	1	0	3	1	1	1	3	4	2	0	0	0	0	0	0	0	0	0	0
ASV3469	9	2	1	0	3	3	0	0	0	5	0	0	0	0	0	0	0	0	0	3	0	0	0	1	1	0	2	0	2	1	1	0	2	0	1	1	1	2	0
ASV3499	4	4	0	0	0	1	0	0	0	0	1	0	0	0	0	0	0	0	0	2	0	0	0	0	0	1	1	1	0	0	0	2	6	4	7	1	3	3	0
ASV3525	3	1	1	1	1	0	0	0	1	1	1	0	0	0	1	0	0	0	0	3	0	0	0	1	0	2	0	0	0	0	0	0	7	3	3	11	0	0	0
ASV3564	2	4	1	0	3	1	1	5	0	0	0	0	0	0	0	0	0	0	0	4	0	1	0	1	2	0	1	1	0	0	0	2	1	2	0	3	6	0	0
ASV3652	2	0	3	2	2	0	1	0	2	3	0	0	0	0	0	0	3	0	0	2	0	0	0	3	4	0	2	0	1	3	1	1	0	0	2	0	1	1	2
ASV3654	9	3	1	2	0	1	1	0	0	2	0	1	0	0	0	0	0	0	0	3	0	0	0	2	0	0	0	1	0	0	0	1	4	2	1	3	3	1	0
ASV3711	0	0	2	0	1	3	2	0	0	1	5	2	5	2	0	0	1	0	3	2	1	0	2	1	2	0	1	0	1	1	3	0	0	0	0	0	0	0	0
ASV3731	1	1	2	0	0	1	2	0	1	1	2	1	0	2	1	3	3	1	1	3	0	0	0	1	2	2	2	0	0	0	8	0	0	0	0	0	0	0	0
ASV3790	1	3	4	3	2	0	0	2	2	1	0	0	1	0	0	1	1	0	0	3	0	1	0	2	0	1	2	1	2	0	0	0	1	0	0	1	2	3	1
ASV3860	0	2	2	1	1	1	0	5	1	0	2	0	0	0	0	4	1	0	0	1	2	2	1	0	2	1	1	1	0	0	1	0	0	1	2	0	1	4	1
ASV3864	0	0	0	0	0	0	0	0	0	0	0	0	0	0	0	0	0	0	0	1	0	0	0	1	0	1	0	0	0	0	0	16	1	0	2	0	1	17	1
ASV3915	0	1	1	0	0	0	0	0	0	1	1	0	0	0	0	0	0	0	0	0	0	0	0	1	1	1	1	1	1	0	1	5	10	6	3	3	1	2	0
ASV3926	0	1	5	3	1	3	4	4	7	1	2	2	0	0	0	0	0	0	0	2	0	0	0	0	1	0	1	3	1	0	0	0	0	0	0	0	0	0	0
ASV4015	0	2	2	2	0	0	0	0	1	1	0	2	0	0	0	1	0	0	0	0	0	0	0	0	3	1	0	0	1	0	1	6	5	9	1	0	1	1	1
ASV4051	5	3	2	1	0	0	1	2	0	4	0	0	0	0	0	0	0	0	0	4	0	0	1	8	2	2	1	0	0	0	0	2	1	0	0	0	1	1	0
ASV4238	0	1	0	0	0	1	2	0	1	0	3	0	3	4	3	3	1	1	1	0	2	2	6	1	1	0	1	0	0	2	2	0	0	0	0	0	0	0	0
ASV4259	0	2	2	2	1	1	0	0	1	1	0	0	1	0	0	0	1	0	0	1	0	1	1	0	5	0	2	1	2	0	0	1	0	0	3	0	0	0	12
ASV4314	4	2	0	2	1	0	0	1	0	1	0	0	0	0	0	0	0	2	0	1	3	5	2	1	0	0	0	0	0	1	4	0	0	6	5	0	0	0	0
ASV4319	2	1	2	0	0	0	0	1	0	3	0	0	1	1	0	0	4	2	2	2	2	1	1	2	0	3	0	0	0	0	0	2	0	1	0	0	0	8	0
ASV4352	6	1	0	0	1	1	2	2	0	0	2	2	0	1	1	4	6	2	0	0	2	1	0	0	0	1	0	1	0	1	3	0	0	0	0	0	0	0	1
ASV4422	4	2	1	2	0	1	1	1	0	0	1	0	1	0	0	1	2	1	3	1	5	1	1	0	0	1	1	1	3	0	4	0	0	0	0	0	1	1	0
ASV4427	1	3	4	2	2	2	0	1	1	5	2	0	0	0	1	0	0	0	0	0	1	0	0	2	4	1	2	4	0	1	0	0	0	0	0	0	1	1	0
ASV4543	2	5	2	1	1	0	1	1	0	2	0	0	0	0	0	1	1	0	0	1	0	1	1	4	2	1	0	0	0	0	1	1	0	5	3	1	0	2	1
ASV5087	2	1	1	5	0	2	1	1	3	1	2	1	0	0	0	0	0	0	0	2	0	0	0	3	4	7	1	2	0	0	0	0	0	0	0	0	0	0	2
ASV5253	0	2	0	4	0	4	0	1	2	0	1	1	0	1	2	1	3	2	4	1	1	1	0	0	1	1	1	0	0	0	0	0	0	3	1	0	0	0	3
ASV5649	2	0	1	4	1	5	1	3	2	2	2	2	0	0	1	0	0	2	0	2	0	0	0	2	0	3	0	2	1	1	0	0	0	0	0	0	2	0	0
ASV5854	2	0	0	1	0	0	0	0	2	0	0	0	0	0	0	0	0	0	0	1	0	0	0	0	1	0	1	0	0	0	0	5	14	2	2	9	0	1	0
ASV5872	1	1	1	1	0	1	0	0	0	1	0	0	0	0	0	0	2	0	1	1	1	0	0	1	1	1	0	2	0	0	0	4	2	1	10	1	4	3	0
ASV2233	0	1	0	1	0	1	0	0	1	1	1	0	0	0	0	1	0	0	1	1	1	0	0	1	1	0	0	0	0	0	0	13	2	7	5	0	1	0	0
ASV2315	2	1	1	0	1	1	2	0	1	2	0	0	0	0	0	0	0	0	0	2	0	0	0	4	1	0	1	0	0	0	0	0	1	4	0	16	0	0	0
ASV2382	10	3	1	0	0	2	1	0	0	1	0	0	0	0	0	0	0	0	0	5	0	0	0	2	2	1	3	3	6	0	0	0	0	0	0	0	0	0	0
ASV2418	5	0	0	0	0	0	3	0	0	0	0	2	0	1	0	0	3	7	2	0	3	1	7	1	0	0	1	0	0	2	2	0	0	0	0	0	0	0	0
ASV2420	0	0	0	0	0	1	0	0	0	0	0	0	0	0	1	0	0	0	0	0	0	0	0	0	0	0	0	0	0	1	0	7	7	5	5	6	6	0	1
ASV2512	4	0	0	0	0	0	1	0	1	0	1	0	0	0	0	0	0	0	0	0	0	0	0	0	0	0	0	0	0	0	0	13	0	4	1	0	6	7	2
ASV2516	1	0	2	1	0	1	0	1	1	0	0	0	0	0	0	1	2	1	4	4	2	3	4	1	0	2	1	0	1	2	4	0	0	0	0	1	0	0	0
ASV2588	0	0	0	0	0	0	0	0	0	0	0	0	0	0	0	0	0	0	0	0	0	0	0	0	0	0	0	0	0	0	0	0	25	9	1	2	1	1	1
ASV2691	2	0	0	0	1	0	0	0	0	3	0	0	0	0	0	0	0	0	0	0	0	0	0	0	1	0	0	0	0	1	0	6	0	10	8	0	1	2	5
ASV2724	1	5	0	1	0	0	0	0	0	0	0	0	0	0	0	0	0	0	0	0	0	0	1	1	2	0	2	0	1	0	0	4	6	5	6	1	1	3	0
ASV2725	3	3	0	1	1	0	1	0	0	1	0	0	0	0	0	0	0	0	0	0	0	0	0	1	3	2	1	0	0	0	0	0	4	1	1	17	0	0	0
ASV2732	2	0	0	0	1	3	0	0	1	1	0	1	0	1	1	0	2	3	0	3	2	0	0	0	0	0	1	1	0	0	2	5	0	7	3	0	0	0	0
ASV2783	3	0	0	0	0	2	0	0	1	0	0	1	0	0	1	2	2	2	1	1	5	3	1	1	0	0	2	2	0	1	8	0	0	0	0	0	0	1	0
ASV2803	3	1	2	0	0	1	0	1	0	1	0	0	0	0	0	0	0	0	0	2	0	0	0	0	1	1	0	2	1	0	0	0	1	2	3	18	0	0	0
ASV2805	0	0	0	0	0	0	0	0	0	0	0	0	0	0	0	0	0	0	0	0	0	0	0	0	0	0	1	0	3	0	0	0	7	6	5	18	0	0	0
ASV2808	6	1	2	1	1	3	2	2	4	0	2	2	0	0	2	1	0	0	0	2	0	0	2	0	1	1	1	0	4	0	0	0	0	0	0	0	0	0	0
ASV2838	2	3	3	1	1	2	1	6	5	0	1	0	2	0	0	0	0	0	0	0	0	1	1	2	1	0	2	2	3	0	1	0	0	0	0	0	0	0	0
ASV2865	2	6	0	2	4	0	0	0	1	2	0	0	2	0	2	1	1	0	1	2	1	1	1	0	2	4	0	0	0	2	2	0	0	0	0	0	0	0	1
ASV2873	0	0	3	1	1	2	2	3	0	3	1	0	2	0	0	0	0	0	0	9	0	0	0	3	1	3	1	0	3	0	0	0	0	0	1	1	0	0	0
ASV2883	2	2	1	1	3	0	1	2	1	1	1	3	0	1	0	0	0	1	1	3	1	0	2	1	0	4	1	3	2	1	0	0	0	0	0	0	0	0	1
ASV2898	8	2	2	2	0	1	0	0	0	1	0	0	0	0	0	0	0	0	0	4	0	0	0	1	0	0	0	1	0	0	0	1	5	2	2	0	0	6	2
ASV2929	5	2	3	0	2	0	0	0	0	4	1	1	0	0	0	0	0	0	1	1	0	0	0	3	0	1	6	2	0	0	0	0	0	0	0	4	0	4	0
ASV2938	1	3	1	3	1	2	0	4	3	1	3	4	0	1	1	0	0	0	1	2	1	0	0	0	1	0	2	0	3	1	0	0	0	1	0	0	0	0	0
ASV2953	3	5	2	0	0	0	0	1	0	1	0	0	0	0	1	1	0	0	0	2	0	0	2	0	1	1	1	0	1	0	0	2	1	3	1	0	0	5	6
ASV2970	2	2	0	0	1	1	0	2	0	0	0	0	0	0	0	0	1	4	0	4	1	1	2	4	3	1	1	2	2	2	0	0	0	0	1	1	0	2	0
ASV2973	1	3	0	1	1	1	0	0	1	1	0	0	0	0	1	2	3	2	2	3	1	0	8	0	0	0	1	1	0	2	2	1	0	0	0	0	0	1	1
ASV3012	0	6	2	2	1	0	2	3	1	3	0	0	0	0	1	0	0	0	0	1	0	0	0	1	3	2	0	1	1	0	0	0	0	1	0	0	0	7	2
ASV3076	3	1	1	0	0	0	1	0	0	0	0	0	0	1	1	0	1	0	2	0	2	3	2	2	0	1	0	0	0	3	4	2	1	3	1	0	4	1	0
ASV3078	3	4	0	0	0	0	2	1	2	1	0	0	0	1	2	0	2	2	0	0	1	0	0	0	4	1	1	0	2	0	0	1	1	4	1	0	2	2	0
ASV3096	4	5	2	1	0	2	1	0	1	3	0	1	0	1	0	1	1	2	0	1	1	1	3	3	2	2	1	0	0	0	0	0	0	0	0	0	0	1	0
ASV3152	8	1	0	2	0	0	0	1	1	1	0	0	0	4	0	0	2	5	1	2	1	0	0	1	0	1	0	0	0	1	2	1	0	0	1	0	0	1	3
ASV3174	2	1	3	4	1	2	2	0	2	5	1	2	0	0	0	0	0	0	0	1	0	0	0	4	3	3	1	2	1	0	0	0	0	0	0	0	0	0	0
ASV3175	5	2	5	1	2	1	1	1	1	2	0	0	0	0	0	0	0	0	0	0	0	0	0	6	3	3	3	0	1	0	0	0	0	0	1	2	0	0	0
ASV3200	0	0	3	0	1	0	0	0	0	0	1	0	6	18	3	4	0	0	0	0	0	0	1	0	0	0	0	0	0	2	0	0	0	0	0	0	1	0	0
ASV3212	3	0	2	1	1	1	0	0	0	1	0	0	0	0	1	1	3	4	0	0	3	4	1	0	1	1	3	1	0	0	3	0	0	1	3	0	1	0	0
ASV3271	14	0	1	0	0	0	3	2	0	1	1	0	0	0	0	1	4	0	0	2	1	2	4	0	1	0	0	0	0	0	0	0	0	0	0	0	0	3	0
ASV3349	0	2	2	0	0	0	2	0	0	0	0	0	0	0	0	0	0	0	0	0	0	0	0	0	0	0	0	0	0	0	0	6	2	5	4	0	7	10	0
ASV3435	3	1	0	0	0	1	0	0	0	2	0	0	0	0	0	0	0	0	0	1	0	0	0	0	0	0	2	1	1	0	0	3	3	5	1	3	8	4	1
ASV3479	0	2	6	2	1	2	3	0	0	2	1	1	0	0	0	0	0	1	0	3	0	0	0	2	0	4	1	0	4	0	0	1	0	2	1	0	0	0	1
ASV3676	3	1	2	2	4	0	0	4	0	1	0	0	0	0	2	0	0	0	0	4	0	0	0	4	1	6	0	3	2	0	0	0	1	0	0	0	0	0	0
ASV3729	3	2	0	0	0	2	0	1	0	2	0	0	0	2	1	2	3	3	0	1	1	1	1	2	0	1	2	1	2	2	0	0	0	3	1	0	0	0	1
ASV3795	2	0	2	0	0	0	0	0	0	0	0	0	0	0	4	4	5	9	2	1	2	4	2	0	1	1	0	0	0	1	0	0	0	0	0	0	0	0	0
ASV3896	0	0	0	0	1	0	0	0	0	2	0	0	0	0	0	0	0	0	0	0	0	1	0	1	0	0	0	0	0	0	0	10	5	8	6	0	5	0	1
ASV4166	3	0	0	0	0	0	2	2	0	0	0	0	0	0	0	0	0	0	0	0	1	1	0	0	0	0	1	2	0	0	0	5	2	0	0	4	0	17	0
ASV4197	1	3	3	1	2	1	1	3	3	2	0	1	0	0	0	0	1	0	0	2	0	0	1	8	2	1	2	1	1	0	0	0	0	0	0	0	0	0	0
ASV4239	4	3	3	0	1	0	0	1	0	1	0	0	0	0	1	0	0	0	0	6	0	0	0	3	2	2	2	1	0	0	0	2	5	0	0	3	0	0	0
ASV4253	2	0	0	1	1	0	2	0	3	0	1	0	0	0	0	3	0	1	3	0	2	0	0	0	0	1	1	2	1	4	0	0	0	0	0	0	12	0	0
ASV4317	4	0	0	2	0	0	0	0	1	1	0	0	0	2	0	0	0	0	0	2	0	0	0	2	0	1	2	2	0	0	0	4	6	3	4	2	0	2	0
ASV4643	0	1	2	0	2	11	7	6	0	0	3	0	3	0	0	0	0	0	0	1	0	0	0	0	0	1	3	0	0	0	0	0	0	0	0	0	0	0	0
ASV4899	1	1	0	1	2	0	3	2	0	0	1	1	0	4	1	1	2	0	1	0	1	0	1	0	0	3	2	0	0	0	2	0	4	0	0	2	4	0	0
ASV5074	3	6	1	0	1	1	1	0	0	0	0	0	2	1	0	0	0	0	0	2	0	0	0	0	1	0	0	3	3	0	0	1	2	3	3	4	0	0	2
ASV5105	3	1	0	1	1	0	1	0	0	0	1	0	0	0	0	5	8	0	0	1	3	4	0	0	1	0	0	0	1	0	4	0	0	0	0	1	2	2	0
ASV5142	0	3	5	2	0	1	1	0	0	3	0	0	0	0	0	0	0	0	0	2	0	0	0	1	2	2	2	1	2	0	1	1	0	4	2	0	0	4	1
ASV5883	10	2	1	2	0	1	1	2	0	3	1	1	0	0	0	0	0	0	0	2	0	0	0	2	1	1	0	2	0	0	0	0	0	3	0	0	0	3	2
ASV2323	0	1	8	1	1	4	2	1	0	0	1	2	1	0	0	0	0	0	0	1	0	0	0	2	4	2	5	2	1	0	0	0	0	0	0	0	0	0	0
ASV2362	8	0	1	0	1	0	2	0	1	3	0	1	0	1	1	2	0	2	3	0	2	1	0	0	0	0	1	1	0	1	2	1	0	0	1	0	1	2	0
ASV2519	7	7	2	2	1	1	0	0	0	2	0	0	0	1	0	0	0	0	0	2	1	0	2	3	1	2	1	1	2	0	0	0	0	0	0	0	0	1	0
ASV2534	6	1	0	0	1	0	1	0	0	8	0	0	0	1	1	2	1	1	4	1	0	1	1	0	1	0	0	0	0	1	0	1	0	1	0	0	0	3	2
ASV2538	1	0	0	0	1	1	1	0	0	3	0	0	2	1	1	5	3	3	5	0	2	1	0	0	1	1	0	1	1	1	4	0	0	0	0	0	0	0	0
ASV2602	3	3	5	1	1	0	1	2	0	1	0	0	0	0	0	0	0	0	0	5	0	1	0	3	4	2	2	2	2	0	0	0	0	1	0	0	0	0	0
ASV2605	1	2	1	1	1	1	1	1	0	1	2	2	1	4	0	2	0	0	0	2	1	3	0	2	0	0	0	0	0	1	0	0	0	0	1	7	0	0	1
ASV2645	5	5	0	1	2	1	0	4	3	2	0	0	0	0	0	0	0	0	0	5	0	0	0	3	3	3	1	1	0	0	0	0	0	0	0	0	0	0	0
ASV2666	3	5	1	1	1	0	0	0	0	3	0	0	0	1	0	0	0	0	0	1	0	1	0	1	3	0	2	2	2	0	0	0	3	7	0	2	0	0	0
ASV2685	2	2	4	2	0	0	1	0	0	0	0	1	1	0	1	0	0	0	0	3	0	0	0	0	3	2	2	1	0	0	0	0	1	5	1	7	0	0	0
ASV2703	3	1	0	1	0	0	0	2	1	0	0	0	0	0	0	0	2	4	0	0	1	4	6	0	0	0	0	0	0	8	4	0	2	0	0	0	0	0	0
ASV2749	0	0	2	1	2	1	3	1	1	3	3	0	0	0	3	1	4	3	3	2	0	4	0	0	1	1	0	0	0	0	0	0	0	0	0	0	0	0	0
ASV2778	8	2	0	0	0	2	0	2	0	0	0	0	0	0	0	0	0	0	0	1	0	0	0	0	1	3	1	1	2	0	0	0	14	0	2	0	0	0	0
ASV2811	1	3	2	2	0	0	0	0	0	0	0	0	0	0	0	0	1	0	0	1	0	0	0	1	0	0	1	0	2	0	0	0	3	4	1	0	4	12	1
ASV2853	0	0	0	0	2	2	2	0	1	1	0	0	0	0	0	1	0	0	0	1	0	0	0	1	1	0	0	3	1	0	0	3	3	4	5	3	1	2	2
ASV2855	3	2	0	1	1	0	0	0	1	1	0	0	0	0	1	0	0	1	0	0	0	0	1	2	0	0	0	2	1	0	0	1	13	2	3	0	1	1	1
ASV2857	2	1	1	1	1	0	3	0	2	0	1	0	1	1	3	3	0	4	1	2	1	1	0	1	0	1	1	0	1	0	2	1	0	0	1	0	1	0	1
ASV2884	2	1	0	0	0	0	0	3	0	0	2	0	0	0	0	0	0	1	0	0	0	0	0	0	0	0	0	0	0	0	0	3	2	0	0	1	12	10	2
ASV2890	1	5	0	1	2	0	0	0	1	1	0	0	0	0	0	0	0	0	0	2	0	0	1	1	3	1	1	4	0	0	0	7	2	2	1	0	1	2	0
ASV2904	0	2	0	0	0	2	0	0	1	3	0	0	0	0	0	0	0	1	0	2	0	0	0	0	1	3	1	0	1	0	0	1	0	6	6	7	0	2	0
ASV2910	1	2	5	0	1	2	1	3	0	3	3	0	0	0	1	0	0	0	0	1	0	0	0	1	1	1	4	2	3	0	0	1	0	1	1	0	0	0	1
ASV2930	2	2	0	0	0	1	2	1	2	0	2	3	5	1	0	1	5	2	2	0	1	2	1	0	2	1	0	1	0	0	0	0	0	0	0	0	0	0	0
ASV2942	1	0	0	2	0	0	1	0	0	2	0	0	0	0	0	0	0	0	0	1	0	0	0	1	0	0	0	0	0	0	0	2	23	2	3	0	1	0	0
ASV2943	0	8	1	1	1	0	3	2	2	2	0	0	0	0	0	0	0	0	0	2	1	0	0	0	4	1	0	2	2	0	1	0	2	0	1	0	1	2	0
ASV2945	0	0	0	0	0	0	0	0	0	2	0	0	0	0	0	0	1	0	0	2	0	0	0	0	0	1	2	2	1	0	0	10	6	7	1	2	2	0	0
ASV2992	6	1	1	0	1	1	1	0	0	1	0	0	0	0	0	0	0	0	0	0	0	0	0	1	0	0	0	0	1	0	0	3	13	1	3	5	0	0	0
ASV3028	1	3	0	0	0	2	0	0	0	0	0	0	1	0	0	0	0	0	0	4	0	0	0	1	2	1	0	2	0	0	0	1	4	4	2	3	3	5	0
ASV3042	0	0	0	0	0	1	1	3	0	2	0	0	0	0	0	0	0	0	0	0	0	0	0	2	0	0	1	0	0	0	0	6	3	11	7	0	2	0	0
ASV3047	3	0	2	2	1	0	1	0	0	2	0	0	0	1	1	0	0	5	6	0	3	3	0	0	1	1	0	2	1	3	1	0	0	0	0	0	0	0	0
ASV3143	2	5	4	3	0	1	2	0	1	1	0	0	0	0	0	0	1	1	0	2	0	0	0	2	2	1	1	1	0	1	1	2	0	1	2	0	0	2	0
ASV3153	1	1	4	2	0	1	2	0	0	0	0	0	0	2	0	0	0	0	0	2	0	0	0	4	0	2	0	0	1	0	0	6	0	3	1	0	1	4	2
ASV3202	0	1	2	0	2	3	5	0	0	0	1	0	0	0	2	0	0	0	0	0	1	0	0	2	4	0	0	0	4	0	0	0	2	2	0	0	5	2	1
ASV3329	5	0	0	1	3	1	0	2	0	0	1	4	3	2	1	1	4	2	5	0	1	2	0	0	0	0	1	0	0	0	0	0	0	0	0	0	0	0	0
ASV3353	1	0	0	1	1	4	1	0	0	2	0	1	0	1	0	0	0	0	0	0	0	0	3	0	1	1	0	0	0	0	0	0	0	0	1	19	0	2	0
ASV3400	4	1	2	2	1	0	1	0	2	0	2	0	3	0	0	1	1	0	1	3	2	1	2	0	2	1	2	1	2	1	1	0	0	0	0	0	0	0	0
ASV3443	7	0	1	0	0	0	0	2	0	2	0	0	0	0	0	0	0	0	0	1	0	0	3	0	2	2	1	1	0	0	1	4	3	4	1	2	0	2	0
ASV3594	0	2	1	2	0	0	0	0	0	7	0	0	0	0	0	0	0	0	0	2	1	0	0	2	1	2	2	5	2	0	1	0	1	1	1	1	1	4	0
ASV3737	3	0	2	2	0	0	0	0	1	4	0	1	0	1	2	0	1	0	1	2	0	0	1	0	1	0	2	3	1	0	0	0	0	1	6	2	1	1	0
ASV3792	1	1	0	1	0	0	0	0	0	0	0	0	0	0	0	0	0	0	0	0	0	0	0	4	0	0	0	0	0	0	0	8	3	3	4	3	2	7	2
ASV3807	3	2	1	0	1	1	0	0	0	0	0	0	0	0	0	0	0	0	0	0	0	0	0	1	0	1	2	1	0	0	0	5	7	4	4	2	1	2	1
ASV3813	1	5	2	2	1	0	1	1	1	0	1	2	0	0	0	0	1	0	0	2	0	0	8	2	0	1	1	1	2	0	0	0	1	1	2	0	0	0	0
ASV3880	0	0	0	0	0	0	0	0	0	0	0	0	0	0	0	0	0	0	0	2	0	0	0	0	0	1	0	0	0	0	0	3	6	1	1	9	14	2	0
ASV3948	3	1	1	0	2	1	0	2	1	2	0	0	0	0	0	0	0	0	0	3	1	1	1	0	0	1	0	2	2	0	0	3	0	3	2	0	5	2	0
ASV3973	0	3	0	3	2	0	0	1	0	0	0	0	0	0	0	0	0	0	0	3	0	0	0	1	2	0	1	0	2	0	0	2	0	11	4	0	3	1	0
ASV3989	3	3	0	0	0	1	0	0	0	0	0	0	0	0	0	0	1	0	0	1	0	0	0	0	1	0	1	0	0	0	0	1	5	2	2	0	2	15	1
ASV4041	0	2	0	3	2	5	0	3	1	2	1	0	0	1	0	0	1	0	0	1	1	1	0	2	0	3	0	1	2	0	0	1	0	4	0	1	0	1	0
ASV4059	2	1	0	1	0	0	1	0	0	0	0	0	0	1	1	2	0	1	1	0	0	1	0	0	2	2	0	2	0	0	5	3	3	2	2	1	1	4	0
ASV4096	2	5	1	0	0	2	2	1	5	1	0	2	0	0	1	1	0	2	0	7	0	0	0	0	3	0	1	2	1	0	0	0	0	0	0	0	0	0	0
ASV4113	0	3	2	0	0	1	0	1	1	0	0	0	0	1	0	0	0	0	0	4	0	1	0	2	1	1	1	1	2	0	0	2	4	3	4	0	1	3	0
ASV4269	2	3	0	1	1	0	0	0	0	1	0	0	0	1	0	0	0	0	0	0	0	0	0	0	2	0	0	1	0	1	1	1	2	7	0	5	0	8	2
ASV4328	0	0	1	0	1	0	0	2	1	2	0	1	2	1	2	3	2	6	0	2	2	2	0	0	0	1	0	1	0	1	2	0	0	2	0	1	1	0	0
ASV4387	1	2	0	0	1	1	1	1	1	1	1	0	2	1	1	1	1	1	2	1	5	0	2	3	1	0	0	1	2	0	1	0	0	0	1	0	0	1	2
ASV4517	5	0	1	0	0	0	0	1	0	2	0	1	0	1	0	1	1	0	1	1	1	1	9	1	2	0	0	0	1	1	4	0	0	2	0	1	0	1	0
ASV4602	2	1	0	1	0	0	0	0	0	3	0	0	0	0	0	0	0	0	0	1	0	0	0	0	0	0	0	0	0	1	0	8	4	2	2	0	0	13	1
ASV4686	1	1	3	0	0	1	3	0	0	3	0	0	0	0	0	0	0	0	0	5	0	0	0	2	2	6	0	0	1	0	0	0	0	1	3	7	0	0	0
ASV4736	2	3	1	3	2	0	0	0	2	1	0	0	1	1	1	1	1	0	0	7	0	2	0	3	2	0	2	1	2	0	1	0	0	0	0	0	0	0	0
ASV4835	2	1	2	1	0	3	0	0	0	1	0	0	0	0	0	0	1	0	0	3	0	0	0	1	1	3	1	1	1	0	0	0	6	8	2	1	0	0	0
ASV5002	2	1	0	0	1	0	1	0	0	3	1	1	0	0	0	0	0	0	0	1	1	0	0	4	1	1	0	0	3	0	0	5	3	0	3	0	1	4	2
ASV5218	1	3	2	2	1	2	1	1	0	1	0	0	0	0	0	0	0	0	0	3	1	0	0	1	4	4	4	3	2	0	0	0	0	0	1	0	0	0	2
ASV5273	0	1	0	0	0	0	0	0	0	1	1	0	0	0	0	0	0	0	0	1	0	0	0	0	0	1	1	0	1	0	0	8	0	6	6	0	8	2	2
ASV5278	2	3	2	1	0	0	3	0	0	1	0	1	0	1	0	0	0	0	0	1	1	0	0	3	2	1	0	1	0	1	0	2	5	2	2	2	1	1	0
ASV5670	0	0	0	1	1	1	3	0	5	0	1	2	1	1	0	1	0	0	1	0	1	0	0	1	0	0	1	0	0	17	0	0	0	0	0	0	0	0	1
ASV5934	1	3	2	1	0	0	0	1	0	0	0	0	0	0	0	0	1	0	0	1	0	0	1	1	2	2	1	0	1	0	0	7	2	7	4	1	0	0	0
ASV2229	5	1	4	2	0	2	4	0	3	0	2	3	1	1	0	0	0	0	0	3	0	0	0	2	0	4	0	0	0	1	0	0	0	0	0	0	0	0	0
ASV2503	0	1	0	0	0	0	0	0	0	0	0	0	1	0	0	0	0	0	0	0	0	0	0	0	0	0	0	0	0	0	0	0	23	3	1	9	0	0	0
ASV2518	5	3	3	1	1	0	0	2	0	0	0	0	0	0	0	0	0	0	1	0	0	0	0	0	1	0	1	0	2	0	0	5	1	0	4	0	3	3	2
ASV2557	3	3	1	2	2	0	1	3	0	1	0	0	0	0	0	0	0	1	0	2	1	0	0	3	0	2	0	0	0	0	1	0	3	2	3	0	1	3	0
ASV2608	1	1	0	0	0	0	0	0	0	0	0	1	0	0	0	0	0	0	0	4	0	0	0	1	0	0	0	0	0	0	0	0	0	3	2	23	0	2	0
ASV2671	4	3	0	2	1	2	0	0	3	1	0	0	0	0	0	0	0	0	0	1	0	0	0	3	0	0	1	0	0	0	0	0	0	0	0	0	0	17	0
ASV2701	0	1	2	0	0	0	0	0	0	0	0	0	0	0	0	1	1	3	3	1	9	1	4	2	1	0	1	0	0	4	4	0	0	0	0	0	0	0	0
ASV2728	3	1	0	0	0	1	0	0	1	0	0	0	1	0	3	2	1	1	0	0	1	0	1	0	2	1	0	1	0	1	0	3	0	5	1	0	1	5	2
ASV2923	2	1	2	1	1	3	5	1	0	0	0	0	0	0	7	1	1	0	0	2	0	0	0	1	4	1	1	0	2	0	1	0	0	1	0	0	0	0	0
ASV2949	2	0	1	0	0	1	0	0	0	2	0	0	0	0	0	0	0	0	0	1	0	0	0	2	2	1	0	0	1	1	0	2	0	0	1	1	1	16	3
ASV2962	0	0	0	1	0	2	1	0	1	0	0	0	0	1	0	1	1	2	1	1	1	6	2	0	3	1	0	1	0	0	3	2	0	2	0	0	1	4	0
ASV3006	0	2	3	0	1	2	1	1	0	0	0	1	1	0	3	1	0	2	0	5	1	0	0	1	2	0	2	1	1	0	0	2	0	1	1	0	0	2	1
ASV3085	8	3	1	0	0	3	3	2	0	2	0	0	0	0	0	0	0	0	0	4	0	0	0	1	5	3	2	0	1	0	0	0	0	0	0	0	0	0	0
ASV3106	1	3	0	1	0	0	2	0	2	3	0	0	0	0	0	2	0	0	0	5	1	2	1	3	0	4	0	1	1	0	1	0	1	0	0	0	1	3	0
ASV3137	6	2	1	0	0	0	0	0	2	3	0	0	0	0	1	0	0	0	1	1	0	1	0	0	3	2	1	0	2	0	0	0	0	2	1	1	0	8	0
ASV3186	2	4	2	2	1	2	2	1	1	2	1	2	0	0	0	0	0	0	0	1	0	1	0	1	2	1	6	0	4	0	0	0	0	0	0	0	0	0	0
ASV3194	4	0	0	0	1	1	0	2	1	0	0	1	1	1	2	5	2	2	2	0	3	2	3	0	0	0	1	1	0	2	1	0	0	0	0	0	0	0	0
ASV3214	0	0	0	1	0	0	1	0	0	0	0	0	0	0	0	0	0	0	1	1	0	0	0	0	0	0	0	0	0	0	0	1	18	2	4	9	0	0	0
ASV3227	8	2	1	1	1	2	0	0	0	2	0	0	0	0	0	0	0	0	0	3	0	0	0	2	4	4	2	0	0	0	0	0	1	1	0	3	0	1	0
ASV3237	2	4	1	1	1	0	0	0	0	3	0	0	1	1	1	2	1	0	2	1	0	1	1	1	3	1	2	2	1	1	1	0	0	0	1	0	0	2	0
ASV3260	1	2	0	2	0	0	0	0	1	0	0	0	0	0	0	0	0	0	0	2	0	0	0	0	1	0	1	0	0	0	0	0	15	7	2	4	0	0	0
ASV3266	3	2	2	1	0	0	0	1	0	1	0	0	0	0	0	0	0	0	0	3	1	0	0	1	2	2	0	0	0	0	0	2	7	3	3	4	0	0	0
ASV3359	1	5	1	0	1	0	0	0	0	2	0	1	0	0	0	0	0	0	0	1	0	0	1	1	0	3	0	1	0	0	0	2	6	4	1	1	1	5	0
ASV3407	4	0	0	0	1	1	1	1	0	0	0	0	1	1	0	1	0	1	1	0	1	0	8	0	0	0	0	0	2	2	6	0	0	2	2	0	1	1	0
ASV3477	0	1	0	0	0	1	0	0	0	3	0	0	1	1	1	1	0	0	1	0	1	3	4	1	0	2	0	2	0	0	0	1	7	2	3	0	1	0	1
ASV3480	2	2	2	2	1	1	0	0	4	3	0	2	1	0	0	0	0	0	0	3	0	0	0	2	2	2	1	1	1	0	0	3	0	1	2	0	0	0	0
ASV3496	4	0	4	0	0	1	2	1	1	2	1	0	0	0	0	0	0	0	1	6	0	0	0	2	4	2	2	0	2	0	0	0	0	1	1	1	0	0	0
ASV3568	2	0	1	2	0	0	0	0	0	0	0	0	0	0	0	0	0	0	0	2	0	0	1	2	1	0	0	0	0	0	1	3	5	2	4	4	5	3	0
ASV3621	6	3	0	0	1	3	1	0	0	1	0	0	0	0	0	0	0	0	0	2	0	0	1	4	0	3	0	0	0	0	0	0	0	0	5	0	3	5	0
ASV3633	0	0	0	0	0	1	0	0	0	0	0	0	3	9	3	2	1	3	0	0	2	2	8	0	1	0	0	0	0	0	2	0	0	0	0	0	0	1	0
ASV3634	4	3	2	0	2	0	0	2	0	0	0	1	0	0	8	0	0	0	0	5	0	1	0	0	1	1	1	0	2	0	5	0	0	0	0	0	0	0	0
ASV3640	3	0	0	0	0	0	0	1	0	0	0	0	0	0	0	0	0	0	0	0	0	0	0	0	0	0	0	1	0	0	0	1	3	7	3	18	0	0	1
ASV3735	5	0	0	1	0	0	0	0	0	0	0	0	0	0	0	0	0	1	1	1	0	0	0	0	0	0	0	1	0	0	0	6	0	4	4	2	0	12	0
ASV3763	4	2	2	2	1	2	1	0	1	2	0	0	0	0	0	0	2	0	0	0	1	0	0	1	5	2	2	0	1	0	0	0	1	0	0	0	0	4	2
ASV3805	1	0	1	0	2	0	0	1	2	0	6	0	6	3	2	2	3	3	2	0	0	0	0	0	0	1	0	0	0	3	0	0	0	0	0	0	0	0	0
ASV3868	4	2	1	1	2	2	3	1	2	2	0	0	0	0	0	0	1	1	0	2	1	0	0	0	2	0	1	2	2	0	0	1	0	2	0	0	0	3	0
ASV3871	1	4	0	1	0	1	0	1	1	4	0	0	0	0	1	0	0	0	1	2	1	3	3	4	2	1	0	2	0	0	1	1	0	0	1	0	1	1	0
ASV3885	1	2	0	0	1	2	0	1	0	1	0	0	0	0	0	0	1	0	0	2	1	0	0	2	2	4	3	0	0	0	0	1	3	5	3	0	0	3	0
ASV3902	1	1	0	1	0	1	0	1	0	0	0	0	0	0	0	0	1	0	0	1	0	0	0	2	0	1	0	2	1	0	0	4	5	3	1	1	10	1	0
ASV3953	0	0	1	0	1	1	2	1	0	1	0	0	0	0	0	0	0	0	0	2	0	0	0	0	0	2	1	0	1	0	0	4	5	12	1	2	0	0	1
ASV3969	4	1	1	1	1	0	2	3	0	0	2	1	1	2	2	2	1	2	2	1	0	1	0	1	4	0	0	0	0	0	0	0	0	0	0	1	0	1	1
ASV4035	7	2	1	1	0	0	2	2	0	0	0	0	0	0	1	0	0	0	0	4	0	0	0	3	2	0	1	0	2	0	0	0	0	1	1	8	0	0	0
ASV4126	2	4	1	1	2	2	1	2	0	2	1	1	0	0	0	0	0	0	0	3	0	0	1	0	2	3	2	2	2	0	0	0	0	0	1	2	1	0	0
ASV4202	1	1	1	0	0	1	0	2	0	0	0	0	0	0	2	0	0	2	0	0	0	3	0	0	1	4	1	0	1	0	0	1	2	1	1	0	7	3	3
ASV4213	1	1	0	2	2	2	1	3	0	3	0	0	0	0	0	0	0	0	0	4	0	0	0	3	1	1	2	1	1	1	0	0	0	1	2	0	0	5	1
ASV4220	3	5	4	1	2	3	0	2	1	2	0	0	0	0	0	0	0	1	0	3	0	0	0	5	1	0	1	1	1	0	0	0	1	0	0	0	0	1	0
ASV4305	0	1	1	0	0	0	0	0	0	0	0	0	0	0	1	0	0	0	1	3	0	2	0	0	0	0	0	0	1	0	0	10	0	0	3	0	0	15	0
ASV4600	4	5	4	0	0	2	2	0	2	1	0	1	1	0	2	1	0	1	0	0	2	4	1	0	2	0	0	0	1	0	1	0	0	1	0	0	0	0	0
ASV4640	4	0	0	0	0	0	0	2	2	0	0	0	1	0	0	3	1	2	3	0	7	2	1	0	1	0	0	0	2	3	4	0	0	0	0	0	0	0	0
ASV4671	2	4	2	0	1	1	2	3	1	1	4	1	1	0	1	0	0	0	1	2	0	0	1	0	2	3	3	1	0	0	1	0	0	0	0	0	0	0	0
ASV4681	1	0	0	1	0	0	0	0	3	1	0	1	1	1	2	1	5	3	2	1	3	1	1	0	0	0	1	0	0	3	4	0	0	0	1	0	0	0	1
ASV4734	1	2	3	0	0	1	3	1	2	1	0	0	0	0	0	0	0	0	0	3	0	0	1	1	3	2	0	0	0	0	0	0	0	0	1	13	0	0	0
ASV4789	7	2	2	1	0	0	1	0	0	1	0	0	0	0	0	1	0	0	1	1	0	2	1	3	3	2	1	0	1	0	0	0	0	1	0	0	1	5	1
ASV4885	1	1	0	0	0	2	0	0	0	2	0	0	0	2	0	0	0	0	0	0	0	0	1	2	0	1	2	0	0	0	0	4	1	8	4	1	1	2	3
ASV4967	1	2	3	0	0	0	0	2	1	2	0	0	0	2	2	1	0	0	1	3	1	1	1	2	1	4	1	0	0	3	0	0	0	3	0	0	0	0	1
ASV4976	1	3	0	2	0	0	1	2	1	1	2	0	0	1	2	0	0	0	0	0	1	0	0	2	1	0	1	2	2	2	0	3	1	0	1	0	3	2	1
ASV5015	0	1	2	3	1	2	1	1	1	0	2	0	0	0	0	0	0	0	0	3	1	0	0	1	2	2	2	1	1	1	0	1	2	0	4	0	3	0	0
ASV5199	0	0	2	3	0	3	0	0	0	5	0	0	0	0	0	0	0	0	0	2	0	0	0	4	0	5	2	3	1	0	0	0	2	0	1	5	0	0	0
ASV5242	4	4	1	2	1	1	1	0	0	1	0	0	1	0	0	0	1	1	1	2	0	1	0	1	1	1	0	1	1	3	1	0	0	0	0	0	7	0	0
ASV5340	1	1	1	0	0	0	1	0	0	3	0	1	0	0	2	0	1	1	0	0	0	1	1	0	2	1	0	0	1	2	2	3	1	0	3	0	4	4	1
ASV5618	1	2	0	1	1	1	1	0	1	1	0	0	0	0	1	0	0	0	0	0	0	0	0	1	3	2	0	2	2	0	0	0	1	2	3	0	5	7	0
ASV5767	0	3	5	0	0	2	2	1	2	1	1	0	0	1	0	0	0	0	2	2	2	0	1	0	2	2	4	1	1	0	0	0	0	0	0	0	1	2	0
ASV5796	0	2	1	1	1	2	2	1	0	2	1	1	1	0	0	0	0	2	1	2	0	0	0	2	0	2	3	6	0	3	1	0	0	0	0	0	0	1	0
ASV2287	0	1	0	0	0	1	0	0	1	0	0	0	0	0	0	0	0	0	0	0	0	0	0	0	0	0	0	1	0	0	0	0	0	0	0	33	0	0	0
ASV2322	1	1	1	0	0	0	0	1	1	1	0	0	0	0	0	0	0	0	0	2	0	0	0	1	1	2	0	1	1	0	0	0	0	5	4	14	0	0	0
ASV2457	0	0	5	3	2	1	1	3	1	1	0	0	0	0	0	1	0	0	1	3	3	0	1	1	3	0	0	0	1	0	1	1	0	2	2	0	0	0	0
ASV2506	1	4	2	2	2	3	0	2	2	1	0	1	2	0	0	2	0	0	3	0	1	1	1	0	1	1	3	1	0	0	0	0	1	0	0	0	0	0	0
ASV2598	0	0	0	0	0	1	0	0	0	1	0	0	0	0	0	0	1	2	5	0	5	3	7	0	1	0	2	0	0	5	2	0	0	0	0	0	1	0	1
ASV2601	10	5	1	0	0	1	0	1	1	2	0	0	1	0	0	0	0	0	0	2	0	0	0	0	2	4	0	1	4	1	0	0	0	0	1	0	0	0	0
ASV2613	0	5	2	2	0	1	1	4	1	2	1	1	0	0	0	0	0	0	0	0	0	0	0	2	2	4	1	2	6	0	0	0	0	0	0	0	0	0	0
ASV2684	0	2	3	2	1	1	1	0	1	0	1	0	0	0	0	0	0	1	0	2	1	0	0	1	1	0	1	3	3	0	0	1	0	9	2	0	0	0	0
ASV2752	1	0	0	0	0	1	0	0	0	0	0	0	0	2	0	1	1	0	0	0	0	0	0	0	0	0	0	0	0	0	0	3	2	2	0	7	13	3	1
ASV2753	3	0	1	1	0	0	0	0	0	0	0	0	0	2	2	0	4	2	3	3	0	3	3	2	2	0	0	1	0	3	2	0	0	0	0	0	0	0	0
ASV2760	1	0	0	2	1	1	0	0	0	3	0	0	0	0	0	0	0	0	0	0	0	0	0	1	1	0	0	1	1	0	0	0	2	5	2	15	0	0	1
ASV2799	0	0	0	1	1	1	0	0	0	4	1	0	0	0	1	1	1	1	4	2	0	7	2	1	1	0	0	1	0	3	2	2	0	0	0	0	0	0	0
ASV2829	1	4	2	1	1	1	3	1	2	2	0	0	0	0	0	0	0	0	0	3	0	0	0	1	1	0	2	4	3	0	0	0	1	1	1	0	0	1	1
ASV2846	0	0	0	0	0	0	0	0	0	0	0	0	0	0	1	0	0	0	0	0	0	0	0	0	0	0	0	0	1	0	0	0	10	5	2	14	3	0	1
ASV2874	0	7	2	1	0	2	1	1	0	2	0	0	0	0	0	0	0	0	0	4	0	0	0	1	3	3	4	4	2	0	0	0	0	0	0	0	0	0	0
ASV2875	0	2	0	0	1	0	0	0	0	2	0	0	0	0	0	0	0	0	0	0	0	0	0	0	0	0	0	0	0	0	0	8	4	15	3	0	1	0	1
ASV2902	0	2	4	1	1	3	2	0	1	5	0	0	0	0	0	0	1	2	0	1	0	1	0	2	1	4	2	1	0	0	0	0	0	0	1	2	0	0	0
ASV2903	1	0	0	0	0	0	0	0	0	1	0	0	0	0	0	0	0	0	0	1	1	0	0	0	0	0	1	0	0	0	0	8	1	7	2	0	3	9	2
ASV2959	5	2	1	1	0	2	2	0	0	6	0	1	0	0	0	0	0	0	0	0	0	0	0	2	1	0	4	2	0	1	0	0	0	0	0	0	0	4	3
ASV2972	2	5	0	2	2	5	2	0	0	7	0	0	0	0	0	0	0	0	0	5	0	0	0	0	2	1	0	1	0	0	0	0	1	0	1	0	1	0	0
ASV2988	0	3	2	0	2	0	0	1	0	0	0	0	0	0	0	0	0	0	1	1	0	1	0	2	1	0	1	0	0	1	0	7	0	3	3	0	3	3	2
ASV3009	0	0	1	0	0	1	2	0	0	1	0	0	0	0	0	0	0	0	0	0	0	0	0	2	0	0	1	0	0	0	0	7	4	12	3	2	1	0	0
ASV3027	0	0	0	0	1	0	0	2	0	0	0	0	1	0	0	0	0	0	0	0	0	0	0	0	0	1	0	1	0	0	0	3	0	1	5	0	2	6	14
ASV3031	9	1	0	0	0	1	0	1	0	0	0	0	0	0	0	0	0	0	0	2	0	0	0	0	1	2	0	1	1	0	0	0	3	2	1	10	0	2	0
ASV3080	0	0	0	0	0	0	0	0	0	0	0	0	0	0	0	0	0	0	0	0	0	0	0	0	0	0	0	0	1	0	0	6	8	5	2	8	2	4	1
ASV3094	12	1	1	3	0	3	2	1	0	3	1	0	0	0	0	0	0	0	0	2	1	0	0	0	3	0	2	1	1	0	0	0	0	0	0	0	0	0	0
ASV3108	2	0	1	0	0	0	0	0	1	0	0	0	0	0	1	0	0	0	0	0	0	0	0	1	1	2	1	0	1	0	0	2	9	3	1	4	4	2	1
ASV3306	1	1	0	0	0	0	0	0	0	1	0	0	0	0	0	0	0	0	0	1	0	0	0	0	0	0	0	0	0	0	0	6	0	5	5	6	11	0	0
ASV3321	2	3	3	3	0	2	1	1	0	2	0	0	0	0	0	0	0	0	0	2	0	0	0	2	1	2	3	0	3	0	0	0	0	0	0	7	0	0	0
ASV3336	7	1	2	0	1	1	1	2	1	0	1	0	0	0	0	1	0	0	0	2	1	0	3	2	1	0	2	0	0	0	0	0	0	5	1	0	1	1	0
ASV3354	0	1	2	2	1	1	2	0	0	2	1	1	3	2	2	0	1	0	1	2	0	0	0	4	1	2	0	2	0	0	1	0	0	0	0	0	0	0	3
ASV3372	0	1	3	2	0	3	2	1	3	1	1	0	0	0	1	0	0	0	0	2	0	1	0	4	1	2	0	4	1	0	0	0	0	0	0	3	1	0	0
ASV3385	3	1	1	0	0	2	1	2	1	0	2	2	0	1	0	1	3	0	1	0	3	1	1	1	1	0	4	1	1	0	1	1	0	0	1	0	0	0	0
ASV3432	1	2	1	2	1	0	1	3	0	0	0	1	1	1	3	0	3	1	2	0	2	2	1	0	0	0	1	0	0	0	0	0	0	0	0	0	1	7	0
ASV3453	2	5	2	0	2	1	1	0	0	0	1	0	0	0	0	0	0	3	0	0	0	0	0	2	1	0	0	1	2	0	0	1	1	6	0	5	1	0	0
ASV3457	1	0	4	0	1	2	1	1	1	0	0	0	0	0	0	0	0	6	1	2	2	1	1	0	2	0	0	1	1	0	1	0	0	5	2	0	0	1	0
ASV3464	0	1	0	0	0	0	0	1	0	0	0	0	0	0	0	0	0	0	0	0	0	0	0	1	0	0	0	0	0	0	0	1	15	3	2	9	3	1	0
ASV3465	0	0	0	0	0	0	0	0	0	0	0	0	0	0	0	0	0	0	0	0	0	0	0	0	0	0	0	0	0	0	0	1	4	1	1	27	2	1	0
ASV3524	3	2	1	0	1	0	0	1	1	0	0	0	0	0	0	0	0	0	0	0	0	0	0	0	2	0	0	1	2	0	0	1	4	7	6	2	3	0	0
ASV3607	0	2	1	0	0	3	4	1	4	1	1	1	4	2	2	0	2	0	0	2	0	0	1	0	0	1	0	1	0	1	3	0	0	0	0	0	0	0	0
ASV3786	1	2	1	2	0	2	1	0	0	1	0	1	1	0	0	5	3	2	0	3	1	0	0	1	1	1	1	1	0	1	0	1	0	0	0	0	4	0	0
ASV3830	2	0	2	2	0	1	0	2	2	1	0	0	0	0	0	0	0	0	0	0	1	0	0	2	1	1	3	0	2	0	0	2	0	4	2	2	0	5	0
ASV3855	0	2	0	2	0	0	2	0	0	0	0	0	0	0	0	0	1	0	1	0	0	0	2	0	2	0	0	0	0	0	1	0	9	5	4	4	1	0	1
ASV4020	0	2	2	2	0	1	1	0	1	2	0	1	2	1	0	1	0	0	1	0	1	1	3	0	0	1	2	1	1	2	0	1	0	3	2	0	0	0	2
ASV4026	3	5	1	0	1	4	3	4	1	2	0	0	0	0	0	1	1	1	0	2	0	0	0	4	1	2	1	0	0	0	0	0	0	0	0	0	0	0	0
ASV4047	1	4	3	2	2	3	1	0	0	4	3	2	1	1	0	0	0	1	0	1	0	0	0	1	0	1	1	0	3	2	0	0	0	0	0	0	0	0	0
ASV4052	0	2	1	1	1	0	1	0	0	2	0	0	0	0	0	0	0	0	0	1	0	0	1	2	0	2	2	1	0	0	0	2	2	8	6	0	0	1	1
ASV4086	0	0	0	0	0	0	0	0	0	0	0	0	0	0	0	0	0	0	0	0	0	0	0	0	0	0	0	0	0	0	1	1	8	4	1	5	2	13	2
ASV4087	4	1	1	0	0	2	1	0	1	0	0	0	1	0	6	1	2	1	0	0	2	1	0	1	3	1	0	1	0	1	1	0	0	2	0	0	0	0	3
ASV4092	12	3	1	1	0	1	0	3	0	0	0	3	1	1	0	0	0	2	0	2	0	0	0	1	3	0	1	1	0	0	0	0	0	0	0	0	0	1	0
ASV4135	2	2	2	1	0	1	2	1	0	2	0	0	0	0	0	0	0	1	0	2	1	0	0	2	2	1	2	0	0	2	0	3	0	2	1	0	0	4	1
ASV4185	0	1	1	0	1	0	0	1	1	1	1	1	1	0	1	0	0	0	0	2	0	0	0	0	1	2	1	0	0	0	0	1	1	3	1	0	11	3	1
ASV4218	1	1	0	1	0	0	0	0	0	0	0	0	0	2	0	0	0	0	0	1	0	0	0	0	0	0	2	0	0	0	1	2	8	3	1	4	4	6	0
ASV4224	3	1	1	0	2	2	3	0	0	1	2	2	3	0	1	1	2	2	0	2	0	1	1	0	0	1	0	0	0	2	1	0	0	1	0	0	0	1	1
ASV4228	1	0	0	0	2	0	1	0	2	0	0	0	0	1	0	0	0	0	0	0	0	2	1	1	2	0	0	0	0	0	0	0	0	0	0	0	0	1	23
ASV4362	0	2	1	1	1	2	0	0	0	1	0	0	0	0	0	0	0	0	0	1	0	0	0	2	2	1	1	0	3	1	0	0	8	5	2	3	0	0	0
ASV4444	5	2	0	0	1	2	0	0	0	4	0	0	0	2	1	0	1	2	0	3	1	2	1	0	0	1	0	0	0	0	2	0	0	0	0	0	0	4	3
ASV4551	2	1	1	0	1	0	0	1	0	1	0	0	0	0	0	0	0	1	0	0	0	1	0	1	0	0	0	1	2	0	0	4	2	1	2	2	0	11	2
ASV4559	0	1	3	1	0	0	0	0	0	1	0	1	0	0	0	0	2	0	2	2	0	2	0	1	0	4	0	0	0	0	1	1	1	1	1	0	7	4	1
ASV4587	5	0	1	1	2	1	1	0	0	3	1	1	0	0	0	1	1	1	2	1	0	3	0	0	2	1	3	2	1	1	0	0	0	1	0	0	0	1	0
ASV4625	0	2	2	2	0	0	1	0	0	0	0	0	1	0	0	0	0	0	0	4	0	0	0	0	2	1	0	0	0	0	0	1	18	3	0	0	0	0	0
ASV4716	2	2	1	1	0	0	1	2	1	1	0	0	0	1	0	0	0	0	1	4	0	0	0	1	1	2	3	1	1	0	0	1	0	2	2	5	0	1	0
ASV4792	0	2	0	0	0	0	0	1	1	0	0	0	0	1	0	0	3	1	2	20	0	1	1	0	2	0	0	0	1	0	1	0	0	0	0	0	0	0	0
ASV4851	0	1	2	0	1	0	1	0	0	1	1	0	1	0	1	1	1	1	0	3	3	1	1	0	1	3	1	2	2	4	3	0	0	0	0	0	0	0	1
ASV5056	5	0	1	1	0	0	0	0	0	1	0	0	0	0	0	0	0	0	0	1	0	0	0	1	0	1	0	0	1	0	0	7	3	5	3	4	2	1	0
ASV5076	1	1	2	1	2	0	2	0	0	0	0	0	0	0	0	1	0	0	0	2	0	0	0	3	0	5	0	0	1	0	0	0	1	7	3	5	0	0	0
ASV5159	1	0	1	0	1	0	0	2	0	1	0	0	1	0	0	0	1	0	0	2	0	1	0	3	1	2	0	1	0	0	0	6	3	5	0	2	1	1	1
ASV5287	1	2	1	1	1	1	2	0	0	0	0	0	0	0	1	0	0	0	1	1	0	0	1	1	2	3	1	0	1	0	0	4	5	2	2	1	1	1	0
ASV5436	7	2	1	2	1	1	0	0	1	1	0	0	0	0	0	0	0	0	0	3	0	0	0	2	2	4	2	2	0	0	0	1	0	1	2	0	0	1	1
ASV5444	3	2	1	0	2	0	1	0	0	2	0	0	0	0	0	0	0	0	0	4	0	0	0	3	3	3	2	0	1	0	0	0	0	2	3	5	0	0	0
ASV5605	0	2	2	1	0	2	1	0	1	5	0	0	0	0	0	0	0	0	0	1	0	0	0	1	3	2	2	0	0	0	0	0	1	0	1	12	0	0	0
ASV5808	6	8	1	3	0	1	0	0	0	5	0	0	0	0	0	0	0	0	0	2	0	0	0	2	1	2	3	1	1	0	0	0	0	0	0	0	0	1	0
ASV5926	1	5	1	1	0	0	0	0	0	0	0	0	0	0	0	0	0	0	0	1	0	0	0	0	3	1	0	0	0	0	0	5	6	1	7	3	0	0	2
ASV2386	1	2	2	2	1	1	0	1	1	3	2	0	0	0	0	0	0	0	0	3	1	0	1	1	0	1	1	3	2	0	0	1	0	1	2	0	0	3	0
ASV2444	0	0	0	0	0	1	0	0	0	2	0	0	0	0	0	0	1	1	0	0	0	0	0	0	0	0	0	0	0	0	0	1	9	12	4	5	0	0	0
ASV2577	0	0	0	0	0	0	0	0	0	1	0	0	0	0	0	0	0	0	0	1	0	0	0	0	0	0	0	0	0	0	0	0	0	0	1	32	1	0	0
ASV2616	0	0	0	0	0	1	1	0	1	0	0	0	0	0	0	0	0	2	1	0	0	4	1	0	0	0	0	0	0	0	2	1	14	2	0	2	2	2	0
ASV2641	0	0	4	0	2	3	0	2	2	2	1	1	0	1	0	0	0	0	0	3	0	0	0	1	3	3	2	0	2	2	0	0	0	2	0	0	0	0	0
ASV2669	0	2	0	1	0	0	1	0	1	4	0	0	0	0	0	1	0	0	0	0	0	0	0	0	1	1	0	0	0	0	1	1	4	11	2	1	1	3	0
ASV2717	0	1	0	0	0	1	1	0	1	5	0	0	0	0	0	0	1	0	1	2	0	0	1	0	4	2	0	3	2	0	0	1	0	4	3	0	0	2	1
ASV2747	0	1	3	2	2	0	0	0	0	2	1	0	0	0	0	0	1	0	0	3	0	0	0	1	1	1	0	0	2	0	0	3	0	4	2	0	0	7	0
ASV2754	1	4	2	1	0	1	0	0	0	0	1	0	0	0	0	0	0	0	0	0	0	0	0	1	0	0	1	1	1	0	0	7	3	2	3	2	1	4	0
ASV2770	2	0	0	0	0	1	0	0	4	1	0	0	0	0	0	0	0	0	0	2	1	0	0	0	0	0	1	1	1	2	0	0	2	10	2	2	4	0	0
ASV2787	0	1	1	2	2	0	2	1	0	1	0	0	0	0	0	0	0	1	3	1	1	2	5	0	0	0	0	0	1	2	7	0	0	1	0	0	0	2	0
ASV2796	0	0	0	0	0	0	0	0	0	0	0	0	0	0	0	0	0	0	1	0	0	0	0	0	0	0	0	0	0	0	0	0	18	11	6	0	0	0	0
ASV2806	1	2	1	1	0	0	1	0	0	1	1	0	0	0	0	0	0	0	0	2	0	1	0	1	0	0	2	1	1	0	0	0	3	0	1	5	8	3	0
ASV2814	2	3	1	0	1	1	2	2	1	1	0	0	2	1	0	1	8	0	2	0	0	0	2	0	1	0	0	0	0	1	0	0	0	4	0	0	0	0	0
ASV2823	1	0	1	1	0	1	0	0	0	0	0	0	0	0	1	1	0	0	0	0	0	0	0	3	0	3	2	1	0	0	1	2	1	6	3	0	2	5	1
ASV2907	2	1	0	0	0	1	0	1	0	1	0	0	0	0	1	1	1	0	0	0	0	1	0	0	2	0	0	0	0	0	0	2	1	3	2	5	1	10	0
ASV2911	12	1	3	3	0	0	2	0	0	0	0	0	0	0	0	1	0	0	0	0	0	0	0	4	4	3	0	0	0	0	0	1	0	0	0	0	0	2	0
ASV2912	0	0	1	0	0	0	0	1	0	1	0	0	0	0	0	0	0	0	0	0	0	0	0	1	3	1	1	1	1	0	1	0	0	0	0	0	0	23	1
ASV2993	0	0	0	0	0	0	0	0	0	0	0	0	0	0	0	0	0	0	0	0	0	0	0	0	0	1	1	0	0	0	0	5	3	7	1	0	10	8	0
ASV3004	3	2	2	1	0	0	1	0	0	1	1	0	0	0	1	1	1	0	0	2	1	1	0	1	0	1	3	1	1	0	1	0	0	5	1	0	0	4	0
ASV3068	2	2	1	0	4	1	3	0	1	0	0	1	1	0	1	1	0	3	1	1	3	1	1	2	1	0	1	0	0	2	1	0	0	0	0	0	0	0	1
ASV3074	0	0	0	0	0	1	1	0	0	0	0	0	0	1	0	0	0	0	0	0	0	0	0	0	0	0	0	0	0	1	0	1	9	11	3	7	0	0	1
ASV3113	6	0	1	1	2	0	1	1	0	0	0	0	0	0	0	0	0	0	0	1	0	0	0	0	3	0	2	0	0	0	0	0	0	0	11	2	0	0	5
ASV3125	0	0	0	0	0	0	0	0	0	0	0	0	1	0	0	0	0	0	0	0	1	0	0	0	0	0	0	0	0	0	0	0	0	0	0	34	0	0	0
ASV3147	6	1	0	0	2	2	3	0	2	0	5	3	2	0	1	1	1	3	0	1	0	1	0	0	0	1	0	1	0	0	0	0	0	0	0	0	0	0	0
ASV3159	6	5	3	0	1	0	1	0	0	5	0	0	0	0	0	0	0	0	0	0	1	1	1	3	2	1	2	1	0	0	0	0	0	0	0	0	2	1	0
ASV3160	2	1	1	0	0	2	0	0	1	2	1	0	0	2	0	0	2	0	0	2	0	0	2	3	2	1	1	1	1	1	0	1	0	1	3	0	1	2	0
ASV3211	1	2	2	1	0	2	0	0	0	1	0	1	0	0	1	0	0	0	0	0	0	0	2	0	1	4	3	1	1	0	0	2	0	3	3	3	0	2	0
ASV3213	1	1	0	0	0	0	0	0	0	0	0	0	0	0	0	0	0	0	0	1	0	1	0	1	0	1	1	0	1	0	0	4	2	6	7	0	4	2	3
ASV3235	0	3	0	0	2	1	3	1	0	1	1	1	0	0	2	0	1	0	1	0	1	1	0	6	2	1	2	2	3	0	0	0	0	0	0	0	0	1	0
ASV3259	8	2	1	2	0	1	0	0	1	1	0	0	0	0	1	0	0	0	0	1	0	0	0	3	0	0	3	1	1	0	0	1	0	0	4	0	0	5	0
ASV3280	2	0	1	1	0	0	2	1	0	1	0	0	1	0	0	0	0	0	0	0	0	0	0	1	1	0	0	1	0	0	0	6	2	7	2	1	0	6	0
ASV3303	6	0	1	1	1	1	0	0	0	4	0	0	0	0	0	0	0	0	0	3	0	0	0	0	1	2	1	3	2	10	0	0	0	0	0	0	0	0	0
ASV3332	8	0	1	1	1	2	0	1	0	0	2	1	1	1	1	1	0	0	2	0	3	1	2	0	1	3	1	1	0	0	1	0	0	0	0	0	0	0	0
ASV3357	5	0	0	0	0	0	1	0	1	0	0	0	0	0	0	0	0	0	0	0	0	0	0	0	0	1	0	0	0	0	1	14	0	8	1	0	1	2	1
ASV3396	1	5	2	2	2	0	1	1	1	0	1	0	0	0	0	0	0	0	0	0	0	0	1	0	2	1	2	2	2	0	1	1	1	2	1	3	0	1	0
ASV3419	0	1	1	2	2	2	6	0	2	2	0	1	0	0	0	0	0	1	0	2	2	0	0	2	2	1	3	3	1	0	0	0	0	0	0	0	0	0	0
ASV3487	0	3	1	4	3	2	1	1	0	2	1	0	0	1	1	0	1	0	0	1	0	0	0	0	2	2	2	1	5	0	0	0	0	1	0	0	0	1	0
ASV3493	11	2	0	2	4	1	2	2	0	2	0	0	0	0	0	0	0	0	0	1	0	0	1	0	0	0	3	0	1	2	0	0	0	0	0	0	0	2	0
ASV3536	0	0	2	0	0	0	2	0	0	2	0	0	0	1	0	0	0	1	0	4	0	1	0	2	1	1	2	1	1	0	1	0	1	2	2	8	0	1	0
ASV3561	4	1	2	2	1	2	0	2	0	1	0	0	0	2	0	0	0	1	1	2	0	0	0	1	2	1	0	0	2	0	0	0	0	0	3	0	3	3	0
ASV3612	1	1	2	1	0	0	1	1	0	1	0	0	0	0	0	0	0	0	0	3	0	0	0	3	1	2	2	1	1	0	0	1	5	4	2	2	1	0	0
ASV3750	0	4	4	1	0	3	0	0	0	6	1	0	0	0	0	0	0	0	0	3	0	1	1	0	0	5	1	2	0	0	0	0	1	1	2	0	0	0	0
ASV3798	4	4	3	1	0	0	0	1	0	1	0	1	0	0	0	0	0	0	0	2	0	0	0	0	0	1	0	0	1	0	0	0	1	1	3	3	6	2	1
ASV3828	3	0	1	0	0	0	1	0	0	0	0	0	0	0	0	0	0	0	0	0	1	0	0	0	1	2	0	0	0	0	0	2	0	1	5	0	4	14	1
ASV3894	2	2	1	1	0	1	1	1	0	3	0	0	0	1	0	0	0	1	1	0	0	0	0	1	0	1	1	0	0	1	0	0	3	1	1	0	10	1	1
ASV3898	4	0	1	1	0	2	0	0	0	0	0	0	0	0	1	0	0	0	0	1	0	0	0	0	0	0	0	0	0	0	0	0	4	4	5	13	0	0	0
ASV3918	6	4	2	1	1	3	0	1	0	1	0	0	0	0	0	0	0	0	0	2	0	0	0	1	1	1	1	0	2	0	0	0	0	2	1	4	0	1	1
ASV3960	6	2	2	1	1	1	3	1	0	1	0	0	0	2	0	0	2	0	0	1	1	0	2	4	0	0	3	0	0	0	2	0	0	0	0	0	0	1	0
ASV3985	3	1	0	0	1	0	1	0	0	1	0	0	0	0	0	0	0	0	0	3	0	1	0	1	0	0	0	1	0	0	0	1	6	1	1	8	1	2	3
ASV4102	2	1	1	0	1	2	0	0	2	3	0	0	0	0	0	0	1	0	0	3	0	0	1	1	1	1	3	1	2	0	0	2	4	3	1	0	0	0	0
ASV4179	2	0	0	0	1	0	0	0	0	1	0	0	0	0	0	0	0	0	0	1	0	0	0	1	0	0	0	0	0	0	0	13	2	1	6	1	4	2	1
ASV4294	0	4	3	1	2	2	0	1	0	5	0	1	0	0	0	0	0	1	1	0	0	0	0	4	2	1	2	0	2	0	0	0	1	1	0	1	0	0	1
ASV4348	1	1	3	1	1	1	2	0	0	3	0	1	0	0	0	0	1	1	0	0	1	0	0	2	2	3	2	2	2	0	0	0	4	2	0	0	0	0	0
ASV4420	0	0	0	0	0	0	1	0	0	1	1	0	0	0	0	0	0	2	0	0	0	0	0	0	0	0	0	0	0	0	0	4	6	4	1	0	2	11	3
ASV4430	0	6	1	0	0	0	1	0	1	4	0	0	0	0	1	0	0	0	1	5	0	2	0	2	1	4	2	1	1	1	2	0	0	0	0	0	0	0	0
ASV4487	0	1	1	0	0	1	3	1	1	1	0	1	4	2	0	1	0	0	1	0	0	0	0	1	1	0	1	1	2	1	0	0	0	4	3	1	2	0	1
ASV4696	3	0	2	1	1	0	0	2	0	4	2	0	0	1	1	0	0	0	0	1	0	0	0	2	1	3	1	1	1	0	0	1	1	2	2	3	0	0	0
ASV4787	0	2	4	2	0	2	2	3	0	2	1	0	0	0	0	0	0	0	0	1	1	0	0	0	0	2	4	3	1	0	0	1	1	0	1	1	0	1	1
ASV4804	0	0	0	0	0	0	0	0	0	0	0	0	0	0	0	0	0	0	0	0	0	0	0	0	0	0	0	0	0	0	0	12	3	11	4	6	0	0	0
ASV4805	4	2	4	3	2	3	1	1	0	0	0	0	0	0	0	0	0	0	0	2	0	0	0	4	3	1	2	0	0	0	0	3	0	1	0	0	0	0	0
ASV4830	1	2	2	1	1	2	4	1	0	1	0	1	0	0	0	0	0	1	0	2	0	0	0	4	1	1	2	1	0	0	0	0	1	2	3	0	0	2	0
ASV4938	0	3	1	2	2	0	2	4	1	3	2	0	0	0	1	1	0	2	0	0	0	0	0	0	2	0	1	3	1	1	0	2	0	0	0	1	1	0	0
ASV4986	2	0	0	1	2	1	1	0	0	0	0	0	0	0	1	0	0	0	0	0	1	1	2	1	1	2	1	0	0	0	0	2	4	6	2	0	3	1	1
ASV5079	2	2	0	1	0	3	1	3	0	1	0	3	0	0	0	0	1	0	0	1	0	0	0	0	3	2	4	2	1	6	0	0	0	0	0	0	0	0	0
ASV5103	3	3	1	0	1	4	0	1	0	1	0	0	1	0	0	0	0	0	0	2	0	1	0	1	2	1	0	0	2	0	1	4	1	2	0	0	0	3	1
ASV5129	5	4	1	2	1	0	1	1	1	2	1	0	0	0	0	2	1	1	0	1	0	1	0	0	1	4	0	3	0	0	0	1	1	1	0	0	0	0	0
ASV5145	13	2	1	1	0	2	0	1	1	1	0	0	0	0	0	0	0	0	0	1	0	0	0	0	1	1	0	1	1	0	0	1	0	1	0	0	0	3	4
ASV5369	2	1	1	1	1	1	0	1	1	0	1	0	0	0	0	0	0	0	0	3	0	0	1	3	2	1	0	1	2	0	0	1	2	2	2	6	0	0	0
ASV5397	1	4	4	0	1	2	0	1	0	1	0	1	0	0	0	0	0	0	0	2	0	0	1	3	1	3	3	3	1	0	1	0	0	0	0	2	1	0	0
ASV5426	2	0	0	0	0	1	1	0	0	0	0	0	0	0	0	0	0	0	0	0	0	0	0	1	0	1	0	1	0	0	0	3	7	2	2	0	5	9	1
ASV5567	1	0	0	1	0	0	0	0	1	1	0	1	0	0	0	0	0	0	0	0	0	1	0	0	0	0	1	2	0	0	0	7	5	3	3	1	0	8	0
ASV5571	1	1	0	0	0	3	2	0	2	3	0	0	0	1	0	0	0	0	0	2	0	0	0	1	0	0	1	0	0	0	0	4	0	4	1	1	0	8	1
ASV2679	7	1	5	0	1	0	0	0	0	2	0	1	0	0	0	0	5	0	1	3	0	0	0	3	0	0	2	3	0	1	0	0	0	0	0	0	0	0	0
ASV2683	0	1	0	0	0	1	0	1	0	1	0	0	0	0	0	0	0	0	1	0	0	0	0	0	0	0	0	0	0	1	0	0	4	3	8	14	0	0	0
ASV2700	0	6	1	1	1	1	0	3	0	6	2	0	0	0	0	0	1	0	0	4	0	0	0	2	2	1	2	1	0	0	0	0	0	0	0	1	0	0	0
ASV2720	1	4	2	2	0	0	1	0	0	5	0	0	1	0	0	0	0	0	0	2	1	2	1	5	1	2	0	1	0	1	1	0	0	0	0	0	0	1	1
ASV2727	0	0	0	0	2	0	1	0	0	0	0	0	0	0	0	0	0	0	0	0	0	0	0	0	2	1	0	1	0	0	0	1	0	1	3	0	0	23	0
ASV2740	5	5	3	1	1	0	0	3	0	1	0	0	1	0	0	1	0	0	0	3	0	0	1	1	1	2	1	1	2	0	0	0	0	0	0	0	2	0	0
ASV2775	3	0	0	0	0	1	0	0	0	0	0	0	0	0	1	0	0	0	1	2	2	0	0	0	0	1	0	2	0	0	1	6	4	5	4	0	0	0	2
ASV2790	12	2	0	1	1	0	2	0	0	0	0	0	0	0	0	0	0	0	0	6	0	0	0	2	2	1	0	0	1	0	0	0	0	0	0	0	5	0	0
ASV2828	5	3	2	0	3	0	3	2	1	3	0	0	0	0	0	0	0	0	0	3	0	0	0	2	0	2	4	0	2	0	0	0	0	0	0	0	0	0	0
ASV2832	8	4	0	1	0	0	0	0	0	2	0	0	0	0	0	0	0	0	0	0	0	0	0	2	2	1	3	0	0	0	0	0	0	1	6	5	0	0	0
ASV2888	0	4	1	0	0	1	0	0	2	1	0	1	0	0	1	0	0	1	1	1	0	0	1	3	1	2	1	0	2	0	0	0	0	2	2	0	0	6	1
ASV2957	3	2	1	1	0	0	0	0	2	1	0	0	0	0	1	1	0	1	5	3	1	2	0	0	1	0	0	0	1	1	1	0	0	1	2	0	0	3	1
ASV2976	4	1	1	1	0	1	4	3	0	0	0	0	0	0	0	0	0	0	0	1	0	0	0	1	2	0	0	0	2	0	0	1	5	1	0	2	4	1	0
ASV2989	1	1	0	0	0	1	0	1	0	4	0	1	0	3	1	0	1	1	1	1	2	3	1	1	1	0	3	1	0	0	0	1	0	2	1	0	0	0	2
ASV3026	2	2	1	0	2	1	2	0	2	0	1	1	0	0	0	2	0	0	0	11	0	0	0	3	0	1	0	2	0	0	0	0	0	1	0	0	0	0	1
ASV3034	4	1	0	1	3	0	1	4	0	0	1	0	0	1	0	0	0	0	0	0	0	2	0	1	0	0	1	0	0	0	0	3	0	3	4	0	0	5	0
ASV3044	11	3	1	0	1	0	2	0	0	2	0	1	0	0	0	0	0	0	0	1	0	0	0	2	0	2	1	2	0	5	0	0	0	0	0	0	0	1	0
ASV3063	0	0	3	0	0	0	0	1	0	0	2	0	1	0	1	1	0	0	2	0	1	5	3	1	1	1	0	0	1	2	4	2	0	0	1	1	0	0	1
ASV3098	1	3	1	0	1	1	1	0	1	2	0	0	0	0	0	0	1	0	0	4	0	0	0	3	1	1	1	1	1	0	0	0	0	0	0	0	0	11	0
ASV3133	6	0	1	0	0	0	4	2	0	1	0	0	1	1	3	1	4	1	0	0	2	0	1	1	0	0	2	2	0	0	0	1	0	0	0	0	0	0	1
ASV3208	4	1	2	1	2	0	0	0	0	2	0	3	0	0	0	1	0	1	0	2	0	0	1	1	3	4	1	2	1	0	1	0	0	0	1	0	0	1	0
ASV3261	0	0	0	1	0	1	0	0	0	0	0	0	0	0	0	0	0	0	0	1	0	0	0	0	1	1	1	0	0	0	0	0	1	7	13	5	2	1	0
ASV3296	2	2	0	1	1	0	2	0	0	0	0	0	0	0	0	1	0	1	0	1	0	2	0	0	2	1	1	0	1	0	1	1	0	1	1	0	0	13	0
ASV3320	3	4	1	2	0	1	1	1	0	0	0	0	1	0	1	0	0	0	0	0	0	0	2	2	0	2	0	1	0	0	2	0	0	0	0	0	0	11	0
ASV3346	5	5	1	0	0	0	0	0	1	1	0	1	1	0	0	3	0	6	1	2	2	1	0	1	0	1	0	1	0	0	1	0	0	1	0	0	0	0	0
ASV3356	2	2	0	0	1	1	1	1	0	0	0	0	0	1	0	0	2	1	3	0	3	4	3	2	1	0	0	0	0	1	2	0	0	1	3	0	0	0	0
ASV3361	2	2	2	1	3	3	3	0	0	3	0	0	0	0	0	0	0	0	0	2	0	0	0	4	5	0	4	1	0	0	0	0	0	0	0	0	0	0	0
ASV3393	2	1	1	0	1	1	1	2	0	1	0	0	1	1	1	0	3	1	0	0	1	2	1	2	2	1	3	0	4	0	2	0	0	0	0	0	0	0	0
ASV3437	5	1	0	1	1	1	0	2	2	1	0	0	0	0	0	0	0	0	0	0	0	0	0	0	1	0	1	1	1	0	0	0	0	0	0	0	0	11	6
ASV3466	0	1	0	1	0	0	1	0	0	0	0	0	0	0	0	0	0	0	0	0	1	1	0	0	1	0	0	0	0	0	0	8	3	4	2	0	2	9	1
ASV3468	1	0	0	0	0	0	0	1	0	0	0	0	0	0	0	0	0	0	0	0	0	0	0	0	0	0	0	0	0	0	0	0	3	10	1	0	19	0	0
ASV3470	2	5	1	1	0	1	0	0	1	1	0	0	0	0	1	0	0	0	0	2	0	0	0	4	1	3	2	2	0	0	0	0	0	2	2	4	0	0	0
ASV3478	5	0	0	2	0	1	1	1	2	4	0	0	0	0	1	0	2	2	2	2	2	1	0	2	1	0	0	1	0	2	0	0	0	0	0	0	0	1	0
ASV3498	0	0	0	0	0	0	0	0	0	0	0	1	2	0	1	1	4	2	3	0	5	13	0	0	1	0	0	0	0	0	1	0	0	0	0	0	0	0	1
ASV3509	0	0	0	0	1	0	0	0	0	0	0	0	0	0	0	0	0	0	0	0	0	0	1	0	0	0	0	0	0	0	0	0	0	0	0	0	0	1	32
ASV3556	1	0	2	2	3	1	1	1	1	1	0	0	0	0	0	0	0	2	1	2	0	0	0	2	1	3	2	0	2	0	0	0	0	0	0	0	0	0	7
ASV3598	4	4	0	4	0	2	1	0	0	3	1	0	0	0	0	0	1	1	1	1	0	1	0	2	3	4	1	1	0	0	0	0	0	0	0	0	0	0	0
ASV3681	0	1	2	6	1	1	1	0	1	1	0	1	0	0	0	0	2	0	2	0	1	0	0	0	0	1	1	1	0	0	1	2	0	6	1	0	0	1	1
ASV3685	0	0	3	0	0	2	1	3	4	1	2	8	0	0	1	0	0	0	1	0	0	2	0	1	0	1	1	3	0	0	0	0	0	0	0	0	0	1	0
ASV3709	1	1	2	2	3	2	2	3	0	0	0	1	0	0	0	0	1	0	0	1	0	0	0	2	0	6	3	0	5	0	0	0	0	0	0	0	0	0	0
ASV3715	0	2	0	0	0	3	1	0	0	2	0	0	0	0	0	0	0	0	0	2	0	0	0	1	2	0	1	1	2	0	0	0	0	1	1	16	0	0	0
ASV3762	4	0	1	0	0	0	1	0	0	0	0	0	0	0	0	0	0	0	0	1	0	0	0	0	0	0	0	0	0	0	0	12	4	4	3	0	3	0	2
ASV3799	0	1	1	3	0	0	0	1	2	0	0	0	1	0	0	0	0	1	1	0	1	5	1	0	2	0	0	0	0	0	2	6	0	3	2	0	0	1	1
ASV3887	4	4	1	1	1	2	2	0	0	1	0	0	0	2	0	0	0	0	0	2	0	0	0	4	2	1	3	3	1	0	0	0	0	0	0	1	0	0	0
ASV4018	2	2	3	2	0	0	0	1	2	2	0	0	0	1	1	1	0	0	0	2	1	0	0	1	2	1	0	2	2	0	0	0	0	3	1	0	1	0	2
ASV4042	3	0	0	0	0	1	0	0	1	0	0	0	0	0	0	3	2	5	1	1	3	5	1	1	0	1	0	1	0	4	2	0	0	0	0	0	0	0	0
ASV4061	2	0	0	3	0	2	1	0	1	1	0	0	0	0	0	0	0	0	0	3	0	0	0	0	1	1	0	0	1	0	0	3	7	4	4	0	1	0	0
ASV4165	9	3	3	3	0	1	0	1	2	1	0	0	0	0	0	0	0	0	0	2	0	0	0	1	2	1	2	1	2	0	0	0	0	0	1	0	0	0	0
ASV4203	4	0	3	1	1	0	2	0	1	1	0	1	0	1	0	0	2	2	0	1	1	0	0	2	3	0	3	1	2	0	0	0	0	0	0	0	0	2	1
ASV4245	1	0	0	0	1	4	2	0	0	0	0	0	1	0	0	0	1	0	0	0	0	0	1	0	0	1	2	1	2	1	0	4	3	5	0	2	1	2	0
ASV4344	4	0	0	1	1	2	1	2	0	3	0	0	0	2	0	0	0	0	0	4	1	2	0	1	0	1	2	1	0	1	0	0	0	3	1	0	0	2	0
ASV4346	0	3	1	0	1	0	0	0	0	0	0	0	0	0	0	0	0	0	0	1	0	0	0	1	1	0	1	1	1	0	0	4	0	6	4	9	1	0	0
ASV4359	1	2	0	2	0	1	1	1	0	0	0	0	1	1	0	0	0	0	3	2	0	0	0	4	0	1	2	1	0	0	0	2	0	1	3	2	0	4	0
ASV4364	2	0	1	0	0	0	0	2	3	1	2	1	2	0	1	1	2	2	0	0	0	0	1	2	3	2	2	0	1	1	2	0	1	0	0	0	0	0	0
ASV4455	0	2	0	3	0	5	2	1	0	0	0	0	1	1	0	0	0	0	1	0	0	1	4	2	2	5	0	1	1	0	0	0	0	1	1	0	1	0	0
ASV4457	13	0	2	0	0	2	0	0	0	3	1	2	0	0	1	0	0	0	0	1	0	1	0	0	2	0	3	0	0	0	0	0	0	0	0	0	0	4	0
ASV4463	0	4	4	0	2	2	0	2	0	0	0	0	0	0	0	1	0	0	2	3	0	0	1	1	3	0	3	0	2	0	1	0	0	0	1	1	0	2	0
ASV4605	0	0	1	0	1	1	2	1	0	0	0	1	2	2	4	0	1	2	1	1	1	1	2	1	0	1	0	1	3	4	1	0	0	0	0	0	0	0	0
ASV4708	1	2	2	2	0	1	1	1	0	1	0	0	0	0	0	0	0	0	0	1	0	0	0	1	1	2	2	1	1	0	0	3	0	6	1	4	0	1	0
ASV4710	3	2	0	0	0	0	0	0	0	0	0	0	0	3	0	0	2	2	3	0	2	5	3	0	1	0	0	0	0	3	0	3	0	1	1	0	0	0	1
ASV5155	5	3	0	0	2	0	0	0	0	0	0	0	0	0	0	0	0	0	0	2	0	2	0	5	5	0	1	0	0	2	0	0	0	0	2	0	1	2	3
ASV5238	1	1	0	1	0	3	1	1	3	0	0	0	0	0	0	1	1	1	2	1	2	2	2	2	2	1	2	1	0	0	0	0	0	0	3	0	1	0	0
ASV5389	0	0	3	1	0	1	0	0	0	3	0	0	1	0	0	0	0	0	0	0	0	0	0	0	0	1	1	1	0	0	0	6	0	8	3	0	4	2	0
ASV5528	0	4	0	2	1	2	6	0	0	2	0	0	0	1	0	1	1	0	0	2	0	1	0	0	1	2	2	0	0	0	0	1	0	0	2	1	1	1	1
ASV5617	3	1	1	4	1	1	0	2	0	2	1	0	0	0	0	1	0	0	0	1	1	0	0	1	0	0	1	1	0	0	2	3	0	1	2	3	2	0	0
ASV5712	1	1	3	0	1	7	1	1	3	1	3	1	0	0	0	0	0	0	0	3	1	0	0	0	1	1	1	3	1	1	0	0	0	0	0	0	0	0	0
ASV2330	2	0	0	0	0	0	1	0	0	0	0	0	0	0	0	0	0	0	1	1	0	3	8	2	0	1	0	0	0	1	12	0	0	0	0	2	0	0	0
ASV2426	5	3	0	0	0	1	0	0	0	0	0	0	0	0	0	0	0	1	0	0	0	1	0	1	1	1	1	1	1	0	0	3	3	0	0	0	1	9	1
ASV2465	1	2	3	2	0	1	1	0	0	2	0	0	2	0	0	0	0	0	0	1	0	0	0	2	0	2	4	0	6	0	0	0	0	1	4	0	0	0	0
ASV2549	0	0	2	0	2	0	0	0	0	2	0	1	0	0	0	0	0	0	0	3	0	1	0	0	1	0	1	0	1	1	0	0	3	2	3	11	0	0	0
ASV2631	3	1	4	1	0	0	5	2	5	1	2	0	0	0	0	1	1	1	0	2	0	0	0	0	1	1	0	0	1	0	0	0	0	0	0	2	0	0	0
ASV2667	2	1	2	2	0	1	0	2	0	1	0	0	0	0	1	1	0	0	1	1	0	0	1	2	4	0	3	0	0	0	0	2	1	1	1	0	0	4	0
ASV2677	1	5	2	1	2	0	0	0	0	2	0	1	0	0	0	0	1	0	0	0	0	0	0	2	0	1	0	1	0	0	0	6	0	7	2	0	0	0	0
ASV2692	1	0	0	1	0	0	0	0	0	0	0	0	0	0	0	0	0	0	0	0	0	1	0	0	0	0	0	0	0	0	0	2	8	4	4	8	1	4	0
ASV2726	1	1	2	1	2	1	3	1	0	2	0	0	0	0	0	0	0	0	0	1	0	0	0	2	1	0	0	1	2	0	0	3	0	3	3	0	0	0	4
ASV2849	0	0	1	2	0	0	0	0	0	0	0	0	0	0	0	0	0	0	0	0	0	0	0	0	1	1	1	1	1	0	0	7	3	2	2	2	0	7	3
ASV2891	12	3	0	1	0	0	1	0	1	4	0	0	0	0	0	0	0	0	0	2	0	0	0	1	1	0	1	0	0	0	0	0	0	0	3	0	0	4	0
ASV2987	3	2	1	2	1	1	0	0	2	0	1	0	0	0	0	1	0	0	1	1	1	3	2	1	0	0	5	2	0	1	1	0	0	0	1	0	0	1	0
ASV3011	6	1	1	0	0	1	0	2	0	0	0	0	0	0	0	0	0	0	0	1	1	0	1	4	2	2	0	0	1	0	0	2	0	1	2	0	0	6	0
ASV3057	0	1	2	2	5	1	2	1	3	1	1	2	0	0	1	0	2	0	0	0	0	1	0	0	0	2	1	3	1	1	1	0	0	0	0	0	0	0	0
ASV3073	1	0	0	0	0	2	0	0	0	0	0	0	0	0	0	0	0	0	0	0	1	0	0	0	1	0	0	0	0	0	0	0	0	6	4	19	0	0	0
ASV3104	5	2	0	0	2	1	0	1	0	0	0	1	0	2	1	2	1	1	3	2	1	2	0	2	0	0	1	0	2	0	1	0	0	0	1	0	0	0	0
ASV3115	1	2	1	1	1	0	0	1	0	3	0	0	1	3	2	2	2	0	2	0	1	0	2	3	1	1	1	0	0	0	1	1	0	0	0	0	0	1	0
ASV3132	0	0	0	0	0	0	0	0	0	0	0	0	0	0	0	0	0	0	0	0	0	0	0	0	0	0	0	0	0	0	0	3	8	11	3	1	8	0	0
ASV3162	0	1	1	4	2	0	0	0	0	1	0	0	0	1	0	1	1	0	0	5	0	1	2	4	1	2	3	0	1	1	1	0	0	0	1	0	0	0	0
ASV3166	1	4	1	0	2	0	1	0	3	3	1	0	0	0	0	1	0	0	0	1	0	0	0	4	3	5	2	0	0	0	0	0	0	1	1	0	0	0	0
ASV3185	1	2	5	1	4	1	1	3	0	1	0	2	0	0	0	0	0	0	0	1	0	0	0	1	2	2	2	1	0	0	0	0	0	3	0	0	0	1	0
ASV3249	0	0	0	0	0	0	0	0	0	0	0	0	0	0	1	1	3	7	9	0	7	3	0	0	0	0	0	0	0	1	2	0	0	0	0	0	0	0	0
ASV3257	0	2	0	0	0	0	2	0	1	7	0	1	0	0	0	1	0	0	0	1	0	0	0	2	1	3	2	2	0	0	0	1	2	0	1	3	2	0	0
ASV3267	0	0	1	1	1	1	0	2	2	0	0	0	0	2	0	1	1	4	1	0	0	2	0	2	3	1	3	0	2	2	1	0	0	0	1	0	0	0	0
ASV3268	2	3	4	0	2	0	1	0	3	0	0	1	0	0	0	1	0	0	0	1	0	0	0	2	2	2	2	0	0	0	0	0	0	3	4	0	1	0	0
ASV3335	3	0	0	0	0	1	0	1	3	0	1	0	0	4	3	3	3	1	0	0	1	1	1	0	3	0	2	1	1	0	0	0	0	0	1	0	0	0	0
ASV3337	2	7	0	1	3	0	0	0	1	0	0	0	0	0	0	1	0	0	0	1	0	0	1	3	1	1	0	1	4	0	0	1	0	3	0	0	1	1	1
ASV3391	0	2	1	1	1	3	1	0	1	0	0	0	0	0	3	0	1	1	0	2	0	0	4	4	1	4	1	0	1	0	0	0	0	0	1	0	0	0	1
ASV3494	0	0	0	0	0	0	0	0	0	0	0	0	0	0	0	0	0	0	0	0	0	0	0	0	0	0	0	0	0	0	0	10	1	0	1	0	22	0	0
ASV3502	1	3	2	0	0	0	2	1	1	3	0	0	1	0	0	0	1	0	0	0	0	0	2	2	2	2	0	2	0	0	0	3	0	1	0	4	1	0	0
ASV3519	3	2	0	0	0	0	0	0	0	0	0	0	0	0	0	0	0	0	0	1	0	0	0	1	1	2	0	0	1	0	1	6	7	3	2	1	0	3	0
ASV3527	6	1	0	1	0	0	0	1	0	0	0	0	0	0	0	0	0	0	0	1	0	0	0	3	0	0	0	1	0	0	0	3	5	3	1	0	5	3	0
ASV3549	1	0	0	0	0	0	0	0	1	0	1	0	0	0	0	1	8	1	10	0	4	2	0	0	1	0	1	0	0	0	1	0	0	0	0	0	0	2	0
ASV3620	0	0	0	0	1	0	0	0	0	0	0	0	0	0	0	0	0	0	0	0	0	0	0	0	0	0	0	0	0	0	0	1	11	3	4	2	11	1	0
ASV3675	7	5	1	0	2	0	1	0	0	1	0	3	0	0	4	0	0	0	2	2	0	1	0	1	1	2	0	0	1	0	0	0	0	0	0	0	0	0	0
ASV3691	0	0	0	0	0	1	0	0	0	0	0	0	0	0	0	0	0	0	0	0	0	0	0	1	0	0	0	0	0	0	0	0	0	1	12	19	0	0	0
ASV3692	0	0	2	2	2	0	0	0	0	2	1	0	1	0	0	0	0	0	0	2	0	1	0	1	0	3	2	0	2	0	0	1	0	4	6	0	2	0	0
ASV3695	8	3	1	0	1	0	1	0	0	4	0	0	0	1	0	1	0	0	0	1	0	1	1	1	3	3	0	1	0	0	3	0	0	0	0	0	0	0	0
ASV3803	3	0	0	0	0	1	1	0	0	0	0	0	0	0	0	0	0	0	0	0	0	1	1	1	2	3	0	1	0	1	0	2	1	4	5	0	1	6	0
ASV3829	1	2	1	1	2	0	2	0	1	0	1	0	0	0	1	1	0	0	1	4	0	0	0	4	3	2	1	3	1	0	0	0	0	1	0	0	0	0	1
ASV3867	6	0	3	0	0	1	1	0	1	0	0	0	0	0	0	0	0	0	1	0	0	0	0	0	0	1	0	0	0	0	0	2	2	1	1	3	6	5	0
ASV3872	2	2	2	2	0	0	0	0	0	1	0	0	0	0	0	1	0	0	0	1	0	0	0	3	1	2	1	0	2	0	0	6	3	0	2	0	1	2	0
ASV3875	0	0	0	0	0	0	0	0	0	0	0	0	0	0	0	0	0	0	0	0	0	0	1	0	0	0	0	1	0	0	0	6	0	0	0	0	26	0	0
ASV3920	1	5	1	2	0	1	0	0	2	1	1	1	0	0	2	1	2	0	4	1	2	0	0	0	0	1	0	0	0	2	1	0	0	0	0	0	2	0	1
ASV3924	7	2	1	0	0	0	1	0	0	2	0	0	1	0	0	1	0	0	0	0	0	0	0	0	1	0	0	0	0	0	0	5	5	3	0	1	1	3	0
ASV4034	4	1	3	1	0	0	0	1	0	0	0	0	0	1	1	1	2	0	1	1	0	0	0	1	1	1	1	1	0	0	0	1	0	4	2	0	0	5	0
ASV4038	0	1	1	3	1	2	0	2	0	2	0	0	1	0	0	0	1	0	1	5	0	0	0	2	1	2	1	1	2	1	0	0	0	1	1	0	0	1	1
ASV4044	3	2	0	1	0	0	0	0	0	0	0	0	0	0	0	1	0	0	0	1	0	0	0	0	0	1	0	0	0	0	0	0	3	4	4	13	0	0	1
ASV4076	2	0	1	0	0	1	0	0	0	2	1	1	0	0	1	1	2	1	1	1	0	3	0	2	0	1	1	2	3	0	0	2	0	0	1	0	1	3	0
ASV4103	1	0	1	1	0	3	0	1	0	1	0	0	0	0	0	0	0	0	0	3	0	0	0	2	1	3	1	0	1	0	0	2	0	2	4	1	1	5	0
ASV4163	1	1	0	0	0	0	1	1	0	0	0	1	0	1	1	0	0	0	0	0	1	0	1	0	0	0	0	0	0	0	1	5	0	3	4	0	0	6	6
ASV4260	3	1	0	1	0	0	0	0	0	0	0	0	0	0	0	1	0	0	0	1	0	0	0	2	1	0	1	0	1	0	0	0	19	0	0	0	0	1	2
ASV4292	1	1	0	1	1	3	4	2	2	1	0	0	0	1	0	0	0	0	0	2	1	0	1	1	1	1	1	1	2	0	0	1	1	3	0	1	0	0	0
ASV4394	3	0	0	1	0	1	0	0	1	3	0	0	1	1	0	1	2	2	1	0	0	2	2	1	2	1	3	0	0	0	0	0	0	0	0	0	0	6	0
ASV4450	0	3	2	0	1	3	1	0	0	2	0	2	0	0	2	0	1	0	0	4	0	0	0	0	1	2	1	3	2	1	0	1	1	0	1	0	0	0	0
ASV4473	0	0	1	1	2	1	5	1	1	2	3	1	1	0	0	0	1	0	1	0	0	1	0	1	3	1	1	2	2	1	0	0	0	0	0	0	0	0	1
ASV4571	0	2	2	0	2	0	1	1	4	0	1	0	0	0	0	0	0	1	0	1	1	2	0	1	1	0	1	1	0	0	0	3	0	6	1	0	0	1	1
ASV4679	0	3	4	1	1	3	0	2	1	0	1	0	0	0	0	0	0	0	0	2	0	2	1	4	1	3	2	0	0	0	0	0	0	2	0	0	0	0	1
ASV4757	0	1	3	0	0	0	2	1	1	2	0	1	1	1	0	0	0	0	1	2	0	0	1	1	0	0	0	0	0	1	1	1	1	6	2	0	0	4	0
ASV4791	5	1	0	1	0	0	0	1	1	1	0	0	0	0	0	1	1	1	0	1	0	0	0	0	2	0	0	0	0	2	0	4	0	3	4	0	1	2	2
ASV4839	0	0	0	5	3	2	3	1	1	1	0	1	0	0	0	0	0	0	0	1	1	0	0	3	1	0	0	4	5	0	1	0	0	0	0	0	0	0	1
ASV4852	2	2	2	2	1	1	3	2	1	2	1	0	0	0	0	1	0	1	0	1	0	0	0	0	1	2	3	0	2	0	0	0	0	0	0	0	0	4	0
ASV4912	3	1	0	0	2	1	0	1	0	2	0	0	0	0	0	0	0	0	2	1	1	1	0	3	0	2	1	2	0	3	0	0	1	0	0	0	2	5	0
ASV4980	4	6	1	2	0	1	0	0	0	3	0	0	0	0	0	0	2	0	2	2	0	0	1	1	1	1	0	1	1	0	0	0	0	0	1	0	2	2	0
ASV5021	0	5	1	4	1	3	2	0	0	3	0	0	0	0	0	0	0	0	0	2	0	0	1	5	0	0	2	1	2	0	0	1	0	0	0	1	0	0	0
ASV5070	6	0	0	0	0	0	0	0	0	0	1	0	1	1	1	1	0	2	1	0	1	1	3	0	0	1	0	0	0	2	2	1	1	0	1	0	0	5	2
ASV5075	6	0	0	1	0	0	3	0	0	1	1	0	0	0	1	0	0	0	0	1	0	1	1	0	0	1	2	0	0	0	0	2	0	0	0	0	1	11	1
ASV5143	2	2	1	2	1	1	2	2	0	1	2	4	0	0	0	0	2	2	0	0	0	0	0	3	1	1	0	1	4	0	0	0	0	0	0	0	0	0	0
ASV5169	1	1	0	0	1	2	2	1	0	1	0	0	1	0	0	0	0	0	1	1	0	0	0	3	0	5	0	1	0	0	0	1	0	0	3	8	1	0	0
ASV5260	0	2	0	3	1	2	3	1	1	0	0	0	1	0	0	0	0	0	0	1	0	0	1	2	7	1	3	3	2	0	0	0	0	0	0	0	0	0	0
ASV5420	3	1	1	1	0	0	2	1	0	1	0	0	0	0	0	0	0	0	0	2	0	1	0	1	2	1	2	2	0	0	0	2	3	3	1	2	0	1	1
ASV5450	0	0	0	0	0	0	0	1	0	2	1	0	0	1	1	2	0	2	0	3	0	1	0	2	1	0	1	1	2	1	1	4	0	2	2	0	1	1	1
ASV5595	1	1	0	0	0	0	0	1	0	0	0	0	0	5	3	1	3	1	5	0	4	1	1	0	0	0	0	0	0	4	3	0	0	0	0	0	0	0	0
ASV5601	1	0	0	0	0	0	0	0	0	0	0	0	0	0	0	0	0	0	0	0	0	0	0	0	0	0	0	0	0	0	0	0	29	0	2	2	0	0	0
ASV5616	2	4	1	1	2	0	1	1	0	3	0	0	0	1	1	0	2	0	0	2	0	1	1	0	0	0	1	2	1	0	2	0	0	0	3	0	1	1	0
ASV5740	1	1	0	0	0	0	0	0	0	0	0	0	0	0	0	0	0	0	5	0	0	13	2	0	0	1	0	0	0	7	2	1	0	0	0	1	0	0	0
ASV5781	0	1	0	0	0	2	2	3	0	0	0	0	0	0	0	0	0	0	0	0	0	0	1	1	0	0	0	1	3	0	1	1	1	8	2	0	3	2	2
ASV2589	0	1	0	0	0	0	1	0	0	0	0	0	0	0	0	0	0	0	0	0	0	0	0	0	0	0	0	0	0	0	0	0	0	10	1	20	0	0	0
ASV2607	0	1	0	0	3	1	0	3	2	1	0	0	0	1	0	1	0	1	0	2	0	1	2	1	1	1	0	0	0	1	1	1	0	0	4	0	0	4	0
ASV2643	3	3	2	1	0	3	2	0	1	4	1	0	0	0	1	0	0	0	0	1	0	0	0	0	1	4	0	0	1	0	0	2	0	1	0	0	0	0	2
ASV2650	5	2	1	2	0	1	0	1	0	2	0	0	0	0	0	0	0	0	0	4	0	0	0	3	4	5	2	1	0	0	0	0	0	0	0	0	0	0	0
ASV2652	1	4	3	2	2	1	0	0	1	2	0	2	0	0	0	0	0	0	0	3	0	0	0	3	2	3	2	2	0	0	0	0	0	0	0	0	0	0	0
ASV2696	4	0	1	0	0	1	0	1	2	3	0	0	0	0	0	0	0	0	0	0	0	0	0	3	1	2	3	1	0	0	0	0	0	1	2	8	0	0	0
ASV2824	2	1	1	0	0	0	0	2	0	1	3	2	1	0	0	2	0	1	3	0	1	1	2	1	2	0	0	1	1	2	2	0	0	0	1	0	0	0	0
ASV2941	0	0	0	0	0	0	0	0	0	0	0	0	0	0	0	0	0	0	0	0	0	0	0	0	0	0	0	0	0	0	0	0	8	0	5	19	1	0	0
ASV2947	3	1	0	0	0	0	0	0	0	0	0	0	0	0	0	0	0	0	0	0	0	0	0	0	0	0	0	0	0	0	0	1	4	3	3	12	0	6	0
ASV2990	2	1	1	0	1	1	0	0	0	2	0	0	0	0	0	0	0	0	0	0	0	0	0	1	0	0	2	0	0	0	0	5	0	8	0	0	1	5	3
ASV3039	0	0	0	0	0	0	0	0	1	1	1	2	0	0	2	1	1	5	0	0	5	2	1	0	1	0	1	0	1	5	1	0	0	0	2	0	0	0	0
ASV3055	0	2	0	0	0	0	0	0	0	0	0	0	0	0	0	1	0	0	0	0	0	0	0	0	0	0	1	0	0	0	0	8	5	6	5	0	5	0	0
ASV3077	1	0	0	0	0	0	0	0	0	0	0	0	0	0	0	0	0	0	0	1	0	0	0	0	0	0	0	0	0	0	0	5	0	14	10	0	1	1	0
ASV3111	8	0	0	0	1	1	0	1	1	1	0	0	0	0	2	0	0	2	0	4	0	0	2	1	1	2	3	1	1	0	0	0	0	0	0	0	0	1	0
ASV3130	0	0	1	0	0	0	0	0	2	0	0	0	0	0	0	0	0	0	0	0	0	0	0	0	0	0	0	0	0	0	0	0	0	1	0	29	0	0	0
ASV3138	1	1	1	1	1	1	2	2	0	3	1	0	0	0	0	0	0	0	0	2	0	0	0	4	2	2	5	1	1	0	0	0	0	0	0	0	2	0	0
ASV3150	2	3	2	1	1	2	1	0	1	2	0	1	1	0	1	0	1	0	0	1	0	0	0	1	2	1	2	1	4	0	1	0	0	0	0	0	0	1	0
ASV3171	0	0	0	0	0	0	0	0	0	0	0	0	0	0	0	0	0	0	0	0	0	0	0	0	0	0	0	0	0	0	0	0	2	5	0	26	0	0	0
ASV3188	3	0	3	1	3	0	2	2	2	4	0	2	0	0	0	0	0	0	0	2	0	0	0	2	2	2	1	1	1	0	0	0	0	0	0	0	0	0	0
ASV3205	0	0	0	1	0	0	0	0	0	0	0	0	0	0	1	0	0	0	0	1	1	0	0	0	0	0	0	0	0	0	0	8	3	2	7	0	0	9	0
ASV3241	0	1	0	1	0	0	0	0	0	0	0	0	0	0	0	1	0	0	1	0	2	4	14	2	2	0	0	0	1	3	1	0	0	0	0	0	0	0	0
ASV3242	0	2	1	0	0	1	0	1	0	1	0	1	0	0	0	1	0	0	0	1	0	1	0	0	0	1	0	0	1	1	0	6	6	2	3	3	0	0	0
ASV3276	2	0	0	0	0	0	0	1	1	1	0	1	1	0	0	0	0	1	0	0	0	1	0	2	3	0	0	0	0	1	1	4	0	6	2	1	0	3	1
ASV3281	0	4	0	2	0	2	1	1	2	2	0	1	0	1	0	0	0	0	0	0	0	0	0	1	0	3	0	1	3	1	0	0	0	6	1	0	0	1	0
ASV3290	7	5	0	1	0	0	0	1	0	3	0	0	0	0	0	0	0	0	0	1	0	0	0	1	0	2	1	0	0	0	0	5	1	2	0	0	0	3	0
ASV3298	2	0	0	0	0	0	0	0	0	1	0	0	0	0	0	0	0	0	0	0	0	0	0	1	0	0	1	0	0	0	0	0	1	4	1	22	0	0	0
ASV3324	5	1	2	3	0	0	0	0	0	1	0	0	0	0	0	0	0	0	0	6	0	0	0	2	2	3	6	0	1	0	0	0	0	0	0	1	0	0	0
ASV3331	4	2	1	0	3	1	0	1	0	5	0	1	1	0	1	0	1	2	0	3	0	0	1	1	0	2	1	0	1	0	0	0	0	0	0	0	0	1	0
ASV3344	11	3	2	1	1	4	0	0	1	1	0	0	0	0	0	0	0	0	0	4	0	0	0	1	1	0	1	0	1	0	0	1	0	0	0	0	0	0	0
ASV3371	1	1	2	1	4	3	2	0	3	1	0	0	0	0	0	0	0	0	0	1	0	0	0	0	0	0	2	1	3	0	0	0	0	1	1	6	0	0	0
ASV3381	3	1	0	2	1	0	0	2	0	2	0	0	0	0	0	0	0	0	0	2	0	0	0	3	1	0	2	1	0	0	0	0	0	0	0	0	0	12	1
ASV3382	1	0	1	1	1	2	0	0	0	0	0	0	0	0	0	0	0	0	0	3	0	0	0	1	3	0	3	0	1	0	0	0	9	3	1	0	0	3	0
ASV3411	4	4	0	0	0	1	3	0	2	2	0	0	0	0	0	0	0	0	0	1	0	5	0	3	2	2	1	0	2	1	0	0	0	0	0	0	0	0	0
ASV3433	0	0	0	0	0	0	0	0	0	0	1	1	6	0	0	1	0	0	0	0	1	0	0	0	0	0	0	1	0	0	0	0	0	0	22	0	0	0	0
ASV3445	1	0	1	2	0	0	0	0	0	2	0	0	0	0	0	0	0	0	0	1	0	0	1	0	0	0	1	0	0	0	0	0	4	10	4	4	1	0	1
ASV3451	0	0	1	1	0	0	0	0	1	2	0	0	0	0	0	0	0	0	0	1	0	0	0	2	0	0	1	0	0	0	0	2	4	4	3	8	1	1	1
ASV3460	6	2	1	1	0	2	2	1	1	2	1	0	0	0	0	0	0	0	0	1	0	0	0	3	1	1	0	2	0	0	0	0	0	1	0	5	0	0	0
ASV3472	2	0	1	0	3	3	0	5	0	5	1	0	1	0	0	1	2	2	0	0	0	3	0	0	0	0	1	0	2	0	1	0	0	0	0	0	0	0	0
ASV3511	5	2	4	1	2	0	1	0	0	1	0	0	0	0	0	0	0	0	0	5	0	0	0	3	1	3	3	0	0	0	0	1	0	0	1	0	0	0	0
ASV3563	2	3	0	0	1	0	0	0	4	0	0	0	1	0	0	1	2	1	0	0	4	2	1	0	0	1	4	1	0	0	0	2	1	0	0	0	0	1	1
ASV3574	0	0	0	0	0	0	1	0	0	0	0	0	0	0	0	0	0	0	0	0	0	0	0	0	0	0	0	0	0	0	0	0	15	2	0	15	0	0	0
ASV3587	1	1	0	3	2	2	0	1	0	1	0	1	1	0	0	0	0	0	0	2	0	1	0	0	1	1	0	2	0	0	0	1	2	3	4	1	0	1	1
ASV3605	0	1	0	1	1	1	0	0	0	1	0	0	0	0	0	0	1	0	0	1	0	0	0	3	0	2	0	0	0	0	0	1	1	0	0	19	0	0	0
ASV3628	1	1	3	0	0	1	0	1	2	3	1	0	0	0	0	0	0	0	0	1	0	0	0	1	0	0	2	1	0	0	0	1	2	3	1	0	0	2	6
ASV3641	2	1	1	0	0	1	1	2	0	1	0	0	0	1	0	0	1	1	0	0	1	0	2	0	2	0	0	1	0	0	1	1	5	2	2	2	0	0	2
ASV3651	1	0	0	0	1	1	0	0	0	2	0	0	0	1	0	1	0	3	2	2	3	4	1	1	0	1	1	1	1	0	2	0	0	1	1	0	0	0	2
ASV3671	0	1	0	0	0	0	1	2	4	1	2	1	1	3	1	1	1	0	1	0	0	1	4	1	1	1	0	1	1	0	2	0	0	0	0	0	0	1	0
ASV3733	0	3	1	0	0	1	0	0	1	1	0	0	0	0	1	1	1	1	0	0	0	0	1	1	1	1	1	1	0	0	0	2	1	6	2	3	1	1	0
ASV3777	2	3	0	0	0	0	0	0	0	0	0	0	0	0	1	0	0	0	0	1	0	0	0	0	1	0	2	1	0	0	1	1	2	7	1	0	2	7	1
ASV3784	5	1	0	1	3	2	0	1	0	1	2	3	1	0	0	1	1	0	2	1	4	0	0	2	0	0	0	1	0	1	0	0	0	0	0	0	0	0	0
ASV3833	0	0	0	0	0	0	0	0	0	0	0	0	0	0	0	0	0	0	0	0	0	0	0	0	0	0	0	0	0	0	0	10	6	1	4	0	8	2	2
ASV3851	2	2	2	0	2	0	2	0	0	3	0	0	0	0	0	1	0	0	0	4	0	0	2	0	1	1	4	1	5	0	0	0	0	0	0	0	0	1	0
ASV3854	2	0	0	0	0	0	0	0	0	1	0	0	0	0	0	0	0	0	0	0	0	0	0	0	1	0	0	0	0	0	0	4	2	6	7	0	6	4	0
ASV3901	0	1	3	0	1	0	1	0	0	1	1	0	0	0	0	0	0	0	0	2	0	0	0	1	0	1	1	0	0	0	0	2	8	3	2	3	1	1	0
ASV3916	4	0	1	0	0	1	0	0	0	1	0	0	0	0	0	0	0	0	0	4	0	0	0	0	0	0	1	1	0	0	0	0	4	3	3	0	10	0	0
ASV3930	0	2	2	0	0	0	0	0	0	0	0	0	0	0	0	3	1	7	10	0	2	2	0	1	0	0	0	0	1	1	1	0	0	0	0	0	0	0	0
ASV3932	1	1	2	2	2	3	2	1	1	4	0	2	0	1	1	0	0	0	0	3	0	0	0	0	3	0	3	0	0	0	1	0	0	0	0	0	0	0	0
ASV3968	0	1	4	0	0	0	1	1	1	2	1	0	1	0	1	1	0	0	0	2	0	0	0	0	3	1	1	0	0	0	0	1	1	4	2	2	0	2	0
ASV3998	1	0	0	2	1	1	0	1	0	1	0	0	0	0	0	0	1	0	1	2	1	6	1	4	1	2	0	0	0	0	1	0	1	0	0	0	5	0	0
ASV4022	2	3	0	0	2	0	0	0	0	3	0	0	0	0	0	1	0	0	0	1	0	0	0	1	2	0	0	0	1	0	0	4	1	3	3	1	2	1	2
ASV4056	2	1	1	1	0	1	1	2	0	0	0	0	1	0	1	1	0	1	1	1	0	0	1	1	0	2	0	0	1	0	0	2	1	5	3	0	1	0	1
ASV4077	0	2	1	0	0	0	1	0	0	4	0	0	0	0	0	0	0	0	0	2	0	0	2	0	0	1	0	0	2	0	0	2	3	6	5	1	1	0	0
ASV4101	3	0	0	0	0	0	0	0	0	0	0	0	0	1	0	0	0	0	0	0	0	0	0	0	0	0	3	0	0	0	0	11	0	6	1	0	2	6	0
ASV4109	1	0	3	1	1	3	0	0	0	2	0	3	0	0	1	0	0	0	0	3	1	0	3	2	2	0	2	0	0	0	1	0	0	1	1	0	0	0	2
ASV4201	1	3	3	1	0	1	2	1	1	1	0	0	1	2	0	0	2	0	1	0	0	0	0	0	0	2	0	1	0	0	1	0	3	1	0	0	0	2	3
ASV4286	2	4	2	1	2	1	0	3	0	3	0	0	0	0	0	0	0	0	0	1	0	0	0	5	3	1	2	2	1	0	0	0	0	0	0	0	0	0	0
ASV4298	2	4	1	3	3	0	1	0	0	2	2	0	0	0	0	0	0	2	0	0	0	0	0	0	1	1	1	1	0	0	0	0	0	0	4	0	1	3	1
ASV4306	0	0	5	3	2	1	0	2	5	0	4	1	0	0	1	0	0	0	0	2	0	0	0	0	1	2	0	2	0	1	0	0	0	0	0	0	0	0	1
ASV4374	2	0	0	0	0	1	0	0	0	0	0	0	0	0	0	0	0	0	0	0	0	0	0	0	0	1	0	0	0	0	0	2	6	2	3	16	0	0	0
ASV4381	0	1	1	0	0	3	4	0	1	2	0	0	0	1	0	0	0	0	0	2	0	1	0	0	3	3	2	3	1	0	0	0	0	1	1	0	0	2	1
ASV4415	0	0	0	0	0	1	0	0	0	0	0	0	0	0	0	0	0	0	0	0	1	1	29	0	0	0	0	0	0	1	0	0	0	0	0	0	0	0	0
ASV4451	1	0	1	4	0	2	0	0	0	1	3	12	0	0	0	0	0	0	0	1	0	0	1	0	1	1	2	2	1	0	0	0	0	0	0	0	0	0	0
ASV4584	0	0	0	0	0	0	0	0	1	0	0	0	0	0	0	0	0	0	2	0	1	0	0	0	0	0	1	0	0	0	0	0	0	0	0	0	0	28	0
ASV4634	4	0	0	1	0	0	0	0	0	0	0	0	0	0	0	0	0	0	0	0	0	0	0	0	2	0	0	0	0	0	0	1	0	4	1	1	2	16	1
ASV4644	2	1	0	0	1	0	0	1	0	0	0	0	0	0	0	0	0	0	0	0	1	0	0	2	0	0	0	1	0	0	0	3	2	3	2	0	3	7	4
ASV4660	5	0	1	0	0	2	0	0	3	1	2	1	0	1	0	0	0	0	1	3	2	3	1	1	0	1	0	0	0	2	3	0	0	0	0	0	0	0	0
ASV4842	0	4	2	1	1	0	2	1	0	2	0	2	1	0	0	0	0	1	1	2	1	0	0	1	3	0	0	0	0	0	0	1	0	2	5	0	0	0	0
ASV4901	1	0	1	0	0	0	0	0	0	0	0	0	0	0	0	0	0	0	0	0	0	0	1	0	0	0	0	0	0	0	0	1	11	3	4	1	2	7	1
ASV4963	0	0	0	0	0	0	0	0	0	0	0	0	0	0	0	0	0	0	0	0	0	0	0	0	0	2	0	0	0	0	0	1	12	2	2	12	2	0	0
ASV4985	0	1	0	1	0	1	2	0	0	0	0	0	0	0	0	0	0	0	0	3	0	0	0	0	1	0	1	0	0	0	0	0	0	0	0	23	0	0	0
ASV5077	1	3	2	2	1	2	2	0	0	7	0	0	0	0	0	0	0	0	0	1	0	0	0	1	4	3	2	1	1	0	0	0	0	0	0	0	0	0	0
ASV5088	0	1	2	0	2	0	0	0	0	0	0	0	0	0	0	0	0	0	0	0	0	0	0	1	0	1	1	0	0	0	0	1	7	2	4	7	0	3	1
ASV5096	1	3	4	0	0	0	0	0	0	0	0	0	0	0	0	0	0	0	0	0	0	0	0	0	2	1	0	0	1	0	0	0	0	2	3	15	0	1	0
ASV5147	0	3	3	2	1	2	0	0	1	1	0	0	0	1	0	0	0	0	1	5	0	0	1	1	1	2	4	1	0	0	2	0	0	1	0	0	0	0	0
ASV5330	1	0	0	0	1	0	0	1	1	0	0	0	0	0	0	0	0	1	0	0	0	1	2	0	0	2	1	0	0	1	5	1	0	1	0	0	0	14	0
ASV5377	4	0	1	0	0	0	1	0	1	0	0	0	0	0	1	1	1	0	0	0	0	1	0	1	0	1	1	0	0	0	1	1	0	2	3	0	1	8	3
ASV5382	0	4	5	1	0	0	2	1	1	3	0	1	0	0	0	0	0	0	0	1	0	0	0	1	0	1	1	2	1	0	0	0	0	3	3	1	0	0	1
ASV5491	2	3	0	1	1	1	0	1	0	3	1	0	0	0	0	0	0	0	0	2	0	0	0	4	0	2	1	0	1	0	1	2	0	3	1	3	0	0	0
ASV5512	1	0	0	1	1	0	2	0	0	1	0	0	0	0	0	1	0	1	0	1	0	2	0	0	0	1	1	0	1	0	3	1	2	0	0	0	0	10	3
ASV5519	2	1	0	1	0	1	0	0	0	0	0	0	0	0	0	1	0	0	1	1	0	0	0	1	1	1	2	1	0	1	1	2	0	4	3	0	5	2	1
ASV5520	0	1	3	3	2	3	0	1	0	1	0	1	1	0	0	0	0	0	0	0	0	0	0	1	1	3	1	0	2	0	0	1	0	5	3	0	0	0	0
ASV5527	5	1	1	1	0	2	2	0	2	2	1	1	0	0	0	0	0	0	0	0	0	1	5	1	1	3	1	0	1	1	0	0	1	0	0	0	0	0	0
ASV5715	5	0	2	0	1	0	0	1	1	2	0	0	0	0	1	0	0	0	0	2	0	2	0	1	0	0	0	0	1	0	1	2	0	0	2	0	0	4	5
ASV2653	0	1	0	2	0	0	0	0	0	0	0	0	0	0	0	0	0	0	0	0	0	0	0	0	0	0	0	0	1	0	0	1	1	12	3	11	0	0	0
ASV2663	1	1	4	0	0	1	2	1	1	0	1	0	0	0	0	0	1	0	0	2	0	0	0	2	2	2	2	0	0	0	0	1	3	1	2	1	0	1	0
ASV2709	1	0	0	0	0	1	0	0	0	1	0	0	0	0	0	0	0	0	0	1	0	0	0	0	0	0	0	0	0	0	0	4	6	9	4	4	0	1	0
ASV2772	0	0	0	1	0	0	0	0	0	0	0	0	0	0	0	0	0	0	0	0	0	0	0	0	1	0	0	0	1	0	0	5	0	0	1	1	7	15	0
ASV2791	0	0	0	0	0	0	0	0	0	0	0	0	0	0	0	0	1	0	0	0	0	1	0	0	0	0	0	0	0	0	0	0	8	21	1	0	0	0	0
ASV2804	1	0	0	0	0	0	0	0	0	0	0	0	0	0	0	0	0	0	0	0	0	0	0	0	0	0	0	0	0	0	0	9	2	8	8	0	3	0	1
ASV2827	5	0	0	0	0	0	0	1	0	0	0	1	0	0	0	1	0	0	0	2	0	0	0	1	0	0	0	1	1	0	0	1	3	3	9	3	0	0	0
ASV2833	1	1	1	0	0	0	0	0	0	1	0	0	0	0	0	0	0	0	3	1	0	0	1	1	0	0	1	0	0	1	1	4	1	2	2	0	0	9	1
ASV2842	1	1	1	1	0	1	0	1	0	0	0	0	0	0	0	0	0	0	0	0	0	0	0	0	0	0	0	0	0	0	0	0	0	1	0	25	0	0	0
ASV2854	0	0	4	2	2	2	2	2	0	2	0	3	0	0	0	0	0	0	0	3	0	0	0	0	0	2	2	3	3	0	0	0	0	0	0	0	0	0	0
ASV2859	11	3	0	0	1	0	2	0	0	2	0	0	0	0	0	0	0	0	0	2	0	0	0	1	0	2	1	0	3	0	0	0	2	1	1	0	0	0	0
ASV2877	4	3	1	1	0	0	1	0	0	0	0	0	0	0	0	0	0	0	0	0	0	0	0	4	1	0	1	0	0	0	0	0	0	1	1	14	0	0	0
ASV2905	3	2	0	2	0	0	1	3	0	0	0	0	0	1	0	5	1	1	0	0	1	0	0	1	1	0	0	2	0	0	0	3	0	2	0	0	0	0	3
ASV2927	0	0	0	0	2	0	1	2	1	2	0	0	0	0	2	1	0	1	2	0	0	3	1	0	0	0	0	2	4	0	0	0	0	0	1	6	0	0	1
ASV2944	9	4	1	1	0	0	0	2	0	1	0	0	0	0	0	0	0	0	0	2	0	0	1	3	1	1	2	0	2	0	1	0	0	0	0	0	0	1	0
ASV3013	4	1	0	0	0	2	0	0	1	3	0	0	0	0	1	0	0	2	0	2	0	0	1	0	0	1	0	1	2	0	0	0	0	1	0	0	3	7	0
ASV3015	0	0	0	0	1	0	0	0	0	0	0	0	0	0	0	0	0	0	0	0	0	0	0	1	0	0	0	0	1	0	0	8	3	5	4	0	0	9	0
ASV3030	0	0	0	0	0	0	1	0	1	0	1	0	0	0	0	0	0	0	0	1	1	0	0	0	2	0	0	1	1	0	0	0	0	0	1	22	0	0	0
ASV3046	5	1	1	0	0	0	0	0	0	0	0	0	0	0	0	0	0	0	0	2	0	0	0	2	2	0	1	0	0	0	0	2	1	2	0	1	8	4	0
ASV3053	7	2	1	1	1	1	1	0	0	3	0	0	0	0	0	0	0	0	0	2	0	0	0	3	1	3	1	0	1	1	0	0	0	0	1	0	0	0	2
ASV3100	6	1	0	1	0	0	0	0	0	0	0	0	0	1	0	0	0	0	0	0	0	0	0	0	1	1	0	1	0	0	0	1	3	5	0	10	0	1	0
ASV3126	3	0	0	1	1	0	0	4	0	4	0	0	0	0	0	1	1	0	3	2	1	0	0	2	0	0	1	0	0	2	0	0	0	1	0	0	2	3	0
ASV3131	5	2	2	1	1	1	2	1	2	0	0	0	0	1	0	0	0	0	1	4	4	0	0	1	0	1	1	1	0	0	1	0	0	0	0	0	0	0	0
ASV3173	2	1	1	1	0	1	0	0	0	1	0	0	0	0	0	0	0	0	0	1	0	0	1	2	1	0	0	2	4	0	0	1	1	7	0	1	3	0	1
ASV3206	0	0	1	0	1	2	0	2	1	1	0	1	0	1	1	1	0	1	1	0	2	2	2	1	1	1	2	0	3	2	0	0	0	0	0	0	0	1	1
ASV3244	0	6	0	1	0	1	1	0	0	3	0	0	0	0	2	0	1	0	0	2	0	1	1	1	2	3	1	2	2	0	2	0	0	0	0	0	0	0	0
ASV3251	0	0	0	0	0	0	1	0	0	0	0	0	1	1	2	1	0	3	3	0	0	2	0	0	1	1	1	1	0	2	1	0	2	1	3	0	3	2	0
ASV3270	2	2	2	1	0	1	0	0	2	0	2	0	0	0	0	0	2	0	2	1	0	2	1	0	2	0	3	0	3	3	1	0	0	0	0	0	0	0	0
ASV3275	1	0	1	0	0	1	0	0	0	0	0	0	0	0	0	0	0	0	0	1	0	0	0	1	3	1	0	1	0	1	0	3	9	0	3	0	3	1	2
ASV3292	3	1	1	0	2	0	1	0	0	3	0	0	0	0	0	0	1	0	0	2	0	1	0	3	0	1	1	0	1	0	0	0	0	3	0	0	0	8	0
ASV3315	0	0	2	0	0	0	0	1	0	0	0	0	0	0	0	0	0	0	0	3	0	0	0	1	0	0	0	0	0	0	0	0	3	3	10	9	0	0	0
ASV3333	3	3	3	2	1	2	2	1	0	1	0	0	0	1	0	0	2	0	0	3	0	1	1	0	1	0	1	0	1	0	1	0	0	0	0	2	0	0	0
ASV3351	3	2	1	0	1	0	0	0	1	0	0	0	0	0	2	3	2	2	9	0	1	1	0	0	1	0	1	0	0	0	0	0	0	0	0	0	1	1	0
ASV3363	2	1	3	1	1	1	0	1	0	1	0	0	0	0	1	0	2	1	0	2	0	0	0	0	1	3	1	1	0	0	0	2	0	0	2	0	5	0	0
ASV3386	11	0	0	1	0	0	2	0	0	0	0	0	0	0	0	0	0	0	0	2	0	0	0	1	1	1	0	1	0	0	1	1	1	2	4	0	0	2	1
ASV3409	0	1	1	0	0	2	1	2	0	1	1	0	1	0	0	0	0	0	1	1	0	0	0	1	1	1	3	2	1	0	0	5	0	3	1	0	1	0	1
ASV3442	0	0	0	0	0	1	0	0	1	0	0	0	0	0	0	0	0	1	0	0	0	3	1	0	0	0	0	0	0	1	0	3	0	16	4	0	1	0	0
ASV3488	3	0	0	1	1	0	3	0	0	1	0	0	0	0	1	0	0	1	0	2	0	0	0	2	4	0	0	0	1	0	0	4	0	2	1	0	2	1	2
ASV3490	4	0	0	0	0	0	0	1	0	0	0	0	0	0	0	0	0	0	0	0	0	0	0	1	0	0	0	0	0	0	0	2	0	3	1	0	6	11	3
ASV3537	2	0	0	0	2	1	1	1	0	1	0	0	0	0	0	0	0	0	0	0	0	1	0	0	2	1	1	1	0	0	1	5	1	2	1	5	1	1	1
ASV3582	1	1	0	1	0	0	0	0	0	2	0	0	0	0	0	0	0	0	0	0	0	1	0	2	1	0	2	0	0	0	0	6	0	5	3	0	4	0	3
ASV3589	0	0	0	0	0	0	0	1	0	0	0	0	0	0	0	0	0	0	0	2	0	0	0	1	1	0	2	0	0	0	0	3	13	0	6	3	0	0	0
ASV3613	0	0	0	0	0	0	0	0	0	0	0	0	0	0	0	0	0	0	0	0	0	0	0	0	0	0	0	0	0	0	0	0	26	0	3	3	0	0	0
ASV3614	1	2	0	0	0	2	0	0	0	0	0	0	0	0	0	0	0	0	0	2	0	0	0	0	0	2	1	0	0	0	0	3	1	2	7	1	4	4	0
ASV3704	0	1	0	0	0	1	1	2	0	1	0	0	0	0	0	2	0	0	2	1	1	0	0	0	2	2	0	0	0	0	1	4	1	3	0	0	3	2	2
ASV3719	0	0	0	1	0	0	2	0	0	3	0	0	0	0	0	0	0	0	0	0	0	0	0	0	0	1	0	1	0	0	0	1	8	4	0	4	3	4	0
ASV3789	1	0	0	0	0	0	1	0	0	1	1	0	0	0	0	0	0	0	0	0	1	0	0	0	0	0	0	0	0	0	0	7	8	1	2	3	2	4	0
ASV3797	5	1	0	0	1	0	0	1	0	0	0	0	1	0	0	1	1	1	0	3	0	0	0	2	0	1	0	0	0	0	1	1	1	3	1	0	3	4	0
ASV3801	2	0	2	0	0	0	0	0	1	0	2	1	0	0	1	1	0	2	2	1	0	5	0	1	1	0	0	1	0	0	1	1	0	4	1	0	0	2	0
ASV3802	9	0	1	0	0	0	0	0	0	0	0	0	0	0	0	0	0	1	0	1	0	5	1	0	2	0	0	0	2	0	1	3	0	0	2	0	0	4	0
ASV3838	0	2	0	0	0	0	4	0	0	1	1	0	0	0	0	0	0	0	0	0	0	0	0	1	1	1	0	0	2	0	0	2	4	6	3	0	1	1	2
ASV3862	2	0	0	0	0	0	0	0	0	0	0	0	0	1	0	0	0	0	0	0	0	0	0	0	0	0	0	0	0	0	0	0	1	10	4	13	0	1	0
ASV3890	0	2	2	0	1	0	1	1	2	0	0	0	0	1	1	3	0	2	0	1	1	2	2	0	1	0	1	0	1	7	0	0	0	0	0	0	0	0	0
ASV3891	4	2	2	0	1	1	0	0	0	0	1	0	0	0	0	0	0	0	1	2	0	1	0	1	3	0	1	0	1	0	0	0	0	2	2	6	1	0	0
ASV3946	2	2	3	1	0	1	0	1	0	3	1	0	0	0	0	0	1	0	0	0	0	0	0	2	0	1	1	0	1	1	0	1	1	0	2	3	2	2	0
ASV3954	0	2	4	0	2	0	3	2	0	1	0	1	0	0	1	1	0	0	0	1	0	0	0	0	1	3	1	1	2	0	0	2	0	3	0	0	0	0	1
ASV3971	4	1	0	0	3	1	1	2	0	3	0	2	2	0	0	0	0	0	0	1	2	1	1	0	0	2	2	2	2	0	0	0	0	0	0	0	0	0	0
ASV4050	0	2	0	0	3	1	3	3	1	3	0	0	1	0	0	1	1	1	0	0	0	2	1	1	1	0	2	1	1	2	1	0	0	0	0	0	0	0	0
ASV4055	2	0	0	1	0	0	2	0	2	1	0	0	0	0	1	3	0	1	2	0	2	0	2	0	0	1	1	1	0	1	1	0	0	2	1	0	0	3	2
ASV4068	5	2	1	0	0	1	0	0	1	1	1	1	0	0	0	1	2	0	2	0	1	2	1	1	0	1	5	0	0	0	1	0	0	0	0	0	0	2	0
ASV4154	0	0	0	0	0	0	0	0	0	1	2	0	21	0	0	0	1	0	0	0	1	2	0	0	0	0	0	0	0	2	2	0	0	0	0	0	0	0	0
ASV4178	7	1	1	0	2	1	3	0	2	3	0	0	1	0	0	1	1	0	0	3	0	0	0	1	1	2	0	0	0	0	0	0	0	0	1	0	0	0	1
ASV4226	0	0	1	0	0	1	0	0	0	0	0	0	0	0	0	0	0	0	0	0	0	0	0	0	0	1	1	0	0	0	0	0	0	4	11	13	0	0	0
ASV4264	1	1	0	3	0	0	0	1	0	1	0	0	0	0	1	0	0	0	0	2	0	0	0	0	1	0	0	0	0	0	0	1	1	0	0	1	0	16	2
ASV4380	1	2	4	0	1	2	0	1	0	0	0	0	2	0	0	1	2	1	1	0	1	1	0	0	1	2	2	0	3	0	0	0	0	1	0	0	2	1	0
ASV4411	2	0	1	1	0	2	0	1	0	1	1	0	0	1	1	1	0	0	0	2	0	0	1	2	1	1	0	0	1	0	0	0	0	0	1	6	1	1	3
ASV4413	0	0	0	3	0	0	0	0	0	0	0	0	3	0	1	2	3	3	1	0	2	11	0	0	0	0	0	0	0	2	1	0	0	0	0	0	0	0	0
ASV4595	3	2	3	2	0	1	0	0	1	3	0	0	0	0	0	0	0	1	0	0	0	0	0	2	2	3	4	1	0	0	0	0	0	2	0	2	0	0	0
ASV4631	3	1	1	0	1	0	0	0	0	1	0	0	0	0	0	0	0	0	0	1	1	0	0	1	1	0	0	0	1	0	0	0	9	4	2	0	0	5	0
ASV4658	0	2	2	3	0	1	1	0	1	1	1	0	1	0	0	1	0	0	3	3	0	0	3	0	3	2	0	1	0	1	0	0	0	1	1	0	0	0	0
ASV4687	0	0	2	2	0	0	9	1	5	0	1	0	0	0	0	1	0	0	0	0	0	0	0	4	1	0	0	2	3	0	0	0	0	0	0	0	0	0	1
ASV4760	3	1	2	0	0	1	0	0	1	0	0	1	0	0	0	0	1	0	3	0	1	2	2	0	1	0	0	1	0	5	3	1	0	1	0	0	0	2	0
ASV4836	2	2	0	0	2	1	0	1	0	0	0	0	0	0	0	0	0	0	0	1	0	1	0	0	0	2	0	0	0	0	0	11	1	2	3	0	1	1	1
ASV4913	4	3	3	0	0	0	0	0	0	3	0	0	0	0	0	0	0	0	0	2	0	0	1	3	1	2	1	0	2	0	0	1	0	2	1	2	0	0	1
ASV4921	1	0	0	0	0	0	0	0	0	1	0	0	0	0	0	0	0	0	0	2	1	0	0	1	0	0	0	0	0	0	0	5	0	10	2	0	6	2	1
ASV4929	3	1	2	0	0	1	1	0	0	1	0	1	0	0	0	0	0	0	0	0	0	0	1	2	2	3	0	1	1	0	0	1	1	5	2	1	2	0	0
ASV4962	1	4	0	1	3	0	0	0	0	1	0	0	0	0	0	1	0	0	0	4	0	0	0	0	1	3	2	0	0	0	0	2	1	0	2	2	0	4	0
ASV5016	2	0	0	0	0	1	0	0	0	3	0	0	0	0	1	1	2	0	2	1	2	1	4	0	0	1	0	2	1	0	1	2	0	3	1	0	0	1	0
ASV5032	1	0	0	1	0	0	2	1	0	1	3	1	1	0	2	0	2	6	2	1	2	1	0	0	0	3	0	0	0	0	2	0	0	0	0	0	0	0	0
ASV5081	1	0	0	1	0	0	0	1	0	0	1	1	0	0	0	1	0	0	0	2	0	1	0	0	1	0	2	1	0	1	0	0	3	5	1	2	4	3	0
ASV5107	1	0	0	1	0	1	0	0	0	0	0	0	1	1	1	0	2	2	0	0	0	3	0	1	0	2	0	0	2	0	0	7	1	0	2	0	0	3	1
ASV5109	0	0	1	0	0	0	0	0	0	0	0	0	0	0	0	0	0	0	1	0	0	0	0	0	0	0	0	0	0	0	0	4	7	8	1	0	3	0	7
ASV5319	0	0	0	0	0	0	0	0	0	0	1	0	2	0	1	3	1	1	1	0	1	0	0	0	0	0	0	0	0	18	3	0	0	0	0	0	0	0	0
ASV5386	1	2	0	0	1	1	1	1	1	0	0	2	0	0	1	0	0	1	0	3	0	0	0	3	2	4	1	2	1	0	0	0	0	1	0	2	0	1	0
ASV5509	1	1	0	0	0	0	0	0	0	0	0	2	1	1	1	0	2	4	3	0	3	1	1	0	0	0	0	1	0	0	4	0	3	0	0	0	1	1	1
ASV5572	1	0	2	1	0	1	0	0	1	0	0	1	1	5	1	3	1	0	0	1	0	11	1	0	1	0	0	0	0	0	0	0	0	0	0	0	0	0	0
ASV5623	5	0	0	0	0	0	1	1	0	0	0	0	0	0	0	0	0	0	0	0	0	0	0	0	1	1	1	1	0	0	0	0	1	6	8	4	0	2	0
ASV5667	2	4	1	2	1	2	2	2	1	0	0	0	0	0	0	0	0	0	0	1	0	0	0	0	0	2	0	3	2	0	0	1	1	0	0	0	0	0	5
ASV5789	1	3	0	2	1	1	3	0	3	1	1	2	0	0	0	0	0	1	0	1	0	0	0	1	2	1	4	1	1	0	0	0	0	0	0	2	0	0	0
ASV5824	0	1	2	0	2	0	1	0	0	1	0	0	0	1	1	0	0	0	1	2	0	1	1	5	0	0	0	1	0	1	0	0	4	0	3	1	0	2	1
ASV5846	1	4	0	0	0	1	2	0	0	0	0	0	0	0	1	0	0	0	0	3	0	0	0	2	3	0	0	1	2	0	0	2	3	0	0	6	0	1	0
ASV2856	0	0	0	0	0	0	0	0	0	0	0	0	0	0	0	0	0	0	0	0	0	0	0	0	0	0	0	1	0	0	0	3	12	3	6	4	2	0	0
ASV2861	0	0	0	1	0	0	0	0	0	1	0	0	0	0	0	0	2	0	0	2	2	2	0	1	1	2	2	0	0	2	8	0	0	2	3	0	0	0	0
ASV2863	0	0	0	0	0	0	0	0	0	0	0	0	0	0	0	0	0	0	0	0	0	0	0	0	0	0	0	0	1	0	0	1	3	5	2	18	0	1	0
ASV2879	3	0	1	0	0	0	0	0	1	0	0	0	0	0	0	1	0	1	1	1	0	1	0	0	0	1	0	0	1	0	0	1	0	4	1	0	0	7	6
ASV2893	3	2	1	0	0	0	2	1	1	1	0	0	0	0	0	1	0	0	0	1	0	0	0	2	3	1	0	0	0	0	0	2	3	1	1	3	0	2	0
ASV2948	0	3	2	0	0	1	0	0	0	2	0	0	0	0	0	0	0	0	0	0	0	0	0	0	0	2	0	0	0	0	0	0	3	5	6	4	1	1	1
ASV2965	7	0	1	0	0	0	0	0	0	0	0	0	0	1	0	1	1	0	0	0	1	0	1	0	2	1	2	0	2	0	0	1	0	1	0	2	0	6	1
ASV2980	3	3	2	3	1	5	1	1	1	2	4	0	0	0	0	0	0	0	0	0	0	0	0	0	5	0	0	0	0	0	0	0	0	0	0	0	0	0	0
ASV2991	3	5	4	1	0	0	1	0	0	0	0	0	0	0	0	0	0	0	0	2	0	0	0	0	0	3	1	2	0	0	0	1	3	2	1	2	0	0	0
ASV3023	1	1	0	0	2	0	2	0	10	3	1	0	0	0	0	0	0	0	0	0	0	0	0	1	6	1	2	0	0	0	0	1	0	0	0	0	0	0	0
ASV3040	0	0	0	0	0	0	0	2	1	0	0	1	0	1	0	2	3	1	2	0	2	4	1	0	0	0	0	0	0	6	4	0	0	0	0	0	0	0	1
ASV3060	1	0	0	0	1	0	0	0	0	0	0	0	0	0	0	0	0	0	0	0	0	0	0	0	0	0	0	0	0	0	0	3	12	6	2	1	1	4	0
ASV3066	0	0	3	0	1	2	1	2	0	0	0	0	1	0	0	0	0	0	0	1	0	0	0	2	1	2	2	0	3	0	0	4	0	3	3	0	0	0	0
ASV3105	0	0	0	0	0	0	0	0	0	0	0	0	0	0	0	0	0	0	0	0	0	0	0	0	0	1	0	0	0	0	0	0	22	2	3	2	0	0	1
ASV3127	13	1	1	4	0	1	1	0	0	0	1	0	0	1	0	1	0	2	0	2	0	0	0	0	2	0	0	0	0	0	0	1	0	0	0	0	0	0	0
ASV3222	1	1	0	0	0	0	0	0	0	0	0	0	0	0	1	1	0	1	0	0	1	0	0	0	0	0	0	2	1	0	0	3	3	5	1	8	2	0	0
ASV3234	2	1	1	1	3	1	3	1	0	0	5	1	0	0	0	0	0	0	0	1	0	1	1	0	0	1	0	0	1	0	0	2	0	4	1	0	0	0	0
ASV3256	3	1	0	1	0	0	0	0	0	1	0	1	0	0	0	0	1	0	0	1	0	0	0	0	0	0	1	0	0	0	0	0	8	6	3	2	0	2	0
ASV3264	2	0	0	0	0	0	0	1	1	0	0	0	0	0	0	0	0	0	0	0	0	1	0	0	0	1	0	1	0	0	0	0	2	7	2	1	0	12	0
ASV3265	0	1	3	0	1	2	2	1	0	1	0	1	0	0	0	0	0	0	1	2	0	1	0	0	3	1	3	1	2	0	0	1	0	2	1	0	0	1	0
ASV3274	1	1	3	1	1	1	0	1	0	0	1	0	3	0	0	2	0	0	1	2	0	1	1	2	0	3	0	1	2	0	0	0	0	2	1	0	0	0	0
ASV3291	3	0	1	0	1	1	2	0	0	0	0	0	0	0	0	0	0	2	0	0	0	0	0	1	3	1	0	1	0	0	0	5	3	4	2	0	1	0	0
ASV3323	1	0	1	1	0	0	0	1	0	1	0	0	0	0	1	0	0	0	0	1	1	0	0	0	0	2	6	0	0	0	0	2	1	2	1	2	5	2	0
ASV3343	2	3	0	2	0	1	0	0	0	0	0	0	1	0	0	0	0	0	0	2	0	0	0	5	3	2	0	0	1	0	0	0	0	2	1	0	0	5	1
ASV3348	5	1	1	0	1	2	1	0	0	0	0	1	0	0	0	0	0	1	1	2	0	2	0	2	0	3	5	0	1	0	1	0	0	0	0	0	0	1	0
ASV3370	2	0	1	0	0	0	0	0	1	0	0	0	0	0	0	0	0	0	0	1	0	0	0	1	0	0	0	0	0	0	0	0	5	10	3	7	0	0	0
ASV3404	2	2	2	0	0	1	2	2	1	0	2	1	0	1	0	1	2	3	0	0	1	1	2	0	0	0	2	1	1	0	1	0	0	0	0	0	0	0	0
ASV3412	1	2	0	0	1	0	0	0	0	0	1	0	0	0	0	0	0	0	0	0	0	0	0	0	0	1	0	0	0	1	0	3	0	7	3	0	1	8	2
ASV3418	0	1	1	0	0	0	1	0	0	0	0	0	0	0	0	0	1	0	0	0	0	0	0	0	0	0	1	0	0	0	0	1	6	2	0	0	3	14	0
ASV3421	3	3	0	1	0	1	3	0	0	0	0	0	0	0	0	0	0	0	0	1	0	0	0	0	1	5	2	0	0	1	0	0	1	0	0	0	5	3	1
ASV3441	0	0	0	0	0	0	0	0	0	0	0	1	0	0	0	0	0	0	1	0	1	1	1	1	0	0	0	0	0	0	5	0	6	4	2	6	1	0	1
ASV3456	5	1	3	1	1	0	1	0	0	1	1	0	0	0	0	1	0	0	0	0	0	0	0	0	1	0	2	0	0	0	0	1	4	4	0	0	2	1	1
ASV3461	0	1	1	0	0	0	1	0	1	0	0	0	0	0	2	1	0	4	0	0	2	8	2	1	0	1	2	0	0	3	1	0	0	0	0	0	0	0	0
ASV3495	2	1	0	0	1	0	0	0	0	0	0	0	0	0	0	0	0	1	0	0	0	0	0	0	0	1	0	0	2	0	0	2	0	0	0	0	1	15	5
ASV3518	0	0	0	1	0	0	1	0	0	1	0	0	0	0	0	0	0	0	0	0	0	0	0	2	0	1	0	0	0	0	0	3	3	4	3	5	2	5	0
ASV3535	1	1	0	1	0	1	0	2	0	1	2	0	1	1	0	1	1	4	1	2	1	1	2	0	2	1	2	0	1	0	1	0	0	0	0	0	0	0	0
ASV3553	1	0	2	3	1	2	1	0	0	1	0	0	0	0	0	0	0	0	0	4	0	1	0	1	4	1	1	0	1	0	0	0	1	0	2	3	1	0	0
ASV3571	3	3	1	1	0	0	0	0	0	0	0	0	0	0	0	0	0	0	0	0	0	0	0	0	0	0	0	0	1	0	0	1	5	6	1	8	1	0	0
ASV3623	3	4	2	1	0	0	1	2	0	4	0	0	0	0	1	0	0	0	0	0	0	1	0	3	2	1	1	1	0	1	0	0	0	2	0	0	0	1	0
ASV3630	2	0	0	0	1	0	1	0	0	1	0	0	0	0	2	0	0	0	0	1	1	1	0	0	2	0	0	0	0	0	1	5	0	2	1	0	7	2	1
ASV3706	2	6	1	2	2	0	0	0	0	3	0	0	2	0	0	0	0	0	0	2	0	0	0	2	1	2	4	0	0	0	0	0	0	0	0	2	0	0	0
ASV3739	0	4	0	3	4	0	0	5	1	5	0	0	0	0	0	0	0	0	0	1	0	0	0	2	0	3	0	2	1	0	0	0	0	0	0	0	0	0	0
ASV3782	7	4	6	0	0	0	0	0	0	1	0	0	0	0	0	0	0	0	0	1	0	0	0	1	2	2	0	1	1	0	0	0	0	1	0	3	0	1	0
ASV3783	5	0	0	0	0	1	0	0	0	3	0	1	0	1	0	0	0	1	0	1	0	0	1	0	2	0	0	2	1	0	0	0	5	2	1	2	0	2	0
ASV3820	2	2	0	0	0	1	0	0	0	1	0	0	0	0	0	0	0	0	0	1	0	0	0	0	0	0	0	0	0	0	0	1	1	3	5	14	0	0	0
ASV3852	0	0	0	1	1	0	0	0	0	0	0	1	0	0	0	0	3	2	2	1	3	1	0	0	0	0	0	0	0	5	8	0	0	0	0	1	0	2	0
ASV3853	4	0	1	1	1	0	0	0	0	0	0	0	0	0	0	0	0	0	0	1	0	0	0	1	1	1	0	0	0	0	0	0	4	0	0	6	0	10	0
ASV3859	1	3	1	0	1	1	3	0	0	1	0	0	0	0	0	0	0	0	0	0	0	2	1	0	0	1	3	1	2	0	0	1	0	5	1	0	3	0	0
ASV3874	1	1	2	1	1	1	3	0	0	2	1	0	0	0	0	0	0	0	0	0	2	0	1	0	2	2	0	1	2	0	0	1	0	3	0	3	0	0	1
ASV3913	6	1	0	2	0	0	0	0	0	0	0	0	0	0	0	0	0	0	0	2	0	0	0	2	0	2	2	1	0	0	0	0	1	5	1	0	0	6	0
ASV3979	1	2	0	0	0	0	0	2	1	0	0	0	0	1	3	0	1	2	1	3	2	1	0	2	0	2	0	1	0	0	3	0	0	0	0	0	0	3	0
ASV3993	1	1	0	0	0	0	1	0	0	1	1	0	0	1	1	2	7	2	3	0	4	2	0	0	0	0	2	0	1	0	1	0	0	0	0	0	0	0	0
ASV3997	0	0	0	0	1	6	2	1	0	2	0	0	0	0	0	0	0	0	0	2	0	0	1	0	0	1	1	2	2	0	0	0	1	4	3	0	0	0	2
ASV4000	0	1	3	0	1	2	2	0	0	0	0	2	1	0	0	2	0	2	0	1	0	0	0	2	0	1	0	0	0	0	0	0	1	1	1	0	2	4	2
ASV4071	2	0	0	2	0	1	0	0	0	0	0	0	0	0	0	0	0	0	0	2	0	0	0	2	1	1	0	0	0	0	0	0	5	9	1	4	0	1	0
ASV4074	0	0	0	0	1	0	1	1	0	0	0	0	0	0	0	1	0	0	0	1	0	0	0	0	0	0	1	0	0	0	0	1	0	3	20	1	0	0	0
ASV4104	7	2	3	0	0	3	3	1	0	0	0	0	0	0	0	0	0	0	0	2	0	0	1	1	3	1	1	3	0	0	0	0	0	0	0	0	0	0	0
ASV4136	2	1	0	0	2	1	1	0	4	0	4	0	0	2	0	0	0	0	0	1	2	0	3	0	3	2	3	0	0	0	0	0	0	0	0	0	0	0	0
ASV4148	3	2	0	0	2	2	2	0	0	1	0	0	0	0	0	0	0	0	0	0	0	0	0	0	0	4	0	0	1	0	0	3	6	2	1	0	1	1	0
ASV4151	0	1	0	0	1	1	3	2	1	1	0	0	0	0	1	1	2	0	0	0	1	0	0	1	2	0	1	1	0	0	0	1	1	6	3	0	0	0	0
ASV4192	6	1	0	2	0	0	0	1	0	0	1	0	0	0	1	0	1	1	0	1	0	1	0	1	0	0	1	0	0	0	0	0	0	4	0	0	0	3	6
ASV4234	6	1	1	0	1	3	0	0	0	0	0	0	0	1	0	0	0	1	0	3	1	0	0	2	1	1	0	0	1	0	0	0	1	0	0	0	0	1	6
ASV4247	0	0	0	0	0	0	0	0	0	0	0	0	0	0	0	0	0	0	0	0	0	0	0	0	0	0	1	0	0	0	0	10	1	6	4	0	8	0	1
ASV4397	1	7	0	0	0	1	3	4	0	0	0	0	0	0	0	0	0	1	0	2	0	0	0	1	1	3	0	0	0	0	0	1	0	2	0	2	0	1	1
ASV4433	7	0	1	0	1	0	1	1	0	1	1	1	0	0	2	1	1	0	3	2	0	2	1	1	1	1	1	1	0	0	0	0	0	0	0	0	0	0	0
ASV4493	2	1	0	0	0	0	2	2	0	0	0	1	0	1	0	1	0	0	0	0	0	0	1	0	0	1	2	1	1	0	0	6	1	0	2	0	3	2	1
ASV4537	12	2	0	0	0	0	1	3	0	0	0	0	0	0	0	0	1	0	0	0	0	0	1	2	1	0	2	0	0	0	0	0	0	0	0	0	0	5	1
ASV4580	8	3	0	1	0	0	2	0	0	2	0	1	0	0	0	0	0	0	0	1	0	0	0	2	1	5	1	1	1	0	0	0	0	0	0	0	0	2	0
ASV4724	3	2	2	0	4	3	0	5	0	0	0	0	0	0	0	0	0	0	0	1	0	0	0	0	3	1	0	0	1	0	0	1	1	0	2	2	0	0	0
ASV4810	1	1	1	3	1	0	2	2	1	0	1	0	1	1	2	0	0	0	0	1	0	0	1	3	0	2	3	2	2	0	0	0	0	0	0	0	0	0	0
ASV4816	5	2	2	2	1	1	3	0	0	1	0	1	2	0	1	0	0	0	0	3	0	1	0	2	0	2	1	0	0	0	1	0	0	0	0	0	0	0	0
ASV4849	1	1	2	0	0	1	1	0	1	2	0	0	0	0	0	0	0	0	0	1	0	0	0	3	0	2	0	0	1	0	0	5	0	1	2	0	3	3	1
ASV4884	0	3	1	0	2	4	1	3	0	0	0	0	1	0	0	0	0	0	0	2	0	0	0	1	4	1	4	1	3	0	0	0	0	0	0	0	0	0	0
ASV4894	1	0	0	1	0	0	0	3	0	1	1	1	0	1	1	1	3	0	2	0	1	0	3	0	2	0	1	1	0	0	3	1	0	1	1	0	0	0	1
ASV4910	5	1	5	2	0	0	0	0	0	1	0	0	0	0	0	0	0	0	0	1	0	0	0	4	3	0	2	0	2	0	0	0	0	1	1	1	0	2	0
ASV4982	2	0	1	0	0	2	3	0	0	0	0	0	0	0	0	0	0	0	0	3	0	0	0	1	1	1	2	0	0	0	0	2	1	1	3	1	1	5	1
ASV4993	0	5	0	1	2	2	0	2	2	3	1	1	1	0	1	2	0	1	0	0	0	0	0	2	0	1	0	0	0	1	0	0	0	1	0	0	0	2	0
ASV5120	3	2	1	2	0	1	1	1	0	3	0	0	0	0	0	0	2	1	0	2	0	0	0	2	1	0	0	1	1	1	0	3	1	0	1	1	0	0	0
ASV5149	0	0	0	0	0	0	0	0	0	2	0	0	0	0	0	0	0	0	0	0	0	0	0	0	0	0	1	0	0	0	0	0	11	4	1	8	1	2	1
ASV5171	6	1	1	1	1	1	0	0	1	2	0	1	0	0	0	0	0	0	0	4	0	0	0	0	1	2	1	0	4	0	1	2	0	0	1	0	0	0	0
ASV5191	1	4	2	0	1	1	2	1	1	2	0	0	0	0	0	0	0	1	1	4	1	0	0	2	0	2	2	0	1	1	1	0	0	0	0	0	0	0	0
ASV5224	0	0	0	1	2	0	1	0	2	2	0	0	1	1	0	2	0	0	0	2	0	0	0	1	3	1	1	0	0	0	0	0	1	0	1	8	0	0	1
ASV5342	2	5	0	0	0	3	2	0	0	2	0	0	0	0	0	0	0	0	0	3	0	0	0	0	0	0	0	1	2	0	1	2	0	2	1	1	0	3	1
ASV5453	0	1	1	1	1	1	0	1	0	2	1	0	0	2	0	1	0	0	0	1	0	1	1	6	1	3	1	1	2	0	1	0	0	0	1	0	0	0	0
ASV5629	7	1	1	0	0	1	1	2	1	1	0	0	0	0	0	0	0	0	2	0	0	2	0	1	2	1	1	1	0	0	0	0	0	1	2	0	0	2	1
ASV5646	0	3	2	2	0	1	0	3	0	3	2	0	0	0	0	0	0	1	0	1	2	0	1	2	2	1	1	0	0	0	0	0	1	0	1	2	0	0	0
ASV5701	0	1	4	1	1	1	0	2	0	2	0	1	0	0	2	0	0	0	0	1	0	0	0	0	2	2	0	0	0	3	1	1	1	2	2	0	1	0	0
ASV5705	1	1	0	0	1	0	0	0	0	0	0	0	1	0	2	0	1	2	1	1	2	2	1	0	1	2	0	1	1	0	1	3	0	0	0	0	2	3	1
ASV5706	1	3	1	0	0	1	0	2	0	1	0	0	0	0	0	0	0	0	0	3	0	0	0	1	1	1	1	0	0	0	0	0	1	3	1	9	0	1	0
ASV5803	1	3	2	2	1	1	1	0	1	5	0	0	0	0	0	0	0	0	2	0	1	0	0	0	0	2	1	0	1	1	1	2	0	0	1	1	0	1	0
ASV5804	0	1	0	1	0	1	0	0	0	1	0	1	0	0	0	0	0	0	0	0	0	0	0	0	0	0	1	0	0	0	0	3	3	3	2	0	0	13	1
ASV2708	0	3	3	1	0	0	4	1	1	2	0	2	0	0	0	0	0	0	0	0	0	0	0	2	0	2	4	4	0	0	0	0	0	0	1	0	0	0	0
ASV2788	0	5	0	3	0	2	0	0	0	0	1	0	0	0	0	0	0	0	0	2	0	1	0	1	1	2	1	1	3	0	1	1	0	1	0	0	0	4	0
ASV2793	2	1	0	0	0	0	0	0	0	0	0	0	1	1	0	1	1	0	2	1	0	1	3	0	3	0	1	0	0	6	6	0	0	0	0	0	0	0	0
ASV2887	3	2	1	0	0	0	0	1	0	1	0	0	0	0	1	0	0	0	0	1	0	1	0	0	0	1	1	0	0	0	0	0	0	7	2	8	0	0	0
ASV2937	12	3	1	0	0	1	1	0	1	0	0	0	0	0	0	0	0	0	1	4	0	0	0	1	3	0	1	1	0	0	0	0	0	0	0	0	0	0	0
ASV2977	5	0	2	2	1	0	2	0	0	3	0	2	0	0	1	0	0	0	0	3	0	0	0	3	2	1	0	1	0	0	0	0	0	0	0	0	0	2	0
ASV3000	1	0	0	1	0	0	1	0	1	2	0	0	0	0	0	0	0	0	0	0	0	0	0	1	0	0	0	0	2	0	0	0	7	2	0	1	1	8	2
ASV3119	2	0	3	0	0	0	0	0	0	1	0	0	0	2	1	1	3	4	2	0	1	2	4	0	0	1	0	0	0	2	1	0	0	0	0	0	0	0	0
ASV3145	0	1	0	0	0	1	0	1	0	1	0	0	0	1	0	1	0	1	0	0	1	0	0	4	2	0	1	1	0	0	0	0	0	1	1	0	0	0	12
ASV3148	5	2	0	0	0	5	2	1	0	1	0	1	0	0	0	0	0	0	2	0	0	1	0	3	2	1	1	2	1	0	0	0	0	0	0	0	0	0	0
ASV3187	0	0	2	0	0	1	1	3	2	2	1	0	0	0	0	0	0	0	0	2	1	1	0	0	1	0	3	2	1	0	1	0	0	3	2	0	1	0	0
ASV3219	4	1	0	0	1	0	1	0	0	1	0	0	0	0	0	0	0	0	0	0	0	0	0	0	0	0	0	0	0	0	0	3	6	2	1	2	2	4	2
ASV3278	1	4	1	1	0	0	0	0	0	2	1	0	0	3	1	2	1	1	1	1	0	0	0	3	2	1	0	0	1	0	0	1	0	0	0	0	0	0	2
ASV3300	5	5	2	1	0	0	1	1	0	4	0	0	0	0	0	0	0	0	0	4	0	0	0	0	2	1	0	1	0	0	0	0	0	0	0	0	2	1	0
ASV3338	2	0	3	0	1	1	1	3	4	0	4	2	1	0	2	2	1	0	0	0	1	0	0	0	0	0	2	0	0	0	0	0	0	0	0	0	0	0	0
ASV3383	1	2	0	0	0	0	0	0	1	0	0	0	0	0	0	0	0	0	0	1	0	0	0	0	0	0	0	2	0	0	1	5	6	2	1	0	2	4	2
ASV3387	1	1	1	2	0	0	1	0	0	0	1	1	1	4	1	0	2	0	0	2	1	1	5	0	2	1	0	0	2	0	0	0	0	0	0	0	0	0	0
ASV3429	5	0	3	1	1	2	1	1	0	0	0	0	0	0	0	0	0	1	0	4	0	0	0	3	2	1	2	0	0	0	2	0	0	0	0	0	0	1	0
ASV3492	2	1	2	4	3	0	0	1	0	0	0	0	0	0	0	1	0	0	0	0	0	0	0	2	2	1	1	0	0	0	0	0	1	3	1	5	0	0	0
ASV3501	4	0	2	0	2	0	2	0	1	1	0	0	1	0	0	0	1	2	0	5	1	0	0	2	0	0	1	4	0	0	0	0	0	0	0	0	0	1	0
ASV3534	1	0	1	1	0	0	1	1	0	1	0	1	0	1	0	0	1	1	3	2	1	2	2	1	1	0	1	2	0	0	0	2	0	0	0	0	0	1	2
ASV3555	0	1	0	0	1	0	0	0	0	0	0	0	0	0	0	0	0	0	0	0	0	0	0	1	2	1	1	0	2	0	0	4	6	0	0	11	0	0	0
ASV3639	0	0	1	0	1	0	1	0	0	0	1	0	2	1	1	1	0	0	0	0	3	1	2	1	0	0	0	0	1	0	1	5	0	1	5	0	0	0	1
ASV3653	3	0	0	1	2	0	0	0	0	3	0	0	0	1	0	0	0	0	0	3	1	2	4	1	0	1	0	1	1	0	5	0	0	0	0	0	0	1	0
ASV3658	2	4	0	0	5	0	1	0	0	1	0	1	0	0	0	1	0	0	3	2	3	1	0	0	0	1	1	0	3	0	1	0	0	0	0	0	0	0	0
ASV3664	2	0	0	0	0	1	0	0	0	0	0	0	0	0	0	0	0	0	0	0	0	0	0	0	0	0	0	0	0	0	0	9	2	6	1	0	5	4	0
ASV3714	0	0	1	1	1	2	0	1	2	2	0	0	1	0	1	1	1	0	1	2	0	1	1	0	1	2	2	0	1	0	1	0	0	0	1	0	0	2	1
ASV3724	1	1	1	4	0	0	1	0	1	0	0	0	1	0	0	0	0	0	0	0	0	1	1	3	1	0	1	1	0	1	0	0	0	2	3	1	2	3	0
ASV3808	1	0	0	0	0	1	1	0	0	0	0	0	0	0	0	0	0	2	7	0	2	7	3	0	0	0	0	0	0	0	5	0	0	0	1	0	0	0	0
ASV3923	1	2	0	1	0	0	0	0	0	0	0	0	0	0	0	0	0	0	0	1	1	0	0	1	0	0	0	1	0	0	0	1	2	5	5	7	2	0	0
ASV3996	0	2	0	0	0	1	0	1	0	0	0	0	0	0	0	0	0	0	0	0	0	0	0	1	0	0	0	0	1	0	0	8	4	1	3	2	3	3	0
ASV4009	0	1	2	0	0	0	0	0	1	0	0	0	0	1	1	1	3	1	3	3	0	4	2	1	1	1	1	0	0	0	0	0	1	0	1	0	1	0	0
ASV4066	1	0	0	2	0	1	0	1	1	1	0	0	0	1	2	3	1	1	0	3	0	0	0	1	0	2	0	1	2	0	0	1	0	2	1	0	0	2	0
ASV4084	4	0	2	2	0	0	0	2	0	0	1	0	0	1	0	0	1	2	0	0	1	0	0	0	0	0	1	0	0	0	0	2	0	4	6	0	0	1	0
ASV4120	3	2	0	0	0	0	0	0	0	0	0	0	1	2	2	0	2	1	0	0	2	0	0	0	1	0	0	1	2	0	0	0	0	5	2	0	1	0	3
ASV4139	0	0	0	0	0	0	0	0	0	0	0	0	0	0	0	2	1	23	0	0	2	1	1	0	0	0	0	0	0	0	0	0	0	0	0	0	0	0	0
ASV4205	1	0	1	0	0	1	0	2	3	1	0	0	0	0	0	0	0	0	0	2	1	0	0	2	0	2	2	1	3	0	0	1	0	1	1	0	0	5	0
ASV4212	0	0	0	0	0	0	0	0	0	0	0	0	0	0	0	0	0	0	0	0	0	0	0	0	0	0	0	0	0	0	0	6	6	6	2	0	1	7	2
ASV4279	2	1	0	0	1	0	0	2	0	0	0	0	0	0	0	0	0	0	1	1	0	0	0	0	1	2	0	0	0	0	0	0	0	0	0	0	1	3	15
ASV4289	2	0	1	0	0	0	0	0	0	2	0	0	0	0	0	0	0	0	0	0	0	0	0	1	0	0	0	0	0	0	0	6	6	1	0	2	6	1	2
ASV4338	0	0	0	0	0	0	0	1	0	1	0	0	0	0	0	0	0	0	0	0	0	0	0	0	1	0	0	0	0	0	0	6	5	8	1	0	6	1	0
ASV4347	0	3	1	0	2	0	0	0	4	5	0	0	0	0	0	0	0	1	0	3	1	0	2	2	1	0	3	0	2	0	0	0	0	0	0	0	0	0	0
ASV4353	0	1	1	3	1	4	2	2	2	0	2	0	0	1	0	0	0	0	0	0	0	0	0	2	5	2	2	0	0	0	0	0	0	0	0	0	0	0	0
ASV4393	3	1	3	1	0	1	3	1	0	2	0	1	1	0	2	0	0	0	0	1	0	0	0	3	0	0	3	0	2	0	0	1	0	1	0	0	0	0	0
ASV4406	1	0	3	1	0	3	0	0	0	3	0	0	0	0	0	2	0	0	0	1	3	0	0	3	0	1	2	3	0	0	0	1	1	0	1	1	0	0	0
ASV4424	2	1	1	0	2	0	1	0	0	0	0	0	0	0	0	2	3	2	0	4	0	1	3	0	1	1	0	0	0	3	0	0	0	0	0	0	1	2	0
ASV4460	9	2	1	0	0	0	1	1	0	2	0	0	0	0	1	0	0	0	0	4	0	0	0	2	2	0	2	1	0	0	0	0	1	0	0	1	0	0	0
ASV4495	6	2	0	0	0	2	0	0	0	4	0	0	0	0	0	0	0	0	0	1	0	0	0	1	0	1	1	0	1	0	0	0	0	0	0	11	0	0	0
ASV4508	1	0	0	0	0	0	0	0	0	1	0	0	0	0	0	0	0	0	0	0	0	0	0	0	0	0	0	0	0	0	0	5	13	0	4	2	0	1	3
ASV4593	2	0	0	1	0	0	0	1	1	1	1	1	3	1	1	4	2	1	5	0	0	0	1	0	0	0	0	0	1	2	1	0	0	0	0	0	0	0	0
ASV4641	1	1	1	2	0	0	2	0	0	1	0	0	0	0	0	0	0	0	0	0	0	0	0	0	0	2	1	0	0	0	0	4	4	2	1	5	0	3	0
ASV4755	0	2	0	0	0	1	1	1	1	0	0	0	0	0	2	4	1	4	0	0	1	3	4	1	0	0	0	0	0	1	0	0	2	1	0	0	0	0	0
ASV4781	0	0	0	0	0	0	0	0	2	0	0	0	2	2	4	3	1	2	3	0	3	1	4	0	0	0	0	0	0	1	2	0	0	0	0	0	0	0	0
ASV4892	1	2	0	0	2	0	1	2	1	1	0	0	0	2	1	0	3	2	0	1	0	0	0	0	1	0	2	2	1	0	2	1	0	0	0	0	0	0	2
ASV4908	0	1	1	0	1	1	2	0	1	0	0	0	0	0	2	0	0	2	4	0	1	2	3	3	0	0	0	0	1	1	1	0	0	0	3	0	0	0	0
ASV5057	2	3	2	0	2	2	0	0	0	3	0	0	0	0	0	0	0	0	0	2	0	0	0	2	0	1	1	0	0	0	1	0	0	2	0	0	1	3	3
ASV5099	2	1	1	1	0	0	0	0	1	0	0	0	0	0	2	1	2	2	2	0	0	3	3	2	0	0	0	0	1	2	4	0	0	0	0	0	0	0	0
ASV5114	2	1	1	0	0	0	0	0	0	2	0	0	0	1	1	0	0	0	0	0	0	0	0	0	0	0	0	1	0	0	1	9	3	4	3	0	0	1	0
ASV5220	2	1	1	1	1	1	1	0	1	1	1	0	0	0	0	0	1	0	0	2	0	0	0	1	0	0	0	1	2	0	0	2	2	1	1	5	1	0	0
ASV5255	0	0	0	0	0	1	0	1	1	0	0	0	2	1	4	1	4	2	5	2	2	2	0	1	0	0	0	0	0	1	0	0	0	0	0	0	0	0	0
ASV5285	1	1	2	0	1	3	0	0	3	1	0	0	0	1	0	0	0	0	0	1	0	0	0	1	3	3	2	2	0	1	0	2	0	0	0	0	0	1	1
ASV5286	1	0	2	1	1	3	2	2	0	1	2	1	1	0	0	0	0	1	0	2	0	0	0	1	2	2	2	0	3	0	0	0	0	0	0	0	0	0	0
ASV5309	4	0	3	0	1	2	5	0	0	4	2	0	0	0	0	0	0	0	0	1	0	0	0	0	0	2	2	0	2	0	0	1	0	0	1	0	0	0	0
ASV5314	0	1	1	1	0	0	0	0	0	1	0	1	0	0	0	0	0	0	0	1	0	0	0	0	1	0	1	0	0	0	0	4	1	6	2	1	1	4	3
ASV5351	0	0	0	0	0	0	1	1	0	0	0	0	0	0	0	0	0	0	0	0	0	0	0	0	0	1	0	0	1	1	0	4	0	1	0	1	1	18	0
ASV5358	0	3	1	2	5	2	0	1	1	2	1	0	0	0	0	0	0	0	1	0	0	0	1	0	2	2	0	1	1	0	0	0	0	1	2	1	0	0	0
ASV5372	0	1	0	1	0	1	0	0	0	0	0	0	1	0	0	0	0	0	0	0	0	0	0	1	0	1	0	0	0	0	0	8	2	0	2	0	8	3	1
ASV5538	1	2	0	0	1	0	0	0	0	1	0	0	0	0	0	0	1	0	0	1	0	0	0	0	0	1	1	0	1	0	0	1	5	2	3	9	0	0	0
ASV5556	0	3	2	1	1	0	1	0	2	3	0	0	0	0	0	0	0	0	0	2	0	0	0	3	2	4	1	0	0	0	0	0	4	1	0	0	0	0	0
ASV5594	0	0	0	0	0	0	0	1	0	0	0	0	0	4	1	8	1	1	2	0	3	2	3	0	0	0	0	0	1	2	0	0	0	0	0	0	0	1	0
ASV5612	1	1	1	0	0	0	0	0	0	0	0	0	0	0	1	0	0	0	0	1	0	0	0	0	3	1	1	0	0	0	0	3	6	1	3	4	0	3	0
ASV5633	3	0	0	0	1	1	2	0	0	4	0	0	0	0	0	0	0	0	0	4	0	0	0	2	0	4	2	1	1	0	0	0	5	0	0	0	0	0	0
ASV5661	1	5	1	0	0	1	0	2	0	3	2	0	0	0	0	0	0	0	0	2	0	0	1	1	0	0	0	0	0	0	0	2	2	1	1	0	0	4	1
ASV5894	3	1	1	1	2	3	1	0	0	2	2	1	0	0	0	0	0	0	0	2	0	1	1	1	1	0	0	2	3	0	0	0	0	1	1	0	0	0	0
ASV5922	0	0	0	0	0	1	0	0	0	1	0	0	0	0	1	0	0	0	0	1	0	0	0	0	0	2	0	0	0	0	0	4	4	2	3	2	7	2	0
ASV5959	1	1	0	0	0	0	0	1	0	1	0	0	0	0	0	0	0	0	0	1	0	0	0	1	0	2	1	0	0	0	0	8	2	1	2	3	1	3	1
ASV2761	6	1	0	0	0	0	0	0	0	0	0	0	0	1	2	1	3	5	2	0	2	0	0	0	0	1	0	0	0	0	3	1	0	0	0	0	0	1	0
ASV2862	7	1	0	3	2	2	1	0	0	0	1	0	0	3	0	0	0	1	0	1	0	0	0	4	1	1	1	0	0	0	0	0	0	0	0	0	0	0	0
ASV2913	2	0	2	0	0	0	1	1	0	0	0	0	0	0	0	2	2	0	0	3	0	0	0	0	0	2	0	0	0	0	0	2	5	5	2	0	0	0	0
ASV2916	0	1	0	0	0	0	0	2	0	0	0	0	0	0	0	0	0	0	0	0	0	0	1	1	0	2	0	0	0	1	0	0	0	0	0	21	0	0	0
ASV2964	7	1	1	2	1	0	1	1	0	3	0	0	0	0	0	0	0	0	0	3	0	0	0	3	4	0	0	1	1	0	0	0	0	0	0	0	0	0	0
ASV2978	3	1	1	0	2	0	0	2	1	2	0	0	1	0	0	0	0	0	0	2	0	1	4	0	1	1	0	0	0	0	1	1	0	0	0	0	0	3	2
ASV2999	0	1	1	0	0	0	0	0	0	0	0	0	0	0	0	0	0	1	0	0	0	0	0	2	0	0	0	1	0	0	1	0	0	3	0	16	1	0	2
ASV3008	7	4	3	2	0	1	1	1	0	0	1	0	0	0	0	0	0	0	0	3	0	0	0	0	2	1	0	1	2	0	0	0	0	0	0	0	0	0	0
ASV3022	0	0	0	0	0	1	0	0	0	0	0	0	0	0	0	0	0	0	0	0	0	17	6	0	0	0	0	0	0	0	5	0	0	0	0	0	0	0	0
ASV3045	1	1	0	0	0	0	0	0	0	0	0	0	1	0	0	0	0	0	0	0	0	0	0	0	0	0	1	0	0	0	0	2	6	4	1	10	2	0	0
ASV3051	0	1	3	1	0	0	0	0	0	0	0	0	0	0	1	0	0	0	0	1	1	0	0	0	0	0	1	1	0	0	0	3	7	0	4	0	1	4	0
ASV3058	2	0	1	0	1	0	1	0	0	0	0	0	0	0	0	0	0	0	0	0	0	0	0	1	0	0	2	1	0	0	0	1	11	1	2	4	1	0	0
ASV3067	0	1	2	1	1	1	0	2	1	1	1	2	0	0	0	1	0	1	0	1	0	1	0	0	0	2	0	3	1	1	0	0	0	3	1	0	0	0	1
ASV3079	3	0	0	1	2	0	0	1	0	0	0	0	1	0	0	0	0	1	0	0	0	0	0	1	0	0	0	0	1	0	0	1	9	1	3	0	2	1	1
ASV3123	1	0	0	0	1	0	1	1	0	3	0	0	0	0	0	0	0	0	0	6	0	0	0	1	1	1	1	3	0	0	0	0	0	0	1	0	0	6	2
ASV3149	2	0	0	1	1	0	0	1	0	0	0	0	0	0	0	0	0	0	0	2	0	0	0	1	2	3	2	1	0	0	0	0	1	0	4	8	0	0	0
ASV3156	0	1	0	1	0	0	0	0	0	1	0	0	0	0	0	18	0	1	0	0	1	1	1	1	0	1	0	1	0	1	0	0	0	0	0	0	0	0	0
ASV3182	1	2	2	0	2	1	0	0	1	1	0	0	1	0	0	0	0	0	0	0	0	0	0	1	0	0	0	0	2	1	0	1	5	3	0	0	4	1	0
ASV3210	1	0	0	0	0	0	0	0	0	0	0	0	0	0	0	0	0	0	0	0	0	0	0	0	0	0	0	0	0	0	0	8	7	8	4	0	0	1	0
ASV3228	1	2	1	0	0	1	1	3	1	0	2	1	0	4	1	0	2	1	0	0	1	0	0	2	0	0	0	2	1	0	0	0	0	0	1	0	0	0	1
ASV3277	2	0	2	2	1	2	0	1	0	1	0	0	0	1	0	0	0	0	0	1	0	0	0	1	2	0	1	1	0	0	0	4	0	3	1	0	1	1	1
ASV3286	0	2	3	1	0	1	2	1	1	0	0	0	0	0	0	0	0	0	0	1	0	1	0	3	3	0	1	1	1	0	0	1	0	1	3	0	0	0	2
ASV3358	0	1	4	0	0	0	1	3	1	0	0	0	0	0	0	0	0	0	0	0	0	0	2	0	1	2	0	1	1	0	0	1	0	2	1	0	0	7	1
ASV3369	1	2	1	0	1	0	0	2	2	1	0	0	0	1	4	0	2	2	0	0	1	4	0	0	0	0	0	0	3	2	0	0	0	0	0	0	0	0	0
ASV3394	3	0	1	0	0	0	0	1	0	0	0	0	0	0	0	0	0	0	0	1	0	0	0	3	1	0	1	0	0	0	0	0	2	7	2	6	0	1	0
ASV3416	1	2	3	1	1	0	1	0	1	1	0	1	0	0	0	1	0	2	0	1	0	0	0	5	0	2	0	1	2	0	0	0	0	0	0	0	0	2	1
ASV3439	0	4	1	1	0	3	0	3	0	1	2	1	0	0	0	0	0	0	0	2	0	0	0	3	2	1	1	1	3	0	0	0	0	0	0	0	0	0	0
ASV3450	2	3	1	0	0	1	0	0	0	3	0	0	0	0	0	0	0	0	0	5	0	0	0	0	0	1	2	1	1	0	0	0	0	0	0	0	0	9	0
ASV3481	2	1	1	2	0	1	0	1	0	0	1	0	2	0	0	0	0	1	4	1	0	1	1	1	3	0	0	2	1	1	0	0	1	0	0	0	0	1	0
ASV3504	2	1	1	0	0	1	0	0	0	0	0	0	0	0	0	0	0	0	0	0	0	0	0	2	0	0	0	0	0	0	0	0	0	0	2	20	0	0	0
ASV3508	1	4	0	0	2	0	1	0	0	3	0	0	0	0	1	0	0	0	0	4	0	0	0	3	2	2	0	1	0	1	0	0	0	0	4	0	0	0	0
ASV3533	0	0	0	0	0	0	0	0	0	0	0	0	0	0	0	0	0	0	0	0	0	0	0	0	0	0	0	0	2	0	0	5	1	11	4	0	6	0	0
ASV3540	1	1	0	0	1	0	1	0	0	0	0	0	0	1	0	0	0	0	0	1	0	0	0	1	0	3	1	1	0	0	0	1	0	6	3	0	2	4	1
ASV3547	0	6	2	3	1	2	1	0	0	2	0	0	0	0	0	0	0	0	0	2	0	0	0	2	2	2	0	2	2	0	0	0	0	0	0	0	0	0	0
ASV3557	0	1	2	0	2	1	2	2	2	0	0	2	2	2	0	1	0	1	0	0	1	1	1	1	0	1	0	0	1	1	2	0	0	0	0	0	0	0	0
ASV3559	3	1	1	0	0	1	1	3	0	1	0	0	0	0	0	0	0	2	0	2	0	0	2	1	0	1	2	2	0	1	1	0	0	0	1	1	1	1	0
ASV3572	0	2	0	0	0	0	0	0	0	2	0	0	0	0	0	0	0	0	0	1	1	0	0	0	0	1	1	1	0	0	0	1	3	4	3	5	3	1	0
ASV3577	4	2	0	3	1	1	0	2	0	1	0	0	0	0	0	0	0	0	0	0	0	0	0	0	3	1	1	1	0	1	0	1	3	1	0	0	2	0	1
ASV3647	3	2	3	0	1	1	4	0	2	3	0	0	0	0	0	0	0	0	0	1	0	0	0	0	1	1	1	1	3	0	0	0	0	0	2	0	0	0	0
ASV3656	2	1	0	1	1	0	0	0	0	3	0	0	0	0	0	0	0	0	0	1	1	0	0	1	0	1	2	0	1	0	0	2	1	5	3	0	3	0	0
ASV3661	0	0	0	0	0	0	0	0	0	0	0	0	0	0	0	0	0	0	0	0	0	0	1	0	1	0	0	0	0	0	0	8	0	4	5	0	8	1	1
ASV3666	0	0	0	0	3	1	0	1	0	0	0	0	0	0	0	1	1	0	0	2	0	1	1	0	0	1	1	0	0	0	1	1	2	2	3	6	0	1	0
ASV3696	0	0	1	0	0	0	2	0	0	0	0	0	0	0	0	0	0	1	0	0	0	0	0	0	0	0	0	0	0	0	1	0	0	2	4	0	1	14	3
ASV3722	4	4	1	3	1	2	1	0	2	1	0	0	0	0	0	0	0	0	0	1	0	0	0	1	1	4	1	2	0	0	0	0	0	0	0	0	0	0	0
ASV3809	0	0	0	0	0	0	0	0	0	0	0	0	0	3	2	3	4	4	5	0	2	2	0	0	0	0	0	0	0	0	1	0	1	0	1	1	0	0	0
ASV3836	2	3	2	1	0	2	1	0	0	3	0	0	0	0	0	0	0	0	0	0	0	1	0	0	1	0	1	2	1	0	0	3	0	3	1	0	1	0	1
ASV3904	1	1	0	0	0	1	0	0	0	1	1	0	0	0	0	0	0	0	0	1	0	0	0	0	1	0	0	0	0	0	0	0	0	0	0	0	0	22	0
ASV3907	0	1	1	3	3	0	1	1	1	1	0	2	0	0	0	0	0	1	0	1	0	0	0	1	1	1	3	1	2	0	0	0	0	1	2	0	0	0	1
ASV3937	0	0	0	0	0	0	0	1	0	3	0	0	0	0	0	0	0	0	1	3	0	0	0	0	3	1	2	0	1	0	0	1	0	6	1	0	3	3	0
ASV3940	0	0	3	0	1	4	3	0	2	1	0	0	0	0	0	0	0	0	0	0	0	0	0	1	1	9	1	3	0	0	0	0	0	0	0	0	0	0	0
ASV3941	1	2	1	0	0	1	0	1	1	2	0	0	0	0	0	0	0	1	0	1	0	2	0	0	1	1	2	0	0	0	0	2	0	3	0	1	0	6	0
ASV3958	2	0	0	0	0	1	0	0	1	2	0	0	0	0	2	0	0	2	0	0	0	0	0	0	0	0	0	0	0	0	0	1	4	7	2	1	2	2	0
ASV3963	2	0	0	0	1	0	0	1	3	1	0	1	0	1	1	1	0	0	0	1	0	0	0	2	0	0	0	0	0	0	0	0	0	1	1	0	0	5	7
ASV4037	0	0	0	1	0	0	0	0	0	0	0	0	0	0	0	0	0	0	0	1	0	0	0	0	0	1	0	0	0	0	0	4	0	0	5	0	1	8	8
ASV4057	1	0	0	1	0	0	0	0	0	0	0	0	0	0	0	0	0	0	0	0	0	0	0	0	0	1	1	0	0	0	0	9	4	3	3	0	2	3	1
ASV4195	0	1	0	0	0	0	1	0	3	0	0	0	0	0	0	0	1	0	0	0	0	0	0	0	0	0	0	1	0	0	1	0	1	1	1	0	0	18	0
ASV4196	2	1	0	0	1	1	0	0	2	2	0	0	0	0	0	0	0	0	0	0	0	0	0	0	0	0	0	0	0	0	0	8	0	2	0	0	0	10	0
ASV4233	0	0	1	2	0	0	1	2	0	1	2	2	0	1	1	2	1	1	1	1	0	3	2	0	0	0	0	0	1	2	2	0	0	0	0	0	0	0	0
ASV4246	2	1	2	3	0	3	0	0	0	3	0	0	0	0	0	0	0	0	0	4	0	0	0	0	4	5	0	1	1	0	0	0	0	0	0	0	0	0	0
ASV4368	0	5	2	0	3	2	2	2	1	0	1	0	0	1	0	0	0	0	0	0	0	0	0	2	1	4	0	2	1	0	0	0	0	0	0	0	0	0	0
ASV4412	4	1	0	0	1	2	1	0	0	1	0	0	0	0	0	0	0	0	0	5	0	0	0	1	1	0	1	0	0	0	0	0	4	2	0	5	0	0	0
ASV4416	2	1	0	0	0	0	1	0	0	0	0	0	0	0	2	2	2	3	2	0	1	2	0	1	1	2	1	0	2	0	0	0	0	0	0	0	4	0	0
ASV4429	3	1	0	1	4	0	0	0	0	1	1	0	0	0	0	0	0	0	0	4	0	0	0	1	0	1	1	1	1	0	0	0	0	1	0	0	1	5	2
ASV4489	0	1	2	0	3	1	0	0	2	2	1	0	0	0	0	0	1	1	2	0	0	1	0	2	0	1	2	0	2	2	2	0	0	0	0	0	1	0	0
ASV4507	2	0	0	0	0	1	0	0	0	0	0	0	0	0	0	0	0	0	0	2	0	0	0	0	0	0	0	1	0	0	0	1	2	1	4	1	3	11	0
ASV4525	3	0	0	0	1	1	1	0	0	0	0	0	0	2	2	0	0	2	2	1	4	0	1	0	0	0	2	0	1	3	3	0	0	0	0	0	0	0	0
ASV4531	1	0	0	0	0	0	0	0	0	0	0	0	0	0	0	0	0	0	0	0	0	0	0	0	0	1	0	0	0	0	0	13	6	3	1	0	2	2	0
ASV4573	2	4	5	0	0	0	0	0	1	1	0	0	0	0	0	0	0	0	0	3	0	0	0	1	0	1	1	2	1	0	0	0	1	2	1	0	0	3	0
ASV4621	6	1	0	0	1	1	0	0	0	0	0	0	0	0	0	0	0	0	0	0	0	0	0	0	0	0	0	0	0	0	0	6	5	1	2	1	1	4	0
ASV4730	0	0	2	2	0	3	2	0	1	1	0	0	0	0	1	0	0	0	1	2	0	0	1	1	2	3	1	2	3	1	0	0	0	0	0	0	0	0	0
ASV4817	1	2	2	0	2	1	0	0	1	0	1	0	0	1	2	0	0	1	0	3	0	1	1	0	2	0	1	0	1	0	0	0	0	1	1	1	2	1	0
ASV4846	1	2	0	0	0	1	1	0	1	1	0	0	2	0	0	0	2	2	3	2	2	0	0	0	1	0	0	1	1	1	5	0	0	0	0	0	0	0	0
ASV4895	1	1	0	0	0	0	0	0	0	0	0	0	0	0	0	0	0	0	0	0	0	0	0	0	0	0	0	0	0	0	0	1	0	1	2	23	0	0	0
ASV4914	5	0	0	0	1	1	0	0	0	1	0	0	1	0	0	1	1	0	0	0	1	0	0	0	0	1	1	1	1	0	0	2	1	5	0	1	0	4	0
ASV4916	1	0	0	0	0	0	0	0	0	0	0	0	0	0	0	0	0	0	0	0	0	0	0	0	0	0	0	0	0	0	0	8	2	10	4	4	0	0	0
ASV4947	3	3	2	0	1	2	1	1	2	2	0	0	0	0	0	0	0	0	0	0	0	0	0	2	1	3	0	2	1	0	0	1	0	2	0	0	0	0	0
ASV4984	2	1	1	0	2	0	0	0	0	0	0	0	0	0	0	0	0	0	0	1	0	1	7	0	3	0	1	0	0	3	0	0	0	3	3	1	0	0	0
ASV5162	0	0	0	0	1	0	1	0	1	0	0	1	0	4	2	2	1	0	2	0	0	2	1	0	0	0	1	0	0	3	1	0	0	4	0	0	0	1	1
ASV5331	0	0	1	0	0	0	0	0	0	0	1	1	0	0	0	0	0	0	0	2	0	0	0	0	0	0	0	0	0	0	0	2	0	0	0	0	22	0	0
ASV5370	4	2	2	0	0	1	0	2	1	4	0	0	0	1	0	0	0	0	0	1	1	1	0	1	1	1	3	0	2	1	0	0	0	0	0	0	0	0	0
ASV5383	6	0	0	2	0	1	5	0	1	1	0	0	0	0	0	0	0	1	0	1	2	0	0	2	3	0	0	2	2	0	0	0	0	0	0	0	0	0	0
ASV5443	0	1	1	1	0	1	0	0	0	3	0	0	0	0	0	0	0	0	0	3	0	0	0	2	1	1	1	2	1	0	0	0	1	2	2	5	0	1	0
ASV5458	1	0	0	0	0	1	0	0	1	0	0	0	1	0	0	0	0	2	0	3	0	0	0	2	1	2	0	1	0	0	0	5	0	2	2	1	2	2	0
ASV5599	0	1	1	0	0	0	2	0	1	1	0	1	0	0	0	0	0	0	0	1	0	0	0	0	1	0	2	0	1	0	0	2	0	9	4	1	1	0	0
ASV5745	0	1	1	0	1	0	1	0	0	2	1	0	0	0	0	0	0	0	0	0	0	0	0	0	0	1	0	1	0	0	0	2	2	8	4	0	1	3	0
ASV5794	2	0	0	1	0	0	1	0	0	0	0	0	1	3	0	0	1	1	0	0	4	3	3	0	0	0	0	0	0	9	0	0	0	0	0	0	0	0	0
ASV5831	2	5	1	0	1	0	1	0	1	2	0	0	0	0	0	0	0	1	0	1	0	0	1	0	0	0	1	3	3	0	0	1	2	0	2	0	0	1	0
ASV5844	0	0	0	0	0	0	0	1	0	0	0	0	0	0	0	0	0	0	0	0	0	0	0	0	0	2	0	1	0	1	0	6	12	3	0	1	1	1	0
ASV5861	4	0	0	0	1	0	0	0	1	0	0	0	0	0	0	0	5	0	0	1	1	1	8	0	0	2	1	0	2	1	0	0	0	0	0	0	0	1	0
ASV5870	3	1	0	0	0	0	0	0	0	0	0	1	0	0	0	0	0	0	0	0	0	1	0	1	0	1	0	0	0	0	0	6	7	3	3	2	0	0	0
ASV5892	0	1	0	0	1	1	2	0	0	0	0	0	0	0	0	0	0	0	0	2	0	0	0	0	1	0	0	0	0	0	0	7	3	0	7	4	0	0	0
ASV2694	3	2	1	0	2	2	0	0	0	1	0	0	0	2	0	0	0	2	1	2	1	0	0	2	1	3	0	0	0	0	0	0	0	0	2	0	0	1	0
ASV3103	1	0	0	0	0	0	0	0	0	0	0	0	0	0	0	0	0	0	0	0	0	0	0	0	0	0	0	0	0	0	0	4	1	6	1	0	0	13	2
ASV3118	13	3	0	0	1	3	0	0	0	1	0	0	0	0	0	0	0	0	0	3	0	0	0	1	0	1	0	0	2	0	0	0	0	0	0	0	0	0	0
ASV3120	7	0	0	0	0	0	0	0	2	1	2	0	0	1	0	2	2	0	1	0	3	2	1	1	2	0	0	1	0	0	0	0	0	0	0	0	0	0	0
ASV3170	2	1	1	0	0	0	1	0	0	3	1	0	0	0	0	0	1	0	2	1	1	3	2	2	0	1	1	0	1	3	1	0	0	0	0	0	0	0	0
ASV3178	2	1	0	0	0	0	0	0	0	0	0	0	0	0	0	1	0	0	0	0	1	2	0	1	0	0	0	0	0	0	0	2	9	2	4	2	0	0	1
ASV3195	2	0	5	0	3	2	0	1	3	0	5	4	0	0	0	0	0	0	0	1	0	0	0	1	0	0	0	1	0	0	0	0	0	0	0	0	0	0	0
ASV3239	0	2	0	0	4	2	1	0	2	0	0	3	0	0	1	2	0	0	1	0	0	0	1	0	0	2	2	3	0	0	0	0	0	0	2	0	0	0	0
ASV3269	0	2	0	1	0	0	13	1	1	1	0	1	0	0	0	0	0	0	0	0	0	0	0	3	2	0	0	1	1	1	0	0	0	0	0	0	0	0	0
ASV3284	1	0	1	0	0	1	0	1	0	0	0	0	0	0	0	0	0	0	0	0	0	0	0	0	0	1	0	0	1	0	0	2	1	7	3	0	2	3	4
ASV3325	1	1	0	0	2	0	0	3	0	1	0	0	0	0	0	0	0	0	0	0	0	0	0	0	0	1	0	1	0	0	0	6	2	4	5	1	0	0	0
ASV3366	7	0	1	0	1	2	2	2	1	1	0	0	0	0	0	0	0	0	0	0	0	0	1	0	8	0	0	0	0	0	0	0	0	0	0	0	1	0	1
ASV3398	0	0	2	1	1	0	0	0	2	3	0	0	0	0	0	1	1	0	0	2	2	0	0	1	0	1	0	1	2	0	0	1	0	0	0	0	0	7	0
ASV3399	0	0	0	0	1	0	0	0	0	1	0	0	0	0	0	0	2	0	0	1	1	0	1	2	1	1	0	0	0	0	1	5	0	3	3	0	1	2	2
ASV3402	1	3	0	0	0	1	3	1	2	0	0	0	0	0	0	0	0	0	1	2	1	1	2	4	1	0	1	0	0	0	1	0	1	1	0	0	0	0	1
ASV3408	0	2	1	0	0	1	1	1	5	1	0	0	0	0	0	0	1	1	0	0	0	1	0	0	1	0	0	0	1	0	0	2	5	0	0	2	1	0	1
ASV3415	5	1	4	1	0	0	0	0	0	0	1	0	0	0	0	0	0	0	0	1	0	0	0	2	1	2	1	0	0	0	0	0	0	2	0	0	4	1	2
ASV3431	1	0	2	1	2	3	0	2	0	0	0	0	0	0	0	0	0	0	0	0	1	1	0	0	1	0	2	0	0	0	0	0	0	0	0	0	0	12	0
ASV3436	1	0	0	0	0	0	0	1	0	0	0	0	0	0	0	0	0	0	0	0	0	0	0	1	0	1	1	0	1	0	0	0	0	0	0	22	0	0	0
ASV3440	0	0	1	0	0	0	0	0	0	0	1	0	0	0	0	0	1	0	0	0	1	0	2	0	2	1	0	0	0	0	1	2	2	1	0	0	11	1	1
ASV3448	0	3	0	2	1	0	1	1	0	2	0	0	0	0	0	0	0	0	0	0	0	0	0	3	2	1	0	3	1	0	0	2	2	3	0	0	1	0	0
ASV3452	0	4	0	3	1	1	1	1	3	1	2	0	0	1	1	0	0	0	0	2	0	0	0	2	3	0	0	0	1	0	0	0	0	0	0	0	0	1	0
ASV3474	0	1	0	1	0	2	1	0	2	3	2	0	1	3	1	1	0	0	0	2	0	2	0	2	0	2	1	0	0	1	0	0	0	0	0	0	0	0	0
ASV3476	1	0	0	0	0	1	0	0	0	0	0	0	0	2	0	0	0	0	0	0	0	0	0	0	0	0	0	1	2	0	0	3	2	6	1	3	1	4	1
ASV3486	2	0	0	1	0	0	0	0	0	0	0	0	0	0	0	0	0	0	0	0	0	0	0	0	1	0	0	0	0	0	0	1	3	0	1	13	0	6	0
ASV3520	6	0	1	1	1	0	0	0	0	0	0	0	0	1	0	1	3	4	0	0	1	0	0	0	1	3	1	1	0	0	0	0	0	0	2	0	0	1	0
ASV3523	0	1	0	1	0	1	0	0	0	0	0	0	0	0	0	0	0	0	1	0	0	1	0	0	0	0	0	0	2	0	0	4	2	9	3	0	2	1	0
ASV3530	5	0	1	0	1	1	0	0	0	0	0	0	0	0	0	0	0	0	1	0	0	0	0	0	0	1	0	0	1	0	0	0	0	0	0	0	0	17	0
ASV3542	2	2	0	0	0	0	0	0	0	3	0	0	0	1	0	0	0	0	0	1	0	0	0	0	2	0	1	0	0	0	0	5	0	6	2	1	0	1	1
ASV3599	0	2	1	1	1	1	2	2	0	4	0	1	0	1	0	0	0	0	1	1	1	1	0	1	0	2	0	0	4	0	0	0	0	0	0	0	0	1	0
ASV3624	2	0	2	1	0	0	0	2	3	0	1	1	0	0	0	1	0	0	2	0	0	0	1	1	0	0	0	0	0	0	0	0	0	6	1	0	0	0	4
ASV3670	1	3	0	1	0	0	0	2	0	0	0	0	0	1	0	0	0	0	0	1	0	0	0	1	1	0	0	0	1	1	0	1	1	4	5	0	2	2	0
ASV3673	2	1	2	1	1	0	1	1	1	1	0	2	0	2	0	1	0	0	2	0	1	0	1	1	1	2	2	1	0	0	1	0	0	0	0	0	0	0	0
ASV3690	0	0	0	0	0	0	0	0	0	0	0	0	0	0	0	0	0	0	0	0	0	0	0	0	0	0	0	0	0	0	0	1	0	0	0	0	25	2	0
ASV3694	1	0	0	0	0	0	0	1	0	4	0	1	0	0	0	0	0	0	0	1	0	0	0	0	0	1	1	0	0	0	0	1	5	4	1	6	1	0	0
ASV3701	5	2	1	2	0	1	0	0	1	1	0	0	1	0	0	1	0	0	0	1	0	0	0	0	1	4	1	0	0	0	0	1	1	0	1	1	0	2	0
ASV3725	2	3	0	0	1	0	0	1	0	0	0	0	0	1	0	2	1	0	1	1	0	1	0	2	0	1	2	0	2	2	0	1	0	2	1	0	0	1	0
ASV3738	3	0	1	0	0	0	0	0	0	0	0	0	0	0	0	0	0	0	0	2	0	0	0	2	2	2	0	0	0	0	0	0	2	2	4	8	0	0	0
ASV3742	8	1	0	1	0	0	0	0	0	0	0	0	0	0	0	0	0	0	0	2	0	0	0	1	0	0	1	0	1	0	0	9	0	2	0	0	0	2	0
ASV3749	4	1	0	1	3	0	1	0	1	0	1	2	1	0	0	0	0	0	0	1	0	0	0	1	0	3	0	0	2	0	0	0	0	0	0	0	0	0	6
ASV3753	3	3	1	0	1	3	1	0	1	1	0	1	0	0	0	0	0	0	0	5	0	0	0	2	1	1	1	0	0	0	0	1	0	0	0	0	0	2	0
ASV3757	2	1	1	2	0	0	3	0	0	0	0	0	0	0	0	0	0	0	0	3	0	0	0	4	2	2	0	2	1	0	0	0	1	1	2	1	0	0	0
ASV3774	3	0	0	0	0	2	0	0	0	1	0	1	0	0	0	0	0	0	0	1	0	0	0	1	0	0	1	0	2	0	0	7	2	0	1	2	2	2	0
ASV3825	1	0	0	0	0	0	0	0	0	0	0	0	0	0	0	0	0	0	1	0	0	0	0	0	0	1	0	0	0	0	0	10	2	2	4	3	1	3	0
ASV3835	2	4	1	1	1	0	0	0	0	1	0	0	0	0	0	0	0	0	0	0	0	0	0	0	2	0	1	0	0	0	0	2	5	3	1	0	4	0	0
ASV3849	2	2	0	0	2	0	0	1	0	2	0	0	0	0	0	0	0	0	0	1	0	0	0	0	1	1	0	2	1	0	0	1	0	0	1	11	0	0	0
ASV3857	1	3	0	1	0	0	1	0	0	1	0	0	0	0	0	0	0	0	0	1	0	0	0	2	1	0	1	2	0	0	1	1	0	1	6	0	0	2	3
ASV3886	3	3	0	1	0	0	0	0	0	0	0	0	0	0	0	0	0	0	0	0	0	0	0	0	1	0	0	0	0	0	0	4	0	1	2	0	6	4	3
ASV3908	0	1	1	2	1	0	0	0	0	1	0	1	1	0	0	0	0	3	1	0	0	0	0	0	1	3	0	0	0	0	0	2	1	4	3	0	1	1	0
ASV3929	3	1	1	0	1	1	1	0	0	0	0	0	0	0	0	0	0	0	0	2	0	0	0	0	1	0	2	0	0	1	0	2	0	1	1	2	7	1	0
ASV3934	0	2	0	0	0	0	1	0	0	0	0	0	0	0	0	0	0	0	0	0	0	1	0	0	0	0	1	0	0	0	0	4	3	8	5	0	2	1	0
ASV3978	3	0	0	0	0	0	0	0	2	3	0	0	0	0	0	1	0	2	0	0	2	1	0	1	0	3	1	1	1	0	2	2	0	1	0	0	1	1	0
ASV4043	0	1	3	1	3	2	2	0	0	1	0	0	0	0	0	0	1	0	0	2	0	0	1	0	0	1	0	5	1	1	1	0	0	1	1	0	0	0	0
ASV4049	0	0	0	0	0	0	0	1	0	0	0	2	1	4	0	0	0	0	0	0	0	2	18	0	0	0	0	0	0	0	0	0	0	0	0	0	0	0	0
ASV4053	0	2	2	1	3	4	2	0	1	2	0	0	0	0	0	0	0	1	0	2	0	0	0	0	1	2	0	2	1	0	0	1	0	0	0	0	0	1	0
ASV4080	0	0	0	0	1	0	0	0	0	0	0	0	0	0	0	0	0	1	0	0	0	0	0	1	0	1	0	1	0	0	0	0	0	4	4	14	0	1	0
ASV4112	3	0	1	0	1	1	1	2	3	0	0	2	0	0	1	0	0	1	0	1	2	0	0	1	1	1	0	1	1	2	0	0	0	0	0	0	0	1	1
ASV4127	1	0	0	0	0	0	0	0	0	1	0	0	0	0	0	0	0	0	0	0	0	0	0	2	1	0	1	1	0	0	0	1	9	4	1	3	2	1	0
ASV4140	2	0	0	1	0	0	0	0	0	0	0	1	0	0	0	0	0	1	0	1	0	1	0	1	1	1	1	0	0	0	0	2	4	5	0	5	0	1	0
ASV4200	1	1	2	1	3	0	0	0	0	0	0	0	0	0	0	0	0	0	0	3	0	1	0	1	1	2	1	0	1	0	0	1	3	1	0	0	0	5	0
ASV4210	6	1	1	0	0	1	0	1	0	0	0	0	0	0	1	1	0	0	0	0	0	0	1	0	2	1	1	1	0	0	0	0	0	2	0	0	0	4	4
ASV4235	0	0	3	1	0	1	0	1	2	0	1	0	1	1	0	2	1	2	2	0	1	0	0	1	0	1	1	0	2	1	0	0	0	2	0	0	0	1	0
ASV4248	2	0	1	2	0	0	1	0	2	6	0	0	0	0	0	0	0	0	0	3	0	0	1	1	1	0	0	0	0	0	0	1	0	2	2	0	1	2	0
ASV4281	0	0	0	0	0	0	0	0	0	0	0	0	0	0	0	0	0	0	0	0	0	0	0	0	0	0	0	0	0	0	0	5	2	5	2	0	5	9	0
ASV4295	5	0	2	1	0	2	1	0	1	1	0	0	0	0	0	0	0	0	0	1	0	0	0	1	2	2	4	0	1	0	0	0	1	0	0	0	0	3	0
ASV4325	1	1	0	0	0	0	0	0	0	0	0	0	0	0	0	0	0	0	0	0	1	0	0	1	0	1	0	0	0	1	0	0	2	4	2	2	9	3	0
ASV4331	3	1	0	0	1	0	1	4	2	0	0	0	0	0	0	0	0	0	0	1	0	1	0	0	1	0	0	2	1	0	1	1	0	1	1	0	3	3	0
ASV4332	0	1	0	0	1	0	0	0	0	0	2	0	0	0	0	0	0	0	0	0	0	0	0	0	0	0	0	0	1	1	0	6	0	3	0	2	5	6	0
ASV4417	3	0	2	2	0	0	0	1	2	0	2	0	0	0	1	0	0	0	0	1	2	2	0	1	0	2	0	1	0	3	0	0	0	0	1	0	0	0	2
ASV4428	0	4	1	0	0	1	1	0	2	0	3	1	0	0	0	2	0	1	1	0	5	0	1	1	0	0	1	1	0	1	1	0	0	0	0	0	0	0	0
ASV4467	4	4	1	0	0	1	0	0	0	1	0	0	0	0	0	0	0	0	0	0	0	1	1	7	0	0	0	2	1	0	0	0	0	4	1	0	0	0	0
ASV4475	0	3	0	0	1	2	0	0	0	0	1	0	0	1	0	1	2	0	0	2	0	2	1	2	2	3	2	0	1	0	0	0	0	2	0	0	0	0	0
ASV4503	0	2	0	2	2	0	2	1	3	0	2	1	3	2	2	1	0	0	1	0	0	0	0	1	0	0	0	1	0	2	0	0	0	0	0	0	0	0	0
ASV4527	2	1	0	2	1	2	0	3	0	0	2	2	0	1	0	0	0	1	0	1	0	0	0	2	1	2	2	2	1	0	0	0	0	0	0	0	0	0	0
ASV4601	0	0	2	1	2	1	3	1	0	2	2	0	0	0	0	0	0	0	0	1	0	0	0	2	4	2	1	1	2	1	0	0	0	0	0	0	0	0	0
ASV4615	2	1	1	2	0	1	0	2	1	0	1	0	0	0	0	0	0	1	0	2	0	0	0	1	5	1	1	1	0	0	0	0	0	3	1	0	0	1	0
ASV4617	0	0	2	0	0	0	0	0	0	0	0	1	1	0	5	0	9	3	2	0	1	1	3	0	0	0	0	0	0	0	0	0	0	0	0	0	0	0	0
ASV4635	2	1	0	0	0	0	0	0	0	0	0	0	0	1	2	0	0	0	0	1	1	0	0	0	0	0	0	0	0	0	0	0	0	1	1	0	11	6	1
ASV4655	7	0	0	0	0	0	0	0	1	2	0	1	0	0	0	0	0	0	1	2	0	0	0	0	1	1	1	0	0	0	0	2	2	1	0	0	5	0	1
ASV4669	2	1	1	1	0	3	0	0	0	3	0	0	0	0	0	0	0	0	0	2	0	0	0	1	3	0	0	1	0	0	0	1	1	5	1	2	0	0	0
ASV4797	0	0	2	2	1	1	0	1	3	2	2	1	1	0	1	0	0	0	0	0	0	0	0	2	0	4	1	2	2	0	0	0	0	0	0	0	0	0	0
ASV4799	5	2	1	4	0	1	1	1	0	2	0	0	0	0	0	0	0	0	0	3	0	0	0	1	1	1	3	0	1	0	0	0	0	0	0	0	1	0	0
ASV4802	0	1	1	0	0	0	0	1	0	0	0	0	0	0	0	0	0	0	0	0	0	0	0	0	0	0	1	0	1	0	0	5	5	6	0	5	1	1	0
ASV4879	0	0	0	0	1	1	0	0	0	0	0	0	0	0	1	0	0	1	0	0	0	0	0	0	1	0	0	0	0	0	0	4	3	11	0	0	4	1	0
ASV4880	4	0	1	0	1	0	3	2	3	1	0	1	1	2	0	1	1	2	0	1	1	0	0	0	0	0	1	1	0	0	1	0	0	0	0	0	0	0	0
ASV4897	0	1	0	0	0	2	0	1	0	0	0	0	0	0	0	0	0	0	0	2	0	0	0	2	1	1	3	0	2	0	0	0	1	0	8	4	0	0	0
ASV4919	5	1	1	0	0	0	0	1	0	0	1	1	0	2	0	0	0	2	0	3	0	1	1	1	0	0	0	0	1	0	1	0	0	0	0	0	0	5	1
ASV4946	1	1	1	0	0	0	1	0	0	1	0	0	0	1	0	0	0	1	0	3	0	0	0	0	0	2	0	0	0	0	0	1	0	8	6	0	0	0	1
ASV4989	4	0	2	1	0	0	0	0	0	0	0	0	0	0	0	0	0	0	0	0	0	0	1	0	0	0	0	0	0	0	0	3	0	1	2	0	1	9	4
ASV4992	3	1	1	1	0	0	1	0	1	2	0	0	0	0	0	0	0	0	0	2	0	0	0	1	1	2	1	0	1	1	0	2	3	2	2	0	0	0	0
ASV5030	5	0	0	1	2	0	0	0	0	2	0	0	0	0	0	0	0	0	0	3	0	0	0	2	2	1	2	0	1	0	0	0	1	2	1	1	1	1	0
ASV5062	0	1	2	0	0	0	0	0	0	0	1	1	2	1	0	3	3	4	0	0	0	3	2	1	2	0	0	0	0	2	0	0	0	0	0	0	0	0	0
ASV5122	0	0	1	2	1	2	2	1	3	0	0	0	0	0	0	0	0	0	0	1	0	0	1	0	0	2	2	7	2	0	0	0	0	1	0	0	0	0	0
ASV5301	2	0	1	0	0	0	2	0	3	0	0	0	0	1	1	0	0	0	0	1	1	2	1	0	0	1	0	0	1	0	4	0	0	2	0	0	1	3	1
ASV5306	11	1	0	0	0	0	1	0	0	0	0	0	1	0	0	1	0	0	0	2	0	0	0	1	1	3	1	3	2	0	0	0	0	0	0	0	0	0	0
ASV5431	0	2	2	0	0	0	0	1	1	1	0	0	0	0	0	0	1	0	0	0	1	0	0	1	1	2	3	3	0	0	0	3	1	3	1	0	0	1	0
ASV5470	1	2	1	0	1	1	0	0	1	3	1	1	0	0	0	0	0	0	0	3	1	0	0	1	1	1	0	2	0	0	0	0	1	1	3	0	0	1	1
ASV5549	1	3	1	1	1	0	1	1	0	1	0	0	0	0	0	0	0	0	0	0	0	0	0	2	0	0	1	2	0	0	0	0	5	2	1	2	1	1	1
ASV5568	1	0	2	2	4	5	2	2	1	0	1	0	0	0	0	0	0	0	0	1	0	0	0	1	1	1	2	2	0	0	0	0	0	0	0	0	0	0	0
ASV5580	3	2	2	1	0	0	1	1	2	0	0	0	0	0	0	0	0	0	1	0	0	1	3	2	0	2	1	3	0	0	0	0	0	1	1	1	0	0	0
ASV5581	1	4	1	0	1	0	0	1	1	2	0	0	0	0	0	0	0	0	0	1	0	0	0	0	3	2	1	1	1	0	0	0	3	2	1	1	1	0	0
ASV5590	6	0	3	1	1	0	0	1	0	0	0	0	0	0	0	0	0	0	0	4	0	0	1	0	0	1	0	2	3	0	0	0	0	1	0	0	0	4	0
ASV5644	2	2	0	0	0	1	1	0	0	2	0	0	0	0	0	0	0	0	0	3	0	0	0	2	1	2	1	0	0	0	0	1	0	1	4	2	1	2	0
ASV5773	0	0	0	0	0	0	0	0	0	0	0	0	0	0	0	0	0	0	0	0	0	0	0	1	0	0	0	0	2	0	0	3	3	5	2	1	0	11	0
ASV5779	0	1	0	0	2	0	0	0	0	1	1	0	0	1	3	0	0	0	1	2	0	1	2	2	1	0	3	0	4	0	1	0	0	2	0	0	0	0	0
ASV5856	2	2	1	1	1	3	0	0	1	1	0	0	0	0	1	0	1	0	0	1	1	0	0	1	1	1	0	1	1	4	2	0	0	0	0	0	1	0	0
ASV5869	1	0	2	3	0	0	1	0	0	0	0	0	0	0	0	0	1	2	3	0	0	1	0	1	0	2	2	0	0	1	0	1	0	5	0	0	1	1	0
ASV2871	0	1	0	0	0	0	0	0	0	0	0	0	0	0	0	0	0	0	0	0	0	0	0	0	0	0	0	0	0	0	0	5	15	4	2	0	0	0	0
ASV2889	0	0	0	0	0	0	0	0	0	2	0	0	0	0	0	0	0	0	0	0	0	0	0	0	0	0	0	0	0	0	0	6	11	5	1	1	1	0	0
ASV2935	0	2	3	0	1	1	1	0	1	1	1	1	1	0	0	0	0	1	1	1	1	0	1	1	0	0	2	0	2	0	0	1	0	0	0	0	1	0	2
ASV2994	1	1	2	1	1	2	4	0	0	1	0	1	0	1	0	0	0	0	0	4	0	0	0	0	1	1	1	0	3	0	0	1	0	1	0	0	0	0	0
ASV3016	3	0	2	1	1	0	0	2	0	0	0	1	1	0	0	0	0	3	0	1	2	1	2	3	2	0	1	0	0	0	1	0	0	0	0	0	0	0	0
ASV3061	0	0	0	1	0	1	1	0	0	1	0	0	0	0	0	0	4	0	2	1	0	1	0	1	3	1	1	0	0	0	1	2	1	1	1	0	0	1	2
ASV3091	1	0	0	0	1	2	0	0	0	0	0	1	0	0	0	0	0	0	0	2	0	0	0	0	2	0	1	0	1	0	0	3	0	6	4	0	2	1	0
ASV3121	1	0	0	0	1	0	1	0	0	0	0	0	0	0	0	0	0	0	0	0	0	0	0	0	0	0	1	0	0	0	0	0	16	3	0	3	1	0	0
ASV3139	0	0	0	1	1	0	0	0	1	0	0	0	0	0	0	0	0	0	0	0	0	0	0	1	2	0	3	0	0	0	0	1	10	2	2	3	0	0	0
ASV3165	1	0	0	0	0	0	0	0	0	0	1	0	0	1	1	4	2	1	3	0	3	3	0	0	1	0	0	0	0	1	2	0	0	1	1	0	1	0	0
ASV3172	6	2	0	0	1	0	1	0	1	4	0	0	0	0	0	0	0	0	0	1	0	0	0	3	3	2	2	0	0	0	0	0	0	0	0	1	0	0	0
ASV3192	7	2	0	2	0	0	1	0	0	0	0	0	0	0	0	0	0	0	0	1	0	0	0	2	1	0	5	1	0	0	0	0	0	2	0	0	0	3	0
ASV3193	0	2	3	0	0	1	0	1	1	1	0	0	0	0	0	0	0	0	0	4	0	0	0	1	2	1	0	2	1	0	0	0	4	1	1	1	0	0	0
ASV3215	0	6	3	0	0	1	1	0	0	1	0	0	1	0	1	1	0	0	0	2	0	0	0	1	1	1	2	1	1	0	0	0	1	1	1	0	0	0	0
ASV3247	1	2	2	1	3	2	1	0	0	1	0	0	0	0	0	1	0	0	0	3	0	0	0	1	0	1	1	2	2	0	0	0	1	1	0	0	0	1	0
ASV3262	0	1	1	0	0	0	1	0	0	0	0	0	0	0	0	0	0	0	0	0	0	0	0	0	0	0	0	0	0	0	0	3	0	3	0	0	11	6	1
ASV3295	0	0	0	0	0	0	0	0	0	0	0	0	0	0	0	0	0	0	0	0	0	0	0	0	0	0	0	0	0	0	0	0	10	6	5	6	0	0	0
ASV3310	2	0	0	0	0	0	0	0	0	0	2	2	1	0	5	7	1	2	0	0	0	0	0	1	1	1	0	0	0	1	0	0	0	0	0	0	0	0	1
ASV3319	1	4	4	1	1	0	2	2	0	1	0	0	0	0	0	0	0	0	0	2	0	0	0	3	1	3	1	0	0	1	0	0	0	0	0	0	0	0	0
ASV3345	3	0	1	0	2	3	1	0	1	1	0	2	2	0	0	0	0	0	0	2	0	0	0	1	0	3	3	2	0	0	0	0	0	0	0	0	0	0	0
ASV3350	4	1	0	4	0	2	2	2	0	1	2	0	0	0	0	1	0	0	0	1	0	0	0	1	0	0	1	2	1	0	1	0	0	0	1	0	0	0	0
ASV3373	9	5	2	0	1	1	0	1	0	0	0	0	0	0	0	0	0	0	0	2	0	0	0	2	3	0	0	0	1	0	0	0	0	0	0	0	0	0	0
ASV3379	2	0	0	1	0	0	1	0	0	0	0	0	0	0	0	0	0	0	0	1	0	0	0	1	0	3	1	0	0	0	0	0	5	2	0	3	0	7	0
ASV3380	0	2	3	4	2	0	1	0	0	1	0	0	0	1	0	0	0	0	0	0	0	3	0	1	3	1	3	1	0	0	1	0	0	0	0	0	0	0	0
ASV3392	0	0	0	0	0	0	0	0	0	0	0	0	0	0	0	1	2	1	5	0	1	5	8	0	0	0	0	0	0	2	2	0	0	0	0	0	0	0	0
ASV3420	2	1	1	4	0	2	3	0	0	1	0	0	0	0	0	0	1	0	0	1	0	0	1	0	2	2	2	0	2	0	2	0	0	0	0	0	0	0	0
ASV3455	2	0	0	0	0	0	0	0	0	0	0	0	0	0	1	0	0	0	13	0	0	0	5	1	0	0	0	0	0	2	3	0	0	0	0	0	0	0	0
ASV3506	0	1	1	0	0	0	0	0	0	0	0	0	0	0	0	0	0	0	0	3	0	0	0	0	0	1	0	0	0	0	0	4	7	8	2	0	0	0	0
ASV3538	0	0	0	0	0	0	0	0	0	0	0	0	0	0	0	0	0	0	0	0	0	0	0	0	1	0	0	0	0	0	0	1	6	0	0	17	1	1	0
ASV3544	1	0	0	0	0	0	0	0	0	0	0	0	0	0	0	0	0	0	0	0	0	0	0	0	0	2	0	0	0	0	0	0	1	1	1	19	0	2	0
ASV3545	0	2	1	0	0	0	1	1	0	0	0	0	0	0	0	0	0	1	0	0	0	0	0	0	0	1	0	0	0	0	0	2	1	5	4	6	0	2	0
ASV3562	0	0	0	0	0	0	0	0	2	0	0	0	0	0	0	4	5	1	8	0	1	5	0	0	1	0	0	0	0	0	0	0	0	0	0	0	0	0	0
ASV3575	0	0	0	0	1	0	0	0	0	0	0	0	0	0	3	2	13	0	5	0	0	1	0	0	0	0	0	0	0	1	1	0	0	0	0	0	0	0	0
ASV3608	2	0	1	0	0	1	0	0	3	1	1	1	0	3	0	2	2	3	0	1	0	1	0	1	0	0	1	0	1	1	0	0	0	1	0	0	0	0	0
ASV3646	0	0	0	0	0	0	0	0	0	0	0	0	0	0	0	0	0	0	0	0	0	0	0	1	0	0	0	0	0	0	0	11	1	5	5	1	2	1	0
ASV3668	4	1	0	0	0	0	0	0	0	0	0	0	0	0	0	0	0	0	0	0	0	0	0	0	0	0	0	0	0	0	0	4	3	1	0	1	6	4	3
ASV3687	1	0	2	2	0	2	1	3	1	1	1	0	0	1	0	0	0	1	0	1	2	0	0	1	1	0	2	0	3	1	0	0	0	0	0	0	0	0	0
ASV3708	2	0	0	1	0	0	0	1	0	0	0	0	0	0	1	0	0	0	0	0	0	0	0	1	0	1	0	1	0	0	0	2	3	5	2	3	0	2	2
ASV3755	0	1	2	2	0	1	0	0	1	0	0	0	0	0	0	0	1	0	0	0	0	0	0	0	2	1	0	1	0	0	0	3	0	6	1	0	0	5	0
ASV3773	0	2	1	0	0	3	3	0	0	0	1	0	0	0	0	1	0	0	1	1	0	2	2	2	1	1	0	1	0	0	3	0	0	0	1	0	0	0	1
ASV3778	4	0	2	0	0	0	0	0	0	0	0	0	0	0	0	0	0	0	0	0	0	0	0	0	0	0	0	0	1	0	0	6	6	1	2	0	3	2	0
ASV3788	3	0	2	0	1	0	0	4	2	3	1	1	0	0	0	0	0	0	0	1	0	0	0	0	0	2	2	4	1	0	0	0	0	0	0	0	0	0	0
ASV3811	1	0	0	1	0	0	2	1	5	1	0	2	3	1	0	1	1	0	0	0	0	0	4	0	0	0	0	1	2	0	1	0	0	0	0	0	0	0	0
ASV3816	1	0	0	0	0	0	0	0	0	1	0	0	0	0	0	0	0	0	0	0	0	0	0	0	0	0	1	0	0	0	0	9	0	1	0	7	6	1	0
ASV3840	0	1	1	2	1	1	1	0	1	2	0	0	0	0	0	0	0	0	0	0	0	0	1	4	1	3	1	0	1	0	0	1	0	0	3	1	1	0	0
ASV3843	1	0	1	0	1	0	1	0	0	0	0	2	1	3	1	0	1	3	2	0	2	3	3	1	0	0	1	0	0	0	0	0	0	0	0	0	0	0	0
ASV3848	5	0	2	1	0	2	1	1	0	4	0	0	0	0	0	0	0	0	0	1	0	0	2	1	1	2	0	0	0	0	0	1	0	0	0	0	1	0	2
ASV3892	1	0	1	0	0	0	0	0	0	0	0	0	0	0	0	0	0	0	0	0	0	0	0	0	0	1	0	0	1	0	0	6	0	9	5	3	0	0	0
ASV3906	7	3	3	1	0	1	3	0	0	0	0	0	0	0	1	0	1	1	1	2	0	0	0	0	0	0	0	0	1	0	2	0	0	0	0	0	0	0	0
ASV3919	0	0	0	0	3	0	0	0	0	0	0	0	1	2	2	4	1	1	1	0	0	5	0	1	0	1	0	0	0	1	0	0	0	1	0	0	0	2	1
ASV3922	0	3	0	0	0	0	0	0	0	2	0	0	0	0	0	0	0	0	0	0	0	0	0	1	1	1	1	0	0	0	0	0	0	4	6	8	0	0	0
ASV4045	0	2	0	0	2	1	2	0	0	0	0	0	1	0	1	0	2	2	1	3	0	0	1	0	0	1	0	0	0	7	0	0	0	0	0	0	0	0	1
ASV4072	0	0	0	0	0	1	0	0	0	0	0	0	0	0	0	0	0	0	0	0	0	0	0	0	1	0	0	0	0	0	0	1	11	1	2	1	0	9	0
ASV4141	1	0	0	0	0	0	0	0	0	0	0	0	0	0	1	0	0	0	0	1	0	0	0	1	0	0	0	0	0	0	0	6	4	1	3	1	6	1	1
ASV4145	0	0	0	1	0	1	1	0	1	1	2	2	4	0	1	0	1	0	0	1	4	0	2	1	1	1	0	0	1	1	0	0	0	0	0	0	0	0	0
ASV4155	0	1	0	0	1	2	2	0	1	1	1	0	0	0	0	0	0	0	2	2	0	1	0	0	1	0	0	1	0	0	0	0	0	0	1	0	0	0	10
ASV4183	5	2	0	0	0	1	1	1	0	0	0	0	0	0	0	1	1	0	0	2	0	2	1	1	2	3	1	1	1	1	0	0	0	0	0	0	0	0	0
ASV4322	0	1	0	1	0	0	2	1	3	1	0	0	1	0	0	0	0	0	0	1	0	0	0	2	1	1	3	2	1	0	0	0	0	0	0	4	0	1	1
ASV4323	2	2	0	1	0	0	0	0	1	0	0	0	1	2	0	1	5	1	2	3	0	1	3	0	0	0	0	0	2	0	0	0	0	0	0	0	0	0	0
ASV4335	9	2	1	1	1	0	0	0	0	2	0	0	0	0	0	0	0	0	0	1	0	0	1	1	1	0	3	1	2	0	0	1	0	0	0	0	0	0	0
ASV4388	1	1	0	0	0	0	0	0	1	1	0	0	0	0	1	0	0	0	0	1	0	0	0	2	0	1	1	0	0	0	0	6	1	2	0	0	0	8	0
ASV4401	4	1	4	0	1	0	0	0	0	1	0	0	0	0	0	0	0	0	0	2	0	1	2	1	1	0	1	2	0	0	0	0	0	1	0	0	0	4	1
ASV4408	1	0	0	0	2	0	0	0	0	0	0	0	0	0	0	0	0	1	0	1	0	0	0	1	0	1	1	0	0	0	0	4	5	4	1	1	2	2	0
ASV4576	1	1	1	2	0	0	0	0	0	0	0	0	0	0	0	0	0	0	0	0	0	0	0	0	1	0	0	0	0	0	0	10	4	4	2	0	1	0	0
ASV4598	0	3	0	0	0	0	1	0	2	1	0	2	1	0	0	1	0	1	1	4	0	0	0	2	3	1	0	2	0	1	0	0	0	0	0	0	0	1	0
ASV4603	0	0	0	0	0	0	0	0	0	0	0	0	0	0	0	0	0	0	0	0	0	0	0	0	0	0	0	0	0	0	0	0	23	3	0	0	0	1	0
ASV4619	0	0	0	2	0	0	0	0	0	0	0	0	0	0	0	0	0	0	0	0	0	0	0	0	0	0	0	0	0	0	0	1	4	4	0	2	3	11	0
ASV4661	0	1	1	0	2	2	0	2	1	3	0	1	0	0	0	0	0	0	0	0	1	0	0	0	2	1	0	1	0	1	0	1	0	2	2	0	0	3	0
ASV4779	3	0	1	0	0	0	2	0	2	1	0	0	3	0	1	0	0	0	1	1	3	2	0	1	1	2	0	0	0	1	2	0	0	0	0	0	0	0	0
ASV4853	1	1	0	0	2	0	1	0	0	0	0	0	0	0	0	0	0	0	0	0	0	0	1	1	0	0	0	2	0	0	0	3	3	1	4	7	0	0	0
ASV4871	2	3	3	0	0	0	0	0	0	0	0	0	0	0	0	0	0	0	0	1	0	0	0	2	0	0	1	0	0	0	0	0	3	0	0	0	9	3	0
ASV4890	0	0	2	0	1	0	0	0	0	3	0	0	0	0	0	0	0	0	0	0	0	0	0	2	1	0	0	3	1	0	0	3	3	0	0	1	0	5	2
ASV4906	1	0	1	2	1	0	1	0	3	1	0	0	0	0	1	0	0	3	1	2	0	1	1	3	1	1	0	1	0	0	1	0	0	1	0	0	0	0	0
ASV4995	1	0	3	2	2	0	0	0	0	2	0	0	0	0	0	0	0	0	0	3	1	0	0	1	1	2	1	0	0	0	0	1	3	1	2	0	1	0	0
ASV5042	0	3	0	0	0	2	0	1	0	1	0	0	1	0	1	0	1	2	0	0	0	0	5	0	1	1	1	0	1	0	0	1	0	1	4	0	0	0	0
ASV5135	0	0	6	0	0	1	1	0	0	1	1	0	2	0	1	2	0	1	0	2	2	0	0	1	0	2	0	1	1	2	0	0	0	0	0	0	0	0	0
ASV5198	0	1	0	3	0	1	2	0	0	1	0	0	0	1	0	0	0	0	0	2	0	0	0	1	3	3	6	2	0	0	0	0	0	1	0	0	0	0	0
ASV5207	3	2	0	0	0	0	0	0	0	2	0	0	0	0	0	0	0	0	0	1	0	0	0	2	0	1	1	0	0	0	0	0	0	1	1	12	0	1	0
ASV5246	0	0	0	0	0	0	0	0	0	0	0	0	0	0	1	0	0	0	0	1	1	0	0	1	0	1	0	0	0	1	0	2	0	14	4	0	0	0	1
ASV5387	0	0	0	0	0	0	1	2	0	1	0	0	0	0	0	0	0	0	0	1	0	0	0	1	0	2	0	1	0	0	0	0	4	9	2	2	0	0	1
ASV5416	3	0	0	0	0	0	0	0	0	1	0	0	0	0	0	0	0	0	0	0	0	0	0	1	0	0	0	2	0	0	0	0	0	0	2	18	0	0	0
ASV5492	1	1	2	0	1	0	0	0	0	2	0	0	0	0	0	0	0	0	0	0	0	1	0	0	1	0	0	0	0	0	0	0	1	5	1	0	2	9	0
ASV5503	0	0	0	0	0	0	0	0	0	0	0	0	1	0	0	0	0	0	1	0	1	1	0	0	0	0	0	0	0	0	1	4	4	2	1	4	1	5	1
ASV5537	1	1	0	0	2	1	1	0	0	0	0	0	0	0	0	0	0	0	0	0	1	0	0	0	4	2	0	2	0	0	0	0	0	0	0	0	0	11	1
ASV5575	4	3	2	2	0	0	2	0	1	0	0	1	1	0	0	1	0	0	0	1	1	0	0	0	0	2	0	1	5	0	0	0	0	0	0	0	0	0	0
ASV5626	4	1	3	0	1	0	3	3	1	2	0	1	0	0	0	0	0	1	0	0	0	0	0	1	0	0	1	2	1	1	0	0	0	0	1	0	0	0	0
ASV5692	0	0	2	2	1	0	0	0	1	0	0	0	0	0	0	0	0	0	0	0	0	0	0	0	0	0	1	0	0	0	0	6	5	2	4	1	1	0	1
ASV5702	0	2	1	1	1	1	0	1	0	1	0	0	4	2	1	0	1	2	3	1	0	0	2	0	1	0	0	0	0	0	1	0	0	0	1	0	0	0	0
ASV5724	4	0	0	0	0	1	1	1	2	1	0	3	0	0	1	0	1	0	0	0	1	0	2	2	0	0	0	2	3	1	0	0	0	0	0	0	0	0	1
ASV5855	6	0	0	0	0	0	1	0	0	2	1	0	0	0	0	0	0	0	0	2	1	0	0	2	1	1	1	0	0	0	0	3	0	1	1	0	0	3	1
ASV3184	0	0	1	1	0	0	1	0	3	1	0	0	0	2	2	0	0	0	0	1	0	2	2	2	1	0	2	0	1	0	1	1	0	0	2	0	0	0	0
ASV3217	1	2	0	0	2	0	0	0	0	2	2	0	0	1	0	2	2	0	0	2	0	0	0	0	1	0	1	0	2	0	6	0	0	0	0	0	0	0	0
ASV3224	1	0	0	0	0	1	3	0	0	1	0	0	0	0	0	0	0	0	0	0	0	0	0	0	3	2	0	0	0	0	0	3	1	6	2	0	1	2	0
ASV3282	0	3	1	0	1	1	0	0	0	1	0	0	0	0	0	1	0	0	0	0	0	0	1	0	2	0	0	0	0	0	0	0	5	6	4	0	0	0	0
ASV3365	2	1	5	0	2	1	1	0	0	2	0	0	0	0	0	0	0	0	0	0	0	0	0	1	2	3	2	2	1	0	0	0	0	0	0	1	0	0	0
ASV3378	4	1	1	0	0	0	0	1	0	3	0	0	0	0	0	0	0	0	0	1	0	0	0	0	1	0	1	0	1	0	0	4	4	3	1	0	0	0	0
ASV3484	1	2	0	3	1	0	0	1	0	2	0	0	0	0	1	0	0	0	0	1	0	0	1	2	0	2	1	0	0	1	0	1	0	0	1	0	0	5	0
ASV3579	1	3	1	0	0	2	0	2	1	1	0	0	0	0	0	0	1	0	1	0	0	0	0	3	0	0	2	1	3	0	0	0	0	4	0	0	0	0	0
ASV3581	1	0	1	1	0	2	0	2	0	0	1	0	1	0	2	1	2	0	2	0	3	1	0	0	0	1	0	0	0	0	0	0	0	3	0	2	0	0	0
ASV3591	0	0	0	0	0	3	0	0	0	0	0	0	0	1	0	0	0	0	0	0	1	1	20	0	0	0	0	0	0	0	0	0	0	0	0	0	0	0	0
ASV3625	4	0	0	0	0	1	0	1	3	0	0	1	1	3	0	0	0	1	0	0	0	0	0	2	3	0	1	0	0	0	0	0	0	1	2	0	1	0	1
ASV3638	2	0	0	0	0	1	1	0	1	1	0	0	1	2	0	0	1	1	0	1	0	1	0	0	0	2	1	0	1	2	1	0	0	2	0	0	0	3	1
ASV3645	0	1	2	1	0	1	0	1	0	0	0	0	0	0	0	0	0	0	0	1	0	0	0	0	3	3	3	1	0	0	1	1	0	1	2	0	1	2	1
ASV3669	0	1	0	1	0	1	0	2	0	3	0	0	0	2	0	0	2	0	2	1	2	2	2	1	0	0	0	0	0	0	4	0	0	0	0	0	0	0	0
ASV3686	0	1	0	0	1	0	0	0	0	0	0	0	0	0	0	0	0	0	0	1	0	0	0	0	1	0	0	0	0	0	0	3	0	9	4	1	4	1	0
ASV3698	1	1	2	2	3	0	0	0	1	2	1	0	0	0	0	0	0	0	0	3	0	0	0	1	1	2	2	1	2	0	0	0	0	1	0	0	0	0	0
ASV3700	1	0	0	0	0	0	0	0	0	0	0	0	0	0	0	0	0	0	0	0	0	0	0	0	0	0	0	0	0	0	0	2	16	2	2	3	0	0	0
ASV3726	1	1	4	1	1	0	1	0	1	3	0	0	0	0	0	0	0	0	0	2	0	0	0	1	1	2	3	1	3	0	0	0	0	0	0	0	0	0	0
ASV3748	0	1	1	0	0	0	0	0	0	0	0	0	0	0	0	0	0	0	0	1	0	0	0	0	3	0	0	0	0	0	0	5	3	3	5	3	1	0	0
ASV3765	2	2	2	1	0	0	1	0	0	1	0	0	0	2	1	1	1	0	2	2	0	1	0	0	1	0	1	0	2	1	0	0	0	1	1	0	0	0	0
ASV3767	3	0	0	0	0	0	0	0	0	1	0	0	0	0	0	0	0	0	0	1	0	0	0	0	0	1	0	0	0	1	0	2	4	1	1	1	7	3	0
ASV3780	5	0	0	1	1	0	0	0	0	0	0	0	1	2	0	0	0	0	0	0	0	0	0	2	0	3	2	0	0	0	0	0	1	0	2	0	1	5	0
ASV3781	0	2	3	3	0	2	2	1	0	0	0	0	0	0	0	1	0	0	0	3	0	0	0	1	0	1	1	0	3	0	0	0	0	1	0	0	0	2	0
ASV3837	0	0	0	0	2	1	0	0	0	1	0	0	0	0	2	2	1	1	3	0	1	1	4	1	1	2	0	0	0	1	2	0	0	0	0	0	0	0	0
ASV3844	1	1	1	2	0	1	0	0	0	0	0	0	0	0	0	0	0	0	0	1	0	0	0	0	0	0	1	1	0	0	0	1	0	5	5	0	1	3	2
ASV3911	0	1	4	0	0	0	0	0	0	0	0	0	0	0	0	0	0	0	0	2	0	0	0	0	2	2	1	1	1	0	0	1	1	0	1	6	0	0	3
ASV3914	1	1	1	0	0	1	0	0	0	0	0	0	0	0	0	1	0	0	0	1	0	0	0	1	0	0	0	1	0	0	2	1	3	2	2	0	4	3	1
ASV3955	0	1	0	0	0	0	0	0	1	1	0	0	0	0	2	2	0	2	0	0	0	1	0	0	0	0	1	0	1	0	1	1	1	1	0	0	4	4	2
ASV3987	3	0	0	0	0	1	0	0	0	1	0	0	1	0	1	1	0	2	1	2	0	4	0	3	0	1	0	1	1	0	1	0	0	0	0	0	0	2	0
ASV4010	3	1	3	0	0	0	0	0	0	1	0	0	0	0	0	0	0	0	0	1	0	0	0	3	1	1	0	0	0	0	0	4	0	4	1	1	1	1	0
ASV4067	4	1	1	0	2	2	0	0	3	1	0	0	0	0	0	0	0	0	0	1	0	0	0	0	2	2	2	0	2	0	0	0	0	1	0	0	0	1	1
ASV4070	1	0	0	0	0	1	0	0	1	0	0	0	0	0	0	0	0	0	0	0	0	0	0	1	3	0	0	0	1	0	0	2	1	3	2	0	1	7	2
ASV4119	3	1	0	1	0	1	0	0	3	0	0	0	0	0	0	0	0	0	0	1	0	0	1	1	0	1	1	0	0	0	1	0	3	3	2	3	0	0	0
ASV4227	2	0	2	0	0	0	3	0	0	0	2	0	0	3	3	4	0	1	0	0	0	2	0	0	1	0	0	1	0	0	2	0	0	0	0	0	0	0	0
ASV4232	0	0	0	0	0	2	0	1	0	1	0	0	0	0	0	0	0	0	0	0	0	0	0	0	1	0	1	0	1	1	0	3	7	2	3	2	0	0	1
ASV4241	0	1	1	1	0	0	2	0	0	0	0	0	0	1	1	0	0	0	0	2	1	0	1	1	0	0	1	0	0	0	0	1	2	3	0	0	4	3	0
ASV4285	1	0	0	0	0	0	0	0	0	2	0	1	0	0	0	3	0	3	2	0	5	3	1	0	1	1	0	0	0	2	1	0	0	0	0	0	0	0	0
ASV4355	2	1	1	0	0	0	0	0	0	0	0	0	0	0	0	0	0	0	0	0	0	0	0	0	0	2	2	0	0	0	1	3	3	2	4	1	1	3	0
ASV4357	0	0	1	2	2	1	1	0	3	4	0	2	0	0	0	0	0	0	0	1	0	0	0	1	2	1	0	0	1	0	0	0	0	3	1	0	0	0	0
ASV4365	0	2	0	1	1	0	1	0	0	1	0	0	0	0	0	0	0	0	0	1	0	0	0	3	4	4	2	2	1	0	0	0	1	0	1	1	0	0	0
ASV4392	0	0	0	0	0	0	0	0	0	0	0	0	0	0	0	0	0	0	0	0	0	0	1	0	0	0	0	0	0	0	0	0	0	0	0	0	25	0	0
ASV4466	0	0	0	1	1	0	2	0	0	0	0	0	0	0	0	0	1	0	0	0	0	1	0	1	0	0	0	0	0	0	1	3	0	1	0	0	12	2	0
ASV4488	9	1	1	2	0	0	0	0	2	0	0	1	0	0	0	0	0	1	0	2	0	0	0	2	2	0	0	0	0	0	0	0	1	1	0	0	1	0	0
ASV4496	1	6	0	0	0	0	0	0	0	3	0	0	0	0	0	0	0	0	0	4	0	0	0	6	1	0	3	1	0	0	0	0	0	1	0	0	0	0	0
ASV4500	0	2	0	1	0	0	0	0	0	0	0	0	0	0	0	0	0	0	0	1	0	0	0	2	0	2	0	0	1	0	0	1	0	1	0	0	0	8	7
ASV4516	0	0	0	0	0	0	0	1	0	0	0	0	0	0	0	0	0	0	0	0	0	0	0	0	0	0	0	0	0	0	0	3	5	6	0	6	5	0	0
ASV4528	4	4	2	2	0	0	0	0	2	2	0	0	0	0	0	0	0	0	0	2	1	1	0	1	0	1	0	0	0	0	0	0	0	1	0	0	0	2	1
ASV4536	0	1	0	2	3	0	3	2	2	2	0	0	0	0	0	2	0	0	1	0	1	0	0	1	0	4	1	0	1	0	0	0	0	0	0	0	0	0	0
ASV4549	1	0	0	2	0	0	0	0	0	1	2	1	0	0	0	0	0	1	1	2	0	0	0	1	2	1	2	2	0	0	0	0	0	2	4	0	0	1	0
ASV4568	0	0	0	0	0	0	0	0	0	0	1	0	1	2	3	3	1	2	1	1	4	1	2	1	0	1	0	0	1	1	0	0	0	0	0	0	0	0	0
ASV4599	1	1	1	0	0	0	0	0	2	0	0	1	1	0	2	0	0	2	1	1	1	0	1	0	0	0	2	0	2	0	2	1	0	0	1	0	1	1	1
ASV4629	1	0	2	1	1	1	0	0	1	1	2	1	0	0	1	1	1	1	2	0	1	0	1	0	4	0	0	1	1	0	0	0	0	1	0	0	0	0	0
ASV4689	1	0	2	0	0	1	0	1	0	0	0	0	0	0	0	0	0	0	0	0	0	0	0	1	0	0	1	0	1	0	0	5	0	2	4	0	5	2	0
ASV4691	7	0	0	0	0	0	0	0	0	0	0	0	0	1	0	0	0	0	0	3	0	1	1	2	0	1	0	0	0	0	1	2	0	1	1	0	0	5	0
ASV4692	0	1	0	1	0	0	1	0	0	2	0	0	0	1	0	0	0	0	0	0	0	0	0	1	1	1	0	1	0	0	0	1	4	8	1	0	0	1	1
ASV4704	5	2	1	1	0	1	0	1	0	0	0	0	0	0	0	0	0	1	0	3	0	0	1	2	1	1	0	2	2	0	0	1	0	0	0	0	0	1	0
ASV4727	0	1	0	0	0	0	0	0	0	1	0	0	0	0	0	0	0	0	1	1	0	0	0	0	0	1	1	1	0	0	0	2	1	6	4	4	1	1	0
ASV4761	2	1	0	0	0	1	0	0	0	0	0	0	0	0	0	0	0	0	0	0	0	0	0	2	1	0	1	1	0	0	0	0	0	4	12	1	0	0	0
ASV4859	0	0	0	0	0	0	0	0	3	0	0	1	0	0	0	0	0	0	0	0	0	0	1	1	0	0	0	0	0	0	0	1	0	1	0	0	4	2	12
ASV4917	1	0	0	0	0	0	0	1	0	0	0	0	0	0	0	0	0	0	0	2	0	0	0	3	3	3	3	0	0	0	0	0	0	0	1	0	0	7	2
ASV4918	1	0	0	0	0	0	0	0	1	0	0	0	0	0	0	0	0	0	0	0	0	0	0	0	0	0	0	0	0	1	0	3	3	8	5	0	3	1	0
ASV4937	0	0	1	0	0	1	1	0	1	0	0	0	0	0	0	0	0	0	0	0	0	0	0	0	0	2	0	1	0	0	0	3	2	0	11	0	2	1	0
ASV4941	5	2	2	0	1	0	0	0	0	2	0	0	0	1	0	1	0	0	0	2	0	0	1	0	0	2	1	0	0	0	0	1	0	0	2	0	1	2	0
ASV4948	0	0	0	0	0	0	1	0	0	0	0	0	0	2	0	0	1	1	1	0	2	4	1	0	0	0	0	0	0	2	1	0	0	0	10	0	0	0	0
ASV4974	1	4	5	0	0	1	0	1	0	0	1	0	0	0	0	0	0	0	0	3	0	0	1	2	1	1	3	1	1	0	0	0	0	0	0	0	0	0	0
ASV5025	2	1	0	0	1	0	0	0	0	0	0	0	0	0	0	0	0	0	0	1	0	1	0	0	0	0	0	0	0	0	0	7	1	3	0	0	4	2	3
ASV5053	2	0	0	1	1	0	0	0	0	0	0	0	0	0	0	0	0	0	0	0	0	1	1	0	0	2	0	1	0	0	1	0	3	0	3	9	0	1	0
ASV5071	1	1	0	0	0	0	0	0	0	0	0	0	0	0	1	0	0	0	0	0	0	0	0	0	0	0	0	0	0	0	0	0	0	0	1	22	0	0	0
ASV5137	1	1	1	0	0	2	2	1	0	1	0	0	0	0	0	0	0	0	0	0	0	1	0	0	4	1	0	0	1	0	0	1	0	0	4	0	0	4	1
ASV5187	0	1	0	0	0	0	0	0	0	0	0	0	0	0	0	0	0	0	0	0	0	0	0	0	0	0	0	1	0	0	0	0	14	1	0	5	1	1	2
ASV5302	0	1	0	0	1	0	1	3	0	0	2	2	7	0	0	0	0	0	5	0	1	0	1	0	0	0	0	0	0	0	0	1	0	0	0	0	1	0	0
ASV5349	3	1	4	2	0	3	1	0	0	4	0	0	0	0	0	0	0	0	0	1	0	1	0	1	0	0	0	1	1	0	0	0	0	0	0	0	2	0	1
ASV5352	0	2	1	1	0	0	2	0	1	1	0	0	0	0	0	0	0	0	0	2	0	0	0	0	0	1	1	1	0	0	0	0	1	2	1	0	6	2	1
ASV5385	1	5	1	0	0	1	2	0	0	2	0	0	0	0	0	0	0	0	0	0	0	0	0	1	1	0	2	0	1	0	0	0	0	5	0	1	1	2	0
ASV5451	2	1	1	0	0	0	0	0	0	0	0	0	0	0	0	0	0	0	0	0	0	0	0	0	1	2	0	0	1	1	0	1	4	4	2	1	1	4	0
ASV5547	4	0	0	0	0	0	2	0	2	0	0	1	0	0	1	0	0	0	0	1	0	0	0	1	0	0	1	4	1	0	0	4	0	2	0	0	0	2	0
ASV5653	0	0	2	0	0	0	0	0	0	0	0	0	0	0	0	0	0	0	0	0	0	0	3	1	2	2	1	0	0	1	0	3	1	3	1	0	2	3	1
ASV5662	1	0	1	1	0	2	1	0	0	1	0	0	0	0	0	0	0	0	0	4	0	0	0	0	1	1	1	1	1	0	0	0	3	2	3	0	0	1	1
ASV5685	0	1	0	0	0	0	0	0	0	2	0	0	0	0	0	0	0	0	0	2	0	0	0	1	0	0	1	0	0	0	0	0	0	0	0	0	17	1	1
ASV5866	1	2	2	0	0	0	2	0	0	1	2	0	0	1	0	0	1	1	0	1	0	0	0	0	0	2	0	0	0	0	0	2	1	1	4	0	0	1	1
ASV5868	0	0	1	0	2	1	0	1	2	0	1	1	1	1	3	0	2	2	1	1	1	0	0	0	1	1	1	0	0	0	0	0	2	0	0	0	0	0	0
ASV5873	4	5	0	0	1	3	0	0	0	1	0	0	1	0	0	0	0	1	0	1	0	0	0	0	0	2	0	0	0	0	0	0	1	4	0	2	0	0	0
ASV5895	1	2	1	1	0	0	4	1	1	0	0	0	0	0	1	0	0	0	1	0	0	0	0	0	0	6	3	0	3	0	0	0	0	0	0	0	0	1	0
ASV5903	0	1	2	0	1	0	0	1	0	2	0	0	0	0	0	0	0	0	0	1	0	0	0	2	0	1	1	0	0	0	0	0	5	4	1	2	2	0	0
ASV5936	2	1	1	1	1	1	0	1	0	0	0	0	0	0	0	0	0	0	0	2	0	0	0	1	0	1	3	0	1	0	0	0	0	3	1	0	0	3	3
ASV2802	4	0	1	0	0	0	0	0	0	2	0	0	0	0	0	0	0	0	0	0	0	0	0	1	0	1	0	0	0	0	0	3	6	4	1	0	0	1	1
ASV2919	2	5	1	1	0	0	1	0	1	0	0	0	0	0	0	0	0	0	0	1	1	0	0	1	3	1	0	1	0	0	0	1	0	4	0	0	1	0	0
ASV2981	3	0	0	0	0	0	0	1	0	0	0	0	0	0	0	0	0	0	0	0	0	0	0	0	0	0	0	0	0	0	0	0	0	0	0	21	0	0	0
ASV3097	1	0	0	0	0	0	0	0	0	0	0	0	0	0	0	0	0	0	0	1	0	0	0	0	0	1	0	0	0	0	0	1	6	7	3	4	0	1	0
ASV3124	10	2	1	2	1	0	0	0	0	1	0	0	0	0	0	0	0	0	0	2	0	0	0	0	1	0	0	1	0	0	0	0	0	2	0	0	2	0	0
ASV3134	0	0	0	0	0	0	0	0	0	0	0	0	0	0	0	0	2	0	0	0	1	22	0	0	0	0	0	0	0	0	0	0	0	0	0	0	0	0	0
ASV3272	0	2	1	1	1	0	1	1	2	3	1	0	0	0	0	0	1	0	1	1	1	0	2	0	1	0	0	2	0	0	0	0	0	1	1	0	0	1	0
ASV3287	1	1	2	1	1	0	0	0	0	2	1	0	0	0	0	0	0	0	0	1	0	1	0	1	2	0	0	4	3	0	2	0	0	1	1	0	0	0	0
ASV3288	0	0	0	0	0	0	0	0	0	0	0	0	0	0	0	0	0	0	0	0	0	0	0	0	0	0	1	0	0	0	0	3	6	7	3	1	4	0	0
ASV3342	2	6	1	1	1	0	0	0	0	2	0	0	0	1	0	0	0	0	0	2	0	0	0	0	1	1	1	0	5	0	0	1	0	0	0	0	0	0	0
ASV3390	1	6	0	0	0	0	0	0	2	4	0	1	0	0	0	0	0	0	0	0	0	0	0	1	1	3	1	1	1	0	0	0	1	0	0	2	0	0	0
ASV3405	2	0	0	1	2	2	1	1	0	0	0	0	1	0	0	2	0	0	1	0	0	0	0	1	0	2	0	5	1	0	0	0	0	1	2	0	0	0	0
ASV3417	5	2	1	1	0	1	2	0	0	0	0	0	1	0	0	2	0	0	1	2	0	0	4	1	0	1	0	0	0	0	1	0	0	0	0	0	0	0	0
ASV3463	0	1	1	0	0	1	0	0	0	1	0	0	5	1	2	3	2	1	2	0	0	0	1	1	0	1	0	0	1	0	0	0	0	0	0	0	0	1	0
ASV3512	2	3	1	0	0	0	0	1	0	1	0	0	0	0	0	0	0	0	0	3	0	0	0	2	1	2	0	1	1	0	0	1	0	0	4	2	0	0	0
ASV3522	1	1	0	0	0	1	1	2	0	1	0	0	0	0	0	0	0	0	0	0	0	0	0	4	1	3	0	0	0	0	0	0	3	1	2	4	0	0	0
ASV3566	3	0	2	1	0	0	0	0	1	2	0	0	0	0	0	0	0	0	0	4	0	0	1	0	1	0	0	1	0	0	0	0	0	0	0	0	8	1	0
ASV3602	0	5	0	0	1	2	1	2	2	2	0	1	0	0	0	1	0	0	0	3	1	0	1	0	1	0	1	0	0	0	1	0	0	0	0	0	0	0	0
ASV3604	3	1	1	0	0	0	1	0	0	0	0	0	0	0	0	0	3	1	1	0	2	1	7	2	0	0	0	0	0	1	1	0	0	0	0	0	0	0	0
ASV3611	0	4	0	0	0	1	1	0	0	3	1	0	0	0	0	0	0	0	0	0	0	0	0	0	4	2	2	0	0	0	0	2	0	3	2	0	0	0	0
ASV3637	0	1	0	0	0	1	0	0	0	0	0	0	1	3	5	0	0	1	1	4	4	1	0	0	0	2	0	0	0	0	0	0	0	0	0	0	0	1	0
ASV3657	9	2	1	1	0	0	3	2	2	0	0	0	0	0	0	1	0	0	0	1	0	0	0	1	0	0	1	1	0	0	0	0	0	0	0	0	0	0	0
ASV3682	0	2	2	4	1	0	0	0	0	3	0	0	0	0	0	0	0	0	0	2	0	0	0	2	2	3	1	2	1	0	0	0	0	0	0	0	0	0	0
ASV3705	1	0	0	2	0	0	0	0	0	0	0	0	0	0	0	0	0	0	0	0	0	0	0	0	0	1	0	0	1	0	1	2	4	2	2	0	5	3	1
ASV3751	0	0	0	0	0	0	0	0	0	1	0	0	0	0	0	0	0	0	0	1	0	0	0	0	0	0	0	0	0	0	0	4	10	3	2	1	2	0	1
ASV3769	0	0	3	0	1	1	0	1	0	0	0	0	0	0	0	0	0	0	0	0	0	0	0	2	0	0	0	0	0	1	0	2	2	0	1	0	9	0	2
ASV3772	0	0	0	0	0	2	2	0	0	1	0	1	0	0	1	0	0	0	0	0	0	2	0	3	1	1	1	0	1	0	1	0	0	3	3	0	0	1	1
ASV3812	0	0	1	1	0	0	0	0	0	1	0	0	0	0	0	0	0	0	0	1	0	0	0	1	1	0	1	0	0	0	0	1	3	2	0	10	0	1	1
ASV3814	1	0	0	0	0	0	0	0	0	0	0	0	1	0	0	0	0	0	0	0	0	0	0	0	1	0	0	0	0	0	0	12	0	5	1	0	0	4	0
ASV3815	2	2	0	0	1	4	0	2	3	1	2	1	0	1	0	0	0	0	0	0	0	1	0	1	1	1	1	1	0	0	0	0	0	0	0	0	0	0	0
ASV3823	6	2	3	1	0	1	0	0	0	3	0	2	1	0	0	0	0	2	0	0	1	0	0	1	1	0	0	0	0	0	0	0	0	0	1	0	0	0	0
ASV3878	2	2	2	0	1	1	1	0	0	4	0	0	0	0	0	1	0	0	1	2	0	0	0	2	2	2	0	0	0	0	0	0	0	0	0	0	0	2	0
ASV3909	1	1	4	3	3	0	0	1	0	1	0	0	1	0	0	0	1	0	0	1	0	1	0	1	0	1	1	0	0	0	0	0	1	0	1	1	0	1	0
ASV3925	0	1	1	0	1	1	0	0	0	1	0	0	0	0	0	0	3	0	1	0	1	3	0	1	1	1	1	1	1	2	0	0	0	1	0	1	0	2	0
ASV3952	1	1	0	1	0	0	1	0	0	1	1	0	0	0	0	1	0	0	0	1	0	0	0	1	1	2	0	1	1	0	0	0	0	4	0	0	2	2	3
ASV3974	0	0	0	1	0	0	0	0	0	0	0	1	1	0	1	0	3	4	1	0	1	0	0	0	0	1	0	0	0	0	1	1	0	1	8	0	0	0	0
ASV4017	3	1	0	1	1	0	0	1	0	1	0	0	0	0	0	0	1	0	0	3	0	0	0	0	1	0	1	2	1	0	0	0	2	1	1	1	0	2	1
ASV4040	4	3	0	0	1	0	2	2	0	1	0	0	0	1	0	0	0	0	0	0	0	1	0	1	2	3	1	0	1	1	1	0	0	0	0	0	0	0	0
ASV4063	0	0	2	1	0	0	0	0	0	1	0	0	0	0	0	0	0	0	0	1	0	0	0	0	0	0	0	0	0	0	0	0	4	6	6	4	0	0	0
ASV4079	6	1	0	1	2	3	1	2	0	0	0	0	0	0	0	0	0	0	0	0	0	0	0	1	0	0	1	0	1	0	0	0	1	3	2	0	0	0	0
ASV4082	0	1	1	0	0	1	4	0	0	1	0	0	1	0	1	0	0	1	3	1	0	3	0	2	0	0	1	2	0	0	0	0	0	1	1	0	0	0	0
ASV4125	0	1	1	1	0	1	3	1	0	0	1	2	0	0	0	0	1	1	1	1	2	3	1	0	0	0	0	1	0	1	0	0	0	0	0	0	0	1	1
ASV4144	2	1	0	0	0	0	0	0	0	0	0	0	0	1	0	0	0	3	0	0	2	2	5	0	0	1	0	0	1	6	0	0	0	0	0	0	1	0	0
ASV4147	4	3	0	1	0	1	2	0	0	3	0	0	0	0	2	0	0	0	0	2	0	0	0	1	2	2	1	0	1	0	0	0	0	0	0	0	0	0	0
ASV4164	0	1	0	0	1	0	0	0	0	0	0	1	0	0	1	0	1	4	3	0	0	3	2	1	0	0	0	0	0	0	1	0	0	1	0	0	2	3	0
ASV4190	2	1	2	2	1	1	1	0	2	1	0	4	2	0	0	0	0	0	0	1	0	2	0	0	1	0	2	0	0	0	0	0	0	0	0	0	0	0	0
ASV4223	0	0	0	0	1	0	0	0	0	0	0	0	0	0	0	0	0	0	0	0	0	0	0	0	0	0	0	0	0	0	0	0	1	3	14	6	0	0	0
ASV4252	0	0	2	1	0	2	2	1	0	1	0	0	0	0	0	0	0	0	0	2	0	0	0	1	1	2	1	0	0	0	0	1	3	2	1	2	0	0	0
ASV4288	0	0	0	1	0	0	0	0	0	1	0	0	0	0	0	0	0	0	0	0	0	0	0	0	0	1	0	0	0	0	0	0	4	6	4	8	0	0	0
ASV4310	0	0	1	2	1	1	0	1	0	1	0	0	0	0	0	0	0	1	1	0	1	0	1	1	2	1	1	0	1	2	3	0	0	1	2	0	0	0	0
ASV4313	0	0	0	0	0	0	0	0	0	0	0	0	0	0	0	0	0	0	1	0	0	0	0	0	0	0	0	0	0	1	0	2	1	5	6	6	1	1	1
ASV4336	7	2	2	0	2	0	0	1	1	1	1	0	0	0	0	0	0	0	0	2	0	1	0	0	1	0	0	1	0	0	0	1	0	0	0	0	0	0	2
ASV4339	3	3	3	0	0	1	1	2	0	0	0	0	0	2	0	0	0	1	0	1	0	0	0	0	1	0	2	1	0	2	1	0	0	0	0	1	0	0	0
ASV4356	2	0	0	2	0	0	0	1	1	0	0	0	0	0	0	0	0	0	1	2	0	0	0	0	1	0	0	0	0	0	1	5	2	5	2	0	0	0	0
ASV4372	0	1	0	0	1	0	1	1	0	1	0	0	1	2	0	0	0	1	0	2	0	1	2	0	3	1	1	1	3	0	1	0	0	0	0	0	1	0	0
ASV4379	1	1	0	0	2	0	1	0	1	0	0	0	0	0	0	0	0	0	0	4	0	0	0	2	1	0	1	1	0	2	0	2	2	1	1	0	1	1	0
ASV4405	0	0	0	0	0	0	0	0	0	0	0	0	0	2	2	2	2	1	3	0	3	2	2	4	0	0	0	0	0	0	2	0	0	0	0	0	0	0	0
ASV4443	0	0	2	0	0	1	1	0	0	1	0	0	0	0	0	1	1	0	1	3	0	0	0	2	1	1	1	0	1	0	0	0	0	2	5	0	1	0	0
ASV4458	4	2	1	2	1	0	0	0	1	2	0	1	0	2	1	0	0	0	1	0	0	0	0	0	1	2	1	1	1	0	0	0	0	0	1	0	0	0	0
ASV4474	5	0	0	1	1	0	0	1	0	0	0	0	0	0	0	0	1	0	1	1	0	0	2	0	0	0	0	0	0	0	0	0	0	4	2	0	0	0	6
ASV4479	2	0	1	0	1	0	6	2	0	2	0	0	0	1	0	0	0	0	0	0	0	0	1	2	0	1	1	2	0	0	1	0	0	0	0	0	0	2	0
ASV4482	0	0	0	0	0	0	0	1	0	2	0	1	0	1	4	2	5	3	0	1	1	2	0	0	0	1	0	0	0	1	0	0	0	0	0	0	0	0	0
ASV4502	1	1	1	0	0	0	0	1	1	0	1	0	0	0	0	1	0	0	0	1	0	0	0	1	0	3	2	0	0	0	0	0	1	1	4	5	0	0	0
ASV4529	3	1	0	1	0	0	0	0	0	0	0	0	0	0	0	0	0	0	0	1	0	0	0	1	0	0	0	0	0	0	0	0	1	1	1	14	1	0	0
ASV4545	0	0	0	0	1	2	0	0	0	0	0	0	0	0	0	4	9	0	1	0	1	1	3	0	0	0	0	0	0	0	0	0	2	0	1	0	0	0	0
ASV4554	3	2	3	0	0	1	0	3	5	0	0	0	0	0	0	0	0	1	0	0	0	0	1	0	0	1	0	1	2	1	0	0	0	1	0	0	0	0	0
ASV4586	2	0	0	0	0	0	1	0	1	0	0	0	0	0	1	0	3	2	3	0	0	2	1	0	0	0	0	0	0	1	1	0	0	1	2	0	1	2	1
ASV4610	2	0	0	0	0	0	1	0	0	2	0	0	0	0	0	0	0	0	0	1	0	0	0	2	0	0	2	0	0	0	0	1	2	5	2	1	2	1	1
ASV4636	5	0	0	1	1	0	0	1	0	1	0	0	0	0	0	0	0	0	0	0	0	1	0	0	1	0	1	1	0	0	0	1	0	3	2	0	0	5	1
ASV4649	0	4	2	1	1	1	0	0	0	1	0	0	0	0	0	0	1	0	0	1	0	1	0	0	1	0	2	1	0	0	1	1	0	1	0	0	2	3	0
ASV4651	1	0	2	0	2	0	0	0	0	1	1	0	0	0	2	3	1	3	0	0	2	1	1	1	2	0	0	0	0	2	0	0	0	0	0	0	0	0	0
ASV4656	1	0	0	0	1	2	0	1	1	2	0	0	0	0	0	0	0	0	0	2	0	0	0	1	3	2	3	0	2	0	0	0	0	1	0	3	0	0	0
ASV4663	3	0	2	0	2	0	1	1	2	0	0	0	0	0	0	0	0	0	1	0	0	0	3	1	0	1	1	0	0	1	0	1	0	1	0	0	1	1	2
ASV4670	0	0	0	0	0	1	0	0	0	0	0	1	0	0	0	0	0	0	1	0	1	0	0	0	0	0	0	0	0	0	1	3	1	5	2	0	1	8	0
ASV4685	5	0	0	0	0	0	0	0	0	1	0	0	0	0	0	0	0	0	0	1	0	0	0	1	0	0	0	0	0	0	0	1	0	4	1	2	0	8	1
ASV4719	0	2	0	1	1	0	0	1	0	0	1	0	0	1	1	0	2	0	0	0	4	2	1	0	0	0	2	1	2	1	0	0	0	0	1	0	0	0	1
ASV4720	0	1	1	2	1	1	2	0	0	2	1	0	0	1	0	1	0	0	2	1	0	1	0	1	0	1	0	2	0	0	0	1	0	2	0	0	0	0	1
ASV4752	0	0	0	0	1	0	0	0	4	0	1	9	1	3	0	0	0	1	0	0	0	2	0	1	0	0	1	0	0	0	0	0	0	0	0	0	0	0	1
ASV4756	1	1	1	3	0	2	0	2	0	0	0	0	0	0	0	0	1	0	0	4	0	1	0	3	0	2	1	1	1	0	1	0	0	0	0	0	0	0	0
ASV4783	2	0	1	0	0	3	0	0	0	0	0	0	2	1	0	0	0	2	0	4	0	0	0	3	2	1	0	0	0	0	0	0	0	0	2	0	1	1	0
ASV4821	3	0	1	1	0	0	1	1	0	1	1	0	2	0	0	1	0	0	0	1	1	2	0	2	1	0	1	0	1	0	4	0	0	0	0	0	0	0	0
ASV4861	2	0	1	1	0	0	3	2	0	0	1	0	0	2	0	0	0	1	1	1	2	0	0	0	0	0	0	0	0	1	0	0	0	0	0	0	7	0	0
ASV4873	1	1	1	0	2	1	0	0	0	0	0	0	0	0	1	0	0	1	0	0	0	1	0	1	0	0	0	0	0	0	0	3	0	7	3	0	1	0	1
ASV4877	1	0	0	4	0	1	0	3	0	0	0	1	0	0	0	0	0	1	0	2	0	0	1	4	0	1	0	2	0	1	0	1	0	1	0	0	1	0	0
ASV4893	0	0	0	1	1	0	0	1	0	0	1	0	0	0	1	0	0	0	0	2	0	0	0	1	0	0	0	0	0	0	0	2	0	0	1	0	0	12	2
ASV4930	1	0	2	0	1	0	0	0	0	0	0	0	1	1	0	0	0	0	1	2	0	1	0	0	1	1	1	0	0	0	1	0	0	0	0	0	8	3	0
ASV4973	0	0	0	1	0	1	1	0	3	0	0	0	1	2	0	0	1	1	1	0	2	1	0	1	1	0	0	0	0	0	3	0	0	0	0	0	0	3	2
ASV4987	0	0	4	0	2	2	1	0	0	0	0	0	0	0	0	0	0	0	0	1	0	0	0	4	1	3	2	0	1	0	0	1	0	1	2	0	0	0	0
ASV5005	3	1	2	3	0	1	0	0	0	1	0	0	1	0	0	0	0	1	0	0	1	1	0	2	3	1	1	2	0	0	0	1	0	0	0	0	0	0	0
ASV5018	0	0	0	0	0	0	0	0	1	1	0	0	0	0	0	0	0	0	0	1	0	1	0	2	0	0	0	0	0	0	0	4	3	1	5	6	0	0	0
ASV5027	0	0	0	1	0	1	0	1	0	0	0	0	1	0	1	0	3	1	1	0	2	6	1	0	1	0	1	1	1	1	1	0	0	0	0	0	0	0	0
ASV5083	3	2	0	0	0	0	0	2	0	0	0	0	0	0	0	0	0	0	0	1	0	0	0	2	0	0	0	1	1	0	0	4	1	1	1	1	0	5	0
ASV5090	2	0	0	0	0	0	1	0	0	0	0	2	0	0	0	0	0	0	0	1	0	0	0	0	0	3	0	1	0	0	0	0	0	0	0	0	0	14	1
ASV5100	3	4	2	1	1	1	0	0	0	3	0	0	0	0	0	0	0	0	0	2	0	0	0	0	0	1	4	3	0	0	0	0	0	0	0	0	0	0	0
ASV5118	2	2	0	1	0	1	0	0	0	3	0	0	0	0	0	0	0	0	0	4	0	0	0	0	1	0	0	0	1	0	1	1	1	0	1	0	0	6	0
ASV5163	0	0	1	1	2	1	2	2	2	0	1	1	0	0	1	0	0	0	0	3	0	0	0	1	0	1	3	1	1	1	0	0	0	0	0	0	0	0	0
ASV5186	1	1	0	0	0	0	0	0	0	0	0	1	0	0	0	0	0	0	0	1	0	0	0	0	0	1	0	0	0	0	0	4	1	3	2	0	1	8	1
ASV5308	1	4	1	2	0	1	1	1	0	0	0	0	0	0	0	0	0	0	0	2	1	0	0	1	0	0	0	1	1	0	0	0	3	1	1	0	0	3	0
ASV5310	2	0	0	0	0	0	0	0	0	0	0	0	0	0	0	0	1	0	0	1	3	1	1	1	0	0	0	0	0	0	0	0	3	4	3	1	4	0	0
ASV5353	2	1	1	2	0	1	0	2	0	2	0	0	0	1	0	0	0	3	0	2	1	0	0	0	2	0	1	0	0	0	0	0	1	0	1	0	2	0	0
ASV5374	6	0	1	2	0	2	2	0	0	2	0	0	0	0	0	0	0	0	0	1	0	1	2	0	0	0	3	1	0	0	1	0	0	1	0	0	0	0	0
ASV5410	0	20	1	1	1	0	0	0	0	0	0	1	0	0	0	0	0	0	0	0	0	0	0	1	0	0	0	0	0	0	0	0	0	0	0	0	0	0	0
ASV5430	0	2	0	0	0	2	1	0	0	1	0	0	1	0	0	4	0	0	0	4	1	1	0	0	2	0	2	0	1	0	0	0	1	1	0	1	0	0	0
ASV5516	0	0	0	3	0	0	0	5	2	0	0	0	1	0	0	0	0	0	0	1	0	0	0	0	0	0	1	1	0	0	0	0	0	1	2	0	0	6	2
ASV5578	2	0	0	0	0	0	0	0	0	0	0	0	0	0	0	0	0	0	0	2	0	0	0	1	1	1	2	1	0	0	0	2	1	0	1	0	5	5	1
ASV5611	0	2	1	1	0	1	3	0	2	0	0	1	0	0	0	0	2	0	0	6	0	0	0	2	2	1	0	0	1	0	0	0	0	0	0	0	0	0	0
ASV5621	2	1	2	1	2	1	0	0	0	1	0	0	0	0	0	0	0	0	0	3	0	0	0	0	1	1	4	2	1	0	0	0	1	1	0	0	0	1	0
ASV5694	0	0	3	2	0	0	1	0	1	0	0	1	0	0	0	0	0	0	0	2	0	0	1	2	3	5	1	2	0	1	0	0	0	0	0	0	0	0	0
ASV5735	1	0	0	0	0	0	1	0	0	0	1	0	0	3	1	2	0	1	2	1	1	0	0	0	0	0	0	1	1	2	3	0	0	0	0	0	1	1	2
ASV5788	0	0	1	1	0	0	0	0	1	0	0	0	2	0	3	1	3	1	2	0	2	0	3	0	0	0	1	2	0	1	1	0	0	0	0	0	0	0	0
ASV5800	1	1	2	0	0	0	0	1	0	0	0	0	0	0	0	0	0	2	0	0	1	1	1	2	1	0	1	0	0	0	0	1	0	5	0	0	0	5	0
ASV5802	0	0	0	0	0	0	0	0	0	0	0	0	0	0	0	2	0	2	2	0	0	0	0	0	0	0	0	1	0	0	1	3	1	1	1	0	2	6	3
ASV5849	2	1	0	1	4	1	3	0	0	1	1	0	0	0	0	1	0	0	0	1	0	0	1	0	0	1	0	2	4	0	0	0	0	0	0	0	0	1	0
ASV5862	3	1	1	0	0	0	0	1	0	0	0	1	0	0	0	0	0	0	4	2	0	0	5	1	0	0	2	2	0	2	0	0	0	0	0	0	0	0	0
ASV5882	2	3	4	3	0	0	0	0	0	2	0	0	0	0	0	0	0	0	1	3	0	0	0	0	0	1	4	0	1	0	0	0	1	0	0	0	0	0	0
ASV5899	1	1	0	1	2	0	0	3	1	1	1	1	0	0	0	2	0	1	1	0	1	2	1	0	2	0	0	0	1	0	2	0	0	0	0	0	0	0	0
ASV5949	1	1	2	0	1	0	0	1	0	2	0	0	0	0	0	0	0	0	0	1	0	0	0	0	1	2	0	0	2	0	0	1	1	1	2	4	0	2	0
ASV2961	2	1	0	0	0	0	1	0	0	0	0	0	0	0	0	0	0	0	0	0	0	0	0	0	0	0	0	0	1	0	0	0	0	2	0	17	0	0	0
ASV2971	2	2	0	1	1	1	0	0	1	0	0	0	0	0	0	0	0	1	1	1	0	0	0	2	1	3	1	1	0	0	0	0	0	1	0	0	1	3	0
ASV3232	0	0	0	0	0	0	0	0	0	1	0	0	0	0	0	0	0	0	0	1	0	0	0	0	0	0	0	0	1	0	0	0	11	2	3	0	0	3	2
ASV3305	0	1	0	0	0	0	0	2	0	0	0	0	0	0	0	0	0	0	0	0	0	0	0	1	0	1	1	0	0	0	0	0	0	5	8	4	0	0	1
ASV3389	2	0	0	0	0	0	0	0	0	1	0	0	0	0	0	0	0	0	0	0	0	0	0	0	0	1	0	0	0	0	0	7	1	4	2	0	4	1	1
ASV3397	0	0	0	0	1	1	0	1	0	1	0	1	0	0	0	0	0	0	0	1	0	0	0	1	0	1	1	0	0	0	0	0	1	1	4	9	0	0	0
ASV3462	4	2	0	1	0	1	0	0	1	3	0	0	0	0	0	0	0	0	0	2	0	0	0	1	0	1	2	0	0	0	0	0	5	0	0	0	0	1	0
ASV3482	0	0	0	0	0	0	0	0	0	1	0	0	0	0	0	0	0	0	0	0	0	0	0	0	0	0	0	0	0	0	0	1	2	9	3	8	0	0	0
ASV3514	4	0	0	0	0	1	0	0	0	0	0	0	0	0	0	0	0	0	0	1	0	0	0	0	0	0	0	0	0	0	0	0	3	3	1	10	1	0	0
ASV3560	1	3	0	0	1	2	0	0	0	0	0	0	0	0	0	0	1	0	4	0	0	0	0	0	1	6	0	0	0	0	1	0	0	1	0	0	1	0	2
ASV3584	1	0	0	0	2	1	0	0	1	0	0	0	0	1	0	0	0	0	0	2	0	0	0	0	1	1	3	2	0	0	0	0	0	0	0	0	0	9	0
ASV3627	1	0	0	0	0	1	0	0	0	0	0	0	0	0	0	0	0	0	0	0	0	0	0	0	0	0	0	0	0	0	0	2	4	5	1	1	6	3	0
ASV3660	4	0	0	0	1	0	0	0	0	1	0	0	0	0	0	0	0	0	0	3	1	0	0	0	0	1	2	0	0	0	0	0	3	2	1	5	0	0	0
ASV3663	2	1	1	1	0	0	0	0	0	1	0	0	0	0	1	0	0	1	0	0	0	0	0	0	0	1	0	1	0	0	0	0	7	3	0	4	0	0	0
ASV3678	1	1	0	0	0	0	0	0	0	0	0	0	0	0	0	0	0	0	0	0	0	0	0	0	0	1	0	0	0	0	0	0	5	2	4	10	0	0	0
ASV3679	1	0	0	0	0	0	0	0	0	0	0	0	0	0	0	0	0	0	0	0	0	0	0	0	0	0	0	0	0	0	0	8	0	8	1	0	2	1	3
ASV3717	1	1	2	0	0	1	0	0	1	3	0	0	0	1	0	0	0	0	3	0	0	0	2	1	0	1	1	0	0	0	0	1	1	1	0	0	1	2	0
ASV3728	2	0	0	0	0	0	1	0	0	1	0	0	0	0	1	3	1	2	1	0	1	0	2	0	0	0	3	3	1	1	1	0	0	0	0	0	0	0	0
ASV3746	8	3	2	1	0	1	0	1	0	0	0	0	0	0	0	0	0	0	0	2	0	0	0	0	1	0	0	1	0	0	0	0	0	1	0	0	0	3	0
ASV3759	2	1	2	1	0	1	1	0	1	1	0	0	0	0	0	0	1	0	0	0	0	0	1	0	0	2	3	0	0	3	1	0	0	1	2	0	0	0	0
ASV3776	0	2	0	1	0	0	0	0	0	0	0	1	0	0	2	2	1	0	2	1	3	0	0	0	1	0	0	0	0	2	0	0	0	0	1	0	0	3	2
ASV3817	0	3	0	1	0	1	1	0	0	1	0	0	0	1	0	1	0	1	3	2	3	2	1	0	0	0	0	1	0	1	1	0	0	0	0	0	0	0	0
ASV3832	0	1	0	0	0	0	0	1	0	1	0	0	0	0	0	0	0	0	0	1	1	0	0	1	1	0	1	0	0	1	0	0	0	13	0	0	0	2	0
ASV3865	4	0	0	0	1	0	0	4	0	0	0	0	1	0	0	0	0	0	0	2	0	0	0	1	1	0	1	0	0	0	0	0	0	2	0	7	0	0	0
ASV3921	1	0	0	1	0	0	1	0	0	0	0	1	0	2	0	1	0	1	0	0	0	0	0	0	1	3	0	1	0	0	2	0	2	2	0	0	4	1	0
ASV3944	1	1	1	1	3	0	1	0	0	1	0	1	0	0	0	0	0	0	0	0	0	0	0	2	0	0	0	0	1	0	0	1	0	3	2	0	2	2	1
ASV3981	1	2	0	0	0	0	0	1	0	3	0	0	0	0	0	0	0	0	1	3	0	0	0	1	2	2	2	2	0	0	0	2	1	1	0	0	0	0	0
ASV4006	0	0	0	0	0	0	0	0	0	0	0	0	0	0	0	0	0	0	0	0	0	0	0	0	0	0	0	0	0	0	1	0	0	0	0	0	22	1	0
ASV4012	7	0	0	0	0	0	0	0	0	1	0	1	0	0	0	0	0	0	0	0	0	0	0	1	0	0	0	0	0	0	0	0	0	0	1	10	0	3	0
ASV4014	2	0	1	1	1	0	0	1	0	0	0	0	0	0	0	0	0	0	0	1	0	0	0	1	0	0	0	1	0	0	0	1	5	0	1	6	1	1	0
ASV4021	0	1	0	0	0	0	1	1	2	0	0	1	0	0	0	0	0	0	0	1	0	0	0	2	0	0	1	0	0	0	0	3	0	5	0	2	0	3	1
ASV4023	4	3	0	1	0	0	0	0	0	1	0	0	0	0	0	0	0	0	0	0	0	1	1	1	1	0	0	1	1	0	0	0	3	1	1	1	0	2	1
ASV4025	1	2	2	0	0	0	1	0	0	1	0	0	0	0	0	0	0	0	0	2	0	0	0	1	0	1	1	1	0	0	0	0	0	0	0	11	0	0	0
ASV4031	3	1	4	0	0	1	0	0	0	2	0	0	0	0	0	0	1	0	0	1	0	1	0	2	1	0	1	0	1	0	0	1	1	0	0	3	0	0	0
ASV4062	3	1	2	0	0	0	0	1	2	2	0	0	0	0	0	0	0	1	2	0	0	0	0	1	1	0	0	2	2	0	1	0	0	1	0	0	0	1	1
ASV4108	0	3	2	1	1	0	1	0	3	3	1	0	0	0	0	0	0	0	0	2	0	0	0	2	0	1	1	1	2	0	0	0	0	0	0	0	0	0	0
ASV4121	2	2	3	0	0	0	0	0	1	2	0	2	0	0	0	0	0	0	0	2	0	0	0	3	1	0	1	3	1	0	0	0	0	0	0	0	0	1	0
ASV4159	3	3	0	0	1	0	0	0	0	0	0	0	1	0	0	0	0	3	0	0	0	0	0	0	0	2	1	0	1	0	0	2	0	4	2	0	1	0	0
ASV4160	2	3	2	0	1	1	1	0	0	1	0	0	0	0	0	0	0	0	0	1	0	0	0	0	0	1	0	2	1	0	0	2	1	4	1	0	0	0	0
ASV4181	0	1	1	1	0	0	2	0	0	2	0	0	0	0	0	1	0	0	0	0	0	1	0	1	0	0	0	1	0	0	0	0	0	1	0	0	0	0	12
ASV4204	2	0	0	0	1	1	0	0	1	1	0	0	0	0	0	0	0	0	0	0	0	2	0	0	1	1	2	0	1	0	0	0	0	0	0	0	1	8	2
ASV4209	0	4	1	0	1	0	0	2	1	0	0	1	0	1	0	0	0	0	0	0	0	1	0	1	1	2	2	0	0	0	0	0	2	1	1	2	0	0	0
ASV4225	3	1	0	1	1	1	0	1	0	2	0	0	0	2	0	0	0	0	0	2	0	0	1	0	0	3	0	3	0	0	0	0	0	0	0	0	0	3	0
ASV4256	1	0	0	0	1	0	0	0	1	1	0	0	0	0	0	1	0	0	0	3	0	0	0	2	0	1	0	0	0	0	2	1	0	5	0	4	0	1	0
ASV4299	1	2	0	0	0	0	0	0	0	1	0	0	0	0	0	0	0	0	2	0	0	1	1	0	2	0	2	1	0	0	1	5	0	1	3	0	1	0	0
ASV4304	1	2	2	0	0	0	2	0	0	0	0	0	0	0	0	0	0	0	0	4	0	0	0	1	2	0	0	0	2	0	0	2	0	4	2	0	0	0	0
ASV4309	0	0	0	0	0	0	0	0	0	0	0	0	5	6	4	2	1	0	2	0	1	2	1	0	0	0	0	0	0	0	0	0	0	0	0	0	0	0	0
ASV4345	1	2	1	1	0	1	1	1	3	0	0	0	0	0	0	0	0	0	0	1	0	0	0	1	1	3	2	0	3	0	0	0	0	1	0	0	0	0	1
ASV4358	0	2	0	2	1	1	0	1	0	2	1	1	0	0	0	0	0	0	1	0	0	0	0	0	0	2	1	0	1	0	0	0	0	1	2	1	1	3	0
ASV4366	1	0	0	0	0	0	0	0	0	0	0	0	0	0	0	0	0	0	0	0	0	0	0	0	0	0	0	0	0	0	0	0	0	3	2	18	0	0	0
ASV4390	1	0	1	0	0	1	0	1	1	0	0	0	0	0	0	0	0	0	0	0	0	0	0	1	0	1	0	0	0	0	0	2	1	7	4	0	1	1	1
ASV4418	3	1	0	0	0	0	1	0	0	1	0	0	0	1	0	0	0	2	0	1	2	0	3	0	3	1	0	0	1	4	0	0	0	0	0	0	0	0	0
ASV4437	8	3	3	0	1	1	0	0	1	1	0	0	0	0	0	0	0	0	0	1	0	0	0	2	1	0	2	0	0	0	0	0	0	0	0	0	0	0	0
ASV4546	0	2	3	0	0	0	0	0	0	1	0	0	0	1	0	1	2	1	0	4	2	1	0	0	1	0	2	1	0	2	0	0	0	0	0	0	0	0	0
ASV4570	0	0	1	0	0	0	0	0	0	2	0	0	0	0	0	0	0	0	0	0	0	0	0	0	0	0	1	0	1	0	0	0	4	1	2	12	0	0	0
ASV4574	1	1	0	1	0	0	0	0	2	0	0	0	0	0	1	1	0	0	0	0	0	0	0	0	0	0	0	0	0	0	1	2	0	2	0	0	1	0	11
ASV4592	4	2	1	1	0	0	0	0	0	0	0	0	0	0	1	0	0	0	0	1	0	0	0	0	1	0	4	2	0	0	0	1	0	0	1	0	0	5	0
ASV4614	1	1	0	0	1	1	1	0	0	1	0	0	0	0	0	0	0	0	0	2	0	0	1	1	1	1	0	0	0	0	0	2	0	0	0	2	1	6	1
ASV4626	2	3	1	3	0	2	0	0	2	1	1	1	0	0	0	0	1	0	0	1	0	0	0	0	0	0	2	0	3	0	0	0	0	0	0	0	0	1	0
ASV4695	1	0	0	1	1	0	0	1	2	0	0	0	0	0	0	2	1	2	0	1	0	0	0	1	1	0	0	0	0	1	0	0	0	3	0	0	3	3	0
ASV4714	1	0	0	0	0	1	0	0	0	0	0	0	0	0	0	0	0	0	0	2	0	0	0	0	0	0	0	0	0	0	1	6	2	4	0	4	2	1	0
ASV4751	0	0	0	1	0	2	0	0	0	0	0	0	0	0	0	0	1	1	0	2	0	0	0	1	1	0	1	1	0	0	0	0	0	2	4	0	0	5	2
ASV4769	0	1	0	0	0	1	0	0	0	4	0	1	0	0	0	1	0	3	2	1	1	0	1	0	0	2	0	1	1	1	1	0	0	0	1	0	0	1	0
ASV4829	0	0	0	0	0	1	0	1	6	0	1	0	2	1	1	0	0	1	2	1	1	0	0	1	1	0	0	0	2	0	0	0	0	0	0	0	0	1	1
ASV4844	0	1	0	0	1	0	1	0	0	0	0	0	0	0	0	0	0	0	0	1	0	0	0	1	0	0	0	0	1	0	0	1	12	4	0	0	0	1	0
ASV4998	2	2	2	1	0	0	1	0	0	1	0	0	0	0	0	0	0	0	0	0	0	0	0	3	2	1	0	1	1	0	0	0	0	1	1	5	0	0	0
ASV5013	0	1	0	2	0	0	0	0	0	1	0	0	0	0	0	0	2	0	0	0	0	1	0	2	1	0	1	0	0	0	0	2	4	0	2	1	3	0	1
ASV5069	4	0	1	1	1	0	1	0	0	0	0	0	1	0	2	0	2	0	0	1	0	0	0	1	1	0	0	1	1	0	0	0	6	0	0	0	0	0	0
ASV5173	4	0	0	2	0	1	3	2	1	2	1	0	0	0	0	0	0	0	0	2	0	0	0	0	0	1	0	2	0	0	1	0	0	1	0	0	0	1	0
ASV5194	0	3	4	0	2	2	1	3	0	0	0	0	0	0	0	0	0	0	0	1	0	0	1	0	1	4	0	0	0	0	0	0	0	1	1	0	0	0	0
ASV5215	1	0	0	0	0	0	0	0	0	0	0	0	0	0	0	0	0	0	0	0	0	0	0	0	0	0	0	0	0	0	0	0	0	0	0	0	0	23	0
ASV5241	4	2	0	0	2	1	2	0	3	0	0	0	0	0	0	0	0	0	0	1	0	0	0	2	1	2	1	0	1	0	0	0	2	0	0	0	0	0	0
ASV5248	3	0	0	0	0	1	0	2	0	0	0	0	0	0	0	0	1	0	0	0	0	0	0	0	0	2	0	0	0	0	0	6	4	1	3	1	0	0	0
ASV5280	1	1	0	0	0	0	0	1	0	2	0	1	2	1	1	0	5	1	1	0	0	1	1	0	0	0	1	1	0	0	2	0	0	1	0	0	0	0	0
ASV5336	0	0	0	0	2	1	0	1	0	1	0	0	0	0	0	0	0	0	0	1	0	0	0	0	1	0	1	0	0	0	0	5	0	6	1	0	0	4	0
ASV5337	2	0	2	0	0	2	1	3	3	0	0	0	0	0	0	0	0	0	0	2	0	0	0	1	1	1	1	0	3	0	0	0	0	0	0	0	0	0	2
ASV5379	1	0	0	2	2	3	2	1	0	0	2	0	1	0	0	0	0	0	0	0	0	1	0	2	3	2	0	0	1	1	0	0	0	0	0	0	0	0	0
ASV5418	0	1	3	0	1	0	0	0	0	2	1	0	0	0	0	0	0	0	1	1	0	0	0	0	2	0	0	0	1	0	0	0	1	1	3	5	0	1	0
ASV5464	3	3	1	0	0	2	0	0	0	1	0	0	1	1	0	0	0	0	0	2	1	0	0	0	1	1	1	0	0	0	0	1	1	0	0	1	2	1	0
ASV5479	0	0	1	0	0	2	0	2	0	0	0	0	0	0	0	1	0	0	0	1	0	0	0	0	1	0	0	0	0	0	1	2	3	8	1	0	1	0	0
ASV5500	0	1	0	0	0	0	0	0	0	0	0	0	0	0	2	1	0	1	0	0	0	0	1	0	0	1	0	1	0	0	0	2	2	2	0	5	4	1	0
ASV5561	2	0	0	0	0	0	0	0	0	0	0	0	0	2	0	3	6	2	4	0	2	1	1	0	0	0	0	0	0	1	0	0	0	0	0	0	0	0	0
ASV5615	0	0	0	2	0	2	1	0	3	0	2	0	0	1	1	1	0	2	0	1	0	1	0	0	0	2	1	2	2	0	0	0	0	0	0	0	0	0	0
ASV5620	2	0	2	0	1	1	1	0	0	2	2	0	0	1	0	0	0	0	0	1	0	0	0	4	0	2	3	0	1	0	0	0	0	1	0	0	0	0	0
ASV5663	2	2	0	0	1	0	0	0	0	0	0	1	0	0	1	0	1	0	0	0	0	0	0	2	0	0	0	2	0	1	0	1	1	3	1	3	0	0	2
ASV5710	0	0	0	0	0	0	0	0	0	0	0	0	0	1	1	3	3	9	1	0	2	0	0	1	0	0	0	1	0	1	1	0	0	0	0	0	0	0	0
ASV5713	1	6	0	0	2	1	1	0	0	2	0	0	0	0	0	0	0	0	0	1	0	1	0	1	0	0	1	0	2	0	1	1	0	1	0	2	0	0	0
ASV5760	0	0	0	0	0	0	0	0	0	0	0	0	0	0	0	0	0	0	0	0	0	0	0	0	0	0	0	0	0	0	0	3	3	4	2	12	0	0	0
ASV5762	2	2	1	0	1	2	0	0	0	1	0	0	0	0	0	0	1	0	0	0	0	0	0	0	0	0	1	1	1	0	0	1	0	2	2	0	0	6	0
ASV5770	1	3	3	1	0	0	2	1	1	0	1	0	1	0	0	0	0	0	0	1	0	1	0	1	0	1	1	1	0	0	0	0	0	1	2	0	0	1	0
ASV5845	3	1	2	1	0	0	3	0	0	0	0	0	0	0	0	0	0	0	0	1	0	0	0	3	0	3	1	1	1	0	0	0	0	1	0	3	0	0	0
ASV5875	9	0	0	2	0	1	2	2	1	1	0	0	1	0	0	0	0	0	0	1	0	0	2	1	0	0	0	0	0	0	0	0	0	0	0	1	0	0	0
ASV5878	5	1	0	1	0	0	0	0	0	2	0	0	0	0	0	0	0	0	0	0	0	0	0	1	0	3	1	0	0	0	0	0	1	3	1	3	0	2	0
ASV5891	0	0	3	0	1	0	1	0	0	1	0	0	0	0	0	1	0	0	0	1	0	0	0	0	1	1	1	0	0	0	0	4	1	2	1	0	1	4	0
ASV5897	1	0	0	0	0	1	0	0	0	1	0	0	0	0	0	0	0	0	0	2	0	0	0	0	1	0	1	1	0	0	0	1	5	6	2	0	2	0	0
ASV5958	3	0	1	0	0	1	0	1	0	2	0	0	0	1	0	0	1	0	0	0	0	1	0	2	1	2	0	1	1	2	0	0	0	0	0	0	0	2	2
ASV3209	0	2	1	2	0	0	2	1	0	2	0	0	0	0	0	0	0	0	0	1	0	0	0	3	2	2	0	1	4	0	0	0	0	0	0	0	0	0	0
ASV3339	2	0	1	0	1	0	0	0	1	0	0	0	0	0	0	0	0	0	0	1	0	0	0	1	1	0	0	0	0	0	0	0	8	2	3	0	0	2	0
ASV3459	0	1	1	0	1	0	1	0	2	2	0	0	1	0	0	0	0	0	0	0	0	0	0	0	0	0	0	0	1	0	0	2	0	1	2	2	2	4	0
ASV3483	0	2	3	0	1	1	2	2	1	0	0	0	0	0	0	0	0	0	0	2	0	0	0	4	2	1	1	1	0	0	0	0	0	0	0	0	0	0	0
ASV3507	0	0	0	1	1	0	0	1	0	0	0	0	0	1	0	0	0	0	0	0	0	0	0	1	2	0	0	0	0	0	0	7	1	4	2	0	1	0	1
ASV3550	1	1	0	0	0	0	0	0	1	0	0	0	0	0	0	0	0	0	0	0	0	0	0	0	0	0	0	0	0	0	1	3	7	1	2	5	0	1	0
ASV3552	1	1	0	0	0	0	0	0	0	0	0	0	0	0	0	0	0	0	1	0	0	0	1	0	0	0	0	0	0	0	0	2	0	2	5	0	3	5	2
ASV3578	0	2	2	1	2	0	1	0	1	2	1	0	0	0	2	0	0	0	0	1	1	0	3	0	1	0	1	0	0	0	1	0	0	1	0	0	0	0	0
ASV3595	1	0	0	0	0	0	0	0	4	1	0	0	0	0	0	0	0	0	0	0	0	0	0	0	1	0	1	0	1	0	0	0	0	3	1	10	0	0	0
ASV3649	0	0	0	0	0	0	0	0	0	0	0	0	0	0	0	0	0	0	0	0	0	0	0	0	0	0	0	0	0	0	0	2	6	2	3	7	2	1	0
ASV3659	0	0	0	1	0	0	0	0	0	2	0	0	0	0	0	0	0	0	0	0	0	0	0	0	0	0	0	0	0	0	0	0	0	0	0	20	0	0	0
ASV3662	0	0	0	0	0	0	0	0	0	0	0	0	0	0	0	0	0	0	1	0	0	2	4	0	0	0	0	0	0	8	8	0	0	0	0	0	0	0	0
ASV3710	2	1	0	0	0	0	0	0	0	0	0	0	0	0	0	0	0	0	0	0	1	0	0	0	1	0	0	0	0	0	0	4	4	3	1	0	2	2	2
ASV3721	0	1	0	0	0	1	1	0	0	0	0	0	0	0	0	0	0	0	0	1	0	0	0	1	0	1	0	1	1	0	0	1	8	2	3	1	0	0	0
ASV3727	3	0	1	0	0	0	0	0	0	1	0	0	0	0	0	0	1	2	3	0	1	1	0	2	1	0	2	0	1	2	1	0	1	0	0	0	0	0	0
ASV3730	4	1	1	0	0	1	2	0	0	1	0	0	0	0	0	0	0	0	0	1	0	2	6	0	2	0	0	0	0	0	1	0	0	0	0	0	0	1	0
ASV3740	2	1	1	2	1	0	4	0	0	4	2	1	0	0	0	0	0	1	0	0	0	1	0	0	0	0	2	0	0	0	1	0	0	0	0	0	0	0	0
ASV3761	5	0	1	2	1	1	2	1	3	1	0	1	0	0	0	0	0	1	0	1	0	0	0	0	0	1	0	0	0	0	0	2	0	0	0	0	0	0	0
ASV3827	0	0	0	0	1	0	0	0	0	0	0	0	0	0	0	0	0	2	0	0	0	0	0	0	2	0	0	1	0	0	0	3	0	4	7	0	2	1	0
ASV3846	0	0	0	0	0	0	0	0	0	0	0	0	0	0	0	0	0	0	0	0	0	0	0	0	0	0	1	0	0	0	0	3	5	5	4	3	2	0	0
ASV3850	0	0	0	0	0	0	0	0	0	0	0	0	0	0	0	0	0	0	0	0	0	0	0	0	0	0	0	0	0	0	0	0	0	0	7	16	0	0	0
ASV3866	3	1	0	0	1	0	0	0	1	7	0	0	0	0	0	2	0	1	0	1	1	0	1	1	0	0	0	1	0	1	0	0	0	0	1	0	0	0	0
ASV3879	0	0	0	1	0	1	0	3	1	0	0	0	0	0	1	0	2	0	0	1	0	1	0	0	0	0	0	0	2	0	0	0	0	5	2	0	2	0	1
ASV3956	2	2	0	0	0	0	0	0	0	2	0	0	0	0	0	0	0	0	0	1	0	0	0	1	1	0	0	0	0	0	0	2	4	3	2	1	1	1	0
ASV3961	5	2	0	0	0	0	1	0	0	0	0	0	0	0	0	1	0	0	0	2	1	2	1	1	0	0	0	0	4	0	2	0	0	0	1	0	0	0	0
ASV3976	3	0	1	0	1	1	0	1	0	0	0	0	0	0	0	0	0	0	0	0	0	0	0	2	0	0	0	2	0	0	0	1	0	2	1	0	1	6	1
ASV3983	9	1	1	0	1	0	1	0	0	0	0	0	0	1	0	0	0	0	0	1	0	0	0	4	1	1	2	0	0	0	0	0	0	0	0	0	0	0	0
ASV4027	1	2	1	1	2	2	0	1	0	1	0	0	0	0	0	1	0	0	1	1	0	0	0	3	1	1	1	2	1	0	0	0	0	0	0	0	0	0	0
ASV4028	0	0	0	1	0	0	0	0	0	0	0	0	0	0	0	0	0	0	0	0	0	0	0	0	0	0	1	0	1	0	0	1	7	0	4	6	1	1	0
ASV4033	1	0	0	0	0	0	0	0	2	0	0	0	0	0	0	0	0	0	0	2	0	0	1	0	0	1	0	0	0	0	0	1	0	2	0	1	2	6	4
ASV4039	1	0	3	0	2	2	2	0	1	2	1	0	0	1	0	1	0	0	0	0	0	0	0	2	1	1	0	1	0	0	0	0	0	2	0	0	0	0	0
ASV4060	3	0	1	0	0	0	1	1	0	1	0	0	0	0	0	0	1	0	0	0	1	0	0	0	1	0	0	1	0	0	0	0	3	1	0	7	0	1	0
ASV4081	0	0	0	0	0	0	0	0	0	0	0	0	0	0	0	1	0	1	0	0	16	2	0	0	0	0	0	0	0	2	1	0	0	0	0	0	0	0	0
ASV4094	2	1	1	1	0	0	0	0	0	0	0	0	0	0	0	0	0	0	0	1	0	0	0	3	0	0	0	0	0	0	0	3	0	5	1	0	5	0	0
ASV4107	5	0	0	1	0	0	0	0	1	0	0	0	0	0	0	1	0	0	0	1	0	2	0	0	1	1	0	0	0	0	0	0	0	0	2	1	1	5	1
ASV4117	2	1	1	0	1	1	3	1	0	0	0	0	1	1	0	0	0	0	0	1	0	0	0	1	0	1	1	0	1	0	0	0	0	4	0	2	0	0	0
ASV4132	1	1	0	0	0	0	0	0	0	1	0	0	0	0	0	0	0	0	0	0	0	1	16	0	1	0	0	0	0	0	1	0	0	1	0	0	0	0	0
ASV4142	1	2	0	0	0	0	0	2	3	1	0	2	0	0	0	0	0	3	1	1	0	2	1	0	0	0	0	3	0	0	0	0	0	0	0	1	0	0	0
ASV4149	0	0	0	0	0	0	0	0	0	1	0	0	4	1	2	2	0	2	1	0	3	1	2	0	0	0	0	1	1	0	2	0	0	0	0	0	0	0	0
ASV4174	0	0	0	2	1	1	2	1	0	0	0	0	0	0	0	0	0	0	0	0	0	0	0	0	0	0	0	0	0	0	0	6	0	6	4	0	0	0	0
ASV4182	3	0	0	0	0	0	0	0	0	1	0	0	0	0	0	0	0	0	1	2	0	0	0	1	0	0	1	0	1	0	0	0	0	0	0	0	4	9	0
ASV4191	3	0	0	0	0	0	0	0	0	2	0	1	0	0	0	1	0	0	1	0	0	0	0	0	0	0	0	1	0	0	0	2	0	0	0	0	3	8	1
ASV4261	5	0	0	1	0	0	0	1	0	1	1	0	0	0	0	0	0	0	0	0	0	0	0	0	0	0	0	1	0	1	0	3	0	2	0	1	0	6	0
ASV4270	1	0	1	0	0	0	0	0	0	0	0	0	0	0	0	0	0	0	0	1	0	0	0	1	0	0	1	0	0	0	0	1	0	0	1	0	0	14	2
ASV4290	0	0	0	1	0	0	0	2	1	2	0	0	0	0	0	1	0	1	1	0	1	1	1	1	2	0	1	1	0	0	1	0	0	1	2	0	0	1	1
ASV4300	0	0	0	0	0	0	1	0	0	0	0	0	0	0	0	0	0	0	0	0	0	0	1	0	0	0	0	0	0	0	0	2	5	9	5	0	0	0	0
ASV4307	0	0	1	0	0	0	0	0	0	0	0	0	0	0	0	0	0	0	0	0	0	0	0	0	0	0	1	0	0	0	0	3	0	7	0	0	1	9	1
ASV4369	0	1	0	1	0	2	0	1	0	1	0	1	1	2	0	2	1	0	0	3	0	0	0	1	1	1	1	0	2	0	0	0	0	0	0	0	0	1	0
ASV4398	7	0	0	0	0	0	0	0	1	0	0	0	0	0	0	0	0	0	0	1	5	2	0	0	0	1	0	0	0	3	0	1	0	0	1	0	0	0	1
ASV4461	2	1	3	0	1	2	0	1	2	1	0	1	0	0	0	0	0	0	0	2	1	0	1	0	0	2	1	0	2	0	0	0	0	0	0	0	0	0	0
ASV4470	1	1	2	0	0	1	1	0	0	0	1	0	0	1	1	2	2	0	0	0	0	1	1	0	0	3	0	1	0	0	1	0	0	0	1	0	0	2	0
ASV4523	4	2	1	2	0	1	0	0	1	2	0	0	0	0	0	0	0	0	1	0	1	1	1	0	0	1	0	1	0	0	0	0	0	0	0	0	0	0	4
ASV4532	3	0	1	1	2	0	2	0	0	2	0	1	1	1	0	0	0	0	1	0	2	0	3	0	0	0	0	0	1	0	0	0	0	1	1	0	0	0	0
ASV4547	0	2	3	1	2	2	0	1	1	1	2	0	0	0	0	0	0	0	0	0	0	0	0	2	1	0	0	4	1	0	0	0	0	0	0	0	0	0	0
ASV4558	0	0	1	1	0	0	1	1	0	0	0	0	0	1	4	0	0	0	0	1	0	0	0	2	0	0	1	0	0	1	0	0	0	2	1	0	1	2	3
ASV4633	0	0	0	0	0	0	0	0	0	0	0	0	0	1	0	0	0	0	0	0	0	0	0	0	0	0	0	0	0	0	0	6	1	6	1	0	4	2	2
ASV4646	1	0	1	0	3	2	3	1	1	0	2	0	0	1	0	0	0	0	0	0	1	1	0	0	0	0	1	0	0	0	0	0	0	0	0	0	0	0	5
ASV4666	5	2	0	0	0	1	0	0	0	0	0	1	0	0	0	0	0	0	0	0	0	0	5	3	3	0	1	1	0	0	1	0	0	0	0	0	0	0	0
ASV4707	2	0	2	0	0	1	0	0	0	0	0	0	0	1	0	0	0	0	0	1	0	0	0	0	1	0	0	0	0	0	0	0	5	2	1	6	0	1	0
ASV4735	1	0	0	0	0	0	0	0	0	0	0	0	0	0	0	0	0	0	0	0	0	0	0	0	0	0	1	0	1	0	0	1	0	3	1	0	15	0	0
ASV4790	1	0	0	0	2	0	0	0	0	0	0	0	0	0	0	0	0	1	0	0	0	1	0	2	0	0	0	0	0	0	0	2	0	12	1	0	0	1	0
ASV4850	1	0	0	0	2	3	2	0	0	1	0	0	0	0	0	0	0	0	0	1	0	0	1	1	0	1	0	0	0	0	0	0	0	0	0	0	0	10	0
ASV4891	3	2	0	0	0	2	0	2	0	0	0	0	0	0	0	0	1	0	1	2	0	2	2	1	0	0	0	3	0	1	1	0	0	0	0	0	0	0	0
ASV4920	0	1	0	0	0	0	0	0	0	1	0	0	0	0	0	0	0	0	0	0	0	0	0	0	1	0	0	0	0	0	0	2	0	1	1	0	16	0	0
ASV4927	2	0	0	0	0	0	0	0	0	0	0	1	0	0	0	0	1	0	0	0	0	0	1	1	0	0	0	1	0	0	0	2	2	1	1	0	5	4	1
ASV4960	4	1	0	0	0	1	2	2	0	0	1	0	0	0	1	0	0	0	0	0	1	0	0	2	4	0	0	0	0	1	1	0	0	0	0	1	1	0	0
ASV4969	1	4	1	0	1	1	1	1	0	0	1	0	0	3	0	0	0	1	0	0	0	0	0	0	1	1	0	0	2	0	0	0	0	0	0	0	0	3	1
ASV4991	4	1	1	0	1	0	0	0	1	0	0	0	0	0	1	0	0	0	0	0	0	0	0	0	2	0	0	0	1	0	0	0	0	2	0	0	5	4	0
ASV5065	0	0	1	0	0	2	0	0	2	0	0	0	0	0	0	0	0	0	1	3	0	0	0	1	0	1	0	0	0	0	0	1	2	1	0	0	0	7	1
ASV5089	1	1	2	1	2	0	2	0	1	1	0	1	0	0	0	0	0	0	0	0	0	0	0	2	0	0	0	0	0	0	0	0	0	1	4	4	0	0	0
ASV5093	3	0	0	0	0	0	1	0	0	0	0	0	0	0	0	0	0	0	0	0	0	0	0	0	0	0	1	0	0	0	0	5	1	3	4	0	3	2	0
ASV5110	1	3	0	1	0	0	0	0	0	3	0	1	0	1	1	0	1	0	1	0	1	0	0	0	1	3	2	1	1	0	0	0	0	0	1	0	0	0	0
ASV5123	1	1	2	2	0	0	0	1	1	0	0	0	0	0	0	0	0	0	1	1	1	0	0	0	0	1	1	2	4	0	1	0	1	1	0	0	0	1	0
ASV5124	1	1	0	1	0	0	0	0	1	1	0	0	0	0	0	0	0	0	0	1	0	6	0	0	1	1	0	0	0	0	3	1	1	2	1	0	0	1	0
ASV5126	2	1	0	0	0	0	1	2	0	1	0	0	1	0	2	3	2	0	2	0	0	2	0	0	0	0	0	0	0	1	0	0	0	0	0	0	3	0	0
ASV5206	0	0	0	0	0	0	0	1	0	1	0	0	0	0	0	0	0	0	0	0	0	0	0	0	1	0	0	0	0	0	0	5	3	4	3	2	0	0	3
ASV5247	0	0	0	0	0	0	1	0	0	0	0	0	0	0	0	0	0	0	0	0	1	0	0	0	0	0	0	0	0	0	0	9	1	1	1	6	0	3	0
ASV5259	1	1	0	2	0	0	0	1	0	0	0	1	0	0	0	0	0	0	0	1	0	0	0	2	0	0	0	0	0	0	0	0	0	0	0	14	0	0	0
ASV5263	0	0	1	1	0	2	0	0	0	0	0	0	1	0	2	0	2	1	0	3	0	0	0	2	2	0	2	2	0	0	1	0	0	0	0	0	0	1	0
ASV5284	0	3	0	0	1	0	0	0	0	1	0	0	2	0	2	0	1	1	2	5	1	1	0	1	0	0	0	0	2	0	0	0	0	0	0	0	0	0	0
ASV5316	0	0	0	1	1	0	0	0	0	0	0	2	0	0	0	0	0	0	0	1	0	0	0	0	0	1	0	0	1	0	0	3	6	2	2	2	1	0	0
ASV5335	1	0	1	0	0	0	0	0	0	0	0	0	0	0	0	0	0	0	0	2	0	0	0	0	0	0	0	0	0	0	0	0	10	0	1	8	0	0	0
ASV5339	2	0	0	0	0	1	0	0	1	0	0	1	0	0	0	0	0	1	0	0	0	1	2	2	3	2	1	0	2	0	0	1	0	2	1	0	0	0	0
ASV5371	1	2	0	0	0	0	0	0	0	0	1	0	0	0	0	0	0	0	0	2	0	0	0	2	0	0	0	0	2	0	0	0	1	1	2	9	0	0	0
ASV5408	0	1	0	0	0	0	2	0	0	1	0	2	1	0	2	0	0	0	0	2	0	0	1	0	0	0	1	1	1	1	0	0	0	2	4	0	0	0	1
ASV5417	4	2	1	1	0	0	1	1	1	2	0	0	1	0	0	1	1	1	0	2	0	0	0	1	1	0	0	0	1	0	1	0	0	0	0	0	0	0	0
ASV5466	0	0	0	0	0	1	0	0	0	0	0	0	0	1	0	0	0	0	0	0	17	0	1	2	0	0	0	1	0	0	0	0	0	0	0	0	0	0	0
ASV5548	1	0	0	1	2	0	1	0	0	2	0	0	0	1	0	0	0	0	0	1	1	0	0	0	0	0	1	0	0	0	0	1	3	2	2	3	1	0	0
ASV5729	0	1	1	0	0	0	0	0	0	0	0	0	0	0	0	0	0	1	0	1	0	0	0	0	0	0	0	0	0	0	0	4	3	3	2	0	0	6	1
ASV5752	0	0	0	0	0	0	0	0	0	0	0	0	0	0	0	0	2	4	3	0	7	5	0	0	0	0	0	0	0	0	0	0	0	0	0	0	0	0	2
ASV5806	0	0	0	0	0	0	1	1	0	0	0	0	0	0	0	0	1	0	0	0	0	0	0	1	0	0	0	0	0	0	0	0	15	0	0	4	0	0	0
ASV5827	0	2	2	0	0	1	0	0	0	0	0	0	0	0	1	0	0	0	1	0	0	4	3	0	1	1	1	1	1	0	1	1	0	0	0	0	0	1	1
ASV5857	1	0	2	0	0	1	0	0	0	0	0	0	0	1	0	0	0	0	0	0	0	0	0	1	0	0	1	0	0	0	0	0	1	0	0	15	0	0	0
ASV5914	0	0	2	0	0	1	0	0	2	0	0	1	2	1	1	1	0	0	1	2	0	2	2	0	0	2	0	0	2	0	0	0	0	1	0	0	0	0	0
ASV3114	8	0	2	0	2	1	0	0	1	0	0	0	1	0	0	0	0	0	0	1	0	0	0	1	2	0	1	0	1	0	1	0	0	0	0	0	0	0	0
ASV3515	4	1	1	1	0	3	0	6	1	0	0	0	0	0	0	0	0	0	0	0	0	1	0	0	2	1	1	0	0	0	0	0	0	0	0	0	0	0	0
ASV3592	0	4	2	1	1	3	1	0	0	0	1	0	0	0	0	0	0	0	0	0	0	0	0	1	2	1	2	1	2	0	0	0	0	0	0	0	0	0	0
ASV3600	2	0	0	0	0	0	0	0	0	0	0	0	0	0	0	0	0	0	0	0	0	0	0	0	0	0	1	1	0	0	0	0	0	0	5	13	0	0	0
ASV3618	0	1	3	2	1	1	2	2	2	1	0	1	0	0	0	0	0	0	0	2	0	0	0	1	0	2	0	0	1	0	0	0	0	0	0	0	0	0	0
ASV3747	1	4	2	2	0	1	0	0	0	1	0	0	0	0	0	0	0	0	0	3	0	0	0	2	1	0	0	0	0	0	0	0	1	1	0	3	0	0	0
ASV3766	0	0	1	1	1	0	0	1	0	2	0	0	0	0	0	0	0	0	0	3	0	0	0	1	4	4	2	0	2	0	0	0	0	0	0	0	0	0	0
ASV3770	0	0	0	0	0	0	0	0	0	0	0	0	0	0	0	0	0	0	0	0	0	0	0	0	0	0	0	0	0	0	0	0	1	0	0	0	0	17	4
ASV3882	3	1	1	0	1	2	1	1	0	1	0	0	0	0	1	0	0	0	0	1	0	0	0	1	1	5	1	0	1	0	0	0	0	0	0	0	0	0	0
ASV3899	5	0	0	1	1	0	1	0	1	4	0	0	0	0	0	0	0	1	1	3	0	0	0	1	0	1	1	1	0	0	0	0	0	0	0	0	0	0	0
ASV3945	4	1	1	0	0	0	0	0	0	0	0	0	0	0	0	0	0	0	0	0	0	0	0	1	1	5	1	0	0	0	0	0	3	0	3	0	2	0	0
ASV3966	1	0	0	0	0	0	1	0	0	0	0	0	0	0	0	0	0	0	0	3	0	0	0	0	0	0	0	0	0	0	0	0	14	0	0	0	3	0	0
ASV3988	0	0	0	0	0	0	0	0	0	1	0	0	0	0	0	0	0	0	0	0	0	0	1	0	0	0	1	2	0	1	0	1	6	1	1	0	0	6	1
ASV3994	0	0	0	0	1	0	0	0	0	0	0	0	0	0	0	0	0	0	0	0	0	0	0	0	0	0	0	0	0	0	0	0	1	1	0	0	0	18	1
ASV4013	1	0	2	2	0	0	0	2	0	0	0	0	0	0	0	0	0	0	0	0	0	0	1	0	2	1	0	0	0	0	0	1	0	0	0	0	1	8	1
ASV4029	0	0	1	0	3	0	1	0	0	2	0	1	1	0	0	0	0	0	1	0	0	0	0	2	1	2	5	0	2	0	0	0	0	0	0	0	0	0	0
ASV4054	1	3	0	0	0	0	0	0	0	0	0	0	0	0	0	0	0	0	0	1	0	0	0	0	0	0	1	0	0	0	0	1	1	1	0	10	3	0	0
ASV4098	4	1	0	0	0	0	3	0	0	1	0	0	0	0	0	0	0	0	0	0	0	0	1	0	0	0	0	0	1	0	0	3	1	4	3	0	0	0	0
ASV4122	2	2	3	0	0	0	0	1	0	0	0	0	0	0	0	0	0	0	0	1	0	0	0	1	0	0	1	0	0	0	0	0	0	2	1	8	0	0	0
ASV4146	0	1	0	0	0	2	1	0	0	2	0	0	0	0	0	0	0	0	0	1	0	0	0	2	1	3	0	0	0	0	0	0	1	2	0	3	0	3	0
ASV4157	2	1	0	1	0	0	0	0	0	1	0	0	0	0	0	1	1	1	1	0	1	6	0	0	1	1	0	2	0	0	2	0	0	0	0	0	0	0	0
ASV4193	0	1	0	0	0	0	0	0	0	0	0	0	0	0	0	0	0	0	0	0	0	0	1	0	2	0	1	1	0	0	0	0	3	2	0	3	2	6	0
ASV4244	1	0	0	1	0	0	1	0	0	0	0	0	0	0	0	0	0	0	0	1	0	0	0	1	0	1	0	1	0	0	0	2	0	1	0	0	0	8	4
ASV4258	5	0	1	1	0	0	0	0	0	0	0	0	0	0	0	0	0	1	0	0	0	0	0	1	0	0	0	0	0	0	0	2	1	0	1	0	2	4	3
ASV4282	0	2	0	2	0	2	2	0	0	0	0	0	0	0	0	0	1	0	1	0	0	0	0	0	0	1	0	0	1	0	0	1	0	3	2	1	1	1	1
ASV4301	0	0	0	0	0	0	0	0	0	0	0	0	0	0	0	0	0	0	0	0	0	0	0	0	0	0	1	0	0	0	0	0	14	2	1	4	0	0	0
ASV4311	2	3	1	0	0	1	3	0	2	0	0	2	0	0	0	0	0	0	1	1	0	0	0	0	1	2	1	0	2	0	0	0	0	0	0	0	0	0	0
ASV4324	8	1	0	0	0	1	0	0	0	1	0	0	0	0	0	0	0	0	0	0	0	0	0	0	0	2	1	0	1	0	0	0	0	1	0	1	0	5	0
ASV4349	0	0	0	1	0	0	0	0	0	0	0	0	4	4	1	2	1	1	3	0	0	0	3	0	0	0	1	0	1	0	0	0	0	0	0	0	0	0	0
ASV4371	0	0	0	0	0	0	0	0	0	0	0	0	0	0	0	0	0	0	0	0	0	0	0	1	0	0	0	1	0	0	0	0	8	0	7	5	0	0	0
ASV4375	3	0	2	0	0	1	1	0	0	1	0	0	0	0	2	1	0	1	1	1	1	2	0	0	0	1	0	0	0	0	0	0	0	0	0	0	0	3	1
ASV4376	1	3	1	0	1	2	0	0	0	1	0	0	0	0	0	0	0	2	0	2	1	1	0	2	1	1	0	2	1	0	0	0	0	0	0	0	0	0	0
ASV4426	1	3	2	0	1	1	0	0	0	0	0	0	0	0	0	0	0	0	2	0	0	0	0	0	1	0	0	1	1	0	0	1	0	0	0	0	1	5	2
ASV4431	2	0	0	0	0	0	0	1	1	2	0	0	0	0	0	0	0	0	0	1	0	0	0	1	0	0	2	1	1	0	0	0	1	1	2	6	0	0	0
ASV4441	3	2	0	1	0	1	1	3	0	0	0	0	1	0	0	0	1	0	0	0	0	0	1	0	1	0	0	0	0	0	0	1	0	2	0	0	0	1	3
ASV4453	11	3	1	0	1	2	0	0	0	1	0	0	0	0	0	0	0	0	0	0	0	0	0	0	1	0	2	0	0	0	0	0	0	0	0	0	0	0	0
ASV4476	1	1	1	1	0	0	0	0	4	0	0	0	0	1	0	0	0	0	1	5	0	0	0	2	1	0	0	1	0	1	1	0	0	0	0	0	0	0	1
ASV4511	5	1	1	0	0	0	1	0	0	0	0	0	0	0	0	0	0	0	0	0	0	0	0	0	1	0	0	1	0	0	0	1	3	3	1	4	0	0	0
ASV4530	3	1	1	0	1	0	0	0	0	0	0	0	0	0	0	0	0	0	0	0	0	0	0	1	0	0	2	0	0	0	0	0	6	4	1	1	0	0	1
ASV4560	2	1	1	0	0	0	0	0	0	0	1	0	0	0	0	0	0	0	0	1	0	1	1	0	0	0	1	0	0	1	0	1	0	3	3	1	0	4	0
ASV4590	0	0	0	0	0	0	0	0	0	0	0	0	0	0	0	0	1	2	1	1	1	4	8	0	0	1	0	1	0	1	0	0	0	0	0	0	0	1	0
ASV4597	5	0	0	0	0	0	0	0	0	1	0	0	0	0	0	0	1	0	0	0	0	0	0	2	0	0	1	0	0	0	0	0	0	0	4	0	3	5	0
ASV4606	1	2	2	1	0	0	0	0	2	1	0	0	0	0	0	0	0	0	0	0	1	0	0	1	0	1	1	0	2	0	0	0	0	0	0	0	0	7	0
ASV4645	0	1	1	1	0	2	1	0	0	0	1	0	0	0	0	0	0	0	0	0	0	0	0	1	0	1	0	0	2	0	0	3	0	0	3	0	2	3	0
ASV4650	0	0	0	0	0	0	0	0	0	0	0	0	0	0	0	0	0	0	0	0	0	0	0	0	0	1	0	0	0	0	0	1	11	4	2	2	1	0	0
ASV4653	0	0	3	0	1	0	2	0	0	0	0	1	0	0	3	3	0	1	0	0	0	2	0	1	1	1	0	0	0	0	0	0	0	2	0	0	0	0	1
ASV4668	0	0	0	0	0	0	0	0	0	0	0	0	0	0	0	0	0	0	0	0	0	0	0	0	0	0	0	0	0	0	0	0	6	5	3	0	8	0	0
ASV4688	0	0	2	1	0	1	1	0	1	3	0	0	0	1	0	0	0	0	0	0	0	0	0	0	5	2	1	1	0	0	1	0	0	2	0	0	0	0	0
ASV4709	1	0	0	0	0	1	0	0	0	0	0	0	0	4	2	0	1	1	3	0	3	1	2	0	0	0	0	1	0	0	0	0	0	1	1	0	0	0	0
ASV4729	0	1	0	0	1	2	0	0	0	2	1	0	0	0	0	1	0	1	0	1	0	0	1	1	1	1	1	0	0	2	1	0	0	0	0	0	0	4	0
ASV4742	2	0	2	0	1	1	0	0	1	0	0	1	0	1	1	0	1	0	1	1	2	1	1	1	1	1	0	0	0	1	1	0	0	0	0	0	0	0	0
ASV4746	0	0	0	0	1	0	0	1	0	0	0	0	0	0	0	0	0	0	0	0	0	0	0	0	0	0	1	0	0	0	0	0	0	3	14	2	0	0	0
ASV4832	1	2	1	1	2	1	0	2	0	0	0	0	0	0	0	0	0	0	1	1	1	0	0	0	1	3	1	0	2	0	0	0	0	2	0	0	0	0	0
ASV4834	0	0	0	0	0	0	1	0	0	0	0	0	0	0	0	0	0	3	2	1	1	5	2	0	0	0	0	1	0	2	1	0	0	0	1	0	0	2	0
ASV4860	0	3	0	0	0	0	0	0	0	0	0	0	0	0	0	0	1	2	0	0	2	8	3	1	1	0	0	0	0	0	1	0	0	0	0	0	0	0	0
ASV4909	0	2	3	1	4	0	0	0	0	0	0	1	0	0	0	0	0	0	1	0	0	0	0	2	2	1	1	1	3	0	0	0	0	0	0	0	0	0	0
ASV4935	1	0	1	3	3	0	1	0	1	0	4	1	0	1	0	0	0	0	0	0	0	1	0	2	1	0	0	1	0	0	0	0	0	0	0	0	0	0	1
ASV4939	1	1	3	0	1	0	1	1	0	2	0	0	1	0	0	0	0	0	0	3	0	0	0	1	1	2	2	0	1	0	0	0	0	0	0	0	0	1	0
ASV4955	5	2	0	0	0	0	0	1	0	2	0	1	0	0	0	0	0	0	2	1	0	2	1	1	0	1	0	0	0	0	2	0	0	0	0	0	0	1	0
ASV5078	0	0	0	0	0	0	0	0	0	0	0	0	0	0	0	0	0	0	0	0	0	0	0	0	0	0	0	0	0	0	0	0	14	1	4	0	2	0	1
ASV5117	1	1	0	0	3	0	0	0	1	2	0	0	0	0	0	0	0	0	0	4	0	0	0	3	0	1	0	1	0	0	0	1	0	3	0	1	0	0	0
ASV5133	1	1	1	1	1	4	1	1	0	1	0	0	0	0	0	1	0	0	0	1	0	0	0	1	1	1	0	0	3	0	0	0	0	0	0	0	0	0	2
ASV5177	0	0	2	1	0	3	1	2	0	0	3	3	2	0	0	0	0	0	1	0	0	1	0	1	0	1	0	0	1	0	0	0	0	0	0	0	0	0	0
ASV5183	8	0	2	0	2	0	1	0	0	1	0	0	0	0	0	0	0	0	0	1	0	0	0	1	0	2	2	0	1	0	0	1	0	0	0	0	0	0	0
ASV5195	0	1	0	0	0	0	0	0	1	0	0	0	0	0	0	0	0	0	0	2	0	0	0	1	0	0	0	0	0	0	0	2	0	6	4	1	1	3	0
ASV5200	0	0	0	0	1	0	0	0	0	0	0	0	1	0	0	0	0	0	1	0	0	0	0	1	0	0	0	0	0	0	0	1	4	5	0	8	0	0	0
ASV5219	7	2	3	0	0	0	0	0	0	0	0	0	0	0	0	0	0	0	0	1	0	0	0	0	2	1	2	0	1	0	0	2	1	0	0	0	0	0	0
ASV5239	2	0	1	0	0	0	0	0	2	0	0	0	1	1	1	1	0	0	3	0	2	0	2	1	0	0	0	1	0	2	2	0	0	0	0	0	0	0	0
ASV5261	3	0	1	0	1	2	3	2	1	1	1	0	0	0	0	1	0	0	0	0	0	0	0	3	0	0	0	2	0	0	0	0	0	0	0	0	0	1	0
ASV5299	4	0	0	0	0	2	0	0	0	0	1	0	0	0	0	0	0	0	0	1	0	0	0	0	0	0	0	0	0	0	0	1	6	2	1	1	2	1	0
ASV5304	1	1	1	0	0	1	1	2	2	2	0	2	0	1	0	0	0	0	0	1	0	0	0	1	0	1	2	1	0	0	0	0	0	0	1	1	0	0	0
ASV5338	1	0	0	0	1	2	0	0	0	1	0	1	0	0	0	0	0	0	0	2	0	0	0	0	0	1	1	0	2	0	0	1	0	7	1	0	0	1	0
ASV5388	0	0	0	0	0	0	0	0	0	0	0	0	0	0	1	0	6	0	0	0	3	0	3	0	0	0	0	0	0	0	9	0	0	0	0	0	0	0	0
ASV5402	4	1	0	2	0	1	0	0	0	1	0	0	0	0	0	0	0	0	0	1	0	0	0	1	0	1	1	1	0	0	0	0	4	1	0	1	2	0	0
ASV5411	1	0	2	0	0	0	0	0	0	2	0	0	0	0	0	0	0	0	0	0	0	0	0	0	1	1	0	0	0	0	1	0	1	3	2	7	0	0	1
ASV5424	0	0	1	0	0	0	0	1	0	0	0	0	0	0	0	0	0	0	0	5	0	0	0	1	0	1	1	1	0	0	0	0	1	6	4	0	0	0	0
ASV5440	0	0	1	0	0	0	1	0	0	1	0	0	1	0	0	0	0	3	1	1	0	1	10	0	0	0	0	0	0	1	0	1	0	0	0	0	0	0	0
ASV5502	1	1	1	0	0	0	0	0	0	0	0	0	0	0	0	0	1	0	1	1	0	0	0	1	0	1	1	0	0	0	0	1	2	0	1	0	5	4	0
ASV5504	0	1	1	0	1	1	0	0	0	0	0	0	0	0	0	0	0	0	0	0	0	0	0	0	0	0	1	1	0	0	0	4	1	0	0	0	6	4	1
ASV5676	1	2	2	0	4	1	1	0	0	3	0	0	0	0	0	0	0	0	0	2	0	0	1	1	0	3	0	1	0	0	0	0	0	0	0	0	0	0	0
ASV5696	3	1	2	1	2	0	1	0	0	0	0	0	0	0	0	0	0	0	0	0	0	0	0	2	0	0	0	0	0	0	0	2	2	3	0	2	1	0	0
ASV5704	2	0	0	0	0	1	0	0	0	0	0	0	0	0	0	0	0	0	0	0	0	0	0	1	0	0	0	0	0	0	0	5	0	5	1	0	1	1	5
ASV5743	2	0	0	0	0	1	0	0	1	0	1	0	0	0	0	0	0	0	0	2	0	0	0	1	1	0	1	0	1	0	0	0	3	0	1	1	0	6	0
ASV5755	3	1	0	0	0	1	0	0	0	0	0	0	1	0	0	0	0	0	0	3	0	0	1	0	1	1	0	0	1	0	0	0	0	0	0	0	0	9	0
ASV5816	2	1	1	0	2	0	1	1	0	1	0	0	0	0	0	0	0	0	0	1	0	0	0	1	0	0	0	2	0	1	0	1	0	4	2	0	0	1	0
ASV5853	1	0	0	0	0	1	0	1	1	0	0	0	0	0	0	0	0	1	0	2	0	1	1	0	0	0	0	0	0	0	1	4	0	2	1	0	1	4	0
ASV5858	1	0	2	0	0	0	0	1	0	1	1	0	0	1	0	1	0	2	1	1	0	0	0	0	2	0	4	0	1	0	0	0	0	1	1	0	0	0	1
ASV5881	0	1	2	0	0	0	1	4	0	4	0	0	0	0	0	0	0	0	0	2	1	0	0	3	2	0	1	1	0	0	0	0	0	0	0	0	0	0	0
ASV5889	1	2	2	1	3	0	1	2	0	1	0	0	0	0	0	0	0	0	0	2	0	0	0	2	3	1	0	0	1	0	0	0	0	0	0	0	0	0	0
ASV5912	2	2	1	0	0	2	0	0	0	2	0	0	0	0	0	0	0	2	1	0	0	0	0	2	0	0	1	1	0	0	0	2	0	0	2	0	1	1	0
ASV5915	2	2	0	0	1	0	0	0	0	0	0	0	0	0	0	0	0	0	0	1	0	0	0	0	1	0	2	0	1	0	0	2	2	4	1	0	1	2	0
ASV5923	0	0	1	1	0	0	0	0	1	1	2	0	0	0	0	2	0	1	0	2	1	0	0	1	1	2	2	0	1	0	0	0	0	0	2	0	0	0	1
ASV5953	2	0	1	2	0	3	0	0	1	0	0	0	0	0	0	2	1	1	0	1	0	2	0	0	0	1	1	0	0	0	1	0	0	0	0	3	0	0	0
ASV5960	6	1	1	0	2	1	0	0	1	1	0	0	0	1	0	0	0	0	0	0	2	0	0	0	0	2	0	1	2	0	1	0	0	0	0	0	0	0	0
ASV2996	1	0	0	0	0	0	1	0	0	1	0	0	0	0	0	1	0	0	0	0	0	0	0	0	0	1	0	0	0	0	0	5	5	1	3	1	0	1	0
ASV3367	0	1	0	0	0	2	1	1	0	2	1	0	0	0	0	1	0	1	1	1	0	0	0	1	5	0	0	0	0	0	0	0	0	1	0	1	0	0	1
ASV3413	5	1	1	1	1	2	1	0	0	2	0	0	0	0	0	0	0	0	0	2	0	0	0	2	0	0	1	0	2	0	0	0	0	0	0	0	0	0	0
ASV3532	3	2	0	0	1	0	2	0	0	0	0	1	1	0	0	0	1	0	0	4	0	0	0	0	1	2	0	3	0	0	0	0	0	0	0	0	0	0	0
ASV3720	0	0	0	0	0	0	0	0	0	0	0	0	0	0	0	0	0	0	0	0	0	17	1	0	0	0	0	0	0	2	1	0	0	0	0	0	0	0	0
ASV3734	0	0	0	0	1	0	1	0	1	1	0	0	0	0	0	0	0	0	0	1	0	0	0	0	1	0	0	0	0	0	0	6	3	0	1	0	0	4	1
ASV3810	1	1	0	0	1	2	0	0	1	0	0	0	0	1	0	0	0	0	0	0	0	0	1	0	1	1	0	0	0	0	0	2	0	0	0	0	0	9	0
ASV3831	4	0	0	2	0	0	0	0	0	0	1	0	0	1	0	1	1	0	0	2	2	1	1	0	0	1	2	0	0	0	0	0	0	0	0	0	0	0	2
ASV3870	0	1	1	0	0	0	0	0	0	0	0	0	0	0	0	0	0	0	0	0	0	0	0	0	0	0	0	0	0	0	0	0	0	5	2	12	0	0	0
ASV3897	2	0	0	1	0	0	2	0	0	0	0	0	0	0	0	0	0	0	0	0	0	0	0	0	0	0	2	1	0	0	0	2	4	1	4	0	2	0	0
ASV3933	0	1	0	1	0	1	1	2	1	2	0	0	0	0	0	0	0	0	0	4	0	0	0	2	3	2	0	0	1	0	0	0	0	0	0	0	0	0	0
ASV3957	5	3	2	0	0	1	0	0	0	1	0	0	0	0	1	0	0	0	0	2	0	0	0	2	0	2	1	1	0	0	0	0	0	0	0	0	0	0	0
ASV3964	1	1	0	0	0	0	1	0	0	0	0	0	0	0	2	0	1	1	0	1	1	3	0	0	0	2	0	0	0	0	1	1	0	1	1	0	0	1	2
ASV3992	2	2	1	0	1	1	1	2	0	0	0	0	0	0	0	0	0	0	0	1	0	0	0	1	1	3	0	0	1	0	0	0	0	1	1	2	0	0	0
ASV4032	0	2	0	1	1	0	0	3	1	0	0	2	0	0	0	0	0	0	0	1	0	0	0	2	1	2	1	3	1	0	0	0	0	0	0	0	0	0	0
ASV4065	0	0	0	0	0	0	0	0	0	0	0	0	0	0	0	0	0	0	0	1	0	0	0	0	1	1	0	1	1	0	0	0	5	3	2	0	1	5	0
ASV4089	0	1	1	0	0	1	0	0	0	0	0	0	2	0	0	1	0	0	0	1	0	0	1	0	1	1	0	1	0	0	0	1	1	2	2	1	2	0	1
ASV4091	1	1	0	1	0	3	0	1	2	1	0	0	0	0	0	0	0	0	0	0	0	0	0	2	0	6	1	0	0	0	0	1	0	0	0	0	0	0	1
ASV4099	4	0	2	1	0	1	3	0	0	0	0	0	0	0	0	0	0	0	0	0	0	1	0	2	2	0	0	3	0	0	0	0	0	2	0	0	0	0	0
ASV4115	1	1	0	0	0	0	0	0	0	0	0	0	0	0	0	0	0	0	0	0	0	0	0	1	0	0	0	0	0	0	0	3	2	4	2	0	5	1	1
ASV4153	4	3	0	0	0	0	2	2	0	1	0	0	0	0	0	0	0	0	0	2	0	0	0	1	1	1	0	0	1	0	0	2	0	1	0	0	0	0	0
ASV4167	2	1	0	0	0	0	1	0	0	2	0	0	1	0	0	0	0	0	0	0	0	0	0	4	0	0	0	0	1	3	0	4	0	0	0	0	1	1	0
ASV4199	1	4	1	1	1	1	0	0	3	1	1	0	0	0	0	0	0	0	0	3	0	0	0	1	0	1	0	0	0	0	0	0	0	0	0	2	0	0	0
ASV4211	4	0	1	0	0	0	0	1	1	0	0	0	0	0	1	0	0	1	0	0	0	0	0	0	0	0	0	0	0	0	1	1	2	1	0	0	6	1	0
ASV4293	3	1	0	1	0	0	0	0	0	0	0	0	0	0	0	0	0	0	0	1	0	0	0	1	0	1	0	0	0	0	0	0	2	0	0	2	1	8	0
ASV4296	0	1	0	0	0	0	0	0	0	1	0	0	0	0	0	0	0	0	0	0	0	0	0	1	0	0	0	0	0	0	0	2	5	4	4	3	0	0	0
ASV4308	7	3	2	0	2	1	0	0	0	1	0	0	0	0	0	0	0	0	0	2	0	0	0	2	0	1	0	0	0	0	0	0	0	0	0	0	0	0	0
ASV4327	1	0	1	0	0	0	0	0	0	1	0	0	0	2	0	0	0	0	0	0	0	0	0	0	0	0	0	1	1	0	0	0	0	0	4	10	0	0	0
ASV4329	2	0	0	0	0	0	1	1	2	0	0	0	0	0	2	1	0	2	0	1	1	1	0	1	1	1	1	0	0	2	1	0	0	0	0	0	0	0	0
ASV4350	3	2	2	0	1	0	2	0	0	0	0	0	0	0	0	0	1	1	0	0	1	1	0	0	0	2	3	0	0	0	2	0	0	0	0	0	0	0	0
ASV4383	3	2	0	1	1	4	2	0	0	2	0	0	0	0	0	0	0	0	0	1	0	0	0	2	0	1	1	1	0	0	0	0	0	0	0	0	0	0	0
ASV4471	3	0	1	1	0	0	1	0	0	0	0	0	0	0	0	0	0	0	0	0	0	2	0	0	1	1	1	0	0	0	0	2	2	4	2	0	0	0	0
ASV4478	0	0	1	0	0	0	0	0	0	0	0	0	0	0	0	0	0	0	0	0	0	1	0	0	0	1	0	0	0	0	0	0	5	3	3	5	0	2	0
ASV4538	0	0	1	2	0	0	0	0	0	0	0	0	1	2	0	0	3	1	1	2	0	0	3	1	0	0	1	1	1	0	0	0	0	0	0	0	0	1	0
ASV4544	1	0	1	0	0	0	1	0	0	1	0	0	0	0	0	0	0	0	0	0	0	0	0	1	0	0	1	0	0	0	0	0	5	0	1	0	7	2	0
ASV4585	2	1	0	1	1	0	0	0	1	2	1	0	0	0	0	1	0	0	0	1	2	0	0	0	0	4	1	1	0	0	0	0	0	0	0	0	0	0	2
ASV4622	2	1	0	1	0	0	0	0	1	1	0	0	0	3	0	1	1	0	0	0	2	1	0	0	2	1	0	1	0	1	2	0	0	0	0	0	0	0	0
ASV4623	1	0	0	0	0	1	0	0	0	0	0	0	0	0	0	0	0	0	0	1	0	0	0	0	0	0	0	1	0	0	0	5	2	3	4	0	1	2	0
ASV4638	3	1	0	1	0	0	0	0	0	0	0	0	0	0	0	0	0	0	0	2	0	0	0	0	0	0	1	0	1	1	0	1	0	3	2	0	0	5	0
ASV4657	0	0	0	0	0	0	0	0	0	0	0	0	0	0	0	0	0	0	0	0	0	0	0	0	0	0	0	0	0	2	0	0	7	2	4	6	0	0	0
ASV4677	1	0	0	0	0	0	1	1	1	1	1	0	1	0	1	0	0	1	0	1	0	0	1	1	2	0	1	0	5	0	0	0	0	0	1	0	0	0	0
ASV4697	2	0	3	0	0	0	0	1	0	0	0	0	0	0	0	1	0	0	0	0	0	1	11	2	0	0	0	0	0	0	0	0	0	0	0	0	0	0	0
ASV4713	1	2	2	0	0	0	0	0	0	0	0	0	0	0	0	0	0	0	0	2	0	0	0	1	2	2	2	0	1	0	0	0	5	0	0	0	0	1	0
ASV4723	2	1	0	0	0	0	0	1	0	0	0	0	0	0	0	0	0	0	1	3	0	0	5	1	0	0	0	0	0	0	4	0	0	1	0	0	0	2	0
ASV4753	0	2	0	0	0	1	0	0	0	0	0	0	0	0	0	0	0	0	0	2	0	0	1	1	1	0	1	0	0	0	0	0	1	1	2	7	0	1	0
ASV4775	0	0	0	0	2	0	0	0	2	0	0	0	1	2	1	0	1	2	4	2	1	0	0	0	1	1	0	0	0	0	0	0	0	0	0	0	0	1	0
ASV4808	1	0	0	0	0	0	0	0	0	3	0	0	0	0	0	0	0	0	0	1	0	0	0	0	0	0	0	0	0	0	0	0	0	2	1	12	0	1	0
ASV4818	1	0	2	2	0	1	1	1	0	0	0	0	1	0	0	0	0	0	0	0	0	0	0	0	3	0	1	2	3	0	0	0	0	0	0	0	0	0	3
ASV4904	0	1	0	0	1	0	0	0	1	0	0	0	0	0	0	1	0	0	0	0	1	1	1	0	0	1	0	0	0	0	0	2	5	1	4	0	0	1	0
ASV4950	2	0	1	2	0	1	1	0	0	1	0	1	0	0	0	0	0	0	0	0	0	0	0	2	10	0	0	0	0	0	0	0	0	0	0	0	0	0	0
ASV4954	0	0	4	0	1	1	1	0	2	2	0	0	0	1	0	0	0	1	1	0	0	0	0	1	2	1	2	0	0	0	0	0	0	1	0	0	0	0	0
ASV4964	1	1	0	0	0	0	0	0	2	2	0	0	0	1	0	2	0	0	1	0	0	0	0	0	3	0	0	1	0	0	0	2	1	0	0	3	0	1	0
ASV4978	5	0	1	0	0	0	0	0	0	0	0	0	2	0	0	0	0	0	0	0	0	0	0	1	1	1	1	1	0	0	0	0	3	1	1	3	0	0	0
ASV4988	0	1	0	0	1	0	7	0	0	0	0	0	0	0	0	0	0	9	0	1	0	0	0	1	0	0	0	0	0	1	0	0	0	0	0	0	0	0	0
ASV5022	0	2	0	0	2	3	0	1	0	0	0	1	0	0	0	0	1	0	0	0	0	1	0	1	1	1	0	2	0	0	0	2	0	0	0	0	0	1	2
ASV5028	0	0	0	0	0	0	0	0	0	0	0	0	0	0	0	0	0	0	0	0	0	0	0	0	0	0	0	0	0	0	0	0	0	0	0	21	0	0	0
ASV5039	0	0	0	0	0	0	0	0	0	1	0	0	0	0	0	0	0	0	0	0	0	0	0	0	0	1	0	0	0	0	0	0	16	0	0	3	0	0	0
ASV5067	1	0	0	0	1	2	1	0	0	0	0	0	0	0	1	1	0	1	3	0	1	0	3	0	3	2	0	0	0	0	0	0	0	0	0	0	0	0	1
ASV5139	2	3	0	1	3	1	1	1	0	0	0	0	0	0	2	0	0	0	0	1	0	0	0	0	0	0	1	0	2	0	0	0	0	0	0	0	0	3	0
ASV5175	2	2	0	0	1	0	0	2	1	1	0	0	0	2	0	0	1	0	0	1	0	1	6	0	0	0	0	0	1	0	0	0	0	0	0	0	0	0	0
ASV5221	2	3	0	0	0	1	0	1	0	2	0	0	0	0	0	0	0	0	0	4	0	0	0	4	0	0	0	2	1	0	0	0	0	0	0	0	0	0	1
ASV5230	4	0	0	0	1	1	1	0	0	1	0	0	0	1	0	0	0	0	0	0	1	0	0	0	0	1	1	0	0	0	0	0	0	0	0	8	0	0	1
ASV5254	0	0	0	0	0	0	0	0	0	2	0	0	0	0	0	0	0	0	0	0	0	0	0	0	1	0	0	0	0	0	0	0	4	3	4	7	0	0	0
ASV5265	5	0	1	1	1	3	2	0	0	0	0	0	0	0	0	0	0	0	0	3	0	0	0	2	1	1	1	0	0	0	0	0	0	0	0	0	0	0	0
ASV5266	3	1	0	1	1	1	2	0	2	1	1	0	0	0	0	1	0	0	0	0	0	0	0	0	0	0	3	1	1	0	1	0	0	0	0	0	1	0	0
ASV5267	0	0	0	1	1	0	0	0	2	0	0	0	0	0	0	0	0	0	0	1	0	0	0	2	1	0	0	0	1	0	0	0	2	1	2	6	0	1	0
ASV5275	0	0	0	0	0	0	0	0	0	0	0	0	0	0	0	0	0	0	0	0	0	0	0	0	0	0	0	0	0	0	0	9	4	4	2	0	1	0	1
ASV5277	1	4	1	0	1	1	0	2	0	1	2	0	0	0	0	0	0	0	0	1	0	0	0	2	1	0	1	1	0	0	0	1	0	0	0	1	0	0	0
ASV5283	2	0	2	0	1	0	0	1	1	1	0	0	0	1	0	0	0	0	0	1	0	0	1	1	2	2	3	0	1	0	0	0	0	1	0	0	0	0	0
ASV5298	0	2	2	0	2	0	0	0	0	2	0	0	0	0	0	1	1	0	2	1	0	0	1	1	1	1	1	1	0	1	1	0	0	0	0	0	0	0	0
ASV5318	1	1	0	0	0	0	0	0	1	1	0	0	0	0	0	0	0	0	0	0	0	0	0	0	0	0	1	0	0	0	0	0	0	2	7	7	0	0	0
ASV5323	4	2	0	1	0	0	2	0	0	2	0	0	0	0	0	0	2	0	2	3	0	0	0	0	0	1	1	0	0	0	0	0	0	0	0	0	0	1	0
ASV5345	2	0	1	0	0	1	0	0	0	1	0	0	0	0	0	0	0	0	0	0	0	0	0	0	0	2	0	0	0	0	0	3	2	2	2	1	0	3	1
ASV5350	0	0	1	0	0	0	0	0	0	0	0	0	0	0	0	0	0	0	0	0	0	0	0	0	0	0	0	0	0	0	1	3	3	2	1	0	5	4	1
ASV5392	1	0	1	1	0	0	0	0	0	1	0	0	0	0	1	0	0	0	0	1	0	0	0	1	0	1	0	0	0	0	0	1	2	2	3	5	0	0	0
ASV5421	2	0	0	0	0	0	0	0	0	0	0	0	0	0	0	0	0	0	0	0	0	0	0	0	0	0	1	1	0	0	0	2	3	3	0	0	1	8	0
ASV5433	0	0	0	1	0	0	1	0	1	1	0	1	2	0	4	2	0	2	1	0	0	1	0	1	0	2	0	0	0	0	1	0	0	0	0	0	0	0	0
ASV5435	3	1	1	1	0	0	0	0	0	0	0	0	1	0	0	0	0	0	1	0	1	3	1	0	0	1	1	1	0	0	1	0	0	1	0	0	0	3	0
ASV5439	4	0	0	0	0	1	0	0	0	2	1	0	0	0	0	0	0	0	0	4	0	0	0	0	2	1	0	3	0	0	0	0	0	1	0	0	1	1	0
ASV5461	0	0	0	0	0	0	0	0	0	0	0	0	0	0	0	0	0	0	0	0	0	0	0	0	0	0	0	0	0	0	0	0	6	1	2	12	0	0	0
ASV5463	0	0	0	0	0	0	0	1	0	1	0	0	0	0	0	0	0	0	0	1	0	0	0	0	0	0	0	0	0	0	0	7	1	2	1	0	1	3	3
ASV5489	1	0	2	0	0	0	0	0	2	1	0	2	0	0	0	1	0	1	0	3	2	0	2	1	1	0	1	0	0	1	0	0	0	0	0	0	0	0	0
ASV5501	0	2	1	1	0	1	0	3	0	0	0	0	0	0	0	0	0	1	0	0	0	0	0	1	2	0	0	0	0	0	0	0	2	0	1	5	1	0	0
ASV5533	0	0	0	0	0	0	0	0	1	0	0	0	0	0	0	0	0	0	0	0	0	0	0	1	0	1	0	0	0	0	0	0	6	3	2	7	0	0	0
ASV5628	0	1	0	0	0	1	0	0	0	0	0	0	0	0	0	0	0	0	0	1	0	0	0	1	0	0	0	0	0	0	0	0	0	8	3	6	0	0	0
ASV5640	2	0	2	2	1	0	0	1	0	3	1	0	0	0	0	0	0	0	0	1	0	1	0	1	0	2	0	2	0	0	0	0	0	0	0	1	0	1	0
ASV5647	0	0	0	0	0	0	0	0	0	0	0	0	0	0	0	0	0	0	1	0	0	0	0	0	0	0	0	0	0	0	0	1	10	4	5	0	0	0	0
ASV5688	1	0	1	0	0	0	0	0	3	0	0	2	1	1	0	1	2	0	1	0	0	2	1	1	0	0	2	1	1	0	0	0	0	0	0	0	0	0	0
ASV5691	2	0	0	0	0	0	0	0	3	0	0	0	0	0	1	0	0	0	0	0	0	0	0	0	2	0	0	0	0	0	0	2	1	1	1	0	0	8	0
ASV5734	0	0	0	0	1	0	2	0	1	0	1	1	1	0	0	0	0	1	0	3	0	0	0	2	0	0	1	0	0	0	0	1	0	3	2	0	0	0	1
ASV5747	1	1	1	0	0	1	0	0	2	0	0	0	0	1	0	1	0	1	0	0	1	2	3	2	0	0	0	0	1	1	2	0	0	0	0	0	0	0	0
ASV5750	0	0	2	1	0	0	0	0	0	0	0	0	0	0	1	0	1	1	2	1	0	0	1	1	0	0	1	1	0	1	0	0	0	1	0	0	0	6	0
ASV5809	4	0	3	0	0	2	0	0	0	0	0	0	0	0	0	0	0	0	0	1	0	0	0	1	0	2	3	1	0	0	0	0	0	0	0	2	1	1	0
ASV5918	0	1	0	0	1	0	0	0	0	0	0	0	0	0	0	0	0	0	0	1	0	0	0	3	1	1	1	0	0	0	0	0	1	3	6	0	0	2	0
ASV5938	0	1	1	1	0	0	0	0	0	1	0	0	0	0	0	0	0	0	0	1	0	0	0	1	0	0	1	1	1	0	0	0	5	0	1	1	1	4	0
ASV3528	3	0	0	0	3	1	0	1	1	1	0	0	0	0	0	0	0	0	0	2	0	0	0	4	2	1	0	1	0	0	0	0	0	0	0	0	0	0	0
ASV3635	1	1	1	0	0	0	0	0	0	0	0	0	0	0	0	0	0	0	0	0	0	0	0	0	0	0	0	0	0	0	0	1	1	1	1	0	0	13	0
ASV3665	0	0	0	0	0	1	0	0	0	0	0	0	0	0	0	1	0	2	1	0	0	2	9	0	0	0	0	0	0	3	1	0	0	0	0	0	0	0	0
ASV3672	0	0	0	2	0	0	0	0	0	2	0	1	0	0	0	0	1	1	1	2	1	2	0	3	0	0	0	1	1	0	0	0	0	2	0	0	0	0	0
ASV3699	3	2	2	0	0	0	0	0	0	0	0	0	0	0	0	0	0	0	0	1	0	1	0	0	0	1	0	0	2	1	0	2	0	2	2	0	1	0	0
ASV3703	2	1	1	0	0	0	1	0	0	3	0	1	0	0	0	0	0	1	0	1	0	0	6	2	1	0	0	0	0	0	0	0	0	0	0	0	0	0	0
ASV3796	0	3	0	1	0	0	1	0	0	0	0	1	0	0	0	0	0	0	1	0	0	0	0	0	1	1	0	0	1	0	0	0	3	4	0	1	0	1	1
ASV3819	0	0	0	1	0	0	0	0	0	0	0	0	0	0	0	0	0	0	0	0	0	0	0	0	0	0	0	0	0	2	0	0	1	0	1	15	0	0	0
ASV3841	1	0	0	0	0	0	0	0	0	0	0	0	0	0	0	0	0	0	0	0	0	0	0	0	0	0	0	0	0	0	0	1	2	4	1	0	10	0	1
ASV3847	5	3	1	0	0	5	0	0	2	1	0	0	0	0	0	0	0	0	0	0	0	0	0	0	0	0	0	1	0	0	1	1	0	0	0	0	0	0	0
ASV3895	0	2	1	0	0	0	0	0	0	0	0	0	0	0	1	0	0	0	0	0	0	0	0	0	0	0	0	0	0	0	0	6	0	4	2	0	2	0	2
ASV3905	0	1	0	0	0	0	0	2	0	1	0	0	0	0	0	0	0	0	0	0	0	0	0	0	0	0	1	0	0	0	0	7	0	1	0	0	3	3	1
ASV3936	0	0	0	1	0	0	0	0	0	0	0	0	0	0	0	0	0	0	0	0	0	1	0	0	0	0	0	0	0	0	0	5	2	3	2	0	6	0	0
ASV3942	1	1	0	0	0	0	1	0	1	0	0	0	0	0	0	0	0	0	0	0	0	0	1	2	1	1	2	2	0	0	1	2	0	1	0	0	0	3	0
ASV3990	1	2	0	0	0	0	0	0	0	0	0	0	0	0	2	0	1	0	0	0	0	1	0	0	1	0	1	0	2	0	0	3	0	5	1	0	0	0	0
ASV4016	3	1	1	2	0	0	2	0	0	2	0	0	0	0	0	0	0	0	0	1	1	0	0	2	0	2	2	0	0	0	0	0	0	0	1	0	0	0	0
ASV4019	1	0	1	0	0	0	1	0	0	0	0	0	0	1	2	1	3	1	2	0	2	2	2	0	1	0	0	0	0	0	0	0	0	0	0	0	0	0	0
ASV4036	3	2	1	1	1	2	1	0	0	0	0	0	0	0	0	0	0	0	0	2	0	0	0	0	0	2	2	1	0	0	0	0	0	0	1	1	0	0	0
ASV4090	2	1	0	0	1	0	0	0	0	0	0	0	0	0	0	0	0	0	0	1	0	0	0	0	0	0	1	0	0	0	0	10	1	2	0	1	0	0	0
ASV4156	1	2	0	0	0	0	0	0	0	0	0	0	0	0	0	0	0	0	0	0	0	0	0	0	0	0	0	0	0	0	0	0	6	5	4	0	1	1	0
ASV4188	3	0	0	0	1	0	0	1	0	3	1	0	0	0	0	0	0	0	0	0	0	0	3	1	2	1	3	1	0	0	0	0	0	0	0	0	0	0	0
ASV4214	0	2	1	1	0	0	0	0	0	1	0	0	0	0	0	0	0	0	0	1	0	0	0	1	3	0	0	0	1	0	0	0	3	0	0	0	0	6	0
ASV4249	2	2	0	1	1	1	0	0	0	1	0	0	0	0	0	1	0	0	0	4	0	0	0	0	1	2	0	2	2	0	0	0	0	0	0	0	0	0	0
ASV4283	0	0	1	0	1	0	0	2	0	0	0	0	0	0	0	0	0	0	0	0	0	0	0	0	0	0	0	0	0	0	0	2	4	2	3	2	0	2	1
ASV4291	1	0	2	0	0	0	1	0	1	2	0	0	1	1	0	0	0	0	0	1	0	0	0	1	1	3	1	0	1	0	1	0	0	0	1	1	0	0	0
ASV4318	2	0	1	0	0	0	0	0	0	1	0	0	0	0	0	0	0	0	0	0	0	0	0	1	0	0	0	0	0	0	0	1	3	7	3	0	0	1	0
ASV4330	5	0	0	1	0	0	0	0	0	1	0	0	0	0	0	1	1	0	0	0	3	1	1	1	0	2	2	0	0	0	0	0	0	0	0	0	0	1	0
ASV4334	5	4	1	0	1	0	0	0	0	0	0	0	0	0	0	0	0	0	0	1	0	0	0	0	0	1	2	0	0	2	1	0	0	0	0	1	1	0	0
ASV4342	3	1	2	1	0	1	0	1	0	0	0	2	0	0	0	0	0	0	0	2	0	0	0	2	0	1	1	1	1	0	0	0	0	0	0	1	0	0	0
ASV4386	4	0	1	0	0	0	0	0	0	1	0	0	0	0	0	0	0	0	0	2	0	0	0	2	1	0	0	0	0	0	0	0	3	2	1	0	2	1	0
ASV4389	1	0	0	0	0	0	0	0	0	1	0	0	1	0	0	0	0	0	0	0	0	0	0	0	0	0	0	0	0	0	0	2	0	1	1	0	2	10	1
ASV4409	2	1	0	0	0	0	0	1	0	0	1	0	1	0	0	0	0	0	0	0	3	0	0	0	0	0	0	1	2	1	0	3	1	0	1	0	0	1	1
ASV4421	2	0	1	1	1	0	1	0	0	2	0	0	0	0	0	0	0	0	0	0	0	0	0	1	0	0	1	0	0	1	0	2	1	1	0	0	0	1	4
ASV4436	1	1	1	1	0	0	1	2	0	1	0	0	0	0	0	0	0	0	0	1	0	0	0	1	0	0	0	0	0	0	1	0	0	5	3	0	0	1	0
ASV4447	0	1	0	0	0	0	1	0	0	0	0	0	0	0	0	0	0	0	0	0	0	1	0	0	1	0	0	0	1	0	0	0	2	1	1	0	2	9	0
ASV4464	1	3	1	0	1	0	2	1	0	0	0	0	0	0	1	0	0	0	0	1	1	0	0	1	1	2	1	0	1	0	0	0	0	1	1	0	0	0	0
ASV4468	0	1	0	0	0	0	0	0	0	0	0	0	0	0	0	0	0	0	0	0	0	0	0	0	0	0	0	0	0	0	0	0	0	0	0	0	0	19	0
ASV4477	0	0	0	0	1	0	0	0	0	0	0	0	0	0	0	0	0	0	0	0	0	0	0	0	1	0	0	0	0	0	0	0	8	3	6	0	0	0	1
ASV4522	1	0	0	0	3	0	0	0	0	0	1	2	2	0	0	1	3	0	0	0	2	2	0	1	0	0	2	0	0	0	0	0	0	0	0	0	0	0	0
ASV4540	0	1	1	0	0	0	1	2	0	2	0	0	0	0	0	0	0	1	0	0	0	1	0	3	0	0	1	1	2	0	0	0	1	0	0	1	0	2	0
ASV4567	1	0	1	2	0	0	0	0	3	0	0	0	0	0	0	0	0	0	0	0	0	0	0	0	1	3	0	0	1	0	0	1	0	2	0	0	0	5	0
ASV4578	0	1	0	0	0	0	0	0	0	1	0	2	0	0	0	1	2	0	0	0	0	6	1	0	0	1	0	0	0	0	2	0	0	0	0	0	3	0	0
ASV4620	1	0	0	0	0	0	0	0	0	0	0	0	1	1	2	1	4	2	3	0	0	1	0	0	0	0	0	0	0	1	3	0	0	0	0	0	0	0	0
ASV4678	0	2	0	1	0	1	4	0	1	1	1	0	0	0	2	0	0	0	0	0	0	0	0	1	4	0	2	0	0	0	0	0	0	0	0	0	0	0	0
ASV4741	3	0	0	0	0	1	1	1	0	0	0	0	0	0	3	0	3	0	1	0	0	0	2	0	0	0	0	1	0	0	0	1	0	1	0	0	0	2	0
ASV4748	0	3	2	0	1	0	0	0	1	0	1	1	0	0	0	0	0	2	0	2	0	0	0	1	0	0	1	2	1	0	1	0	0	0	0	0	0	0	1
ASV4750	2	0	0	2	0	0	1	0	1	1	0	1	1	1	1	0	0	0	0	1	1	1	0	0	0	0	0	0	2	0	0	2	0	0	0	0	0	2	0
ASV4772	1	0	0	0	0	1	0	0	3	4	1	0	0	0	0	0	0	0	0	0	0	0	0	0	3	0	0	0	0	0	0	0	0	0	0	0	0	5	2
ASV4778	0	0	1	2	0	1	1	2	0	0	0	0	0	0	0	1	0	0	1	1	0	0	0	0	0	1	0	0	0	0	0	1	0	0	0	0	0	8	0
ASV4794	0	0	0	0	0	0	0	0	0	1	0	0	0	0	0	0	0	0	0	0	0	0	0	0	0	0	0	0	0	0	0	0	1	2	1	15	0	0	0
ASV4795	3	0	0	0	0	0	0	0	0	0	0	0	0	0	0	1	0	0	0	0	0	0	0	2	0	3	0	0	0	1	0	0	0	0	0	0	0	0	10
ASV4798	1	1	0	1	1	0	0	1	2	1	0	0	0	1	1	0	0	0	0	1	0	3	2	0	0	1	1	1	0	1	0	0	0	0	0	0	0	0	0
ASV4813	0	0	0	0	0	0	0	0	0	0	0	0	0	0	0	0	0	0	0	0	1	0	0	0	0	0	0	0	0	0	0	5	0	6	0	0	0	2	6
ASV4831	1	1	2	1	0	2	0	0	0	1	0	0	0	0	0	0	0	0	0	0	0	0	0	1	1	0	1	1	0	0	0	0	4	1	1	1	0	0	1
ASV4845	0	2	1	1	0	1	0	1	0	1	0	0	0	1	0	2	0	0	0	0	1	3	0	0	0	0	3	2	0	0	0	0	0	0	1	0	0	0	0
ASV4862	2	1	0	0	0	0	1	0	0	0	0	0	0	0	0	0	0	1	0	0	0	0	0	0	0	0	0	0	1	0	0	3	0	3	2	0	3	1	2
ASV4875	7	0	0	0	0	0	0	0	0	1	0	0	0	0	0	0	4	1	0	0	2	5	0	0	0	0	0	0	0	0	0	0	0	0	0	0	0	0	0
ASV4876	0	0	0	0	0	0	0	0	0	0	0	0	0	0	0	0	0	0	0	0	0	0	0	0	0	0	0	0	0	0	0	0	14	5	1	0	0	0	0
ASV4903	2	2	0	0	0	0	1	0	0	0	0	0	0	0	0	0	0	1	0	1	0	0	0	0	0	1	1	1	0	0	0	2	1	1	1	0	3	1	1
ASV4959	1	2	3	1	0	1	0	1	0	2	0	1	0	0	1	0	0	0	0	2	0	0	0	1	0	1	1	0	1	0	0	0	0	0	0	0	0	1	0
ASV4979	3	3	2	0	0	1	1	0	0	0	0	0	0	0	0	0	0	1	0	1	0	0	1	0	2	0	0	2	1	0	1	1	0	0	0	0	0	0	0
ASV5038	1	2	1	1	0	0	0	1	0	1	0	0	0	0	0	0	0	0	0	0	0	0	0	1	2	0	0	0	0	0	0	5	1	3	1	0	0	0	0
ASV5050	3	1	2	1	0	0	0	0	0	0	0	0	0	0	0	0	0	0	0	2	0	0	0	1	0	1	1	1	2	0	0	0	1	0	0	0	1	3	0
ASV5060	2	0	0	0	0	0	0	0	0	0	0	0	0	0	0	0	0	0	0	0	0	0	0	0	0	0	0	0	0	0	0	0	0	0	0	3	0	15	0
ASV5080	2	1	0	0	0	0	0	0	0	1	0	1	0	1	1	0	3	1	2	0	1	1	0	0	1	2	0	1	0	0	0	0	0	0	0	0	0	0	1
ASV5108	2	2	1	0	1	2	1	0	0	0	0	3	1	0	3	1	0	0	0	0	0	0	0	0	0	0	0	0	0	1	0	0	1	0	1	0	0	0	0
ASV5141	2	0	3	0	0	0	0	1	1	3	1	0	0	0	0	1	0	0	0	0	0	0	0	0	1	1	1	0	1	0	0	0	0	0	2	0	0	2	0
ASV5146	4	1	0	0	0	0	0	1	1	0	0	0	0	0	0	0	0	0	0	0	0	0	0	1	0	1	0	1	0	0	0	2	0	2	2	2	1	1	0
ASV5150	0	1	1	0	0	0	0	1	1	0	0	0	0	0	0	0	0	0	0	0	0	0	0	1	0	0	1	0	0	0	0	0	1	3	3	7	0	0	0
ASV5167	3	0	1	0	0	0	1	1	0	0	0	0	0	0	0	0	0	0	0	0	0	1	0	2	0	0	0	0	0	0	0	0	3	1	1	0	0	6	0
ASV5182	0	1	1	0	1	1	2	0	0	1	0	1	0	0	2	0	0	1	1	0	0	1	0	1	2	1	0	1	0	0	0	0	0	0	0	1	0	1	0
ASV5202	1	0	0	0	0	0	0	0	0	0	0	0	0	0	0	0	0	0	0	0	0	0	0	0	0	0	0	0	0	0	0	0	7	3	2	4	2	1	0
ASV5244	3	0	1	0	0	0	0	0	0	1	0	0	0	0	0	0	2	0	3	0	3	1	0	1	0	1	1	0	0	0	0	1	0	2	0	0	0	0	0
ASV5258	6	1	0	2	1	1	2	1	0	0	0	0	0	0	0	0	0	0	0	0	0	0	0	2	1	3	0	0	0	0	0	0	0	0	0	0	0	0	0
ASV5264	2	1	1	2	1	0	0	2	0	1	1	0	0	0	0	0	0	0	0	1	0	0	0	2	0	1	2	1	1	1	0	0	0	0	0	0	0	0	0
ASV5282	0	1	2	1	3	1	1	2	3	0	0	1	0	0	0	0	0	0	0	0	0	0	0	1	0	0	0	3	0	0	0	0	0	0	0	0	0	0	1
ASV5312	1	1	1	0	0	0	1	1	0	0	0	0	0	2	0	0	2	1	0	2	0	2	0	0	2	2	0	1	0	0	0	0	0	0	1	0	0	0	0
ASV5322	0	0	0	0	0	0	0	0	0	0	0	0	0	0	0	0	0	0	0	0	0	0	0	0	0	0	1	0	0	0	0	2	3	2	2	9	0	1	0
ASV5324	2	0	1	0	1	0	0	1	0	1	1	0	0	0	0	1	0	0	0	0	0	0	0	0	2	0	1	1	0	0	0	0	0	0	2	0	0	5	1
ASV5329	0	0	0	0	0	0	0	0	0	0	0	0	0	0	0	0	0	0	0	0	0	0	0	0	0	1	0	0	0	0	0	4	8	2	1	2	0	1	1
ASV5362	0	1	2	0	0	0	0	0	0	0	0	0	0	0	2	2	1	0	2	1	1	5	0	0	1	0	0	0	0	1	1	0	0	0	0	0	0	0	0
ASV5364	2	4	0	1	2	0	2	0	0	2	0	0	0	0	0	0	0	0	0	1	0	0	1	0	1	2	0	2	0	0	0	0	0	0	0	0	0	0	0
ASV5373	1	0	0	0	0	0	0	0	0	2	0	0	0	0	1	1	0	0	0	0	0	1	0	0	0	0	1	0	1	0	0	2	0	2	2	0	2	3	1
ASV5395	8	0	1	0	1	0	1	0	1	0	0	1	0	0	1	0	0	0	0	1	0	0	0	0	0	2	1	1	1	0	0	0	0	0	0	0	0	0	0
ASV5405	0	1	0	0	0	0	0	0	0	0	0	0	0	0	0	0	0	0	0	0	0	0	0	1	1	0	4	0	0	0	0	2	2	0	1	7	0	1	0
ASV5407	8	1	1	0	0	0	0	0	1	2	0	0	0	0	0	0	0	0	0	0	0	0	0	1	2	0	1	0	1	0	0	0	0	1	0	0	0	1	0
ASV5428	4	1	0	1	1	1	0	1	1	2	0	0	0	0	0	0	0	0	0	0	0	0	0	3	2	2	0	1	0	0	0	0	0	0	0	0	0	0	0
ASV5477	0	0	0	0	0	1	0	0	0	1	1	0	0	0	0	1	0	0	0	2	0	0	0	0	0	1	0	0	0	1	0	2	0	4	2	1	2	0	1
ASV5497	5	1	1	0	0	1	0	0	0	0	0	0	1	0	1	0	0	2	1	0	1	1	2	0	0	0	0	0	0	2	0	1	0	0	0	0	0	0	0
ASV5544	0	0	0	0	0	0	0	0	1	0	0	0	1	0	0	0	1	0	0	0	0	1	1	0	0	1	0	0	0	0	0	4	1	3	1	0	1	3	1
ASV5563	4	4	1	0	1	0	1	2	0	0	0	0	0	0	0	0	0	0	2	1	0	0	0	0	0	3	0	1	0	0	0	0	0	0	0	0	0	0	0
ASV5643	0	0	0	0	0	0	0	0	1	0	0	0	0	2	1	0	0	0	0	0	0	0	1	0	0	0	0	0	0	0	0	2	2	7	1	1	1	1	0
ASV5677	1	0	0	1	1	0	0	0	0	0	0	1	0	0	0	1	0	0	0	0	0	0	0	1	0	1	1	0	1	0	0	1	3	5	1	1	0	0	0
ASV5693	1	0	0	1	3	0	1	0	1	0	0	0	0	0	0	0	0	0	0	6	0	0	0	0	0	0	0	0	1	0	0	0	0	2	1	3	0	0	0
ASV5697	0	2	1	1	0	0	0	2	0	1	0	0	0	0	0	0	0	2	0	2	1	0	2	1	0	2	1	1	0	0	0	0	0	0	0	0	0	1	0
ASV5717	0	1	0	1	0	0	0	0	0	4	1	1	0	0	0	0	0	0	1	3	0	0	0	1	3	0	1	0	3	0	0	0	0	0	0	0	0	0	0
ASV5732	1	4	2	0	0	0	2	0	0	0	0	1	0	0	0	0	0	0	1	1	0	0	1	0	2	0	0	0	0	0	2	0	0	2	1	0	0	0	0
ASV5738	1	1	1	2	0	0	0	0	0	0	0	0	0	0	1	1	1	0	2	0	0	3	0	0	1	0	0	1	0	0	0	0	0	1	0	0	0	4	0
ASV5751	7	3	1	0	0	0	0	1	0	0	0	0	0	0	0	0	0	0	2	1	0	0	1	2	0	0	2	0	0	0	0	0	0	0	0	0	0	0	0
ASV5753	0	1	0	0	1	1	0	2	2	0	0	1	0	0	0	0	0	0	0	1	0	0	0	0	1	2	3	2	1	0	0	0	0	0	0	0	2	0	0
ASV5758	2	0	0	0	0	1	1	0	0	0	0	0	1	0	1	0	1	0	1	4	0	0	1	2	1	0	0	0	1	1	0	0	1	0	0	0	0	1	0
ASV5776	2	0	0	1	2	0	0	0	0	1	0	0	0	0	0	0	0	0	0	0	1	0	0	2	2	2	3	0	0	0	1	0	0	3	0	0	0	0	0
ASV5790	0	0	1	0	3	0	1	0	0	7	0	0	0	0	0	0	0	0	0	2	0	0	0	0	1	0	1	1	3	0	0	0	0	0	0	0	0	0	0
ASV5813	5	0	2	0	0	0	0	0	0	3	0	0	0	0	0	0	0	0	0	0	0	0	1	4	1	1	0	0	0	0	0	0	0	0	0	0	0	3	0
ASV5850	0	1	1	5	0	0	0	1	0	0	0	1	0	0	0	1	0	1	0	0	0	0	0	1	4	3	0	0	0	0	0	0	0	1	0	0	0	0	0
ASV3513	0	0	0	0	0	0	0	0	0	0	0	0	0	0	0	0	0	0	0	0	0	0	0	0	0	0	0	0	0	0	0	2	14	1	2	0	0	0	0
ASV3585	1	0	1	1	0	0	0	0	0	0	0	0	0	2	2	2	5	2	1	0	0	0	0	1	0	0	1	0	0	0	0	0	0	0	0	0	0	0	0
ASV3615	2	1	0	2	0	0	2	0	0	2	0	0	0	0	0	0	0	0	0	1	0	0	0	1	0	1	1	0	1	0	0	2	0	1	1	0	1	0	0
ASV3619	0	2	1	0	2	1	1	0	4	0	1	0	0	0	0	0	1	0	0	0	0	0	0	0	0	0	2	0	1	2	1	0	0	0	0	0	0	0	0
ASV3723	1	0	1	0	1	0	0	0	2	0	0	0	0	0	0	0	0	0	0	0	0	0	0	1	1	1	0	0	0	0	0	2	1	3	1	0	0	3	1
ASV3764	3	1	0	0	0	0	0	0	0	0	0	0	0	0	0	0	0	0	0	0	0	0	0	0	0	1	0	0	0	0	0	0	11	0	1	1	0	0	1
ASV3775	0	0	0	0	0	0	0	0	0	0	0	0	0	0	0	0	0	0	0	0	0	0	0	0	1	0	0	0	0	0	0	2	14	0	1	0	0	1	0
ASV3949	1	3	0	0	0	1	0	1	0	2	0	0	0	0	0	0	0	0	0	0	0	0	0	0	0	1	0	1	1	0	0	0	0	5	2	0	1	0	0
ASV3951	1	0	1	0	3	0	0	0	1	0	0	1	0	0	0	1	0	0	0	0	0	0	0	2	4	1	2	2	0	0	0	0	0	0	0	0	0	0	0
ASV3965	1	3	2	0	0	0	0	0	0	1	0	0	0	0	0	0	0	0	0	2	0	0	0	2	0	0	1	0	1	0	0	1	1	0	1	0	3	0	0
ASV3991	1	0	0	0	0	0	0	2	1	1	0	1	0	1	1	0	3	0	0	0	2	0	1	0	0	2	0	0	0	0	1	1	0	0	0	0	0	1	0
ASV3999	0	0	0	0	0	0	0	0	0	0	0	0	0	0	0	0	0	0	0	0	0	0	0	0	0	0	0	0	0	0	0	0	4	2	2	0	11	0	0
ASV4002	1	1	1	0	0	0	0	0	0	0	0	0	1	0	0	0	0	0	0	2	1	0	0	1	0	0	0	1	0	0	0	1	1	0	0	4	0	4	0
ASV4161	0	0	0	0	1	0	0	0	1	1	0	0	0	0	0	0	0	0	0	0	0	0	0	1	1	0	0	0	0	0	0	5	1	2	5	0	1	0	0
ASV4168	0	2	0	1	1	1	0	0	1	2	0	0	0	0	0	0	0	0	0	0	0	0	0	2	1	0	1	0	1	1	0	0	1	1	1	0	2	0	0
ASV4169	0	0	0	0	0	0	0	0	0	0	0	0	0	0	0	0	0	0	0	1	0	0	0	0	0	0	0	0	0	0	0	0	0	5	3	10	0	0	0
ASV4171	6	2	0	1	2	1	0	2	0	1	0	0	0	0	0	0	0	0	0	1	0	0	0	0	0	0	0	2	1	0	0	0	0	0	0	0	0	0	0
ASV4172	4	1	0	0	0	0	0	0	0	0	0	0	0	0	0	0	0	0	0	0	0	0	0	0	0	2	1	0	0	0	0	1	4	1	1	1	0	3	0
ASV4221	1	0	1	0	1	4	0	0	0	2	0	0	0	0	0	0	0	0	1	1	0	0	0	1	0	1	0	2	0	0	0	0	0	1	0	0	0	3	0
ASV4255	0	1	0	0	0	0	1	0	0	0	0	0	0	0	0	0	0	0	0	0	0	0	0	0	0	0	0	0	1	0	0	0	9	2	0	5	0	0	0
ASV4266	1	0	0	1	0	0	0	0	1	0	1	0	1	0	0	1	1	3	1	1	1	1	2	0	0	1	1	0	0	1	0	0	0	0	0	0	0	0	0
ASV4271	0	1	2	0	1	0	1	0	1	2	0	0	1	0	0	0	0	0	0	1	0	0	0	0	1	1	0	1	1	0	0	3	0	0	1	0	0	0	1
ASV4278	3	0	0	0	0	0	0	0	0	0	0	0	0	0	0	0	1	0	3	2	0	2	1	1	0	0	0	0	0	0	2	0	0	2	1	0	0	1	0
ASV4315	0	1	0	0	0	1	0	0	0	0	0	0	0	1	0	0	0	0	1	0	0	0	0	0	1	0	0	0	0	0	0	5	0	2	3	0	2	2	0
ASV4341	1	0	2	1	0	1	0	1	0	1	0	0	0	0	0	0	0	0	0	2	0	0	0	1	2	3	1	1	1	0	0	1	0	0	0	0	0	0	0
ASV4360	2	0	1	0	0	1	1	2	0	1	0	0	0	0	0	0	0	0	0	1	0	1	0	3	0	0	1	0	0	0	0	0	1	0	0	4	0	0	0
ASV4367	0	0	0	1	0	1	0	0	0	0	0	0	0	0	0	0	0	0	0	0	0	0	0	1	0	0	0	0	0	0	0	1	8	3	1	0	0	2	1
ASV4370	0	0	0	0	0	0	0	0	0	0	0	0	0	0	0	0	0	0	0	0	0	0	0	0	0	0	0	0	0	0	0	2	1	1	1	7	6	1	0
ASV4384	0	0	1	0	0	0	0	0	0	0	0	0	0	2	1	0	2	0	2	1	0	1	0	1	1	0	0	0	0	4	0	1	0	2	0	0	0	0	0
ASV4385	0	0	0	0	0	0	0	0	0	0	0	0	0	0	0	0	0	0	0	0	0	0	0	0	0	0	0	0	0	0	0	2	1	0	1	9	6	0	0
ASV4407	0	0	0	0	1	0	1	0	0	0	0	0	0	0	0	1	0	0	1	1	0	1	1	3	0	0	2	0	0	0	2	0	0	0	2	0	0	3	0
ASV4445	4	0	0	0	0	0	2	0	2	2	0	0	0	0	1	1	0	0	0	1	0	0	0	0	0	0	0	0	0	0	0	0	0	0	0	0	0	4	2
ASV4452	3	0	0	1	0	0	0	0	0	0	0	0	0	0	0	0	0	0	0	0	0	0	0	0	0	0	1	0	1	0	0	2	3	1	2	0	1	3	1
ASV4480	1	0	0	1	0	0	4	1	0	0	0	0	1	1	0	1	0	1	0	1	0	2	0	0	0	0	0	1	0	0	2	0	0	0	0	0	0	0	2
ASV4481	0	0	0	0	0	1	0	1	0	0	0	0	0	0	0	0	0	0	0	0	1	0	0	0	0	0	0	0	0	0	0	0	0	0	0	0	1	13	2
ASV4484	2	0	0	0	2	1	0	1	0	1	2	0	0	0	0	1	0	1	1	0	1	1	2	0	1	1	0	1	0	0	0	0	0	0	0	0	0	0	0
ASV4510	1	0	1	0	1	1	0	0	0	1	0	1	1	0	0	0	1	2	0	0	1	0	1	0	2	3	0	0	1	0	0	0	0	0	0	0	0	1	0
ASV4514	1	0	0	0	1	0	0	0	0	0	0	0	0	0	0	1	1	0	0	3	1	0	0	1	2	0	1	0	0	3	0	2	2	0	0	0	0	0	0
ASV4521	4	1	2	0	0	0	1	0	1	0	0	0	0	1	1	0	0	0	1	2	0	0	0	0	0	0	0	0	1	0	0	1	0	0	0	0	0	3	0
ASV4557	0	0	0	0	0	0	0	0	0	0	1	0	0	0	0	0	0	0	0	0	0	0	0	0	0	0	0	0	0	0	0	1	3	5	0	1	1	7	0
ASV4575	0	1	0	1	0	0	0	0	0	0	0	0	0	0	0	0	0	0	1	0	0	0	0	0	1	1	0	0	0	0	0	3	2	1	0	0	1	5	2
ASV4582	0	0	0	0	0	0	0	0	0	0	0	0	0	0	0	0	0	0	0	0	0	0	0	0	0	0	0	0	0	0	0	0	3	0	6	10	0	0	0
ASV4591	4	0	1	0	1	0	2	1	0	0	0	0	0	0	0	0	0	0	0	1	0	1	0	0	1	2	0	0	2	0	1	1	0	0	0	0	0	1	0
ASV4613	0	0	0	0	1	0	0	0	0	0	0	0	0	0	0	0	0	0	0	0	0	18	0	0	0	0	0	0	0	0	0	0	0	0	0	0	0	0	0
ASV4642	1	0	1	0	0	1	1	0	4	1	0	0	0	0	0	0	0	0	0	2	0	0	0	0	3	3	1	0	1	0	0	0	0	0	0	0	0	0	0
ASV4665	0	0	0	1	0	0	1	0	0	0	0	1	0	2	2	0	1	3	1	1	0	0	5	0	0	0	0	0	0	0	1	0	0	0	0	0	0	0	0
ASV4667	0	0	1	0	0	1	0	0	0	0	0	0	0	0	0	0	0	0	0	0	0	0	0	0	1	2	0	1	0	0	0	3	1	6	1	0	0	0	2
ASV4674	1	1	1	0	0	0	0	2	0	0	1	1	0	0	0	0	0	1	1	0	0	0	0	0	4	0	0	1	1	0	0	2	0	1	1	0	0	0	0
ASV4690	0	0	0	0	0	0	0	0	0	0	0	0	1	0	0	0	0	0	0	0	0	1	0	0	0	0	1	1	0	1	0	3	0	3	0	0	4	3	1
ASV4762	4	3	0	0	1	0	0	0	0	2	0	0	0	0	0	0	0	0	0	1	0	0	0	6	0	1	1	0	0	0	0	0	0	0	0	0	0	0	0
ASV4786	2	0	0	1	2	1	1	4	1	0	0	0	0	0	1	0	0	0	0	0	0	0	1	0	1	2	0	1	0	0	0	0	0	0	0	0	0	1	0
ASV4807	0	1	0	0	0	0	0	2	0	2	0	0	0	0	0	1	0	1	0	0	0	0	0	1	4	0	0	1	0	0	0	2	0	3	1	0	0	0	0
ASV4814	0	0	0	0	0	1	0	0	1	1	0	4	1	0	1	3	0	0	0	0	0	0	0	0	1	0	1	0	0	2	3	0	0	0	0	0	0	0	0
ASV4837	4	0	1	0	0	0	0	0	0	0	0	0	0	0	0	0	0	0	1	2	0	1	1	0	1	1	1	0	1	0	0	1	0	2	2	0	0	0	0
ASV4900	0	0	0	0	0	1	0	0	0	0	0	0	0	0	0	0	0	0	0	0	0	0	0	0	0	0	0	0	0	0	0	0	1	6	3	0	2	0	6
ASV4911	2	1	0	2	0	0	0	0	0	3	0	0	0	0	0	0	0	0	0	1	0	0	0	2	1	5	2	0	0	0	0	0	0	0	0	0	0	0	0
ASV4925	0	2	0	1	1	1	0	0	0	0	0	0	0	0	0	0	0	0	0	1	0	0	0	0	4	4	1	1	1	0	0	0	0	0	0	0	0	1	1
ASV4926	0	0	0	0	0	1	0	0	0	1	0	0	0	0	0	0	0	0	0	0	0	0	0	0	0	0	0	0	0	0	0	0	0	1	0	0	2	12	2
ASV4940	2	0	0	0	0	1	0	1	0	0	0	0	0	0	0	0	0	0	0	0	0	0	0	0	0	0	0	0	0	0	0	0	4	1	1	9	0	0	0
ASV4981	0	0	0	0	0	0	0	0	0	0	0	0	0	0	1	1	0	0	0	0	0	0	0	0	0	1	0	1	0	1	0	2	1	2	0	0	1	7	1
ASV5000	6	3	0	0	0	1	1	0	0	0	0	0	0	0	0	0	0	0	0	0	0	0	0	1	0	1	1	0	0	0	0	0	0	0	0	0	0	3	2
ASV5001	1	1	0	0	1	0	1	0	0	2	0	0	0	0	0	0	0	0	0	3	0	0	0	0	0	1	0	0	1	1	0	1	0	1	1	0	1	3	0
ASV5033	1	2	1	0	0	1	0	1	0	2	1	0	0	0	0	0	0	0	0	3	0	0	0	1	1	0	4	0	1	0	0	0	0	0	0	0	0	0	0
ASV5034	2	2	1	1	0	1	0	1	0	2	0	0	0	0	0	0	0	0	0	0	0	0	0	2	3	0	1	0	0	0	0	0	0	0	0	1	0	0	2
ASV5035	2	3	0	3	1	0	1	0	0	1	0	0	0	0	0	0	0	0	0	0	0	0	0	1	0	0	1	1	0	0	0	3	0	2	0	0	0	0	0
ASV5036	0	0	0	0	0	0	0	0	0	0	0	0	0	0	0	1	0	0	0	1	0	0	0	1	0	0	2	0	0	0	0	1	3	3	1	0	4	2	0
ASV5037	5	2	0	0	0	0	0	0	0	0	0	0	0	0	0	0	0	0	0	1	0	0	0	0	0	1	0	0	0	0	0	3	0	2	0	0	0	0	5
ASV5127	1	0	1	0	0	0	0	0	2	0	0	0	0	0	0	0	0	0	0	1	0	0	0	0	0	1	1	0	0	1	0	0	0	5	3	0	2	0	1
ASV5128	0	0	0	0	0	0	0	1	0	0	1	0	0	0	0	0	0	0	0	0	0	0	0	0	1	0	0	0	0	0	0	1	3	4	3	5	0	0	0
ASV5130	0	2	0	1	1	0	2	3	0	0	0	0	1	0	0	0	1	0	0	2	0	0	0	1	1	0	1	1	0	0	0	0	0	0	0	0	2	0	0
ASV5136	0	0	0	0	0	0	0	0	0	0	0	0	0	0	0	0	0	0	0	0	0	0	0	0	0	0	1	0	0	0	0	2	0	9	5	0	2	0	0
ASV5148	0	2	2	0	2	1	1	0	1	0	0	0	0	1	0	0	0	0	0	1	0	0	0	3	1	1	0	1	1	0	1	0	0	0	0	0	0	0	0
ASV5160	0	2	2	1	3	3	0	1	0	0	0	0	0	0	0	0	0	0	0	1	0	0	0	1	0	1	0	0	1	0	0	0	0	0	1	0	2	0	0
ASV5188	0	1	0	0	0	0	0	0	0	1	1	0	0	0	0	0	0	0	0	0	0	0	0	2	1	0	2	0	1	0	0	1	1	1	1	1	1	4	0
ASV5196	1	4	2	2	0	1	0	1	0	1	1	0	0	0	0	0	0	0	0	0	0	0	0	2	0	1	0	0	2	0	0	0	0	0	0	1	0	0	0
ASV5235	0	1	2	1	4	2	0	0	1	1	0	0	0	1	0	0	0	0	0	1	0	0	0	0	0	0	0	0	1	0	1	0	0	0	0	0	0	1	2
ASV5251	0	0	0	0	0	0	0	0	0	0	0	0	0	0	0	0	0	0	0	0	0	0	0	0	0	0	0	0	1	0	0	0	0	3	4	7	1	2	1
ASV5290	0	0	0	0	1	1	0	0	0	0	0	0	0	1	1	1	1	0	0	1	0	4	1	0	0	2	0	1	0	3	1	0	0	0	0	0	0	0	0
ASV5332	0	1	0	0	0	0	0	0	0	0	0	0	0	0	0	0	0	1	0	0	0	0	0	0	0	0	1	1	0	0	0	0	4	4	2	5	0	0	0
ASV5355	0	1	0	0	1	0	0	0	1	0	0	0	0	0	0	0	0	0	0	1	0	0	0	1	0	0	0	0	0	0	0	0	0	0	0	14	0	0	0
ASV5361	0	0	2	0	0	0	0	0	0	0	1	1	0	0	0	0	3	0	0	0	0	0	0	0	0	1	0	0	0	0	1	1	1	2	1	0	2	3	0
ASV5363	3	3	1	0	1	0	0	0	0	3	0	0	0	0	0	0	0	0	0	1	0	1	0	1	2	0	2	0	0	0	0	0	0	0	0	0	0	1	0
ASV5390	0	0	0	0	0	0	0	0	0	3	0	1	0	1	1	2	2	2	2	0	0	2	1	0	0	0	1	0	1	0	0	0	0	0	0	0	0	0	0
ASV5398	1	1	0	1	1	0	0	0	0	0	1	0	0	0	0	0	0	0	0	1	0	0	0	1	2	1	1	0	0	0	0	2	0	4	2	0	0	0	0
ASV5404	0	0	0	0	0	0	1	0	0	0	0	0	0	0	0	1	1	0	0	0	0	0	0	0	0	1	1	0	1	0	0	0	2	0	0	0	1	7	3
ASV5414	3	0	0	0	0	0	0	0	0	0	0	0	0	0	0	0	0	0	0	0	0	0	0	0	1	0	0	0	0	0	0	0	2	5	4	4	0	0	0
ASV5429	2	2	1	1	0	0	1	0	0	2	0	0	0	0	0	0	0	0	0	1	0	0	0	1	0	3	1	0	0	0	0	0	1	0	0	0	0	3	0
ASV5434	0	0	2	0	1	0	0	1	0	1	0	0	1	0	2	0	0	1	1	0	0	0	0	6	1	0	0	0	1	1	0	0	0	0	0	0	0	0	0
ASV5455	0	2	0	2	0	0	1	1	0	2	1	0	0	1	0	0	0	0	1	1	0	0	0	0	2	1	1	0	1	0	0	2	0	0	0	0	0	0	0
ASV5474	0	1	0	0	0	2	2	0	0	0	0	0	0	1	0	0	0	0	0	3	0	0	1	1	1	1	0	0	0	0	0	0	2	2	1	1	0	0	0
ASV5476	0	1	1	0	0	0	0	0	0	0	0	0	0	0	0	0	0	0	0	0	0	0	0	1	0	0	0	1	0	0	0	1	0	8	3	0	1	2	0
ASV5517	6	0	1	0	0	0	0	1	0	0	0	0	0	0	0	0	0	0	0	1	0	0	0	1	3	2	0	0	0	0	0	1	1	0	0	1	0	0	1
ASV5526	0	0	0	0	0	0	0	0	0	0	0	0	0	0	0	0	0	0	0	0	0	0	0	1	0	0	0	0	1	1	0	2	2	3	0	5	3	1	0
ASV5560	3	0	0	0	0	0	1	0	0	1	0	1	0	0	0	0	0	0	0	1	1	0	0	0	0	0	1	0	0	0	0	2	1	0	0	1	3	2	1
ASV5579	7	3	0	1	1	1	0	1	0	1	0	0	0	0	0	0	0	1	0	0	0	0	0	0	0	1	0	0	1	0	0	0	0	0	0	0	0	1	0
ASV5582	0	0	0	0	0	0	0	0	0	0	4	3	10	0	0	1	0	0	0	0	0	1	0	0	0	0	0	0	0	0	0	0	0	0	0	0	0	0	0
ASV5593	1	3	0	2	1	0	0	1	0	1	0	1	0	0	0	0	0	0	0	1	1	0	0	0	0	1	0	0	0	0	0	0	1	1	0	1	3	0	0
ASV5645	1	0	1	1	0	1	0	0	0	0	0	0	0	0	0	0	0	0	0	0	0	0	0	0	0	0	0	0	0	0	0	3	0	4	1	0	1	5	1
ASV5669	0	1	0	1	0	1	0	0	1	5	0	0	0	0	0	0	1	0	0	2	0	0	0	0	2	4	0	0	0	0	0	1	0	0	0	0	0	0	0
ASV5671	0	3	0	0	1	2	0	0	0	0	0	0	0	0	0	0	0	0	0	2	0	0	1	1	0	2	2	0	0	0	0	2	0	1	0	0	0	2	0
ASV5678	0	2	0	0	1	0	0	1	0	2	0	0	0	0	0	0	0	0	0	1	0	0	0	2	0	0	2	1	1	0	0	0	0	2	3	0	1	0	0
ASV5689	2	2	1	1	0	1	0	1	0	0	0	0	0	0	0	0	0	0	0	1	0	0	0	1	0	2	1	1	0	0	0	0	0	1	0	0	0	2	2
ASV5703	0	0	0	1	2	1	1	1	0	0	1	1	0	0	0	0	0	0	0	1	0	1	0	0	1	1	1	2	0	0	0	0	0	0	0	0	0	0	4
ASV5725	2	3	1	0	0	0	0	0	0	3	0	0	0	0	0	0	0	0	0	2	0	0	0	1	2	0	0	3	2	0	0	0	0	0	0	0	0	0	0
ASV5766	2	0	0	0	0	0	0	0	1	0	0	0	0	1	1	0	2	0	0	1	0	0	1	0	0	0	0	0	2	2	6	0	0	0	0	0	0	0	0
ASV5798	8	2	0	0	0	3	0	0	0	0	0	0	0	0	0	0	1	2	0	0	0	0	1	1	0	0	0	0	1	0	0	0	0	0	0	0	0	0	0
ASV5840	1	0	3	0	1	1	0	1	0	3	0	0	0	0	0	0	0	0	0	0	0	0	0	0	0	0	0	0	0	0	0	0	0	2	2	4	0	1	0
ASV5867	6	1	1	1	0	0	0	0	2	0	0	0	0	1	0	0	3	0	0	0	0	1	2	0	1	0	0	0	0	0	0	0	0	0	0	0	0	0	0
ASV5917	4	2	0	0	0	1	1	2	1	0	0	0	0	0	0	0	0	0	0	2	0	0	1	0	3	0	0	0	0	0	1	0	0	0	0	0	0	1	0
ASV5933	0	0	0	2	0	0	0	1	0	0	0	0	0	0	0	0	0	0	0	1	0	0	0	0	5	0	1	0	0	9	0	0	0	0	0	0	0	0	0
ASV5935	1	0	0	0	0	1	0	1	2	0	2	0	0	0	1	1	0	1	0	2	0	0	1	0	0	0	0	0	0	4	0	0	0	0	0	0	0	2	0
ASV5952	1	1	1	0	1	0	1	2	1	0	0	0	0	1	0	0	0	0	0	1	0	0	0	1	1	0	0	0	0	0	0	1	1	2	0	0	3	0	0
ASV5956	0	1	0	0	1	0	0	1	0	0	1	0	0	0	1	2	0	1	0	3	2	2	0	0	0	0	0	1	0	0	0	1	0	1	0	0	1	0	0
ASV3939	0	0	0	0	0	0	0	0	0	0	0	0	0	0	0	0	0	0	0	0	0	0	0	0	0	0	0	0	0	0	0	3	7	2	5	1	0	0	0
ASV3947	1	0	1	0	0	2	1	0	0	0	0	0	0	0	0	0	0	0	0	1	0	0	0	0	1	0	0	1	1	0	0	1	1	4	1	2	0	0	0
ASV4058	0	1	1	0	0	0	0	0	0	0	0	1	2	1	0	0	0	4	0	0	0	0	1	1	0	0	1	2	1	0	0	0	0	0	1	1	0	0	0
ASV4158	2	0	1	0	0	0	0	0	0	1	0	0	0	0	0	0	0	0	0	3	0	0	2	0	1	1	0	2	0	0	0	0	1	1	0	2	1	0	0
ASV4170	0	0	0	0	1	0	0	0	0	0	0	0	0	0	0	0	0	0	0	0	0	0	0	0	0	0	0	0	0	0	0	0	10	1	1	1	4	0	0
ASV4194	1	1	0	1	1	1	0	0	0	1	0	1	0	0	0	0	0	0	0	0	0	0	0	0	0	0	0	1	1	0	0	0	1	2	0	6	0	0	0
ASV4230	3	2	1	0	1	1	2	0	0	1	0	0	0	0	0	0	0	0	0	0	0	0	0	0	1	0	4	0	0	0	0	0	0	2	0	0	0	0	0
ASV4243	0	0	0	0	0	0	0	1	0	0	0	0	0	0	0	0	0	0	0	0	0	0	0	0	0	0	0	0	0	0	0	4	6	0	5	2	0	0	0
ASV4267	0	1	0	0	0	0	1	0	0	0	0	0	0	0	0	0	0	0	0	0	0	0	0	2	0	0	0	0	0	0	0	2	10	0	1	0	1	0	0
ASV4280	4	1	0	1	0	0	1	0	0	0	0	0	0	0	0	0	0	0	0	4	0	0	0	0	2	2	2	0	0	0	0	0	0	0	1	0	0	0	0
ASV4303	1	1	0	0	0	0	0	0	0	0	0	0	0	0	0	0	0	0	0	0	1	0	0	0	0	0	0	0	0	0	0	4	0	9	0	0	0	1	1
ASV4312	1	0	1	2	1	0	1	0	1	2	1	0	0	0	0	0	0	0	0	2	0	0	0	0	1	1	2	1	0	0	0	1	0	0	0	0	0	0	0
ASV4320	3	1	2	0	0	0	0	0	0	0	0	1	0	0	0	0	0	0	0	1	0	2	1	0	0	2	1	1	0	0	0	1	0	1	0	0	0	0	1
ASV4321	0	5	0	2	1	0	0	0	0	1	0	0	0	0	0	0	0	0	0	2	0	0	0	0	2	2	2	1	0	0	0	0	0	0	0	0	0	0	0
ASV4340	2	0	0	1	0	0	0	0	0	1	0	0	0	0	0	0	0	0	0	0	0	0	0	1	0	0	1	0	0	0	0	4	1	1	1	5	0	0	0
ASV4361	0	0	0	0	0	1	0	0	0	0	0	0	0	0	0	0	0	0	0	1	0	0	0	0	0	2	2	0	0	0	0	0	0	0	12	0	0	0	0
ASV4377	0	0	0	0	0	0	0	0	0	0	0	0	0	0	0	0	0	0	0	0	0	0	0	0	0	0	0	0	0	0	0	0	1	9	3	5	0	0	0
ASV4391	0	1	0	0	0	0	0	0	0	0	0	0	0	0	0	0	0	0	0	0	0	0	0	0	0	0	0	0	0	0	0	0	4	4	1	8	0	0	0
ASV4465	4	0	0	0	0	0	1	0	0	1	0	0	0	0	0	1	0	1	1	1	1	1	1	0	0	1	0	1	1	0	1	0	0	0	0	0	0	1	0
ASV4469	2	1	0	1	0	0	0	0	0	1	0	0	0	0	0	0	0	0	0	1	0	0	0	0	0	0	0	0	0	0	0	0	7	2	0	0	1	2	0
ASV4498	2	0	0	0	1	1	0	0	0	0	0	0	0	0	0	0	0	0	0	0	0	0	0	0	1	0	0	0	0	0	0	0	0	0	2	11	0	0	0
ASV4535	0	3	0	2	0	0	0	0	1	1	0	0	0	0	0	0	0	0	0	1	0	0	0	2	2	2	1	0	1	0	1	0	0	1	0	0	0	0	0
ASV4542	0	0	0	0	0	0	0	0	0	0	0	0	1	1	4	0	1	1	3	0	2	2	1	1	0	0	1	0	0	0	0	0	0	0	0	0	0	0	0
ASV4583	1	3	1	0	1	0	2	0	0	0	0	0	0	0	0	0	0	0	1	0	1	0	0	0	2	0	1	0	1	0	0	0	0	3	0	0	0	1	0
ASV4607	3	1	0	1	1	2	1	0	0	0	0	0	0	0	0	2	0	0	0	2	0	0	0	0	0	0	0	0	0	0	0	1	0	3	1	0	0	0	0
ASV4624	0	1	1	0	1	0	2	2	0	1	1	0	0	0	0	0	1	0	1	1	0	0	0	2	2	0	0	0	1	0	0	1	0	0	0	0	0	0	0
ASV4627	4	1	0	1	2	0	0	0	0	0	0	0	0	0	0	0	0	0	0	4	0	0	0	3	0	1	0	1	0	0	0	0	0	0	0	1	0	0	0
ASV4693	0	1	0	1	0	0	2	0	1	1	0	0	1	0	1	0	0	0	0	1	0	0	1	3	1	0	0	2	0	0	1	0	0	0	0	0	0	1	0
ASV4705	10	3	0	0	1	0	0	0	0	0	0	0	0	0	0	0	0	0	0	0	0	0	0	0	0	2	0	0	0	0	0	1	1	0	0	0	0	0	0
ASV4717	2	0	1	0	0	0	1	0	1	1	0	0	0	0	0	0	0	0	0	0	0	0	0	0	0	0	0	0	0	2	0	2	1	4	1	0	0	2	0
ASV4722	0	0	2	1	0	1	0	0	0	1	1	1	0	0	1	0	0	0	0	0	1	0	1	0	0	0	0	0	2	0	0	1	0	1	0	0	2	2	0
ASV4728	0	0	0	0	1	0	0	0	0	1	0	0	0	0	0	0	0	0	0	0	0	0	0	0	0	0	0	0	0	0	0	0	0	0	0	0	0	0	16
ASV4732	5	1	0	1	0	0	0	0	2	0	0	0	0	0	0	0	0	0	0	1	0	0	0	0	2	0	0	0	0	0	0	1	1	0	1	0	1	2	0
ASV4782	0	2	1	2	0	0	0	2	1	3	0	0	0	0	0	0	0	0	0	1	0	0	0	1	0	1	0	1	0	0	0	0	0	0	2	0	0	1	0
ASV4800	0	2	1	2	0	0	0	1	2	1	0	0	0	0	0	0	0	0	0	1	0	0	0	0	3	0	1	2	2	0	0	0	0	0	0	0	0	0	0
ASV4827	0	0	0	1	0	1	0	0	0	4	0	0	0	0	0	0	0	0	0	1	0	0	0	0	1	2	0	0	0	0	1	1	0	0	0	1	5	0	0
ASV4841	0	1	0	0	0	0	0	0	0	0	0	0	0	0	0	0	0	0	0	0	0	0	0	0	0	0	0	0	0	0	0	2	12	2	1	0	0	0	0
ASV4882	0	2	1	1	0	2	2	1	0	0	0	0	0	0	0	0	0	0	0	3	0	0	0	0	0	2	1	1	1	0	0	0	0	0	0	1	0	0	0
ASV4923	0	0	0	0	0	0	1	0	0	0	0	0	0	0	1	1	1	1	2	0	0	4	3	0	0	0	1	0	1	0	0	0	1	1	0	0	0	0	0
ASV4958	0	0	0	0	0	1	0	0	0	0	0	0	0	1	0	8	3	2	0	0	1	1	0	0	0	0	0	0	0	1	0	0	0	0	0	0	0	0	0
ASV4965	4	0	2	0	0	1	0	0	0	3	0	0	0	0	0	0	0	0	0	0	0	0	1	3	0	0	1	0	0	0	0	0	0	0	0	0	0	2	1
ASV4997	1	1	0	0	0	1	1	0	0	1	0	0	0	0	0	0	0	0	0	2	1	0	0	0	0	2	1	0	0	0	0	1	0	4	1	0	0	1	0
ASV5003	0	2	0	0	0	2	1	0	1	0	0	0	0	0	0	0	2	2	1	1	0	0	0	2	1	0	0	1	0	1	0	0	0	0	0	0	0	1	0
ASV5007	0	0	1	0	0	0	0	0	0	0	0	0	0	0	0	0	0	0	0	0	0	0	0	0	1	1	0	0	0	0	0	2	0	1	4	0	2	5	1
ASV5014	0	0	0	0	0	0	0	0	0	1	1	0	0	2	1	2	2	6	1	0	0	1	0	1	0	0	0	0	0	0	0	0	0	0	0	0	0	0	0
ASV5031	1	1	1	0	0	0	0	0	0	1	0	0	0	0	0	0	0	0	0	2	0	0	0	0	0	1	0	0	1	0	0	0	0	6	3	1	0	0	0
ASV5046	0	1	0	0	0	0	0	0	0	1	0	0	0	0	0	0	0	0	0	1	0	0	0	1	0	1	1	0	1	0	0	0	0	0	0	11	0	0	0
ASV5063	0	0	0	0	0	1	0	0	0	3	0	0	0	1	0	0	0	0	0	1	0	2	4	0	1	0	1	0	0	0	0	0	0	2	0	0	1	1	0
ASV5064	1	1	0	1	1	1	0	0	0	2	0	0	0	0	0	0	0	0	0	4	0	0	0	1	1	1	1	0	1	0	0	0	0	0	0	0	2	0	0
ASV5072	3	0	0	0	3	0	0	0	0	0	0	0	0	0	0	0	0	0	0	0	0	0	0	1	0	0	0	0	0	0	0	3	2	1	2	3	0	0	0
ASV5086	1	0	1	1	1	0	1	0	0	2	0	0	0	0	0	0	0	0	0	0	0	0	0	0	0	0	0	0	0	0	1	2	1	1	0	0	0	6	0
ASV5113	3	2	2	0	2	0	0	1	0	2	0	0	0	0	0	0	0	0	0	0	0	0	0	0	1	2	3	0	0	0	0	0	0	0	0	0	0	0	0
ASV5119	0	1	0	0	1	0	1	2	2	0	0	0	0	0	0	0	0	0	0	2	0	0	1	0	1	0	1	1	0	0	0	0	1	2	1	1	0	0	0
ASV5165	0	1	1	0	1	1	0	1	0	1	0	1	1	0	0	0	0	0	0	2	0	0	0	2	0	1	0	0	0	0	0	0	0	1	0	0	0	3	1
ASV5203	1	2	1	0	0	0	0	1	0	0	0	0	0	0	0	0	0	0	0	0	0	2	6	0	0	0	0	0	0	2	2	0	0	1	0	0	0	0	0
ASV5209	1	0	0	2	0	0	0	0	0	1	0	0	0	0	0	0	0	0	0	0	0	0	0	0	0	2	3	1	0	0	0	1	0	2	2	3	0	0	0
ASV5212	1	0	0	0	0	0	0	0	0	0	0	0	0	0	0	0	0	0	0	0	0	1	0	0	1	1	0	0	1	0	0	3	0	4	1	0	0	3	2
ASV5229	4	2	0	0	0	0	0	0	0	2	0	0	0	0	1	0	0	0	0	1	0	0	0	1	4	0	0	0	0	0	0	0	0	0	0	0	0	2	1
ASV5240	3	1	1	0	1	4	1	0	0	3	1	0	0	0	0	0	0	0	0	2	0	0	0	0	0	1	0	0	0	0	0	0	0	0	0	0	0	0	0
ASV5256	0	2	1	0	2	1	2	0	0	2	0	1	0	0	0	0	0	0	0	1	0	0	0	0	3	1	0	1	1	0	0	0	0	0	0	0	0	0	0
ASV5268	7	0	0	1	0	0	1	0	0	0	1	0	0	0	0	1	0	0	0	2	0	1	0	0	1	2	0	0	1	0	0	0	0	0	0	0	0	0	0
ASV5281	1	0	2	1	0	1	0	0	0	0	0	0	0	0	0	0	0	0	0	4	0	0	1	0	1	1	0	1	1	0	0	1	0	1	0	0	0	1	1
ASV5317	3	1	1	0	0	0	0	0	2	1	0	0	0	0	0	0	1	0	0	1	0	0	1	0	0	0	2	1	1	0	0	0	1	0	0	0	0	2	0
ASV5334	3	1	0	0	0	0	0	0	2	0	0	0	0	0	1	0	0	0	1	1	0	1	0	0	0	0	0	0	0	1	0	2	0	0	2	0	1	2	0
ASV5341	0	0	0	1	1	3	1	2	0	1	1	0	1	0	0	0	0	0	0	2	0	0	0	0	1	1	2	0	1	0	0	0	0	0	0	0	0	0	0
ASV5400	0	2	2	0	2	1	0	1	0	1	1	0	0	0	0	0	0	0	1	3	0	0	0	0	1	2	0	0	0	0	0	0	0	0	0	0	0	1	0
ASV5403	0	0	0	0	1	0	0	0	0	0	0	1	0	0	0	0	0	0	0	0	0	0	0	0	0	0	0	0	0	0	0	0	0	1	11	1	2	1	0
ASV5415	2	0	1	1	1	0	0	0	0	1	0	1	0	0	0	0	0	0	0	0	0	0	0	1	1	4	2	0	1	0	0	0	0	0	0	0	0	1	1
ASV5482	0	1	0	4	0	0	1	0	0	0	0	0	0	0	1	0	0	0	0	0	0	2	0	1	0	0	0	1	1	2	0	0	0	2	1	0	0	0	1
ASV5487	0	0	2	0	0	0	0	0	3	0	0	0	0	1	2	1	1	0	0	0	3	0	1	0	1	0	0	0	0	0	0	1	0	0	0	0	0	0	2
ASV5513	0	0	0	0	0	0	0	0	0	0	0	0	0	0	0	0	0	0	0	1	0	0	0	0	0	0	1	1	0	0	1	5	1	1	1	0	4	2	0
ASV5559	3	0	0	0	0	0	0	0	0	0	0	0	0	0	0	4	0	1	0	4	1	0	0	1	2	0	0	0	0	0	0	0	0	1	0	0	0	1	0
ASV5596	1	1	0	2	0	0	0	1	0	0	0	0	0	1	0	0	0	1	1	1	1	0	0	0	1	1	1	1	1	0	0	0	0	0	2	1	0	0	0
ASV5607	0	0	0	0	0	0	0	0	0	0	0	0	0	0	0	0	0	0	0	0	0	0	0	0	0	0	0	0	0	0	0	2	6	3	3	3	0	1	0
ASV5625	1	0	0	0	0	1	0	0	0	1	0	0	0	0	0	1	0	0	0	0	0	0	1	2	1	0	0	0	0	1	1	1	0	1	1	1	3	1	0
ASV5636	2	2	0	0	2	1	2	0	0	2	0	0	0	0	0	0	0	0	0	0	0	0	0	4	3	0	0	0	0	0	0	0	0	0	0	0	0	0	0
ASV5683	1	1	1	0	2	3	0	1	1	0	0	0	0	0	2	1	0	1	0	1	0	0	0	0	1	0	0	0	2	0	0	0	0	0	0	0	0	0	0
ASV5727	0	0	0	0	1	0	0	0	0	0	0	0	0	0	0	0	0	0	0	0	0	0	0	0	0	0	0	0	0	0	0	1	1	5	4	0	1	4	1
ASV5730	4	0	2	1	0	1	1	0	0	1	0	0	0	0	0	0	0	0	0	1	0	0	0	1	2	0	1	1	0	0	0	0	0	0	0	2	0	0	0
ASV5746	0	1	0	0	0	1	1	0	0	1	0	0	0	0	0	0	0	0	0	1	0	0	0	1	0	0	2	0	2	0	0	0	1	1	2	4	0	0	0
ASV5748	0	1	0	0	0	0	0	1	0	1	1	0	0	0	0	0	0	0	0	1	0	0	1	0	1	0	2	3	1	0	0	0	0	0	0	0	0	4	1
ASV5777	0	0	0	0	1	0	0	0	0	0	0	0	0	0	0	0	0	0	0	1	0	0	0	0	0	0	0	0	0	0	0	0	2	2	3	9	0	0	0
ASV5778	0	1	0	0	0	0	1	1	1	0	1	0	0	1	0	1	0	3	0	1	3	0	0	1	0	0	0	0	0	1	0	0	0	1	0	0	0	1	0
ASV5805	0	1	1	0	0	0	1	0	1	0	0	0	0	0	0	0	0	0	0	2	0	0	0	0	2	3	1	0	1	0	0	0	0	0	0	5	0	0	0
ASV5812	1	1	0	0	0	4	0	0	0	0	0	0	0	0	0	0	0	0	0	1	0	1	0	0	1	0	0	0	0	0	0	0	1	2	3	2	1	0	0
ASV5819	3	0	0	3	0	0	0	0	0	0	0	0	0	0	0	0	0	0	0	0	0	0	0	0	0	0	0	0	0	0	0	0	3	2	1	6	0	0	0
ASV5828	0	0	0	0	0	0	0	0	0	0	0	0	0	0	1	0	0	0	0	1	0	0	0	0	0	0	0	0	0	0	0	7	4	2	0	0	2	1	0
ASV5836	3	1	0	1	0	0	0	0	0	1	0	0	0	0	0	0	2	0	2	2	0	1	1	0	0	0	1	0	0	0	0	0	0	0	1	0	2	0	0
ASV5837	2	3	0	1	1	1	0	0	0	1	0	0	0	0	0	1	0	0	0	2	1	0	0	0	0	0	0	0	0	0	0	0	0	0	2	0	0	2	1
ASV5843	2	1	0	0	0	0	1	0	0	1	0	0	0	0	0	0	0	0	0	1	0	0	0	2	1	3	2	1	1	0	0	1	0	1	0	0	0	0	0
ASV5859	0	1	2	0	1	2	2	0	0	1	0	0	0	0	0	0	0	0	0	0	0	0	0	1	4	2	1	0	0	1	0	0	0	0	0	0	0	0	0
ASV5860	0	0	0	2	1	0	2	1	2	0	2	1	0	0	0	0	0	0	0	1	0	0	0	1	1	1	0	1	2	0	0	0	0	0	0	0	0	0	0
ASV5887	0	0	0	0	0	0	0	0	0	0	0	0	0	0	1	0	0	1	1	0	0	2	2	0	0	0	1	0	0	2	0	3	1	2	0	0	0	1	1
ASV5908	2	2	0	0	0	1	0	1	0	0	0	0	0	0	0	0	0	0	0	2	0	1	0	1	1	0	0	1	1	0	0	0	4	0	0	1	0	0	0
ASV5948	2	1	1	0	2	0	1	1	1	1	0	0	0	0	0	0	0	0	0	0	0	0	1	2	2	1	0	0	1	0	0	1	0	0	0	0	0	0	0
ASV5954	0	0	0	0	0	0	0	0	0	0	0	1	2	0	0	0	2	0	3	0	1	2	3	0	0	0	0	1	0	0	0	1	0	1	1	0	0	0	0
ASV5955	1	1	0	1	1	2	1	0	0	2	0	1	0	0	0	0	0	0	0	1	0	0	0	0	5	2	0	0	0	0	0	0	0	0	0	0	0	0	0
ASV3548	2	2	0	0	0	2	0	0	0	0	0	0	0	0	0	0	1	0	1	0	1	0	0	0	1	2	0	1	0	0	1	0	0	1	0	0	0	1	1
ASV3603	0	0	2	0	0	2	1	0	0	0	1	0	0	0	0	0	0	0	0	1	0	0	0	2	6	1	0	0	1	0	0	0	0	0	0	0	0	0	0
ASV3610	0	0	0	0	0	0	0	0	0	0	0	0	0	0	0	0	0	0	0	0	0	0	0	0	0	0	0	0	0	0	0	0	13	2	1	1	0	0	0
ASV3839	0	0	0	0	0	0	0	0	0	0	0	0	0	0	0	0	0	0	0	0	0	0	0	0	0	0	0	0	0	0	0	2	3	5	0	0	6	0	1
ASV3935	0	1	2	1	0	1	1	0	0	0	0	0	1	2	2	0	0	1	0	1	0	0	0	0	0	0	3	0	1	0	0	0	0	0	0	0	0	0	0
ASV3943	2	0	0	0	0	0	0	0	0	0	0	1	1	2	0	0	1	4	1	0	1	1	1	0	0	1	0	0	0	1	0	0	0	0	0	0	0	0	0
ASV3980	0	0	2	0	0	1	0	0	0	2	0	0	0	0	0	0	0	0	0	1	0	0	4	2	0	0	0	0	0	0	1	0	0	0	1	0	0	3	0
ASV4073	0	0	0	1	0	1	0	0	0	0	0	0	0	0	0	0	0	0	0	1	0	0	0	0	0	0	0	0	0	0	0	0	6	1	1	3	3	0	0
ASV4162	1	0	0	0	0	0	0	0	0	0	0	0	0	0	0	0	0	0	0	0	0	0	0	1	0	1	0	0	0	0	0	0	0	0	14	0	0	0	0
ASV4176	0	0	0	0	0	0	0	0	0	0	2	0	0	0	0	0	3	0	0	0	1	4	1	0	0	0	1	0	0	3	1	0	0	0	0	0	0	1	0
ASV4216	5	0	0	0	0	0	1	0	0	0	0	1	0	0	0	0	0	0	0	0	0	0	0	0	2	2	1	2	2	0	0	0	0	0	0	0	0	1	0
ASV4268	1	0	1	0	1	1	1	0	0	2	0	0	0	0	2	0	2	0	0	0	0	0	0	1	0	0	1	0	1	0	0	0	0	1	2	0	0	0	0
ASV4287	0	1	1	0	0	0	0	1	0	2	0	0	0	0	0	0	0	0	1	1	0	0	0	1	0	2	0	0	1	0	0	0	0	0	3	3	0	0	0
ASV4297	4	1	0	0	0	0	0	1	1	0	1	0	0	0	0	1	0	0	0	0	0	3	0	1	0	0	0	0	1	0	3	0	0	0	0	0	0	0	0
ASV4337	0	0	0	0	0	0	0	0	0	1	0	0	0	0	0	0	0	0	0	0	0	0	0	0	0	0	1	0	0	0	0	4	0	0	3	2	3	3	0
ASV4485	0	0	0	0	0	1	0	0	0	0	0	0	0	0	0	0	0	0	0	0	0	0	0	0	0	0	0	0	0	0	0	0	0	0	16	0	0	0	0
ASV4497	1	0	0	0	0	0	0	0	0	0	0	0	0	0	0	0	0	0	0	0	0	0	0	0	0	0	0	0	0	0	0	1	5	1	5	0	3	1	0
ASV4499	0	0	0	0	0	0	0	0	0	0	0	0	0	0	0	0	0	0	0	0	0	0	0	0	0	0	0	0	0	0	0	5	6	2	2	0	2	0	0
ASV4506	2	2	1	1	1	1	0	0	0	1	0	0	0	0	0	0	0	0	0	0	0	0	0	2	2	0	0	1	2	0	0	0	0	0	0	1	0	0	0
ASV4526	1	0	0	0	0	0	0	0	0	0	0	0	0	0	0	0	0	0	0	0	0	0	0	0	0	0	1	0	0	0	0	0	0	1	0	14	0	0	0
ASV4550	0	0	0	0	0	0	0	1	0	0	0	0	0	0	0	0	0	1	2	0	2	6	0	0	1	0	0	0	0	0	3	0	0	0	0	0	0	0	1
ASV4561	1	1	0	0	1	0	0	0	0	0	0	0	0	1	0	0	0	0	0	0	2	1	2	1	0	1	1	0	0	0	1	0	0	3	0	0	0	1	0
ASV4589	2	0	0	0	0	0	0	0	0	0	0	0	0	0	1	0	0	0	0	0	0	0	0	0	0	1	0	0	0	0	0	6	0	3	0	0	0	3	1
ASV4594	0	1	0	0	0	0	0	0	0	0	0	0	0	0	0	0	0	0	0	0	0	0	0	0	0	0	0	0	0	0	0	1	0	1	1	9	1	3	0
ASV4608	0	0	0	0	0	0	0	0	0	4	0	0	0	0	0	0	0	0	0	0	1	0	0	1	0	0	2	0	0	0	0	1	1	2	3	1	0	0	1
ASV4609	1	2	0	1	1	2	0	1	1	1	0	0	0	0	0	0	0	0	0	2	0	0	0	1	0	2	0	2	0	0	0	0	0	0	0	0	0	0	0
ASV4630	1	0	1	0	0	0	0	0	0	0	0	0	0	1	1	1	1	0	4	0	3	1	0	1	1	0	0	0	0	0	1	0	0	0	0	0	0	0	0
ASV4637	0	1	1	0	2	0	0	0	0	0	0	0	0	0	0	2	3	0	1	0	1	2	0	0	0	0	0	0	0	0	4	0	0	0	0	0	0	0	0
ASV4647	0	1	0	0	0	1	0	1	2	0	0	0	0	0	0	0	0	1	0	1	0	0	0	0	0	1	0	0	1	1	0	0	0	1	3	1	0	2	0
ASV4664	2	0	1	0	0	0	0	1	1	2	0	1	0	0	0	0	0	0	0	0	0	1	0	1	2	1	2	0	2	0	0	0	0	0	0	0	0	0	0
ASV4682	0	1	0	0	0	0	0	0	0	1	0	0	0	0	0	0	0	0	0	0	0	0	1	1	0	0	0	0	0	0	0	0	0	0	0	0	0	0	13
ASV4702	2	1	2	0	0	2	0	0	0	2	0	0	0	0	0	0	0	0	0	2	0	0	0	0	0	1	0	0	0	0	0	0	2	0	2	0	1	0	0
ASV4721	0	0	0	0	1	2	0	0	1	0	0	0	1	0	0	0	0	1	1	2	0	0	0	4	1	0	0	1	2	0	0	0	0	0	0	0	0	0	0
ASV4740	0	0	0	0	0	0	0	1	0	0	0	0	0	0	0	0	0	0	0	0	0	0	0	0	1	0	0	0	1	0	0	2	4	0	0	3	4	1	0
ASV4749	0	1	1	0	0	0	1	1	0	1	0	0	0	0	0	0	0	0	0	0	0	0	0	0	0	0	0	0	0	0	0	0	1	0	1	0	0	8	2
ASV4773	1	0	0	0	0	0	2	0	0	0	0	0	0	0	0	0	0	0	0	3	0	0	0	4	1	0	1	0	0	0	0	0	0	0	0	5	0	0	0
ASV4806	0	2	1	0	1	0	1	0	0	3	0	0	0	0	0	0	0	0	0	1	0	0	1	1	0	0	1	0	3	0	0	0	0	0	1	0	1	0	0
ASV4812	0	0	0	0	0	0	0	0	0	0	0	0	0	0	0	0	0	0	0	0	0	0	0	2	0	0	0	0	0	1	0	0	0	3	2	1	1	7	0
ASV4840	0	0	0	0	0	0	0	0	0	0	0	0	0	0	0	0	0	0	0	0	0	0	0	0	1	1	0	0	0	0	0	0	0	0	0	0	0	15	0
ASV4856	2	4	1	2	0	0	2	0	0	0	0	0	0	0	0	0	0	0	0	0	0	0	0	1	0	0	2	0	0	0	0	0	1	1	0	1	0	0	0
ASV4857	0	1	1	1	0	1	1	0	0	0	0	0	0	0	0	0	0	1	0	1	0	0	0	1	0	0	0	0	1	0	0	3	0	1	1	2	1	0	0
ASV4866	2	0	0	0	0	0	0	0	0	0	0	0	0	0	0	0	0	0	0	1	0	0	0	0	1	0	0	0	0	0	0	3	3	1	2	0	1	3	0
ASV4867	1	0	3	0	1	0	0	0	0	0	0	0	0	0	0	0	0	0	0	0	0	0	0	1	0	0	0	0	2	0	0	2	4	2	0	0	1	0	0
ASV4870	1	4	0	0	1	0	0	1	0	1	0	0	0	0	0	0	0	0	0	1	0	0	0	1	2	1	4	0	0	0	0	0	0	0	0	0	0	0	0
ASV4872	1	0	1	2	0	0	0	0	0	0	0	0	0	0	0	0	0	0	0	0	0	0	0	0	0	0	0	0	0	0	0	1	11	0	1	0	0	0	0
ASV4887	2	3	0	0	0	1	0	1	0	0	0	0	0	3	0	0	1	0	0	0	0	1	2	1	1	0	0	0	0	1	0	0	0	0	0	0	0	0	0
ASV4905	1	1	0	0	0	1	0	1	0	3	0	0	0	1	0	0	0	0	0	1	0	0	2	0	2	2	0	1	1	0	0	0	0	0	0	0	0	0	0
ASV4945	0	0	1	0	0	1	0	0	0	0	0	0	0	0	0	0	0	0	0	0	0	0	0	1	0	0	0	1	0	0	0	1	0	5	4	0	3	0	0
ASV4949	0	0	0	1	0	0	3	3	0	0	4	0	1	0	0	0	0	0	0	0	0	0	0	2	0	0	0	0	2	0	0	0	0	0	0	0	0	1	0
ASV5011	2	0	0	0	0	1	0	0	0	2	0	0	0	0	0	0	0	0	0	0	0	0	0	0	0	0	0	0	0	0	0	0	0	0	0	0	0	11	1
ASV5017	1	1	0	2	2	2	1	0	0	0	0	0	0	0	0	0	0	0	0	1	0	0	0	1	1	1	0	2	2	0	0	0	0	0	0	0	0	0	0
ASV5043	3	0	0	0	0	0	0	0	0	1	1	0	1	0	1	0	0	0	2	0	0	1	1	1	2	1	0	0	0	0	1	1	0	0	0	0	0	0	0
ASV5125	0	0	0	2	0	0	0	0	0	1	0	0	0	0	0	0	0	0	0	2	0	0	0	0	0	0	1	0	0	0	0	1	0	0	1	7	0	1	1
ASV5152	0	2	1	3	0	1	0	1	1	1	0	0	0	0	0	0	0	1	0	0	0	0	0	0	3	0	0	0	0	0	0	0	0	1	0	2	0	0	0
ASV5157	0	1	0	1	1	2	0	2	0	0	0	0	0	0	0	0	0	0	0	3	0	0	0	1	1	1	2	1	1	0	0	0	0	0	0	0	0	0	0
ASV5211	0	0	0	4	0	5	1	2	0	0	0	1	0	0	0	0	0	0	0	1	0	0	0	0	0	0	0	2	1	0	0	0	0	0	0	0	0	0	0
ASV5222	0	0	0	0	0	0	0	0	0	1	0	0	0	0	0	0	0	0	0	0	0	0	0	0	0	0	0	1	1	0	0	1	4	2	3	3	1	0	0
ASV5236	1	0	2	1	0	1	1	1	1	0	0	1	1	2	1	0	2	0	0	0	0	0	0	0	0	0	1	0	1	0	0	0	0	0	0	0	0	0	0
ASV5262	2	0	0	0	0	0	0	0	0	0	0	0	0	0	0	0	0	0	0	0	0	0	0	0	0	0	0	0	0	0	0	0	0	0	9	6	0	0	0
ASV5274	0	0	0	0	0	0	0	1	0	0	3	0	0	0	0	0	1	0	0	0	0	0	0	1	1	1	0	0	4	0	0	0	0	1	0	1	2	1	0
ASV5292	0	0	0	1	0	0	0	0	0	0	0	0	0	0	0	0	0	0	0	0	0	0	0	0	0	0	0	0	0	0	0	7	0	2	4	0	1	2	0
ASV5378	2	0	0	0	0	0	0	0	0	0	1	0	0	0	0	0	0	0	0	0	0	2	0	0	0	0	0	0	1	0	0	2	1	3	4	0	0	1	0
ASV5396	0	1	0	1	0	0	1	0	0	2	0	0	0	0	0	0	0	0	0	0	0	0	0	0	0	0	0	0	0	0	0	2	1	4	1	0	0	3	1
ASV5442	0	2	1	2	0	0	1	0	1	4	0	0	0	1	1	0	0	0	0	0	0	0	1	0	0	0	1	0	0	1	1	0	0	0	0	0	0	0	0
ASV5472	1	1	0	0	1	0	0	0	0	1	0	0	0	0	0	0	0	0	0	3	0	0	0	0	2	2	3	1	1	0	0	0	0	1	0	0	0	0	0
ASV5498	0	0	1	1	0	0	0	1	0	0	0	0	0	0	0	0	0	0	0	0	0	0	0	0	0	0	0	0	1	0	0	2	0	5	6	0	0	0	0
ASV5530	1	0	0	0	0	0	0	0	0	0	0	0	0	0	1	0	0	0	0	1	0	0	0	0	0	0	0	1	0	0	0	4	5	1	1	1	0	0	1
ASV5573	2	3	0	1	0	0	0	0	0	0	0	0	0	1	0	0	0	0	0	0	0	0	0	0	1	1	0	1	1	1	0	0	3	0	0	2	0	0	0
ASV5597	0	1	0	1	0	0	1	0	1	0	0	0	3	0	0	0	0	3	0	2	0	0	0	0	0	1	0	0	1	0	0	0	0	1	0	2	0	0	0
ASV5610	0	1	4	0	0	0	0	0	0	0	0	0	0	0	0	0	0	0	1	1	0	0	0	0	0	0	0	0	0	0	0	0	5	2	1	0	0	2	0
ASV5666	0	0	1	1	2	1	1	0	0	0	0	0	0	0	0	0	0	0	0	2	0	0	0	0	0	3	2	0	0	1	1	0	0	0	0	0	0	2	0
ASV5672	2	0	1	1	2	0	0	0	0	1	1	0	0	0	0	0	0	0	0	0	0	0	3	1	0	1	1	0	1	1	0	0	0	0	0	0	0	1	0
ASV5741	1	1	0	2	0	0	1	0	0	0	0	0	0	0	0	0	0	0	0	1	0	0	0	2	2	3	1	0	2	0	0	0	0	0	0	1	0	0	0
ASV5749	1	0	1	0	0	1	0	0	0	2	0	1	0	0	1	0	0	0	0	0	0	0	0	0	0	0	0	0	1	0	0	3	0	1	2	0	0	3	0
ASV5780	0	0	0	0	0	0	0	2	0	0	0	0	0	0	0	0	0	0	0	1	0	0	0	0	0	0	0	0	0	0	0	2	0	2	0	2	6	2	0
ASV5801	4	2	0	1	0	0	0	0	0	0	0	0	0	0	0	1	1	0	2	0	1	3	0	0	0	0	0	0	0	0	1	0	0	0	0	0	0	1	0
ASV5807	0	3	0	0	1	0	0	1	2	1	0	0	0	0	0	0	0	1	0	0	0	1	1	1	0	2	0	1	2	0	0	0	0	0	0	0	0	0	0
ASV5851	0	0	0	1	0	1	2	0	0	0	0	1	0	0	1	8	0	0	0	0	0	0	0	1	0	0	0	0	2	0	0	0	0	0	0	0	0	0	0
ASV5879	3	0	0	0	0	2	5	0	0	0	0	0	0	0	0	0	0	0	1	0	0	0	0	0	2	0	1	0	1	1	0	0	0	1	0	0	0	0	0
ASV5885	2	1	0	0	0	0	1	0	0	1	0	0	0	0	0	0	0	0	0	0	0	0	0	1	1	1	0	0	0	0	0	6	0	2	0	0	1	0	0
ASV5900	7	3	0	0	0	0	0	1	1	3	0	0	0	1	0	0	0	0	0	0	0	0	0	0	0	0	0	0	0	0	0	0	0	0	0	0	0	1	0
ASV5925	0	0	0	0	0	0	0	0	0	0	0	0	0	0	0	0	1	0	0	1	0	0	0	0	0	0	0	0	0	0	0	1	0	4	1	0	4	4	1
ASV4005	0	2	1	1	2	0	0	0	0	3	0	0	0	0	0	1	0	0	0	0	0	1	0	0	1	0	3	0	1	0	0	0	0	0	0	0	0	0	0
ASV4030	1	1	0	0	0	0	0	0	0	0	0	0	0	0	0	0	0	1	0	1	0	1	0	0	0	0	0	0	0	0	0	1	0	7	3	0	0	0	0
ASV4138	0	0	0	0	0	0	0	0	0	0	0	0	0	0	0	0	0	0	0	0	0	0	0	0	0	0	0	0	0	0	0	0	0	10	4	2	0	0	0
ASV4152	1	0	0	0	0	0	1	0	3	0	0	0	0	0	0	0	0	0	0	1	0	0	0	2	0	3	0	0	1	0	0	0	1	0	0	0	0	3	0
ASV4219	2	0	0	0	2	1	1	0	0	2	0	0	0	0	0	0	0	0	0	2	0	0	0	2	1	0	0	2	1	0	0	0	0	0	0	0	0	0	0
ASV4262	0	0	0	0	0	0	0	0	0	0	0	0	0	0	0	0	0	0	0	0	0	0	0	0	0	0	0	0	0	0	0	2	5	1	1	7	0	0	0
ASV4284	1	2	2	3	0	0	1	0	1	2	0	0	0	0	0	0	0	0	0	0	0	0	1	1	0	0	0	1	1	0	0	0	0	0	0	0	0	0	0
ASV4354	0	1	0	0	1	0	0	0	0	0	0	0	0	0	0	0	0	0	0	0	1	5	4	0	0	0	0	0	0	2	2	0	0	0	0	0	0	0	0
ASV4402	0	1	1	2	0	0	0	0	0	1	0	0	0	0	0	0	0	0	0	1	0	0	0	2	2	1	0	0	0	0	0	2	1	0	0	0	1	1	0
ASV4403	0	3	1	1	0	2	1	1	0	1	0	0	0	1	0	0	0	0	0	0	0	0	0	0	0	1	1	1	0	0	0	1	0	1	0	0	0	0	0
ASV4425	0	0	0	1	0	0	0	0	0	0	0	0	0	0	0	0	1	0	0	0	0	0	0	2	0	0	0	0	1	0	0	0	0	1	1	9	0	0	0
ASV4440	0	0	0	0	0	0	0	0	0	0	0	0	0	0	0	0	0	0	0	0	1	0	0	0	0	0	0	0	0	0	1	0	0	6	1	3	4	0	0
ASV4449	2	2	0	0	1	1	0	0	0	0	0	0	0	0	0	0	0	0	0	1	0	0	0	0	0	0	2	0	0	0	0	0	0	1	1	5	0	0	0
ASV4519	2	1	0	4	1	0	0	1	0	2	0	0	0	0	0	0	0	0	0	0	0	0	0	0	0	1	1	0	0	0	0	0	0	1	1	0	0	0	1
ASV4524	0	1	2	1	1	1	1	2	0	0	0	0	0	0	0	0	0	0	0	0	0	1	4	1	0	0	0	0	1	0	0	0	0	0	0	0	0	0	0
ASV4539	1	0	0	0	1	1	0	0	0	0	0	0	0	0	0	0	0	0	0	0	0	0	0	1	0	0	1	0	0	0	0	0	2	1	0	1	7	0	0
ASV4588	3	3	0	0	0	2	1	0	0	2	0	0	0	0	0	0	0	1	0	0	0	0	0	1	0	1	1	0	0	0	0	0	0	1	0	0	0	0	0
ASV4662	0	0	1	0	1	0	1	0	0	2	0	0	0	0	0	0	0	0	0	0	0	0	0	2	0	1	0	0	0	0	0	2	1	0	3	1	1	0	0
ASV4733	0	0	0	0	0	0	0	0	0	0	0	0	0	0	0	3	0	1	1	1	1	3	2	0	0	0	0	0	0	1	0	0	0	2	0	0	1	0	0
ASV4738	3	1	0	0	0	0	0	0	0	0	0	0	0	0	0	0	0	0	0	0	0	0	0	0	0	0	1	0	0	0	0	1	0	1	0	0	0	7	2
ASV4793	1	0	0	0	0	0	0	0	0	0	0	0	0	0	0	0	0	0	0	0	0	0	0	0	0	0	0	0	0	0	0	9	3	0	0	0	3	0	0
ASV4820	1	0	0	0	0	0	1	1	0	1	1	0	0	0	0	0	0	0	0	0	0	0	0	1	0	0	0	0	0	0	0	0	2	1	2	5	0	0	0
ASV4828	0	3	0	0	0	0	0	0	0	1	0	0	0	0	1	0	0	0	0	1	0	0	0	0	0	1	1	0	1	0	0	3	0	3	0	0	0	1	0
ASV4869	2	1	1	2	1	1	1	0	0	0	1	1	0	0	0	0	0	0	0	0	0	0	0	1	0	1	2	1	0	0	0	0	0	0	0	0	0	0	0
ASV4874	0	0	1	0	0	0	0	0	0	0	0	0	0	0	0	0	0	0	0	1	0	0	0	0	0	1	0	0	0	0	0	0	5	0	2	3	2	0	1
ASV4886	0	0	0	0	0	0	0	0	0	1	0	0	0	0	0	0	0	0	0	0	0	0	0	0	0	0	0	0	0	0	0	0	0	0	0	15	0	0	0
ASV4889	0	0	0	0	0	0	0	0	0	0	0	0	0	0	0	0	0	0	0	0	0	0	0	0	0	0	1	0	0	0	0	3	1	3	0	0	7	1	0
ASV4907	0	0	0	0	0	0	0	0	0	0	0	0	0	1	0	1	1	1	1	0	1	4	2	0	0	0	0	1	0	2	1	0	0	0	0	0	0	0	0
ASV4931	1	1	0	1	0	0	2	0	0	0	0	0	0	0	0	0	0	0	0	0	0	0	0	0	0	0	0	1	0	0	0	1	2	1	2	4	0	0	0
ASV4933	3	3	1	0	1	1	0	0	0	0	0	0	0	0	0	1	0	0	0	1	0	0	0	0	1	0	0	0	0	0	0	0	0	0	0	3	0	0	1
ASV4971	2	0	0	1	0	0	0	0	0	0	0	0	0	0	0	0	0	0	0	0	0	1	0	0	0	0	0	1	0	0	0	0	0	1	1	9	0	0	0
ASV4990	0	0	0	0	0	1	0	0	0	0	0	0	0	0	0	0	0	0	0	0	0	0	0	1	2	0	0	4	0	0	0	2	0	1	0	2	0	3	0
ASV4994	0	0	0	0	0	0	0	0	0	0	0	0	0	0	0	0	0	0	0	0	0	0	0	0	0	0	0	0	0	0	0	1	8	1	4	2	0	0	0
ASV5004	1	1	0	0	1	0	0	1	0	0	0	1	0	0	0	0	1	1	0	1	1	0	0	1	0	1	0	0	1	0	0	0	0	0	0	3	0	1	0
ASV5023	3	0	0	0	0	0	0	0	0	0	0	0	0	0	0	0	0	0	1	0	0	0	1	1	4	0	2	1	0	0	1	0	0	0	0	0	0	0	2
ASV5024	1	1	4	3	0	0	1	0	0	0	1	0	0	0	0	1	0	0	0	0	0	0	0	1	0	0	1	1	0	0	0	0	0	0	0	0	0	0	1
ASV5052	3	0	1	1	0	0	0	0	1	0	0	0	0	0	0	0	0	0	0	0	0	0	2	0	1	2	1	2	0	0	2	0	0	0	0	0	0	0	0
ASV5054	0	0	1	0	0	0	0	0	0	0	0	0	0	0	0	0	0	0	0	0	0	0	0	0	0	1	0	0	0	0	0	0	1	1	6	5	0	1	0
ASV5098	3	4	1	1	3	0	0	0	0	0	0	0	0	0	0	0	0	0	0	2	0	0	0	0	0	1	0	1	0	0	0	0	0	0	0	0	0	0	0
ASV5101	2	1	1	1	0	2	2	0	0	0	0	0	0	0	0	0	0	0	0	1	0	0	0	1	0	0	3	1	0	1	0	0	0	0	0	0	0	0	0
ASV5158	2	1	0	0	0	1	1	0	0	1	0	0	0	0	0	0	0	0	0	0	0	0	0	0	0	1	0	0	0	0	1	0	0	0	0	0	0	7	1
ASV5184	0	1	1	0	0	0	1	0	0	0	0	0	0	1	0	0	1	0	0	1	0	0	0	0	0	0	1	1	0	0	0	0	0	5	3	0	0	0	0
ASV5185	1	0	0	0	0	0	1	1	0	0	2	0	0	0	0	0	0	0	0	2	0	0	0	1	1	1	0	0	0	0	0	0	2	1	1	2	0	0	0
ASV5208	3	0	0	0	0	0	0	0	0	0	0	0	0	0	0	0	0	0	0	0	0	0	0	0	0	0	0	0	1	0	0	0	0	0	0	0	1	11	0
ASV5214	2	0	0	0	0	1	0	0	0	0	0	0	0	0	0	0	0	0	0	0	1	0	0	0	0	0	0	0	0	0	0	4	0	5	0	0	2	0	1
ASV5231	0	0	0	0	0	0	0	0	0	0	0	0	0	0	0	0	0	1	0	0	0	2	0	0	0	0	0	0	0	0	0	0	0	0	0	0	13	0	0
ASV5232	0	0	1	1	0	0	1	0	1	2	0	0	0	0	1	0	0	0	0	1	0	0	0	1	0	0	0	1	0	1	0	0	0	1	0	0	2	1	1
ASV5233	0	1	1	1	0	0	0	4	0	0	0	1	0	0	0	0	0	0	0	3	0	0	0	2	1	0	0	1	1	0	0	0	0	0	0	0	0	0	0
ASV5271	1	2	1	1	1	1	0	0	0	0	0	0	0	0	0	0	0	0	0	3	0	0	0	1	2	0	2	0	0	0	0	0	0	0	0	0	1	0	0
ASV5276	0	0	1	1	0	0	0	0	0	1	0	0	0	0	0	0	0	0	0	0	0	0	0	1	0	0	1	0	2	0	0	0	0	0	0	9	0	0	0
ASV5300	0	1	1	0	0	0	0	0	0	0	0	0	0	0	0	0	0	0	0	0	0	0	0	0	0	0	0	0	0	0	0	1	2	9	0	2	0	0	0
ASV5307	5	1	0	1	0	1	0	1	0	3	0	0	0	0	0	0	0	0	0	1	0	0	0	3	0	0	0	0	0	0	0	0	0	0	0	0	0	0	0
ASV5348	4	0	1	2	1	3	0	0	0	1	0	0	0	0	0	0	0	0	0	0	0	0	0	0	2	2	0	0	0	0	0	0	0	0	0	0	0	0	0
ASV5354	0	0	0	0	0	0	0	0	0	0	0	0	0	0	0	0	0	0	0	0	0	0	0	0	0	0	0	0	0	0	0	4	0	3	2	0	4	3	0
ASV5359	1	0	2	1	0	0	1	1	0	0	0	1	0	0	0	0	0	0	1	1	0	0	0	0	1	1	1	1	1	0	0	0	0	0	0	1	0	1	0
ASV5445	0	1	0	0	0	1	0	0	0	0	0	0	0	0	0	1	0	0	0	0	0	0	0	0	0	0	0	0	0	0	0	0	1	4	6	0	1	1	0
ASV5449	0	0	1	1	0	0	0	0	0	0	0	0	0	0	1	1	1	0	0	2	2	0	1	1	0	1	1	0	2	0	0	0	0	0	1	0	0	0	0
ASV5457	3	1	0	0	0	0	0	0	0	0	0	0	0	0	0	0	0	0	0	0	0	0	0	1	0	2	2	0	1	0	0	2	1	0	0	1	0	1	1
ASV5460	1	0	1	1	0	1	0	0	0	0	0	0	0	0	0	0	0	2	1	0	0	3	3	0	0	0	1	0	0	0	2	0	0	0	0	0	0	0	0
ASV5471	5	0	0	1	0	1	0	0	1	0	0	0	0	0	0	1	0	0	0	0	1	0	0	0	0	0	1	1	0	0	1	0	0	3	0	0	0	0	0
ASV5475	1	0	0	0	0	0	0	0	0	0	0	0	0	0	0	0	0	0	0	0	0	0	0	0	0	0	0	0	0	0	0	1	1	5	2	5	1	0	0
ASV5505	3	0	0	0	0	1	0	0	0	0	0	0	0	0	0	0	0	0	0	0	0	0	0	3	2	2	0	0	0	0	0	0	5	0	0	0	0	0	0
ASV5529	1	0	1	1	0	0	0	0	2	2	0	0	0	1	1	0	0	0	0	0	0	0	0	1	0	1	0	2	1	0	0	0	0	0	0	2	0	0	0
ASV5546	1	0	1	0	0	0	0	0	1	0	0	0	0	0	0	0	0	0	0	1	0	0	0	0	0	0	0	0	0	0	0	3	1	3	3	1	1	0	0
ASV5550	0	1	0	0	1	0	0	0	0	1	0	0	0	0	0	0	0	1	0	2	0	1	1	0	0	0	1	0	0	0	0	2	0	2	0	0	1	1	1
ASV5555	0	1	0	0	0	1	1	1	0	2	0	0	0	0	0	0	0	0	0	0	0	1	0	0	2	1	4	1	0	1	0	0	0	0	0	0	0	0	0
ASV5586	6	0	0	0	0	0	0	0	2	1	0	0	0	0	0	1	0	0	0	1	0	0	0	0	1	1	1	0	0	0	0	0	0	1	0	0	0	0	1
ASV5588	2	0	0	0	0	0	0	0	0	0	0	0	0	0	0	0	0	0	0	1	0	0	0	0	1	0	0	0	0	0	0	4	0	1	0	0	6	1	0
ASV5609	0	0	1	1	1	0	1	0	0	1	0	0	0	0	0	0	0	0	0	0	0	0	0	0	0	1	2	0	0	0	0	0	3	2	0	1	2	0	0
ASV5652	0	0	1	3	0	0	3	0	0	1	0	1	0	0	0	0	0	0	0	1	0	0	0	0	0	0	3	2	0	0	0	0	0	0	0	0	0	1	0
ASV5668	1	1	0	1	0	1	1	1	1	1	0	0	0	0	0	0	0	0	0	1	0	0	0	0	2	0	0	2	0	0	0	0	0	0	0	0	0	3	0
ASV5682	1	0	0	0	0	0	0	0	0	0	0	0	0	0	0	0	0	0	0	0	0	0	0	0	0	0	1	1	0	0	0	3	3	5	0	0	2	0	0
ASV5721	1	1	0	0	0	0	0	1	0	2	0	2	0	0	0	0	0	0	0	1	0	0	0	1	1	2	0	0	1	0	0	0	0	0	0	0	2	0	1
ASV5728	0	0	0	1	0	0	0	0	1	0	0	0	0	0	0	0	0	0	0	1	0	0	0	0	1	1	0	0	0	0	0	1	2	1	0	0	0	7	0
ASV5733	1	1	0	2	0	0	1	1	0	0	0	0	0	2	0	0	0	0	0	0	0	0	0	0	0	1	0	1	1	0	0	0	0	4	1	0	0	0	0
ASV5742	5	0	0	0	0	0	1	0	0	1	0	0	0	0	0	0	0	0	0	4	0	0	3	1	0	0	0	0	0	1	0	0	0	0	0	0	0	0	0
ASV5795	0	0	0	0	0	0	0	0	0	3	0	0	0	0	0	0	0	0	0	0	0	0	0	2	0	0	1	0	0	0	0	0	2	1	0	6	0	0	1
ASV5818	0	1	0	0	0	0	0	0	0	1	0	0	0	0	0	0	0	0	0	0	0	0	0	0	0	0	1	0	2	0	0	2	1	1	2	1	0	4	0
ASV5822	1	1	2	0	0	0	0	0	0	0	0	0	0	0	0	0	0	0	0	0	0	0	0	0	0	0	0	0	0	0	0	2	0	0	3	0	1	3	3
ASV5826	0	0	1	0	0	0	1	0	0	0	1	1	0	0	0	0	0	0	0	0	1	0	0	2	0	2	0	0	1	1	0	0	0	0	1	0	4	0	0
ASV5886	2	0	0	0	0	0	0	0	0	1	0	0	0	0	0	0	0	0	0	1	0	0	0	1	0	0	1	0	0	0	0	1	2	2	1	2	0	1	1
ASV5888	0	2	1	1	0	1	4	0	0	0	0	0	0	0	0	0	0	0	0	4	0	0	0	0	0	1	1	1	0	0	0	0	0	0	0	0	0	0	0
ASV5893	0	0	0	0	1	0	0	0	0	2	0	0	0	0	0	0	0	0	0	1	0	0	0	0	0	0	3	0	0	0	0	0	1	1	1	6	0	0	0
ASV5904	0	0	2	0	1	1	0	1	0	0	0	0	1	0	0	0	0	0	0	0	0	1	2	1	0	5	0	0	0	1	0	0	0	0	0	0	0	0	0
ASV5929	0	1	0	0	0	0	0	0	0	0	0	0	2	2	2	1	0	2	0	0	1	1	0	0	0	1	0	0	0	1	1	0	0	1	0	0	0	0	0
ASV5947	2	0	0	0	0	0	0	0	0	0	0	0	0	0	0	2	1	3	2	0	2	0	1	0	0	0	0	0	0	1	0	0	0	0	0	1	1	0	0
ASV3873	0	0	1	0	0	0	0	0	0	0	0	0	0	0	0	0	0	0	0	0	0	0	0	1	0	0	0	0	0	0	0	1	0	4	0	1	7	0	0
ASV4187	1	0	1	1	0	0	1	2	0	1	0	0	0	0	0	0	0	0	0	0	0	0	0	1	1	0	2	3	1	0	0	0	0	0	0	0	0	0	0
ASV4222	2	0	1	1	1	0	0	0	1	1	0	0	0	0	1	0	1	0	0	2	0	0	0	1	0	0	1	0	0	0	0	0	0	0	0	0	0	2	0
ASV4251	3	0	0	0	0	0	0	1	0	1	0	0	0	0	0	0	0	0	0	1	0	0	0	0	1	2	1	1	0	0	0	0	0	4	0	0	0	0	0
ASV4276	1	0	0	0	1	0	0	0	0	0	0	0	0	0	0	0	0	0	0	0	0	0	0	0	0	0	0	0	0	0	0	3	1	4	1	0	1	3	0
ASV4395	1	0	1	0	0	0	0	0	0	0	0	0	0	0	0	0	0	0	0	0	0	0	0	0	1	0	0	1	0	0	0	0	0	4	0	0	5	2	0
ASV4432	6	0	1	0	0	0	0	1	1	1	0	0	0	0	0	0	0	0	0	0	0	0	0	0	4	0	0	0	0	0	0	0	0	0	0	0	0	1	0
ASV4448	0	0	0	0	0	0	0	0	0	0	0	0	0	0	1	2	0	0	4	0	6	0	1	0	0	0	0	0	0	0	0	1	0	0	0	0	0	0	0
ASV4456	0	1	0	0	1	0	0	2	0	2	0	0	0	0	2	0	0	0	0	0	0	0	0	0	0	0	0	0	1	0	0	0	0	1	1	0	0	0	4
ASV4483	0	0	0	0	0	0	1	0	0	0	0	0	0	0	0	0	0	0	0	0	1	0	0	0	0	0	0	0	0	0	0	0	0	3	3	7	0	0	0
ASV4486	0	1	1	0	2	0	0	0	0	0	0	0	0	2	0	0	0	0	0	1	0	0	0	3	2	1	1	0	1	0	0	0	0	0	0	0	0	0	0
ASV4492	0	3	0	0	0	1	2	1	0	0	1	2	0	0	0	0	0	0	0	0	1	0	0	0	0	0	1	0	0	3	0	0	0	0	0	0	0	0	0
ASV4494	0	0	0	0	0	0	0	0	0	0	0	0	0	0	0	0	0	0	0	0	0	0	0	0	0	0	0	0	0	0	0	0	11	2	2	0	0	0	0
ASV4505	0	1	1	1	3	0	0	0	2	0	1	0	0	0	0	0	0	0	0	1	0	0	0	2	1	1	1	0	0	0	0	0	0	0	0	0	0	0	0
ASV4564	0	0	0	0	0	0	0	0	0	0	0	0	0	0	0	0	0	0	0	0	0	0	0	0	0	0	0	0	0	0	0	0	5	7	1	2	0	0	0
ASV4566	0	0	1	1	1	0	1	2	0	1	0	0	2	0	0	1	0	1	0	0	0	2	1	0	0	0	0	0	0	0	0	0	0	0	0	1	0	0	0
ASV4577	0	1	1	0	2	0	0	0	0	0	0	1	1	0	1	0	1	1	0	0	0	2	1	1	0	0	0	0	1	0	0	0	0	1	0	0	0	0	0
ASV4579	0	1	0	1	0	1	1	1	0	0	0	0	0	0	0	0	1	1	0	0	0	1	0	2	1	1	0	0	0	0	0	1	0	1	0	0	0	0	1
ASV4766	1	0	0	0	0	0	0	0	0	1	0	0	0	0	0	0	0	0	0	1	0	0	0	2	0	1	0	0	0	0	0	0	0	1	2	0	1	3	2
ASV4780	0	1	2	1	0	3	0	1	0	0	0	0	0	0	0	0	0	0	0	0	0	0	0	0	2	1	1	2	1	0	0	0	0	0	0	0	0	0	0
ASV4826	0	4	0	0	1	2	0	0	0	1	0	0	0	0	0	0	0	0	0	2	0	0	0	1	0	0	2	0	2	0	0	0	0	0	0	0	0	0	0
ASV4847	0	0	2	0	1	0	1	0	1	0	1	0	4	0	0	0	0	0	0	0	0	1	0	0	1	0	2	1	0	0	0	0	0	0	0	0	0	0	0
ASV4878	0	0	0	0	0	0	0	0	0	0	0	0	0	0	0	0	0	0	0	0	0	0	0	0	0	0	0	0	0	0	0	0	0	0	0	15	0	0	0
ASV4888	0	2	0	1	1	1	0	0	0	1	0	0	0	0	0	0	0	0	0	2	0	0	0	0	0	4	0	1	1	0	0	0	0	0	0	1	0	0	0
ASV4915	5	1	1	0	0	1	0	0	0	0	0	0	0	0	0	0	0	0	0	0	0	0	0	1	1	0	0	1	0	0	0	1	0	0	0	0	0	3	0
ASV4942	0	0	0	0	0	0	0	1	0	0	0	0	0	0	0	0	0	0	0	2	0	0	0	0	2	2	1	0	0	0	0	0	3	0	1	1	0	2	0
ASV4943	0	1	0	0	0	0	0	0	0	0	0	0	0	1	0	0	0	0	0	1	0	0	0	1	0	0	0	0	1	0	0	1	0	1	1	0	2	4	1
ASV4951	2	0	0	1	0	0	0	0	1	0	0	0	1	0	0	0	0	0	0	0	0	0	1	0	0	2	1	0	0	0	0	0	2	1	0	0	1	0	2
ASV5045	1	1	1	0	2	2	0	0	0	1	1	0	0	0	1	0	0	0	0	1	0	2	1	0	1	0	0	0	0	0	0	0	0	0	0	0	0	0	0
ASV5047	2	0	0	0	0	2	0	0	2	1	0	0	0	0	0	1	0	0	0	0	0	0	0	0	1	0	0	0	1	1	1	0	0	1	1	0	0	1	0
ASV5051	6	1	0	0	0	1	0	0	3	0	0	0	0	0	0	0	0	0	0	2	0	0	0	0	1	0	1	0	0	0	0	0	0	0	0	0	0	0	0
ASV5104	0	0	0	0	0	1	0	0	0	0	0	0	0	0	1	0	1	0	1	1	0	0	0	0	0	0	0	0	1	0	0	2	0	1	0	0	1	4	1
ASV5111	2	1	1	0	0	0	1	0	1	0	0	0	0	0	0	0	0	0	0	2	0	0	0	0	2	0	1	1	1	0	0	0	0	0	0	0	0	1	1
ASV5121	0	1	0	0	0	0	1	0	0	2	0	0	0	0	0	0	0	0	0	1	2	1	1	1	0	1	1	1	0	0	0	0	0	0	0	0	0	1	1
ASV5131	0	3	0	0	0	1	0	0	1	0	0	0	0	0	0	0	0	0	0	0	0	0	0	0	1	0	0	0	1	0	0	0	0	2	0	1	4	1	0
ASV5154	0	2	1	1	1	0	0	1	0	0	0	1	0	0	0	0	0	1	0	0	0	1	0	1	0	1	0	2	1	0	1	0	0	0	0	0	0	0	0
ASV5174	0	2	0	0	1	0	2	0	1	0	1	0	0	0	0	0	0	1	1	0	0	0	0	0	0	0	1	1	0	0	0	0	0	1	2	0	0	0	1
ASV5179	2	5	1	1	0	1	1	1	0	0	0	0	0	0	0	0	0	0	0	2	0	0	0	0	0	0	1	0	0	0	0	0	0	0	0	0	0	0	0
ASV5181	1	0	2	0	0	1	0	1	0	1	1	0	1	0	0	0	0	0	0	1	0	0	0	1	0	0	0	0	0	0	0	0	1	0	1	0	3	0	0
ASV5223	0	0	0	0	0	0	0	0	0	0	0	3	4	2	0	0	2	1	0	0	0	0	0	0	0	0	0	0	0	3	0	0	0	0	0	0	0	0	0
ASV5243	1	0	0	0	0	0	0	0	0	0	0	0	0	0	0	0	0	0	0	2	0	1	0	0	0	0	0	0	0	0	0	1	1	0	1	0	2	6	0
ASV5257	0	0	0	0	0	0	0	2	0	0	0	0	0	1	0	0	2	2	1	0	0	2	1	1	0	2	0	0	0	0	0	0	0	0	0	0	0	0	1
ASV5297	0	2	1	1	1	0	1	0	0	1	0	1	0	0	0	0	0	0	1	1	0	0	0	0	1	2	1	0	1	0	0	0	0	0	0	0	0	0	0
ASV5313	0	2	2	1	1	0	1	0	1	1	0	0	0	0	0	0	0	0	0	0	0	0	0	0	3	1	0	0	0	0	0	0	0	1	1	0	0	0	0
ASV5321	1	0	0	0	0	0	0	0	0	0	0	0	0	0	0	0	0	0	0	2	0	0	0	1	0	0	1	1	0	0	0	0	2	0	0	0	0	6	1
ASV5327	0	0	0	0	0	0	1	0	0	0	0	0	0	0	0	0	0	0	0	0	0	0	0	0	0	0	0	0	0	0	0	2	5	2	5	0	0	0	0
ASV5347	1	0	0	0	0	0	1	0	0	1	1	0	0	0	0	0	0	1	1	1	2	2	0	0	0	2	0	0	0	0	0	1	0	1	0	0	0	0	0
ASV5365	0	0	0	0	3	1	1	0	2	0	0	0	0	0	1	0	0	0	0	0	0	0	1	0	0	0	2	2	2	0	0	0	0	0	0	0	0	0	0
ASV5406	0	0	0	0	0	0	0	0	0	1	0	0	0	0	0	0	0	2	0	0	0	0	0	0	1	0	0	0	0	1	0	1	1	3	3	0	0	0	2
ASV5447	0	1	0	0	0	0	0	0	0	2	0	0	0	0	0	0	0	0	0	1	0	0	0	1	1	1	2	0	0	0	0	0	0	5	0	0	0	0	1
ASV5473	0	0	1	0	1	0	0	0	0	0	0	0	0	0	0	0	0	0	0	0	0	0	0	0	0	0	0	0	0	0	0	1	4	3	1	3	0	1	0
ASV5478	0	0	0	0	0	0	0	1	0	0	0	0	1	0	3	2	2	0	1	0	1	1	1	0	0	0	1	0	0	1	0	0	0	0	0	0	0	0	0
ASV5481	0	0	0	0	0	1	3	2	0	0	0	0	0	0	0	0	0	0	0	1	0	0	0	0	2	1	2	0	2	0	0	0	0	0	0	0	0	0	1
ASV5494	0	1	1	0	0	1	0	0	2	3	0	1	0	0	0	1	0	0	0	1	0	0	0	0	0	1	2	1	0	0	0	0	0	0	0	0	0	0	0
ASV5506	0	0	1	0	0	1	0	0	0	0	0	0	0	0	0	0	0	0	0	0	0	0	0	0	0	0	0	0	1	0	0	2	0	6	3	0	1	0	0
ASV5531	0	0	0	0	0	0	0	0	0	0	0	1	0	0	0	0	1	0	1	0	0	0	0	0	0	1	0	0	0	0	0	3	1	3	0	0	4	0	0
ASV5553	0	0	3	0	1	0	1	0	0	2	0	0	0	0	0	0	0	0	0	1	0	0	1	2	0	1	0	2	1	0	0	0	0	0	0	0	0	0	0
ASV5576	0	0	0	0	0	0	0	0	0	0	0	0	0	0	0	0	0	0	0	0	0	0	0	0	0	0	0	0	0	0	0	3	3	5	1	2	0	1	0
ASV5585	0	0	0	0	0	0	0	0	0	0	0	0	0	0	0	0	0	0	0	0	0	1	0	0	0	0	0	0	0	0	0	1	6	2	4	1	0	0	0
ASV5587	3	0	0	1	0	2	0	0	0	1	0	0	0	0	0	0	0	0	1	1	0	6	0	0	0	0	0	0	0	0	0	0	0	0	0	0	0	0	0
ASV5600	3	1	1	2	1	0	2	0	0	1	0	0	0	0	0	0	0	0	0	1	0	1	0	0	0	1	0	1	0	0	0	0	0	0	0	0	0	0	0
ASV5603	1	0	0	0	0	0	1	0	0	0	0	0	0	0	0	0	0	0	0	0	0	0	0	1	0	1	1	0	1	0	0	0	1	0	0	7	0	1	0
ASV5604	0	0	0	0	0	0	0	0	0	0	0	0	0	0	0	0	0	0	0	1	0	0	0	0	0	0	0	0	0	0	0	4	1	5	3	0	1	0	0
ASV5613	0	0	0	0	0	0	0	0	0	0	0	0	0	0	0	0	0	0	0	1	0	0	0	0	0	0	0	0	0	0	0	0	2	3	1	8	0	0	0
ASV5631	0	0	1	0	1	0	1	0	0	2	0	0	0	0	0	0	0	0	0	2	0	0	0	0	1	1	1	1	2	0	0	0	0	0	0	0	0	0	2
ASV5637	1	1	0	0	0	0	1	0	0	0	0	0	0	0	0	0	0	0	0	0	0	1	0	1	0	0	0	0	0	0	0	2	0	1	0	4	3	0	0
ASV5641	0	0	0	0	0	1	0	0	0	0	0	0	0	0	0	0	0	0	0	0	0	0	0	0	0	0	1	0	0	0	0	0	0	0	0	13	0	0	0
ASV5654	0	0	0	1	0	0	0	0	0	0	0	1	0	0	0	0	0	0	0	0	0	1	1	0	0	0	1	1	0	0	0	1	0	0	0	0	6	2	0
ASV5674	3	0	0	1	0	0	0	0	0	0	0	0	0	0	0	0	0	0	0	0	0	0	0	2	1	1	2	0	0	0	0	0	1	0	2	2	0	0	0
ASV5679	0	0	0	1	0	0	0	0	0	1	0	0	0	0	0	0	0	0	0	1	0	0	0	0	1	0	1	0	0	0	0	0	7	1	0	1	1	0	0
ASV5718	0	0	0	0	1	0	0	0	0	0	1	0	0	0	0	0	0	0	0	0	0	0	0	1	0	0	0	0	0	0	0	0	0	0	1	8	2	1	0
ASV5723	0	0	1	0	1	1	2	0	0	1	0	0	0	0	0	1	0	0	0	1	0	0	0	2	1	1	0	0	1	0	0	1	0	0	0	1	0	0	0
ASV5754	5	0	1	1	0	0	0	1	0	0	0	0	0	0	0	0	0	0	0	0	0	1	0	0	3	0	0	0	0	0	0	0	0	0	0	0	0	1	2
ASV5783	3	1	0	1	0	2	1	0	0	0	0	0	0	0	0	1	0	0	0	2	1	0	2	0	0	0	0	0	0	0	0	0	0	1	0	0	0	0	0
ASV5797	0	1	2	3	0	1	1	0	0	0	0	0	0	0	0	0	0	0	0	1	0	0	0	1	0	2	0	0	1	0	0	1	0	0	1	0	0	0	0
ASV5810	0	2	1	1	1	0	1	2	1	0	2	1	0	0	1	0	0	0	0	0	0	0	0	0	0	0	0	1	1	0	0	0	0	0	0	0	0	0	0
ASV5814	2	0	0	3	0	1	1	0	0	0	0	0	0	1	0	0	0	0	0	1	0	0	1	0	2	1	0	0	0	0	0	0	0	0	0	0	2	0	0
ASV5833	0	0	0	0	0	0	0	0	0	0	0	0	0	0	0	0	1	2	0	0	0	0	0	0	0	0	0	0	1	8	3	0	0	0	0	0	0	0	0
ASV5877	0	1	0	0	0	0	2	0	0	1	1	1	0	0	0	0	0	0	0	1	0	0	0	1	0	1	0	0	0	0	0	1	0	1	1	0	2	1	0
ASV5890	0	0	0	0	0	1	0	0	0	0	0	0	0	0	0	1	0	0	1	0	2	0	0	0	1	1	0	0	0	5	0	0	0	0	1	0	1	1	0
ASV5905	0	0	1	0	0	0	2	0	1	2	0	0	0	0	0	0	1	0	0	0	0	0	2	0	2	1	0	0	0	0	0	0	0	0	0	3	0	0	0
ASV5906	3	1	0	0	1	0	0	1	0	0	0	0	1	0	0	0	0	0	0	1	1	0	1	0	1	0	0	0	3	0	0	1	0	0	0	0	0	0	0
ASV5910	3	0	1	2	0	1	0	0	0	1	0	0	0	0	0	0	0	0	0	3	0	0	0	0	1	0	1	1	1	0	0	0	0	0	0	0	0	0	0
ASV5911	3	0	0	0	0	0	0	0	0	1	1	0	0	0	0	0	0	0	0	2	0	0	0	2	1	0	0	0	1	0	0	1	0	1	0	2	0	0	0
ASV5916	0	2	1	2	0	0	2	0	2	0	3	0	0	0	0	0	0	0	0	0	0	0	0	1	0	0	1	1	0	0	0	0	0	0	0	0	0	0	0
ASV5928	2	1	1	0	0	0	0	0	0	0	1	1	0	2	0	1	0	0	0	0	0	0	0	1	0	2	0	1	0	0	0	1	0	0	0	0	0	1	0
ASV5932	1	1	3	1	0	0	1	0	0	0	0	0	0	0	0	0	0	0	0	0	0	0	0	1	1	0	1	0	0	0	0	0	2	1	1	1	0	0	0
ASV5939	2	0	0	0	0	0	0	0	0	0	0	0	0	0	0	0	0	0	0	0	0	0	0	0	0	0	1	0	0	0	0	5	3	1	0	0	2	0	1
ASV5942	4	1	0	0	0	0	0	0	0	0	0	1	0	0	0	1	0	0	1	2	0	0	0	1	0	1	0	0	1	1	0	0	0	0	0	0	1	0	0
ASV3984	0	0	0	0	0	0	0	0	0	0	0	0	0	0	0	0	0	0	0	0	0	0	0	0	0	0	0	0	0	0	0	5	0	0	0	9	0	0	0
ASV4123	0	0	0	4	0	2	1	0	1	0	1	0	0	0	0	0	0	0	0	0	0	0	0	1	0	0	0	2	2	0	0	0	0	0	0	0	0	0	0
ASV4423	0	0	0	0	0	0	0	0	1	1	0	0	0	0	0	0	0	0	0	0	0	0	1	0	0	0	0	0	0	0	0	1	0	1	1	0	2	5	1
ASV4438	0	0	0	0	2	0	2	0	0	0	0	0	0	0	0	0	0	0	0	0	0	0	1	2	0	3	2	1	1	0	0	0	0	0	0	0	0	0	0
ASV4491	2	0	0	0	0	0	0	1	0	0	0	0	0	0	0	0	1	0	0	0	0	0	0	0	0	0	0	2	0	0	0	0	0	0	0	8	0	0	0
ASV4520	0	0	0	1	0	1	1	1	2	1	1	0	0	0	1	0	0	0	2	0	1	0	0	0	0	1	0	1	0	0	0	0	0	0	0	0	0	0	0
ASV4572	2	2	2	0	0	0	0	1	1	1	0	0	0	0	0	0	0	0	0	2	0	0	0	2	0	0	0	0	1	0	0	0	0	0	0	0	0	0	0
ASV4612	0	0	0	0	0	0	0	0	0	0	0	0	0	1	1	2	0	0	1	0	1	2	1	0	1	0	0	0	0	1	1	0	0	0	0	0	0	2	0
ASV4684	6	1	0	0	0	1	0	3	0	0	0	1	0	0	0	0	1	0	0	1	0	0	0	0	0	0	0	0	0	0	0	0	0	0	0	0	0	0	0
ASV4699	0	0	0	0	0	0	1	0	0	1	0	0	0	0	0	0	0	0	0	0	0	0	0	0	0	0	1	0	0	0	0	0	1	4	2	1	0	3	0
ASV4711	4	0	1	0	0	0	1	0	0	1	0	0	1	0	0	0	1	0	0	1	0	1	0	1	1	0	0	0	0	0	0	0	0	0	0	0	0	1	0
ASV4712	1	5	0	0	0	0	1	0	1	0	0	0	0	0	0	0	0	0	0	0	0	0	0	2	1	1	1	0	1	0	0	0	0	0	0	0	0	0	0
ASV4725	0	1	0	0	1	1	1	0	3	1	0	0	0	0	0	0	0	0	0	1	0	0	0	2	0	0	1	0	2	0	0	0	0	0	0	0	0	0	0
ASV4726	0	2	2	1	0	1	1	0	0	1	0	0	0	0	0	0	0	0	0	0	0	0	0	2	0	0	0	0	0	0	0	1	0	1	0	2	0	0	0
ASV4747	0	2	2	0	0	0	0	2	0	1	0	0	0	0	0	0	0	0	0	1	0	1	0	1	0	1	0	0	2	0	0	0	0	0	0	1	0	0	0
ASV4770	1	0	0	0	0	0	1	0	1	0	1	0	0	0	0	0	1	1	0	1	1	0	0	0	0	0	1	0	0	1	2	1	0	0	0	0	0	1	0
ASV4771	0	0	0	0	0	0	0	0	0	0	0	0	0	0	0	0	0	0	0	0	0	0	0	0	0	0	0	0	0	0	0	2	4	5	1	2	0	0	0
ASV4785	0	0	1	0	0	0	0	0	0	1	0	0	0	0	0	0	0	0	0	0	0	0	0	0	1	0	0	1	0	0	0	0	0	2	3	5	0	0	0
ASV4838	0	1	0	0	1	0	0	0	0	0	0	0	0	0	0	0	0	0	0	0	0	4	6	0	0	0	0	0	0	1	1	0	0	0	0	0	0	0	0
ASV4855	0	0	0	0	0	0	0	0	0	0	0	0	0	0	0	0	0	0	0	0	0	0	0	0	0	0	0	0	0	0	0	0	1	7	3	3	0	0	0
ASV4865	0	0	1	0	0	2	0	0	0	1	1	0	0	0	0	0	0	0	0	2	0	0	0	1	1	0	1	0	0	0	0	0	1	2	0	1	0	0	0
ASV4868	1	0	0	0	0	0	0	0	0	0	0	0	0	0	1	0	0	0	0	0	0	0	0	1	0	0	0	0	0	0	0	1	0	1	0	0	0	9	0
ASV4898	2	0	0	2	0	0	1	1	0	0	0	0	0	0	0	0	0	0	0	1	0	0	0	0	0	0	0	0	0	0	0	1	3	0	0	3	0	0	0
ASV4932	0	0	1	1	0	0	1	0	0	1	0	1	0	0	0	0	1	0	1	1	0	0	0	0	0	2	0	0	0	0	0	0	1	1	0	1	0	1	0
ASV4936	4	0	1	0	0	0	0	0	0	2	0	0	0	0	0	0	0	0	0	2	0	0	0	0	0	0	1	0	0	0	0	0	0	0	1	0	0	2	1
ASV4953	0	0	1	0	0	0	0	0	0	0	0	0	0	0	0	0	0	0	0	0	0	0	0	0	0	0	0	0	0	0	0	0	4	7	2	0	0	0	0
ASV5044	0	0	0	0	0	0	0	0	0	0	0	0	0	0	0	0	1	0	0	0	0	0	0	0	0	0	0	0	0	0	0	0	0	10	0	3	0	0	0
ASV5058	2	1	1	0	3	0	1	0	0	0	0	0	1	0	0	0	0	0	0	1	0	0	0	0	1	0	1	0	1	1	0	0	0	0	0	0	0	0	0
ASV5061	0	1	2	0	0	0	0	0	1	2	0	0	0	0	0	0	0	0	1	0	0	0	0	2	0	2	1	0	2	0	0	0	0	0	0	0	0	0	0
ASV5091	0	0	1	1	0	0	1	2	1	1	0	0	0	0	0	0	0	0	1	0	0	0	0	0	0	0	1	0	3	0	0	0	0	1	1	0	0	0	0
ASV5092	0	0	4	2	1	0	0	0	0	1	0	0	0	0	0	0	0	0	0	1	0	0	0	1	0	1	0	0	1	0	0	0	0	0	0	0	0	2	0
ASV5153	0	0	0	0	0	0	0	0	0	0	1	0	2	1	0	1	1	2	2	0	0	0	0	0	1	0	1	0	0	0	1	0	0	0	0	0	0	0	1
ASV5192	0	1	5	0	0	0	0	0	2	0	0	0	0	0	0	0	0	0	0	0	0	0	0	0	2	3	1	0	0	0	0	0	0	0	0	0	0	0	0
ASV5249	1	2	1	0	0	1	0	0	0	2	0	0	0	0	1	0	0	0	1	1	1	0	0	0	0	1	0	0	1	0	0	0	0	0	0	0	0	0	1
ASV5294	7	0	0	0	0	1	0	1	0	0	0	0	0	0	0	0	0	0	0	0	0	0	0	0	0	0	0	0	0	0	0	0	2	2	1	0	0	0	0
ASV5320	2	1	0	0	1	3	0	0	1	0	0	0	0	0	0	0	0	0	0	1	0	0	0	0	1	0	2	1	0	0	0	0	1	0	0	0	0	0	0
ASV5325	0	1	1	0	1	0	3	0	0	0	0	0	0	0	0	0	0	0	0	2	0	0	0	3	1	0	0	2	0	0	0	0	0	0	0	0	0	0	0
ASV5356	0	0	2	0	0	0	0	1	4	0	0	0	0	0	0	0	0	0	0	1	0	0	0	2	1	3	0	0	0	0	0	0	0	0	0	0	0	0	0
ASV5367	0	0	1	0	0	0	0	0	0	1	0	0	0	0	0	0	0	0	0	0	0	0	0	0	0	0	0	0	0	0	0	1	5	0	0	4	0	2	0
ASV5384	0	0	0	0	0	0	0	0	0	0	0	0	0	0	0	0	0	0	0	0	0	0	0	0	0	0	0	0	0	0	0	0	0	0	0	14	0	0	0
ASV5412	0	1	2	0	0	2	0	1	0	1	0	0	0	0	0	0	0	0	0	0	1	0	0	2	1	1	1	0	1	0	0	0	0	0	0	0	0	0	0
ASV5413	2	1	0	0	0	0	1	1	0	0	0	0	1	0	0	0	0	0	0	0	1	4	0	0	0	0	0	2	0	0	1	0	0	0	0	0	0	0	0
ASV5423	0	0	1	2	1	0	0	0	0	1	0	0	0	1	0	0	0	0	0	2	0	1	0	0	1	0	1	1	0	0	0	0	0	2	0	0	0	0	0
ASV5480	0	1	0	0	0	0	0	0	0	0	0	0	0	0	0	0	0	0	0	0	0	0	0	0	0	0	0	0	0	0	0	3	1	4	0	0	2	2	1
ASV5483	0	0	1	0	2	1	0	0	0	0	0	0	1	0	0	0	0	0	0	0	0	1	0	1	1	0	1	1	1	0	0	0	0	1	2	0	0	0	0
ASV5495	3	0	1	0	0	0	0	0	0	1	0	0	0	0	0	0	0	0	0	0	1	0	0	2	0	1	1	1	0	0	0	0	1	0	0	0	0	2	0
ASV5496	4	0	1	0	0	0	0	0	0	1	0	0	0	0	0	0	0	0	1	2	0	0	0	0	0	0	0	0	0	0	0	0	0	0	0	2	3	0	0
ASV5499	7	0	2	1	0	0	0	0	0	1	0	0	0	0	0	0	0	0	0	1	0	0	0	2	0	0	0	0	0	0	0	0	0	0	0	0	0	0	0
ASV5515	3	1	0	0	1	0	0	0	1	1	0	1	0	0	0	0	0	0	0	1	0	0	0	0	1	0	3	0	1	0	0	0	0	0	0	0	0	0	0
ASV5522	2	0	1	0	0	2	0	0	0	0	0	0	0	0	0	0	0	0	0	1	0	0	0	0	0	1	1	0	0	0	0	2	1	1	0	0	0	2	0
ASV5536	2	1	0	0	1	0	0	1	1	2	0	0	0	0	1	0	0	1	0	0	2	0	0	0	0	1	0	0	1	0	0	0	0	0	0	0	0	0	0
ASV5591	0	0	1	0	0	1	0	1	0	0	0	0	0	0	0	0	0	0	0	2	0	0	1	0	2	2	1	1	0	0	0	2	0	0	0	0	0	0	0
ASV5639	1	1	0	0	0	0	0	0	0	0	0	0	0	0	0	0	0	0	0	0	0	0	0	0	0	0	0	0	0	0	0	0	10	0	1	1	0	0	0
ASV5650	1	0	0	0	0	1	0	0	0	0	0	0	0	0	0	0	0	0	0	0	0	0	0	0	1	0	0	0	0	0	0	2	1	0	1	0	0	5	2
ASV5673	0	0	1	1	0	2	0	1	1	0	3	1	0	0	1	0	0	0	0	0	0	0	0	0	0	1	0	0	1	0	0	0	0	0	0	0	0	0	1
ASV5684	0	0	0	0	0	0	0	0	0	0	0	0	0	0	0	0	0	0	0	0	0	0	0	0	0	0	0	0	0	0	0	0	0	0	0	0	0	14	0
ASV5726	0	0	1	1	0	0	0	0	0	0	1	0	1	0	0	0	1	2	1	1	0	0	0	1	0	1	2	1	0	0	0	0	0	0	0	0	0	0	0
ASV5785	0	1	0	0	0	0	0	0	0	0	0	0	0	0	0	0	0	0	0	1	0	0	0	1	0	1	0	2	0	0	0	0	0	5	2	0	0	1	0
ASV5829	1	1	0	0	0	0	2	0	0	3	1	0	0	2	0	0	0	0	0	0	0	0	0	0	0	0	0	0	3	0	0	0	0	0	0	1	0	0	0
ASV5838	0	2	2	0	0	1	0	0	0	1	0	0	0	0	0	0	0	0	0	1	0	0	0	1	0	2	2	1	0	0	0	0	0	0	0	0	0	0	1
ASV5847	0	2	0	2	0	1	0	0	0	0	0	0	0	0	0	2	0	0	0	0	0	0	0	1	3	0	1	1	0	1	0	0	0	0	0	0	0	0	0
ASV5864	0	0	0	0	0	0	0	0	0	0	0	0	0	0	0	0	0	0	0	0	0	0	0	0	0	0	0	0	0	0	0	0	1	6	1	5	1	0	0
ASV5898	0	1	4	0	1	0	0	0	0	0	0	0	0	0	1	0	0	0	0	1	0	0	0	1	0	0	2	0	1	0	0	0	0	1	0	0	0	1	0
ASV5902	0	0	0	1	0	1	2	1	1	3	0	1	0	0	0	0	0	0	0	0	0	0	0	0	0	1	1	1	1	0	0	0	0	0	0	0	0	0	0
ASV5919	5	1	1	0	0	1	1	0	0	0	0	0	0	0	0	0	0	0	0	2	0	0	0	0	0	2	0	1	0	0	0	0	0	0	0	0	0	0	0
ASV5921	0	0	1	0	0	0	1	0	5	0	0	0	1	0	0	0	1	0	0	0	0	0	0	2	1	0	0	1	1	0	0	0	0	0	0	0	0	0	0
ASV5930	0	0	0	0	1	1	0	0	0	0	0	0	0	0	0	0	0	0	0	0	0	0	1	0	1	0	0	0	0	0	0	0	1	0	6	1	0	2	0
ASV5941	1	0	0	0	0	0	0	0	0	0	0	0	1	1	0	0	0	0	1	0	0	0	0	0	1	1	0	0	0	1	0	0	0	0	0	0	5	2	0
ASV4240	0	0	0	0	0	0	0	0	0	0	0	0	0	0	0	0	0	0	1	0	0	0	0	0	0	0	0	0	0	0	0	0	1	5	4	2	0	0	0
ASV4553	0	0	2	1	1	1	0	0	0	0	0	0	0	1	0	0	0	0	0	2	0	0	0	1	1	0	1	0	2	0	0	0	0	0	0	0	0	0	0
ASV4648	0	1	1	1	0	0	0	0	0	2	0	0	0	0	0	0	0	0	0	7	0	0	0	0	0	0	0	0	0	0	0	0	0	0	0	0	0	1	0
ASV4652	1	0	0	0	0	0	0	1	0	1	0	0	0	0	0	0	0	0	0	0	0	0	0	0	0	0	0	0	0	0	0	1	0	6	1	0	0	2	0
ASV4683	6	1	1	0	0	0	1	0	0	0	0	0	0	0	0	0	0	0	0	2	0	0	1	0	0	0	0	1	0	0	0	0	0	0	0	0	0	0	0
ASV4718	2	0	2	0	1	1	0	0	0	0	1	2	0	0	0	0	0	0	0	1	0	0	0	0	1	1	1	0	0	0	0	0	0	0	0	0	0	0	0
ASV4763	2	0	0	0	0	0	0	0	0	2	1	0	1	1	0	0	1	0	0	1	0	0	0	0	1	0	1	0	0	0	0	0	0	2	0	0	0	0	0
ASV4776	0	0	0	0	0	0	0	0	4	0	0	0	1	0	0	0	0	0	0	0	0	0	0	1	1	0	1	0	1	0	1	0	1	1	0	0	1	0	0
ASV4811	0	0	0	0	0	0	0	0	0	1	0	0	0	0	0	0	0	0	0	0	0	0	0	0	0	0	0	0	0	0	0	0	5	2	2	2	1	0	0
ASV4825	0	0	1	0	0	0	0	0	0	0	0	0	0	0	0	1	1	0	0	0	0	2	1	0	1	0	0	0	0	0	0	0	2	1	0	0	3	0	0
ASV4863	0	0	0	0	0	0	0	0	0	0	0	0	0	0	0	0	0	0	0	0	0	0	0	0	0	0	0	0	0	0	0	7	1	2	1	2	0	0	0
ASV4902	3	1	1	1	0	3	0	0	0	0	0	0	0	0	0	1	0	0	0	1	0	0	0	0	1	0	1	0	0	0	0	0	0	0	0	0	0	0	0
ASV4970	1	0	0	0	0	0	0	0	0	0	0	0	0	0	0	0	0	0	0	0	0	0	0	1	1	1	1	0	1	0	0	0	0	0	0	0	0	7	0
ASV5020	0	0	0	0	0	0	0	0	0	0	0	0	0	0	0	0	0	0	0	0	0	0	0	0	0	0	0	0	0	0	0	0	0	1	0	12	0	0	0
ASV5084	0	0	0	0	0	0	1	0	0	0	1	0	0	3	0	1	0	0	3	0	0	3	0	0	0	0	0	0	0	0	1	0	0	0	0	0	0	0	0
ASV5094	2	0	0	0	0	0	0	0	1	0	0	0	0	0	0	0	0	0	0	1	0	0	0	0	0	0	0	0	0	0	0	1	1	3	0	4	0	0	0
ASV5115	1	0	0	0	0	0	0	0	0	0	0	0	0	0	0	0	0	0	0	0	0	0	0	0	0	0	0	0	0	0	0	2	1	1	1	2	0	2	3
ASV5168	0	1	0	0	0	0	1	0	0	0	0	1	0	0	0	1	0	0	1	0	1	0	0	0	1	1	1	0	1	1	1	0	0	0	0	0	0	0	1
ASV5190	0	2	3	0	0	2	1	0	0	1	0	0	0	0	0	0	0	0	0	0	0	0	0	2	1	0	0	0	1	0	0	0	0	0	0	0	0	0	0
ASV5228	0	0	0	1	0	0	0	0	0	0	2	0	0	0	2	1	0	0	0	0	0	0	0	0	0	1	0	0	0	0	0	3	0	2	1	0	0	0	0
ASV5237	1	1	1	0	0	0	3	0	0	1	0	0	1	0	0	0	0	0	0	0	0	0	0	2	0	1	1	0	0	0	1	0	0	0	0	0	0	0	0
ASV5269	1	0	0	0	0	0	0	0	0	1	0	0	0	0	0	0	0	0	0	1	0	0	0	0	0	0	0	0	1	0	0	0	0	0	0	9	0	0	0
ASV5289	0	0	0	0	0	0	0	0	0	0	0	0	0	0	0	0	0	0	0	0	0	0	0	0	0	0	1	0	0	0	0	0	1	7	3	0	1	0	0
ASV5360	0	1	0	0	0	0	0	0	0	1	0	0	0	0	0	0	0	0	0	0	0	0	0	0	0	1	0	0	0	0	0	5	3	2	0	0	0	0	0
ASV5376	1	1	0	0	1	2	0	0	3	1	0	0	0	0	0	0	0	0	0	0	0	0	0	0	1	1	0	0	1	1	0	0	0	0	0	0	0	0	0
ASV5401	0	1	3	0	0	2	0	0	0	3	0	0	1	0	1	0	0	0	0	0	0	0	0	0	1	0	0	0	0	0	0	0	1	0	0	0	0	0	0
ASV5425	0	0	2	0	0	0	2	0	0	0	0	0	0	1	0	0	0	0	0	2	0	0	0	1	1	0	0	1	0	0	0	1	0	1	1	0	0	0	0
ASV5446	2	0	0	0	0	0	0	0	0	2	0	0	0	0	0	0	0	0	0	0	0	1	1	0	0	0	1	1	0	2	0	0	0	0	0	0	0	3	0
ASV5456	0	0	0	0	0	0	0	0	0	0	0	0	0	0	0	0	0	0	0	0	0	0	0	0	0	0	0	0	0	0	0	1	0	0	0	0	0	0	12
ASV5486	1	1	0	1	0	0	0	0	1	0	0	1	1	3	0	0	1	1	0	0	0	1	0	0	0	0	0	0	0	0	0	0	0	1	0	0	0	0	0
ASV5507	1	0	0	0	0	0	0	0	0	0	0	0	0	0	0	0	0	1	0	1	1	6	0	0	0	1	0	0	0	0	2	0	0	0	0	0	0	0	0
ASV5508	0	0	0	0	0	0	0	0	0	1	0	0	0	0	0	0	0	0	0	2	0	0	0	0	0	0	0	0	1	0	0	0	0	0	1	8	0	0	0
ASV5521	4	0	0	0	0	0	0	0	0	0	0	0	1	0	0	0	0	2	0	1	1	3	0	0	0	0	0	1	0	0	0	0	0	0	0	0	0	0	0
ASV5523	0	0	0	0	0	0	0	0	0	0	0	0	0	0	0	0	0	0	0	2	0	0	0	1	2	1	0	0	0	0	0	0	1	1	2	0	0	2	1
ASV5532	0	0	0	0	0	0	0	0	0	0	0	2	1	0	0	0	1	4	3	0	0	0	1	0	0	0	0	0	0	1	0	0	0	0	0	0	0	0	0
ASV5534	0	1	0	0	0	1	0	0	0	1	1	0	0	0	0	0	0	0	0	0	0	0	0	1	0	0	0	0	1	0	0	0	0	1	0	6	0	0	0
ASV5535	0	1	0	1	0	0	1	0	0	0	0	0	0	0	0	0	0	0	0	2	0	0	0	1	2	0	0	1	0	0	0	1	0	0	2	0	0	1	0
ASV5540	1	0	0	1	0	0	0	3	1	1	0	0	0	0	0	1	0	0	0	0	1	0	0	0	0	1	0	0	0	0	0	0	0	0	0	0	0	0	3
ASV5543	1	1	0	0	0	0	1	1	0	0	0	0	0	1	0	1	0	0	2	0	1	1	0	0	1	1	1	0	0	0	0	0	0	0	0	0	0	0	0
ASV5551	0	0	1	0	0	0	0	0	0	2	0	0	0	0	0	0	0	0	0	0	2	1	4	0	2	1	0	0	0	0	0	0	0	0	0	0	0	0	0
ASV5554	2	0	0	0	0	0	0	0	1	0	0	0	0	0	0	1	0	0	0	1	0	0	1	1	2	0	0	2	0	0	0	0	0	0	0	0	0	2	0
ASV5583	1	0	0	0	0	0	2	0	0	0	0	0	0	0	0	0	0	0	0	0	0	0	0	0	0	0	0	0	1	0	0	0	1	1	0	6	0	1	0
ASV5602	0	0	1	0	0	0	1	2	0	2	0	0	0	0	0	0	0	0	0	0	0	0	0	0	0	0	0	1	0	0	0	2	0	3	0	0	0	1	0
ASV5608	0	0	0	0	0	0	0	0	0	0	0	0	0	0	0	0	0	0	0	0	0	0	0	0	0	0	0	0	0	0	0	0	8	1	2	2	0	0	0
ASV5630	0	0	0	0	0	0	0	0	0	0	0	0	0	0	0	0	0	0	0	1	0	0	0	0	1	0	0	0	0	0	0	1	2	1	1	6	0	0	0
ASV5642	3	2	0	0	0	0	0	0	0	0	0	0	0	0	0	0	0	0	0	0	0	0	0	1	0	1	0	0	0	0	0	0	2	0	3	1	0	0	0
ASV5656	0	0	0	0	0	0	0	0	0	0	0	0	0	0	0	0	0	0	0	0	0	0	0	0	0	0	0	0	0	0	0	0	4	1	3	0	5	0	0
ASV5658	1	0	0	0	0	0	0	0	0	0	0	0	0	1	0	0	0	0	0	1	0	0	0	0	0	0	0	0	0	0	1	0	3	2	0	2	1	1	0
ASV5700	1	1	0	0	1	0	1	0	1	1	0	0	0	0	0	0	0	0	0	1	0	0	0	1	2	0	0	1	0	0	0	0	0	0	1	1	0	0	0
ASV5714	0	0	0	1	0	0	1	2	2	1	1	0	0	0	0	0	0	0	0	1	0	0	0	0	0	1	0	1	2	0	0	0	0	0	0	0	0	0	0
ASV5716	0	0	2	2	0	2	0	0	0	1	0	1	0	0	0	0	0	0	0	3	0	0	0	0	0	1	1	0	0	0	0	0	0	0	0	0	0	0	0
ASV5731	0	0	0	0	1	2	0	0	0	0	0	0	0	0	0	0	0	0	0	1	0	0	1	0	0	1	0	0	0	0	0	0	1	1	1	3	0	1	0
ASV5736	0	1	0	1	0	1	2	0	0	0	2	1	1	0	0	0	0	0	0	1	0	1	0	0	0	0	1	0	1	0	0	0	0	0	0	0	0	0	0
ASV5769	0	0	0	0	0	0	0	1	0	0	0	2	0	1	0	0	0	0	1	1	0	2	0	0	1	0	0	1	0	0	0	0	0	1	1	0	0	1	0
ASV5771	3	1	0	0	1	2	0	0	0	0	0	0	0	0	0	0	0	1	0	0	0	0	0	1	1	0	0	0	1	0	0	0	0	0	0	0	0	1	1
ASV5775	1	0	0	0	0	0	0	0	0	0	0	0	0	0	0	0	0	0	0	1	2	2	0	0	0	1	1	0	1	1	3	0	0	0	0	0	0	0	0
ASV5815	1	0	2	0	1	0	0	0	0	1	1	0	0	0	0	0	0	0	0	4	0	1	0	0	0	2	0	0	0	0	0	0	0	0	0	0	0	0	0
ASV5834	0	0	0	0	1	0	0	0	0	0	0	1	0	0	0	2	0	0	0	0	0	0	0	2	1	0	0	0	0	0	1	0	0	0	2	0	2	1	0
ASV5852	0	0	0	0	1	0	1	1	0	1	1	0	0	0	0	0	0	0	0	0	0	0	0	0	4	1	0	0	3	0	0	0	0	0	0	0	0	0	0
ASV5874	0	1	0	3	1	0	1	0	1	0	3	0	0	1	1	0	0	0	0	0	0	0	0	0	1	0	0	0	0	0	0	0	0	0	0	0	0	0	0
ASV5896	1	0	0	1	0	0	0	0	0	0	0	0	0	0	0	0	0	0	0	0	0	0	0	3	0	1	1	1	0	0	0	0	0	0	0	0	0	3	2
ASV5946	1	1	2	2	0	2	0	0	1	1	0	0	0	0	0	0	0	0	0	0	0	0	0	1	1	0	1	0	0	0	0	0	0	0	0	0	0	0	0
ASV4556	0	0	0	1	0	0	0	0	0	0	0	0	0	0	0	0	0	0	0	0	0	0	0	0	0	0	0	0	0	0	0	1	3	2	0	0	0	2	3
ASV4562	0	0	0	0	0	0	0	0	0	0	0	0	0	0	0	0	0	0	0	0	0	0	0	0	0	0	0	0	0	0	0	0	6	3	2	1	0	0	0
ASV4563	0	2	0	0	0	0	0	0	1	0	0	0	2	0	0	0	0	0	0	3	1	1	1	0	1	0	0	0	0	0	0	0	0	0	0	0	0	0	0
ASV4700	0	0	1	0	0	1	0	0	0	0	0	0	0	0	0	0	0	0	0	0	0	0	0	0	0	0	0	0	0	0	0	0	4	1	4	1	0	0	0
ASV4706	2	0	0	1	0	0	0	0	0	1	0	1	0	1	0	0	0	1	0	0	1	0	0	0	1	1	0	1	1	0	0	0	0	0	0	0	0	0	0
ASV4819	0	0	0	0	0	0	1	0	0	1	0	1	0	0	0	0	0	0	0	0	0	0	0	1	0	0	1	0	0	0	0	1	1	4	1	0	0	0	0
ASV4833	0	0	0	0	0	0	0	0	0	0	0	0	0	0	0	0	0	0	0	0	0	0	0	0	0	0	0	0	0	0	0	2	4	3	1	0	2	0	0
ASV4843	0	1	0	1	1	0	1	0	1	0	0	0	0	0	0	0	0	0	0	1	0	0	0	1	0	0	0	1	1	0	0	0	0	1	1	1	0	0	0
ASV4881	1	1	0	0	1	0	0	1	0	0	0	0	0	0	0	0	0	0	0	0	0	0	0	0	1	2	0	2	0	0	0	2	0	0	0	0	0	0	1
ASV4934	4	1	0	0	1	0	0	0	0	0	0	0	0	0	0	0	0	0	0	1	0	1	0	0	0	1	0	0	0	0	0	0	0	0	0	0	0	3	0
ASV4956	2	0	0	0	0	0	1	0	0	0	0	0	0	0	0	0	0	0	0	0	0	0	1	0	0	0	0	0	0	0	0	2	0	2	3	0	0	0	1
ASV4957	1	0	0	0	0	0	0	0	0	0	0	0	0	0	0	0	0	0	0	0	0	0	0	1	0	0	1	0	0	0	0	0	0	7	1	1	0	0	0
ASV4961	0	0	0	0	1	0	2	0	0	0	0	0	0	0	0	0	0	0	0	2	2	2	0	0	0	0	0	0	0	1	1	0	0	0	1	0	0	0	0
ASV4972	0	0	0	1	1	1	0	0	0	0	0	0	0	0	0	0	0	0	0	0	0	0	0	0	0	0	2	0	0	0	0	3	0	1	0	0	0	2	1
ASV5008	0	0	0	0	0	0	0	0	0	0	0	0	0	0	0	0	0	0	0	0	0	0	0	0	0	0	0	0	0	0	0	3	2	4	0	2	1	0	0
ASV5048	0	0	0	0	0	0	0	0	0	0	0	0	0	0	0	0	0	0	0	0	0	0	0	0	0	0	0	0	0	0	0	0	3	0	0	9	0	0	0
ASV5112	0	1	0	0	0	0	1	0	0	0	0	1	0	0	0	3	0	4	0	0	0	0	0	0	0	1	1	0	0	0	0	0	0	0	0	0	0	0	0
ASV5164	2	0	0	0	1	1	2	0	0	1	0	0	0	0	0	0	0	1	0	1	1	0	0	0	0	0	0	0	0	1	0	0	0	1	0	0	0	0	0
ASV5180	0	0	0	0	0	0	0	0	0	0	0	0	0	0	0	0	0	0	0	0	2	3	2	0	0	0	0	0	0	4	1	0	0	0	0	0	0	0	0
ASV5193	0	0	0	0	0	0	0	0	0	0	0	0	0	0	0	0	0	0	0	0	0	0	0	0	0	2	1	0	0	0	0	2	0	4	1	0	1	1	0
ASV5217	0	0	0	0	0	0	0	0	0	0	0	0	0	0	0	0	0	0	0	0	0	0	0	0	0	0	0	0	0	0	0	0	0	1	7	4	0	0	0
ASV5225	6	0	1	0	0	1	0	0	0	1	0	0	0	0	0	0	0	0	0	0	0	0	0	1	1	0	1	0	0	0	0	0	0	0	0	0	0	0	0
ASV5270	0	0	0	0	0	0	0	0	0	0	0	0	0	0	0	0	0	0	0	4	0	0	0	2	2	1	0	0	2	0	0	0	0	0	0	1	0	0	0
ASV5288	0	0	0	0	0	1	0	1	0	0	0	0	0	0	0	0	0	0	0	0	0	0	0	0	0	0	0	0	0	0	0	2	0	2	2	0	0	4	0
ASV5296	0	0	0	0	0	0	0	1	0	0	0	0	0	0	0	0	0	0	0	0	0	0	0	0	0	0	0	0	0	0	0	4	0	2	2	0	1	0	2
ASV5315	0	2	0	1	0	1	0	0	0	1	0	0	0	0	0	0	0	0	0	0	1	1	0	1	0	0	2	0	1	0	0	0	0	1	0	0	0	0	0
ASV5328	1	0	0	1	1	1	0	0	0	0	0	0	0	0	0	0	0	0	0	1	0	0	0	0	0	2	0	0	0	0	0	0	0	0	0	0	0	4	1
ASV5380	2	2	1	0	0	0	0	0	0	0	0	0	0	0	1	0	0	0	0	2	0	0	0	0	3	0	0	0	0	0	1	0	0	0	0	0	0	0	0
ASV5391	0	0	0	0	0	0	0	0	0	0	0	0	0	0	0	0	0	0	0	0	0	0	0	0	0	0	0	0	0	0	0	0	0	0	0	12	0	0	0
ASV5545	1	0	1	0	0	1	0	0	0	0	0	0	0	0	1	0	0	0	0	3	0	0	0	1	0	0	1	0	1	0	0	0	0	0	2	0	0	0	0
ASV5562	1	1	0	0	0	0	0	0	0	0	0	0	0	0	0	0	0	0	0	0	1	1	5	0	0	0	0	0	0	1	2	0	0	0	0	0	0	0	0
ASV5566	1	0	0	0	0	1	0	0	0	3	0	0	0	0	0	0	0	0	0	0	1	0	0	0	0	0	0	0	0	0	0	0	3	1	2	0	0	0	0
ASV5570	3	0	0	0	0	0	1	2	0	0	0	0	0	0	0	0	0	0	0	0	0	0	0	1	0	0	0	0	0	0	0	4	0	0	0	0	0	1	0
ASV5606	0	1	0	1	0	0	1	0	0	1	0	1	0	0	0	1	0	0	1	0	0	1	1	0	0	0	0	0	0	0	1	0	1	0	1	0	0	0	0
ASV5614	1	1	1	0	1	0	0	0	0	0	0	0	0	0	0	1	0	1	1	0	1	0	0	0	0	1	0	0	1	0	0	0	0	0	0	0	0	2	0
ASV5665	0	0	0	0	0	0	2	0	0	1	0	0	0	0	0	0	0	0	0	0	0	0	0	1	0	0	0	0	0	0	0	1	2	0	0	1	0	4	0
ASV5686	1	0	0	1	1	0	0	1	1	2	0	0	0	0	0	0	0	0	0	0	0	0	0	0	0	3	1	0	0	0	1	0	0	0	0	0	0	0	0
ASV5699	0	0	0	0	0	0	0	0	0	0	0	0	0	0	0	0	0	0	0	0	0	0	0	0	0	0	0	0	0	0	0	0	1	4	3	4	0	0	0
ASV5722	3	1	1	0	1	1	0	1	1	0	0	0	0	0	0	0	0	0	0	0	0	0	0	0	0	1	0	0	1	0	0	0	0	0	0	1	0	0	0
ASV5761	6	2	0	0	0	0	1	0	0	0	0	0	0	0	0	0	0	0	0	0	0	0	0	0	0	0	0	0	0	0	0	0	0	0	0	0	0	3	0
ASV5765	0	0	0	0	0	1	0	0	0	1	0	0	0	0	0	0	1	0	0	0	0	1	1	1	2	0	0	1	0	0	0	0	1	2	0	0	0	0	0
ASV5793	0	1	0	0	0	0	0	0	0	0	0	1	0	0	0	0	0	0	0	1	0	0	0	0	0	1	0	1	0	0	0	2	0	0	2	0	0	3	0
ASV5821	2	0	0	0	0	0	0	0	0	0	0	0	0	0	0	0	0	0	0	0	0	1	0	0	0	0	1	0	0	0	1	0	3	1	2	0	1	0	0
ASV5835	2	0	0	1	1	0	0	0	0	1	0	0	0	0	0	1	1	1	0	0	0	0	1	1	0	0	1	0	0	0	0	0	0	0	0	0	0	1	0
ASV5876	0	3	0	1	2	0	0	2	0	2	0	0	0	0	0	0	0	0	0	1	0	0	0	0	0	1	0	0	0	0	0	0	0	0	0	0	0	0	0
ASV5913	0	0	0	0	0	0	0	0	0	0	0	0	0	0	0	0	0	0	0	0	0	0	0	0	1	0	0	0	0	0	0	0	0	1	0	10	0	0	0
ASV5924	0	1	0	0	1	0	0	0	0	0	0	0	1	0	0	0	0	0	0	2	0	0	0	0	0	5	0	1	0	0	1	0	0	0	0	0	0	0	0
ASV5940	0	0	1	1	1	0	1	0	0	2	0	0	0	0	0	0	0	0	0	1	0	0	0	0	2	2	1	0	0	0	0	0	0	0	0	0	0	0	0
ASV4765	1	1	0	1	0	1	1	0	0	0	0	0	0	0	0	0	0	0	0	1	0	0	0	0	4	0	1	0	0	0	0	0	0	0	0	0	0	0	0
ASV4809	0	1	0	0	0	0	0	2	0	1	0	0	0	1	0	0	0	0	0	2	1	0	0	0	0	0	0	2	0	0	1	0	0	0	0	0	0	0	0
ASV4864	1	1	1	0	1	1	0	0	0	2	0	0	0	0	0	0	0	0	0	2	0	0	0	0	1	0	0	0	1	0	0	0	0	0	0	0	0	0	0
ASV5068	0	0	1	1	0	0	0	0	0	0	0	0	0	0	1	0	0	0	0	1	0	0	1	1	1	1	0	1	1	0	0	0	0	0	0	0	0	0	1
ASV5102	2	2	0	0	0	0	0	0	1	2	0	0	0	0	0	0	0	0	0	1	0	0	0	0	0	0	1	1	1	0	0	0	0	0	0	0	0	0	0
ASV5116	2	0	1	0	0	0	0	0	3	0	0	0	0	0	0	1	2	0	0	0	0	0	0	0	0	1	0	1	0	0	0	0	0	0	0	0	0	0	0
ASV5170	0	0	0	0	0	0	0	0	2	0	1	0	0	0	0	0	1	0	0	0	0	0	0	1	2	0	0	0	1	0	0	0	2	0	0	1	0	0	0
ASV5176	0	1	0	0	0	0	0	0	0	0	1	0	0	0	0	0	0	0	0	0	0	0	0	0	1	0	0	0	0	0	1	0	0	0	0	0	0	7	0
ASV5213	0	0	0	0	0	0	0	0	0	0	0	0	0	0	0	0	0	0	0	0	0	3	7	0	0	0	0	0	0	0	1	0	0	0	0	0	0	0	0
ASV5226	0	0	0	0	0	0	0	0	0	0	0	0	0	0	0	0	0	0	0	0	0	0	0	0	0	0	0	0	0	0	0	4	0	0	6	0	1	0	0
ASV5272	4	0	0	0	0	1	0	0	0	3	0	0	0	0	0	0	0	0	0	0	0	0	0	0	2	1	0	0	0	0	0	0	0	0	0	0	0	0	0
ASV5375	2	0	0	0	0	0	0	0	0	0	0	0	0	1	0	0	0	0	0	1	0	0	1	0	0	1	0	0	0	0	0	0	3	1	0	1	0	0	0
ASV5454	0	1	0	0	2	0	0	0	0	0	0	0	1	0	0	0	0	1	0	0	0	0	0	0	1	0	0	0	0	0	0	1	0	3	0	0	0	1	0
ASV5459	1	1	0	0	0	0	0	0	0	0	0	0	0	0	0	0	0	0	0	0	0	0	0	0	0	0	0	0	1	0	0	2	1	1	0	0	0	4	0
ASV5465	2	0	1	0	0	1	0	0	2	0	0	0	0	0	0	0	0	0	0	0	0	0	0	0	0	1	0	0	0	0	0	1	0	1	0	0	0	2	0
ASV5485	2	0	1	0	1	0	1	0	0	0	0	0	0	0	0	0	0	1	0	0	0	2	0	1	1	0	0	0	0	0	1	0	0	0	0	0	0	0	0
ASV5518	0	0	0	0	0	0	0	0	0	0	0	0	0	0	0	0	0	0	0	0	0	0	0	0	1	0	0	0	0	0	0	1	1	3	0	1	0	3	1
ASV5524	1	1	0	1	0	1	0	0	0	1	0	0	0	0	0	0	0	0	0	0	0	0	0	0	0	0	0	0	0	0	0	2	0	3	1	0	0	0	0
ASV5539	0	0	0	0	0	0	0	0	0	0	0	0	0	0	0	0	0	0	0	0	0	0	0	0	0	0	0	0	0	0	0	0	0	0	0	0	0	11	0
ASV5557	1	0	0	2	0	3	0	0	0	0	1	0	0	0	0	0	0	0	0	1	0	0	0	2	0	1	0	0	0	0	0	0	0	0	0	0	0	0	0
ASV5564	0	1	1	1	1	0	0	1	0	0	0	0	0	0	0	0	0	0	0	0	0	0	0	1	1	1	1	0	0	0	0	0	0	0	1	0	0	0	1
ASV5592	0	0	0	0	0	0	0	0	0	0	0	0	0	0	0	0	0	0	0	0	0	0	0	0	0	0	0	0	0	0	0	0	1	3	3	4	0	0	0
ASV5627	0	0	0	0	0	0	0	0	0	1	0	0	0	0	0	0	0	0	0	0	0	0	0	0	0	0	0	0	0	0	0	0	0	8	2	0	0	0	0
ASV5634	2	1	1	0	0	0	2	0	0	0	0	0	0	0	0	0	0	0	0	1	0	0	0	0	0	0	0	0	0	0	2	0	0	0	0	0	0	0	2
ASV5635	1	0	1	1	1	0	1	1	0	0	0	0	1	0	0	0	0	0	1	2	0	0	0	0	0	0	0	0	0	0	0	0	0	0	1	0	0	0	0
ASV5680	0	0	0	0	0	0	0	0	0	0	0	0	0	0	0	0	0	0	0	0	0	0	0	0	0	0	0	0	0	0	0	6	2	0	1	0	2	0	0
ASV5707	1	1	0	1	0	0	0	0	1	0	0	0	0	0	0	0	0	0	0	0	0	0	0	0	0	0	0	1	0	0	0	0	0	3	0	3	0	0	0
ASV5720	0	0	0	0	0	0	0	0	0	0	0	0	0	0	0	0	0	0	0	0	0	0	0	0	0	0	0	0	0	0	0	0	10	1	0	0	0	0	0
ASV5739	0	0	0	0	0	1	0	0	0	0	0	0	0	0	0	0	0	0	0	0	0	0	0	0	0	0	0	0	0	0	0	0	5	3	0	1	0	0	1
ASV5759	0	0	0	0	0	0	0	0	0	0	0	0	0	0	0	0	0	0	0	1	0	0	0	0	0	0	0	0	0	0	0	0	2	0	0	8	0	0	0
ASV5791	1	0	0	0	1	0	0	0	0	0	0	0	0	2	0	0	0	0	1	0	0	0	1	0	0	0	3	2	0	0	0	0	0	0	0	0	0	0	0
ASV5792	0	1	0	0	0	0	0	0	0	0	0	0	0	0	0	0	0	0	0	0	0	0	0	1	0	0	0	0	0	0	0	4	0	2	0	0	1	0	2
ASV5799	3	0	0	0	0	0	0	0	0	0	1	1	0	0	0	1	0	2	0	0	1	0	0	0	0	1	0	0	1	0	0	0	0	0	0	0	0	0	0
ASV5811	3	0	0	0	0	0	0	0	0	2	0	0	0	0	0	0	0	0	0	0	0	0	0	0	0	0	0	0	0	0	0	0	5	0	0	1	0	0	0
ASV5863	2	0	0	0	0	0	0	0	0	1	0	0	0	0	0	0	0	0	0	0	0	0	1	2	2	1	0	0	0	0	0	0	0	0	0	0	0	1	1
ASV5907	1	0	1	0	0	0	0	0	0	0	0	0	0	0	0	0	0	1	0	0	0	1	1	0	0	0	0	0	0	0	1	0	0	2	0	0	0	3	0
ASV5909	0	0	1	0	0	0	1	0	0	1	1	0	1	0	0	1	1	0	0	0	0	1	0	0	0	0	0	0	3	0	0	0	0	0	0	0	0	0	0
ASV5937	0	0	0	0	2	0	0	0	0	0	0	0	0	0	0	2	0	2	0	0	0	1	0	0	0	0	1	0	0	1	0	0	0	1	1	0	0	0	0
ASV4701	4	0	0	0	0	0	0	1	0	0	0	0	0	0	0	0	0	0	0	1	0	0	0	0	0	0	0	0	0	0	0	0	0	0	0	4	0	0	0
ASV4743	0	0	0	0	0	0	0	0	0	2	0	0	0	0	0	0	0	0	0	1	0	0	0	0	0	0	0	1	0	0	1	0	0	1	0	0	0	4	0
ASV5452	3	0	0	0	0	0	0	0	0	0	0	0	0	0	0	0	0	0	0	2	0	0	0	2	1	0	1	1	0	0	0	0	0	0	0	0	0	0	0
ASV5552	0	0	0	0	0	0	0	0	0	1	0	0	0	0	0	0	0	0	0	0	0	0	0	0	0	0	0	0	0	0	0	1	2	0	0	5	1	0	0
ASV5558	7	0	0	0	0	0	0	0	0	0	0	0	0	0	0	0	0	0	0	2	0	0	0	1	0	0	0	0	0	0	0	0	0	0	0	0	0	0	0
ASV5577	0	0	0	0	0	0	0	0	0	0	0	0	0	0	0	0	0	0	0	0	0	0	0	0	0	1	0	0	0	0	0	0	0	0	0	9	0	0	0
ASV5624	1	0	0	0	0	0	0	0	0	0	0	0	0	0	0	0	0	0	0	3	0	0	0	0	0	1	1	0	0	0	0	0	1	2	0	1	0	0	0
ASV5657	1	0	0	0	0	0	0	0	0	0	0	0	0	0	0	0	0	0	0	0	0	0	0	0	0	0	0	0	0	0	0	1	0	0	0	0	0	7	1
ASV5737	1	3	0	0	1	0	1	0	0	0	1	0	0	0	0	0	0	0	0	1	0	0	0	1	0	1	0	0	0	0	0	0	0	0	0	0	0	0	0
ASV5774	0	1	1	0	0	0	0	1	0	0	0	1	0	0	0	0	0	0	0	0	0	0	0	1	0	0	0	0	0	0	0	2	0	1	1	0	0	0	1
ASV5871	0	0	0	0	0	0	0	0	0	0	0	0	0	0	0	0	0	0	0	0	0	0	0	0	0	0	0	0	0	0	0	0	5	3	0	2	0	0	0
ASV5884	0	1	0	0	0	0	0	1	0	0	0	1	0	0	0	0	0	0	0	1	0	0	0	1	0	1	2	2	0	0	0	0	0	0	0	0	0	0	0
ASV5085	0	0	0	0	0	1	0	0	0	2	0	0	0	0	0	0	0	0	0	2	0	2	0	0	0	1	0	0	0	0	0	0	0	0	0	0	0	1	0
ASV5205	4	0	0	0	0	0	0	0	0	0	0	0	0	0	0	0	0	0	0	0	0	0	0	0	0	0	1	0	0	0	0	0	0	0	3	0	0	0	1
ASV5832	0	0	0	0	0	0	0	0	0	0	0	0	0	1	0	0	0	0	0	0	0	0	0	0	0	0	0	0	0	0	0	0	0	0	4	2	2	0	0
ASV5901	1	0	0	0	0	0	0	0	0	1	1	0	0	0	0	0	0	0	0	1	0	0	0	0	0	0	1	4	0	0	0	0	0	0	0	0	0	0	0
ASV5659	0	2	0	0	2	0	0	0	0	2	0	0	0	0	0	0	0	0	0	0	0	0	0	0	0	0	0	0	0	0	0	0	1	1	0	0	0	0	0
ASV5944	1	0	0	0	0	0	1	0	0	0	2	0	0	0	0	1	0	2	0	1	0	0	0	0	0	0	0	0	0	0	0	0	0	0	0	0	0	0	0
