#OTUID	A.1	A.16	A.17	A.2	A.29	A.3	A.30	A.32	A.5	A.6	A.7	A.8	A0	A1	A10	A11	A12	A13	A14	A15	A16	A17	A18	A19	A2	A20	A21	A23	A24	A25	A26	A27	A28	A29	A3	A30	A32	A34	A4	A5	A6	A7	A8	A9	BS2	CS2	G.1	G.2	G0	G1	G2	G3	G4	G5	GR.01	GR01	LW.1	LW1	T1
ASV1	1	0	0	0	0	0	0	0	0	0	8	1	8156	15372	25825	12774	15121	17718	19572	27793	21240	23612	30062	16681	22464	22340	22344	37880	40198	37972	32217	43015	43899	36968	11473	36912	44088	35000	14588	18005	14345	25486	18434	24964	37282	35801	0	0	720	569	12488	1895	4033	18698	0	258	0	4350	1752
ASV2	0	0	0	0	0	0	0	0	0	0	0	0	4595	6480	5313	4940	7149	4424	7297	3667	6580	4672	6	6488	7071	7217	5601	5483	1940	2766	338	1082	141	898	7768	189	167	377	9132	8913	7252	5351	9286	5623	74	1902	0	0	26958	32320	1910	23758	18379	406	0	45	0	1281	17034
ASV3	0	0	0	0	0	0	0	0	0	0	0	0	6301	5701	7046	7540	6577	4677	5095	4897	6084	6934	13	6459	4779	4876	6473	569	275	605	292	34	514	1259	8191	2247	525	1555	6701	6054	6849	4105	5460	4662	860	35	0	0	2990	3081	710	5226	5576	99	0	47	0	2587	12647
ASV4	0	0	0	0	0	0	0	0	0	0	0	0	6431	4053	1386	3942	3445	2206	3470	3511	2567	4483	69	7506	1966	4068	3480	398	727	1167	170	578	119	2006	3126	1434	552	2255	2212	1787	3609	3456	2588	2043	931	1988	0	0	3329	917	128	866	1417	26	0	64	0	2418	4050
ASV5	0	0	0	0	0	0	0	0	0	0	0	0	1081	1909	674	2950	2467	1046	2111	789	1189	457	4	666	2118	683	689	183	138	515	59	244	18	66	3043	60	83	206	2054	2315	2110	973	931	1207	70	320	0	0	1285	1298	31	2774	2931	65	0	25	0	2630	150
ASV6	0	0	0	0	0	0	0	0	0	0	0	0	305	1043	332	939	702	347	555	293	530	308	1	509	855	327	293	91	103	158	643	31	41	57	925	83	11	62	763	633	865	843	719	426	1034	88	0	0	50	48	15585	707	1159	710	0	225	0	216	1069
ASV10	0	0	0	0	0	0	0	0	0	0	0	0	1560	796	540	656	431	223	366	356	613	245	1	321	481	294	211	182	198	397	759	103	56	110	676	56	96	230	460	417	652	385	410	393	47	147	0	0	90	38	128	75	298	2	0	349	0	10511	18
ASV7	0	0	0	0	0	0	0	0	0	0	0	0	23	82	12	75	50	35	54	94	11	32	0	32	39	35	60	6	4	2	9	4	1	4	72	41	3	1	64	39	77	115	75	69	4	2	0	0	16	13	1090	346	310	19479	0	23	0	14	8
ASV9	0	0	0	0	0	0	0	0	0	0	0	0	725	734	493	777	850	477	552	471	764	480	2	390	868	568	399	53	34	1	281	3	1	233	758	2	4	55	966	680	786	840	1046	979	1	1	0	0	769	510	83	1364	1940	146	0	19	0	910	881
ASV8	0	0	0	0	0	0	0	0	0	0	0	0	296	327	884	593	598	253	486	508	622	776	2	1268	407	504	1515	361	146	420	62	1	495	1463	2127	480	0	760	315	671	414	384	458	399	1064	772	0	0	14	13	0	20	107	0	0	1	0	17	43
ASV11	0	0	0	0	0	0	0	0	0	0	0	0	1	5	126	832	701	278	606	219	191	286	0	586	201	381	2200	399	370	221	662	229	1404	188	28	521	151	509	96	59	2316	318	1727	258	0	0	0	0	0	0	0	1	0	1	0	1	0	0	4
ASV12	0	0	0	0	0	0	0	0	0	0	0	0	175	1065	455	1413	802	159	967	286	677	126	0	336	566	536	329	13	14	203	24	68	0	25	1167	21	16	18	1285	741	868	448	578	701	16	78	0	0	53	46	0	171	222	0	0	3	0	171	6
ASV14	0	0	0	0	0	0	0	0	0	0	0	0	109	14	7	41	31	34	0	3	48	1	0	43	36	2	36	3	4	2	5	2	4	0	43	4	3	3	49	51	49	18	13	25	0	4	0	0	42	21	7590	13	44	4	0	6056	0	10	5
ASV13	0	0	0	0	0	0	0	0	0	0	0	0	70	107	10	17	24	51	66	59	12	119	0	17	39	181	27	11	54	4	12	11	6	58	36	9	7	109	34	22	74	36	4	81	5	2	0	0	3934	3149	138	1814	1499	371	0	345	0	980	13
ASV15	0	0	0	0	0	0	0	0	0	0	0	0	288	86	129	170	61	66	135	91	65	4	0	88	97	44	56	3	4	34	6281	45	21	31	145	2	3	0	143	75	123	106	167	71	2	0	0	0	6	3	16	7	0	5	0	5	0	3	3387
ASV21	0	0	0	0	0	0	0	0	0	0	0	0	6202	508	161	600	340	83	359	122	240	126	0	65	303	91	35	6	35	28	4	49	29	17	625	19	14	34	409	388	425	117	137	243	37	0	0	0	0	0	0	0	0	0	0	0	0	0	0
ASV16	0	0	0	0	0	0	0	0	0	0	0	0	311	271	183	282	225	87	180	61	107	82	0	177	229	220	212	1	74	2	21	12	4	14	288	55	3	187	285	287	208	87	122	117	39	130	0	0	6	2	31	10	4	6	0	5469	0	330	40
ASV17	0	0	0	0	0	0	0	0	0	0	0	0	44	21	34	7	60	0	6	0	0	0	0	1	8	0	0	3	2	6	3	2	0	2	78	2	1	1	43	0	95	9	34	28	1	1	0	0	131	137	26	540	298	30	0	6644	0	15	5
ASV18	0	0	0	0	0	0	0	0	0	0	0	0	19	20	31	107	70	1	31	0	21	1	0	10	18	6	0	2	3	414	3	1	5	3	29	2	3	450	24	17	171	6	176	35	3	3	0	0	105	87	4	322	187	8	0	5478	0	17	18
ASV19	0	0	0	0	0	0	0	0	0	0	0	0	763	374	127	324	272	257	165	132	203	154	0	181	251	95	138	93	56	0	39	67	32	0	414	142	0	1	388	225	410	287	168	363	0	0	0	0	127	80	0	231	300	32	0	22	0	373	526
ASV20	0	0	0	0	0	0	0	0	0	0	0	0	120	864	176	560	135	80	150	540	202	104	0	265	77	9	394	234	0	195	0	692	0	36	119	90	152	2	200	252	178	160	354	251	0	1	0	0	164	156	1	196	232	0	0	13	0	233	10
ASV22	0	0	0	0	0	0	0	0	0	0	0	0	47	101	27	77	65	35	227	80	73	426	0	30	23	10	0	3	2	44	3	41	0	3	90	3	2	2	82	48	131	75	18	97	1	3	0	0	1227	1733	299	787	648	10	0	1	0	190	14
ASV24	0	0	0	0	0	0	0	0	0	0	0	0	63	17	0	19	6	0	9	3	29	61	0	5	46	8	6	2	0	1	0	1	17	0	26	1	32	3	43	29	6	22	0	10	3	1	0	0	29	4	1	4	14	3	0	5406	0	13	1
ASV37	0	0	0	0	0	0	0	0	0	0	0	0	0	0	0	0	0	0	0	0	0	0	0	0	0	0	0	2	0	0	56	2	102	210	0	2180	305	831	0	0	0	0	0	0	295	1910	0	0	1	1	0	0	1	1	0	2	0	0	0
ASV23	0	0	0	0	0	0	0	0	0	0	0	0	162	79	146	56	118	82	128	66	75	159	0	91	101	550	16	49	3	19	1	1	0	204	128	2	1	1	86	156	114	121	68	127	3	0	0	0	553	522	19	570	519	6	0	1	0	15	686
ASV51	0	0	0	0	0	0	0	0	0	0	0	0	63	33	203	61	79	12	100	5	20	19	0	0	51	23	14	3	212	0	1	0	21	656	55	409	1	0	49	240	44	20	35	26	1	0	0	0	549	312	1	445	567	14	0	1374	0	9	9
ASV27	0	0	0	0	0	0	0	0	0	0	0	0	65	83	29	51	0	13	34	42	49	24	0	24	33	0	8	1	2	1	32	0	1	45	13	0	1	1	60	66	41	18	5	22	0	0	0	0	19	4	1188	105	401	2584	0	1	0	101	35
ASV26	0	0	0	0	0	0	0	0	0	0	0	0	27	9	8	1	0	8	0	0	1	0	0	0	12	0	0	0	0	2	3	3	1	3	20	2	0	0	19	12	2	1	0	5	1	1	0	0	81	65	0	387	230	22	0	4102	0	22	1
ASV25	0	0	0	0	0	0	0	0	0	0	0	0	123	54	307	59	259	96	100	39	116	81	0	121	51	59	221	0	152	1	0	0	415	3	55	197	2	45	36	147	84	33	15	22	346	93	0	0	16	6	0	26	52	8	0	0	0	1447	65
ASV1303	0	0	0	0	0	0	0	0	0	0	0	0	156	133	159	74	171	154	130	173	125	185	7	229	112	169	115	90	103	98	81	66	71	152	119	97	76	95	171	140	108	124	107	241	54	99	0	0	60	35	40	61	91	17	0	80	0	112	128
ASV32	0	0	0	0	0	0	0	0	0	0	0	0	0	0	5	1	2	1	9	0	141	0	0	8	0	1	0	0	1	1	4422	4	1	0	0	23	1	0	2	13	2	9	0	6	0	0	0	0	0	1	0	0	2	0	0	0	0	1	1
ASV30	0	0	0	0	0	0	0	0	0	0	0	0	268	139	96	77	70	26	12	35	77	103	0	97	49	79	248	3	20	91	2	1	1	2	57	1	17	4	66	72	76	79	34	13	1	173	0	0	31	13	43	54	33	2	0	2010	0	23	1
ASV28	0	0	0	0	0	0	0	0	0	0	0	0	23	143	114	215	116	73	157	45	402	14	2	56	75	78	34	49	52	0	30	147	0	722	34	1	1	104	61	95	37	25	31	108	732	2	0	0	130	180	0	66	19	0	0	2	0	0	65
ASV31	0	0	0	0	0	0	0	0	0	0	0	0	45	24	0	33	50	7	1	13	16	0	0	32	49	1	0	0	0	0	0	1	1	1	55	0	0	1	47	53	78	38	116	3	1	1	0	0	20	9	0	11	9	1	0	0	0	3186	82
ASV33	0	0	0	0	0	0	0	0	0	0	0	0	46	16	9	21	77	0	39	15	0	1	0	18	17	16	9	2	1	0	1	0	2	0	31	2	1	2	22	22	7	0	12	43	1	2	0	0	541	580	9	344	795	152	0	2	0	3	1105
ASV29	0	0	0	0	0	0	0	0	0	0	0	0	25	14	10	148	125	52	120	75	280	92	0	1	42	32	77	143	200	0	0	0	236	0	173	468	21	286	184	49	14	11	137	220	0	144	0	0	91	71	0	107	190	0	0	2	0	0	86
ASV36	0	0	0	0	0	0	0	0	0	0	0	0	257	174	69	305	108	57	115	55	116	152	0	122	111	233	121	1	15	0	0	12	1	30	148	7	0	42	219	123	114	60	118	134	2	0	0	0	139	116	0	144	122	0	0	4	0	6	3
ASV39	0	0	0	0	0	0	0	0	0	0	0	0	65	153	112	81	99	48	165	82	37	17	1	390	110	176	188	0	0	1	1	15	7	1	60	23	0	60	88	49	109	55	35	54	0	3	0	0	153	7	0	67	35	1	0	252	0	2	399
ASV34	0	0	0	0	0	0	0	0	0	0	0	0	0	3	0	0	0	0	0	0	0	0	0	0	10	0	0	0	0	0	0	0	0	0	5	1	0	0	4	0	0	10	0	0	0	3	0	0	0	2	45	40	81	2967	0	0	0	2	0
ASV35	0	0	0	0	0	0	0	0	0	0	0	0	283	87	61	76	83	56	33	58	112	12	0	6	99	67	0	0	50	0	2	1	1	23	124	73	0	1	68	68	66	65	61	49	0	0	0	0	18	2	0	6	28	1	0	7	0	1389	1
ASV38	0	0	0	0	0	0	0	0	0	0	0	0	25	87	34	105	132	113	71	1	0	349	0	584	16	16	43	95	1	1	1	1	1	2	56	1	0	61	38	47	51	201	64	126	74	497	0	0	7	6	0	15	16	1	0	0	0	4	30
ASV44	0	0	0	0	0	0	0	0	0	0	0	0	22	44	22	78	26	1	35	18	8	15	0	20	48	5	10	2	3	0	6	1	0	0	17	6	2	32	43	5	29	18	9	18	0	25	0	0	215	335	1	748	939	1	0	1	0	60	15
ASV59	0	0	0	0	0	0	0	0	0	0	0	0	3	0	25	2	4	603	1	0	10	1	2	15	0	5	0	301	67	133	1	0	54	175	17	317	215	249	0	0	1	1	0	11	124	462	0	0	0	0	6	4	2	36	0	3	0	1	2
ASV42	0	0	0	0	0	0	0	0	0	0	0	0	49	36	116	27	44	6	36	35	0	61	0	0	54	0	8	1	1	2	7	0	3	2	26	1	0	0	20	21	33	21	16	47	1	0	0	0	107	60	0	129	26	1	0	1593	0	40	9
ASV41	0	0	0	0	0	0	0	0	0	0	0	0	29	185	29	119	87	31	105	25	152	35	0	155	14	94	37	12	1	1	0	16	0	132	153	0	0	0	108	86	119	71	31	55	0	0	0	0	74	62	0	208	148	3	0	2	0	26	10
ASV40	0	0	0	0	0	0	0	0	0	0	0	0	6	23	0	5	14	26	13	0	0	0	0	0	0	0	46	0	46	1	0	1	1	2	2	0	1	0	14	23	0	25	44	14	1	0	0	0	0	1	0	2	2	0	0	2	0	2048	3
ASV45	0	0	0	0	0	0	0	0	0	0	0	0	150	25	81	64	46	18	63	104	0	107	0	29	108	95	27	0	0	0	0	0	0	29	72	0	22	0	8	241	73	74	69	35	0	0	0	0	8	9	0	106	14	0	0	4	0	510	130
ASV53	0	0	0	0	0	0	0	0	0	0	0	0	147	222	24	146	163	24	95	49	49	12	0	26	129	54	2	13	44	25	0	0	0	18	205	25	16	0	159	188	147	103	48	65	0	0	0	0	0	0	0	0	0	0	0	0	0	6	0
ASV43	0	0	0	0	0	0	0	0	0	0	0	0	31	1	9	8	12	0	7	1	47	0	0	16	21	903	8	0	0	798	30	0	10	36	14	1	0	74	6	10	7	5	21	0	47	0	0	0	0	0	0	0	1	0	0	0	0	1	0
ASV46	0	0	0	0	0	0	0	0	0	0	0	0	1	42	0	24	110	17	7	70	55	13	0	158	167	137	322	0	39	0	44	0	0	22	28	1	0	324	70	4	10	46	0	279	40	0	0	0	17	8	0	4	2	0	0	0	0	0	14
ASV50	0	0	0	0	0	0	0	0	0	0	0	0	14	23	18	68	135	50	49	67	171	124	0	77	72	69	1	26	0	0	41	0	0	0	64	37	0	29	40	74	89	57	14	15	0	0	0	0	67	73	7	123	211	60	0	2	0	0	73
ASV49	0	0	0	0	0	0	0	0	0	0	0	0	113	68	88	31	112	75	36	43	79	18	0	45	34	0	7	0	20	0	31	0	0	1	63	0	0	0	101	129	76	127	61	153	0	36	0	0	0	0	0	3	1	0	0	1	0	442	38
ASV55	0	0	0	0	0	0	0	0	0	0	0	0	4	54	50	57	18	3	23	30	122	0	0	11	31	73	7	39	0	0	0	1	1	0	42	2	40	0	25	207	58	14	15	4	0	24	0	0	249	207	13	332	220	0	0	0	0	0	25
ASV48	0	0	0	0	0	0	0	0	0	0	0	0	62	26	24	41	16	9	18	8	0	4	0	1	27	118	107	88	63	160	67	49	0	219	12	97	0	340	23	19	10	8	8	23	224	51	0	0	0	2	0	0	0	0	0	1	0	0	0
ASV47	0	0	0	0	0	0	0	0	0	0	0	0	10	30	91	26	105	0	44	0	78	0	0	7	94	55	36	0	133	105	0	131	22	58	17	63	130	134	26	68	49	1	19	48	184	152	0	0	0	0	0	0	0	1	0	0	0	0	0
ASV52	0	0	0	0	0	0	0	0	0	0	0	0	12	0	5	17	1	0	9	12	1	1672	0	0	13	0	1	0	0	0	0	0	0	0	1	0	0	0	22	13	1	0	6	17	0	0	0	0	0	0	0	0	9	0	0	3	0	3	3
ASV74	0	0	0	0	0	0	0	0	0	0	0	0	0	5	21	2	0	893	17	0	0	0	0	0	0	21	4	45	19	0	84	0	0	20	6	18	63	0	3	14	28	3	115	17	67	86	0	0	0	1	9	2	6	21	0	0	0	58	91
ASV56	0	0	0	0	0	0	0	0	0	0	0	0	38	65	6	60	57	21	42	22	38	15	0	75	20	180	21	0	22	0	0	1	0	0	60	0	21	0	72	66	23	29	14	74	0	11	0	0	194	2	27	7	13	0	0	364	0	48	18
ASV60	0	0	0	0	0	0	0	0	0	0	0	0	9	23	7	75	28	1	16	25	19	13	0	12	21	3	9	0	2	0	0	0	0	2	30	0	0	2	42	14	17	4	11	8	0	0	0	0	147	179	1	442	396	1	0	2	0	10	10
ASV84	0	0	0	0	0	0	0	0	0	0	0	0	28	4	69	0	19	14	16	5	2	6	0	2	12	5	5	2	7	0	1	1	3	48	36	86	0	0	18	79	30	19	29	6	1	0	0	0	230	178	0	190	273	2	0	58	0	7	9
ASV58	0	0	0	0	0	0	0	0	0	0	0	0	117	118	20	84	32	7	31	39	21	31	0	1	53	12	0	1	32	75	37	0	0	0	59	0	0	0	43	86	42	35	475	29	0	0	0	0	0	0	0	0	0	0	0	0	0	0	0
ASV57	0	0	0	0	0	0	0	0	0	0	0	0	166	73	0	44	13	41	53	28	0	15	0	14	45	15	30	0	226	0	1	0	0	1	147	1	0	0	23	20	74	48	193	26	1	0	0	0	16	7	0	34	26	0	0	8	0	1	88
ASV64	0	0	0	0	0	0	0	0	0	0	0	0	31	37	38	192	105	8	52	28	30	6	0	52	68	24	81	0	7	0	16	0	326	18	66	0	10	0	41	33	50	32	16	72	0	0	0	0	1	0	1	4	3	0	0	0	0	0	0
ASV63	0	0	0	0	0	0	0	0	0	0	0	0	0	6	0	0	0	0	4	0	0	0	0	0	0	0	0	1	0	0	0	0	1	0	0	0	0	0	0	0	0	0	2	7	0	0	0	0	0	0	1	0	0	1	0	1409	0	5	7
ASV70	0	0	0	0	0	0	0	0	0	0	0	0	213	129	29	167	102	14	46	27	52	12	0	21	55	21	1	0	0	0	0	0	0	0	109	0	0	58	125	94	63	22	25	23	0	0	0	0	1	0	0	0	0	0	0	1	0	0	1
ASV91	0	0	0	0	0	0	0	1	0	0	0	0	2	0	6	0	0	94	0	0	8	3	68	2	0	0	0	4	0	156	1	47	2	25	1	23	43	96	0	5	0	0	0	5	675	59	0	0	0	0	1	2	0	2	0	0	0	2	32
ASV66	0	0	0	0	0	0	0	0	0	0	0	0	64	29	8	143	72	12	75	44	93	147	1	141	45	7	60	16	2	28	0	21	16	0	34	0	28	79	20	11	36	18	11	41	0	0	0	0	2	5	0	8	22	5	0	0	0	3	1
ASV61	0	0	0	0	0	0	0	0	0	0	0	0	51	60	0	24	16	0	20	8	0	34	0	0	36	32	37	0	1	1	0	0	1	0	34	2	0	1	23	67	15	20	17	4	0	0	0	0	77	43	1	77	576	0	0	7	0	17	41
ASV71	0	0	0	0	0	0	0	0	0	0	0	0	323	70	13	499	43	2	57	13	0	2	0	2	34	1	2	0	0	0	0	0	0	0	49	0	9	0	60	35	16	1	26	42	0	0	0	0	0	0	0	0	0	0	0	0	0	3	1
ASV68	0	0	0	0	0	0	0	0	0	0	0	0	52	76	30	162	54	11	63	19	51	30	0	49	45	45	25	0	0	11	0	0	0	0	62	0	8	29	63	64	68	17	21	30	20	0	0	0	25	27	5	44	77	0	0	1	0	11	3
ASV73	0	0	0	0	0	0	0	0	0	0	0	0	17	15	6	25	51	65	13	3	13	6	0	9	17	4	146	18	10	83	50	2	41	44	19	37	20	1	6	3	18	20	8	4	41	155	0	0	135	15	0	33	65	14	0	22	0	5	3
ASV72	0	0	0	0	0	0	0	0	0	0	0	0	102	74	23	94	51	13	49	42	39	66	0	10	36	16	0	0	0	0	0	0	0	21	27	0	0	0	76	26	64	44	28	56	40	0	0	0	4	8	82	5	33	0	0	38	0	19	13
ASV77	0	0	0	0	0	0	0	0	0	0	0	0	98	57	16	78	68	31	40	21	78	75	0	29	61	23	8	0	0	1	0	28	0	58	58	0	0	0	65	54	50	44	12	60	0	0	0	0	1	0	0	0	0	0	0	0	0	78	1
ASV87	0	0	0	0	0	0	0	0	0	0	0	0	0	0	0	0	0	351	0	0	0	0	0	0	0	0	13	97	0	84	43	46	9	49	0	49	30	132	0	0	0	0	0	0	91	145	0	0	0	0	18	0	0	32	0	0	0	0	4
ASV62	0	0	0	0	0	0	0	0	0	0	0	0	4	45	28	10	49	55	64	37	50	19	0	210	6	0	113	20	0	0	13	0	0	0	17	0	0	48	32	10	115	20	55	142	0	0	0	0	9	2	0	2	8	1	0	0	0	1	2
ASV67	0	0	0	0	0	0	0	0	0	0	0	0	0	0	0	0	0	0	0	0	0	0	0	8	0	0	0	0	1	0	0	0	1	2	2	0	0	0	0	0	0	0	4	0	0	1	0	0	4	2	1147	0	8	0	0	1	0	1	0
ASV88	0	0	0	0	0	0	0	0	0	0	0	0	0	0	14	0	0	303	0	0	0	0	0	12	13	10	7	75	0	87	70	0	0	113	9	170	0	0	0	0	0	8	48	0	63	130	0	0	0	0	3	0	1	22	0	0	0	1	15
ASV69	0	0	0	0	0	0	0	0	0	0	0	0	41	61	153	25	47	24	22	36	0	35	0	29	35	52	3	10	0	0	41	0	0	25	44	0	0	0	48	23	41	7	10	86	21	92	0	0	0	1	0	3	0	0	0	1	0	2	143
ASV65	0	0	0	0	0	0	0	0	0	0	0	0	8	0	0	0	0	0	0	1	0	38	0	28	0	0	17	0	60	1	0	1	0	0	0	48	1	47	7	0	0	0	0	20	47	0	0	0	7	11	31	6	15	0	0	31	0	714	4
ASV76	0	0	0	0	0	0	0	0	0	0	0	0	160	78	35	21	54	12	7	1	48	45	0	16	148	0	44	0	0	0	0	0	0	26	26	0	0	0	167	11	19	12	41	104	0	0	0	0	0	0	0	0	14	0	0	0	0	48	2
ASV83	0	0	0	0	0	0	0	0	0	0	0	0	34	12	0	0	40	0	9	0	0	8	0	11	5	0	0	0	0	0	0	0	0	0	10	0	0	34	8	5	16	3	4	0	0	0	0	0	1	0	0	0	1	0	0	929	0	5	0
ASV80	0	0	0	0	0	0	0	0	0	0	0	0	189	99	17	102	42	9	57	32	0	10	0	11	30	14	0	1	5	34	0	0	5	6	92	0	2	12	134	78	39	10	6	30	0	0	0	0	0	0	0	0	0	0	0	0	0	0	0
ASV85	0	0	0	0	0	0	0	0	0	0	0	0	0	13	0	0	0	2	0	0	0	0	0	0	4	7	0	0	0	0	1	0	1	0	7	0	0	0	24	7	0	1	0	18	0	0	0	0	9	0	0	6	5	0	0	931	0	1	1
ASV97	0	0	0	0	0	0	0	0	0	0	0	0	1	11	14	21	7	11	15	23	0	25	0	18	6	87	67	37	23	125	0	0	13	14	3	11	46	91	4	13	8	24	12	0	221	0	0	0	0	0	35	0	13	12	0	0	0	1	1
ASV78	0	0	0	0	0	0	0	0	0	0	0	0	10	49	56	0	0	0	0	0	0	0	0	0	31	0	0	1	1	0	0	0	0	1	0	0	0	0	0	7	54	3	10	0	1	0	0	0	7	17	30	7	17	0	0	30	0	621	6
ASV86	0	0	0	0	0	0	0	0	0	0	0	0	33	19	0	7	90	111	26	37	19	53	0	8	18	38	11	0	47	0	0	51	0	34	6	20	0	25	17	0	8	1	6	75	0	176	0	0	0	0	0	1	0	0	0	0	0	21	0
ASV82	0	0	0	0	0	0	0	0	0	0	0	0	0	0	0	0	0	0	6	0	0	0	0	0	0	0	0	2	0	0	0	0	1	0	0	0	724	0	0	0	0	0	0	0	195	1	0	0	0	0	0	0	1	0	0	0	0	0	1
ASV89	0	0	0	0	0	0	0	0	0	0	0	0	122	59	9	34	23	4	21	11	8	0	0	13	38	333	2	0	0	0	0	0	0	0	62	0	0	0	45	14	37	8	11	38	0	0	0	0	0	0	0	0	0	0	0	0	0	0	0
ASV92	0	0	0	0	0	0	0	0	0	0	0	0	145	91	12	63	20	5	45	21	8	10	0	2	38	8	8	11	10	0	16	14	0	0	92	0	0	1	63	64	25	17	33	63	0	0	0	0	0	0	0	0	1	0	0	0	0	0	0
ASV90	0	0	0	0	0	0	0	0	0	0	0	0	10	72	35	99	41	13	37	23	79	12	0	13	30	3	19	0	0	0	0	0	0	0	67	0	41	0	26	29	50	103	16	47	0	0	0	0	0	0	0	0	0	0	0	0	0	12	0
ASV81	0	0	0	0	0	0	0	0	0	0	0	0	3	21	16	16	8	42	11	0	26	16	0	9	0	0	1	0	132	59	0	51	161	0	11	49	0	111	23	0	5	0	30	23	0	37	0	0	0	0	0	0	0	0	0	0	0	0	2
ASV93	0	0	0	0	0	0	0	0	0	0	0	0	0	0	0	0	0	0	0	0	0	0	0	0	0	0	5	0	0	1	0	0	1	1	0	0	0	1	0	0	0	0	0	0	1	1	0	0	53	13	623	5	24	1	0	93	0	2	2
ASV102	0	0	0	0	0	0	0	0	0	0	0	0	128	93	8	86	75	4	40	9	50	0	0	7	37	0	13	0	0	0	0	0	0	0	67	0	0	15	54	31	62	11	16	18	0	0	0	0	0	0	0	0	0	0	0	0	0	0	0
ASV119	0	0	0	0	0	0	0	0	0	0	0	0	0	0	0	13	0	37	3	0	0	0	0	0	0	0	0	0	0	0	0	0	0	0	0	0	0	0	0	8	0	0	0	0	0	0	0	0	95	96	223	108	41	61	0	129	0	6	2
ASV138	0	0	0	0	0	0	0	0	0	0	0	0	161	40	15	87	152	0	57	1	32	0	0	11	20	5	1	0	4	50	0	0	0	0	29	0	0	0	37	27	24	6	14	24	0	0	0	0	0	0	0	0	0	0	0	0	0	0	0
ASV103	0	0	0	0	0	0	0	0	0	0	0	0	226	78	0	79	21	4	13	17	0	0	1	16	34	0	0	0	0	25	17	0	0	0	42	0	0	0	39	53	21	11	9	28	0	16	0	0	0	0	0	1	0	0	0	11	0	30	0
ASV94	0	0	0	0	0	0	0	0	0	0	0	0	30	14	12	8	113	6	2	4	21	1	0	97	4	38	11	27	0	0	0	235	0	0	8	0	0	2	7	45	9	11	1	7	0	49	0	0	0	0	0	0	2	0	0	0	0	20	0
ASV115	0	0	0	0	0	0	0	0	0	0	0	0	1	17	1	31	24	4	16	0	17	0	0	0	0	0	0	0	0	0	12	0	0	0	13	1	57	1	2	9	0	13	0	18	0	0	0	0	1	1	13	3	0	1	0	493	0	5	6
ASV109	0	0	0	0	0	0	0	0	0	0	0	0	46	10	0	28	31	24	13	13	0	6	0	10	9	83	0	0	6	1	0	1	13	0	25	0	0	39	61	25	27	3	11	44	0	0	0	0	40	60	1	4	1	0	0	2	0	96	6
ASV113	0	0	0	0	0	0	0	0	0	0	0	0	261	67	8	43	24	1	9	0	20	0	1	55	37	0	7	0	0	0	0	0	0	0	35	0	0	0	48	43	28	10	18	23	0	0	0	0	0	0	0	0	0	0	0	0	0	0	0
ASV99	0	0	0	0	0	0	0	0	0	0	0	0	10	95	19	49	39	14	62	0	16	29	0	6	40	47	0	0	0	0	1	0	0	0	55	0	13	0	59	59	42	24	23	35	0	0	0	0	0	0	0	0	0	0	0	0	0	0	0
ASV95	0	0	0	0	0	0	0	0	0	0	0	0	8	58	69	0	15	23	8	77	18	0	0	45	0	27	19	0	0	0	0	0	0	0	3	261	0	0	1	15	9	1	0	2	50	0	0	0	0	0	0	0	0	0	0	0	0	26	0
ASV98	0	0	0	0	0	0	0	0	0	0	0	0	0	0	35	6	23	175	13	14	0	15	0	32	12	0	43	0	0	0	0	0	0	0	98	0	21	123	36	5	22	15	16	0	0	0	0	0	0	0	0	0	0	14	0	0	0	0	0
ASV161	0	0	0	0	0	0	0	0	0	0	0	0	3	3	2	2	0	2	0	0	0	0	0	8	2	0	5	0	0	0	11	0	0	0	0	0	0	0	0	1	2	0	0	2	0	0	0	0	4	6	600	4	4	3	0	0	0	49	4
ASV112	0	0	0	0	0	0	0	0	0	0	0	0	1	0	5	1	3	166	20	6	15	14	0	0	0	0	12	0	29	0	0	0	19	0	9	41	16	33	0	5	1	0	170	0	94	28	0	0	0	0	0	0	2	24	0	0	0	0	2
ASV116	0	0	0	0	0	0	0	0	0	0	0	0	57	80	46	20	55	12	45	18	24	20	0	32	25	7	21	0	0	0	0	0	0	0	27	11	0	9	52	51	29	12	9	25	0	1	0	0	0	0	0	0	0	0	0	0	0	0	17
ASV114	0	0	0	0	0	0	0	0	0	0	0	0	0	38	0	50	0	32	0	71	0	34	0	0	0	0	1	0	0	0	0	1	0	0	19	0	0	0	30	25	5	17	134	27	0	0	0	0	6	9	0	44	29	0	0	0	0	23	103
ASV101	0	0	0	0	0	0	0	0	0	0	0	0	1	34	6	69	24	11	102	0	1	0	0	23	39	0	10	0	0	0	7	12	0	0	73	5	0	0	19	31	15	18	26	23	36	0	0	0	13	18	1	43	29	0	0	0	0	5	0
ASV107	0	0	0	0	0	0	0	0	0	0	0	0	8	28	0	18	32	0	6	47	0	17	0	15	18	3	4	0	0	0	1	0	0	0	15	0	0	0	41	1	28	0	80	24	0	0	0	0	10	3	43	27	50	1	0	0	0	142	28
ASV104	0	0	0	0	0	0	0	0	0	0	0	0	6	6	0	9	28	0	4	29	0	0	0	0	0	0	0	1	0	0	0	0	0	0	20	0	0	0	0	0	0	4	4	0	0	0	0	0	144	182	1	89	64	74	0	0	0	19	2
ASV96	0	0	0	0	0	0	0	0	0	0	0	0	10	0	14	4	0	26	0	71	0	0	0	8	16	0	0	0	0	0	0	0	0	0	0	0	0	0	0	0	51	0	0	0	0	0	0	0	5	8	24	8	0	0	0	22	0	413	3
ASV130	0	0	0	0	0	0	0	0	0	0	0	0	253	73	1	54	60	6	33	11	24	0	0	0	17	0	4	0	0	0	2	0	0	0	39	0	0	0	15	47	13	4	3	9	0	0	0	0	0	0	0	0	5	0	0	0	0	0	0
ASV200	0	0	0	0	0	0	0	0	0	0	0	0	8	0	0	0	0	111	19	9	0	27	0	24	0	23	45	31	1	0	0	0	0	95	0	0	0	0	7	0	21	15	24	0	55	35	0	0	0	0	16	2	5	62	0	1	0	0	10
ASV118	0	0	0	0	0	0	0	0	0	0	0	0	123	46	31	36	28	14	40	55	1	1	0	1	33	10	22	0	0	0	0	0	0	0	47	0	0	0	9	57	3	22	4	33	0	0	0	0	3	0	0	4	0	0	0	5	0	0	11
ASV152	0	0	0	0	0	0	0	0	0	0	0	0	0	4	1	3	3	2	20	0	0	0	0	4	490	0	3	0	0	0	0	8	3	0	55	0	0	0	0	16	10	1	0	4	0	0	0	0	0	0	0	0	0	0	0	0	0	0	0
ASV128	0	0	0	0	0	0	0	0	0	0	0	0	0	18	18	16	0	11	0	40	36	0	0	0	6	138	15	0	88	0	0	0	40	0	8	0	0	0	6	0	18	29	33	2	0	0	0	0	14	16	0	16	44	0	0	1	0	0	9
ASV105	0	0	0	0	0	0	0	0	0	0	0	0	19	0	0	0	0	0	0	49	0	0	0	16	0	0	0	0	0	0	0	0	0	0	29	0	0	0	0	0	0	0	46	0	0	1	0	0	12	15	13	16	8	1	0	31	0	357	5
ASV120	0	0	0	0	0	0	0	0	0	0	0	0	187	16	18	45	20	8	5	6	0	0	0	2	14	0	7	0	0	0	0	0	0	16	43	0	0	0	12	38	149	5	2	21	0	0	0	0	0	0	0	0	0	0	0	0	0	0	0
ASV124	0	0	0	0	0	0	0	0	0	0	0	0	99	35	5	19	18	6	51	14	30	15	0	0	24	0	7	0	0	0	9	0	0	7	24	16	5	0	21	47	40	16	0	19	0	0	0	0	0	0	0	0	0	0	0	0	0	85	0
ASV123	0	0	0	0	0	0	0	0	0	0	0	0	2	62	16	2	28	61	5	61	0	9	0	6	23	0	4	0	0	0	0	38	0	0	18	0	0	0	130	49	20	37	8	22	0	0	0	0	0	0	0	1	1	0	0	0	0	0	0
ASV111	0	0	0	0	0	0	0	0	0	0	0	0	12	5	32	21	9	34	33	0	33	42	0	65	8	15	4	0	0	0	0	0	0	0	10	0	50	0	15	12	0	22	63	0	0	0	0	0	0	0	0	0	0	0	0	0	0	109	7
ASV108	0	0	0	0	0	0	0	0	0	0	0	0	0	10	17	29	44	29	38	22	24	112	0	8	17	1	30	0	0	0	0	0	0	0	40	0	0	0	12	0	13	84	13	17	0	0	0	0	1	12	0	10	10	0	0	0	0	0	1
ASV164	0	0	0	0	0	0	0	0	0	0	0	0	0	1	26	9	0	319	0	0	0	0	1	0	0	0	0	1	11	37	22	1	0	98	4	1	0	0	0	0	0	0	15	0	0	0	0	0	0	0	0	0	1	25	0	0	0	0	21
ASV110	0	0	0	0	0	0	0	0	0	0	0	0	5	43	0	0	8	0	0	0	15	17	0	24	41	0	10	1	0	0	1	0	1	1	24	0	0	11	26	0	12	5	0	5	0	0	0	0	7	6	0	57	38	2	0	3	0	2	226
ASV162	0	0	0	0	0	0	0	0	0	0	0	0	0	0	0	0	0	198	6	0	0	0	0	0	0	0	0	0	0	1	0	0	1	0	7	65	0	136	0	0	0	0	130	5	23	0	0	0	0	0	0	0	1	14	0	0	0	1	0
ASV131	0	0	0	0	0	0	0	0	0	0	0	0	8	4	23	0	0	137	2	5	1	13	0	0	6	15	15	41	18	73	0	55	0	0	2	24	32	47	7	5	7	6	7	0	0	0	0	0	1	1	16	2	0	3	0	0	0	0	5
ASV117	0	0	0	0	0	0	0	0	0	0	0	0	2	14	2	47	8	3	8	0	1	0	0	0	0	0	0	0	0	0	0	0	0	0	13	0	0	0	25	15	8	5	6	0	0	0	0	0	0	1	0	0	6	0	0	1	0	413	0
ASV183	0	0	0	0	0	0	0	0	0	0	0	0	103	29	7	90	32	1	19	8	35	18	0	2	10	8	0	0	0	0	0	0	0	0	27	0	0	0	50	20	11	2	2	19	69	0	0	0	1	0	0	0	0	0	0	0	0	2	0
ASV136	0	0	0	0	0	0	0	0	0	0	0	0	1	2	0	0	0	0	0	0	0	0	0	0	1	1	0	0	0	0	0	1	1	0	0	0	0	1	2	1	1	0	0	2	0	0	0	0	0	0	0	0	0	0	0	542	0	6	2
ASV134	0	0	0	0	0	0	0	0	0	0	0	0	9	17	59	118	0	23	2	19	21	6	0	45	17	10	16	6	0	0	0	0	0	0	24	0	0	0	40	58	40	6	5	3	0	0	0	0	0	2	0	4	4	0	0	0	0	0	6
ASV139	0	0	0	0	0	0	0	0	0	0	0	0	0	23	4	24	17	6	7	14	19	0	0	198	6	0	0	13	0	0	0	0	0	0	17	0	0	0	28	136	1	21	0	17	0	0	0	0	1	0	0	0	0	0	0	0	0	0	0
ASV148	0	0	0	0	0	0	0	0	0	0	0	0	5	27	2	60	30	4	79	13	60	6	0	41	9	12	35	0	0	0	0	0	9	0	9	0	0	0	27	20	14	4	17	11	0	0	0	0	11	11	0	20	16	0	0	0	0	0	0
ASV175	0	0	0	0	0	0	0	0	0	0	0	0	0	1	0	0	0	0	0	0	0	0	0	0	0	0	0	0	0	0	1	0	0	1	0	0	0	0	0	0	0	0	0	0	0	0	0	0	1	0	1	0	1	0	0	541	0	0	0
ASV132	0	0	0	0	0	0	0	0	0	0	0	0	94	42	8	56	24	3	11	8	62	6	0	7	27	4	0	0	4	0	0	0	0	0	50	2	0	0	56	27	14	6	9	26	0	0	0	0	0	0	0	0	0	0	0	0	0	0	0
ASV127	0	0	0	0	0	0	0	0	0	0	0	0	6	30	0	16	4	11	34	0	75	0	0	8	4	0	0	0	119	0	0	0	0	0	5	0	0	0	5	9	0	0	25	0	0	83	0	0	30	6	0	26	38	1	0	0	0	0	6
ASV129	0	0	0	0	0	0	0	0	0	0	0	0	7	99	14	7	49	39	20	4	11	10	0	2	33	1	0	0	0	0	0	0	0	0	9	0	0	0	82	42	16	57	10	12	16	0	0	0	0	0	0	0	1	0	0	0	0	0	0
ASV125	0	0	0	0	0	0	0	0	0	0	0	0	2	12	2	38	28	0	2	8	67	10	0	0	2	6	11	24	2	0	2	1	0	0	0	0	0	44	11	19	3	23	7	1	0	203	0	0	0	0	0	0	2	0	0	0	0	4	5
ASV121	0	0	0	0	0	0	0	0	0	0	0	0	0	51	16	1	56	2	12	6	40	0	0	0	67	3	14	0	0	0	45	0	0	0	53	0	0	23	18	19	20	44	29	14	0	0	0	0	0	0	0	0	0	0	0	0	0	0	0
ASV1946	0	0	0	0	0	0	0	0	0	0	0	0	275	38	1	26	10	9	23	12	12	10	0	0	18	1	19	0	0	0	0	0	0	0	16	0	0	0	18	16	14	7	1	5	0	0	0	0	0	0	0	0	1	0	0	0	0	0	0
ASV184	0	0	0	0	0	0	0	0	0	0	0	0	0	0	0	0	0	0	0	0	0	0	0	0	0	0	0	0	0	0	1	0	0	0	0	0	1	0	0	0	0	0	0	0	0	0	0	0	36	10	409	4	16	0	0	49	0	4	0
ASV146	0	0	0	0	0	0	0	0	0	0	0	0	46	13	4	343	11	3	19	3	0	0	0	2	1	1	0	0	0	0	0	0	0	0	16	0	0	0	11	14	12	1	5	17	0	0	0	0	0	0	0	0	0	0	0	0	0	0	0
ASV122	0	0	0	0	0	0	0	0	0	0	0	0	0	0	0	0	0	1	0	0	0	2	2	0	0	0	0	155	0	0	0	0	0	53	12	137	0	0	0	0	0	0	0	0	0	156	0	0	0	0	2	0	0	0	0	0	0	0	0
ASV170	0	0	0	0	0	0	0	0	0	0	0	0	0	2	4	20	7	121	15	0	39	0	0	5	6	0	5	18	0	17	0	0	4	0	1	11	0	106	0	2	17	0	0	0	14	75	0	0	0	0	0	1	0	15	0	0	0	0	10
ASV559	0	0	0	0	0	0	0	0	0	0	0	0	3	1	15	0	7	1	1	1	0	2	0	1	1	2	0	1	2	0	0	0	1	14	3	5	1	0	3	25	2	2	2	5	0	0	0	0	124	91	2	85	96	0	0	7	0	3	4
ASV126	0	0	0	0	0	0	0	0	0	0	0	0	0	0	0	0	14	0	0	0	0	0	0	0	0	0	0	0	35	1	0	0	67	36	0	56	0	69	0	0	0	0	26	0	132	68	0	0	0	0	0	0	1	0	0	0	0	0	0
ASV176	0	0	0	0	0	0	0	0	0	0	0	0	1	0	14	2	2	0	1	3	0	0	0	0	2	1	0	1	0	0	0	0	0	1	4	1	0	0	4	8	2	0	2	0	0	0	0	0	145	101	0	104	85	0	0	13	0	2	2
ASV171	0	0	0	0	0	0	0	0	0	0	0	0	0	0	0	0	0	0	0	0	0	0	0	0	0	0	0	0	0	0	0	0	0	0	0	0	0	0	0	0	0	0	0	0	0	0	0	0	0	0	0	0	0	0	0	0	0	500	0
ASV142	0	0	0	0	0	0	0	0	0	0	0	0	0	1	13	3	75	3	136	0	62	0	0	12	0	5	3	0	0	0	0	0	0	0	11	0	0	116	0	4	35	15	1	0	0	0	0	0	1	0	0	0	0	0	0	0	0	0	3
ASV159	0	0	0	0	0	0	0	0	0	0	0	0	14	6	8	4	2	2	14	0	0	0	0	0	6	0	1	0	1	0	0	0	0	0	30	0	0	0	9	1	9	20	7	4	0	0	0	0	0	0	0	1	1	0	0	1	0	0	355
ASV153	0	0	0	0	0	0	0	0	0	0	0	0	0	48	2	29	6	6	34	0	18	0	0	0	5	0	0	0	30	0	0	30	0	0	18	0	0	0	25	8	11	0	30	8	0	1	0	0	25	17	0	34	44	0	0	0	0	10	55
ASV149	0	0	0	0	0	0	0	0	0	0	0	0	4	31	7	79	21	6	12	13	25	11	0	5	27	51	8	0	0	12	7	0	0	1	24	6	0	0	42	46	18	18	8	7	0	0	0	0	0	1	0	0	2	0	0	0	0	0	0
ASV133	0	0	0	0	0	0	0	0	0	0	0	0	0	0	0	0	0	0	0	0	0	0	0	0	0	0	0	0	0	0	0	0	0	0	0	0	0	0	0	0	0	0	0	0	0	0	0	0	0	0	0	0	0	0	0	0	0	488	3
ASV141	0	0	0	0	0	0	0	0	0	0	0	0	0	0	0	0	0	0	0	0	0	0	0	0	0	0	0	0	0	0	0	0	0	15	0	6	0	1	0	0	0	0	0	0	0	458	0	0	0	0	0	1	0	0	0	0	0	0	0
ASV147	0	0	0	0	0	0	0	0	0	0	0	0	16	0	0	2	11	0	3	0	0	0	0	0	0	0	0	0	0	0	0	0	0	0	0	0	0	0	0	0	0	0	0	0	0	1	0	0	1	1	0	2	0	0	0	439	0	0	1
ASV150	0	0	0	0	0	0	0	0	0	0	0	0	1	10	4	35	0	19	9	147	50	0	0	56	0	0	9	0	0	0	0	0	0	0	3	0	0	0	7	22	5	2	26	70	0	0	0	0	0	0	0	0	0	0	0	0	0	0	0
ASV135	0	0	0	0	0	0	0	0	0	0	0	0	3	13	2	5	5	0	5	5	0	25	0	53	12	38	57	0	0	0	41	0	0	0	75	53	22	0	16	14	2	17	2	7	0	0	0	0	0	0	0	0	0	0	0	0	0	0	0
ASV154	0	0	0	0	0	0	0	0	0	0	0	0	0	64	40	25	32	11	55	17	16	0	0	21	2	8	0	0	0	0	44	0	0	15	11	0	0	18	39	7	22	19	6	0	0	0	0	0	0	0	0	0	0	0	0	0	0	0	0
ASV145	0	0	0	0	0	0	0	0	0	0	0	0	2	42	16	47	30	4	16	8	16	2	0	9	28	87	6	0	0	0	0	0	0	0	17	0	0	0	12	5	29	21	56	16	0	0	0	0	0	0	0	0	0	0	0	0	0	0	0
ASV137	0	0	0	0	0	0	0	0	0	0	0	0	27	40	18	50	24	0	27	19	0	15	0	31	13	0	0	0	0	0	0	0	0	0	44	24	0	0	32	3	52	6	10	24	0	0	0	0	0	0	0	0	0	0	0	0	0	0	0
ASV190	0	0	0	0	0	0	0	0	0	0	0	0	0	0	0	0	0	0	0	0	1	0	0	0	0	1	0	0	0	0	0	0	0	0	0	0	0	0	0	0	0	0	0	0	0	0	0	0	0	0	0	0	0	0	0	455	0	1	1
ASV151	0	0	0	0	0	0	0	0	0	0	0	0	0	6	91	0	36	49	14	0	0	0	0	19	0	0	0	0	0	0	0	0	0	0	20	0	0	0	8	1	6	0	5	8	0	0	0	0	28	46	0	34	22	0	0	0	0	6	56
ASV143	0	0	0	0	0	0	0	0	0	0	0	0	3	0	0	18	237	13	16	0	29	6	0	0	4	0	0	0	0	0	0	0	0	57	0	0	9	49	0	0	0	0	1	0	0	0	0	0	0	0	7	0	0	1	0	0	0	3	0
ASV155	0	0	0	0	0	0	0	0	0	0	0	0	19	10	1	14	0	5	3	4	8	6	0	3	15	0	0	0	0	0	0	0	0	0	15	17	0	43	7	0	8	1	206	20	0	48	0	0	0	0	0	0	0	0	0	0	0	0	0
ASV196	0	0	0	0	0	0	0	0	0	0	0	0	12	11	7	45	43	2	24	6	37	10	0	11	16	42	7	0	0	0	0	3	0	0	20	6	0	21	20	12	20	16	12	10	9	0	0	0	0	0	0	20	5	2	0	3	0	0	0
ASV178	0	0	0	0	0	0	0	0	0	0	0	0	8	13	10	0	9	23	6	41	8	26	0	16	10	9	22	2	9	1	5	0	2	16	9	10	3	0	18	9	21	75	20	16	1	4	0	0	1	1	2	5	3	0	0	0	0	11	5
ASV169	0	0	0	0	0	0	0	0	0	0	0	0	2	0	11	1	1	0	0	1	0	0	0	0	2	1	0	1	0	0	0	0	1	3	4	2	1	0	2	10	4	4	5	0	0	0	0	0	136	82	0	72	86	0	0	10	0	1	6
ASV158	0	0	0	0	0	0	0	0	0	0	0	0	1	6	0	35	45	3	9	1	14	14	0	0	24	0	0	0	0	0	0	0	0	0	2	0	0	0	1	0	15	18	5	0	1	0	0	0	10	15	0	17	59	0	0	0	0	150	1
ASV251	0	0	0	0	0	0	0	0	0	0	0	0	0	0	0	1	0	87	0	3	0	13	0	11	0	0	14	20	11	82	12	0	10	0	0	1	34	69	1	0	0	2	0	0	56	0	0	0	0	0	0	0	0	3	0	0	0	0	4
ASV182	0	0	0	0	0	0	0	0	0	0	0	0	37	32	5	78	29	1	34	22	8	6	0	0	8	3	5	0	0	0	0	0	0	0	28	0	0	15	42	49	12	4	3	9	0	0	0	0	0	0	0	0	0	0	0	0	0	0	0
ASV166	0	0	0	0	0	0	0	0	0	0	0	0	2	2	0	0	0	0	0	0	0	0	0	0	0	0	0	0	0	0	0	0	0	0	4	0	0	0	0	0	5	0	0	0	249	0	0	0	80	53	0	7	19	1	0	0	0	6	0
ASV914	0	0	0	0	0	0	0	0	0	0	0	0	15	7	3	0	5	10	1	4	1	0	0	0	4	0	0	0	0	0	0	0	0	0	10	0	0	0	7	7	22	15	5	11	0	0	0	0	38	18	0	33	51	1	0	1	0	80	74
ASV201	0	0	0	0	0	0	0	0	0	0	0	0	0	0	0	12	3	62	0	5	0	11	57	4	4	23	7	14	16	33	0	0	8	18	10	0	0	0	3	16	11	3	21	0	50	9	0	0	0	0	0	4	2	6	0	0	0	0	5
ASV172	0	0	0	0	0	0	0	0	0	0	0	0	0	6	34	11	7	10	45	13	0	30	0	190	0	20	0	0	0	0	0	0	0	40	0	0	0	0	4	0	0	1	0	0	0	0	0	0	0	0	0	0	0	0	0	0	0	0	0
ASV163	0	0	0	0	0	0	0	0	0	0	0	0	0	0	0	0	0	0	0	0	0	0	0	0	0	0	0	0	0	0	401	0	0	0	0	0	0	0	8	0	0	0	0	0	0	0	0	0	0	0	0	1	0	0	0	0	0	0	0
ASV165	0	0	0	0	0	0	0	0	0	0	0	0	6	9	9	0	9	5	0	0	55	0	0	0	0	0	32	33	0	0	0	74	0	0	15	0	0	62	53	26	0	0	1	0	0	0	0	0	0	0	0	0	0	0	0	0	0	17	0
ASV180	0	0	0	0	0	0	0	0	0	0	0	0	0	0	0	0	0	3	0	0	0	0	0	0	0	0	0	0	0	0	1	0	0	0	0	0	0	0	0	6	0	4	0	0	0	0	0	0	2	0	0	378	8	0	0	1	0	1	1
ASV168	0	0	0	0	0	0	0	0	0	0	0	0	3	1	3	0	9	18	3	13	2	8	0	11	9	4	0	0	0	0	1	0	0	0	10	0	0	1	10	10	14	13	2	3	0	0	0	0	30	43	0	44	111	0	0	0	0	0	28
ASV174	0	0	0	0	0	0	0	0	0	0	0	0	7	10	0	16	0	0	0	7	0	0	0	6	13	0	0	18	0	0	0	0	0	0	12	0	0	0	0	4	2	1	17	3	27	0	0	0	1	0	0	0	0	0	0	0	0	257	2
ASV167	0	0	0	0	0	0	0	0	0	0	0	0	0	7	0	5	289	0	10	0	39	0	1	0	0	0	0	0	0	0	0	0	0	0	7	0	0	0	17	1	4	0	2	17	0	0	0	0	0	0	0	1	0	0	0	0	0	1	0
ASV193	0	0	0	0	0	0	0	0	0	0	0	0	0	0	0	0	0	0	0	0	0	0	0	0	0	0	0	2	0	0	0	0	0	1	0	0	0	0	0	0	0	2	0	0	0	0	0	0	2	3	263	5	11	108	0	0	0	0	0
ASV218	0	0	0	0	0	0	0	0	0	0	0	0	5	0	7	2	13	173	0	0	0	0	0	0	0	0	6	0	0	0	13	0	15	0	8	23	0	58	0	0	0	1	0	0	0	51	0	0	0	0	0	0	0	22	0	0	0	0	0
ASV214	0	0	0	0	0	0	0	0	0	0	0	0	16	0	4	9	9	5	5	0	0	0	0	8	2	0	0	0	0	0	0	0	0	0	0	0	0	0	19	4	10	13	0	20	1	0	0	0	46	58	60	9	10	0	0	4	0	63	6
ASV204	0	0	0	0	0	0	0	0	0	0	0	0	188	30	8	28	6	3	15	8	0	9	0	0	14	1	0	0	0	0	0	0	0	0	17	0	0	0	6	10	13	12	11	1	0	0	0	0	0	0	0	0	0	0	0	0	0	0	0
ASV177	0	0	0	0	0	0	0	0	0	0	0	0	0	20	0	4	0	14	60	0	13	0	0	0	2	8	0	0	0	29	0	60	27	0	2	8	0	0	5	0	0	0	88	9	0	0	0	0	0	1	0	1	0	0	0	1	0	23	0
ASV173	0	0	0	0	0	0	0	0	0	0	0	0	0	0	38	21	4	1	0	40	32	0	0	13	0	0	11	47	0	53	0	0	0	3	7	0	0	18	19	9	4	9	1	0	0	27	0	0	0	0	0	0	0	0	0	0	0	10	0
ASV239	0	0	0	0	0	0	0	0	0	0	0	0	3	0	0	0	0	2	0	1	0	0	0	0	0	2	1	0	0	0	0	1	0	0	4	0	0	0	1	1	2	0	0	4	0	0	0	0	4	0	0	0	0	0	0	334	0	5	0
ASV279	0	0	0	0	0	0	0	0	0	0	0	0	1	5	0	0	0	0	0	0	12	0	0	0	0	25	0	0	0	0	0	0	0	0	0	0	0	0	0	0	2	0	2	0	0	0	0	0	0	0	0	0	0	0	0	312	0	0	0
ASV216	0	0	0	0	0	0	0	0	0	0	0	0	3	50	0	95	3	2	1	4	24	1	0	60	0	1	0	0	0	0	0	0	0	0	58	0	0	0	11	6	7	1	5	17	0	0	0	0	0	0	0	0	0	0	0	0	0	0	0
ASV215	0	0	0	0	0	0	0	0	0	0	0	0	0	0	0	0	0	193	0	0	0	22	0	0	0	0	0	0	0	0	48	0	0	27	0	20	0	0	0	0	6	0	7	0	0	0	0	0	0	1	0	0	1	0	0	0	0	0	19
ASV376	0	0	0	0	0	0	0	0	0	0	0	0	142	20	4	35	15	1	18	2	17	0	0	0	10	0	1	0	0	0	0	0	0	0	26	5	0	0	14	10	4	1	3	16	0	0	0	0	0	0	0	0	0	0	0	0	0	0	0
ASV187	0	0	0	0	0	0	0	0	0	0	0	0	19	9	0	1	6	11	0	39	11	0	0	0	0	0	0	0	0	0	0	0	0	0	0	0	0	0	24	0	13	28	10	3	0	0	0	0	9	2	36	11	5	0	0	1	0	91	14
ASV288	0	0	0	0	0	0	0	0	0	0	0	0	0	10	0	14	23	2	10	0	0	18	0	17	21	0	0	0	0	0	0	0	0	0	11	0	0	0	7	0	0	7	11	26	0	0	0	0	2	2	1	6	25	0	0	0	0	53	76
ASV205	0	0	0	0	0	0	0	0	0	0	0	0	5	11	18	27	13	0	0	0	0	17	0	0	20	2	0	15	0	0	0	0	0	0	25	0	0	0	31	6	19	24	20	6	0	1	0	0	20	23	0	7	14	0	0	0	0	16	1
ASV189	0	0	0	0	0	0	0	0	0	0	0	0	51	33	12	12	21	1	18	3	13	0	0	0	25	8	0	0	0	31	0	0	0	0	29	0	0	0	0	7	30	13	7	26	0	0	0	0	0	0	0	0	0	0	0	0	0	0	0
ASV194	0	0	0	0	0	0	0	0	0	0	0	0	4	14	0	0	4	0	0	0	0	0	0	7	0	0	0	0	0	0	0	0	0	13	0	0	0	0	4	0	1	1	0	0	0	0	0	0	4	0	60	4	26	190	0	0	0	1	5
ASV181	0	0	0	0	0	0	0	0	0	0	0	0	0	8	6	2	1	0	13	5	0	0	0	15	0	0	0	18	0	0	71	48	0	66	0	12	39	0	1	10	0	0	1	4	0	15	0	0	0	0	0	0	0	0	0	0	0	0	1
ASV188	0	0	0	0	0	0	0	0	0	0	0	0	6	0	0	7	14	0	0	45	0	0	0	0	0	0	0	0	0	0	0	0	0	0	0	0	0	0	0	0	0	1	0	1	0	0	0	0	17	5	0	0	0	24	0	19	0	193	2
ASV325	0	0	0	0	0	0	0	0	0	0	0	0	2	0	2	0	0	167	0	0	0	12	0	0	9	7	0	40	0	1	0	0	0	0	6	0	0	26	0	8	9	1	18	0	0	0	0	0	0	0	7	2	1	10	0	0	0	1	5
ASV768	0	0	0	0	0	0	0	0	0	0	0	0	12	11	15	9	3	4	5	15	5	7	3	6	2	4	7	15	14	11	7	4	15	3	7	11	9	7	8	4	9	9	7	5	6	7	0	0	4	2	8	10	4	2	0	8	0	16	6
ASV185	0	0	0	0	0	0	0	0	0	0	0	0	10	0	0	0	19	0	1	0	0	0	0	17	0	8	0	0	0	0	0	0	0	0	0	0	0	0	0	0	0	0	0	22	0	0	0	0	4	6	0	5	0	32	0	9	0	192	0
ASV234	0	0	0	0	0	0	0	0	0	0	0	0	0	1	1	12	3	1	0	13	24	30	0	0	0	0	0	0	0	0	216	0	0	1	4	0	0	0	0	3	3	3	0	5	0	0	0	0	0	1	0	0	0	0	0	0	0	0	1
ASV452	0	0	0	0	0	0	0	0	0	0	0	0	24	15	5	1	10	19	10	4	1	5	0	7	3	1	14	0	0	1	0	0	0	2	9	0	0	0	6	1	14	7	6	1	0	0	0	0	71	11	0	17	18	0	0	25	0	6	4
ASV226	0	0	0	0	0	0	0	0	0	0	0	0	0	0	7	0	0	108	0	0	20	0	0	0	0	5	0	0	14	0	0	0	8	0	0	0	0	70	27	3	17	4	14	0	0	0	0	0	0	0	7	2	1	9	0	0	0	0	1
ASV195	0	0	0	0	0	0	0	0	0	0	0	0	0	0	71	0	47	1	6	0	0	18	0	137	0	29	0	0	0	0	0	0	0	0	0	0	0	0	0	0	0	5	0	0	0	0	0	0	0	0	0	0	0	0	0	0	0	0	0
ASV202	0	0	0	0	0	0	0	0	0	0	0	0	0	19	7	18	24	2	42	1	0	26	0	0	30	0	0	0	0	0	55	0	0	0	27	0	0	0	4	0	13	16	1	29	0	0	0	0	0	0	0	0	0	0	0	0	0	0	0
ASV2089	0	0	0	0	0	0	0	0	0	0	0	0	26	6	3	0	6	8	0	4	17	9	0	4	1	2	6	0	0	0	0	0	0	2	4	2	0	1	5	4	6	5	7	2	0	1	0	0	54	9	0	13	15	0	0	84	0	4	4
ASV199	0	0	0	0	0	0	0	0	0	0	0	0	0	15	7	25	9	11	0	0	8	0	0	0	4	0	34	0	0	0	0	0	0	0	0	0	0	0	4	177	1	15	0	2	0	0	0	0	0	0	0	0	0	0	0	0	0	0	1
ASV228	0	0	0	0	0	0	0	0	0	0	0	0	16	29	7	13	19	0	4	0	0	3	0	11	17	12	9	0	0	0	0	0	0	0	13	10	17	0	2	2	19	7	12	10	0	38	0	0	0	1	0	0	0	0	0	0	0	42	0
ASV227	0	0	0	0	0	0	0	0	0	0	0	0	0	0	0	11	10	0	0	0	0	0	0	61	3	0	0	0	0	0	0	0	0	0	16	0	0	0	48	7	3	0	0	0	0	0	0	0	5	6	12	21	40	10	0	2	0	0	56
ASV231	0	0	0	0	0	0	0	0	0	0	0	0	9	49	11	28	4	7	9	2	2	2	0	10	9	0	11	0	0	0	5	0	0	0	36	0	0	24	27	7	18	4	12	21	0	0	0	0	0	0	0	0	0	0	0	0	0	1	0
ASV387	0	0	0	0	0	0	0	0	0	0	0	0	25	93	0	21	15	4	1	5	6	0	0	0	7	1	1	0	0	0	0	0	0	0	20	0	0	0	18	21	15	12	7	9	0	0	0	0	2	2	0	14	4	0	0	4	0	1	0
ASV192	0	0	0	0	0	0	0	0	0	0	0	0	0	0	0	22	0	7	0	206	2	0	0	10	33	0	0	0	0	0	0	0	0	0	0	0	0	0	0	8	0	0	18	0	0	0	0	0	0	0	0	0	0	0	0	0	0	0	0
ASV210	0	0	0	0	0	0	0	0	0	0	0	0	16	73	21	0	14	15	0	0	17	0	0	16	6	0	0	0	0	0	0	1	0	0	21	0	0	0	1	11	15	21	26	10	0	0	0	0	0	0	0	4	0	0	0	0	0	13	0
ASV206	0	0	0	0	0	0	0	0	0	0	0	0	0	0	0	7	0	0	0	21	0	0	0	0	1	43	40	1	0	0	0	0	0	0	4	0	0	0	0	0	0	33	0	0	0	0	0	0	1	8	0	20	70	0	0	0	0	0	51
ASV238	0	0	0	0	0	0	0	0	0	0	0	0	0	0	0	0	0	176	0	7	0	9	0	0	0	0	0	1	32	0	0	0	0	0	3	18	0	0	0	1	0	0	5	0	3	39	0	0	0	0	2	1	0	0	0	0	0	1	2
ASV286	0	0	0	0	0	0	0	0	0	0	0	0	27	5	2	3	3	0	0	0	0	0	0	0	9	0	0	0	0	0	0	0	0	0	7	0	0	0	5	0	4	2	0	0	0	0	0	0	130	0	99	0	1	0	0	0	0	0	0
ASV224	0	0	0	0	0	0	0	0	0	0	0	0	98	19	0	22	5	4	0	5	0	0	0	3	7	0	7	0	0	0	0	0	0	0	4	0	0	0	0	14	16	0	2	8	0	49	0	0	0	0	0	0	0	0	0	0	0	32	0
ASV213	0	0	0	0	0	0	0	0	0	0	0	0	0	0	4	0	143	1	0	0	0	128	0	0	0	0	0	0	0	0	0	0	0	0	0	0	0	0	0	0	0	0	0	17	0	0	0	0	0	0	0	0	0	0	0	0	0	0	0
ASV219	0	0	0	0	0	0	0	0	0	0	0	0	0	0	0	0	4	1	3	0	0	8	0	0	0	0	0	1	0	0	0	0	0	0	2	0	0	0	11	7	0	0	0	0	0	0	0	0	1	0	215	17	4	15	0	1	0	0	1
ASV220	0	0	0	0	0	0	0	0	0	0	0	0	46	16	3	24	9	0	4	0	0	0	0	27	9	0	0	0	0	0	1	0	0	0	9	0	0	0	12	51	29	4	0	4	0	0	0	0	0	0	0	6	33	4	0	0	0	0	0
ASV198	0	0	0	0	0	0	0	0	0	0	0	0	0	0	0	0	0	0	0	0	0	0	0	0	0	0	0	0	0	0	0	0	0	0	0	0	0	0	0	0	0	0	0	0	0	1	0	0	1	1	158	8	10	102	0	6	0	0	0
ASV208	0	0	0	0	0	0	0	0	0	0	0	0	0	5	10	8	15	0	0	0	0	0	0	0	0	0	1	0	0	0	1	0	0	0	7	0	0	0	11	8	0	11	36	0	0	0	0	0	5	4	0	13	14	0	0	0	0	136	2
ASV225	0	0	0	0	0	0	0	0	0	0	0	0	0	0	0	0	0	0	0	0	0	0	0	0	0	0	0	0	0	0	0	0	0	0	0	0	0	286	0	0	0	0	0	0	0	0	0	0	0	0	0	0	0	0	0	0	0	1	0
ASV233	0	0	0	0	0	0	0	0	0	0	0	0	2	1	0	0	0	58	0	2	27	4	0	19	0	9	14	13	19	0	16	16	0	0	0	10	0	0	13	0	4	0	4	5	0	22	0	0	0	0	9	0	1	17	0	0	0	1	1
ASV207	0	0	0	0	0	0	0	0	0	0	0	0	13	1	0	10	0	13	11	0	0	0	0	24	8	0	10	0	0	0	0	1	0	0	6	0	0	0	0	0	27	0	0	31	0	0	0	0	14	12	0	19	20	19	0	0	0	7	38
ASV212	0	0	0	0	0	0	0	0	0	0	0	0	0	0	20	0	0	0	0	0	0	0	0	0	0	0	0	0	0	1	1	0	0	0	0	0	0	0	0	0	0	0	0	0	0	1	0	0	10	2	22	7	8	0	0	8	0	203	0
ASV203	0	0	0	0	0	0	0	0	0	0	0	0	0	0	0	0	0	0	0	0	0	0	0	0	0	0	0	0	0	0	0	0	0	0	0	0	0	0	0	0	0	66	0	0	0	0	0	0	12	0	11	0	1	1	0	12	0	176	1
ASV262	0	0	0	0	0	0	0	0	0	0	0	0	1	1	1	0	5	6	2	6	1	2	0	2	1	0	0	0	0	0	0	0	0	0	6	1	0	0	8	1	4	7	0	0	0	0	0	0	34	48	0	51	64	1	0	0	0	1	25
ASV232	0	0	0	0	0	0	0	0	0	0	0	0	0	4	0	0	8	13	0	0	0	0	1	0	0	7	0	0	0	0	1	1	0	0	6	0	0	22	2	0	10	0	1	6	0	0	0	0	1	1	0	1	4	0	0	0	0	189	0
ASV249	0	0	0	0	0	0	0	0	0	0	0	0	44	45	11	24	7	4	10	6	5	0	0	0	11	0	8	0	3	0	0	0	0	0	15	0	0	0	32	18	6	6	5	18	0	0	0	0	0	0	0	0	0	0	0	0	0	0	0
ASV252	0	0	0	0	0	0	0	0	0	0	0	0	2	5	8	4	0	0	19	0	23	34	0	6	2	0	0	8	0	0	0	0	0	0	0	0	0	0	7	13	1	0	1	2	0	0	0	0	7	1	100	2	17	4	0	1	0	4	1
ASV223	0	0	0	0	0	0	0	0	0	0	0	0	0	0	0	0	0	0	0	0	0	0	1	0	0	0	0	0	0	0	0	0	0	0	0	0	0	0	0	0	0	0	0	0	268	0	0	0	0	0	0	0	0	1	0	0	0	0	0
ASV259	0	0	0	0	0	0	0	0	0	0	0	0	0	4	3	4	0	0	0	0	0	0	0	0	5	0	0	0	0	0	0	0	0	0	6	0	0	4	7	0	8	0	2	3	0	0	0	0	0	0	67	4	13	138	0	1	0	1	0
ASV211	0	0	0	0	0	0	0	0	0	0	0	0	0	32	3	3	45	0	8	35	0	0	0	0	6	0	0	0	0	0	0	0	0	0	13	0	0	54	7	25	10	28	0	0	0	0	0	0	0	0	0	0	0	0	0	0	0	0	0
ASV209	0	0	0	0	0	0	0	0	0	0	0	0	0	0	0	0	0	220	0	0	0	0	0	23	0	0	0	0	0	0	0	0	0	0	0	0	0	0	0	0	0	0	0	0	0	24	0	0	0	0	0	0	0	0	0	0	0	0	1
ASV266	0	0	0	0	0	0	0	0	0	0	0	0	0	0	0	0	0	15	0	0	0	0	0	0	0	0	0	19	0	0	1	0	0	25	0	0	0	0	0	0	0	0	0	0	164	41	0	0	0	0	2	0	0	0	0	0	0	0	0
ASV221	0	0	0	0	0	0	0	0	0	0	0	0	0	0	0	0	0	0	0	0	0	0	0	0	0	0	0	0	0	0	0	0	0	0	0	0	1	0	0	0	0	0	0	0	0	0	0	0	0	0	0	0	0	0	0	0	0	264	0
ASV235	0	0	0	0	0	0	0	0	0	0	0	0	4	21	7	19	8	3	19	13	2	9	0	9	14	26	0	0	0	0	0	0	0	0	20	0	0	0	25	18	33	3	0	12	0	0	0	0	0	0	0	0	0	0	0	0	0	0	0
ASV217	0	0	0	0	0	0	0	0	0	0	0	0	0	0	0	0	0	0	0	0	0	0	0	0	0	0	0	0	0	0	0	0	0	0	0	136	19	59	0	0	0	0	0	0	0	50	0	0	0	0	0	0	0	0	0	0	0	0	0
ASV242	0	0	0	0	0	0	0	0	0	0	0	0	4	3	0	4	16	15	3	0	18	14	0	0	0	0	0	0	31	0	0	45	0	33	0	0	30	0	7	0	10	3	6	16	0	0	0	0	0	0	0	0	0	0	0	0	0	3	2
ASV1801	0	0	0	0	0	0	0	0	0	0	0	0	0	9	2	4	0	156	0	0	0	0	0	0	0	17	11	0	0	0	0	0	0	0	0	0	27	0	2	0	0	0	4	0	20	0	0	0	1	0	1	0	1	6	0	0	0	0	1
ASV382	0	0	0	0	0	0	0	0	0	0	0	0	0	0	7	0	0	126	0	7	22	0	0	0	9	9	0	0	0	0	0	1	0	0	2	0	0	0	0	0	10	0	6	0	0	46	0	0	0	0	2	0	0	5	0	0	0	0	6
ASV240	0	0	0	0	0	0	0	0	0	0	0	0	11	4	0	12	0	0	21	0	103	0	0	0	16	1	5	0	0	0	0	7	0	0	4	0	0	0	19	10	9	14	4	17	0	0	0	0	0	0	0	0	0	0	0	0	0	0	0
ASV222	0	0	0	0	0	0	0	0	0	0	0	0	0	7	0	0	15	0	0	11	7	0	0	0	0	1	0	0	0	0	0	0	0	0	8	0	0	27	0	0	8	0	0	0	0	0	0	0	0	0	34	4	8	125	0	0	0	0	0
ASV248	0	0	0	0	0	0	0	0	0	0	0	0	98	29	3	25	12	0	8	0	0	0	0	4	2	0	0	0	0	0	4	0	0	0	18	0	0	0	6	6	8	1	2	2	25	0	0	0	0	0	0	0	0	0	0	0	0	0	0
ASV245	0	0	0	0	0	0	0	0	0	0	0	0	0	15	0	25	0	10	19	0	0	0	0	8	16	0	29	0	0	0	0	0	0	0	18	0	0	0	53	0	40	2	13	0	0	0	0	0	0	0	0	0	0	0	0	0	0	0	0
ASV254	0	0	0	0	0	0	0	0	0	0	0	0	0	16	0	0	0	97	0	0	0	0	0	0	0	0	0	20	0	0	0	0	0	21	0	0	0	55	0	13	0	0	0	0	0	0	0	0	0	0	0	0	2	0	0	0	0	0	19
ASV261	0	0	0	0	0	0	0	0	0	0	0	0	0	0	2	0	0	65	0	0	24	0	0	0	0	17	0	0	0	0	5	0	8	19	0	26	29	0	0	0	1	1	8	0	29	0	0	0	0	0	0	2	1	1	0	1	0	0	3
ASV270	0	0	0	0	0	0	0	0	0	0	0	0	40	16	8	6	22	3	9	0	12	15	0	15	20	10	0	0	0	0	0	0	0	0	9	0	0	0	18	4	19	13	1	0	0	0	0	0	0	0	0	0	0	0	0	0	0	0	0
ASV229	0	0	0	0	0	0	0	0	0	0	0	0	3	3	0	0	0	0	1	22	0	1	1	0	0	0	0	0	0	69	0	0	0	1	0	0	0	0	8	5	14	50	0	0	0	0	0	0	0	0	53	3	2	0	0	0	0	0	0
ASV236	0	0	0	0	0	0	0	0	0	0	0	0	0	3	9	12	3	13	9	20	0	0	0	50	0	20	18	0	0	0	0	0	0	0	5	0	0	0	2	7	40	2	14	4	0	0	0	0	0	0	0	0	0	0	0	5	0	0	0
ASV304	0	0	0	0	0	0	0	0	0	0	0	0	29	43	11	24	6	1	12	3	7	1	0	0	6	0	0	0	0	0	0	0	0	0	12	1	0	0	21	25	11	9	9	5	0	0	0	0	0	0	0	0	0	0	0	0	0	0	0
ASV237	0	0	0	0	0	0	0	0	0	0	0	0	0	10	1	0	22	3	0	0	0	0	0	0	0	0	0	0	0	139	0	0	18	0	0	0	0	0	0	9	0	7	0	1	0	24	0	0	0	0	0	0	0	0	0	0	0	1	0
ASV230	0	0	0	0	0	0	0	0	0	0	0	0	0	0	0	0	0	0	0	0	0	18	0	0	1	0	2	163	0	0	0	0	0	0	0	0	0	0	4	37	4	3	0	0	0	0	0	0	0	0	0	0	0	0	0	0	0	0	1
ASV250	0	0	0	0	0	0	0	0	0	0	0	0	3	20	6	16	21	0	22	0	15	0	0	1	2	0	18	6	0	0	0	0	0	0	5	0	0	0	29	16	11	2	9	11	0	0	0	0	0	0	0	3	10	0	0	0	0	6	1
ASV278	0	0	0	0	0	0	0	0	0	0	0	0	118	8	0	20	9	0	2	5	5	0	0	0	8	0	2	0	0	0	0	0	0	0	24	0	0	0	3	20	1	5	0	1	0	0	0	0	0	0	0	0	0	0	0	0	0	0	0
ASV244	0	0	0	0	0	0	0	0	0	0	0	0	0	0	0	0	14	18	7	0	0	0	0	0	0	0	0	1	0	0	0	0	0	0	0	0	0	0	0	0	0	23	18	0	0	0	0	0	3	6	5	4	0	0	0	3	0	126	0
ASV241	0	0	0	0	0	0	0	0	0	0	0	0	0	0	0	14	0	0	0	0	0	0	0	12	0	0	0	0	0	0	0	0	1	0	0	0	0	0	0	0	0	0	0	0	0	0	0	0	7	3	0	5	0	0	0	11	0	174	0
ASV327	0	0	0	0	0	0	0	0	0	0	0	0	0	0	6	10	49	9	7	6	7	0	0	4	2	0	2	1	0	0	0	0	0	0	4	17	0	0	21	41	5	8	15	13	0	0	0	0	0	0	0	0	0	0	0	0	0	0	0
ASV302	0	0	0	0	0	0	0	0	0	0	0	0	4	19	1	12	9	12	0	4	70	0	0	2	6	1	8	0	0	0	0	0	0	0	2	0	0	1	20	0	6	0	1	6	22	1	0	0	1	0	0	10	1	0	0	0	0	6	1
ASV274	0	0	0	0	0	0	0	0	0	0	0	0	3	13	1	23	2	3	13	0	0	0	0	0	7	0	0	0	0	0	0	51	0	0	7	9	0	0	3	18	1	11	6	10	0	0	0	0	0	0	0	0	0	0	0	0	0	41	0
ASV243	0	0	0	0	0	0	0	0	0	0	0	0	0	4	0	0	0	0	0	0	0	0	0	0	0	0	13	0	0	47	79	0	0	0	0	15	19	0	0	6	0	0	0	6	0	31	0	0	0	0	0	0	0	0	0	0	0	0	0
ASV321	0	0	0	0	0	0	0	0	0	0	0	0	0	3	0	9	3	0	2	0	8	1	0	0	0	0	2	0	1	0	0	0	0	0	1	0	0	1	0	0	0	0	0	2	0	0	0	0	0	0	83	5	14	84	0	0	0	1	0
ASV283	0	0	0	0	0	0	0	0	0	0	0	0	32	53	0	16	5	3	20	0	19	0	0	0	7	0	0	0	0	0	0	0	0	0	18	0	0	0	15	9	12	2	1	7	0	0	0	0	0	0	0	0	0	0	0	0	0	0	0
ASV291	0	0	0	0	0	0	0	0	0	0	0	0	7	0	0	0	0	94	0	0	29	0	0	0	0	0	0	0	0	0	0	0	31	0	0	0	49	0	0	0	0	0	0	0	0	0	0	0	0	0	0	0	4	0	0	0	0	0	5
ASV1784	0	0	0	0	0	0	0	0	0	0	0	0	3	2	2	0	6	16	0	1	1	0	0	1	0	1	0	2	0	0	1	0	0	0	3	0	0	0	3	2	9	2	5	3	0	1	0	0	9	7	34	7	18	5	0	18	0	36	19
ASV264	0	0	0	0	0	0	0	0	0	0	0	0	0	0	0	6	0	84	0	0	0	0	0	0	0	0	12	0	0	0	0	0	20	0	0	0	0	0	0	11	0	0	11	0	0	53	0	0	0	0	0	3	0	0	0	0	0	0	17
ASV519	0	0	0	0	0	0	0	0	0	0	0	0	0	13	0	5	8	0	4	9	0	0	0	8	3	28	1	0	0	32	0	0	0	0	3	0	0	0	2	31	6	1	0	0	0	1	0	0	7	3	38	0	8	0	0	1	0	1	0
ASV255	0	0	0	0	0	0	0	0	0	0	0	0	8	14	7	5	25	2	15	11	0	0	0	0	0	0	11	0	36	0	0	0	0	26	12	0	0	0	3	12	6	0	11	7	0	0	0	0	0	0	0	0	0	0	0	0	0	0	0
ASV435	0	0	0	0	0	0	0	0	0	0	0	0	35	20	8	17	12	2	1	0	8	0	0	0	4	0	5	0	0	12	0	0	0	0	26	0	0	0	18	32	8	0	0	3	0	0	0	0	0	0	0	0	0	0	0	0	0	0	0
ASV258	0	0	0	0	0	0	0	0	0	0	0	0	12	28	14	8	23	1	5	0	19	0	0	0	10	21	0	0	0	0	0	0	0	0	2	11	0	0	24	2	12	4	0	14	0	0	0	0	0	0	0	0	0	0	0	0	0	0	0
ASV324	0	0	0	0	0	0	0	0	0	0	0	0	1	5	4	0	4	9	1	3	0	0	0	1	0	0	1	1	20	29	0	2	0	17	3	2	4	10	0	5	1	0	2	4	1	0	0	0	0	0	0	0	1	1	0	0	0	78	0
ASV260	0	0	0	0	0	0	0	0	0	0	0	0	0	23	17	3	9	3	0	26	0	0	0	0	9	0	0	0	0	0	1	0	0	0	1	27	0	0	0	0	1	24	8	16	0	0	0	0	0	0	26	0	0	11	0	0	0	0	0
ASV265	0	0	0	0	0	0	0	0	0	0	0	0	0	4	0	0	29	8	0	0	0	0	0	0	0	0	0	0	0	0	0	0	0	0	4	0	0	0	11	5	6	0	0	0	92	45	0	0	0	0	0	0	1	0	0	0	0	0	0
ASV267	0	0	0	0	0	0	0	0	0	0	0	0	8	4	94	24	0	1	8	0	19	0	0	0	0	0	2	0	0	0	0	0	0	0	7	0	0	0	20	5	6	0	0	7	0	0	0	0	0	0	0	0	0	0	0	0	0	0	0
ASV296	0	0	0	0	0	0	0	0	0	0	0	0	0	2	1	193	0	2	1	0	0	0	0	0	0	6	0	0	0	0	0	0	0	0	0	0	0	0	0	0	0	0	0	0	0	0	0	0	0	0	0	0	0	0	0	0	0	0	0
ASV322	0	0	0	0	0	0	0	0	0	0	0	0	0	0	0	0	0	173	0	0	0	0	0	0	0	0	6	0	0	0	14	0	0	0	2	0	0	0	0	0	4	0	0	0	0	0	0	0	0	0	0	0	0	5	0	0	0	1	0
ASV662	0	0	0	0	0	0	0	0	0	0	0	0	1	0	2	3	0	73	0	0	0	0	1	0	0	0	0	0	15	5	0	10	22	5	5	9	1	3	13	0	0	0	1	0	0	0	0	0	4	2	17	4	2	0	0	3	0	1	3
ASV277	0	0	0	0	0	0	0	0	0	0	0	0	15	5	0	3	0	1	0	0	0	0	0	0	3	0	0	0	0	0	0	0	0	0	171	0	0	0	0	0	6	0	0	0	0	0	0	0	0	0	0	0	0	0	0	0	0	0	0
ASV314	0	0	0	0	0	0	0	0	0	0	0	0	3	0	3	20	10	7	14	3	0	12	0	13	0	37	7	0	0	0	0	0	0	0	5	0	0	0	4	0	19	15	22	7	0	0	0	0	0	0	0	0	3	0	0	0	0	0	0
ASV294	0	0	0	0	0	0	0	0	0	0	0	0	3	3	0	0	2	0	3	0	0	1	0	0	1	0	3	0	0	0	0	0	0	0	3	0	0	0	2	3	0	1	4	0	0	0	0	0	32	13	0	23	92	0	0	4	0	2	8
ASV253	0	0	0	0	0	0	0	0	0	0	0	0	0	0	0	0	0	0	0	0	0	0	0	0	0	0	14	0	0	0	0	0	0	0	0	0	0	119	0	0	0	0	0	0	64	0	0	0	0	1	0	0	0	0	0	0	0	0	0
ASV305	0	0	0	0	0	0	0	0	0	0	0	0	0	0	26	0	9	0	0	57	0	0	0	0	0	0	0	0	0	0	0	0	0	0	15	0	0	0	0	0	0	0	0	0	0	0	0	0	3	0	0	15	0	0	0	1	0	66	6
ASV280	0	0	0	0	0	0	0	0	0	0	0	0	28	7	3	17	3	4	3	0	1	0	0	6	12	28	0	0	0	0	0	0	0	0	8	0	0	41	0	1	24	1	2	8	0	0	0	0	0	0	0	0	0	0	0	0	0	0	0
ASV408	0	0	0	0	0	0	0	0	0	0	0	0	3	1	7	0	6	2	1	2	0	0	0	0	2	0	1	0	0	0	0	0	0	0	1	1	0	0	3	7	4	1	4	0	0	0	0	0	45	21	0	34	42	1	0	2	0	2	2
ASV247	0	0	0	0	0	0	0	0	0	0	0	0	0	153	0	0	0	0	10	0	0	0	0	0	0	0	0	0	0	0	0	0	0	0	0	0	0	0	0	1	0	0	0	29	0	0	0	0	0	0	0	0	0	0	0	0	0	0	0
ASV269	0	0	0	0	0	0	0	0	0	0	0	0	9	11	0	0	0	6	0	0	0	0	0	22	0	0	1	0	0	0	0	0	0	0	0	0	0	0	0	17	22	0	0	0	0	0	0	0	0	0	11	0	0	0	0	2	0	65	25
ASV332	0	0	0	0	0	0	0	0	0	0	0	0	0	0	0	6	10	0	0	0	0	0	0	0	0	17	0	0	0	0	0	0	0	0	4	0	0	0	4	0	0	0	4	0	0	141	0	0	0	0	0	1	0	0	0	0	0	1	2
ASV284	0	0	0	0	0	0	0	0	0	0	0	0	39	4	3	0	6	2	0	0	81	0	0	17	0	0	0	5	0	0	0	0	0	0	10	0	0	0	3	8	0	3	8	0	0	0	0	0	0	0	0	0	0	0	0	0	0	0	0
ASV295	0	0	0	0	0	0	0	0	0	0	0	0	17	4	0	18	5	5	3	7	0	3	0	0	7	1	9	0	0	0	0	0	0	0	1	0	0	0	2	3	4	0	6	0	0	0	0	0	0	0	76	2	16	0	0	0	0	0	0
ASV311	0	0	0	0	0	0	0	0	0	0	0	0	5	0	0	0	0	84	0	0	0	0	0	0	0	0	0	0	0	0	0	0	0	0	0	17	0	72	0	0	0	0	0	0	0	0	0	0	0	0	0	0	6	0	0	0	0	0	5
ASV276	0	0	0	0	0	0	0	0	0	0	0	0	0	0	0	0	0	0	0	0	0	0	0	0	0	0	0	0	0	0	0	0	0	0	0	0	0	0	0	0	0	0	0	0	0	0	0	0	9	7	141	2	3	0	0	26	0	0	0
ASV293	0	0	0	0	0	0	0	0	0	0	0	0	0	0	0	4	0	7	0	0	0	0	0	0	0	0	0	0	0	0	0	177	0	0	0	0	0	0	0	0	0	0	0	0	0	0	0	0	0	0	0	0	0	0	0	0	0	0	0
ASV287	0	0	0	0	0	0	0	0	0	0	0	0	15	0	9	0	0	0	0	0	0	0	0	0	0	0	0	42	0	0	0	11	0	0	13	0	0	0	0	0	0	0	0	0	0	0	0	0	4	0	16	1	2	0	0	1	0	56	17
ASV285	0	0	0	0	0	0	0	0	0	0	0	0	0	0	0	0	0	0	0	0	0	0	0	0	0	0	0	0	0	0	1	0	0	0	0	0	0	0	0	0	0	0	0	0	0	0	0	0	21	4	132	0	8	0	0	19	0	0	0
ASV459	0	0	0	0	0	0	1	0	0	0	0	0	0	0	0	0	0	74	0	2	24	0	1	4	0	0	5	8	3	15	0	0	0	0	0	0	2	19	0	1	1	1	4	0	0	0	0	0	0	0	3	0	2	2	0	0	0	0	13
ASV273	0	0	0	0	0	0	0	0	0	0	0	0	0	0	0	0	0	0	17	0	0	0	0	0	26	0	0	0	0	0	0	0	0	0	0	0	0	0	0	0	0	0	0	0	0	0	0	0	0	0	0	0	0	0	0	0	0	141	0
ASV282	0	0	0	0	0	0	0	0	0	0	0	0	0	0	0	0	0	106	0	0	0	0	1	0	0	12	0	0	0	1	0	0	0	0	0	0	0	0	9	0	4	1	0	3	0	32	0	0	0	0	2	1	0	10	0	0	0	0	2
ASV263	0	0	0	0	0	0	0	0	0	0	0	0	0	0	32	0	0	0	0	0	0	0	0	0	0	14	0	0	0	0	0	0	0	0	0	0	0	0	0	0	6	0	0	6	0	123	0	0	0	0	0	0	0	0	0	0	0	0	0
ASV289	0	0	0	0	0	0	0	0	0	0	0	0	2	13	0	0	0	0	5	0	15	0	0	0	13	0	0	0	0	0	0	0	0	0	0	0	0	0	5	22	0	0	0	0	0	0	0	0	0	0	0	0	0	0	0	0	0	106	0
ASV309	0	0	0	0	0	0	0	0	0	0	0	0	3	8	1	9	10	1	13	4	0	0	0	14	20	1	0	0	0	0	0	0	0	0	18	0	0	0	17	5	12	3	7	6	0	0	0	0	15	8	0	1	5	0	0	0	0	0	0
ASV432	0	0	0	0	0	0	0	0	0	0	0	0	0	0	6	10	6	71	1	0	0	0	0	0	0	0	15	0	0	40	7	0	0	0	0	0	0	0	0	0	1	0	9	0	0	0	0	0	1	0	7	0	1	4	0	0	0	0	2
ASV328	0	0	0	0	0	0	0	0	0	0	0	0	14	6	0	24	0	3	0	0	0	0	0	0	0	1	0	19	0	0	0	0	0	0	16	0	0	0	0	0	15	1	1	30	0	1	0	0	0	0	0	0	0	0	0	0	0	49	0
ASV380	0	0	0	0	0	0	0	0	0	0	0	0	0	0	4	0	0	57	0	0	0	0	0	0	0	25	0	0	0	0	0	0	0	14	0	4	0	50	0	0	0	1	0	0	5	0	0	0	1	0	0	0	0	8	0	0	0	0	11
ASV440	0	0	0	0	0	0	0	0	0	0	0	0	0	0	0	0	2	0	0	0	0	0	0	0	0	0	0	0	1	0	0	0	0	0	0	0	0	0	0	0	0	0	0	0	0	1	0	0	4	0	0	7	0	0	0	164	0	0	1
ASV275	0	0	0	0	0	0	0	0	0	0	0	0	0	0	0	1	0	4	0	0	150	0	0	0	0	0	0	0	0	0	0	0	0	0	0	0	0	0	11	0	2	10	0	0	0	0	0	0	0	0	0	0	0	0	0	0	0	0	0
ASV297	0	0	0	0	0	0	0	0	0	0	0	0	24	0	0	0	14	0	5	0	18	0	0	0	1	0	0	0	0	0	0	0	12	0	11	0	0	85	0	0	4	0	0	2	0	0	0	0	0	0	0	1	0	0	0	0	0	0	0
ASV303	0	0	0	0	0	0	0	0	0	0	0	0	0	0	0	0	0	108	0	21	0	0	0	0	0	0	0	0	0	0	0	0	0	0	0	0	0	0	0	0	13	0	30	0	0	0	0	0	1	1	0	1	2	0	0	0	0	0	0
ASV281	0	0	0	0	0	0	0	0	0	0	0	0	17	17	1	0	0	6	12	0	0	0	0	0	4	0	5	0	0	0	0	0	0	0	5	0	0	0	1	11	13	0	0	32	0	0	0	0	1	1	0	5	1	0	0	0	0	39	5
ASV272	0	0	0	0	0	0	0	0	0	0	0	0	0	21	0	0	11	2	0	0	0	0	0	0	35	0	0	0	0	0	0	0	0	0	5	0	0	0	10	0	26	17	0	17	0	30	0	0	0	0	0	0	0	0	0	0	0	0	0
ASV318	0	0	0	0	0	0	0	0	0	0	0	0	0	20	0	15	18	2	10	11	0	0	0	0	13	0	0	0	0	0	0	0	0	0	15	0	0	0	31	19	10	8	0	1	0	0	0	0	0	0	0	0	0	0	0	0	0	0	0
ASV292	0	0	0	0	0	0	0	0	0	0	0	0	4	16	0	6	18	4	8	12	0	0	0	1	0	0	0	0	0	4	0	0	0	20	10	0	0	0	23	13	5	0	7	14	0	0	0	0	0	0	0	0	0	0	0	0	0	7	0
ASV301	0	0	0	0	0	0	0	0	0	0	0	0	49	5	17	14	2	1	0	0	0	0	0	0	20	0	0	0	0	0	0	0	0	0	6	0	0	0	37	4	12	0	4	0	0	0	0	0	0	0	0	0	0	0	0	0	0	0	0
ASV308	0	0	0	0	0	0	0	0	0	0	0	0	40	20	0	1	7	0	9	22	6	0	0	0	0	0	0	0	0	0	0	0	0	0	7	0	0	0	7	4	12	3	0	14	0	0	0	0	6	5	0	0	0	0	0	0	0	8	0
ASV359	0	0	0	0	0	0	0	0	0	0	0	0	0	12	0	22	27	1	0	3	3	0	0	0	3	0	0	0	0	0	0	0	0	0	16	0	0	0	25	40	5	8	2	4	0	0	0	0	0	0	0	0	0	0	0	0	0	0	0
ASV299	0	0	0	0	0	0	0	0	0	0	0	0	0	14	0	0	0	4	0	0	50	0	0	0	0	1	0	0	0	0	0	0	0	0	17	0	0	0	56	2	4	0	0	0	0	0	0	0	0	0	0	6	16	0	0	0	0	0	0
ASV307	0	0	0	0	0	0	0	0	0	0	0	0	5	0	0	0	0	12	0	0	0	0	0	0	0	0	0	0	0	0	0	0	0	0	0	0	0	0	0	0	0	0	2	0	0	0	0	0	7	4	0	2	0	21	0	8	0	109	0
ASV358	0	0	0	0	0	0	0	0	0	0	0	0	6	2	0	4	1	1	0	3	0	0	0	0	0	0	0	0	0	0	0	0	0	0	5	0	0	0	8	7	5	4	0	0	0	0	0	0	0	0	0	6	0	0	0	1	0	0	117
ASV1225	0	0	0	0	0	0	0	0	0	0	0	0	3	2	2	0	1	0	1	1	0	0	0	1	0	1	0	0	0	0	4	0	0	0	7	0	0	0	4	1	6	1	7	0	0	0	0	0	1	0	5	0	2	0	0	0	0	0	119
ASV298	0	0	0	0	0	0	0	0	0	0	0	0	0	0	11	3	3	8	5	0	0	0	0	7	5	0	0	26	2	0	0	0	0	36	0	0	0	0	0	0	0	0	0	0	40	0	0	0	1	0	12	0	0	7	0	0	0	0	0
ASV310	0	0	0	0	0	0	0	0	0	0	0	0	0	12	33	14	18	0	0	0	0	0	0	0	0	0	0	0	0	0	0	0	0	0	0	0	0	0	13	38	13	11	1	12	0	0	0	0	0	0	0	0	0	0	0	0	0	0	0
ASV306	0	0	0	0	0	0	0	0	0	0	0	0	1	0	0	1	0	0	0	0	14	0	0	0	0	0	0	0	0	0	0	0	0	0	4	0	1	0	0	0	0	5	0	0	0	0	0	0	0	0	0	0	0	0	0	0	0	136	2
ASV404	0	0	0	0	0	0	1	0	0	0	0	0	0	0	0	1	1	47	0	0	0	0	1	0	4	6	5	0	13	42	8	0	0	10	1	0	0	0	0	0	0	0	15	0	0	0	0	0	0	0	0	1	0	5	0	0	0	2	0
ASV352	0	0	0	0	0	0	0	0	0	0	0	0	0	0	0	0	0	0	0	0	0	0	0	0	0	0	0	0	0	0	0	0	1	0	0	0	0	0	0	0	0	0	0	0	0	0	0	0	62	20	40	17	16	5	0	1	0	0	0
ASV317	0	0	0	0	0	0	0	0	0	0	0	0	0	0	0	0	0	0	0	0	0	0	0	0	0	0	0	0	0	0	0	0	0	0	0	0	0	0	0	0	1	0	0	0	0	0	0	0	19	10	0	85	46	0	0	0	0	0	0
ASV312	0	0	0	0	0	0	0	0	0	0	0	0	12	11	2	2	35	3	11	12	0	0	0	2	7	1	0	0	0	9	0	0	0	0	1	0	0	0	29	11	4	5	3	0	0	0	0	0	0	0	0	0	0	0	0	0	0	0	0
ASV315	0	0	0	0	0	0	0	0	0	0	0	0	4	24	0	0	0	0	0	0	0	0	0	33	0	12	0	0	0	0	0	0	0	0	0	0	0	0	0	0	0	0	0	0	0	0	0	0	0	4	0	2	0	0	0	0	0	60	18
ASV326	0	0	0	0	0	0	0	0	0	0	0	0	4	0	0	16	0	1	0	3	14	0	0	13	0	0	0	0	0	0	0	0	0	0	2	0	0	0	4	5	4	2	3	4	23	0	0	0	0	0	0	0	0	0	0	0	0	56	2
ASV331	0	0	0	0	0	0	0	0	0	0	0	0	0	0	2	120	7	1	2	0	0	0	0	0	0	0	0	0	0	0	0	0	0	0	2	0	0	0	2	6	0	0	2	5	0	0	0	0	0	0	0	0	1	0	0	0	0	6	0
ASV350	0	0	0	0	0	0	0	0	0	0	0	0	2	0	0	0	2	0	0	1	0	0	0	0	0	0	0	0	1	0	0	0	0	0	2	0	0	0	0	0	0	2	0	0	0	0	0	0	54	52	0	20	15	5	0	0	0	0	0
ASV348	0	0	0	0	0	0	0	0	0	0	0	0	0	0	0	144	0	0	0	0	0	0	0	0	0	0	5	0	0	0	0	0	0	0	4	0	0	0	0	0	0	1	1	0	0	0	0	0	0	0	0	0	0	0	0	0	0	0	0
ASV368	0	0	0	0	0	0	0	0	0	0	0	0	0	0	0	0	0	14	0	0	0	0	0	122	13	0	0	0	0	0	0	0	0	0	0	0	0	0	0	0	1	1	0	0	0	0	0	0	0	0	0	0	1	0	0	0	0	0	0
ASV514	0	0	0	0	0	0	0	0	0	0	0	0	34	16	6	7	0	1	0	2	0	11	0	0	11	0	4	0	0	0	0	0	0	0	13	0	0	0	16	12	8	2	3	6	0	0	0	0	0	0	0	0	0	0	0	0	0	0	0
ASV345	0	0	0	0	0	0	0	0	0	0	0	0	0	0	0	0	0	0	0	0	0	0	0	0	0	0	0	0	0	0	0	0	0	0	0	0	0	0	0	0	0	0	0	0	0	0	0	0	0	0	0	0	0	0	0	0	0	148	3
ASV319	0	0	0	0	0	0	0	0	0	0	0	0	1	0	0	4	8	0	4	23	0	0	0	6	0	0	0	0	0	0	0	0	0	0	3	0	0	0	0	7	42	45	0	0	0	3	0	0	0	0	0	0	0	0	0	0	0	4	0
ASV323	0	0	0	0	0	0	0	0	0	0	0	0	18	8	3	16	32	1	1	3	2	3	0	0	3	0	0	0	0	0	0	0	0	0	11	0	0	0	24	4	1	0	12	8	0	0	0	0	0	0	0	0	0	0	0	0	0	0	0
ASV341	0	0	0	0	0	0	0	0	0	0	0	0	0	0	0	0	0	122	0	0	0	0	0	0	0	0	0	0	0	0	0	0	0	0	0	0	0	27	0	0	0	0	0	0	0	0	0	0	0	0	0	0	0	0	0	0	0	0	0
ASV334	0	0	0	0	0	0	0	0	0	0	0	0	24	18	4	7	4	2	4	3	0	0	0	3	30	0	0	0	0	0	0	0	0	0	1	0	0	0	16	15	3	1	8	0	0	0	0	0	0	0	0	0	3	0	0	0	0	0	0
ASV356	0	0	0	0	0	0	0	0	0	0	0	0	16	22	19	9	8	0	0	0	0	0	0	0	19	0	0	0	0	0	0	0	0	0	14	0	0	0	21	4	4	6	2	1	0	0	0	0	0	0	0	0	0	0	0	0	0	0	0
ASV330	0	0	0	0	0	0	0	0	0	0	0	0	2	4	12	13	6	0	12	0	1	18	0	2	1	2	0	0	0	0	0	0	0	0	17	0	8	0	7	16	11	2	4	0	0	0	0	0	0	0	0	0	0	0	0	0	0	6	0
ASV578	0	0	0	0	0	0	0	0	0	0	0	0	2	7	1	11	6	0	10	0	12	0	0	0	4	0	0	0	0	0	0	0	0	0	0	0	0	0	5	1	1	3	3	0	0	0	0	0	3	0	47	3	1	0	0	3	0	20	0
ASV361	0	0	0	0	0	0	0	0	0	0	0	0	22	2	6	0	22	0	0	0	24	7	0	0	13	0	0	0	0	0	0	0	0	0	8	0	0	0	11	1	10	2	0	0	0	0	0	0	0	0	0	0	1	0	0	0	0	1	11
ASV385	0	0	0	0	0	0	0	0	0	0	0	0	0	0	0	1	0	1	2	1	4	7	0	0	0	0	0	0	0	1	0	0	0	0	0	0	0	0	0	0	0	0	3	2	0	1	0	0	0	0	0	0	0	0	0	0	0	117	0
ASV414	0	0	0	0	0	0	0	0	0	0	0	0	0	0	0	0	0	0	1	0	0	0	0	0	0	0	0	0	0	0	0	0	0	0	0	0	0	0	0	1	5	0	0	6	0	0	0	0	37	35	0	29	26	0	0	0	0	0	0
ASV454	0	0	0	0	0	0	0	0	0	0	0	0	0	0	0	1	0	0	0	3	3	4	0	7	0	0	0	0	0	11	0	2	0	0	1	0	1	0	3	0	1	0	0	0	15	0	0	0	0	0	1	0	0	0	0	0	0	78	7
ASV346	0	0	0	0	0	0	0	0	0	0	0	0	45	5	5	5	3	2	0	9	0	0	0	0	0	0	0	0	0	0	0	0	0	0	21	10	0	0	9	0	7	2	2	12	0	0	0	0	0	0	0	0	0	0	0	0	0	0	0
ASV355	0	0	0	0	0	0	0	0	0	0	0	0	11	0	0	0	0	0	0	0	0	0	0	0	0	0	0	0	0	0	0	66	0	0	0	0	0	2	0	37	0	0	21	0	0	0	0	0	0	0	0	0	0	0	0	0	0	0	0
ASV369	0	0	0	0	0	0	0	0	0	0	0	0	0	2	0	4	2	0	0	6	0	0	0	8	2	0	7	0	0	0	0	0	0	0	2	0	0	32	13	0	1	7	0	11	0	0	0	0	0	0	0	0	0	0	0	0	0	35	3
ASV378	0	0	0	0	0	0	0	0	0	0	0	0	0	0	0	0	0	0	12	0	0	0	0	0	0	0	0	0	0	0	0	0	0	0	0	0	0	0	0	18	0	0	0	0	0	0	0	0	0	0	1	74	29	0	0	1	0	0	0
ASV389	0	0	0	0	0	0	0	0	0	0	0	0	1	4	0	1	1	5	0	0	3	0	0	1	0	0	0	0	10	0	0	0	0	0	2	0	0	0	0	2	1	0	5	0	0	0	0	0	30	7	0	14	33	0	0	0	0	0	15
ASV344	0	0	0	0	0	0	0	0	0	0	0	0	10	9	3	11	4	1	17	0	23	5	0	0	0	0	0	0	0	0	0	0	0	0	27	0	0	0	7	7	5	5	0	0	0	0	0	0	0	0	0	0	0	0	0	0	0	0	0
ASV333	0	0	0	0	0	0	0	0	0	0	0	0	0	12	0	0	0	0	0	1	46	0	0	0	0	0	16	0	0	0	0	0	0	0	9	0	0	0	4	18	16	0	11	0	0	0	0	0	0	0	0	0	0	0	0	0	0	0	0
ASV353	0	0	0	0	0	0	0	0	0	0	0	0	0	1	0	0	8	0	0	0	0	0	0	0	0	0	0	0	0	0	0	0	0	0	3	0	0	0	0	7	0	0	0	7	0	0	0	0	0	0	0	0	0	0	0	0	0	107	0
ASV343	0	0	0	0	0	0	0	0	0	0	0	0	16	0	0	0	0	3	11	0	0	2	0	14	0	0	0	0	0	0	0	0	0	0	18	0	0	0	11	0	11	2	0	0	0	0	0	0	0	0	28	0	4	12	0	0	0	0	0
ASV515	0	0	0	0	0	0	0	0	0	0	0	0	0	3	0	0	0	0	0	0	59	0	0	20	13	0	0	0	0	0	0	0	0	0	0	0	0	0	2	28	2	1	0	4	0	0	0	0	0	0	0	0	0	0	0	0	0	0	0
ASV1707	0	0	0	0	0	0	0	0	0	0	0	0	5	1	5	6	0	0	3	0	21	0	0	9	0	0	0	0	0	0	0	0	0	0	0	0	0	0	0	9	3	0	0	0	0	0	0	0	1	2	7	2	2	53	0	1	0	1	0
ASV347	0	0	0	0	0	0	0	0	0	0	0	0	0	1	0	0	0	0	0	53	0	0	0	0	0	0	0	0	0	0	0	0	0	0	0	0	0	0	0	0	0	0	0	0	0	0	0	0	14	2	0	1	0	0	0	5	0	55	0
ASV396	0	0	0	0	0	0	0	0	0	0	0	0	6	0	0	0	0	6	4	0	19	0	0	0	4	0	27	0	0	28	0	0	0	0	8	0	0	0	15	2	2	8	2	0	0	0	0	0	0	0	0	0	0	0	0	0	0	0	0
ASV335	0	0	0	0	0	0	0	0	0	0	0	0	0	0	0	0	4	0	7	0	0	3	0	9	2	0	10	0	0	0	0	0	0	0	0	0	0	0	0	0	6	0	0	4	71	0	0	0	0	0	0	0	1	0	0	0	0	4	8
ASV337	0	0	0	0	0	0	0	0	0	0	0	0	0	33	0	0	0	0	0	0	0	0	0	0	0	0	0	0	0	0	0	0	0	0	0	0	95	0	0	0	0	0	0	0	0	0	0	0	0	0	0	1	0	0	0	0	0	0	0
ASV357	0	0	0	0	0	0	0	0	0	0	0	0	1	4	6	0	16	2	0	0	13	0	0	6	0	10	0	0	0	0	0	0	0	0	1	0	0	0	0	1	4	2	2	0	0	0	0	0	0	0	0	2	11	0	0	0	0	48	0
ASV403	0	0	0	0	0	0	0	0	0	0	0	0	1	0	0	5	10	0	26	10	0	1	0	1	0	0	0	0	11	0	0	0	0	0	8	4	0	40	0	10	0	0	0	0	0	0	0	0	0	0	0	0	0	0	0	0	0	0	2
ASV479	0	0	0	0	0	0	0	0	0	0	0	0	0	0	0	0	0	0	0	0	0	0	0	0	0	0	0	0	0	0	0	0	0	0	0	0	0	0	0	0	0	0	0	0	0	0	0	0	6	2	6	1	6	0	0	0	0	108	0
ASV336	0	0	0	0	0	0	0	0	0	0	0	0	0	0	0	0	0	0	0	0	0	0	0	0	0	0	0	0	69	0	0	0	0	0	0	0	0	59	0	0	0	0	0	0	0	0	0	0	0	0	0	0	0	0	0	0	0	0	0
ASV374	0	0	0	0	0	0	0	0	0	0	0	0	0	0	0	0	0	0	0	0	0	0	0	0	0	0	0	0	0	0	0	0	0	0	0	0	0	0	0	0	0	0	0	0	0	0	0	0	0	4	0	13	14	0	0	97	0	0	0
ASV418	0	0	0	0	0	0	0	0	0	0	0	0	0	4	0	0	15	0	0	0	0	0	0	0	0	0	0	9	0	78	0	0	0	0	2	0	0	0	0	0	0	0	0	0	16	0	0	0	0	0	0	0	1	0	0	0	0	2	0
ASV351	0	0	0	0	0	0	0	0	0	0	0	0	0	0	0	0	0	0	0	0	0	0	0	0	0	0	0	0	0	0	0	0	0	0	0	0	1	0	0	0	0	52	0	0	0	0	0	0	3	0	0	0	0	0	0	1	0	68	0
ASV354	0	0	0	0	0	0	0	0	0	0	0	0	0	6	0	0	0	0	0	78	0	12	0	0	5	0	0	0	0	0	0	0	0	0	4	0	0	0	2	6	0	1	0	11	0	0	0	0	0	0	0	0	0	0	0	0	0	0	0
ASV446	0	0	0	0	0	0	0	0	0	0	0	0	0	0	0	0	0	0	0	0	0	0	0	0	0	0	0	0	0	0	0	0	0	0	1	0	3	0	1	0	0	0	0	0	0	0	0	0	0	0	13	1	0	93	0	0	0	12	0
ASV372	0	0	0	0	0	0	0	0	0	0	0	0	30	6	1	10	10	12	0	0	1	0	0	0	7	0	3	0	0	0	1	0	0	0	10	0	0	0	0	12	5	0	0	3	0	0	0	0	0	0	0	0	0	0	0	0	0	12	0
ASV571	0	0	0	0	0	0	0	0	0	0	0	0	12	2	0	13	10	2	5	0	7	0	0	0	6	0	0	0	0	0	0	0	0	0	21	0	0	0	10	11	7	1	4	12	0	0	0	0	0	0	0	0	0	0	0	0	0	0	0
ASV370	0	0	0	0	0	0	0	0	0	0	0	0	26	5	12	1	0	8	0	0	20	0	0	0	9	0	0	0	0	0	0	0	0	0	16	0	0	0	0	0	0	0	0	21	0	0	0	0	0	0	0	0	0	0	0	0	0	2	2
ASV360	0	0	0	0	0	0	0	0	0	0	0	0	0	0	2	0	0	0	0	0	0	0	0	0	0	0	0	0	0	116	0	0	0	0	0	0	0	0	0	0	3	0	0	0	0	0	0	0	0	0	0	0	0	0	0	0	0	0	0
ASV386	0	0	0	0	0	0	0	0	0	0	0	0	0	0	0	0	0	0	0	0	0	0	0	0	0	0	0	0	0	0	0	0	0	119	0	0	0	0	0	0	0	0	0	0	0	0	0	0	0	0	0	0	0	0	0	1	0	1	0
ASV415	0	0	0	0	0	0	0	0	0	0	0	0	0	19	2	0	17	0	1	2	0	2	0	9	16	0	9	0	0	0	0	0	0	0	14	0	0	0	18	2	6	1	1	2	0	0	0	0	0	0	0	0	0	0	0	0	0	0	0
ASV392	0	0	0	0	0	0	0	0	0	0	0	0	0	0	0	0	0	6	0	0	13	0	0	0	0	0	0	0	0	0	0	0	0	0	0	0	0	101	0	0	0	0	0	0	0	0	0	0	0	0	0	0	0	0	0	0	0	0	0
ASV375	0	0	0	0	0	0	0	0	0	0	0	0	4	8	0	9	0	0	6	0	0	0	0	15	0	1	0	0	1	0	0	0	0	0	11	0	0	0	16	7	24	2	3	5	0	0	0	0	2	1	0	0	4	0	0	0	0	0	0
ASV390	0	0	0	0	0	0	0	0	0	0	0	0	11	3	0	2	16	1	2	0	0	0	0	0	0	0	2	0	0	0	0	0	0	0	24	0	0	0	12	9	5	0	12	5	0	0	0	0	0	0	0	4	6	0	0	0	0	5	0
ASV427	0	0	0	0	0	0	0	0	0	0	0	0	38	11	1	14	0	0	14	3	0	0	0	0	11	0	0	0	0	0	0	0	0	0	7	0	0	0	7	0	10	2	0	1	0	0	0	0	0	0	0	0	0	0	0	0	0	0	0
ASV484	0	0	0	0	0	0	0	0	0	0	0	0	0	0	0	0	0	119	0	0	0	0	0	0	0	0	0	0	0	0	0	0	0	0	0	0	0	0	0	0	0	0	0	0	0	0	0	0	0	0	0	0	0	0	0	0	0	0	0
ASV760	0	0	0	0	0	0	0	0	0	0	0	0	0	0	0	0	0	52	0	2	11	0	0	2	0	1	0	2	0	0	4	0	0	0	0	0	0	0	0	0	6	0	6	0	13	0	0	0	0	0	1	0	2	5	0	0	0	0	12
ASV2088	0	0	0	0	0	0	0	0	0	0	0	0	1	0	0	0	0	0	0	0	0	0	0	0	0	0	0	0	0	0	0	0	0	0	0	0	0	0	0	0	1	0	0	0	0	0	0	0	45	34	0	15	19	0	0	0	0	1	1
ASV379	0	0	0	0	0	0	0	0	0	0	0	0	0	0	0	0	0	0	0	0	0	22	0	0	0	0	0	0	0	54	0	0	0	0	0	0	0	40	0	0	0	0	0	0	0	0	0	0	0	1	0	0	0	0	0	0	0	0	0
ASV383	0	0	0	0	0	0	0	0	0	0	0	0	6	0	0	0	0	0	0	0	0	0	0	0	0	0	0	0	0	0	0	0	0	0	0	0	0	0	0	0	0	0	0	0	0	0	0	0	0	0	0	0	0	1	0	110	0	0	0
ASV349	0	0	0	0	0	0	0	0	0	0	0	0	24	0	28	0	0	16	2	19	0	0	0	0	0	0	0	0	0	0	0	0	0	0	5	0	0	0	18	0	0	0	0	0	0	0	0	0	0	0	0	0	0	0	0	0	0	4	0
ASV399	0	0	0	0	0	0	0	0	0	0	0	0	25	11	0	3	0	2	0	0	0	0	0	8	0	0	0	0	0	0	0	0	0	0	0	0	0	17	1	0	18	0	0	1	0	0	0	0	3	0	0	7	15	0	0	0	0	5	0
ASV407	0	0	0	0	0	0	0	0	0	0	0	0	9	6	3	1	7	0	2	0	0	0	0	0	4	0	0	0	0	0	0	0	0	0	2	0	0	0	8	5	4	4	0	0	0	0	0	0	1	0	0	31	27	0	0	2	0	0	0
ASV364	0	0	0	0	0	0	0	0	0	0	0	0	0	0	0	0	19	0	50	0	0	0	0	0	0	0	0	0	0	0	0	0	0	0	0	0	0	0	7	0	18	11	0	3	0	0	0	0	0	0	0	0	0	0	0	0	0	6	0
ASV402	0	0	0	0	0	0	0	0	0	0	0	0	3	0	0	6	0	56	0	0	0	0	0	0	0	0	0	0	42	0	0	0	0	0	0	0	0	0	0	0	0	0	0	0	0	1	0	0	0	0	0	1	0	3	0	0	0	1	1
ASV417	0	0	0	0	0	0	0	0	0	0	0	0	13	7	0	1	0	0	0	0	0	0	0	0	2	0	0	0	0	0	0	0	0	0	4	0	0	0	0	0	0	3	7	0	0	0	0	0	0	1	0	0	0	0	0	0	0	76	0
ASV568	0	0	0	0	0	0	0	0	0	0	0	0	31	6	2	8	6	0	0	0	0	0	0	3	0	0	0	0	0	0	0	0	0	0	0	0	0	0	6	12	3	1	1	0	0	0	0	0	4	2	0	9	8	0	0	0	0	12	0
ASV373	0	0	0	0	0	0	0	0	0	0	0	0	0	0	0	0	0	0	113	0	0	0	0	0	0	0	0	0	0	0	0	0	0	0	0	0	0	0	0	0	0	0	0	0	0	0	0	0	0	0	0	0	0	0	0	0	0	0	0
ASV377	0	0	0	0	0	0	0	0	0	0	0	0	0	0	0	0	0	21	0	0	0	0	0	0	0	0	0	0	35	0	0	0	0	56	0	0	0	0	0	0	0	0	0	0	0	0	0	0	0	0	0	0	0	0	0	0	0	0	1
ASV397	0	0	0	0	0	0	0	0	0	0	0	0	23	0	0	19	5	2	10	0	5	0	0	0	7	0	0	0	0	0	0	0	0	0	5	0	0	0	4	16	5	0	3	9	0	0	0	0	0	0	0	0	0	0	0	0	0	0	0
ASV436	0	0	0	0	0	0	0	0	0	0	0	0	0	10	0	4	15	28	0	0	0	0	0	26	0	0	0	0	0	0	0	0	0	0	0	0	0	0	3	0	0	0	23	0	0	0	0	0	0	1	0	1	2	0	0	0	0	0	0
ASV471	0	0	0	0	0	0	0	0	0	0	0	0	0	1	0	0	0	41	0	0	0	0	62	0	0	0	0	0	0	0	0	0	0	0	0	0	0	0	0	0	0	0	7	0	0	0	0	0	0	0	0	0	0	2	0	0	0	0	0
ASV457	0	0	0	0	0	0	0	0	0	0	0	0	2	7	6	6	2	0	3	0	0	3	0	9	4	0	0	0	16	0	0	0	0	0	3	0	0	0	0	0	0	0	0	6	0	0	0	0	9	5	0	6	5	0	0	17	0	2	1
ASV538	0	0	0	0	0	0	0	0	0	0	0	0	0	0	0	0	0	36	0	0	0	0	0	0	0	0	0	0	0	0	0	0	0	0	2	0	0	0	5	7	0	0	62	0	0	0	0	0	0	0	0	0	0	0	0	0	0	0	0
ASV554	0	0	0	0	0	0	0	0	0	0	0	0	12	15	0	0	6	0	10	7	1	0	0	0	9	0	0	0	0	0	0	0	0	0	13	0	0	0	10	8	3	15	0	1	0	0	0	0	0	0	0	0	0	0	0	0	0	2	0
ASV507	0	0	0	0	0	0	0	0	0	0	0	0	1	8	6	1	0	54	0	0	0	0	0	0	0	0	6	0	0	0	0	0	0	0	1	0	0	0	5	0	0	1	1	0	0	20	0	0	0	0	0	0	0	4	0	0	0	0	3
ASV412	0	0	0	0	0	0	0	0	0	0	0	0	0	0	0	0	0	0	8	8	0	0	0	0	0	0	0	0	0	53	0	0	0	0	0	0	25	0	0	0	0	4	0	0	0	0	0	0	4	1	0	1	6	0	0	0	0	0	0
ASV381	0	0	0	0	0	0	0	0	0	0	0	0	0	0	0	0	0	0	1	0	0	26	0	0	0	0	0	0	0	36	0	0	0	0	0	0	0	23	0	0	0	0	0	0	22	0	0	0	0	0	0	0	0	0	0	0	0	0	1
ASV650	0	0	0	0	0	0	0	0	0	0	0	0	0	11	0	7	20	0	9	3	0	1	0	0	0	0	0	0	0	0	2	0	0	1	18	0	5	0	3	15	1	0	0	12	0	0	0	0	0	0	0	0	0	0	0	0	0	0	1
ASV423	0	0	0	0	0	0	0	0	0	0	0	0	35	0	0	1	4	0	0	0	0	0	0	0	0	0	0	0	0	0	0	0	0	0	1	0	0	0	8	0	0	0	0	0	0	0	0	0	0	1	0	0	0	0	0	0	0	58	0
ASV430	0	0	0	0	0	0	0	0	0	0	0	0	0	0	0	0	0	0	18	0	25	0	0	16	9	0	0	20	0	0	0	0	0	0	8	0	0	0	0	10	0	0	0	0	0	0	0	0	0	0	0	0	0	0	0	0	0	1	1
ASV445	0	0	0	0	0	0	0	0	0	0	0	0	0	2	0	6	0	2	3	0	0	0	0	7	11	0	5	0	0	0	0	0	0	0	0	0	0	28	7	0	1	2	6	7	0	21	0	0	0	0	0	0	0	0	0	0	0	0	0
ASV610	0	0	0	0	0	0	0	0	0	0	0	0	37	9	1	1	2	1	3	0	0	0	0	0	4	0	0	0	0	0	0	0	0	0	13	0	0	0	10	2	21	1	2	1	0	0	0	0	0	0	0	0	0	0	0	0	0	0	0
ASV474	0	0	0	0	0	0	0	0	0	0	0	0	39	10	0	11	3	3	4	2	0	0	0	0	14	0	0	0	0	0	0	0	0	0	10	0	0	0	0	4	2	1	0	4	0	0	0	0	0	0	0	0	0	0	0	0	0	0	0
ASV401	0	0	0	0	0	0	0	0	0	0	0	0	0	8	0	8	0	0	0	0	0	0	0	0	0	0	0	0	40	0	31	0	0	0	0	0	0	0	0	0	0	1	14	4	0	0	0	0	0	0	0	0	0	0	0	0	0	0	0
ASV384	0	0	0	0	0	0	0	0	0	0	0	0	0	0	0	0	0	16	0	0	0	0	0	0	0	0	0	0	0	47	0	0	0	0	0	0	39	0	0	0	0	0	0	0	0	0	0	0	0	1	0	0	1	0	0	0	0	0	1
ASV394	0	0	0	0	0	0	0	0	0	0	0	0	0	0	0	0	0	0	0	0	0	0	0	0	0	0	0	1	0	0	0	0	0	0	0	0	0	0	0	0	0	0	0	0	0	0	0	0	5	6	73	0	4	0	0	13	0	3	0
ASV425	0	0	0	0	0	0	0	0	0	0	0	0	0	0	0	0	0	0	0	0	0	0	0	0	4	0	3	0	0	0	0	0	0	0	0	0	0	0	2	0	0	0	0	0	0	9	0	0	2	0	59	4	6	10	0	0	0	5	1
ASV456	0	0	0	0	0	0	0	0	0	0	0	0	0	1	2	13	0	0	2	0	15	0	0	0	0	0	0	0	0	0	0	0	0	0	2	0	0	0	0	0	3	5	3	0	0	0	0	0	28	6	0	23	2	0	0	0	0	0	0
ASV470	0	0	0	0	0	0	0	0	0	0	0	0	0	0	0	0	0	83	0	0	0	0	0	0	0	0	0	0	0	0	0	0	0	0	0	0	0	0	0	15	0	0	0	1	0	0	0	0	0	0	0	0	0	6	0	0	0	0	0
ASV503	0	0	0	0	0	0	0	0	0	0	0	0	3	2	1	0	0	7	2	2	0	1	0	5	0	0	2	2	13	22	0	1	0	0	0	1	0	0	0	0	0	0	2	0	0	13	0	0	0	0	0	0	0	0	0	0	0	26	0
ASV566	0	0	0	0	0	0	0	0	0	0	0	0	3	1	8	0	3	4	2	0	0	0	0	0	0	0	0	0	1	0	0	0	0	0	2	0	0	0	5	3	0	2	0	0	0	0	0	0	0	0	0	0	1	0	0	56	0	2	12
ASV395	0	0	0	0	0	0	0	0	0	0	0	0	0	0	0	4	38	0	0	0	0	0	0	0	0	0	0	0	0	0	0	0	0	0	1	0	20	0	0	8	0	0	0	0	0	33	0	0	0	0	0	0	0	0	0	0	0	0	0
ASV420	0	0	0	0	0	0	0	0	0	0	0	0	0	4	4	3	7	0	7	0	0	0	0	0	0	14	0	0	0	0	0	0	12	0	0	0	0	48	0	0	0	1	1	1	0	0	0	0	1	0	0	1	0	0	0	0	0	0	0
ASV424	0	0	0	0	0	0	0	0	0	0	0	0	0	3	0	4	6	0	5	1	0	26	0	0	12	16	7	0	0	0	0	0	0	0	3	0	0	0	4	1	8	2	4	2	0	0	0	0	0	0	0	0	0	0	0	0	0	0	0
ASV628	0	0	0	0	0	0	0	0	0	0	0	0	4	2	0	0	0	1	15	0	0	0	0	0	0	0	3	0	0	0	0	1	0	0	0	0	0	0	0	0	7	0	8	11	0	0	0	0	15	6	0	9	2	0	0	9	0	8	3
ASV391	0	0	0	0	0	0	0	0	0	0	0	0	0	14	0	0	0	0	15	0	0	0	0	13	3	0	0	0	0	0	0	0	0	0	1	0	0	0	0	17	0	7	12	0	0	1	0	0	0	0	0	0	7	0	0	0	0	0	13
ASV398	0	0	0	0	0	0	0	0	0	0	0	0	0	4	0	0	8	1	7	0	0	0	0	0	5	0	0	0	0	0	0	0	0	0	0	0	66	0	0	0	3	6	0	3	0	0	0	0	0	0	0	0	0	0	0	0	0	0	0
ASV422	0	0	0	0	0	0	0	0	0	0	0	0	0	1	3	4	8	0	2	0	0	0	0	0	2	0	0	0	0	0	0	0	3	0	2	0	0	0	1	0	0	0	0	0	0	0	0	0	0	0	0	37	40	0	0	0	0	0	0
ASV426	0	0	0	0	0	0	0	0	0	0	0	0	35	1	15	2	0	0	11	0	0	0	0	0	16	0	0	0	0	0	0	0	0	0	5	0	0	0	2	2	0	4	0	9	0	0	0	0	0	0	0	0	1	0	0	0	0	0	0
ASV449	0	0	0	0	0	0	0	0	0	0	0	0	0	0	0	0	0	0	0	12	0	0	0	0	0	0	0	0	0	0	0	0	0	0	10	0	0	0	0	0	20	5	4	0	0	1	0	0	0	0	0	1	3	0	0	0	0	0	47
ASV455	0	0	0	0	0	0	0	0	0	0	0	0	0	0	0	88	1	0	1	0	0	0	0	0	2	0	0	0	0	0	0	0	0	0	0	0	0	0	0	0	1	1	2	7	0	0	0	0	0	0	0	0	0	0	0	0	0	0	0
ASV431	0	0	0	0	0	0	0	0	0	0	0	0	0	3	4	7	11	0	5	0	30	0	0	5	0	0	13	0	0	0	0	0	0	0	4	0	0	0	3	6	2	0	6	3	0	0	0	0	0	0	0	0	0	0	0	0	0	0	0
ASV411	0	0	0	0	0	0	0	0	0	0	0	0	4	0	0	14	19	0	0	0	0	0	0	0	0	0	0	0	0	0	0	0	0	0	3	0	0	28	7	4	2	20	0	0	0	0	0	0	0	0	0	0	0	0	0	0	0	0	0
ASV625	0	0	0	0	0	0	0	0	0	0	0	0	0	0	0	0	0	0	16	0	0	0	0	0	0	0	0	0	0	0	0	0	0	0	0	0	0	0	0	0	0	0	0	0	0	0	0	0	0	0	0	0	0	0	0	0	0	69	16
ASV750	0	0	0	0	0	0	0	0	0	0	0	0	0	0	0	0	2	0	98	0	0	0	0	0	1	0	0	0	0	0	0	0	0	0	0	0	0	0	0	0	0	0	0	0	0	0	0	0	0	0	0	0	0	0	0	0	0	0	0
ASV433	0	0	0	0	0	0	0	0	0	0	0	0	0	0	0	0	0	13	4	6	0	0	0	0	0	0	0	0	0	0	0	0	0	0	0	0	53	0	0	0	0	0	24	0	0	0	0	0	0	0	0	0	0	0	0	0	0	0	0
ASV447	0	0	0	0	0	0	0	0	0	0	0	0	40	5	0	2	0	1	0	3	15	0	0	0	0	0	0	0	0	24	0	0	0	0	2	0	0	0	2	0	3	0	2	0	0	0	0	0	0	0	0	0	0	0	0	0	0	0	1
ASV476	0	0	0	0	0	0	0	0	0	0	0	0	0	6	8	15	7	1	5	0	0	11	0	1	7	0	3	0	0	0	0	0	0	0	2	0	0	0	14	3	4	0	5	0	0	0	0	0	3	0	0	2	0	0	0	1	0	2	0
ASV488	0	0	0	0	0	0	0	0	0	0	0	0	11	4	0	2	4	1	0	1	1	1	0	0	6	0	2	0	0	0	0	0	0	0	13	0	0	0	17	15	4	2	3	13	0	0	0	0	0	0	0	0	0	0	0	0	0	0	0
ASV542	0	0	0	0	0	0	0	0	0	0	0	0	6	58	7	0	0	0	4	0	13	0	0	0	0	0	0	0	0	0	0	0	0	0	0	0	0	0	5	0	7	0	0	0	0	0	0	0	0	0	0	0	0	0	0	0	0	0	0
ASV2004	0	0	0	0	0	0	0	0	0	0	0	0	9	8	0	1	3	6	2	3	0	13	0	18	0	0	2	0	0	0	0	0	0	0	2	0	0	0	0	5	8	2	1	1	0	0	0	0	5	1	1	2	3	0	0	1	0	2	0
ASV400	0	0	0	0	0	0	0	0	0	0	0	0	0	0	22	5	20	9	0	0	21	0	0	0	0	0	0	0	0	0	0	0	0	0	0	0	0	0	15	0	0	0	0	7	0	0	0	0	0	0	0	0	0	0	0	0	0	0	0
ASV622	0	0	0	0	0	0	0	0	0	0	0	0	10	5	4	0	0	0	7	0	0	6	0	0	0	0	10	0	0	0	0	0	0	17	0	0	0	0	0	0	4	0	0	0	28	0	0	0	1	0	0	0	2	3	0	0	0	2	0
ASV434	0	0	0	0	0	0	0	0	0	0	0	0	0	15	0	0	0	12	0	0	0	0	0	0	21	0	0	0	0	0	0	0	0	0	0	0	0	0	0	0	9	0	0	0	0	0	0	0	0	0	0	0	0	0	0	0	0	23	18
ASV478	0	0	0	0	0	0	0	0	0	0	0	0	0	0	0	0	0	0	0	0	0	0	0	0	0	0	0	0	0	0	0	0	0	0	0	0	0	0	5	0	0	0	0	0	0	0	0	0	18	6	0	44	25	0	0	0	0	0	0
ASV981	0	0	0	0	0	0	0	0	0	0	0	0	6	0	0	0	0	0	10	0	0	0	0	2	0	0	0	0	36	0	0	38	0	0	1	0	0	0	0	5	0	0	0	0	0	0	0	0	0	0	0	0	0	0	0	0	0	0	0
ASV393	0	0	0	0	0	0	0	0	0	0	0	0	9	1	0	5	11	0	0	5	20	0	0	0	0	0	0	0	0	0	0	0	0	0	5	0	0	0	5	12	1	0	6	17	0	0	0	0	0	0	0	0	0	0	0	0	0	0	0
ASV491	0	0	0	0	0	0	0	0	0	0	0	0	0	0	0	0	1	38	0	0	0	0	0	0	0	0	0	0	0	0	20	0	0	19	0	0	0	15	0	4	0	0	0	0	0	0	0	0	0	0	0	0	0	0	0	0	0	0	0
ASV556	0	0	0	0	0	0	0	0	0	0	0	0	14	6	2	11	0	1	0	0	4	14	0	0	0	0	0	0	0	0	0	0	0	0	12	0	0	0	7	10	6	1	0	5	0	0	0	0	0	4	0	0	0	0	0	0	0	0	0
ASV553	0	0	0	0	0	0	0	0	0	0	0	0	0	0	0	0	0	84	0	0	0	0	0	0	0	11	0	0	0	0	0	0	0	0	0	0	0	0	0	0	0	0	0	0	0	0	0	0	0	0	0	0	0	0	0	0	0	0	1
ASV458	0	0	0	0	0	0	0	0	0	0	0	0	31	6	2	6	4	1	7	5	11	0	0	0	0	3	0	0	0	0	0	0	0	0	0	0	0	0	9	7	0	0	0	3	0	0	0	0	0	0	0	0	0	0	0	0	0	0	0
ASV521	0	0	0	0	0	0	0	0	0	0	0	0	13	11	0	10	14	4	2	0	0	1	0	2	3	0	0	0	0	0	0	0	0	0	0	0	0	0	12	11	7	1	4	0	0	0	0	0	0	0	0	0	0	0	0	0	0	0	0
ASV1414	0	0	0	0	0	0	0	0	0	0	0	0	0	0	0	6	8	0	13	0	10	0	0	0	7	0	1	0	0	0	0	0	0	0	0	0	0	0	1	0	4	1	2	3	32	0	0	0	0	0	4	0	2	0	0	0	0	0	0
ASV405	0	0	0	0	0	0	0	0	0	0	0	0	0	0	0	0	22	0	0	0	0	0	0	0	0	0	0	0	0	0	0	0	0	0	0	42	0	21	3	0	0	0	0	6	0	0	0	0	0	0	0	0	0	0	0	0	0	0	0
ASV419	0	0	0	0	0	0	0	0	0	0	0	0	0	0	0	0	0	0	0	0	0	0	0	0	0	0	0	0	0	0	0	0	0	64	0	0	0	0	0	0	0	0	0	0	0	0	0	0	0	0	0	0	0	0	0	0	0	29	0
ASV453	0	0	0	0	0	0	0	0	0	0	0	0	0	0	0	4	71	0	0	0	0	0	0	0	0	0	0	0	0	0	0	0	0	0	1	0	0	0	0	2	7	0	0	5	0	0	0	0	0	0	0	0	3	0	0	0	0	0	0
ASV485	0	0	0	0	0	0	0	0	0	0	0	0	2	3	0	10	8	0	0	7	0	7	0	0	0	0	0	0	12	34	0	0	0	0	1	0	0	0	0	9	0	0	0	0	0	0	0	0	0	0	0	0	0	0	0	0	0	0	0
ASV536	0	0	0	0	0	0	0	0	0	0	0	0	7	15	0	8	13	1	0	5	3	0	0	1	4	0	0	0	0	0	0	0	0	0	7	0	0	0	1	17	3	1	6	1	0	0	0	0	0	0	0	0	0	0	0	0	0	0	0
ASV849	0	0	0	0	0	0	0	0	0	0	0	0	0	0	6	5	0	0	19	0	0	0	0	0	3	0	0	0	0	0	0	0	0	26	3	0	0	0	10	0	0	0	0	10	0	0	0	0	1	1	0	0	5	0	0	0	0	4	0
ASV416	0	0	0	0	0	0	0	0	0	0	0	0	0	0	0	0	0	0	0	0	0	0	0	0	0	0	0	0	0	0	0	0	0	0	0	1	0	53	0	0	0	0	0	0	36	0	0	0	0	0	1	0	0	0	0	0	0	0	0
ASV438	0	0	0	0	0	0	0	0	0	0	0	0	0	0	0	0	0	0	0	0	0	0	0	0	0	0	0	0	0	0	0	0	0	0	0	0	0	0	0	0	29	0	32	0	0	0	0	0	2	0	0	1	0	0	0	0	0	27	0
ASV489	0	0	0	0	0	0	0	0	0	0	0	0	0	0	0	3	1	0	1	1	0	0	0	14	6	11	2	0	0	0	0	0	0	1	5	0	0	0	30	7	3	3	1	0	0	0	0	0	0	0	0	0	0	0	0	2	0	0	0
ASV533	0	0	0	0	0	0	0	0	0	0	0	0	0	0	5	0	0	10	2	0	15	0	0	2	7	0	9	0	0	0	0	0	0	0	7	0	0	0	16	2	1	2	7	6	0	0	0	0	0	0	0	0	0	0	0	0	0	0	0
ASV818	0	0	0	0	0	0	0	0	0	0	0	0	1	6	0	0	0	18	4	0	0	0	0	0	5	0	7	0	17	0	0	0	0	0	5	1	14	0	0	0	4	0	0	7	0	0	0	0	0	0	0	0	0	0	0	0	0	0	2
ASV603	0	0	0	0	0	0	0	0	0	0	0	0	0	0	0	0	0	64	0	0	0	0	0	13	0	0	13	0	0	0	0	0	0	0	0	0	0	0	0	0	0	0	0	0	0	0	0	0	0	0	0	0	0	0	0	0	0	0	0
ASV798	0	0	0	0	0	0	0	0	0	0	0	0	1	0	2	17	17	1	1	0	7	0	0	6	2	7	0	0	0	0	0	0	0	0	3	0	0	0	6	3	10	2	1	2	0	0	0	0	0	0	0	0	2	0	0	0	0	0	0
ASV451	0	0	0	0	0	0	0	0	0	0	0	0	0	4	0	0	0	2	0	0	0	0	0	0	1	0	0	0	0	0	0	0	0	0	3	0	0	0	0	0	2	2	0	0	0	0	0	0	1	3	0	14	3	1	0	1	0	2	50
ASV475	0	0	0	0	0	0	0	0	0	0	0	0	0	8	0	0	1	2	0	0	0	0	0	5	0	0	0	0	0	0	0	0	0	0	0	0	1	0	6	0	0	0	0	0	0	0	0	0	0	0	0	0	0	0	0	0	0	66	0
ASV1213	0	0	0	0	0	0	0	0	0	0	0	0	0	0	0	0	6	29	0	0	0	1	0	0	0	0	0	0	23	1	0	0	0	13	2	0	0	0	0	0	7	0	0	0	0	0	0	0	0	0	0	0	0	4	0	0	0	0	2
ASV463	0	0	0	0	0	0	0	0	0	0	0	0	0	0	0	0	0	0	0	0	0	0	0	0	0	0	0	0	0	0	0	0	0	0	0	0	0	0	2	0	0	0	0	0	0	0	0	0	17	1	38	7	5	18	0	0	0	0	0
ASV532	0	0	0	0	0	0	0	0	0	0	0	0	0	0	0	8	0	0	8	0	0	0	0	0	0	20	0	0	0	0	0	0	0	0	0	0	0	0	0	0	0	0	0	0	0	0	0	0	0	0	0	0	5	0	0	0	0	1	46
ASV497	0	0	0	0	0	0	0	0	0	0	0	0	16	8	0	2	0	5	0	0	0	0	0	0	0	0	7	0	0	0	0	0	0	20	0	0	0	0	0	8	1	0	13	3	0	0	0	0	1	0	0	0	0	0	0	0	0	3	0
ASV450	0	0	0	0	0	0	0	0	0	0	0	0	1	20	0	0	0	0	6	0	0	0	0	0	0	0	0	0	0	0	0	0	0	0	11	0	0	0	0	8	0	0	4	0	36	0	0	0	0	0	0	0	0	0	0	0	0	0	0
ASV735	0	0	0	0	0	0	0	0	0	0	0	0	0	0	0	0	0	1	0	0	0	0	0	0	0	0	0	0	0	0	0	0	0	0	0	0	1	0	1	2	0	0	0	0	0	0	0	0	0	0	0	0	0	2	0	78	0	1	0
ASV759	0	0	0	0	0	0	0	0	0	0	0	0	0	0	1	0	0	30	5	0	0	0	31	0	0	0	0	1	0	0	0	0	0	0	0	0	0	0	0	0	2	3	5	0	0	0	0	0	0	0	0	0	0	6	0	0	0	0	2
ASV1408	0	0	0	0	0	0	0	0	0	0	0	0	0	0	1	0	0	75	0	0	0	0	0	0	0	1	0	0	0	0	0	0	0	0	0	0	0	0	0	0	0	0	7	0	0	0	0	0	0	0	0	0	1	0	0	0	0	0	0
ASV443	0	0	0	0	0	0	0	0	0	0	0	0	0	0	0	0	11	1	9	0	0	0	0	0	6	0	0	0	0	0	0	0	0	0	0	0	0	0	6	0	2	0	0	18	0	0	0	0	1	0	25	0	0	6	0	0	0	0	0
ASV763	0	0	0	0	0	0	0	0	0	0	0	0	4	2	5	0	2	1	1	5	0	5	0	0	3	0	0	0	1	0	4	0	0	2	3	1	0	0	0	2	6	3	1	3	0	2	0	0	2	3	1	6	1	0	0	14	0	2	0
ASV466	0	0	0	0	0	0	0	0	0	0	0	0	2	0	0	0	0	13	0	0	0	0	0	0	0	18	0	0	0	0	0	0	0	0	9	0	0	0	5	24	0	0	0	13	0	0	0	0	0	0	0	0	0	0	0	0	0	0	0
ASV469	0	0	0	0	0	0	0	0	0	0	0	0	30	15	0	11	0	0	0	0	0	0	0	0	0	0	0	0	0	0	0	0	0	0	2	0	0	0	13	8	5	0	0	0	0	0	0	0	0	0	0	0	0	0	0	0	0	0	0
ASV590	0	0	0	0	0	0	0	0	0	0	0	0	1	0	0	1	0	29	1	0	5	0	0	0	0	0	5	0	1	0	0	0	0	0	0	13	2	7	0	0	1	0	10	0	0	1	0	0	0	0	2	3	0	0	0	0	0	1	1
ASV493	0	0	0	0	0	0	0	0	0	0	0	0	0	9	3	0	9	0	0	0	0	0	0	6	7	14	0	0	0	0	0	0	0	0	3	0	0	0	6	14	4	0	2	5	0	0	0	0	0	0	0	0	0	0	0	0	0	0	1
ASV517	0	0	0	0	0	0	0	0	0	0	0	0	0	0	0	0	0	23	0	0	0	0	0	0	0	0	0	0	0	0	0	0	11	0	0	0	0	0	0	0	0	4	0	0	35	0	0	0	0	0	3	0	0	0	0	0	0	0	7
ASV520	0	0	0	0	0	0	0	0	0	0	0	0	0	0	0	0	0	0	0	0	36	0	0	0	0	0	7	0	0	0	0	0	0	0	0	0	0	0	0	0	0	0	4	0	0	0	0	0	7	7	0	5	3	0	0	0	0	0	14
ASV749	0	0	0	0	0	0	0	0	0	0	0	0	0	0	0	0	0	75	0	0	0	0	0	0	0	0	0	0	0	0	0	0	0	0	0	0	0	0	0	0	0	0	8	0	0	0	0	0	0	0	0	0	0	0	0	0	0	0	0
ASV512	0	0	0	0	0	0	0	0	0	0	0	0	0	0	7	0	17	0	0	0	0	0	0	0	0	0	0	0	0	0	13	44	0	0	1	0	0	0	0	0	0	0	0	0	0	0	0	0	0	0	0	0	0	0	0	0	0	0	0
ASV668	0	0	0	0	0	0	1	0	0	0	0	0	0	0	0	0	0	62	0	0	0	0	0	0	6	3	0	0	0	0	0	0	0	0	0	0	0	0	0	4	0	0	3	0	0	0	0	0	0	0	0	0	0	3	0	0	0	0	0
ASV465	0	0	0	0	0	0	0	0	0	0	0	0	0	0	0	18	0	0	0	0	0	0	0	0	0	0	0	0	0	0	56	0	0	0	0	0	0	0	5	0	0	0	0	0	0	0	0	0	0	0	0	2	0	0	0	0	0	0	0
ASV477	0	0	0	0	0	0	0	0	0	0	0	0	0	0	0	8	0	0	0	0	0	0	0	0	0	1	12	0	0	0	0	0	0	0	0	0	0	0	9	0	0	1	6	0	0	0	0	0	9	10	0	6	9	0	0	0	0	0	10
ASV482	0	0	0	0	0	0	0	0	0	0	0	0	0	0	0	0	0	0	0	0	0	0	0	0	0	0	0	0	0	19	31	0	0	31	0	0	0	0	0	0	0	0	0	0	0	0	0	0	0	0	0	0	0	0	0	0	0	0	0
ASV522	0	0	0	0	0	0	0	0	0	0	0	0	0	1	1	12	5	0	0	0	0	0	0	0	0	21	0	0	0	0	0	0	0	0	5	0	0	0	6	3	11	2	8	6	0	0	0	0	0	0	0	0	0	0	0	0	0	0	0
ASV524	0	0	0	0	0	0	0	0	0	0	0	0	0	0	0	0	0	0	0	0	0	0	0	0	0	0	0	0	0	0	0	0	0	0	0	81	0	0	0	0	0	0	0	0	0	0	0	0	0	0	0	0	0	0	0	0	0	0	0
ASV832	0	0	0	0	0	0	0	0	0	0	0	0	2	8	5	1	5	0	2	0	5	8	0	0	1	8	4	0	0	0	0	1	0	1	2	0	0	11	6	4	2	2	3	0	0	0	0	0	0	0	0	0	0	0	0	0	0	0	0
ASV480	0	0	0	0	0	0	0	0	0	0	0	0	0	4	0	0	0	0	0	0	0	5	0	6	0	0	0	0	0	0	15	0	0	0	5	22	0	0	0	1	5	0	0	0	0	17	0	0	0	0	0	0	0	0	0	0	0	0	0
ASV975	0	0	0	0	0	0	0	0	0	0	0	0	23	7	0	0	8	0	4	1	10	0	0	0	3	0	12	0	0	1	0	0	0	0	3	0	0	0	0	0	2	0	0	6	0	0	0	0	0	0	0	0	0	0	0	0	0	0	0
ASV494	0	0	0	0	0	0	0	0	0	0	0	0	0	0	0	2	0	0	0	0	21	0	0	0	0	24	0	0	0	0	0	0	0	0	0	0	0	0	4	0	0	0	0	0	28	0	0	0	0	0	0	0	0	0	0	0	0	0	0
ASV582	0	0	0	0	0	0	0	0	0	0	0	0	0	0	0	0	0	19	1	0	0	0	0	0	0	0	0	0	0	0	0	0	0	0	0	0	0	57	0	0	0	0	0	0	0	0	0	0	0	1	0	0	1	0	0	0	0	0	0
ASV490	0	0	0	0	0	0	0	0	0	0	0	0	8	11	0	0	8	2	5	4	0	15	0	0	0	0	0	0	0	0	0	0	0	0	2	0	0	0	7	0	5	2	6	0	0	0	0	0	0	0	0	0	0	0	0	0	0	3	0
ASV523	0	0	0	0	0	0	0	0	0	0	0	0	0	0	0	0	0	24	0	0	0	0	0	0	0	0	0	0	0	0	1	0	0	0	0	0	0	0	0	0	0	0	0	0	0	53	0	0	0	0	0	0	0	0	0	0	0	0	0
ASV548	0	0	0	0	0	0	0	0	0	0	0	0	0	0	0	0	0	68	0	0	0	0	0	0	0	0	0	0	0	0	0	0	0	0	0	0	0	0	0	0	0	0	0	0	0	0	0	0	0	0	10	0	0	0	0	0	0	0	0
ASV913	0	0	0	0	0	0	0	0	0	0	0	0	51	5	0	0	1	0	1	1	1	1	0	0	2	0	1	0	0	0	0	0	0	0	2	0	0	0	5	1	4	1	0	1	0	0	0	0	0	0	0	0	0	0	0	0	0	0	0
ASV510	0	0	0	0	0	0	0	0	0	0	0	0	4	11	1	0	7	0	3	0	8	0	0	11	5	0	0	0	0	0	0	0	0	0	5	0	0	0	5	0	0	1	16	0	0	0	0	0	0	0	0	0	0	0	0	0	0	0	0
ASV764	0	0	0	0	0	0	0	0	0	0	0	0	0	8	0	2	3	0	27	5	0	3	0	0	0	10	0	0	0	0	0	0	0	0	2	0	0	0	0	3	9	0	5	0	0	0	0	0	0	0	0	0	0	0	0	0	0	0	0
ASV486	0	0	0	0	0	0	0	0	0	0	0	0	0	17	0	0	4	0	6	0	0	0	0	0	0	0	0	0	0	0	0	0	0	0	8	0	0	0	0	0	0	0	0	0	0	0	0	0	1	1	0	5	0	0	0	0	0	33	1
ASV569	0	0	0	0	0	0	0	0	0	0	0	0	0	0	0	0	0	3	6	0	13	9	0	0	0	0	0	0	0	0	0	0	0	0	0	0	0	40	5	0	0	0	0	0	0	0	0	0	0	0	0	0	0	0	0	0	0	0	0
ASV619	0	0	0	0	0	0	0	0	0	0	0	0	0	0	0	0	0	9	1	0	33	0	0	6	0	0	0	18	0	0	0	0	0	0	0	0	0	0	1	0	0	2	0	2	0	0	0	0	0	0	0	2	0	2	0	0	0	0	0
ASV564	0	0	0	0	0	0	0	0	0	0	0	0	0	0	0	0	0	0	0	0	0	0	0	66	0	0	0	0	0	0	0	0	0	0	0	0	0	0	0	0	8	0	0	0	0	0	0	0	0	0	0	1	0	0	0	0	0	0	0
ASV658	0	0	0	0	0	0	0	0	0	0	0	0	0	0	0	0	0	44	0	0	0	0	0	0	0	0	0	0	0	0	0	0	0	0	0	31	0	0	0	0	0	0	0	0	0	0	0	0	0	0	0	0	0	0	0	0	0	0	0
ASV601	0	0	1	0	0	0	0	0	0	0	0	0	0	0	1	0	0	13	0	0	0	0	0	0	0	0	0	0	0	0	0	0	0	0	0	5	0	0	0	0	0	0	0	0	52	0	0	0	0	0	0	0	0	0	0	0	0	0	2
ASV604	0	0	0	0	0	0	0	0	0	0	0	0	3	0	0	6	0	0	0	0	0	0	0	3	4	0	0	0	0	0	0	0	0	0	3	0	0	0	0	1	0	1	0	0	0	0	0	0	0	0	0	0	2	0	0	0	0	51	0
ASV776	0	0	0	0	0	0	0	0	0	0	0	0	0	0	0	0	0	74	0	0	0	0	0	0	0	0	0	0	0	0	0	0	0	0	0	0	0	0	0	0	0	0	0	0	0	0	0	0	0	0	0	0	0	0	0	0	0	0	0
ASV841	0	0	0	0	0	0	0	0	0	0	0	0	0	0	0	0	0	0	0	0	0	0	74	0	0	0	0	0	0	0	0	0	0	0	0	0	0	0	0	0	0	0	0	0	0	0	0	0	0	0	0	0	0	0	0	0	0	0	0
ASV853	0	0	0	0	0	0	0	0	0	0	0	0	0	0	0	0	0	41	0	0	0	0	0	0	0	0	0	0	0	0	0	0	0	0	0	8	0	0	0	0	0	0	0	0	15	0	0	0	0	0	5	0	2	0	0	0	0	0	3
ASV461	0	0	0	0	0	0	0	0	0	0	0	0	0	0	0	0	0	0	0	0	0	0	0	0	0	0	0	0	0	0	0	0	0	0	0	1	0	0	0	0	0	0	0	0	0	71	0	0	0	0	0	0	0	0	0	0	0	1	0
ASV498	0	0	0	0	0	0	0	0	0	0	0	0	0	0	26	0	0	13	0	7	0	0	0	0	0	0	0	0	0	0	24	0	0	0	3	0	0	0	0	0	0	0	0	0	0	0	0	0	0	0	0	0	0	0	0	0	0	0	0
ASV499	0	0	0	0	0	0	0	0	0	0	0	0	0	0	13	0	0	6	0	0	0	0	0	0	0	0	14	0	0	34	0	0	0	1	0	0	0	0	0	0	0	0	0	0	0	0	0	0	0	0	0	0	5	0	0	0	0	0	0
ASV527	0	0	0	0	0	0	0	0	0	0	0	0	0	11	0	0	0	3	6	0	0	0	0	0	0	0	0	0	0	0	0	0	0	0	1	0	0	21	0	0	5	4	0	9	0	0	0	0	0	0	0	0	0	0	0	0	0	11	2
ASV637	0	0	0	0	0	0	0	0	0	0	0	0	0	0	0	0	0	2	0	0	0	0	56	0	0	0	0	0	8	1	0	0	0	0	0	0	0	0	0	0	0	0	5	0	0	0	0	0	0	0	0	0	0	0	0	0	0	0	1
ASV702	0	0	0	0	0	0	0	0	0	0	0	0	11	2	0	0	3	0	0	0	0	0	0	0	7	0	0	10	0	0	0	0	0	0	0	0	5	20	14	0	0	0	1	0	0	0	0	0	0	0	0	0	0	0	0	0	0	0	0
ASV504	0	0	0	0	0	0	0	0	0	0	0	0	3	7	0	0	10	0	5	7	4	0	0	0	8	0	0	0	0	0	0	0	0	0	0	0	0	0	0	0	3	3	1	0	0	0	0	0	0	0	0	0	0	0	0	0	0	21	0
ASV537	0	0	0	0	0	0	0	0	0	0	0	0	0	0	0	0	0	69	0	0	0	0	0	0	0	0	0	0	0	0	0	0	0	0	0	0	0	0	0	0	0	0	0	3	0	0	0	0	0	0	0	0	0	0	0	0	0	0	0
ASV544	0	0	0	0	0	0	0	0	0	0	0	0	0	0	0	0	16	0	0	0	0	0	0	0	0	0	0	0	0	0	0	0	41	0	0	0	0	0	0	0	15	0	0	0	0	0	0	0	0	0	0	0	0	0	0	0	0	0	0
ASV597	0	0	0	0	0	0	0	0	0	0	0	0	2	4	0	5	1	0	0	0	25	0	0	0	0	14	0	0	0	0	0	0	0	0	4	0	0	0	3	0	4	0	0	10	0	0	0	0	0	0	0	0	0	0	0	0	0	0	0
ASV614	0	0	0	0	0	0	0	0	0	0	0	0	0	0	0	38	11	7	5	0	0	0	0	0	7	0	0	0	0	0	0	0	0	0	0	0	0	0	0	3	1	0	0	0	0	0	0	0	0	0	0	0	0	0	0	0	0	0	0
ASV725	0	0	0	0	0	0	0	0	0	0	0	0	10	5	0	0	3	0	0	1	0	1	0	0	8	0	6	0	0	0	0	0	0	0	0	0	0	0	9	0	6	2	0	0	0	0	0	0	6	1	0	6	1	0	0	0	0	3	4
ASV530	0	0	0	0	0	0	0	0	0	0	0	0	0	0	0	0	0	9	0	0	0	0	0	0	10	13	0	0	0	0	0	0	8	0	0	11	0	0	0	0	0	9	8	0	0	0	0	0	0	0	0	0	3	0	0	0	0	0	0
ASV570	0	0	0	0	0	0	0	0	0	0	0	0	0	0	0	0	0	0	0	0	0	0	0	0	0	0	0	4	0	0	0	2	2	2	0	0	7	16	0	0	1	0	0	0	35	0	0	0	0	1	1	0	0	0	0	0	0	0	0
ASV599	0	0	0	0	0	0	0	0	0	0	0	0	0	0	19	0	0	0	0	0	30	0	0	0	0	1	8	0	0	0	0	0	0	10	0	2	0	0	0	0	1	0	0	0	0	0	0	0	0	0	0	0	0	0	0	0	0	0	0
ASV616	0	0	0	0	0	0	0	0	0	0	0	0	0	0	0	0	0	0	7	1	0	0	0	0	0	0	0	0	0	0	0	0	0	0	0	0	0	0	0	0	0	0	0	0	1	0	0	0	0	0	0	0	0	0	0	2	0	60	0
ASV609	0	0	0	0	0	0	0	0	0	0	0	0	0	0	2	2	12	2	5	0	15	0	0	5	0	0	0	8	0	0	0	0	0	0	9	0	0	0	0	0	1	0	7	0	0	0	0	0	0	1	0	0	0	1	0	0	0	0	0
ASV543	0	0	0	0	0	0	0	0	0	0	0	0	13	0	0	0	0	0	0	0	0	0	0	0	0	0	0	0	0	0	0	0	0	0	0	0	0	0	0	0	0	0	0	28	0	0	0	0	0	0	0	0	0	0	0	0	0	0	28
ASV549	0	0	0	0	0	0	0	0	0	0	0	0	0	0	0	0	1	0	67	0	0	0	0	0	0	0	0	0	0	0	0	0	0	0	0	0	0	0	0	1	0	0	0	0	0	0	0	0	0	0	0	0	0	0	0	0	0	0	0
ASV708	0	0	0	0	0	0	0	0	0	0	0	0	0	0	0	0	0	0	0	0	0	0	0	0	0	0	0	0	0	0	0	0	0	0	0	0	0	0	0	0	0	0	0	0	0	0	0	0	2	1	55	0	3	0	0	7	0	1	0
ASV513	0	0	0	0	0	0	0	0	0	0	0	0	0	0	0	0	0	28	0	0	0	0	0	0	0	0	0	0	0	0	0	1	0	0	0	32	0	0	0	0	0	0	7	0	0	0	0	0	0	0	0	0	0	0	0	0	0	0	0
ASV593	0	0	0	0	0	0	0	0	0	0	0	0	0	0	0	0	3	0	12	0	0	8	0	14	0	5	0	6	0	0	0	0	0	0	2	0	0	13	0	0	2	2	0	0	0	0	0	0	0	0	0	0	1	0	0	0	0	0	0
ASV608	0	0	0	0	0	0	0	0	0	0	0	0	0	0	1	0	0	63	0	0	0	0	0	0	0	0	0	0	0	0	0	0	0	0	2	0	0	0	0	0	0	0	0	0	0	0	0	0	0	0	0	0	0	0	0	0	0	0	2
ASV723	0	0	0	0	0	0	1	0	0	0	0	0	0	0	0	0	0	36	0	0	9	0	0	0	0	0	0	0	0	0	0	0	0	0	0	0	0	0	0	0	0	0	0	0	0	18	0	0	0	0	0	1	0	3	0	0	0	0	0
ASV833	0	0	0	0	0	0	0	0	0	0	0	0	0	0	6	0	0	53	0	0	0	0	0	0	0	0	0	0	0	0	0	0	0	0	0	0	0	0	0	0	0	1	0	0	0	0	0	0	1	0	0	0	0	0	0	0	0	0	7
ASV526	0	0	0	0	0	0	0	0	0	0	0	0	12	0	0	0	21	0	1	0	0	0	0	0	0	0	0	0	0	0	0	0	1	0	0	0	0	0	0	0	0	0	0	0	0	0	0	0	0	0	18	0	0	0	0	0	0	11	3
ASV547	0	0	0	0	0	0	0	0	0	0	0	0	0	0	0	5	0	62	0	0	0	0	0	0	0	0	0	0	0	0	0	0	0	0	0	0	0	0	0	0	0	0	0	0	0	0	0	0	0	0	0	0	0	0	0	0	0	0	0
ASV612	0	0	0	0	0	0	0	0	0	0	0	0	0	0	0	0	0	0	0	0	0	64	0	0	0	0	0	0	0	0	0	0	0	0	1	0	0	0	0	0	0	0	0	0	0	0	0	0	0	0	0	0	2	0	0	0	0	0	0
ASV624	0	0	0	0	0	0	0	0	0	0	0	0	0	15	32	9	0	0	0	0	0	0	0	0	0	0	0	0	0	0	0	0	0	0	4	0	0	0	0	0	4	0	0	0	0	0	0	0	0	0	0	0	0	0	0	1	0	0	1
ASV541	0	0	0	0	0	0	0	0	0	0	0	0	0	0	0	8	0	0	0	0	0	0	0	0	0	0	0	0	0	0	5	1	1	0	0	1	0	1	7	0	0	0	0	0	0	0	0	0	0	0	41	0	0	0	0	0	0	0	0
ASV562	0	0	0	0	0	0	0	0	0	0	0	0	0	2	7	0	35	0	2	0	0	0	0	0	4	0	0	0	0	0	0	0	0	0	0	0	0	0	15	0	0	0	0	0	0	0	0	0	0	0	0	0	0	0	0	0	0	0	0
ASV576	0	0	0	0	0	0	0	0	0	0	0	0	0	1	0	15	1	0	5	0	23	0	0	0	3	0	2	0	0	0	0	0	0	0	0	0	0	0	2	3	4	6	0	0	0	0	0	0	0	0	0	0	0	0	0	0	0	0	0
ASV579	0	0	0	0	0	0	0	0	0	0	0	0	0	0	0	0	64	0	0	0	0	0	0	0	0	0	0	0	0	0	0	0	0	0	0	0	0	0	0	0	0	0	0	1	0	0	0	0	0	0	0	0	0	0	0	0	0	0	0
ASV595	0	0	0	0	0	0	0	0	0	0	0	0	12	2	0	0	5	5	0	0	0	0	0	0	7	0	0	0	0	0	0	0	0	0	6	0	0	0	0	0	0	0	0	0	0	0	0	0	0	2	0	0	0	0	0	23	0	3	0
ASV613	0	0	0	0	0	0	0	0	0	0	0	0	3	0	0	18	0	3	15	0	0	0	0	7	7	0	0	0	0	0	0	0	0	0	7	0	0	0	0	0	0	0	0	3	0	0	0	0	1	0	0	1	0	0	0	0	0	0	0
ASV1168	0	0	0	0	0	0	0	0	0	0	0	0	0	0	0	0	0	19	0	0	14	0	1	0	0	0	0	0	0	0	0	0	0	0	0	0	0	0	0	4	0	0	17	0	0	0	0	0	0	0	3	0	0	5	0	0	0	0	1
ASV1425	0	0	0	0	0	0	0	0	0	0	0	0	0	0	0	0	0	13	0	0	5	0	0	0	0	0	0	0	0	0	0	0	0	0	0	6	0	37	0	0	1	0	0	0	0	0	0	0	0	0	0	0	0	2	0	0	0	0	0
ASV1782	0	0	0	0	0	0	0	0	0	0	0	0	0	16	0	4	6	1	17	0	0	0	0	0	7	0	0	0	0	0	0	0	0	0	3	0	0	0	2	0	3	0	0	0	0	0	0	0	0	0	0	0	0	0	0	0	0	5	0
ASV509	0	0	0	0	0	0	0	0	0	0	0	0	0	6	0	0	0	0	0	0	0	0	0	0	0	0	0	0	0	0	0	0	0	0	0	0	16	0	0	0	0	11	20	0	0	0	0	0	0	0	0	0	0	0	0	0	0	9	2
ASV525	0	0	0	0	0	0	0	0	0	0	0	0	0	0	0	0	0	5	0	0	0	0	0	0	0	0	0	29	0	0	0	0	0	0	0	0	0	0	0	0	7	0	0	0	0	23	0	0	0	0	0	0	0	0	0	0	0	0	0
ASV600	0	0	0	0	0	0	0	0	0	0	0	0	0	0	0	9	7	0	6	8	0	6	0	0	0	0	12	0	0	0	0	0	0	0	0	0	0	0	0	1	5	10	0	0	0	0	0	0	0	0	0	0	0	0	0	0	0	0	0
ASV667	0	0	0	0	0	0	0	0	0	0	0	0	0	0	0	0	0	64	0	0	0	0	0	0	0	0	0	0	0	0	0	0	0	0	0	0	0	0	0	0	0	0	0	0	0	0	0	0	0	0	0	0	0	0	0	0	0	0	0
ASV551	0	0	0	0	0	0	0	0	0	0	0	0	0	0	5	0	0	0	0	0	0	0	0	6	0	0	0	0	0	0	0	0	0	31	6	0	0	0	0	0	0	15	0	0	0	0	0	0	0	0	0	0	0	0	0	0	0	0	0
ASV561	0	0	0	0	0	0	0	0	0	0	0	0	0	4	11	11	0	1	12	0	0	0	0	7	5	7	0	0	0	0	0	0	0	0	1	0	0	0	0	0	1	0	1	2	0	0	0	0	0	0	0	0	0	0	0	0	0	0	0
ASV627	0	0	0	0	0	0	0	0	0	0	0	0	0	0	0	0	0	34	0	0	0	0	0	0	0	0	0	0	0	0	0	0	0	0	0	29	0	0	0	0	0	0	0	0	0	0	0	0	0	0	0	0	0	0	0	0	0	0	0
ASV645	0	0	0	0	0	0	0	0	0	0	0	0	0	0	0	0	13	0	0	0	0	0	0	0	1	0	0	0	0	0	0	0	0	0	4	0	0	20	0	0	4	4	6	0	0	0	0	0	1	0	0	2	4	0	0	0	0	0	4
ASV770	0	0	0	0	0	0	0	0	0	0	0	0	1	0	1	0	3	0	0	0	0	14	0	8	2	0	18	0	0	0	0	0	0	0	2	0	0	0	0	0	1	0	4	9	0	0	0	0	0	0	0	0	0	0	0	0	0	0	0
ASV1077	0	0	0	0	0	0	0	0	0	0	0	0	0	9	0	16	6	0	4	10	0	0	0	0	0	0	0	0	0	0	0	0	0	0	4	0	0	0	0	1	2	0	2	8	0	0	0	0	0	0	0	0	0	0	0	0	0	0	0
ASV1114	0	0	0	0	0	0	0	0	0	0	0	0	0	0	0	0	0	62	0	0	0	0	0	0	0	0	0	0	0	0	0	0	0	0	0	0	0	0	0	0	0	0	0	0	0	0	0	0	0	0	0	0	0	0	0	0	0	0	0
ASV567	0	0	0	0	0	0	0	0	0	0	0	0	7	1	0	0	4	0	0	0	7	20	0	0	0	0	0	0	0	0	0	0	0	0	3	8	0	0	0	6	0	2	0	4	0	0	0	0	0	0	0	0	0	0	0	0	0	0	0
ASV583	0	0	0	0	0	0	0	0	0	0	0	0	0	0	0	0	0	0	0	0	0	0	0	0	3	0	0	0	0	0	0	0	0	0	6	0	7	0	0	0	2	0	3	0	33	0	0	0	0	0	0	0	0	0	0	0	0	8	0
ASV605	0	0	0	0	0	0	0	0	0	0	0	0	0	11	1	6	8	0	0	0	0	0	0	0	0	9	0	0	0	0	0	0	0	0	0	0	0	0	5	0	5	5	0	0	0	0	0	0	0	12	0	0	0	0	0	0	0	0	0
ASV781	0	0	0	0	0	0	0	0	0	0	0	0	8	0	0	6	2	0	0	0	0	0	0	0	0	0	0	0	0	0	0	0	0	0	0	0	0	0	0	3	5	2	2	0	0	0	0	0	1	0	0	26	7	0	0	0	0	0	0
ASV550	0	0	0	0	0	0	0	0	0	0	0	0	0	0	0	0	0	0	0	0	0	0	0	0	0	0	0	0	0	0	0	0	0	0	0	0	0	0	0	0	0	0	0	0	61	0	0	0	0	0	0	0	0	0	0	0	0	0	0
ASV563	0	0	0	0	0	0	0	0	0	0	0	0	0	0	0	0	0	0	0	0	0	0	0	0	0	0	0	0	0	0	0	0	0	0	0	0	0	1	0	0	0	0	0	0	0	0	0	0	0	0	0	0	2	0	0	0	0	43	15
ASV587	0	0	0	0	0	0	0	0	0	0	0	0	0	0	0	0	0	0	10	1	0	0	0	0	0	0	0	0	0	0	0	0	0	0	7	0	0	43	0	0	0	0	0	0	0	0	0	0	0	0	0	0	0	0	0	0	0	0	0
ASV617	0	0	0	0	0	0	0	0	0	0	0	0	0	0	0	0	0	5	0	0	0	0	0	0	0	0	0	0	0	0	0	0	0	0	0	0	0	55	0	0	0	0	0	0	0	0	0	0	0	0	0	0	0	0	0	0	0	0	1
ASV639	0	0	0	0	0	0	0	0	0	0	0	0	0	0	0	0	0	61	0	0	0	0	0	0	0	0	0	0	0	0	0	0	0	0	0	0	0	0	0	0	0	0	0	0	0	0	0	0	0	0	0	0	0	0	0	0	0	0	0
ASV659	0	0	0	0	0	0	0	0	0	0	0	0	0	0	0	0	0	12	0	0	0	0	48	0	0	0	0	0	0	0	0	0	0	0	0	0	0	0	0	0	0	0	1	0	0	0	0	0	0	0	0	0	0	0	0	0	0	0	0
ASV714	0	0	0	0	0	0	0	0	0	0	0	0	0	0	0	0	0	0	2	0	0	0	0	0	0	0	2	0	0	0	0	0	0	0	0	0	0	0	8	0	2	0	0	0	0	0	0	0	0	0	23	3	5	15	0	0	0	0	1
ASV1296	0	0	0	0	1	0	0	0	0	0	0	0	0	0	0	4	0	9	0	0	0	4	0	2	0	2	0	3	2	0	2	7	0	0	0	0	2	0	1	0	0	0	1	0	17	0	0	0	0	0	1	0	0	2	0	0	0	0	0
ASV511	0	0	0	0	0	0	0	0	0	0	0	0	0	0	0	0	0	0	0	0	0	0	0	0	0	0	0	0	0	0	0	0	0	0	0	0	0	60	0	0	0	0	0	0	0	0	0	0	0	0	0	0	0	0	0	0	0	0	0
ASV535	0	0	0	0	0	0	0	0	0	0	0	0	0	0	0	0	0	0	0	0	0	0	0	0	0	0	0	0	0	0	0	0	59	0	0	0	0	0	0	0	0	0	0	0	0	0	0	0	0	0	0	0	0	0	0	0	0	0	1
ASV540	0	0	0	0	0	0	0	0	0	0	0	0	0	0	0	0	0	0	0	0	0	0	0	0	0	0	0	0	0	0	0	0	0	0	0	0	0	0	0	0	0	0	0	0	0	0	0	0	1	0	56	1	0	2	0	0	0	0	0
ASV555	0	0	0	0	0	0	0	0	0	0	0	0	0	0	0	0	0	5	0	0	0	0	0	0	0	45	0	0	0	0	0	0	0	0	0	0	0	0	0	0	0	0	0	0	0	0	0	0	0	1	0	1	0	0	0	1	0	5	2
ASV689	0	0	0	0	0	0	0	0	0	0	0	0	0	0	0	0	0	20	0	0	0	0	0	0	0	0	0	0	0	0	0	0	0	0	0	0	9	0	0	0	0	0	7	0	0	0	0	0	0	0	0	0	0	8	0	0	0	0	16
ASV706	0	0	0	0	0	0	0	0	0	0	0	0	0	0	0	0	0	29	0	0	0	0	0	0	0	0	0	0	0	0	0	0	0	0	0	0	0	21	0	0	0	0	0	0	0	0	0	0	0	0	0	0	0	9	0	1	0	0	0
ASV724	0	0	0	0	0	0	0	0	0	0	0	0	0	0	0	0	8	8	0	0	5	0	0	0	0	0	0	0	0	0	0	0	0	0	0	0	0	0	0	5	0	0	0	2	0	0	0	0	0	0	0	0	0	0	0	1	0	28	3
ASV777	0	0	0	0	0	0	0	0	0	0	0	0	0	0	0	0	0	0	0	0	0	0	0	0	0	0	0	0	0	0	0	0	0	0	0	0	0	0	0	0	0	0	0	0	0	0	0	0	3	0	0	11	0	0	0	0	0	46	0
ASV804	0	0	0	0	0	0	0	0	0	0	0	0	0	0	0	0	0	0	0	0	0	0	0	0	0	0	0	0	0	15	0	0	0	0	0	5	0	16	0	0	0	0	0	0	22	0	0	0	0	0	0	0	0	2	0	0	0	0	0
ASV889	0	0	0	0	0	0	0	0	0	0	0	0	0	0	0	0	0	13	0	0	0	0	0	0	0	0	0	0	0	0	0	0	0	0	0	0	0	0	0	14	0	0	0	0	33	0	0	0	0	0	0	0	0	0	0	0	0	0	0
ASV964	0	0	0	0	0	0	0	0	0	0	0	0	0	0	0	0	0	60	0	0	0	0	0	0	0	0	0	0	0	0	0	0	0	0	0	0	0	0	0	0	0	0	0	0	0	0	0	0	0	0	0	0	0	0	0	0	0	0	0
ASV1447	0	0	0	0	0	0	0	0	0	0	0	0	0	0	0	0	0	0	2	0	0	0	0	0	0	0	0	0	0	0	0	0	0	0	0	0	0	0	0	0	0	1	0	0	0	0	0	0	1	0	40	2	1	12	0	0	0	0	0
ASV574	0	0	0	0	0	0	0	0	0	0	0	0	0	0	0	8	0	0	0	0	0	0	0	1	0	0	46	0	0	0	0	0	0	0	3	0	0	0	0	0	0	1	0	0	0	0	0	0	0	0	0	0	0	0	0	0	0	0	0
ASV586	0	0	0	0	0	0	0	0	0	0	0	0	0	6	0	0	0	9	0	0	0	0	0	0	0	0	0	0	0	0	0	0	0	2	0	0	0	0	0	0	0	0	5	33	0	1	0	0	0	0	0	2	1	0	0	0	0	0	0
ASV611	0	0	0	0	0	0	0	0	0	0	0	0	0	0	0	1	0	0	4	0	0	0	0	9	0	0	0	0	0	0	0	0	0	0	0	0	0	0	0	0	0	0	0	0	0	45	0	0	0	0	0	0	0	0	0	0	0	0	0
ASV620	0	0	0	0	0	0	0	0	0	0	0	0	0	0	0	0	0	0	0	0	0	0	0	0	0	0	0	0	0	0	0	0	0	0	14	0	0	0	0	0	2	0	0	0	0	0	0	0	0	1	0	0	0	1	0	0	0	41	0
ASV643	0	0	0	0	0	0	0	0	0	0	0	0	0	0	0	0	0	32	0	0	0	0	0	0	0	0	0	0	0	0	0	0	0	2	0	0	24	0	0	0	0	0	0	0	0	0	0	0	0	0	0	0	0	0	0	0	0	0	1
ASV680	0	0	0	0	0	0	0	0	0	0	0	0	0	0	0	0	0	20	0	0	0	0	0	0	0	0	0	0	0	0	0	0	0	0	0	0	0	33	0	0	0	0	0	0	0	0	0	0	0	0	0	0	0	0	0	0	0	0	6
ASV691	0	0	0	0	0	0	0	0	0	0	0	0	7	4	0	0	4	2	0	1	0	4	0	0	0	0	0	0	0	0	0	0	0	0	8	0	0	0	10	7	0	0	4	5	0	0	0	0	0	0	0	0	0	0	0	0	0	0	3
ASV710	0	0	0	0	0	0	0	0	0	0	0	0	7	6	6	12	2	0	0	2	0	2	0	0	5	0	2	0	0	0	0	0	0	0	0	0	0	0	0	0	0	2	3	9	0	0	0	0	0	0	0	0	0	0	0	0	0	1	0
ASV711	0	0	0	0	0	0	0	0	0	0	0	0	0	0	0	0	0	29	0	0	27	0	0	0	0	0	0	0	0	0	0	0	0	0	0	0	0	0	0	0	0	0	0	0	0	0	0	0	0	0	0	0	0	0	0	0	0	0	3
ASV825	0	0	0	0	0	0	0	0	0	0	0	0	2	1	1	1	0	1	0	0	0	0	0	0	0	0	0	0	0	0	0	0	0	0	2	0	0	0	1	0	0	1	0	1	0	0	0	0	0	0	0	0	0	0	0	0	0	48	0
ASV581	0	0	0	0	0	0	0	0	0	0	0	0	0	0	0	0	0	0	15	0	0	0	0	0	0	0	0	0	0	0	0	0	0	0	0	0	0	0	27	0	0	0	0	0	0	0	0	0	0	0	0	0	0	0	0	0	0	16	0
ASV657	0	0	0	0	0	0	0	0	0	0	0	0	4	6	2	0	0	1	0	0	1	0	0	2	0	0	1	0	0	0	0	0	0	0	9	0	0	0	9	2	6	1	4	10	0	0	0	0	0	0	0	0	0	0	0	0	0	0	0
ASV695	0	0	0	0	0	0	0	0	0	0	0	0	0	0	0	0	0	19	0	0	0	0	0	0	0	0	0	0	0	0	0	0	0	0	0	39	0	0	0	0	0	0	0	0	0	0	0	0	0	0	0	0	0	0	0	0	0	0	0
ASV816	0	0	0	0	0	0	0	0	0	0	0	0	0	2	0	0	1	0	0	0	0	0	0	0	0	0	0	0	0	0	0	30	0	0	0	0	0	11	0	0	4	1	6	0	0	0	0	0	0	0	2	0	0	1	0	0	0	0	0
ASV558	0	0	0	0	0	0	0	0	0	0	0	0	0	0	0	12	0	0	10	0	0	0	0	0	0	0	0	34	0	0	0	0	0	0	0	0	0	0	0	0	0	0	0	1	0	0	0	0	0	0	0	0	0	0	0	0	0	0	0
ASV631	0	0	0	0	0	0	0	0	0	0	0	0	0	0	0	0	0	0	0	0	0	0	0	0	0	54	0	0	0	0	0	0	0	0	2	0	0	0	0	0	0	1	0	0	0	0	0	0	0	0	0	0	0	0	0	0	0	0	0
ASV785	0	0	0	0	0	0	0	0	0	0	0	0	9	0	0	2	0	1	4	0	11	0	0	0	0	0	0	0	0	0	0	0	0	0	10	0	0	0	11	0	0	0	4	5	0	0	0	0	0	0	0	0	0	0	0	0	0	0	0
ASV1347	0	0	0	0	0	0	0	0	0	0	0	0	5	0	0	0	0	37	0	0	0	0	0	0	0	0	0	0	0	0	0	0	0	0	2	0	0	0	0	10	0	1	0	0	0	0	0	0	0	0	1	0	0	0	0	0	0	0	0
ASV585	0	0	0	0	0	0	0	0	0	0	0	0	0	0	0	0	0	0	0	0	0	0	0	0	0	0	0	0	0	0	0	0	0	0	0	56	0	0	0	0	0	0	0	0	0	0	0	0	0	0	0	0	0	0	0	0	0	0	0
ASV635	0	0	0	0	0	0	0	0	0	0	0	0	4	0	0	0	0	4	0	0	0	0	0	0	0	0	0	0	0	0	0	0	0	0	6	0	0	0	18	0	10	9	5	0	0	0	0	0	0	0	0	0	0	0	0	0	0	0	0
ASV648	0	0	0	0	0	0	0	0	0	0	0	0	4	10	1	1	8	0	0	0	0	0	0	0	5	0	0	0	0	0	0	0	0	0	7	0	0	0	7	2	4	7	0	0	0	0	0	0	0	0	0	0	0	0	0	0	0	0	0
ASV1330	0	0	0	0	0	0	0	0	0	0	0	0	0	0	0	1	0	49	0	0	0	0	0	0	0	0	0	0	0	0	0	0	0	0	0	0	0	0	0	0	5	0	0	0	0	0	0	0	0	0	0	0	0	0	0	0	0	0	0
ASV588	0	0	0	0	0	0	0	0	0	0	0	0	0	0	0	0	0	0	0	0	0	8	0	0	0	0	0	0	0	0	0	0	0	0	2	0	0	36	0	0	0	0	0	0	0	0	0	0	4	1	0	0	4	0	0	0	0	0	0
ASV591	0	0	0	0	0	0	0	0	0	0	0	0	0	0	1	0	0	0	0	0	0	0	0	0	0	0	0	0	0	0	0	0	0	0	0	0	0	0	16	0	0	38	0	0	0	0	0	0	0	0	0	0	0	0	0	0	0	0	0
ASV630	0	0	0	0	0	0	0	0	0	0	0	0	0	0	0	0	0	2	0	0	0	0	0	0	0	0	0	3	0	0	0	0	0	0	0	0	0	0	0	0	0	0	0	0	48	0	0	0	0	0	0	0	0	0	0	0	0	0	2
ASV679	0	0	0	0	0	0	0	0	0	0	0	0	0	0	0	0	0	0	0	0	0	0	0	0	0	0	0	0	0	1	0	0	0	0	0	0	0	0	0	0	6	0	0	0	0	0	0	0	0	0	0	0	0	0	0	2	0	6	40
ASV743	0	0	0	0	0	0	0	0	0	0	0	0	0	3	5	10	0	2	7	5	0	1	0	0	0	0	0	0	0	0	0	0	0	0	0	0	0	0	0	6	0	9	0	7	0	0	0	0	0	0	0	0	0	0	0	0	0	0	0
ASV844	0	0	0	0	0	0	0	0	0	0	0	0	44	0	0	1	0	1	0	0	0	0	0	0	0	4	0	0	0	0	0	0	0	0	5	0	0	0	0	0	0	0	0	0	0	0	0	0	0	0	0	0	0	0	0	0	0	0	0
ASV979	0	0	0	0	0	0	0	0	0	0	0	0	16	7	0	11	3	1	4	0	0	0	0	0	0	0	1	0	0	0	0	0	0	0	0	0	0	0	1	0	6	2	2	1	0	0	0	0	0	0	0	0	0	0	0	0	0	0	0
ASV602	0	0	0	0	0	0	0	0	0	0	0	0	0	0	4	0	1	0	0	0	0	0	0	0	0	0	0	0	0	0	0	0	0	17	2	0	0	0	15	9	0	4	2	0	0	0	0	0	0	0	0	0	0	0	0	0	0	0	0
ASV626	0	0	0	0	0	0	0	0	0	0	0	0	0	0	0	0	0	7	0	0	0	0	0	0	0	0	0	0	0	0	0	0	0	0	0	0	0	47	0	0	0	0	0	0	0	0	0	0	0	0	0	0	0	0	0	0	0	0	0
ASV718	0	0	0	0	0	0	0	0	0	0	0	0	7	2	0	0	21	0	0	2	0	0	0	0	0	0	0	0	0	1	0	0	0	0	9	0	0	0	0	0	0	3	0	7	0	0	0	0	0	0	0	0	1	0	0	1	0	0	0
ASV883	0	0	0	0	0	0	0	0	0	0	0	0	0	0	2	0	0	46	1	0	0	0	0	0	1	0	0	4	0	0	0	0	0	0	0	0	0	0	0	0	0	0	0	0	0	0	0	0	0	0	0	0	0	0	0	0	0	0	0
ASV893	0	0	0	0	0	0	0	0	0	0	0	0	0	7	0	0	4	22	0	0	0	1	0	0	1	0	1	0	0	0	0	0	0	0	6	0	0	0	5	3	0	0	2	0	0	0	0	0	0	0	0	0	2	0	0	0	0	0	0
ASV1847	0	0	0	0	0	0	0	0	0	0	0	0	4	1	1	3	5	3	1	2	2	1	0	2	0	3	1	1	2	1	2	0	0	1	0	0	0	1	3	2	1	2	0	4	0	0	0	0	1	0	1	0	1	0	0	0	0	0	1
ASV805	0	0	0	0	0	0	0	0	0	0	0	0	0	0	0	0	0	0	0	0	0	3	0	7	0	0	9	13	0	0	0	0	0	0	0	0	0	0	0	0	14	0	0	0	0	0	0	0	0	0	1	0	1	5	0	0	0	0	0
ASV994	0	0	0	0	0	0	0	0	0	0	0	0	0	1	0	5	0	0	0	0	0	0	0	0	0	0	7	0	5	0	0	0	0	0	0	0	0	14	0	8	0	0	0	0	0	0	0	0	0	0	7	2	0	3	0	0	0	0	1
ASV1424	0	0	0	0	0	0	0	0	0	0	0	0	0	0	0	0	0	0	0	0	0	0	0	0	0	0	0	0	0	0	0	0	0	0	0	0	0	0	0	0	0	0	0	0	0	0	0	0	8	2	34	1	0	0	0	7	0	0	0
ASV589	0	0	0	0	0	0	0	0	0	0	0	0	0	0	0	0	0	0	0	0	0	0	0	0	0	0	0	52	0	0	0	0	0	0	0	0	0	0	0	0	0	0	0	0	0	0	0	0	0	0	0	0	0	0	0	0	0	0	0
ASV607	0	0	0	0	0	0	0	0	0	0	0	0	0	0	0	0	0	0	0	0	0	0	0	0	0	0	0	0	0	44	0	0	0	0	0	0	0	1	0	0	0	0	0	0	0	0	0	0	0	0	0	0	0	0	0	0	0	7	0
ASV632	0	0	0	0	0	0	0	0	0	0	0	0	0	0	0	0	0	2	0	0	0	0	0	0	0	0	0	1	0	0	0	0	0	0	0	0	0	49	0	0	0	0	0	0	0	0	0	0	0	0	0	0	0	0	0	0	0	0	0
ASV634	0	0	0	0	0	0	0	0	0	0	0	0	0	0	0	0	0	1	0	0	0	0	0	0	0	0	0	0	0	0	0	25	0	0	0	0	0	0	0	0	0	0	0	0	0	25	0	0	0	0	0	0	0	0	0	0	0	0	1
ASV638	0	0	0	0	0	0	0	0	0	0	0	0	0	0	0	0	0	0	0	0	0	0	0	0	0	0	0	0	52	0	0	0	0	0	0	0	0	0	0	0	0	0	0	0	0	0	0	0	0	0	0	0	0	0	0	0	0	0	0
ASV642	0	0	0	0	0	0	0	0	0	0	0	0	0	0	0	0	0	0	0	0	0	0	0	0	0	0	0	0	0	0	0	1	0	0	0	0	0	0	0	0	0	0	0	0	0	0	0	0	0	3	0	3	39	0	0	4	0	2	0
ASV778	0	0	0	0	0	0	0	0	0	0	0	0	5	0	0	5	4	0	2	0	0	0	0	0	14	0	0	0	0	0	0	0	0	0	2	0	0	0	0	0	1	0	0	0	0	0	0	0	0	1	0	18	0	0	0	0	0	0	0
ASV951	0	0	0	0	0	0	0	0	0	0	0	0	11	0	0	0	10	0	6	0	0	0	0	0	0	0	0	0	0	0	0	0	0	0	14	0	0	0	1	0	5	1	4	0	0	0	0	0	0	0	0	0	0	0	0	0	0	0	0
ASV1254	0	0	0	0	0	0	0	0	0	0	0	0	0	0	0	0	0	15	0	0	0	0	18	0	0	0	0	0	0	0	0	0	4	0	0	10	0	0	0	0	0	0	0	0	0	4	0	0	0	0	0	0	0	0	0	0	0	0	0
ASV1705	0	0	0	0	0	0	0	0	0	0	0	0	3	0	0	21	1	0	0	0	0	0	0	0	0	0	1	0	0	0	0	0	0	0	2	0	0	0	8	2	5	8	0	0	0	0	0	0	0	0	0	0	0	0	0	0	0	0	0
ASV594	0	0	0	0	0	0	0	0	0	0	0	0	0	0	0	1	0	50	0	0	0	0	0	0	0	0	0	0	0	0	0	0	0	0	0	0	0	0	0	0	0	0	0	0	0	0	0	0	0	0	0	0	0	0	0	0	0	0	0
ASV640	0	0	0	0	0	0	0	0	0	0	0	0	0	1	0	0	0	0	1	0	0	0	0	0	0	0	1	0	0	0	0	0	0	0	0	0	0	0	0	0	0	3	45	0	0	0	0	0	0	0	0	0	0	0	0	0	0	0	0
ASV663	0	0	0	0	0	0	0	0	0	0	0	0	3	2	0	0	0	1	0	0	0	0	0	0	0	0	0	0	0	0	0	0	0	0	0	19	0	0	0	9	1	0	1	15	0	0	0	0	0	0	0	0	0	0	0	0	0	0	0
ASV672	0	0	0	0	0	0	0	0	0	0	0	0	0	8	0	0	0	0	0	2	0	0	0	0	6	4	1	0	0	0	0	0	0	0	10	0	0	0	0	0	6	0	14	0	0	0	0	0	0	0	0	0	0	0	0	0	0	0	0
ASV707	0	0	0	0	0	0	0	0	0	0	0	0	0	0	0	0	0	2	0	0	0	0	0	0	0	9	0	0	0	39	0	0	0	0	0	0	0	0	0	0	0	0	1	0	0	0	0	0	0	0	0	0	0	0	0	0	0	0	0
ASV744	0	0	0	0	0	0	0	0	0	0	0	0	0	0	0	0	0	12	0	0	0	0	0	0	0	0	0	0	0	0	1	0	0	0	0	0	0	38	0	0	0	0	0	0	0	0	0	0	0	0	0	0	0	0	0	0	0	0	0
ASV762	0	0	0	0	0	0	0	0	0	0	0	0	14	1	3	6	0	1	2	0	0	0	0	0	0	0	3	0	0	0	0	0	0	0	0	0	0	0	0	4	10	2	2	3	0	0	0	0	0	0	0	0	0	0	0	0	0	0	0
ASV794	0	0	0	0	0	0	0	0	0	0	0	0	0	0	0	0	0	0	0	0	0	0	0	0	0	0	0	0	0	0	0	0	0	50	0	1	0	0	0	0	0	0	0	0	0	0	0	0	0	0	0	0	0	0	0	0	0	0	0
ASV641	0	0	0	0	0	0	0	0	0	0	0	0	0	0	45	0	5	0	0	0	0	0	0	0	0	0	0	0	0	0	0	0	0	0	0	0	0	0	0	0	0	0	0	0	0	0	0	0	0	0	0	0	0	0	0	0	0	0	0
ASV660	0	0	0	0	0	0	0	0	0	0	0	0	0	2	0	2	0	0	0	0	0	0	0	0	13	0	22	0	0	0	0	0	0	0	0	0	0	0	2	9	0	0	0	0	0	0	0	0	0	0	0	0	0	0	0	0	0	0	0
ASV669	0	0	0	0	0	0	0	0	0	0	0	0	2	0	0	3	0	1	2	3	0	0	0	0	5	0	0	0	0	0	0	0	0	0	4	0	0	0	4	0	13	1	0	12	0	0	0	0	0	0	0	0	0	0	0	0	0	0	0
ASV742	0	0	0	0	0	0	0	0	0	0	0	0	0	0	0	3	0	0	0	4	0	0	0	0	0	0	0	0	0	0	0	0	0	0	3	0	0	0	6	0	4	2	0	0	0	0	0	0	1	0	4	1	0	19	0	2	0	0	1
ASV753	0	0	0	0	0	0	0	0	0	0	0	0	36	6	0	0	1	0	0	3	0	0	0	0	0	0	0	0	0	0	0	0	0	0	1	0	0	0	3	0	0	0	0	0	0	0	0	0	0	0	0	0	0	0	0	0	0	0	0
ASV767	0	0	0	0	0	0	0	0	0	0	0	0	0	0	0	26	10	0	0	0	0	1	0	2	0	0	0	0	0	0	0	0	0	0	4	0	0	0	0	1	3	2	1	0	0	0	0	0	0	0	0	0	0	0	0	0	0	0	0
ASV789	0	0	0	0	0	0	0	0	0	0	0	0	2	12	0	0	9	11	0	0	0	0	0	0	1	0	0	0	0	0	0	0	0	0	2	0	0	0	0	0	0	8	0	4	0	0	0	0	0	0	0	0	0	0	0	0	0	0	1
ASV858	0	0	0	0	0	0	0	0	0	0	0	0	1	6	0	2	3	0	0	0	0	0	0	0	0	0	0	0	0	0	0	0	0	0	1	0	0	0	4	0	0	0	0	0	30	0	0	0	0	0	0	0	0	0	0	3	0	0	0
ASV888	0	0	0	0	0	0	0	0	0	0	0	0	1	2	0	0	0	2	3	0	0	3	0	0	2	0	4	0	0	0	0	0	0	0	1	0	2	20	5	1	0	1	2	0	0	0	0	0	0	0	0	0	0	0	0	0	0	1	0
ASV1059	0	0	0	0	0	0	0	0	0	0	0	0	0	0	0	0	0	48	0	0	1	0	0	0	0	0	0	0	0	0	0	0	0	0	0	0	0	0	0	0	0	0	0	0	0	0	0	0	0	0	0	0	0	0	0	0	0	0	0
ASV1328	0	0	0	0	0	0	0	0	0	0	0	0	7	6	1	5	0	1	0	0	1	0	0	1	2	3	0	0	0	0	0	0	0	0	4	0	0	0	1	10	0	5	0	0	0	0	0	0	0	0	1	0	0	0	0	1	0	0	0
ASV1623	0	0	0	0	0	0	0	0	0	0	0	0	0	0	0	0	0	10	0	0	0	0	0	0	0	0	0	0	0	0	0	4	0	34	0	0	0	1	0	0	0	0	0	0	0	0	0	0	0	0	0	0	0	0	0	0	0	0	0
ASV675	0	0	0	0	0	0	0	0	0	0	0	0	0	0	5	0	1	0	0	0	0	0	0	0	0	0	0	0	0	0	0	0	0	0	7	0	0	0	0	0	0	1	0	0	0	0	0	0	0	0	0	3	1	9	0	1	0	21	0
ASV690	0	0	0	0	0	0	0	0	0	0	0	0	11	0	0	0	0	1	0	0	36	0	0	0	0	0	0	0	0	0	0	0	0	0	0	0	0	0	0	0	0	0	0	0	0	0	0	0	0	1	0	0	0	0	0	0	0	0	0
ASV694	0	0	0	0	0	0	0	0	0	0	0	0	0	0	0	0	0	3	0	0	0	0	0	0	14	1	0	0	0	0	0	0	0	0	8	0	0	0	0	0	0	0	5	16	0	0	0	0	0	1	0	1	0	0	0	0	0	0	0
ASV807	0	0	0	0	0	0	0	0	0	0	0	0	0	0	0	0	0	0	0	0	0	0	0	0	15	0	0	0	0	0	0	0	0	0	0	0	0	0	0	0	0	0	0	0	0	0	0	0	2	0	0	2	6	0	0	0	0	24	0
ASV1032	0	0	0	0	0	0	0	0	0	0	0	0	0	10	0	0	5	0	2	0	0	0	0	0	0	0	0	0	0	0	0	0	0	0	1	0	0	1	1	3	1	2	0	0	0	0	0	0	2	0	3	1	4	9	0	3	0	0	0
ASV1033	0	0	0	0	0	0	0	0	0	0	0	0	0	0	0	0	0	48	0	0	0	0	0	0	0	0	0	0	0	0	0	0	0	0	0	0	0	0	0	0	0	0	0	0	0	0	0	0	0	0	0	0	0	0	0	0	0	0	0
ASV1263	0	0	0	0	0	0	0	0	0	0	0	0	0	0	1	0	0	16	0	0	27	0	0	0	0	0	0	0	0	0	1	0	0	0	0	0	0	0	0	0	0	0	0	0	0	0	0	0	0	0	0	0	0	1	0	0	0	0	2
ASV1646	0	0	0	0	0	0	0	0	0	0	0	0	0	0	4	0	0	14	0	0	0	0	0	0	0	0	0	0	12	0	0	0	0	0	0	0	0	0	0	0	6	0	7	0	0	0	0	0	0	0	1	0	3	1	0	0	0	0	0
ASV647	0	0	0	0	0	0	0	0	0	0	0	0	0	1	0	1	0	0	0	0	3	0	0	0	8	0	24	0	0	0	0	0	0	0	0	0	0	0	2	5	2	0	1	0	0	0	0	0	0	1	0	0	0	0	0	0	0	0	0
ASV678	0	0	0	0	0	0	0	0	0	0	0	0	2	15	0	0	0	0	0	0	0	0	0	0	0	0	0	0	0	0	0	0	0	0	0	10	0	0	8	11	2	0	0	0	0	0	0	0	0	0	0	0	0	0	0	0	0	0	0
ASV683	0	0	0	0	0	0	0	0	0	0	0	0	0	0	0	0	0	12	0	0	0	0	0	0	0	0	0	0	0	0	0	0	0	0	0	13	0	0	0	0	0	0	3	0	20	0	0	0	0	0	0	0	0	0	0	0	0	0	0
ASV716	0	0	0	0	0	0	0	0	0	0	0	0	0	0	0	0	0	0	0	0	0	0	0	0	0	0	0	0	0	0	0	0	0	0	0	0	0	0	0	0	0	0	0	0	48	0	0	0	0	0	0	0	0	0	0	0	0	0	0
ASV895	0	0	0	0	0	0	0	0	0	0	0	0	0	0	0	4	0	26	0	0	0	0	0	0	0	0	0	0	0	0	0	0	0	0	0	0	0	0	0	0	0	0	4	0	0	0	0	0	0	0	0	1	0	0	0	0	0	0	13
ASV1162	0	0	0	0	0	0	0	0	0	0	0	0	0	0	2	0	0	0	2	8	28	0	0	0	0	0	0	0	0	0	0	0	0	0	0	0	0	0	0	0	0	1	0	4	0	0	0	0	1	0	0	1	0	0	0	0	0	0	0
ASV651	0	0	0	0	0	0	0	0	0	0	0	0	0	0	0	0	0	4	0	0	0	0	0	0	0	4	0	0	0	24	14	0	0	0	0	0	0	0	0	0	0	0	0	0	0	0	0	0	0	0	0	0	0	0	0	0	0	0	1
ASV652	0	0	0	0	0	0	0	0	0	0	0	0	3	13	10	0	0	0	0	0	0	0	0	0	4	0	0	0	0	0	0	0	0	0	3	0	0	0	6	0	0	0	8	0	0	0	0	0	0	0	0	0	0	0	0	0	0	0	0
ASV935	0	0	0	0	0	0	0	0	0	0	0	0	0	9	0	0	5	0	0	0	5	0	0	0	5	0	0	0	0	0	0	0	0	0	3	0	0	0	6	4	0	1	3	6	0	0	0	0	0	0	0	0	0	0	0	0	0	0	0
ASV646	0	0	0	0	0	0	0	0	0	0	0	0	0	0	0	1	0	1	0	0	0	0	0	0	0	0	0	0	0	0	0	0	0	0	0	0	0	0	0	0	0	0	0	0	0	44	0	0	0	0	0	0	0	0	0	0	0	0	0
ASV655	0	0	0	0	0	0	0	0	0	0	0	0	6	0	0	0	0	0	0	0	0	0	0	0	0	0	0	0	0	0	0	0	0	0	0	0	0	0	0	0	0	0	0	0	0	0	0	0	7	2	0	9	7	0	0	0	0	15	0
ASV696	0	0	0	0	0	0	0	0	0	0	0	0	0	0	0	0	1	0	0	0	0	0	0	42	0	0	0	0	0	0	0	0	0	0	0	1	0	0	0	0	0	0	0	0	0	0	0	0	0	0	0	0	0	0	0	2	0	0	0
ASV712	0	0	0	0	0	0	0	0	0	0	0	0	0	0	0	0	0	0	0	0	0	0	0	0	0	0	0	0	0	0	0	0	0	0	0	42	0	0	0	0	0	0	0	0	0	0	0	0	0	0	0	0	0	0	0	0	0	0	4
ASV727	0	0	0	0	0	0	0	0	0	0	0	0	0	0	0	5	0	5	0	0	0	0	0	0	0	0	0	0	0	0	0	0	0	0	0	29	0	0	0	0	0	0	0	0	0	0	0	0	0	0	0	0	0	0	0	0	0	7	0
ASV747	0	0	0	0	0	0	0	0	0	0	0	0	0	5	0	9	0	1	0	0	0	3	0	0	0	15	0	0	0	0	0	0	0	0	0	0	0	0	0	0	2	0	0	11	0	0	0	0	0	0	0	0	0	0	0	0	0	0	0
ASV953	0	0	0	0	0	0	0	0	0	0	0	0	0	0	0	0	0	0	0	0	0	0	0	0	0	0	0	0	0	0	0	0	0	0	2	0	0	0	27	0	2	1	0	0	0	0	0	0	2	3	0	4	1	0	0	0	0	4	0
ASV961	0	0	0	0	0	0	0	0	0	0	0	0	0	0	0	0	6	22	0	0	0	0	0	0	0	0	1	0	0	0	0	0	0	0	0	0	0	0	0	0	11	0	0	0	0	0	0	0	0	0	5	0	0	0	0	0	0	0	1
ASV973	0	0	0	0	0	0	0	0	0	0	0	0	0	0	0	0	1	0	0	0	7	0	0	0	0	0	0	0	0	0	28	0	0	0	1	0	0	0	0	0	0	0	0	9	0	0	0	0	0	0	0	0	0	0	0	0	0	0	0
ASV1045	0	0	0	0	0	0	0	0	0	0	0	0	0	0	0	0	0	18	0	0	0	5	0	6	0	0	2	0	2	0	0	0	0	11	0	0	0	0	0	0	0	0	1	0	0	0	0	0	0	0	0	0	0	0	0	0	0	0	0
ASV1269	0	0	0	0	0	0	0	0	0	0	0	0	2	0	0	1	0	20	0	0	0	2	0	1	1	2	0	0	2	1	0	0	0	2	0	0	0	0	4	0	1	2	2	0	0	0	0	0	0	0	0	0	0	1	0	0	0	0	1
ASV1610	0	0	0	0	0	0	0	0	0	0	0	0	0	0	0	0	0	26	0	3	0	0	0	0	0	0	0	5	0	0	0	0	0	7	0	0	0	0	0	0	0	1	0	0	0	0	0	0	0	0	0	1	0	0	0	0	0	0	2
ASV697	0	0	0	0	0	0	0	0	0	0	0	0	0	0	0	0	0	45	0	0	0	0	0	0	0	0	0	0	0	0	0	0	0	0	0	0	0	0	0	0	0	0	0	0	0	0	0	0	0	0	0	0	0	0	0	0	0	0	0
ASV704	0	0	0	0	0	0	0	0	0	0	0	0	0	0	4	1	0	6	0	0	0	0	0	0	0	0	0	0	0	0	0	0	0	0	2	0	0	0	0	0	0	0	30	0	0	0	0	0	0	0	0	0	0	0	0	0	0	2	0
ASV755	0	0	0	0	0	0	0	0	0	0	0	0	0	0	0	0	0	0	0	0	0	0	0	0	0	0	0	0	0	0	0	0	0	0	1	0	0	0	0	0	0	0	0	0	0	0	0	0	0	0	0	0	0	0	0	0	0	44	0
ASV811	0	0	0	0	0	0	0	0	0	0	0	0	0	7	0	3	0	8	0	0	0	0	0	0	0	0	11	0	0	0	0	0	0	11	3	0	0	0	0	0	0	0	0	0	0	0	0	0	0	0	0	0	0	0	0	0	0	2	0
ASV819	0	0	0	0	0	0	0	0	0	0	0	0	0	0	0	0	0	5	0	0	0	0	0	0	0	1	0	0	0	0	0	0	0	0	8	0	0	0	4	18	9	0	0	0	0	0	0	0	0	0	0	0	0	0	0	0	0	0	0
ASV848	0	0	0	0	0	0	0	0	0	0	0	0	0	0	0	0	0	0	0	0	0	0	0	0	0	0	0	0	0	0	0	45	0	0	0	0	0	0	0	0	0	0	0	0	0	0	0	0	0	0	0	0	0	0	0	0	0	0	0
ASV1234	0	0	0	0	0	0	0	0	0	0	0	0	9	0	0	0	0	22	7	0	0	0	0	0	0	0	0	0	0	0	0	0	0	0	1	2	0	0	0	0	0	0	0	0	0	0	0	0	0	0	2	0	1	0	0	0	0	0	0
ASV1277	0	0	0	0	0	0	0	0	0	0	0	0	0	0	0	0	0	0	0	0	0	0	0	0	0	0	0	0	0	0	0	0	0	0	0	0	0	0	0	0	0	0	0	0	0	0	0	0	0	0	12	0	3	29	0	0	0	0	0
ASV677	0	0	0	0	0	0	0	0	0	0	0	0	0	0	0	3	5	6	0	0	0	0	0	0	9	0	0	0	0	0	0	0	0	0	9	0	0	0	11	0	0	0	1	0	0	0	0	0	0	0	0	0	0	0	0	0	0	0	0
ASV732	0	0	0	0	0	0	0	0	0	0	0	0	0	0	0	0	0	21	0	0	0	0	0	15	0	0	8	0	0	0	0	0	0	0	0	0	0	0	0	0	0	0	0	0	0	0	0	0	0	0	0	0	0	0	0	0	0	0	0
ASV734	0	0	0	0	0	0	0	0	0	0	0	0	0	0	0	0	0	0	0	4	0	0	0	39	0	0	0	0	0	0	0	0	0	0	0	0	0	0	0	0	0	0	0	0	0	0	0	0	0	0	0	0	0	0	0	0	0	0	1
ASV792	0	0	0	0	0	0	0	0	0	0	0	0	0	7	0	0	0	16	0	0	0	0	2	0	0	0	0	0	0	0	0	0	0	0	0	17	0	0	0	0	0	1	0	0	0	0	0	0	0	0	0	0	1	0	0	0	0	0	0
ASV1890	0	0	0	0	0	0	0	0	0	0	0	0	0	0	0	0	0	8	0	0	0	0	0	13	0	0	5	0	0	0	0	0	0	6	0	0	0	0	0	8	2	0	0	0	0	0	0	0	0	0	0	0	1	0	0	0	0	0	0
ASV1983	0	0	0	0	0	0	0	0	0	0	0	0	0	0	0	0	0	29	0	0	0	0	0	0	0	0	1	0	0	0	0	0	0	0	0	0	0	0	0	0	0	0	5	0	0	0	0	0	0	0	0	0	0	3	0	0	0	0	5
ASV636	0	0	0	0	0	0	0	0	0	0	0	0	0	0	0	0	0	0	0	0	0	0	0	0	0	0	0	0	0	0	0	0	0	0	0	0	0	43	0	0	0	0	0	0	0	0	0	0	0	0	0	0	0	0	0	0	0	0	0
ASV671	0	0	0	0	0	0	0	0	0	0	0	0	0	0	0	0	0	0	0	0	0	0	0	0	0	0	0	0	0	0	0	0	0	0	0	0	0	43	0	0	0	0	0	0	0	0	0	0	0	0	0	0	0	0	0	0	0	0	0
ASV692	0	0	0	0	0	0	0	0	0	0	0	0	0	0	0	0	0	0	0	0	0	0	0	0	0	0	0	0	0	0	0	43	0	0	0	0	0	0	0	0	0	0	0	0	0	0	0	0	0	0	0	0	0	0	0	0	0	0	0
ASV700	0	0	0	0	0	0	0	0	0	0	0	0	13	2	0	0	0	0	10	5	0	0	0	0	2	0	0	0	0	0	0	0	0	0	7	0	0	0	3	0	0	0	0	0	0	0	0	0	0	0	0	0	0	0	0	0	0	1	0
ASV728	0	0	0	0	0	0	0	0	0	0	0	0	0	0	0	0	0	0	0	0	0	0	0	0	0	0	16	0	0	0	0	0	0	0	0	0	0	0	0	0	0	0	0	0	0	0	0	0	0	0	0	1	0	0	0	0	0	20	6
ASV729	0	0	0	0	0	0	0	0	0	0	0	0	0	2	0	3	0	0	0	1	0	0	0	0	0	37	0	0	0	0	0	0	0	0	0	0	0	0	0	0	0	0	0	0	0	0	0	0	0	0	0	0	0	0	0	0	0	0	0
ASV793	0	0	0	0	0	0	0	0	0	0	0	0	0	6	0	0	0	0	0	0	0	0	0	0	0	0	0	0	0	0	0	0	0	0	22	0	0	0	0	6	0	9	0	0	0	0	0	0	0	0	0	0	0	0	0	0	0	0	0
ASV827	0	0	0	0	0	0	0	0	0	0	0	0	0	0	0	0	0	15	0	0	0	0	0	0	0	0	0	0	0	0	0	0	0	0	0	0	28	0	0	0	0	0	0	0	0	0	0	0	0	0	0	0	0	0	0	0	0	0	0
ASV861	0	0	0	0	0	0	0	0	0	0	0	0	0	10	0	23	0	0	0	0	0	0	0	1	0	0	0	0	0	0	0	0	0	0	1	0	0	0	8	0	0	0	0	0	0	0	0	0	0	0	0	0	0	0	0	0	0	0	0
ASV1078	0	0	0	0	0	0	0	0	0	0	0	0	0	0	0	0	0	19	0	4	0	0	0	0	0	0	5	0	0	0	0	0	0	0	4	0	0	8	0	0	0	0	0	0	0	0	0	0	0	0	0	0	2	0	0	0	0	0	0
ASV1439	0	0	0	0	0	0	0	0	0	0	0	0	0	0	0	0	0	6	0	0	0	16	0	0	10	0	6	0	0	0	0	0	0	0	0	0	0	0	0	4	0	0	0	0	0	0	0	0	0	0	0	0	0	0	0	0	0	0	0
ASV2108	0	0	0	0	0	0	0	0	0	0	0	0	0	0	0	0	0	0	0	0	0	0	0	0	0	0	0	0	0	0	0	0	0	0	0	0	0	0	0	0	0	0	0	0	0	21	0	0	0	0	0	18	3	0	0	0	0	0	0
ASV698	0	0	0	0	0	0	0	0	0	0	0	0	17	0	0	0	0	0	1	0	0	0	0	0	0	0	0	0	0	0	0	0	0	0	0	0	0	0	11	0	0	0	0	0	0	0	0	0	0	0	0	0	0	0	0	0	0	13	0
ASV741	0	0	0	0	0	0	0	0	0	0	0	0	0	6	0	13	0	3	0	0	0	0	0	0	0	0	0	0	0	0	0	0	0	0	2	0	0	0	11	4	0	0	0	3	0	0	0	0	0	0	0	0	0	0	0	0	0	0	0
ASV745	0	0	0	0	0	0	0	0	0	0	0	0	7	1	6	0	3	0	0	0	0	0	0	0	0	0	12	0	0	0	0	0	0	0	0	0	0	0	0	0	0	4	0	0	0	0	0	0	0	0	0	0	0	0	0	0	0	8	1
ASV774	0	0	0	0	0	0	0	0	0	0	0	0	0	0	0	0	0	2	0	0	0	0	0	0	0	0	0	0	0	0	0	0	0	0	0	0	0	40	0	0	0	0	0	0	0	0	0	0	0	0	0	0	0	0	0	0	0	0	0
ASV824	0	0	0	0	0	0	0	0	0	0	0	0	0	6	0	15	0	4	0	0	17	0	0	0	0	0	0	0	0	0	0	0	0	0	0	0	0	0	0	0	0	0	0	0	0	0	0	0	0	0	0	0	0	0	0	0	0	0	0
ASV838	0	0	0	0	0	0	0	0	0	0	0	0	0	0	0	0	0	0	0	0	0	0	0	0	0	0	0	0	0	0	0	0	0	0	0	0	42	0	0	0	0	0	0	0	0	0	0	0	0	0	0	0	0	0	0	0	0	0	0
ASV921	0	0	0	0	0	0	0	0	0	0	0	0	4	4	0	0	2	0	5	0	8	0	0	0	2	0	0	0	0	0	0	0	0	0	0	0	0	0	9	0	0	0	0	8	0	0	0	0	0	0	0	0	0	0	0	0	0	0	0
ASV1127	0	0	0	0	0	0	0	0	0	0	0	0	0	0	0	0	0	38	0	0	0	0	0	0	0	0	0	0	0	0	0	0	0	0	3	0	0	0	0	0	0	0	0	0	0	0	0	0	0	0	0	0	0	0	0	0	0	0	0
ASV1223	0	0	0	0	0	0	0	0	0	0	0	0	0	0	0	0	1	2	0	1	0	0	0	1	0	0	1	0	0	0	27	0	0	0	0	1	0	0	1	0	0	2	1	0	0	0	0	0	0	0	0	1	1	0	0	0	0	1	0
ASV1321	0	0	0	0	0	0	0	0	0	0	0	0	12	1	0	0	0	0	0	0	21	0	0	0	0	0	0	0	0	0	0	0	0	0	4	0	0	0	0	0	2	1	0	0	0	0	0	0	0	0	0	0	0	0	0	0	0	0	0
ASV1354	0	0	0	0	0	0	0	0	0	0	0	0	0	0	0	0	0	0	0	0	0	4	0	0	0	0	0	0	0	0	0	0	0	0	0	0	0	0	0	0	0	0	0	0	0	0	0	0	0	0	1	0	0	0	0	0	0	34	2
ASV674	0	0	0	0	0	0	0	0	0	0	0	0	0	1	0	0	0	0	0	0	0	0	0	0	0	0	0	0	0	0	0	0	0	0	0	0	0	0	0	0	0	0	0	40	0	0	0	0	0	0	0	0	0	0	0	0	0	0	0
ASV685	0	0	0	0	0	0	0	0	0	0	0	0	0	0	0	0	0	0	0	0	0	0	0	0	0	0	0	0	0	0	11	0	0	0	0	0	0	0	0	0	0	0	0	0	0	30	0	0	0	0	0	0	0	0	0	0	0	0	0
ASV780	0	0	0	0	0	0	0	0	0	0	0	0	0	8	0	6	0	0	0	0	10	0	0	0	4	0	0	0	0	0	0	0	0	0	0	0	11	0	0	0	0	0	0	1	0	0	0	0	0	0	0	0	0	0	0	0	0	0	1
ASV1070	0	0	0	0	0	0	0	0	0	0	0	0	5	0	0	10	0	0	3	0	0	0	0	0	0	0	0	0	0	0	0	0	0	0	1	0	0	0	0	0	1	0	0	0	0	0	0	0	1	0	0	6	13	0	0	0	0	0	0
ASV1207	0	0	0	0	0	0	0	0	0	0	0	0	0	5	0	0	4	0	1	3	13	3	0	0	0	7	3	0	0	0	0	0	0	0	1	0	0	0	0	0	0	0	0	0	0	0	0	0	0	0	0	0	0	0	0	0	0	0	0
ASV1435	0	0	0	0	0	0	0	0	0	0	0	0	0	0	0	0	0	0	0	0	0	0	0	0	0	0	0	0	0	0	0	0	0	0	0	0	0	0	0	0	0	0	0	0	0	0	0	0	0	0	40	0	0	0	0	0	0	0	0
ASV1936	0	0	0	0	0	0	0	0	0	0	0	0	0	2	7	3	1	2	0	0	0	1	0	2	3	2	1	0	0	0	0	0	0	0	1	0	1	0	2	0	0	0	0	1	0	0	0	0	0	0	0	2	1	0	0	0	0	0	8
ASV730	0	0	0	0	0	0	0	0	0	0	0	0	0	0	0	0	0	0	0	0	0	0	0	0	0	0	0	0	0	0	0	24	0	0	0	0	0	0	0	0	0	0	0	0	0	13	0	0	0	0	2	0	1	0	0	0	0	0	0
ASV740	0	0	0	0	0	0	0	0	0	0	0	0	12	0	0	0	0	0	0	0	0	0	1	0	0	0	4	0	0	0	0	0	0	0	0	0	0	0	2	2	0	0	0	0	19	0	0	0	0	0	0	0	0	0	0	0	0	0	0
ASV854	0	0	0	0	0	0	0	0	0	0	0	0	0	0	0	0	0	4	0	0	0	0	0	0	0	1	0	0	0	0	0	0	6	0	0	0	0	0	0	0	0	0	0	0	0	29	0	0	0	0	0	0	0	0	0	0	0	0	0
ASV862	0	0	0	0	0	0	0	0	0	0	0	0	0	0	0	0	0	0	2	1	19	0	0	0	0	0	0	0	4	0	1	0	0	5	0	8	0	0	0	0	0	0	0	0	0	0	0	0	0	0	0	0	0	0	0	0	0	0	0
ASV865	0	0	0	0	0	0	0	0	0	0	0	0	8	0	0	0	0	0	0	0	0	0	0	0	0	0	0	0	0	0	0	0	0	0	0	0	0	0	0	0	0	0	0	31	0	0	0	0	0	0	0	0	0	0	0	0	0	1	0
ASV1002	0	0	0	0	0	0	0	0	0	0	0	0	0	0	0	0	0	0	8	0	0	0	0	0	0	0	0	0	0	0	0	0	0	0	0	0	0	0	0	0	0	0	0	0	31	0	0	0	0	0	0	0	0	0	0	0	0	0	0
ASV1042	0	0	0	0	0	0	0	0	0	0	0	0	0	0	0	1	0	1	0	0	0	0	0	0	0	0	0	0	0	0	0	0	0	0	0	0	0	0	0	0	0	0	0	0	0	0	0	0	0	0	0	0	37	0	0	0	0	0	0
ASV1050	0	0	0	0	0	0	0	0	0	0	0	0	0	0	0	0	0	0	0	0	0	0	0	12	0	0	0	0	0	0	0	0	0	0	0	0	0	0	0	0	0	0	0	0	27	0	0	0	0	0	0	0	0	0	0	0	0	0	0
ASV1096	0	0	0	0	0	0	0	0	0	0	0	0	0	6	0	0	0	0	4	0	0	0	0	0	0	0	0	0	0	0	0	0	0	0	0	0	0	0	0	29	0	0	0	0	0	0	0	0	0	0	0	0	0	0	0	0	0	0	0
ASV1693	0	0	0	0	0	0	0	0	0	0	0	0	0	1	1	2	0	0	3	0	2	1	0	0	3	0	0	1	0	2	0	0	1	1	1	1	1	0	4	1	4	3	1	1	0	0	0	0	0	0	2	1	1	0	0	0	0	0	0
ASV1724	0	0	0	0	0	0	0	0	0	0	0	0	0	0	0	0	0	10	0	0	19	0	0	0	0	0	0	0	0	0	0	0	0	0	0	0	0	0	4	0	0	0	0	0	0	0	0	0	0	0	0	0	0	0	0	0	0	0	6
ASV1943	0	0	0	0	0	0	0	0	0	0	0	0	0	0	0	0	0	14	0	0	0	0	0	0	0	0	9	0	0	15	0	0	0	0	0	0	0	0	0	0	0	0	0	0	0	0	0	0	0	0	0	0	0	0	0	0	0	1	0
ASV726	0	0	0	0	0	0	0	0	0	0	0	0	0	0	0	0	0	1	0	0	0	0	0	0	0	0	0	0	0	38	0	0	0	0	0	0	0	0	0	0	0	0	0	0	0	0	0	0	0	0	0	0	0	0	0	0	0	0	0
ASV773	0	0	0	0	0	0	0	0	0	0	0	0	0	0	0	0	0	2	6	0	30	0	0	0	0	0	0	0	0	0	0	0	0	0	0	0	0	0	0	1	0	0	0	0	0	0	0	0	0	0	0	0	0	0	0	0	0	0	0
ASV978	0	0	0	0	0	0	0	0	0	0	0	0	0	0	0	0	0	19	0	0	0	0	0	0	0	0	0	0	0	0	0	0	0	0	0	0	20	0	0	0	0	0	0	0	0	0	0	0	0	0	0	0	0	0	0	0	0	0	0
ASV1154	0	0	0	0	0	0	0	0	0	0	0	0	1	0	0	0	0	10	6	0	0	0	0	0	0	0	0	1	10	0	0	0	0	0	0	0	7	0	0	0	0	0	3	0	0	0	0	0	0	0	0	0	0	0	0	0	0	0	0
ASV713	0	0	0	0	0	0	0	0	0	0	0	0	0	0	0	0	0	0	0	0	0	0	0	0	0	0	0	0	0	0	0	0	0	0	0	0	0	0	0	0	0	0	0	0	38	0	0	0	0	0	0	0	0	0	0	0	0	0	0
ASV719	0	0	0	0	0	0	0	0	0	0	0	0	2	3	0	0	0	1	0	0	0	0	0	0	1	0	1	0	0	0	0	1	0	0	1	0	0	0	6	2	7	5	8	0	0	0	0	0	0	0	0	0	0	0	0	0	0	0	0
ASV721	0	0	0	0	0	0	0	0	0	0	0	0	0	0	0	0	0	0	0	0	0	0	0	0	0	0	0	0	0	0	0	0	0	0	0	0	0	0	0	0	8	0	0	0	0	30	0	0	0	0	0	0	0	0	0	0	0	0	0
ASV769	0	0	0	0	0	0	0	0	0	0	0	0	0	0	0	0	0	0	0	0	0	0	0	0	0	0	0	0	0	0	0	0	0	38	0	0	0	0	0	0	0	0	0	0	0	0	0	0	0	0	0	0	0	0	0	0	0	0	0
ASV812	0	0	0	0	0	0	0	0	0	0	0	0	0	0	0	0	0	0	0	0	0	0	0	0	0	0	0	0	0	0	0	35	0	0	3	0	0	0	0	0	0	0	0	0	0	0	0	0	0	0	0	0	0	0	0	0	0	0	0
ASV826	0	0	0	0	0	0	0	0	0	0	0	0	0	0	0	0	0	2	0	0	0	0	0	0	4	0	0	0	0	0	0	0	0	29	0	0	0	0	0	0	0	0	0	0	0	0	0	0	0	0	0	0	3	0	0	0	0	0	0
ASV834	0	0	0	0	0	0	0	0	0	0	0	0	0	0	0	0	0	0	0	0	0	21	0	0	0	0	0	0	0	0	0	0	0	0	0	0	0	0	9	0	0	0	0	0	0	0	0	0	0	0	0	2	0	0	0	0	0	0	6
ASV1001	0	0	0	0	0	0	0	0	0	0	0	0	0	0	0	0	0	0	0	0	0	0	0	0	0	0	0	1	0	0	0	0	0	0	0	0	0	0	0	0	0	0	0	0	0	0	0	0	1	2	29	0	1	0	0	0	0	3	0
ASV1031	0	0	0	0	0	0	0	0	0	0	0	0	0	0	0	0	0	0	0	0	0	5	0	0	0	0	0	0	0	0	0	0	0	0	0	0	0	0	0	0	0	0	0	13	0	0	0	0	2	8	0	4	4	0	0	1	0	0	0
ASV1052	0	0	0	0	0	0	0	0	0	0	0	0	0	1	0	0	0	0	0	0	0	0	0	0	0	0	0	0	0	0	0	0	0	0	0	0	0	0	0	0	0	1	1	0	0	0	0	0	0	0	0	2	9	0	0	0	0	6	17
ASV1081	0	0	0	0	0	0	0	0	0	0	0	0	0	4	0	0	0	20	0	0	0	0	3	0	0	0	0	0	0	0	0	0	0	0	0	0	0	0	0	2	6	0	0	0	0	0	0	0	0	0	0	0	2	0	0	0	0	0	0
ASV1194	0	0	0	0	0	0	0	0	0	0	0	0	0	0	0	0	0	33	0	0	0	0	0	0	0	0	0	0	0	0	0	0	0	0	0	0	0	0	0	0	0	0	0	4	0	0	0	0	0	0	0	0	0	0	0	0	0	0	0
ASV1201	0	0	0	0	0	0	0	0	0	0	0	0	0	0	0	0	0	24	0	0	0	0	0	0	0	0	0	0	0	0	0	0	0	2	0	0	6	0	0	0	0	0	5	0	0	0	0	0	0	0	0	0	0	0	0	0	0	0	0
ASV1275	0	0	0	0	0	0	0	1	0	0	0	0	0	1	0	0	0	6	3	0	0	0	0	0	0	12	0	0	0	0	0	0	3	0	0	0	0	0	4	0	0	5	0	0	0	0	0	0	1	0	0	0	0	1	0	0	0	0	0
ASV1512	0	0	0	0	0	0	0	0	0	0	0	0	0	0	0	0	0	0	0	0	0	0	0	0	0	0	0	0	0	0	0	0	0	0	0	0	0	0	0	0	0	0	0	6	0	0	0	0	0	0	0	0	0	0	0	0	0	31	0
ASV754	0	0	0	0	0	0	0	0	0	0	0	0	0	0	0	0	18	0	0	0	0	0	0	0	0	0	0	0	0	0	19	0	0	0	0	0	0	0	0	0	0	0	0	0	0	0	0	0	0	0	0	0	0	0	0	0	0	0	0
ASV756	0	0	0	0	0	0	0	0	0	0	0	0	0	0	0	0	37	0	0	0	0	0	0	0	0	0	0	0	0	0	0	0	0	0	0	0	0	0	0	0	0	0	0	0	0	0	0	0	0	0	0	0	0	0	0	0	0	0	0
ASV783	0	0	0	0	0	0	0	0	0	0	0	0	0	0	6	0	5	3	0	0	0	0	0	0	0	0	0	0	0	0	0	0	0	0	3	0	0	0	0	0	0	11	0	9	0	0	0	0	0	0	0	0	0	0	0	0	0	0	0
ASV790	0	0	0	0	0	0	0	0	0	0	0	0	7	0	0	3	0	0	0	0	0	2	0	0	0	0	0	0	0	0	0	0	0	0	2	0	2	0	10	2	0	5	4	0	0	0	0	0	0	0	0	0	0	0	0	0	0	0	0
ASV836	0	0	0	0	0	0	0	0	0	0	0	0	22	0	0	8	0	1	5	0	0	0	0	0	0	0	1	0	0	0	0	0	0	0	0	0	0	0	0	0	0	0	0	0	0	0	0	0	0	0	0	0	0	0	0	0	0	0	0
ASV880	0	0	0	0	0	0	0	0	0	0	0	0	0	0	0	0	37	0	0	0	0	0	0	0	0	0	0	0	0	0	0	0	0	0	0	0	0	0	0	0	0	0	0	0	0	0	0	0	0	0	0	0	0	0	0	0	0	0	0
ASV882	0	0	0	0	0	0	0	0	0	0	0	0	0	4	1	0	0	0	0	0	18	0	0	0	0	0	0	0	0	0	0	0	0	0	0	0	0	0	0	3	10	0	0	0	0	0	0	0	0	0	0	0	0	0	0	1	0	0	0
ASV990	0	0	0	0	0	0	0	0	0	0	0	0	0	4	0	8	0	0	0	0	17	0	0	0	2	0	0	0	0	0	0	0	0	0	3	0	0	0	0	0	1	0	0	2	0	0	0	0	0	0	0	0	0	0	0	0	0	0	0
ASV1147	0	0	0	0	0	0	0	0	0	0	0	0	0	0	0	0	0	5	0	0	0	0	0	0	2	16	2	0	0	0	0	0	0	0	0	0	0	0	1	0	5	0	4	0	0	0	0	0	0	0	0	0	0	0	0	0	0	0	1
ASV1413	0	0	0	0	0	0	0	0	0	0	0	0	0	0	0	0	0	12	0	0	0	0	0	0	0	0	1	0	1	0	0	0	2	0	3	0	0	1	2	0	0	0	3	0	0	1	0	0	0	0	3	0	0	6	0	0	0	0	1
ASV1591	0	0	0	0	0	0	0	0	0	0	0	0	2	2	0	6	2	4	4	0	0	4	0	4	2	0	2	0	0	0	0	0	0	0	1	0	0	0	2	0	0	0	1	0	0	0	0	0	0	0	0	0	0	0	0	0	0	0	0
ASV796	0	0	0	0	0	0	0	0	0	0	0	0	16	0	0	0	0	0	0	0	0	0	0	8	1	0	0	0	0	0	0	0	0	0	0	0	0	0	0	0	11	0	0	0	0	0	0	0	0	0	0	0	0	0	0	0	0	0	0
ASV797	0	0	0	0	0	0	0	0	0	0	0	0	1	0	0	0	0	0	0	0	0	0	0	0	0	0	0	0	0	0	0	0	0	0	11	0	0	0	14	0	0	0	0	10	0	0	0	0	0	0	0	0	0	0	0	0	0	0	0
ASV814	0	0	0	0	0	0	0	0	0	0	0	0	0	0	0	0	0	0	0	0	0	0	0	0	0	0	0	0	0	0	0	0	0	0	0	0	0	33	0	0	0	0	0	0	0	0	0	0	0	0	3	0	0	0	0	0	0	0	0
ASV828	0	0	0	0	0	0	0	0	0	0	0	0	0	0	0	0	4	0	0	9	0	0	0	0	0	0	0	0	0	0	0	0	0	0	19	0	0	0	0	0	0	0	0	0	0	0	0	0	0	0	0	0	0	0	0	0	0	4	0
ASV857	0	0	0	0	0	0	0	0	0	0	0	0	0	0	0	0	0	0	0	0	0	0	0	0	0	0	0	0	0	0	0	0	0	0	0	0	0	0	0	0	0	0	29	0	0	0	0	0	0	0	0	0	0	0	0	0	0	7	0
ASV902	0	0	0	0	0	0	0	0	0	0	0	0	0	0	0	0	0	0	0	0	0	0	0	0	0	0	0	0	0	0	0	0	0	0	0	0	0	0	0	0	0	0	0	0	0	0	0	0	2	1	28	1	4	0	0	0	0	0	0
ASV959	0	0	0	0	0	0	0	0	0	0	0	0	0	0	0	7	0	0	0	0	23	0	0	0	0	0	0	0	0	0	0	0	0	0	0	0	0	0	6	0	0	0	0	0	0	0	0	0	0	0	0	0	0	0	0	0	0	0	0
ASV1027	0	0	0	0	0	0	0	0	0	0	0	0	7	0	0	3	1	0	4	0	0	1	0	0	0	0	0	0	0	0	0	0	0	0	3	0	0	0	0	0	0	0	12	4	0	0	0	0	0	0	0	0	0	0	0	0	0	0	0
ASV1349	0	0	0	0	0	0	0	0	0	0	0	0	0	0	0	0	0	22	0	0	0	0	0	0	0	0	0	0	0	0	0	0	0	0	0	0	0	0	0	0	0	11	0	0	0	0	0	0	0	0	0	0	2	0	0	0	0	0	0
ASV1509	0	0	0	0	0	0	0	0	0	0	0	0	0	0	0	0	10	0	4	0	0	0	0	0	7	0	0	0	0	0	0	0	0	0	2	0	0	0	0	11	0	1	0	0	0	0	0	0	0	0	0	0	0	0	0	0	0	0	0
ASV782	0	0	0	0	0	0	0	0	0	0	0	0	0	0	0	0	0	9	0	0	0	0	0	0	0	0	0	0	0	0	0	0	0	25	0	0	0	0	0	0	0	0	0	0	0	0	0	0	0	0	0	0	0	0	0	0	0	0	1
ASV801	0	0	0	0	0	0	0	0	0	0	0	0	0	0	0	0	0	0	0	0	0	0	0	0	0	0	0	0	0	0	27	0	0	0	0	0	0	0	0	0	0	0	0	8	0	0	0	0	0	0	0	0	0	0	0	0	0	0	0
ASV815	0	0	0	0	0	0	0	0	0	0	0	0	0	0	0	0	0	0	0	0	0	9	0	0	0	0	0	0	0	0	0	0	0	0	0	0	0	0	0	6	0	0	0	0	20	0	0	0	0	0	0	0	0	0	0	0	0	0	0
ASV879	0	0	0	0	0	0	0	0	0	0	0	0	0	0	0	0	0	0	34	0	0	1	0	0	0	0	0	0	0	0	0	0	0	0	0	0	0	0	0	0	0	0	0	0	0	0	0	0	0	0	0	0	0	0	0	0	0	0	0
ASV911	0	0	0	0	0	0	0	0	0	0	0	0	18	0	0	0	0	0	0	0	0	0	0	0	0	0	3	0	0	0	0	0	0	0	0	0	0	0	8	6	0	0	0	0	0	0	0	0	0	0	0	0	0	0	0	0	0	0	0
ASV920	0	0	0	0	0	0	0	0	0	0	0	0	0	2	2	2	4	0	0	0	0	0	0	0	0	0	0	0	0	0	0	0	0	0	2	0	0	0	0	12	0	0	6	0	0	0	0	0	0	0	0	5	0	0	0	0	0	0	0
ASV946	0	0	0	0	0	0	0	0	0	0	0	0	0	0	0	0	0	0	7	0	0	0	0	0	0	0	0	0	0	0	0	0	0	0	0	0	0	1	0	0	0	0	0	0	0	0	0	0	1	1	0	9	0	0	0	0	0	12	4
ASV1012	0	0	0	0	0	0	0	0	0	0	0	0	0	0	0	0	0	0	0	0	0	0	0	0	0	0	0	0	0	0	0	0	0	0	0	0	0	0	0	0	0	0	0	0	34	0	0	0	0	0	0	0	0	0	0	0	0	0	0
ASV1022	0	0	0	0	0	0	0	0	0	0	0	0	1	0	0	9	0	5	0	0	0	0	0	0	0	0	0	0	0	0	0	0	0	0	0	0	0	0	0	5	0	2	6	0	0	0	0	0	0	0	0	2	0	0	0	0	0	0	4
ASV1128	0	0	0	0	0	0	0	0	0	0	0	0	0	2	0	0	0	0	0	0	0	0	0	0	8	0	0	0	0	0	0	0	0	0	0	0	9	0	0	12	0	0	0	0	0	0	0	0	0	0	0	0	1	0	0	0	0	2	0
ASV1252	0	0	0	0	0	0	0	0	0	0	0	0	0	0	0	0	0	34	0	0	0	0	0	0	0	0	0	0	0	0	0	0	0	0	0	0	0	0	0	0	0	0	0	0	0	0	0	0	0	0	0	0	0	0	0	0	0	0	0
ASV1281	0	0	0	0	1	0	0	0	0	0	0	0	0	0	0	0	0	1	0	0	0	0	0	0	0	0	0	0	0	0	0	0	0	0	0	0	31	0	0	0	0	0	0	0	0	0	0	0	0	0	0	0	1	0	0	0	0	0	0
ASV1404	0	0	0	0	0	0	0	0	0	0	0	0	0	2	0	2	0	0	0	0	0	0	0	0	7	0	18	0	0	0	0	0	0	0	0	0	5	0	0	0	0	0	0	0	0	0	0	0	0	0	0	0	0	0	0	0	0	0	0
ASV799	0	0	0	0	0	0	0	0	0	0	0	0	0	0	0	0	0	0	0	0	0	0	0	14	0	0	0	0	0	0	0	0	0	0	0	0	0	0	0	0	13	0	0	0	0	0	0	0	0	0	0	0	0	0	0	0	0	7	0
ASV809	0	0	0	0	0	0	0	0	0	0	0	0	0	0	0	0	0	0	0	24	0	0	0	0	0	0	0	0	0	0	0	0	0	0	0	0	0	0	0	0	9	0	0	0	0	0	0	0	0	0	0	0	0	0	0	0	0	1	0
ASV874	0	0	0	0	0	0	0	0	0	0	0	0	0	0	0	0	0	0	0	0	0	0	0	0	0	0	0	0	0	0	0	0	0	0	0	0	28	0	0	6	0	0	0	0	0	0	0	0	0	0	0	0	0	0	0	0	0	0	0
ASV969	0	0	0	0	0	0	0	0	0	0	0	0	0	0	0	0	0	0	0	0	0	0	0	0	0	0	0	0	0	0	0	0	0	0	0	0	0	0	16	0	0	11	0	0	0	0	0	0	0	0	0	0	7	0	0	0	0	0	0
ASV1090	0	0	0	0	0	0	0	0	0	0	0	0	0	0	0	0	0	0	0	0	0	0	0	2	0	0	0	0	0	27	0	0	0	0	0	0	0	0	0	0	0	0	0	0	0	0	0	0	0	0	1	0	0	0	0	0	0	0	3
ASV1095	0	0	0	0	0	0	0	0	0	0	0	0	6	4	0	1	0	0	0	0	0	0	0	0	0	0	0	0	5	0	0	0	0	0	3	0	0	0	2	0	0	1	0	2	0	0	0	0	0	0	0	2	6	0	0	1	0	0	0
ASV1101	0	0	0	0	0	0	0	0	0	0	0	0	0	0	0	0	0	0	0	1	0	2	0	11	2	0	2	0	0	0	0	0	0	0	3	0	0	0	0	4	2	1	5	0	0	0	0	0	0	0	0	0	0	0	0	0	0	0	0
ASV1720	0	0	0	0	0	0	0	0	0	0	0	0	0	0	0	0	0	11	0	0	0	0	0	0	0	0	2	0	0	0	0	0	0	0	0	0	0	0	0	0	2	0	0	0	13	1	0	0	0	0	4	0	0	0	0	0	0	0	0
ASV1779	0	0	0	0	0	0	0	1	0	0	0	0	0	3	0	0	0	17	6	0	0	0	0	0	0	0	5	0	0	0	0	0	0	0	0	0	0	0	0	0	0	0	0	0	0	0	0	0	0	0	1	0	0	0	0	0	0	0	0
ASV1924	0	0	0	0	0	0	0	0	0	0	0	0	0	0	0	0	0	16	0	0	0	0	0	0	0	0	0	0	0	0	0	0	0	0	0	0	0	0	0	0	0	0	0	0	0	16	0	0	0	0	0	0	0	0	0	0	0	0	1
ASV2018	0	0	0	0	0	0	0	0	0	0	0	0	0	0	1	0	0	0	0	0	0	0	0	0	0	0	2	0	0	0	0	0	0	0	0	0	0	0	0	0	0	0	0	0	0	0	0	0	2	0	0	0	0	0	0	28	0	0	0
ASV2063	0	0	0	0	0	0	0	0	0	0	0	0	0	5	0	10	8	1	0	0	0	0	0	0	4	0	0	0	0	0	0	0	0	0	3	0	0	0	0	0	0	2	0	0	0	0	0	0	0	0	0	0	0	0	0	0	0	0	0
ASV2101	0	0	0	0	0	0	0	0	0	0	0	0	6	0	0	0	0	0	0	0	0	0	0	0	0	0	0	0	0	1	1	4	0	0	0	0	0	1	0	0	0	0	0	0	0	0	0	0	0	0	11	1	0	0	0	7	0	1	0
ASV788	0	0	0	0	0	0	0	0	0	0	0	0	0	0	0	0	0	0	0	0	0	0	0	0	0	0	0	0	33	0	0	0	0	0	0	0	0	0	0	0	0	0	0	0	0	0	0	0	0	0	0	0	0	0	0	0	0	0	0
ASV806	0	0	0	0	0	0	0	0	0	0	0	0	0	33	0	0	0	0	0	0	0	0	0	0	0	0	0	0	0	0	0	0	0	0	0	0	0	0	0	0	0	0	0	0	0	0	0	0	0	0	0	0	0	0	0	0	0	0	0
ASV837	0	0	0	0	0	0	0	0	0	0	0	0	0	0	0	0	0	0	0	0	0	0	0	1	0	0	0	0	0	0	0	0	0	0	0	0	0	0	0	0	0	0	32	0	0	0	0	0	0	0	0	0	0	0	0	0	0	0	0
ASV872	0	0	0	0	0	0	0	0	0	0	0	0	0	9	0	1	7	1	0	0	0	0	0	0	4	0	0	0	0	0	0	0	0	0	3	0	0	0	6	0	0	0	2	0	0	0	0	0	0	0	0	0	0	0	0	0	0	0	0
ASV884	0	0	0	0	0	0	0	0	0	0	0	0	0	0	0	0	14	13	0	0	0	0	0	0	0	0	0	0	0	0	0	0	0	0	0	0	0	0	0	0	0	0	0	0	0	0	0	0	0	0	5	0	0	0	0	0	0	0	1
ASV925	0	0	0	0	0	0	0	0	0	0	0	0	0	0	0	0	0	33	0	0	0	0	0	0	0	0	0	0	0	0	0	0	0	0	0	0	0	0	0	0	0	0	0	0	0	0	0	0	0	0	0	0	0	0	0	0	0	0	0
ASV986	0	0	0	0	0	0	0	0	0	0	0	0	0	0	0	0	3	1	4	1	0	0	0	6	0	3	1	0	0	0	0	0	0	0	0	0	0	0	0	0	9	0	0	4	0	0	0	0	0	0	0	0	0	0	0	0	0	0	1
ASV992	0	0	0	0	0	0	0	0	0	0	0	0	0	0	5	0	0	20	0	0	0	6	0	0	0	0	0	0	0	0	0	0	0	0	0	0	0	0	0	0	0	0	1	0	0	0	0	0	0	0	0	0	0	0	0	0	0	0	1
ASV1353	0	0	0	0	0	0	0	0	0	0	0	0	3	0	0	6	0	1	8	0	0	0	0	0	0	0	6	0	0	0	0	0	0	0	0	0	0	0	7	0	1	0	0	0	0	0	0	0	0	0	0	0	0	0	0	0	0	0	0
ASV1627	0	0	0	0	0	0	0	0	0	0	0	0	4	0	9	0	2	0	0	1	0	0	0	1	0	0	0	0	0	0	0	0	0	0	6	0	0	0	5	2	0	0	1	1	0	0	0	0	0	0	0	0	0	0	0	0	0	0	0
ASV1648	0	0	0	0	0	0	0	0	0	0	0	0	0	0	0	0	0	26	0	0	0	0	0	0	0	0	0	0	0	0	0	0	0	0	0	0	0	0	0	0	0	0	0	0	0	0	0	0	0	0	0	0	0	0	0	0	0	0	6
ASV1650	0	0	0	0	0	0	0	0	0	0	0	0	0	0	0	0	2	0	10	0	0	0	0	0	0	0	0	0	0	0	0	0	0	0	4	0	0	11	0	2	3	0	0	0	0	0	0	0	0	0	0	0	0	0	0	0	0	0	0
ASV1761	0	0	0	0	0	0	0	0	0	0	0	0	0	0	0	0	0	0	3	0	0	0	0	0	0	0	0	1	0	0	0	0	0	0	2	0	0	0	0	0	0	0	0	0	0	0	0	0	0	0	0	0	0	0	0	26	0	0	0
ASV842	0	0	0	0	0	0	0	0	0	0	0	0	0	0	0	0	0	0	0	0	0	0	0	0	0	0	0	0	32	0	0	0	0	0	0	0	0	0	0	0	0	0	0	0	0	0	0	0	0	0	0	0	0	0	0	0	0	0	0
ASV909	0	0	0	0	0	0	0	0	0	0	0	0	0	0	0	0	0	0	31	1	0	0	0	0	0	0	0	0	0	0	0	0	0	0	0	0	0	0	0	0	0	0	0	0	0	0	0	0	0	0	0	0	0	0	0	0	0	0	0
ASV928	0	0	0	0	0	0	0	0	0	0	0	0	0	0	0	0	0	7	0	0	0	0	0	0	0	0	7	0	0	0	0	18	0	0	0	0	0	0	0	0	0	0	0	0	0	0	0	0	0	0	0	0	0	0	0	0	0	0	0
ASV938	0	0	0	0	0	0	0	0	0	0	0	0	0	0	0	0	0	28	0	0	0	0	0	0	0	0	0	0	0	0	0	0	0	0	0	0	0	0	0	0	0	0	0	0	0	0	0	0	0	0	0	0	4	0	0	0	0	0	0
ASV1019	0	0	0	0	0	0	0	0	0	0	0	0	7	5	0	1	0	0	2	3	0	0	0	0	0	0	0	0	0	0	0	0	0	0	0	0	0	0	0	9	2	1	0	1	0	0	0	0	0	0	0	0	0	0	0	0	0	0	0
ASV1055	0	0	0	0	0	0	0	0	0	0	0	0	0	0	0	0	0	20	0	0	0	0	1	0	0	0	0	0	0	0	0	0	0	0	0	0	9	0	0	0	1	0	0	0	0	0	0	0	0	0	0	0	0	0	0	0	0	0	0
ASV1066	0	0	0	0	0	0	0	0	0	0	0	0	0	0	0	0	0	0	0	0	0	0	0	0	0	0	0	0	0	0	0	0	0	0	0	0	0	30	0	0	0	0	0	0	0	0	0	0	0	0	0	1	0	0	0	0	0	0	0
ASV1091	0	0	0	0	0	0	0	0	0	0	0	0	0	0	0	0	0	7	0	0	0	0	0	0	0	0	0	0	0	0	0	0	0	13	0	6	0	0	0	0	0	0	3	0	0	0	0	0	0	0	0	0	0	0	0	0	0	0	2
ASV1112	0	0	0	0	0	0	0	0	0	0	0	0	0	6	0	0	0	0	0	0	0	0	0	0	0	0	0	0	0	0	0	0	0	0	0	0	0	0	24	0	0	0	0	0	0	0	0	0	0	0	0	0	0	0	0	0	0	1	0
ASV1137	0	0	0	0	0	0	0	0	0	0	0	0	0	0	0	2	0	0	2	3	0	0	0	0	0	0	0	0	0	0	0	0	0	17	0	0	0	0	0	0	0	0	0	0	0	0	0	0	1	0	0	2	0	3	0	1	0	0	0
ASV1265	0	0	0	0	0	0	0	0	0	0	0	0	0	0	0	6	0	0	0	0	0	0	0	0	0	0	0	0	0	0	0	0	0	0	0	0	0	0	0	0	0	0	0	0	0	0	0	0	0	0	0	0	0	0	0	0	0	25	0
ASV1477	0	0	0	0	0	0	0	0	0	0	0	0	0	0	0	0	9	0	7	0	0	0	0	0	0	0	0	0	0	0	0	0	0	0	0	0	0	0	0	0	15	0	0	0	0	0	0	0	0	0	0	0	0	0	0	0	0	0	0
ASV1482	0	0	0	0	0	0	0	0	0	0	0	0	0	0	0	0	0	0	0	0	0	0	0	0	0	0	0	0	0	0	0	0	0	0	1	0	0	0	0	0	0	0	0	0	0	0	0	0	4	1	0	0	0	0	0	23	0	0	2
ASV1504	0	0	0	0	0	0	0	0	0	0	0	0	0	1	1	2	1	9	0	0	0	0	0	0	2	1	0	0	1	0	2	0	0	1	1	2	0	2	1	1	0	0	1	0	0	0	0	0	0	0	0	0	1	1	0	0	0	0	0
ASV1866	0	0	0	0	0	0	0	0	0	0	0	0	0	2	2	0	2	14	0	0	0	0	0	0	0	0	0	0	0	0	0	0	0	0	0	0	0	0	0	0	0	0	0	0	0	0	0	0	1	0	1	0	5	3	0	0	0	0	1
ASV1975	0	0	0	0	0	0	0	0	0	0	0	0	0	0	0	0	6	0	0	0	15	0	0	0	0	0	0	0	0	0	0	0	0	0	4	0	0	0	0	0	6	0	0	0	0	0	0	0	0	0	0	0	0	0	0	0	0	0	0
ASV822	0	0	0	0	0	0	0	0	0	0	0	0	3	3	0	1	2	4	0	0	2	0	0	2	1	0	0	1	0	0	0	0	0	0	1	0	0	1	2	3	0	0	4	0	1	0	0	0	0	0	0	0	0	0	0	0	0	0	0
ASV851	0	0	0	0	0	0	0	0	0	0	0	0	0	0	0	0	0	0	0	0	0	0	0	0	0	0	0	0	0	0	0	0	0	0	0	0	31	0	0	0	0	0	0	0	0	0	0	0	0	0	0	0	0	0	0	0	0	0	0
ASV860	0	0	0	0	0	0	0	0	0	0	0	0	0	0	0	0	5	0	1	0	25	0	0	0	0	0	0	0	0	0	0	0	0	0	0	0	0	0	0	0	0	0	0	0	0	0	0	0	0	0	0	0	0	0	0	0	0	0	0
ASV863	0	0	0	0	0	0	0	0	0	0	0	0	3	0	0	0	0	0	0	0	0	0	0	0	0	0	0	0	0	0	0	0	0	0	0	0	0	0	1	0	11	6	0	0	0	0	0	0	0	0	0	0	0	0	0	0	0	10	0
ASV887	0	0	0	0	0	0	0	0	0	0	0	0	19	0	0	0	0	0	0	0	12	0	0	0	0	0	0	0	0	0	0	0	0	0	0	0	0	0	0	0	0	0	0	0	0	0	0	0	0	0	0	0	0	0	0	0	0	0	0
ASV894	0	0	0	0	0	0	0	0	0	0	0	0	0	0	0	8	0	0	0	0	0	0	0	0	0	0	0	0	0	0	0	0	0	0	6	0	0	0	0	0	0	0	0	13	0	0	0	0	0	0	0	1	3	0	0	0	0	0	0
ASV906	0	0	0	0	0	0	0	0	0	0	0	0	0	0	18	0	0	0	0	0	0	0	0	0	0	0	0	0	0	0	0	0	0	0	0	0	0	0	0	0	0	13	0	0	0	0	0	0	0	0	0	0	0	0	0	0	0	0	0
ASV963	0	0	0	0	0	0	0	0	0	0	0	0	0	0	0	0	0	0	0	0	0	0	0	0	7	0	0	0	0	0	0	0	0	0	0	0	0	0	0	11	6	0	7	0	0	0	0	0	0	0	0	0	0	0	0	0	0	0	0
ASV1060	0	0	0	0	0	0	0	0	0	0	0	0	0	0	0	0	11	0	0	0	0	0	0	0	6	0	0	0	0	0	0	0	0	0	6	0	0	0	0	0	5	0	0	0	0	0	0	0	0	0	1	1	0	0	0	0	0	0	0
ASV1133	0	0	0	0	0	0	0	0	0	0	0	0	0	0	0	0	0	0	0	0	0	0	0	0	0	0	0	0	0	0	0	0	0	0	0	0	0	0	0	0	0	0	0	0	0	0	0	0	2	2	9	4	3	7	0	1	0	2	0
ASV1143	0	0	0	0	0	0	0	0	0	0	0	0	22	0	4	0	0	3	0	0	0	0	0	0	0	0	0	0	0	0	0	0	0	0	0	0	0	0	1	0	0	0	0	0	0	0	0	0	0	0	0	0	0	0	0	0	0	0	0
ASV1578	0	0	0	0	0	0	0	0	0	0	0	0	2	0	0	0	0	9	0	0	0	0	0	0	0	0	0	0	0	0	0	0	0	0	10	0	0	0	0	0	0	3	0	0	0	0	0	0	0	0	0	0	0	0	0	0	0	2	4
ASV1592	0	0	0	0	0	0	0	0	0	0	0	0	0	0	0	0	0	30	0	0	0	0	0	0	0	0	0	0	0	0	0	0	0	0	0	0	0	0	0	0	0	0	0	0	0	0	0	0	0	0	0	0	0	0	0	0	0	0	0
ASV1703	0	0	0	0	0	0	0	0	0	0	0	0	0	0	0	0	0	11	0	5	0	0	0	0	0	0	0	0	0	0	0	0	14	0	0	0	0	0	0	0	0	0	0	0	0	0	0	0	0	0	0	0	0	0	0	0	0	0	0
ASV2055	0	0	0	0	0	0	0	0	0	0	0	0	0	0	0	0	0	11	0	0	0	0	0	0	0	0	0	0	0	0	0	0	0	0	9	0	0	0	0	0	0	6	0	0	0	0	0	0	0	0	0	1	0	0	0	0	0	3	0
ASV2116	0	0	0	0	0	0	0	0	0	0	0	0	1	3	0	3	2	0	0	0	0	0	0	0	0	0	0	0	0	0	0	0	0	0	0	0	0	0	4	0	7	1	6	3	0	0	0	0	0	0	0	0	0	0	0	0	0	0	0
ASV869	0	0	0	0	0	0	0	0	0	0	0	0	5	0	0	0	0	0	0	0	0	0	0	0	0	0	0	0	0	0	0	0	0	0	0	0	0	0	5	4	0	1	0	0	0	0	0	0	0	0	0	0	0	13	0	0	0	2	0
ASV870	0	0	0	0	0	0	0	0	0	0	0	0	0	0	0	0	0	0	0	0	0	0	0	0	0	0	7	0	0	0	0	0	0	0	2	0	18	0	3	0	0	0	0	0	0	0	0	0	0	0	0	0	0	0	0	0	0	0	0
ASV901	0	0	0	0	0	0	0	0	0	0	0	0	0	0	0	0	0	0	0	0	0	0	0	0	0	0	0	0	0	0	0	0	0	0	0	0	0	0	0	0	0	0	0	0	0	0	0	0	0	0	0	0	0	0	0	0	0	30	0
ASV912	0	0	0	0	0	0	0	0	0	0	0	0	0	0	0	0	0	3	0	0	0	0	0	0	0	0	0	26	0	0	0	0	0	0	0	0	0	0	0	0	0	0	0	0	0	0	0	0	0	0	0	0	0	0	0	0	0	0	1
ASV943	0	0	0	0	0	0	0	0	0	0	0	0	0	2	0	0	0	3	0	0	5	0	0	0	1	0	0	0	0	0	0	0	0	0	1	0	0	0	7	5	0	4	0	2	0	0	0	0	0	0	0	0	0	0	0	0	0	0	0
ASV949	0	0	0	0	0	0	0	0	0	0	0	0	0	3	0	0	0	7	0	0	0	0	0	0	0	0	1	0	1	0	0	0	0	0	6	0	0	0	0	0	4	0	4	0	0	0	0	0	0	0	0	0	0	0	0	3	0	1	0
ASV1087	0	0	0	0	0	0	0	0	0	0	0	0	0	0	0	0	0	11	0	0	0	0	0	0	17	0	0	0	0	0	1	0	0	0	0	0	0	0	0	0	0	0	0	0	0	0	0	0	0	0	0	0	0	0	0	0	0	0	0
ASV1148	0	0	0	0	0	0	0	0	0	0	0	0	0	0	0	0	0	0	5	0	18	0	0	0	0	0	0	0	0	0	0	0	0	0	0	0	0	0	0	0	6	0	0	0	0	0	0	0	0	0	0	0	0	0	0	0	0	0	0
ASV1171	0	0	0	0	0	0	0	0	0	0	0	0	0	0	0	1	0	5	0	0	0	0	0	0	11	0	0	0	0	0	0	0	0	0	0	0	0	0	0	0	0	9	0	0	0	0	0	0	0	0	0	0	3	0	0	0	0	0	0
ASV1185	0	0	0	0	0	0	0	0	0	0	0	0	0	0	0	0	0	24	0	0	0	0	0	0	0	0	0	0	0	0	0	0	0	0	0	0	0	0	0	0	0	0	0	0	0	0	0	0	1	0	0	0	3	0	0	0	0	1	0
ASV1259	0	0	0	0	0	0	0	0	0	0	0	0	0	0	0	0	0	0	0	0	0	0	0	0	0	0	0	0	0	0	0	0	0	0	0	0	5	17	0	0	2	0	0	0	0	0	0	0	0	0	0	0	0	0	0	0	0	0	5
ASV1361	0	0	0	0	0	0	0	0	0	0	0	0	0	0	0	0	0	4	0	0	0	0	0	0	0	0	0	0	0	19	0	0	0	0	0	0	0	0	0	0	0	0	6	0	0	0	0	0	0	0	0	0	0	0	0	0	0	0	0
ASV1376	0	0	0	0	0	0	0	0	0	0	0	0	17	8	0	4	0	0	0	0	0	0	0	0	0	0	0	0	0	0	0	0	0	0	0	0	0	0	0	0	0	0	0	0	0	0	0	0	0	0	0	0	0	0	0	0	0	0	0
ASV1438	0	0	0	0	0	0	0	0	0	0	0	0	0	0	0	0	0	11	0	0	0	0	0	0	0	0	0	0	0	0	0	0	0	0	0	0	0	16	0	0	0	0	0	0	0	0	0	0	0	0	0	0	0	0	0	0	0	0	2
ASV1469	0	0	0	0	0	0	0	0	0	0	0	0	4	0	0	2	0	0	5	0	0	0	0	4	0	0	0	0	0	0	0	0	0	0	4	0	0	0	6	0	4	0	0	0	0	0	0	0	0	0	0	0	0	0	0	0	0	0	0
ASV1494	0	0	0	0	0	0	0	0	0	0	0	0	2	0	0	0	0	0	0	0	0	0	0	0	0	0	0	0	0	0	0	0	0	0	0	0	0	0	0	0	0	0	0	0	0	0	0	0	0	0	0	5	1	0	0	0	0	16	5
ASV1886	0	0	0	0	0	0	0	0	0	0	0	0	3	2	0	1	0	0	3	1	1	1	0	0	0	2	1	0	0	0	0	0	1	2	1	0	0	0	2	0	1	0	0	0	0	7	0	0	0	0	0	0	0	0	0	0	0	0	0
ASV892	0	0	0	0	0	0	0	0	0	0	0	0	0	10	0	0	0	0	0	0	0	0	0	0	0	0	0	0	0	0	0	0	0	0	0	0	0	0	8	0	0	0	0	0	0	0	0	0	0	1	0	2	8	0	0	0	0	0	0
ASV941	0	0	0	0	0	0	0	0	0	0	0	0	0	8	0	4	0	0	2	0	0	0	0	0	0	0	0	0	0	0	0	0	0	0	12	0	0	0	0	0	2	1	0	0	0	0	0	0	0	0	0	0	0	0	0	0	0	0	0
ASV954	0	0	0	0	0	0	0	0	0	0	0	0	0	0	0	0	0	0	0	0	23	0	0	0	0	0	0	0	0	0	0	0	0	0	0	0	0	0	0	0	0	0	0	0	0	0	0	0	0	0	0	0	0	0	0	0	0	6	0
ASV974	0	0	0	0	0	0	0	0	0	0	0	0	0	0	0	0	0	0	0	0	0	0	0	0	0	0	0	0	0	0	0	0	0	0	0	0	29	0	0	0	0	0	0	0	0	0	0	0	0	0	0	0	0	0	0	0	0	0	0
ASV1013	0	0	0	0	0	0	0	0	0	0	0	0	0	0	0	0	0	0	0	0	0	0	0	0	0	0	0	0	0	0	0	0	0	0	0	0	28	0	0	0	0	0	0	0	0	0	0	0	0	0	0	0	0	0	0	0	0	0	0
ASV1034	0	0	0	0	0	0	0	0	0	0	0	0	0	0	0	0	0	0	0	0	0	0	0	0	0	0	0	0	0	0	0	0	0	0	0	0	0	0	16	0	0	0	0	0	0	0	0	0	0	0	0	0	0	0	0	0	0	12	0
ASV1061	0	0	0	0	0	0	0	0	0	0	0	0	0	0	0	0	0	16	0	0	11	0	0	0	0	0	0	0	0	0	0	0	0	0	0	0	0	0	0	0	1	0	0	0	0	0	0	0	0	0	0	0	0	0	0	0	0	0	0
ASV1068	0	0	0	0	0	0	0	0	0	0	0	0	24	0	0	0	0	0	0	0	0	0	0	0	0	0	0	0	0	0	0	0	0	0	0	0	0	0	0	0	0	0	0	0	0	0	0	0	4	0	0	0	0	0	0	0	0	0	0
ASV1072	0	0	0	0	0	0	0	0	0	0	0	0	0	0	0	0	0	0	0	0	0	0	0	0	0	0	0	0	0	0	0	0	0	0	0	0	0	0	0	0	0	0	0	0	0	0	0	0	0	0	0	1	2	0	0	0	0	16	9
ASV1126	0	0	0	0	0	0	0	0	0	0	0	0	0	0	10	5	9	0	0	1	0	0	0	0	0	0	0	1	2	0	0	0	0	0	0	0	0	0	0	0	0	0	0	0	0	0	0	0	0	0	0	0	0	0	0	0	0	0	0
ASV1166	0	0	0	0	0	0	0	0	0	0	0	0	0	0	0	0	0	0	9	0	17	0	0	0	0	0	0	0	0	0	0	0	0	0	2	0	0	0	0	0	0	0	0	0	0	0	0	0	0	0	0	0	0	0	0	0	0	0	0
ASV1399	0	0	0	0	0	0	0	0	0	0	0	0	0	0	0	0	0	0	0	0	0	0	0	0	0	0	0	0	0	0	0	0	0	0	0	0	0	0	0	0	0	0	0	0	0	0	0	0	0	0	0	0	0	0	0	0	0	28	0
ASV1640	0	0	0	0	0	0	0	0	0	0	0	0	0	4	4	0	0	0	12	0	0	0	0	0	0	0	4	0	0	0	0	0	0	0	4	0	0	0	0	0	0	0	0	0	0	0	0	0	0	0	0	0	0	0	0	0	0	0	0
ASV1753	0	0	0	0	0	0	0	0	0	0	0	0	0	0	0	0	0	25	0	0	0	0	0	0	0	0	0	0	0	0	0	0	0	0	0	0	0	0	0	0	0	0	2	0	0	0	0	0	0	0	0	0	0	0	0	0	0	1	0
ASV910	0	0	0	0	0	0	0	0	0	0	0	0	0	0	0	0	0	0	0	0	0	0	0	0	0	0	0	0	0	0	0	0	0	0	0	0	0	1	0	0	0	0	0	0	0	0	0	0	1	0	0	0	4	0	0	0	0	18	4
ASV926	0	0	0	0	0	0	0	0	0	0	0	0	0	0	0	0	0	0	0	0	0	0	0	0	0	0	0	0	0	0	0	0	0	0	0	0	0	28	0	0	0	0	0	0	0	0	0	0	0	0	0	0	0	0	0	0	0	0	0
ASV932	0	0	0	0	0	0	0	0	0	0	0	0	0	2	0	1	11	1	0	0	0	0	0	0	0	0	0	0	0	0	0	0	0	0	13	0	0	0	0	0	0	0	0	0	0	0	0	0	0	0	0	0	0	0	0	0	0	0	0
ASV948	0	0	0	0	0	0	0	0	0	0	0	0	0	0	0	0	0	6	0	0	0	0	0	0	0	0	0	0	0	0	0	0	0	0	0	0	0	0	0	0	0	0	0	0	0	22	0	0	0	0	0	0	0	0	0	0	0	0	0
ASV967	0	0	0	0	0	0	0	0	0	0	0	0	0	0	0	0	0	0	0	0	0	8	0	0	0	0	0	0	0	0	0	0	0	0	0	0	0	0	0	0	0	0	0	0	0	0	0	0	0	0	0	0	0	0	0	0	0	18	2
ASV977	0	0	0	0	0	0	0	0	0	0	0	0	28	0	0	0	0	0	0	0	0	0	0	0	0	0	0	0	0	0	0	0	0	0	0	0	0	0	0	0	0	0	0	0	0	0	0	0	0	0	0	0	0	0	0	0	0	0	0
ASV982	0	0	0	0	0	0	0	0	0	0	0	0	0	0	0	0	0	0	4	0	0	0	0	0	0	0	0	0	0	0	0	0	0	0	0	0	0	0	0	0	0	0	0	0	0	21	0	0	0	0	0	0	2	0	0	0	0	1	0
ASV987	0	0	0	0	0	0	0	0	0	0	0	0	0	0	0	0	0	0	0	0	0	0	0	0	0	0	0	0	0	0	0	0	0	0	0	0	0	0	0	0	0	1	0	0	0	0	0	0	0	0	15	0	0	12	0	0	0	0	0
ASV989	0	0	0	0	0	0	0	0	0	0	0	0	0	3	2	5	0	0	0	9	0	0	0	0	0	0	0	0	0	0	0	0	0	0	2	0	0	0	0	7	0	0	0	0	0	0	0	0	0	0	0	0	0	0	0	0	0	0	0
ASV1000	0	0	0	0	0	0	0	0	0	0	0	0	0	0	0	0	0	14	0	0	0	0	0	0	0	0	0	12	0	0	0	0	0	0	0	0	0	0	0	0	0	0	0	0	0	0	0	0	0	0	1	0	0	0	0	0	0	0	0
ASV1014	0	0	0	0	0	0	0	0	0	0	0	0	0	0	0	0	0	0	0	0	0	0	0	0	0	0	0	0	0	0	0	0	0	0	0	0	0	0	0	0	0	0	0	0	0	0	0	0	0	0	0	2	0	25	0	0	0	0	0
ASV1110	0	0	0	0	0	0	0	0	0	0	0	0	0	0	0	1	0	1	9	0	0	0	0	0	16	0	0	0	0	0	0	0	0	0	0	0	0	0	0	0	0	0	0	0	0	0	0	0	0	0	0	0	0	0	0	0	0	0	0
ASV1111	0	0	0	0	0	0	0	0	0	0	0	0	0	27	0	0	0	0	0	0	0	0	0	0	0	0	0	0	0	0	0	0	0	0	0	0	0	0	0	0	0	0	0	0	0	0	0	0	0	0	0	0	0	0	0	0	0	0	0
ASV1139	0	0	0	0	0	0	0	0	0	0	0	0	0	1	1	0	2	0	9	0	0	0	0	0	0	0	0	0	0	0	0	0	0	0	4	0	0	0	5	1	0	0	2	2	0	0	0	0	0	0	0	0	0	0	0	0	0	0	0
ASV1144	0	0	0	0	0	0	0	0	0	0	0	0	0	0	0	0	0	23	0	0	0	0	0	0	0	0	0	0	0	0	0	0	0	0	1	0	0	0	0	0	0	0	0	0	0	0	0	0	0	0	0	0	2	1	0	0	0	0	0
ASV1280	0	0	0	0	0	0	0	0	0	0	0	0	0	0	0	0	0	0	0	0	0	0	0	0	0	0	0	0	0	0	0	0	0	0	0	0	0	0	0	0	0	0	0	0	27	0	0	0	0	0	0	0	0	0	0	0	0	0	0
ASV1317	0	0	0	0	0	0	0	0	0	0	0	0	0	0	0	0	0	3	0	0	0	0	0	0	0	0	0	0	0	0	0	0	0	0	3	0	0	0	0	0	0	0	0	0	0	0	0	0	0	2	0	0	1	0	0	0	0	18	0
ASV1319	0	0	0	0	0	0	0	0	0	0	0	0	0	0	0	0	0	0	0	0	0	0	0	0	0	0	0	0	0	0	0	0	0	0	0	0	27	0	0	0	0	0	0	0	0	0	0	0	0	0	0	0	0	0	0	0	0	0	0
ASV1339	0	0	0	0	0	0	0	0	0	0	0	0	0	0	0	0	0	27	0	0	0	0	0	0	0	0	0	0	0	0	0	0	0	0	0	0	0	0	0	0	0	0	0	0	0	0	0	0	0	0	0	0	0	0	0	0	0	0	0
ASV1440	0	0	0	0	0	0	0	0	0	0	0	0	0	0	0	0	6	0	0	0	0	0	0	0	0	0	0	0	0	0	0	0	0	0	9	0	0	0	12	0	0	0	0	0	0	0	0	0	0	0	0	0	0	0	0	0	0	0	0
ASV1465	0	0	0	0	0	0	0	0	0	0	0	0	2	0	0	0	0	9	0	0	4	0	0	0	0	0	0	0	0	0	0	0	0	0	0	8	0	0	1	0	0	0	0	0	0	0	0	0	1	0	0	1	1	0	0	0	0	0	0
ASV1643	0	0	0	0	0	0	0	0	0	0	0	0	0	5	0	0	0	4	0	0	2	0	0	0	0	0	0	0	0	0	0	0	0	0	3	0	0	0	4	1	4	0	0	4	0	0	0	0	0	0	0	0	0	0	0	0	0	0	0
ASV1684	0	0	0	0	0	0	0	0	0	0	0	0	0	0	0	3	4	0	3	0	8	0	0	0	5	0	0	0	0	0	0	0	0	0	0	0	0	0	0	0	0	0	0	0	0	0	0	0	2	0	0	0	0	0	0	0	0	2	0
ASV1713	0	0	0	0	0	0	0	0	0	0	0	0	7	0	0	6	0	0	0	0	0	0	0	0	0	0	0	0	0	0	0	0	0	0	0	0	0	0	1	2	2	8	0	0	0	0	0	0	0	0	0	0	0	0	0	0	0	0	1
ASV1748	0	0	0	0	0	0	0	0	0	0	0	0	0	6	0	6	0	0	0	0	0	0	0	0	0	1	0	0	0	0	0	0	0	0	0	0	0	0	4	0	10	0	0	0	0	0	0	0	0	0	0	0	0	0	0	0	0	0	0
ASV2093	0	0	0	0	0	0	0	0	0	0	0	0	1	0	0	4	0	0	0	4	0	0	0	2	0	0	0	0	0	0	0	0	0	0	0	0	0	0	0	0	0	1	0	4	0	0	0	0	0	0	3	3	1	3	0	1	0	0	0
ASV918	0	0	0	0	0	0	0	0	0	0	0	0	0	0	0	0	0	0	0	0	0	0	0	14	0	0	0	0	0	0	0	0	0	0	0	0	0	0	0	0	1	0	11	0	0	0	0	0	0	0	0	0	0	0	0	0	0	1	0
ASV923	0	0	0	0	0	0	0	0	0	0	0	0	0	0	0	0	0	0	0	0	0	0	0	0	0	0	0	0	0	0	0	0	0	0	0	0	0	27	0	0	0	0	0	0	0	0	0	0	0	0	0	0	0	0	0	0	0	0	0
ASV947	0	0	0	0	0	0	0	0	0	0	0	0	2	1	0	4	3	0	0	0	0	0	0	0	1	0	0	0	0	0	0	0	0	0	1	0	0	3	2	0	0	2	0	8	0	0	0	0	0	0	0	0	0	0	0	0	0	0	0
ASV957	0	0	0	0	0	0	0	0	0	0	0	0	0	0	0	0	0	0	0	0	0	0	0	0	0	0	0	0	0	27	0	0	0	0	0	0	0	0	0	0	0	0	0	0	0	0	0	0	0	0	0	0	0	0	0	0	0	0	0
ASV985	0	0	0	0	0	0	0	0	0	0	0	0	0	0	0	23	0	0	0	0	1	0	0	0	0	0	0	0	0	0	0	0	0	0	0	0	0	0	0	0	1	0	1	0	0	0	0	0	0	0	0	1	0	0	0	0	0	0	0
ASV998	0	0	0	0	0	0	0	0	0	0	0	0	3	0	0	0	0	0	4	0	0	0	0	0	0	0	0	0	0	0	0	0	0	0	0	0	0	0	0	0	0	0	0	0	0	0	0	0	1	0	0	0	0	0	0	19	0	0	0
ASV1020	0	0	0	0	0	0	0	0	0	0	0	0	0	0	0	0	0	0	0	0	0	0	0	0	0	0	0	0	0	0	0	0	0	0	0	0	0	0	0	0	0	0	0	0	26	0	0	0	0	0	0	0	0	0	0	0	0	0	0
ASV1035	0	0	0	0	0	0	0	0	0	0	0	0	0	0	0	0	0	0	10	0	0	0	0	0	0	7	0	0	0	0	0	0	0	0	4	0	0	0	0	0	4	1	0	0	0	0	0	0	0	0	0	0	0	0	0	0	0	0	0
ASV1036	0	0	0	0	0	0	0	0	0	0	0	0	0	0	0	0	0	0	0	26	0	0	0	0	0	0	0	0	0	0	0	0	0	0	0	0	0	0	0	0	0	0	0	0	0	0	0	0	0	0	0	0	0	0	0	0	0	0	0
ASV1082	0	0	0	0	0	0	0	0	0	0	0	0	0	1	1	0	0	0	0	0	5	0	0	0	0	0	0	3	1	1	0	1	0	1	0	2	1	0	2	0	0	0	0	1	1	3	0	0	0	0	0	0	0	1	0	0	0	1	0
ASV1084	0	0	0	0	0	0	0	0	0	0	0	0	6	1	0	2	0	0	0	9	0	0	0	0	0	0	0	0	0	0	0	0	0	0	7	0	0	0	0	0	0	0	0	0	0	0	0	0	0	1	0	0	0	0	0	0	0	0	0
ASV1086	0	0	0	0	0	0	0	0	0	0	0	0	1	6	0	0	6	0	3	0	4	0	0	0	0	0	0	0	2	0	0	0	0	0	0	0	0	0	3	0	0	0	0	1	0	0	0	0	0	0	0	0	0	0	0	0	0	0	0
ASV1098	0	0	0	0	0	0	0	0	0	0	0	0	2	4	0	0	0	2	0	0	0	0	0	0	7	0	0	0	0	0	0	0	0	0	1	0	0	0	3	7	0	0	0	0	0	0	0	0	0	0	0	0	0	0	0	0	0	0	0
ASV1106	0	0	0	0	0	0	0	0	0	0	0	0	0	0	0	0	0	0	0	0	0	0	0	0	0	0	0	0	0	0	0	0	0	0	0	0	0	0	0	0	0	0	0	0	0	25	0	0	0	0	0	0	0	0	0	0	0	0	1
ASV1182	0	0	0	0	0	0	0	0	0	0	0	0	0	0	0	0	0	0	0	1	0	0	0	0	0	0	0	0	0	24	0	0	0	0	0	0	0	0	0	0	0	0	0	0	0	0	0	0	0	0	0	0	0	0	0	0	0	1	0
ASV1206	0	0	0	0	0	0	0	0	0	0	0	0	20	0	0	0	0	5	0	0	0	0	0	0	0	0	0	0	0	0	0	0	0	0	0	0	0	0	0	0	0	1	0	0	0	0	0	0	0	0	0	0	0	0	0	0	0	0	0
ASV1241	0	0	0	0	0	0	0	0	0	0	0	0	0	0	0	0	0	4	0	0	0	0	0	0	0	0	0	0	0	0	0	0	0	0	0	20	0	0	0	0	0	0	0	0	0	0	0	0	0	0	1	0	1	0	0	0	0	0	0
ASV1290	0	0	0	0	0	0	0	0	0	0	0	0	1	0	0	0	0	0	0	0	0	0	0	0	0	0	0	0	0	0	0	0	0	0	0	0	0	0	1	0	0	0	0	0	0	0	0	0	0	0	7	1	4	12	0	0	0	0	0
ASV1297	0	0	0	0	0	0	0	0	0	0	0	0	0	4	0	0	10	0	0	0	0	0	0	4	0	0	0	0	0	0	0	0	0	0	7	0	0	0	0	0	0	0	0	1	0	0	0	0	0	0	0	0	0	0	0	0	0	0	0
ASV1813	0	0	0	0	0	0	0	0	0	0	0	0	0	0	0	0	0	18	0	0	0	0	0	0	0	0	0	0	0	0	0	0	0	0	0	1	0	0	0	7	0	0	0	0	0	0	0	0	0	0	0	0	0	0	0	0	0	0	0
ASV927	0	0	0	0	0	0	0	0	0	0	0	0	0	0	0	0	0	0	0	0	0	0	0	0	0	0	0	0	0	0	0	0	0	0	0	0	0	26	0	0	0	0	0	0	0	0	0	0	0	0	0	0	0	0	0	0	0	0	0
ASV933	0	0	0	0	0	0	0	0	0	0	0	0	0	0	0	7	0	0	0	6	0	13	0	0	0	0	0	0	0	0	0	0	0	0	0	0	0	0	0	0	0	0	0	0	0	0	0	0	0	0	0	0	0	0	0	0	0	0	0
ASV944	0	0	0	0	0	0	0	0	0	0	0	0	24	0	0	0	0	0	0	0	0	0	0	0	0	0	0	0	0	0	0	0	0	0	0	0	0	0	0	0	0	0	0	0	0	0	0	0	0	0	0	0	0	0	0	0	0	2	0
ASV972	0	0	0	0	0	0	0	0	0	0	0	0	0	0	0	0	0	0	0	0	0	0	0	0	0	0	0	0	0	0	0	0	0	0	0	0	0	0	0	0	0	0	0	0	0	26	0	0	0	0	0	0	0	0	0	0	0	0	0
ASV980	0	0	0	0	0	0	0	0	0	0	0	0	0	0	0	0	0	0	1	0	14	10	0	0	0	0	0	0	0	0	0	0	0	0	0	0	0	0	0	0	0	1	0	0	0	0	0	0	0	0	0	0	0	0	0	0	0	0	0
ASV991	0	0	0	0	0	0	0	0	0	0	0	0	0	0	0	0	13	0	5	0	0	0	0	0	4	0	0	0	0	0	0	0	0	0	0	0	0	0	0	0	0	0	0	0	0	0	0	0	0	0	0	4	0	0	0	0	0	0	0
ASV1006	0	0	0	0	0	0	0	0	0	0	0	0	0	0	0	0	0	0	0	0	25	0	0	0	0	0	0	0	0	0	0	0	0	0	0	0	0	0	0	0	0	0	0	0	0	0	0	0	0	0	0	0	0	0	0	0	0	0	0
ASV1008	0	0	0	0	0	0	0	0	0	0	0	0	6	0	0	0	0	0	0	1	0	0	0	0	0	0	0	0	0	0	0	0	0	0	0	0	0	0	0	11	1	0	0	6	0	0	0	0	0	0	0	0	0	0	0	0	0	0	0
ASV1041	0	0	0	0	0	0	0	0	0	0	0	0	0	0	0	0	0	0	0	0	0	0	0	0	0	0	0	0	0	0	0	0	0	0	0	0	0	0	25	0	0	0	0	0	0	0	0	0	0	0	0	0	0	0	0	0	0	0	0
ASV1104	0	0	0	0	0	0	0	0	0	0	0	0	13	4	0	3	0	0	0	0	0	0	0	0	0	0	0	0	0	0	0	0	0	0	1	0	0	0	2	0	1	1	0	0	0	0	0	0	0	0	0	0	0	0	0	0	0	0	0
ASV1124	0	0	0	0	0	0	0	0	0	0	0	0	0	7	11	0	0	0	0	0	0	0	0	0	0	1	0	0	0	0	0	0	0	0	0	0	0	0	0	0	6	0	0	0	0	0	0	0	0	0	0	0	0	0	0	0	0	0	0
ASV1173	0	0	0	0	0	0	0	0	0	0	0	0	0	0	0	0	0	0	0	0	0	0	0	0	0	0	0	0	0	0	0	0	0	0	0	0	0	0	0	0	0	0	0	0	0	0	0	0	22	1	0	0	2	0	0	0	0	0	0
ASV1174	0	0	0	0	0	0	0	0	0	0	0	0	0	0	0	0	0	0	0	0	25	0	0	0	0	0	0	0	0	0	0	0	0	0	0	0	0	0	0	0	0	0	0	0	0	0	0	0	0	0	0	0	0	0	0	0	0	0	0
ASV1190	0	0	0	0	0	0	0	0	0	0	0	0	0	0	0	0	0	0	0	0	0	0	0	0	0	0	0	0	0	0	0	0	0	20	4	0	0	0	0	0	0	0	0	0	0	0	0	0	0	0	0	0	0	0	0	0	0	1	0
ASV1202	0	0	0	0	0	0	0	0	0	0	0	0	0	0	0	0	2	1	2	0	0	0	0	0	0	0	0	0	0	0	0	0	0	0	0	0	0	0	0	0	8	0	0	4	0	0	0	0	0	0	0	1	7	0	0	0	0	0	0
ASV1210	0	0	0	0	0	0	0	0	0	0	0	0	0	0	0	0	0	4	0	7	0	0	0	8	0	0	0	0	0	0	0	0	0	0	0	0	0	0	0	0	0	0	6	0	0	0	0	0	0	0	0	0	0	0	0	0	0	0	0
ASV1416	0	0	0	0	0	0	0	0	0	0	0	0	0	1	0	0	5	0	0	0	0	0	0	0	0	12	0	0	0	0	0	0	0	0	0	0	0	0	7	0	0	0	0	0	0	0	0	0	0	0	0	0	0	0	0	0	0	0	0
ASV1480	0	0	0	0	0	0	0	0	0	0	0	0	0	3	0	0	0	0	2	0	0	0	0	0	4	0	0	0	0	0	0	0	0	0	5	0	0	0	5	1	0	0	5	0	0	0	0	0	0	0	0	0	0	0	0	0	0	0	0
ASV1496	0	0	0	0	0	0	0	0	0	0	0	0	6	0	3	0	0	0	0	0	0	0	0	0	0	0	0	0	0	0	0	0	0	0	0	0	0	0	0	9	0	0	6	0	0	0	0	0	0	0	0	0	1	0	0	0	0	0	0
ASV1538	0	0	0	0	0	0	0	0	0	0	0	0	0	0	0	0	0	6	0	0	0	0	0	14	0	0	0	0	0	0	0	0	0	0	0	0	0	0	0	0	0	0	0	0	5	0	0	0	0	0	0	0	0	0	0	0	0	0	0
ASV1644	0	0	0	0	0	0	0	0	0	0	0	0	0	0	0	0	0	25	0	0	0	0	0	0	0	0	0	0	0	0	0	0	0	0	0	0	0	0	0	0	0	0	0	0	0	0	0	0	0	0	0	0	0	0	0	0	0	0	0
ASV1729	0	0	0	0	0	0	0	0	0	0	0	0	2	3	7	0	2	0	0	5	0	0	0	0	4	0	0	0	0	0	0	0	0	0	2	0	0	0	0	0	0	0	0	0	0	0	0	0	0	0	0	0	0	0	0	0	0	0	0
ASV1957	0	0	0	0	0	0	0	0	0	0	0	0	0	0	0	0	0	15	0	0	0	0	0	9	0	0	0	0	0	0	0	0	0	0	0	0	0	0	0	0	1	0	0	0	0	0	0	0	0	0	0	0	0	0	0	0	0	0	0
ASV1984	0	0	0	0	0	0	0	0	0	0	0	0	0	0	0	0	0	7	4	0	0	0	0	4	0	0	0	0	0	0	0	1	0	0	0	0	0	0	0	0	0	0	2	0	0	0	0	0	0	0	0	0	0	0	0	0	0	0	7
ASV916	0	0	0	0	0	0	0	0	0	0	0	0	0	0	0	0	0	0	0	0	0	0	0	0	0	0	0	0	0	0	0	0	0	0	0	0	0	0	0	0	25	0	0	0	0	0	0	0	0	0	0	0	0	0	0	0	0	0	0
ASV936	0	0	0	0	0	0	0	0	0	0	0	0	0	0	0	0	0	0	0	0	0	0	0	0	0	0	0	0	0	0	0	0	0	0	0	25	0	0	0	0	0	0	0	0	0	0	0	0	0	0	0	0	0	0	0	0	0	0	0
ASV945	0	0	0	0	0	0	0	0	0	0	0	0	0	0	0	0	0	25	0	0	0	0	0	0	0	0	0	0	0	0	0	0	0	0	0	0	0	0	0	0	0	0	0	0	0	0	0	0	0	0	0	0	0	0	0	0	0	0	0
ASV955	0	0	0	0	0	0	0	0	0	0	0	0	0	0	0	0	0	0	0	0	0	0	0	0	0	0	0	0	0	0	0	0	0	0	0	0	0	0	14	0	0	0	11	0	0	0	0	0	0	0	0	0	0	0	0	0	0	0	0
ASV956	0	0	0	0	0	0	0	0	0	0	0	0	0	0	0	0	0	0	0	0	0	0	0	17	0	0	0	0	0	0	0	0	0	0	0	0	0	0	0	0	0	0	0	7	0	0	0	0	0	0	0	0	0	0	0	0	0	0	1
ASV971	0	0	0	0	0	0	0	0	0	0	0	0	0	0	4	0	0	4	5	0	0	0	0	0	0	0	0	0	0	0	0	0	0	0	0	0	0	0	0	0	10	0	2	0	0	0	0	0	0	0	0	0	0	0	0	0	0	0	0
ASV996	0	0	0	0	0	0	0	0	0	0	0	0	0	0	0	0	0	25	0	0	0	0	0	0	0	0	0	0	0	0	0	0	0	0	0	0	0	0	0	0	0	0	0	0	0	0	0	0	0	0	0	0	0	0	0	0	0	0	0
ASV1010	0	0	0	0	0	0	0	0	0	0	0	0	0	0	0	0	0	0	0	0	0	0	0	0	0	0	0	0	0	0	0	0	0	0	0	0	0	0	0	0	24	0	0	0	0	0	0	0	0	0	0	0	0	0	0	0	0	0	0
ASV1015	0	0	0	0	0	0	0	0	0	0	0	0	0	0	0	6	0	0	0	0	0	0	0	0	0	0	0	0	0	0	0	0	0	0	0	0	0	0	7	0	0	3	0	0	0	0	0	0	0	0	0	2	3	0	0	0	0	0	3
ASV1075	0	0	0	0	0	0	0	0	0	0	0	0	0	0	0	0	0	1	0	0	0	0	0	0	0	0	0	0	0	0	0	15	0	0	0	0	0	0	2	6	0	0	0	0	0	0	0	0	0	0	0	0	0	0	0	0	0	0	0
ASV1129	0	0	0	0	0	0	0	0	0	0	0	0	0	0	0	0	0	0	0	0	0	0	0	0	0	0	0	0	0	0	0	0	0	0	0	0	0	0	0	0	0	0	0	0	0	0	0	0	1	1	0	13	8	0	0	0	0	1	0
ASV1153	0	0	0	0	0	0	0	0	0	0	0	0	0	0	0	7	8	0	2	0	0	0	0	0	0	0	0	0	0	0	0	0	0	0	0	0	0	0	0	0	7	0	0	0	0	0	0	0	0	0	0	0	0	0	0	0	0	0	0
ASV1184	0	0	0	0	0	0	0	0	0	0	0	0	0	0	0	0	0	0	0	0	0	0	0	0	0	0	0	0	0	0	0	0	0	8	0	0	0	0	0	0	4	0	0	12	0	0	0	0	0	0	0	0	0	0	0	0	0	0	0
ASV1189	0	0	0	0	0	0	0	0	0	0	0	0	0	0	0	0	0	24	0	0	0	0	0	0	0	0	0	0	0	0	0	0	0	0	0	0	0	0	0	0	0	0	0	0	0	0	0	0	0	0	0	0	0	0	0	0	0	0	0
ASV1204	0	0	0	0	0	0	0	0	0	0	0	0	24	0	0	0	0	0	0	0	0	0	0	0	0	0	0	0	0	0	0	0	0	0	0	0	0	0	0	0	0	0	0	0	0	0	0	0	0	0	0	0	0	0	0	0	0	0	0
ASV1218	0	0	0	0	0	0	0	0	0	0	0	0	0	1	0	0	1	0	0	0	0	1	0	0	0	0	0	0	0	0	0	0	0	0	0	0	0	0	0	0	0	0	0	0	0	0	0	0	0	0	0	0	0	0	0	0	0	21	0
ASV1222	0	0	0	0	0	0	0	0	0	0	0	0	0	0	0	0	0	0	0	0	0	0	0	0	0	0	0	0	0	0	0	0	0	0	0	0	0	0	0	0	0	0	0	0	24	0	0	0	0	0	0	0	0	0	0	0	0	0	0
ASV1230	0	0	0	0	0	0	0	0	0	0	0	0	0	0	0	0	0	0	0	0	0	11	0	0	0	0	0	0	0	0	0	0	0	0	0	0	0	0	0	0	0	0	0	13	0	0	0	0	0	0	0	0	0	0	0	0	0	0	0
ASV1258	0	0	0	0	0	0	0	0	0	0	0	0	0	0	0	0	0	0	0	0	0	0	0	0	0	0	0	0	0	0	0	0	0	0	0	0	1	23	0	0	0	0	0	0	0	0	0	0	0	0	0	0	0	0	0	0	0	0	0
ASV1362	0	0	0	0	0	0	0	0	0	0	0	0	0	0	0	0	0	0	0	0	0	0	0	0	9	0	0	0	0	0	0	0	0	0	3	0	0	0	0	0	4	2	6	0	0	0	0	0	0	0	0	0	0	0	0	0	0	0	0
ASV1372	0	0	0	0	0	0	0	0	0	0	0	0	0	0	0	0	0	13	0	0	0	0	0	0	0	0	2	0	0	0	0	0	0	0	0	0	0	0	0	0	1	0	0	0	0	0	0	0	0	0	0	0	0	0	0	0	0	0	8
ASV1397	0	0	0	0	0	0	0	0	0	0	0	0	0	0	0	0	0	0	0	0	0	0	0	0	0	0	0	0	0	0	0	0	0	0	0	0	0	0	0	0	0	0	0	0	0	0	0	0	0	0	0	0	0	0	0	0	0	24	0
ASV1429	0	0	0	0	0	0	0	0	0	0	0	0	6	7	0	0	0	0	0	0	0	0	0	0	0	0	0	0	0	0	0	0	0	0	0	0	0	0	0	0	0	0	0	0	0	0	0	0	4	0	0	0	1	0	0	5	0	1	0
ASV1448	0	0	0	0	0	0	0	0	0	0	0	0	0	4	0	13	0	0	0	0	0	0	0	0	0	0	0	0	0	0	0	0	0	0	0	0	0	0	0	4	1	0	2	0	0	0	0	0	0	0	0	0	0	0	0	0	0	0	0
ASV1594	0	0	0	0	0	0	0	0	0	0	0	0	0	1	0	7	0	0	2	0	0	0	0	0	0	9	0	0	0	0	0	0	0	0	3	0	0	0	0	0	0	1	0	0	0	0	0	0	0	0	0	0	0	0	0	0	0	1	0
ASV1826	0	0	0	0	0	0	0	0	0	0	0	0	0	0	0	0	0	1	7	0	0	0	0	0	0	0	0	0	0	0	0	0	0	0	0	0	0	0	0	0	0	1	10	5	0	0	0	0	0	0	0	0	0	0	0	0	0	0	0
ASV2174	0	0	0	0	0	0	0	0	0	0	0	0	0	4	0	0	0	0	0	0	19	0	0	0	0	0	0	0	0	0	0	0	0	0	0	0	0	0	1	0	0	0	0	0	0	0	0	0	0	0	0	0	0	0	0	0	0	0	0
ASV929	0	0	0	0	0	0	0	0	0	0	0	0	0	0	0	0	0	0	0	0	0	0	0	0	0	0	0	0	0	23	0	0	0	0	0	0	0	0	0	0	0	0	0	0	0	0	0	0	0	0	0	0	0	0	0	1	0	0	0
ASV958	0	0	0	0	0	0	0	0	0	0	0	0	0	0	0	0	0	0	0	0	0	0	0	0	0	0	0	0	24	0	0	0	0	0	0	0	0	0	0	0	0	0	0	0	0	0	0	0	0	0	0	0	0	0	0	0	0	0	0
ASV1018	0	0	0	0	0	0	0	0	0	0	0	0	0	0	0	0	0	0	0	0	0	0	0	0	23	0	0	0	0	0	0	0	0	0	0	0	0	0	0	0	0	0	0	0	0	0	0	0	0	0	0	0	0	0	0	0	0	0	0
ASV1024	0	0	0	0	0	0	0	0	0	0	0	0	0	0	0	0	0	0	0	0	0	0	0	0	0	0	0	0	0	0	0	0	0	0	0	0	0	0	0	0	0	0	0	0	0	22	0	0	0	0	0	0	0	0	0	0	0	0	1
ASV1025	0	0	0	0	0	0	0	0	0	0	0	0	0	3	0	0	0	0	0	0	0	8	0	0	0	0	0	0	0	0	0	0	0	0	3	0	0	0	2	7	0	0	0	0	0	0	0	0	0	0	0	0	0	0	0	0	0	0	0
ASV1039	0	0	0	0	0	0	0	0	0	0	0	0	0	0	0	0	13	0	0	2	0	0	0	0	0	0	0	0	0	0	0	0	0	0	2	0	0	0	0	0	3	0	0	3	0	0	0	0	0	0	0	0	0	0	0	0	0	0	0
ASV1053	0	0	0	0	0	0	0	0	0	0	0	0	0	0	0	0	0	0	0	0	0	0	0	8	0	0	10	0	0	0	0	0	0	0	0	0	0	0	0	0	0	0	0	0	0	0	0	0	2	0	0	1	2	0	0	0	0	0	0
ASV1065	0	0	0	0	0	0	0	0	0	0	0	0	0	0	0	0	0	0	0	0	0	0	0	0	0	0	0	0	23	0	0	0	0	0	0	0	0	0	0	0	0	0	0	0	0	0	0	0	0	0	0	0	0	0	0	0	0	0	0
ASV1083	0	0	0	0	0	0	0	0	0	0	0	0	0	0	0	0	0	0	0	0	0	0	0	0	0	0	0	0	0	0	0	0	0	0	3	0	0	0	0	0	0	0	0	0	0	0	0	0	12	4	0	0	4	0	0	0	0	0	0
ASV1089	0	0	0	0	0	0	0	0	0	0	0	0	0	0	0	7	0	1	4	3	1	0	0	0	2	0	0	0	0	0	0	0	0	0	2	0	0	0	0	0	2	0	0	0	0	0	0	0	0	0	0	0	1	0	0	0	0	0	0
ASV1105	0	0	0	0	0	0	0	0	0	0	0	0	0	0	0	0	0	0	0	0	0	0	0	0	0	0	0	0	0	0	0	0	0	0	0	0	0	0	0	0	0	0	0	0	0	0	0	0	0	0	0	0	0	0	0	0	0	23	0
ASV1117	0	0	0	0	0	0	0	0	0	0	0	0	0	0	0	0	0	0	0	0	0	0	0	0	0	0	0	0	0	0	0	0	0	0	0	0	0	23	0	0	0	0	0	0	0	0	0	0	0	0	0	0	0	0	0	0	0	0	0
ASV1118	0	0	0	0	0	0	0	0	0	0	0	0	0	11	0	6	0	0	0	0	0	0	0	0	1	0	0	0	0	0	0	0	0	0	0	0	0	0	0	0	1	0	0	0	0	0	0	0	0	0	0	0	0	0	0	0	0	0	4
ASV1123	0	0	0	0	0	0	0	0	0	0	0	0	0	0	0	0	0	0	0	0	23	0	0	0	0	0	0	0	0	0	0	0	0	0	0	0	0	0	0	0	0	0	0	0	0	0	0	0	0	0	0	0	0	0	0	0	0	0	0
ASV1134	0	0	0	0	0	0	0	0	0	0	0	0	0	0	0	0	0	0	0	0	0	0	0	0	0	0	0	0	0	0	0	0	0	0	0	23	0	0	0	0	0	0	0	0	0	0	0	0	0	0	0	0	0	0	0	0	0	0	0
ASV1135	0	0	0	0	0	0	0	0	0	0	0	0	0	0	0	0	0	4	0	0	0	0	0	0	0	0	0	0	0	0	0	0	0	0	0	0	19	0	0	0	0	0	0	0	0	0	0	0	0	0	0	0	0	0	0	0	0	0	0
ASV1150	0	0	0	0	0	0	0	0	0	0	0	0	0	0	0	0	0	0	0	0	0	0	0	0	0	0	0	0	0	0	0	0	0	0	0	0	0	0	0	0	0	0	0	0	0	0	0	0	0	0	0	0	0	0	0	0	0	23	0
ASV1157	0	0	0	0	0	0	0	0	0	0	0	0	0	0	0	0	0	0	0	0	0	0	0	0	0	0	0	0	0	0	0	0	0	0	0	0	23	0	0	0	0	0	0	0	0	0	0	0	0	0	0	0	0	0	0	0	0	0	0
ASV1172	0	0	0	0	0	0	0	0	0	0	0	0	19	0	4	0	0	0	0	0	0	0	0	0	0	0	0	0	0	0	0	0	0	0	0	0	0	0	0	0	0	0	0	0	0	0	0	0	0	0	0	0	0	0	0	0	0	0	0
ASV1198	0	0	0	0	0	0	0	0	0	0	0	0	0	0	0	0	0	0	0	0	1	0	0	0	0	0	0	0	0	0	0	0	0	0	1	0	0	0	0	0	0	0	0	0	0	0	0	0	4	6	0	6	5	0	0	0	0	0	0
ASV1276	0	0	0	0	0	0	0	0	0	0	0	0	0	0	0	0	0	0	5	0	0	0	0	0	0	0	0	0	0	0	0	0	0	0	0	0	0	0	6	0	9	0	0	0	0	0	0	0	0	0	0	0	0	0	0	0	0	3	0
ASV1283	0	0	0	0	0	0	0	0	0	0	0	0	12	4	0	2	0	0	0	0	0	0	0	0	0	0	0	0	0	0	0	0	0	0	0	0	0	0	0	0	3	0	0	2	0	0	0	0	0	0	0	0	0	0	0	0	0	0	0
ASV1375	0	0	0	0	0	0	0	0	0	0	0	0	0	0	0	0	0	0	0	0	0	0	0	0	0	0	0	0	0	0	0	16	0	0	0	0	0	0	0	0	0	0	6	0	0	0	0	0	0	0	0	1	0	0	0	0	0	0	0
ASV1396	0	0	0	0	0	0	0	0	0	0	0	0	0	1	0	0	0	0	2	0	0	0	0	14	0	0	0	0	0	0	0	0	0	0	4	0	0	0	0	0	2	0	0	0	0	0	0	0	0	0	0	0	0	0	0	0	0	0	0
ASV1405	0	0	0	0	0	0	0	0	0	0	0	0	0	0	0	7	0	0	0	0	0	0	0	7	0	0	0	0	0	0	0	0	0	0	0	0	0	0	0	0	2	0	0	7	0	0	0	0	0	0	0	0	0	0	0	0	0	0	0
ASV1409	0	0	0	0	0	0	0	0	0	0	0	0	0	0	0	0	0	0	0	0	0	0	0	0	0	0	0	0	0	0	0	0	0	0	0	0	0	0	0	0	0	0	0	0	0	0	0	0	0	0	0	3	0	0	0	0	0	15	5
ASV1444	0	0	0	0	0	0	0	0	0	0	0	0	0	0	0	0	23	0	0	0	0	0	0	0	0	0	0	0	0	0	0	0	0	0	0	0	0	0	0	0	0	0	0	0	0	0	0	0	0	0	0	0	0	0	0	0	0	0	0
ASV1473	0	0	0	0	0	0	0	0	0	0	0	0	0	7	0	5	0	0	0	0	0	0	0	0	0	0	0	0	0	0	0	0	0	0	0	0	0	0	0	0	0	7	0	2	0	0	0	0	2	0	0	0	0	0	0	0	0	0	0
ASV1562	0	0	0	0	0	0	0	0	0	0	0	0	0	0	0	0	0	0	0	0	0	0	0	0	0	0	0	0	0	0	0	0	0	0	0	0	0	0	0	0	0	0	0	0	0	0	0	0	0	0	0	0	0	0	0	0	0	21	2
ASV1636	0	0	0	0	0	0	0	0	0	0	0	0	0	7	0	0	0	1	0	0	0	0	0	0	0	0	0	0	0	0	0	0	0	0	0	0	0	0	0	0	0	0	0	0	0	0	0	0	0	0	15	0	0	0	0	0	0	0	0
ASV1727	0	0	0	0	0	0	0	0	0	0	0	0	0	0	0	0	0	0	0	0	0	0	0	0	0	0	0	0	0	0	0	0	0	0	0	0	0	0	0	0	0	0	0	0	0	0	0	0	0	0	0	0	0	0	0	0	0	23	0
ASV1728	0	0	0	0	0	0	0	0	0	0	0	0	0	0	0	0	0	11	0	0	0	0	0	0	0	0	0	0	0	0	0	0	0	0	0	0	0	0	0	0	0	0	0	0	0	0	0	0	0	0	0	0	0	10	0	0	0	0	2
ASV1856	0	0	0	0	0	0	0	0	0	0	0	0	0	0	0	0	0	8	0	0	0	0	0	0	0	9	0	0	0	0	0	0	0	0	0	0	0	0	5	0	0	0	0	0	0	0	0	0	0	0	0	1	0	0	0	0	0	0	0
ASV2157	0	0	0	0	0	0	0	0	0	0	0	0	4	0	0	0	0	12	0	0	0	0	0	0	0	0	0	0	0	0	0	0	0	0	0	0	0	0	0	0	0	0	4	0	0	0	0	0	0	0	0	1	0	0	0	0	0	0	2
ASV966	0	0	0	0	0	0	0	0	0	0	0	0	0	0	0	0	0	23	0	0	0	0	0	0	0	0	0	0	0	0	0	0	0	0	0	0	0	0	0	0	0	0	0	0	0	0	0	0	0	0	0	0	0	0	0	0	0	0	0
ASV988	0	0	0	0	0	0	0	0	0	0	0	0	3	0	0	0	5	0	0	0	0	0	0	0	5	0	0	0	0	0	0	0	0	0	0	0	0	0	0	0	0	0	0	0	0	0	0	0	0	0	4	0	0	0	0	0	0	5	1
ASV1057	0	0	0	0	0	0	0	0	0	0	0	0	0	8	0	0	0	0	0	2	0	0	0	0	0	12	0	0	0	0	0	0	0	0	0	0	0	0	0	0	0	0	0	0	0	0	0	0	0	0	0	0	0	0	0	0	0	0	0
ASV1058	0	0	0	0	0	0	0	0	0	0	0	0	0	0	0	0	0	0	0	0	0	0	0	0	0	0	0	0	0	0	0	0	0	0	0	0	0	0	0	0	0	0	22	0	0	0	0	0	0	0	0	0	0	0	0	0	0	0	0
ASV1099	0	0	0	0	0	0	0	0	0	0	0	0	0	0	0	0	0	1	0	0	0	0	0	0	0	0	20	0	0	0	0	0	0	0	0	0	0	0	0	0	1	0	0	0	0	0	0	0	0	0	0	0	0	0	0	0	0	0	0
ASV1107	0	0	0	0	0	0	0	0	0	0	0	0	0	21	0	0	0	0	0	0	0	0	0	0	0	0	1	0	0	0	0	0	0	0	0	0	0	0	0	0	0	0	0	0	0	0	0	0	0	0	0	0	0	0	0	0	0	0	0
ASV1113	0	0	0	0	0	0	0	0	0	0	0	0	0	0	0	0	0	0	0	0	21	0	0	0	0	0	1	0	0	0	0	0	0	0	0	0	0	0	0	0	0	0	0	0	0	0	0	0	0	0	0	0	0	0	0	0	0	0	0
ASV1116	0	0	0	0	0	0	0	0	0	0	0	0	0	0	0	0	0	0	0	0	0	0	0	0	0	0	0	0	0	0	0	0	0	0	0	0	0	0	0	0	0	0	0	0	0	0	0	0	3	3	0	1	0	12	0	2	0	1	0
ASV1151	0	0	0	0	0	0	0	0	0	0	0	0	0	0	0	0	0	0	0	0	0	0	0	0	0	0	0	0	0	0	0	0	0	0	0	0	0	22	0	0	0	0	0	0	0	0	0	0	0	0	0	0	0	0	0	0	0	0	0
ASV1163	0	0	0	0	0	0	0	0	0	0	0	0	7	2	0	0	0	0	0	3	0	0	0	0	0	0	0	0	0	0	0	0	0	0	0	0	0	0	0	0	0	0	0	0	0	0	0	0	2	2	0	1	1	0	0	2	0	2	0
ASV1169	0	0	0	0	0	0	0	0	0	0	0	0	0	0	0	0	0	0	0	22	0	0	0	0	0	0	0	0	0	0	0	0	0	0	0	0	0	0	0	0	0	0	0	0	0	0	0	0	0	0	0	0	0	0	0	0	0	0	0
ASV1180	0	0	0	0	0	0	0	0	0	0	0	0	0	0	0	0	0	0	0	0	0	0	0	0	0	0	0	0	0	21	0	0	0	0	0	0	0	0	0	0	0	0	0	0	0	0	0	0	0	0	1	0	0	0	0	0	0	0	0
ASV1183	0	0	0	0	0	0	0	0	0	0	0	0	0	0	0	1	0	0	0	1	0	0	0	0	0	0	0	0	0	0	0	0	0	0	3	0	0	0	13	0	0	0	0	0	0	0	0	0	0	0	0	0	0	0	0	0	0	2	2
ASV1200	0	0	0	0	0	0	0	0	0	0	0	0	0	0	0	12	7	0	0	0	0	0	0	0	0	0	0	0	0	0	0	0	0	0	0	0	0	0	0	0	0	0	0	0	0	0	0	0	0	0	0	3	0	0	0	0	0	0	0
ASV1229	0	0	0	0	0	0	0	0	0	0	0	0	0	0	0	0	0	0	0	0	0	0	0	0	0	0	0	0	0	0	0	0	0	0	0	0	0	0	0	0	0	0	0	0	0	0	0	0	0	0	0	0	0	0	0	22	0	0	0
ASV1239	0	0	0	0	0	0	0	0	0	0	0	0	0	0	0	10	0	0	1	0	0	0	0	0	11	0	0	0	0	0	0	0	0	0	0	0	0	0	0	0	0	0	0	0	0	0	0	0	0	0	0	0	0	0	0	0	0	0	0
ASV1264	0	0	0	0	0	0	0	0	0	0	0	0	0	2	2	0	1	0	1	0	0	0	0	0	0	0	0	0	0	0	0	0	0	0	5	0	0	0	0	0	0	0	0	0	0	0	0	0	0	0	0	11	0	0	0	0	0	0	0
ASV1306	0	0	0	0	0	0	0	0	0	0	0	0	0	0	0	3	0	0	0	0	0	0	0	0	0	0	0	0	0	0	0	0	0	0	6	0	0	0	0	5	0	0	1	4	0	0	0	0	1	2	0	0	0	0	0	0	0	0	0
ASV1379	0	0	0	0	0	0	0	0	0	0	0	0	1	0	0	3	0	0	0	0	0	0	0	0	0	0	0	0	0	0	0	0	0	0	0	0	0	0	0	0	0	0	0	0	0	0	0	0	0	0	1	0	0	0	0	0	0	16	1
ASV1403	0	0	0	0	0	0	0	0	0	0	0	0	0	0	0	0	0	0	0	0	20	0	0	0	0	0	0	0	0	0	0	0	0	0	2	0	0	0	0	0	0	0	0	0	0	0	0	0	0	0	0	0	0	0	0	0	0	0	0
ASV1511	0	0	0	0	0	0	0	0	0	0	0	0	0	0	0	0	0	0	0	0	0	0	0	0	0	0	0	0	0	0	0	0	0	0	0	0	0	0	0	0	0	0	0	0	0	1	0	0	0	2	0	0	0	0	0	1	0	11	7
ASV1950	0	0	0	0	0	0	0	0	0	0	0	0	0	0	0	0	0	22	0	0	0	0	0	0	0	0	0	0	0	0	0	0	0	0	0	0	0	0	0	0	0	0	0	0	0	0	0	0	0	0	0	0	0	0	0	0	0	0	0
ASV2221	0	0	0	0	0	0	0	0	0	0	0	0	0	0	0	0	3	0	0	0	0	0	0	0	0	0	0	0	0	0	0	0	0	14	0	0	0	0	2	0	0	0	0	3	0	0	0	0	0	0	0	0	0	0	0	0	0	0	0
ASV1085	0	0	0	0	0	0	0	0	0	0	0	0	0	0	0	0	0	0	0	0	0	0	0	0	0	0	0	0	0	0	0	0	0	0	0	0	0	0	0	0	0	0	0	0	0	21	0	0	0	0	0	0	0	0	0	0	0	0	0
ASV1109	0	0	0	0	0	0	0	0	0	0	0	0	0	0	0	0	0	0	0	0	0	0	0	0	0	0	0	0	0	0	0	0	0	0	0	0	21	0	0	0	0	0	0	0	0	0	0	0	0	0	0	0	0	0	0	0	0	0	0
ASV1125	0	0	0	0	0	0	0	0	0	0	0	0	21	0	0	0	0	0	0	0	0	0	0	0	0	0	0	0	0	0	0	0	0	0	0	0	0	0	0	0	0	0	0	0	0	0	0	0	0	0	0	0	0	0	0	0	0	0	0
ASV1164	0	0	0	0	0	0	0	0	0	0	0	0	0	0	0	0	0	0	0	0	0	0	0	3	0	0	0	0	4	0	0	0	0	0	3	0	0	0	2	3	0	3	3	0	0	0	0	0	0	0	0	0	0	0	0	0	0	0	0
ASV1186	0	0	0	0	0	0	0	0	0	0	0	0	0	0	0	0	0	21	0	0	0	0	0	0	0	0	0	0	0	0	0	0	0	0	0	0	0	0	0	0	0	0	0	0	0	0	0	0	0	0	0	0	0	0	0	0	0	0	0
ASV1203	0	0	0	0	0	0	0	0	0	0	0	0	0	0	0	6	0	0	6	0	8	0	0	0	0	0	0	0	0	0	0	0	0	0	0	0	0	0	0	0	0	1	0	0	0	0	0	0	0	0	0	0	0	0	0	0	0	0	0
ASV1227	0	0	0	0	0	0	0	0	0	0	0	0	0	0	0	0	8	0	0	12	0	0	0	0	0	0	0	1	0	0	0	0	0	0	0	0	0	0	0	0	0	0	0	0	0	0	0	0	0	0	0	0	0	0	0	0	0	0	0
ASV1228	0	0	0	0	0	0	0	0	0	0	0	0	0	0	0	0	0	0	0	0	0	0	0	0	16	0	0	0	0	0	0	0	0	0	0	0	0	0	0	0	0	0	0	0	0	0	0	0	0	0	0	0	0	0	0	0	0	5	0
ASV1231	0	0	0	0	0	0	0	0	0	0	0	0	0	0	0	0	0	0	0	0	0	0	0	0	0	0	0	0	0	0	0	0	0	0	0	0	0	0	0	0	0	0	0	0	0	0	0	0	0	0	0	1	0	0	0	0	0	20	0
ASV1273	0	0	0	0	0	0	0	0	0	0	0	0	0	7	0	0	0	0	0	0	0	0	0	0	0	0	0	0	0	0	0	0	5	0	0	0	0	1	0	0	0	0	0	0	0	0	0	0	1	3	0	0	1	0	0	3	0	0	0
ASV1342	0	0	0	0	0	0	0	0	0	0	0	0	0	0	0	0	0	0	0	0	0	0	0	0	0	0	0	0	0	0	0	0	0	0	0	21	0	0	0	0	0	0	0	0	0	0	0	0	0	0	0	0	0	0	0	0	0	0	0
ASV1343	0	0	0	0	0	0	0	0	0	0	0	0	0	0	0	0	0	1	0	0	18	0	0	0	0	0	0	0	0	0	0	0	0	0	0	0	0	0	0	1	0	1	0	0	0	0	0	0	0	0	0	0	0	0	0	0	0	0	0
ASV1348	0	0	0	0	0	0	0	0	0	0	0	0	0	0	0	0	0	0	0	0	0	0	0	0	0	0	0	0	0	0	0	0	0	21	0	0	0	0	0	0	0	0	0	0	0	0	0	0	0	0	0	0	0	0	0	0	0	0	0
ASV1378	0	0	0	0	0	0	0	0	0	0	0	0	0	0	0	0	0	21	0	0	0	0	0	0	0	0	0	0	0	0	0	0	0	0	0	0	0	0	0	0	0	0	0	0	0	0	0	0	0	0	0	0	0	0	0	0	0	0	0
ASV1415	0	0	0	0	0	0	0	0	0	0	0	0	5	0	0	4	0	0	0	0	0	0	0	0	4	0	0	0	0	0	0	0	0	0	1	0	0	0	0	0	2	2	0	0	0	0	0	0	0	0	0	0	0	0	0	0	0	3	0
ASV1437	0	0	0	0	0	0	0	0	0	0	0	0	0	0	0	0	4	0	0	0	0	0	0	0	0	0	0	0	0	0	0	0	0	0	5	0	0	0	4	0	0	0	0	0	0	0	0	0	1	0	0	0	0	0	0	0	0	6	1
ASV1459	0	0	0	0	0	0	0	0	0	0	0	0	0	0	0	0	0	12	0	0	0	0	0	0	0	0	0	0	0	0	0	0	0	0	0	0	0	0	0	0	2	0	4	0	0	0	0	0	0	0	0	0	0	1	0	0	0	0	2
ASV1464	0	0	0	0	0	0	0	0	0	0	0	0	0	0	0	0	0	10	0	0	0	0	0	0	0	0	0	9	0	0	0	0	0	0	0	0	0	0	0	0	0	0	0	0	0	0	0	0	0	0	0	0	0	0	0	0	0	1	1
ASV1519	0	0	0	0	0	0	0	0	0	0	0	0	0	0	4	0	0	0	6	0	0	0	0	0	0	0	0	0	3	0	0	0	4	0	0	0	0	0	0	4	0	0	0	0	0	0	0	0	0	0	0	0	0	0	0	0	0	0	0
ASV1532	0	0	0	0	0	0	0	0	0	0	0	0	0	0	0	0	0	2	0	6	0	0	0	4	0	0	0	0	0	0	0	0	0	0	0	0	0	0	0	0	0	0	4	5	0	0	0	0	0	0	0	0	0	0	0	0	0	0	0
ASV1558	0	0	0	0	0	0	0	0	0	0	0	0	0	0	0	0	0	6	0	0	0	0	0	15	0	0	0	0	0	0	0	0	0	0	0	0	0	0	0	0	0	0	0	0	0	0	0	0	0	0	0	0	0	0	0	0	0	0	0
ASV1622	0	0	0	0	0	0	0	0	0	0	0	0	0	0	0	0	0	0	4	0	0	0	0	0	0	0	0	0	0	0	0	0	0	0	0	0	0	0	0	0	0	0	0	0	0	0	0	0	0	0	0	0	0	0	0	0	0	11	6
ASV1663	0	0	0	0	0	0	0	0	0	0	0	0	0	0	0	0	0	6	0	0	0	0	0	0	0	0	0	0	15	0	0	0	0	0	0	0	0	0	0	0	0	0	0	0	0	0	0	0	0	0	0	0	0	0	0	0	0	0	0
ASV1691	0	0	0	0	0	0	0	0	0	0	0	0	0	0	0	0	0	0	0	0	0	0	0	0	0	0	0	0	0	0	0	0	0	0	0	0	0	0	0	0	0	0	0	0	0	0	0	0	0	0	0	0	0	0	0	0	0	21	0
ASV1786	0	0	0	0	0	0	0	0	0	0	0	0	0	0	0	0	0	3	0	0	0	0	0	0	0	0	0	0	8	0	0	0	0	0	0	0	10	0	0	0	0	0	0	0	0	0	0	0	0	0	0	0	0	0	0	0	0	0	0
ASV1819	0	0	0	0	0	0	0	0	0	0	0	0	0	0	0	0	0	13	0	0	0	0	0	0	0	0	0	1	0	0	0	0	0	0	0	0	0	0	2	0	0	0	0	0	0	0	0	0	0	0	0	0	1	0	0	1	0	0	3
ASV1879	0	0	0	0	0	0	0	0	0	0	0	0	0	0	0	0	0	1	0	0	0	0	0	0	0	0	0	0	0	0	0	0	0	0	5	0	0	0	0	0	0	15	0	0	0	0	0	0	0	0	0	0	0	0	0	0	0	0	0
ASV1904	0	0	0	0	0	0	0	0	0	0	0	0	0	0	0	0	0	0	0	0	0	0	0	0	0	0	0	0	0	0	0	0	0	0	0	0	0	0	0	0	0	0	0	0	0	0	0	0	0	0	0	0	0	0	0	0	0	17	4
ASV1923	0	0	0	0	0	0	0	0	0	0	0	0	0	0	0	0	0	5	0	0	11	0	0	0	0	0	0	0	0	0	0	0	0	0	0	0	0	0	0	0	0	0	0	0	0	0	0	0	0	0	0	0	0	4	0	0	0	0	1
ASV1074	0	0	0	0	0	0	0	0	0	0	0	0	0	0	0	0	0	0	20	0	0	0	0	0	0	0	0	0	0	0	0	0	0	0	0	0	0	0	0	0	0	0	0	0	0	0	0	0	0	0	0	0	0	0	0	0	0	0	0
ASV1177	0	0	0	0	0	0	0	0	0	0	0	0	0	0	1	0	0	0	0	0	0	0	0	0	0	0	0	0	0	0	0	0	0	0	0	0	0	0	0	19	0	0	0	0	0	0	0	0	0	0	0	0	0	0	0	0	0	0	0
ASV1181	0	0	0	0	0	0	0	0	0	0	0	0	0	0	0	0	0	20	0	0	0	0	0	0	0	0	0	0	0	0	0	0	0	0	0	0	0	0	0	0	0	0	0	0	0	0	0	0	0	0	0	0	0	0	0	0	0	0	0
ASV1216	0	0	0	0	0	0	0	0	0	0	0	0	0	0	17	0	0	0	0	0	0	0	0	0	0	0	0	0	0	0	0	0	0	0	0	0	0	0	0	0	0	0	0	0	0	0	0	0	0	0	0	0	0	0	0	0	0	0	3
ASV1235	0	0	0	0	0	0	0	0	0	0	0	0	1	0	0	0	0	0	0	0	0	0	0	0	0	0	0	0	14	0	0	0	0	0	0	0	0	0	0	0	1	0	4	0	0	0	0	0	0	0	0	0	0	0	0	0	0	0	0
ASV1244	0	0	0	0	0	0	0	0	0	0	0	0	0	0	0	3	0	0	0	0	0	0	0	0	0	0	0	0	0	0	0	0	0	0	0	0	0	0	16	0	1	0	0	0	0	0	0	0	0	0	0	0	0	0	0	0	0	0	0
ASV1255	0	0	0	0	0	0	0	0	0	0	0	0	0	0	0	0	0	19	0	0	0	0	0	0	0	1	0	0	0	0	0	0	0	0	0	0	0	0	0	0	0	0	0	0	0	0	0	0	0	0	0	0	0	0	0	0	0	0	0
ASV1278	0	0	0	0	0	0	0	0	0	0	0	0	5	0	0	0	0	0	0	0	0	0	0	0	0	0	0	0	0	0	0	0	0	0	4	0	0	0	10	0	1	0	0	0	0	0	0	0	0	0	0	0	0	0	0	0	0	0	0
ASV1291	0	0	0	0	0	0	0	0	0	0	0	0	0	2	7	4	0	3	0	0	0	0	0	0	0	0	0	0	0	0	0	0	0	0	0	0	0	0	0	0	0	0	0	4	0	0	0	0	0	0	0	0	0	0	0	0	0	0	0
ASV1299	0	0	0	0	0	0	0	0	0	0	0	0	0	0	0	0	0	0	0	0	0	0	0	14	0	0	0	0	0	0	0	0	0	0	4	0	0	0	0	0	0	0	0	0	0	0	0	0	0	0	0	2	0	0	0	0	0	0	0
ASV1307	0	0	0	0	0	0	0	0	0	0	0	0	0	0	0	0	0	3	0	0	15	0	0	0	0	0	0	0	0	0	0	0	0	0	0	0	0	0	0	0	0	0	0	0	0	0	0	0	0	0	0	0	0	0	0	0	0	0	2
ASV1314	0	0	0	0	0	0	0	0	0	0	0	0	0	0	0	0	0	0	0	0	0	0	0	0	0	0	0	0	0	0	0	0	0	0	0	0	0	0	0	0	0	0	0	0	0	0	0	0	3	4	2	3	4	0	0	0	0	4	0
ASV1331	0	0	0	0	0	0	0	0	0	0	0	0	0	0	0	0	0	0	0	0	0	0	0	0	0	0	0	0	0	0	0	0	0	0	0	0	0	1	0	0	0	0	0	0	0	0	0	0	0	0	0	3	0	0	0	0	0	13	3
ASV1345	0	0	0	0	0	0	0	0	0	0	0	0	0	0	0	0	0	0	0	0	0	0	0	0	0	0	0	0	0	0	0	0	0	0	0	0	20	0	0	0	0	0	0	0	0	0	0	0	0	0	0	0	0	0	0	0	0	0	0
ASV1356	0	0	0	0	0	0	0	0	0	0	0	0	0	0	0	0	0	0	0	0	0	0	0	0	0	0	0	0	0	0	0	0	0	0	9	0	0	0	0	0	0	0	0	11	0	0	0	0	0	0	0	0	0	0	0	0	0	0	0
ASV1367	0	0	0	0	0	0	0	0	0	0	0	0	3	0	0	0	0	0	0	0	0	0	0	0	0	0	0	0	0	0	0	0	0	0	0	0	0	0	0	0	0	0	0	0	0	0	0	0	0	0	0	0	0	16	0	0	0	1	0
ASV1411	0	0	0	0	0	0	0	0	0	0	0	0	0	0	5	0	0	0	0	1	0	0	0	10	4	0	0	0	0	0	0	0	0	0	0	0	0	0	0	0	0	0	0	0	0	0	0	0	0	0	0	0	0	0	0	0	0	0	0
ASV1443	0	0	0	0	0	0	0	0	0	0	0	0	0	0	6	0	3	0	0	0	0	0	0	0	0	0	0	0	0	0	0	0	0	0	0	0	0	0	0	0	0	3	0	0	0	0	0	0	0	0	0	0	3	0	0	0	0	0	5
ASV1476	0	0	0	0	0	0	0	0	0	0	0	0	0	1	0	3	12	0	0	0	0	0	0	0	0	0	0	0	0	0	0	0	0	0	0	0	0	0	0	0	0	0	0	3	0	0	0	0	0	0	1	0	0	0	0	0	0	0	0
ASV1536	0	0	0	0	0	0	0	0	0	0	0	0	1	2	0	1	0	0	0	0	1	0	0	0	0	0	0	0	0	0	0	0	0	0	0	0	1	2	0	1	0	0	1	0	0	1	0	0	2	3	0	0	1	0	0	2	0	1	0
ASV1537	0	0	0	0	0	0	0	0	0	0	0	0	0	0	0	0	0	4	0	0	0	0	0	0	0	0	0	0	0	0	0	0	0	0	0	0	0	0	0	15	0	0	0	0	0	1	0	0	0	0	0	0	0	0	0	0	0	0	0
ASV1543	0	0	0	0	0	0	0	0	0	0	0	0	0	0	0	0	0	0	0	0	0	0	0	0	0	0	0	0	0	9	0	0	0	0	3	0	0	0	0	0	0	0	0	0	0	0	0	0	0	0	0	0	0	8	0	0	0	0	0
ASV1555	0	0	0	0	0	0	0	0	0	0	0	0	5	0	0	0	6	2	0	0	0	0	0	3	4	0	0	0	0	0	0	0	0	0	0	0	0	0	0	0	0	0	0	0	0	0	0	0	0	0	0	0	0	0	0	0	0	0	0
ASV1699	0	0	0	0	0	0	0	0	0	0	0	0	0	0	0	0	0	19	0	0	0	0	0	0	0	0	0	0	0	0	0	0	0	0	0	0	0	0	0	0	0	0	0	0	0	0	0	0	0	0	0	0	1	0	0	0	0	0	0
ASV1731	0	0	0	0	0	0	0	0	0	0	0	0	0	0	0	6	0	0	0	0	0	0	0	0	0	0	0	0	0	0	0	0	0	0	0	0	0	0	0	0	0	0	0	0	0	0	0	0	0	1	0	4	0	0	0	0	0	6	3
ASV1749	0	0	0	0	0	0	0	0	0	0	0	0	12	0	0	0	0	5	0	0	0	0	0	0	0	0	0	0	0	0	0	0	0	0	0	0	0	0	3	0	0	0	0	0	0	0	0	0	0	0	0	0	0	0	0	0	0	0	0
ASV1891	0	0	0	0	0	0	0	0	0	0	0	0	17	0	0	0	0	3	0	0	0	0	0	0	0	0	0	0	0	0	0	0	0	0	0	0	0	0	0	0	0	0	0	0	0	0	0	0	0	0	0	0	0	0	0	0	0	0	0
ASV1914	0	0	0	0	0	0	0	0	0	0	0	0	0	1	0	0	0	0	12	0	0	0	0	0	0	0	0	0	0	0	0	0	0	0	0	0	0	0	0	0	0	2	0	5	0	0	0	0	0	0	0	0	0	0	0	0	0	0	0
ASV2011	0	0	0	0	0	0	0	0	0	0	0	0	0	5	0	1	0	1	0	0	0	0	0	0	0	0	0	0	13	0	0	0	0	0	0	0	0	0	0	0	0	0	0	0	0	0	0	0	0	0	0	0	0	0	0	0	0	0	0
ASV2149	0	0	0	0	0	0	0	0	0	0	0	0	0	0	0	0	0	20	0	0	0	0	0	0	0	0	0	0	0	0	0	0	0	0	0	0	0	0	0	0	0	0	0	0	0	0	0	0	0	0	0	0	0	0	0	0	0	0	0
ASV1119	0	0	0	0	0	0	0	0	0	0	0	0	0	0	0	0	0	0	0	0	0	0	0	0	0	0	0	0	0	0	0	0	0	0	0	0	0	0	0	0	0	0	0	0	0	0	0	0	0	0	1	3	4	11	0	0	0	0	0
ASV1193	0	0	0	0	0	0	0	0	0	0	0	0	0	0	0	0	0	0	0	0	0	0	0	0	0	0	0	0	0	19	0	0	0	0	0	0	0	0	0	0	0	0	0	0	0	0	0	0	0	0	0	0	0	0	0	0	0	0	0
ASV1209	0	0	0	0	0	0	0	0	0	0	0	0	0	0	0	0	0	0	0	0	0	0	0	0	0	0	0	0	0	0	12	0	0	0	0	0	0	0	0	7	0	0	0	0	0	0	0	0	0	0	0	0	0	0	0	0	0	0	0
ASV1217	0	0	0	0	0	0	0	0	0	0	0	0	0	0	0	0	0	0	0	0	19	0	0	0	0	0	0	0	0	0	0	0	0	0	0	0	0	0	0	0	0	0	0	0	0	0	0	0	0	0	0	0	0	0	0	0	0	0	0
ASV1251	0	0	0	0	0	0	0	0	0	0	0	0	0	0	0	0	0	0	0	0	0	0	0	0	0	0	0	0	0	0	0	0	0	19	0	0	0	0	0	0	0	0	0	0	0	0	0	0	0	0	0	0	0	0	0	0	0	0	0
ASV1260	0	0	0	0	0	0	0	0	0	0	0	0	0	0	0	0	0	0	0	0	0	0	0	0	0	0	0	0	0	0	0	0	0	0	0	0	0	19	0	0	0	0	0	0	0	0	0	0	0	0	0	0	0	0	0	0	0	0	0
ASV1304	0	0	0	0	0	0	0	0	0	0	0	0	0	6	0	0	0	0	0	0	0	0	0	0	0	0	0	0	0	0	0	0	0	0	0	0	0	0	0	0	0	0	0	13	0	0	0	0	0	0	0	0	0	0	0	0	0	0	0
ASV1320	0	0	0	0	0	0	0	0	0	0	0	0	0	0	0	0	0	12	0	0	0	0	0	0	0	0	0	0	0	0	0	0	0	0	0	0	0	0	0	0	0	0	4	0	0	0	0	0	0	0	0	0	0	0	0	0	0	0	3
ASV1336	0	0	0	0	0	0	0	0	0	0	0	0	0	0	0	0	0	1	0	1	17	0	0	0	0	0	0	0	0	0	0	0	0	0	0	0	0	0	0	0	0	0	0	0	0	0	0	0	0	0	0	0	0	0	0	0	0	0	0
ASV1338	0	0	0	0	0	0	0	0	0	0	0	0	0	0	0	0	0	0	0	0	0	0	0	0	0	0	19	0	0	0	0	0	0	0	0	0	0	0	0	0	0	0	0	0	0	0	0	0	0	0	0	0	0	0	0	0	0	0	0
ASV1350	0	0	0	0	0	0	0	0	0	0	0	0	0	0	0	0	0	0	0	0	0	0	0	0	0	1	0	0	0	0	0	0	0	0	0	0	0	0	0	2	0	0	0	0	0	16	0	0	0	0	0	0	0	0	0	0	0	0	0
ASV1355	0	0	0	0	0	0	0	0	0	0	0	0	0	0	0	0	0	2	0	0	0	0	0	0	0	1	0	0	16	0	0	0	0	0	0	0	0	0	0	0	0	0	0	0	0	0	0	0	0	0	0	0	0	0	0	0	0	0	0
ASV1359	0	0	0	0	0	0	0	0	0	0	0	0	0	0	0	0	0	6	0	0	0	0	0	0	0	0	0	0	0	0	0	0	0	0	0	0	0	0	0	0	0	0	0	1	0	0	0	0	0	0	0	0	0	0	0	0	0	12	0
ASV1364	0	0	0	0	0	0	0	0	0	0	0	0	7	0	0	0	0	0	1	0	0	0	0	0	7	0	0	0	0	0	0	0	0	0	0	0	0	0	0	0	0	4	0	0	0	0	0	0	0	0	0	0	0	0	0	0	0	0	0
ASV1386	0	0	0	0	0	0	0	0	0	0	0	0	0	0	0	0	0	0	0	0	0	0	0	18	0	0	0	0	0	0	0	0	0	0	0	0	0	0	0	0	0	0	0	0	0	0	0	0	0	0	0	0	0	0	0	0	0	0	1
ASV1401	0	0	0	0	0	0	0	0	0	0	0	0	0	0	0	0	0	0	0	0	0	0	0	0	0	0	0	0	0	0	0	0	0	0	1	0	0	0	0	0	0	0	18	0	0	0	0	0	0	0	0	0	0	0	0	0	0	0	0
ASV1407	0	0	0	0	0	0	0	0	0	0	0	0	0	0	0	0	0	0	0	0	0	0	0	0	0	0	0	0	0	0	0	0	0	0	0	0	0	0	0	0	0	0	0	0	0	0	0	0	0	0	0	19	0	0	0	0	0	0	0
ASV1436	0	0	0	0	0	0	0	0	0	0	0	0	0	0	0	0	0	0	0	0	0	0	0	0	0	0	0	0	0	0	0	0	0	0	0	0	0	0	0	0	0	0	0	0	0	0	0	0	0	0	0	0	0	0	0	0	0	0	19
ASV1442	0	0	0	0	0	0	0	0	0	0	0	0	0	0	0	0	2	0	0	0	0	0	0	0	0	0	0	0	0	0	0	0	0	0	0	0	0	17	0	0	0	0	0	0	0	0	0	0	0	0	0	0	0	0	0	0	0	0	0
ASV1445	0	0	0	0	0	0	0	0	0	0	0	0	1	0	0	0	0	0	6	0	0	0	0	0	0	0	11	0	0	0	0	0	0	0	1	0	0	0	0	0	0	0	0	0	0	0	0	0	0	0	0	0	0	0	0	0	0	0	0
ASV1450	0	0	0	0	0	0	0	0	0	0	0	0	14	0	0	0	0	0	0	0	0	0	0	0	0	0	0	0	0	0	0	0	0	0	0	0	0	0	0	0	0	5	0	0	0	0	0	0	0	0	0	0	0	0	0	0	0	0	0
ASV1451	0	0	0	0	0	0	0	0	0	0	0	0	0	0	0	0	0	0	0	1	0	0	0	1	0	0	0	0	0	14	0	0	0	0	3	0	0	0	0	0	0	0	0	0	0	0	0	0	0	0	0	0	0	0	0	0	0	0	0
ASV1468	0	0	0	0	0	0	0	0	0	0	0	0	0	2	3	0	0	1	0	0	0	0	0	0	0	0	0	0	0	0	0	0	0	0	0	0	0	0	5	0	5	0	2	0	0	0	0	0	0	0	0	0	0	0	0	1	0	0	0
ASV1470	0	0	0	0	0	0	0	0	0	0	0	0	6	1	0	0	0	0	0	0	0	0	0	0	0	0	0	0	12	0	0	0	0	0	0	0	0	0	0	0	0	0	0	0	0	0	0	0	0	0	0	0	0	0	0	0	0	0	0
ASV1516	0	0	0	0	0	0	0	0	0	0	0	0	0	0	0	0	0	0	0	0	0	0	0	0	0	0	0	0	0	0	0	0	0	0	0	0	0	0	0	0	0	2	0	16	0	0	0	0	0	0	0	0	0	0	0	0	0	1	0
ASV1531	0	0	0	0	0	0	0	0	0	0	0	0	0	0	0	0	0	5	0	0	0	0	0	0	0	0	0	0	0	0	0	0	0	0	0	0	0	0	0	0	0	0	0	0	13	0	0	0	0	0	0	0	0	0	0	0	0	0	1
ASV1533	0	0	0	0	0	0	0	0	0	0	0	0	0	0	0	0	0	0	0	0	0	0	0	0	0	17	0	0	0	0	0	0	0	0	2	0	0	0	0	0	0	0	0	0	0	0	0	0	0	0	0	0	0	0	0	0	0	0	0
ASV1628	0	0	0	0	0	0	0	0	0	0	0	0	0	0	0	0	0	0	0	1	0	0	0	13	0	0	0	0	0	0	0	0	0	0	0	0	0	0	0	0	0	5	0	0	0	0	0	0	0	0	0	0	0	0	0	0	0	0	0
ASV1631	0	0	0	0	0	0	0	0	0	0	0	0	0	0	0	0	0	0	0	0	0	0	0	0	0	0	0	0	15	0	0	0	0	0	0	0	0	0	0	0	4	0	0	0	0	0	0	0	0	0	0	0	0	0	0	0	0	0	0
ASV1638	0	0	0	0	0	0	0	0	0	0	0	0	2	0	0	0	0	0	0	0	8	0	0	0	7	0	0	0	0	0	0	0	0	0	1	0	0	0	0	0	1	0	0	0	0	0	0	0	0	0	0	0	0	0	0	0	0	0	0
ASV1668	0	0	0	0	0	0	0	0	0	0	0	0	0	2	0	0	0	2	0	4	1	0	0	0	0	0	0	1	0	0	0	0	0	0	1	0	0	0	1	0	2	3	0	2	0	0	0	0	0	0	0	0	0	0	0	0	0	0	0
ASV1722	0	0	0	0	0	0	0	0	0	0	0	0	0	0	0	3	0	0	9	0	0	0	0	0	1	4	0	0	0	0	0	0	0	0	0	0	0	0	0	0	0	0	0	2	0	0	0	0	0	0	0	0	0	0	0	0	0	0	0
ASV1734	0	0	0	0	0	0	0	0	0	0	0	0	0	0	0	0	0	2	0	0	5	0	0	0	0	0	0	0	0	0	0	0	0	0	0	0	0	12	0	0	0	0	0	0	0	0	0	0	0	0	0	0	0	0	0	0	0	0	0
ASV1747	0	0	0	0	0	0	0	0	0	0	0	0	0	0	0	0	0	0	0	0	0	0	0	0	0	0	0	0	0	0	0	0	0	0	0	0	19	0	0	0	0	0	0	0	0	0	0	0	0	0	0	0	0	0	0	0	0	0	0
ASV1770	0	0	0	0	0	0	0	0	0	0	0	0	0	0	0	11	0	0	0	0	0	0	0	0	0	0	0	0	0	0	0	0	0	0	0	0	0	0	0	7	0	1	0	0	0	0	0	0	0	0	0	0	0	0	0	0	0	0	0
ASV1825	0	0	0	0	0	0	0	0	0	0	0	0	0	1	0	0	0	0	0	0	0	0	0	0	0	0	0	0	0	0	0	0	0	1	1	0	0	9	0	5	2	0	0	0	0	0	0	0	0	0	0	0	0	0	0	0	0	0	0
ASV1869	0	0	0	0	0	0	0	0	0	0	0	0	0	0	0	0	0	0	0	0	0	0	0	0	0	0	0	0	0	0	0	0	0	0	0	0	0	0	0	0	0	0	0	0	0	0	0	0	2	1	0	2	3	0	0	0	0	5	6
ASV1991	0	0	0	0	0	0	0	0	0	0	0	0	6	0	0	5	0	0	0	0	0	0	0	0	2	0	0	0	0	0	0	0	0	0	1	0	0	0	0	5	0	0	0	0	0	0	0	0	0	0	0	0	0	0	0	0	0	0	0
ASV2000	0	0	0	0	0	0	0	0	0	0	0	0	0	0	0	0	0	0	0	0	0	0	0	0	0	0	0	0	0	0	0	0	0	0	0	0	0	0	0	0	0	0	0	0	0	0	0	0	0	0	0	1	0	0	0	0	0	0	18
ASV2044	0	0	0	0	0	0	0	0	0	0	0	0	0	0	0	0	0	0	8	0	0	0	0	8	0	0	0	0	0	0	0	0	0	0	0	0	0	0	0	0	0	0	0	3	0	0	0	0	0	0	0	0	0	0	0	0	0	0	0
ASV2188	0	0	0	0	0	0	0	0	0	0	0	0	2	0	0	0	0	0	0	0	0	0	0	0	0	0	0	0	0	0	0	0	0	0	0	0	0	0	0	0	0	8	0	0	0	0	0	0	0	0	0	2	6	0	0	0	0	0	1
ASV2196	0	0	0	0	0	0	0	0	0	0	0	0	0	0	0	0	0	4	0	0	0	0	0	0	0	0	0	0	0	0	0	0	0	0	0	0	0	0	0	0	0	0	0	0	0	0	0	0	4	2	5	1	0	0	0	1	0	2	0
ASV1214	0	0	0	0	0	0	0	0	0	0	0	0	0	0	0	0	0	0	0	0	0	0	0	0	0	0	18	0	0	0	0	0	0	0	0	0	0	0	0	0	0	0	0	0	0	0	0	0	0	0	0	0	0	0	0	0	0	0	0
ASV1219	0	0	0	0	0	0	0	0	0	0	0	0	0	0	0	0	0	0	0	0	0	0	0	17	0	0	0	0	0	0	0	0	0	0	0	0	0	0	0	0	1	0	0	0	0	0	0	0	0	0	0	0	0	0	0	0	0	0	0
ASV1245	0	0	0	0	0	0	0	0	0	0	0	0	0	0	0	0	0	11	0	0	0	0	0	0	0	0	0	0	0	0	0	0	7	0	0	0	0	0	0	0	0	0	0	0	0	0	0	0	0	0	0	0	0	0	0	0	0	0	0
ASV1261	0	0	0	0	0	0	0	0	0	0	0	0	0	0	0	2	0	0	0	0	0	0	0	0	0	0	0	0	0	0	0	0	0	0	0	1	0	0	0	0	0	0	0	0	0	0	0	0	4	3	4	0	0	0	0	1	0	3	0
ASV1272	0	0	0	0	0	0	0	0	0	0	0	0	0	0	0	0	0	0	0	0	0	0	0	0	0	0	0	0	0	0	18	0	0	0	0	0	0	0	0	0	0	0	0	0	0	0	0	0	0	0	0	0	0	0	0	0	0	0	0
ASV1286	0	0	0	0	0	0	0	0	0	0	0	0	0	0	0	0	0	0	0	0	0	0	0	0	8	0	0	0	0	0	0	0	0	0	0	0	0	0	0	0	8	1	1	0	0	0	0	0	0	0	0	0	0	0	0	0	0	0	0
ASV1287	0	0	0	0	0	0	0	0	0	0	0	0	0	0	0	0	0	0	14	0	0	0	0	0	0	0	0	0	0	0	0	0	0	0	0	0	0	0	0	0	0	0	4	0	0	0	0	0	0	0	0	0	0	0	0	0	0	0	0
ASV1293	0	0	0	0	0	0	0	0	0	0	0	0	0	0	0	0	0	0	0	0	0	0	0	0	0	0	0	0	0	0	0	0	0	18	0	0	0	0	0	0	0	0	0	0	0	0	0	0	0	0	0	0	0	0	0	0	0	0	0
ASV1316	0	0	0	0	0	0	0	0	0	0	0	0	0	0	0	0	0	0	8	0	0	0	0	0	0	0	0	0	0	0	0	0	0	0	0	0	0	0	0	0	1	9	0	0	0	0	0	0	0	0	0	0	0	0	0	0	0	0	0
ASV1365	0	0	0	0	0	0	0	0	0	0	0	0	0	0	0	0	0	0	0	0	0	0	0	0	18	0	0	0	0	0	0	0	0	0	0	0	0	0	0	0	0	0	0	0	0	0	0	0	0	0	0	0	0	0	0	0	0	0	0
ASV1373	0	0	0	0	0	0	0	0	0	0	0	0	0	0	0	0	11	6	0	1	0	0	0	0	0	0	0	0	0	0	0	0	0	0	0	0	0	0	0	0	0	0	0	0	0	0	0	0	0	0	0	0	0	0	0	0	0	0	0
ASV1382	0	0	0	0	0	0	0	0	0	0	0	0	0	0	0	4	0	0	0	0	0	0	0	0	0	0	0	0	0	0	0	0	0	0	0	0	0	0	0	0	0	0	0	0	0	0	0	0	0	0	0	5	9	0	0	0	0	0	0
ASV1390	0	0	0	0	0	0	0	0	0	0	0	0	0	0	0	0	0	0	0	0	0	0	0	0	0	0	0	0	0	0	18	0	0	0	0	0	0	0	0	0	0	0	0	0	0	0	0	0	0	0	0	0	0	0	0	0	0	0	0
ASV1432	0	0	0	0	0	0	0	0	0	0	0	0	0	0	0	3	0	0	0	0	0	0	0	0	0	0	0	0	0	0	0	0	0	0	0	0	0	0	0	0	0	0	0	0	0	15	0	0	0	0	0	0	0	0	0	0	0	0	0
ASV1449	0	0	0	0	0	0	0	0	0	0	0	0	0	0	0	0	0	0	0	0	0	0	0	0	0	0	0	0	0	0	0	0	0	0	0	0	18	0	0	0	0	0	0	0	0	0	0	0	0	0	0	0	0	0	0	0	0	0	0
ASV1499	0	0	0	0	0	0	0	0	0	0	0	0	0	0	0	0	0	0	0	0	18	0	0	0	0	0	0	0	0	0	0	0	0	0	0	0	0	0	0	0	0	0	0	0	0	0	0	0	0	0	0	0	0	0	0	0	0	0	0
ASV1526	0	0	0	0	0	0	0	0	0	0	0	0	11	0	0	0	0	0	0	0	0	0	0	0	0	0	0	0	0	0	0	0	0	0	0	0	0	0	0	0	0	0	0	0	0	0	0	0	0	0	0	0	0	0	0	0	0	7	0
ASV1529	0	0	0	0	0	0	0	0	0	0	0	0	9	1	0	0	0	0	0	0	0	0	0	0	0	0	0	0	0	0	0	0	0	0	0	0	0	0	0	0	7	0	0	0	0	0	0	0	0	0	0	0	0	0	0	0	0	1	0
ASV1586	0	0	0	0	0	0	0	0	0	0	0	0	2	3	0	0	0	0	4	0	0	0	0	0	0	0	0	0	0	0	0	0	0	0	1	0	0	0	0	0	0	0	0	8	0	0	0	0	0	0	0	0	0	0	0	0	0	0	0
ASV1616	0	0	0	0	0	0	0	0	0	0	0	0	0	0	0	0	0	0	0	0	0	0	0	0	0	0	18	0	0	0	0	0	0	0	0	0	0	0	0	0	0	0	0	0	0	0	0	0	0	0	0	0	0	0	0	0	0	0	0
ASV1620	0	0	0	0	0	0	0	0	0	0	0	0	0	0	0	0	0	0	0	0	0	0	0	0	0	0	0	0	0	0	0	0	0	0	0	0	0	0	0	0	0	0	0	0	0	0	0	0	0	0	0	0	0	0	0	0	0	18	0
ASV1645	0	0	0	0	0	0	0	0	0	0	0	0	0	0	0	0	0	2	0	0	16	0	0	0	0	0	0	0	0	0	0	0	0	0	0	0	0	0	0	0	0	0	0	0	0	0	0	0	0	0	0	0	0	0	0	0	0	0	0
ASV1739	0	0	0	0	0	0	0	0	0	0	0	0	13	0	0	0	0	0	0	0	0	0	0	0	3	0	0	0	0	0	0	0	0	0	0	0	0	0	2	0	0	0	0	0	0	0	0	0	0	0	0	0	0	0	0	0	0	0	0
ASV1757	0	0	0	0	0	0	0	0	0	0	0	0	0	5	0	0	0	0	0	0	0	0	0	0	5	0	0	0	0	0	0	0	0	0	0	0	0	0	0	6	0	2	0	0	0	0	0	0	0	0	0	0	0	0	0	0	0	0	0
ASV1887	0	0	0	0	0	0	0	0	0	0	0	0	0	0	0	0	3	0	0	0	0	0	0	0	0	0	0	0	0	0	0	0	0	0	0	0	0	0	0	0	0	0	0	0	0	0	0	0	0	0	0	2	0	0	0	0	0	13	0
ASV2027	0	0	0	0	0	0	0	0	0	0	0	0	4	0	0	0	2	0	5	0	0	0	0	0	0	0	0	0	0	0	0	0	0	0	3	0	0	0	2	0	1	1	0	0	0	0	0	0	0	0	0	0	0	0	0	0	0	0	0
ASV2107	0	0	0	0	0	0	0	0	0	0	0	0	0	0	1	0	0	0	0	0	0	0	0	0	9	0	0	0	0	0	0	0	0	0	0	0	0	0	0	0	0	0	8	0	0	0	0	0	0	0	0	0	0	0	0	0	0	0	0
ASV2119	0	0	0	0	0	0	0	0	0	0	0	0	0	0	0	0	0	2	0	0	0	0	0	0	0	0	0	0	9	0	0	0	0	0	0	0	7	0	0	0	0	0	0	0	0	0	0	0	0	0	0	0	0	0	0	0	0	0	0
ASV1199	0	0	0	0	0	0	0	0	0	0	0	0	0	0	0	0	0	0	0	0	0	0	0	0	0	15	0	0	0	0	0	0	0	0	0	0	0	0	0	2	0	0	0	0	0	0	0	0	0	0	0	0	0	0	0	0	0	0	0
ASV1238	0	0	0	0	0	0	0	0	0	0	0	0	0	0	0	0	0	0	0	0	0	0	0	0	11	0	0	0	0	0	0	0	0	0	0	0	0	0	0	0	0	0	0	0	0	0	0	0	0	0	0	0	0	0	0	0	0	6	0
ASV1266	0	0	0	0	0	0	0	0	0	0	0	0	0	0	0	0	0	0	0	0	0	0	0	0	17	0	0	0	0	0	0	0	0	0	0	0	0	0	0	0	0	0	0	0	0	0	0	0	0	0	0	0	0	0	0	0	0	0	0
ASV1301	0	0	0	0	0	0	0	0	0	0	0	0	0	0	0	0	0	0	0	0	0	0	0	0	0	0	0	0	0	0	0	0	0	0	0	0	0	0	0	0	0	16	0	0	0	0	0	0	0	0	0	0	0	0	0	1	0	0	0
ASV1308	0	0	0	0	0	0	0	0	0	0	0	0	0	0	0	0	0	0	0	0	0	0	0	0	0	0	0	0	0	0	0	0	0	0	0	0	0	0	0	0	0	0	0	17	0	0	0	0	0	0	0	0	0	0	0	0	0	0	0
ASV1323	0	0	0	0	0	0	0	0	0	0	0	0	0	0	0	0	0	0	17	0	0	0	0	0	0	0	0	0	0	0	0	0	0	0	0	0	0	0	0	0	0	0	0	0	0	0	0	0	0	0	0	0	0	0	0	0	0	0	0
ASV1334	0	0	0	0	0	0	0	0	0	0	0	0	0	0	0	0	10	0	0	0	0	0	0	0	0	0	0	0	0	0	0	0	0	0	0	0	0	0	5	1	0	0	0	0	0	0	0	0	0	0	0	0	1	0	0	0	0	0	0
ASV1341	0	0	0	0	0	0	0	0	0	0	0	0	0	0	0	0	0	17	0	0	0	0	0	0	0	0	0	0	0	0	0	0	0	0	0	0	0	0	0	0	0	0	0	0	0	0	0	0	0	0	0	0	0	0	0	0	0	0	0
ASV1368	0	0	0	0	0	0	0	0	0	0	0	0	0	0	0	0	0	0	0	0	4	0	0	0	0	0	0	0	0	8	0	0	0	0	5	0	0	0	0	0	0	0	0	0	0	0	0	0	0	0	0	0	0	0	0	0	0	0	0
ASV1421	0	0	0	0	0	0	0	0	0	0	0	0	0	0	0	0	0	0	0	0	0	0	0	0	0	0	0	0	0	0	0	0	0	0	0	0	0	0	0	0	0	0	0	17	0	0	0	0	0	0	0	0	0	0	0	0	0	0	0
ASV1441	0	0	0	0	0	0	0	0	0	0	0	0	0	0	0	0	0	0	0	0	16	0	0	0	0	0	0	0	0	0	0	0	0	0	0	0	0	1	0	0	0	0	0	0	0	0	0	0	0	0	0	0	0	0	0	0	0	0	0
ASV1467	0	0	0	0	0	0	0	0	0	0	0	0	0	5	0	0	0	0	0	0	0	0	0	2	0	0	0	0	0	0	0	0	0	0	6	0	0	0	0	0	1	1	0	2	0	0	0	0	0	0	0	0	0	0	0	0	0	0	0
ASV1478	0	0	0	0	0	0	0	0	0	0	0	0	0	0	0	0	0	0	0	0	0	0	0	0	0	0	0	0	0	0	17	0	0	0	0	0	0	0	0	0	0	0	0	0	0	0	0	0	0	0	0	0	0	0	0	0	0	0	0
ASV1563	0	0	0	0	0	0	0	0	0	0	0	0	0	6	0	0	0	0	0	0	0	0	0	0	8	0	0	0	0	0	0	0	0	0	0	0	0	0	0	0	0	0	0	3	0	0	0	0	0	0	0	0	0	0	0	0	0	0	0
ASV1570	0	0	0	0	0	0	0	0	0	0	0	0	0	0	0	14	0	0	0	0	0	0	0	0	0	0	0	0	0	0	0	0	0	0	0	0	0	0	0	0	0	0	0	0	0	0	0	0	0	0	0	0	0	0	0	3	0	0	0
ASV1574	0	0	0	0	0	0	0	0	0	0	0	0	0	0	0	0	0	0	0	0	0	0	0	1	0	0	0	0	0	0	0	0	0	0	0	0	0	0	0	0	0	0	0	0	0	0	0	0	0	0	0	0	0	0	0	0	0	16	0
ASV1587	0	0	0	0	0	0	0	0	0	0	0	0	0	0	0	0	0	0	0	0	0	0	0	0	0	0	0	0	0	0	0	0	16	0	1	0	0	0	0	0	0	0	0	0	0	0	0	0	0	0	0	0	0	0	0	0	0	0	0
ASV1590	0	0	0	0	0	0	0	0	0	0	0	0	0	0	0	0	0	0	0	0	0	0	0	0	0	17	0	0	0	0	0	0	0	0	0	0	0	0	0	0	0	0	0	0	0	0	0	0	0	0	0	0	0	0	0	0	0	0	0
ASV1602	0	0	0	0	0	0	0	0	0	0	0	0	0	0	0	0	0	0	0	0	0	0	0	0	0	0	0	0	0	0	0	0	0	0	0	15	0	0	0	0	0	0	0	0	0	0	0	0	0	0	0	2	0	0	0	0	0	0	0
ASV1614	0	0	0	0	0	0	0	0	0	0	0	0	0	0	0	0	0	0	9	0	0	0	0	0	0	0	0	0	0	0	0	0	0	0	2	0	0	0	0	0	0	0	0	0	0	0	0	0	0	0	0	0	2	0	0	0	0	0	4
ASV1618	0	0	0	0	0	0	0	0	0	0	0	0	0	8	0	0	0	0	0	0	0	0	0	0	9	0	0	0	0	0	0	0	0	0	0	0	0	0	0	0	0	0	0	0	0	0	0	0	0	0	0	0	0	0	0	0	0	0	0
ASV1621	0	0	0	0	0	0	0	0	0	0	0	0	0	0	0	0	2	0	0	0	11	0	0	0	1	0	0	0	0	0	0	0	0	0	0	0	2	0	0	1	0	0	0	0	0	0	0	0	0	0	0	0	0	0	0	0	0	0	0
ASV1652	0	0	0	0	0	0	0	0	0	0	0	0	0	0	0	0	0	0	0	0	0	0	0	0	0	0	0	0	0	0	0	0	0	0	0	0	0	0	0	0	0	0	0	0	0	0	0	0	0	0	0	0	0	0	0	0	0	17	0
ASV1695	0	0	0	0	0	0	0	0	0	0	0	0	0	0	3	0	0	1	0	0	0	5	0	0	0	0	0	0	0	0	0	0	0	0	0	0	0	2	3	0	3	0	0	0	0	0	0	0	0	0	0	0	0	0	0	0	0	0	0
ASV1696	0	0	0	0	0	0	0	0	0	0	0	0	0	0	0	0	2	0	0	0	0	0	0	0	5	0	0	0	0	0	0	0	0	0	4	0	0	0	0	0	0	0	0	0	0	0	0	0	0	0	0	0	0	0	0	0	0	6	0
ASV1716	0	0	0	0	0	0	0	0	0	0	0	0	3	10	0	0	0	0	0	0	0	0	0	0	0	0	0	0	0	0	0	0	0	0	0	0	0	0	2	1	0	0	1	0	0	0	0	0	0	0	0	0	0	0	0	0	0	0	0
ASV1848	0	0	0	0	0	0	0	0	0	0	0	0	0	0	0	2	0	0	0	0	0	0	0	0	0	0	0	0	0	0	0	0	0	0	0	0	0	0	0	0	0	0	0	0	0	0	0	0	0	0	0	0	0	0	0	0	0	15	0
ASV1930	0	0	0	0	0	0	0	0	0	0	0	0	0	1	0	0	0	0	14	0	0	0	0	0	0	0	0	0	0	0	0	0	0	0	0	0	0	0	0	0	0	0	2	0	0	0	0	0	0	0	0	0	0	0	0	0	0	0	0
ASV2035	0	0	0	0	0	0	0	0	0	0	0	0	0	0	0	0	0	5	0	0	0	0	0	0	0	12	0	0	0	0	0	0	0	0	0	0	0	0	0	0	0	0	0	0	0	0	0	0	0	0	0	0	0	0	0	0	0	0	0
ASV2080	0	0	0	0	0	0	0	0	0	0	0	0	0	0	0	0	0	0	0	0	0	0	0	0	0	0	0	0	0	0	0	0	6	0	0	0	0	0	0	0	0	0	4	7	0	0	0	0	0	0	0	0	0	0	0	0	0	0	0
ASV2192	0	0	0	0	0	0	0	0	0	0	0	0	0	0	0	0	0	0	0	7	0	0	0	0	0	0	0	0	0	0	0	0	0	0	0	0	0	0	0	0	0	2	0	0	0	0	0	0	0	0	0	0	0	0	0	0	0	8	0
ASV1262	0	0	0	0	0	0	0	0	0	0	0	0	0	0	0	0	0	0	0	0	0	0	0	0	0	0	0	0	0	0	0	0	0	16	0	0	0	0	0	0	0	0	0	0	0	0	0	0	0	0	0	0	0	0	0	0	0	0	0
ASV1274	0	0	0	0	0	0	0	0	0	0	0	0	0	11	0	0	0	0	0	0	0	0	0	0	0	0	0	0	0	0	0	0	0	0	5	0	0	0	0	0	0	0	0	0	0	0	0	0	0	0	0	0	0	0	0	0	0	0	0
ASV1282	0	0	0	0	0	0	0	0	0	0	0	0	0	0	0	0	0	0	0	0	0	0	0	0	0	0	0	0	0	0	0	0	0	0	0	0	0	0	0	0	0	0	0	0	16	0	0	0	0	0	0	0	0	0	0	0	0	0	0
ASV1313	0	0	0	0	0	0	0	0	0	0	0	0	0	0	0	0	0	0	0	0	0	0	0	0	0	0	0	0	0	0	0	0	0	0	0	0	0	0	0	0	0	0	1	15	0	0	0	0	0	0	0	0	0	0	0	0	0	0	0
ASV1318	0	0	0	0	0	0	0	0	0	0	0	0	0	0	0	0	0	0	0	0	0	0	0	0	0	0	0	0	0	0	0	0	0	0	0	0	0	0	0	0	9	0	0	0	0	0	0	0	0	0	0	0	0	0	0	0	0	7	0
ASV1324	0	0	0	0	0	0	0	0	0	0	0	0	0	0	0	0	0	0	0	0	0	0	0	0	0	0	0	0	0	16	0	0	0	0	0	0	0	0	0	0	0	0	0	0	0	0	0	0	0	0	0	0	0	0	0	0	0	0	0
ASV1333	0	0	0	0	0	0	0	0	0	0	0	0	0	0	0	0	0	10	0	0	0	0	0	0	0	0	0	0	0	0	0	0	0	0	0	1	0	0	0	0	0	0	0	0	0	0	0	0	0	0	0	0	0	5	0	0	0	0	0
ASV1384	0	0	0	0	0	0	0	0	0	0	0	0	0	0	0	0	0	0	0	0	0	0	0	0	0	0	0	0	0	0	0	1	0	0	0	0	0	0	0	0	0	0	0	0	0	0	0	0	0	0	0	0	0	0	0	0	0	15	0
ASV1385	0	0	0	0	0	0	0	0	0	0	0	0	2	0	0	9	0	0	0	0	0	0	0	0	5	0	0	0	0	0	0	0	0	0	0	0	0	0	0	0	0	0	0	0	0	0	0	0	0	0	0	0	0	0	0	0	0	0	0
ASV1452	0	0	0	0	0	0	0	0	0	0	0	0	0	16	0	0	0	0	0	0	0	0	0	0	0	0	0	0	0	0	0	0	0	0	0	0	0	0	0	0	0	0	0	0	0	0	0	0	0	0	0	0	0	0	0	0	0	0	0
ASV1456	0	0	0	0	0	0	0	0	0	0	0	0	0	0	0	0	0	0	8	0	0	0	0	0	0	0	0	0	0	0	0	0	7	0	0	0	0	0	0	0	1	0	0	0	0	0	0	0	0	0	0	0	0	0	0	0	0	0	0
ASV1463	0	0	0	0	0	0	0	0	0	0	0	0	0	13	0	0	0	0	0	0	0	0	0	0	0	0	0	0	0	0	0	0	0	0	0	0	0	0	0	0	0	0	0	0	0	0	0	0	0	0	0	0	0	0	0	0	0	0	3
ASV1466	0	0	0	0	0	0	0	0	0	0	0	0	0	4	0	5	6	0	0	0	0	0	0	0	0	0	0	0	0	0	0	0	0	0	0	0	0	0	0	1	0	0	0	0	0	0	0	0	0	0	0	0	0	0	0	0	0	0	0
ASV1471	0	0	0	0	0	0	0	0	0	0	0	0	0	1	0	4	3	0	0	4	0	0	0	0	0	0	0	0	0	0	0	0	0	0	0	0	0	0	4	0	0	0	0	0	0	0	0	0	0	0	0	0	0	0	0	0	0	0	0
ASV1503	0	0	0	0	0	0	0	0	0	0	0	0	0	0	0	0	0	0	0	0	0	0	0	0	0	0	0	0	0	0	0	0	0	0	0	0	0	0	0	0	0	0	0	0	16	0	0	0	0	0	0	0	0	0	0	0	0	0	0
ASV1507	0	0	0	0	0	0	0	0	0	0	0	0	0	0	0	0	0	0	0	0	0	10	0	0	0	0	0	0	0	0	0	0	0	0	0	0	0	0	0	0	0	0	0	0	0	0	0	0	0	0	0	0	0	0	0	0	0	0	6
ASV1517	0	0	0	0	0	0	0	0	0	0	0	0	4	0	0	0	0	6	0	0	0	0	0	0	0	0	0	3	0	0	0	0	0	0	0	0	0	0	0	0	0	0	0	0	0	0	0	0	0	0	3	0	0	0	0	0	0	0	0
ASV1553	0	0	0	0	0	0	0	0	0	0	0	0	0	2	0	0	0	3	0	0	0	0	0	0	0	0	0	0	0	0	0	0	0	0	0	0	0	0	0	0	6	0	0	5	0	0	0	0	0	0	0	0	0	0	0	0	0	0	0
ASV1560	0	0	0	0	0	0	0	0	0	0	0	0	0	0	0	0	11	0	0	0	0	0	0	0	0	0	0	0	0	0	0	0	0	0	0	0	0	0	0	0	0	0	5	0	0	0	0	0	0	0	0	0	0	0	0	0	0	0	0
ASV1572	0	0	0	0	0	0	0	0	0	0	0	0	0	0	10	0	0	0	0	0	0	0	0	0	0	0	0	0	0	0	0	0	0	0	0	0	0	0	0	0	0	0	0	0	0	0	0	0	0	0	0	0	0	0	0	0	0	6	0
ASV1576	0	0	0	0	0	0	0	0	0	0	0	0	2	2	0	0	2	0	0	0	0	0	0	0	2	0	0	0	0	0	0	0	0	0	0	0	0	0	0	0	0	0	6	0	0	0	0	0	0	0	0	0	0	0	0	0	0	2	0
ASV1657	0	0	0	0	0	0	0	0	0	0	0	0	0	0	0	0	0	0	0	0	0	0	0	0	0	0	0	0	0	0	0	0	0	0	0	0	0	0	6	0	0	0	0	0	0	0	0	0	0	0	0	0	0	0	0	0	0	10	0
ASV1737	0	0	0	0	0	0	0	0	0	0	0	0	0	10	0	0	0	0	0	0	0	0	0	0	0	0	0	0	0	0	0	0	0	0	0	0	0	0	0	0	0	0	0	5	0	0	0	0	0	0	0	0	1	0	0	0	0	0	0
ASV1740	0	0	0	0	0	0	0	0	0	0	0	0	0	0	0	0	0	16	0	0	0	0	0	0	0	0	0	0	0	0	0	0	0	0	0	0	0	0	0	0	0	0	0	0	0	0	0	0	0	0	0	0	0	0	0	0	0	0	0
ASV1764	0	0	0	0	0	0	0	0	0	0	0	0	0	0	0	0	0	0	0	0	0	0	0	0	0	0	5	0	0	0	0	0	0	0	0	0	0	0	7	0	3	0	0	0	0	0	0	0	0	1	0	0	0	0	0	0	0	0	0
ASV1773	0	0	0	0	0	0	0	0	0	0	0	0	0	0	0	0	0	0	0	0	0	0	0	0	0	0	6	0	0	0	0	0	0	0	0	0	0	0	0	0	0	0	0	0	0	0	0	0	0	0	0	1	5	0	0	0	0	2	2
ASV1775	0	0	0	0	0	0	0	0	0	0	0	0	0	0	0	0	0	0	0	0	0	0	0	0	0	0	0	0	0	0	1	2	0	2	0	0	0	0	0	0	0	0	0	0	0	0	0	0	0	0	11	0	0	0	0	0	0	0	0
ASV1783	0	0	0	0	0	0	0	0	0	0	0	0	0	0	0	0	0	0	0	0	7	0	0	9	0	0	0	0	0	0	0	0	0	0	0	0	0	0	0	0	0	0	0	0	0	0	0	0	0	0	0	0	0	0	0	0	0	0	0
ASV1797	0	0	0	0	0	0	0	0	0	0	0	0	0	0	0	0	0	0	0	0	0	0	0	0	0	0	0	0	0	0	0	0	0	0	0	0	0	0	0	0	0	0	0	0	16	0	0	0	0	0	0	0	0	0	0	0	0	0	0
ASV1900	0	0	0	0	0	0	0	0	0	0	0	0	0	0	0	0	0	16	0	0	0	0	0	0	0	0	0	0	0	0	0	0	0	0	0	0	0	0	0	0	0	0	0	0	0	0	0	0	0	0	0	0	0	0	0	0	0	0	0
ASV1920	0	0	0	0	0	0	0	0	0	0	0	0	10	0	0	6	0	0	0	0	0	0	0	0	0	0	0	0	0	0	0	0	0	0	0	0	0	0	0	0	0	0	0	0	0	0	0	0	0	0	0	0	0	0	0	0	0	0	0
ASV1922	0	0	0	0	0	0	0	0	0	0	0	0	1	0	0	5	0	0	0	0	0	0	0	0	0	0	0	0	0	0	0	0	0	0	0	0	0	0	0	0	6	1	0	0	0	0	0	0	0	0	0	2	1	0	0	0	0	0	0
ASV1926	0	0	0	0	0	0	0	0	0	0	0	0	9	5	0	0	0	1	0	0	0	0	0	0	0	0	0	0	0	0	0	0	0	0	1	0	0	0	0	0	0	0	0	0	0	0	0	0	0	0	0	0	0	0	0	0	0	0	0
ASV1947	0	0	0	0	0	0	0	0	0	0	0	0	0	0	0	8	0	0	0	0	0	0	0	0	0	4	0	0	0	0	0	0	0	0	0	0	0	0	0	0	0	0	0	0	0	0	0	0	0	0	0	1	0	0	0	0	0	3	0
ASV2002	0	0	0	0	0	0	0	0	0	0	0	0	0	0	0	8	0	0	0	0	0	0	0	0	0	4	0	0	0	0	0	0	0	0	2	0	0	0	2	0	0	0	0	0	0	0	0	0	0	0	0	0	0	0	0	0	0	0	0
ASV2076	0	0	0	0	0	0	0	0	0	0	0	0	0	0	0	0	0	0	0	0	0	0	0	0	0	0	0	0	0	0	0	0	0	0	0	0	0	0	0	0	0	0	0	0	0	0	0	0	0	1	0	15	0	0	0	0	0	0	0
ASV2106	0	0	0	0	0	0	0	0	0	0	0	0	1	0	0	0	0	0	0	1	0	0	0	0	0	0	0	0	0	0	0	0	0	0	3	0	0	0	11	0	0	0	0	0	0	0	0	0	0	0	0	0	0	0	0	0	0	0	0
ASV2180	0	0	0	0	0	0	0	0	0	0	0	0	0	5	0	5	0	0	0	0	0	0	0	0	0	0	0	0	0	0	0	0	0	0	3	0	0	0	3	0	0	0	0	0	0	0	0	0	0	0	0	0	0	0	0	0	0	0	0
ASV1311	0	0	0	0	0	0	0	0	0	0	0	0	0	0	0	0	0	0	5	0	0	0	0	0	0	0	0	0	0	0	0	0	0	0	0	0	0	0	0	0	0	0	0	0	0	0	0	0	0	0	0	4	6	0	0	0	0	0	0
ASV1335	0	0	0	0	0	0	0	0	0	0	0	0	0	0	0	0	0	0	0	0	0	0	0	0	0	0	0	0	0	0	0	0	0	0	0	0	0	0	0	0	0	0	0	0	0	0	0	0	0	0	9	1	0	4	0	1	0	0	0
ASV1337	0	0	0	0	0	0	0	0	0	0	0	0	0	15	0	0	0	0	0	0	0	0	0	0	0	0	0	0	0	0	0	0	0	0	0	0	0	0	0	0	0	0	0	0	0	0	0	0	0	0	0	0	0	0	0	0	0	0	0
ASV1340	0	0	0	0	0	0	0	0	0	0	0	0	0	0	0	7	0	0	0	0	0	0	0	0	0	0	0	0	0	0	0	0	0	0	0	0	0	0	0	0	0	0	8	0	0	0	0	0	0	0	0	0	0	0	0	0	0	0	0
ASV1381	0	0	0	0	0	0	0	0	0	0	0	0	0	0	0	0	14	1	0	0	0	0	0	0	0	0	0	0	0	0	0	0	0	0	0	0	0	0	0	0	0	0	0	0	0	0	0	0	0	0	0	0	0	0	0	0	0	0	0
ASV1495	0	0	0	0	0	0	0	0	0	0	0	0	0	0	0	0	0	0	0	0	0	0	0	0	0	15	0	0	0	0	0	0	0	0	0	0	0	0	0	0	0	0	0	0	0	0	0	0	0	0	0	0	0	0	0	0	0	0	0
ASV1497	0	0	0	0	0	0	0	0	0	0	0	0	0	0	0	0	0	0	0	0	0	0	0	0	0	0	0	0	0	0	0	0	0	0	0	0	0	0	0	0	13	0	0	0	0	0	0	0	0	0	0	0	0	0	0	1	0	1	0
ASV1518	0	0	0	0	0	0	0	0	0	0	0	0	0	0	0	0	0	0	10	0	0	0	0	0	0	0	0	0	0	0	0	0	0	0	0	0	0	0	0	5	0	0	0	0	0	0	0	0	0	0	0	0	0	0	0	0	0	0	0
ASV1521	0	0	0	0	0	0	0	0	0	0	0	0	0	0	0	0	0	15	0	0	0	0	0	0	0	0	0	0	0	0	0	0	0	0	0	0	0	0	0	0	0	0	0	0	0	0	0	0	0	0	0	0	0	0	0	0	0	0	0
ASV1539	0	0	0	0	0	0	0	0	0	0	0	0	0	0	0	0	0	0	0	0	0	0	0	0	0	0	0	0	0	0	0	0	0	0	0	0	0	0	0	0	0	0	0	15	0	0	0	0	0	0	0	0	0	0	0	0	0	0	0
ASV1544	0	0	0	0	0	0	0	0	0	0	0	0	0	0	0	3	0	0	0	0	0	0	0	0	0	5	0	0	0	0	0	0	0	0	0	0	0	0	7	0	0	0	0	0	0	0	0	0	0	0	0	0	0	0	0	0	0	0	0
ASV1567	0	0	0	0	0	0	0	0	0	0	0	0	0	0	0	14	0	0	0	0	0	0	0	0	0	0	0	0	0	0	0	0	0	0	0	0	0	0	0	0	0	0	1	0	0	0	0	0	0	0	0	0	0	0	0	0	0	0	0
ASV1575	0	0	0	0	0	0	0	0	0	0	0	0	3	0	0	0	6	0	0	0	0	0	0	0	0	0	0	0	0	0	0	0	0	0	0	0	0	0	0	0	0	0	0	0	0	0	0	0	0	0	0	0	0	0	0	0	0	6	0
ASV1580	0	0	0	0	0	0	0	0	0	0	0	0	0	0	0	0	0	0	0	0	0	0	0	0	15	0	0	0	0	0	0	0	0	0	0	0	0	0	0	0	0	0	0	0	0	0	0	0	0	0	0	0	0	0	0	0	0	0	0
ASV1595	0	0	0	0	0	0	0	0	0	0	0	0	0	0	0	0	0	0	0	1	0	0	0	0	0	0	0	0	0	0	0	0	0	0	0	0	0	0	5	0	0	0	0	0	0	0	0	0	0	1	0	1	3	1	0	0	0	0	3
ASV1612	0	0	0	0	0	0	0	0	0	0	0	0	1	9	0	0	0	0	0	0	0	0	0	0	0	0	0	0	0	0	0	0	0	0	0	0	0	0	0	2	0	2	1	0	0	0	0	0	0	0	0	0	0	0	0	0	0	0	0
ASV1613	0	0	0	0	0	0	0	0	0	0	0	0	0	0	0	0	0	0	0	0	0	0	0	0	0	0	0	0	0	0	0	0	0	0	0	0	0	0	7	0	5	3	0	0	0	0	0	0	0	0	0	0	0	0	0	0	0	0	0
ASV1625	0	0	0	0	0	0	0	0	0	0	0	0	0	0	0	0	0	0	0	0	0	0	0	0	0	0	0	0	0	0	0	0	0	15	0	0	0	0	0	0	0	0	0	0	0	0	0	0	0	0	0	0	0	0	0	0	0	0	0
ASV1647	0	0	0	0	0	0	0	0	0	0	0	0	0	0	0	0	0	0	0	0	0	0	0	0	0	0	0	0	0	0	0	0	0	0	0	15	0	0	0	0	0	0	0	0	0	0	0	0	0	0	0	0	0	0	0	0	0	0	0
ASV1655	0	0	0	0	0	0	0	0	0	0	0	0	0	0	0	0	0	0	0	0	0	0	0	0	0	0	0	0	0	0	0	0	0	0	0	0	0	0	0	0	0	0	12	0	0	0	0	0	0	0	0	0	3	0	0	0	0	0	0
ASV1681	0	0	0	0	0	0	0	0	0	0	0	0	0	0	0	0	0	0	0	0	0	0	0	0	0	15	0	0	0	0	0	0	0	0	0	0	0	0	0	0	0	0	0	0	0	0	0	0	0	0	0	0	0	0	0	0	0	0	0
ASV1682	0	0	0	0	0	0	0	0	0	0	0	0	0	0	0	0	0	15	0	0	0	0	0	0	0	0	0	0	0	0	0	0	0	0	0	0	0	0	0	0	0	0	0	0	0	0	0	0	0	0	0	0	0	0	0	0	0	0	0
ASV1700	0	0	0	0	0	0	0	0	0	0	0	0	15	0	0	0	0	0	0	0	0	0	0	0	0	0	0	0	0	0	0	0	0	0	0	0	0	0	0	0	0	0	0	0	0	0	0	0	0	0	0	0	0	0	0	0	0	0	0
ASV1709	0	0	0	0	0	0	0	0	0	0	0	0	0	0	0	0	0	0	4	0	0	0	0	0	0	0	0	0	0	0	0	0	0	0	0	11	0	0	0	0	0	0	0	0	0	0	0	0	0	0	0	0	0	0	0	0	0	0	0
ASV1711	0	0	0	0	0	0	0	0	0	0	0	0	6	0	0	0	0	0	0	0	0	0	0	0	0	0	0	0	0	0	0	0	0	0	0	0	0	0	0	8	0	0	0	0	0	0	0	0	0	0	0	0	0	0	0	0	0	1	0
ASV1726	0	0	0	0	0	0	0	0	0	0	0	0	0	0	0	0	0	0	0	0	0	0	0	0	0	0	0	0	0	0	0	0	0	0	0	0	0	0	0	0	0	0	0	0	0	0	0	0	0	14	0	0	1	0	0	0	0	0	0
ASV1733	0	0	0	0	0	0	0	0	0	0	0	0	0	0	0	0	0	0	0	0	0	0	0	0	0	0	0	0	0	0	0	0	0	0	1	0	0	0	0	0	1	0	0	0	0	0	0	0	1	0	0	0	1	0	0	0	0	0	11
ASV1736	0	0	0	0	0	0	0	0	0	0	0	0	0	13	0	0	0	0	2	0	0	0	0	0	0	0	0	0	0	0	0	0	0	0	0	0	0	0	0	0	0	0	0	0	0	0	0	0	0	0	0	0	0	0	0	0	0	0	0
ASV1763	0	0	0	0	0	0	0	0	0	0	0	0	0	0	0	0	0	0	0	0	0	0	0	0	0	0	0	0	0	0	0	0	0	0	0	0	0	0	1	0	0	0	2	0	0	0	0	0	2	3	0	0	2	0	0	0	0	0	5
ASV1821	0	0	0	0	0	0	0	0	0	0	0	0	0	0	0	0	15	0	0	0	0	0	0	0	0	0	0	0	0	0	0	0	0	0	0	0	0	0	0	0	0	0	0	0	0	0	0	0	0	0	0	0	0	0	0	0	0	0	0
ASV1862	0	0	0	0	0	0	0	0	0	0	0	0	0	0	0	0	0	0	0	8	0	0	0	0	0	0	0	0	0	0	0	0	0	0	3	0	0	0	0	0	0	0	0	0	0	0	0	0	2	2	0	0	0	0	0	0	0	0	0
ASV1864	0	0	0	0	0	0	0	0	0	0	0	0	0	0	0	0	0	0	0	0	0	0	0	0	0	0	0	0	0	0	0	0	0	0	0	0	0	0	0	0	0	6	0	0	0	0	0	0	0	0	0	0	0	0	0	0	0	9	0
ASV1915	0	0	0	0	0	0	0	0	0	0	0	0	15	0	0	0	0	0	0	0	0	0	0	0	0	0	0	0	0	0	0	0	0	0	0	0	0	0	0	0	0	0	0	0	0	0	0	0	0	0	0	0	0	0	0	0	0	0	0
ASV1986	0	0	0	0	0	0	0	0	0	0	0	0	13	0	0	0	0	0	0	0	0	0	0	0	0	0	1	0	0	0	0	0	0	0	1	0	0	0	0	0	0	0	0	0	0	0	0	0	0	0	0	0	0	0	0	0	0	0	0
ASV2007	0	0	0	0	0	0	0	0	0	0	0	0	0	0	0	1	0	0	0	4	2	0	0	0	0	0	0	0	0	0	0	0	0	0	5	0	0	0	0	0	1	0	2	0	0	0	0	0	0	0	0	0	0	0	0	0	0	0	0
ASV2028	0	0	0	0	0	0	0	0	0	0	0	0	0	0	12	0	0	0	0	0	0	0	0	0	0	0	0	0	0	0	0	0	0	0	0	0	0	0	0	0	0	0	0	3	0	0	0	0	0	0	0	0	0	0	0	0	0	0	0
ASV2034	0	0	0	0	0	0	0	0	0	0	0	0	0	0	0	0	0	0	0	0	0	0	0	0	0	0	0	0	0	0	0	0	0	0	0	0	0	0	0	0	0	0	0	15	0	0	0	0	0	0	0	0	0	0	0	0	0	0	0
ASV2130	0	0	0	0	0	0	0	0	0	0	0	0	0	0	0	0	0	0	0	0	0	0	0	0	0	0	0	0	0	0	0	0	0	0	0	0	0	0	0	0	0	0	0	0	15	0	0	0	0	0	0	0	0	0	0	0	0	0	0
ASV2160	0	0	0	0	0	0	0	0	0	0	0	0	0	0	0	13	0	0	0	0	0	0	0	0	0	0	0	0	0	0	0	0	0	0	2	0	0	0	0	0	0	0	0	0	0	0	0	0	0	0	0	0	0	0	0	0	0	0	0
ASV2199	0	0	0	0	0	0	0	0	0	0	0	0	0	5	0	0	0	0	0	0	0	0	0	0	0	0	0	0	0	0	0	0	0	0	0	0	0	0	0	0	0	10	0	0	0	0	0	0	0	0	0	0	0	0	0	0	0	0	0
ASV1395	0	0	0	0	0	0	0	0	0	0	0	0	0	0	0	0	0	1	0	0	0	0	0	0	0	0	0	0	0	0	0	0	0	0	0	0	0	0	12	0	0	1	0	0	0	0	0	0	0	0	0	0	0	0	0	0	0	0	0
ASV1430	0	0	0	0	0	0	0	0	0	0	0	0	0	0	0	0	0	0	0	0	0	0	0	0	0	0	0	0	0	0	0	0	0	0	0	0	0	0	0	0	0	9	0	5	0	0	0	0	0	0	0	0	0	0	0	0	0	0	0
ASV1431	0	0	0	0	0	0	0	0	0	0	0	0	0	0	0	0	14	0	0	0	0	0	0	0	0	0	0	0	0	0	0	0	0	0	0	0	0	0	0	0	0	0	0	0	0	0	0	0	0	0	0	0	0	0	0	0	0	0	0
ASV1446	0	0	0	0	0	0	0	0	0	0	0	0	0	0	0	0	0	0	0	0	0	0	0	0	0	0	0	0	0	0	0	0	0	0	0	0	0	14	0	0	0	0	0	0	0	0	0	0	0	0	0	0	0	0	0	0	0	0	0
ASV1455	0	0	0	0	0	0	0	0	0	0	0	0	0	10	0	0	0	0	0	0	0	0	0	0	0	0	0	0	0	0	0	0	0	0	0	0	0	0	0	0	0	0	0	0	0	0	0	0	0	0	0	0	0	0	0	0	0	4	0
ASV1460	0	0	0	0	0	0	0	0	0	0	0	0	0	0	0	0	0	0	0	0	0	0	0	0	0	0	14	0	0	0	0	0	0	0	0	0	0	0	0	0	0	0	0	0	0	0	0	0	0	0	0	0	0	0	0	0	0	0	0
ASV1479	0	0	0	0	0	0	0	0	0	0	0	0	0	0	0	11	0	0	0	0	0	0	0	0	0	0	0	0	0	0	0	0	0	0	0	0	0	0	0	0	0	0	3	0	0	0	0	0	0	0	0	0	0	0	0	0	0	0	0
ASV1481	0	0	0	0	0	0	0	0	0	0	0	0	0	0	0	0	0	0	0	0	0	0	0	0	0	0	0	0	0	0	0	0	0	0	0	0	0	0	0	0	0	0	0	0	0	14	0	0	0	0	0	0	0	0	0	0	0	0	0
ASV1488	0	0	0	0	0	0	0	0	0	0	0	0	0	0	0	0	0	0	0	0	0	0	0	0	14	0	0	0	0	0	0	0	0	0	0	0	0	0	0	0	0	0	0	0	0	0	0	0	0	0	0	0	0	0	0	0	0	0	0
ASV1492	0	0	0	0	0	0	0	0	0	0	0	0	0	0	0	0	0	0	0	0	0	0	0	0	0	14	0	0	0	0	0	0	0	0	0	0	0	0	0	0	0	0	0	0	0	0	0	0	0	0	0	0	0	0	0	0	0	0	0
ASV1541	0	0	0	0	0	0	0	0	0	0	0	0	9	0	0	0	0	0	0	0	0	0	0	0	0	0	0	0	0	0	0	0	0	0	0	0	0	0	0	0	0	0	0	0	0	0	0	0	0	0	0	0	0	0	0	0	0	5	0
ASV1559	0	0	0	0	0	0	0	0	0	0	0	0	0	0	0	0	0	0	0	0	0	0	0	0	0	0	0	0	0	0	0	0	0	0	0	0	0	0	0	0	0	0	0	0	14	0	0	0	0	0	0	0	0	0	0	0	0	0	0
ASV1564	0	0	0	0	0	0	0	0	0	0	0	0	1	0	0	0	5	0	1	0	0	0	0	0	0	0	0	0	0	0	0	0	0	0	0	0	0	0	6	1	0	0	0	0	0	0	0	0	0	0	0	0	0	0	0	0	0	0	0
ASV1585	0	0	0	0	0	0	0	0	0	0	0	0	0	0	0	0	12	0	0	0	0	0	0	0	0	0	0	0	0	0	0	0	0	0	0	0	0	0	0	0	2	0	0	0	0	0	0	0	0	0	0	0	0	0	0	0	0	0	0
ASV1599	0	0	0	0	0	0	0	0	0	0	0	0	0	0	0	0	0	0	0	0	5	0	0	0	0	0	0	0	0	0	0	0	5	0	0	0	0	0	0	0	0	2	2	0	0	0	0	0	0	0	0	0	0	0	0	0	0	0	0
ASV1601	0	0	0	0	0	0	0	0	0	0	0	0	6	0	0	0	0	0	0	0	0	0	0	0	0	0	0	0	0	0	0	0	0	0	0	0	0	0	0	0	0	0	0	0	0	0	0	0	0	0	0	5	3	0	0	0	0	0	0
ASV1619	0	0	0	0	0	0	0	0	0	0	0	0	0	0	0	0	0	0	0	0	0	0	0	0	0	0	14	0	0	0	0	0	0	0	0	0	0	0	0	0	0	0	0	0	0	0	0	0	0	0	0	0	0	0	0	0	0	0	0
ASV1624	0	0	0	0	0	0	0	0	0	0	0	0	0	0	0	0	0	0	2	0	0	0	0	0	0	0	0	0	12	0	0	0	0	0	0	0	0	0	0	0	0	0	0	0	0	0	0	0	0	0	0	0	0	0	0	0	0	0	0
ASV1634	0	0	0	0	0	0	0	0	0	0	0	0	0	0	0	1	0	0	0	0	0	0	0	0	0	0	0	0	0	0	0	0	0	0	1	0	0	0	1	8	1	2	0	0	0	0	0	0	0	0	0	0	0	0	0	0	0	0	0
ASV1660	0	0	0	0	0	0	0	0	0	0	0	0	0	8	0	0	0	6	0	0	0	0	0	0	0	0	0	0	0	0	0	0	0	0	0	0	0	0	0	0	0	0	0	0	0	0	0	0	0	0	0	0	0	0	0	0	0	0	0
ASV1680	0	0	0	0	0	0	0	0	0	0	0	0	0	4	0	3	2	0	0	0	0	5	0	0	0	0	0	0	0	0	0	0	0	0	0	0	0	0	0	0	0	0	0	0	0	0	0	0	0	0	0	0	0	0	0	0	0	0	0
ASV1688	0	0	0	0	0	0	0	0	0	0	0	0	0	0	0	0	0	0	0	0	0	0	0	0	2	0	0	0	0	0	0	0	0	0	0	0	0	0	0	0	0	0	0	12	0	0	0	0	0	0	0	0	0	0	0	0	0	0	0
ASV1765	0	0	0	0	0	0	0	0	0	0	0	0	0	0	0	0	0	0	0	0	0	0	0	0	0	0	0	0	0	0	0	0	0	0	0	0	14	0	0	0	0	0	0	0	0	0	0	0	0	0	0	0	0	0	0	0	0	0	0
ASV1810	0	0	0	0	0	0	0	0	0	0	0	0	0	0	0	0	0	0	0	0	0	0	0	0	0	0	0	0	6	0	0	0	0	0	0	0	0	0	5	0	3	0	0	0	0	0	0	0	0	0	0	0	0	0	0	0	0	0	0
ASV1822	0	0	0	0	0	0	0	0	0	0	0	0	0	8	0	0	0	0	0	0	0	0	0	0	0	0	0	0	0	0	0	0	0	0	0	0	0	0	0	0	0	0	0	0	0	0	0	0	0	0	0	6	0	0	0	0	0	0	0
ASV1834	0	0	0	0	0	0	0	0	0	0	0	0	0	0	0	0	0	0	0	0	0	0	0	0	0	0	0	0	0	0	12	0	0	0	0	0	0	0	0	0	0	0	0	0	0	0	0	0	0	0	0	0	0	0	0	0	0	2	0
ASV1846	0	0	0	0	0	0	0	0	0	0	0	0	4	1	0	0	0	0	0	2	0	0	0	0	4	0	0	0	0	0	0	0	0	0	2	0	0	0	0	0	0	0	0	1	0	0	0	0	0	0	0	0	0	0	0	0	0	0	0
ASV1851	0	0	0	0	0	0	0	0	0	0	0	0	0	2	0	0	0	0	0	0	0	0	0	0	0	0	12	0	0	0	0	0	0	0	0	0	0	0	0	0	0	0	0	0	0	0	0	0	0	0	0	0	0	0	0	0	0	0	0
ASV1929	0	0	0	0	0	0	0	0	0	0	0	0	0	0	0	0	0	0	0	0	0	0	0	0	0	0	0	0	0	0	0	0	0	0	0	0	0	0	0	0	0	0	0	0	0	0	0	0	0	0	2	0	1	11	0	0	0	0	0
ASV1960	0	0	0	0	0	0	0	0	0	0	0	0	4	0	0	0	0	0	0	0	0	0	0	10	0	0	0	0	0	0	0	0	0	0	0	0	0	0	0	0	0	0	0	0	0	0	0	0	0	0	0	0	0	0	0	0	0	0	0
ASV1987	0	0	0	0	0	0	0	0	0	0	0	0	6	0	2	0	0	2	0	0	0	0	0	0	0	0	0	0	0	0	0	0	0	0	1	0	0	0	0	2	1	0	0	0	0	0	0	0	0	0	0	0	0	0	0	0	0	0	0
ASV1996	0	0	0	0	0	0	0	0	0	0	0	0	0	0	0	0	0	0	0	0	0	0	0	0	0	0	0	0	0	0	0	0	0	0	0	0	0	14	0	0	0	0	0	0	0	0	0	0	0	0	0	0	0	0	0	0	0	0	0
ASV2021	0	0	0	0	0	0	0	0	0	0	0	0	0	0	0	0	0	0	0	0	0	0	0	0	0	0	0	0	0	0	0	0	0	0	0	0	0	0	0	0	0	0	0	0	0	0	0	0	0	0	0	0	0	0	0	0	0	14	0
ASV2058	0	0	0	0	0	0	0	0	0	0	0	0	0	0	0	0	0	0	0	0	0	0	0	0	0	0	0	0	0	0	0	0	0	0	0	0	0	0	0	0	0	0	0	0	0	0	0	0	2	0	0	0	0	0	0	0	0	12	0
ASV2066	0	0	0	0	0	0	0	0	0	0	0	0	0	0	0	0	0	14	0	0	0	0	0	0	0	0	0	0	0	0	0	0	0	0	0	0	0	0	0	0	0	0	0	0	0	0	0	0	0	0	0	0	0	0	0	0	0	0	0
ASV1453	0	0	0	0	0	0	0	0	0	0	0	0	0	0	0	0	0	0	0	0	0	0	0	0	0	0	0	0	0	0	0	0	0	0	0	0	0	0	1	0	0	0	7	0	0	0	0	0	0	0	0	0	0	0	0	0	0	5	0
ASV1474	0	0	0	0	0	0	0	0	0	0	0	0	0	0	0	6	0	0	0	0	0	0	0	0	0	0	0	0	0	0	0	0	0	0	0	0	0	0	0	0	7	0	0	0	0	0	0	0	0	0	0	0	0	0	0	0	0	0	0
ASV1483	0	0	0	0	0	0	0	0	0	0	0	0	0	0	0	0	0	0	0	0	0	0	0	0	0	0	0	0	0	0	0	0	0	0	0	0	0	0	0	0	0	0	0	0	0	0	0	0	1	3	0	1	6	0	0	0	0	2	0
ASV1522	0	0	0	0	0	0	0	0	0	0	0	0	0	0	0	0	0	13	0	0	0	0	0	0	0	0	0	0	0	0	0	0	0	0	0	0	0	0	0	0	0	0	0	0	0	0	0	0	0	0	0	0	0	0	0	0	0	0	0
ASV1565	0	0	0	0	0	0	0	0	0	0	0	0	5	0	0	0	0	0	0	0	0	0	0	0	8	0	0	0	0	0	0	0	0	0	0	0	0	0	0	0	0	0	0	0	0	0	0	0	0	0	0	0	0	0	0	0	0	0	0
ASV1597	0	0	0	0	0	0	0	0	0	0	0	0	0	0	0	0	0	0	13	0	0	0	0	0	0	0	0	0	0	0	0	0	0	0	0	0	0	0	0	0	0	0	0	0	0	0	0	0	0	0	0	0	0	0	0	0	0	0	0
ASV1600	0	0	0	0	0	0	0	0	0	0	0	0	0	0	0	0	0	0	0	0	0	0	0	0	0	0	0	0	0	0	0	0	0	0	0	0	0	0	0	0	0	0	5	8	0	0	0	0	0	0	0	0	0	0	0	0	0	0	0
ASV1608	0	0	0	0	0	0	0	0	0	0	0	0	0	0	0	0	0	0	0	0	0	0	0	0	13	0	0	0	0	0	0	0	0	0	0	0	0	0	0	0	0	0	0	0	0	0	0	0	0	0	0	0	0	0	0	0	0	0	0
ASV1630	0	0	0	0	0	0	0	0	0	0	0	0	13	0	0	0	0	0	0	0	0	0	0	0	0	0	0	0	0	0	0	0	0	0	0	0	0	0	0	0	0	0	0	0	0	0	0	0	0	0	0	0	0	0	0	0	0	0	0
ASV1641	0	0	0	0	0	0	0	0	0	0	0	0	0	0	0	0	0	0	0	0	0	0	0	0	0	0	0	0	0	0	0	0	0	0	0	0	0	0	0	0	13	0	0	0	0	0	0	0	0	0	0	0	0	0	0	0	0	0	0
ASV1659	0	0	0	0	0	0	0	0	0	0	0	0	0	0	0	0	0	0	0	0	0	0	0	0	0	0	0	0	0	0	0	0	0	0	0	0	0	0	10	0	0	0	0	0	0	0	0	0	0	0	3	0	0	0	0	0	0	0	0
ASV1676	0	0	0	0	0	0	0	0	0	0	0	0	0	0	0	0	1	0	0	0	12	0	0	0	0	0	0	0	0	0	0	0	0	0	0	0	0	0	0	0	0	0	0	0	0	0	0	0	0	0	0	0	0	0	0	0	0	0	0
ASV1694	0	0	0	0	0	0	0	0	0	0	0	0	0	0	0	10	0	0	0	0	0	0	0	0	0	0	0	0	0	0	0	0	0	0	0	0	0	0	0	0	0	0	0	0	0	0	0	0	0	0	0	0	0	0	0	0	0	3	0
ASV1710	0	0	0	0	0	0	0	0	0	0	0	0	0	0	0	0	0	0	0	0	0	0	0	0	0	13	0	0	0	0	0	0	0	0	0	0	0	0	0	0	0	0	0	0	0	0	0	0	0	0	0	0	0	0	0	0	0	0	0
ASV1745	0	0	0	0	0	0	0	0	0	0	0	0	0	0	0	0	0	0	0	0	0	0	0	0	0	0	0	0	0	0	0	0	0	0	0	0	0	0	0	0	13	0	0	0	0	0	0	0	0	0	0	0	0	0	0	0	0	0	0
ASV1799	0	0	0	0	0	0	0	0	0	0	0	0	0	0	0	5	0	0	0	0	0	0	0	0	0	0	0	0	0	0	0	0	0	0	0	0	0	0	0	8	0	0	0	0	0	0	0	0	0	0	0	0	0	0	0	0	0	0	0
ASV1802	0	0	0	0	0	0	0	0	0	0	0	0	0	0	0	0	0	0	0	0	0	0	0	0	0	0	0	0	0	0	0	0	0	0	0	0	0	0	0	13	0	0	0	0	0	0	0	0	0	0	0	0	0	0	0	0	0	0	0
ASV1811	0	0	0	0	0	0	0	0	0	0	0	0	0	0	0	0	0	0	0	0	0	0	0	0	0	0	0	0	0	0	0	0	0	0	0	0	0	0	0	0	0	0	0	0	0	0	0	0	1	0	0	1	11	0	0	0	0	0	0
ASV1832	0	0	0	0	0	0	0	0	0	0	0	0	0	0	0	0	0	1	0	0	0	0	0	0	0	0	0	0	0	0	0	0	0	0	12	0	0	0	0	0	0	0	0	0	0	0	0	0	0	0	0	0	0	0	0	0	0	0	0
ASV1844	0	0	0	0	0	0	0	0	0	0	0	0	1	0	0	0	0	0	0	0	0	0	0	0	0	1	1	0	0	0	0	0	0	1	2	1	0	1	0	2	0	0	0	1	0	2	0	0	0	0	0	0	0	0	0	0	0	0	0
ASV1871	0	0	0	0	0	0	0	0	0	0	0	0	0	0	0	0	0	0	0	0	0	0	0	0	0	0	11	0	0	0	0	0	0	0	2	0	0	0	0	0	0	0	0	0	0	0	0	0	0	0	0	0	0	0	0	0	0	0	0
ASV1884	0	0	0	0	0	0	0	0	0	0	0	0	2	0	0	0	0	0	0	0	0	0	0	10	0	0	0	0	0	0	0	0	0	0	0	0	0	0	0	0	0	0	0	0	0	0	0	0	0	0	0	0	0	0	0	0	0	0	1
ASV1906	0	0	0	0	0	0	0	0	0	0	0	0	0	0	0	0	0	0	0	0	0	0	0	0	0	0	0	0	0	0	0	0	0	0	0	0	0	0	0	13	0	0	0	0	0	0	0	0	0	0	0	0	0	0	0	0	0	0	0
ASV1911	0	0	0	0	0	0	0	0	0	0	0	0	0	0	0	0	0	1	0	0	0	0	0	0	0	0	0	0	0	0	0	0	0	0	0	0	0	0	0	0	0	0	0	0	0	12	0	0	0	0	0	0	0	0	0	0	0	0	0
ASV1961	0	0	0	0	0	0	0	0	0	0	0	0	0	1	0	0	0	0	0	0	0	0	0	12	0	0	0	0	0	0	0	0	0	0	0	0	0	0	0	0	0	0	0	0	0	0	0	0	0	0	0	0	0	0	0	0	0	0	0
ASV1970	0	0	0	0	0	0	0	0	0	0	0	0	0	0	0	4	0	7	0	0	0	0	0	0	0	0	0	1	1	0	0	0	0	0	0	0	0	0	0	0	0	0	0	0	0	0	0	0	0	0	0	0	0	0	0	0	0	0	0
ASV1974	0	0	0	0	0	0	0	0	0	0	0	0	13	0	0	0	0	0	0	0	0	0	0	0	0	0	0	0	0	0	0	0	0	0	0	0	0	0	0	0	0	0	0	0	0	0	0	0	0	0	0	0	0	0	0	0	0	0	0
ASV1995	0	0	0	0	0	0	0	0	0	0	0	0	0	0	0	0	0	0	0	0	0	0	0	0	0	0	0	0	13	0	0	0	0	0	0	0	0	0	0	0	0	0	0	0	0	0	0	0	0	0	0	0	0	0	0	0	0	0	0
ASV2003	0	0	0	0	0	0	0	0	0	0	0	0	0	0	0	0	0	0	0	0	0	0	0	0	0	0	0	0	0	0	0	0	0	0	0	0	0	0	0	0	0	0	0	0	0	0	0	0	4	3	1	0	1	0	0	2	0	2	0
ASV2005	0	0	0	0	0	0	0	0	0	0	0	0	0	2	0	0	0	0	0	8	0	0	0	0	0	0	0	0	0	0	0	0	0	0	3	0	0	0	0	0	0	0	0	0	0	0	0	0	0	0	0	0	0	0	0	0	0	0	0
ASV2037	0	0	0	0	0	0	0	0	0	0	0	0	0	0	0	0	0	0	0	0	0	0	0	0	13	0	0	0	0	0	0	0	0	0	0	0	0	0	0	0	0	0	0	0	0	0	0	0	0	0	0	0	0	0	0	0	0	0	0
ASV2039	0	0	0	0	0	0	0	0	0	0	0	0	0	0	0	0	0	0	0	0	0	0	0	0	10	0	0	0	0	0	0	0	0	0	0	0	0	0	0	0	0	0	0	0	0	0	0	0	0	0	0	0	0	0	0	0	0	3	0
ASV2053	0	0	0	0	0	0	0	0	0	0	0	0	0	0	0	0	0	0	0	0	0	0	0	0	0	0	0	0	0	0	0	0	0	0	0	0	0	0	0	0	0	0	0	0	0	0	0	0	0	0	0	0	0	0	0	0	0	13	0
ASV2083	0	0	0	0	0	0	0	0	0	0	0	0	0	0	0	0	0	0	3	0	0	0	0	0	0	0	0	0	0	0	0	0	0	0	0	0	0	0	0	0	0	0	0	10	0	0	0	0	0	0	0	0	0	0	0	0	0	0	0
ASV2126	0	0	0	0	0	0	0	0	0	0	0	0	0	0	0	0	0	0	0	0	0	0	0	0	0	0	0	0	0	0	0	0	0	0	0	0	0	0	0	5	0	0	0	8	0	0	0	0	0	0	0	0	0	0	0	0	0	0	0
ASV2137	0	0	0	0	0	0	0	0	0	0	0	0	0	0	7	0	0	6	0	0	0	0	0	0	0	0	0	0	0	0	0	0	0	0	0	0	0	0	0	0	0	0	0	0	0	0	0	0	0	0	0	0	0	0	0	0	0	0	0
ASV2140	0	0	0	0	0	0	0	0	0	0	0	0	0	0	0	0	0	1	0	2	0	0	0	0	0	0	0	0	1	0	0	0	0	0	1	0	0	0	1	2	0	2	2	1	0	0	0	0	0	0	0	0	0	0	0	0	0	0	0
ASV2211	0	0	0	0	0	0	0	0	0	0	0	0	0	0	0	0	0	0	0	0	0	0	0	0	6	0	0	0	0	0	0	0	0	0	2	0	0	0	5	0	0	0	0	0	0	0	0	0	0	0	0	0	0	0	0	0	0	0	0
ASV2236	0	0	0	0	0	0	0	0	0	0	0	0	0	0	0	0	0	0	0	0	0	0	0	0	0	0	0	0	0	0	1	0	0	0	0	0	0	0	0	0	0	0	0	0	0	0	0	0	2	0	0	2	0	0	0	8	0	0	0
ASV1547	0	0	0	0	0	0	0	0	0	0	0	0	0	0	0	0	0	0	10	0	0	0	0	0	0	0	0	0	0	0	0	0	0	0	0	0	0	0	0	0	0	0	0	0	0	0	0	0	0	0	0	0	0	0	0	0	0	2	0
ASV1589	0	0	0	0	0	0	0	0	0	0	0	0	8	0	0	0	0	0	0	0	0	0	0	0	0	0	0	0	0	0	0	0	0	0	0	0	0	0	0	0	0	0	0	4	0	0	0	0	0	0	0	0	0	0	0	0	0	0	0
ASV1672	0	0	0	0	0	0	0	0	0	0	0	0	0	0	0	0	0	0	0	0	0	0	0	0	0	0	0	0	0	0	0	0	0	0	0	0	0	0	0	0	12	0	0	0	0	0	0	0	0	0	0	0	0	0	0	0	0	0	0
ASV1675	0	0	0	0	0	0	0	0	0	0	0	0	5	0	0	0	0	2	0	0	0	0	0	2	0	0	0	0	0	0	0	0	0	0	0	0	0	0	0	0	1	0	2	0	0	0	0	0	0	0	0	0	0	0	0	0	0	0	0
ASV1687	0	0	0	0	0	0	0	0	0	0	0	0	0	0	0	0	0	0	0	0	0	0	0	0	0	0	0	0	0	0	0	0	0	0	0	0	0	0	0	0	0	0	0	0	0	0	0	0	0	0	0	0	0	0	0	0	0	12	0
ASV1692	0	0	0	0	0	0	0	0	0	0	0	0	0	0	9	2	0	0	0	0	0	0	0	0	0	0	0	0	0	0	0	0	0	0	0	0	0	0	0	0	0	0	0	0	0	0	0	0	0	0	0	0	1	0	0	0	0	0	0
ASV1698	0	0	0	0	0	0	0	0	0	0	0	0	11	0	0	0	0	0	0	0	0	0	0	0	0	0	0	0	0	0	0	0	0	0	0	0	0	0	0	0	0	0	0	0	0	0	0	0	0	0	0	0	0	0	0	0	0	0	1
ASV1762	0	0	0	0	0	0	0	0	0	0	0	0	0	0	0	0	5	0	0	0	0	0	0	0	0	0	0	0	0	0	0	0	0	0	0	0	0	0	5	0	0	0	0	0	0	0	0	0	0	0	0	0	1	0	0	0	0	1	0
ASV1767	0	0	0	0	0	0	0	0	0	0	0	0	0	0	0	0	3	0	0	0	0	0	0	0	1	0	0	0	6	0	0	0	0	0	0	0	0	2	0	0	0	0	0	0	0	0	0	0	0	0	0	0	0	0	0	0	0	0	0
ASV1768	0	0	0	0	0	0	0	0	0	0	0	0	0	0	0	0	0	0	0	9	0	0	0	0	2	0	0	0	0	0	0	0	0	0	0	0	0	0	0	0	0	1	0	0	0	0	0	0	0	0	0	0	0	0	0	0	0	0	0
ASV1778	0	0	0	0	0	0	0	0	0	0	0	0	0	0	0	0	0	0	0	0	0	0	0	0	0	0	0	0	0	0	0	0	0	0	12	0	0	0	0	0	0	0	0	0	0	0	0	0	0	0	0	0	0	0	0	0	0	0	0
ASV1787	0	0	0	0	0	0	0	0	0	0	0	0	0	0	0	0	0	0	0	0	0	0	0	0	0	0	0	0	0	0	0	0	0	0	0	0	0	0	0	0	0	0	0	0	0	0	0	0	0	0	0	0	0	0	0	0	0	12	0
ASV1814	0	0	0	0	0	0	0	0	0	0	0	0	0	0	0	0	0	12	0	0	0	0	0	0	0	0	0	0	0	0	0	0	0	0	0	0	0	0	0	0	0	0	0	0	0	0	0	0	0	0	0	0	0	0	0	0	0	0	0
ASV1817	0	0	0	0	0	0	0	0	0	0	0	0	0	0	0	0	0	12	0	0	0	0	0	0	0	0	0	0	0	0	0	0	0	0	0	0	0	0	0	0	0	0	0	0	0	0	0	0	0	0	0	0	0	0	0	0	0	0	0
ASV1820	0	0	0	0	0	0	0	0	0	0	0	0	0	0	0	0	0	8	0	0	0	0	0	0	0	0	0	0	0	0	0	0	0	0	0	0	0	0	0	0	0	0	0	0	0	0	0	0	0	0	0	0	0	4	0	0	0	0	0
ASV1843	0	0	0	0	0	0	0	0	0	0	0	0	4	0	0	0	0	0	3	0	0	0	0	0	4	0	0	0	0	0	0	0	0	0	0	0	0	0	0	0	0	0	0	0	0	0	0	0	0	0	0	0	0	0	0	0	0	1	0
ASV1907	0	0	0	0	0	0	0	0	0	0	0	0	0	0	0	0	0	0	0	0	0	0	0	0	0	0	0	0	0	0	0	0	0	0	0	0	0	0	0	0	0	0	12	0	0	0	0	0	0	0	0	0	0	0	0	0	0	0	0
ASV1913	0	0	0	0	0	0	0	0	0	0	0	0	0	0	0	0	0	0	6	0	0	0	0	0	0	0	0	0	0	0	0	0	0	0	1	0	0	0	0	0	4	0	1	0	0	0	0	0	0	0	0	0	0	0	0	0	0	0	0
ASV1925	0	0	0	0	0	0	0	0	0	0	0	0	0	0	0	0	2	8	2	0	0	0	0	0	0	0	0	0	0	0	0	0	0	0	0	0	0	0	0	0	0	0	0	0	0	0	0	0	0	0	0	0	0	0	0	0	0	0	0
ASV1949	0	0	0	0	0	0	0	0	0	0	0	0	0	0	0	11	0	1	0	0	0	0	0	0	0	0	0	0	0	0	0	0	0	0	0	0	0	0	0	0	0	0	0	0	0	0	0	0	0	0	0	0	0	0	0	0	0	0	0
ASV1959	0	0	0	0	0	0	0	0	0	0	0	0	0	0	0	0	0	0	12	0	0	0	0	0	0	0	0	0	0	0	0	0	0	0	0	0	0	0	0	0	0	0	0	0	0	0	0	0	0	0	0	0	0	0	0	0	0	0	0
ASV1964	0	0	0	0	0	0	0	0	0	0	0	0	0	0	0	0	0	0	0	0	0	0	0	12	0	0	0	0	0	0	0	0	0	0	0	0	0	0	0	0	0	0	0	0	0	0	0	0	0	0	0	0	0	0	0	0	0	0	0
ASV1965	0	0	0	0	0	0	0	0	0	0	0	0	0	0	0	0	0	9	0	0	0	0	0	0	0	0	0	0	0	0	0	0	0	0	0	0	0	0	0	0	0	0	0	0	0	0	0	0	0	0	0	0	0	0	0	0	0	0	3
ASV1966	0	0	0	0	0	0	0	0	0	0	0	0	0	0	0	0	0	6	0	0	0	0	0	0	0	0	0	0	0	0	0	0	0	0	0	0	0	0	0	0	0	0	0	0	0	0	0	0	0	0	0	2	4	0	0	0	0	0	0
ASV2012	0	0	0	0	0	0	0	0	0	0	0	0	0	0	0	0	0	0	0	0	0	0	0	0	0	0	0	0	0	0	0	0	0	0	0	0	0	0	0	0	0	0	0	0	0	0	0	0	0	0	0	0	0	0	0	0	0	0	12
ASV2017	0	0	0	0	0	0	0	0	0	0	0	0	0	0	0	0	0	0	0	0	0	0	0	0	0	0	0	0	0	0	0	0	0	0	0	0	0	0	0	11	0	0	0	0	0	1	0	0	0	0	0	0	0	0	0	0	0	0	0
ASV2062	0	0	0	0	0	0	0	0	0	0	0	0	0	11	0	0	0	0	0	0	0	0	0	0	0	0	0	0	0	0	0	0	0	0	0	0	0	0	0	0	0	0	0	0	0	0	0	0	0	0	0	0	1	0	0	0	0	0	0
ASV2104	0	0	0	0	0	0	0	0	0	0	0	0	0	0	0	0	0	4	0	0	0	0	0	0	0	0	0	0	0	0	0	0	0	0	0	0	0	0	5	0	0	0	0	0	0	0	0	0	0	0	0	3	0	0	0	0	0	0	0
ASV2110	0	0	0	0	0	0	0	0	0	0	0	0	0	0	0	0	0	1	0	0	0	0	0	0	0	0	0	0	0	0	10	0	0	0	0	0	0	0	0	0	0	0	0	0	0	0	0	0	0	0	0	0	1	0	0	0	0	0	0
ASV2114	0	0	0	0	0	0	0	0	0	0	0	0	0	0	0	0	0	0	0	0	0	0	0	0	0	0	0	0	0	0	0	0	0	0	0	0	12	0	0	0	0	0	0	0	0	0	0	0	0	0	0	0	0	0	0	0	0	0	0
ASV2171	0	0	0	0	0	0	0	0	0	0	0	0	0	0	0	0	0	0	0	0	0	0	0	0	0	11	0	0	0	0	0	0	0	0	0	0	0	0	0	0	0	0	0	0	0	0	0	0	0	0	0	0	0	0	0	0	0	1	0
ASV2191	0	0	0	0	0	0	0	0	0	0	0	0	0	0	0	0	1	0	0	0	0	0	0	0	7	0	0	0	0	0	0	0	0	0	3	0	0	0	0	0	0	0	0	1	0	0	0	0	0	0	0	0	0	0	0	0	0	0	0
ASV2227	0	0	0	0	0	0	0	0	0	0	0	0	0	0	0	0	0	0	0	0	0	0	0	0	0	0	0	0	0	0	0	0	0	0	0	12	0	0	0	0	0	0	0	0	0	0	0	0	0	0	0	0	0	0	0	0	0	0	0
ASV54	0	0	0	0	0	0	0	0	0	0	0	0	0	0	0	0	0	0	0	0	0	0	0	0	0	0	0	0	0	0	0	0	0	0	0	0	0	0	1	0	0	1	0	0	0	0	0	0	2	0	0	3	1	0	0	4	0	0	0
ASV1683	0	0	0	0	0	0	0	0	0	0	0	0	0	0	0	0	0	0	0	0	0	0	0	0	0	0	0	0	0	0	0	0	0	0	0	0	0	0	0	0	0	0	0	0	0	0	0	0	0	0	0	0	0	0	0	0	0	11	0
ASV1715	0	0	0	0	0	0	0	0	0	0	0	0	0	0	0	0	0	0	0	0	0	11	0	0	0	0	0	0	0	0	0	0	0	0	0	0	0	0	0	0	0	0	0	0	0	0	0	0	0	0	0	0	0	0	0	0	0	0	0
ASV1717	0	0	0	0	0	0	0	0	0	0	0	0	0	0	0	0	0	0	0	0	0	0	0	0	0	0	0	0	0	0	0	0	0	0	0	0	0	0	0	11	0	0	0	0	0	0	0	0	0	0	0	0	0	0	0	0	0	0	0
ASV1738	0	0	0	0	0	0	0	0	0	0	0	0	0	0	0	0	0	0	0	0	0	0	0	0	0	0	1	0	0	0	0	0	0	0	3	0	0	0	0	5	2	0	0	0	0	0	0	0	0	0	0	0	0	0	0	0	0	0	0
ASV1743	0	0	0	0	0	0	0	0	0	0	0	0	4	2	0	0	0	0	0	0	0	0	0	0	0	0	0	0	0	0	0	0	0	0	0	0	0	0	5	0	0	0	0	0	0	0	0	0	0	0	0	0	0	0	0	0	0	0	0
ASV1752	0	0	0	0	0	0	0	0	0	0	0	0	0	0	0	0	0	0	0	11	0	0	0	0	0	0	0	0	0	0	0	0	0	0	0	0	0	0	0	0	0	0	0	0	0	0	0	0	0	0	0	0	0	0	0	0	0	0	0
ASV1758	0	0	0	0	0	0	0	0	0	0	0	0	0	0	0	0	0	0	0	0	0	0	0	0	11	0	0	0	0	0	0	0	0	0	0	0	0	0	0	0	0	0	0	0	0	0	0	0	0	0	0	0	0	0	0	0	0	0	0
ASV1785	0	0	0	0	0	0	0	0	0	0	0	0	0	0	0	0	0	0	0	0	0	0	0	0	0	0	0	0	0	0	0	0	0	0	0	0	0	0	0	0	11	0	0	0	0	0	0	0	0	0	0	0	0	0	0	0	0	0	0
ASV1789	0	0	0	0	0	0	0	0	0	0	0	0	0	0	0	0	0	1	0	0	0	0	0	0	0	0	0	0	10	0	0	0	0	0	0	0	0	0	0	0	0	0	0	0	0	0	0	0	0	0	0	0	0	0	0	0	0	0	0
ASV1792	0	0	0	0	0	0	0	0	0	0	0	0	0	0	0	0	0	0	0	0	0	0	0	0	0	0	0	0	11	0	0	0	0	0	0	0	0	0	0	0	0	0	0	0	0	0	0	0	0	0	0	0	0	0	0	0	0	0	0
ASV1852	0	0	0	0	0	0	0	0	0	0	0	0	5	0	0	4	0	0	0	0	0	0	0	0	0	0	0	0	0	0	0	0	0	0	0	0	0	0	0	0	0	0	0	2	0	0	0	0	0	0	0	0	0	0	0	0	0	0	0
ASV1860	0	0	0	0	0	0	0	0	0	0	0	0	0	11	0	0	0	0	0	0	0	0	0	0	0	0	0	0	0	0	0	0	0	0	0	0	0	0	0	0	0	0	0	0	0	0	0	0	0	0	0	0	0	0	0	0	0	0	0
ASV1885	0	0	0	0	0	0	0	0	0	0	0	0	5	0	0	0	1	0	1	0	0	0	0	0	0	0	3	0	0	0	0	0	0	0	1	0	0	0	0	0	0	0	0	0	0	0	0	0	0	0	0	0	0	0	0	0	0	0	0
ASV1896	0	0	0	0	0	0	0	0	0	0	0	0	0	0	0	0	0	0	0	0	0	0	0	11	0	0	0	0	0	0	0	0	0	0	0	0	0	0	0	0	0	0	0	0	0	0	0	0	0	0	0	0	0	0	0	0	0	0	0
ASV1909	0	0	0	0	0	0	0	0	0	0	0	0	0	0	0	0	0	0	0	0	0	0	0	0	0	0	0	0	0	0	0	0	0	0	0	0	0	0	0	0	0	0	11	0	0	0	0	0	0	0	0	0	0	0	0	0	0	0	0
ASV1910	0	0	0	0	0	0	0	0	0	0	0	0	0	0	0	0	0	0	0	0	0	0	0	0	0	0	0	0	0	0	0	0	0	0	0	0	0	0	0	0	0	11	0	0	0	0	0	0	0	0	0	0	0	0	0	0	0	0	0
ASV1967	0	0	0	0	0	0	0	0	0	0	0	0	0	0	0	0	0	0	0	0	0	0	0	8	0	0	0	0	0	0	0	0	0	0	0	0	0	0	0	0	0	0	0	0	0	0	0	0	0	0	0	0	0	3	0	0	0	0	0
ASV1973	0	0	0	0	0	0	0	0	0	0	0	0	0	0	0	1	0	0	0	0	1	0	0	2	0	0	0	0	0	0	0	0	0	0	0	0	0	0	0	1	0	0	0	0	0	0	0	0	0	0	0	0	0	0	0	0	0	6	0
ASV2030	0	0	0	0	0	0	0	0	0	0	0	0	0	0	0	0	0	0	0	0	0	0	0	0	0	0	0	0	0	0	0	0	0	0	0	0	0	0	11	0	0	0	0	0	0	0	0	0	0	0	0	0	0	0	0	0	0	0	0
ASV2038	0	0	0	0	0	0	0	0	0	0	0	0	0	0	0	0	0	0	0	0	0	0	0	0	0	0	0	0	0	0	0	0	0	0	0	0	11	0	0	0	0	0	0	0	0	0	0	0	0	0	0	0	0	0	0	0	0	0	0
ASV2043	0	0	0	0	0	0	0	0	0	0	0	0	0	0	0	0	0	1	0	0	0	0	0	0	0	0	0	10	0	0	0	0	0	0	0	0	0	0	0	0	0	0	0	0	0	0	0	0	0	0	0	0	0	0	0	0	0	0	0
ASV2048	0	0	0	0	0	0	0	0	0	0	0	0	0	0	0	0	0	0	0	0	0	0	0	0	5	0	0	0	0	0	0	0	0	0	0	0	0	0	0	4	0	1	0	0	0	0	0	0	0	0	0	1	0	0	0	0	0	0	0
ASV2057	0	0	0	0	0	0	0	0	0	0	0	0	0	0	0	0	0	0	0	0	0	0	0	0	0	0	0	0	0	0	0	0	0	0	0	0	0	0	0	0	2	0	0	0	0	0	0	0	0	0	0	0	0	0	0	0	0	9	0
ASV2067	0	0	0	0	0	0	0	0	0	0	0	0	0	0	0	0	0	0	0	0	0	0	0	0	0	0	0	11	0	0	0	0	0	0	0	0	0	0	0	0	0	0	0	0	0	0	0	0	0	0	0	0	0	0	0	0	0	0	0
ASV2077	0	0	0	0	0	0	0	0	0	0	0	0	0	0	0	0	0	0	0	0	0	0	0	0	0	0	0	0	0	0	0	0	0	0	0	0	0	0	0	0	0	0	0	0	0	0	0	0	1	0	0	5	5	0	0	0	0	0	0
ASV2085	0	0	0	0	0	0	0	0	0	0	0	0	0	0	0	0	0	0	0	0	11	0	0	0	0	0	0	0	0	0	0	0	0	0	0	0	0	0	0	0	0	0	0	0	0	0	0	0	0	0	0	0	0	0	0	0	0	0	0
ASV2102	0	0	0	0	0	0	0	0	0	0	0	0	0	0	0	0	0	0	5	0	0	1	0	0	0	0	0	0	0	0	0	0	0	0	5	0	0	0	0	0	0	0	0	0	0	0	0	0	0	0	0	0	0	0	0	0	0	0	0
ASV2134	0	0	0	0	0	0	0	0	0	0	0	0	0	0	0	3	0	0	0	0	0	0	0	0	0	0	0	0	0	0	0	0	0	0	0	0	0	0	7	0	0	0	0	1	0	0	0	0	0	0	0	0	0	0	0	0	0	0	0
ASV2151	0	0	0	0	0	0	0	0	0	0	0	0	0	0	0	0	0	11	0	0	0	0	0	0	0	0	0	0	0	0	0	0	0	0	0	0	0	0	0	0	0	0	0	0	0	0	0	0	0	0	0	0	0	0	0	0	0	0	0
ASV2159	0	0	0	0	0	0	0	0	0	0	0	0	0	0	0	3	0	0	0	0	0	0	0	0	0	0	0	0	0	0	0	0	0	0	0	0	0	0	0	0	0	0	0	8	0	0	0	0	0	0	0	0	0	0	0	0	0	0	0
ASV2165	0	0	0	0	0	0	0	0	0	0	0	0	0	0	0	0	0	0	0	0	0	0	0	0	0	11	0	0	0	0	0	0	0	0	0	0	0	0	0	0	0	0	0	0	0	0	0	0	0	0	0	0	0	0	0	0	0	0	0
ASV2167	0	0	0	0	0	0	0	0	0	0	0	0	0	0	0	0	0	0	0	0	0	0	0	8	0	0	0	0	0	0	0	0	0	0	0	0	0	0	0	0	0	0	0	3	0	0	0	0	0	0	0	0	0	0	0	0	0	0	0
ASV2184	0	0	0	0	0	0	0	0	0	0	0	0	0	0	0	0	0	0	0	0	0	0	0	0	0	0	0	0	0	0	0	0	0	0	0	11	0	0	0	0	0	0	0	0	0	0	0	0	0	0	0	0	0	0	0	0	0	0	0
ASV2185	0	0	0	0	0	0	0	0	0	0	0	0	0	0	0	0	0	0	0	0	0	0	0	0	0	0	0	0	0	0	0	0	0	0	0	0	0	0	0	0	0	0	0	0	0	0	0	0	0	0	7	0	4	0	0	0	0	0	0
ASV2186	0	0	0	0	0	0	0	0	0	0	0	0	0	0	0	0	0	0	0	0	0	0	0	0	0	0	0	0	0	0	0	0	0	0	0	0	0	0	0	0	0	0	0	11	0	0	0	0	0	0	0	0	0	0	0	0	0	0	0
ASV2216	0	0	0	0	0	0	0	0	0	0	0	0	0	0	0	0	0	0	0	0	0	0	0	0	11	0	0	0	0	0	0	0	0	0	0	0	0	0	0	0	0	0	0	0	0	0	0	0	0	0	0	0	0	0	0	0	0	0	0
ASV2217	0	0	0	0	0	0	0	0	0	0	0	0	0	0	0	0	0	0	0	0	0	0	0	0	0	0	0	0	0	0	0	0	0	0	0	0	0	0	0	7	0	0	4	0	0	0	0	0	0	0	0	0	0	0	0	0	0	0	0
ASV2229	0	0	0	0	0	0	0	0	0	0	0	0	0	8	0	2	0	1	0	0	0	0	0	0	0	0	0	0	0	0	0	0	0	0	0	0	0	0	0	0	0	0	0	0	0	0	0	0	0	0	0	0	0	0	0	0	0	0	0
ASV448	0	0	0	0	0	0	0	0	0	0	0	0	0	1	0	0	0	8	0	0	0	0	0	0	0	0	0	0	0	0	0	0	0	0	0	0	0	0	0	0	1	0	1	0	0	0	0	0	0	0	0	0	0	0	0	0	0	0	0
ASV1791	0	0	0	0	0	0	0	0	0	0	0	0	0	0	0	0	0	0	0	0	0	0	0	0	0	0	0	0	0	0	0	0	0	0	0	0	0	0	0	0	10	0	0	0	0	0	0	0	0	0	0	0	0	0	0	0	0	0	0
ASV1818	0	0	0	0	0	0	0	0	0	0	0	0	0	0	0	0	0	10	0	0	0	0	0	0	0	0	0	0	0	0	0	0	0	0	0	0	0	0	0	0	0	0	0	0	0	0	0	0	0	0	0	0	0	0	0	0	0	0	0
ASV1830	0	0	0	0	0	0	0	0	0	0	0	0	0	0	0	0	0	10	0	0	0	0	0	0	0	0	0	0	0	0	0	0	0	0	0	0	0	0	0	0	0	0	0	0	0	0	0	0	0	0	0	0	0	0	0	0	0	0	0
ASV1835	0	0	0	0	0	0	0	0	0	0	0	0	0	0	0	0	0	0	0	0	0	0	0	0	0	0	0	0	0	0	0	0	0	0	10	0	0	0	0	0	0	0	0	0	0	0	0	0	0	0	0	0	0	0	0	0	0	0	0
ASV1840	0	0	0	0	0	0	0	0	0	0	0	0	0	0	0	0	0	0	0	0	0	0	0	0	0	0	0	0	0	0	0	0	0	0	10	0	0	0	0	0	0	0	0	0	0	0	0	0	0	0	0	0	0	0	0	0	0	0	0
ASV1874	0	0	0	0	0	0	0	0	0	0	0	0	0	0	0	0	0	0	0	0	0	0	0	0	0	0	0	0	0	0	0	0	0	0	0	0	0	0	0	0	0	0	0	0	0	0	0	0	3	0	0	0	6	0	0	1	0	0	0
ASV1918	0	0	0	0	0	0	0	0	0	0	0	0	0	0	0	0	0	0	0	0	10	0	0	0	0	0	0	0	0	0	0	0	0	0	0	0	0	0	0	0	0	0	0	0	0	0	0	0	0	0	0	0	0	0	0	0	0	0	0
ASV1921	0	0	0	0	0	0	0	0	0	0	0	0	0	0	0	0	0	0	0	0	0	0	0	0	0	0	0	0	0	10	0	0	0	0	0	0	0	0	0	0	0	0	0	0	0	0	0	0	0	0	0	0	0	0	0	0	0	0	0
ASV1927	0	0	0	0	0	0	0	0	0	0	0	0	0	10	0	0	0	0	0	0	0	0	0	0	0	0	0	0	0	0	0	0	0	0	0	0	0	0	0	0	0	0	0	0	0	0	0	0	0	0	0	0	0	0	0	0	0	0	0
ASV1931	0	0	0	0	0	0	0	0	0	0	0	0	0	0	0	0	0	0	8	0	0	0	0	0	0	0	0	0	0	0	0	0	0	0	0	0	0	0	0	0	2	0	0	0	0	0	0	0	0	0	0	0	0	0	0	0	0	0	0
ASV1932	0	0	0	0	0	0	0	0	0	0	0	0	0	0	0	0	0	0	0	0	0	0	0	0	0	0	0	0	0	0	0	0	0	0	0	0	10	0	0	0	0	0	0	0	0	0	0	0	0	0	0	0	0	0	0	0	0	0	0
ASV1938	0	0	0	0	0	0	0	0	0	0	0	0	0	0	0	0	0	0	10	0	0	0	0	0	0	0	0	0	0	0	0	0	0	0	0	0	0	0	0	0	0	0	0	0	0	0	0	0	0	0	0	0	0	0	0	0	0	0	0
ASV1941	0	0	0	0	0	0	0	0	0	0	0	0	0	0	0	2	0	0	0	0	0	0	0	0	0	1	0	0	0	0	0	0	0	0	0	0	0	0	7	0	0	0	0	0	0	0	0	0	0	0	0	0	0	0	0	0	0	0	0
ASV1945	0	0	0	0	0	0	0	0	0	0	0	0	0	0	0	0	0	0	0	0	0	0	0	10	0	0	0	0	0	0	0	0	0	0	0	0	0	0	0	0	0	0	0	0	0	0	0	0	0	0	0	0	0	0	0	0	0	0	0
ASV1963	0	0	0	0	0	0	0	0	0	0	0	0	0	0	0	0	0	0	4	0	6	0	0	0	0	0	0	0	0	0	0	0	0	0	0	0	0	0	0	0	0	0	0	0	0	0	0	0	0	0	0	0	0	0	0	0	0	0	0
ASV1972	0	0	0	0	0	0	0	0	0	0	0	0	0	0	0	0	0	10	0	0	0	0	0	0	0	0	0	0	0	0	0	0	0	0	0	0	0	0	0	0	0	0	0	0	0	0	0	0	0	0	0	0	0	0	0	0	0	0	0
ASV1977	0	0	0	0	0	0	0	0	0	0	0	0	10	0	0	0	0	0	0	0	0	0	0	0	0	0	0	0	0	0	0	0	0	0	0	0	0	0	0	0	0	0	0	0	0	0	0	0	0	0	0	0	0	0	0	0	0	0	0
ASV1980	0	0	0	0	0	0	0	0	0	0	0	0	0	0	0	0	0	0	0	0	0	9	0	0	0	0	0	0	0	0	0	0	0	0	0	0	0	0	0	0	0	0	0	0	0	0	0	0	0	0	0	0	0	0	0	0	0	1	0
ASV1981	0	0	0	0	0	0	0	0	0	0	0	0	0	0	0	0	0	0	0	0	0	7	0	0	0	0	0	0	0	0	0	0	0	0	0	0	0	0	0	0	0	0	0	3	0	0	0	0	0	0	0	0	0	0	0	0	0	0	0
ASV2013	0	0	0	0	0	0	0	0	0	0	0	0	0	0	10	0	0	0	0	0	0	0	0	0	0	0	0	0	0	0	0	0	0	0	0	0	0	0	0	0	0	0	0	0	0	0	0	0	0	0	0	0	0	0	0	0	0	0	0
ASV2032	0	0	0	0	0	0	0	0	0	0	0	0	0	0	0	0	0	0	0	0	0	0	0	0	0	0	0	0	0	0	0	0	0	0	0	0	0	0	0	0	0	0	0	10	0	0	0	0	0	0	0	0	0	0	0	0	0	0	0
ASV2049	0	0	0	0	0	0	0	0	0	0	0	0	0	0	0	0	0	0	0	0	0	1	0	0	0	0	9	0	0	0	0	0	0	0	0	0	0	0	0	0	0	0	0	0	0	0	0	0	0	0	0	0	0	0	0	0	0	0	0
ASV2050	0	0	0	0	0	0	0	0	0	0	0	0	0	0	0	0	0	0	0	0	9	0	0	0	0	0	0	0	0	0	0	0	0	0	0	0	0	0	0	0	0	0	0	0	0	0	0	0	0	0	1	0	0	0	0	0	0	0	0
ASV2068	0	0	0	0	0	0	0	0	0	0	0	0	0	0	0	0	0	0	0	0	0	0	0	0	10	0	0	0	0	0	0	0	0	0	0	0	0	0	0	0	0	0	0	0	0	0	0	0	0	0	0	0	0	0	0	0	0	0	0
ASV2070	0	0	0	0	0	0	0	0	0	0	0	0	0	0	0	0	0	0	0	0	0	0	0	0	0	0	0	0	0	0	0	0	0	0	0	0	0	0	0	0	0	0	0	0	0	0	0	0	0	0	0	0	0	0	0	0	0	10	0
ASV2121	0	0	0	0	0	0	0	0	0	0	0	0	0	0	0	0	0	0	0	0	0	0	0	0	0	0	0	0	0	0	0	0	0	0	0	0	0	0	0	0	0	0	0	0	0	0	0	0	0	0	0	0	0	0	0	0	0	10	0
ASV2145	0	0	0	0	0	0	0	0	0	0	0	0	0	0	0	0	5	0	0	1	0	0	0	0	0	0	0	0	0	0	0	0	0	0	4	0	0	0	0	0	0	0	0	0	0	0	0	0	0	0	0	0	0	0	0	0	0	0	0
ASV2148	0	0	0	0	0	0	0	0	0	0	0	0	0	3	0	0	0	0	0	0	0	0	0	0	0	0	0	0	0	0	0	0	0	0	0	0	0	0	3	0	4	0	0	0	0	0	0	0	0	0	0	0	0	0	0	0	0	0	0
ASV2173	0	0	0	0	0	0	0	0	0	0	0	0	0	0	0	0	0	1	0	0	6	0	0	0	0	0	0	0	0	0	0	0	0	0	3	0	0	0	0	0	0	0	0	0	0	0	0	0	0	0	0	0	0	0	0	0	0	0	0
ASV2181	0	0	0	0	0	0	0	0	0	0	0	0	0	0	0	0	0	0	0	0	0	0	0	0	0	0	0	0	0	0	0	0	0	0	0	0	0	0	0	0	0	5	5	0	0	0	0	0	0	0	0	0	0	0	0	0	0	0	0
ASV2204	0	0	0	0	0	0	0	0	0	0	0	0	0	0	0	0	0	0	0	0	0	0	0	0	0	0	0	0	0	0	0	0	0	0	0	10	0	0	0	0	0	0	0	0	0	0	0	0	0	0	0	0	0	0	0	0	0	0	0
ASV2212	0	0	0	0	0	0	0	0	0	0	0	0	0	0	0	0	0	0	0	0	0	10	0	0	0	0	0	0	0	0	0	0	0	0	0	0	0	0	0	0	0	0	0	0	0	0	0	0	0	0	0	0	0	0	0	0	0	0	0
ASV2226	0	0	0	0	0	0	0	0	0	0	0	0	1	0	0	0	9	0	0	0	0	0	0	0	0	0	0	0	0	0	0	0	0	0	0	0	0	0	0	0	0	0	0	0	0	0	0	0	0	0	0	0	0	0	0	0	0	0	0
ASV2235	0	0	0	0	0	0	0	0	0	0	0	0	0	0	0	9	0	0	0	0	0	0	0	0	0	0	0	0	0	0	0	0	0	0	0	0	0	0	0	0	0	0	1	0	0	0	0	0	0	0	0	0	0	0	0	0	0	0	0
ASV75	0	0	0	0	0	0	0	0	0	0	0	0	0	0	0	0	0	0	0	0	0	0	0	0	0	0	0	0	0	0	0	0	0	0	0	0	0	0	0	1	0	0	0	0	0	0	0	0	0	0	3	0	0	6	0	0	0	0	0
ASV1942	0	0	0	0	0	0	0	0	0	0	0	0	0	0	0	0	0	9	0	0	0	0	0	0	0	0	0	0	0	0	0	0	0	0	0	0	0	0	0	0	0	0	0	0	0	0	0	0	0	0	0	0	0	0	0	0	0	0	0
ASV2036	0	0	0	0	0	0	0	0	0	0	0	0	0	0	0	0	0	0	0	0	0	0	0	0	0	0	0	0	0	0	0	0	0	0	0	0	0	0	9	0	0	0	0	0	0	0	0	0	0	0	0	0	0	0	0	0	0	0	0
ASV2096	0	0	0	0	0	0	0	0	0	0	0	0	0	0	1	0	0	0	0	0	0	0	0	0	1	0	1	0	0	0	0	0	0	0	0	0	0	0	0	0	1	0	1	0	0	0	0	0	0	0	0	3	0	0	0	0	0	1	0
ASV2097	0	0	0	0	0	0	0	0	0	0	0	0	0	0	0	0	0	0	0	0	0	0	0	0	9	0	0	0	0	0	0	0	0	0	0	0	0	0	0	0	0	0	0	0	0	0	0	0	0	0	0	0	0	0	0	0	0	0	0
ASV2111	0	0	0	0	0	0	0	0	0	0	0	0	0	0	0	0	0	0	0	0	0	0	0	0	8	0	0	0	0	0	0	0	0	0	1	0	0	0	0	0	0	0	0	0	0	0	0	0	0	0	0	0	0	0	0	0	0	0	0
ASV2131	0	0	0	0	0	0	0	0	0	0	0	0	0	0	0	0	0	0	0	0	0	0	0	0	0	0	0	0	0	0	0	0	0	0	0	0	0	0	0	9	0	0	0	0	0	0	0	0	0	0	0	0	0	0	0	0	0	0	0
ASV2132	0	0	0	0	0	0	0	0	0	0	0	0	0	0	0	0	0	0	0	0	0	0	0	0	0	0	0	0	0	0	0	0	0	0	0	0	0	0	0	0	0	0	0	0	0	0	0	0	3	0	0	2	0	0	0	0	0	0	4
ASV2135	0	0	0	0	0	0	0	0	0	0	0	0	0	0	0	0	0	0	0	0	0	0	0	0	0	0	0	0	0	0	0	0	0	0	6	0	0	0	0	0	0	0	0	3	0	0	0	0	0	0	0	0	0	0	0	0	0	0	0
ASV2143	0	0	0	0	0	0	0	0	0	0	0	0	0	0	0	0	0	0	0	0	0	0	0	0	0	0	0	0	0	0	0	0	0	0	0	0	0	0	0	0	0	0	0	9	0	0	0	0	0	0	0	0	0	0	0	0	0	0	0
ASV2146	0	0	0	0	0	0	0	0	0	0	0	0	0	0	0	0	0	9	0	0	0	0	0	0	0	0	0	0	0	0	0	0	0	0	0	0	0	0	0	0	0	0	0	0	0	0	0	0	0	0	0	0	0	0	0	0	0	0	0
ASV2164	0	0	0	0	0	0	0	0	0	0	0	0	0	0	0	0	0	0	0	0	0	0	0	0	0	0	0	0	0	0	0	0	0	0	0	0	0	0	0	0	0	0	0	0	0	0	0	0	0	0	9	0	0	0	0	0	0	0	0
ASV2175	0	0	0	0	0	0	0	0	0	0	0	0	0	0	0	0	0	8	1	0	0	0	0	0	0	0	0	0	0	0	0	0	0	0	0	0	0	0	0	0	0	0	0	0	0	0	0	0	0	0	0	0	0	0	0	0	0	0	0
ASV2202	0	0	0	0	0	0	0	0	0	0	0	0	0	0	0	0	0	0	0	0	0	0	0	0	0	0	0	0	0	0	9	0	0	0	0	0	0	0	0	0	0	0	0	0	0	0	0	0	0	0	0	0	0	0	0	0	0	0	0
ASV2207	0	0	0	0	0	0	0	0	0	0	0	0	0	0	0	0	0	0	0	0	0	0	0	0	0	0	0	0	0	0	0	0	0	0	0	0	0	0	0	0	9	0	0	0	0	0	0	0	0	0	0	0	0	0	0	0	0	0	0
ASV2228	0	0	0	0	0	0	0	0	0	0	0	0	0	0	0	0	0	0	0	0	0	0	0	0	7	0	0	0	0	0	0	0	0	0	0	0	0	0	0	0	2	0	0	0	0	0	0	0	0	0	0	0	0	0	0	0	0	0	0
ASV2078	0	0	0	0	0	0	0	0	0	0	0	0	0	0	0	0	0	0	0	0	0	0	0	0	0	0	0	0	0	0	0	0	0	0	0	0	0	0	0	0	8	0	0	0	0	0	0	0	0	0	0	0	0	0	0	0	0	0	0
ASV2090	0	0	0	0	0	0	0	0	0	0	0	0	0	0	0	0	0	0	0	0	0	0	0	0	0	0	0	0	0	0	0	0	0	0	0	0	0	0	4	0	0	0	0	0	0	0	0	0	0	0	0	0	0	0	0	0	0	3	1
ASV2100	0	0	0	0	0	0	0	0	0	0	0	0	0	0	0	0	0	0	0	0	0	0	0	0	0	0	0	0	0	0	0	0	0	0	0	0	0	0	8	0	0	0	0	0	0	0	0	0	0	0	0	0	0	0	0	0	0	0	0
ASV2113	0	0	0	0	0	0	0	0	0	0	0	0	0	0	0	0	0	0	8	0	0	0	0	0	0	0	0	0	0	0	0	0	0	0	0	0	0	0	0	0	0	0	0	0	0	0	0	0	0	0	0	0	0	0	0	0	0	0	0
ASV2125	0	0	0	0	0	0	0	0	0	0	0	0	0	0	0	0	0	8	0	0	0	0	0	0	0	0	0	0	0	0	0	0	0	0	0	0	0	0	0	0	0	0	0	0	0	0	0	0	0	0	0	0	0	0	0	0	0	0	0
ASV2127	0	0	0	0	0	0	0	0	0	0	0	0	0	0	0	0	0	8	0	0	0	0	0	0	0	0	0	0	0	0	0	0	0	0	0	0	0	0	0	0	0	0	0	0	0	0	0	0	0	0	0	0	0	0	0	0	0	0	0
ASV2142	0	0	0	0	0	0	0	0	0	0	0	0	0	0	0	0	0	8	0	0	0	0	0	0	0	0	0	0	0	0	0	0	0	0	0	0	0	0	0	0	0	0	0	0	0	0	0	0	0	0	0	0	0	0	0	0	0	0	0
ASV2198	0	0	0	0	0	0	0	0	0	0	0	0	0	0	0	0	0	0	0	0	0	0	0	0	0	0	0	0	0	0	0	0	0	0	0	0	0	0	0	3	0	0	0	5	0	0	0	0	0	0	0	0	0	0	0	0	0	0	0
ASV2225	0	0	0	0	0	0	0	0	0	0	0	0	0	0	0	0	0	0	0	0	0	0	0	0	0	0	0	0	0	8	0	0	0	0	0	0	0	0	0	0	0	0	0	0	0	0	0	0	0	0	0	0	0	0	0	0	0	0	0
ASV2238	0	0	0	0	0	0	0	0	0	0	0	0	0	0	0	0	0	8	0	0	0	0	0	0	0	0	0	0	0	0	0	0	0	0	0	0	0	0	0	0	0	0	0	0	0	0	0	0	0	0	0	0	0	0	0	0	0	0	0
ASV300	0	0	0	0	0	0	0	0	0	0	0	0	2	1	0	1	0	0	1	0	0	0	0	0	0	0	0	0	0	0	0	0	0	0	0	0	0	0	0	2	0	0	0	0	0	0	0	0	0	0	0	0	0	0	0	1	0	0	0
ASV665	0	0	0	0	0	0	0	0	0	0	0	0	0	0	0	0	0	0	0	0	0	0	0	0	0	0	0	0	0	0	0	0	0	0	0	0	0	0	0	0	0	0	0	0	0	0	0	0	0	0	3	0	0	0	0	0	0	0	0
ASV191	0	0	0	0	0	0	0	0	0	0	0	0	0	1	0	0	0	0	0	0	0	0	0	0	0	0	0	0	0	0	0	0	0	0	0	0	0	0	0	0	0	0	0	0	0	0	0	0	0	0	0	0	0	0	0	0	0	0	0
