	G.1	G.2	G.3	G.4	G.5	GR.01
ASV1	1954	2883	5618	4052	7672	2528
ASV2	2675	1714	5606	3536	2953	4153
ASV3	501	5	530	230	7	5
ASV4	3	4	2	6	5	4
ASV5	235	88	402	378	84	827
ASV7	114	46	52	36	12	399
ASV6	2793	1000	1553	1962	910	461
ASV9	3	2	3	3	2	3
ASV10	108	3	363	144	7	3
ASV8	4	29	11	9	13	95
ASV12	4	4	7	4	4	2
ASV15	9	3	19	19	0	3
ASV11	54	152	310	251	625	13
ASV16	30	12	83	48	45	28
ASV14	77	0	49	40	3	2
ASV17	3	7	2	5	0	2
ASV13	2	0	1	2	4	0
ASV18	127	0	85	39	1	0
ASV19	1	6	4	6	36	2
ASV22	1	6	1	4	3	2
ASV21	82	95	72	27	31	103
ASV20	53	17	102	80	41	24
ASV23	85	1	292	89	6	5
ASV27	88	8	191	124	3	15
ASV25	2	1	8	9	0	2
ASV26	0	1	2	2	4	4
ASV69	0	60	28	54	13	320
ASV31	4	1	4	6	1	2
ASV24	1	1	2	1	1	0
ASV34	11	1	32	8	1	0
ASV35	79	0	263	146	4	2
ASV36	2	6	1	0	1	2
ASV29	108	1	109	30	1	0
ASV28	322	1	404	155	1	1
ASV38	4	6	93	17	10	10
ASV33	1	0	3	3	2	2
ASV32	112	4	423	208	3	9
ASV40	34	38	100	70	14	44
ASV30	20	3	4	16	4	0
ASV42	27	2	30	42	0	1
ASV44	32	10	238	115	1	66
ASV39	3	0	1	7	0	0
ASV41	12	0	45	23	4	0
ASV51	510	489	914	862	441	29
ASV37	0	1	1	0	0	0
ASV43	134	2	336	168	27	15
ASV50	69	25	236	94	9	102
ASV46	21	10	45	45	6	46
ASV45	2	4	2	1	0	0
ASV47	1	0	3	2	1	4
ASV59	3	1	21	1	0	1
ASV53	0	1	1	2	3	1383
ASV52	6	2	2	2	0	1
ASV49	9	1	23	6	1	0
ASV151	203	97	62	163	64	259
ASV64	32	5	44	54	9	4
ASV56	0	1	0	0	1	0
ASV61	2	0	0	0	0	0
ASV48	0	0	0	0	0	2
ASV58	0	0	2	1	0	1
ASV55	13	4	70	47	2	7
ASV54	40	1	57	33	1	4
ASV66	0	1	0	0	0	1
ASV60	7	0	13	8	2	2
ASV73	0	0	1	1	1	1
ASV62	7	2	12	10	1	5
ASV96	84	29	20	85	23	296
ASV57	1	0	3	1	1	1
ASV83	106	85	120	82	27	55
ASV80	0	0	1	0	1	1
ASV75	3	14	13	2	8	32
ASV68	10	1	41	20	0	3
ASV65	1	7	3	2	11	7
ASV86	3	1	1	3	1	0
ASV63	2	0	11	1	0	0
ASV87	4	1	11	2	0	0
ASV71	1	0	2	2	0	1
ASV76	2	15	104	233	1870	2
ASV85	163	234	191	120	129	928
ASV67	74	16	141	42	1	5
ASV82	0	0	0	0	0	0
ASV2771	55	55	29	86	67	39
ASV79	0	0	1	0	0	0
ASV74	45	1	181	119	5	4
ASV70	2	1	1	0	1	0
ASV72	1	0	2	0	1	6
ASV92	101	133	202	145	91	93
ASV78	0	0	0	0	0	0
ASV77	2	0	0	1	0	0
ASV98	11	2	8	10	0	1
ASV81	2	5	18	5	2	0
ASV84	0	0	0	0	0	0
ASV99	145	40	184	84	15	412
ASV100	0	0	1	0	0	0
ASV90	5	0	7	2	0	2
ASV95	51	161	177	122	107	16
ASV102	2	0	0	1	0	0
ASV104	8	0	20	26	5	2
ASV93	0	0	0	1	0	1
ASV88	16	8	47	20	22	1
ASV101	0	1	0	0	0	0
ASV107	8	1	0	4	0	3
ASV97	3	0	3	1	0	4
ASV89	0	0	0	0	1	1
ASV105	5	1	8	5	0	4
ASV108	0	1	0	2	0	0
ASV91	1	1	4	4	0	1
ASV103	3	2	12	10	0	7
ASV111	0	0	2	1	0	0
ASV106	0	1	0	0	0	0
ASV110	0	1	1	1	3	0
ASV266	42	48	20	46	65	31
ASV131	1	1	1	0	2	2
ASV117	0	0	0	0	0	1
ASV94	1	0	0	0	1	0
ASV113	9	1	35	17	0	2
ASV112	4	5	16	5	3	12
ASV115	0	0	2	0	1	0
ASV239	115	67	24	72	21	185
ASV114	1	0	0	0	0	0
ASV179	52	5	8	57	6	6
ASV170	1	1	0	1	1	0
ASV109	0	0	8	2	0	10
ASV121	2	0	2	0	0	0
ASV123	37	0	180	148	1	9
ASV125	118	105	133	117	14	91
ASV122	0	0	1	0	0	1
ASV116	1	0	3	1	0	1
ASV119	2	0	4	4	0	0
ASV138	8	3	8	7	0	3
ASV2223	38	18	6	56	19	125
ASV894	48	11	9	17	17	4
ASV445	27	9	12	31	7	71
ASV128	2	1	3	2	0	1
ASV120	2	0	1	1	0	3
ASV140	79	196	152	133	22	27
ASV181	2	4	0	0	3	3
ASV150	0	0	0	1	0	1
ASV124	13	0	7	4	2	8
ASV127	2	1	15	6	0	0
ASV118	0	1	103	589	581	0
ASV145	2	7	10	6	1	4
ASV130	0	0	5	3	5	5
ASV137	3	2	2	2	1	0
ASV146	2	2	2	4	1	2
ASV148	52	17	29	31	4	18
ASV126	5	3	13	11	1	1
ASV220	0	1	0	1	0	1
ASV314	29	6	42	35	5	45
ASV135	4	0	18	5	0	0
ASV129	0	1	0	0	0	0
ASV5782	27	29	11	31	54	47
ASV152	0	0	0	1	0	4
ASV172	0	0	0	0	0	0
ASV139	12	148	25	16	39	171
ASV155	25	3	25	16	1	3
ASV450	16	7	38	19	1	80
ASV134	0	0	0	1	0	0
ASV154	230	87	210	105	9	73
ASV136	0	6	6	5	2	26
ASV336	6	0	0	2	0	0
ASV143	1	1	24	6	1	1
ASV173	21	1	50	40	0	7
ASV167	1	2	9	6	5	7
ASV132	53	337	91	114	87	7
ASV200	3	0	1	5	0	4
ASV177	0	0	0	0	0	0
ASV142	0	0	0	0	0	2
ASV180	2	0	4	0	1	0
ASV1946	25	7	7	31	3	118
ASV141	1	1	3	6	0	0
ASV156	0	6	46	70	189	0
ASV211	11	6	15	18	0	15
ASV158	22	6	23	15	8	9
ASV149	0	0	0	0	0	0
ASV3207	13	11	2	25	11	28
ASV160	108	140	189	116	23	112
ASV147	0	0	5	4	0	1
ASV144	0	0	0	2	0	2
ASV193	9	13	7	10	24	23
ASV161	1	0	0	1	0	0
ASV290	1	1	0	3	1	0
ASV133	2	0	1	4	0	120
ASV192	35	33	17	13	3	80
ASV201	23	1	50	33	1	12
ASV163	0	0	0	0	0	0
ASV157	0	0	0	2	0	0
ASV166	1	802	30	53	89	0
ASV165	0	0	0	0	0	0
ASV280	1	0	0	1	0	0
ASV195	0	0	0	0	0	0
ASV2187	24	1	0	2	2	0
ASV153	0	1	0	0	0	0
ASV279	7	9	3	1	7	20
ASV162	241	8	179	175	5	95
ASV164	0	0	0	0	0	0
ASV174	0	1	1	0	1	2
ASV183	0	0	1	1	0	0
ASV4105	1	1	0	1	0	0
ASV168	159	242	133	67	101	10
ASV178	57	29	170	111	9	14
ASV5245	0	0	0	0	0	0
ASV176	14	1	51	26	1	22
ASV216	1	0	0	0	1	1
ASV208	78	169	112	61	70	29
ASV171	0	0	4	1	0	0
ASV223	14	5	54	32	1	4
ASV206	0	0	1	0	1	0
ASV199	1	0	4	0	0	1
ASV3824	20	14	14	27	34	53
ASV205	1	0	0	0	0	0
ASV250	29	21	42	32	14	114
ASV727	15	2	1	4	0	0
ASV185	31	5	122	83	3	54
ASV235	0	0	0	0	0	0
ASV194	1	0	3	0	0	0
ASV169	12	0	75	46	0	12
ASV189	7	116	30	29	146	298
ASV182	0	0	3	1	1	0
ASV159	2	42	28	81	170	0
ASV188	41	22	62	34	4	49
ASV191	1	1	0	0	0	0
ASV258	1	0	9	3	1	1
ASV175	0	0	0	0	0	0
ASV322	6	4	4	3	6	2
ASV215	85	48	46	20	23	296
ASV204	0	2	1	0	0	0
ASV2583	21	18	13	22	30	27
ASV249	146	68	52	44	6	139
ASV224	8	3	39	22	7	6
ASV2008	2	4	2	1	8	4
ASV213	2	1	1	2	0	2
ASV289	3	0	5	6	0	4
ASV186	0	0	0	0	0	1
ASV310	13	0	31	19	2	1
ASV197	1	0	5	1	0	0
ASV226	18	0	14	3	0	1
ASV202	0	0	2	0	2	0
ASV225	58	35	180	136	9	4
ASV248	7	0	2	5	6	6
ASV356	15	4	1	10	3	28
ASV207	158	8	53	37	1	78
ASV309	44	15	5	24	8	64
ASV198	2	261	150	6	342	1
ASV253	1	2	0	0	0	0
ASV184	4	0	7	3	0	0
ASV478	15	9	3	12	3	26
ASV203	0	1	5	3	0	1
ASV563	22	7	6	20	2	29
ASV240	5	2	16	7	0	5
ASV330	1	0	0	0	0	2
ASV247	1	0	2	0	0	0
ASV219	1	27	24	6	12	30
ASV236	20	0	93	37	0	10
ASV190	2	1	5	3	31	20
ASV210	0	0	2	1	1	2
ASV3327	0	0	2	0	0	1
ASV230	0	1	6	2	0	5
ASV256	1	24	111	257	69	0
ASV187	0	0	0	0	0	0
ASV232	0	0	0	0	0	0
ASV217	2	5	4	1	0	4
ASV238	1	0	2	0	1	0
ASV1730	1	5	1	2	4	6
ASV196	1	0	9	3	0	0
ASV237	0	0	0	0	0	0
ASV221	16	0	11	11	0	6
ASV214	5	0	2	0	1	0
ASV242	13	23	26	28	2	2
ASV241	114	58	109	69	4	190
ASV305	53	36	16	35	25	100
ASV228	0	4	5	0	2	2
ASV741	69	49	11	39	6	177
ASV2618	0	1	0	0	4	1
ASV261	29	19	42	32	12	10
ASV231	5	5	24	20	0	4
ASV288	15	92	68	51	27	8
ASV209	0	0	3	0	1	1
ASV3485	33	3	5	11	4	5
ASV245	1	0	0	0	0	0
ASV265	2	3	7	7	7	3
ASV218	8	76	95	83	283	0
ASV728	3	3	1	2	1	29
ASV227	19	0	16	8	0	0
ASV243	125	103	58	31	16	50
ASV259	1	0	3	5	0	0
ASV719	3	1	4	5	3	3
ASV347	0	2	0	1	1	1
ASV212	0	1	0	0	0	0
ASV229	0	0	1	1	0	0
ASV267	8	0	3	1	0	0
ASV766	79	53	5	39	19	175
ASV312	0	0	0	2	0	0
ASV252	0	0	0	0	0	0
ASV838	25	8	0	25	3	36
ASV296	0	0	0	1	0	2
ASV233	3	0	25	17	0	0
ASV952	52	50	8	41	14	182
ASV3732	7	11	1	17	14	27
ASV234	0	0	0	0	0	0
ASV264	3	31	14	7	100	34
ASV270	17	1	31	22	2	0
ASV286	0	0	2	1	1	0
ASV244	0	1	1	2	9	0
ASV257	11	4	21	7	0	15
ASV268	0	0	3	2	0	0
ASV307	3	0	4	2	0	0
ASV255	0	0	1	0	0	0
ASV262	2	1	3	0	3	0
ASV291	26	3	52	44	5	22
ASV298	4	0	17	7	1	3
ASV316	0	0	0	0	0	0
ASV251	22	5	53	46	1	19
ASV303	1	0	0	0	0	0
ASV643	23	5	3	15	2	79
ASV271	57	40	90	79	18	18
ASV4759	9	3	3	11	1	4
ASV275	1	0	3	0	0	1
ASV300	4	0	5	2	0	2
ASV294	196	40	36	24	1	272
ASV254	1	0	0	0	0	0
ASV282	0	0	1	2	0	0
ASV246	71	6	99	55	2	6
ASV274	16	2	22	26	1	8
ASV283	22	82	40	12	14	150
ASV293	0	0	0	1	0	1
ASV5201	9	5	4	11	1	9
ASV287	0	0	1	0	0	0
ASV269	48	2	161	94	0	6
ASV366	57	10	14	58	4	51
ASV281	1	1	4	2	1	3
ASV273	0	0	0	0	1	1
ASV3779	1	3	2	0	1	2
ASV297	13	0	8	7	2	7
ASV3938	10	10	5	12	12	11
ASV302	0	0	0	0	0	1
ASV335	0	0	1	0	0	0
ASV276	2	0	0	0	0	0
ASV2623	7	7	1	10	2	10
ASV295	39	4	27	33	1	17
ASV5010	20	20	4	24	24	22
ASV263	0	0	1	3	1	4
ASV5744	1	0	0	1	0	0
ASV278	0	0	1	0	0	0
ASV5687	0	0	0	0	0	0
ASV465	0	0	0	1	0	0
ASV285	0	3	8	60	417	26
ASV2809	19	6	3	10	2	13
ASV539	1	0	2	1	0	0
ASV2974	16	8	2	14	2	18
ASV277	9	0	20	14	0	1
ASV306	4	1	8	11	1	0
ASV355	124	45	44	26	13	194
ASV436	22	20	4	17	18	39
ASV353	0	0	0	1	0	0
ASV315	0	0	1	0	0	1
ASV352	30	112	31	43	2	90
ASV260	6	9	11	6	22	2
ASV382	1	0	1	0	0	0
ASV425	3	0	4	0	1	0
ASV342	0	5	21	35	291	0
ASV328	14	1	42	21	13	1
ASV392	14	3	10	15	0	17
ASV334	0	0	0	0	0	0
ASV516	3	0	8	11	2	5
ASV337	74	112	37	27	4	11
ASV284	4	9	13	24	10	28
ASV318	4	0	9	8	15	9
ASV368	1	0	7	6	0	1
ASV323	6	54	45	37	76	0
ASV435	17	3	13	18	0	15
ASV338	0	1	4	4	0	17
ASV272	1	0	3	0	0	0
ASV311	0	0	0	0	0	0
ASV363	0	0	0	0	0	0
ASV1712	2	1	0	2	0	1
ASV361	89	163	54	43	62	17
ASV953	0	5	1	1	4	1
ASV344	0	0	8	2	2	11
ASV331	2	0	0	2	1	1
ASV317	0	0	0	0	0	0
ASV384	4	3	1	1	6	6
ASV373	0	0	0	0	0	1
ASV326	31	28	57	20	36	133
ASV397	12	2	45	0	0	12
ASV308	1	0	5	1	0	1
ASV329	30	0	14	19	1	4
ASV376	0	0	0	0	0	0
ASV348	0	0	0	1	0	1
ASV313	69	114	37	26	3	137
ASV324	14	0	52	36	0	6
ASV325	0	0	0	0	0	0
ASV447	4	35	31	19	58	7
ASV359	0	0	5	2	0	0
ASV321	26	60	51	49	59	10
ASV372	69	25	40	68	61	0
ASV383	116	29	82	67	2	67
ASV301	1	0	0	1	0	0
ASV377	0	0	0	0	0	1
ASV823	1	1	2	11	3	5
ASV349	17	61	34	23	25	25
ASV1112	37	60	5	68	99	3
ASV3716	0	2	0	0	1	6
ASV379	2	1	1	3	0	3
ASV4983	6	10	2	11	6	25
ASV345	4	0	22	12	0	2
ASV2915	1	0	2	1	1	0
ASV327	1	0	0	0	0	0
ASV354	0	0	1	0	0	0
ASV375	12	0	19	2	0	1
ASV404	0	0	0	0	0	0
ASV378	0	0	0	0	0	0
ASV320	3	0	15	8	0	1
ASV411	1	0	0	0	0	0
ASV482	2	0	0	0	0	0
ASV350	0	1	6	17	13	0
ASV656	1	0	0	0	0	3
ASV299	0	0	5	2	0	0
ASV340	1	0	2	2	0	0
ASV389	4	0	6	4	0	1
ASV437	44	45	15	13	5	26
ASV671	1	0	0	0	0	0
ASV319	0	6	17	6	22	3
ASV374	4	0	1	1	0	0
ASV386	5	2	14	9	0	3
ASV391	0	0	0	0	0	0
ASV424	25	22	37	21	14	60
ASV401	2	1	0	1	0	28
ASV860	1	0	0	1	0	0
ASV333	0	0	0	0	0	0
ASV5690	2	1	2	1	1	7
ASV370	5	1	8	9	0	2
ASV439	18	47	33	5	12	144
ASV1358	30	36	6	34	20	18
ASV681	0	0	0	0	0	0
ASV358	0	0	2	0	1	0
ASV2552	0	0	0	0	0	0
ASV346	0	0	1	3	0	1
ASV406	82	13	23	13	8	174
ASV490	8	2	1	8	1	22
ASV388	0	0	0	0	0	0
ASV393	3	0	6	5	0	0
ASV360	7	81	39	35	61	2
ASV365	2	0	4	0	0	0
ASV407	8	0	28	12	0	0
ASV1774	12	0	1	10	0	3
ASV409	8	15	12	8	4	21
ASV362	0	0	1	0	0	0
ASV304	14	65	34	20	60	0
ASV339	0	0	19	0	3	5
ASV432	8	0	9	4	0	38
ASV597	10	7	7	6	6	7
ASV4257	23	29	5	19	34	26
ASV380	0	0	1	0	0	0
ASV343	3	146	84	72	68	0
ASV544	0	0	0	0	0	0
ASV2208	1	1	1	19	0	21
ASV461	13	0	11	8	1	3
ASV351	0	105	36	10	222	0
ASV396	3	0	9	4	0	0
ASV475	0	0	0	0	0	0
ASV369	2	17	23	16	37	2
ASV332	27	1	51	21	0	7
ASV1015	18	4	2	29	0	27
ASV364	5	2	6	31	169	4
ASV427	14	19	19	18	5	19
ASV430	7	2	8	6	1	25
ASV398	9	26	33	47	25	0
ASV456	4	42	27	9	43	25
ASV385	0	1	2	2	14	0
ASV508	5	4	1	0	1	6
ASV1338	6	0	3	14	0	2
ASV640	2	1	0	4	1	3
ASV2291	0	0	1	0	1	17
ASV414	15	4	33	26	0	4
ASV1152	8	0	1	2	0	1
ASV1002	14	6	2	12	7	8
ASV390	6	1	19	6	0	3
ASV587	6	1	7	10	0	0
ASV417	0	0	1	0	1	0
ASV560	0	1	0	0	0	215
ASV2486	6	4	2	22	4	23
ASV466	2	1	0	4	0	0
ASV1132	23	11	3	31	4	44
ASV2850	3	11	1	9	10	16
ASV1092	11	7	0	8	11	7
ASV463	0	0	0	0	0	0
ASV416	0	0	0	0	0	0
ASV438	0	0	0	0	0	2
ASV381	1	64	25	22	247	0
ASV464	23	8	56	24	2	45
ASV419	0	0	0	1	0	0
ASV408	1	1	6	2	8	12
ASV371	12	39	74	36	67	15
ASV1073	7	0	0	10	0	2
ASV1161	26	14	9	28	1	24
ASV410	0	0	2	2	0	0
ASV420	10	4	18	16	1	2
ASV481	1	110	7	8	5	162
ASV592	22	16	4	15	6	83
ASV3576	19	20	6	15	3	62
ASV426	3	0	9	4	0	1
ASV3236	1	0	0	1	0	0
ASV413	6	9	32	10	33	0
ASV405	22	29	25	7	2	6
ASV399	0	0	0	1	0	0
ASV402	1	0	24	5	0	0
ASV400	29	69	38	25	32	8
ASV421	2	0	12	3	1	5
ASV735	4	1	2	7	0	12
ASV960	33	4	7	25	1	29
ASV422	0	0	1	0	0	0
ASV467	0	0	1	0	0	0
ASV5825	1	0	0	0	0	1
ASV1030	15	22	5	20	12	14
ASV444	8	0	8	4	0	2
ASV403	1	0	0	2	0	0
ASV497	0	0	0	0	0	0
ASV606	1	0	0	1	0	0
ASV394	1	0	0	0	0	0
ASV4229	17	16	3	9	5	35
ASV468	0	0	0	0	0	0
ASV1449	3	17	2	6	8	20
ASV451	0	0	7	4	0	0
ASV652	0	0	0	0	0	0
ASV412	23	7	36	14	0	16
ASV434	2	0	2	5	0	0
ASV836	20	9	28	39	1	27
ASV458	11	42	54	36	22	14
ASV513	0	0	0	0	0	0
ASV479	66	19	51	40	0	58
ASV566	47	20	38	20	13	51
ASV1182	16	20	8	10	15	8
ASV506	77	51	35	24	4	35
ASV4509	10	4	3	5	4	4
ASV454	17	3	18	14	33	1
ASV459	20	38	20	11	5	4
ASV505	1	0	0	1	0	0
ASV557	0	0	0	0	0	0
ASV775	0	0	0	0	0	0
ASV3869	10	1	1	15	0	1
ASV469	2	1	3	2	5	3
ASV2124	3	0	2	9	0	0
ASV423	30	27	28	11	113	26
ASV635	0	0	0	0	0	6
ASV1594	13	1	0	5	1	12
ASV498	0	0	1	0	0	1
ASV480	35	41	20	8	2	210
ASV893	6	8	3	11	2	27
ASV486	0	1	0	0	0	1
ASV510	10	4	4	10	2	2
ASV429	0	0	0	0	0	0
ASV395	24	2	26	20	0	6
ASV415	0	2	6	0	0	11
ASV1287	1	0	0	0	0	0
ASV4085	1	0	0	0	0	0
ASV586	0	0	0	0	0	0
ASV428	0	0	0	0	1	0
ASV470	3	0	2	0	0	0
ASV531	0	0	7	5	0	0
ASV828	7	10	1	6	14	15
ASV547	9	4	2	0	0	4
ASV1492	31	42	4	34	7	12
ASV431	0	21	94	54	116	0
ASV600	2	0	11	6	0	1
ASV499	0	0	0	0	0	0
ASV501	3	1	19	12	0	2
ASV387	4	1	2	0	0	1
ASV528	0	3	2	0	0	19
ASV460	3	1	11	5	0	0
ASV621	1	0	1	0	0	0
ASV484	0	0	0	0	0	2
ASV500	3	0	9	3	0	0
ASV517	0	1	0	0	0	0
ASV552	5	22	8	6	11	10
ASV457	1	0	1	0	0	0
ASV474	0	0	1	0	0	0
ASV535	3	0	5	16	0	0
ASV442	5	1	0	0	0	0
ASV545	8	1	24	11	2	11
ASV476	1	2	4	2	1	0
ASV462	0	0	0	1	1	1
ASV543	9	1	13	1	0	214
ASV455	0	7	8	3	7	11
ASV525	9	0	8	3	0	0
ASV483	0	0	0	0	0	0
ASV488	22	22	43	32	48	16
ASV532	10	5	18	6	2	24
ASV1210	13	1	2	17	0	35
ASV4277	0	1	0	0	0	0
ASV441	26	4	18	14	0	4
ASV452	1	0	0	0	0	0
ASV496	1	5	1	1	0	0
ASV433	1	8	12	7	10	1
ASV550	0	0	0	1	0	0
ASV548	3	6	7	2	0	2
ASV617	12	0	16	8	1	186
ASV556	5	2	18	4	0	2
ASV489	1	2	5	1	0	0
ASV493	10	51	19	13	55	10
ASV616	29	4	37	23	1	56
ASV527	16	25	18	19	1	48
ASV591	0	0	0	0	0	0
ASV502	0	0	0	0	0	0
ASV2595	12	14	2	24	12	4
ASV523	13	64	20	14	89	21
ASV779	3	0	1	1	0	0
ASV3406	19	11	2	21	14	13
ASV3760	7	2	5	6	1	4
ASV440	3	1	4	3	2	0
ASV536	1	15	2	10	9	187
ASV1243	3	3	4	9	3	0
ASV509	4	27	6	8	5	0
ASV605	0	0	0	0	0	0
ASV418	18	28	47	17	5	11
ASV443	0	0	0	0	0	0
ASV453	32	22	28	23	29	4
ASV526	2	1	7	5	1	7
ASV677	0	0	0	0	0	0
ASV503	4	0	17	9	0	2
ASV507	0	0	0	0	0	0
ASV542	2	0	0	0	0	0
ASV3107	3	0	0	2	1	53
ASV5166	0	0	0	0	0	1
ASV529	10	9	7	7	0	13
ASV561	1	0	5	1	0	7
ASV4518	0	0	0	1	0	0
ASV504	9	0	32	11	1	11
ASV514	0	0	0	0	0	0
ASV524	7	99	33	53	43	2
ASV1647	21	9	9	31	2	20
ASV511	0	0	0	0	0	0
ASV446	1	0	1	0	0	1
ASV449	27	8	36	16	6	7
ASV487	10	15	48	42	26	2
ASV570	0	0	0	1	0	0
ASV1329	21	3	5	9	2	0
ASV512	1	0	2	1	0	1
ASV3347	8	23	0	10	15	6
ASV477	12	13	21	9	6	19
ASV541	0	0	0	0	0	0
ASV575	0	1	1	0	0	0
ASV537	21	73	19	18	17	12
ASV553	0	0	4	0	0	0
ASV567	6	1	10	3	0	3
ASV576	0	0	0	0	0	0
ASV540	0	0	0	0	0	0
ASV549	0	0	5	0	0	1
ASV624	0	0	1	0	0	0
ASV491	1	0	1	1	0	0
ASV571	0	0	0	0	0	0
ASV572	0	0	0	1	0	0
ASV634	0	0	0	0	0	1
ASV473	12	20	17	8	0	38
ASV494	54	12	35	25	1	49
ASV583	7	10	1	2	0	215
ASV627	7	0	13	12	0	2
ASV562	0	0	0	0	0	0
ASV630	46	11	65	27	4	28
ASV654	0	0	0	0	0	0
ASV658	0	1	1	2	0	0
ASV596	2	1	5	4	0	3
ASV657	0	1	6	2	1	0
ASV607	0	0	0	1	226	0
ASV609	11	1	13	5	6	190
ASV620	16	64	55	52	33	7
ASV767	0	1	6	2	0	0
ASV2165	1	1	1	0	0	18
ASV568	1	0	1	0	0	0
ASV679	1	0	0	0	0	0
ASV725	0	0	1	0	0	0
ASV485	1	0	0	0	0	0
ASV518	6	93	48	34	66	2
ASV522	0	0	2	2	0	0
ASV558	0	0	0	3	0	0
ASV708	0	0	0	0	0	0
ASV448	46	0	28	24	2	2
ASV546	0	85	13	8	61	1
ASV554	37	2	23	17	0	1
ASV574	14	34	19	15	9	17
ASV519	56	2	75	47	0	7
ASV5333	3	3	4	2	10	12
ASV770	4	0	4	1	2	4
ASV521	0	0	0	1	0	1
ASV559	2	0	0	1	0	0
ASV573	0	3	0	0	0	0
ASV614	11	9	19	18	4	9
ASV626	0	0	0	0	0	0
ASV628	0	5	45	159	23	0
ASV492	2	0	11	8	0	0
ASV599	7	178	22	26	2	0
ASV613	2	0	3	2	0	4
ASV686	1	0	1	2	0	0
ASV602	1	1	0	0	1	3
ASV619	4	5	2	1	2	6
ASV569	48	31	23	17	16	62
ASV5772	1	7	3	0	0	52
ASV646	1	0	0	0	1	0
ASV886	0	0	1	4	0	6
ASV3089	11	1	0	11	2	0
ASV4715	7	3	0	1	2	11
ASV551	0	0	0	0	1	2
ASV555	0	3	2	3	105	0
ASV781	2	1	1	4	0	4
ASV639	24	48	26	18	23	20
ASV689	4	0	12	3	0	2
ASV632	0	0	0	0	0	1
ASV644	9	24	33	16	15	1
ASV2010	3	3	1	5	1	1
ASV534	0	1	0	0	0	0
ASV623	2	0	1	3	0	0
ASV625	0	0	0	0	0	0
ASV604	0	0	0	0	0	0
ASV641	0	1	1	1	0	0
ASV734	5	6	5	4	1	7
ASV3754	0	0	0	0	0	0
ASV520	0	0	0	0	0	0
ASV584	1	0	0	0	0	0
ASV610	3	0	4	7	2	0
ASV636	11	16	17	16	17	24
ASV684	3	0	0	2	1	0
ASV773	0	0	0	0	0	0
ASV577	61	32	29	20	9	43
ASV680	2	0	2	1	0	2
ASV580	0	0	1	0	0	0
ASV750	0	0	5	2	0	0
ASV1466	5	2	0	3	1	1
ASV1945	0	0	0	0	0	1
ASV2762	7	29	1	15	9	8
ASV5488	0	0	1	0	0	5
ASV645	11	16	42	28	9	6
ASV692	2	3	5	3	11	99
ASV869	2	6	3	4	15	14
ASV611	12	0	8	8	0	2
ASV2049	4	0	0	0	0	0
ASV585	0	0	0	0	0	0
ASV595	4	1	8	8	0	2
ASV703	2	0	0	3	2	0
ASV772	11	0	7	8	0	1
ASV564	0	0	0	1	0	1
ASV670	14	11	24	14	7	5
ASV5848	2	0	0	0	1	0
ASV724	0	0	0	0	0	0
ASV884	4	1	0	2	1	0
ASV3643	0	0	0	0	0	0
ASV633	1	0	0	0	1	2
ASV495	1	4	2	2	2	0
ASV538	15	4	21	17	22	9
ASV593	1	2	0	2	0	17
ASV648	0	1	0	0	0	0
ASV650	2	1	16	4	0	159
ASV716	0	0	0	1	0	0
ASV615	52	7	68	39	9	25
ASV659	0	68	49	41	57	1
ASV801	53	9	44	23	10	7
ASV601	1	3	9	7	9	2
ASV783	2	0	5	5	1	0
ASV4242	13	11	2	9	12	4
ASV533	2	18	9	10	27	20
ASV582	0	0	0	0	1	0
ASV664	1	0	0	2	0	0
ASV913	3	0	8	6	0	0
ASV1551	2	4	1	1	0	2
ASV579	1	1	14	7	0	1
ASV672	4	7	2	2	2	8
ASV1842	0	2	0	1	0	2
ASV655	10	2	24	20	0	3
ASV706	0	0	0	0	0	0
ASV730	1	0	7	4	0	0
ASV647	0	0	1	1	1	1
ASV669	2	3	9	2	2	0
ASV736	0	0	0	0	0	1
ASV799	0	9	6	8	4	0
ASV530	4	74	29	11	58	0
ASV578	1	0	0	0	0	0
ASV710	0	43	12	10	111	4
ASV769	0	0	2	0	0	1
ASV515	0	0	0	0	0	0
ASV797	29	3	63	45	1	1
ASV5381	5	5	4	4	1	15
ASV629	0	0	0	0	0	0
ASV631	0	0	0	0	0	0
ASV637	1	0	0	0	0	0
ASV666	18	8	17	13	9	64
ASV683	2	25	33	8	37	1
ASV701	12	43	18	14	60	47
ASV673	2	1	8	7	12	0
ASV1135	0	0	0	1	1	0
ASV589	0	0	0	0	0	0
ASV687	2	0	6	0	0	0
ASV5026	0	1	0	0	1	1
ASV594	12	20	7	5	2	41
ASV603	15	0	41	28	1	5
ASV622	13	12	12	7	20	27
ASV737	5	9	4	15	109	1
ASV1830	3	0	2	4	5	0
ASV1069	1	6	0	6	20	10
ASV4788	7	0	1	9	1	8
ASV661	8	0	17	16	0	0
ASV901	10	33	21	6	9	96
ASV608	2	24	35	2	34	9
ASV717	13	19	14	13	8	12
ASV824	0	0	2	1	0	0
ASV852	3	0	9	4	0	3
ASV1000	0	1	0	0	0	0
ASV588	0	0	0	0	0	0
ASV598	31	58	28	12	9	11
ASV693	1	0	3	0	0	1
ASV748	3	2	15	7	2	4
ASV932	31	7	15	11	4	55
ASV5493	26	12	1	24	20	11
ASV694	1	108	3	2	14	9
ASV749	0	0	0	0	0	0
ASV812	16	67	3	36	8	1
ASV667	0	0	0	0	0	0
ASV682	7	2	7	8	1	4
ASV721	6	2	1	3	0	0
ASV854	1	0	4	3	0	2
ASV1057	1	0	1	1	1	0
ASV3322	2	1	0	2	0	1
ASV675	9	11	10	5	16	5
ASV705	23	3	49	30	0	5
ASV863	1	0	3	3	0	0
ASV642	43	1	32	30	0	37
ASV758	4	3	0	2	0	3
ASV5711	0	0	0	0	0	0
ASV697	0	0	0	0	0	0
ASV739	13	55	17	10	9	12
ASV745	0	0	0	0	0	0
ASV768	0	0	0	0	0	1
ASV844	9	14	19	13	14	6
ASV1045	12	49	0	27	23	4
ASV1845	40	17	5	20	11	19
ASV2572	12	0	1	7	2	5
ASV612	5	7	18	7	22	6
ASV688	0	0	2	1	0	2
ASV707	10	40	25	11	12	1
ASV731	0	0	0	0	1	1
ASV742	0	0	0	1	0	0
ASV864	11	51	14	8	14	46
ASV912	5	120	24	16	10	1
ASV1972	7	2	3	14	0	15
ASV691	0	0	0	0	0	0
ASV733	0	0	0	0	0	0
ASV942	0	1	1	1	0	4
ASV700	16	12	14	9	5	7
ASV732	0	0	0	0	0	0
ASV759	4	1	4	47	2	2
ASV1007	0	1	1	0	0	0
ASV702	3	0	6	2	0	0
ASV798	13	30	5	4	7	4
ASV805	0	0	0	5	2	0
ASV2370	5	5	1	9	5	4
ASV1093	0	7	1	4	0	6
ASV698	3	58	56	11	58	1
ASV809	37	38	16	4	3	3
ASV879	0	0	0	0	0	0
ASV989	1	0	0	0	0	0
ASV4133	9	15	4	14	7	10
ASV660	3	2	3	3	0	0
ASV685	40	19	26	13	6	4
ASV695	5	15	2	7	29	1
ASV1791	10	5	3	13	2	9
ASV5584	17	12	6	16	2	26
ASV653	0	0	0	1	0	0
ASV709	0	0	3	3	0	1
ASV755	1	0	0	2	0	0
ASV723	3	1	3	2	8	1
ASV776	1	0	0	0	0	0
ASV825	0	0	0	0	0	0
ASV868	12	31	33	26	3	4
ASV880	10	27	23	16	15	4
ASV1103	20	23	18	18	3	14
ASV649	1	0	5	11	0	1
ASV760	1	50	27	15	80	0
ASV4265	17	3	1	11	3	24
ASV651	0	4	5	4	4	0
ASV618	0	0	3	0	0	0
ASV662	23	46	43	22	15	7
ASV704	2	0	0	0	1	0
ASV753	3	1	9	1	1	1
ASV1127	7	11	1	18	81	2
ASV1452	0	0	0	0	0	0
ASV713	11	12	18	8	1	10
ASV743	0	0	0	0	0	0
ASV3881	0	0	1	1	2	0
ASV696	30	12	23	12	7	15
ASV711	0	0	0	0	0	0
ASV674	0	4	19	21	132	0
ASV785	1	0	0	3	0	1
ASV638	0	0	0	0	0	0
ASV818	3	5	9	2	1	4
ASV821	0	0	1	0	0	0
ASV858	0	0	0	1	0	0
ASV922	4	10	0	6	0	10
ASV746	1	0	0	0	0	0
ASV782	1	0	0	0	0	0
ASV983	0	0	2	0	0	0
ASV720	15	24	8	7	5	2
ASV744	9	30	14	8	16	30
ASV757	0	0	1	1	1	0
ASV796	45	12	31	27	0	6
ASV841	0	0	0	0	0	0
ASV859	11	11	17	17	1	8
ASV915	0	1	3	2	1	1
ASV715	0	0	0	0	0	0
ASV788	0	12	2	0	155	6
ASV819	14	33	23	15	9	15
ASV830	11	62	2	27	14	3
ASV1041	3	1	4	9	0	5
ASV690	0	0	0	0	0	0
ASV752	1	1	5	1	1	0
ASV765	0	0	0	0	0	8
ASV851	11	13	21	14	10	15
ASV940	4	19	12	7	3	5
ASV1242	17	2	16	8	0	37
ASV665	1	2	0	3	36	0
ASV927	0	0	0	0	0	0
ASV931	15	1	13	2	1	46
ASV966	1	0	0	2	0	0
ASV2744	8	17	2	20	3	7
ASV3238	1	0	0	0	0	0
ASV4134	7	3	1	3	3	5
ASV790	0	0	0	1	4	1
ASV980	0	0	1	1	0	0
ASV1333	11	29	31	23	3	14
ASV1581	4	2	2	2	7	9
ASV892	0	0	1	1	0	0
ASV676	0	0	0	0	0	0
ASV747	0	0	1	3	0	0
ASV843	1	34	5	7	14	0
ASV986	0	1	7	2	1	124
ASV1852	0	0	0	0	0	0
ASV738	17	1	41	17	0	3
ASV756	0	0	0	0	0	0
ASV777	0	52	7	30	75	0
ASV1039	0	0	0	0	0	0
ASV668	0	0	1	0	0	0
ASV806	0	0	0	0	0	1
ASV811	0	0	0	0	158	0
ASV1546	6	2	2	10	0	0
ASV784	0	0	0	0	0	0
ASV856	0	0	0	0	0	0
ASV877	8	1	5	2	0	2
ASV1029	30	25	7	7	10	64
ASV2736	1	0	0	4	0	3
ASV780	18	3	13	5	2	1
ASV873	0	0	0	1	0	0
ASV764	0	0	0	1	0	0
ASV955	5	2	7	1	0	14
ASV996	20	74	2	21	3	3
ASV1082	0	0	0	0	0	0
ASV1166	0	0	2	1	0	0
ASV1692	0	0	0	1	0	0
ASV778	0	0	0	0	0	0
ASV817	0	1	1	0	32	2
ASV832	0	0	0	0	0	0
ASV904	0	0	1	0	0	0
ASV1187	0	0	0	0	1	0
ASV2610	0	0	0	3	0	0
ASV663	0	0	3	0	0	0
ASV722	0	0	0	1	0	0
ASV751	0	0	3	3	0	1
ASV792	33	18	61	41	1	3
ASV807	16	38	32	13	41	11
ASV887	0	0	0	0	0	0
ASV941	0	0	6	2	0	0
ASV1021	5	31	4	7	14	14
ASV761	2	0	0	4	0	0
ASV774	0	0	0	0	0	0
ASV837	1	14	25	19	44	1
ASV889	2	0	2	1	2	0
ASV937	9	7	15	5	7	12
ASV5839	4	1	4	11	0	9
ASV718	17	11	21	10	5	15
ASV802	25	4	12	11	0	2
ASV1493	2	0	0	1	0	0
ASV3401	2	3	0	1	2	97
ASV816	25	2	9	11	0	6
ASV834	1	1	2	1	0	0
ASV919	2	15	4	4	0	4
ASV1016	0	0	0	0	0	0
ASV762	4	8	23	12	1	28
ASV787	0	0	1	0	0	0
ASV814	4	0	8	6	0	0
ASV846	9	30	28	4	18	3
ASV925	1	0	2	1	0	0
ASV813	1	5	1	2	2	0
ASV835	21	9	48	24	0	23
ASV857	0	0	0	2	0	0
ASV865	1	0	6	4	0	0
ASV1003	0	0	0	1	0	0
ASV1123	1	1	9	11	0	7
ASV712	12	16	19	30	45	0
ASV1297	18	14	31	23	15	6
ASV1704	4	1	1	4	2	6
ASV3095	10	9	2	9	6	30
ASV794	3	0	3	2	0	0
ASV831	0	0	0	0	0	8
ASV870	3	5	6	3	2	0
ASV891	0	0	3	1	0	0
ASV920	0	0	0	0	4	0
ASV959	0	0	0	0	1	0
ASV981	1	0	1	0	0	1
ASV2319	28	34	6	8	7	8
ASV862	2	0	2	0	0	0
ASV956	5	2	7	3	0	9
ASV848	1	1	0	0	0	1
ASV906	3	15	28	52	47	0
ASV954	2	1	3	1	0	37
ASV1254	3	2	12	5	0	7
ASV1475	0	1	0	0	0	0
ASV808	0	0	0	0	0	0
ASV815	5	32	25	11	35	11
ASV3309	6	13	0	16	50	2
ASV5511	19	5	1	6	6	6
ASV726	0	0	0	0	0	0
ASV896	0	0	0	0	0	11
ASV1010	0	0	1	0	0	0
ASV1122	5	6	9	1	2	12
ASV1144	10	17	18	5	5	23
ASV5943	13	12	2	16	15	7
ASV714	0	0	10	4	0	0
ASV740	0	0	0	0	0	0
ASV754	2	71	36	7	19	10
ASV763	0	0	0	0	0	0
ASV795	0	0	0	0	0	0
ASV803	1	0	1	0	0	0
ASV866	3	1	0	2	18	2
ASV957	0	0	0	0	0	0
ASV1051	6	1	10	5	5	0
ASV1258	5	21	4	6	1	22
ASV3072	2	0	0	0	0	2
ASV829	0	1	1	1	0	3
ASV871	2	0	13	5	0	1
ASV876	7	49	14	9	12	3
ASV947	3	0	1	1	1	2
ASV964	0	0	0	0	0	0
ASV1040	0	0	0	0	0	0
ASV1150	5	43	12	25	26	2
ASV1356	0	1	0	0	0	2
ASV1425	13	34	6	8	14	24
ASV939	18	5	9	4	1	3
ASV1038	4	2	5	2	0	9
ASV1374	10	0	7	4	0	122
ASV729	5	0	13	4	1	1
ASV771	0	0	0	0	0	0
ASV839	25	14	13	14	16	2
ASV853	0	1	0	1	2	0
ASV881	5	6	8	7	7	3
ASV897	0	0	0	0	0	0
ASV1246	23	6	3	2	3	20
ASV1435	11	4	0	0	1	30
ASV2774	0	0	0	2	0	0
ASV833	1	8	0	1	0	13
ASV918	0	0	0	0	0	0
ASV921	0	0	0	0	0	0
ASV929	0	11	6	4	8	3
ASV936	0	0	1	0	0	1
ASV938	0	0	0	0	0	0
ASV985	1	1	2	0	4	0
ASV1025	0	0	0	0	0	0
ASV1066	1	1	3	4	0	0
ASV1090	6	21	8	3	15	2
ASV1736	0	0	0	0	0	0
ASV2411	9	0	1	3	0	12
ASV793	0	0	0	0	0	0
ASV810	0	0	0	0	0	0
ASV699	0	0	0	0	0	0
ASV968	14	45	20	13	37	2
ASV898	0	0	1	0	0	0
ASV1071	1	8	7	9	8	0
ASV1074	3	12	8	4	4	23
ASV826	0	1	0	0	1	0
ASV827	3	1	1	1	0	3
ASV895	24	22	37	27	11	16
ASV963	4	0	14	5	1	3
ASV992	2	0	2	3	0	0
ASV800	1	57	15	13	24	0
ASV888	8	23	11	5	24	12
ASV923	17	15	14	8	12	5
ASV979	2	0	5	1	0	0
ASV1781	0	0	0	0	0	0
ASV943	0	0	0	0	0	0
ASV944	6	1	1	2	0	1
ASV976	41	25	17	11	5	10
ASV1013	4	1	3	0	0	0
ASV1100	3	66	27	6	10	1
ASV1249	4	1	14	9	1	14
ASV2599	1	0	0	1	0	0
ASV820	0	0	0	0	0	0
ASV845	0	0	1	5	79	0
ASV903	2	28	4	3	77	7
ASV1018	19	0	9	1	0	2
ASV1226	0	7	3	16	29	0
ASV1318	3	2	3	3	0	1
ASV1330	0	0	0	0	0	0
ASV5695	28	23	3	10	7	18
ASV890	7	1	13	6	0	8
ASV934	0	0	0	1	143	0
ASV1085	8	5	5	1	0	107
ASV1232	0	0	0	0	0	0
ASV2451	0	0	0	0	0	0
ASV2834	0	0	0	0	0	0
ASV789	0	0	1	0	0	0
ASV850	0	0	0	0	0	0
ASV872	0	0	0	1	0	0
ASV882	9	27	25	10	5	8
ASV1128	0	0	0	0	0	1
ASV1143	11	5	3	8	3	6
ASV786	0	0	0	1	0	0
ASV847	10	16	33	33	30	0
ASV861	9	0	11	7	0	2
ASV878	3	18	17	13	7	3
ASV990	0	0	0	0	0	0
ASV1053	1	0	0	0	1	0
ASV1104	0	0	5	4	0	0
ASV1169	5	1	8	5	0	36
ASV1174	0	5	5	3	33	1
ASV1214	0	1	0	0	0	0
ASV1228	1	4	9	3	1	19
ASV1381	0	0	0	0	0	0
ASV1514	2	0	4	1	0	1
ASV1691	4	1	0	6	3	12
ASV842	27	3	36	26	0	5
ASV1255	8	2	5	2	0	1
ASV1986	0	0	0	0	0	0
ASV3752	13	8	2	8	11	15
ASV4004	7	8	2	8	4	4
ASV4396	4	0	0	1	0	2
ASV875	0	132	13	2	0	0
ASV914	5	0	7	2	0	0
ASV917	0	0	0	0	0	0
ASV928	0	0	0	0	0	0
ASV950	11	3	30	30	1	0
ASV970	0	0	0	0	0	0
ASV1034	24	7	4	6	8	19
ASV1037	15	0	22	16	1	12
ASV1050	1	11	1	2	1	12
ASV1121	0	0	0	0	0	0
ASV1204	10	3	9	4	6	24
ASV1275	0	0	0	0	0	0
ASV1506	4	21	2	19	22	2
ASV962	0	0	0	0	0	0
ASV999	23	3	15	18	0	9
ASV1011	0	0	2	0	0	8
ASV1026	0	0	6	4	0	0
ASV1186	0	0	0	0	0	0
ASV1985	2	1	2	3	0	1
ASV855	1	0	0	1	0	0
ASV994	0	0	0	0	0	0
ASV1001	0	0	1	0	0	0
ASV1048	12	29	20	17	9	5
ASV1054	0	0	0	0	0	0
ASV1194	33	6	25	12	3	33
ASV5569	1	0	0	0	0	0
ASV946	12	3	11	10	11	3
ASV1043	1	0	0	2	1	1
ASV1098	44	11	20	17	1	22
ASV1237	0	2	2	10	10	24
ASV1270	0	0	0	1	132	0
ASV907	11	39	0	21	10	0
ASV930	1	0	3	5	0	0
ASV948	0	4	9	1	8	0
ASV982	0	0	5	2	2	19
ASV997	12	16	20	4	44	1
ASV1133	5	1	3	4	0	0
ASV1236	0	0	2	0	0	1
ASV1403	3	1	7	9	0	0
ASV1502	12	13	15	8	5	4
ASV995	1	0	7	12	0	0
ASV1070	0	1	1	3	0	2
ASV2777	4	8	3	6	0	5
ASV911	2	0	3	4	0	0
ASV933	0	0	0	0	0	0
ASV958	19	32	17	9	7	0
ASV1055	2	2	7	8	0	1
ASV1061	22	7	15	4	3	12
ASV1075	0	0	0	0	0	0
ASV1081	2	37	5	4	3	7
ASV1091	0	0	0	0	0	0
ASV1110	30	22	25	15	3	20
ASV1115	14	0	5	0	0	0
ASV1116	1	0	0	0	2	0
ASV1345	2	0	1	0	1	5
ASV1607	0	7	1	0	1	0
ASV822	0	0	3	0	0	0
ASV935	0	0	0	1	0	0
ASV1017	0	0	0	0	0	0
ASV1195	0	0	0	0	0	0
ASV2721	7	2	2	5	5	25
ASV2835	0	0	0	0	1	10
ASV867	0	1	2	6	0	0
ASV883	0	0	2	3	0	0
ASV905	0	0	1	2	0	0
ASV961	16	1	11	27	0	1
ASV1105	0	0	0	0	0	0
ASV1763	0	0	1	0	0	0
ASV2532	0	0	0	0	2	0
ASV899	0	9	41	9	74	0
ASV987	3	0	4	3	0	1
ASV1141	0	0	1	2	0	1
ASV2361	0	0	0	0	0	0
ASV4454	3	0	1	2	0	1
ASV971	18	19	40	20	6	6
ASV1028	6	3	19	8	3	21
ASV1052	0	0	0	1	0	0
ASV1078	0	6	1	1	0	27
ASV1106	54	30	15	4	1	0
ASV1109	39	19	12	6	0	13
ASV3995	1	2	1	1	1	4
ASV874	9	5	14	2	7	27
ASV900	9	0	2	2	0	1
ASV1120	1	0	1	0	1	0
ASV1196	15	0	15	2	1	1
ASV1411	1	3	6	4	0	2
ASV1424	0	0	0	1	0	0
ASV2383	21	14	3	11	11	8
ASV5931	40	1	2	26	2	0
ASV885	0	0	0	0	0	0
ASV967	1	2	0	1	0	8
ASV1006	0	1	0	0	0	0
ASV1009	1	0	0	0	0	0
ASV1019	1	30	19	10	26	2
ASV1027	0	0	0	0	0	0
ASV1049	11	44	19	20	3	19
ASV1273	4	0	1	1	0	1
ASV965	1	119	7	3	0	0
ASV1095	0	6	1	0	0	2
ASV1124	0	0	0	0	0	0
ASV1157	6	5	2	3	0	6
ASV1203	1	0	0	0	0	0
ASV1879	1	5	0	0	2	89
ASV945	0	0	0	0	0	0
ASV978	2	5	0	1	0	0
ASV1004	0	0	0	0	0	0
ASV1035	0	0	0	0	0	1
ASV1117	1	37	6	6	37	1
ASV1158	0	1	3	8	101	0
ASV1378	0	0	0	0	0	2
ASV1468	3	0	1	1	0	0
ASV2100	21	18	1	14	5	1
ASV902	0	24	17	18	50	0
ASV973	12	14	17	18	26	15
ASV1005	1	0	0	1	0	0
ASV1046	5	8	6	2	0	0
ASV1080	6	13	10	5	19	6
ASV1101	11	21	18	5	6	4
ASV1137	2	1	0	0	0	0
ASV1172	0	2	3	2	1	1
ASV1181	8	1	10	7	0	6
ASV1382	0	0	0	0	0	1
ASV3861	12	11	0	3	3	6
ASV951	0	0	0	0	0	0
ASV1024	3	2	6	8	4	0
ASV1042	2	0	2	4	0	0
ASV1167	9	14	27	6	9	4
ASV1213	0	0	0	0	0	0
ASV1272	1	0	0	1	0	2
ASV1296	13	7	16	9	25	12
ASV1317	16	7	13	11	0	2
ASV1458	9	0	3	4	0	2
ASV1517	5	1	5	6	5	4
ASV1540	0	0	0	0	0	0
ASV1586	21	4	19	14	1	3
ASV1650	11	16	9	5	5	9
ASV791	0	0	0	0	0	0
ASV849	2	0	4	3	0	6
ASV949	4	22	19	4	3	3
ASV1032	2	1	0	2	0	0
ASV1097	0	0	0	0	0	0
ASV1130	25	10	15	11	0	8
ASV1215	0	0	1	1	0	0
ASV1463	26	1	14	32	1	8
ASV910	0	0	8	5	116	0
ASV924	0	0	3	3	0	0
ASV977	0	0	0	0	0	0
ASV1155	2	3	3	17	13	0
ASV1295	2	1	5	9	1	0
ASV1433	1	0	1	2	0	0
ASV1703	3	1	1	5	0	9
ASV908	2	0	7	14	0	0
ASV909	1	2	1	0	0	2
ASV991	0	0	0	0	1	1
ASV1102	1	0	0	1	0	0
ASV1114	3	2	27	21	61	0
ASV1309	2	4	3	6	6	1
ASV1324	9	2	4	4	0	2
ASV1346	0	0	0	1	0	0
ASV1353	0	0	1	2	0	0
ASV1377	11	60	6	11	14	8
ASV1534	6	25	7	5	6	4
ASV2379	0	0	0	0	0	0
ASV988	1	0	0	0	0	0
ASV1079	0	0	0	0	0	0
ASV1179	12	37	12	8	15	5
ASV1234	4	16	13	4	1	70
ASV1276	13	24	3	20	19	11
ASV1305	6	2	11	8	32	1
ASV2511	6	0	2	11	1	1
ASV4272	4	0	1	6	0	1
ASV916	0	0	0	0	1	2
ASV993	18	8	11	6	3	5
ASV1014	0	5	1	0	2	7
ASV1047	0	0	0	1	0	0
ASV1065	0	0	0	0	0	0
ASV1072	0	0	4	3	0	0
ASV1113	0	0	2	3	0	0
ASV1118	26	25	27	11	8	9
ASV1147	0	2	0	0	0	0
ASV1235	0	5	14	1	27	0
ASV1294	40	5	27	16	0	7
ASV1541	0	0	0	0	0	1
ASV974	0	0	1	2	0	0
ASV1023	10	0	2	0	0	0
ASV1076	21	15	23	12	10	33
ASV1084	1	0	7	3	0	0
ASV1212	8	30	8	12	1	8
ASV1221	0	0	0	1	0	3
ASV1319	7	2	16	9	2	1
ASV1778	6	6	5	1	1	8
ASV2290	0	7	0	2	0	2
ASV984	13	14	14	7	3	8
ASV1197	0	11	0	0	0	29
ASV1202	16	0	18	13	0	8
ASV1280	0	1	0	0	0	0
ASV1561	0	0	0	0	0	0
ASV5763	0	4	0	0	6	0
ASV1058	8	14	3	11	4	7
ASV1099	0	0	0	0	0	0
ASV1138	28	19	15	11	1	26
ASV1148	4	26	2	1	0	21
ASV1189	0	0	2	1	60	0
ASV1438	7	3	5	3	10	1
ASV1536	3	0	3	2	1	2
ASV1620	7	0	3	4	0	5
ASV5097	0	1	1	3	4	1
ASV1044	0	1	1	0	0	9
ASV1111	0	0	0	0	0	0
ASV1149	0	0	0	0	0	2
ASV1199	0	0	0	0	0	0
ASV1245	0	0	0	0	0	0
ASV1251	6	4	3	4	2	9
ASV1261	8	12	13	9	11	8
ASV1264	2	0	5	6	0	0
ASV1342	20	22	20	16	10	2
ASV2440	2	1	3	10	1	2
ASV926	1	47	8	6	14	0
ASV1139	38	11	24	10	0	4
ASV1145	0	0	0	0	0	0
ASV1259	0	0	0	0	0	0
ASV2182	5	28	17	5	0	0
ASV975	0	0	0	0	0	0
ASV1020	0	0	0	0	1	0
ASV1136	0	0	0	0	0	0
ASV1159	1	3	0	0	7	0
ASV1162	0	0	0	0	0	0
ASV1177	14	14	29	11	0	2
ASV1180	2	0	1	0	1	1
ASV1188	2	3	0	0	0	13
ASV1205	12	27	16	7	7	6
ASV1262	4	0	4	3	0	1
ASV1271	1	2	0	0	0	0
ASV1277	0	1	6	0	0	0
ASV1340	5	3	10	7	0	8
ASV1365	0	3	4	27	65	0
ASV1369	0	0	7	3	0	0
ASV1395	0	0	0	0	0	0
ASV1031	39	13	34	15	1	9
ASV1033	0	0	0	0	0	0
ASV1060	0	0	0	2	0	3
ASV1225	4	7	4	2	7	4
ASV1286	1	1	1	0	0	0
ASV1487	4	0	10	10	1	0
ASV1519	4	1	3	1	3	0
ASV2530	3	2	0	2	1	1
ASV2597	1	0	1	0	0	0
ASV1063	3	0	6	0	0	2
ASV1067	8	2	21	11	2	2
ASV1094	0	0	0	0	0	0
ASV1163	2	1	2	3	0	1
ASV1222	0	0	0	1	0	1
ASV1292	6	2	8	4	0	3
ASV1311	1	0	1	3	0	1
ASV1321	0	0	0	0	0	0
ASV1334	7	57	12	12	3	10
ASV1361	1	1	1	0	11	0
ASV1396	5	0	6	4	0	63
ASV1527	46	7	10	4	1	22
ASV969	0	0	3	7	71	0
ASV1022	0	0	0	1	0	0
ASV1056	0	0	0	3	0	0
ASV1062	1	0	0	0	0	0
ASV1088	17	12	8	4	0	8
ASV1191	2	0	3	1	0	12
ASV1219	10	0	3	1	0	0
ASV1223	8	3	9	6	0	4
ASV1257	0	0	0	2	0	0
ASV1355	3	0	0	1	0	1
ASV1532	0	0	12	5	0	0
ASV2026	0	0	0	0	0	0
ASV2333	0	0	0	0	0	3
ASV2585	0	2	0	1	2	4
ASV3900	0	0	0	2	0	0
ASV1036	2	1	0	0	0	1
ASV1198	0	0	3	0	0	0
ASV1231	3	2	5	2	0	3
ASV1288	8	2	2	3	0	0
ASV1331	20	3	13	5	0	3
ASV1337	2	0	5	4	0	0
ASV1392	7	16	15	22	40	2
ASV1442	1	0	3	0	0	0
ASV1490	0	0	0	0	0	0
ASV1793	0	0	0	1	0	0
ASV3702	5	14	1	6	8	1
ASV3806	6	3	0	4	0	5
ASV4501	10	1	1	1	0	25
ASV5291	6	5	0	6	3	37
ASV5525	0	0	0	1	0	1
ASV5675	5	0	0	0	0	0
ASV1059	0	0	0	0	0	1
ASV1083	0	0	0	0	0	0
ASV1233	0	0	0	2	0	0
ASV1298	7	21	5	6	3	7
ASV1428	1	0	0	1	0	0
ASV1476	18	7	7	5	2	37
ASV1520	2	0	4	0	0	0
ASV2454	24	7	2	10	1	2
ASV1160	4	42	22	10	8	2
ASV1165	0	0	0	0	0	0
ASV1209	8	35	6	5	5	10
ASV1224	1	12	18	11	8	1
ASV1252	8	5	16	14	0	17
ASV1269	0	0	0	0	0	0
ASV1451	2	11	4	9	15	3
ASV1576	4	0	2	5	0	2
ASV2185	0	0	0	0	0	0
ASV5250	5	3	2	9	3	12
ASV1077	0	0	0	0	0	0
ASV1134	10	32	5	2	1	3
ASV1140	0	0	0	0	0	0
ASV1176	0	1	0	0	0	0
ASV1207	0	2	2	11	54	0
ASV1240	3	0	0	0	0	49
ASV1274	4	5	11	17	2	2
ASV1293	0	0	0	1	0	0
ASV1363	0	0	0	0	0	0
ASV1407	0	0	0	0	8	2
ASV1646	0	1	0	0	0	0
ASV1816	1	0	5	1	0	0
ASV2270	1	0	0	2	4	12
ASV1154	0	0	0	0	1	0
ASV1183	16	35	6	8	7	4
ASV1185	9	16	14	9	24	2
ASV1216	1	0	0	0	0	0
ASV1315	5	4	16	7	0	2
ASV1499	0	0	2	2	0	0
ASV1609	0	0	0	0	0	0
ASV1766	0	0	1	2	0	18
ASV2189	3	1	17	11	0	0
ASV972	0	0	0	0	1	0
ASV1064	10	6	29	16	0	3
ASV1096	1	5	0	3	0	0
ASV1108	1	8	3	1	20	9
ASV1206	13	21	15	7	14	2
ASV1218	1	0	0	0	0	90
ASV1408	0	0	0	0	0	0
ASV1426	8	0	4	2	0	1
ASV1440	0	0	0	0	0	0
ASV1497	0	0	0	0	0	0
ASV1513	1	1	4	2	0	0
ASV1531	12	50	10	7	3	8
ASV1974	2	14	3	4	0	6
ASV1129	0	12	1	1	11	4
ASV1253	13	0	22	6	0	6
ASV1266	0	0	2	1	0	0
ASV1303	0	0	1	3	0	1
ASV1401	0	0	0	0	0	0
ASV1429	1	1	0	0	0	0
ASV1489	7	3	12	8	0	7
ASV1557	11	7	10	10	1	19
ASV1615	1	2	0	1	0	2
ASV3583	0	0	0	0	0	0
ASV1125	0	0	0	3	0	67
ASV1247	1	0	1	1	0	0
ASV1339	30	7	46	2	1	4
ASV1375	0	0	0	1	0	0
ASV1404	7	0	4	3	0	0
ASV1570	2	20	11	7	0	0
ASV2282	2	0	2	4	0	1
ASV3258	18	14	1	4	7	4
ASV3570	0	0	0	0	0	0
ASV4952	0	0	0	0	0	0
ASV998	1	5	30	40	26	2
ASV1086	0	0	0	0	0	0
ASV1156	5	13	8	6	16	4
ASV1173	0	0	0	0	0	0
ASV1208	1	0	3	0	0	0
ASV1229	0	0	0	0	0	0
ASV1312	8	3	14	6	27	0
ASV1460	34	6	23	32	1	3
ASV1509	4	0	12	7	0	1
ASV1524	1	0	5	3	0	0
ASV1707	2	0	2	5	8	1
ASV1858	3	2	5	3	0	3
ASV1941	2	1	5	1	0	0
ASV3631	0	0	0	0	1	0
ASV1008	0	0	0	0	0	0
ASV1325	0	22	21	24	38	0
ASV1368	5	0	0	2	4	2
ASV1384	10	19	12	11	3	12
ASV1459	0	59	13	4	10	0
ASV1584	5	59	2	2	5	1
ASV1889	2	2	9	4	1	9
ASV1142	2	2	9	5	0	0
ASV1300	0	10	11	4	60	0
ASV1351	0	1	4	3	0	0
ASV1352	4	4	5	4	0	17
ASV1383	0	0	0	0	0	0
ASV1432	0	0	0	0	0	1
ASV1469	3	0	0	1	0	0
ASV1595	0	0	0	0	0	0
ASV2155	0	1	0	0	0	0
ASV2940	3	3	0	5	1	2
ASV1170	10	0	20	13	0	1
ASV1230	0	1	0	0	0	0
ASV1239	0	0	0	0	0	2
ASV1304	0	0	0	3	56	0
ASV1360	0	0	0	0	0	0
ASV1397	1	0	3	0	0	0
ASV1431	0	59	20	10	14	0
ASV1483	0	0	0	0	0	0
ASV1601	20	3	14	9	1	8
ASV1624	8	10	12	1	9	1
ASV1634	0	0	1	1	0	0
ASV1740	0	1	2	2	1	0
ASV1754	0	0	0	0	1	0
ASV4439	3	9	1	3	4	15
ASV1119	8	24	12	0	3	0
ASV1151	10	16	9	7	6	4
ASV1190	0	3	9	28	33	0
ASV1220	0	38	33	1	16	0
ASV1306	0	2	4	4	41	0
ASV1370	5	1	9	6	0	2
ASV1423	0	0	0	0	0	5
ASV1484	24	2	4	10	0	3
ASV1535	0	0	0	0	0	0
ASV1877	1	4	2	0	2	33
ASV2404	5	9	1	9	5	10
ASV1089	4	4	5	2	6	1
ASV1178	11	1	2	1	2	2
ASV1299	0	0	0	0	0	0
ASV1371	2	0	5	4	0	2
ASV1391	0	0	0	0	0	0
ASV1473	8	1	14	19	1	41
ASV1554	3	0	8	5	1	0
ASV1574	12	6	5	3	4	5
ASV1765	20	6	15	11	0	8
ASV1947	10	0	5	4	0	0
ASV2579	0	0	0	0	0	0
ASV1146	0	0	0	0	0	0
ASV1192	0	0	0	0	0	0
ASV1248	0	0	0	0	0	0
ASV1260	0	0	0	0	0	0
ASV1316	16	1	4	1	4	38
ASV1415	7	7	23	2	13	40
ASV1419	0	0	3	1	0	0
ASV1467	5	16	16	10	2	5
ASV1471	0	0	0	0	0	0
ASV1543	0	1	0	0	1	4
ASV1558	3	3	8	3	1	0
ASV1575	21	22	13	4	10	3
ASV1728	0	0	4	7	0	1
ASV1827	5	2	2	1	0	0
ASV1885	6	1	17	12	0	2
ASV2103	2	6	1	3	0	0
ASV3962	1	0	0	0	0	0
ASV1184	5	18	19	12	7	3
ASV1265	0	0	0	0	0	0
ASV1326	1	31	10	4	14	2
ASV1335	1	0	5	3	0	1
ASV1366	0	0	0	0	0	0
ASV1376	9	26	18	10	1	1
ASV1389	0	20	9	8	26	0
ASV1410	15	0	7	7	0	2
ASV1439	3	0	6	7	0	0
ASV1446	0	0	1	3	0	0
ASV1455	15	20	5	4	5	5
ASV1678	3	0	4	2	0	0
ASV1962	0	2	2	2	0	0
ASV3912	3	0	0	6	1	1
ASV1250	9	28	13	10	11	2
ASV1313	4	0	6	3	1	2
ASV1350	1	0	1	3	0	0
ASV1456	2	4	2	18	11	0
ASV1477	9	5	14	13	4	0
ASV1525	0	3	0	2	2	0
ASV1589	3	12	23	12	9	2
ASV2087	23	4	15	9	4	1
ASV2173	0	0	0	0	0	0
ASV3541	3	0	0	2	0	0
ASV4966	8	8	2	7	4	1
ASV1175	2	25	20	9	10	1
ASV1267	0	0	0	0	1	0
ASV1282	3	2	4	3	0	0
ASV1301	2	0	0	0	0	0
ASV1348	3	0	2	0	0	53
ASV1409	0	0	10	40	49	0
ASV1450	2	0	1	2	0	0
ASV1530	7	8	14	9	0	4
ASV1537	1	0	0	0	2	4
ASV1640	0	0	0	0	0	0
ASV1742	22	1	16	10	2	12
ASV1898	3	1	3	6	0	0
ASV2299	1	6	3	1	3	66
ASV2352	13	15	10	8	6	6
ASV2477	2	1	1	1	0	0
ASV2958	7	15	1	9	3	4
ASV5565	10	4	1	6	0	15
ASV1217	0	0	0	0	0	0
ASV1256	42	0	35	5	0	13
ASV1281	14	33	12	26	5	0
ASV1327	0	19	9	25	23	0
ASV1437	3	0	5	1	1	3
ASV1453	15	14	11	2	3	17
ASV1474	6	16	8	5	2	7
ASV1515	1	3	5	2	3	1
ASV1611	4	2	5	7	0	2
ASV1643	2	0	0	0	0	0
ASV1681	1	1	2	1	0	1
ASV1759	0	0	0	2	0	1
ASV1772	1	0	5	1	0	4
ASV1777	2	2	15	31	17	0
ASV1806	1	0	0	0	0	0
ASV1812	0	0	0	0	0	0
ASV1927	3	0	7	16	0	3
ASV2064	19	9	14	7	2	2
ASV3112	5	4	0	9	10	6
ASV1153	1	1	1	4	0	3
ASV1279	1	11	15	12	16	0
ASV1284	2	0	3	2	1	0
ASV1285	1	1	1	0	0	0
ASV1308	0	0	0	0	0	0
ASV1322	1	0	5	0	0	0
ASV1323	1	30	23	21	21	0
ASV1347	11	4	8	17	24	3
ASV1380	0	12	3	12	56	2
ASV1539	1	54	2	6	27	2
ASV1593	13	10	10	5	2	12
ASV1619	0	1	1	0	0	1
ASV1641	0	0	0	0	0	0
ASV1672	6	3	8	4	0	10
ASV1717	1	0	0	1	9	0
ASV1881	0	0	0	0	0	1
ASV2240	10	18	6	5	6	5
ASV2906	3	1	0	2	0	11
ASV2908	0	0	0	0	0	0
ASV3889	0	0	1	0	0	0
ASV4236	0	0	0	1	0	0
ASV1200	0	0	0	0	0	0
ASV1263	3	1	3	2	0	1
ASV1310	2	0	3	2	0	1
ASV1388	2	0	4	1	0	0
ASV1393	4	13	9	4	14	1
ASV1501	1	2	1	5	0	5
ASV1597	5	0	26	15	0	0
ASV1610	5	9	15	7	11	0
ASV1629	4	0	6	6	1	0
ASV1715	0	0	0	0	0	0
ASV1723	0	0	1	3	1	3
ASV1799	0	0	0	0	0	0
ASV2243	13	14	7	3	8	6
ASV2359	0	0	1	1	0	0
ASV5880	3	16	2	11	14	6
ASV1168	0	0	0	0	0	0
ASV1193	1	0	0	0	0	0
ASV1244	0	0	0	0	0	0
ASV1290	0	0	0	0	0	0
ASV1386	6	4	3	4	16	4
ASV1387	3	0	13	5	0	1
ASV1406	12	2	8	3	3	7
ASV1420	0	0	0	0	0	0
ASV1512	0	0	0	0	0	0
ASV1521	0	0	0	0	0	0
ASV1714	9	13	10	5	1	8
ASV1760	0	0	0	0	1	0
ASV2017	2	0	3	0	1	0
ASV2204	0	0	0	0	0	0
ASV3368	2	0	2	3	0	0
ASV3822	8	3	8	5	6	0
ASV5638	5	0	2	5	0	4
ASV1126	0	7	0	16	41	0
ASV1131	1	0	4	3	0	0
ASV1238	0	0	0	0	1	0
ASV1289	0	0	0	0	0	0
ASV1341	14	5	16	12	1	5
ASV1412	8	7	5	6	17	0
ASV1421	0	0	0	0	0	0
ASV1427	1	3	9	5	3	1
ASV1444	0	0	0	0	0	0
ASV1332	15	1	5	6	1	5
ASV1344	0	0	0	0	0	0
ASV1402	0	1	0	1	0	1
ASV1445	2	4	15	10	7	1
ASV1448	0	0	0	1	0	1
ASV1511	2	0	0	1	0	0
ASV1569	0	0	0	0	0	0
ASV1583	0	0	0	0	0	0
ASV1588	0	0	0	6	1	0
ASV1724	7	13	5	3	4	1
ASV1859	2	6	2	1	11	2
ASV1903	2	0	1	2	0	0
ASV1952	0	0	1	68	24	0
ASV2114	0	0	0	2	0	1
ASV2175	3	3	5	4	4	3
ASV2280	15	6	8	8	2	15
ASV1164	2	30	4	1	21	9
ASV1171	2	2	3	3	1	18
ASV1390	7	1	5	0	0	10
ASV1486	15	16	7	6	2	14
ASV1508	11	4	4	3	0	2
ASV1538	13	16	20	8	3	2
ASV1555	3	5	9	2	1	0
ASV1556	0	5	3	1	1	0
ASV1605	3	0	1	2	1	20
ASV1747	13	1	14	11	0	3
ASV1983	25	9	9	8	3	10
ASV2449	2	6	0	0	2	48
ASV2564	0	0	0	0	0	0
ASV1283	0	0	6	4	0	0
ASV1359	0	0	0	0	0	0
ASV1430	0	0	0	0	0	0
ASV1441	1	0	8	2	0	3
ASV1454	0	0	0	0	0	0
ASV1494	4	15	2	3	17	11
ASV1563	0	0	0	0	0	0
ASV1585	0	0	0	0	0	0
ASV1587	10	21	12	12	10	2
ASV1902	8	0	13	8	2	1
ASV2308	0	0	0	0	0	0
ASV3255	3	14	6	5	7	1
ASV3384	7	10	0	3	14	2
ASV1241	0	6	12	24	30	0
ASV1291	8	0	29	7	0	35
ASV1307	3	5	11	8	39	0
ASV1367	19	3	30	16	2	5
ASV1372	2	27	10	5	25	0
ASV1413	1	23	8	13	37	0
ASV1417	0	0	0	0	0	0
ASV1495	0	0	2	1	1	0
ASV1602	0	1	1	1	3	7
ASV1621	6	1	18	5	1	0
ASV1746	1	7	1	14	33	0
ASV1914	1	0	0	0	0	0
ASV1978	9	17	5	6	1	3
ASV2066	0	0	1	0	0	0
ASV2102	2	0	1	6	1	0
ASV2394	5	5	11	7	1	15
ASV2560	2	1	2	0	0	1
ASV5490	6	11	2	8	4	17
ASV1354	0	0	0	0	0	0
ASV1385	0	0	1	3	0	0
ASV1505	1	0	3	1	0	0
ASV1518	0	0	0	0	0	0
ASV1664	2	1	1	0	0	1
ASV1669	5	3	6	10	2	10
ASV1804	2	0	0	2	0	0
ASV2660	0	4	3	3	5	0
ASV2705	0	0	2	2	0	0
ASV3529	0	0	0	12	1	8
ASV1394	5	10	6	3	9	3
ASV1485	0	0	0	0	0	0
ASV1604	5	20	14	10	1	5
ASV1645	4	0	16	9	0	0
ASV1761	0	1	3	0	0	1
ASV1789	11	10	7	2	3	11
ASV1857	6	16	18	8	5	4
ASV1892	1	15	4	7	8	0
ASV2384	0	5	0	4	6	0
ASV2448	3	1	2	2	0	0
ASV3218	14	6	8	5	4	7
ASV5462	13	13	1	6	2	21
ASV1314	12	8	16	6	4	5
ASV1328	10	1	3	2	0	1
ASV1336	12	26	21	7	6	2
ASV1362	0	0	1	0	0	0
ASV1422	2	16	4	1	1	0
ASV1434	0	0	2	3	0	0
ASV1461	5	43	11	9	6	0
ASV1516	0	0	3	0	0	0
ASV1542	0	0	0	0	0	0
ASV1562	14	8	9	7	23	2
ASV1571	1	0	3	2	42	0
ASV1685	8	3	3	4	4	1
ASV1696	2	15	15	10	22	1
ASV1757	0	1	0	0	0	3
ASV1821	3	0	1	1	0	0
ASV1896	6	0	8	2	1	7
ASV1994	6	2	13	10	0	9
ASV2213	0	0	1	2	0	0
ASV3099	1	0	0	0	0	0
ASV4173	12	4	1	6	2	6
ASV5140	5	5	0	2	3	1
ASV1373	18	0	11	11	1	7
ASV1405	0	0	3	3	71	0
ASV1416	1	42	10	8	5	0
ASV1436	5	0	9	4	1	1
ASV1443	5	4	9	2	19	6
ASV1503	0	0	3	1	0	0
ASV1559	7	0	10	5	0	46
ASV1625	6	1	2	3	1	0
ASV1628	1	4	12	7	7	3
ASV1721	3	16	6	6	0	4
ASV1744	6	1	7	3	1	2
ASV1989	4	0	0	1	1	4
ASV2039	0	0	3	3	1	1
ASV2091	7	1	28	9	5	0
ASV2092	0	0	4	0	1	2
ASV2177	7	1	9	2	0	0
ASV2220	0	0	0	0	1	0
ASV3191	0	0	0	0	0	0
ASV1268	1	0	5	2	0	1
ASV1379	0	0	0	0	0	0
ASV1462	2	0	1	3	6	1
ASV1480	0	1	0	0	0	0
ASV1529	10	0	8	12	1	6
ASV1631	0	0	0	1	0	0
ASV1674	12	1	15	14	10	3
ASV1733	0	0	0	0	0	2
ASV1734	12	28	12	9	4	4
ASV1745	0	0	5	3	0	0
ASV1776	0	0	1	0	0	1
ASV1943	7	39	15	7	14	1
ASV2491	9	7	6	7	3	4
ASV2635	10	0	16	9	0	1
ASV4673	7	1	16	4	2	4
ASV4968	0	0	0	0	0	1
ASV5820	1	1	0	0	4	1
ASV1278	0	0	0	0	0	0
ASV1343	1	29	11	6	3	0
ASV1357	2	7	3	0	1	0
ASV1364	0	0	0	0	0	0
ASV1399	0	1	0	0	1	0
ASV1522	0	0	0	0	0	0
ASV1526	0	0	0	0	0	0
ASV1552	3	9	5	1	0	5
ASV1564	6	4	43	5	7	3
ASV1592	24	5	16	5	0	29
ASV1603	0	2	1	17	40	0
ASV1618	14	3	12	9	2	0
ASV1626	0	0	0	0	0	0
ASV1658	13	0	11	11	1	9
ASV1665	0	0	1	0	0	12
ASV1666	2	0	3	5	2	0
ASV1915	0	3	21	15	8	0
ASV1977	12	11	6	5	2	6
ASV1993	0	0	1	0	0	70
ASV2158	0	0	0	9	0	1
ASV2218	0	0	0	0	1	0
ASV2326	2	0	6	7	3	0
ASV2392	3	17	13	5	14	1
ASV5698	2	1	3	1	0	4
ASV1507	0	0	0	0	0	0
ASV1568	0	0	0	0	0	1
ASV1580	2	0	4	0	2	0
ASV1608	2	0	2	2	0	2
ASV1651	4	1	5	11	0	0
ASV1735	0	0	0	0	0	0
ASV1769	3	1	2	2	0	0
ASV1825	0	1	2	5	15	1
ASV1831	0	34	14	9	24	0
ASV1894	3	2	3	0	0	0
ASV1969	1	0	4	4	0	0
ASV2019	20	9	13	4	0	8
ASV2038	6	0	1	2	0	2
ASV2817	0	0	0	0	1	0
ASV3158	1	0	0	1	0	0
ASV3554	2	0	4	7	0	3
ASV1465	0	0	0	0	0	0
ASV1488	0	0	1	0	0	0
ASV1496	8	0	9	8	0	2
ASV1553	0	0	0	1	1	0
ASV1642	23	13	12	2	1	6
ASV1654	1	0	2	2	0	0
ASV1698	0	0	2	2	0	0
ASV1699	4	3	1	4	1	4
ASV1718	1	1	1	2	0	2
ASV1790	0	0	0	0	0	0
ASV1798	1	30	7	7	22	2
ASV1811	1	0	16	5	0	0
ASV1929	0	0	2	2	0	0
ASV1950	0	0	0	0	0	0
ASV2741	0	0	1	1	0	3
ASV3169	1	0	4	1	0	0
ASV1349	0	0	0	1	0	0
ASV1478	2	0	10	4	0	1
ASV1504	5	6	7	5	0	3
ASV1550	20	1	1	7	4	0
ASV1573	0	2	1	6	29	4
ASV1600	2	1	3	9	0	1
ASV1657	5	2	15	5	0	8
ASV1670	0	0	0	0	0	0
ASV1677	2	5	2	4	0	0
ASV1700	0	0	0	1	1	0
ASV1731	0	0	0	2	0	0
ASV1768	0	0	0	0	0	0
ASV1868	8	3	7	4	0	0
ASV1873	2	0	6	4	0	10
ASV1895	3	4	9	4	6	7
ASV1937	1	0	3	1	0	0
ASV1966	0	0	0	0	0	0
ASV1996	0	0	0	0	0	0
ASV2048	8	8	7	11	0	4
ASV2073	1	0	0	0	0	1
ASV2130	3	1	0	2	25	0
ASV2217	8	9	4	7	6	0
ASV2975	1	0	0	1	0	0
ASV1302	0	0	0	0	0	0
ASV1320	0	0	0	0	0	0
ASV1464	1	0	1	0	0	0
ASV1481	0	0	0	0	0	0
ASV1572	0	0	0	4	36	0
ASV1591	0	0	0	0	0	0
ASV1614	0	0	0	0	0	0
ASV1656	1	0	3	2	0	0
ASV1679	19	4	24	9	4	10
ASV1684	0	0	0	0	0	1
ASV1783	3	6	7	1	5	2
ASV1801	4	12	14	11	25	3
ASV1828	4	9	7	3	12	21
ASV1876	23	6	13	3	1	7
ASV1912	0	0	1	0	0	0
ASV1955	0	0	0	0	0	0
ASV2284	0	0	0	0	0	0
ASV2423	0	28	1	4	9	0
ASV2435	0	1	1	0	0	22
ASV2567	6	13	5	6	11	7
ASV3917	0	0	7	1	2	0
ASV3959	2	4	3	0	1	1
ASV4333	8	6	0	11	11	2
ASV5172	8	4	7	6	1	7
ASV1470	0	0	3	3	0	0
ASV1682	0	0	0	0	0	0
ASV1686	0	18	10	0	19	2
ASV1706	0	0	0	0	0	1
ASV1737	0	0	0	1	0	0
ASV1871	9	12	5	5	1	0
ASV1997	25	13	14	5	0	8
ASV2161	6	5	10	16	3	0
ASV2176	2	1	4	9	6	4
ASV2354	10	10	3	3	2	1
ASV2573	0	7	1	0	49	5
ASV2675	0	0	7	5	0	1
ASV2697	2	1	6	3	8	1
ASV3038	0	1	10	9	2	3
ASV3713	0	0	0	0	0	0
ASV3863	1	3	1	1	1	4
ASV4758	0	0	0	0	0	0
ASV1491	0	2	0	1	1	0
ASV1498	0	0	6	1	0	1
ASV1500	3	0	2	1	0	1
ASV1528	3	23	9	5	4	7
ASV1578	0	0	0	0	0	0
ASV1599	0	0	1	0	0	0
ASV1636	2	0	0	0	0	0
ASV1649	0	0	1	4	0	0
ASV1729	0	2	2	8	13	0
ASV1963	15	27	2	3	1	18
ASV1970	12	15	3	1	10	3
ASV2013	0	0	0	0	0	3
ASV2046	2	1	16	13	0	0
ASV2076	0	0	0	0	0	0
ASV2179	0	0	0	3	6	0
ASV2242	1	0	0	1	0	0
ASV2485	7	7	2	5	1	6
ASV2533	0	0	0	0	0	0
ASV2658	3	1	0	4	1	0
ASV2785	3	0	2	1	1	1
ASV4110	8	4	1	7	5	5
ASV4273	0	0	0	0	0	0
ASV4999	17	18	0	15	9	0
ASV5651	3	5	2	6	0	23
ASV5660	0	0	1	3	0	2
ASV1414	5	0	14	5	0	1
ASV1457	8	1	19	3	0	11
ASV1560	2	2	5	5	0	0
ASV1582	4	27	8	9	14	0
ASV1617	2	2	3	1	11	0
ASV1633	0	1	5	1	2	0
ASV1638	0	0	0	0	0	0
ASV1639	0	0	0	0	0	0
ASV1668	3	5	5	3	3	3
ASV1727	2	0	1	0	0	2
ASV1773	22	1	0	10	0	1
ASV1780	0	0	3	1	0	1
ASV1794	0	5	4	2	1	0
ASV1800	2	0	0	0	0	15
ASV1822	2	0	0	0	0	0
ASV1834	4	22	5	14	12	3
ASV1878	3	2	4	3	2	42
ASV1891	0	0	0	0	0	0
ASV1904	0	0	0	0	0	0
ASV1911	0	0	2	1	0	0
ASV2116	3	5	2	2	8	2
ASV2312	4	4	0	3	0	3
ASV2356	8	0	9	10	0	0
ASV2409	0	0	0	1	0	0
ASV2472	0	0	1	0	0	0
ASV2568	11	2	2	2	2	7
ASV2698	0	0	1	0	0	0
ASV3167	1	0	1	1	0	0
ASV4008	0	0	0	0	1	0
ASV1479	0	0	1	0	0	0
ASV1655	1	2	2	2	0	2
ASV1689	1	26	7	4	4	1
ASV1708	1	1	1	3	2	0
ASV1720	4	0	7	0	0	0
ASV1722	0	0	0	0	0	32
ASV1743	0	0	1	0	0	3
ASV1786	0	0	0	0	0	0
ASV1813	0	1	4	4	0	1
ASV1835	0	0	0	0	0	0
ASV1880	0	0	0	0	0	0
ASV1919	0	5	7	6	2	0
ASV2041	0	0	0	0	0	0
ASV2043	0	1	0	0	0	0
ASV2056	0	0	0	0	0	0
ASV2063	13	14	6	8	9	4
ASV2216	1	0	1	1	1	5
ASV2221	1	0	0	0	0	0
ASV2304	1	35	1	4	18	7
ASV2385	0	0	1	0	0	0
ASV2393	2	0	5	3	0	0
ASV2979	0	0	0	0	0	0
ASV4302	0	1	0	1	0	0
ASV1545	3	1	3	1	16	2
ASV1577	0	0	2	1	8	0
ASV1606	0	1	1	1	0	3
ASV1635	0	0	0	0	1	0
ASV1713	0	0	0	0	0	0
ASV1719	0	0	0	0	0	0
ASV1750	0	1	0	0	0	0
ASV1770	0	0	0	0	7	0
ASV1796	0	0	0	0	0	0
ASV1818	0	0	0	0	0	0
ASV1856	1	2	6	10	1	15
ASV1870	2	34	8	3	7	0
ASV1888	0	0	0	0	0	0
ASV1928	18	4	8	4	11	3
ASV1939	1	0	3	4	0	0
ASV2436	0	0	0	0	0	0
ASV2442	1	2	1	2	1	1
ASV2870	3	0	1	2	1	0
ASV1596	1	0	0	0	0	1
ASV1612	0	0	2	5	59	0
ASV1623	1	0	0	0	0	0
ASV1676	0	0	1	0	0	0
ASV1697	0	0	5	7	0	0
ASV1817	1	0	3	0	0	5
ASV1840	0	0	0	0	0	0
ASV1930	0	0	0	0	0	0
ASV1958	0	0	0	0	0	0
ASV2037	0	0	0	0	0	0
ASV2104	2	1	2	0	0	0
ASV2260	1	0	5	2	0	0
ASV2481	0	0	0	0	0	0
ASV2604	2	3	9	3	24	1
ASV2672	1	0	9	6	0	2
ASV2722	2	0	8	8	1	1
ASV2730	0	0	0	1	0	0
ASV2951	13	4	6	2	5	1
ASV2956	0	1	0	1	2	7
ASV4616	1	0	0	0	0	0
ASV1544	1	12	3	8	5	4
ASV1632	0	0	0	0	0	0
ASV1652	0	0	1	2	8	0
ASV1701	0	2	8	14	28	0
ASV1779	5	8	6	5	9	4
ASV1803	1	0	0	0	0	0
ASV1809	2	7	0	1	1	3
ASV1872	2	2	6	11	2	6
ASV1884	2	27	5	22	10	0
ASV1886	0	0	2	0	0	0
ASV1925	0	0	1	0	0	1
ASV2007	9	1	13	4	15	7
ASV2024	0	3	1	2	0	1
ASV2117	0	1	0	0	0	0
ASV2160	0	0	0	0	0	0
ASV2250	2	0	7	2	0	1
ASV2255	0	2	0	3	11	0
ASV2338	0	0	2	3	1	2
ASV2453	0	1	1	1	0	0
ASV2593	0	0	0	0	0	0
ASV2621	3	0	0	2	0	0
ASV2626	8	11	8	2	11	5
ASV3240	2	1	0	1	0	0
ASV4569	2	0	0	1	0	2
ASV4604	0	0	0	0	0	0
ASV4764	1	4	0	1	0	52
ASV1472	0	0	0	0	0	0
ASV1616	0	0	0	0	0	0
ASV1659	3	0	3	0	2	0
ASV1667	3	8	15	6	1	6
ASV1705	0	0	0	0	0	0
ASV1732	0	0	0	0	0	0
ASV1764	0	0	0	0	0	0
ASV1784	0	0	0	0	0	0
ASV1820	17	10	14	4	1	1
ASV1832	0	0	2	1	0	1
ASV1909	0	0	1	0	0	0
ASV1934	0	0	0	0	0	0
ASV1956	1	16	3	2	2	1
ASV2004	0	0	0	0	0	0
ASV2035	0	6	3	2	24	0
ASV2107	2	24	9	6	0	0
ASV2337	1	0	6	2	0	0
ASV2545	1	1	2	1	1	1
ASV2614	0	0	0	0	0	0
ASV2646	1	1	6	3	2	0
ASV2737	3	0	0	1	0	0
ASV3377	8	13	6	1	4	2
ASV3500	0	0	1	0	0	0
ASV3626	2	5	1	8	5	3
ASV3910	0	0	0	0	0	0
ASV1547	0	3	1	2	0	1
ASV1548	0	0	2	1	4	1
ASV1567	0	0	0	0	0	0
ASV1622	34	5	2	1	1	1
ASV1662	0	2	0	0	8	0
ASV1671	0	0	0	0	0	0
ASV1755	0	2	1	4	5	0
ASV1805	0	1	1	0	0	40
ASV1826	0	0	0	0	0	0
ASV1844	0	0	0	0	0	0
ASV1865	2	0	4	3	0	0
ASV1875	9	0	13	4	0	0
ASV1899	1	0	5	1	2	0
ASV1907	1	0	1	1	1	0
ASV1936	0	0	0	0	0	0
ASV1961	0	0	0	0	0	0
ASV1971	5	1	14	5	0	1
ASV1973	17	12	16	10	6	1
ASV2021	0	0	0	0	0	0
ASV2029	0	0	0	0	0	0
ASV2051	0	0	2	1	0	0
ASV2057	1	0	4	2	1	0
ASV2094	2	2	1	1	0	2
ASV2170	0	0	0	0	0	0
ASV2174	0	0	2	0	0	5
ASV2306	0	0	0	0	0	0
ASV2758	0	0	1	15	4	0
ASV2867	0	1	15	16	11	0
ASV3449	0	0	2	2	2	0
ASV3521	1	3	1	3	2	0
ASV3644	1	5	0	4	7	3
ASV3768	0	0	0	0	0	0
ASV5066	12	5	14	11	2	2
ASV1482	0	18	4	8	30	0
ASV1565	0	4	10	8	41	0
ASV1637	0	0	0	0	0	0
ASV1688	0	0	0	0	0	0
ASV1738	0	1	0	1	1	0
ASV1771	0	0	1	0	0	0
ASV1838	1	2	4	5	3	0
ASV1839	0	0	1	0	0	0
ASV1874	0	0	0	0	0	0
ASV1960	0	2	2	3	9	1
ASV2002	1	1	2	2	0	0
ASV2054	0	0	0	0	0	0
ASV2081	0	0	0	0	0	0
ASV2166	8	2	5	11	0	0
ASV2271	2	0	2	0	0	1
ASV2344	3	0	0	1	0	0
ASV2546	3	2	2	2	0	0
ASV2765	10	3	18	11	1	9
ASV3018	0	0	1	0	0	0
ASV3297	4	6	5	0	6	1
ASV3680	0	0	0	0	0	0
ASV3982	5	11	1	3	3	4
ASV1523	0	0	0	0	0	0
ASV1598	0	1	0	1	0	1
ASV1660	12	13	16	5	1	2
ASV1693	0	0	0	0	0	0
ASV1758	5	10	4	4	4	5
ASV1762	0	0	0	0	0	0
ASV1788	0	0	0	2	0	0
ASV1833	7	5	5	3	3	0
ASV1836	2	2	9	1	9	18
ASV1949	1	3	2	4	0	7
ASV2000	1	1	4	2	0	2
ASV2088	1	1	1	0	0	2
ASV2089	2	1	5	7	0	6
ASV2301	0	0	0	0	0	0
ASV2443	9	0	7	2	1	15
ASV4854	2	0	10	1	5	4
ASV1566	0	10	8	7	27	2
ASV1648	0	1	0	0	0	0
ASV1680	4	6	7	4	3	7
ASV1683	18	0	1	7	0	1
ASV1709	0	0	1	0	0	0
ASV1741	2	0	3	0	1	0
ASV1808	6	4	4	2	1	11
ASV1810	3	0	1	2	0	0
ASV1924	1	0	1	0	0	0
ASV1932	0	0	0	0	0	0
ASV1933	0	0	0	2	0	0
ASV1975	10	10	13	1	10	1
ASV1998	0	8	5	3	5	0
ASV2062	0	0	0	0	0	0
ASV2070	3	0	0	1	0	3
ASV2079	16	9	3	11	4	4
ASV2080	1	2	0	1	0	0
ASV2283	6	11	1	9	15	0
ASV2360	4	0	5	3	0	2
ASV2459	0	0	1	1	0	0
ASV2500	0	1	1	7	3	0
ASV3065	1	9	0	2	13	2
ASV3168	4	1	5	3	3	12
ASV3693	0	0	3	10	2	0
ASV3842	2	0	6	2	0	9
ASV4069	0	2	0	2	0	0
ASV5049	1	1	0	2	0	10
ASV5210	7	7	0	1	3	1
ASV1690	0	0	0	0	0	0
ASV1749	0	0	0	0	0	0
ASV1792	0	28	8	4	7	0
ASV1814	0	16	4	4	16	0
ASV1869	0	0	0	0	0	0
ASV1917	0	0	0	0	0	0
ASV1981	5	6	9	3	3	2
ASV2067	10	5	5	7	1	2
ASV2093	0	0	2	2	0	0
ASV2098	7	5	8	7	0	1
ASV2131	0	0	0	0	0	0
ASV2146	11	10	8	1	1	7
ASV2150	0	1	8	1	15	1
ASV2251	5	1	6	5	3	4
ASV2277	2	25	3	8	8	2
ASV2668	1	2	2	1	0	2
ASV2716	6	7	7	4	0	1
ASV2801	5	9	5	7	12	1
ASV3087	0	0	0	0	0	0
ASV3313	1	0	0	0	0	5
ASV3352	7	21	6	9	1	5
ASV3517	2	2	0	0	0	0
ASV4206	5	2	0	4	0	17
ASV4639	5	8	0	4	7	7
ASV5394	0	0	4	2	0	0
ASV5574	0	2	0	0	1	33
ASV5756	1	1	0	0	0	6
ASV1613	0	0	0	0	0	0
ASV1653	3	5	3	1	0	1
ASV1673	1	12	7	2	0	30
ASV1695	3	0	1	0	0	0
ASV1748	0	0	1	0	0	0
ASV1824	8	6	9	3	1	2
ASV1906	1	0	0	1	0	0
ASV1959	6	3	7	4	1	5
ASV1965	5	6	1	3	5	3
ASV2118	5	1	2	5	0	5
ASV2212	0	0	0	1	1	0
ASV2276	0	0	2	0	0	43
ASV2300	6	2	3	2	0	4
ASV2366	0	0	2	0	0	0
ASV2446	0	0	1	0	0	0
ASV2450	6	22	8	4	19	1
ASV2452	4	6	6	1	5	3
ASV2523	3	0	2	3	5	0
ASV2582	0	0	0	0	0	0
ASV2647	1	10	5	5	2	1
ASV2766	0	1	0	0	0	1
ASV2837	0	0	4	0	0	0
ASV3246	6	9	1	5	3	4
ASV3316	1	0	0	0	0	2
ASV3414	0	0	1	1	0	0
ASV4400	2	1	1	1	0	5
ASV5841	2	1	9	1	0	4
ASV1579	26	8	12	11	1	7
ASV1661	1	1	18	5	0	1
ASV1694	0	33	8	6	11	0
ASV1752	1	1	1	3	12	15
ASV1802	0	0	0	0	0	0
ASV1887	6	7	6	4	3	2
ASV1908	1	1	0	2	0	1
ASV1918	0	0	1	1	0	1
ASV1926	6	3	7	5	2	18
ASV1935	0	18	6	0	26	0
ASV1953	1	0	2	0	0	0
ASV1976	0	0	0	0	0	0
ASV2030	0	0	0	0	0	1
ASV2055	2	4	1	2	28	1
ASV2108	0	0	1	0	0	2
ASV2135	0	0	0	1	7	0
ASV2154	1	0	2	0	1	0
ASV2225	3	24	1	8	9	2
ASV2433	0	0	0	0	0	0
ASV2439	0	0	0	0	0	0
ASV2508	10	8	7	2	2	2
ASV2795	0	0	9	8	8	0
ASV2841	1	0	0	0	0	0
ASV2852	1	0	0	1	0	0
ASV2997	0	0	0	0	0	0
ASV3163	0	0	0	0	0	0
ASV3362	0	0	0	0	0	0
ASV3876	5	24	1	2	2	7
ASV4097	7	3	5	7	2	0
ASV4326	0	0	1	5	1	3
ASV1510	0	0	0	1	0	0
ASV1663	0	0	1	0	0	1
ASV1687	0	0	0	0	0	0
ASV1815	0	0	1	2	0	0
ASV1861	7	38	1	0	0	16
ASV1922	0	0	0	0	0	0
ASV1940	0	0	0	0	0	0
ASV1942	0	1	0	0	0	0
ASV1990	3	1	7	5	0	2
ASV2005	4	4	14	6	8	4
ASV2044	2	1	1	3	0	1
ASV2058	1	3	6	3	0	4
ASV2085	0	2	2	3	2	0
ASV2097	0	3	3	3	8	0
ASV2134	0	0	1	0	0	0
ASV2136	0	0	0	0	0	0
ASV2156	15	5	13	11	0	2
ASV2180	0	0	0	0	0	0
ASV2188	0	0	0	0	0	0
ASV2274	0	0	4	1	0	0
ASV2292	2	0	2	3	0	0
ASV2455	4	0	4	5	0	0
ASV2654	9	1	5	1	1	3
ASV2711	6	16	0	5	7	1
ASV3048	4	1	3	5	0	1
ASV3328	0	0	2	0	0	0
ASV3446	0	0	0	0	0	1
ASV3931	3	4	2	6	0	21
ASV4106	1	0	0	1	0	40
ASV4130	8	7	4	2	6	2
ASV4694	2	0	0	1	0	0
ASV5422	0	0	0	1	0	0
ASV1627	5	16	4	2	2	4
ASV1739	0	13	11	8	29	0
ASV1756	0	0	0	2	20	0
ASV1807	13	2	26	13	0	3
ASV1849	0	4	0	0	51	4
ASV1863	0	0	0	0	0	0
ASV1979	2	7	1	1	4	8
ASV2015	0	0	0	1	5	0
ASV2025	0	0	3	0	0	0
ASV2027	7	15	18	8	6	0
ASV2034	3	0	12	4	1	2
ASV2106	12	1	4	6	0	3
ASV2126	0	0	0	0	0	1
ASV2138	0	0	0	0	0	0
ASV2152	1	3	6	5	1	2
ASV2232	7	0	11	8	0	1
ASV2254	2	1	0	4	0	0
ASV2268	4	4	5	0	0	5
ASV2269	1	0	2	1	0	0
ASV2309	0	0	2	2	0	0
ASV2341	5	3	3	0	0	0
ASV2367	5	0	9	8	0	0
ASV2388	0	0	0	1	0	0
ASV2461	0	1	1	0	0	2
ASV2521	0	0	0	0	0	5
ASV2807	2	0	3	0	4	0
ASV3084	1	0	2	4	3	0
ASV3438	11	4	5	3	0	1
ASV3800	1	2	1	3	11	2
ASV4131	8	13	1	1	0	31
ASV4208	0	0	0	1	0	0
ASV5041	6	5	0	3	3	11
ASV1711	0	0	0	0	0	0
ASV1782	0	0	0	0	0	0
ASV1795	10	0	6	3	0	1
ASV1823	3	6	6	5	12	1
ASV1846	3	15	10	1	0	2
ASV1848	0	0	0	0	0	0
ASV1867	0	0	0	0	0	0
ASV2045	0	0	0	0	0	0
ASV2084	9	7	12	7	12	0
ASV2115	2	21	1	2	11	5
ASV2128	0	0	0	0	0	0
ASV2147	7	16	5	2	5	5
ASV2331	6	3	5	4	2	7
ASV2349	6	5	2	3	0	8
ASV2413	0	0	3	1	0	0
ASV2617	1	7	2	0	0	1
ASV2665	11	10	6	8	3	5
ASV2798	0	0	0	0	0	0
ASV2822	0	0	0	0	0	0
ASV3041	0	0	0	0	0	0
ASV3597	0	12	1	4	3	2
ASV4024	0	10	8	3	6	7
ASV4363	1	1	6	5	14	0
ASV4382	1	2	1	0	1	0
ASV4513	0	0	0	0	0	0
ASV5029	4	5	1	4	6	0
ASV5427	0	2	6	2	9	0
ASV1675	3	5	8	6	5	6
ASV1767	1	0	3	1	0	0
ASV1850	3	6	9	1	7	1
ASV1980	2	12	1	4	16	0
ASV1984	0	0	0	0	0	0
ASV1988	0	0	0	0	0	0
ASV2031	0	0	1	0	0	0
ASV2042	2	0	1	1	0	0
ASV2047	2	18	2	3	17	0
ASV2065	1	9	2	0	14	23
ASV2111	9	2	16	9	1	10
ASV2219	6	1	3	1	1	4
ASV2224	4	0	0	1	0	0
ASV2226	0	1	1	2	1	0
ASV2228	1	0	0	3	0	0
ASV2261	4	2	1	1	3	4
ASV2305	0	0	1	3	0	0
ASV2321	0	20	12	4	12	0
ASV2369	2	0	1	0	0	0
ASV2400	0	0	0	0	0	0
ASV2417	1	0	0	0	0	0
ASV2476	1	0	0	1	0	0
ASV2561	14	1	7	3	0	1
ASV2637	0	0	0	0	0	0
ASV2782	5	6	1	3	1	3
ASV2819	1	0	0	1	0	0
ASV2924	6	3	4	1	0	0
ASV3189	0	0	1	0	0	0
ASV3231	4	0	4	2	0	2
ASV3314	3	0	12	6	0	2
ASV3756	5	0	0	0	1	0
ASV4046	0	0	0	0	0	3
ASV4404	1	0	3	8	0	4
ASV4414	2	3	2	2	0	5
ASV4435	0	2	7	2	0	5
ASV1725	0	1	1	0	0	5
ASV1751	7	0	9	8	0	0
ASV1837	0	0	0	0	0	0
ASV1851	0	1	1	0	0	1
ASV1916	7	11	9	3	3	4
ASV1923	2	5	2	5	5	0
ASV2052	0	0	0	0	0	0
ASV2122	7	4	7	2	0	0
ASV2127	3	23	8	4	2	13
ASV2162	0	0	0	0	0	0
ASV2164	0	2	1	3	3	1
ASV2191	5	16	11	7	1	9
ASV2197	0	0	0	0	0	0
ASV2248	7	10	16	5	2	1
ASV2297	1	0	3	0	0	0
ASV2347	1	0	5	4	0	3
ASV2425	14	4	5	2	2	0
ASV2480	5	0	1	1	0	2
ASV2699	4	1	12	1	0	1
ASV2719	2	0	2	2	0	4
ASV2743	0	0	2	1	0	1
ASV2751	10	11	1	4	1	18
ASV2963	3	1	2	4	5	9
ASV3707	0	0	1	2	0	0
ASV3791	2	2	0	1	2	1
ASV4111	0	0	3	0	0	0
ASV4373	0	0	0	0	0	0
ASV5082	0	1	0	0	0	0
ASV5311	0	1	2	2	0	2
ASV5409	5	6	3	7	1	1
ASV5786	0	1	0	0	0	0
ASV1726	1	0	5	0	0	0
ASV1855	4	13	13	9	7	3
ASV1954	0	0	0	0	0	0
ASV2020	0	0	0	0	0	0
ASV2032	0	0	0	0	0	0
ASV2077	6	1	10	2	0	0
ASV2298	2	6	4	3	8	1
ASV2318	1	2	1	2	6	6
ASV2336	1	0	0	0	0	1
ASV2395	0	1	3	0	0	1
ASV2438	10	2	7	4	2	8
ASV2456	0	3	2	0	0	2
ASV2498	3	2	2	1	1	3
ASV2513	1	0	8	9	1	1
ASV2522	0	0	0	1	0	0
ASV2527	2	22	13	5	3	8
ASV2676	0	0	0	0	0	0
ASV2729	6	0	4	5	0	0
ASV2781	3	0	1	0	0	0
ASV2983	0	0	0	0	0	0
ASV3062	0	0	0	0	0	0
ASV3070	0	0	0	0	0	0
ASV3586	0	0	0	0	0	0
ASV3718	0	0	0	0	0	0
ASV3856	0	22	1	3	4	11
ASV4007	5	0	0	0	0	0
ASV4088	1	0	2	1	0	0
ASV4378	5	1	1	18	0	2
ASV4796	5	0	13	0	0	6
ASV5178	0	0	4	4	2	0
ASV1864	0	0	1	1	0	0
ASV1866	4	0	2	0	1	0
ASV1883	0	0	0	0	2	0
ASV1920	1	8	6	2	4	11
ASV1931	0	0	0	0	0	0
ASV2078	0	29	9	1	8	0
ASV2167	0	5	4	0	2	0
ASV2169	1	0	4	4	0	0
ASV2196	16	0	12	3	0	1
ASV2198	0	0	0	0	1	0
ASV2206	11	10	11	1	1	2
ASV2207	0	0	0	3	0	0
ASV2211	0	8	2	4	33	2
ASV2252	0	3	8	8	1	1
ASV2273	0	0	0	0	0	0
ASV2303	11	5	3	2	1	10
ASV2328	0	0	15	7	0	0
ASV2329	0	1	1	0	0	0
ASV2334	0	6	7	1	7	2
ASV2340	0	1	3	4	1	0
ASV2376	2	0	1	1	0	0
ASV2468	0	0	0	0	0	0
ASV2514	1	0	1	2	0	1
ASV2570	0	0	0	0	0	0
ASV2710	5	11	8	0	5	2
ASV2767	0	0	0	0	1	0
ASV2840	0	0	0	1	0	0
ASV2847	0	0	0	0	0	0
ASV2985	3	11	2	6	13	2
ASV3129	0	0	0	0	0	0
ASV3304	2	1	3	6	1	0
ASV3341	2	2	1	2	12	2
ASV3650	6	2	8	7	0	3
ASV4100	1	0	0	0	1	1
ASV4703	7	1	5	0	0	1
ASV5432	2	7	2	11	4	0
ASV1862	0	6	4	9	1	0
ASV1938	2	0	3	6	0	1
ASV1982	0	0	0	0	0	0
ASV2014	0	0	1	6	36	0
ASV2071	1	0	1	0	11	0
ASV2086	1	0	3	2	0	3
ASV2101	4	2	4	2	0	0
ASV2113	1	5	4	3	14	12
ASV2210	0	0	0	1	0	0
ASV2245	7	2	5	4	1	5
ASV2264	1	0	4	1	0	0
ASV2266	1	0	0	38	3	0
ASV2302	3	13	7	6	1	2
ASV2466	3	0	10	6	0	3
ASV2556	1	0	1	0	0	0
ASV2594	0	3	2	1	1	3
ASV2680	0	0	0	3	0	0
ASV2901	0	1	0	0	0	0
ASV2960	5	2	4	4	0	2
ASV3609	10	2	8	6	0	9
ASV4534	0	0	0	0	0	0
ASV5305	0	0	0	0	0	0
ASV1797	1	0	0	0	0	0
ASV1843	0	0	0	0	0	0
ASV1910	1	0	2	3	0	1
ASV1948	0	0	0	0	0	0
ASV1987	1	0	0	1	0	0
ASV2003	17	2	13	5	4	0
ASV2012	3	1	0	3	27	11
ASV2095	1	0	0	0	0	0
ASV2105	20	2	13	0	0	3
ASV2119	0	2	0	3	11	0
ASV2133	0	0	0	0	1	0
ASV2257	1	0	1	3	0	5
ASV2262	0	3	1	2	4	0
ASV2335	0	0	6	0	0	1
ASV2389	1	0	18	4	3	0
ASV2445	6	2	3	1	0	0
ASV2492	12	6	22	4	1	3
ASV2574	8	11	10	2	5	2
ASV2591	0	0	1	0	0	0
ASV2630	0	0	0	0	0	0
ASV2712	4	1	3	5	0	3
ASV2763	0	0	0	1	0	0
ASV2921	0	2	3	0	0	0
ASV2925	8	8	7	4	0	4
ASV3069	1	1	1	2	0	7
ASV3090	0	0	2	0	0	1
ASV3154	1	0	1	2	0	1
ASV3157	3	5	13	3	6	1
ASV3229	4	8	9	5	13	0
ASV3546	0	0	0	0	0	0
ASV4003	0	0	1	0	2	1
ASV5095	1	0	7	2	0	0
ASV5598	2	8	1	1	4	1
ASV1753	0	0	2	0	0	0
ASV1829	2	1	3	2	4	5
ASV1890	0	1	1	0	0	1
ASV1893	0	0	0	0	0	0
ASV1901	0	0	0	0	0	0
ASV2061	2	0	6	1	0	1
ASV2072	0	0	0	0	0	0
ASV2074	0	0	0	1	0	0
ASV2083	2	7	17	7	5	0
ASV2125	13	7	7	2	6	0
ASV2129	2	0	27	9	0	0
ASV2148	5	6	5	5	6	0
ASV2184	0	0	5	2	0	1
ASV2205	0	0	0	1	1	0
ASV2247	3	0	0	0	0	0
ASV2258	0	0	0	0	0	0
ASV2348	0	6	8	1	11	0
ASV2407	2	28	0	2	5	0
ASV2510	0	0	0	0	0	0
ASV2571	0	5	0	0	4	0
ASV2627	0	1	0	0	0	1
ASV2690	14	7	14	9	0	3
ASV2769	4	2	0	2	5	1
ASV2922	0	0	0	0	0	0
ASV3054	1	0	1	1	0	0
ASV3110	0	4	0	1	0	0
ASV3198	0	0	6	3	0	0
ASV3467	3	2	0	1	3	0
ASV3491	0	0	0	1	0	0
ASV4114	1	0	2	0	0	0
ASV1787	0	32	3	6	12	0
ASV1819	0	0	0	0	0	1
ASV1854	0	0	0	0	0	0
ASV1900	14	3	17	3	3	3
ASV1944	0	26	2	2	10	0
ASV1967	35	2	7	5	0	5
ASV1999	0	0	0	0	0	0
ASV2120	2	7	10	6	24	0
ASV2168	0	0	0	0	0	2
ASV2190	1	0	3	0	2	0
ASV2194	0	0	0	1	31	0
ASV2234	0	0	1	1	0	0
ASV2246	0	0	0	0	0	0
ASV2249	5	1	0	3	0	0
ASV2373	0	0	0	0	0	0
ASV2401	8	8	2	5	1	1
ASV2421	0	0	0	0	0	0
ASV2488	4	0	4	3	1	7
ASV2528	0	0	0	1	18	0
ASV2611	0	2	2	0	0	0
ASV2707	5	6	24	3	2	1
ASV2713	0	0	1	2	0	1
ASV2848	2	2	1	0	0	4
ASV2866	3	0	1	0	0	25
ASV2886	3	3	5	6	5	2
ASV2918	1	0	2	0	0	0
ASV2939	2	0	1	0	0	1
ASV3036	0	0	0	0	0	0
ASV3122	1	0	0	1	0	0
ASV3164	1	0	0	6	0	0
ASV3248	1	7	1	1	0	1
ASV3252	0	0	0	0	0	0
ASV3531	2	6	7	2	0	7
ASV3567	3	2	0	3	1	5
ASV3683	0	0	0	1	2	1
ASV3888	3	0	4	1	0	0
ASV3903	0	0	0	0	0	0
ASV3977	1	10	2	6	5	1
ASV4150	0	0	0	0	0	0
ASV4555	0	0	1	1	2	0
ASV4745	0	0	0	0	0	0
ASV4768	1	2	7	3	4	1
ASV4975	9	4	5	8	2	3
ASV5059	0	0	3	0	1	0
ASV5295	1	1	0	2	1	2
ASV5648	1	0	2	0	0	0
ASV1841	0	0	0	0	0	0
ASV1860	0	0	0	4	44	0
ASV1882	0	0	3	2	0	0
ASV1921	0	0	0	0	0	0
ASV2001	0	0	0	0	0	0
ASV2022	1	1	1	0	0	0
ASV2068	0	17	1	3	0	0
ASV2090	1	0	12	8	0	28
ASV2110	0	5	2	2	0	0
ASV2172	0	0	0	0	0	0
ASV2186	0	4	3	2	3	0
ASV2199	1	0	3	2	0	0
ASV2238	6	0	4	2	1	0
ASV2253	4	0	9	2	0	0
ASV2279	0	4	3	21	16	0
ASV2324	0	0	0	0	0	0
ASV2342	0	0	1	1	7	0
ASV2346	0	0	0	0	0	0
ASV2375	6	9	4	2	7	5
ASV2398	14	1	8	4	0	2
ASV2469	1	0	3	2	0	0
ASV2562	0	0	2	2	0	1
ASV2625	1	0	1	0	1	0
ASV2655	0	0	2	1	0	0
ASV2714	0	9	2	2	0	0
ASV2928	0	1	1	0	0	0
ASV3144	5	5	15	6	2	4
ASV3161	0	0	0	0	0	0
ASV3177	1	2	1	1	1	1
ASV3289	0	0	0	0	0	0
ASV3330	0	0	1	4	0	1
ASV3425	0	1	2	1	0	1
ASV4754	1	6	6	3	9	0
ASV4848	0	0	1	0	7	0
ASV4896	11	7	4	2	1	1
ASV5106	10	5	2	2	1	13
ASV1847	4	4	4	2	1	2
ASV1905	0	0	0	0	0	0
ASV2009	0	0	0	0	0	8
ASV2018	2	0	1	3	0	0
ASV2099	15	17	8	5	3	0
ASV2143	2	1	3	0	3	0
ASV2203	4	1	2	1	4	2
ASV2222	0	0	0	0	0	0
ASV2237	1	0	0	0	0	0
ASV2289	1	0	1	1	39	0
ASV2294	0	0	0	0	0	0
ASV2358	2	1	6	2	0	1
ASV2380	0	0	0	0	0	0
ASV2396	0	0	0	0	0	0
ASV2405	0	10	1	4	6	0
ASV2487	1	0	0	0	0	0
ASV2490	2	0	1	1	1	3
ASV2505	1	0	2	5	0	5
ASV2540	5	0	2	0	0	1
ASV2620	1	7	5	2	5	0
ASV2633	7	4	4	0	0	5
ASV2739	0	0	0	0	0	0
ASV2789	0	0	0	0	0	0
ASV3002	0	1	3	3	0	1
ASV3035	3	0	2	5	0	0
ASV3059	0	0	0	0	0	2
ASV3109	12	1	8	2	1	14
ASV3116	13	0	3	4	0	4
ASV3180	0	0	0	0	0	0
ASV3301	2	0	8	9	3	2
ASV3551	1	0	0	1	0	4
ASV3804	2	3	2	0	4	4
ASV4137	2	0	2	0	2	3
ASV4274	1	8	9	4	2	1
ASV4462	1	0	1	2	2	0
ASV4698	3	1	7	1	15	0
ASV1957	1	2	1	2	14	7
ASV2023	0	1	7	2	1	4
ASV2033	0	0	0	0	0	0
ASV2144	0	1	1	0	1	0
ASV2145	2	0	4	3	0	0
ASV2151	4	5	9	3	2	3
ASV2153	0	0	3	1	0	0
ASV2310	2	0	1	0	0	0
ASV2317	0	2	0	0	0	1
ASV2353	3	11	2	8	6	0
ASV2406	3	2	4	1	0	1
ASV2419	10	13	6	4	3	8
ASV2422	7	0	2	1	0	4
ASV2424	0	7	0	1	6	1
ASV2447	0	0	0	0	0	0
ASV2463	0	5	11	10	7	0
ASV2509	15	11	3	4	0	18
ASV2515	0	0	0	0	0	0
ASV2531	0	10	3	2	11	1
ASV2555	1	0	0	0	0	0
ASV2559	2	12	8	4	4	4
ASV2615	0	6	7	15	18	0
ASV2648	0	0	1	1	0	1
ASV2661	8	0	3	3	0	1
ASV2734	12	2	7	4	1	9
ASV2746	1	0	1	2	1	4
ASV2748	0	0	0	0	0	0
ASV2755	0	0	3	2	2	0
ASV2792	1	1	3	1	0	2
ASV2810	0	0	0	0	0	0
ASV2812	6	6	12	10	0	4
ASV2831	1	0	0	0	2	0
ASV2885	1	1	3	1	0	1
ASV3019	11	6	3	8	3	0
ASV3088	0	0	0	0	0	0
ASV3216	0	3	3	5	8	0
ASV3225	0	0	0	1	0	0
ASV3285	4	2	11	12	0	4
ASV3454	2	1	2	0	0	3
ASV3471	0	0	0	0	0	0
ASV3503	12	2	11	9	0	4
ASV3648	0	0	0	1	0	4
ASV3787	4	0	5	2	0	0
ASV4129	6	0	14	8	0	0
ASV4186	3	0	5	3	0	1
ASV4207	3	2	2	0	1	0
ASV4419	0	0	1	0	0	0
ASV4541	0	1	0	1	0	1
ASV4672	2	4	0	0	1	0
ASV4731	1	11	1	7	3	1
ASV4977	2	0	4	5	1	0
ASV5138	2	0	0	1	1	1
ASV5216	1	0	0	0	0	1
ASV5344	0	0	0	0	0	0
ASV5920	0	0	0	0	0	0
ASV1897	1	0	0	0	0	0
ASV1991	6	1	8	6	0	1
ASV2050	1	0	4	2	0	0
ASV2123	0	0	0	0	0	0
ASV2209	16	3	5	3	0	5
ASV2296	0	0	0	0	0	0
ASV2339	0	0	0	1	0	0
ASV2363	0	21	2	9	17	1
ASV2368	1	3	8	0	1	1
ASV2391	0	0	0	0	0	0
ASV2402	1	2	1	0	27	0
ASV2403	4	11	4	0	4	10
ASV2414	0	1	3	0	1	0
ASV2437	1	0	1	0	0	1
ASV2550	0	0	0	0	0	0
ASV2586	1	0	4	1	0	0
ASV2590	5	4	4	4	0	5
ASV2603	0	1	2	3	25	1
ASV2644	2	0	0	1	1	1
ASV2670	3	2	0	4	5	0
ASV2715	0	0	0	0	0	0
ASV2773	0	0	1	2	1	0
ASV2830	1	2	0	1	0	2
ASV2876	1	0	1	2	0	0
ASV2933	0	1	0	0	0	0
ASV2968	4	0	2	0	0	0
ASV3033	0	0	0	0	0	2
ASV3197	0	0	2	0	0	0
ASV3223	5	0	1	3	0	9
ASV3422	0	0	0	0	0	0
ASV3516	3	3	5	2	0	5
ASV3655	3	4	0	4	4	1
ASV3689	4	5	0	1	7	1
ASV3794	1	0	2	1	0	1
ASV3950	0	0	1	0	0	0
ASV3970	3	0	1	6	1	2
ASV4093	2	5	5	4	1	2
ASV4143	2	0	0	0	0	0
ASV4459	0	0	1	1	0	0
ASV4581	4	5	2	5	4	3
ASV4659	0	0	0	0	0	0
ASV4767	0	0	0	0	0	0
ASV5293	1	0	0	1	0	0
ASV5708	4	3	6	3	5	3
ASV1775	5	9	12	2	2	2
ASV1968	4	11	8	3	5	0
ASV2006	0	0	0	0	0	0
ASV2040	1	17	13	3	7	2
ASV2060	0	0	0	0	0	0
ASV2112	0	0	1	1	0	0
ASV2140	0	0	0	0	0	1
ASV2157	0	0	0	0	1	0
ASV2195	13	8	12	10	0	0
ASV2201	1	12	12	6	0	0
ASV2202	1	0	0	0	0	0
ASV2241	1	1	2	1	3	1
ASV2244	0	0	1	0	0	0
ASV2278	5	17	3	6	5	1
ASV2307	0	4	2	1	3	5
ASV2314	0	0	2	0	0	0
ASV2355	1	0	10	5	0	1
ASV2408	0	0	0	0	0	0
ASV2431	19	7	8	2	0	3
ASV2483	3	1	6	6	1	0
ASV2596	0	0	0	0	0	0
ASV2629	0	1	3	1	0	0
ASV2632	1	4	2	1	3	0
ASV2634	17	3	9	4	9	3
ASV2718	0	0	0	0	0	0
ASV2738	1	2	1	1	2	1
ASV2756	0	0	0	0	0	0
ASV2836	0	0	0	0	0	0
ASV2843	34	1	7	1	0	1
ASV2880	2	1	0	3	3	4
ASV2881	3	0	2	2	5	4
ASV2900	0	0	3	5	0	0
ASV2934	1	1	3	2	0	3
ASV2969	1	21	5	1	1	6
ASV2986	1	0	2	0	0	0
ASV3014	3	2	8	4	0	6
ASV3081	0	0	3	0	11	3
ASV3183	3	0	1	4	1	2
ASV3254	6	17	10	2	0	6
ASV3273	1	5	2	4	13	0
ASV3279	0	5	2	1	13	4
ASV3294	0	0	0	0	0	3
ASV3428	1	0	3	1	0	0
ASV3744	1	0	2	0	0	0
ASV4180	1	1	0	1	0	0
ASV4254	5	5	3	1	1	0
ASV4316	0	0	1	0	0	0
ASV4490	0	1	2	2	0	3
ASV5197	2	3	4	3	13	0
ASV5346	0	1	0	1	0	0
ASV5655	0	0	0	0	0	0
ASV1913	6	19	8	5	8	2
ASV2016	0	0	0	0	0	0
ASV2075	0	0	0	0	0	0
ASV2142	1	6	0	0	0	19
ASV2149	0	7	6	4	0	5
ASV2193	1	1	0	0	0	1
ASV2215	3	2	10	7	0	1
ASV2265	0	0	0	0	0	0
ASV2267	0	0	0	0	0	0
ASV2275	0	0	0	0	0	0
ASV2293	0	7	1	2	32	0
ASV2357	3	1	3	2	0	10
ASV2429	0	1	0	0	0	1
ASV2462	0	11	2	1	5	4
ASV2479	3	2	4	0	5	3
ASV2525	2	0	0	0	0	0
ASV2535	0	0	0	0	0	0
ASV2541	0	0	1	1	0	0
ASV2612	0	44	0	1	0	1
ASV2639	2	0	1	1	0	0
ASV2704	0	0	0	0	0	0
ASV2786	0	0	0	0	0	0
ASV2797	0	3	1	4	20	1
ASV2815	1	0	4	0	1	0
ASV2825	0	0	12	1	0	11
ASV2844	6	1	2	1	2	2
ASV2869	4	11	9	1	2	3
ASV2895	0	0	0	0	0	0
ASV3020	0	0	2	2	0	0
ASV3155	2	3	10	12	0	4
ASV3190	1	0	0	0	0	0
ASV3475	0	0	0	2	0	0
ASV3588	5	0	4	1	1	2
ASV3606	3	2	1	3	2	5
ASV3617	0	0	1	1	0	0
ASV3622	3	10	13	8	2	2
ASV3684	1	0	3	1	0	0
ASV3743	3	11	1	1	2	1
ASV4095	3	2	2	2	1	5
ASV4177	0	0	0	0	0	1
ASV4189	2	0	3	0	2	3
ASV4250	6	2	2	1	1	12
ASV4515	0	5	4	2	3	3
ASV4596	0	0	0	0	0	0
ASV4680	7	0	6	4	0	1
ASV5787	0	0	0	0	0	0
ASV1951	0	1	8	6	0	5
ASV2011	0	19	14	3	0	0
ASV2053	8	0	8	1	0	0
ASV2183	0	0	0	0	0	1
ASV2231	0	0	0	0	0	0
ASV2235	0	0	2	0	0	1
ASV2236	16	2	7	4	2	0
ASV2285	0	0	1	0	0	1
ASV2343	0	0	0	0	0	0
ASV2374	0	11	5	6	0	0
ASV2387	0	4	4	2	14	1
ASV2390	0	0	0	3	0	0
ASV2397	2	0	0	0	2	0
ASV2464	0	0	1	1	0	0
ASV2482	0	0	0	0	0	1
ASV2497	1	0	1	1	1	0
ASV2536	0	0	0	0	0	0
ASV2537	0	0	0	0	0	0
ASV2542	0	0	0	0	0	0
ASV2565	4	4	1	1	3	2
ASV2584	1	0	0	0	0	0
ASV2628	0	0	1	3	0	0
ASV2662	1	7	1	2	1	8
ASV2686	0	3	0	2	0	0
ASV2688	7	8	0	2	2	1
ASV2759	0	0	0	0	0	0
ASV2784	3	11	1	4	11	2
ASV2813	4	5	4	0	0	7
ASV2818	1	1	0	0	0	0
ASV2864	1	15	2	0	7	0
ASV2892	2	0	3	5	4	0
ASV2897	1	0	0	0	1	1
ASV2899	1	1	2	0	2	2
ASV2936	1	0	0	0	0	0
ASV2966	3	0	1	0	0	6
ASV3003	5	1	5	4	0	11
ASV3010	2	1	0	0	0	0
ASV3025	0	0	0	0	0	0
ASV3086	1	2	5	3	13	0
ASV3181	0	0	0	0	0	0
ASV3204	0	0	0	0	0	0
ASV3221	0	0	2	3	0	0
ASV3293	0	0	0	0	0	0
ASV3410	0	0	0	0	0	0
ASV3497	1	0	2	4	16	0
ASV3573	0	0	0	0	0	0
ASV3596	0	0	1	0	0	0
ASV4237	0	0	3	3	0	0
ASV4343	1	0	3	1	0	0
ASV4858	12	1	6	0	0	2
ASV5012	0	1	0	1	0	1
ASV5437	6	0	5	3	0	1
ASV5830	1	4	10	6	3	0
ASV5927	0	0	0	0	0	0
ASV5950	0	4	4	9	3	0
ASV2137	0	0	0	0	0	0
ASV2141	0	0	2	0	0	0
ASV2230	0	0	0	0	0	0
ASV2239	1	0	0	0	0	0
ASV2256	0	0	0	0	0	0
ASV2259	1	8	4	9	7	0
ASV2286	0	0	0	0	0	0
ASV2327	3	3	3	2	0	0
ASV2365	0	0	3	0	0	0
ASV2493	0	0	4	0	0	0
ASV2496	0	5	6	6	20	0
ASV2499	1	7	4	5	8	1
ASV2524	0	0	0	0	0	0
ASV2651	0	0	0	0	0	0
ASV2681	9	6	11	16	1	0
ASV2706	8	11	0	3	6	1
ASV2745	0	0	0	0	0	0
ASV2779	1	0	6	6	0	4
ASV2860	1	2	0	1	0	0
ASV2878	1	0	0	0	0	0
ASV2920	4	2	3	4	4	1
ASV2998	0	0	0	0	0	0
ASV3071	1	0	2	3	0	3
ASV3083	5	4	3	0	0	6
ASV3117	2	2	3	1	1	0
ASV3146	1	0	0	0	0	0
ASV3151	4	5	2	0	3	0
ASV3308	4	2	1	0	0	3
ASV3434	0	0	0	0	2	0
ASV3473	0	0	5	4	0	0
ASV3539	0	0	0	0	0	0
ASV3580	0	7	1	1	10	0
ASV3758	1	11	3	5	0	12
ASV3877	0	0	0	0	0	1
ASV4078	8	7	6	4	0	2
ASV4118	0	0	0	0	0	1
ASV4124	7	0	5	0	0	2
ASV4175	1	3	0	4	2	1
ASV4184	0	0	4	1	3	2
ASV4504	0	3	1	1	1	0
ASV4944	1	0	2	2	1	0
ASV5151	1	0	1	0	0	1
ASV5189	0	0	0	0	0	0
ASV2069	0	0	0	0	0	0
ASV2159	0	0	0	0	0	0
ASV2227	7	4	11	3	7	4
ASV2316	0	0	0	0	0	0
ASV2325	0	4	3	0	5	0
ASV2332	0	5	3	5	20	0
ASV2371	0	0	0	1	0	0
ASV2372	3	1	2	2	0	4
ASV2378	0	0	0	0	0	0
ASV2399	3	4	9	2	1	6
ASV2428	6	6	10	3	4	0
ASV2471	12	9	7	3	6	6
ASV2474	0	2	0	0	0	2
ASV2489	3	0	6	9	1	0
ASV2495	1	5	2	2	10	0
ASV2539	0	0	0	0	0	0
ASV2543	3	6	5	1	2	2
ASV2547	2	0	0	0	0	0
ASV2554	0	0	0	0	0	0
ASV2558	0	0	0	0	0	0
ASV2563	5	0	5	4	1	0
ASV2569	5	0	6	3	1	3
ASV2576	0	0	0	0	0	0
ASV2578	0	5	6	2	21	0
ASV2656	2	1	13	2	0	0
ASV2702	17	0	20	3	2	0
ASV2826	1	0	1	1	0	1
ASV2984	25	11	0	6	1	2
ASV2995	5	2	4	1	0	1
ASV3050	0	0	0	0	0	0
ASV3093	0	3	4	6	14	0
ASV3140	0	0	0	0	0	0
ASV3179	0	0	0	1	0	0
ASV3312	1	0	1	0	0	1
ASV3326	1	1	0	0	0	0
ASV3375	0	0	0	0	0	1
ASV3403	2	0	2	4	1	2
ASV3426	12	5	4	5	8	0
ASV3427	1	0	1	2	0	0
ASV3510	0	0	0	0	0	1
ASV3601	7	4	2	0	0	1
ASV3616	2	3	4	1	3	1
ASV3632	0	5	0	0	10	5
ASV3845	0	2	0	2	6	6
ASV4198	0	0	0	0	4	0
ASV4737	5	3	5	3	2	1
ASV4822	1	5	2	2	0	0
ASV5134	2	0	1	4	1	1
ASV5161	4	0	6	4	0	0
ASV5234	0	0	0	0	0	0
ASV5303	0	0	0	0	0	0
ASV5393	0	0	2	0	0	0
ASV5419	1	0	4	0	0	0
ASV5622	1	0	4	0	1	0
ASV5709	2	0	0	3	0	4
ASV5823	3	0	2	2	0	11
ASV2082	0	0	0	0	0	0
ASV2096	12	1	6	6	0	3
ASV2132	0	0	3	0	0	0
ASV2200	1	11	3	1	6	0
ASV2214	3	11	4	3	21	0
ASV2281	0	0	2	0	0	0
ASV2295	0	1	3	5	30	0
ASV2313	0	0	0	0	0	0
ASV2377	1	2	3	3	2	1
ASV2441	4	0	5	3	2	4
ASV2470	3	3	3	1	0	9
ASV2502	0	8	7	1	1	10
ASV2507	0	0	0	0	0	0
ASV2606	0	4	4	0	1	0
ASV2693	1	0	2	1	0	1
ASV2695	7	0	8	4	0	0
ASV2735	0	5	0	0	0	2
ASV2742	0	1	0	1	0	0
ASV2757	1	3	2	0	0	2
ASV2780	0	0	1	0	0	1
ASV2821	0	0	0	0	0	0
ASV2917	0	0	0	0	0	0
ASV2946	0	2	2	3	0	0
ASV2952	5	2	1	2	0	1
ASV3001	1	12	3	10	3	0
ASV3049	0	1	2	0	0	1
ASV3064	2	0	4	5	0	5
ASV3135	1	0	1	1	0	0
ASV3196	0	0	0	0	5	0
ASV3230	1	0	1	0	0	0
ASV3243	10	6	13	9	0	2
ASV3250	0	0	0	0	0	0
ASV3307	0	0	0	0	0	0
ASV3334	3	8	8	3	7	0
ASV3355	0	4	2	1	0	1
ASV3423	2	3	1	4	3	1
ASV3430	0	0	0	0	0	4
ASV3489	0	0	1	0	0	0
ASV3505	0	0	0	0	0	0
ASV3593	4	0	2	7	0	3
ASV3636	3	7	6	8	3	0
ASV3667	0	0	0	1	0	0
ASV3674	5	1	4	1	2	1
ASV3677	0	1	0	2	0	0
ASV3785	0	0	0	0	0	0
ASV3818	0	0	1	0	0	0
ASV3826	0	8	4	3	13	0
ASV3883	1	0	1	2	0	0
ASV3975	2	3	5	9	11	1
ASV4434	1	0	2	5	0	0
ASV4774	0	1	2	5	6	0
ASV4801	1	0	0	0	0	0
ASV4803	8	8	0	4	0	9
ASV4815	1	1	2	1	0	0
ASV4883	5	5	3	3	0	7
ASV5252	0	0	1	0	0	0
ASV5468	0	0	0	0	1	0
ASV5542	5	5	0	0	1	10
ASV5664	1	0	1	3	0	0
ASV5842	1	0	4	1	0	0
ASV2181	1	0	2	0	0	0
ASV2311	0	0	0	0	0	1
ASV2320	0	2	1	0	3	0
ASV2345	0	0	2	0	0	0
ASV2351	3	4	3	4	0	0
ASV2364	6	0	8	5	0	4
ASV2381	0	3	1	1	10	0
ASV2415	0	0	0	0	0	0
ASV2416	10	2	8	4	3	9
ASV2432	0	0	17	9	1	1
ASV2458	0	0	0	0	0	0
ASV2467	8	4	4	2	1	2
ASV2475	0	6	5	4	26	1
ASV2484	0	0	0	0	0	0
ASV2494	0	0	5	0	0	0
ASV2504	1	1	1	0	0	3
ASV2526	0	0	1	0	41	0
ASV2529	2	2	3	8	8	5
ASV2548	1	0	0	0	0	1
ASV2553	0	0	0	0	0	0
ASV2624	2	0	3	0	3	0
ASV2642	0	1	4	2	5	1
ASV2657	2	12	4	1	2	5
ASV2659	1	0	9	1	32	0
ASV2664	14	3	7	3	0	9
ASV2673	1	0	2	0	1	0
ASV2674	7	1	5	2	0	0
ASV2687	0	0	1	0	0	0
ASV2689	0	0	0	0	0	39
ASV2733	5	9	6	7	4	3
ASV2750	11	1	1	1	0	9
ASV2816	0	0	0	0	0	0
ASV2839	1	0	4	1	0	0
ASV2858	0	0	0	2	0	0
ASV2926	5	0	1	1	0	5
ASV2931	3	6	3	2	2	10
ASV3005	0	0	2	0	0	0
ASV3032	1	0	1	0	0	1
ASV3056	0	0	0	0	1	0
ASV3075	1	0	0	0	0	0
ASV3092	1	4	1	4	24	0
ASV3102	0	0	5	0	0	0
ASV3136	1	0	0	0	0	1
ASV3199	3	12	1	2	5	5
ASV3201	0	0	0	0	0	0
ASV3233	0	0	0	0	0	0
ASV3245	5	11	5	5	10	2
ASV3253	0	0	0	0	0	0
ASV3302	0	0	2	1	0	0
ASV3374	0	0	0	0	0	0
ASV3388	1	0	0	0	0	0
ASV3458	1	20	2	3	0	2
ASV3526	4	0	2	0	0	0
ASV3629	2	3	5	4	4	5
ASV3741	0	0	0	0	2	0
ASV3745	0	0	1	0	0	1
ASV3821	2	4	3	1	6	0
ASV3858	0	0	1	0	1	0
ASV3928	1	2	2	0	0	1
ASV4128	4	8	7	3	0	0
ASV4217	5	0	8	6	0	3
ASV4263	2	6	5	8	7	0
ASV4399	0	0	0	1	0	0
ASV4446	1	0	6	1	1	1
ASV4472	0	7	1	5	4	0
ASV4533	0	0	0	0	0	0
ASV4552	3	0	3	1	0	0
ASV4565	10	7	7	6	0	1
ASV4618	0	0	2	2	0	0
ASV4628	2	4	1	2	10	4
ASV4777	2	1	4	8	12	0
ASV4922	0	0	3	1	0	0
ASV4996	8	8	4	1	2	3
ASV5006	4	1	3	2	4	0
ASV5484	1	0	0	2	0	0
ASV5768	0	0	0	0	0	0
ASV2121	0	0	1	0	0	0
ASV2163	0	0	4	1	10	0
ASV2192	13	0	13	2	0	1
ASV2272	0	0	0	0	0	0
ASV2412	0	0	0	1	0	0
ASV2434	0	0	0	0	0	0
ASV2478	0	1	0	0	3	0
ASV2566	8	8	5	2	1	9
ASV2592	6	2	2	5	2	5
ASV2609	1	1	0	1	0	0
ASV2619	0	16	4	10	3	1
ASV2636	2	1	0	2	0	1
ASV2638	0	0	0	0	0	0
ASV2682	0	0	0	0	0	0
ASV2731	4	4	11	3	9	0
ASV2764	0	13	0	4	24	0
ASV2768	1	6	10	4	6	1
ASV2794	23	9	5	2	1	2
ASV2800	1	0	0	0	0	0
ASV2820	0	0	0	0	0	0
ASV2868	0	0	0	2	11	0
ASV2914	0	0	0	0	0	0
ASV2932	0	1	0	1	0	0
ASV2954	4	0	1	1	2	18
ASV2955	4	21	2	1	0	3
ASV2967	0	0	0	0	0	0
ASV3007	0	1	1	0	0	0
ASV3017	0	0	0	0	0	0
ASV3024	2	2	1	1	0	1
ASV3029	0	0	0	0	1	0
ASV3052	0	0	0	0	0	0
ASV3203	1	1	1	1	1	0
ASV3283	0	0	1	0	0	0
ASV3299	0	0	0	0	0	0
ASV3311	2	5	4	1	3	3
ASV3318	1	0	3	0	0	0
ASV3340	0	0	0	0	0	0
ASV3364	0	0	0	0	0	0
ASV3712	0	0	1	0	0	0
ASV3893	3	0	6	2	0	7
ASV3986	0	0	0	0	0	0
ASV4001	1	0	4	3	0	2
ASV4048	6	9	7	2	5	1
ASV4075	0	5	5	1	6	0
ASV4116	1	0	0	0	0	0
ASV4632	2	0	0	1	0	1
ASV4739	0	1	9	1	1	1
ASV4784	1	13	1	3	4	0
ASV4823	5	0	1	2	0	2
ASV5514	0	0	0	1	0	0
ASV5817	1	2	0	1	1	0
ASV2109	2	1	1	0	1	0
ASV2171	0	0	0	0	0	0
ASV2350	0	0	0	0	1	0
ASV2473	14	9	4	2	0	2
ASV2501	0	0	0	0	0	0
ASV2517	0	32	2	0	2	0
ASV2544	1	0	2	3	1	0
ASV2575	1	9	0	0	0	6
ASV2580	16	10	9	3	0	1
ASV2581	0	0	0	0	0	1
ASV2587	4	2	2	2	0	4
ASV2600	0	0	0	0	0	0
ASV2640	1	0	0	1	0	3
ASV2649	3	5	5	3	3	16
ASV2872	0	0	0	1	0	0
ASV2896	0	0	0	0	0	1
ASV2909	2	0	4	2	0	0
ASV2950	9	12	4	10	2	2
ASV2982	3	0	6	1	0	1
ASV3021	4	0	18	5	0	9
ASV3037	2	9	2	1	7	1
ASV3043	1	0	11	24	0	0
ASV3101	0	0	0	0	0	0
ASV3142	2	1	2	1	4	0
ASV3220	0	5	7	5	3	1
ASV3263	0	0	0	0	0	0
ASV3317	0	0	0	0	0	0
ASV3395	0	0	0	0	0	0
ASV3469	0	2	0	1	1	1
ASV3499	2	6	4	7	1	3
ASV3525	0	7	3	3	11	0
ASV3564	2	1	2	0	3	6
ASV3652	1	0	0	2	0	1
ASV3654	1	4	2	1	3	3
ASV3711	0	0	0	0	0	0
ASV3731	0	0	0	0	0	0
ASV3790	0	1	0	0	1	2
ASV3860	0	0	1	2	0	1
ASV3864	16	1	0	2	0	1
ASV3915	5	10	6	3	3	1
ASV3926	0	0	0	0	0	0
ASV4015	6	5	9	1	0	1
ASV4051	2	1	0	0	0	1
ASV4238	0	0	0	0	0	0
ASV4259	1	0	0	3	0	0
ASV4314	0	0	6	5	0	0
ASV4319	2	0	1	0	0	0
ASV4352	0	0	0	0	0	0
ASV4422	0	0	0	0	0	1
ASV4427	0	0	0	0	0	1
ASV4543	1	0	5	3	1	0
ASV5087	0	0	0	0	0	0
ASV5253	0	0	3	1	0	0
ASV5649	0	0	0	0	0	2
ASV5854	5	14	2	2	9	0
ASV5872	4	2	1	10	1	4
ASV2233	13	2	7	5	0	1
ASV2315	0	1	4	0	16	0
ASV2382	0	0	0	0	0	0
ASV2418	0	0	0	0	0	0
ASV2420	7	7	5	5	6	6
ASV2512	13	0	4	1	0	6
ASV2516	0	0	0	0	1	0
ASV2588	0	25	9	1	2	1
ASV2691	6	0	10	8	0	1
ASV2724	4	6	5	6	1	1
ASV2725	0	4	1	1	17	0
ASV2732	5	0	7	3	0	0
ASV2783	0	0	0	0	0	0
ASV2803	0	1	2	3	18	0
ASV2805	0	7	6	5	18	0
ASV2808	0	0	0	0	0	0
ASV2838	0	0	0	0	0	0
ASV2865	0	0	0	0	0	0
ASV2873	0	0	0	1	1	0
ASV2883	0	0	0	0	0	0
ASV2898	1	5	2	2	0	0
ASV2929	0	0	0	0	4	0
ASV2938	0	0	1	0	0	0
ASV2953	2	1	3	1	0	0
ASV2970	0	0	0	1	1	0
ASV2973	1	0	0	0	0	0
ASV3012	0	0	1	0	0	0
ASV3076	2	1	3	1	0	4
ASV3078	1	1	4	1	0	2
ASV3096	0	0	0	0	0	0
ASV3152	1	0	0	1	0	0
ASV3174	0	0	0	0	0	0
ASV3175	0	0	0	1	2	0
ASV3200	0	0	0	0	0	1
ASV3212	0	0	1	3	0	1
ASV3271	0	0	0	0	0	0
ASV3349	6	2	5	4	0	7
ASV3435	3	3	5	1	3	8
ASV3479	1	0	2	1	0	0
ASV3676	0	1	0	0	0	0
ASV3729	0	0	3	1	0	0
ASV3795	0	0	0	0	0	0
ASV3896	10	5	8	6	0	5
ASV4166	5	2	0	0	4	0
ASV4197	0	0	0	0	0	0
ASV4239	2	5	0	0	3	0
ASV4253	0	0	0	0	0	12
ASV4317	4	6	3	4	2	0
ASV4643	0	0	0	0	0	0
ASV4899	0	4	0	0	2	4
ASV5074	1	2	3	3	4	0
ASV5105	0	0	0	0	1	2
ASV5142	1	0	4	2	0	0
ASV5883	0	0	3	0	0	0
ASV2323	0	0	0	0	0	0
ASV2362	1	0	0	1	0	1
ASV2519	0	0	0	0	0	0
ASV2534	1	0	1	0	0	0
ASV2538	0	0	0	0	0	0
ASV2602	0	0	1	0	0	0
ASV2605	0	0	0	1	7	0
ASV2645	0	0	0	0	0	0
ASV2666	0	3	7	0	2	0
ASV2685	0	1	5	1	7	0
ASV2703	0	2	0	0	0	0
ASV2749	0	0	0	0	0	0
ASV2778	0	14	0	2	0	0
ASV2811	0	3	4	1	0	4
ASV2853	3	3	4	5	3	1
ASV2855	1	13	2	3	0	1
ASV2857	1	0	0	1	0	1
ASV2884	3	2	0	0	1	12
ASV2890	7	2	2	1	0	1
ASV2904	1	0	6	6	7	0
ASV2910	1	0	1	1	0	0
ASV2930	0	0	0	0	0	0
ASV2942	2	23	2	3	0	1
ASV2943	0	2	0	1	0	1
ASV2945	10	6	7	1	2	2
ASV2992	3	13	1	3	5	0
ASV3028	1	4	4	2	3	3
ASV3042	6	3	11	7	0	2
ASV3047	0	0	0	0	0	0
ASV3143	2	0	1	2	0	0
ASV3153	6	0	3	1	0	1
ASV3202	0	2	2	0	0	5
ASV3329	0	0	0	0	0	0
ASV3353	0	0	0	1	19	0
ASV3400	0	0	0	0	0	0
ASV3443	4	3	4	1	2	0
ASV3594	0	1	1	1	1	1
ASV3737	0	0	1	6	2	1
ASV3792	8	3	3	4	3	2
ASV3807	5	7	4	4	2	1
ASV3813	0	1	1	2	0	0
ASV3880	3	6	1	1	9	14
ASV3948	3	0	3	2	0	5
ASV3973	2	0	11	4	0	3
ASV3989	1	5	2	2	0	2
ASV4041	1	0	4	0	1	0
ASV4059	3	3	2	2	1	1
ASV4096	0	0	0	0	0	0
ASV4113	2	4	3	4	0	1
ASV4269	1	2	7	0	5	0
ASV4328	0	0	2	0	1	1
ASV4387	0	0	0	1	0	0
ASV4517	0	0	2	0	1	0
ASV4602	8	4	2	2	0	0
ASV4686	0	0	1	3	7	0
ASV4736	0	0	0	0	0	0
ASV4835	0	6	8	2	1	0
ASV5002	5	3	0	3	0	1
ASV5218	0	0	0	1	0	0
ASV5273	8	0	6	6	0	8
ASV5278	2	5	2	2	2	1
ASV5670	0	0	0	0	0	0
ASV5934	7	2	7	4	1	0
ASV2229	0	0	0	0	0	0
ASV2503	0	23	3	1	9	0
ASV2518	5	1	0	4	0	3
ASV2557	0	3	2	3	0	1
ASV2608	0	0	3	2	23	0
ASV2671	0	0	0	0	0	0
ASV2701	0	0	0	0	0	0
ASV2728	3	0	5	1	0	1
ASV2923	0	0	1	0	0	0
ASV2949	2	0	0	1	1	1
ASV2962	2	0	2	0	0	1
ASV3006	2	0	1	1	0	0
ASV3085	0	0	0	0	0	0
ASV3106	0	1	0	0	0	1
ASV3137	0	0	2	1	1	0
ASV3186	0	0	0	0	0	0
ASV3194	0	0	0	0	0	0
ASV3214	1	18	2	4	9	0
ASV3227	0	1	1	0	3	0
ASV3237	0	0	0	1	0	0
ASV3260	0	15	7	2	4	0
ASV3266	2	7	3	3	4	0
ASV3359	2	6	4	1	1	1
ASV3407	0	0	2	2	0	1
ASV3477	1	7	2	3	0	1
ASV3480	3	0	1	2	0	0
ASV3496	0	0	1	1	1	0
ASV3568	3	5	2	4	4	5
ASV3621	0	0	0	5	0	3
ASV3633	0	0	0	0	0	0
ASV3634	0	0	0	0	0	0
ASV3640	1	3	7	3	18	0
ASV3735	6	0	4	4	2	0
ASV3763	0	1	0	0	0	0
ASV3805	0	0	0	0	0	0
ASV3868	1	0	2	0	0	0
ASV3871	1	0	0	1	0	1
ASV3885	1	3	5	3	0	0
ASV3902	4	5	3	1	1	10
ASV3953	4	5	12	1	2	0
ASV3969	0	0	0	0	1	0
ASV4035	0	0	1	1	8	0
ASV4126	0	0	0	1	2	1
ASV4202	1	2	1	1	0	7
ASV4213	0	0	1	2	0	0
ASV4220	0	1	0	0	0	0
ASV4305	10	0	0	3	0	0
ASV4600	0	0	1	0	0	0
ASV4640	0	0	0	0	0	0
ASV4671	0	0	0	0	0	0
ASV4681	0	0	0	1	0	0
ASV4734	0	0	0	1	13	0
ASV4789	0	0	1	0	0	1
ASV4885	4	1	8	4	1	1
ASV4967	0	0	3	0	0	0
ASV4976	3	1	0	1	0	3
ASV5015	1	2	0	4	0	3
ASV5199	0	2	0	1	5	0
ASV5242	0	0	0	0	0	7
ASV5340	3	1	0	3	0	4
ASV5618	0	1	2	3	0	5
ASV5767	0	0	0	0	0	1
ASV5796	0	0	0	0	0	0
ASV2287	0	0	0	0	33	0
ASV2322	0	0	5	4	14	0
ASV2457	1	0	2	2	0	0
ASV2506	0	1	0	0	0	0
ASV2598	0	0	0	0	0	1
ASV2601	0	0	0	1	0	0
ASV2613	0	0	0	0	0	0
ASV2684	1	0	9	2	0	0
ASV2752	3	2	2	0	7	13
ASV2753	0	0	0	0	0	0
ASV2760	0	2	5	2	15	0
ASV2799	2	0	0	0	0	0
ASV2829	0	1	1	1	0	0
ASV2846	0	10	5	2	14	3
ASV2874	0	0	0	0	0	0
ASV2875	8	4	15	3	0	1
ASV2902	0	0	0	1	2	0
ASV2903	8	1	7	2	0	3
ASV2959	0	0	0	0	0	0
ASV2972	0	1	0	1	0	1
ASV2988	7	0	3	3	0	3
ASV3009	7	4	12	3	2	1
ASV3027	3	0	1	5	0	2
ASV3031	0	3	2	1	10	0
ASV3080	6	8	5	2	8	2
ASV3094	0	0	0	0	0	0
ASV3108	2	9	3	1	4	4
ASV3306	6	0	5	5	6	11
ASV3321	0	0	0	0	7	0
ASV3336	0	0	5	1	0	1
ASV3354	0	0	0	0	0	0
ASV3372	0	0	0	0	3	1
ASV3385	1	0	0	1	0	0
ASV3432	0	0	0	0	0	1
ASV3453	1	1	6	0	5	1
ASV3457	0	0	5	2	0	0
ASV3464	1	15	3	2	9	3
ASV3465	1	4	1	1	27	2
ASV3524	1	4	7	6	2	3
ASV3607	0	0	0	0	0	0
ASV3786	1	0	0	0	0	4
ASV3830	2	0	4	2	2	0
ASV3855	0	9	5	4	4	1
ASV4020	1	0	3	2	0	0
ASV4026	0	0	0	0	0	0
ASV4047	0	0	0	0	0	0
ASV4052	2	2	8	6	0	0
ASV4086	1	8	4	1	5	2
ASV4087	0	0	2	0	0	0
ASV4092	0	0	0	0	0	0
ASV4135	3	0	2	1	0	0
ASV4185	1	1	3	1	0	11
ASV4218	2	8	3	1	4	4
ASV4224	0	0	1	0	0	0
ASV4228	0	0	0	0	0	0
ASV4362	0	8	5	2	3	0
ASV4444	0	0	0	0	0	0
ASV4551	4	2	1	2	2	0
ASV4559	1	1	1	1	0	7
ASV4587	0	0	1	0	0	0
ASV4625	1	18	3	0	0	0
ASV4716	1	0	2	2	5	0
ASV4792	0	0	0	0	0	0
ASV4851	0	0	0	0	0	0
ASV5056	7	3	5	3	4	2
ASV5076	0	1	7	3	5	0
ASV5159	6	3	5	0	2	1
ASV5287	4	5	2	2	1	1
ASV5436	1	0	1	2	0	0
ASV5444	0	0	2	3	5	0
ASV5605	0	1	0	1	12	0
ASV5808	0	0	0	0	0	0
ASV5926	5	6	1	7	3	0
ASV2386	1	0	1	2	0	0
ASV2444	1	9	12	4	5	0
ASV2577	0	0	0	1	32	1
ASV2616	1	14	2	0	2	2
ASV2641	0	0	2	0	0	0
ASV2669	1	4	11	2	1	1
ASV2717	1	0	4	3	0	0
ASV2747	3	0	4	2	0	0
ASV2754	7	3	2	3	2	1
ASV2770	0	2	10	2	2	4
ASV2787	0	0	1	0	0	0
ASV2796	0	18	11	6	0	0
ASV2806	0	3	0	1	5	8
ASV2814	0	0	4	0	0	0
ASV2823	2	1	6	3	0	2
ASV2907	2	1	3	2	5	1
ASV2911	1	0	0	0	0	0
ASV2912	0	0	0	0	0	0
ASV2993	5	3	7	1	0	10
ASV3004	0	0	5	1	0	0
ASV3068	0	0	0	0	0	0
ASV3074	1	9	11	3	7	0
ASV3113	0	0	0	11	2	0
ASV3125	0	0	0	0	34	0
ASV3147	0	0	0	0	0	0
ASV3159	0	0	0	0	0	2
ASV3160	1	0	1	3	0	1
ASV3211	2	0	3	3	3	0
ASV3213	4	2	6	7	0	4
ASV3235	0	0	0	0	0	0
ASV3259	1	0	0	4	0	0
ASV3280	6	2	7	2	1	0
ASV3303	0	0	0	0	0	0
ASV3332	0	0	0	0	0	0
ASV3357	14	0	8	1	0	1
ASV3396	1	1	2	1	3	0
ASV3419	0	0	0	0	0	0
ASV3487	0	0	1	0	0	0
ASV3493	0	0	0	0	0	0
ASV3536	0	1	2	2	8	0
ASV3561	0	0	0	3	0	3
ASV3612	1	5	4	2	2	1
ASV3750	0	1	1	2	0	0
ASV3798	0	1	1	3	3	6
ASV3828	2	0	1	5	0	4
ASV3894	0	3	1	1	0	10
ASV3898	0	4	4	5	13	0
ASV3918	0	0	2	1	4	0
ASV3960	0	0	0	0	0	0
ASV3985	1	6	1	1	8	1
ASV4102	2	4	3	1	0	0
ASV4179	13	2	1	6	1	4
ASV4294	0	1	1	0	1	0
ASV4348	0	4	2	0	0	0
ASV4420	4	6	4	1	0	2
ASV4430	0	0	0	0	0	0
ASV4487	0	0	4	3	1	2
ASV4696	1	1	2	2	3	0
ASV4787	1	1	0	1	1	0
ASV4804	12	3	11	4	6	0
ASV4805	3	0	1	0	0	0
ASV4830	0	1	2	3	0	0
ASV4938	2	0	0	0	1	1
ASV4986	2	4	6	2	0	3
ASV5079	0	0	0	0	0	0
ASV5103	4	1	2	0	0	0
ASV5129	1	1	1	0	0	0
ASV5145	1	0	1	0	0	0
ASV5369	1	2	2	2	6	0
ASV5397	0	0	0	0	2	1
ASV5426	3	7	2	2	0	5
ASV5567	7	5	3	3	1	0
ASV5571	4	0	4	1	1	0
ASV2679	0	0	0	0	0	0
ASV2683	0	4	3	8	14	0
ASV2700	0	0	0	0	1	0
ASV2720	0	0	0	0	0	0
ASV2727	1	0	1	3	0	0
ASV2740	0	0	0	0	0	2
ASV2775	6	4	5	4	0	0
ASV2790	0	0	0	0	0	5
ASV2828	0	0	0	0	0	0
ASV2832	0	0	1	6	5	0
ASV2888	0	0	2	2	0	0
ASV2957	0	0	1	2	0	0
ASV2976	1	5	1	0	2	4
ASV2989	1	0	2	1	0	0
ASV3026	0	0	1	0	0	0
ASV3034	3	0	3	4	0	0
ASV3044	0	0	0	0	0	0
ASV3063	2	0	0	1	1	0
ASV3098	0	0	0	0	0	0
ASV3133	1	0	0	0	0	0
ASV3208	0	0	0	1	0	0
ASV3261	0	1	7	13	5	2
ASV3296	1	0	1	1	0	0
ASV3320	0	0	0	0	0	0
ASV3346	0	0	1	0	0	0
ASV3356	0	0	1	3	0	0
ASV3361	0	0	0	0	0	0
ASV3393	0	0	0	0	0	0
ASV3437	0	0	0	0	0	0
ASV3466	8	3	4	2	0	2
ASV3468	0	3	10	1	0	19
ASV3470	0	0	2	2	4	0
ASV3478	0	0	0	0	0	0
ASV3498	0	0	0	0	0	0
ASV3509	0	0	0	0	0	0
ASV3556	0	0	0	0	0	0
ASV3598	0	0	0	0	0	0
ASV3681	2	0	6	1	0	0
ASV3685	0	0	0	0	0	0
ASV3709	0	0	0	0	0	0
ASV3715	0	0	1	1	16	0
ASV3762	12	4	4	3	0	3
ASV3799	6	0	3	2	0	0
ASV3887	0	0	0	0	1	0
ASV4018	0	0	3	1	0	1
ASV4042	0	0	0	0	0	0
ASV4061	3	7	4	4	0	1
ASV4165	0	0	0	1	0	0
ASV4203	0	0	0	0	0	0
ASV4245	4	3	5	0	2	1
ASV4344	0	0	3	1	0	0
ASV4346	4	0	6	4	9	1
ASV4359	2	0	1	3	2	0
ASV4364	0	1	0	0	0	0
ASV4455	0	0	1	1	0	1
ASV4457	0	0	0	0	0	0
ASV4463	0	0	0	1	1	0
ASV4605	0	0	0	0	0	0
ASV4708	3	0	6	1	4	0
ASV4710	3	0	1	1	0	0
ASV5155	0	0	0	2	0	1
ASV5238	0	0	0	3	0	1
ASV5389	6	0	8	3	0	4
ASV5528	1	0	0	2	1	1
ASV5617	3	0	1	2	3	2
ASV5712	0	0	0	0	0	0
ASV2330	0	0	0	0	2	0
ASV2426	3	3	0	0	0	1
ASV2465	0	0	1	4	0	0
ASV2549	0	3	2	3	11	0
ASV2631	0	0	0	0	2	0
ASV2667	2	1	1	1	0	0
ASV2677	6	0	7	2	0	0
ASV2692	2	8	4	4	8	1
ASV2726	3	0	3	3	0	0
ASV2849	7	3	2	2	2	0
ASV2891	0	0	0	3	0	0
ASV2987	0	0	0	1	0	0
ASV3011	2	0	1	2	0	0
ASV3057	0	0	0	0	0	0
ASV3073	0	0	6	4	19	0
ASV3104	0	0	0	1	0	0
ASV3115	1	0	0	0	0	0
ASV3132	3	8	11	3	1	8
ASV3162	0	0	0	1	0	0
ASV3166	0	0	1	1	0	0
ASV3185	0	0	3	0	0	0
ASV3249	0	0	0	0	0	0
ASV3257	1	2	0	1	3	2
ASV3267	0	0	0	1	0	0
ASV3268	0	0	3	4	0	1
ASV3335	0	0	0	1	0	0
ASV3337	1	0	3	0	0	1
ASV3391	0	0	0	1	0	0
ASV3494	10	1	0	1	0	22
ASV3502	3	0	1	0	4	1
ASV3519	6	7	3	2	1	0
ASV3527	3	5	3	1	0	5
ASV3549	0	0	0	0	0	0
ASV3620	1	11	3	4	2	11
ASV3675	0	0	0	0	0	0
ASV3691	0	0	1	12	19	0
ASV3692	1	0	4	6	0	2
ASV3695	0	0	0	0	0	0
ASV3803	2	1	4	5	0	1
ASV3829	0	0	1	0	0	0
ASV3867	2	2	1	1	3	6
ASV3872	6	3	0	2	0	1
ASV3875	6	0	0	0	0	26
ASV3920	0	0	0	0	0	2
ASV3924	5	5	3	0	1	1
ASV4034	1	0	4	2	0	0
ASV4038	0	0	1	1	0	0
ASV4044	0	3	4	4	13	0
ASV4076	2	0	0	1	0	1
ASV4103	2	0	2	4	1	1
ASV4163	5	0	3	4	0	0
ASV4260	0	19	0	0	0	0
ASV4292	1	1	3	0	1	0
ASV4394	0	0	0	0	0	0
ASV4450	1	1	0	1	0	0
ASV4473	0	0	0	0	0	0
ASV4571	3	0	6	1	0	0
ASV4679	0	0	2	0	0	0
ASV4757	1	1	6	2	0	0
ASV4791	4	0	3	4	0	1
ASV4839	0	0	0	0	0	0
ASV4852	0	0	0	0	0	0
ASV4912	0	1	0	0	0	2
ASV4980	0	0	0	1	0	2
ASV5021	1	0	0	0	1	0
ASV5070	1	1	0	1	0	0
ASV5075	2	0	0	0	0	1
ASV5143	0	0	0	0	0	0
ASV5169	1	0	0	3	8	1
ASV5260	0	0	0	0	0	0
ASV5420	2	3	3	1	2	0
ASV5450	4	0	2	2	0	1
ASV5595	0	0	0	0	0	0
ASV5601	0	29	0	2	2	0
ASV5616	0	0	0	3	0	1
ASV5740	1	0	0	0	1	0
ASV5781	1	1	8	2	0	3
ASV2589	0	0	10	1	20	0
ASV2607	1	0	0	4	0	0
ASV2643	2	0	1	0	0	0
ASV2650	0	0	0	0	0	0
ASV2652	0	0	0	0	0	0
ASV2696	0	0	1	2	8	0
ASV2824	0	0	0	1	0	0
ASV2941	0	8	0	5	19	1
ASV2947	1	4	3	3	12	0
ASV2990	5	0	8	0	0	1
ASV3039	0	0	0	2	0	0
ASV3055	8	5	6	5	0	5
ASV3077	5	0	14	10	0	1
ASV3111	0	0	0	0	0	0
ASV3130	0	0	1	0	29	0
ASV3138	0	0	0	0	0	2
ASV3150	0	0	0	0	0	0
ASV3171	0	2	5	0	26	0
ASV3188	0	0	0	0	0	0
ASV3205	8	3	2	7	0	0
ASV3241	0	0	0	0	0	0
ASV3242	6	6	2	3	3	0
ASV3276	4	0	6	2	1	0
ASV3281	0	0	6	1	0	0
ASV3290	5	1	2	0	0	0
ASV3298	0	1	4	1	22	0
ASV3324	0	0	0	0	1	0
ASV3331	0	0	0	0	0	0
ASV3344	1	0	0	0	0	0
ASV3371	0	0	1	1	6	0
ASV3381	0	0	0	0	0	0
ASV3382	0	9	3	1	0	0
ASV3411	0	0	0	0	0	0
ASV3433	0	0	0	22	0	0
ASV3445	0	4	10	4	4	1
ASV3451	2	4	4	3	8	1
ASV3460	0	0	1	0	5	0
ASV3472	0	0	0	0	0	0
ASV3511	1	0	0	1	0	0
ASV3563	2	1	0	0	0	0
ASV3574	0	15	2	0	15	0
ASV3587	1	2	3	4	1	0
ASV3605	1	1	0	0	19	0
ASV3628	1	2	3	1	0	0
ASV3641	1	5	2	2	2	0
ASV3651	0	0	1	1	0	0
ASV3671	0	0	0	0	0	0
ASV3733	2	1	6	2	3	1
ASV3777	1	2	7	1	0	2
ASV3784	0	0	0	0	0	0
ASV3833	10	6	1	4	0	8
ASV3851	0	0	0	0	0	0
ASV3854	4	2	6	7	0	6
ASV3901	2	8	3	2	3	1
ASV3916	0	4	3	3	0	10
ASV3930	0	0	0	0	0	0
ASV3932	0	0	0	0	0	0
ASV3968	1	1	4	2	2	0
ASV3998	0	1	0	0	0	5
ASV4022	4	1	3	3	1	2
ASV4056	2	1	5	3	0	1
ASV4077	2	3	6	5	1	1
ASV4101	11	0	6	1	0	2
ASV4109	0	0	1	1	0	0
ASV4201	0	3	1	0	0	0
ASV4286	0	0	0	0	0	0
ASV4298	0	0	0	4	0	1
ASV4306	0	0	0	0	0	0
ASV4374	2	6	2	3	16	0
ASV4381	0	0	1	1	0	0
ASV4415	0	0	0	0	0	0
ASV4451	0	0	0	0	0	0
ASV4584	0	0	0	0	0	0
ASV4634	1	0	4	1	1	2
ASV4644	3	2	3	2	0	3
ASV4660	0	0	0	0	0	0
ASV4842	1	0	2	5	0	0
ASV4901	1	11	3	4	1	2
ASV4963	1	12	2	2	12	2
ASV4985	0	0	0	0	23	0
ASV5077	0	0	0	0	0	0
ASV5088	1	7	2	4	7	0
ASV5096	0	0	2	3	15	0
ASV5147	0	0	1	0	0	0
ASV5330	1	0	1	0	0	0
ASV5377	1	0	2	3	0	1
ASV5382	0	0	3	3	1	0
ASV5491	2	0	3	1	3	0
ASV5512	1	2	0	0	0	0
ASV5519	2	0	4	3	0	5
ASV5520	1	0	5	3	0	0
ASV5527	0	1	0	0	0	0
ASV5715	2	0	0	2	0	0
ASV2653	1	1	12	3	11	0
ASV2663	1	3	1	2	1	0
ASV2709	4	6	9	4	4	0
ASV2772	5	0	0	1	1	7
ASV2791	0	8	21	1	0	0
ASV2804	9	2	8	8	0	3
ASV2827	1	3	3	9	3	0
ASV2833	4	1	2	2	0	0
ASV2842	0	0	1	0	25	0
ASV2854	0	0	0	0	0	0
ASV2859	0	2	1	1	0	0
ASV2877	0	0	1	1	14	0
ASV2905	3	0	2	0	0	0
ASV2927	0	0	0	1	6	0
ASV2944	0	0	0	0	0	0
ASV3013	0	0	1	0	0	3
ASV3015	8	3	5	4	0	0
ASV3030	0	0	0	1	22	0
ASV3046	2	1	2	0	1	8
ASV3053	0	0	0	1	0	0
ASV3100	1	3	5	0	10	0
ASV3126	0	0	1	0	0	2
ASV3131	0	0	0	0	0	0
ASV3173	1	1	7	0	1	3
ASV3206	0	0	0	0	0	0
ASV3244	0	0	0	0	0	0
ASV3251	0	2	1	3	0	3
ASV3270	0	0	0	0	0	0
ASV3275	3	9	0	3	0	3
ASV3292	0	0	3	0	0	0
ASV3315	0	3	3	10	9	0
ASV3333	0	0	0	0	2	0
ASV3351	0	0	0	0	0	1
ASV3363	2	0	0	2	0	5
ASV3386	1	1	2	4	0	0
ASV3409	5	0	3	1	0	1
ASV3442	3	0	16	4	0	1
ASV3488	4	0	2	1	0	2
ASV3490	2	0	3	1	0	6
ASV3537	5	1	2	1	5	1
ASV3582	6	0	5	3	0	4
ASV3589	3	13	0	6	3	0
ASV3613	0	26	0	3	3	0
ASV3614	3	1	2	7	1	4
ASV3704	4	1	3	0	0	3
ASV3719	1	8	4	0	4	3
ASV3789	7	8	1	2	3	2
ASV3797	1	1	3	1	0	3
ASV3801	1	0	4	1	0	0
ASV3802	3	0	0	2	0	0
ASV3838	2	4	6	3	0	1
ASV3862	0	1	10	4	13	0
ASV3890	0	0	0	0	0	0
ASV3891	0	0	2	2	6	1
ASV3946	1	1	0	2	3	2
ASV3954	2	0	3	0	0	0
ASV3971	0	0	0	0	0	0
ASV4050	0	0	0	0	0	0
ASV4055	0	0	2	1	0	0
ASV4068	0	0	0	0	0	0
ASV4154	0	0	0	0	0	0
ASV4178	0	0	0	1	0	0
ASV4226	0	0	4	11	13	0
ASV4264	1	1	0	0	1	0
ASV4380	0	0	1	0	0	2
ASV4411	0	0	0	1	6	1
ASV4413	0	0	0	0	0	0
ASV4595	0	0	2	0	2	0
ASV4631	0	9	4	2	0	0
ASV4658	0	0	1	1	0	0
ASV4687	0	0	0	0	0	0
ASV4760	1	0	1	0	0	0
ASV4836	11	1	2	3	0	1
ASV4913	1	0	2	1	2	0
ASV4921	5	0	10	2	0	6
ASV4929	1	1	5	2	1	2
ASV4962	2	1	0	2	2	0
ASV5016	2	0	3	1	0	0
ASV5032	0	0	0	0	0	0
ASV5081	0	3	5	1	2	4
ASV5107	7	1	0	2	0	0
ASV5109	4	7	8	1	0	3
ASV5319	0	0	0	0	0	0
ASV5386	0	0	1	0	2	0
ASV5509	0	3	0	0	0	1
ASV5572	0	0	0	0	0	0
ASV5623	0	1	6	8	4	0
ASV5667	1	1	0	0	0	0
ASV5789	0	0	0	0	2	0
ASV5824	0	4	0	3	1	0
ASV5846	2	3	0	0	6	0
ASV2856	3	12	3	6	4	2
ASV2861	0	0	2	3	0	0
ASV2863	1	3	5	2	18	0
ASV2879	1	0	4	1	0	0
ASV2893	2	3	1	1	3	0
ASV2948	0	3	5	6	4	1
ASV2965	1	0	1	0	2	0
ASV2980	0	0	0	0	0	0
ASV2991	1	3	2	1	2	0
ASV3023	1	0	0	0	0	0
ASV3040	0	0	0	0	0	0
ASV3060	3	12	6	2	1	1
ASV3066	4	0	3	3	0	0
ASV3105	0	22	2	3	2	0
ASV3127	1	0	0	0	0	0
ASV3222	3	3	5	1	8	2
ASV3234	2	0	4	1	0	0
ASV3256	0	8	6	3	2	0
ASV3264	0	2	7	2	1	0
ASV3265	1	0	2	1	0	0
ASV3274	0	0	2	1	0	0
ASV3291	5	3	4	2	0	1
ASV3323	2	1	2	1	2	5
ASV3343	0	0	2	1	0	0
ASV3348	0	0	0	0	0	0
ASV3370	0	5	10	3	7	0
ASV3404	0	0	0	0	0	0
ASV3412	3	0	7	3	0	1
ASV3418	1	6	2	0	0	3
ASV3421	0	1	0	0	0	5
ASV3441	0	6	4	2	6	1
ASV3456	1	4	4	0	0	2
ASV3461	0	0	0	0	0	0
ASV3495	2	0	0	0	0	1
ASV3518	3	3	4	3	5	2
ASV3535	0	0	0	0	0	0
ASV3553	0	1	0	2	3	1
ASV3571	1	5	6	1	8	1
ASV3623	0	0	2	0	0	0
ASV3630	5	0	2	1	0	7
ASV3706	0	0	0	0	2	0
ASV3739	0	0	0	0	0	0
ASV3782	0	0	1	0	3	0
ASV3783	0	5	2	1	2	0
ASV3820	1	1	3	5	14	0
ASV3852	0	0	0	0	1	0
ASV3853	0	4	0	0	6	0
ASV3859	1	0	5	1	0	3
ASV3874	1	0	3	0	3	0
ASV3913	0	1	5	1	0	0
ASV3979	0	0	0	0	0	0
ASV3993	0	0	0	0	0	0
ASV3997	0	1	4	3	0	0
ASV4000	0	1	1	1	0	2
ASV4071	0	5	9	1	4	0
ASV4074	1	0	3	20	1	0
ASV4104	0	0	0	0	0	0
ASV4136	0	0	0	0	0	0
ASV4148	3	6	2	1	0	1
ASV4151	1	1	6	3	0	0
ASV4192	0	0	4	0	0	0
ASV4234	0	1	0	0	0	0
ASV4247	10	1	6	4	0	8
ASV4397	1	0	2	0	2	0
ASV4433	0	0	0	0	0	0
ASV4493	6	1	0	2	0	3
ASV4537	0	0	0	0	0	0
ASV4580	0	0	0	0	0	0
ASV4724	1	1	0	2	2	0
ASV4810	0	0	0	0	0	0
ASV4816	0	0	0	0	0	0
ASV4849	5	0	1	2	0	3
ASV4884	0	0	0	0	0	0
ASV4894	1	0	1	1	0	0
ASV4910	0	0	1	1	1	0
ASV4982	2	1	1	3	1	1
ASV4993	0	0	1	0	0	0
ASV5120	3	1	0	1	1	0
ASV5149	0	11	4	1	8	1
ASV5171	2	0	0	1	0	0
ASV5191	0	0	0	0	0	0
ASV5224	0	1	0	1	8	0
ASV5342	2	0	2	1	1	0
ASV5453	0	0	0	1	0	0
ASV5629	0	0	1	2	0	0
ASV5646	0	1	0	1	2	0
ASV5701	1	1	2	2	0	1
ASV5705	3	0	0	0	0	2
ASV5706	0	1	3	1	9	0
ASV5803	2	0	0	1	1	0
ASV5804	3	3	3	2	0	0
ASV2708	0	0	0	1	0	0
ASV2788	1	0	1	0	0	0
ASV2793	0	0	0	0	0	0
ASV2887	0	0	7	2	8	0
ASV2937	0	0	0	0	0	0
ASV2977	0	0	0	0	0	0
ASV3000	0	7	2	0	1	1
ASV3119	0	0	0	0	0	0
ASV3145	0	0	1	1	0	0
ASV3148	0	0	0	0	0	0
ASV3187	0	0	3	2	0	1
ASV3219	3	6	2	1	2	2
ASV3278	1	0	0	0	0	0
ASV3300	0	0	0	0	0	2
ASV3338	0	0	0	0	0	0
ASV3383	5	6	2	1	0	2
ASV3387	0	0	0	0	0	0
ASV3429	0	0	0	0	0	0
ASV3492	0	1	3	1	5	0
ASV3501	0	0	0	0	0	0
ASV3534	2	0	0	0	0	0
ASV3555	4	6	0	0	11	0
ASV3639	5	0	1	5	0	0
ASV3653	0	0	0	0	0	0
ASV3658	0	0	0	0	0	0
ASV3664	9	2	6	1	0	5
ASV3714	0	0	0	1	0	0
ASV3724	0	0	2	3	1	2
ASV3808	0	0	0	1	0	0
ASV3923	1	2	5	5	7	2
ASV3996	8	4	1	3	2	3
ASV4009	0	1	0	1	0	1
ASV4066	1	0	2	1	0	0
ASV4084	2	0	4	6	0	0
ASV4120	0	0	5	2	0	1
ASV4139	0	0	0	0	0	0
ASV4205	1	0	1	1	0	0
ASV4212	6	6	6	2	0	1
ASV4279	0	0	0	0	0	1
ASV4289	6	6	1	0	2	6
ASV4338	6	5	8	1	0	6
ASV4347	0	0	0	0	0	0
ASV4353	0	0	0	0	0	0
ASV4393	1	0	1	0	0	0
ASV4406	1	1	0	1	1	0
ASV4424	0	0	0	0	0	1
ASV4460	0	1	0	0	1	0
ASV4495	0	0	0	0	11	0
ASV4508	5	13	0	4	2	0
ASV4593	0	0	0	0	0	0
ASV4641	4	4	2	1	5	0
ASV4755	0	2	1	0	0	0
ASV4781	0	0	0	0	0	0
ASV4892	1	0	0	0	0	0
ASV4908	0	0	0	3	0	0
ASV5057	0	0	2	0	0	1
ASV5099	0	0	0	0	0	0
ASV5114	9	3	4	3	0	0
ASV5220	2	2	1	1	5	1
ASV5255	0	0	0	0	0	0
ASV5285	2	0	0	0	0	0
ASV5286	0	0	0	0	0	0
ASV5309	1	0	0	1	0	0
ASV5314	4	1	6	2	1	1
ASV5351	4	0	1	0	1	1
ASV5358	0	0	1	2	1	0
ASV5372	8	2	0	2	0	8
ASV5538	1	5	2	3	9	0
ASV5556	0	4	1	0	0	0
ASV5594	0	0	0	0	0	0
ASV5612	3	6	1	3	4	0
ASV5633	0	5	0	0	0	0
ASV5661	2	2	1	1	0	0
ASV5894	0	0	1	1	0	0
ASV5922	4	4	2	3	2	7
ASV5959	8	2	1	2	3	1
ASV2761	1	0	0	0	0	0
ASV2862	0	0	0	0	0	0
ASV2913	2	5	5	2	0	0
ASV2916	0	0	0	0	21	0
ASV2964	0	0	0	0	0	0
ASV2978	1	0	0	0	0	0
ASV2999	0	0	3	0	16	1
ASV3008	0	0	0	0	0	0
ASV3022	0	0	0	0	0	0
ASV3045	2	6	4	1	10	2
ASV3051	3	7	0	4	0	1
ASV3058	1	11	1	2	4	1
ASV3067	0	0	3	1	0	0
ASV3079	1	9	1	3	0	2
ASV3123	0	0	0	1	0	0
ASV3149	0	1	0	4	8	0
ASV3156	0	0	0	0	0	0
ASV3182	1	5	3	0	0	4
ASV3210	8	7	8	4	0	0
ASV3228	0	0	0	1	0	0
ASV3277	4	0	3	1	0	1
ASV3286	1	0	1	3	0	0
ASV3358	1	0	2	1	0	0
ASV3369	0	0	0	0	0	0
ASV3394	0	2	7	2	6	0
ASV3416	0	0	0	0	0	0
ASV3439	0	0	0	0	0	0
ASV3450	0	0	0	0	0	0
ASV3481	0	1	0	0	0	0
ASV3504	0	0	0	2	20	0
ASV3508	0	0	0	4	0	0
ASV3533	5	1	11	4	0	6
ASV3540	1	0	6	3	0	2
ASV3547	0	0	0	0	0	0
ASV3557	0	0	0	0	0	0
ASV3559	0	0	0	1	1	1
ASV3572	1	3	4	3	5	3
ASV3577	1	3	1	0	0	2
ASV3647	0	0	0	2	0	0
ASV3656	2	1	5	3	0	3
ASV3661	8	0	4	5	0	8
ASV3666	1	2	2	3	6	0
ASV3696	0	0	2	4	0	1
ASV3722	0	0	0	0	0	0
ASV3809	0	1	0	1	1	0
ASV3836	3	0	3	1	0	1
ASV3904	0	0	0	0	0	0
ASV3907	0	0	1	2	0	0
ASV3937	1	0	6	1	0	3
ASV3940	0	0	0	0	0	0
ASV3941	2	0	3	0	1	0
ASV3958	1	4	7	2	1	2
ASV3963	0	0	1	1	0	0
ASV4037	4	0	0	5	0	1
ASV4057	9	4	3	3	0	2
ASV4195	0	1	1	1	0	0
ASV4196	8	0	2	0	0	0
ASV4233	0	0	0	0	0	0
ASV4246	0	0	0	0	0	0
ASV4368	0	0	0	0	0	0
ASV4412	0	4	2	0	5	0
ASV4416	0	0	0	0	0	4
ASV4429	0	0	1	0	0	1
ASV4489	0	0	0	0	0	1
ASV4507	1	2	1	4	1	3
ASV4525	0	0	0	0	0	0
ASV4531	13	6	3	1	0	2
ASV4573	0	1	2	1	0	0
ASV4621	6	5	1	2	1	1
ASV4730	0	0	0	0	0	0
ASV4817	0	0	1	1	1	2
ASV4846	0	0	0	0	0	0
ASV4895	1	0	1	2	23	0
ASV4914	2	1	5	0	1	0
ASV4916	8	2	10	4	4	0
ASV4947	1	0	2	0	0	0
ASV4984	0	0	3	3	1	0
ASV5162	0	0	4	0	0	0
ASV5331	2	0	0	0	0	22
ASV5370	0	0	0	0	0	0
ASV5383	0	0	0	0	0	0
ASV5443	0	1	2	2	5	0
ASV5458	5	0	2	2	1	2
ASV5599	2	0	9	4	1	1
ASV5745	2	2	8	4	0	1
ASV5794	0	0	0	0	0	0
ASV5831	1	2	0	2	0	0
ASV5844	6	12	3	0	1	1
ASV5861	0	0	0	0	0	0
ASV5870	6	7	3	3	2	0
ASV5892	7	3	0	7	4	0
ASV2694	0	0	0	2	0	0
ASV3103	4	1	6	1	0	0
ASV3118	0	0	0	0	0	0
ASV3120	0	0	0	0	0	0
ASV3170	0	0	0	0	0	0
ASV3178	2	9	2	4	2	0
ASV3195	0	0	0	0	0	0
ASV3239	0	0	0	2	0	0
ASV3269	0	0	0	0	0	0
ASV3284	2	1	7	3	0	2
ASV3325	6	2	4	5	1	0
ASV3366	0	0	0	0	0	1
ASV3398	1	0	0	0	0	0
ASV3399	5	0	3	3	0	1
ASV3402	0	1	1	0	0	0
ASV3408	2	5	0	0	2	1
ASV3415	0	0	2	0	0	4
ASV3431	0	0	0	0	0	0
ASV3436	0	0	0	0	22	0
ASV3440	2	2	1	0	0	11
ASV3448	2	2	3	0	0	1
ASV3452	0	0	0	0	0	0
ASV3474	0	0	0	0	0	0
ASV3476	3	2	6	1	3	1
ASV3486	1	3	0	1	13	0
ASV3520	0	0	0	2	0	0
ASV3523	4	2	9	3	0	2
ASV3530	0	0	0	0	0	0
ASV3542	5	0	6	2	1	0
ASV3599	0	0	0	0	0	0
ASV3624	0	0	6	1	0	0
ASV3670	1	1	4	5	0	2
ASV3673	0	0	0	0	0	0
ASV3690	1	0	0	0	0	25
ASV3694	1	5	4	1	6	1
ASV3701	1	1	0	1	1	0
ASV3725	1	0	2	1	0	0
ASV3738	0	2	2	4	8	0
ASV3742	9	0	2	0	0	0
ASV3749	0	0	0	0	0	0
ASV3753	1	0	0	0	0	0
ASV3757	0	1	1	2	1	0
ASV3774	7	2	0	1	2	2
ASV3825	10	2	2	4	3	1
ASV3835	2	5	3	1	0	4
ASV3849	1	0	0	1	11	0
ASV3857	1	0	1	6	0	0
ASV3886	4	0	1	2	0	6
ASV3908	2	1	4	3	0	1
ASV3929	2	0	1	1	2	7
ASV3934	4	3	8	5	0	2
ASV3978	2	0	1	0	0	1
ASV4043	0	0	1	1	0	0
ASV4049	0	0	0	0	0	0
ASV4053	1	0	0	0	0	0
ASV4080	0	0	4	4	14	0
ASV4112	0	0	0	0	0	0
ASV4127	1	9	4	1	3	2
ASV4140	2	4	5	0	5	0
ASV4200	1	3	1	0	0	0
ASV4210	0	0	2	0	0	0
ASV4235	0	0	2	0	0	0
ASV4248	1	0	2	2	0	1
ASV4281	5	2	5	2	0	5
ASV4295	0	1	0	0	0	0
ASV4325	0	2	4	2	2	9
ASV4331	1	0	1	1	0	3
ASV4332	6	0	3	0	2	5
ASV4417	0	0	0	1	0	0
ASV4428	0	0	0	0	0	0
ASV4467	0	0	4	1	0	0
ASV4475	0	0	2	0	0	0
ASV4503	0	0	0	0	0	0
ASV4527	0	0	0	0	0	0
ASV4601	0	0	0	0	0	0
ASV4615	0	0	3	1	0	0
ASV4617	0	0	0	0	0	0
ASV4635	0	0	1	1	0	11
ASV4655	2	2	1	0	0	5
ASV4669	1	1	5	1	2	0
ASV4797	0	0	0	0	0	0
ASV4799	0	0	0	0	0	1
ASV4802	5	5	6	0	5	1
ASV4879	4	3	11	0	0	4
ASV4880	0	0	0	0	0	0
ASV4897	0	1	0	8	4	0
ASV4919	0	0	0	0	0	0
ASV4946	1	0	8	6	0	0
ASV4989	3	0	1	2	0	1
ASV4992	2	3	2	2	0	0
ASV5030	0	1	2	1	1	1
ASV5062	0	0	0	0	0	0
ASV5122	0	0	1	0	0	0
ASV5301	0	0	2	0	0	1
ASV5306	0	0	0	0	0	0
ASV5431	3	1	3	1	0	0
ASV5470	0	1	1	3	0	0
ASV5549	0	5	2	1	2	1
ASV5568	0	0	0	0	0	0
ASV5580	0	0	1	1	1	0
ASV5581	0	3	2	1	1	1
ASV5590	0	0	1	0	0	0
ASV5644	1	0	1	4	2	1
ASV5773	3	3	5	2	1	0
ASV5779	0	0	2	0	0	0
ASV5856	0	0	0	0	0	1
ASV5869	1	0	5	0	0	1
ASV2871	5	15	4	2	0	0
ASV2889	6	11	5	1	1	1
ASV2935	1	0	0	0	0	1
ASV2994	1	0	1	0	0	0
ASV3016	0	0	0	0	0	0
ASV3061	2	1	1	1	0	0
ASV3091	3	0	6	4	0	2
ASV3121	0	16	3	0	3	1
ASV3139	1	10	2	2	3	0
ASV3165	0	0	1	1	0	1
ASV3172	0	0	0	0	1	0
ASV3192	0	0	2	0	0	0
ASV3193	0	4	1	1	1	0
ASV3215	0	1	1	1	0	0
ASV3247	0	1	1	0	0	0
ASV3262	3	0	3	0	0	11
ASV3295	0	10	6	5	6	0
ASV3310	0	0	0	0	0	0
ASV3319	0	0	0	0	0	0
ASV3345	0	0	0	0	0	0
ASV3350	0	0	0	1	0	0
ASV3373	0	0	0	0	0	0
ASV3379	0	5	2	0	3	0
ASV3380	0	0	0	0	0	0
ASV3392	0	0	0	0	0	0
ASV3420	0	0	0	0	0	0
ASV3455	0	0	0	0	0	0
ASV3506	4	7	8	2	0	0
ASV3538	1	6	0	0	17	1
ASV3544	0	1	1	1	19	0
ASV3545	2	1	5	4	6	0
ASV3562	0	0	0	0	0	0
ASV3575	0	0	0	0	0	0
ASV3608	0	0	1	0	0	0
ASV3646	11	1	5	5	1	2
ASV3668	4	3	1	0	1	6
ASV3687	0	0	0	0	0	0
ASV3708	2	3	5	2	3	0
ASV3755	3	0	6	1	0	0
ASV3773	0	0	0	1	0	0
ASV3778	6	6	1	2	0	3
ASV3788	0	0	0	0	0	0
ASV3811	0	0	0	0	0	0
ASV3816	9	0	1	0	7	6
ASV3840	1	0	0	3	1	1
ASV3843	0	0	0	0	0	0
ASV3848	1	0	0	0	0	1
ASV3892	6	0	9	5	3	0
ASV3906	0	0	0	0	0	0
ASV3919	0	0	1	0	0	0
ASV3922	0	0	4	6	8	0
ASV4045	0	0	0	0	0	0
ASV4072	1	11	1	2	1	0
ASV4141	6	4	1	3	1	6
ASV4145	0	0	0	0	0	0
ASV4155	0	0	0	1	0	0
ASV4183	0	0	0	0	0	0
ASV4322	0	0	0	0	4	0
ASV4323	0	0	0	0	0	0
ASV4335	1	0	0	0	0	0
ASV4388	6	1	2	0	0	0
ASV4401	0	0	1	0	0	0
ASV4408	4	5	4	1	1	2
ASV4576	10	4	4	2	0	1
ASV4598	0	0	0	0	0	0
ASV4603	0	23	3	0	0	0
ASV4619	1	4	4	0	2	3
ASV4661	1	0	2	2	0	0
ASV4779	0	0	0	0	0	0
ASV4853	3	3	1	4	7	0
ASV4871	0	3	0	0	0	9
ASV4890	3	3	0	0	1	0
ASV4906	0	0	1	0	0	0
ASV4995	1	3	1	2	0	1
ASV5042	1	0	1	4	0	0
ASV5135	0	0	0	0	0	0
ASV5198	0	0	1	0	0	0
ASV5207	0	0	1	1	12	0
ASV5246	2	0	14	4	0	0
ASV5387	0	4	9	2	2	0
ASV5416	0	0	0	2	18	0
ASV5492	0	1	5	1	0	2
ASV5503	4	4	2	1	4	1
ASV5537	0	0	0	0	0	0
ASV5575	0	0	0	0	0	0
ASV5626	0	0	0	1	0	0
ASV5692	6	5	2	4	1	1
ASV5702	0	0	0	1	0	0
ASV5724	0	0	0	0	0	0
ASV5855	3	0	1	1	0	0
ASV3184	1	0	0	2	0	0
ASV3217	0	0	0	0	0	0
ASV3224	3	1	6	2	0	1
ASV3282	0	5	6	4	0	0
ASV3365	0	0	0	0	1	0
ASV3378	4	4	3	1	0	0
ASV3484	1	0	0	1	0	0
ASV3579	0	0	4	0	0	0
ASV3581	0	0	3	0	2	0
ASV3591	0	0	0	0	0	0
ASV3625	0	0	1	2	0	1
ASV3638	0	0	2	0	0	0
ASV3645	1	0	1	2	0	1
ASV3669	0	0	0	0	0	0
ASV3686	3	0	9	4	1	4
ASV3698	0	0	1	0	0	0
ASV3700	2	16	2	2	3	0
ASV3726	0	0	0	0	0	0
ASV3748	5	3	3	5	3	1
ASV3765	0	0	1	1	0	0
ASV3767	2	4	1	1	1	7
ASV3780	0	1	0	2	0	1
ASV3781	0	0	1	0	0	0
ASV3837	0	0	0	0	0	0
ASV3844	1	0	5	5	0	1
ASV3911	1	1	0	1	6	0
ASV3914	1	3	2	2	0	4
ASV3955	1	1	1	0	0	4
ASV3987	0	0	0	0	0	0
ASV4010	4	0	4	1	1	1
ASV4067	0	0	1	0	0	0
ASV4070	2	1	3	2	0	1
ASV4119	0	3	3	2	3	0
ASV4227	0	0	0	0	0	0
ASV4232	3	7	2	3	2	0
ASV4241	1	2	3	0	0	4
ASV4285	0	0	0	0	0	0
ASV4355	3	3	2	4	1	1
ASV4357	0	0	3	1	0	0
ASV4365	0	1	0	1	1	0
ASV4392	0	0	0	0	0	25
ASV4466	3	0	1	0	0	12
ASV4488	0	1	1	0	0	1
ASV4496	0	0	1	0	0	0
ASV4500	1	0	1	0	0	0
ASV4516	3	5	6	0	6	5
ASV4528	0	0	1	0	0	0
ASV4536	0	0	0	0	0	0
ASV4549	0	0	2	4	0	0
ASV4568	0	0	0	0	0	0
ASV4599	1	0	0	1	0	1
ASV4629	0	0	1	0	0	0
ASV4689	5	0	2	4	0	5
ASV4691	2	0	1	1	0	0
ASV4692	1	4	8	1	0	0
ASV4704	1	0	0	0	0	0
ASV4727	2	1	6	4	4	1
ASV4761	0	0	4	12	1	0
ASV4859	1	0	1	0	0	4
ASV4917	0	0	0	1	0	0
ASV4918	3	3	8	5	0	3
ASV4937	3	2	0	11	0	2
ASV4941	1	0	0	2	0	1
ASV4948	0	0	0	10	0	0
ASV4974	0	0	0	0	0	0
ASV5025	7	1	3	0	0	4
ASV5053	0	3	0	3	9	0
ASV5071	0	0	0	1	22	0
ASV5137	1	0	0	4	0	0
ASV5187	0	14	1	0	5	1
ASV5302	1	0	0	0	0	1
ASV5349	0	0	0	0	0	2
ASV5352	0	1	2	1	0	6
ASV5385	0	0	5	0	1	1
ASV5451	1	4	4	2	1	1
ASV5547	4	0	2	0	0	0
ASV5653	3	1	3	1	0	2
ASV5662	0	3	2	3	0	0
ASV5685	0	0	0	0	0	17
ASV5866	2	1	1	4	0	0
ASV5868	0	2	0	0	0	0
ASV5873	0	1	4	0	2	0
ASV5895	0	0	0	0	0	0
ASV5903	0	5	4	1	2	2
ASV5936	0	0	3	1	0	0
ASV2802	3	6	4	1	0	0
ASV2919	1	0	4	0	0	1
ASV2981	0	0	0	0	21	0
ASV3097	1	6	7	3	4	0
ASV3124	0	0	2	0	0	2
ASV3134	0	0	0	0	0	0
ASV3272	0	0	1	1	0	0
ASV3287	0	0	1	1	0	0
ASV3288	3	6	7	3	1	4
ASV3342	1	0	0	0	0	0
ASV3390	0	1	0	0	2	0
ASV3405	0	0	1	2	0	0
ASV3417	0	0	0	0	0	0
ASV3463	0	0	0	0	0	0
ASV3512	1	0	0	4	2	0
ASV3522	0	3	1	2	4	0
ASV3566	0	0	0	0	0	8
ASV3602	0	0	0	0	0	0
ASV3604	0	0	0	0	0	0
ASV3611	2	0	3	2	0	0
ASV3637	0	0	0	0	0	0
ASV3657	0	0	0	0	0	0
ASV3682	0	0	0	0	0	0
ASV3705	2	4	2	2	0	5
ASV3751	4	10	3	2	1	2
ASV3769	2	2	0	1	0	9
ASV3772	0	0	3	3	0	0
ASV3812	1	3	2	0	10	0
ASV3814	12	0	5	1	0	0
ASV3815	0	0	0	0	0	0
ASV3823	0	0	0	1	0	0
ASV3878	0	0	0	0	0	0
ASV3909	0	1	0	1	1	0
ASV3925	0	0	1	0	1	0
ASV3952	0	0	4	0	0	2
ASV3974	1	0	1	8	0	0
ASV4017	0	2	1	1	1	0
ASV4040	0	0	0	0	0	0
ASV4063	0	4	6	6	4	0
ASV4079	0	1	3	2	0	0
ASV4082	0	0	1	1	0	0
ASV4125	0	0	0	0	0	0
ASV4144	0	0	0	0	0	1
ASV4147	0	0	0	0	0	0
ASV4164	0	0	1	0	0	2
ASV4190	0	0	0	0	0	0
ASV4223	0	1	3	14	6	0
ASV4252	1	3	2	1	2	0
ASV4288	0	4	6	4	8	0
ASV4310	0	0	1	2	0	0
ASV4313	2	1	5	6	6	1
ASV4336	1	0	0	0	0	0
ASV4339	0	0	0	0	1	0
ASV4356	5	2	5	2	0	0
ASV4372	0	0	0	0	0	1
ASV4379	2	2	1	1	0	1
ASV4405	0	0	0	0	0	0
ASV4443	0	0	2	5	0	1
ASV4458	0	0	0	1	0	0
ASV4474	0	0	4	2	0	0
ASV4479	0	0	0	0	0	0
ASV4482	0	0	0	0	0	0
ASV4502	0	1	1	4	5	0
ASV4529	0	1	1	1	14	1
ASV4545	0	2	0	1	0	0
ASV4554	0	0	1	0	0	0
ASV4586	0	0	1	2	0	1
ASV4610	1	2	5	2	1	2
ASV4636	1	0	3	2	0	0
ASV4649	1	0	1	0	0	2
ASV4651	0	0	0	0	0	0
ASV4656	0	0	1	0	3	0
ASV4663	1	0	1	0	0	1
ASV4670	3	1	5	2	0	1
ASV4685	1	0	4	1	2	0
ASV4719	0	0	0	1	0	0
ASV4720	1	0	2	0	0	0
ASV4752	0	0	0	0	0	0
ASV4756	0	0	0	0	0	0
ASV4783	0	0	0	2	0	1
ASV4821	0	0	0	0	0	0
ASV4861	0	0	0	0	0	7
ASV4873	3	0	7	3	0	1
ASV4877	1	0	1	0	0	1
ASV4893	2	0	0	1	0	0
ASV4930	0	0	0	0	0	8
ASV4973	0	0	0	0	0	0
ASV4987	1	0	1	2	0	0
ASV5005	1	0	0	0	0	0
ASV5018	4	3	1	5	6	0
ASV5027	0	0	0	0	0	0
ASV5083	4	1	1	1	1	0
ASV5090	0	0	0	0	0	0
ASV5100	0	0	0	0	0	0
ASV5118	1	1	0	1	0	0
ASV5163	0	0	0	0	0	0
ASV5186	4	1	3	2	0	1
ASV5308	0	3	1	1	0	0
ASV5310	0	3	4	3	1	4
ASV5353	0	1	0	1	0	2
ASV5374	0	0	1	0	0	0
ASV5410	0	0	0	0	0	0
ASV5430	0	1	1	0	1	0
ASV5516	0	0	1	2	0	0
ASV5578	2	1	0	1	0	5
ASV5611	0	0	0	0	0	0
ASV5621	0	1	1	0	0	0
ASV5694	0	0	0	0	0	0
ASV5735	0	0	0	0	0	1
ASV5788	0	0	0	0	0	0
ASV5800	1	0	5	0	0	0
ASV5802	3	1	1	1	0	2
ASV5849	0	0	0	0	0	0
ASV5862	0	0	0	0	0	0
ASV5882	0	1	0	0	0	0
ASV5899	0	0	0	0	0	0
ASV5949	1	1	1	2	4	0
ASV2961	0	0	2	0	17	0
ASV2971	0	0	1	0	0	1
ASV3232	0	11	2	3	0	0
ASV3305	0	0	5	8	4	0
ASV3389	7	1	4	2	0	4
ASV3397	0	1	1	4	9	0
ASV3462	0	5	0	0	0	0
ASV3482	1	2	9	3	8	0
ASV3514	0	3	3	1	10	1
ASV3560	0	0	1	0	0	1
ASV3584	0	0	0	0	0	0
ASV3627	2	4	5	1	1	6
ASV3660	0	3	2	1	5	0
ASV3663	0	7	3	0	4	0
ASV3678	0	5	2	4	10	0
ASV3679	8	0	8	1	0	2
ASV3717	1	1	1	0	0	1
ASV3728	0	0	0	0	0	0
ASV3746	0	0	1	0	0	0
ASV3759	0	0	1	2	0	0
ASV3776	0	0	0	1	0	0
ASV3817	0	0	0	0	0	0
ASV3832	0	0	13	0	0	0
ASV3865	0	0	2	0	7	0
ASV3921	0	2	2	0	0	4
ASV3944	1	0	3	2	0	2
ASV3981	2	1	1	0	0	0
ASV4006	0	0	0	0	0	22
ASV4012	0	0	0	1	10	0
ASV4014	1	5	0	1	6	1
ASV4021	3	0	5	0	2	0
ASV4023	0	3	1	1	1	0
ASV4025	0	0	0	0	11	0
ASV4031	1	1	0	0	3	0
ASV4062	0	0	1	0	0	0
ASV4108	0	0	0	0	0	0
ASV4121	0	0	0	0	0	0
ASV4159	2	0	4	2	0	1
ASV4160	2	1	4	1	0	0
ASV4181	0	0	1	0	0	0
ASV4204	0	0	0	0	0	1
ASV4209	0	2	1	1	2	0
ASV4225	0	0	0	0	0	0
ASV4256	1	0	5	0	4	0
ASV4299	5	0	1	3	0	1
ASV4304	2	0	4	2	0	0
ASV4309	0	0	0	0	0	0
ASV4345	0	0	1	0	0	0
ASV4358	0	0	1	2	1	1
ASV4366	0	0	3	2	18	0
ASV4390	2	1	7	4	0	1
ASV4418	0	0	0	0	0	0
ASV4437	0	0	0	0	0	0
ASV4546	0	0	0	0	0	0
ASV4570	0	4	1	2	12	0
ASV4574	2	0	2	0	0	1
ASV4592	1	0	0	1	0	0
ASV4614	2	0	0	0	2	1
ASV4626	0	0	0	0	0	0
ASV4695	0	0	3	0	0	3
ASV4714	6	2	4	0	4	2
ASV4751	0	0	2	4	0	0
ASV4769	0	0	0	1	0	0
ASV4829	0	0	0	0	0	0
ASV4844	1	12	4	0	0	0
ASV4998	0	0	1	1	5	0
ASV5013	2	4	0	2	1	3
ASV5069	0	6	0	0	0	0
ASV5173	0	0	1	0	0	0
ASV5194	0	0	1	1	0	0
ASV5215	0	0	0	0	0	0
ASV5241	0	2	0	0	0	0
ASV5248	6	4	1	3	1	0
ASV5280	0	0	1	0	0	0
ASV5336	5	0	6	1	0	0
ASV5337	0	0	0	0	0	0
ASV5379	0	0	0	0	0	0
ASV5418	0	1	1	3	5	0
ASV5464	1	1	0	0	1	2
ASV5479	2	3	8	1	0	1
ASV5500	2	2	2	0	5	4
ASV5561	0	0	0	0	0	0
ASV5615	0	0	0	0	0	0
ASV5620	0	0	1	0	0	0
ASV5663	1	1	3	1	3	0
ASV5710	0	0	0	0	0	0
ASV5713	1	0	1	0	2	0
ASV5760	3	3	4	2	12	0
ASV5762	1	0	2	2	0	0
ASV5770	0	0	1	2	0	0
ASV5845	0	0	1	0	3	0
ASV5875	0	0	0	0	1	0
ASV5878	0	1	3	1	3	0
ASV5891	4	1	2	1	0	1
ASV5897	1	5	6	2	0	2
ASV5958	0	0	0	0	0	0
ASV3209	0	0	0	0	0	0
ASV3339	0	8	2	3	0	0
ASV3459	2	0	1	2	2	2
ASV3483	0	0	0	0	0	0
ASV3507	7	1	4	2	0	1
ASV3550	3	7	1	2	5	0
ASV3552	2	0	2	5	0	3
ASV3578	0	0	1	0	0	0
ASV3595	0	0	3	1	10	0
ASV3649	2	6	2	3	7	2
ASV3659	0	0	0	0	20	0
ASV3662	0	0	0	0	0	0
ASV3710	4	4	3	1	0	2
ASV3721	1	8	2	3	1	0
ASV3727	0	1	0	0	0	0
ASV3730	0	0	0	0	0	0
ASV3740	0	0	0	0	0	0
ASV3761	2	0	0	0	0	0
ASV3827	3	0	4	7	0	2
ASV3846	3	5	5	4	3	2
ASV3850	0	0	0	7	16	0
ASV3866	0	0	0	1	0	0
ASV3879	0	0	5	2	0	2
ASV3956	2	4	3	2	1	1
ASV3961	0	0	0	1	0	0
ASV3976	1	0	2	1	0	1
ASV3983	0	0	0	0	0	0
ASV4027	0	0	0	0	0	0
ASV4028	1	7	0	4	6	1
ASV4033	1	0	2	0	1	2
ASV4039	0	0	2	0	0	0
ASV4060	0	3	1	0	7	0
ASV4081	0	0	0	0	0	0
ASV4094	3	0	5	1	0	5
ASV4107	0	0	0	2	1	1
ASV4117	0	0	4	0	2	0
ASV4132	0	0	1	0	0	0
ASV4142	0	0	0	0	1	0
ASV4149	0	0	0	0	0	0
ASV4174	6	0	6	4	0	0
ASV4182	0	0	0	0	0	4
ASV4191	2	0	0	0	0	3
ASV4261	3	0	2	0	1	0
ASV4270	1	0	0	1	0	0
ASV4290	0	0	1	2	0	0
ASV4300	2	5	9	5	0	0
ASV4307	3	0	7	0	0	1
ASV4369	0	0	0	0	0	0
ASV4398	1	0	0	1	0	0
ASV4461	0	0	0	0	0	0
ASV4470	0	0	0	1	0	0
ASV4523	0	0	0	0	0	0
ASV4532	0	0	1	1	0	0
ASV4547	0	0	0	0	0	0
ASV4558	0	0	2	1	0	1
ASV4633	6	1	6	1	0	4
ASV4646	0	0	0	0	0	0
ASV4666	0	0	0	0	0	0
ASV4707	0	5	2	1	6	0
ASV4735	1	0	3	1	0	15
ASV4790	2	0	12	1	0	0
ASV4850	0	0	0	0	0	0
ASV4891	0	0	0	0	0	0
ASV4920	2	0	1	1	0	16
ASV4927	2	2	1	1	0	5
ASV4960	0	0	0	0	1	1
ASV4969	0	0	0	0	0	0
ASV4991	0	0	2	0	0	5
ASV5065	1	2	1	0	0	0
ASV5089	0	0	1	4	4	0
ASV5093	5	1	3	4	0	3
ASV5110	0	0	0	1	0	0
ASV5123	0	1	1	0	0	0
ASV5124	1	1	2	1	0	0
ASV5126	0	0	0	0	0	3
ASV5206	5	3	4	3	2	0
ASV5247	9	1	1	1	6	0
ASV5259	0	0	0	0	14	0
ASV5263	0	0	0	0	0	0
ASV5284	0	0	0	0	0	0
ASV5316	3	6	2	2	2	1
ASV5335	0	10	0	1	8	0
ASV5339	1	0	2	1	0	0
ASV5371	0	1	1	2	9	0
ASV5408	0	0	2	4	0	0
ASV5417	0	0	0	0	0	0
ASV5466	0	0	0	0	0	0
ASV5548	1	3	2	2	3	1
ASV5729	4	3	3	2	0	0
ASV5752	0	0	0	0	0	0
ASV5806	0	15	0	0	4	0
ASV5827	1	0	0	0	0	0
ASV5857	0	1	0	0	15	0
ASV5914	0	0	1	0	0	0
ASV3114	0	0	0	0	0	0
ASV3515	0	0	0	0	0	0
ASV3592	0	0	0	0	0	0
ASV3600	0	0	0	5	13	0
ASV3618	0	0	0	0	0	0
ASV3747	0	1	1	0	3	0
ASV3766	0	0	0	0	0	0
ASV3770	0	1	0	0	0	0
ASV3882	0	0	0	0	0	0
ASV3899	0	0	0	0	0	0
ASV3945	0	3	0	3	0	2
ASV3966	0	14	0	0	0	3
ASV3988	1	6	1	1	0	0
ASV3994	0	1	1	0	0	0
ASV4013	1	0	0	0	0	1
ASV4029	0	0	0	0	0	0
ASV4054	1	1	1	0	10	3
ASV4098	3	1	4	3	0	0
ASV4122	0	0	2	1	8	0
ASV4146	0	1	2	0	3	0
ASV4157	0	0	0	0	0	0
ASV4193	0	3	2	0	3	2
ASV4244	2	0	1	0	0	0
ASV4258	2	1	0	1	0	2
ASV4282	1	0	3	2	1	1
ASV4301	0	14	2	1	4	0
ASV4311	0	0	0	0	0	0
ASV4324	0	0	1	0	1	0
ASV4349	0	0	0	0	0	0
ASV4371	0	8	0	7	5	0
ASV4375	0	0	0	0	0	0
ASV4376	0	0	0	0	0	0
ASV4426	1	0	0	0	0	1
ASV4431	0	1	1	2	6	0
ASV4441	1	0	2	0	0	0
ASV4453	0	0	0	0	0	0
ASV4476	0	0	0	0	0	0
ASV4511	1	3	3	1	4	0
ASV4530	0	6	4	1	1	0
ASV4560	1	0	3	3	1	0
ASV4590	0	0	0	0	0	0
ASV4597	0	0	0	4	0	3
ASV4606	0	0	0	0	0	0
ASV4645	3	0	0	3	0	2
ASV4650	1	11	4	2	2	1
ASV4653	0	0	2	0	0	0
ASV4668	0	6	5	3	0	8
ASV4688	0	0	2	0	0	0
ASV4709	0	0	1	1	0	0
ASV4729	0	0	0	0	0	0
ASV4742	0	0	0	0	0	0
ASV4746	0	0	3	14	2	0
ASV4832	0	0	2	0	0	0
ASV4834	0	0	0	1	0	0
ASV4860	0	0	0	0	0	0
ASV4909	0	0	0	0	0	0
ASV4935	0	0	0	0	0	0
ASV4939	0	0	0	0	0	0
ASV4955	0	0	0	0	0	0
ASV5078	0	14	1	4	0	2
ASV5117	1	0	3	0	1	0
ASV5133	0	0	0	0	0	0
ASV5177	0	0	0	0	0	0
ASV5183	1	0	0	0	0	0
ASV5195	2	0	6	4	1	1
ASV5200	1	4	5	0	8	0
ASV5219	2	1	0	0	0	0
ASV5239	0	0	0	0	0	0
ASV5261	0	0	0	0	0	0
ASV5299	1	6	2	1	1	2
ASV5304	0	0	0	1	1	0
ASV5338	1	0	7	1	0	0
ASV5388	0	0	0	0	0	0
ASV5402	0	4	1	0	1	2
ASV5411	0	1	3	2	7	0
ASV5424	0	1	6	4	0	0
ASV5440	1	0	0	0	0	0
ASV5502	1	2	0	1	0	5
ASV5504	4	1	0	0	0	6
ASV5676	0	0	0	0	0	0
ASV5696	2	2	3	0	2	1
ASV5704	5	0	5	1	0	1
ASV5743	0	3	0	1	1	0
ASV5755	0	0	0	0	0	0
ASV5816	1	0	4	2	0	0
ASV5853	4	0	2	1	0	1
ASV5858	0	0	1	1	0	0
ASV5881	0	0	0	0	0	0
ASV5889	0	0	0	0	0	0
ASV5912	2	0	0	2	0	1
ASV5915	2	2	4	1	0	1
ASV5923	0	0	0	2	0	0
ASV5953	0	0	0	0	3	0
ASV5960	0	0	0	0	0	0
ASV2996	5	5	1	3	1	0
ASV3367	0	0	1	0	1	0
ASV3413	0	0	0	0	0	0
ASV3532	0	0	0	0	0	0
ASV3720	0	0	0	0	0	0
ASV3734	6	3	0	1	0	0
ASV3810	2	0	0	0	0	0
ASV3831	0	0	0	0	0	0
ASV3870	0	0	5	2	12	0
ASV3897	2	4	1	4	0	2
ASV3933	0	0	0	0	0	0
ASV3957	0	0	0	0	0	0
ASV3964	1	0	1	1	0	0
ASV3992	0	0	1	1	2	0
ASV4032	0	0	0	0	0	0
ASV4065	0	5	3	2	0	1
ASV4089	1	1	2	2	1	2
ASV4091	1	0	0	0	0	0
ASV4099	0	0	2	0	0	0
ASV4115	3	2	4	2	0	5
ASV4153	2	0	1	0	0	0
ASV4167	4	0	0	0	0	1
ASV4199	0	0	0	0	2	0
ASV4211	1	2	1	0	0	6
ASV4293	0	2	0	0	2	1
ASV4296	2	5	4	4	3	0
ASV4308	0	0	0	0	0	0
ASV4327	0	0	0	4	10	0
ASV4329	0	0	0	0	0	0
ASV4350	0	0	0	0	0	0
ASV4383	0	0	0	0	0	0
ASV4471	2	2	4	2	0	0
ASV4478	0	5	3	3	5	0
ASV4538	0	0	0	0	0	0
ASV4544	0	5	0	1	0	7
ASV4585	0	0	0	0	0	0
ASV4622	0	0	0	0	0	0
ASV4623	5	2	3	4	0	1
ASV4638	1	0	3	2	0	0
ASV4657	0	7	2	4	6	0
ASV4677	0	0	0	1	0	0
ASV4697	0	0	0	0	0	0
ASV4713	0	5	0	0	0	0
ASV4723	0	0	1	0	0	0
ASV4753	0	1	1	2	7	0
ASV4775	0	0	0	0	0	0
ASV4808	0	0	2	1	12	0
ASV4818	0	0	0	0	0	0
ASV4904	2	5	1	4	0	0
ASV4950	0	0	0	0	0	0
ASV4954	0	0	1	0	0	0
ASV4964	2	1	0	0	3	0
ASV4978	0	3	1	1	3	0
ASV4988	0	0	0	0	0	0
ASV5022	2	0	0	0	0	0
ASV5039	0	16	0	0	3	0
ASV5067	0	0	0	0	0	0
ASV5139	0	0	0	0	0	0
ASV5175	0	0	0	0	0	0
ASV5221	0	0	0	0	0	0
ASV5230	0	0	0	0	8	0
ASV5254	0	4	3	4	7	0
ASV5265	0	0	0	0	0	0
ASV5266	0	0	0	0	0	1
ASV5267	0	2	1	2	6	0
ASV5275	9	4	4	2	0	1
ASV5277	1	0	0	0	1	0
ASV5283	0	0	1	0	0	0
ASV5298	0	0	0	0	0	0
ASV5318	0	0	2	7	7	0
ASV5323	0	0	0	0	0	0
ASV5345	3	2	2	2	1	0
ASV5350	3	3	2	1	0	5
ASV5392	1	2	2	3	5	0
ASV5421	2	3	3	0	0	1
ASV5433	0	0	0	0	0	0
ASV5435	0	0	1	0	0	0
ASV5439	0	0	1	0	0	1
ASV5461	0	6	1	2	12	0
ASV5463	7	1	2	1	0	1
ASV5489	0	0	0	0	0	0
ASV5501	0	2	0	1	5	1
ASV5533	0	6	3	2	7	0
ASV5628	0	0	8	3	6	0
ASV5640	0	0	0	0	1	0
ASV5647	1	10	4	5	0	0
ASV5688	0	0	0	0	0	0
ASV5691	2	1	1	1	0	0
ASV5734	1	0	3	2	0	0
ASV5747	0	0	0	0	0	0
ASV5750	0	0	1	0	0	0
ASV5809	0	0	0	0	2	1
ASV5918	0	1	3	6	0	0
ASV5938	0	5	0	1	1	1
ASV3528	0	0	0	0	0	0
ASV3635	1	1	1	1	0	0
ASV3665	0	0	0	0	0	0
ASV3672	0	0	2	0	0	0
ASV3699	2	0	2	2	0	1
ASV3703	0	0	0	0	0	0
ASV3796	0	3	4	0	1	0
ASV3819	0	1	0	1	15	0
ASV3841	1	2	4	1	0	10
ASV3847	1	0	0	0	0	0
ASV3895	6	0	4	2	0	2
ASV3905	7	0	1	0	0	3
ASV3936	5	2	3	2	0	6
ASV3942	2	0	1	0	0	0
ASV3990	3	0	5	1	0	0
ASV4016	0	0	0	1	0	0
ASV4019	0	0	0	0	0	0
ASV4036	0	0	0	1	1	0
ASV4090	10	1	2	0	1	0
ASV4156	0	6	5	4	0	1
ASV4188	0	0	0	0	0	0
ASV4214	0	3	0	0	0	0
ASV4249	0	0	0	0	0	0
ASV4283	2	4	2	3	2	0
ASV4291	0	0	0	1	1	0
ASV4318	1	3	7	3	0	0
ASV4330	0	0	0	0	0	0
ASV4334	0	0	0	0	1	1
ASV4342	0	0	0	0	1	0
ASV4386	0	3	2	1	0	2
ASV4389	2	0	1	1	0	2
ASV4409	3	1	0	1	0	0
ASV4421	2	1	1	0	0	0
ASV4436	0	0	5	3	0	0
ASV4447	0	2	1	1	0	2
ASV4464	0	0	1	1	0	0
ASV4468	0	0	0	0	0	0
ASV4477	0	8	3	6	0	0
ASV4522	0	0	0	0	0	0
ASV4540	0	1	0	0	1	0
ASV4567	1	0	2	0	0	0
ASV4578	0	0	0	0	0	3
ASV4620	0	0	0	0	0	0
ASV4678	0	0	0	0	0	0
ASV4741	1	0	1	0	0	0
ASV4748	0	0	0	0	0	0
ASV4750	2	0	0	0	0	0
ASV4772	0	0	0	0	0	0
ASV4778	1	0	0	0	0	0
ASV4794	0	1	2	1	15	0
ASV4795	0	0	0	0	0	0
ASV4798	0	0	0	0	0	0
ASV4813	5	0	6	0	0	0
ASV4831	0	4	1	1	1	0
ASV4845	0	0	0	1	0	0
ASV4862	3	0	3	2	0	3
ASV4875	0	0	0	0	0	0
ASV4876	0	14	5	1	0	0
ASV4903	2	1	1	1	0	3
ASV4959	0	0	0	0	0	0
ASV4979	1	0	0	0	0	0
ASV5038	5	1	3	1	0	0
ASV5050	0	1	0	0	0	1
ASV5060	0	0	0	0	3	0
ASV5080	0	0	0	0	0	0
ASV5108	0	1	0	1	0	0
ASV5141	0	0	0	2	0	0
ASV5146	2	0	2	2	2	1
ASV5150	0	1	3	3	7	0
ASV5167	0	3	1	1	0	0
ASV5182	0	0	0	0	1	0
ASV5202	0	7	3	2	4	2
ASV5244	1	0	2	0	0	0
ASV5258	0	0	0	0	0	0
ASV5264	0	0	0	0	0	0
ASV5282	0	0	0	0	0	0
ASV5312	0	0	0	1	0	0
ASV5322	2	3	2	2	9	0
ASV5324	0	0	0	2	0	0
ASV5329	4	8	2	1	2	0
ASV5362	0	0	0	0	0	0
ASV5364	0	0	0	0	0	0
ASV5373	2	0	2	2	0	2
ASV5395	0	0	0	0	0	0
ASV5405	2	2	0	1	7	0
ASV5407	0	0	1	0	0	0
ASV5428	0	0	0	0	0	0
ASV5477	2	0	4	2	1	2
ASV5497	1	0	0	0	0	0
ASV5544	4	1	3	1	0	1
ASV5563	0	0	0	0	0	0
ASV5643	2	2	7	1	1	1
ASV5677	1	3	5	1	1	0
ASV5693	0	0	2	1	3	0
ASV5697	0	0	0	0	0	0
ASV5717	0	0	0	0	0	0
ASV5732	0	0	2	1	0	0
ASV5738	0	0	1	0	0	0
ASV5751	0	0	0	0	0	0
ASV5753	0	0	0	0	0	2
ASV5758	0	1	0	0	0	0
ASV5776	0	0	3	0	0	0
ASV5790	0	0	0	0	0	0
ASV5813	0	0	0	0	0	0
ASV5850	0	0	1	0	0	0
ASV3513	2	14	1	2	0	0
ASV3585	0	0	0	0	0	0
ASV3615	2	0	1	1	0	1
ASV3619	0	0	0	0	0	0
ASV3723	2	1	3	1	0	0
ASV3764	0	11	0	1	1	0
ASV3775	2	14	0	1	0	0
ASV3949	0	0	5	2	0	1
ASV3951	0	0	0	0	0	0
ASV3965	1	1	0	1	0	3
ASV3991	1	0	0	0	0	0
ASV3999	0	4	2	2	0	11
ASV4002	1	1	0	0	4	0
ASV4161	5	1	2	5	0	1
ASV4168	0	1	1	1	0	2
ASV4169	0	0	5	3	10	0
ASV4171	0	0	0	0	0	0
ASV4172	1	4	1	1	1	0
ASV4221	0	0	1	0	0	0
ASV4255	0	9	2	0	5	0
ASV4266	0	0	0	0	0	0
ASV4271	3	0	0	1	0	0
ASV4278	0	0	2	1	0	0
ASV4315	5	0	2	3	0	2
ASV4341	1	0	0	0	0	0
ASV4360	0	1	0	0	4	0
ASV4367	1	8	3	1	0	0
ASV4370	2	1	1	1	7	6
ASV4384	1	0	2	0	0	0
ASV4385	2	1	0	1	9	6
ASV4407	0	0	0	2	0	0
ASV4445	0	0	0	0	0	0
ASV4452	2	3	1	2	0	1
ASV4480	0	0	0	0	0	0
ASV4481	0	0	0	0	0	1
ASV4484	0	0	0	0	0	0
ASV4510	0	0	0	0	0	0
ASV4514	2	2	0	0	0	0
ASV4521	1	0	0	0	0	0
ASV4557	1	3	5	0	1	1
ASV4575	3	2	1	0	0	1
ASV4582	0	3	0	6	10	0
ASV4591	1	0	0	0	0	0
ASV4613	0	0	0	0	0	0
ASV4642	0	0	0	0	0	0
ASV4665	0	0	0	0	0	0
ASV4667	3	1	6	1	0	0
ASV4674	2	0	1	1	0	0
ASV4690	3	0	3	0	0	4
ASV4762	0	0	0	0	0	0
ASV4786	0	0	0	0	0	0
ASV4807	2	0	3	1	0	0
ASV4814	0	0	0	0	0	0
ASV4837	1	0	2	2	0	0
ASV4900	0	1	6	3	0	2
ASV4911	0	0	0	0	0	0
ASV4925	0	0	0	0	0	0
ASV4926	0	0	1	0	0	2
ASV4940	0	4	1	1	9	0
ASV4981	2	1	2	0	0	1
ASV5000	0	0	0	0	0	0
ASV5001	1	0	1	1	0	1
ASV5033	0	0	0	0	0	0
ASV5034	0	0	0	0	1	0
ASV5035	3	0	2	0	0	0
ASV5036	1	3	3	1	0	4
ASV5037	3	0	2	0	0	0
ASV5127	0	0	5	3	0	2
ASV5128	1	3	4	3	5	0
ASV5130	0	0	0	0	0	2
ASV5136	2	0	9	5	0	2
ASV5148	0	0	0	0	0	0
ASV5160	0	0	0	1	0	2
ASV5188	1	1	1	1	1	1
ASV5196	0	0	0	0	1	0
ASV5235	0	0	0	0	0	0
ASV5251	0	0	3	4	7	1
ASV5290	0	0	0	0	0	0
ASV5332	0	4	4	2	5	0
ASV5355	0	0	0	0	14	0
ASV5361	1	1	2	1	0	2
ASV5363	0	0	0	0	0	0
ASV5390	0	0	0	0	0	0
ASV5398	2	0	4	2	0	0
ASV5404	0	2	0	0	0	1
ASV5414	0	2	5	4	4	0
ASV5429	0	1	0	0	0	0
ASV5434	0	0	0	0	0	0
ASV5455	2	0	0	0	0	0
ASV5474	0	2	2	1	1	0
ASV5476	1	0	8	3	0	1
ASV5517	1	1	0	0	1	0
ASV5526	2	2	3	0	5	3
ASV5560	2	1	0	0	1	3
ASV5579	0	0	0	0	0	0
ASV5582	0	0	0	0	0	0
ASV5593	0	1	1	0	1	3
ASV5645	3	0	4	1	0	1
ASV5669	1	0	0	0	0	0
ASV5671	2	0	1	0	0	0
ASV5678	0	0	2	3	0	1
ASV5689	0	0	1	0	0	0
ASV5703	0	0	0	0	0	0
ASV5725	0	0	0	0	0	0
ASV5766	0	0	0	0	0	0
ASV5798	0	0	0	0	0	0
ASV5840	0	0	2	2	4	0
ASV5867	0	0	0	0	0	0
ASV5917	0	0	0	0	0	0
ASV5933	0	0	0	0	0	0
ASV5935	0	0	0	0	0	0
ASV5952	1	1	2	0	0	3
ASV5956	1	0	1	0	0	1
ASV3939	3	7	2	5	1	0
ASV3947	1	1	4	1	2	0
ASV4058	0	0	0	1	1	0
ASV4158	0	1	1	0	2	1
ASV4170	0	10	1	1	1	4
ASV4194	0	1	2	0	6	0
ASV4230	0	0	2	0	0	0
ASV4243	4	6	0	5	2	0
ASV4267	2	10	0	1	0	1
ASV4280	0	0	0	1	0	0
ASV4303	4	0	9	0	0	0
ASV4312	1	0	0	0	0	0
ASV4320	1	0	1	0	0	0
ASV4321	0	0	0	0	0	0
ASV4340	4	1	1	1	5	0
ASV4361	0	0	0	12	0	0
ASV4377	0	1	9	3	5	0
ASV4391	0	4	4	1	8	0
ASV4465	0	0	0	0	0	0
ASV4469	0	7	2	0	0	1
ASV4498	0	0	0	2	11	0
ASV4535	0	0	1	0	0	0
ASV4542	0	0	0	0	0	0
ASV4583	0	0	3	0	0	0
ASV4607	1	0	3	1	0	0
ASV4624	1	0	0	0	0	0
ASV4627	0	0	0	0	1	0
ASV4693	0	0	0	0	0	0
ASV4705	1	1	0	0	0	0
ASV4717	2	1	4	1	0	0
ASV4722	1	0	1	0	0	2
ASV4728	0	0	0	0	0	0
ASV4732	1	1	0	1	0	1
ASV4782	0	0	0	2	0	0
ASV4800	0	0	0	0	0	0
ASV4827	1	0	0	0	1	5
ASV4841	2	12	2	1	0	0
ASV4882	0	0	0	0	1	0
ASV4923	0	1	1	0	0	0
ASV4958	0	0	0	0	0	0
ASV4965	0	0	0	0	0	0
ASV4997	1	0	4	1	0	0
ASV5003	0	0	0	0	0	0
ASV5007	2	0	1	4	0	2
ASV5014	0	0	0	0	0	0
ASV5031	0	0	6	3	1	0
ASV5046	0	0	0	0	11	0
ASV5063	0	0	2	0	0	1
ASV5064	0	0	0	0	0	2
ASV5072	3	2	1	2	3	0
ASV5086	2	1	1	0	0	0
ASV5113	0	0	0	0	0	0
ASV5119	0	1	2	1	1	0
ASV5165	0	0	1	0	0	0
ASV5203	0	0	1	0	0	0
ASV5209	1	0	2	2	3	0
ASV5212	3	0	4	1	0	0
ASV5229	0	0	0	0	0	0
ASV5240	0	0	0	0	0	0
ASV5256	0	0	0	0	0	0
ASV5268	0	0	0	0	0	0
ASV5281	1	0	1	0	0	0
ASV5317	0	1	0	0	0	0
ASV5334	2	0	0	2	0	1
ASV5341	0	0	0	0	0	0
ASV5400	0	0	0	0	0	0
ASV5403	0	0	1	11	1	2
ASV5415	0	0	0	0	0	0
ASV5482	0	0	2	1	0	0
ASV5487	1	0	0	0	0	0
ASV5513	5	1	1	1	0	4
ASV5559	0	0	1	0	0	0
ASV5596	0	0	0	2	1	0
ASV5607	2	6	3	3	3	0
ASV5625	1	0	1	1	1	3
ASV5636	0	0	0	0	0	0
ASV5683	0	0	0	0	0	0
ASV5727	1	1	5	4	0	1
ASV5730	0	0	0	0	2	0
ASV5746	0	1	1	2	4	0
ASV5748	0	0	0	0	0	0
ASV5777	0	2	2	3	9	0
ASV5778	0	0	1	0	0	0
ASV5805	0	0	0	0	5	0
ASV5812	0	1	2	3	2	1
ASV5819	0	3	2	1	6	0
ASV5828	7	4	2	0	0	2
ASV5836	0	0	0	1	0	2
ASV5837	0	0	0	2	0	0
ASV5843	1	0	1	0	0	0
ASV5859	0	0	0	0	0	0
ASV5860	0	0	0	0	0	0
ASV5887	3	1	2	0	0	0
ASV5908	0	4	0	0	1	0
ASV5948	1	0	0	0	0	0
ASV5954	1	0	1	1	0	0
ASV5955	0	0	0	0	0	0
ASV3548	0	0	1	0	0	0
ASV3603	0	0	0	0	0	0
ASV3610	0	13	2	1	1	0
ASV3839	2	3	5	0	0	6
ASV3935	0	0	0	0	0	0
ASV3943	0	0	0	0	0	0
ASV3980	0	0	0	1	0	0
ASV4073	0	6	1	1	3	3
ASV4162	0	0	0	14	0	0
ASV4176	0	0	0	0	0	0
ASV4216	0	0	0	0	0	0
ASV4268	0	0	1	2	0	0
ASV4287	0	0	0	3	3	0
ASV4297	0	0	0	0	0	0
ASV4337	4	0	0	3	2	3
ASV4485	0	0	0	16	0	0
ASV4497	1	5	1	5	0	3
ASV4499	5	6	2	2	0	2
ASV4506	0	0	0	0	1	0
ASV4526	0	0	1	0	14	0
ASV4550	0	0	0	0	0	0
ASV4561	0	0	3	0	0	0
ASV4589	6	0	3	0	0	0
ASV4594	1	0	1	1	9	1
ASV4608	1	1	2	3	1	0
ASV4609	0	0	0	0	0	0
ASV4630	0	0	0	0	0	0
ASV4637	0	0	0	0	0	0
ASV4647	0	0	1	3	1	0
ASV4664	0	0	0	0	0	0
ASV4682	0	0	0	0	0	0
ASV4702	0	2	0	2	0	1
ASV4721	0	0	0	0	0	0
ASV4740	2	4	0	0	3	4
ASV4749	0	1	0	1	0	0
ASV4773	0	0	0	0	5	0
ASV4806	0	0	0	1	0	1
ASV4812	0	0	3	2	1	1
ASV4840	0	0	0	0	0	0
ASV4856	0	1	1	0	1	0
ASV4857	3	0	1	1	2	1
ASV4866	3	3	1	2	0	1
ASV4867	2	4	2	0	0	1
ASV4870	0	0	0	0	0	0
ASV4872	1	11	0	1	0	0
ASV4887	0	0	0	0	0	0
ASV4905	0	0	0	0	0	0
ASV4945	1	0	5	4	0	3
ASV4949	0	0	0	0	0	0
ASV5011	0	0	0	0	0	0
ASV5017	0	0	0	0	0	0
ASV5043	1	0	0	0	0	0
ASV5125	1	0	0	1	7	0
ASV5152	0	0	1	0	2	0
ASV5157	0	0	0	0	0	0
ASV5211	0	0	0	0	0	0
ASV5222	1	4	2	3	3	1
ASV5236	0	0	0	0	0	0
ASV5262	0	0	0	9	6	0
ASV5274	0	0	1	0	1	2
ASV5292	7	0	2	4	0	1
ASV5378	2	1	3	4	0	0
ASV5396	2	1	4	1	0	0
ASV5442	0	0	0	0	0	0
ASV5472	0	0	1	0	0	0
ASV5498	2	0	5	6	0	0
ASV5530	4	5	1	1	1	0
ASV5573	0	3	0	0	2	0
ASV5597	0	0	1	0	2	0
ASV5610	0	5	2	1	0	0
ASV5666	0	0	0	0	0	0
ASV5672	0	0	0	0	0	0
ASV5741	0	0	0	0	1	0
ASV5749	3	0	1	2	0	0
ASV5780	2	0	2	0	2	6
ASV5801	0	0	0	0	0	0
ASV5807	0	0	0	0	0	0
ASV5851	0	0	0	0	0	0
ASV5879	0	0	1	0	0	0
ASV5885	6	0	2	0	0	1
ASV5900	0	0	0	0	0	0
ASV5925	1	0	4	1	0	4
ASV4005	0	0	0	0	0	0
ASV4030	1	0	7	3	0	0
ASV4138	0	0	10	4	2	0
ASV4152	0	1	0	0	0	0
ASV4219	0	0	0	0	0	0
ASV4262	2	5	1	1	7	0
ASV4284	0	0	0	0	0	0
ASV4354	0	0	0	0	0	0
ASV4402	2	1	0	0	0	1
ASV4403	1	0	1	0	0	0
ASV4425	0	0	1	1	9	0
ASV4440	0	0	6	1	3	4
ASV4449	0	0	1	1	5	0
ASV4519	0	0	1	1	0	0
ASV4524	0	0	0	0	0	0
ASV4539	0	2	1	0	1	7
ASV4588	0	0	1	0	0	0
ASV4662	2	1	0	3	1	1
ASV4733	0	0	2	0	0	1
ASV4738	1	0	1	0	0	0
ASV4793	9	3	0	0	0	3
ASV4820	0	2	1	2	5	0
ASV4828	3	0	3	0	0	0
ASV4869	0	0	0	0	0	0
ASV4874	0	5	0	2	3	2
ASV4886	0	0	0	0	15	0
ASV4889	3	1	3	0	0	7
ASV4907	0	0	0	0	0	0
ASV4931	1	2	1	2	4	0
ASV4933	0	0	0	0	3	0
ASV4971	0	0	1	1	9	0
ASV4990	2	0	1	0	2	0
ASV4994	1	8	1	4	2	0
ASV5004	0	0	0	0	3	0
ASV5023	0	0	0	0	0	0
ASV5024	0	0	0	0	0	0
ASV5052	0	0	0	0	0	0
ASV5054	0	1	1	6	5	0
ASV5098	0	0	0	0	0	0
ASV5101	0	0	0	0	0	0
ASV5158	0	0	0	0	0	0
ASV5184	0	0	5	3	0	0
ASV5185	0	2	1	1	2	0
ASV5208	0	0	0	0	0	1
ASV5214	4	0	5	0	0	2
ASV5231	0	0	0	0	0	13
ASV5232	0	0	1	0	0	2
ASV5233	0	0	0	0	0	0
ASV5271	0	0	0	0	0	1
ASV5276	0	0	0	0	9	0
ASV5300	1	2	9	0	2	0
ASV5307	0	0	0	0	0	0
ASV5348	0	0	0	0	0	0
ASV5354	4	0	3	2	0	4
ASV5359	0	0	0	0	1	0
ASV5445	0	1	4	6	0	1
ASV5449	0	0	0	1	0	0
ASV5457	2	1	0	0	1	0
ASV5460	0	0	0	0	0	0
ASV5471	0	0	3	0	0	0
ASV5475	1	1	5	2	5	1
ASV5505	0	5	0	0	0	0
ASV5529	0	0	0	0	2	0
ASV5546	3	1	3	3	1	1
ASV5550	2	0	2	0	0	1
ASV5555	0	0	0	0	0	0
ASV5586	0	0	1	0	0	0
ASV5588	4	0	1	0	0	6
ASV5609	0	3	2	0	1	2
ASV5652	0	0	0	0	0	0
ASV5668	0	0	0	0	0	0
ASV5682	3	3	5	0	0	2
ASV5721	0	0	0	0	0	2
ASV5728	1	2	1	0	0	0
ASV5733	0	0	4	1	0	0
ASV5742	0	0	0	0	0	0
ASV5795	0	2	1	0	6	0
ASV5818	2	1	1	2	1	0
ASV5822	2	0	0	3	0	1
ASV5826	0	0	0	1	0	4
ASV5886	1	2	2	1	2	0
ASV5888	0	0	0	0	0	0
ASV5893	0	1	1	1	6	0
ASV5904	0	0	0	0	0	0
ASV5929	0	0	1	0	0	0
ASV5947	0	0	0	0	1	1
ASV3873	1	0	4	0	1	7
ASV4187	0	0	0	0	0	0
ASV4222	0	0	0	0	0	0
ASV4251	0	0	4	0	0	0
ASV4276	3	1	4	1	0	1
ASV4395	0	0	4	0	0	5
ASV4432	0	0	0	0	0	0
ASV4448	1	0	0	0	0	0
ASV4456	0	0	1	1	0	0
ASV4483	0	0	3	3	7	0
ASV4486	0	0	0	0	0	0
ASV4492	0	0	0	0	0	0
ASV4494	0	11	2	2	0	0
ASV4505	0	0	0	0	0	0
ASV4564	0	5	7	1	2	0
ASV4566	0	0	0	0	1	0
ASV4577	0	0	1	0	0	0
ASV4579	1	0	1	0	0	0
ASV4766	0	0	1	2	0	1
ASV4780	0	0	0	0	0	0
ASV4826	0	0	0	0	0	0
ASV4847	0	0	0	0	0	0
ASV4888	0	0	0	0	1	0
ASV4915	1	0	0	0	0	0
ASV4942	0	3	0	1	1	0
ASV4943	1	0	1	1	0	2
ASV4951	0	2	1	0	0	1
ASV5045	0	0	0	0	0	0
ASV5047	0	0	1	1	0	0
ASV5051	0	0	0	0	0	0
ASV5104	2	0	1	0	0	1
ASV5111	0	0	0	0	0	0
ASV5121	0	0	0	0	0	0
ASV5131	0	0	2	0	1	4
ASV5154	0	0	0	0	0	0
ASV5174	0	0	1	2	0	0
ASV5179	0	0	0	0	0	0
ASV5181	0	1	0	1	0	3
ASV5223	0	0	0	0	0	0
ASV5243	1	1	0	1	0	2
ASV5257	0	0	0	0	0	0
ASV5297	0	0	0	0	0	0
ASV5313	0	0	1	1	0	0
ASV5321	0	2	0	0	0	0
ASV5327	2	5	2	5	0	0
ASV5347	1	0	1	0	0	0
ASV5365	0	0	0	0	0	0
ASV5406	1	1	3	3	0	0
ASV5447	0	0	5	0	0	0
ASV5473	1	4	3	1	3	0
ASV5478	0	0	0	0	0	0
ASV5481	0	0	0	0	0	0
ASV5494	0	0	0	0	0	0
ASV5506	2	0	6	3	0	1
ASV5531	3	1	3	0	0	4
ASV5553	0	0	0	0	0	0
ASV5576	3	3	5	1	2	0
ASV5585	1	6	2	4	1	0
ASV5587	0	0	0	0	0	0
ASV5600	0	0	0	0	0	0
ASV5603	0	1	0	0	7	0
ASV5604	4	1	5	3	0	1
ASV5613	0	2	3	1	8	0
ASV5631	0	0	0	0	0	0
ASV5637	2	0	1	0	4	3
ASV5641	0	0	0	0	13	0
ASV5654	1	0	0	0	0	6
ASV5674	0	1	0	2	2	0
ASV5679	0	7	1	0	1	1
ASV5718	0	0	0	1	8	2
ASV5723	1	0	0	0	1	0
ASV5754	0	0	0	0	0	0
ASV5783	0	0	1	0	0	0
ASV5797	1	0	0	1	0	0
ASV5810	0	0	0	0	0	0
ASV5814	0	0	0	0	0	2
ASV5833	0	0	0	0	0	0
ASV5877	1	0	1	1	0	2
ASV5890	0	0	0	1	0	1
ASV5905	0	0	0	0	3	0
ASV5906	1	0	0	0	0	0
ASV5910	0	0	0	0	0	0
ASV5911	1	0	1	0	2	0
ASV5916	0	0	0	0	0	0
ASV5928	1	0	0	0	0	0
ASV5932	0	2	1	1	1	0
ASV5939	5	3	1	0	0	2
ASV5942	0	0	0	0	0	1
ASV3984	5	0	0	0	9	0
ASV4123	0	0	0	0	0	0
ASV4423	1	0	1	1	0	2
ASV4438	0	0	0	0	0	0
ASV4491	0	0	0	0	8	0
ASV4520	0	0	0	0	0	0
ASV4572	0	0	0	0	0	0
ASV4612	0	0	0	0	0	0
ASV4684	0	0	0	0	0	0
ASV4699	0	1	4	2	1	0
ASV4711	0	0	0	0	0	0
ASV4712	0	0	0	0	0	0
ASV4725	0	0	0	0	0	0
ASV4726	1	0	1	0	2	0
ASV4747	0	0	0	0	1	0
ASV4770	1	0	0	0	0	0
ASV4771	2	4	5	1	2	0
ASV4785	0	0	2	3	5	0
ASV4838	0	0	0	0	0	0
ASV4855	0	1	7	3	3	0
ASV4865	0	1	2	0	1	0
ASV4868	1	0	1	0	0	0
ASV4898	1	3	0	0	3	0
ASV4932	0	1	1	0	1	0
ASV4936	0	0	0	1	0	0
ASV4953	0	4	7	2	0	0
ASV5044	0	0	10	0	3	0
ASV5058	0	0	0	0	0	0
ASV5061	0	0	0	0	0	0
ASV5091	0	0	1	1	0	0
ASV5092	0	0	0	0	0	0
ASV5153	0	0	0	0	0	0
ASV5192	0	0	0	0	0	0
ASV5249	0	0	0	0	0	0
ASV5294	0	2	2	1	0	0
ASV5320	0	1	0	0	0	0
ASV5325	0	0	0	0	0	0
ASV5356	0	0	0	0	0	0
ASV5367	1	5	0	0	4	0
ASV5412	0	0	0	0	0	0
ASV5413	0	0	0	0	0	0
ASV5423	0	0	2	0	0	0
ASV5480	3	1	4	0	0	2
ASV5483	0	0	1	2	0	0
ASV5495	0	1	0	0	0	0
ASV5496	0	0	0	0	2	3
ASV5499	0	0	0	0	0	0
ASV5515	0	0	0	0	0	0
ASV5522	2	1	1	0	0	0
ASV5536	0	0	0	0	0	0
ASV5591	2	0	0	0	0	0
ASV5639	0	10	0	1	1	0
ASV5650	2	1	0	1	0	0
ASV5673	0	0	0	0	0	0
ASV5726	0	0	0	0	0	0
ASV5785	0	0	5	2	0	0
ASV5829	0	0	0	0	1	0
ASV5838	0	0	0	0	0	0
ASV5847	0	0	0	0	0	0
ASV5864	0	1	6	1	5	1
ASV5898	0	0	1	0	0	0
ASV5902	0	0	0	0	0	0
ASV5919	0	0	0	0	0	0
ASV5921	0	0	0	0	0	0
ASV5930	0	1	0	6	1	0
ASV5941	0	0	0	0	0	5
ASV4240	0	1	5	4	2	0
ASV4553	0	0	0	0	0	0
ASV4648	0	0	0	0	0	0
ASV4652	1	0	6	1	0	0
ASV4683	0	0	0	0	0	0
ASV4718	0	0	0	0	0	0
ASV4763	0	0	2	0	0	0
ASV4776	0	1	1	0	0	1
ASV4811	0	5	2	2	2	1
ASV4825	0	2	1	0	0	3
ASV4863	7	1	2	1	2	0
ASV4902	0	0	0	0	0	0
ASV4970	0	0	0	0	0	0
ASV5020	0	0	1	0	12	0
ASV5084	0	0	0	0	0	0
ASV5094	1	1	3	0	4	0
ASV5115	2	1	1	1	2	0
ASV5168	0	0	0	0	0	0
ASV5190	0	0	0	0	0	0
ASV5228	3	0	2	1	0	0
ASV5237	0	0	0	0	0	0
ASV5269	0	0	0	0	9	0
ASV5289	0	1	7	3	0	1
ASV5360	5	3	2	0	0	0
ASV5376	0	0	0	0	0	0
ASV5401	0	1	0	0	0	0
ASV5425	1	0	1	1	0	0
ASV5446	0	0	0	0	0	0
ASV5456	1	0	0	0	0	0
ASV5486	0	0	1	0	0	0
ASV5507	0	0	0	0	0	0
ASV5508	0	0	0	1	8	0
ASV5521	0	0	0	0	0	0
ASV5523	0	1	1	2	0	0
ASV5532	0	0	0	0	0	0
ASV5534	0	0	1	0	6	0
ASV5535	1	0	0	2	0	0
ASV5540	0	0	0	0	0	0
ASV5543	0	0	0	0	0	0
ASV5551	0	0	0	0	0	0
ASV5554	0	0	0	0	0	0
ASV5583	0	1	1	0	6	0
ASV5602	2	0	3	0	0	0
ASV5608	0	8	1	2	2	0
ASV5630	1	2	1	1	6	0
ASV5642	0	2	0	3	1	0
ASV5656	0	4	1	3	0	5
ASV5658	0	3	2	0	2	1
ASV5700	0	0	0	1	1	0
ASV5714	0	0	0	0	0	0
ASV5716	0	0	0	0	0	0
ASV5731	0	1	1	1	3	0
ASV5736	0	0	0	0	0	0
ASV5769	0	0	1	1	0	0
ASV5771	0	0	0	0	0	0
ASV5775	0	0	0	0	0	0
ASV5815	0	0	0	0	0	0
ASV5834	0	0	0	2	0	2
ASV5852	0	0	0	0	0	0
ASV5874	0	0	0	0	0	0
ASV5896	0	0	0	0	0	0
ASV5946	0	0	0	0	0	0
ASV4556	1	3	2	0	0	0
ASV4562	0	6	3	2	1	0
ASV4563	0	0	0	0	0	0
ASV4700	0	4	1	4	1	0
ASV4706	0	0	0	0	0	0
ASV4819	1	1	4	1	0	0
ASV4833	2	4	3	1	0	2
ASV4843	0	0	1	1	1	0
ASV4881	2	0	0	0	0	0
ASV4934	0	0	0	0	0	0
ASV4956	2	0	2	3	0	0
ASV4957	0	0	7	1	1	0
ASV4961	0	0	0	1	0	0
ASV4972	3	0	1	0	0	0
ASV5008	3	2	4	0	2	1
ASV5048	0	3	0	0	9	0
ASV5112	0	0	0	0	0	0
ASV5164	0	0	1	0	0	0
ASV5180	0	0	0	0	0	0
ASV5193	2	0	4	1	0	1
ASV5217	0	0	1	7	4	0
ASV5225	0	0	0	0	0	0
ASV5270	0	0	0	0	1	0
ASV5288	2	0	2	2	0	0
ASV5296	4	0	2	2	0	1
ASV5315	0	0	1	0	0	0
ASV5328	0	0	0	0	0	0
ASV5380	0	0	0	0	0	0
ASV5545	0	0	0	2	0	0
ASV5562	0	0	0	0	0	0
ASV5566	0	3	1	2	0	0
ASV5570	4	0	0	0	0	0
ASV5606	0	1	0	1	0	0
ASV5614	0	0	0	0	0	0
ASV5665	1	2	0	0	1	0
ASV5686	0	0	0	0	0	0
ASV5699	0	1	4	3	4	0
ASV5722	0	0	0	0	1	0
ASV5761	0	0	0	0	0	0
ASV5765	0	1	2	0	0	0
ASV5793	2	0	0	2	0	0
ASV5821	0	3	1	2	0	1
ASV5835	0	0	0	0	0	0
ASV5876	0	0	0	0	0	0
ASV5913	0	0	1	0	10	0
ASV5924	0	0	0	0	0	0
ASV5940	0	0	0	0	0	0
ASV4765	0	0	0	0	0	0
ASV4809	0	0	0	0	0	0
ASV4864	0	0	0	0	0	0
ASV5068	0	0	0	0	0	0
ASV5102	0	0	0	0	0	0
ASV5116	0	0	0	0	0	0
ASV5170	0	2	0	0	1	0
ASV5176	0	0	0	0	0	0
ASV5213	0	0	0	0	0	0
ASV5272	0	0	0	0	0	0
ASV5375	0	3	1	0	1	0
ASV5454	1	0	3	0	0	0
ASV5459	2	1	1	0	0	0
ASV5465	1	0	1	0	0	0
ASV5485	0	0	0	0	0	0
ASV5518	1	1	3	0	1	0
ASV5524	2	0	3	1	0	0
ASV5557	0	0	0	0	0	0
ASV5564	0	0	0	1	0	0
ASV5592	0	1	3	3	4	0
ASV5627	0	0	8	2	0	0
ASV5634	0	0	0	0	0	0
ASV5635	0	0	0	1	0	0
ASV5680	6	2	0	1	0	2
ASV5707	0	0	3	0	3	0
ASV5720	0	10	1	0	0	0
ASV5739	0	5	3	0	1	0
ASV5759	0	2	0	0	8	0
ASV5791	0	0	0	0	0	0
ASV5792	4	0	2	0	0	1
ASV5799	0	0	0	0	0	0
ASV5811	0	5	0	0	1	0
ASV5863	0	0	0	0	0	0
ASV5907	0	0	2	0	0	0
ASV5909	0	0	0	0	0	0
ASV5937	0	0	1	1	0	0
ASV4701	0	0	0	0	4	0
ASV4743	0	0	1	0	0	0
ASV5452	0	0	0	0	0	0
ASV5552	1	2	0	0	5	1
ASV5558	0	0	0	0	0	0
ASV5577	0	0	0	0	9	0
ASV5624	0	1	2	0	1	0
ASV5657	1	0	0	0	0	0
ASV5737	0	0	0	0	0	0
ASV5774	2	0	1	1	0	0
ASV5871	0	5	3	0	2	0
ASV5884	0	0	0	0	0	0
ASV5085	0	0	0	0	0	0
ASV5205	0	0	0	3	0	0
ASV5832	0	0	0	4	2	2
ASV5901	0	0	0	0	0	0
ASV5659	0	1	1	0	0	0
ASV5944	0	0	0	0	0	0
						
