#OTUID	A0	A1	A10	A11	A12	A13	A14	A15	A16	A17	A18	A19	A2	A20	A21	A23	A24	A25	A26	A27	A28	A29	A3	A30	A32	A34	A4	A5	A6	A7	A8	A9	BS2	CS2	G0	G1	G2	G3	G4	G5	GR01	LW1	T1
ASV1	8156	15372	25825	12774	15121	17718	19572	27793	21240	23612	30062	16681	22464	22340	22344	37880	40198	37972	32217	43015	43899	36968	11473	36912	44088	35000	14588	18005	14345	25486	18434	24964	37282	35801	720	569	12488	1895	4033	18698	258	4350	1752
ASV2	4595	6480	5313	4940	7149	4424	7297	3667	6580	4672	6	6488	7071	7217	5601	5483	1940	2766	338	1082	141	898	7768	189	167	377	9132	8913	7252	5351	9286	5623	74	1902	26958	32320	1910	23758	18379	406	45	1281	17034
ASV3	6301	5701	7046	7540	6577	4677	5095	4897	6084	6934	13	6459	4779	4876	6473	569	275	605	292	34	514	1259	8191	2247	525	1555	6701	6054	6849	4105	5460	4662	860	35	2990	3081	710	5226	5576	99	47	2587	12647
ASV4	6431	4053	1386	3942	3445	2206	3470	3511	2567	4483	69	7506	1966	4068	3480	398	727	1167	170	578	119	2006	3126	1434	552	2255	2212	1787	3609	3456	2588	2043	931	1988	3329	917	128	866	1417	26	64	2418	4050
ASV5	1081	1909	674	2950	2467	1046	2111	789	1189	457	4	666	2118	683	689	183	138	515	59	244	18	66	3043	60	83	206	2054	2315	2110	973	931	1207	70	320	1285	1298	31	2774	2931	65	25	2630	150
ASV6	305	1043	332	939	702	347	555	293	530	308	1	509	855	327	293	91	103	158	643	31	41	57	925	83	11	62	763	633	865	843	719	426	1034	88	50	48	15585	707	1159	710	225	216	1069
ASV10	1560	796	540	656	431	223	366	356	613	245	1	321	481	294	211	182	198	397	759	103	56	110	676	56	96	230	460	417	652	385	410	393	47	147	90	38	128	75	298	2	349	10511	18
ASV7	23	82	12	75	50	35	54	94	11	32	0	32	39	35	60	6	4	2	9	4	1	4	72	41	3	1	64	39	77	115	75	69	4	2	16	13	1090	346	310	19479	23	14	8
ASV9	725	734	493	777	850	477	552	471	764	480	2	390	868	568	399	53	34	1	281	3	1	233	758	2	4	55	966	680	786	840	1046	979	1	1	769	510	83	1364	1940	146	19	910	881
ASV8	296	327	884	593	598	253	486	508	622	776	2	1268	407	504	1515	361	146	420	62	1	495	1463	2127	480	0	760	315	671	414	384	458	399	1064	772	14	13	0	20	107	0	1	17	43
ASV11	1	5	126	832	701	278	606	219	191	286	0	586	201	381	2200	399	370	221	662	229	1404	188	28	521	151	509	96	59	2316	318	1727	258	0	0	0	0	0	1	0	1	1	0	4
ASV12	175	1065	455	1413	802	159	967	286	677	126	0	336	566	536	329	13	14	203	24	68	0	25	1167	21	16	18	1285	741	868	448	578	701	16	78	53	46	0	171	222	0	3	171	6
ASV14	109	14	7	41	31	34	0	3	48	1	0	43	36	2	36	3	4	2	5	2	4	0	43	4	3	3	49	51	49	18	13	25	0	4	42	21	7590	13	44	4	6056	10	5
ASV13	70	107	10	17	24	51	66	59	12	119	0	17	39	181	27	11	54	4	12	11	6	58	36	9	7	109	34	22	74	36	4	81	5	2	3934	3149	138	1814	1499	371	345	980	13
ASV15	288	86	129	170	61	66	135	91	65	4	0	88	97	44	56	3	4	34	6281	45	21	31	145	2	3	0	143	75	123	106	167	71	2	0	6	3	16	7	0	5	5	3	3387
ASV21	6202	508	161	600	340	83	359	122	240	126	0	65	303	91	35	6	35	28	4	49	29	17	625	19	14	34	409	388	425	117	137	243	37	0	0	0	0	0	0	0	0	0	0
ASV16	311	271	183	282	225	87	180	61	107	82	0	177	229	220	212	1	74	2	21	12	4	14	288	55	3	187	285	287	208	87	122	117	39	130	6	2	31	10	4	6	5469	330	40
ASV17	44	21	34	7	60	0	6	0	0	0	0	1	8	0	0	3	2	6	3	2	0	2	78	2	1	1	43	0	95	9	34	28	1	1	131	137	26	540	298	30	6644	15	5
ASV18	19	20	31	107	70	1	31	0	21	1	0	10	18	6	0	2	3	414	3	1	5	3	29	2	3	450	24	17	171	6	176	35	3	3	105	87	4	322	187	8	5478	17	18
ASV19	763	374	127	324	272	257	165	132	203	154	0	181	251	95	138	93	56	0	39	67	32	0	414	142	0	1	388	225	410	287	168	363	0	0	127	80	0	231	300	32	22	373	526
ASV20	120	864	176	560	135	80	150	540	202	104	0	265	77	9	394	234	0	195	0	692	0	36	119	90	152	2	200	252	178	160	354	251	0	1	164	156	1	196	232	0	13	233	10
ASV22	47	101	27	77	65	35	227	80	73	426	0	30	23	10	0	3	2	44	3	41	0	3	90	3	2	2	82	48	131	75	18	97	1	3	1227	1733	299	787	648	10	1	190	14
ASV24	63	17	0	19	6	0	9	3	29	61	0	5	46	8	6	2	0	1	0	1	17	0	26	1	32	3	43	29	6	22	0	10	3	1	29	4	1	4	14	3	5406	13	1
ASV37	0	0	0	0	0	0	0	0	0	0	0	0	0	0	0	2	0	0	56	2	102	210	0	2180	305	831	0	0	0	0	0	0	295	1910	1	1	0	0	1	1	2	0	0
ASV23	162	79	146	56	118	82	128	66	75	159	0	91	101	550	16	49	3	19	1	1	0	204	128	2	1	1	86	156	114	121	68	127	3	0	553	522	19	570	519	6	1	15	686
ASV51	63	33	203	61	79	12	100	5	20	19	0	0	51	23	14	3	212	0	1	0	21	656	55	409	1	0	49	240	44	20	35	26	1	0	549	312	1	445	567	14	1374	9	9
ASV27	65	83	29	51	0	13	34	42	49	24	0	24	33	0	8	1	2	1	32	0	1	45	13	0	1	1	60	66	41	18	5	22	0	0	19	4	1188	105	401	2584	1	101	35
ASV26	27	9	8	1	0	8	0	0	1	0	0	0	12	0	0	0	0	2	3	3	1	3	20	2	0	0	19	12	2	1	0	5	1	1	81	65	0	387	230	22	4102	22	1
ASV25	123	54	307	59	259	96	100	39	116	81	0	121	51	59	221	0	152	1	0	0	415	3	55	197	2	45	36	147	84	33	15	22	346	93	16	6	0	26	52	8	0	1447	65
ASV1152	156	133	159	74	171	154	130	173	125	185	7	229	112	169	115	90	103	98	81	66	71	152	119	97	76	95	171	140	108	124	107	241	54	99	60	35	40	61	91	17	80	112	128
ASV32	0	0	5	1	2	1	9	0	141	0	0	8	0	1	0	0	1	1	4422	4	1	0	0	23	1	0	2	13	2	9	0	6	0	0	0	1	0	0	2	0	0	1	1
ASV30	268	139	96	77	70	26	12	35	77	103	0	97	49	79	248	3	20	91	2	1	1	2	57	1	17	4	66	72	76	79	34	13	1	173	31	13	43	54	33	2	2010	23	1
ASV28	23	143	114	215	116	73	157	45	402	14	2	56	75	78	34	49	52	0	30	147	0	722	34	1	1	104	61	95	37	25	31	108	732	2	130	180	0	66	19	0	2	0	65
ASV31	45	24	0	33	50	7	1	13	16	0	0	32	49	1	0	0	0	0	0	1	1	1	55	0	0	1	47	53	78	38	116	3	1	1	20	9	0	11	9	1	0	3186	82
ASV33	46	16	9	21	77	0	39	15	0	1	0	18	17	16	9	2	1	0	1	0	2	0	31	2	1	2	22	22	7	0	12	43	1	2	541	580	9	344	795	152	2	3	1105
ASV29	25	14	10	148	125	52	120	75	280	92	0	1	42	32	77	143	200	0	0	0	236	0	173	468	21	286	184	49	14	11	137	220	0	144	91	71	0	107	190	0	2	0	86
ASV36	257	174	69	305	108	57	115	55	116	152	0	122	111	233	121	1	15	0	0	12	1	30	148	7	0	42	219	123	114	60	118	134	2	0	139	116	0	144	122	0	4	6	3
ASV39	65	153	112	81	99	48	165	82	37	17	1	390	110	176	188	0	0	1	1	15	7	1	60	23	0	60	88	49	109	55	35	54	0	3	153	7	0	67	35	1	252	2	399
ASV34	0	3	0	0	0	0	0	0	0	0	0	0	10	0	0	0	0	0	0	0	0	0	5	1	0	0	4	0	0	10	0	0	0	3	0	2	45	40	81	2967	0	2	0
ASV35	283	87	61	76	83	56	33	58	112	12	0	6	99	67	0	0	50	0	2	1	1	23	124	73	0	1	68	68	66	65	61	49	0	0	18	2	0	6	28	1	7	1389	1
ASV38	25	87	34	105	132	113	71	1	0	349	0	584	16	16	43	95	1	1	1	1	1	2	56	1	0	61	38	47	51	201	64	126	74	497	7	6	0	15	16	1	0	4	30
ASV44	22	44	22	78	26	1	35	18	8	15	0	20	48	5	10	2	3	0	6	1	0	0	17	6	2	32	43	5	29	18	9	18	0	25	215	335	1	748	939	1	1	60	15
ASV59	3	0	25	2	4	603	1	0	10	1	2	15	0	5	0	301	67	133	1	0	54	175	17	317	215	249	0	0	1	1	0	11	124	462	0	0	6	4	2	36	3	1	2
ASV42	49	36	116	27	44	6	36	35	0	61	0	0	54	0	8	1	1	2	7	0	3	2	26	1	0	0	20	21	33	21	16	47	1	0	107	60	0	129	26	1	1593	40	9
ASV41	29	185	29	119	87	31	105	25	152	35	0	155	14	94	37	12	1	1	0	16	0	132	153	0	0	0	108	86	119	71	31	55	0	0	74	62	0	208	148	3	2	26	10
ASV40	6	23	0	5	14	26	13	0	0	0	0	0	0	0	46	0	46	1	0	1	1	2	2	0	1	0	14	23	0	25	44	14	1	0	0	1	0	2	2	0	2	2048	3
ASV45	150	25	81	64	46	18	63	104	0	107	0	29	108	95	27	0	0	0	0	0	0	29	72	0	22	0	8	241	73	74	69	35	0	0	8	9	0	106	14	0	4	510	130
ASV53	147	222	24	146	163	24	95	49	49	12	0	26	129	54	2	13	44	25	0	0	0	18	205	25	16	0	159	188	147	103	48	65	0	0	0	0	0	0	0	0	0	6	0
ASV43	31	1	9	8	12	0	7	1	47	0	0	16	21	903	8	0	0	798	30	0	10	36	14	1	0	74	6	10	7	5	21	0	47	0	0	0	0	0	1	0	0	1	0
ASV46	1	42	0	24	110	17	7	70	55	13	0	158	167	137	322	0	39	0	44	0	0	22	28	1	0	324	70	4	10	46	0	279	40	0	17	8	0	4	2	0	0	0	14
ASV50	14	23	18	68	135	50	49	67	171	124	0	77	72	69	1	26	0	0	41	0	0	0	64	37	0	29	40	74	89	57	14	15	0	0	67	73	7	123	211	60	2	0	73
ASV49	113	68	88	31	112	75	36	43	79	18	0	45	34	0	7	0	20	0	31	0	0	1	63	0	0	0	101	129	76	127	61	153	0	36	0	0	0	3	1	0	1	442	38
ASV55	4	54	50	57	18	3	23	30	122	0	0	11	31	73	7	39	0	0	0	1	1	0	42	2	40	0	25	207	58	14	15	4	0	24	249	207	13	332	220	0	0	0	25
ASV48	62	26	24	41	16	9	18	8	0	4	0	1	27	118	107	88	63	160	67	49	0	219	12	97	0	340	23	19	10	8	8	23	224	51	0	2	0	0	0	0	1	0	0
ASV47	10	30	91	26	105	0	44	0	78	0	0	7	94	55	36	0	133	105	0	131	22	58	17	63	130	134	26	68	49	1	19	48	184	152	0	0	0	0	0	1	0	0	0
ASV52	12	0	5	17	1	0	9	12	1	1672	0	0	13	0	1	0	0	0	0	0	0	0	1	0	0	0	22	13	1	0	6	17	0	0	0	0	0	0	9	0	3	3	3
ASV74	0	5	21	2	0	893	17	0	0	0	0	0	0	21	4	45	19	0	84	0	0	20	6	18	63	0	3	14	28	3	115	17	67	86	0	1	9	2	6	21	0	58	91
ASV56	38	65	6	60	57	21	42	22	38	15	0	75	20	180	21	0	22	0	0	1	0	0	60	0	21	0	72	66	23	29	14	74	0	11	194	2	27	7	13	0	364	48	18
ASV60	9	23	7	75	28	1	16	25	19	13	0	12	21	3	9	0	2	0	0	0	0	2	30	0	0	2	42	14	17	4	11	8	0	0	147	179	1	442	396	1	2	10	10
ASV84	28	4	69	0	19	14	16	5	2	6	0	2	12	5	5	2	7	0	1	1	3	48	36	86	0	0	18	79	30	19	29	6	1	0	230	178	0	190	273	2	58	7	9
ASV58	117	118	20	84	32	7	31	39	21	31	0	1	53	12	0	1	32	75	37	0	0	0	59	0	0	0	43	86	42	35	475	29	0	0	0	0	0	0	0	0	0	0	0
ASV57	166	73	0	44	13	41	53	28	0	15	0	14	45	15	30	0	226	0	1	0	0	1	147	1	0	0	23	20	74	48	193	26	1	0	16	7	0	34	26	0	8	1	88
ASV64	31	37	38	192	105	8	52	28	30	6	0	52	68	24	81	0	7	0	16	0	326	18	66	0	10	0	41	33	50	32	16	72	0	0	1	0	1	4	3	0	0	0	0
ASV63	0	6	0	0	0	0	4	0	0	0	0	0	0	0	0	1	0	0	0	0	1	0	0	0	0	0	0	0	0	0	2	7	0	0	0	0	1	0	0	1	1409	5	7
ASV70	213	129	29	167	102	14	46	27	52	12	0	21	55	21	1	0	0	0	0	0	0	0	109	0	0	58	125	94	63	22	25	23	0	0	1	0	0	0	0	0	1	0	1
ASV91	2	0	6	0	0	94	0	0	8	3	68	2	0	0	0	4	0	156	1	47	2	25	1	23	43	96	0	5	0	0	0	5	675	59	0	0	1	2	0	2	0	2	32
ASV66	64	29	8	143	72	12	75	44	93	147	1	141	45	7	60	16	2	28	0	21	16	0	34	0	28	79	20	11	36	18	11	41	0	0	2	5	0	8	22	5	0	3	1
ASV61	51	60	0	24	16	0	20	8	0	34	0	0	36	32	37	0	1	1	0	0	1	0	34	2	0	1	23	67	15	20	17	4	0	0	77	43	1	77	576	0	7	17	41
ASV71	323	70	13	499	43	2	57	13	0	2	0	2	34	1	2	0	0	0	0	0	0	0	49	0	9	0	60	35	16	1	26	42	0	0	0	0	0	0	0	0	0	3	1
ASV68	52	76	30	162	54	11	63	19	51	30	0	49	45	45	25	0	0	11	0	0	0	0	62	0	8	29	63	64	68	17	21	30	20	0	25	27	5	44	77	0	1	11	3
ASV73	17	15	6	25	51	65	13	3	13	6	0	9	17	4	146	18	10	83	50	2	41	44	19	37	20	1	6	3	18	20	8	4	41	155	135	15	0	33	65	14	22	5	3
ASV72	102	74	23	94	51	13	49	42	39	66	0	10	36	16	0	0	0	0	0	0	0	21	27	0	0	0	76	26	64	44	28	56	40	0	4	8	82	5	33	0	38	19	13
ASV77	98	57	16	78	68	31	40	21	78	75	0	29	61	23	8	0	0	1	0	28	0	58	58	0	0	0	65	54	50	44	12	60	0	0	1	0	0	0	0	0	0	78	1
ASV87	0	0	0	0	0	351	0	0	0	0	0	0	0	0	13	97	0	84	43	46	9	49	0	49	30	132	0	0	0	0	0	0	91	145	0	0	18	0	0	32	0	0	4
ASV62	4	45	28	10	49	55	64	37	50	19	0	210	6	0	113	20	0	0	13	0	0	0	17	0	0	48	32	10	115	20	55	142	0	0	9	2	0	2	8	1	0	1	2
ASV67	0	0	0	0	0	0	0	0	0	0	0	8	0	0	0	0	1	0	0	0	1	2	2	0	0	0	0	0	0	0	4	0	0	1	4	2	1147	0	8	0	1	1	0
ASV88	0	0	14	0	0	303	0	0	0	0	0	12	13	10	7	75	0	87	70	0	0	113	9	170	0	0	0	0	0	8	48	0	63	130	0	0	3	0	1	22	0	1	15
ASV69	41	61	153	25	47	24	22	36	0	35	0	29	35	52	3	10	0	0	41	0	0	25	44	0	0	0	48	23	41	7	10	86	21	92	0	1	0	3	0	0	1	2	143
ASV65	8	0	0	0	0	0	0	1	0	38	0	28	0	0	17	0	60	1	0	1	0	0	0	48	1	47	7	0	0	0	0	20	47	0	7	11	31	6	15	0	31	714	4
ASV76	160	78	35	21	54	12	7	1	48	45	0	16	148	0	44	0	0	0	0	0	0	26	26	0	0	0	167	11	19	12	41	104	0	0	0	0	0	0	14	0	0	48	2
ASV83	34	12	0	0	40	0	9	0	0	8	0	11	5	0	0	0	0	0	0	0	0	0	10	0	0	34	8	5	16	3	4	0	0	0	1	0	0	0	1	0	929	5	0
ASV156	20	30	12	40	49	7	28	26	19	24	0	50	17	29	57	0	0	0	0	8	0	0	471	7	9	0	20	50	8	5	14	33	33	0	0	0	0	0	0	0	0	0	0
ASV80	189	99	17	102	42	9	57	32	0	10	0	11	30	14	0	1	5	34	0	0	5	6	92	0	2	12	134	78	39	10	6	30	0	0	0	0	0	0	0	0	0	0	0
ASV85	0	13	0	0	0	2	0	0	0	0	0	0	4	7	0	0	0	0	1	0	1	0	7	0	0	0	24	7	0	1	0	18	0	0	9	0	0	6	5	0	931	1	1
ASV97	1	11	14	21	7	11	15	23	0	25	0	18	6	87	67	37	23	125	0	0	13	14	3	11	46	91	4	13	8	24	12	0	221	0	0	0	35	0	13	12	0	1	1
ASV78	10	49	56	0	0	0	0	0	0	0	0	0	31	0	0	1	1	0	0	0	0	1	0	0	0	0	0	7	54	3	10	0	1	0	7	17	30	7	17	0	30	621	6
ASV86	33	19	0	7	90	111	26	37	19	53	0	8	18	38	11	0	47	0	0	51	0	34	6	20	0	25	17	0	8	1	6	75	0	176	0	0	0	1	0	0	0	21	0
ASV82	0	0	0	0	0	0	6	0	0	0	0	0	0	0	0	2	0	0	0	0	1	0	0	0	724	0	0	0	0	0	0	0	195	1	0	0	0	0	1	0	0	0	1
ASV89	122	59	9	34	23	4	21	11	8	0	0	13	38	333	2	0	0	0	0	0	0	0	62	0	0	0	45	14	37	8	11	38	0	0	0	0	0	0	0	0	0	0	0
ASV92	145	91	12	63	20	5	45	21	8	10	0	2	38	8	8	11	10	0	16	14	0	0	92	0	0	1	63	64	25	17	33	63	0	0	0	0	0	0	1	0	0	0	0
ASV90	10	72	35	99	41	13	37	23	79	12	0	13	30	3	19	0	0	0	0	0	0	0	67	0	41	0	26	29	50	103	16	47	0	0	0	0	0	0	0	0	0	12	0
ASV81	3	21	16	16	8	42	11	0	26	16	0	9	0	0	1	0	132	59	0	51	161	0	11	49	0	111	23	0	5	0	30	23	0	37	0	0	0	0	0	0	0	0	2
ASV93	0	0	0	0	0	0	0	0	0	0	0	0	0	0	5	0	0	1	0	0	1	1	0	0	0	1	0	0	0	0	0	0	1	1	53	13	623	5	24	1	93	2	2
ASV102	128	93	8	86	75	4	40	9	50	0	0	7	37	0	13	0	0	0	0	0	0	0	67	0	0	15	54	31	62	11	16	18	0	0	0	0	0	0	0	0	0	0	0
ASV119	0	0	0	13	0	37	3	0	0	0	0	0	0	0	0	0	0	0	0	0	0	0	0	0	0	0	0	8	0	0	0	0	0	0	95	96	223	108	41	61	129	6	2
ASV137	161	40	15	87	152	0	57	1	32	0	0	11	20	5	1	0	4	50	0	0	0	0	29	0	0	0	37	27	24	6	14	24	0	0	0	0	0	0	0	0	0	0	0
ASV103	226	78	0	79	21	4	13	17	0	0	1	16	34	0	0	0	0	25	17	0	0	0	42	0	0	0	39	53	21	11	9	28	0	16	0	0	0	1	0	0	11	30	0
ASV94	30	14	12	8	113	6	2	4	21	1	0	97	4	38	11	27	0	0	0	235	0	0	8	0	0	2	7	45	9	11	1	7	0	49	0	0	0	0	2	0	0	20	0
ASV114	1	17	1	31	24	4	16	0	17	0	0	0	0	0	0	0	0	0	12	0	0	0	13	1	57	1	2	9	0	13	0	18	0	0	1	1	13	3	0	1	493	5	6
ASV109	46	10	0	28	31	24	13	13	0	6	0	10	9	83	0	0	6	1	0	1	13	0	25	0	0	39	61	25	27	3	11	44	0	0	40	60	1	4	1	0	2	96	6
ASV113	261	67	8	43	24	1	9	0	20	0	1	55	37	0	7	0	0	0	0	0	0	0	35	0	0	0	48	43	28	10	18	23	0	0	0	0	0	0	0	0	0	0	0
ASV99	10	95	19	49	39	14	62	0	16	29	0	6	40	47	0	0	0	0	1	0	0	0	55	0	13	0	59	59	42	24	23	35	0	0	0	0	0	0	0	0	0	0	0
ASV95	8	58	69	0	15	23	8	77	18	0	0	45	0	27	19	0	0	0	0	0	0	0	3	261	0	0	1	15	9	1	0	2	50	0	0	0	0	0	0	0	0	26	0
ASV98	0	0	35	6	23	175	13	14	0	15	0	32	12	0	43	0	0	0	0	0	0	0	98	0	21	123	36	5	22	15	16	0	0	0	0	0	0	0	0	14	0	0	0
ASV160	3	3	2	2	0	2	0	0	0	0	0	8	2	0	5	0	0	0	11	0	0	0	0	0	0	0	0	1	2	0	0	2	0	0	4	6	600	4	4	3	0	49	4
ASV112	1	0	5	1	3	166	20	6	15	14	0	0	0	0	12	0	29	0	0	0	19	0	9	41	16	33	0	5	1	0	170	0	94	28	0	0	0	0	2	24	0	0	2
ASV116	57	80	46	20	55	12	45	18	24	20	0	32	25	7	21	0	0	0	0	0	0	0	27	11	0	9	52	51	29	12	9	25	0	1	0	0	0	0	0	0	0	0	17
ASV115	0	38	0	50	0	32	0	71	0	34	0	0	0	0	1	0	0	0	0	1	0	0	19	0	0	0	30	25	5	17	134	27	0	0	6	9	0	44	29	0	0	23	103
ASV101	1	34	6	69	24	11	102	0	1	0	0	23	39	0	10	0	0	0	7	12	0	0	73	5	0	0	19	31	15	18	26	23	36	0	13	18	1	43	29	0	0	5	0
ASV107	8	28	0	18	32	0	6	47	0	17	0	15	18	3	4	0	0	0	1	0	0	0	15	0	0	0	41	1	28	0	80	24	0	0	10	3	43	27	50	1	0	142	28
ASV104	6	6	0	9	28	0	4	29	0	0	0	0	0	0	0	1	0	0	0	0	0	0	20	0	0	0	0	0	0	4	4	0	0	0	144	182	1	89	64	74	0	19	2
ASV96	10	0	14	4	0	26	0	71	0	0	0	8	16	0	0	0	0	0	0	0	0	0	0	0	0	0	0	0	51	0	0	0	0	0	5	8	24	8	0	0	22	413	3
ASV130	253	73	1	54	60	6	33	11	24	0	0	0	17	0	4	0	0	0	2	0	0	0	39	0	0	0	15	47	13	4	3	9	0	0	0	0	0	0	5	0	0	0	0
ASV199	8	0	0	0	0	111	19	9	0	27	0	24	0	23	45	31	1	0	0	0	0	95	0	0	0	0	7	0	21	15	24	0	55	35	0	0	16	2	5	62	1	0	10
ASV117	123	46	31	36	28	14	40	55	1	1	0	1	33	10	22	0	0	0	0	0	0	0	47	0	0	0	9	57	3	22	4	33	0	0	3	0	0	4	0	0	5	0	11
ASV151	0	4	1	3	3	2	20	0	0	0	0	4	490	0	3	0	0	0	0	8	3	0	55	0	0	0	0	16	10	1	0	4	0	0	0	0	0	0	0	0	0	0	0
ASV128	0	18	18	16	0	11	0	40	36	0	0	0	6	138	15	0	88	0	0	0	40	0	8	0	0	0	6	0	18	29	33	2	0	0	14	16	0	16	44	0	1	0	9
ASV105	19	0	0	0	0	0	0	49	0	0	0	16	0	0	0	0	0	0	0	0	0	0	29	0	0	0	0	0	0	0	46	0	0	1	12	15	13	16	8	1	31	357	5
ASV120	187	16	18	45	20	8	5	6	0	0	0	2	14	0	7	0	0	0	0	0	0	16	43	0	0	0	12	38	149	5	2	21	0	0	0	0	0	0	0	0	0	0	0
ASV124	99	35	5	19	18	6	51	14	30	15	0	0	24	0	7	0	0	0	9	0	0	7	24	16	5	0	21	47	40	16	0	19	0	0	0	0	0	0	0	0	0	85	0
ASV123	2	62	16	2	28	61	5	61	0	9	0	6	23	0	4	0	0	0	0	38	0	0	18	0	0	0	130	49	20	37	8	22	0	0	0	0	0	1	1	0	0	0	0
ASV111	12	5	32	21	9	34	33	0	33	42	0	65	8	15	4	0	0	0	0	0	0	0	10	0	50	0	15	12	0	22	63	0	0	0	0	0	0	0	0	0	0	109	7
ASV108	0	10	17	29	44	29	38	22	24	112	0	8	17	1	30	0	0	0	0	0	0	0	40	0	0	0	12	0	13	84	13	17	0	0	1	12	0	10	10	0	0	0	1
ASV163	0	1	26	9	0	319	0	0	0	0	1	0	0	0	0	1	11	37	22	1	0	98	4	1	0	0	0	0	0	0	15	0	0	0	0	0	0	0	1	25	0	0	21
ASV110	5	43	0	0	8	0	0	0	15	17	0	24	41	0	10	1	0	0	1	0	1	1	24	0	0	11	26	0	12	5	0	5	0	0	7	6	0	57	38	2	3	2	226
ASV161	0	0	0	0	0	198	6	0	0	0	0	0	0	0	0	0	0	1	0	0	1	0	7	65	0	136	0	0	0	0	130	5	23	0	0	0	0	0	1	14	0	1	0
ASV131	8	4	23	0	0	137	2	5	1	13	0	0	6	15	15	41	18	73	0	55	0	0	2	24	32	47	7	5	7	6	7	0	0	0	1	1	16	2	0	3	0	0	5
ASV118	2	14	2	47	8	3	8	0	1	0	0	0	0	0	0	0	0	0	0	0	0	0	13	0	0	0	25	15	8	5	6	0	0	0	0	1	0	0	6	0	1	413	0
ASV182	103	29	7	90	32	1	19	8	35	18	0	2	10	8	0	0	0	0	0	0	0	0	27	0	0	0	50	20	11	2	2	19	69	0	1	0	0	0	0	0	0	2	0
ASV136	1	2	0	0	0	0	0	0	0	0	0	0	1	1	0	0	0	0	0	1	1	0	0	0	0	1	2	1	1	0	0	2	0	0	0	0	0	0	0	0	542	6	2
ASV132	9	17	59	118	0	23	2	19	21	6	0	45	17	10	16	6	0	0	0	0	0	0	24	0	0	0	40	58	40	6	5	3	0	0	0	2	0	4	4	0	0	0	6
ASV139	0	23	4	24	17	6	7	14	19	0	0	198	6	0	0	13	0	0	0	0	0	0	17	0	0	0	28	136	1	21	0	17	0	0	1	0	0	0	0	0	0	0	0
ASV147	5	27	2	60	30	4	79	13	60	6	0	41	9	12	35	0	0	0	0	0	9	0	9	0	0	0	27	20	14	4	17	11	0	0	11	11	0	20	16	0	0	0	0
ASV174	0	1	0	0	0	0	0	0	0	0	0	0	0	0	0	0	0	0	1	0	0	1	0	0	0	0	0	0	0	0	0	0	0	0	1	0	1	0	1	0	541	0	0
ASV133	94	42	8	56	24	3	11	8	62	6	0	7	27	4	0	0	4	0	0	0	0	0	50	2	0	0	56	27	14	6	9	26	0	0	0	0	0	0	0	0	0	0	0
ASV127	6	30	0	16	4	11	34	0	75	0	0	8	4	0	0	0	119	0	0	0	0	0	5	0	0	0	5	9	0	0	25	0	0	83	30	6	0	26	38	1	0	0	6
ASV129	7	99	14	7	49	39	20	4	11	10	0	2	33	1	0	0	0	0	0	0	0	0	9	0	0	0	82	42	16	57	10	12	16	0	0	0	0	0	1	0	0	0	0
ASV125	2	12	2	38	28	0	2	8	67	10	0	0	2	6	11	24	2	0	2	1	0	0	0	0	0	44	11	19	3	23	7	1	0	203	0	0	0	0	2	0	0	4	5
ASV121	0	51	16	1	56	2	12	6	40	0	0	0	67	3	14	0	0	0	45	0	0	0	53	0	0	23	18	19	20	44	29	14	0	0	0	0	0	0	0	0	0	0	0
ASV1766	275	38	1	26	10	9	23	12	12	10	0	0	18	1	19	0	0	0	0	0	0	0	16	0	0	0	18	16	14	7	1	5	0	0	0	0	0	0	1	0	0	0	0
ASV183	0	0	0	0	0	0	0	0	0	0	0	0	0	0	0	0	0	0	1	0	0	0	0	0	1	0	0	0	0	0	0	0	0	0	36	10	409	4	16	0	49	4	0
ASV145	46	13	4	343	11	3	19	3	0	0	0	2	1	1	0	0	0	0	0	0	0	0	16	0	0	0	11	14	12	1	5	17	0	0	0	0	0	0	0	0	0	0	0
ASV122	0	0	0	0	0	1	0	0	0	2	2	0	0	0	0	155	0	0	0	0	0	53	12	137	0	0	0	0	0	0	0	0	0	156	0	0	2	0	0	0	0	0	0
ASV170	0	2	4	20	7	121	15	0	39	0	0	5	6	0	5	18	0	17	0	0	4	0	1	11	0	106	0	2	17	0	0	0	14	75	0	0	0	1	0	15	0	0	10
ASV540	3	1	15	0	7	1	1	1	0	2	0	1	1	2	0	1	2	0	0	0	1	14	3	5	1	0	3	25	2	2	2	5	0	0	124	91	2	85	96	0	7	3	4
ASV126	0	0	0	0	14	0	0	0	0	0	0	0	0	0	0	0	35	1	0	0	67	36	0	56	0	69	0	0	0	0	26	0	132	68	0	0	0	0	1	0	0	0	0
ASV175	1	0	14	2	2	0	1	3	0	0	0	0	2	1	0	1	0	0	0	0	0	1	4	1	0	0	4	8	2	0	2	0	0	0	145	101	0	104	85	0	13	2	2
ASV141	0	1	13	3	75	3	136	0	62	0	0	12	0	5	3	0	0	0	0	0	0	0	11	0	0	116	0	4	35	15	1	0	0	0	1	0	0	0	0	0	0	0	3
ASV158	14	6	8	4	2	2	14	0	0	0	0	0	6	0	1	0	1	0	0	0	0	0	30	0	0	0	9	1	9	20	7	4	0	0	0	0	0	1	1	0	1	0	355
ASV152	0	48	2	29	6	6	34	0	18	0	0	0	5	0	0	0	30	0	0	30	0	0	18	0	0	0	25	8	11	0	30	8	0	1	25	17	0	34	44	0	0	10	55
ASV149	4	31	7	79	21	6	12	13	25	11	0	5	27	51	8	0	0	12	7	0	0	1	24	6	0	0	42	46	18	18	8	7	0	0	0	1	0	0	2	0	0	0	0
ASV134	0	0	0	0	0	0	0	0	0	0	0	0	0	0	0	0	0	0	0	0	0	0	0	0	0	0	0	0	0	0	0	0	0	0	0	0	0	0	0	0	0	488	3
ASV140	0	0	0	0	0	0	0	0	0	0	0	0	0	0	0	0	0	0	0	0	0	15	0	6	0	1	0	0	0	0	0	0	0	458	0	0	0	1	0	0	0	0	0
ASV146	16	0	0	2	11	0	3	0	0	0	0	0	0	0	0	0	0	0	0	0	0	0	0	0	0	0	0	0	0	0	0	0	0	1	1	1	0	2	0	0	439	0	1
ASV148	1	10	4	35	0	19	9	147	50	0	0	56	0	0	9	0	0	0	0	0	0	0	3	0	0	0	7	22	5	2	26	70	0	0	0	0	0	0	0	0	0	0	0
ASV135	3	13	2	5	5	0	5	5	0	25	0	53	12	38	57	0	0	0	41	0	0	0	75	53	22	0	16	14	2	17	2	7	0	0	0	0	0	0	0	0	0	0	0
ASV153	0	64	40	25	32	11	55	17	16	0	0	21	2	8	0	0	0	0	44	0	0	15	11	0	0	18	39	7	22	19	6	0	0	0	0	0	0	0	0	0	0	0	0
ASV144	2	42	16	47	30	4	16	8	16	2	0	9	28	87	6	0	0	0	0	0	0	0	17	0	0	0	12	5	29	21	56	16	0	0	0	0	0	0	0	0	0	0	0
ASV138	27	40	18	50	24	0	27	19	0	15	0	31	13	0	0	0	0	0	0	0	0	0	44	24	0	0	32	3	52	6	10	24	0	0	0	0	0	0	0	0	0	0	0
ASV189	0	0	0	0	0	0	0	0	1	0	0	0	0	1	0	0	0	0	0	0	0	0	0	0	0	0	0	0	0	0	0	0	0	0	0	0	0	0	0	0	455	1	1
ASV150	0	6	91	0	36	49	14	0	0	0	0	19	0	0	0	0	0	0	0	0	0	0	20	0	0	0	8	1	6	0	5	8	0	0	28	46	0	34	22	0	0	6	56
ASV142	3	0	0	18	237	13	16	0	29	6	0	0	4	0	0	0	0	0	0	0	0	57	0	0	9	49	0	0	0	0	1	0	0	0	0	0	7	0	0	1	0	3	0
ASV154	19	10	1	14	0	5	3	4	8	6	0	3	15	0	0	0	0	0	0	0	0	0	15	17	0	43	7	0	8	1	206	20	0	48	0	0	0	0	0	0	0	0	0
ASV196	12	11	7	45	43	2	24	6	37	10	0	11	16	42	7	0	0	0	0	3	0	0	20	6	0	21	20	12	20	16	12	10	9	0	0	0	0	20	5	2	3	0	0
ASV177	8	13	10	0	9	23	6	41	8	26	0	16	10	9	22	2	9	1	5	0	2	16	9	10	3	0	18	9	21	75	20	16	1	4	1	1	2	5	3	0	0	11	5
ASV168	2	0	11	1	1	0	0	1	0	0	0	0	2	1	0	1	0	0	0	0	1	3	4	2	1	0	2	10	4	4	5	0	0	0	136	82	0	72	86	0	10	1	6
ASV157	1	6	0	35	45	3	9	1	14	14	0	0	24	0	0	0	0	0	0	0	0	0	2	0	0	0	1	0	15	18	5	0	1	0	10	15	0	17	59	0	0	150	1
ASV252	0	0	0	1	0	87	0	3	0	13	0	11	0	0	14	20	11	82	12	0	10	0	0	1	34	69	1	0	0	2	0	0	56	0	0	0	0	0	0	3	0	0	4
ASV180	37	32	5	78	29	1	34	22	8	6	0	0	8	3	5	0	0	0	0	0	0	0	28	0	0	15	42	49	12	4	3	9	0	0	0	0	0	0	0	0	0	0	0
ASV165	2	2	0	0	0	0	0	0	0	0	0	0	0	0	0	0	0	0	0	0	0	0	4	0	0	0	0	0	5	0	0	0	249	0	80	53	0	7	19	1	0	6	0
ASV851	15	7	3	0	5	10	1	4	1	0	0	0	4	0	0	0	0	0	0	0	0	0	10	0	0	0	7	7	22	15	5	11	0	0	38	18	0	33	51	1	1	80	74
ASV200	0	0	0	12	3	62	0	5	0	11	57	4	4	23	7	14	16	33	0	0	8	18	10	0	0	0	3	16	11	3	21	0	50	9	0	0	0	4	2	6	0	0	5
ASV171	0	6	34	11	7	10	45	13	0	30	0	190	0	20	0	0	0	0	0	0	0	40	0	0	0	0	4	0	0	1	0	0	0	0	0	0	0	0	0	0	0	0	0
ASV162	0	0	0	0	0	0	0	0	0	0	0	0	0	0	0	0	0	0	401	0	0	0	0	0	0	0	8	0	0	0	0	0	0	0	0	0	0	1	0	0	0	0	0
ASV164	6	9	9	0	9	5	0	0	55	0	0	0	0	0	32	33	0	0	0	74	0	0	15	0	0	62	53	26	0	0	1	0	0	0	0	0	0	0	0	0	0	17	0
ASV179	0	0	0	0	0	3	0	0	0	0	0	0	0	0	0	0	0	0	1	0	0	0	0	0	0	0	0	6	0	4	0	0	0	0	2	0	0	378	8	0	1	1	1
ASV167	3	1	3	0	9	18	3	13	2	8	0	11	9	4	0	0	0	0	1	0	0	0	10	0	0	1	10	10	14	13	2	3	0	0	30	43	0	44	111	0	0	0	28
ASV173	7	10	0	16	0	0	0	7	0	0	0	6	13	0	0	18	0	0	0	0	0	0	12	0	0	0	0	4	2	1	17	3	27	0	1	0	0	0	0	0	0	257	2
ASV166	0	7	0	5	289	0	10	0	39	0	1	0	0	0	0	0	0	0	0	0	0	0	7	0	0	0	17	1	4	0	2	17	0	0	0	0	0	1	0	0	0	1	0
ASV155	8	25	58	8	0	0	0	73	0	0	0	3	19	0	17	0	0	0	0	0	0	0	0	0	0	0	0	0	31	157	0	0	0	0	0	0	0	0	0	0	0	0	0
ASV193	0	0	0	0	0	0	0	0	0	0	0	0	0	0	0	2	0	0	0	0	0	1	0	0	0	0	0	0	0	2	0	0	0	0	2	3	263	5	11	108	0	0	0
ASV217	5	0	7	2	13	173	0	0	0	0	0	0	0	0	6	0	0	0	13	0	15	0	8	23	0	58	0	0	0	1	0	0	0	51	0	0	0	0	0	22	0	0	0
ASV214	16	0	4	9	9	5	5	0	0	0	0	8	2	0	0	0	0	0	0	0	0	0	0	0	0	0	19	4	10	13	0	20	1	0	46	58	60	9	10	0	4	63	6
ASV203	188	30	8	28	6	3	15	8	0	9	0	0	14	1	0	0	0	0	0	0	0	0	17	0	0	0	6	10	13	12	11	1	0	0	0	0	0	0	0	0	0	0	0
ASV176	0	20	0	4	0	14	60	0	13	0	0	0	2	8	0	0	0	29	0	60	27	0	2	8	0	0	5	0	0	0	88	9	0	0	0	1	0	1	0	0	1	23	0
ASV172	0	0	38	21	4	1	0	40	32	0	0	13	0	0	11	47	0	53	0	0	0	3	7	0	0	18	19	9	4	9	1	0	0	27	0	0	0	0	0	0	0	10	0
ASV238	3	0	0	0	0	2	0	1	0	0	0	0	0	2	1	0	0	0	0	1	0	0	4	0	0	0	1	1	2	0	0	4	0	0	4	0	0	0	0	0	334	5	0
ASV276	1	5	0	0	0	0	0	0	12	0	0	0	0	25	0	0	0	0	0	0	0	0	0	0	0	0	0	0	2	0	2	0	0	0	0	0	0	0	0	0	312	0	0
ASV215	3	50	0	95	3	2	1	4	24	1	0	60	0	1	0	0	0	0	0	0	0	0	58	0	0	0	11	6	7	1	5	17	0	0	0	0	0	0	0	0	0	0	0
ASV213	0	0	0	0	0	193	0	0	0	22	0	0	0	0	0	0	0	0	48	0	0	27	0	20	0	0	0	0	6	0	7	0	0	0	0	1	0	0	1	0	0	0	19
ASV370	142	20	4	35	15	1	18	2	17	0	0	0	10	0	1	0	0	0	0	0	0	0	26	5	0	0	14	10	4	1	3	16	0	0	0	0	0	0	0	0	0	0	0
ASV186	19	9	0	1	6	11	0	39	11	0	0	0	0	0	0	0	0	0	0	0	0	0	0	0	0	0	24	0	13	28	10	3	0	0	9	2	36	11	5	0	1	91	14
ASV285	0	10	0	14	23	2	10	0	0	18	0	17	21	0	0	0	0	0	0	0	0	0	11	0	0	0	7	0	0	7	11	26	0	0	2	2	1	6	25	0	0	53	76
ASV204	5	11	18	27	13	0	0	0	0	17	0	0	20	2	0	15	0	0	0	0	0	0	25	0	0	0	31	6	19	24	20	6	0	1	20	23	0	7	14	0	0	16	1
ASV188	51	33	12	12	21	1	18	3	13	0	0	0	25	8	0	0	0	31	0	0	0	0	29	0	0	0	0	7	30	13	7	26	0	0	0	0	0	0	0	0	0	0	0
ASV192	4	14	0	0	4	0	0	0	0	0	0	7	0	0	0	0	0	0	0	0	0	13	0	0	0	0	4	0	1	1	0	0	0	0	4	0	60	4	26	190	0	1	5
ASV181	0	8	6	2	1	0	13	5	0	0	0	15	0	0	0	18	0	0	71	48	0	66	0	12	39	0	1	10	0	0	1	4	0	15	0	0	0	0	0	0	0	0	1
ASV187	6	0	0	7	14	0	0	45	0	0	0	0	0	0	0	0	0	0	0	0	0	0	0	0	0	0	0	0	0	1	0	1	0	0	17	5	0	0	0	24	19	193	2
ASV319	2	0	2	0	0	167	0	0	0	12	0	0	9	7	0	40	0	1	0	0	0	0	6	0	0	26	0	8	9	1	18	0	0	0	0	0	7	2	1	10	0	1	5
ASV724	12	11	15	9	3	4	5	15	5	7	3	6	2	4	7	15	14	11	7	4	15	3	7	11	9	7	8	4	9	9	7	5	6	7	4	2	8	10	4	2	8	16	6
ASV184	10	0	0	0	19	0	1	0	0	0	0	17	0	8	0	0	0	0	0	0	0	0	0	0	0	0	0	0	0	0	0	22	0	0	4	6	0	5	0	32	9	192	0
ASV233	0	1	1	12	3	1	0	13	24	30	0	0	0	0	0	0	0	0	216	0	0	1	4	0	0	0	0	3	3	3	0	5	0	0	0	1	0	0	0	0	0	0	1
ASV255	0	0	32	9	6	0	6	1	93	0	0	86	0	0	0	0	0	0	0	0	0	0	3	0	0	0	23	20	1	33	0	8	0	0	0	0	0	0	0	0	0	0	0
ASV443	24	15	5	1	10	19	10	4	1	5	0	7	3	1	14	0	0	1	0	0	0	2	9	0	0	0	6	1	14	7	6	1	0	0	71	11	0	17	18	0	25	6	4
ASV225	0	0	7	0	0	108	0	0	20	0	0	0	0	5	0	0	14	0	0	0	8	0	0	0	0	70	27	3	17	4	14	0	0	0	0	0	7	2	1	9	0	0	1
ASV1915	26	6	3	0	6	8	0	4	17	9	0	4	1	2	6	0	0	0	0	0	0	2	4	2	0	1	5	4	6	5	7	2	0	1	54	9	0	13	15	0	84	4	4
ASV194	0	0	71	0	47	1	6	0	0	18	0	137	0	29	0	0	0	0	0	0	0	0	0	0	0	0	0	0	0	5	0	0	0	0	0	0	0	0	0	0	0	0	0
ASV201	0	19	7	18	24	2	42	1	0	26	0	0	30	0	0	0	0	0	55	0	0	0	27	0	0	0	4	0	13	16	1	29	0	0	0	0	0	0	0	0	0	0	0
ASV198	0	15	7	25	9	11	0	0	8	0	0	0	4	0	34	0	0	0	0	0	0	0	0	0	0	0	4	177	1	15	0	2	0	0	0	0	0	0	0	0	0	0	1
ASV227	16	29	7	13	19	0	4	0	0	3	0	11	17	12	9	0	0	0	0	0	0	0	13	10	17	0	2	2	19	7	12	10	0	38	0	1	0	0	0	0	0	42	0
ASV226	0	0	0	11	10	0	0	0	0	0	0	61	3	0	0	0	0	0	0	0	0	0	16	0	0	0	48	7	3	0	0	0	0	0	5	6	12	21	40	10	2	0	56
ASV230	9	49	11	28	4	7	9	2	2	2	0	10	9	0	11	0	0	0	5	0	0	0	36	0	0	24	27	7	18	4	12	21	0	0	0	0	0	0	0	0	0	1	0
ASV380	25	93	0	21	15	4	1	5	6	0	0	0	7	1	1	0	0	0	0	0	0	0	20	0	0	0	18	21	15	12	7	9	0	0	2	2	0	14	4	0	4	1	0
ASV191	0	0	0	22	0	7	0	206	2	0	0	10	33	0	0	0	0	0	0	0	0	0	0	0	0	0	0	8	0	0	18	0	0	0	0	0	0	0	0	0	0	0	0
ASV211	16	73	21	0	14	15	0	0	17	0	0	16	6	0	0	0	0	0	0	1	0	0	21	0	0	0	1	11	15	21	26	10	0	0	0	0	0	4	0	0	0	13	0
ASV205	0	0	0	7	0	0	0	21	0	0	0	0	1	43	40	1	0	0	0	0	0	0	4	0	0	0	0	0	0	33	0	0	0	0	1	8	0	20	70	0	0	0	51
ASV237	0	0	0	0	0	176	0	7	0	9	0	0	0	0	0	1	32	0	0	0	0	0	3	18	0	0	0	1	0	0	5	0	3	39	0	0	2	1	0	0	0	1	2
ASV282	27	5	2	3	3	0	0	0	0	0	0	0	9	0	0	0	0	0	0	0	0	0	7	0	0	0	5	0	4	2	0	0	0	0	130	0	99	0	1	0	0	0	0
ASV223	98	19	0	22	5	4	0	5	0	0	0	3	7	0	7	0	0	0	0	0	0	0	4	0	0	0	0	14	16	0	2	8	0	49	0	0	0	0	0	0	0	32	0
ASV212	0	0	4	0	143	1	0	0	0	128	0	0	0	0	0	0	0	0	0	0	0	0	0	0	0	0	0	0	0	0	0	17	0	0	0	0	0	0	0	0	0	0	0
ASV218	0	0	0	0	4	1	3	0	0	8	0	0	0	0	0	1	0	0	0	0	0	0	2	0	0	0	11	7	0	0	0	0	0	0	1	0	215	17	4	15	1	0	1
ASV219	46	16	3	24	9	0	4	0	0	0	0	27	9	0	0	0	0	0	1	0	0	0	9	0	0	0	12	51	29	4	0	4	0	0	0	0	0	6	33	4	0	0	0
ASV197	0	0	0	0	0	0	0	0	0	0	0	0	0	0	0	0	0	0	0	0	0	0	0	0	0	0	0	0	0	0	0	0	0	1	1	1	158	8	10	102	6	0	0
ASV207	0	5	10	8	15	0	0	0	0	0	0	0	0	0	1	0	0	0	1	0	0	0	7	0	0	0	11	8	0	11	36	0	0	0	5	4	0	13	14	0	0	136	2
ASV224	0	0	0	0	0	0	0	0	0	0	0	0	0	0	0	0	0	0	0	0	0	0	0	0	0	286	0	0	0	0	0	0	0	0	0	0	0	0	0	0	0	1	0
ASV232	2	1	0	0	0	58	0	2	27	4	0	19	0	9	14	13	19	0	16	16	0	0	0	10	0	0	13	0	4	0	4	5	0	22	0	0	9	0	1	17	0	1	1
ASV206	13	1	0	10	0	13	11	0	0	0	0	24	8	0	10	0	0	0	0	1	0	0	6	0	0	0	0	0	27	0	0	31	0	0	14	12	0	19	20	19	0	7	38
ASV210	0	0	20	0	0	0	0	0	0	0	0	0	0	0	0	0	0	1	1	0	0	0	0	0	0	0	0	0	0	0	0	0	0	1	10	2	22	7	8	0	8	203	0
ASV202	0	0	0	0	0	0	0	0	0	0	0	0	0	0	0	0	0	0	0	0	0	0	0	0	0	0	0	0	0	66	0	0	0	0	12	0	11	0	1	1	12	176	1
ASV261	1	1	1	0	5	6	2	6	1	2	0	2	1	0	0	0	0	0	0	0	0	0	6	1	0	0	8	1	4	7	0	0	0	0	34	48	0	51	64	1	0	1	25
ASV231	0	4	0	0	8	13	0	0	0	0	1	0	0	7	0	0	0	0	1	1	0	0	6	0	0	22	2	0	10	0	1	6	0	0	1	1	0	1	4	0	0	189	0
ASV248	44	45	11	24	7	4	10	6	5	0	0	0	11	0	8	0	3	0	0	0	0	0	15	0	0	0	32	18	6	6	5	18	0	0	0	0	0	0	0	0	0	0	0
ASV250	2	5	8	4	0	0	19	0	23	34	0	6	2	0	0	8	0	0	0	0	0	0	0	0	0	0	7	13	1	0	1	2	0	0	7	1	100	2	17	4	1	4	1
ASV222	0	0	0	0	0	0	0	0	0	0	1	0	0	0	0	0	0	0	0	0	0	0	0	0	0	0	0	0	0	0	0	0	268	0	0	0	0	0	0	1	0	0	0
ASV257	0	4	3	4	0	0	0	0	0	0	0	0	5	0	0	0	0	0	0	0	0	0	6	0	0	4	7	0	8	0	2	3	0	0	0	0	67	4	13	138	1	1	0
ASV209	0	32	3	3	45	0	8	35	0	0	0	0	6	0	0	0	0	0	0	0	0	0	13	0	0	54	7	25	10	28	0	0	0	0	0	0	0	0	0	0	0	0	0
ASV208	0	0	0	0	0	220	0	0	0	0	0	23	0	0	0	0	0	0	0	0	0	0	0	0	0	0	0	0	0	0	0	0	0	24	0	0	0	0	0	0	0	0	1
ASV264	0	0	0	0	0	15	0	0	0	0	0	0	0	0	0	19	0	0	1	0	0	25	0	0	0	0	0	0	0	0	0	0	164	41	0	0	2	0	0	0	0	0	0
ASV220	0	0	0	0	0	0	0	0	0	0	0	0	0	0	0	0	0	0	0	0	0	0	0	0	1	0	0	0	0	0	0	0	0	0	0	0	0	0	0	0	0	264	0
ASV234	4	21	7	19	8	3	19	13	2	9	0	9	14	26	0	0	0	0	0	0	0	0	20	0	0	0	25	18	33	3	0	12	0	0	0	0	0	0	0	0	0	0	0
ASV216	0	0	0	0	0	0	0	0	0	0	0	0	0	0	0	0	0	0	0	0	0	0	0	136	19	59	0	0	0	0	0	0	0	50	0	0	0	0	0	0	0	0	0
ASV241	4	3	0	4	16	15	3	0	18	14	0	0	0	0	0	0	31	0	0	45	0	33	0	0	30	0	7	0	10	3	6	16	0	0	0	0	0	0	0	0	0	3	2
ASV1599	0	9	2	4	0	156	0	0	0	0	0	0	0	17	11	0	0	0	0	0	0	0	0	0	27	0	2	0	0	0	4	0	20	0	1	0	1	0	1	6	0	0	1
ASV378	0	0	7	0	0	126	0	7	22	0	0	0	9	9	0	0	0	0	0	1	0	0	2	0	0	0	0	0	10	0	6	0	0	46	0	0	2	0	0	5	0	0	6
ASV239	11	4	0	12	0	0	21	0	103	0	0	0	16	1	5	0	0	0	0	7	0	0	4	0	0	0	19	10	9	14	4	17	0	0	0	0	0	0	0	0	0	0	0
ASV221	0	7	0	0	15	0	0	11	7	0	0	0	0	1	0	0	0	0	0	0	0	0	8	0	0	27	0	0	8	0	0	0	0	0	0	0	34	4	8	125	0	0	0
ASV247	98	29	3	25	12	0	8	0	0	0	0	4	2	0	0	0	0	0	4	0	0	0	18	0	0	0	6	6	8	1	2	2	25	0	0	0	0	0	0	0	0	0	0
ASV246	0	15	0	25	0	10	19	0	0	0	0	8	16	0	29	0	0	0	0	0	0	0	18	0	0	0	53	0	40	2	13	0	0	0	0	0	0	0	0	0	0	0	0
ASV253	0	16	0	0	0	97	0	0	0	0	0	0	0	0	0	20	0	0	0	0	0	21	0	0	0	55	0	13	0	0	0	0	0	0	0	0	0	0	2	0	0	0	19
ASV260	0	0	2	0	0	65	0	0	24	0	0	0	0	17	0	0	0	0	5	0	8	19	0	26	29	0	0	0	1	1	8	0	29	0	0	0	0	2	1	1	1	0	3
ASV268	40	16	8	6	22	3	9	0	12	15	0	15	20	10	0	0	0	0	0	0	0	0	9	0	0	0	18	4	19	13	1	0	0	0	0	0	0	0	0	0	0	0	0
ASV228	3	3	0	0	0	0	1	22	0	1	1	0	0	0	0	0	0	69	0	0	0	1	0	0	0	0	8	5	14	50	0	0	0	0	0	0	53	3	2	0	0	0	0
ASV236	0	3	9	12	3	13	9	20	0	0	0	50	0	20	18	0	0	0	0	0	0	0	5	0	0	0	2	7	40	2	14	4	0	0	0	0	0	0	0	0	5	0	0
ASV300	29	43	11	24	6	1	12	3	7	1	0	0	6	0	0	0	0	0	0	0	0	0	12	1	0	0	21	25	11	9	9	5	0	0	0	0	0	0	0	0	0	0	0
ASV235	0	10	1	0	22	3	0	0	0	0	0	0	0	0	0	0	0	139	0	0	18	0	0	0	0	0	0	9	0	7	0	1	0	24	0	0	0	0	0	0	0	1	0
ASV229	0	0	0	0	0	0	0	0	0	18	0	0	1	0	2	163	0	0	0	0	0	0	0	0	0	0	4	37	4	3	0	0	0	0	0	0	0	0	0	0	0	0	1
ASV249	3	20	6	16	21	0	22	0	15	0	0	1	2	0	18	6	0	0	0	0	0	0	5	0	0	0	29	16	11	2	9	11	0	0	0	0	0	3	10	0	0	6	1
ASV275	118	8	0	20	9	0	2	5	5	0	0	0	8	0	2	0	0	0	0	0	0	0	24	0	0	0	3	20	1	5	0	1	0	0	0	0	0	0	0	0	0	0	0
ASV243	0	0	0	0	14	18	7	0	0	0	0	0	0	0	0	1	0	0	0	0	0	0	0	0	0	0	0	0	0	23	18	0	0	0	3	6	5	4	0	0	3	126	0
ASV240	0	0	0	14	0	0	0	0	0	0	0	12	0	0	0	0	0	0	0	0	1	0	0	0	0	0	0	0	0	0	0	0	0	0	7	3	0	5	0	0	11	174	0
ASV322	0	0	6	10	49	9	7	6	7	0	0	4	2	0	2	1	0	0	0	0	0	0	4	17	0	0	21	41	5	8	15	13	0	0	0	0	0	0	0	0	0	0	0
ASV298	4	19	1	12	9	12	0	4	70	0	0	2	6	1	8	0	0	0	0	0	0	0	2	0	0	1	20	0	6	0	1	6	22	1	1	0	0	10	1	0	0	6	1
ASV272	3	13	1	23	2	3	13	0	0	0	0	0	7	0	0	0	0	0	0	51	0	0	7	9	0	0	3	18	1	11	6	10	0	0	0	0	0	0	0	0	0	41	0
ASV242	0	4	0	0	0	0	0	0	0	0	0	0	0	0	13	0	0	47	79	0	0	0	0	15	19	0	0	6	0	0	0	6	0	31	0	0	0	0	0	0	0	0	0
ASV316	0	3	0	9	3	0	2	0	8	1	0	0	0	0	2	0	1	0	0	0	0	0	1	0	0	1	0	0	0	0	0	2	0	0	0	0	83	5	14	84	0	1	0
ASV280	32	53	0	16	5	3	20	0	19	0	0	0	7	0	0	0	0	0	0	0	0	0	18	0	0	0	15	9	12	2	1	7	0	0	0	0	0	0	0	0	0	0	0
ASV287	7	0	0	0	0	94	0	0	29	0	0	0	0	0	0	0	0	0	0	0	31	0	0	0	49	0	0	0	0	0	0	0	0	0	0	0	0	0	4	0	0	0	5
ASV1657	3	2	2	0	6	16	0	1	1	0	0	1	0	1	0	2	0	0	1	0	0	0	3	0	0	0	3	2	9	2	5	3	0	1	9	7	34	7	18	5	18	36	19
ASV263	0	0	0	6	0	84	0	0	0	0	0	0	0	0	12	0	0	0	0	0	20	0	0	0	0	0	0	11	0	0	11	0	0	53	0	0	0	3	0	0	0	0	17
ASV502	0	13	0	5	8	0	4	9	0	0	0	8	3	28	1	0	0	32	0	0	0	0	3	0	0	0	2	31	6	1	0	0	0	1	7	3	38	0	8	0	1	1	0
ASV256	8	14	7	5	25	2	15	11	0	0	0	0	0	0	11	0	36	0	0	0	0	26	12	0	0	0	3	12	6	0	11	7	0	0	0	0	0	0	0	0	0	0	0
ASV425	35	20	8	17	12	2	1	0	8	0	0	0	4	0	5	0	0	12	0	0	0	0	26	0	0	0	18	32	8	0	0	3	0	0	0	0	0	0	0	0	0	0	0
ASV258	12	28	14	8	23	1	5	0	19	0	0	0	10	21	0	0	0	0	0	0	0	0	2	11	0	0	24	2	12	4	0	14	0	0	0	0	0	0	0	0	0	0	0
ASV320	1	5	4	0	4	9	1	3	0	0	0	1	0	0	1	1	20	29	0	2	0	17	3	2	4	10	0	5	1	0	2	4	1	0	0	0	0	0	1	1	0	78	0
ASV259	0	23	17	3	9	3	0	26	0	0	0	0	9	0	0	0	0	0	1	0	0	0	1	27	0	0	0	0	1	24	8	16	0	0	0	0	26	0	0	11	0	0	0
ASV265	0	4	0	0	29	8	0	0	0	0	0	0	0	0	0	0	0	0	0	0	0	0	4	0	0	0	11	5	6	0	0	0	92	45	0	0	0	0	1	0	0	0	0
ASV266	8	4	94	24	0	1	8	0	19	0	0	0	0	0	2	0	0	0	0	0	0	0	7	0	0	0	20	5	6	0	0	7	0	0	0	0	0	0	0	0	0	0	0
ASV291	0	2	1	193	0	2	1	0	0	0	0	0	0	6	0	0	0	0	0	0	0	0	0	0	0	0	0	0	0	0	0	0	0	0	0	0	0	0	0	0	0	0	0
ASV314	0	0	0	0	0	173	0	0	0	0	0	0	0	0	6	0	0	0	14	0	0	0	2	0	0	0	0	0	4	0	0	0	0	0	0	0	0	0	0	5	0	1	0
ASV633	1	0	2	3	0	73	0	0	0	0	1	0	0	0	0	0	15	5	0	10	22	5	5	9	1	3	13	0	0	0	1	0	0	0	4	2	17	4	2	0	3	1	3
ASV274	15	5	0	3	0	1	0	0	0	0	0	0	3	0	0	0	0	0	0	0	0	0	171	0	0	0	0	0	6	0	0	0	0	0	0	0	0	0	0	0	0	0	0
ASV311	3	0	3	20	10	7	14	3	0	12	0	13	0	37	7	0	0	0	0	0	0	0	5	0	0	0	4	0	19	15	22	7	0	0	0	0	0	0	3	0	0	0	0
ASV289	3	3	0	0	2	0	3	0	0	1	0	0	1	0	3	0	0	0	0	0	0	0	3	0	0	0	2	3	0	1	4	0	0	0	32	13	0	23	92	0	4	2	8
ASV251	0	0	0	0	0	0	0	0	0	0	0	0	0	0	14	0	0	0	0	0	0	0	0	0	0	119	0	0	0	0	0	0	64	0	0	1	0	0	0	0	0	0	0
ASV301	0	0	26	0	9	0	0	57	0	0	0	0	0	0	0	0	0	0	0	0	0	0	15	0	0	0	0	0	0	0	0	0	0	0	3	0	0	15	0	0	1	66	6
ASV277	28	7	3	17	3	4	3	0	1	0	0	6	12	28	0	0	0	0	0	0	0	0	8	0	0	41	0	1	24	1	2	8	0	0	0	0	0	0	0	0	0	0	0
ASV400	3	1	7	0	6	2	1	2	0	0	0	0	2	0	1	0	0	0	0	0	0	0	1	1	0	0	3	7	4	1	4	0	0	0	45	21	0	34	42	1	2	2	2
ASV244	0	153	0	0	0	0	10	0	0	0	0	0	0	0	0	0	0	0	0	0	0	0	0	0	0	0	0	1	0	0	0	29	0	0	0	0	0	0	0	0	0	0	0
ASV267	9	11	0	0	0	6	0	0	0	0	0	22	0	0	1	0	0	0	0	0	0	0	0	0	0	0	0	17	22	0	0	0	0	0	0	0	11	0	0	0	2	65	25
ASV326	0	0	0	6	10	0	0	0	0	0	0	0	0	17	0	0	0	0	0	0	0	0	4	0	0	0	4	0	0	0	4	0	0	141	0	0	0	1	0	0	0	1	2
ASV281	39	4	3	0	6	2	0	0	81	0	0	17	0	0	0	5	0	0	0	0	0	0	10	0	0	0	3	8	0	3	8	0	0	0	0	0	0	0	0	0	0	0	0
ASV292	17	4	0	18	5	5	3	7	0	3	0	0	7	1	9	0	0	0	0	0	0	0	1	0	0	0	2	3	4	0	6	0	0	0	0	0	76	2	16	0	0	0	0
ASV307	5	0	0	0	0	84	0	0	0	0	0	0	0	0	0	0	0	0	0	0	0	0	0	17	0	72	0	0	0	0	0	0	0	0	0	0	0	0	6	0	0	0	5
ASV273	0	0	0	0	0	0	0	0	0	0	0	0	0	0	0	0	0	0	0	0	0	0	0	0	0	0	0	0	0	0	0	0	0	0	9	7	141	2	3	0	26	0	0
ASV288	0	0	0	4	0	7	0	0	0	0	0	0	0	0	0	0	0	0	0	177	0	0	0	0	0	0	0	0	0	0	0	0	0	0	0	0	0	0	0	0	0	0	0
ASV284	15	0	9	0	0	0	0	0	0	0	0	0	0	0	0	42	0	0	0	11	0	0	13	0	0	0	0	0	0	0	0	0	0	0	4	0	16	1	2	0	1	56	17
ASV283	0	0	0	0	0	0	0	0	0	0	0	0	0	0	0	0	0	0	1	0	0	0	0	0	0	0	0	0	0	0	0	0	0	0	21	4	132	0	8	0	19	0	0
ASV270	0	0	0	0	0	0	17	0	0	0	0	0	26	0	0	0	0	0	0	0	0	0	0	0	0	0	0	0	0	0	0	0	0	0	0	0	0	0	0	0	0	141	0
ASV279	0	0	0	0	0	106	0	0	0	0	1	0	0	12	0	0	0	1	0	0	0	0	0	0	0	0	9	0	4	1	0	3	0	32	0	0	2	1	0	10	0	0	2
ASV450	0	0	0	0	0	74	0	2	24	0	1	4	0	0	5	8	3	15	0	0	0	0	0	0	2	19	0	1	1	1	4	0	0	0	0	0	3	0	2	2	0	0	13
ASV262	0	0	32	0	0	0	0	0	0	0	0	0	0	14	0	0	0	0	0	0	0	0	0	0	0	0	0	0	6	0	0	6	0	123	0	0	0	0	0	0	0	0	0
ASV286	2	13	0	0	0	0	5	0	15	0	0	0	13	0	0	0	0	0	0	0	0	0	0	0	0	0	5	22	0	0	0	0	0	0	0	0	0	0	0	0	0	106	0
ASV305	3	8	1	9	10	1	13	4	0	0	0	14	20	1	0	0	0	0	0	0	0	0	18	0	0	0	17	5	12	3	7	6	0	0	15	8	0	1	5	0	0	0	0
ASV424	0	0	6	10	6	71	1	0	0	0	0	0	0	0	15	0	0	40	7	0	0	0	0	0	0	0	0	0	1	0	9	0	0	0	1	0	7	0	1	4	0	0	2
ASV323	14	6	0	24	0	3	0	0	0	0	0	0	0	1	0	19	0	0	0	0	0	0	16	0	0	0	0	0	15	1	1	30	0	1	0	0	0	0	0	0	0	49	0
ASV373	0	0	4	0	0	57	0	0	0	0	0	0	0	25	0	0	0	0	0	0	0	14	0	4	0	50	0	0	0	1	0	0	5	0	1	0	0	0	0	8	0	0	11
ASV429	0	0	0	0	2	0	0	0	0	0	0	0	0	0	0	0	1	0	0	0	0	0	0	0	0	0	0	0	0	0	0	0	0	1	4	0	0	7	0	0	164	0	1
ASV271	0	0	0	1	0	4	0	0	150	0	0	0	0	0	0	0	0	0	0	0	0	0	0	0	0	0	11	0	2	10	0	0	0	0	0	0	0	0	0	0	0	0	0
ASV293	24	0	0	0	14	0	5	0	18	0	0	0	1	0	0	0	0	0	0	0	12	0	11	0	0	85	0	0	4	0	0	2	0	0	0	0	0	1	0	0	0	0	0
ASV299	0	0	0	0	0	108	0	21	0	0	0	0	0	0	0	0	0	0	0	0	0	0	0	0	0	0	0	0	13	0	30	0	0	0	1	1	0	1	2	0	0	0	0
ASV278	17	17	1	0	0	6	12	0	0	0	0	0	4	0	5	0	0	0	0	0	0	0	5	0	0	0	1	11	13	0	0	32	0	0	1	1	0	5	1	0	0	39	5
ASV269	0	21	0	0	11	2	0	0	0	0	0	0	35	0	0	0	0	0	0	0	0	0	5	0	0	0	10	0	26	17	0	17	0	30	0	0	0	0	0	0	0	0	0
ASV312	0	20	0	15	18	2	10	11	0	0	0	0	13	0	0	0	0	0	0	0	0	0	15	0	0	0	31	19	10	8	0	1	0	0	0	0	0	0	0	0	0	0	0
ASV290	4	16	0	6	18	4	8	12	0	0	0	1	0	0	0	0	0	4	0	0	0	20	10	0	0	0	23	13	5	0	7	14	0	0	0	0	0	0	0	0	0	7	0
ASV295	49	5	17	14	2	1	0	0	0	0	0	0	20	0	0	0	0	0	0	0	0	0	6	0	0	0	37	4	12	0	4	0	0	0	0	0	0	0	0	0	0	0	0
ASV304	40	20	0	1	7	0	9	22	6	0	0	0	0	0	0	0	0	0	0	0	0	0	7	0	0	0	7	4	12	3	0	14	0	0	6	5	0	0	0	0	0	8	0
ASV354	0	12	0	22	27	1	0	3	3	0	0	0	3	0	0	0	0	0	0	0	0	0	16	0	0	0	25	40	5	8	2	4	0	0	0	0	0	0	0	0	0	0	0
ASV297	0	14	0	0	0	4	0	0	50	0	0	0	0	1	0	0	0	0	0	0	0	0	17	0	0	0	56	2	4	0	0	0	0	0	0	0	0	6	16	0	0	0	0
ASV303	5	0	0	0	0	12	0	0	0	0	0	0	0	0	0	0	0	0	0	0	0	0	0	0	0	0	0	0	0	0	2	0	0	0	7	4	0	2	0	21	8	109	0
ASV351	6	2	0	4	1	1	0	3	0	0	0	0	0	0	0	0	0	0	0	0	0	0	5	0	0	0	8	7	5	4	0	0	0	0	0	0	0	6	0	0	1	0	117
ASV1129	3	2	2	0	1	0	1	1	0	0	0	1	0	1	0	0	0	0	4	0	0	0	7	0	0	0	4	1	6	1	7	0	0	0	1	0	5	0	2	0	0	0	119
ASV294	0	0	11	3	3	8	5	0	0	0	0	7	5	0	0	26	2	0	0	0	0	36	0	0	0	0	0	0	0	0	0	0	40	0	1	0	12	0	0	7	0	0	0
ASV746	0	0	0	0	0	0	0	0	0	0	0	0	0	0	0	0	0	0	0	0	9	157	0	0	0	0	0	0	0	0	0	0	0	0	0	0	0	0	0	0	0	0	0
ASV306	0	12	33	14	18	0	0	0	0	0	0	0	0	0	0	0	0	0	0	0	0	0	0	0	0	0	13	38	13	11	1	12	0	0	0	0	0	0	0	0	0	0	0
ASV302	1	0	0	1	0	0	0	0	14	0	0	0	0	0	0	0	0	0	0	0	0	0	4	0	1	0	0	0	0	5	0	0	0	0	0	0	0	0	0	0	0	136	2
ASV398	0	0	0	1	1	47	0	0	0	0	1	0	4	6	5	0	13	42	8	0	0	10	1	0	0	0	0	0	0	0	15	0	0	0	0	0	0	1	0	5	0	2	0
ASV313	0	0	0	0	0	0	0	0	0	0	0	0	0	0	0	0	0	0	0	0	0	0	0	0	0	0	0	0	1	0	0	0	0	0	19	10	0	85	46	0	0	0	0
ASV308	12	11	2	2	35	3	11	12	0	0	0	2	7	1	0	0	0	9	0	0	0	0	1	0	0	0	29	11	4	5	3	0	0	0	0	0	0	0	0	0	0	0	0
ASV310	4	24	0	0	0	0	0	0	0	0	0	33	0	12	0	0	0	0	0	0	0	0	0	0	0	0	0	0	0	0	0	0	0	0	0	4	0	2	0	0	0	60	18
ASV321	4	0	0	16	0	1	0	3	14	0	0	13	0	0	0	0	0	0	0	0	0	0	2	0	0	0	4	5	4	2	3	4	23	0	0	0	0	0	0	0	0	56	2
ASV328	0	0	2	120	7	1	2	0	0	0	0	0	0	0	0	0	0	0	0	0	0	0	2	0	0	0	2	6	0	0	2	5	0	0	0	0	0	0	1	0	0	6	0
ASV345	2	0	0	0	2	0	0	1	0	0	0	0	0	0	0	0	1	0	0	0	0	0	2	0	0	0	0	0	0	2	0	0	0	0	54	52	0	20	15	5	0	0	0
ASV343	0	0	0	144	0	0	0	0	0	0	0	0	0	0	5	0	0	0	0	0	0	0	4	0	0	0	0	0	0	1	1	0	0	0	0	0	0	0	0	0	0	0	0
ASV361	0	0	0	0	0	14	0	0	0	0	0	122	13	0	0	0	0	0	0	0	0	0	0	0	0	0	0	0	1	1	0	0	0	0	0	0	0	0	1	0	0	0	0
ASV495	34	16	6	7	0	1	0	2	0	11	0	0	11	0	4	0	0	0	0	0	0	0	13	0	0	0	16	12	8	2	3	6	0	0	0	0	0	0	0	0	0	0	0
ASV339	0	0	0	0	0	0	0	0	0	0	0	0	0	0	0	0	0	0	0	0	0	0	0	0	0	0	0	0	0	0	0	0	0	0	0	0	0	0	0	0	0	148	3
ASV317	1	0	0	4	8	0	4	23	0	0	0	6	0	0	0	0	0	0	0	0	0	0	3	0	0	0	0	7	42	45	0	0	0	3	0	0	0	0	0	0	0	4	0
ASV318	18	8	3	16	32	1	1	3	2	3	0	0	3	0	0	0	0	0	0	0	0	0	11	0	0	0	24	4	1	0	12	8	0	0	0	0	0	0	0	0	0	0	0
ASV336	0	0	0	0	0	122	0	0	0	0	0	0	0	0	0	0	0	0	0	0	0	0	0	0	0	27	0	0	0	0	0	0	0	0	0	0	0	0	0	0	0	0	0
ASV329	24	18	4	7	4	2	4	3	0	0	0	3	30	0	0	0	0	0	0	0	0	0	1	0	0	0	16	15	3	1	8	0	0	0	0	0	0	0	3	0	0	0	0
ASV352	16	22	19	9	8	0	0	0	0	0	0	0	19	0	0	0	0	0	0	0	0	0	14	0	0	0	21	4	4	6	2	1	0	0	0	0	0	0	0	0	0	0	0
ASV324	2	4	12	13	6	0	12	0	1	18	0	2	1	2	0	0	0	0	0	0	0	0	17	0	8	0	7	16	11	2	4	0	0	0	0	0	0	0	0	0	0	6	0
ASV555	2	7	1	11	6	0	10	0	12	0	0	0	4	0	0	0	0	0	0	0	0	0	0	0	0	0	5	1	1	3	3	0	0	0	3	0	47	3	1	0	3	20	0
ASV357	22	2	6	0	22	0	0	0	24	7	0	0	13	0	0	0	0	0	0	0	0	0	8	0	0	0	11	1	10	2	0	0	0	0	0	0	0	0	1	0	0	1	11
ASV376	0	0	0	1	0	1	2	1	4	7	0	0	0	0	0	0	0	1	0	0	0	0	0	0	0	0	0	0	0	0	3	2	0	1	0	0	0	0	0	0	0	117	0
ASV405	0	0	0	0	0	0	1	0	0	0	0	0	0	0	0	0	0	0	0	0	0	0	0	0	0	0	0	1	5	0	0	6	0	0	37	35	0	29	26	0	0	0	0
ASV441	0	0	0	1	0	0	0	3	3	4	0	7	0	0	0	0	0	11	0	2	0	0	1	0	1	0	3	0	1	0	0	0	15	0	0	0	1	0	0	0	0	78	7
ASV341	45	5	5	5	3	2	0	9	0	0	0	0	0	0	0	0	0	0	0	0	0	0	21	10	0	0	9	0	7	2	2	12	0	0	0	0	0	0	0	0	0	0	0
ASV348	11	0	0	0	0	0	0	0	0	0	0	0	0	0	0	0	0	0	0	66	0	0	0	0	0	2	0	37	0	0	21	0	0	0	0	0	0	0	0	0	0	0	0
ASV362	0	2	0	4	2	0	0	6	0	0	0	8	2	0	7	0	0	0	0	0	0	0	2	0	0	32	13	0	1	7	0	11	0	0	0	0	0	0	0	0	0	35	3
ASV371	0	0	0	0	0	0	12	0	0	0	0	0	0	0	0	0	0	0	0	0	0	0	0	0	0	0	0	18	0	0	0	0	0	0	0	0	1	74	29	0	1	0	0
ASV381	1	4	0	1	1	5	0	0	3	0	0	1	0	0	0	0	10	0	0	0	0	0	2	0	0	0	0	2	1	0	5	0	0	0	30	7	0	14	33	0	0	0	15
ASV342	10	9	3	11	4	1	17	0	23	5	0	0	0	0	0	0	0	0	0	0	0	0	27	0	0	0	7	7	5	5	0	0	0	0	0	0	0	0	0	0	0	0	0
ASV327	0	12	0	0	0	0	0	1	46	0	0	0	0	0	16	0	0	0	0	0	0	0	9	0	0	0	4	18	16	0	11	0	0	0	0	0	0	0	0	0	0	0	0
ASV350	0	1	0	0	8	0	0	0	0	0	0	0	0	0	0	0	0	0	0	0	0	0	3	0	0	0	0	7	0	0	0	7	0	0	0	0	0	0	0	0	0	107	0
ASV337	16	0	0	0	0	3	11	0	0	2	0	14	0	0	0	0	0	0	0	0	0	0	18	0	0	0	11	0	11	2	0	0	0	0	0	0	28	0	4	12	0	0	0
ASV493	0	3	0	0	0	0	0	0	59	0	0	20	13	0	0	0	0	0	0	0	0	0	0	0	0	0	2	28	2	1	0	4	0	0	0	0	0	0	0	0	0	0	0
ASV1478	5	1	5	6	0	0	3	0	21	0	0	9	0	0	0	0	0	0	0	0	0	0	0	0	0	0	0	9	3	0	0	0	0	0	1	2	7	2	2	53	1	1	0
ASV340	0	1	0	0	0	0	0	53	0	0	0	0	0	0	0	0	0	0	0	0	0	0	0	0	0	0	0	0	0	0	0	0	0	0	14	2	0	1	0	0	5	55	0
ASV389	6	0	0	0	0	6	4	0	19	0	0	0	4	0	27	0	0	28	0	0	0	0	8	0	0	0	15	2	2	8	2	0	0	0	0	0	0	0	0	0	0	0	0
ASV330	0	0	0	0	4	0	7	0	0	3	0	9	2	0	10	0	0	0	0	0	0	0	0	0	0	0	0	0	6	0	0	4	71	0	0	0	0	0	1	0	0	4	8
ASV332	0	33	0	0	0	0	0	0	0	0	0	0	0	0	0	0	0	0	0	0	0	0	0	0	95	0	0	0	0	0	0	0	0	0	0	0	0	1	0	0	0	0	0
ASV353	1	4	6	0	16	2	0	0	13	0	0	6	0	10	0	0	0	0	0	0	0	0	1	0	0	0	0	1	4	2	2	0	0	0	0	0	0	2	11	0	0	48	0
ASV399	1	0	0	5	10	0	26	10	0	1	0	1	0	0	0	0	11	0	0	0	0	0	8	4	0	40	0	10	0	0	0	0	0	0	0	0	0	0	0	0	0	0	2
ASV471	0	0	0	0	0	0	0	0	0	0	0	0	0	0	0	0	0	0	0	0	0	0	0	0	0	0	0	0	0	0	0	0	0	0	6	2	6	1	6	0	0	108	0
ASV331	0	0	0	0	0	0	0	0	0	0	0	0	0	0	0	0	69	0	0	0	0	0	0	0	0	59	0	0	0	0	0	0	0	0	0	0	0	0	0	0	0	0	0
ASV364	0	0	0	0	0	0	0	0	0	0	0	0	0	0	0	0	0	0	0	0	0	0	0	0	0	0	0	0	0	0	0	0	0	0	0	4	0	13	14	0	97	0	0
ASV411	0	4	0	0	15	0	0	0	0	0	0	0	0	0	0	9	0	78	0	0	0	0	2	0	0	0	0	0	0	0	0	0	16	0	0	0	0	0	1	0	0	2	0
ASV344	0	0	0	0	0	0	0	0	0	0	0	0	0	0	0	0	0	0	0	0	0	0	0	0	1	0	0	0	0	52	0	0	0	0	3	0	0	0	0	0	1	68	0
ASV349	0	6	0	0	0	0	0	78	0	12	0	0	5	0	0	0	0	0	0	0	0	0	4	0	0	0	2	6	0	1	0	11	0	0	0	0	0	0	0	0	0	0	0
ASV438	0	0	0	0	0	0	0	0	0	0	0	0	0	0	0	0	0	0	0	0	0	0	1	0	3	0	1	0	0	0	0	0	0	0	0	0	13	1	0	93	0	12	0
ASV367	30	6	1	10	10	12	0	0	1	0	0	0	7	0	3	0	0	0	1	0	0	0	10	0	0	0	0	12	5	0	0	3	0	0	0	0	0	0	0	0	0	12	0
ASV550	12	2	0	13	10	2	5	0	7	0	0	0	6	0	0	0	0	0	0	0	0	0	21	0	0	0	10	11	7	1	4	12	0	0	0	0	0	0	0	0	0	0	0
ASV363	26	5	12	1	0	8	0	0	20	0	0	0	9	0	0	0	0	0	0	0	0	0	16	0	0	0	0	0	0	0	0	21	0	0	0	0	0	0	0	0	0	2	2
ASV355	0	0	2	0	0	0	0	0	0	0	0	0	0	0	0	0	0	116	0	0	0	0	0	0	0	0	0	0	3	0	0	0	0	0	0	0	0	0	0	0	0	0	0
ASV379	0	0	0	0	0	0	0	0	0	0	0	0	0	0	0	0	0	0	0	0	0	119	0	0	0	0	0	0	0	0	0	0	0	0	0	0	0	0	0	0	1	1	0
ASV406	0	19	2	0	17	0	1	2	0	2	0	9	16	0	9	0	0	0	0	0	0	0	14	0	0	0	18	2	6	1	1	2	0	0	0	0	0	0	0	0	0	0	0
ASV384	0	0	0	0	0	6	0	0	13	0	0	0	0	0	0	0	0	0	0	0	0	0	0	0	0	101	0	0	0	0	0	0	0	0	0	0	0	0	0	0	0	0	0
ASV369	4	8	0	9	0	0	6	0	0	0	0	15	0	1	0	0	1	0	0	0	0	0	11	0	0	0	16	7	24	2	3	5	0	0	2	1	0	0	4	0	0	0	0
ASV382	11	3	0	2	16	1	2	0	0	0	0	0	0	0	2	0	0	0	0	0	0	0	24	0	0	0	12	9	5	0	12	5	0	0	0	0	0	4	6	0	0	5	0
ASV417	38	11	1	14	0	0	14	3	0	0	0	0	11	0	0	0	0	0	0	0	0	0	7	0	0	0	7	0	10	2	0	1	0	0	0	0	0	0	0	0	0	0	0
ASV720	0	0	0	0	0	52	0	2	11	0	0	2	0	1	0	2	0	0	4	0	0	0	0	0	0	0	0	0	6	0	6	0	13	0	0	0	1	0	2	5	0	0	12
ASV1855	1	0	0	0	0	0	0	0	0	0	0	0	0	0	0	0	0	0	0	0	0	0	0	0	0	0	0	0	1	0	0	0	0	0	45	34	0	15	19	0	0	1	1
ASV372	0	0	0	0	0	0	0	0	0	22	0	0	0	0	0	0	0	54	0	0	0	0	0	0	0	40	0	0	0	0	0	0	0	0	0	1	0	0	0	0	0	0	0
ASV377	6	0	0	0	0	0	0	0	0	0	0	0	0	0	0	0	0	0	0	0	0	0	0	0	0	0	0	0	0	0	0	0	0	0	0	0	0	0	0	1	110	0	0
ASV346	24	0	28	0	0	16	2	19	0	0	0	0	0	0	0	0	0	0	0	0	0	0	5	0	0	0	18	0	0	0	0	0	0	0	0	0	0	0	0	0	0	4	0
ASV390	25	11	0	3	0	2	0	0	0	0	0	8	0	0	0	0	0	0	0	0	0	0	0	0	0	17	1	0	18	0	0	1	0	0	3	0	0	7	15	0	0	5	0
ASV396	9	6	3	1	7	0	2	0	0	0	0	0	4	0	0	0	0	0	0	0	0	0	2	0	0	0	8	5	4	4	0	0	0	0	1	0	0	31	27	0	2	0	0
ASV358	0	0	0	0	19	0	50	0	0	0	0	0	0	0	0	0	0	0	0	0	0	0	0	0	0	0	7	0	18	11	0	3	0	0	0	0	0	0	0	0	0	6	0
ASV394	3	0	0	6	0	56	0	0	0	0	0	0	0	0	0	0	42	0	0	0	0	0	0	0	0	0	0	0	0	0	0	0	0	1	0	0	0	1	0	3	0	1	1
ASV407	13	7	0	1	0	0	0	0	0	0	0	0	2	0	0	0	0	0	0	0	0	0	4	0	0	0	0	0	0	3	7	0	0	0	0	1	0	0	0	0	0	76	0
ASV547	31	6	2	8	6	0	0	0	0	0	0	3	0	0	0	0	0	0	0	0	0	0	0	0	0	0	6	12	3	1	1	0	0	0	4	2	0	9	8	0	0	12	0
ASV368	0	0	0	0	0	21	0	0	0	0	0	0	0	0	0	0	35	0	0	0	0	56	0	0	0	0	0	0	0	0	0	0	0	0	0	0	0	0	0	0	0	0	1
ASV392	23	0	0	19	5	2	10	0	5	0	0	0	7	0	0	0	0	0	0	0	0	0	5	0	0	0	4	16	5	0	3	9	0	0	0	0	0	0	0	0	0	0	0
ASV426	0	10	0	4	15	28	0	0	0	0	0	26	0	0	0	0	0	0	0	0	0	0	0	0	0	0	3	0	0	0	23	0	0	0	0	1	0	1	2	0	0	0	0
ASV463	0	1	0	0	0	41	0	0	0	0	62	0	0	0	0	0	0	0	0	0	0	0	0	0	0	0	0	0	0	0	7	0	0	0	0	0	0	0	0	2	0	0	0
ASV446	2	7	6	6	2	0	3	0	0	3	0	9	4	0	0	0	16	0	0	0	0	0	3	0	0	0	0	0	0	0	0	6	0	0	9	5	0	6	5	0	17	2	1
ASV518	0	0	0	0	0	36	0	0	0	0	0	0	0	0	0	0	0	0	0	0	0	0	2	0	0	0	5	7	0	0	62	0	0	0	0	0	0	0	0	0	0	0	0
ASV530	12	15	0	0	6	0	10	7	1	0	0	0	9	0	0	0	0	0	0	0	0	0	13	0	0	0	10	8	3	15	0	1	0	0	0	0	0	0	0	0	0	2	0
ASV491	1	8	6	1	0	54	0	0	0	0	0	0	0	0	6	0	0	0	0	0	0	0	1	0	0	0	5	0	0	1	1	0	0	20	0	0	0	0	0	4	0	0	3
ASV403	0	0	0	0	0	0	8	8	0	0	0	0	0	0	0	0	0	53	0	0	0	0	0	0	25	0	0	0	0	4	0	0	0	0	4	1	0	1	6	0	0	0	0
ASV374	0	0	0	0	0	0	1	0	0	26	0	0	0	0	0	0	0	36	0	0	0	0	0	0	0	23	0	0	0	0	0	0	22	0	0	0	0	0	0	0	0	0	1
ASV626	0	11	0	7	20	0	9	3	0	1	0	0	0	0	0	0	0	0	2	0	0	1	18	0	5	0	3	15	1	0	0	12	0	0	0	0	0	0	0	0	0	0	1
ASV412	35	0	0	1	4	0	0	0	0	0	0	0	0	0	0	0	0	0	0	0	0	0	1	0	0	0	8	0	0	0	0	0	0	0	0	1	0	0	0	0	0	58	0
ASV421	0	0	0	0	0	0	18	0	25	0	0	16	9	0	0	20	0	0	0	0	0	0	8	0	0	0	0	10	0	0	0	0	0	0	0	0	0	0	0	0	0	1	1
ASV433	0	2	0	6	0	2	3	0	0	0	0	7	11	0	5	0	0	0	0	0	0	0	0	0	0	28	7	0	1	2	6	7	0	21	0	0	0	0	0	0	0	0	0
ASV585	37	9	1	1	2	1	3	0	0	0	0	0	4	0	0	0	0	0	0	0	0	0	13	0	0	0	10	2	21	1	2	1	0	0	0	0	0	0	0	0	0	0	0
ASV464	39	10	0	11	3	3	4	2	0	0	0	0	14	0	0	0	0	0	0	0	0	0	10	0	0	0	0	4	2	1	0	4	0	0	0	0	0	0	0	0	0	0	0
ASV395	0	8	0	8	0	0	0	0	0	0	0	0	0	0	0	0	40	0	31	0	0	0	0	0	0	0	0	0	0	1	14	4	0	0	0	0	0	0	0	0	0	0	0
ASV375	0	0	0	0	0	16	0	0	0	0	0	0	0	0	0	0	0	47	0	0	0	0	0	0	39	0	0	0	0	0	0	0	0	0	0	1	0	0	1	0	0	0	1
ASV387	0	0	0	0	0	0	0	0	0	0	0	0	0	0	0	1	0	0	0	0	0	0	0	0	0	0	0	0	0	0	0	0	0	0	5	6	73	0	4	0	13	3	0
ASV418	0	0	0	0	0	0	0	0	0	0	0	0	4	0	3	0	0	0	0	0	0	0	0	0	0	0	2	0	0	0	0	0	0	9	2	0	59	4	6	10	0	5	1
ASV447	0	1	2	13	0	0	2	0	15	0	0	0	0	0	0	0	0	0	0	0	0	0	2	0	0	0	0	0	3	5	3	0	0	0	28	6	0	23	2	0	0	0	0
ASV456	0	0	0	0	0	83	0	0	0	0	0	0	0	0	0	0	0	0	0	0	0	0	0	0	0	0	0	15	0	0	0	1	0	0	0	0	0	0	0	6	0	0	0
ASV486	3	2	1	0	0	7	2	2	0	1	0	5	0	0	2	2	13	22	0	1	0	0	0	1	0	0	0	0	0	0	2	0	0	13	0	0	0	0	0	0	0	26	0
ASV541	3	1	8	0	3	4	2	0	0	0	0	0	0	0	0	0	1	0	0	0	0	0	2	0	0	0	5	3	0	2	0	0	0	0	0	0	0	0	1	0	56	2	12
ASV385	0	0	0	4	38	0	0	0	0	0	0	0	0	0	0	0	0	0	0	0	0	0	1	0	20	0	0	8	0	0	0	0	0	33	0	0	0	0	0	0	0	0	0
ASV413	0	4	4	3	7	0	7	0	0	0	0	0	0	14	0	0	0	0	0	0	12	0	0	0	0	48	0	0	0	1	1	1	0	0	1	0	0	1	0	0	0	0	0
ASV414	0	3	0	4	6	0	5	1	0	26	0	0	12	16	7	0	0	0	0	0	0	0	3	0	0	0	4	1	8	2	4	2	0	0	0	0	0	0	0	0	0	0	0
ASV605	4	2	0	0	0	1	15	0	0	0	0	0	0	0	3	0	0	0	0	1	0	0	0	0	0	0	0	0	7	0	8	11	0	0	15	6	0	9	2	0	9	8	3
ASV388	0	14	0	0	0	0	15	0	0	0	0	13	3	0	0	0	0	0	0	0	0	0	1	0	0	0	0	17	0	7	12	0	0	1	0	0	0	0	7	0	0	0	13
ASV393	0	4	0	0	8	1	7	0	0	0	0	0	5	0	0	0	0	0	0	0	0	0	0	0	66	0	0	0	3	6	0	3	0	0	0	0	0	0	0	0	0	0	0
ASV409	0	1	3	4	8	0	2	0	0	0	0	0	2	0	0	0	0	0	0	0	3	0	2	0	0	0	1	0	0	0	0	0	0	0	0	0	0	37	40	0	0	0	0
ASV419	35	1	15	2	0	0	11	0	0	0	0	0	16	0	0	0	0	0	0	0	0	0	5	0	0	0	2	2	0	4	0	9	0	0	0	0	0	0	1	0	0	0	0
ASV437	0	0	0	0	0	0	0	12	0	0	0	0	0	0	0	0	0	0	0	0	0	0	10	0	0	0	0	0	20	5	4	0	0	1	0	0	0	1	3	0	0	0	47
ASV442	0	0	0	88	1	0	1	0	0	0	0	0	2	0	0	0	0	0	0	0	0	0	0	0	0	0	0	0	1	1	2	7	0	0	0	0	0	0	0	0	0	0	0
ASV420	0	3	4	7	11	0	5	0	30	0	0	5	0	0	13	0	0	0	0	0	0	0	4	0	0	0	3	6	2	0	6	3	0	0	0	0	0	0	0	0	0	0	0
ASV402	4	0	0	14	19	0	0	0	0	0	0	0	0	0	0	0	0	0	0	0	0	0	3	0	0	28	7	4	2	20	0	0	0	0	0	0	0	0	0	0	0	0	0
ASV598	0	0	0	0	0	0	16	0	0	0	0	0	0	0	0	0	0	0	0	0	0	0	0	0	0	0	0	0	0	0	0	0	0	0	0	0	0	0	0	0	0	69	16
ASV696	0	0	0	0	2	0	98	0	0	0	0	0	1	0	0	0	0	0	0	0	0	0	0	0	0	0	0	0	0	0	0	0	0	0	0	0	0	0	0	0	0	0	0
ASV422	0	0	0	0	0	13	4	6	0	0	0	0	0	0	0	0	0	0	0	0	0	0	0	0	53	0	0	0	0	0	24	0	0	0	0	0	0	0	0	0	0	0	0
ASV436	40	5	0	2	0	1	0	3	15	0	0	0	0	0	0	0	0	24	0	0	0	0	2	0	0	0	2	0	3	0	2	0	0	0	0	0	0	0	0	0	0	0	1
ASV459	0	6	8	15	7	1	5	0	0	11	0	1	7	0	3	0	0	0	0	0	0	0	2	0	0	0	14	3	4	0	5	0	0	0	3	0	0	2	0	0	1	2	0
ASV472	11	4	0	2	4	1	0	1	1	1	0	0	6	0	2	0	0	0	0	0	0	0	13	0	0	0	17	15	4	2	3	13	0	0	0	0	0	0	0	0	0	0	0
ASV522	6	58	7	0	0	0	4	0	13	0	0	0	0	0	0	0	0	0	0	0	0	0	0	0	0	0	5	0	7	0	0	0	0	0	0	0	0	0	0	0	0	0	0
ASV1797	9	8	0	1	3	6	2	3	0	13	0	18	0	0	2	0	0	0	0	0	0	0	2	0	0	0	0	5	8	2	1	1	0	0	5	1	1	2	3	0	1	2	0
ASV391	0	0	22	5	20	9	0	0	21	0	0	0	0	0	0	0	0	0	0	0	0	0	0	0	0	0	15	0	0	0	0	7	0	0	0	0	0	0	0	0	0	0	0
ASV591	10	5	4	0	0	0	7	0	0	6	0	0	0	0	10	0	0	0	0	0	0	17	0	0	0	0	0	0	4	0	0	0	28	0	1	0	0	0	2	3	0	2	0
ASV423	0	15	0	0	0	12	0	0	0	0	0	0	21	0	0	0	0	0	0	0	0	0	0	0	0	0	0	0	9	0	0	0	0	0	0	0	0	0	0	0	0	23	18
ASV466	0	0	0	0	0	0	0	0	0	0	0	0	0	0	0	0	0	0	0	0	0	0	0	0	0	0	5	0	0	0	0	0	0	0	18	6	0	44	25	0	0	0	0
ASV894	6	0	0	0	0	0	10	0	0	0	0	2	0	0	0	0	36	0	0	38	0	0	1	0	0	0	0	5	0	0	0	0	0	0	0	0	0	0	0	0	0	0	0
ASV386	9	1	0	5	11	0	0	5	20	0	0	0	0	0	0	0	0	0	0	0	0	0	5	0	0	0	5	12	1	0	6	17	0	0	0	0	0	0	0	0	0	0	0
ASV478	0	0	0	0	1	38	0	0	0	0	0	0	0	0	0	0	0	0	20	0	0	19	0	0	0	15	0	4	0	0	0	0	0	0	0	0	0	0	0	0	0	0	0
ASV531	14	6	2	11	0	1	0	0	4	14	0	0	0	0	0	0	0	0	0	0	0	0	12	0	0	0	7	10	6	1	0	5	0	0	0	4	0	0	0	0	0	0	0
ASV538	0	0	0	0	0	84	0	0	0	0	0	0	0	11	0	0	0	0	0	0	0	0	0	0	0	0	0	0	0	0	0	0	0	0	0	0	0	0	0	0	0	0	1
ASV451	31	6	2	6	4	1	7	5	11	0	0	0	0	3	0	0	0	0	0	0	0	0	0	0	0	0	9	7	0	0	0	3	0	0	0	0	0	0	0	0	0	0	0
ASV506	13	11	0	10	14	4	2	0	0	1	0	2	3	0	0	0	0	0	0	0	0	0	0	0	0	0	12	11	7	1	4	0	0	0	0	0	0	0	0	0	0	0	0
ASV1306	0	0	0	6	8	0	13	0	10	0	0	0	7	0	1	0	0	0	0	0	0	0	0	0	0	0	1	0	4	1	2	3	32	0	0	0	4	0	2	0	0	0	0
ASV397	0	0	0	0	22	0	0	0	0	0	0	0	0	0	0	0	0	0	0	0	0	0	0	42	0	21	3	0	0	0	0	6	0	0	0	0	0	0	0	0	0	0	0
ASV415	0	0	0	0	0	0	0	0	0	0	0	0	0	0	0	0	0	0	0	0	0	64	0	0	0	0	0	0	0	0	0	0	0	0	0	0	0	0	0	0	0	29	0
ASV445	0	0	0	4	71	0	0	0	0	0	0	0	0	0	0	0	0	0	0	0	0	0	1	0	0	0	0	2	7	0	0	5	0	0	0	0	0	0	3	0	0	0	0
ASV474	2	3	0	10	8	0	0	7	0	7	0	0	0	0	0	0	12	34	0	0	0	0	1	0	0	0	0	9	0	0	0	0	0	0	0	0	0	0	0	0	0	0	0
ASV515	7	15	0	8	13	1	0	5	3	0	0	1	4	0	0	0	0	0	0	0	0	0	7	0	0	0	1	17	3	1	6	1	0	0	0	0	0	0	0	0	0	0	0
ASV790	0	0	6	5	0	0	19	0	0	0	0	0	3	0	0	0	0	0	0	0	0	26	3	0	0	0	10	0	0	0	0	10	0	0	1	1	0	0	5	0	0	4	0
ASV408	0	0	0	0	0	0	0	0	0	0	0	0	0	0	0	0	0	0	0	0	0	0	0	1	0	53	0	0	0	0	0	0	36	0	0	0	1	0	0	0	0	0	0
ASV427	0	0	0	0	0	0	0	0	0	0	0	0	0	0	0	0	0	0	0	0	0	0	0	0	0	0	0	0	29	0	32	0	0	0	2	0	0	1	0	0	0	27	0
ASV475	0	0	0	3	1	0	1	1	0	0	0	14	6	11	2	0	0	0	0	0	0	1	5	0	0	0	30	7	3	3	1	0	0	0	0	0	0	0	0	0	2	0	0
ASV514	0	0	5	0	0	10	2	0	15	0	0	2	7	0	9	0	0	0	0	0	0	0	7	0	0	0	16	2	1	2	7	6	0	0	0	0	0	0	0	0	0	0	0
ASV763	1	6	0	0	0	18	4	0	0	0	0	0	5	0	7	0	17	0	0	0	0	0	5	1	14	0	0	0	4	0	0	7	0	0	0	0	0	0	0	0	0	0	2
ASV582	0	0	0	0	0	64	0	0	0	0	0	13	0	0	13	0	0	0	0	0	0	0	0	0	0	0	0	0	0	0	0	0	0	0	0	0	0	0	0	0	0	0	0
ASV744	1	0	2	17	17	1	1	0	7	0	0	6	2	7	0	0	0	0	0	0	0	0	3	0	0	0	6	3	10	2	1	2	0	0	0	0	0	0	2	0	0	0	0
ASV444	0	4	0	0	0	2	0	0	0	0	0	0	1	0	0	0	0	0	0	0	0	0	3	0	0	0	0	0	2	2	0	0	0	0	1	3	0	14	3	1	1	2	50
ASV462	0	8	0	0	1	2	0	0	0	0	0	5	0	0	0	0	0	0	0	0	0	0	0	0	1	0	6	0	0	0	0	0	0	0	0	0	0	0	0	0	0	66	0
ASV1092	0	0	0	0	6	29	0	0	0	1	0	0	0	0	0	0	23	1	0	0	0	13	2	0	0	0	0	0	7	0	0	0	0	0	0	0	0	0	0	4	0	0	2
ASV453	0	0	0	0	0	0	0	0	0	0	0	0	0	0	0	0	0	0	0	0	0	0	0	0	0	0	2	0	0	0	0	0	0	0	17	1	38	7	5	18	0	0	0
ASV512	0	0	0	8	0	0	8	0	0	0	0	0	0	20	0	0	0	0	0	0	0	0	0	0	0	0	0	0	0	0	0	0	0	0	0	0	0	0	5	0	0	1	46
ASV482	16	8	0	2	0	5	0	0	0	0	0	0	0	0	7	0	0	0	0	0	0	20	0	0	0	0	0	8	1	0	13	3	0	0	1	0	0	0	0	0	0	3	0
ASV440	1	20	0	0	0	0	6	0	0	0	0	0	0	0	0	0	0	0	0	0	0	0	11	0	0	0	0	8	0	0	4	0	36	0	0	0	0	0	0	0	0	0	0
ASV693	0	0	0	0	0	1	0	0	0	0	0	0	0	0	0	0	0	0	0	0	0	0	0	0	1	0	1	2	0	0	0	0	0	0	0	0	0	0	0	2	78	1	0
ASV716	0	0	1	0	0	30	5	0	0	0	31	0	0	0	0	1	0	0	0	0	0	0	0	0	0	0	0	0	2	3	5	0	0	0	0	0	0	0	0	6	0	0	2
ASV1280	0	0	1	0	0	75	0	0	0	0	0	0	0	1	0	0	0	0	0	0	0	0	0	0	0	0	0	0	0	0	7	0	0	0	0	0	0	0	1	0	0	0	0
ASV435	0	0	0	0	11	1	9	0	0	0	0	0	6	0	0	0	0	0	0	0	0	0	0	0	0	0	6	0	2	0	0	18	0	0	1	0	25	0	0	6	0	0	0
ASV454	2	0	0	0	0	13	0	0	0	0	0	0	0	18	0	0	0	0	0	0	0	0	9	0	0	0	5	24	0	0	0	13	0	0	0	0	0	0	0	0	0	0	0
ASV457	30	15	0	11	0	0	0	0	0	0	0	0	0	0	0	0	0	0	0	0	0	0	2	0	0	0	13	8	5	0	0	0	0	0	0	0	0	0	0	0	0	0	0
ASV569	1	0	0	1	0	29	1	0	5	0	0	0	0	0	5	0	1	0	0	0	0	0	0	13	2	7	0	0	1	0	10	0	0	1	0	0	2	3	0	0	0	1	1
ASV477	0	9	3	0	9	0	0	0	0	0	0	6	7	14	0	0	0	0	0	0	0	0	3	0	0	0	6	14	4	0	2	5	0	0	0	0	0	0	0	0	0	0	1
ASV499	0	0	0	0	0	0	0	0	36	0	0	0	0	0	7	0	0	0	0	0	0	0	0	0	0	0	0	0	0	0	4	0	0	0	7	7	0	5	3	0	0	0	14
ASV501	0	0	0	0	0	23	0	0	0	0	0	0	0	0	0	0	0	0	0	0	11	0	0	0	0	0	0	0	0	4	0	0	35	0	0	0	3	0	0	0	0	0	7
ASV701	0	0	0	0	0	75	0	0	0	0	0	0	0	0	0	0	0	0	0	0	0	0	0	0	0	0	0	0	0	0	8	0	0	0	0	0	0	0	0	0	0	0	0
ASV498	0	0	7	0	17	0	0	0	0	0	0	0	0	0	0	0	0	0	13	44	0	0	1	0	0	0	0	0	0	0	0	0	0	0	0	0	0	0	0	0	0	0	0
ASV455	0	0	0	18	0	0	0	0	0	0	0	0	0	0	0	0	0	0	56	0	0	0	0	0	0	0	5	0	0	0	0	0	0	0	0	0	0	2	0	0	0	0	0
ASV465	0	0	0	8	0	0	0	0	0	0	0	0	0	1	12	0	0	0	0	0	0	0	0	0	0	0	9	0	0	1	6	0	0	0	9	10	0	6	9	0	0	0	10
ASV470	0	0	0	0	0	0	0	0	0	0	0	0	0	0	0	0	0	19	31	0	0	31	0	0	0	0	0	0	0	0	0	0	0	0	0	0	0	0	0	0	0	0	0
ASV507	0	1	1	12	5	0	0	0	0	0	0	0	0	21	0	0	0	0	0	0	0	0	5	0	0	0	6	3	11	2	8	6	0	0	0	0	0	0	0	0	0	0	0
ASV645	0	0	0	0	0	62	0	0	0	0	0	0	6	3	0	0	0	0	0	0	0	0	0	0	0	0	0	4	0	0	3	0	0	0	0	0	0	0	0	3	0	0	0
ASV783	2	8	5	1	5	0	2	0	5	8	0	0	1	8	4	0	0	0	0	1	0	1	2	0	0	11	6	4	2	2	3	0	0	0	0	0	0	0	0	0	0	0	0
ASV469	0	4	0	0	0	0	0	0	0	5	0	6	0	0	0	0	0	0	15	0	0	0	5	22	0	0	0	1	5	0	0	0	0	17	0	0	0	0	0	0	0	0	0
ASV897	23	7	0	0	8	0	4	1	10	0	0	0	3	0	12	0	0	1	0	0	0	0	3	0	0	0	0	0	2	0	0	6	0	0	0	0	0	0	0	0	0	0	0
ASV480	0	0	0	2	0	0	0	0	21	0	0	0	0	24	0	0	0	0	0	0	0	0	0	0	0	0	4	0	0	0	0	0	28	0	0	0	0	0	0	0	0	0	0
ASV557	0	0	0	0	0	19	1	0	0	0	0	0	0	0	0	0	0	0	0	0	0	0	0	0	0	57	0	0	0	0	0	0	0	0	0	1	0	0	1	0	0	0	0
ASV476	8	11	0	0	8	2	5	4	0	15	0	0	0	0	0	0	0	0	0	0	0	0	2	0	0	0	7	0	5	2	6	0	0	0	0	0	0	0	0	0	0	3	0
ASV509	0	0	0	0	0	24	0	0	0	0	0	0	0	0	0	0	0	0	1	0	0	0	0	0	0	0	0	0	0	0	0	0	0	53	0	0	0	0	0	0	0	0	0
ASV539	0	0	0	0	0	68	0	0	0	0	0	0	0	0	0	0	0	0	0	0	0	0	0	0	0	0	0	0	0	0	0	0	0	0	0	0	10	0	0	0	0	0	0
ASV857	51	5	0	0	1	0	1	1	1	1	0	0	2	0	1	0	0	0	0	0	0	0	2	0	0	0	5	1	4	1	0	1	0	0	0	0	0	0	0	0	0	0	0
ASV492	4	11	1	0	7	0	3	0	8	0	0	11	5	0	0	0	0	0	0	0	0	0	5	0	0	0	5	0	0	1	16	0	0	0	0	0	0	0	0	0	0	0	0
ASV722	0	8	0	2	3	0	27	5	0	3	0	0	0	10	0	0	0	0	0	0	0	0	2	0	0	0	0	3	9	0	5	0	0	0	0	0	0	0	0	0	0	0	0
ASV473	0	17	0	0	4	0	6	0	0	0	0	0	0	0	0	0	0	0	0	0	0	0	8	0	0	0	0	0	0	0	0	0	0	0	1	1	0	5	0	0	0	33	1
ASV544	0	0	0	0	0	3	6	0	13	9	0	0	0	0	0	0	0	0	0	0	0	0	0	0	0	40	5	0	0	0	0	0	0	0	0	0	0	0	0	0	0	0	0
ASV595	0	0	0	0	0	9	1	0	33	0	0	6	0	0	0	18	0	0	0	0	0	0	0	0	0	0	1	0	0	2	0	2	0	0	0	0	0	2	0	2	0	0	0
ASV545	0	0	0	0	0	0	0	0	0	0	0	66	0	0	0	0	0	0	0	0	0	0	0	0	0	0	0	0	8	0	0	0	0	0	0	0	0	1	0	0	0	0	0
ASV628	0	0	0	0	0	44	0	0	0	0	0	0	0	0	0	0	0	0	0	0	0	0	0	31	0	0	0	0	0	0	0	0	0	0	0	0	0	0	0	0	0	0	0
ASV576	3	0	0	6	0	0	0	0	0	0	0	3	4	0	0	0	0	0	0	0	0	0	3	0	0	0	0	1	0	1	0	0	0	0	0	0	0	0	2	0	0	51	0
ASV800	0	0	0	0	0	41	0	0	0	0	0	0	0	0	0	0	0	0	0	0	0	0	0	8	0	0	0	0	0	0	0	0	15	0	0	0	5	0	2	0	0	0	3
ASV452	0	0	0	0	0	0	0	0	0	0	0	0	0	0	0	0	0	0	0	0	0	0	0	1	0	0	0	0	0	0	0	0	0	71	0	0	0	0	0	0	0	1	0
ASV481	0	0	26	0	0	13	0	7	0	0	0	0	0	0	0	0	0	0	24	0	0	0	3	0	0	0	0	0	0	0	0	0	0	0	0	0	0	0	0	0	0	0	0
ASV485	0	0	13	0	0	6	0	0	0	0	0	0	0	0	14	0	0	34	0	0	0	1	0	0	0	0	0	0	0	0	0	0	0	0	0	0	0	0	5	0	0	0	0
ASV508	0	11	0	0	0	3	6	0	0	0	0	0	0	0	0	0	0	0	0	0	0	0	1	0	0	21	0	0	5	4	0	9	0	0	0	0	0	0	0	0	0	11	2
ASV586	0	0	1	0	0	13	0	0	0	0	0	0	0	0	0	0	0	0	0	0	0	0	0	5	0	0	0	0	0	0	0	0	52	0	0	0	0	0	0	0	0	0	2
ASV619	0	0	0	0	0	2	0	0	0	0	56	0	0	0	0	0	8	1	0	0	0	0	0	0	0	0	0	0	0	0	5	0	0	0	0	0	0	0	0	0	0	0	1
ASV676	11	2	0	0	3	0	0	0	0	0	0	0	7	0	0	10	0	0	0	0	0	0	0	0	5	20	14	0	0	0	1	0	0	0	0	0	0	0	0	0	0	0	0
ASV487	3	7	0	0	10	0	5	7	4	0	0	0	8	0	0	0	0	0	0	0	0	0	0	0	0	0	0	0	3	3	1	0	0	0	0	0	0	0	0	0	0	21	0
ASV513	0	0	0	0	0	69	0	0	0	0	0	0	0	0	0	0	0	0	0	0	0	0	0	0	0	0	0	0	0	0	0	3	0	0	0	0	0	0	0	0	0	0	0
ASV524	0	0	0	0	16	0	0	0	0	0	0	0	0	0	0	0	0	0	0	0	41	0	0	0	0	0	0	0	15	0	0	0	0	0	0	0	0	0	0	0	0	0	0
ASV573	2	4	0	5	1	0	0	0	25	0	0	0	0	14	0	0	0	0	0	0	0	0	4	0	0	0	3	0	4	0	0	10	0	0	0	0	0	0	0	0	0	0	0
ASV584	0	0	0	38	11	7	5	0	0	0	0	0	7	0	0	0	0	0	0	0	0	0	0	0	0	0	0	3	1	0	0	0	0	0	0	0	0	0	0	0	0	0	0
ASV687	10	5	0	0	3	0	0	1	0	1	0	0	8	0	6	0	0	0	0	0	0	0	0	0	0	0	9	0	6	2	0	0	0	0	6	1	0	6	1	0	0	3	4
ASV510	0	0	0	0	0	9	0	0	0	0	0	0	10	13	0	0	0	0	0	0	8	0	0	11	0	0	0	0	0	9	8	0	0	0	0	0	0	0	3	0	0	0	0
ASV552	0	0	0	0	0	0	0	0	0	0	0	0	0	0	0	4	0	0	0	2	2	2	0	0	7	16	0	0	1	0	0	0	35	0	0	1	1	0	0	0	0	0	0
ASV572	0	0	19	0	0	0	0	0	30	0	0	0	0	1	8	0	0	0	0	0	0	10	0	2	0	0	0	0	1	0	0	0	0	0	0	0	0	0	0	0	0	0	0
ASV597	0	0	0	0	0	0	7	1	0	0	0	0	0	0	0	0	0	0	0	0	0	0	0	0	0	0	0	0	0	0	0	0	1	0	0	0	0	0	0	0	2	60	0
ASV587	0	0	2	2	12	2	5	0	15	0	0	5	0	0	0	8	0	0	0	0	0	0	9	0	0	0	0	0	1	0	7	0	0	0	0	1	0	0	0	1	0	0	0
ASV521	13	0	0	0	0	0	0	0	0	0	0	0	0	0	0	0	0	0	0	0	0	0	0	0	0	0	0	0	0	0	0	28	0	0	0	0	0	0	0	0	0	0	28
ASV526	0	0	0	0	1	0	67	0	0	0	0	0	0	0	0	0	0	0	0	0	0	0	0	0	0	0	0	1	0	0	0	0	0	0	0	0	0	0	0	0	0	0	0
ASV675	0	0	0	0	0	0	0	0	0	0	0	0	0	0	0	0	0	0	0	0	0	0	0	0	0	0	0	0	0	0	0	0	0	0	2	1	55	0	3	0	7	1	0
ASV494	0	0	0	0	0	28	0	0	0	0	0	0	0	0	0	0	0	0	0	1	0	0	0	32	0	0	0	0	0	0	7	0	0	0	0	0	0	0	0	0	0	0	0
ASV567	0	0	0	0	3	0	12	0	0	8	0	14	0	5	0	6	0	0	0	0	0	0	2	0	0	13	0	0	2	2	0	0	0	0	0	0	0	0	1	0	0	0	0
ASV590	0	0	1	0	0	63	0	0	0	0	0	0	0	0	0	0	0	0	0	0	0	0	2	0	0	0	0	0	0	0	0	0	0	0	0	0	0	0	0	0	0	0	2
ASV778	0	0	6	0	0	53	0	0	0	0	0	0	0	0	0	0	0	0	0	0	0	0	0	0	0	0	0	0	0	1	0	0	0	0	1	0	0	0	0	0	0	0	7
ASV505	12	0	0	0	21	0	1	0	0	0	0	0	0	0	0	0	0	0	0	0	1	0	0	0	0	0	0	0	0	0	0	0	0	0	0	0	18	0	0	0	0	11	3
ASV532	0	0	0	5	0	62	0	0	0	0	0	0	0	0	0	0	0	0	0	0	0	0	0	0	0	0	0	0	0	0	0	0	0	0	0	0	0	0	0	0	0	0	0
ASV589	0	0	0	0	0	0	0	0	0	64	0	0	0	0	0	0	0	0	0	0	0	0	1	0	0	0	0	0	0	0	0	0	0	0	0	0	0	0	2	0	0	0	0
ASV682	0	0	0	0	0	36	0	0	9	0	0	0	0	0	0	0	0	0	0	0	0	0	0	0	0	0	0	0	0	0	0	0	0	18	0	0	0	1	0	3	0	0	0
ASV606	0	15	32	9	0	0	0	0	0	0	0	0	0	0	0	0	0	0	0	0	0	0	4	0	0	0	0	0	4	0	0	0	0	0	0	0	0	0	0	0	1	0	1
ASV520	0	0	0	8	0	0	0	0	0	0	0	0	0	0	0	0	0	0	5	1	1	0	0	1	0	1	7	0	0	0	0	0	0	0	0	0	41	0	0	0	0	0	0
ASV542	0	2	7	0	35	0	2	0	0	0	0	0	4	0	0	0	0	0	0	0	0	0	0	0	0	0	15	0	0	0	0	0	0	0	0	0	0	0	0	0	0	0	0
ASV553	0	1	0	15	1	0	5	0	23	0	0	0	3	0	2	0	0	0	0	0	0	0	0	0	0	0	2	3	4	6	0	0	0	0	0	0	0	0	0	0	0	0	0
ASV554	0	0	0	0	64	0	0	0	0	0	0	0	0	0	0	0	0	0	0	0	0	0	0	0	0	0	0	0	0	0	0	1	0	0	0	0	0	0	0	0	0	0	0
ASV574	12	2	0	0	5	5	0	0	0	0	0	0	7	0	0	0	0	0	0	0	0	0	6	0	0	0	0	0	0	0	0	0	0	0	0	2	0	0	0	0	23	3	0
ASV588	3	0	0	18	0	3	15	0	0	0	0	7	7	0	0	0	0	0	0	0	0	0	7	0	0	0	0	0	0	0	0	3	0	0	1	0	0	1	0	0	0	0	0
ASV1052	0	0	0	0	0	19	0	0	14	0	1	0	0	0	0	0	0	0	0	0	0	0	0	0	0	0	0	4	0	0	17	0	0	0	0	0	3	0	0	5	0	0	1
ASV1287	0	0	0	0	0	13	0	0	5	0	0	0	0	0	0	0	0	0	0	0	0	0	0	6	0	37	0	0	1	0	0	0	0	0	0	0	0	0	0	2	0	0	0
ASV1510	0	16	0	4	6	1	17	0	0	0	0	0	7	0	0	0	0	0	0	0	0	0	3	0	0	0	2	0	3	0	0	0	0	0	0	0	0	0	0	0	0	5	0
ASV497	0	6	0	0	0	0	0	0	0	0	0	0	0	0	0	0	0	0	0	0	0	0	0	0	16	0	0	0	0	11	20	0	0	0	0	0	0	0	0	0	0	9	2
ASV504	0	0	0	0	0	5	0	0	0	0	0	0	0	0	0	29	0	0	0	0	0	0	0	0	0	0	0	0	7	0	0	0	0	23	0	0	0	0	0	0	0	0	0
ASV578	0	0	0	9	7	0	6	8	0	6	0	0	0	0	12	0	0	0	0	0	0	0	0	0	0	0	0	1	5	10	0	0	0	0	0	0	0	0	0	0	0	0	0
ASV1086	9	1	0	4	3	1	8	0	3	1	0	4	1	1	0	0	0	0	0	11	0	0	2	0	0	0	2	5	1	1	5	0	0	0	0	0	0	0	0	0	0	0	0
ASV527	0	4	11	11	0	1	12	0	0	0	0	7	5	7	0	0	0	0	0	0	0	0	1	0	0	0	0	0	1	0	1	2	0	0	0	0	0	0	0	0	0	0	0
ASV534	0	0	5	0	0	0	0	0	0	0	0	6	0	0	0	0	0	0	0	0	0	31	6	0	0	0	0	0	0	15	0	0	0	0	0	0	0	0	0	0	0	0	0
ASV603	0	0	0	0	0	34	0	0	0	0	0	0	0	0	0	0	0	0	0	0	0	0	0	29	0	0	0	0	0	0	0	0	0	0	0	0	0	0	0	0	0	0	0
ASV620	0	0	0	0	13	0	0	0	0	0	0	0	1	0	0	0	0	0	0	0	0	0	4	0	0	20	0	0	4	4	6	0	0	0	1	0	0	2	4	0	0	0	4
ASV710	1	0	1	0	3	0	0	0	0	14	0	8	2	0	18	0	0	0	0	0	0	0	2	0	0	0	0	0	1	0	4	9	0	0	0	0	0	0	0	0	0	0	0
ASV543	7	1	0	0	4	0	0	0	7	20	0	0	0	0	0	0	0	0	0	0	0	0	3	8	0	0	0	6	0	2	0	4	0	0	0	0	0	0	0	0	0	0	0
ASV559	0	0	0	0	0	0	0	0	0	0	0	0	3	0	0	0	0	0	0	0	0	0	6	0	7	0	0	0	2	0	3	0	33	0	0	0	0	0	0	0	0	8	0
ASV579	0	11	1	6	8	0	0	0	0	0	0	0	0	9	0	0	0	0	0	0	0	0	0	0	0	0	5	0	5	5	0	0	0	0	0	12	0	0	0	0	0	0	0
ASV653	0	0	0	0	0	0	0	0	0	0	0	0	0	0	0	0	0	0	0	0	0	0	0	0	0	0	0	0	0	0	0	0	0	0	27	9	10	13	2	0	0	1	0
ASV733	8	0	0	6	2	0	0	0	0	0	0	0	0	0	0	0	0	0	0	0	0	0	0	0	0	0	0	3	5	2	2	0	0	0	1	0	0	26	7	0	0	0	0
ASV998	0	9	0	16	6	0	4	10	0	0	0	0	0	0	0	0	0	0	0	0	0	0	4	0	0	0	0	1	2	0	2	8	0	0	0	0	0	0	0	0	0	0	0
ASV546	0	0	0	0	0	0	0	0	0	0	0	0	0	0	0	0	0	0	0	0	0	0	0	0	0	1	0	0	0	0	0	0	0	0	0	0	0	0	2	0	0	43	15
ASV564	0	0	0	0	0	0	10	1	0	0	0	0	0	0	0	0	0	0	0	0	0	0	7	0	0	43	0	0	0	0	0	0	0	0	0	0	0	0	0	0	0	0	0
ASV594	0	0	0	0	0	5	0	0	0	0	0	0	0	0	0	0	0	0	0	0	0	0	0	0	0	55	0	0	0	0	0	0	0	0	0	0	0	0	0	0	0	0	1
ASV631	0	0	0	0	0	12	0	0	0	0	48	0	0	0	0	0	0	0	0	0	0	0	0	0	0	0	0	0	0	0	1	0	0	0	0	0	0	0	0	0	0	0	0
ASV684	0	0	0	0	0	0	2	0	0	0	0	0	0	0	2	0	0	0	0	0	0	0	0	0	0	0	8	0	2	0	0	0	0	0	0	0	23	3	5	15	0	0	1
ASV517	0	0	0	0	0	0	0	0	0	0	0	0	0	0	0	0	0	0	0	0	59	0	0	0	0	0	0	0	0	0	0	0	0	0	0	0	0	0	0	0	0	0	1
ASV519	0	0	0	0	0	0	0	0	0	0	0	0	0	0	0	0	0	0	0	0	0	0	0	0	0	0	0	0	0	0	0	0	0	0	1	0	56	1	0	2	0	0	0
ASV536	0	0	0	0	0	5	0	0	0	0	0	0	0	45	0	0	0	0	0	0	0	0	0	0	0	0	0	0	0	0	0	0	0	0	0	1	0	1	0	0	1	5	2
ASV663	0	0	0	0	0	20	0	0	0	0	0	0	0	0	0	0	0	0	0	0	0	0	0	0	9	0	0	0	0	0	7	0	0	0	0	0	0	0	0	8	0	0	16
ASV672	0	0	0	0	0	29	0	0	0	0	0	0	0	0	0	0	0	0	0	0	0	0	0	0	0	21	0	0	0	0	0	0	0	0	0	0	0	0	0	9	1	0	0
ASV689	0	0	0	0	8	8	0	0	5	0	0	0	0	0	0	0	0	0	0	0	0	0	0	0	0	0	0	5	0	0	0	2	0	0	0	0	0	0	0	0	1	28	3
ASV734	0	0	0	0	0	0	0	0	0	0	0	0	0	0	0	0	0	0	0	0	0	0	0	0	0	0	0	0	0	0	0	0	0	0	3	0	0	11	0	0	0	46	0
ASV751	0	0	0	0	0	0	0	0	0	0	0	0	0	0	0	0	0	15	0	0	0	0	0	5	0	16	0	0	0	0	0	0	22	0	0	0	0	0	0	2	0	0	0
ASV837	0	0	0	0	0	13	0	0	0	0	0	0	0	0	0	0	0	0	0	0	0	0	0	0	0	0	0	14	0	0	0	0	33	0	0	0	0	0	0	0	0	0	0
ASV1142	0	0	0	4	0	9	0	0	0	4	0	2	0	2	0	3	2	0	2	7	0	0	0	0	2	0	1	0	0	0	1	0	17	0	0	0	1	0	0	2	0	0	0
ASV1301	0	0	0	0	0	0	2	0	0	0	0	0	0	0	0	0	0	0	0	0	0	0	0	0	0	0	0	0	0	1	0	0	0	0	1	0	40	2	1	12	0	0	0
ASV548	0	0	0	8	0	0	0	0	0	0	0	1	0	0	46	0	0	0	0	0	0	0	3	0	0	0	0	0	0	1	0	0	0	0	0	0	0	0	0	0	0	0	0
ASV565	0	6	0	0	0	9	0	0	0	0	0	0	0	0	0	0	0	0	0	0	0	2	0	0	0	0	0	0	0	0	5	33	0	1	0	0	0	2	1	0	0	0	0
ASV583	0	0	0	1	0	0	4	0	0	0	0	9	0	0	0	0	0	0	0	0	0	0	0	0	0	0	0	0	0	0	0	0	0	45	0	0	0	0	0	0	0	0	0
ASV592	0	0	0	0	0	0	0	0	0	0	0	0	0	0	0	0	0	0	0	0	0	0	14	0	0	0	0	0	2	0	0	0	0	0	0	1	0	0	0	1	0	41	0
ASV617	0	0	0	0	0	32	0	0	0	0	0	0	0	0	0	0	0	0	0	0	0	2	0	0	24	0	0	0	0	0	0	0	0	0	0	0	0	0	0	0	0	0	1
ASV651	0	0	0	0	0	20	0	0	0	0	0	0	0	0	0	0	0	0	0	0	0	0	0	0	0	33	0	0	0	0	0	0	0	0	0	0	0	0	0	0	0	0	6
ASV658	7	4	0	0	4	2	0	1	0	4	0	0	0	0	0	0	0	0	0	0	0	0	8	0	0	0	10	7	0	0	4	5	0	0	0	0	0	0	0	0	0	0	3
ASV668	7	6	6	12	2	0	0	2	0	2	0	0	5	0	2	0	0	0	0	0	0	0	0	0	0	0	0	0	0	2	3	9	0	0	0	0	0	0	0	0	0	1	0
ASV671	0	0	0	0	0	29	0	0	27	0	0	0	0	0	0	0	0	0	0	0	0	0	0	0	0	0	0	0	0	0	0	0	0	0	0	0	0	0	0	0	0	0	3
ASV771	2	1	1	1	0	1	0	0	0	0	0	0	0	0	0	0	0	0	0	0	0	0	2	0	0	0	1	0	0	1	0	1	0	0	0	0	0	0	0	0	0	48	0
ASV556	0	0	0	0	0	0	15	0	0	0	0	0	0	0	0	0	0	0	0	0	0	0	0	0	0	0	27	0	0	0	0	0	0	0	0	0	0	0	0	0	0	16	0
ASV632	4	6	2	0	0	1	0	0	1	0	0	2	0	0	1	0	0	0	0	0	0	0	9	0	0	0	9	2	6	1	4	10	0	0	0	0	0	0	0	0	0	0	0
ASV665	0	0	0	0	0	19	0	0	0	0	0	0	0	0	0	0	0	0	0	0	0	0	0	39	0	0	0	0	0	0	0	0	0	0	0	0	0	0	0	0	0	0	0
ASV767	0	2	0	0	1	0	0	0	0	0	0	0	0	0	0	0	0	0	0	30	0	0	0	0	0	11	0	0	4	1	6	0	0	0	0	0	2	0	0	1	0	0	0
ASV528	0	0	0	12	0	0	10	0	0	0	0	0	0	0	0	34	0	0	0	0	0	0	0	0	0	0	0	0	0	0	0	1	0	0	0	0	0	0	0	0	0	0	0
ASV608	0	0	0	0	0	0	0	0	0	0	0	0	0	54	0	0	0	0	0	0	0	0	2	0	0	0	0	0	0	1	0	0	0	0	0	0	0	0	0	0	0	0	0
ASV735	9	0	0	2	0	1	4	0	11	0	0	0	0	0	0	0	0	0	0	0	0	0	10	0	0	0	11	0	0	0	4	5	0	0	0	0	0	0	0	0	0	0	0
ASV1246	5	0	0	0	0	37	0	0	0	0	0	0	0	0	0	0	0	0	0	0	0	0	2	0	0	0	0	10	0	1	0	0	0	0	0	0	1	0	0	0	0	0	0
ASV607	4	0	0	0	0	4	0	0	0	0	0	0	0	0	0	0	0	0	0	0	0	0	6	0	0	0	18	0	10	9	5	0	0	0	0	0	0	0	0	0	0	0	0
ASV612	4	10	1	1	8	0	0	0	0	0	0	0	5	0	0	0	0	0	0	0	0	0	7	0	0	0	7	2	4	7	0	0	0	0	0	0	0	0	0	0	0	0	0
ASV1250	0	0	0	1	0	49	0	0	0	0	0	0	0	0	0	0	0	0	0	0	0	0	0	0	0	0	0	0	5	0	0	0	0	0	0	0	0	0	0	0	0	0	0
ASV562	0	0	0	0	0	0	0	0	0	8	0	0	0	0	0	0	0	0	0	0	0	0	2	0	0	36	0	0	0	0	0	0	0	0	4	1	0	0	4	0	0	0	0
ASV566	0	0	1	0	0	0	0	0	0	0	0	0	0	0	0	0	0	0	0	0	0	0	0	0	0	0	16	0	0	38	0	0	0	0	0	0	0	0	0	0	0	0	0
ASV609	0	0	0	0	0	2	0	0	0	0	0	0	0	0	0	3	0	0	0	0	0	0	0	0	0	0	0	0	0	0	0	0	48	0	0	0	0	0	0	0	0	0	2
ASV649	0	0	0	0	0	0	0	0	0	0	0	0	0	0	0	0	0	1	0	0	0	0	0	0	0	0	0	0	6	0	0	0	0	0	0	0	0	0	0	0	2	6	40
ASV692	0	3	5	10	0	2	7	5	0	1	0	0	0	0	0	0	0	0	0	0	0	0	0	0	0	0	0	6	0	9	0	7	0	0	0	0	0	0	0	0	0	0	0
ASV788	44	0	0	1	0	1	0	0	0	0	0	0	0	4	0	0	0	0	0	0	0	0	5	0	0	0	0	0	0	0	0	0	0	0	0	0	0	0	0	0	0	0	0
ASV898	16	7	0	11	3	1	4	0	0	0	0	0	0	0	1	0	0	0	0	0	0	0	0	0	0	0	1	0	6	2	2	1	0	0	0	0	0	0	0	0	0	0	0
ASV580	0	0	4	0	1	0	0	0	0	0	0	0	0	0	0	0	0	0	0	0	0	17	2	0	0	0	15	9	0	4	2	0	0	0	0	0	0	0	0	0	0	0	0
ASV604	0	0	0	0	0	7	0	0	0	0	0	0	0	0	0	0	0	0	0	0	0	0	0	0	0	47	0	0	0	0	0	0	0	0	0	0	0	0	0	0	0	0	0
ASV683	7	2	0	0	21	0	0	2	0	0	0	0	0	0	0	0	0	1	0	0	0	0	9	0	0	0	0	0	0	3	0	7	0	0	0	0	0	0	1	0	1	0	0
ASV812	0	0	2	0	0	46	1	0	0	0	0	0	1	0	0	4	0	0	0	0	0	0	0	0	0	0	0	0	0	0	0	0	0	0	0	0	0	0	0	0	0	0	0
ASV838	0	7	0	0	4	22	0	0	0	1	0	0	1	0	1	0	0	0	0	0	0	0	6	0	0	0	5	3	0	0	2	0	0	0	0	0	0	0	2	0	0	0	0
ASV1604	4	1	1	3	5	3	1	2	2	1	0	2	0	3	1	1	2	1	2	0	0	1	0	0	0	1	3	2	1	2	0	4	0	0	1	0	1	0	1	0	0	0	1
ASV750	0	0	0	0	0	0	0	0	0	3	0	7	0	0	9	13	0	0	0	0	0	0	0	0	0	0	0	0	14	0	0	0	0	0	0	0	1	0	1	5	0	0	0
ASV931	0	1	0	5	0	0	0	0	0	0	0	0	0	0	7	0	5	0	0	0	0	0	0	0	0	14	0	8	0	0	0	0	0	0	0	0	7	2	0	3	0	0	1
ASV1275	0	0	0	0	0	0	0	0	0	0	0	0	0	0	0	0	0	0	0	0	0	0	0	0	0	0	0	0	0	0	0	0	0	0	8	2	34	1	0	0	7	0	0
ASV577	0	0	0	0	0	0	0	0	0	0	0	0	0	0	0	0	0	44	0	0	0	0	0	0	0	1	0	0	0	0	0	0	0	0	0	0	0	0	0	0	0	7	0
ASV599	0	0	0	0	0	1	0	0	0	0	0	0	0	0	0	0	0	0	0	25	0	0	0	0	0	0	0	0	0	0	0	0	0	25	0	0	0	0	0	0	0	0	1
ASV601	0	0	0	0	0	2	0	0	0	0	0	0	0	0	0	1	0	0	0	0	0	0	0	0	0	49	0	0	0	0	0	0	0	0	0	0	0	0	0	0	0	0	0
ASV610	0	0	0	0	0	0	0	0	0	0	0	0	0	0	0	0	0	0	0	1	0	0	0	0	0	0	0	0	0	0	0	0	0	0	0	3	0	3	39	0	4	2	0
ASV729	5	0	0	5	4	0	2	0	0	0	0	0	14	0	0	0	0	0	0	0	0	0	2	0	0	0	0	0	1	0	0	0	0	0	0	1	0	18	0	0	0	0	0
ASV866	11	0	0	0	10	0	6	0	0	0	0	0	0	0	0	0	0	0	0	0	0	0	14	0	0	0	1	0	5	1	4	0	0	0	0	0	0	0	0	0	0	0	0
ASV1164	0	0	0	0	0	15	0	0	0	0	18	0	0	0	0	0	0	0	0	0	4	0	0	10	0	0	0	0	0	0	0	0	0	4	0	0	0	0	0	0	0	0	0
ASV1569	3	0	0	21	1	0	0	0	0	0	0	0	0	0	1	0	0	0	0	0	0	0	2	0	0	0	8	2	5	8	0	0	0	0	0	0	0	0	0	0	0	0	0
ASV570	0	0	0	1	0	50	0	0	0	0	0	0	0	0	0	0	0	0	0	0	0	0	0	0	0	0	0	0	0	0	0	0	0	0	0	0	0	0	0	0	0	0	0
ASV622	0	1	0	0	0	0	1	0	0	0	0	0	0	0	1	0	0	0	0	0	0	0	0	0	0	0	0	0	0	3	45	0	0	0	0	0	0	0	0	0	0	0	0
ASV637	3	2	0	0	0	1	0	0	0	0	0	0	0	0	0	0	0	0	0	0	0	0	0	19	0	0	0	9	1	0	1	15	0	0	0	0	0	0	0	0	0	0	0
ASV643	0	8	0	0	0	0	0	2	0	0	0	0	6	4	1	0	0	0	0	0	0	0	10	0	0	0	0	0	6	0	14	0	0	0	0	0	0	0	0	0	0	0	0
ASV670	0	0	0	0	0	2	0	0	0	0	0	0	0	9	0	0	0	39	0	0	0	0	0	0	0	0	0	0	0	0	1	0	0	0	0	0	0	0	0	0	0	0	0
ASV695	0	0	0	0	0	12	0	0	0	0	0	0	0	0	0	0	0	0	1	0	0	0	0	0	0	38	0	0	0	0	0	0	0	0	0	0	0	0	0	0	0	0	0
ASV713	14	1	3	6	0	1	2	0	0	0	0	0	0	0	3	0	0	0	0	0	0	0	0	0	0	0	0	4	10	2	2	3	0	0	0	0	0	0	0	0	0	0	0
ASV756	0	0	0	0	0	0	0	0	0	0	0	0	0	0	0	0	0	0	0	0	0	50	0	1	0	0	0	0	0	0	0	0	0	0	0	0	0	0	0	0	0	0	0
ASV616	0	0	45	0	5	0	0	0	0	0	0	0	0	0	0	0	0	0	0	0	0	0	0	0	0	0	0	0	0	0	0	0	0	0	0	0	0	0	0	0	0	0	0
ASV624	0	2	0	2	0	0	0	0	0	0	0	0	13	0	22	0	0	0	0	0	0	0	0	0	0	0	2	9	0	0	0	0	0	0	0	0	0	0	0	0	0	0	0
ASV640	2	0	0	3	0	1	2	3	0	0	0	0	5	0	0	0	0	0	0	0	0	0	4	0	0	0	4	0	13	1	0	12	0	0	0	0	0	0	0	0	0	0	0
ASV708	0	0	0	3	0	0	0	4	0	0	0	0	0	0	0	0	0	0	0	0	0	0	3	0	0	0	6	0	4	2	0	0	0	0	1	0	4	1	0	19	2	0	1
ASV712	36	6	0	0	1	0	0	3	0	0	0	0	0	0	0	0	0	0	0	0	0	0	1	0	0	0	3	0	0	0	0	0	0	0	0	0	0	0	0	0	0	0	0
ASV718	0	0	0	26	10	0	0	0	0	1	0	2	0	0	0	0	0	0	0	0	0	0	4	0	0	0	0	1	3	2	1	0	0	0	0	0	0	0	0	0	0	0	0
ASV752	2	12	0	0	9	11	0	0	0	0	0	0	1	0	0	0	0	0	0	0	0	0	2	0	0	0	0	0	0	8	0	4	0	0	0	0	0	0	0	0	0	0	1
ASV804	1	6	0	2	3	0	0	0	0	0	0	0	0	0	0	0	0	0	0	0	0	0	1	0	0	0	4	0	0	0	0	0	30	0	0	0	0	0	0	0	3	0	0
ASV825	1	2	0	0	0	2	3	0	0	3	0	0	2	0	4	0	0	0	0	0	0	0	1	0	2	20	5	1	0	1	2	0	0	0	0	0	0	0	0	0	0	1	0
ASV1206	7	6	1	5	0	1	0	0	1	0	0	1	2	3	0	0	0	0	0	0	0	0	4	0	0	0	1	10	0	5	0	0	0	0	0	0	1	0	0	0	1	0	0
ASV1394	0	0	0	0	0	10	0	0	0	0	0	0	0	0	0	0	0	0	0	4	0	34	0	0	0	1	0	0	0	0	0	0	0	0	0	0	0	0	0	0	0	0	0
ASV648	0	0	5	0	1	0	0	0	0	0	0	0	0	0	0	0	0	0	0	0	0	0	7	0	0	0	0	0	0	1	0	0	0	0	0	0	0	3	1	9	1	21	0
ASV655	11	0	0	0	0	1	0	0	36	0	0	0	0	0	0	0	0	0	0	0	0	0	0	0	0	0	0	0	0	0	0	0	0	0	0	1	0	0	0	0	0	0	0
ASV662	0	0	0	0	0	3	0	0	0	0	0	0	14	1	0	0	0	0	0	0	0	0	8	0	0	0	0	0	0	0	5	16	0	0	0	1	0	1	0	0	0	0	0
ASV754	0	0	0	0	0	0	0	0	0	0	0	0	15	0	0	0	0	0	0	0	0	0	0	0	0	0	0	0	0	0	0	0	0	0	2	0	0	2	6	0	0	24	0
ASV981	0	0	0	0	0	48	0	0	1	0	0	0	0	0	0	0	0	0	0	0	0	0	0	0	0	0	0	0	0	0	0	0	0	0	0	0	0	0	0	0	0	0	0
ASV1165	0	0	1	0	0	16	0	0	27	0	0	0	0	0	0	0	0	0	1	0	0	0	0	0	0	0	0	0	0	0	0	0	0	0	0	0	0	0	0	1	0	0	2
ASV1419	0	0	4	0	0	14	0	0	0	0	0	0	0	0	0	0	12	0	0	0	0	0	0	0	0	0	0	0	6	0	7	0	0	0	0	0	1	0	3	1	0	0	0
ASV613	0	1	0	1	0	0	0	0	3	0	0	0	8	0	24	0	0	0	0	0	0	0	0	0	0	0	2	5	2	0	1	0	0	0	0	1	0	0	0	0	0	0	0
ASV647	2	15	0	0	0	0	0	0	0	0	0	0	0	0	0	0	0	0	0	0	0	0	0	10	0	0	8	11	2	0	0	0	0	0	0	0	0	0	0	0	0	0	0
ASV650	0	0	0	0	0	12	0	0	0	0	0	0	0	0	0	0	0	0	0	0	0	0	0	13	0	0	0	0	0	0	3	0	20	0	0	0	0	0	0	0	0	0	0
ASV831	0	0	0	4	0	26	0	0	0	0	0	0	0	0	0	0	0	0	0	0	0	0	0	0	0	0	0	0	0	0	4	0	0	0	0	0	0	1	0	0	0	0	13
ASV936	0	10	0	0	5	0	2	0	0	0	0	0	0	0	0	0	0	0	0	0	0	0	1	0	0	1	1	3	1	2	0	0	0	0	2	0	3	1	4	9	3	0	0
ASV1078	0	0	2	0	0	0	2	8	28	0	0	0	0	0	0	0	0	0	0	0	0	0	0	0	0	0	0	0	0	1	0	4	0	0	1	0	0	1	0	0	0	0	0
ASV625	0	0	0	0	0	4	0	0	0	0	0	0	0	4	0	0	0	24	14	0	0	0	0	0	0	0	0	0	0	0	0	0	0	0	0	0	0	0	0	0	0	0	1
ASV627	3	13	10	0	0	0	0	0	0	0	0	0	4	0	0	0	0	0	0	0	0	0	3	0	0	0	6	0	0	0	8	0	0	0	0	0	0	0	0	0	0	0	0
ASV870	0	9	0	0	5	0	0	0	5	0	0	0	5	0	0	0	0	0	0	0	0	0	3	0	0	0	6	4	0	1	3	6	0	0	0	0	0	0	0	0	0	0	0
ASV621	0	0	0	1	0	1	0	0	0	0	0	0	0	0	0	0	0	0	0	0	0	0	0	0	0	0	0	0	0	0	0	0	0	44	0	0	0	0	0	0	0	0	0
ASV629	6	0	0	0	0	0	0	0	0	0	0	0	0	0	0	0	0	0	0	0	0	0	0	0	0	0	0	0	0	0	0	0	0	0	7	2	0	9	7	0	0	15	0
ASV657	0	0	0	0	1	0	0	0	0	0	0	42	0	0	0	0	0	0	0	0	0	0	0	1	0	0	0	0	0	0	0	0	0	0	0	0	0	0	0	0	2	0	0
ASV678	0	0	0	0	0	0	0	0	0	0	0	0	0	0	0	0	0	0	0	0	0	0	0	42	0	0	0	0	0	0	0	0	0	0	0	0	0	0	0	0	0	0	4
ASV686	0	0	0	5	0	5	0	0	0	0	0	0	0	0	0	0	0	0	0	0	0	0	0	29	0	0	0	0	0	0	0	0	0	0	0	0	0	0	0	0	0	7	0
ASV703	0	5	0	9	0	1	0	0	0	3	0	0	0	15	0	0	0	0	0	0	0	0	0	0	0	0	0	0	2	0	0	11	0	0	0	0	0	0	0	0	0	0	0
ASV865	0	0	0	0	0	0	0	0	0	0	0	0	0	0	0	0	0	0	0	0	0	0	2	0	0	0	27	0	2	1	0	0	0	0	2	3	0	4	1	0	0	4	0
ASV884	0	0	0	0	6	22	0	0	0	0	0	0	0	0	1	0	0	0	0	0	0	0	0	0	0	0	0	0	11	0	0	0	0	0	0	0	5	0	0	0	0	0	1
ASV902	0	0	0	0	1	0	0	0	7	0	0	0	0	0	0	0	0	0	28	0	0	0	1	0	0	0	0	0	0	0	0	9	0	0	0	0	0	0	0	0	0	0	0
ASV1181	2	0	0	1	0	20	0	0	0	2	0	1	1	2	0	0	2	1	0	0	0	2	0	0	0	0	4	0	1	2	2	0	0	0	0	0	0	0	0	1	0	0	1
ASV1416	0	0	0	0	0	26	0	3	0	0	0	0	0	0	0	5	0	0	0	0	0	7	0	0	0	0	0	0	0	1	0	0	0	0	0	0	0	1	0	0	0	0	2
ASV673	0	0	4	1	0	6	0	0	0	0	0	0	0	0	0	0	0	0	0	0	0	0	2	0	0	0	0	0	0	0	30	0	0	0	0	0	0	0	0	0	0	2	0
ASV725	0	0	0	0	0	0	0	0	0	0	0	0	0	0	0	0	0	0	0	0	0	0	1	0	0	0	0	0	0	0	0	0	0	0	0	0	0	0	0	0	0	44	0
ASV766	0	0	0	0	0	5	0	0	0	0	0	0	0	1	0	0	0	0	0	0	0	0	8	0	0	0	4	18	9	0	0	0	0	0	0	0	0	0	0	0	0	0	0
ASV769	0	7	0	3	0	8	0	0	0	0	0	0	0	0	11	0	0	0	0	0	0	11	3	0	0	0	0	0	0	0	0	0	0	0	0	0	0	0	0	0	0	2	0
ASV973	0	0	0	0	0	18	0	0	0	5	0	6	0	0	2	0	2	0	0	0	0	11	0	0	0	0	0	0	0	0	1	0	0	0	0	0	0	0	0	0	0	0	0
ASV1104	9	0	0	0	0	22	7	0	0	0	0	0	0	0	0	0	0	0	0	0	0	0	1	2	0	0	0	0	0	0	0	0	0	0	0	0	2	0	1	0	0	0	0
ASV1189	0	0	0	0	0	0	0	0	0	0	0	0	0	0	0	0	0	0	0	0	0	0	0	0	0	0	0	0	0	0	0	0	0	0	0	0	12	0	3	29	0	0	0
ASV641	0	0	0	3	5	6	0	0	0	0	0	0	9	0	0	0	0	0	0	0	0	0	9	0	0	0	11	0	0	0	1	0	0	0	0	0	0	0	0	0	0	0	0
ASV700	0	0	0	0	0	21	0	0	0	0	0	15	0	0	8	0	0	0	0	0	0	0	0	0	0	0	0	0	0	0	0	0	0	0	0	0	0	0	0	0	0	0	0
ASV702	0	0	0	0	0	0	0	4	0	0	0	39	0	0	0	0	0	0	0	0	0	0	0	0	0	0	0	0	0	0	0	0	0	0	0	0	0	0	0	0	0	0	1
ASV757	0	7	0	0	0	16	0	0	0	0	2	0	0	0	0	0	0	0	0	0	0	0	0	17	0	0	0	0	0	1	0	0	0	0	0	0	0	0	1	0	0	0	0
ASV1609	0	0	0	0	0	8	0	0	0	0	0	13	0	0	5	0	0	0	0	0	0	6	0	0	0	0	0	8	2	0	0	0	0	0	0	0	0	0	1	0	0	0	0
ASV1676	0	0	0	0	0	29	0	0	0	0	0	0	0	0	1	0	0	0	0	0	0	0	0	0	0	0	0	0	0	0	5	0	0	0	0	0	0	0	0	3	0	0	5
ASV669	13	2	0	0	0	0	10	5	0	0	0	0	2	0	0	0	0	0	0	0	0	0	7	0	0	0	3	0	0	0	0	0	0	0	0	0	0	0	0	0	0	1	0
ASV680	0	2	0	3	0	0	0	1	0	0	0	0	0	37	0	0	0	0	0	0	0	0	0	0	0	0	0	0	0	0	0	0	0	0	0	0	0	0	0	0	0	0	0
ASV685	0	0	0	0	0	0	0	0	0	0	0	0	0	0	16	0	0	0	0	0	0	0	0	0	0	0	0	0	0	0	0	0	0	0	0	0	0	1	0	0	0	20	6
ASV748	0	6	0	0	0	0	0	0	0	0	0	0	0	0	0	0	0	0	0	0	0	0	22	0	0	0	0	6	0	9	0	0	0	0	0	0	0	0	0	0	0	0	0
ASV760	0	0	0	0	0	15	0	0	0	0	0	0	0	0	0	0	0	0	0	0	0	0	0	0	28	0	0	0	0	0	0	0	0	0	0	0	0	0	0	0	0	0	0
ASV799	0	10	0	23	0	0	0	0	0	0	0	1	0	0	0	0	0	0	0	0	0	0	1	0	0	0	8	0	0	0	0	0	0	0	0	0	0	0	0	0	0	0	0
ASV1270	0	0	0	0	0	6	0	0	0	16	0	0	10	0	6	0	0	0	0	0	0	0	0	0	0	0	0	4	0	0	0	0	0	0	0	0	0	0	0	0	0	0	0
ASV1856	0	0	0	0	0	0	0	0	0	0	0	0	0	0	0	0	0	0	0	0	0	0	0	0	0	0	0	0	0	0	0	0	0	21	0	0	0	18	3	0	0	0	0
ASV667	17	0	0	0	0	0	1	0	0	0	0	0	0	0	0	0	0	0	0	0	0	0	0	0	0	0	11	0	0	0	0	0	0	0	0	0	0	0	0	0	0	13	0
ASV706	0	6	0	13	0	3	0	0	0	0	0	0	0	0	0	0	0	0	0	0	0	0	2	0	0	0	11	4	0	0	0	3	0	0	0	0	0	0	0	0	0	0	0
ASV709	7	1	6	0	3	0	0	0	0	0	0	0	0	0	12	0	0	0	0	0	0	0	0	0	0	0	0	0	0	4	0	0	0	0	0	0	0	0	0	0	0	8	1
ASV737	0	0	0	0	0	2	0	0	0	0	0	0	0	0	0	0	0	0	0	0	0	0	0	0	0	40	0	0	0	0	0	0	0	0	0	0	0	0	0	0	0	0	0
ASV770	0	6	0	15	0	4	0	0	17	0	0	0	0	0	0	0	0	0	0	0	0	0	0	0	0	0	0	0	0	0	0	0	0	0	0	0	0	0	0	0	0	0	0
ASV841	4	4	0	0	2	0	5	0	8	0	0	0	2	0	0	0	0	0	0	0	0	0	0	0	0	0	9	0	0	0	0	8	0	0	0	0	0	0	0	0	0	0	0
ASV962	0	0	0	0	0	19	0	4	0	0	0	0	0	0	5	0	0	0	0	0	0	0	4	0	0	8	0	0	0	0	0	0	0	0	0	0	0	0	2	0	0	0	0
ASV1035	0	0	0	0	0	38	0	0	0	0	0	0	0	0	0	0	0	0	0	0	0	0	3	0	0	0	0	0	0	0	0	0	0	0	0	0	0	0	0	0	0	0	0
ASV1122	0	0	0	0	1	2	0	1	0	0	0	1	0	0	1	0	0	0	27	0	0	0	0	1	0	0	1	0	0	2	1	0	0	0	0	0	0	1	1	0	0	1	0
ASV1198	0	0	0	0	0	0	0	0	0	4	0	0	0	0	0	0	0	0	0	0	0	0	0	0	0	0	0	0	0	0	0	0	0	0	0	0	1	0	0	0	0	34	2
ASV1241	12	1	0	0	0	0	0	0	21	0	0	0	0	0	0	0	0	0	0	0	0	0	4	0	0	0	0	0	2	1	0	0	0	0	0	0	0	0	0	0	0	0	0
ASV642	0	1	0	0	0	0	0	0	0	0	0	0	0	0	0	0	0	0	0	0	0	0	0	0	0	0	0	0	0	0	0	40	0	0	0	0	0	0	0	0	0	0	0
ASV652	0	0	0	0	0	0	0	0	0	0	0	0	0	0	0	0	0	0	11	0	0	0	0	0	0	0	0	0	0	0	0	0	0	30	0	0	0	0	0	0	0	0	0
ASV736	0	8	0	6	0	0	0	0	10	0	0	0	4	0	0	0	0	0	0	0	0	0	0	0	11	0	0	0	0	0	0	1	0	0	0	0	0	0	0	0	0	0	1
ASV1128	0	5	0	0	4	0	1	3	13	3	0	0	0	7	3	0	0	0	0	0	0	0	1	0	0	0	0	0	0	0	0	0	0	0	0	0	0	0	0	0	0	0	0
ASV1699	0	2	7	3	1	2	0	0	0	1	0	2	3	2	1	0	0	0	0	0	0	0	1	0	1	0	2	0	0	0	0	1	0	0	0	0	0	2	1	0	0	0	8
ASV697	12	0	0	0	0	0	0	0	0	0	1	0	0	0	4	0	0	0	0	0	0	0	0	0	0	0	2	2	0	0	0	0	19	0	0	0	0	0	0	0	0	0	0
ASV704	0	0	0	0	0	0	0	0	0	0	0	0	0	0	0	0	0	0	0	24	0	0	0	0	0	0	0	0	0	0	0	0	0	13	0	0	2	0	1	0	0	0	0
ASV794	0	0	0	0	0	0	2	1	19	0	0	0	0	0	0	0	4	0	1	0	0	5	0	8	0	0	0	0	0	0	0	0	0	0	0	0	0	0	0	0	0	0	0
ASV797	8	0	0	0	0	0	0	0	0	0	0	0	0	0	0	0	0	0	0	0	0	0	0	0	0	0	0	0	0	0	0	31	0	0	0	0	0	0	0	0	0	1	0
ASV801	0	0	0	0	0	4	0	0	0	0	0	0	0	1	0	0	0	0	0	0	6	0	0	0	0	0	0	0	0	0	0	0	0	29	0	0	0	0	0	0	0	0	0
ASV984	5	0	0	10	0	0	3	0	0	0	0	0	0	0	0	0	0	0	0	0	0	0	1	0	0	0	0	0	1	0	0	0	0	0	1	0	0	6	13	0	0	0	0
ASV1047	0	6	0	0	0	0	4	0	0	0	0	0	0	0	0	0	0	0	0	0	0	0	0	0	0	0	0	29	0	0	0	0	0	0	0	0	0	0	0	0	0	0	0
ASV1504	0	0	0	0	0	10	0	0	19	0	0	0	0	0	0	0	0	0	0	0	0	0	0	0	0	0	4	0	0	0	0	0	0	0	0	0	0	0	0	0	0	0	6
ASV1505	0	1	1	2	0	0	3	0	2	1	0	0	3	0	0	1	0	2	0	0	1	1	1	1	1	0	4	1	4	3	1	1	0	0	0	0	2	1	1	0	0	0	0
ASV1768	0	0	0	0	0	14	0	0	0	0	0	0	0	0	9	0	0	15	0	0	0	0	0	0	0	0	0	0	0	0	0	0	0	0	0	0	0	0	0	0	0	1	0
ASV688	0	0	0	0	0	1	0	0	0	0	0	0	0	0	0	0	0	38	0	0	0	0	0	0	0	0	0	0	0	0	0	0	0	0	0	0	0	0	0	0	0	0	0
ASV732	0	0	0	0	0	2	6	0	30	0	0	0	0	0	0	0	0	0	0	0	0	0	0	0	0	0	0	1	0	0	0	0	0	0	0	0	0	0	0	0	0	0	0
ASV888	0	0	0	0	0	19	0	0	0	0	0	0	0	0	0	0	0	0	0	0	0	0	0	0	20	0	0	0	0	0	0	0	0	0	0	0	0	0	0	0	0	0	0
ASV930	0	0	0	0	0	0	8	0	0	0	0	0	0	0	0	0	0	0	0	0	0	0	0	0	0	0	0	0	0	0	0	0	31	0	0	0	0	0	0	0	0	0	0
ASV953	0	0	0	1	0	1	0	0	0	0	0	0	0	0	0	0	0	0	0	0	0	0	0	0	0	0	0	0	0	0	0	0	0	0	0	0	0	0	37	0	0	0	0
ASV980	0	0	0	0	0	0	0	0	0	0	0	12	0	0	0	0	0	0	0	0	0	0	0	0	0	0	0	0	0	0	0	0	27	0	0	0	0	0	0	0	0	0	0
ASV1073	1	0	0	0	0	10	6	0	0	0	0	0	0	0	0	1	10	0	0	0	0	0	0	0	7	0	0	0	0	0	3	0	0	0	0	0	0	0	0	0	0	0	0
ASV677	0	0	0	0	0	0	0	0	0	0	0	0	0	0	0	0	0	0	0	0	0	0	0	0	0	0	0	0	8	0	0	0	0	30	0	0	0	0	0	0	0	0	0
ASV681	2	3	0	0	0	1	0	0	0	0	0	0	1	0	1	0	0	0	0	1	0	0	1	0	0	0	6	2	7	5	8	0	0	0	0	0	0	0	0	0	0	0	0
ASV765	0	0	0	0	0	0	0	0	0	0	0	0	0	0	0	0	0	0	0	35	0	0	3	0	0	0	0	0	0	0	0	0	0	0	0	0	0	0	0	0	0	0	0
ASV776	0	0	0	0	0	2	0	0	0	0	0	0	4	0	0	0	0	0	0	0	0	29	0	0	0	0	0	0	0	0	0	0	0	0	0	0	0	0	3	0	0	0	0
ASV786	0	0	0	0	0	0	0	0	0	21	0	0	0	0	0	0	0	0	0	0	0	0	0	0	0	0	9	0	0	0	0	0	0	0	0	0	0	2	0	0	0	0	6
ASV1096	0	0	0	0	0	24	0	0	0	0	0	0	0	0	0	0	0	0	0	0	0	2	0	0	6	0	0	0	0	0	5	0	0	0	0	0	0	0	0	0	0	0	0
ASV1126	0	0	0	0	0	33	0	0	0	0	0	0	0	0	0	0	0	0	0	0	0	0	0	0	0	0	0	0	0	0	0	4	0	0	0	0	0	0	0	0	0	0	0
ASV1358	0	0	0	0	0	0	0	0	0	0	0	0	0	0	0	0	0	0	0	0	0	0	0	0	0	0	0	0	0	0	0	6	0	0	0	0	0	0	0	0	0	31	0
ASV719	0	0	0	0	18	0	0	0	0	0	0	0	0	0	0	0	0	0	19	0	0	0	0	0	0	0	0	0	0	0	0	0	0	0	0	0	0	0	0	0	0	0	0
ASV728	0	0	6	0	5	3	0	0	0	0	0	0	0	0	0	0	0	0	0	0	0	0	3	0	0	0	0	0	0	11	0	9	0	0	0	0	0	0	0	0	0	0	0
ASV759	7	0	0	3	0	0	0	0	0	2	0	0	0	0	0	0	0	0	0	0	0	0	2	0	2	0	10	2	0	5	4	0	0	0	0	0	0	0	0	0	0	0	0
ASV781	22	0	0	8	0	1	5	0	0	0	0	0	0	0	1	0	0	0	0	0	0	0	0	0	0	0	0	0	0	0	0	0	0	0	0	0	0	0	0	0	0	0	0
ASV808	0	4	1	0	0	0	0	0	18	0	0	0	0	0	0	0	0	0	0	0	0	0	0	0	0	0	0	3	10	0	0	0	0	0	0	0	0	0	0	0	1	0	0
ASV922	0	4	0	8	0	0	0	0	17	0	0	0	2	0	0	0	0	0	0	0	0	0	3	0	0	0	0	0	1	0	0	2	0	0	0	0	0	0	0	0	0	0	0
ASV929	0	0	0	0	0	0	0	0	0	0	0	0	0	0	0	1	0	0	0	0	0	0	0	0	0	0	0	0	0	0	0	0	0	0	1	2	29	0	1	0	0	3	0
ASV950	0	0	0	0	0	0	0	0	0	5	0	0	0	0	0	0	0	0	0	0	0	0	0	0	0	0	0	0	0	0	0	13	0	0	2	8	0	4	4	0	1	0	0
ASV995	0	4	0	0	0	20	0	0	0	0	3	0	0	0	0	0	0	0	0	0	0	0	0	0	0	0	0	2	6	0	0	0	0	0	0	0	0	0	2	0	0	0	0
ASV997	0	1	0	0	0	0	0	0	0	0	0	0	0	0	0	0	0	0	0	0	0	0	0	0	0	0	0	0	0	1	1	0	0	0	0	0	0	2	9	0	0	6	17
ASV1032	0	0	0	0	0	5	0	0	0	0	0	0	2	16	2	0	0	0	0	0	0	0	0	0	0	0	1	0	5	0	4	0	0	0	0	0	0	0	0	0	0	0	1
ASV1230	0	1	0	0	0	6	3	0	0	0	0	0	0	12	0	0	0	0	0	0	3	0	0	0	0	0	4	0	0	5	0	0	0	0	1	0	0	0	0	1	0	0	0
ASV1266	0	0	0	0	0	12	0	0	0	0	0	0	0	0	1	0	1	0	0	0	2	0	3	0	0	1	2	0	0	0	3	0	0	1	0	0	3	0	0	6	0	0	1
ASV1471	2	2	0	6	2	4	4	0	0	4	0	4	2	0	2	0	0	0	0	0	0	0	1	0	0	0	2	0	0	0	1	0	0	0	0	0	0	0	0	0	0	0	0
ASV743	1	0	0	0	0	0	0	0	0	0	0	0	0	0	0	0	0	0	0	0	0	0	11	0	0	0	14	0	0	0	0	10	0	0	0	0	0	0	0	0	0	0	0
ASV758	16	0	0	0	0	0	0	0	0	0	0	8	1	0	0	0	0	0	0	0	0	0	0	0	0	0	0	0	11	0	0	0	0	0	0	0	0	0	0	0	0	0	0
ASV762	0	0	0	0	4	0	0	9	0	0	0	0	0	0	0	0	0	0	0	0	0	0	19	0	0	0	0	0	0	0	0	0	0	0	0	0	0	0	0	0	0	4	0
ASV768	0	0	0	0	0	0	0	0	0	0	0	0	0	0	0	0	0	0	0	0	0	0	0	0	0	33	0	0	0	0	0	0	0	0	0	0	3	0	0	0	0	0	0
ASV795	0	0	0	0	0	0	0	0	0	0	0	0	0	0	0	0	0	0	0	0	0	0	0	0	0	0	0	0	0	0	29	0	0	0	0	0	0	0	0	0	0	7	0
ASV834	0	0	0	0	0	0	0	0	0	0	0	0	0	0	0	0	0	0	0	0	0	0	0	0	0	0	0	0	0	0	0	0	0	0	2	1	28	1	4	0	0	0	0
ASV889	0	0	0	7	0	0	0	0	23	0	0	0	0	0	0	0	0	0	0	0	0	0	0	0	0	0	6	0	0	0	0	0	0	0	0	0	0	0	0	0	0	0	0
ASV1210	0	0	0	0	0	22	0	0	0	0	0	0	0	0	0	0	0	0	0	0	0	0	0	0	0	0	0	0	0	11	0	0	0	0	0	0	0	0	2	0	0	0	0
ASV1374	0	0	0	0	10	0	4	0	0	0	0	0	7	0	0	0	0	0	0	0	0	0	2	0	0	0	0	11	0	1	0	0	0	0	0	0	0	0	0	0	0	0	0
ASV730	0	0	0	0	0	9	0	0	0	0	0	0	0	0	0	0	0	0	0	0	0	25	0	0	0	0	0	0	0	0	0	0	0	0	0	0	0	0	0	0	0	0	1
ASV747	0	0	0	0	0	0	0	0	0	0	0	0	0	0	0	0	0	0	27	0	0	0	0	0	0	0	0	0	0	0	0	8	0	0	0	0	0	0	0	0	0	0	0
ASV775	0	0	0	0	0	0	0	0	0	9	0	0	0	0	0	0	0	0	0	0	0	0	0	0	0	0	0	6	0	0	0	0	20	0	0	0	0	0	0	0	0	0	0
ASV818	0	0	0	0	0	0	34	0	0	1	0	0	0	0	0	0	0	0	0	0	0	0	0	0	0	0	0	0	0	0	0	0	0	0	0	0	0	0	0	0	0	0	0
ASV844	0	2	2	2	4	0	0	0	0	0	0	0	0	0	0	0	0	0	0	0	0	0	2	0	0	0	0	12	0	0	6	0	0	0	0	0	0	5	0	0	0	0	0
ASV855	18	0	0	0	0	0	0	0	0	0	0	0	0	0	3	0	0	0	0	0	0	0	0	0	0	0	8	6	0	0	0	0	0	0	0	0	0	0	0	0	0	0	0
ASV879	0	0	0	0	0	0	7	0	0	0	0	0	0	0	0	0	0	0	0	0	0	0	0	0	0	1	0	0	0	0	0	0	0	0	1	1	0	9	0	0	0	12	4
ASV959	7	0	0	3	1	0	4	0	0	1	0	0	0	0	0	0	0	0	0	0	0	0	3	0	0	0	0	0	0	0	12	4	0	0	0	0	0	0	0	0	0	0	0
ASV1028	0	2	0	0	0	0	0	0	0	0	0	0	8	0	0	0	0	0	0	0	0	0	0	0	9	0	0	12	0	0	0	0	0	0	0	0	0	0	1	0	0	2	0
ASV1299	0	2	0	2	0	0	0	0	0	0	0	0	7	0	18	0	0	0	0	0	0	0	0	0	5	0	0	0	0	0	0	0	0	0	0	0	0	0	0	0	0	0	0
ASV1674	0	0	0	0	0	17	0	0	0	0	0	0	0	0	0	0	0	0	0	0	0	0	0	0	0	0	0	0	0	0	0	0	0	16	0	0	0	0	0	0	0	0	1
ASV740	0	0	0	0	0	0	0	24	0	0	0	0	0	0	0	0	0	0	0	0	0	0	0	0	0	0	0	0	9	0	0	0	0	0	0	0	0	0	0	0	0	1	0
ASV755	0	0	0	0	0	0	0	0	0	0	0	14	0	0	0	0	0	0	0	0	0	0	0	0	0	0	0	0	13	0	0	0	0	0	0	0	0	0	0	0	0	7	0
ASV813	0	0	0	0	0	0	0	0	0	0	0	0	0	0	0	0	0	0	0	0	0	0	0	0	28	0	0	6	0	0	0	0	0	0	0	0	0	0	0	0	0	0	0
ASV887	0	0	0	0	0	0	0	0	0	0	0	0	0	0	0	0	0	0	0	0	0	0	0	0	0	0	16	0	0	11	0	0	0	0	0	0	0	0	7	0	0	0	0
ASV942	1	0	0	9	0	5	0	0	0	0	0	0	0	0	0	0	0	0	0	0	0	0	0	0	0	0	0	5	0	2	6	0	0	0	0	0	0	2	0	0	0	0	4
ASV951	0	0	0	0	0	5	0	0	0	0	0	0	0	0	0	29	0	0	0	0	0	0	0	0	0	0	0	0	0	0	0	0	0	0	0	0	0	0	0	0	0	0	0
ASV1037	0	0	0	0	0	0	0	1	0	2	0	11	2	0	2	0	0	0	0	0	0	0	3	0	0	0	0	4	2	1	5	0	0	0	0	0	0	0	0	0	0	0	0
ASV1153	0	0	0	0	0	1	0	0	0	0	0	0	0	0	0	0	0	0	0	0	0	0	0	0	31	0	0	0	0	0	0	0	0	0	0	0	0	0	1	0	0	0	0
ASV1573	0	0	0	0	0	11	0	0	0	0	0	0	0	0	2	0	0	0	0	0	0	0	0	0	0	0	0	0	2	0	0	0	13	1	0	0	4	0	0	0	0	0	0
ASV1678	0	5	0	10	8	1	0	0	0	0	0	0	4	0	0	0	0	0	0	0	0	0	3	0	0	0	0	0	0	2	0	0	0	0	0	0	0	0	0	0	0	0	0
ASV1705	0	0	1	0	0	0	0	0	0	0	0	0	0	0	2	0	0	0	0	0	0	0	0	0	0	0	0	0	0	0	0	0	0	0	2	0	0	0	0	0	28	0	0
ASV1830	6	0	0	0	0	0	0	0	0	0	0	0	0	0	0	0	0	1	1	4	0	0	0	0	0	1	0	0	0	0	0	0	0	0	0	0	11	1	0	0	7	1	0
ASV791	0	0	0	0	0	0	0	0	0	0	0	1	0	0	0	0	0	0	0	0	0	0	0	0	0	0	0	0	0	0	32	0	0	0	0	0	0	0	0	0	0	0	0
ASV811	0	0	0	0	14	13	0	0	0	0	0	0	0	0	0	0	0	0	0	0	0	0	0	0	0	0	0	0	0	0	0	0	0	0	0	0	5	0	0	0	0	0	1
ASV814	0	9	0	1	7	1	0	0	0	0	0	0	4	0	0	0	0	0	0	0	0	0	3	0	0	0	6	0	0	0	2	0	0	0	0	0	0	0	0	0	0	0	0
ASV908	0	0	5	0	0	20	0	0	0	6	0	0	0	0	0	0	0	0	0	0	0	0	0	0	0	0	0	0	0	0	1	0	0	0	0	0	0	0	0	0	0	0	1
ASV925	0	0	0	0	3	1	4	1	0	0	0	6	0	3	1	0	0	0	0	0	0	0	0	0	0	0	0	0	9	0	0	4	0	0	0	0	0	0	0	0	0	0	1
ASV968	6	4	0	1	0	0	0	0	0	0	0	0	0	0	0	0	5	0	0	0	0	0	3	0	0	0	2	0	0	1	0	2	0	0	0	0	0	2	6	0	1	0	0
ASV986	0	0	0	0	0	0	0	0	0	0	0	2	0	0	0	0	0	27	0	0	0	0	0	0	0	0	0	0	0	0	0	0	0	0	0	0	1	0	0	0	0	0	3
ASV1236	3	0	0	6	0	1	8	0	0	0	0	0	0	0	6	0	0	0	0	0	0	0	0	0	0	0	7	0	1	0	0	0	0	0	0	0	0	0	0	0	0	0	0
ASV1390	4	0	9	0	2	0	0	1	0	0	0	1	0	0	0	0	0	0	0	0	0	0	6	0	0	0	5	2	0	0	1	1	0	0	0	0	0	0	0	0	0	0	0
ASV1414	0	0	0	0	0	26	0	0	0	0	0	0	0	0	0	0	0	0	0	0	0	0	0	0	0	0	0	0	0	0	0	0	0	0	0	0	0	0	0	0	0	0	6
ASV1440	0	0	0	0	2	0	10	0	0	0	0	0	0	0	0	0	0	0	0	0	0	0	4	0	0	11	0	2	3	0	0	0	0	0	0	0	0	0	0	0	0	0	0
ASV1526	0	0	0	0	0	0	3	0	0	0	0	0	0	0	0	1	0	0	0	0	0	0	2	0	0	0	0	0	0	0	0	0	0	0	0	0	0	0	0	0	26	0	0
ASV1660	0	3	0	0	0	17	6	0	0	0	0	0	0	0	5	0	0	0	0	0	0	0	0	0	0	0	0	0	0	0	0	0	0	0	0	0	1	0	0	0	0	0	0
ASV843	0	0	0	0	0	7	0	0	0	0	0	0	0	0	7	0	0	0	0	18	0	0	0	0	0	0	0	0	0	0	0	0	0	0	0	0	0	0	0	0	0	0	0
ASV846	0	0	0	0	0	0	31	1	0	0	0	0	0	0	0	0	0	0	0	0	0	0	0	0	0	0	0	0	0	0	0	0	0	0	0	0	0	0	0	0	0	0	0
ASV873	0	0	0	0	0	28	0	0	0	0	0	0	0	0	0	0	0	0	0	0	0	0	0	0	0	0	0	0	0	0	0	0	0	0	0	0	0	0	4	0	0	0	0
ASV1015	0	6	0	0	0	0	0	0	0	0	0	0	0	0	0	0	0	0	0	0	0	0	0	0	0	0	24	0	0	0	0	0	0	0	0	0	0	0	0	0	0	1	0
ASV1027	0	0	0	2	0	0	2	3	0	0	0	0	0	0	0	0	0	0	0	0	0	17	0	0	0	0	0	0	0	0	0	0	0	0	1	0	0	2	0	3	1	0	0
ASV1162	0	0	0	6	0	0	0	0	0	0	0	0	0	0	0	0	0	0	0	0	0	0	0	0	0	0	0	0	0	0	0	0	0	0	0	0	0	0	0	0	0	25	0
ASV1337	0	1	1	2	1	9	0	0	0	0	0	0	2	1	0	0	1	0	2	0	0	1	1	2	0	2	1	1	0	0	1	0	0	0	0	0	0	0	1	1	0	0	0
ASV1350	0	0	0	0	0	0	0	0	0	0	0	0	0	0	0	0	0	0	0	0	0	0	1	0	0	0	0	0	0	0	0	0	0	0	4	1	0	0	0	0	23	0	2
ASV1368	0	0	0	0	9	0	7	0	0	0	0	0	0	0	0	0	0	0	0	0	0	0	0	0	0	0	0	0	15	0	0	0	0	0	0	0	0	0	0	0	0	0	0
ASV1594	0	2	2	0	2	14	0	0	0	0	0	0	0	0	0	0	0	0	0	0	0	0	0	0	0	0	0	0	0	0	0	0	0	0	1	0	1	0	5	3	0	0	1
ASV1711	0	0	0	0	6	0	0	0	15	0	0	0	0	0	0	0	0	0	0	0	0	0	4	0	0	0	0	0	6	0	0	0	0	0	0	0	0	0	0	0	0	0	0
ASV761	3	3	0	1	2	4	0	0	2	0	0	2	1	0	0	1	0	0	0	0	0	0	1	0	0	1	2	3	0	0	4	0	1	0	0	0	0	0	0	0	0	0	0
ASV792	3	0	0	0	0	0	0	0	0	0	0	0	0	0	0	0	0	0	0	0	0	0	0	0	0	0	1	0	11	6	0	0	0	0	0	0	0	0	0	0	0	10	0
ASV796	0	0	0	0	5	0	1	0	25	0	0	0	0	0	0	0	0	0	0	0	0	0	0	0	0	0	0	0	0	0	0	0	0	0	0	0	0	0	0	0	0	0	0
ASV822	0	0	0	8	0	0	0	0	0	0	0	0	0	0	0	0	0	0	0	0	0	0	6	0	0	0	0	0	0	0	0	13	0	0	0	0	0	1	3	0	0	0	0
ASV824	19	0	0	0	0	0	0	0	12	0	0	0	0	0	0	0	0	0	0	0	0	0	0	0	0	0	0	0	0	0	0	0	0	0	0	0	0	0	0	0	0	0	0
ASV827	0	0	18	0	0	0	0	0	0	0	0	0	0	0	0	0	0	0	0	0	0	0	0	0	0	0	0	0	0	13	0	0	0	0	0	0	0	0	0	0	0	0	0
ASV883	0	0	0	0	0	0	0	0	0	0	0	0	7	0	0	0	0	0	0	0	0	0	0	0	0	0	0	11	6	0	7	0	0	0	0	0	0	0	0	0	0	0	0
ASV956	7	5	0	1	0	0	2	3	0	0	0	0	0	0	0	0	0	0	0	0	0	0	0	0	0	0	0	9	2	1	0	1	0	0	0	0	0	0	0	0	0	0	0
ASV961	0	0	0	0	0	20	0	0	0	0	1	0	0	0	0	0	0	0	0	0	0	0	0	0	9	0	0	0	1	0	0	0	0	0	0	0	0	0	0	0	0	0	0
ASV971	0	0	0	0	0	7	0	0	0	0	0	0	0	0	0	0	0	0	0	0	0	13	0	6	0	0	0	0	0	0	3	0	0	0	0	0	0	0	0	0	0	0	2
ASV994	0	0	0	0	0	0	0	0	0	0	0	0	0	0	0	0	0	0	0	0	0	0	0	0	0	30	0	0	0	0	0	0	0	0	0	0	0	1	0	0	0	0	0
ASV1020	0	0	0	0	0	0	0	0	0	0	0	0	0	0	0	0	0	0	0	0	0	0	0	0	0	0	0	0	0	0	0	0	0	0	2	2	9	4	3	7	1	2	0
ASV1036	22	0	4	0	0	3	0	0	0	0	0	0	0	0	0	0	0	0	0	0	0	0	0	0	0	0	1	0	0	0	0	0	0	0	0	0	0	0	0	0	0	0	0
ASV1444	2	0	0	0	0	9	0	0	0	0	0	0	0	0	0	0	0	0	0	0	0	0	10	0	0	0	0	0	0	3	0	0	0	0	0	0	0	0	0	0	0	2	4
ASV1564	0	0	0	0	0	11	0	5	0	0	0	0	0	0	0	0	0	0	0	0	14	0	0	0	0	0	0	0	0	0	0	0	0	0	0	0	0	0	0	0	0	0	0
ASV1635	3	2	0	1	0	0	3	1	1	1	0	0	0	2	1	0	0	0	0	0	1	2	1	0	0	0	2	1	1	0	0	0	0	7	0	0	0	0	0	0	0	0	0
ASV1776	0	0	0	0	0	11	0	0	0	0	0	0	0	0	0	0	0	0	0	0	0	0	9	0	0	0	0	0	0	6	0	0	0	0	0	0	0	1	0	0	0	3	0
ASV1810	1	3	0	3	2	0	0	0	0	0	0	0	0	0	0	0	0	0	0	0	0	0	0	0	0	0	4	0	7	1	6	3	0	0	0	0	0	0	0	0	0	0	0
ASV809	0	0	0	0	0	0	0	0	0	0	0	0	0	0	7	0	0	0	0	0	0	0	2	0	18	0	3	0	0	0	0	0	0	0	0	0	0	0	0	0	0	0	0
ASV820	5	0	0	0	0	0	0	0	0	0	0	0	0	0	0	0	0	0	0	0	0	0	0	0	0	0	5	4	0	1	0	0	0	0	0	0	0	0	0	13	0	2	0
ASV856	0	0	0	0	0	3	0	0	0	0	0	0	0	0	0	26	0	0	0	0	0	0	0	0	0	0	0	0	0	0	0	0	0	0	0	0	0	0	0	0	0	0	1
ASV871	0	3	0	0	0	7	0	0	0	0	0	0	0	0	1	0	1	0	0	0	0	0	6	0	0	0	0	0	4	0	4	0	0	0	0	0	0	0	0	0	3	1	0
ASV874	0	2	0	0	0	3	0	0	5	0	0	0	1	0	0	0	0	0	0	0	0	0	1	0	0	0	7	5	0	4	0	2	0	0	0	0	0	0	0	0	0	0	0
ASV991	0	0	0	0	11	0	0	0	0	0	0	0	6	0	0	0	0	0	0	0	0	0	6	0	0	0	0	0	5	0	0	0	0	0	0	0	1	1	0	0	0	0	0
ASV1001	0	0	0	0	0	11	0	0	0	0	0	0	17	0	0	0	0	0	1	0	0	0	0	0	0	0	0	0	0	0	0	0	0	0	0	0	0	0	0	0	0	0	0
ASV1057	0	0	0	0	0	24	0	0	0	0	0	0	0	0	0	0	0	0	0	0	0	0	0	0	0	0	0	0	0	0	0	0	0	0	1	0	0	0	3	0	0	1	0
ASV1062	0	0	0	0	0	0	5	0	18	0	0	0	0	0	0	0	0	0	0	0	0	0	0	0	0	0	0	0	6	0	0	0	0	0	0	0	0	0	0	0	0	0	0
ASV1079	0	0	0	1	0	5	0	0	0	0	0	0	11	0	0	0	0	0	0	0	0	0	0	0	0	0	0	0	0	9	0	0	0	0	0	0	0	0	3	0	0	0	0
ASV1160	0	0	0	0	0	0	0	0	0	0	0	0	0	0	0	0	0	0	0	0	0	0	0	0	5	17	0	0	2	0	0	0	0	0	0	0	0	0	0	0	0	0	5
ASV1221	0	0	0	0	0	4	0	0	0	0	0	0	0	0	0	0	0	19	0	0	0	0	0	0	0	0	0	0	0	0	6	0	0	0	0	0	0	0	0	0	0	0	0
ASV1296	0	0	0	0	0	11	0	0	0	0	0	0	0	0	0	0	0	0	0	0	0	0	0	0	0	16	0	0	0	0	0	0	0	0	0	0	0	0	0	0	0	0	2
ASV1300	17	8	0	4	0	0	0	0	0	0	0	0	0	0	0	0	0	0	0	0	0	0	0	0	0	0	0	0	0	0	0	0	0	0	0	0	0	0	0	0	0	0	0
ASV1317	4	0	0	2	0	0	5	0	0	0	0	4	0	0	0	0	0	0	0	0	0	0	4	0	0	0	6	0	4	0	0	0	0	0	0	0	0	0	0	0	0	0	0
ASV1334	2	0	0	0	0	0	0	0	0	0	0	0	0	0	0	0	0	0	0	0	0	0	0	0	0	0	0	0	0	0	0	0	0	0	0	0	0	5	1	0	0	16	5
ASV835	0	10	0	0	0	0	0	0	0	0	0	0	0	0	0	0	0	0	0	0	0	0	0	0	0	0	8	0	0	0	0	0	0	0	0	1	0	2	8	0	0	0	0
ASV859	0	0	0	0	0	0	0	0	23	0	0	0	0	0	0	0	0	0	0	0	0	0	0	0	0	0	0	0	0	0	0	0	0	0	0	0	0	0	0	0	0	6	0
ASV876	0	8	0	4	0	0	2	0	0	0	0	0	0	0	0	0	0	0	0	0	0	0	12	0	0	0	0	0	2	1	0	0	0	0	0	0	0	0	0	0	0	0	0
ASV1046	0	0	10	5	9	0	0	1	0	0	0	0	0	0	0	1	2	0	0	0	0	0	0	0	0	0	0	0	0	0	0	0	0	0	0	0	0	0	0	0	0	0	0
ASV1080	0	0	0	0	0	0	9	0	17	0	0	0	0	0	0	0	0	0	0	0	0	0	2	0	0	0	0	0	0	0	0	0	0	0	0	0	0	0	0	0	0	0	0
ASV1450	0	4	4	0	0	0	12	0	0	0	0	0	0	0	4	0	0	0	0	0	0	0	4	0	0	0	0	0	0	0	0	0	0	0	0	0	0	0	0	0	0	0	0
ASV1563	0	0	0	0	0	25	0	0	0	0	0	0	0	0	0	0	0	0	0	0	0	0	0	0	0	0	0	0	0	0	2	0	0	0	0	0	0	0	0	0	0	1	0
ASV842	0	0	0	0	0	0	0	0	0	0	0	0	0	0	0	0	0	0	0	0	0	0	0	0	0	1	0	0	0	0	0	0	0	0	1	0	0	0	4	0	0	18	4
ASV863	0	2	0	1	11	1	0	0	0	0	0	0	0	0	0	0	0	0	0	0	0	0	13	0	0	0	0	0	0	0	0	0	0	0	0	0	0	0	0	0	0	0	0
ASV880	0	0	0	0	0	6	0	0	0	0	0	0	0	0	0	0	0	0	0	0	0	0	0	0	0	0	0	0	0	0	0	0	0	22	0	0	0	0	0	0	0	0	0
ASV896	0	0	0	0	0	0	0	0	0	8	0	0	0	0	0	0	0	0	0	0	0	0	0	0	0	0	0	0	0	0	0	0	0	0	0	0	0	0	0	0	0	18	2
ASV915	0	0	0	0	0	0	4	0	0	0	0	0	0	0	0	0	0	0	0	0	0	0	0	0	0	0	0	0	0	0	0	0	0	21	0	0	0	0	2	0	0	1	0
ASV923	0	0	0	0	0	0	0	0	0	0	0	0	0	0	0	0	0	0	0	0	0	0	0	0	0	0	0	0	0	1	0	0	0	0	0	0	15	0	0	12	0	0	0
ASV926	0	3	2	5	0	0	0	9	0	0	0	0	0	0	0	0	0	0	0	0	0	0	2	0	0	0	0	7	0	0	0	0	0	0	0	0	0	0	0	0	0	0	0
ASV955	0	0	0	0	0	0	0	0	0	0	0	0	0	0	0	0	0	0	0	0	0	0	0	0	0	0	16	0	0	0	0	0	0	0	0	0	0	0	0	0	0	12	0
ASV965	0	0	0	0	0	16	0	0	11	0	0	0	0	0	0	0	0	0	0	0	0	0	0	0	0	0	0	0	1	0	0	0	0	0	0	0	0	0	0	0	0	0	0
ASV977	24	0	0	0	0	0	0	0	0	0	0	0	0	0	0	0	0	0	0	0	0	0	0	0	0	0	0	0	0	0	0	0	0	0	4	0	0	0	0	0	0	0	0
ASV989	0	0	0	0	0	0	0	0	0	0	0	0	0	0	0	0	0	0	0	0	0	0	0	0	0	0	0	0	0	0	0	0	0	0	0	0	0	1	2	0	0	16	9
ASV1009	0	0	0	1	0	1	9	0	0	0	0	0	16	0	0	0	0	0	0	0	0	0	0	0	0	0	0	0	0	0	0	0	0	0	0	0	0	0	0	0	0	0	0
ASV1018	0	1	1	0	2	0	9	0	0	0	0	0	0	0	0	0	0	0	0	0	0	0	4	0	0	0	5	1	0	0	2	2	0	0	0	0	0	0	0	0	0	0	0
ASV1033	0	0	0	0	0	23	0	0	0	0	0	0	0	0	0	0	0	0	0	0	0	0	1	0	0	0	0	0	0	0	0	0	0	0	0	0	0	0	2	1	0	0	0
ASV1196	0	0	0	0	0	3	0	0	0	0	0	0	0	0	0	0	0	0	0	0	0	0	3	0	0	0	0	0	0	0	0	0	0	0	0	2	0	0	1	0	0	18	0
ASV1308	0	0	0	0	6	0	0	0	0	0	0	0	0	0	0	0	0	0	0	0	0	0	9	0	0	0	12	0	0	0	0	0	0	0	0	0	0	0	0	0	0	0	0
ASV1369	2	0	0	0	0	9	0	0	4	0	0	0	0	0	0	0	0	0	0	0	0	0	0	8	0	0	1	0	0	0	0	0	0	0	1	0	0	1	1	0	0	0	0
ASV1445	0	5	0	0	0	4	0	0	2	0	0	0	0	0	0	0	0	0	0	0	0	0	3	0	0	0	4	1	4	0	0	4	0	0	0	0	0	0	0	0	0	0	0
ASV1499	0	6	0	6	0	0	0	0	0	0	0	0	0	1	0	0	0	0	0	0	0	0	0	0	0	0	4	0	10	0	0	0	0	0	0	0	0	0	0	0	0	0	0
ASV1541	7	0	0	6	0	0	0	0	0	0	0	0	0	0	0	0	0	0	0	0	0	0	0	0	0	0	1	2	2	8	0	0	0	0	0	0	0	0	0	0	0	0	1
ASV1576	0	0	0	3	4	0	3	0	8	0	0	0	5	0	0	0	0	0	0	0	0	0	0	0	0	0	0	0	0	0	0	0	0	0	2	0	0	0	0	0	0	2	0
ASV1801	0	0	0	6	0	0	0	0	0	0	0	0	1	0	0	0	0	0	0	0	0	0	0	0	0	0	0	0	0	1	6	13	0	0	0	0	0	0	0	0	0	0	0
ASV1933	1	0	0	4	0	0	0	4	0	0	0	2	0	0	0	0	0	0	0	0	0	0	0	0	0	0	0	0	0	1	0	4	0	0	0	0	3	3	1	3	1	0	0
ASV854	0	0	0	0	0	0	0	0	0	0	0	14	0	0	0	0	0	0	0	0	0	0	0	0	0	0	0	0	1	0	11	0	0	0	0	0	0	0	0	0	0	1	0
ASV878	2	1	0	4	3	0	0	0	0	0	0	0	1	0	0	0	0	0	0	0	0	0	1	0	0	3	2	0	0	2	0	8	0	0	0	0	0	0	0	0	0	0	0
ASV916	3	0	0	0	0	0	4	0	0	0	0	0	0	0	0	0	0	0	0	0	0	0	0	0	0	0	0	0	0	0	0	0	0	0	1	0	0	0	0	0	19	0	0
ASV918	0	0	0	23	0	0	0	0	1	0	0	0	0	0	0	0	0	0	0	0	0	0	0	0	0	0	0	0	1	0	1	0	0	0	0	0	0	1	0	0	0	0	0
ASV919	0	0	0	0	0	14	0	0	0	0	0	0	0	0	0	12	0	0	0	0	0	0	0	0	0	0	0	0	0	0	0	0	0	0	0	0	1	0	0	0	0	0	0
ASV948	0	0	0	0	0	0	0	0	0	0	0	0	0	0	0	0	0	0	0	0	0	0	0	0	0	0	0	0	0	0	0	0	0	0	0	0	0	2	0	25	0	0	0
ASV1000	0	1	1	0	0	0	0	0	5	0	0	0	0	0	0	3	1	1	0	1	0	1	0	2	1	0	2	0	0	0	0	1	1	3	0	0	0	0	0	1	0	1	0
ASV1006	0	0	0	0	0	0	0	0	0	0	0	0	0	0	0	0	0	0	0	0	0	0	0	0	0	0	0	0	0	0	0	0	0	25	0	0	0	0	0	0	0	0	1
ASV1045	2	4	0	0	0	2	0	0	0	0	0	0	7	0	0	0	0	0	0	0	0	0	1	0	0	0	3	7	0	0	0	0	0	0	0	0	0	0	0	0	0	0	0
ASV1054	0	0	0	0	0	0	0	1	0	0	0	0	0	0	0	0	0	24	0	0	0	0	0	0	0	0	0	0	0	0	0	0	0	0	0	0	0	0	0	0	0	1	0
ASV1117	0	0	0	0	0	4	0	0	0	0	0	0	0	0	0	0	0	0	0	0	0	0	0	20	0	0	0	0	0	0	0	0	0	0	0	0	1	0	1	0	0	0	0
ASV1131	20	0	0	0	0	5	0	0	0	0	0	0	0	0	0	0	0	0	0	0	0	0	0	0	0	0	0	0	0	1	0	0	0	0	0	0	0	0	0	0	0	0	0
ASV1138	0	4	0	0	10	0	0	0	0	0	0	4	0	0	0	0	0	0	0	0	0	0	7	0	0	0	0	0	0	0	0	1	0	0	0	0	0	0	0	0	0	0	0
ASV1188	1	0	0	0	0	0	0	0	0	0	0	0	0	0	0	0	0	0	0	0	0	0	0	0	0	0	1	0	0	0	0	0	0	0	0	0	7	1	4	12	0	0	0
ASV1582	0	0	0	0	0	18	0	0	0	0	0	0	0	0	0	0	0	0	0	0	0	0	0	1	0	0	0	7	0	0	0	0	0	0	0	0	0	0	0	0	0	0	0
ASV868	24	0	0	0	0	0	0	0	0	0	0	0	0	0	0	0	0	0	0	0	0	0	0	0	0	0	0	0	0	0	0	0	0	0	0	0	0	0	0	0	0	2	0
ASV877	0	0	0	7	0	0	0	6	0	13	0	0	0	0	0	0	0	0	0	0	0	0	0	0	0	0	0	0	0	0	0	0	0	0	0	0	0	0	0	0	0	0	0
ASV890	0	0	0	0	0	0	1	0	14	10	0	0	0	0	0	0	0	0	0	0	0	0	0	0	0	0	0	0	0	1	0	0	0	0	0	0	0	0	0	0	0	0	0
ASV909	0	0	0	0	13	0	5	0	0	0	0	0	4	0	0	0	0	0	0	0	0	0	0	0	0	0	0	0	0	0	0	0	0	0	0	0	0	4	0	0	0	0	0
ASV957	0	0	0	0	0	0	10	0	0	0	0	0	0	7	0	0	0	0	0	0	0	0	4	0	0	0	0	0	4	1	0	0	0	0	0	0	0	0	0	0	0	0	0
ASV969	1	6	0	0	6	0	3	0	4	0	0	0	0	0	0	0	2	0	0	0	0	0	0	0	0	0	3	0	0	0	0	1	0	0	0	0	0	0	0	0	0	0	0
ASV972	6	1	0	2	0	0	0	9	0	0	0	0	0	0	0	0	0	0	0	0	0	0	7	0	0	0	0	0	0	0	0	0	0	0	0	1	0	0	0	0	0	0	0
ASV1010	13	4	0	3	0	0	0	0	0	0	0	0	0	0	0	0	0	0	0	0	0	0	1	0	0	0	2	0	1	1	0	0	0	0	0	0	0	0	0	0	0	0	0
ASV1017	0	7	11	0	0	0	0	0	0	0	0	0	0	1	0	0	0	0	0	0	0	0	0	0	0	0	0	0	6	0	0	0	0	0	0	0	0	0	0	0	0	0	0
ASV1058	0	0	0	0	0	0	0	0	0	0	0	0	0	0	0	0	0	0	0	0	0	0	0	0	0	0	0	0	0	0	0	0	0	0	22	1	0	0	2	0	0	0	0
ASV1091	0	0	0	0	2	1	2	0	0	0	0	0	0	0	0	0	0	0	0	0	0	0	0	0	0	0	0	0	8	0	0	4	0	0	0	0	0	1	7	0	0	0	0
ASV1102	0	0	0	0	0	0	0	0	0	0	0	0	0	0	0	0	0	0	0	0	0	20	4	0	0	0	0	0	0	0	0	0	0	0	0	0	0	0	0	0	0	1	0
ASV1106	0	0	0	0	0	4	0	7	0	0	0	8	0	0	0	0	0	0	0	0	0	0	0	0	0	0	0	0	0	0	6	0	0	0	0	0	0	0	0	0	0	0	0
ASV1286	0	1	0	0	5	0	0	0	0	0	0	0	0	12	0	0	0	0	0	0	0	0	0	0	0	0	7	0	0	0	0	0	0	0	0	0	0	0	0	0	0	0	0
ASV1336	0	3	0	0	0	0	2	0	0	0	0	0	4	0	0	0	0	0	0	0	0	0	5	0	0	0	5	1	0	0	5	0	0	0	0	0	0	0	0	0	0	0	0
ASV1342	0	0	0	0	0	6	0	0	0	0	0	14	0	0	0	0	0	0	0	0	0	0	0	0	0	0	0	0	0	0	0	0	5	0	0	0	0	0	0	0	0	0	0
ASV1351	6	0	3	0	0	0	0	0	0	0	0	0	0	0	0	0	0	0	0	0	0	0	0	0	0	0	0	9	0	0	6	0	0	0	0	0	0	0	1	0	0	0	0
ASV1502	2	3	7	0	2	0	0	5	0	0	0	0	4	0	0	0	0	0	0	0	0	0	2	0	0	0	0	0	0	0	0	0	0	0	0	0	0	0	0	0	0	0	0
ASV1712	0	0	0	0	0	15	0	0	0	0	0	9	0	0	0	0	0	0	0	0	0	0	0	0	0	0	0	0	1	0	0	0	0	0	0	0	0	0	0	0	0	0	0
ASV1753	0	0	0	0	0	7	4	0	0	0	0	4	0	0	0	0	0	0	0	1	0	0	0	0	0	0	0	0	0	0	2	0	0	0	0	0	0	0	0	0	0	0	7
ASV867	0	0	0	0	0	0	0	0	0	0	0	0	0	0	0	0	0	0	0	0	0	0	0	0	0	0	14	0	0	0	11	0	0	0	0	0	0	0	0	0	0	0	0
ASV882	0	0	4	0	0	4	5	0	0	0	0	0	0	0	0	0	0	0	0	0	0	0	0	0	0	0	0	0	10	0	2	0	0	0	0	0	0	0	0	0	0	0	0
ASV893	0	0	0	0	0	0	0	0	0	0	0	17	0	0	0	0	0	0	0	0	0	0	0	0	0	0	0	0	0	0	0	7	0	0	0	0	0	0	0	0	0	0	1
ASV917	6	0	0	0	0	0	0	1	0	0	0	0	0	0	0	0	0	0	0	0	0	0	0	0	0	0	0	11	1	0	0	6	0	0	0	0	0	0	0	0	0	0	0
ASV1013	0	0	0	0	0	0	0	0	0	0	0	0	0	0	0	0	0	0	0	0	0	0	0	0	0	0	0	0	0	0	0	0	0	0	1	1	0	13	8	0	0	1	0
ASV1053	0	0	0	0	0	0	0	0	0	0	0	0	0	0	0	0	0	0	0	0	0	8	0	0	0	0	0	0	4	0	0	12	0	0	0	0	0	0	0	0	0	0	0
ASV1085	0	0	0	7	8	0	2	0	0	0	0	0	0	0	0	0	0	0	0	0	0	0	0	0	0	0	0	0	7	0	0	0	0	0	0	0	0	0	0	0	0	0	0
ASV1098	0	1	0	0	1	0	0	0	0	1	0	0	0	0	0	0	0	0	0	0	0	0	0	0	0	0	0	0	0	0	0	0	0	0	0	0	0	0	0	0	0	21	0
ASV1136	0	0	0	0	0	0	0	0	0	11	0	0	0	0	0	0	0	0	0	0	0	0	0	0	0	0	0	0	0	0	0	13	0	0	0	0	0	0	0	0	0	0	0
ASV1166	0	0	0	0	0	0	0	0	0	0	0	0	0	0	0	0	0	0	0	0	0	0	0	0	1	23	0	0	0	0	0	0	0	0	0	0	0	0	0	0	0	0	0
ASV1224	0	0	0	0	0	0	0	0	0	0	0	0	9	0	0	0	0	0	0	0	0	0	3	0	0	0	0	0	4	2	6	0	0	0	0	0	0	0	0	0	0	0	0
ASV1244	0	0	0	0	0	13	0	0	0	0	0	0	0	0	2	0	0	0	0	0	0	0	0	0	0	0	0	0	1	0	0	0	0	0	0	0	0	0	0	0	0	0	8
ASV1264	0	4	0	13	0	0	0	0	0	0	0	0	0	0	0	0	0	0	0	0	0	0	0	0	0	0	0	4	1	0	2	0	0	0	0	0	0	0	0	0	0	0	0
ASV1277	6	7	0	0	0	0	0	0	0	0	0	0	0	0	0	0	0	0	0	0	0	0	0	0	0	0	0	0	0	0	0	0	0	0	4	0	0	0	1	0	5	1	0
ASV1427	0	1	0	7	0	0	2	0	0	0	0	0	0	9	0	0	0	0	0	0	0	0	3	0	0	0	0	0	0	1	0	0	0	0	0	0	0	0	0	0	0	1	0
ASV1812	0	4	0	0	0	0	0	0	19	0	0	0	0	0	0	0	0	0	0	0	0	0	0	0	0	0	1	0	0	0	0	0	0	0	0	0	0	0	0	0	0	0	0
ASV864	0	0	0	0	0	0	0	0	0	0	0	0	0	0	0	0	0	23	0	0	0	0	0	0	0	0	0	0	0	0	0	0	0	0	0	0	0	0	0	0	1	0	0
ASV954	0	0	0	6	0	0	0	0	0	0	0	0	0	0	0	0	0	0	0	0	0	0	0	0	0	0	7	0	0	3	0	0	0	0	0	0	0	2	3	0	0	0	3
ASV979	0	0	0	0	0	1	0	0	0	0	0	0	0	0	0	0	0	0	0	15	0	0	0	0	0	0	2	6	0	0	0	0	0	0	0	0	0	0	0	0	0	0	0
ASV1021	0	11	0	6	0	0	0	0	0	0	0	0	1	0	0	0	0	0	0	0	0	0	0	0	0	0	0	0	1	0	0	0	0	0	0	0	0	0	0	0	0	0	4
ASV1039	0	0	0	0	0	4	0	0	0	0	0	0	0	0	0	0	0	0	0	0	0	0	0	0	19	0	0	0	0	0	0	0	0	0	0	0	0	0	0	0	0	0	0
ASV1051	19	0	4	0	0	0	0	0	0	0	0	0	0	0	0	0	0	0	0	0	0	0	0	0	0	0	0	0	0	0	0	0	0	0	0	0	0	0	0	0	0	0	0
ASV1121	0	0	0	0	0	0	0	0	1	0	0	0	0	0	0	0	0	0	0	0	0	0	1	0	0	0	0	0	0	0	0	0	0	0	4	6	0	6	5	0	0	0	0
ASV1145	12	4	0	2	0	0	0	0	0	0	0	0	0	0	0	0	0	0	0	0	0	0	0	0	0	0	0	0	3	0	0	2	0	0	0	0	0	0	0	0	0	0	0
ASV1149	0	0	0	0	0	0	5	0	0	0	0	0	0	0	0	0	0	0	0	0	0	0	0	0	0	0	6	0	9	0	0	0	0	0	0	0	0	0	0	0	0	3	0
ASV1223	0	0	0	0	0	0	0	0	0	0	0	0	0	0	0	0	0	0	0	16	0	0	0	0	0	0	0	0	0	0	6	0	0	0	0	0	0	1	0	0	0	0	0
ASV1252	0	1	0	0	0	0	2	0	0	0	0	14	0	0	0	0	0	0	0	0	0	0	4	0	0	0	0	0	2	0	0	0	0	0	0	0	0	0	0	0	0	0	0
ASV1253	0	0	0	0	0	0	0	0	0	0	0	0	0	0	0	0	0	0	0	0	0	0	0	0	0	0	0	0	0	0	0	0	0	0	0	0	0	3	0	0	0	15	5
ASV1269	0	0	0	7	0	0	0	0	0	0	0	7	0	0	0	0	0	0	0	0	0	0	0	0	0	0	0	0	2	0	0	7	0	0	0	0	0	0	0	0	0	0	0
ASV1378	0	7	0	5	0	0	0	0	0	0	0	0	0	0	0	0	0	0	0	0	0	0	0	0	0	0	0	0	0	7	0	2	0	0	2	0	0	0	0	0	0	0	0
ASV1407	0	0	0	0	0	0	0	0	0	0	0	0	0	0	0	0	0	0	0	0	0	0	0	0	0	0	0	0	0	0	0	0	0	0	0	0	0	0	0	0	0	21	2
ASV1439	0	7	0	0	0	1	0	0	0	0	0	0	0	0	0	0	0	0	0	0	0	0	0	0	0	0	0	0	0	0	0	0	0	0	0	0	15	0	0	0	0	0	0
ASV1572	0	0	0	0	0	11	0	0	0	0	0	0	0	0	0	0	0	0	0	0	0	0	0	0	0	0	0	0	0	0	0	0	0	0	0	0	0	0	0	10	0	0	2
ASV1653	0	0	0	0	0	8	0	0	0	0	0	0	0	9	0	0	0	0	0	0	0	0	0	0	0	0	5	0	0	0	0	0	0	0	0	0	0	1	0	0	0	0	0
ASV1865	4	0	0	0	0	12	0	0	0	0	0	0	0	0	0	0	0	0	0	0	0	0	0	0	0	0	0	0	0	0	4	0	0	0	0	0	0	1	0	0	0	0	2
ASV914	3	0	0	0	5	0	0	0	0	0	0	0	5	0	0	0	0	0	0	0	0	0	0	0	0	0	0	0	0	0	0	0	0	0	0	0	4	0	0	0	0	5	1
ASV944	0	0	0	0	13	0	0	2	0	0	0	0	0	0	0	0	0	0	0	0	0	0	2	0	0	0	0	0	3	0	0	3	0	0	0	0	0	0	0	0	0	0	0
ASV949	0	3	0	0	0	0	0	0	0	8	0	0	0	0	0	0	0	0	0	0	0	0	3	0	0	0	2	7	0	0	0	0	0	0	0	0	0	0	0	0	0	0	0
ASV952	0	0	0	0	0	0	0	0	0	0	0	0	0	0	0	0	0	0	0	0	0	0	0	0	0	0	0	0	0	0	0	0	0	22	0	0	0	0	0	0	0	0	1
ASV970	0	0	0	0	0	0	0	0	0	0	0	0	0	0	0	0	0	0	0	0	0	0	3	0	0	0	0	0	0	0	0	0	0	0	12	4	0	0	4	0	0	0	0
ASV975	0	0	0	0	0	0	0	0	0	0	0	8	0	0	10	0	0	0	0	0	0	0	0	0	0	0	0	0	0	0	0	0	0	0	2	0	0	1	2	0	0	0	0
ASV990	0	0	0	7	0	1	4	3	1	0	0	0	2	0	0	0	0	0	0	0	0	0	2	0	0	0	0	0	2	0	0	0	0	0	0	0	0	0	1	0	0	0	0
ASV1014	0	0	0	0	0	1	0	0	0	0	0	0	0	0	20	0	0	0	0	0	0	0	0	0	0	0	0	0	1	0	0	0	0	0	0	0	0	0	0	0	0	0	0
ASV1026	0	0	0	0	0	0	0	0	0	0	0	0	0	0	0	0	0	0	0	0	0	0	0	0	0	0	0	0	0	0	0	0	0	0	3	3	0	1	0	12	2	1	0
ASV1029	0	21	0	0	0	0	0	0	0	0	0	0	0	0	1	0	0	0	0	0	0	0	0	0	0	0	0	0	0	0	0	0	0	0	0	0	0	0	0	0	0	0	0
ASV1048	0	0	0	0	0	0	0	0	21	0	0	0	0	0	1	0	0	0	0	0	0	0	0	0	0	0	0	0	0	0	0	0	0	0	0	0	0	0	0	0	0	0	0
ASV1059	0	0	0	1	0	0	0	1	0	0	0	0	0	0	0	0	0	0	0	0	0	0	3	0	0	0	13	0	0	0	0	0	0	0	0	0	0	0	0	0	0	2	2
ASV1063	0	0	0	0	0	0	0	0	0	0	0	0	0	0	0	0	0	21	0	0	0	0	0	0	0	0	0	0	0	0	0	0	0	0	0	0	1	0	0	0	0	0	0
ASV1084	7	2	0	0	0	0	0	3	0	0	0	0	0	0	0	0	0	0	0	0	0	0	0	0	0	0	0	0	0	0	0	0	0	0	2	2	0	1	1	0	2	2	0
ASV1101	0	0	0	12	7	0	0	0	0	0	0	0	0	0	0	0	0	0	0	0	0	0	0	0	0	0	0	0	0	0	0	0	0	0	0	0	0	3	0	0	0	0	0
ASV1113	0	0	0	10	0	0	1	0	0	0	0	0	11	0	0	0	0	0	0	0	0	0	0	0	0	0	0	0	0	0	0	0	0	0	0	0	0	0	0	0	0	0	0
ASV1167	0	2	2	0	1	0	1	0	0	0	0	0	0	0	0	0	0	0	0	0	0	0	5	0	0	0	0	0	0	0	0	0	0	0	0	0	0	11	0	0	0	0	0
ASV1178	0	0	0	3	0	0	0	0	0	0	0	0	0	0	0	0	0	0	0	0	0	0	6	0	0	0	0	5	0	0	1	4	0	0	1	2	0	0	0	0	0	0	0
ASV1281	1	0	0	3	0	0	0	0	0	0	0	0	0	0	0	0	0	0	0	0	0	0	0	0	0	0	0	0	0	0	0	0	0	0	0	0	1	0	0	0	0	16	1
ASV1290	0	0	0	0	0	0	0	0	20	0	0	0	0	0	0	0	0	0	0	0	0	0	2	0	0	0	0	0	0	0	0	0	0	0	0	0	0	0	0	0	0	0	0
ASV1333	0	0	0	0	0	0	0	0	0	0	0	0	0	0	0	0	0	0	0	0	0	0	0	0	0	0	0	0	0	0	0	0	0	1	0	2	0	0	0	0	1	11	7
ASV1822	0	0	0	0	3	0	0	0	0	0	0	0	0	0	0	0	0	0	0	0	0	14	0	0	0	0	2	0	0	0	0	3	0	0	0	0	0	0	0	0	0	0	0
ASV966	0	8	0	0	0	0	0	2	0	0	0	0	0	12	0	0	0	0	0	0	0	0	0	0	0	0	0	0	0	0	0	0	0	0	0	0	0	0	0	0	0	0	0
ASV1064	0	0	0	0	0	0	0	0	0	0	0	3	0	0	0	0	4	0	0	0	0	0	3	0	0	0	2	3	0	3	3	0	0	0	0	0	0	0	0	0	0	0	0
ASV1103	0	0	0	0	0	0	0	0	0	0	0	0	0	0	0	0	0	0	0	0	0	0	0	0	0	0	0	0	0	0	0	0	0	0	0	0	0	1	0	0	0	20	0
ASV1109	0	0	0	0	8	0	0	12	0	0	0	0	0	0	0	1	0	0	0	0	0	0	0	0	0	0	0	0	0	0	0	0	0	0	0	0	0	0	0	0	0	0	0
ASV1119	0	0	0	0	0	0	0	0	0	0	0	0	16	0	0	0	0	0	0	0	0	0	0	0	0	0	0	0	0	0	0	0	0	0	0	0	0	0	0	0	0	5	0
ASV1120	0	0	0	6	0	0	6	0	8	0	0	0	0	0	0	0	0	0	0	0	0	0	0	0	0	0	0	0	0	1	0	0	0	0	0	0	0	0	0	0	0	0	0
ASV1174	0	7	0	0	0	0	0	0	0	0	0	0	0	0	0	0	0	0	0	0	5	0	0	0	0	1	0	0	0	0	0	0	0	0	1	3	0	0	1	0	3	0	0
ASV1242	0	0	0	0	0	1	0	0	18	0	0	0	0	0	0	0	0	0	0	0	0	0	0	0	0	0	0	1	0	1	0	0	0	0	0	0	0	0	0	0	0	0	0
ASV1265	5	0	0	4	0	0	0	0	0	0	0	0	4	0	0	0	0	0	0	0	0	0	1	0	0	0	0	0	2	2	0	0	0	0	0	0	0	0	0	0	0	3	0
ASV1272	0	0	0	0	4	0	0	0	0	0	0	0	0	0	0	0	0	0	0	0	0	0	5	0	0	0	4	0	0	0	0	0	0	0	1	0	0	0	0	0	0	6	1
ASV1353	0	0	4	0	0	0	6	0	0	0	0	0	0	0	0	0	3	0	0	0	4	0	0	0	0	0	0	4	0	0	0	0	0	0	0	0	0	0	0	0	0	0	0
ASV1360	0	0	0	0	0	10	0	0	0	0	0	0	0	0	0	9	0	0	0	0	0	0	0	0	0	0	0	0	0	0	0	0	0	0	0	0	0	0	0	0	0	1	1
ASV1366	0	0	0	0	0	12	0	0	0	0	0	0	0	0	0	0	0	0	0	0	0	0	0	0	0	0	0	0	2	0	4	0	0	0	0	0	0	0	0	1	0	0	2
ASV1377	0	0	0	0	0	2	0	6	0	0	0	4	0	0	0	0	0	0	0	0	0	0	0	0	0	0	0	0	0	0	4	5	0	0	0	0	0	0	0	0	0	0	0
ASV1398	0	0	0	0	0	0	4	0	0	0	0	0	0	0	0	0	0	0	0	0	0	0	0	0	0	0	0	0	0	0	0	0	0	0	0	0	0	0	0	0	0	11	6
ASV1412	0	0	0	0	0	6	0	0	0	0	0	15	0	0	0	0	0	0	0	0	0	0	0	0	0	0	0	0	0	0	0	0	0	0	0	0	0	0	0	0	0	0	0
ASV1521	0	0	0	0	0	6	0	0	0	0	0	0	0	0	0	0	15	0	0	0	0	0	0	0	0	0	0	0	0	0	0	0	0	0	0	0	0	0	0	0	0	0	0
ASV1625	0	0	0	0	0	13	0	0	0	0	0	0	0	0	0	1	0	0	0	0	0	0	0	0	0	0	2	0	0	0	0	0	0	0	0	0	0	0	1	0	1	0	3
ASV1645	0	0	0	0	0	1	0	0	0	0	0	0	0	0	0	0	0	0	0	0	0	0	5	0	0	0	0	0	0	15	0	0	0	0	0	0	0	0	0	0	0	0	0
ASV1649	0	0	0	0	0	0	0	0	0	0	0	0	0	0	0	0	0	0	0	0	0	0	0	0	0	0	0	0	0	0	0	0	0	0	0	0	0	0	0	0	0	17	4
ASV1662	0	0	0	0	0	3	0	0	0	0	0	0	0	0	0	0	8	0	0	0	0	0	0	0	10	0	0	0	0	0	0	0	0	0	0	0	0	0	0	0	0	0	0
ASV1708	0	0	0	0	0	5	0	0	11	0	0	0	0	0	0	0	0	0	0	0	0	0	0	0	0	0	0	0	0	0	0	0	0	0	0	0	0	0	0	4	0	0	1
ASV1067	0	0	1	0	0	0	0	0	0	0	0	0	0	0	0	0	0	0	0	0	0	0	0	0	0	0	0	19	0	0	0	0	0	0	0	0	0	0	0	0	0	0	0
ASV1089	0	0	17	0	0	0	0	0	0	0	0	0	0	0	0	0	0	0	0	0	0	0	0	0	0	0	0	0	0	0	0	0	0	0	0	0	0	0	0	0	0	0	3
ASV1133	1	0	0	0	0	0	0	0	0	0	0	0	0	0	0	0	14	0	0	0	0	0	0	0	0	0	0	0	1	0	4	0	0	0	0	0	0	0	0	0	0	0	0
ASV1137	0	0	0	0	0	3	0	0	15	0	0	0	0	0	0	0	0	0	0	0	0	0	0	0	0	0	0	0	0	0	0	0	0	0	0	0	0	0	0	0	0	0	2
ASV1139	5	0	0	0	0	0	0	0	0	0	0	0	0	0	0	0	0	0	0	0	0	0	4	0	0	0	10	0	1	0	0	0	0	0	0	0	0	0	0	0	0	0	0
ASV1141	0	0	0	0	0	19	0	0	0	0	0	0	0	1	0	0	0	0	0	0	0	0	0	0	0	0	0	0	0	0	0	0	0	0	0	0	0	0	0	0	0	0	0
ASV1168	0	0	0	3	0	0	0	0	0	0	0	0	0	0	0	0	0	0	0	0	0	0	0	0	0	0	16	0	1	0	0	0	0	0	0	0	0	0	0	0	0	0	0
ASV1170	0	0	0	0	0	0	0	0	0	0	0	14	0	0	0	0	0	0	0	0	0	0	4	0	0	0	0	0	0	0	0	0	0	0	0	0	0	2	0	0	0	0	0
ASV1173	0	2	7	4	0	3	0	0	0	0	0	0	0	0	0	0	0	0	0	0	0	0	0	0	0	0	0	0	0	0	0	4	0	0	0	0	0	0	0	0	0	0	0
ASV1193	0	0	0	0	0	0	0	0	0	0	0	0	0	0	0	0	0	0	0	0	0	0	9	0	0	0	0	0	0	0	0	11	0	0	0	0	0	0	0	0	0	0	0
ASV1200	0	0	0	0	0	0	0	0	0	0	0	0	0	0	0	0	0	0	0	0	0	0	0	0	0	1	0	0	0	0	0	0	0	0	0	0	0	3	0	0	0	13	3
ASV1205	3	0	0	0	0	0	0	0	0	0	0	0	0	0	0	0	0	0	0	0	0	0	0	0	0	0	0	0	0	0	0	0	0	0	0	0	0	0	0	16	0	1	0
ASV1238	0	0	0	0	0	0	0	0	0	0	0	0	0	0	0	0	0	0	0	0	0	0	0	0	0	0	0	0	0	0	0	0	0	0	3	4	2	3	4	0	0	4	0
ASV1255	0	0	6	0	3	0	0	0	0	0	0	0	0	0	0	0	0	0	0	0	0	0	0	0	0	0	0	0	0	3	0	0	0	0	0	0	0	0	3	0	0	0	5
ASV1256	0	0	5	0	0	0	0	1	0	0	0	10	4	0	0	0	0	0	0	0	0	0	0	0	0	0	0	0	0	0	0	0	0	0	0	0	0	0	0	0	0	0	0
ASV1345	1	2	0	1	0	0	0	0	1	0	0	0	0	0	0	0	0	0	0	0	0	0	0	0	1	2	0	1	0	0	1	0	0	1	2	3	0	0	1	0	2	1	0
ASV1376	0	1	0	3	12	0	0	0	0	0	0	0	0	0	0	0	0	0	0	0	0	0	0	0	0	0	0	0	0	0	0	3	0	0	0	0	1	0	0	0	0	0	0
ASV1381	0	0	0	0	0	4	0	0	0	0	0	0	0	0	0	0	0	0	0	0	0	0	0	0	0	0	0	15	0	0	0	0	0	1	0	0	0	0	0	0	0	0	0
ASV1389	5	0	0	0	6	2	0	0	0	0	0	3	4	0	0	0	0	0	0	0	0	0	0	0	0	0	0	0	0	0	0	0	0	0	0	0	0	0	0	0	0	0	0
ASV1400	0	0	0	0	0	0	0	0	0	0	0	0	0	0	0	0	0	9	0	0	0	0	3	0	0	0	0	0	0	0	0	0	0	0	0	0	0	0	0	8	0	0	0
ASV1545	0	0	0	6	0	0	0	0	0	0	0	0	0	0	0	0	0	0	0	0	0	0	0	0	0	0	0	0	0	0	0	0	0	0	0	1	0	4	0	0	0	6	3
ASV1553	12	0	0	0	0	5	0	0	0	0	0	0	0	0	0	0	0	0	0	0	0	0	0	0	0	0	3	0	0	0	0	0	0	0	0	0	0	0	0	0	0	0	0
ASV1560	0	0	0	0	0	19	0	0	0	0	0	0	0	0	0	0	0	0	0	0	0	0	0	0	0	0	0	0	0	0	0	0	0	0	0	0	0	0	1	0	0	0	0
ASV1592	17	0	0	0	0	3	0	0	0	0	0	0	0	0	0	0	0	0	0	0	0	0	0	0	0	0	0	0	0	0	0	0	0	0	0	0	0	0	0	0	0	0	0
ASV1755	0	1	0	0	0	0	12	0	0	0	0	0	0	0	0	0	0	0	0	0	0	0	0	0	0	0	0	0	0	2	0	5	0	0	0	0	0	0	0	0	0	0	0
ASV1792	0	5	0	1	0	1	0	0	0	0	0	0	0	0	0	0	13	0	0	0	0	0	0	0	0	0	0	0	0	0	0	0	0	0	0	0	0	0	0	0	0	0	0
ASV1016	0	0	0	0	0	0	0	0	0	0	0	0	0	0	0	0	0	0	0	0	0	0	0	0	0	0	0	0	0	0	0	0	0	0	0	0	1	3	4	11	0	0	0
ASV1116	0	0	0	0	0	0	0	0	0	0	0	0	0	0	0	0	0	0	12	0	0	0	0	0	0	0	0	7	0	0	0	0	0	0	0	0	0	0	0	0	0	0	0
ASV1172	0	6	0	0	0	0	0	0	0	0	0	0	0	0	0	0	0	0	0	0	0	0	0	0	0	0	0	0	0	0	0	13	0	0	0	0	0	0	0	0	0	0	0
ASV1192	0	0	0	0	0	2	0	0	0	0	0	0	0	1	0	0	16	0	0	0	0	0	0	0	0	0	0	0	0	0	0	0	0	0	0	0	0	0	0	0	0	0	0
ASV1199	0	0	0	0	0	1	0	1	17	0	0	0	0	0	0	0	0	0	0	0	0	0	0	0	0	0	0	0	0	0	0	0	0	0	0	0	0	0	0	0	0	0	0
ASV1229	0	0	0	0	0	6	0	0	0	0	0	0	0	0	0	0	0	0	0	0	0	0	0	0	0	0	0	0	0	0	0	1	0	0	0	0	0	0	0	0	0	12	0
ASV1231	0	0	0	0	0	0	0	0	0	0	0	0	0	1	0	0	0	0	0	0	0	0	0	0	0	0	0	2	0	0	0	0	0	16	0	0	0	0	0	0	0	0	0
ASV1232	0	0	0	0	0	12	0	0	0	0	0	0	0	0	0	0	0	0	0	0	0	0	0	0	0	0	0	0	0	0	4	0	0	0	0	0	0	0	0	0	0	0	3
ASV1249	7	0	0	0	0	0	1	0	0	0	0	0	7	0	0	0	0	0	0	0	0	0	0	0	0	0	0	0	0	4	0	0	0	0	0	0	0	0	0	0	0	0	0
ASV1261	0	0	0	0	0	0	0	0	0	0	0	0	0	0	0	0	0	0	0	0	0	0	1	0	0	0	0	0	0	0	18	0	0	0	0	0	0	0	0	0	0	0	0
ASV1271	0	0	0	0	0	0	0	0	0	0	0	18	0	0	0	0	0	0	0	0	0	0	0	0	0	0	0	0	0	0	0	0	0	0	0	0	0	0	0	0	0	0	1
ASV1289	14	0	0	0	0	0	0	0	0	0	0	0	0	0	0	0	0	0	0	0	0	0	0	0	0	0	0	0	0	5	0	0	0	0	0	0	0	0	0	0	0	0	0
ASV1298	0	0	0	0	2	0	0	0	0	0	0	0	0	0	0	0	0	0	0	0	0	0	0	0	0	17	0	0	0	0	0	0	0	0	0	0	0	0	0	0	0	0	0
ASV1302	1	0	0	0	0	0	6	0	0	0	0	0	0	0	11	0	0	0	0	0	0	0	1	0	0	0	0	0	0	0	0	0	0	0	0	0	0	0	0	0	0	0	0
ASV1303	0	0	0	0	0	0	0	1	0	0	0	1	0	0	0	0	0	14	0	0	0	0	3	0	0	0	0	0	0	0	0	0	0	0	0	0	0	0	0	0	0	0	0
ASV1326	0	0	0	0	0	0	0	0	0	0	0	0	0	0	0	0	0	0	0	0	0	0	0	0	0	0	0	0	0	2	0	16	0	0	0	0	0	0	0	0	0	1	0
ASV1328	0	0	0	0	0	0	0	0	0	0	0	0	0	17	0	0	0	0	0	0	0	0	2	0	0	0	0	0	0	0	0	0	0	0	0	0	0	0	0	0	0	0	0
ASV1359	6	1	0	0	0	0	0	0	0	0	0	0	0	0	0	0	12	0	0	0	0	0	0	0	0	0	0	0	0	0	0	0	0	0	0	0	0	0	0	0	0	0	0
ASV1379	0	2	3	0	0	1	0	0	0	0	0	0	0	0	0	0	0	0	0	0	0	0	0	0	0	0	5	0	5	0	2	0	0	0	0	0	0	0	0	0	1	0	0
ASV1383	0	0	0	0	0	5	0	0	0	0	0	0	0	0	0	0	0	0	0	0	0	0	0	0	0	0	0	0	0	0	0	0	13	0	0	0	0	0	0	0	0	0	1
ASV1406	2	0	0	0	0	0	0	0	8	0	0	0	7	0	0	0	0	0	0	0	0	0	1	0	0	0	0	0	1	0	0	0	0	0	0	0	0	0	0	0	0	0	0
ASV1435	0	0	0	0	0	0	0	0	0	0	0	0	0	0	0	0	15	0	0	0	0	0	0	0	0	0	0	0	4	0	0	0	0	0	0	0	0	0	0	0	0	0	0
ASV1476	0	0	0	0	0	0	0	1	0	0	0	13	0	0	0	0	0	0	0	0	0	0	0	0	0	0	0	0	0	5	0	0	0	0	0	0	0	0	0	0	0	0	0
ASV1549	0	0	0	0	0	2	0	0	5	0	0	0	0	0	0	0	0	0	0	0	0	0	0	0	0	12	0	0	0	0	0	0	0	0	0	0	0	0	0	0	0	0	0
ASV1556	0	0	0	11	0	0	0	0	0	0	0	0	0	0	0	0	0	0	0	0	0	0	0	0	0	0	0	7	0	1	0	0	0	0	0	0	0	0	0	0	0	0	0
ASV1557	0	2	0	0	0	2	0	4	1	0	0	0	0	0	0	1	0	0	0	0	0	0	1	0	0	0	1	0	2	3	0	2	0	0	0	0	0	0	0	0	0	0	0
ASV1615	0	0	0	0	16	0	0	0	0	0	0	0	0	0	0	0	0	0	0	0	0	0	2	0	0	0	0	0	0	0	0	0	0	0	0	0	0	0	1	0	0	0	0
ASV1664	0	0	0	0	0	0	0	0	0	0	0	0	0	0	0	0	0	0	0	0	0	0	0	0	0	0	0	0	0	0	0	0	0	0	2	1	0	2	3	0	0	5	6
ASV1701	0	0	0	0	0	0	0	0	0	0	0	0	0	0	0	0	0	0	0	0	0	0	0	0	0	0	0	0	0	0	0	0	0	0	0	0	0	1	0	0	0	0	18
ASV1721	0	0	0	0	0	0	8	0	0	0	0	8	0	0	0	0	0	0	0	0	0	0	0	0	0	0	0	0	0	0	0	3	0	0	0	0	0	0	0	0	0	0	0
ASV1760	6	0	0	5	0	0	0	0	0	0	0	0	2	0	0	0	0	0	0	0	0	0	1	0	0	0	0	5	0	0	0	0	0	0	0	0	0	0	0	0	0	0	0
ASV1852	2	0	0	0	0	0	0	0	0	0	0	0	0	0	0	0	0	0	0	0	0	0	0	0	0	0	0	0	0	8	0	0	0	0	0	0	0	2	6	0	0	0	1
ASV1882	0	0	0	0	0	4	0	0	0	0	0	0	0	0	0	0	0	0	0	0	0	0	0	0	0	0	0	0	0	0	0	0	0	0	4	2	5	1	0	0	1	2	0
ASV1097	0	0	0	0	0	0	0	0	0	0	0	17	0	0	0	0	0	0	0	0	0	0	0	0	0	0	0	0	1	0	0	0	0	0	0	0	0	0	0	0	0	0	0
ASV1146	0	0	0	2	0	0	0	0	0	0	0	0	0	0	0	0	0	0	0	0	0	0	0	1	0	0	0	0	0	0	0	0	0	0	4	3	4	0	0	0	1	3	0
ASV1148	0	0	0	0	0	0	0	0	0	0	0	0	8	0	0	0	0	0	0	0	0	0	0	0	0	0	0	0	8	1	1	0	0	0	0	0	0	0	0	0	0	0	0
ASV1151	0	0	0	0	0	11	0	0	0	0	0	0	0	0	0	0	0	0	0	0	7	0	0	0	0	0	0	0	0	0	0	0	0	0	0	0	0	0	0	0	0	0	0
ASV1186	0	0	0	0	0	0	14	0	0	0	0	0	0	0	0	0	0	0	0	0	0	0	0	0	0	0	0	0	0	0	4	0	0	0	0	0	0	0	0	0	0	0	0
ASV1207	0	0	0	0	0	0	8	0	0	0	0	0	0	0	0	0	0	0	0	0	0	0	0	0	0	0	0	0	1	9	0	0	0	0	0	0	0	0	0	0	0	0	0
ASV1239	0	0	0	0	11	6	0	1	0	0	0	0	0	0	0	0	0	0	0	0	0	0	0	0	0	0	0	0	0	0	0	0	0	0	0	0	0	0	0	0	0	0	0
ASV1251	0	0	0	3	0	0	0	0	0	0	0	0	0	0	0	0	0	0	0	0	0	0	0	0	0	0	0	0	0	0	0	0	0	15	0	0	0	0	0	0	0	0	0
ASV1278	0	0	0	4	0	0	0	0	0	0	0	0	0	0	0	0	0	0	0	0	0	0	0	0	0	0	0	0	0	0	0	0	0	0	0	0	0	5	9	0	0	0	0
ASV1357	9	1	0	0	0	0	0	0	0	0	0	0	0	0	0	0	0	0	0	0	0	0	0	0	0	0	0	0	7	0	0	0	0	0	0	0	0	0	0	0	0	1	0
ASV1373	11	0	0	0	0	0	0	0	0	0	0	0	0	0	0	0	0	0	0	0	0	0	0	0	0	0	0	0	0	0	0	0	0	0	0	0	0	0	0	0	0	7	0
ASV1386	2	3	0	0	0	0	4	0	0	0	0	0	0	0	0	0	0	0	0	0	0	0	1	0	0	0	0	0	0	0	0	8	0	0	0	0	0	0	0	0	0	0	0
ASV1463	0	0	0	0	0	2	0	0	16	0	0	0	0	0	0	0	0	0	0	0	0	0	0	0	0	0	0	0	0	0	0	0	0	0	0	0	0	0	0	0	0	0	0
ASV1481	0	5	0	0	0	0	0	0	0	0	0	0	5	0	0	0	0	0	0	0	0	0	0	0	0	0	0	6	0	2	0	0	0	0	0	0	0	0	0	0	0	0	0
ASV1552	13	0	0	0	0	0	0	0	0	0	0	0	3	0	0	0	0	0	0	0	0	0	0	0	0	0	2	0	0	0	0	0	0	0	0	0	0	0	0	0	0	0	0
ASV1606	0	0	0	0	3	0	0	0	0	0	0	0	0	0	0	0	0	0	0	0	0	0	0	0	0	0	0	0	0	0	0	0	0	0	0	0	0	2	0	0	0	13	0
ASV1648	0	0	0	0	0	0	0	0	0	0	0	0	0	0	6	0	0	0	0	0	0	0	0	0	0	0	0	3	0	0	0	0	0	0	0	0	0	0	8	0	0	0	1
ASV1667	0	1	0	0	0	0	0	0	0	0	0	0	0	0	0	0	0	0	0	0	0	1	1	0	0	9	0	4	2	0	0	0	0	0	0	0	0	0	0	0	0	0	0
ASV1775	4	0	0	0	2	0	5	0	0	0	0	0	0	0	0	0	0	0	0	0	0	0	3	0	0	0	2	0	1	1	0	0	0	0	0	0	0	0	0	0	0	0	0
ASV1817	0	0	0	0	0	2	0	0	0	0	0	0	0	0	0	0	9	0	0	0	0	0	0	0	7	0	0	0	0	0	0	0	0	0	0	0	0	0	0	0	0	0	0
ASV1931	0	0	1	0	0	0	0	0	0	0	0	0	9	0	0	0	0	0	0	0	0	0	0	0	0	0	0	0	0	0	8	0	0	0	0	0	0	0	0	0	0	0	0
ASV1090	0	0	0	0	0	0	0	0	0	0	0	0	0	15	0	0	0	0	0	0	0	0	0	0	0	0	0	2	0	0	0	0	0	0	0	0	0	0	0	0	0	0	0
ASV1110	0	0	0	0	0	0	0	0	0	0	0	0	11	0	0	0	0	0	0	0	0	0	0	0	0	0	0	0	0	0	0	0	0	0	0	0	0	0	0	0	0	6	0
ASV1161	0	0	0	0	0	0	0	0	0	0	0	0	0	0	0	0	0	0	0	0	0	0	0	0	0	0	0	0	0	16	0	0	0	0	0	0	0	0	0	0	1	0	0
ASV1213	0	0	0	0	0	0	0	0	4	0	0	0	0	0	0	0	0	8	0	0	0	0	5	0	0	0	0	0	0	0	0	0	0	0	0	0	0	0	0	0	0	0	0
ASV1237	0	0	0	0	10	0	0	0	0	0	0	0	0	0	0	0	0	0	0	0	0	0	0	0	0	0	5	1	0	0	0	0	0	0	0	0	0	0	1	0	0	0	0
ASV1284	0	0	0	0	0	0	0	0	16	0	0	0	0	0	0	0	0	0	0	0	0	0	0	0	0	1	0	0	0	0	0	0	0	0	0	0	0	0	0	0	0	0	0
ASV1346	0	5	0	0	0	0	0	0	0	0	0	2	0	0	0	0	0	0	0	0	0	0	6	0	0	0	0	0	1	1	0	2	0	0	0	0	0	0	0	0	0	0	0
ASV1392	0	0	0	0	0	0	0	0	0	0	0	1	0	0	0	0	0	0	0	0	0	0	0	0	0	0	0	0	0	0	0	0	0	0	0	0	0	0	0	0	0	16	0
ASV1403	0	0	0	0	0	0	0	0	0	0	0	0	0	0	0	0	0	0	0	0	16	0	1	0	0	0	0	0	0	0	0	0	0	0	0	0	0	0	0	0	0	0	0
ASV1432	0	8	0	0	0	0	0	0	0	0	0	0	9	0	0	0	0	0	0	0	0	0	0	0	0	0	0	0	0	0	0	0	0	0	0	0	0	0	0	0	0	0	0
ASV1433	0	6	0	0	0	0	0	0	0	0	0	0	8	0	0	0	0	0	0	0	0	0	0	0	0	0	0	0	0	0	0	3	0	0	0	0	0	0	0	0	0	0	0
ASV1448	0	0	0	14	0	0	0	0	0	0	0	0	0	0	0	0	0	0	0	0	0	0	0	0	0	0	0	0	0	0	0	0	0	0	0	0	0	0	0	0	3	0	0
ASV1452	0	0	0	0	0	0	9	0	0	0	0	0	0	0	0	0	0	0	0	0	0	0	2	0	0	0	0	0	0	0	0	0	0	0	0	0	0	0	2	0	0	0	4
ASV1465	0	0	0	0	0	0	0	0	0	0	0	0	0	0	0	0	0	0	0	0	0	0	0	15	0	0	0	0	0	0	0	0	0	0	0	0	0	2	0	0	0	0	0
ASV1467	0	0	0	0	2	0	0	0	11	0	0	0	1	0	0	0	0	0	0	0	0	0	0	0	2	0	0	1	0	0	0	0	0	0	0	0	0	0	0	0	0	0	0
ASV1509	3	10	0	0	0	0	0	0	0	0	0	0	0	0	0	0	0	0	0	0	0	0	0	0	0	0	2	1	0	0	1	0	0	0	0	0	0	0	0	0	0	0	0
ASV1535	0	0	3	0	0	1	0	0	0	5	0	0	0	0	0	0	0	0	0	0	0	0	0	0	0	2	3	0	3	0	0	0	0	0	0	0	0	0	0	0	0	0	0
ASV1559	0	0	0	0	2	0	0	0	0	0	0	0	5	0	0	0	0	0	0	0	0	0	4	0	0	0	0	0	0	0	0	0	0	0	0	0	0	0	0	0	0	6	0
ASV1598	0	0	0	2	0	0	0	0	0	0	0	0	0	0	0	0	0	0	0	0	0	0	0	0	0	0	0	0	0	0	0	0	0	0	0	0	0	0	0	0	0	15	0
ASV1707	0	0	0	0	0	0	0	0	10	0	0	0	0	0	0	0	0	0	0	0	0	0	0	0	0	0	0	4	0	0	1	0	0	0	0	0	0	0	0	0	2	0	0
ASV1718	0	1	0	0	0	0	14	0	0	0	0	0	0	0	0	0	0	0	0	0	0	0	0	0	0	0	0	0	0	0	2	0	0	0	0	0	0	0	0	0	0	0	0
ASV1794	0	0	0	0	0	5	0	0	0	0	0	0	0	12	0	0	0	0	0	0	0	0	0	0	0	0	0	0	0	0	0	0	0	0	0	0	0	0	0	0	0	0	0
ASV1802	0	0	0	0	0	0	0	7	0	0	0	0	0	0	0	0	0	0	0	0	0	0	0	0	0	0	0	0	0	2	0	0	0	0	0	0	0	0	0	0	0	8	0
ASV1848	0	0	0	0	0	0	0	0	0	0	0	0	0	0	0	0	0	0	0	0	6	0	0	0	0	0	0	0	0	0	4	7	0	0	0	0	0	0	0	0	0	0	0
ASV1175	0	11	0	0	0	0	0	0	0	0	0	0	0	0	0	0	0	0	0	0	0	0	5	0	0	0	0	0	0	0	0	0	0	0	0	0	0	0	0	0	0	0	0
ASV1212	0	0	0	0	0	0	0	0	0	0	0	0	0	0	0	0	0	0	0	0	0	0	0	0	0	0	0	0	9	0	0	0	0	0	0	0	0	0	0	0	0	7	0
ASV1220	0	0	0	0	0	10	0	0	0	0	0	0	0	0	0	0	0	0	0	0	0	0	0	1	0	0	0	0	0	0	0	0	0	0	0	0	0	0	0	5	0	0	0
ASV1248	0	0	0	0	0	0	0	0	0	0	0	0	0	0	0	0	0	0	0	0	0	0	0	0	0	0	0	0	0	0	1	15	0	0	0	0	0	0	0	0	0	0	0
ASV1259	0	0	0	0	0	0	0	0	0	0	0	0	0	0	0	0	0	0	0	1	0	0	0	0	0	0	0	0	0	0	0	0	0	0	0	0	0	0	0	0	0	15	0
ASV1293	2	0	0	9	0	0	0	0	0	0	0	0	5	0	0	0	0	0	0	0	0	0	0	0	0	0	0	0	0	0	0	0	0	0	0	0	0	0	0	0	0	0	0
ASV1310	0	13	0	0	0	0	0	0	0	0	0	0	0	0	0	0	0	0	0	0	0	0	0	0	0	0	0	0	0	0	0	0	0	0	0	0	0	0	0	0	0	0	3
ASV1318	0	1	0	4	3	0	0	4	0	0	0	0	0	0	0	0	0	0	0	0	0	0	0	0	0	0	4	0	0	0	0	0	0	0	0	0	0	0	0	0	0	0	0
ASV1331	0	0	0	0	0	0	8	0	0	0	0	0	0	0	0	0	0	0	0	0	7	0	0	0	0	0	0	0	1	0	0	0	0	0	0	0	0	0	0	0	0	0	0
ASV1349	0	4	0	5	6	0	0	0	0	0	0	0	0	0	0	0	0	0	0	0	0	0	0	0	0	0	0	1	0	0	0	0	0	0	0	0	0	0	0	0	0	0	0
ASV1355	0	0	0	0	0	0	0	0	0	10	0	0	0	0	0	0	0	0	0	0	0	0	0	0	0	0	0	0	0	0	0	0	0	0	0	0	0	0	0	0	0	0	6
ASV1361	4	0	0	0	0	6	0	0	0	0	0	0	0	0	0	3	0	0	0	0	0	0	0	0	0	0	0	0	0	0	0	0	0	0	0	0	3	0	0	0	0	0	0
ASV1396	2	2	0	0	2	0	0	0	0	0	0	0	2	0	0	0	0	0	0	0	0	0	0	0	0	0	0	0	0	0	6	0	0	0	0	0	0	0	0	0	0	2	0
ASV1402	0	0	0	0	11	0	0	0	0	0	0	0	0	0	0	0	0	0	0	0	0	0	0	0	0	0	0	0	0	0	5	0	0	0	0	0	0	0	0	0	0	0	0
ASV1420	0	2	0	0	0	3	0	0	0	0	0	0	0	0	0	0	0	0	0	0	0	0	0	0	0	0	0	0	6	0	0	5	0	0	0	0	0	0	0	0	0	0	0
ASV1462	0	0	10	0	0	0	0	0	0	0	0	0	0	0	0	0	0	0	0	0	0	0	0	0	0	0	0	0	0	0	0	0	0	0	0	0	0	0	0	0	0	6	0
ASV1489	0	10	0	0	0	0	0	0	0	0	0	0	0	0	0	0	0	0	0	0	0	0	0	0	0	0	0	0	0	0	0	5	0	0	0	0	0	0	1	0	0	0	0
ASV1492	0	0	0	0	0	0	0	0	0	0	0	0	0	0	0	0	0	0	0	0	0	0	0	0	0	0	6	0	0	0	0	0	0	0	0	0	0	0	0	0	0	10	0
ASV1525	0	0	0	0	0	0	0	0	0	0	0	0	0	0	5	0	0	0	0	0	0	0	0	0	0	0	7	0	3	0	0	0	0	0	0	1	0	0	0	0	0	0	0
ASV1528	0	0	0	0	0	0	0	0	0	0	0	0	0	0	6	0	0	0	0	0	0	0	0	0	0	0	0	0	0	0	0	0	0	0	0	0	0	1	5	0	0	2	2
ASV1534	0	0	0	0	0	0	0	0	0	0	0	0	0	0	0	0	0	0	1	2	0	2	0	0	0	0	0	0	0	0	0	0	0	0	0	0	11	0	0	0	0	0	0
ASV1611	0	0	0	0	0	0	0	0	7	0	0	9	0	0	0	0	0	0	0	0	0	0	0	0	0	0	0	0	0	0	0	0	0	0	0	0	0	0	0	0	0	0	0
ASV1694	0	0	0	8	0	0	0	0	0	0	0	0	0	4	0	0	0	0	0	0	0	0	0	0	0	0	0	0	0	0	0	0	0	0	0	0	0	1	0	0	0	3	0
ASV1695	10	0	0	6	0	0	0	0	0	0	0	0	0	0	0	0	0	0	0	0	0	0	0	0	0	0	0	0	0	0	0	0	0	0	0	0	0	0	0	0	0	0	0
ASV1702	9	5	0	0	0	1	0	0	0	0	0	0	0	0	0	0	0	0	0	0	0	0	1	0	0	0	0	0	0	0	0	0	0	0	0	0	0	0	0	0	0	0	0
ASV1734	0	0	0	8	0	0	0	0	0	0	0	0	0	4	0	0	0	0	0	0	0	0	2	0	0	0	2	0	0	0	0	0	0	0	0	0	0	0	0	0	0	0	0
ASV1761	1	0	0	5	0	0	0	0	0	0	0	0	0	0	0	0	0	0	0	0	0	0	0	0	0	0	0	0	6	1	0	0	0	0	0	0	0	2	1	0	0	0	0
ASV1842	0	0	0	0	0	0	0	0	0	0	0	0	0	0	0	0	0	0	0	0	0	0	0	0	0	0	0	0	0	0	0	0	0	0	0	1	0	15	0	0	0	0	0
ASV1862	1	0	0	0	0	0	0	1	0	0	0	0	0	0	0	0	0	0	0	0	0	0	3	0	0	0	11	0	0	0	0	0	0	0	0	0	0	0	0	0	0	0	0
ASV1920	0	5	0	5	0	0	0	0	0	0	0	0	0	0	0	0	0	0	0	0	0	0	3	0	0	0	3	0	0	0	0	0	0	0	0	0	0	0	0	0	0	0	0
ASV1227	0	0	0	0	0	0	5	0	0	0	0	0	0	0	0	0	0	0	0	0	0	0	0	0	0	0	0	0	0	0	0	0	0	0	0	0	0	4	6	0	0	0	0
ASV1228	0	0	0	7	0	0	0	0	0	0	0	0	0	0	0	0	0	0	0	0	0	0	0	0	0	0	0	0	0	0	8	0	0	0	0	0	0	0	0	0	0	0	0
ASV1240	0	0	0	0	0	0	0	0	0	0	0	0	0	0	0	0	0	0	0	0	0	0	0	0	0	0	0	0	0	0	0	0	0	0	0	0	9	1	0	4	1	0	0
ASV1288	0	0	0	0	14	1	0	0	0	0	0	0	0	0	0	0	0	0	0	0	0	0	0	0	0	0	0	0	0	0	0	0	0	0	0	0	0	0	0	0	0	0	0
ASV1313	0	0	0	0	0	0	0	0	0	0	0	0	0	0	0	0	0	0	0	0	0	0	0	0	0	0	0	0	13	0	0	0	0	0	0	0	0	0	0	0	1	1	0
ASV1356	0	0	0	0	0	0	10	0	0	0	0	0	0	0	0	0	0	0	0	0	0	0	0	0	0	0	0	5	0	0	0	0	0	0	0	0	0	0	0	0	0	0	0
ASV1388	0	0	0	3	0	0	0	0	0	0	0	0	0	5	0	0	0	0	0	0	0	0	0	0	0	0	7	0	0	0	0	0	0	0	0	0	0	0	0	0	0	0	0
ASV1395	3	0	0	0	6	0	0	0	0	0	0	0	0	0	0	0	0	0	0	0	0	0	0	0	0	0	0	0	0	0	0	0	0	0	0	0	0	0	0	0	0	6	0
ASV1438	0	0	0	14	0	0	0	0	0	0	0	0	0	0	0	0	0	0	0	0	0	0	0	0	0	0	0	0	0	0	1	0	0	0	0	0	0	0	0	0	0	0	0
ASV1443	0	0	0	0	0	0	0	0	0	0	0	0	0	0	0	0	0	0	0	0	0	0	0	0	0	0	7	0	5	3	0	0	0	0	0	0	0	0	0	0	0	0	0
ASV1446	1	9	0	0	0	0	0	0	0	0	0	0	0	0	0	0	0	0	0	0	0	0	0	0	0	0	0	2	0	2	1	0	0	0	0	0	0	0	0	0	0	0	0
ASV1447	0	0	0	0	0	0	0	1	0	0	0	0	0	0	0	0	0	0	0	0	0	0	0	0	0	0	5	0	0	0	0	0	0	0	0	1	0	1	3	1	0	0	3
ASV1491	0	13	0	0	0	0	2	0	0	0	0	0	0	0	0	0	0	0	0	0	0	0	0	0	0	0	0	0	0	0	0	0	0	0	0	0	0	0	0	0	0	0	0
ASV1497	0	0	0	0	0	0	0	0	0	0	0	0	0	0	0	0	0	0	0	0	0	0	1	0	0	0	0	0	1	0	0	0	0	0	1	0	0	0	1	0	0	0	11
ASV1507	0	0	0	0	0	0	0	0	0	0	0	0	0	0	0	0	0	0	0	0	0	0	0	0	0	0	0	0	0	0	12	0	0	0	0	0	0	0	3	0	0	0	0
ASV1511	6	0	0	0	0	0	0	0	0	0	0	0	0	0	0	0	0	0	0	0	0	0	0	0	0	0	0	8	0	0	0	0	0	0	0	0	0	0	0	0	0	1	0
ASV1512	0	0	0	0	0	0	0	0	0	0	0	0	0	0	0	0	0	0	0	0	0	0	0	0	0	0	1	0	0	0	2	0	0	0	2	3	0	0	2	0	0	0	5
ASV1514	0	0	0	0	0	0	9	0	0	0	0	0	0	4	0	0	0	0	0	0	0	0	0	0	0	0	0	0	0	0	0	2	0	0	0	0	0	0	0	0	0	0	0
ASV1515	0	0	0	0	0	0	0	0	0	0	0	0	0	0	0	0	0	0	0	0	0	0	0	0	0	0	0	0	0	0	0	0	0	0	0	14	0	0	1	0	0	0	0
ASV1546	0	0	0	0	0	0	4	0	0	0	0	0	0	0	0	0	0	0	0	0	0	0	0	11	0	0	0	0	0	0	0	0	0	0	0	0	0	0	0	0	0	0	0
ASV1601	0	0	0	0	0	0	0	8	0	0	0	0	0	0	0	0	0	0	0	0	0	0	3	0	0	0	0	0	0	0	0	0	0	0	2	2	0	0	0	0	0	0	0
ASV1614	0	0	0	0	0	0	0	0	0	0	0	0	0	0	0	0	0	0	0	0	0	0	0	0	0	0	0	0	0	6	0	0	0	0	0	0	0	0	0	0	0	9	0
ASV1703	13	0	0	0	0	0	0	0	0	0	0	0	0	0	1	0	0	0	0	0	0	0	1	0	0	0	0	0	0	0	0	0	0	0	0	0	0	0	0	0	0	0	0
ASV1719	0	0	0	1	0	0	0	4	2	0	0	0	0	0	0	0	0	0	0	0	0	0	5	0	0	0	0	0	1	0	2	0	0	0	0	0	0	0	0	0	0	0	0
ASV1779	0	0	12	0	0	0	0	0	0	0	0	0	0	0	0	0	0	0	0	0	0	0	0	0	0	0	0	0	0	0	0	3	0	0	0	0	0	0	0	0	0	0	0
ASV1900	0	5	0	0	0	0	0	0	0	0	0	0	0	0	0	0	0	0	0	0	0	0	0	0	0	0	0	0	0	10	0	0	0	0	0	0	0	0	0	0	0	0	0
ASV1929	0	0	0	13	0	0	0	0	0	0	0	0	0	0	0	0	0	0	0	0	0	0	2	0	0	0	0	0	0	0	0	0	0	0	0	0	0	0	0	0	0	0	0
ASV1291	0	0	0	0	0	0	0	0	0	0	0	0	0	0	0	0	0	0	0	0	0	0	0	0	0	0	0	0	0	9	0	5	0	0	0	0	0	0	0	0	0	0	0
ASV1292	0	0	0	0	0	1	0	0	0	0	0	0	0	0	0	0	0	0	0	0	0	0	0	0	0	0	12	0	0	1	0	0	0	0	0	0	0	0	0	0	0	0	0
ASV1319	0	10	0	0	0	0	0	0	0	0	0	0	0	0	0	0	0	0	0	0	0	0	0	0	0	0	0	0	0	0	0	0	0	0	0	0	0	0	0	0	0	4	0
ASV1327	0	0	0	11	0	0	0	0	0	0	0	0	0	0	0	0	0	0	0	0	0	0	0	0	0	0	0	0	0	0	3	0	0	0	0	0	0	0	0	0	0	0	0
ASV1384	6	0	0	0	0	0	0	0	0	0	0	0	0	0	0	0	0	0	0	0	0	0	0	0	0	0	0	0	0	0	0	0	0	0	0	0	0	5	3	0	0	0	0
ASV1409	1	0	0	0	5	0	1	0	0	0	0	0	0	0	0	0	0	0	0	0	0	0	0	0	0	0	6	1	0	0	0	0	0	0	0	0	0	0	0	0	0	0	0
ASV1429	0	0	0	0	0	0	2	0	0	0	0	0	0	0	0	0	12	0	0	0	0	0	0	0	0	0	0	0	0	0	0	0	0	0	0	0	0	0	0	0	0	0	0
ASV1442	9	0	0	0	0	0	0	0	0	0	0	0	0	0	0	0	0	0	0	0	0	0	0	0	0	0	0	0	0	0	0	0	0	0	0	0	0	0	0	0	0	5	0
ASV1451	0	0	0	0	12	0	0	0	0	0	0	0	0	0	0	0	0	0	0	0	0	0	0	0	0	0	0	0	2	0	0	0	0	0	0	0	0	0	0	0	0	0	0
ASV1458	0	0	0	0	0	0	0	0	5	0	0	0	0	0	0	0	0	0	0	0	5	0	0	0	0	0	0	0	0	2	2	0	0	0	0	0	0	0	0	0	0	0	0
ASV1477	0	0	0	1	0	0	0	0	0	0	0	0	0	0	0	0	0	0	0	0	0	0	1	0	0	0	1	8	1	2	0	0	0	0	0	0	0	0	0	0	0	0	0
ASV1503	0	0	0	0	0	0	0	0	0	0	0	0	2	0	0	0	0	0	0	0	0	0	0	0	0	0	0	0	0	0	0	12	0	0	0	0	0	0	0	0	0	0	0
ASV1530	0	8	0	0	0	6	0	0	0	0	0	0	0	0	0	0	0	0	0	0	0	0	0	0	0	0	0	0	0	0	0	0	0	0	0	0	0	0	0	0	0	0	0
ASV1540	0	4	0	3	2	0	0	0	0	5	0	0	0	0	0	0	0	0	0	0	0	0	0	0	0	0	0	0	0	0	0	0	0	0	0	0	0	0	0	0	0	0	0
ASV1585	4	1	0	0	0	0	0	2	0	0	0	0	4	0	0	0	0	0	0	0	0	0	2	0	0	0	0	0	0	0	0	1	0	0	0	0	0	0	0	0	0	0	0
ASV1646	0	0	0	0	0	0	0	0	0	0	0	0	0	0	0	0	6	0	0	0	0	0	0	0	0	0	5	0	3	0	0	0	0	0	0	0	0	0	0	0	0	0	0
ASV1656	0	2	0	0	0	0	0	0	0	0	0	0	0	0	12	0	0	0	0	0	0	0	0	0	0	0	0	0	0	0	0	0	0	0	0	0	0	0	0	0	0	0	0
ASV1665	0	0	0	0	0	0	0	0	0	0	0	0	0	0	0	0	0	0	12	0	0	0	0	0	0	0	0	0	0	0	0	0	0	0	0	0	0	0	0	0	0	2	0
ASV1666	0	8	0	0	0	0	0	0	0	0	0	0	0	0	0	0	0	0	0	0	0	0	0	0	0	0	0	0	0	0	0	0	0	0	0	0	0	6	0	0	0	0	0
ASV1698	6	0	2	0	0	2	0	0	0	0	0	0	0	0	0	0	0	0	0	0	0	0	1	0	0	0	0	2	1	0	0	0	0	0	0	0	0	0	0	0	0	0	0
ASV1774	0	0	0	0	0	0	0	0	0	0	0	0	0	0	0	0	0	0	0	0	0	0	0	0	0	0	0	0	0	0	0	0	0	0	0	0	2	0	1	11	0	0	0
ASV1783	4	0	0	0	0	0	0	0	0	0	0	10	0	0	0	0	0	0	0	0	0	0	0	0	0	0	0	0	0	0	0	0	0	0	0	0	0	0	0	0	0	0	0
ASV1795	0	0	0	0	0	0	0	0	0	0	0	0	0	0	0	0	0	0	0	0	0	0	0	0	0	0	0	0	0	0	0	0	0	0	2	0	0	0	0	0	0	12	0
ASV1324	0	0	0	6	0	0	0	0	0	0	0	0	0	0	0	0	0	0	0	0	0	0	0	0	0	0	0	0	7	0	0	0	0	0	0	0	0	0	0	0	0	0	0
ASV1339	0	0	0	0	0	0	0	0	0	0	0	0	0	0	0	0	0	0	0	0	0	0	0	0	0	0	0	0	0	0	0	0	0	0	1	3	0	1	6	0	0	2	0
ASV1382	0	0	0	0	0	0	0	0	0	0	0	0	0	0	0	0	0	0	0	0	0	0	0	0	0	0	1	0	0	0	7	0	0	0	0	0	0	0	0	0	0	5	0
ASV1418	5	0	0	0	0	0	0	0	0	0	0	0	8	0	0	0	0	0	0	0	0	0	0	0	0	0	0	0	0	0	0	0	0	0	0	0	0	0	0	0	0	0	0
ASV1466	0	0	0	0	0	0	0	0	0	0	0	0	0	0	0	0	0	0	0	0	0	0	0	0	0	0	0	0	0	0	5	8	0	0	0	0	0	0	0	0	0	0	0
ASV1482	0	0	0	10	0	0	0	0	0	0	0	0	0	0	0	0	0	0	0	0	0	0	0	0	0	0	0	0	0	0	0	0	0	0	0	0	0	0	0	0	0	3	0
ASV1495	0	0	0	0	0	0	0	0	0	0	0	0	0	0	0	0	0	0	0	0	0	0	0	0	0	0	10	0	0	0	0	0	0	0	0	0	3	0	0	0	0	0	0
ASV1566	0	0	0	0	1	0	0	0	12	0	0	0	0	0	0	0	0	0	0	0	0	0	0	0	0	0	0	0	0	0	0	0	0	0	0	0	0	0	0	0	0	0	0
ASV1626	0	0	0	0	0	1	0	0	0	0	0	0	0	0	0	0	0	0	0	0	0	0	12	0	0	0	0	0	0	0	0	0	0	0	0	0	0	0	0	0	0	0	0
ASV1632	0	0	0	0	0	0	0	0	0	0	0	0	0	0	0	0	0	0	0	0	0	0	0	0	0	0	0	0	0	0	0	0	0	0	1	0	0	1	11	0	0	0	0
ASV1639	0	0	0	5	0	0	0	0	0	0	0	0	0	0	0	0	0	0	0	0	0	0	0	0	0	0	0	8	0	0	0	0	0	0	0	0	0	0	0	0	0	0	0
ASV1642	2	0	0	0	0	0	0	0	0	0	0	10	0	0	0	0	0	0	0	0	0	0	0	0	0	0	0	0	0	0	0	0	0	0	0	0	0	0	0	0	0	0	1
ASV1661	1	0	0	0	0	0	0	0	0	0	0	0	0	1	1	0	0	0	0	0	0	1	2	1	0	1	0	2	0	0	0	1	0	2	0	0	0	0	0	0	0	0	0
ASV1670	0	0	0	0	0	0	0	0	0	0	0	0	0	0	11	0	0	0	0	0	0	0	2	0	0	0	0	0	0	0	0	0	0	0	0	0	0	0	0	0	0	0	0
ASV1720	0	2	0	0	0	0	0	8	0	0	0	0	0	0	0	0	0	0	0	0	0	0	3	0	0	0	0	0	0	0	0	0	0	0	0	0	0	0	0	0	0	0	0
ASV1722	0	1	0	0	0	0	0	0	0	0	0	12	0	0	0	0	0	0	0	0	0	0	0	0	0	0	0	0	0	0	0	0	0	0	0	0	0	0	0	0	0	0	0
ASV1763	0	0	0	4	0	7	0	0	0	0	0	0	0	0	0	1	1	0	0	0	0	0	0	0	0	0	0	0	0	0	0	0	0	0	0	0	0	0	0	0	0	0	0
ASV1769	0	0	0	0	0	0	0	0	0	0	0	0	10	0	0	0	0	0	0	0	0	0	0	0	0	0	0	0	0	0	0	0	0	0	0	0	0	0	0	0	0	3	0
ASV1785	0	0	0	0	0	0	0	0	0	0	0	0	0	0	0	0	0	0	0	0	0	0	0	0	0	0	0	0	0	0	0	0	0	0	4	3	1	0	1	0	2	2	0
ASV1833	0	0	0	0	0	1	0	2	0	0	0	0	0	0	0	0	1	0	0	0	0	0	1	0	0	0	1	2	0	2	2	1	0	0	0	0	0	0	0	0	0	0	0
ASV1840	0	0	0	0	0	0	3	0	0	0	0	0	0	0	0	0	0	0	0	0	0	0	0	0	0	0	0	0	0	0	0	10	0	0	0	0	0	0	0	0	0	0	0
ASV1847	0	0	0	0	0	0	0	0	0	0	0	0	0	0	0	0	0	0	0	0	0	0	0	0	0	0	0	5	0	0	0	8	0	0	0	0	0	0	0	0	0	0	0
ASV1881	0	0	0	0	0	0	0	0	0	0	0	0	0	0	0	0	0	0	1	0	0	0	0	0	0	0	0	0	0	0	0	0	0	0	2	0	0	2	0	0	8	0	0
ASV1912	0	0	0	0	0	0	0	0	0	0	0	0	6	0	0	0	0	0	0	0	0	0	2	0	0	0	5	0	0	0	0	0	0	0	0	0	0	0	0	0	0	0	0
ASV1927	0	0	7	0	0	6	0	0	0	0	0	0	0	0	0	0	0	0	0	0	0	0	0	0	0	0	0	0	0	0	0	0	0	0	0	0	0	0	0	0	0	0	0
ASV1393	8	0	0	0	0	0	0	0	0	0	0	0	0	0	0	0	0	0	0	0	0	0	0	0	0	0	0	0	0	0	0	4	0	0	0	0	0	0	0	0	0	0	0
ASV1425	0	0	0	0	0	0	10	0	0	0	0	0	0	0	0	0	0	0	0	0	0	0	0	0	0	0	0	0	0	0	0	0	0	0	0	0	0	0	0	0	0	2	0
ASV1498	0	0	0	0	0	0	0	9	0	0	0	0	2	0	0	0	0	0	0	0	0	0	0	0	0	0	0	0	0	1	0	0	0	0	0	0	0	0	0	0	0	0	0
ASV1529	0	0	0	0	5	0	0	0	0	0	0	0	0	0	0	0	0	0	0	0	0	0	0	0	0	0	5	0	0	0	0	0	0	0	0	0	0	0	1	0	0	1	0
ASV1532	11	0	0	0	0	0	0	0	0	0	0	0	0	0	0	0	0	0	0	0	0	0	0	0	0	0	0	0	0	0	0	0	0	0	0	0	0	0	0	0	0	0	1
ASV1542	5	0	0	0	0	2	0	0	0	0	0	2	0	0	0	0	0	0	0	0	0	0	0	0	0	0	0	0	1	0	2	0	0	0	0	0	0	0	0	0	0	0	0
ASV1568	0	0	9	2	0	0	0	0	0	0	0	0	0	0	0	0	0	0	0	0	0	0	0	0	0	0	0	0	0	0	0	0	0	0	0	0	0	0	1	0	0	0	0
ASV1571	0	0	0	0	3	0	0	0	0	0	0	0	1	0	0	0	6	0	0	0	0	0	0	0	0	2	0	0	0	0	0	0	0	0	0	0	0	0	0	0	0	0	0
ASV1583	4	0	0	0	0	0	3	0	0	0	0	0	4	0	0	0	0	0	0	0	0	0	0	0	0	0	0	0	0	0	0	0	0	0	0	0	0	0	0	0	0	1	0
ASV1589	0	0	0	0	0	1	7	0	0	0	0	0	0	0	0	0	0	0	0	0	0	0	0	0	0	0	0	0	0	0	4	0	0	0	0	0	0	0	0	0	0	0	0
ASV1622	0	0	0	0	0	8	0	0	0	0	0	0	0	0	0	0	0	0	0	0	0	0	0	0	0	0	0	0	0	0	0	0	0	0	0	0	0	0	0	4	0	0	0
ASV1679	0	0	0	0	2	8	2	0	0	0	0	0	0	0	0	0	0	0	0	0	0	0	0	0	0	0	0	0	0	0	0	0	0	0	0	0	0	0	0	0	0	0	0
ASV1680	0	0	0	0	0	9	0	0	0	0	0	0	0	0	0	0	0	0	0	0	0	0	0	0	0	0	0	0	0	0	0	0	0	0	0	0	0	0	0	0	0	0	3
ASV1681	0	0	0	0	0	6	0	0	0	0	0	0	0	0	0	0	0	0	0	0	0	0	0	0	0	0	0	0	0	0	0	0	0	0	0	0	0	2	4	0	0	0	0
ASV1690	0	0	0	0	0	0	0	0	0	0	0	0	0	0	0	0	0	0	0	0	0	0	0	0	0	0	0	11	0	0	0	0	0	1	0	0	0	0	0	0	0	0	0
ASV1693	0	0	0	11	0	1	0	0	0	0	0	0	0	0	0	0	0	0	0	0	0	0	0	0	0	0	0	0	0	0	0	0	0	0	0	0	0	0	0	0	0	0	0
ASV1717	0	0	0	0	0	0	6	0	0	0	0	0	0	0	0	0	0	0	0	0	0	0	1	0	0	0	0	0	4	0	1	0	0	0	0	0	0	0	0	0	0	0	0
ASV1772	0	11	0	0	0	0	0	0	0	0	0	0	0	0	0	0	0	0	0	0	0	0	0	0	0	0	0	0	0	0	0	0	0	0	0	0	0	0	1	0	0	0	0
ASV1820	0	0	0	0	0	4	0	0	0	0	0	0	0	0	0	0	0	0	0	0	0	0	0	0	0	0	5	0	0	0	0	0	0	0	0	0	0	3	0	0	0	0	0
ASV1825	0	0	0	0	1	0	0	0	0	0	0	0	7	0	0	0	0	0	0	0	0	0	3	0	0	0	0	0	0	0	0	1	0	0	0	0	0	0	0	0	0	0	0
ASV1898	0	0	0	0	0	0	0	0	0	0	0	0	0	11	0	0	0	0	0	0	0	0	0	0	0	0	0	0	0	0	0	0	0	0	0	0	0	0	0	0	0	1	0
ASV1921	0	0	0	0	0	1	0	0	0	0	0	0	0	0	0	0	0	0	10	0	0	0	0	0	0	0	0	0	0	0	0	0	0	0	0	0	0	0	1	0	0	0	0
ASV54	0	0	0	0	0	0	0	0	0	0	0	0	0	0	0	0	0	0	0	0	0	0	0	0	0	0	1	0	0	1	0	0	0	0	2	0	0	3	1	0	4	0	0
ASV1524	0	0	0	0	0	0	0	0	0	0	0	0	0	0	1	0	0	0	0	0	0	0	3	0	0	0	0	5	2	0	0	0	0	0	0	0	0	0	0	0	0	0	0
ASV1538	4	2	0	0	0	0	0	0	0	0	0	0	0	0	0	0	0	0	0	0	0	0	0	0	0	0	5	0	0	0	0	0	0	0	0	0	0	0	0	0	0	0	0
ASV1587	5	0	0	4	0	0	0	0	0	0	0	0	0	0	0	0	0	0	0	0	0	0	0	0	0	0	0	0	0	0	0	2	0	0	0	0	0	0	0	0	0	0	0
ASV1640	5	0	0	0	1	0	1	0	0	0	0	0	0	0	3	0	0	0	0	0	0	0	1	0	0	0	0	0	0	0	0	0	0	0	0	0	0	0	0	0	0	0	0
ASV1647	0	0	0	0	0	1	0	0	0	0	0	0	0	0	0	0	10	0	0	0	0	0	0	0	0	0	0	0	0	0	0	0	0	0	0	0	0	0	0	0	0	0	0
ASV1739	0	0	0	0	0	1	0	0	0	0	0	0	0	0	0	10	0	0	0	0	0	0	0	0	0	0	0	0	0	0	0	0	0	0	0	0	0	0	0	0	0	0	0
ASV1751	0	0	0	0	0	0	0	0	0	0	0	0	0	0	0	0	0	0	0	0	0	0	0	0	0	0	0	0	2	0	0	0	0	0	0	0	0	0	0	0	0	9	0
ASV1762	0	0	0	1	0	0	0	0	1	0	0	2	0	0	0	0	0	0	0	0	0	0	0	0	0	0	0	1	0	0	0	0	0	0	0	0	0	0	0	0	0	6	0
ASV1771	0	0	0	0	0	0	0	0	0	0	0	0	5	0	0	0	0	0	0	0	0	0	0	0	0	0	0	4	0	1	0	0	0	0	0	0	0	1	0	0	0	0	0
ASV1781	0	0	0	0	0	0	0	0	0	0	0	8	0	0	0	0	0	0	0	0	0	0	0	0	0	0	0	0	0	0	0	0	0	0	0	0	0	0	0	3	0	0	0
ASV1823	0	8	0	2	0	1	0	0	0	0	0	0	0	0	0	0	0	0	0	0	0	0	0	0	0	0	0	0	0	0	0	0	0	0	0	0	0	0	0	0	0	0	0
ASV1844	0	0	0	0	0	0	0	0	0	0	0	0	0	0	0	0	0	0	0	0	0	0	0	0	0	0	0	0	0	0	0	0	0	0	1	0	0	5	5	0	0	0	0
ASV1866	0	0	0	0	0	0	0	0	0	0	0	0	0	0	0	0	0	0	0	0	0	0	0	0	0	0	0	7	0	0	4	0	0	0	0	0	0	0	0	0	0	0	0
ASV1868	0	0	0	3	0	0	0	0	0	0	0	0	0	0	0	0	0	0	0	0	0	0	0	0	0	0	7	0	0	0	0	1	0	0	0	0	0	0	0	0	0	0	0
ASV1869	0	0	0	0	0	0	5	0	0	1	0	0	0	0	0	0	0	0	0	0	0	0	5	0	0	0	0	0	0	0	0	0	0	0	0	0	0	0	0	0	0	0	0
ASV1889	0	0	0	0	0	0	0	0	0	0	0	0	0	0	0	0	0	0	0	0	0	0	0	0	0	0	0	0	0	0	0	0	0	0	0	0	7	0	4	0	0	0	0
ASV1924	0	0	0	0	0	0	0	0	0	0	0	8	0	0	0	0	0	0	0	0	0	0	0	0	0	0	0	0	0	0	0	3	0	0	0	0	0	0	0	0	0	0	0
ASV439	0	1	0	0	0	8	0	0	0	0	0	0	0	0	0	0	0	0	0	0	0	0	0	0	0	0	0	0	1	0	1	0	0	0	0	0	0	0	0	0	0	0	0
ASV1605	0	0	0	0	0	0	0	0	0	0	0	0	0	0	0	0	0	0	0	0	0	0	0	0	0	0	0	0	0	0	0	0	0	0	3	0	0	0	6	0	1	0	0
ASV1692	0	0	0	2	0	0	0	0	0	0	0	0	0	1	0	0	0	0	0	0	0	0	0	0	0	0	7	0	0	0	0	0	0	0	0	0	0	0	0	0	0	0	0
ASV1713	0	0	0	0	0	0	0	0	0	7	0	0	0	0	0	0	0	0	0	0	0	0	0	0	0	0	0	0	0	0	0	3	0	0	0	0	0	0	0	0	0	0	0
ASV1715	0	0	0	0	0	0	8	0	0	0	0	0	0	0	0	0	0	0	0	0	0	0	0	0	0	0	0	0	2	0	0	0	0	0	0	0	0	0	0	0	0	0	0
ASV1736	0	0	0	0	0	0	0	0	0	1	0	0	0	0	9	0	0	0	0	0	0	0	0	0	0	0	0	0	0	0	0	0	0	0	0	0	0	0	0	0	0	0	0
ASV1738	0	0	0	0	0	0	4	0	6	0	0	0	0	0	0	0	0	0	0	0	0	0	0	0	0	0	0	0	0	0	0	0	0	0	0	0	0	0	0	0	0	0	0
ASV1748	0	0	0	0	0	0	0	0	9	0	0	0	0	0	0	0	0	0	0	0	0	0	0	0	0	0	0	0	0	0	0	0	0	0	0	0	1	0	0	0	0	0	0
ASV1798	0	0	0	0	0	0	0	0	0	9	0	0	0	0	0	0	0	0	0	0	0	0	0	0	0	0	0	0	0	0	0	0	0	0	0	0	0	0	0	0	0	1	0
ASV1808	0	0	0	0	0	1	0	0	6	0	0	0	0	0	0	0	0	0	0	0	0	0	3	0	0	0	0	0	0	0	0	0	0	0	0	0	0	0	0	0	0	0	0
ASV1846	0	0	0	0	0	0	0	0	0	0	0	0	0	0	0	0	0	0	0	0	0	0	0	0	0	0	0	0	0	5	5	0	0	0	0	0	0	0	0	0	0	0	0
ASV1883	0	0	0	0	5	0	0	1	0	0	0	0	0	0	0	0	0	0	0	0	0	0	4	0	0	0	0	0	0	0	0	0	0	0	0	0	0	0	0	0	0	0	0
ASV1906	0	3	0	0	0	0	0	0	0	0	0	0	0	0	0	0	0	0	0	0	0	0	0	0	0	0	3	0	4	0	0	0	0	0	0	0	0	0	0	0	0	0	0
ASV1917	1	0	0	0	9	0	0	0	0	0	0	0	0	0	0	0	0	0	0	0	0	0	0	0	0	0	0	0	0	0	0	0	0	0	0	0	0	0	0	0	0	0	0
ASV1928	0	0	0	9	0	0	0	0	0	0	0	0	0	0	0	0	0	0	0	0	0	0	0	0	0	0	0	0	0	0	1	0	0	0	0	0	0	0	0	0	0	0	0
ASV75	0	0	0	0	0	0	0	0	0	0	0	0	0	0	0	0	0	0	0	0	0	0	0	0	0	0	0	1	0	0	0	0	0	0	0	0	3	0	0	6	0	0	0
ASV1818	0	0	0	0	0	8	1	0	0	0	0	0	0	0	0	0	0	0	0	0	0	0	0	0	0	0	0	0	0	0	0	0	0	0	0	0	0	0	0	0	0	0	0
ASV1831	0	0	0	0	0	0	0	0	0	0	0	0	0	0	0	0	0	0	0	0	0	0	0	0	0	0	0	0	0	0	0	0	0	0	3	0	0	2	0	0	0	0	4
ASV1861	0	0	0	0	0	0	0	0	0	0	0	0	0	0	0	0	0	0	0	0	0	0	6	0	0	0	0	0	0	0	0	3	0	0	0	0	0	0	0	0	0	0	0
ASV1903	0	0	0	0	0	0	0	0	0	0	0	0	8	0	0	0	0	0	0	0	0	0	1	0	0	0	0	0	0	0	0	0	0	0	0	0	0	0	0	0	0	0	0
ASV1913	0	0	0	0	0	0	0	0	0	0	0	0	7	0	0	0	0	0	0	0	0	0	0	0	0	0	0	0	2	0	0	0	0	0	0	0	0	0	0	0	0	0	0
ASV1930	0	0	1	0	0	0	0	0	0	0	0	0	1	0	1	0	0	0	0	0	0	0	0	0	0	0	0	0	1	0	1	0	0	0	0	0	0	3	0	0	0	1	0
ASV1859	0	0	0	0	0	0	0	0	0	0	0	0	0	0	0	0	0	0	0	0	0	0	0	0	0	0	0	3	0	0	0	5	0	0	0	0	0	0	0	0	0	0	0
ASV1867	0	0	0	0	0	0	0	0	0	0	0	0	0	0	0	0	0	0	0	0	0	0	0	0	0	0	4	0	0	0	0	0	0	0	0	0	0	0	0	0	0	3	1
ASV296	2	1	0	1	0	0	1	0	0	0	0	0	0	0	0	0	0	0	0	0	0	0	0	0	0	0	0	2	0	0	0	0	0	0	0	0	0	0	0	0	1	0	0
