#OTUID	A.0	A.1	A.11	A.12	A.13	A.14	A.15	A.16	A.17	A.2	A.20	A.21	A.23	A.24	A.25	A.26	A.27	A.28	A.29	A.3	A.30	A.32	A.34	A.4	A.5	A.6	A.7	A.8	A.9	BS.2	C3.2	G.1	G.2	G.3	G.4	G.5	GR.01	LW.1	T.1
ASV1	120	1626	3657	3658	4365	3551	3906	4982	3412	6452	1778	1653	2376	3084	3399	3062	3046	3064	3836	4221	2632	3239	3472	4392	4691	3783	4019	5309	5159	1767	1935	1672	2516	3332	3077	5589	2028	2022	883
ASV2	810	1356	1639	1568	1386	1449	1202	1059	1485	1213	2100	1935	242	360	330	270	151	222	160	1270	278	197	499	1475	1398	1379	1500	1445	1565	580	477	2327	1488	3323	2667	2150	3275	471	1722
ASV3	556	1045	1375	1602	1758	1642	1292	1533	1391	1249	1299	922	62	124	106	90	77	100	105	948	151	124	272	1460	1681	1527	2038	2101	2147	422	484	438	5	321	175	5	4	59	2023
ASV4	85	657	905	1343	1505	1357	1543	1601	1611	436	1218	1044	1864	91	32	46	45	64	32	230	28	19	42	220	292	354	469	989	1047	143	58	3	3	1	4	4	4	3	868
ASV5	161	152	256	284	306	320	386	292	407	94	357	285	514	607	454	341	232	370	201	115	215	286	643	147	164	183	189	200	249	697	415	202	75	230	287	64	664	333	490
ASV7	32	6	10	9	5	5	11	8	8	7	4	5	271	338	573	541	1247	749	2053	8	1213	1247	297	10	8	11	4	7	7	535	1325	99	38	26	29	9	312	26	14
ASV6	684	207	173	118	93	112	76	81	81	141	36	23	5	9	9	6	15	9	7	277	18	18	26	212	224	235	130	100	100	15	9	2432	872	939	1494	667	369	2330	344
ASV9	39	35	178	196	370	362	622	809	1011	42	522	505	2817	263	164	129	175	155	48	31	55	49	78	40	66	53	98	140	162	13	12	3	2	3	1	2	3	0	0
ASV10	166	97	332	379	445	437	318	354	333	194	216	155	68	68	48	42	40	36	11	213	18	16	38	267	557	435	478	777	531	6	21	88	2	210	121	6	2	631	1411
ASV8	165	63	29	19	19	24	32	38	36	31	24	30	360	669	840	1107	1012	919	770	47	556	326	201	55	45	48	19	18	12	640	471	3	24	6	7	10	76	14	3
ASV12	9	3	12	14	8	5	10	11	6	7	34	104	103	193	367	834	1045	961	494	7	1040	632	1120	6	12	5	12	4	2	291	293	4	3	3	3	2	2	2	1
ASV15	111	28	17	32	25	37	41	40	58	18	85	80	352	456	682	648	1060	731	489	48	511	346	236	31	34	28	24	24	20	242	274	6	2	13	13	0	3	4	8
ASV11	25	268	133	156	130	121	217	331	874	273	84	71	181	227	246	166	170	257	158	133	89	175	244	224	165	146	180	110	150	83	57	48	131	194	194	460	11	45	28
ASV16	154	42	37	47	39	56	64	69	79	47	89	443	631	725	556	343	203	268	200	41	201	138	253	52	48	49	44	38	34	936	459	25	10	47	41	30	24	8	111
ASV14	134	246	251	296	243	242	200	197	193	353	220	145	9	9	8	7	9	6	10	277	13	13	30	349	388	374	390	370	362	46	36	63	0	30	33	2	2	158	1345
ASV17	0	0	2	1	0	1	1	0	2	0	1	15	468	522	485	920	777	915	365	2	652	486	324	0	0	0	1	1	1	38	99	2	7	1	4	0	1	3	3
ASV13	37	28	64	40	48	44	96	89	157	12	1514	2017	379	274	193	120	79	135	32	23	50	107	331	23	13	23	22	27	19	90	49	2	0	0	1	3	0	3	3
ASV18	105	245	250	242	214	224	199	190	168	289	154	111	3	6	12	10	6	15	6	231	9	13	23	296	347	344	359	302	292	40	59	108	0	53	29	1	0	30	578
ASV19	23	14	6	11	10	13	11	10	7	9	4	5	4	13	61	133	190	206	272	5	594	266	11	9	9	6	8	8	9	700	2505	1	6	3	4	30	2	3	40
ASV22	7	1	1	0	0	4	4	3	7	1	10	34	240	869	856	632	261	534	93	0	223	348	113	2	2	0	0	4	2	41	48	1	5	0	4	2	2	4	3
ASV21	40	25	23	17	15	16	22	23	29	23	24	18	154	292	365	303	275	265	352	19	348	408	337	11	17	25	13	12	25	234	288	64	86	39	18	25	85	37	39
ASV20	103	128	211	198	223	189	156	191	244	126	201	151	62	90	80	50	27	56	55	135	60	78	116	171	168	151	172	233	242	45	53	45	15	70	57	31	22	43	44
ASV23	139	150	309	310	274	292	346	269	201	120	130	81	10	19	26	9	4	8	9	136	6	9	13	170	134	179	218	141	151	62	21	72	1	162	64	5	4	9	103
ASV27	96	136	201	189	219	189	163	154	219	127	158	136	44	54	37	31	24	38	23	122	48	40	98	160	169	154	161	217	202	25	31	72	6	116	106	3	14	80	355
ASV25	153	54	79	72	61	101	108	116	194	40	252	341	87	122	145	92	188	212	158	48	373	181	168	46	42	69	70	87	76	177	385	2	1	4	5	0	1	2	5
ASV26	1	1	0	1	0	1	2	1	0	3	5	13	1477	568	239	137	113	176	246	0	223	105	417	1	1	0	1	0	0	41	61	0	1	0	2	2	4	1	0
ASV69	376	231	127	89	91	96	74	116	62	152	214	235	30	37	42	48	38	39	56	191	72	67	78	141	97	148	108	100	98	169	294	0	50	18	39	8	256	4	2
ASV31	7	23	32	42	35	24	61	59	89	19	306	212	227	370	229	158	139	127	160	18	209	179	424	21	22	28	19	26	25	138	71	2	1	3	3	0	1	6	80
ASV24	22	13	18	21	12	19	28	28	28	4	390	456	423	388	219	197	71	201	84	5	150	172	343	8	4	9	7	13	6	91	129	1	1	1	1	0	0	0	4
ASV34	131	54	89	77	75	74	133	96	217	158	374	381	154	150	135	183	84	111	31	54	54	84	50	45	40	44	46	51	49	10	27	9	1	20	6	1	0	27	156
ASV35	31	240	290	199	147	180	126	112	69	171	42	44	2	8	6	4	3	5	4	211	8	6	10	224	180	221	239	183	169	4	4	71	0	136	103	2	2	13	155
ASV36	10	6	6	27	29	29	41	50	97	2	56	62	122	143	178	232	177	194	288	9	109	130	56	4	19	8	9	23	25	721	323	2	4	0	0	1	2	0	267
ASV29	90	166	171	149	122	166	149	113	123	175	119	93	1	5	7	6	2	10	7	139	5	6	15	181	237	214	247	206	177	28	17	90	1	68	23	1	0	5	192
ASV28	87	79	100	125	116	97	91	80	90	148	87	46	7	5	5	4	4	5	7	117	9	6	10	148	186	165	181	167	137	27	27	268	1	249	115	1	1	43	537
ASV38	115	91	116	116	106	114	210	183	135	77	368	445	24	29	10	24	21	18	11	76	28	8	33	122	98	80	79	80	76	335	21	2	6	44	14	6	8	24	59
ASV33	9	13	12	15	14	13	19	30	20	14	60	43	163	274	361	399	326	322	286	11	205	150	40	14	20	12	17	15	9	207	138	0	0	1	3	2	2	1	3
ASV32	31	92	127	113	111	127	120	108	169	64	205	144	37	48	53	54	35	42	49	70	61	39	79	78	75	84	79	96	87	83	44	102	3	242	155	2	8	14	180
ASV40	45	145	142	140	131	137	100	114	94	87	150	110	77	78	70	91	52	54	49	110	79	54	127	114	87	105	128	106	120	90	54	27	30	53	51	12	35	22	58
ASV30	67	122	131	153	155	124	138	140	105	119	117	67	6	12	8	6	6	9	3	106	9	6	12	190	236	168	166	238	202	24	19	18	2	2	10	3	0	8	389
ASV42	196	85	53	50	54	49	57	48	158	46	215	217	56	87	94	70	86	84	76	72	228	100	119	49	50	80	64	78	65	73	107	26	2	21	28	0	1	14	93
ASV44	33	120	133	101	132	148	107	109	127	70	119	88	33	45	36	23	21	34	26	96	42	45	79	90	112	121	125	85	119	46	27	27	9	155	90	1	51	20	72
ASV39	139	133	174	160	132	140	124	103	125	127	92	98	7	20	8	7	3	6	1	133	5	0	4	168	173	150	172	176	183	5	5	3	0	0	4	0	0	0	86
ASV41	69	73	198	166	166	195	238	147	145	64	132	115	150	15	4	4	7	8	7	78	3	8	24	106	84	135	132	70	93	32	13	10	0	30	15	4	0	5	11
ASV51	16	29	25	26	15	17	15	13	6	28	11	11	2	2	5	0	1	2	2	25	1	2	1	25	19	26	31	32	11	2	5	437	433	526	646	298	21	63	50
ASV37	60	57	118	150	148	186	259	211	235	56	145	135	24	8	9	33	21	32	21	54	6	13	23	60	87	73	64	92	129	121	3	0	1	1	0	0	0	4	0
ASV43	31	72	94	130	93	122	103	112	127	78	84	64	13	30	19	13	7	14	18	116	24	18	28	105	93	81	79	106	97	29	32	111	2	206	126	23	11	35	196
ASV50	33	69	69	60	65	71	39	64	111	61	67	55	63	134	93	72	62	86	83	71	91	104	137	60	73	47	87	67	59	39	40	58	22	135	73	8	87	35	36
ASV46	23	88	100	93	77	76	68	67	81	69	81	96	79	81	81	97	65	84	67	76	91	69	126	92	75	72	85	45	75	59	77	21	9	31	35	4	41	40	25
ASV45	39	11	11	9	8	17	20	20	30	15	28	45	118	134	202	245	381	411	167	11	131	96	83	16	11	11	14	18	9	87	76	2	2	1	1	0	0	4	14
ASV47	3	0	0	2	3	2	0	1	3	1	0	2	95	256	223	310	233	237	308	1	178	188	137	0	2	1	3	1	4	90	106	1	0	1	0	0	3	1	2
ASV59	112	46	62	48	66	64	126	129	137	33	191	192	127	135	154	120	47	98	21	43	22	53	39	49	23	37	51	45	49	7	28	3	1	14	1	0	1	4	3
ASV53	64	75	59	49	39	57	87	74	50	37	49	40	22	13	13	10	12	10	19	39	9	14	7	33	35	45	47	45	42	321	45	0	1	1	2	1	1109	40	22
ASV52	6	2	0	1	0	1	1	0	2	3	1	2	12	83	71	92	149	105	123	1	312	440	592	1	1	2	0	1	1	115	200	4	1	1	2	0	0	4	4
ASV49	58	68	111	117	87	86	74	66	110	79	83	62	3	1	0	5	1	5	3	62	5	4	10	96	169	135	174	162	134	5	13	8	1	15	6	1	0	6	341
ASV151	31	73	85	92	80	69	47	54	54	57	96	99	19	19	31	19	8	18	7	89	29	21	31	89	59	80	82	98	79	34	25	180	78	41	125	46	197	53	69
ASV64	39	116	152	129	109	115	113	84	72	98	75	75	9	21	7	4	4	7	6	114	14	7	19	118	96	144	114	125	106	24	23	29	5	22	45	7	3	28	113
ASV56	16	18	8	23	18	53	58	43	53	7	33	71	15	21	141	104	12	9	12	13	9	28	22	7	16	17	9	15	18	1307	28	0	1	0	0	1	0	0	7
ASV61	8	12	8	19	29	27	32	47	68	10	58	98	203	307	127	152	99	100	57	9	65	99	133	6	5	7	6	12	13	270	142	2	0	0	0	0	0	0	2
ASV48	21	74	148	168	156	179	204	205	166	47	109	100	47	14	17	19	8	23	4	19	6	3	4	30	32	44	68	110	158	25	3	0	0	0	0	0	2	0	2
ASV58	2	3	0	0	2	1	1	0	0	2	0	0	1	9	13	6	11	38	94	2	154	798	516	0	0	2	1	0	1	84	479	0	0	2	1	0	0	5	1
ASV55	24	66	62	54	79	61	52	78	104	34	74	44	71	118	81	83	39	57	63	70	85	85	134	49	54	49	70	58	42	42	69	11	3	42	36	0	7	23	23
ASV54	73	50	53	64	54	72	53	63	76	44	57	39	67	120	106	101	83	75	81	54	100	51	84	44	55	53	50	53	50	66	62	36	1	34	23	1	4	10	22
ASV66	2	1	0	0	0	1	0	0	0	1	0	0	13	13	2	12	7	31	88	0	309	160	843	0	0	1	0	1	1	76	524	0	1	0	0	0	0	0	0
ASV60	24	7	2	4	6	3	6	7	11	5	21	34	41	65	95	101	94	147	195	6	290	267	67	7	4	3	3	5	7	182	312	7	0	7	8	2	2	9	23
ASV73	24	15	6	7	6	13	20	15	20	5	12	19	103	112	187	309	167	149	146	9	56	223	44	12	5	12	9	4	3	100	174	0	0	1	0	1	0	1	3
ASV62	11	6	3	5	2	5	7	7	11	1	12	30	49	101	149	202	244	330	209	6	189	168	65	3	3	2	2	3	2	35	46	6	2	7	9	1	4	13	22
ASV96	23	22	28	55	52	62	62	49	55	21	89	81	23	62	44	31	18	21	21	28	25	26	30	31	38	43	45	33	47	88	61	72	24	11	68	20	224	65	126
ASV57	34	51	104	113	114	125	196	133	217	37	125	75	6	11	10	10	3	2	4	43	0	6	14	54	54	57	65	53	47	62	11	1	0	2	0	0	1	0	0
ASV83	27	116	75	72	62	61	44	41	62	87	46	35	12	14	12	19	16	8	21	78	20	24	20	58	85	72	87	59	46	13	17	87	68	72	63	22	40	108	39
ASV80	62	35	34	48	59	56	84	76	153	26	71	102	48	54	56	53	28	48	26	28	38	25	116	31	44	34	41	43	39	92	49	0	0	1	0	1	0	1	3
ASV75	19	11	14	7	10	12	10	7	5	9	17	18	101	135	161	146	179	134	154	19	109	97	53	17	6	10	7	3	7	108	115	2	10	9	1	5	27	8	2
ASV68	29	13	11	9	14	14	13	18	30	12	37	27	94	148	105	104	56	122	111	10	83	160	189	14	16	20	8	16	11	53	68	10	0	26	16	0	3	26	69
ASV65	97	84	48	15	34	25	20	14	16	46	10	48	24	34	27	89	186	45	107	46	397	36	29	54	42	48	39	22	49	0	6	1	7	2	1	6	6	1	7
ASV86	13	10	5	3	7	9	5	10	11	10	10	33	99	90	163	210	233	219	165	8	152	74	31	14	18	11	8	6	12	50	39	3	1	1	3	0	0	2	1
ASV63	27	26	93	90	56	74	64	51	42	28	59	53	2	4	2	3	2	6	4	19	2	1	4	56	86	98	91	63	110	4	3	2	0	6	1	0	0	0	558
ASV87	57	31	55	34	40	59	66	72	156	11	82	80	57	45	42	46	39	71	30	20	70	29	91	27	52	48	25	51	30	56	39	4	1	7	2	0	0	5	31
ASV71	52	39	69	71	44	63	88	85	56	23	97	82	85	103	116	67	36	29	16	29	21	17	28	35	28	25	47	35	25	97	94	0	0	1	2	0	1	3	1
ASV76	43	14	3	1	4	5	3	2	5	8	1	1	1	1	5	0	1	2	1	16	3	4	3	5	11	4	8	1	6	2	3	2	12	60	174	1344	2	1	2
ASV85	20	28	18	19	14	7	8	6	12	21	11	5	11	11	10	10	14	5	14	23	8	5	5	19	10	18	20	10	16	6	7	142	198	112	94	96	726	93	22
ASV67	47	66	100	80	83	103	105	91	59	39	63	41	10	10	8	8	6	8	5	49	17	5	11	65	60	72	80	53	73	23	13	57	14	86	33	1	4	4	44
ASV82	73	50	73	86	75	62	106	75	137	49	180	200	30	21	19	20	22	21	10	31	11	12	21	49	41	48	41	48	60	4	3	0	0	0	0	0	0	2	4
ASV2771	2	41	65	72	85	57	53	76	26	84	38	27	6	23	20	17	12	15	22	65	18	17	15	77	69	85	91	93	84	21	20	48	43	19	76	50	28	46	33
ASV79	28	31	75	85	78	80	76	75	114	29	136	98	18	25	19	20	21	12	17	33	6	17	15	52	61	61	56	47	70	48	30	0	0	1	0	0	0	7	68
ASV74	16	46	64	44	55	66	50	68	84	39	92	76	22	26	15	17	17	22	16	37	27	26	29	41	41	40	27	52	40	31	31	42	1	114	91	3	3	9	63
ASV70	0	4	67	53	63	52	107	116	81	138	7	18	37	60	49	42	44	79	7	77	3	3	10	80	78	62	69	64	97	18	1	1	1	1	0	0	0	1	0
ASV72	80	56	48	34	42	43	60	44	27	28	28	13	3	7	5	14	1	3	1	41	3	1	2	55	527	47	35	48	44	183	0	1	0	0	0	1	6	0	55
ASV92	26	61	58	41	37	44	25	29	16	67	22	28	15	13	20	20	17	17	12	51	22	18	32	49	42	43	53	27	34	21	19	93	111	119	104	65	76	36	7
ASV78	28	28	78	87	64	62	73	61	50	32	46	38	2	2	3	5	7	1	2	25	3	5	5	59	82	77	72	62	107	7	5	0	0	0	0	0	0	0	408
ASV77	4	21	16	6	18	11	18	21	20	9	41	19	75	143	133	181	93	124	103	6	59	63	18	11	12	12	9	8	9	190	55	2	0	0	0	0	0	1	1
ASV98	33	14	21	19	27	19	15	19	25	16	18	11	125	94	91	81	70	89	74	20	103	90	138	24	17	24	24	20	9	47	69	8	1	4	7	0	1	5	5
ASV81	56	44	52	47	45	29	52	28	37	37	161	146	8	13	9	7	3	5	0	32	5	8	6	35	37	47	44	52	35	4	1	2	4	10	4	1	0	3	445
ASV84	34	91	59	59	43	52	84	86	38	44	30	23	29	16	20	32	21	19	13	45	9	9	10	90	70	49	48	40	53	206	27	0	0	0	0	0	0	1	8
ASV99	7	28	32	30	23	36	21	21	45	30	26	21	18	34	19	22	11	15	14	27	20	20	20	31	30	36	39	25	31	16	7	123	35	106	68	12	325	58	19
ASV100	6	18	3	11	8	13	14	13	46	2	46	70	123	187	113	86	79	69	44	8	53	41	73	6	12	6	2	7	5	135	53	0	0	0	0	0	0	0	2
ASV90	20	57	44	51	50	43	55	37	71	34	121	86	24	31	24	45	23	35	26	38	57	57	31	38	30	36	35	37	37	33	19	5	0	1	1	0	2	2	13
ASV95	33	129	57	43	37	56	33	33	10	63	4	9	1	2	4	0	5	4	4	84	1	4	8	66	54	75	56	32	44	5	1	45	140	101	96	81	14	47	4
ASV102	46	20	15	14	16	13	16	14	36	10	22	36	63	74	201	77	53	39	65	12	57	76	234	13	9	19	6	18	9	46	50	1	0	0	0	0	0	0	2
ASV104	72	19	13	19	21	21	11	33	27	11	18	23	53	51	87	82	102	131	73	24	63	67	31	14	18	27	17	13	16	50	93	6	0	12	21	4	2	10	3
ASV93	18	95	33	43	37	62	64	58	82	24	42	45	37	31	19	17	16	16	8	32	10	5	27	34	43	36	21	49	41	194	45	0	0	0	1	0	1	54	44
ASV88	77	103	72	54	61	71	84	61	37	61	23	25	2	2	15	9	2	4	1	57	3	4	3	80	77	69	56	47	68	18	7	13	7	28	16	14	0	20	17
ASV101	2	3	0	6	2	2	8	4	5	0	5	4	61	76	63	118	100	118	163	2	130	144	73	4	3	7	4	1	2	77	105	0	0	0	0	0	0	0	2
ASV107	19	7	9	13	10	15	15	12	9	2	15	26	149	249	147	55	91	39	95	10	9	133	73	6	5	6	2	2	9	33	29	5	1	0	4	0	1	1	4
ASV97	1	1	2	3	2	3	5	2	7	0	4	3	65	113	106	100	76	134	96	2	126	120	25	3	2	1	1	2	1	107	152	2	0	2	1	0	4	0	4
ASV89	3	6	11	12	7	12	13	10	14	5	280	362	86	87	73	25	12	38	8	12	20	24	132	2	3	2	5	0	7	7	8	0	0	0	0	1	1	0	0
ASV105	13	19	11	10	9	14	15	14	16	11	30	12	41	62	82	81	89	90	131	20	91	121	34	9	14	16	17	10	10	68	66	4	1	4	5	0	4	3	3
ASV108	15	16	13	20	20	17	28	19	38	9	43	28	107	112	128	89	72	53	44	5	34	38	35	14	12	12	10	15	12	99	45	0	1	0	2	0	0	0	14
ASV91	7	1	2	2	2	3	2	2	2	3	0	4	20	38	30	104	87	133	95	2	131	120	54	4	1	3	4	2	2	157	195	1	1	1	1	0	1	4	1
ASV103	10	35	32	43	53	47	47	51	46	24	48	38	31	30	26	27	19	20	19	40	28	13	31	29	42	39	59	40	49	94	31	3	2	8	9	0	6	19	45
ASV111	45	23	14	24	25	34	57	35	47	8	55	71	44	30	75	58	78	44	62	16	13	46	6	14	17	15	20	18	8	106	101	0	0	1	0	0	0	0	0
ASV106	1	5	3	2	3	6	5	2	11	1	14	10	65	90	89	127	142	94	120	3	77	73	40	3	3	1	2	3	3	113	70	0	0	0	0	0	0	0	1
ASV110	69	43	35	48	40	40	56	51	40	30	90	101	35	43	30	21	27	16	13	60	12	17	47	42	30	38	38	45	28	8	22	0	0	0	1	3	0	0	0
ASV266	1	27	38	27	44	30	28	23	12	45	20	12	6	28	35	33	25	33	45	34	47	59	54	42	33	33	19	36	38	29	21	38	41	12	34	45	26	52	15
ASV131	3	5	11	13	6	15	7	6	9	8	5	6	40	83	86	85	55	61	70	14	89	88	78	12	11	14	9	12	7	80	81	1	1	1	0	2	2	0	4
ASV117	5	11	9	6	10	12	26	26	24	3	221	294	36	55	50	25	21	22	9	5	18	20	45	6	5	12	7	9	6	18	25	0	0	0	0	0	1	0	1
ASV94	2	1	3	3	1	2	6	1	3	0	82	349	351	32	12	7	19	19	19	0	28	31	53	1	0	3	2	2	1	10	9	1	0	0	0	1	0	0	0
ASV113	10	20	30	27	22	31	34	27	30	22	75	58	32	35	33	41	23	26	49	17	56	48	40	21	17	23	24	31	19	18	21	7	1	23	15	0	1	1	44
ASV112	20	22	15	26	14	23	18	11	12	13	20	21	52	67	75	77	50	45	63	17	58	65	58	18	19	11	21	15	23	32	42	4	4	10	4	3	8	2	21
ASV115	33	15	14	15	7	10	15	14	22	7	31	40	83	84	90	83	97	112	39	18	33	28	26	9	8	18	10	5	11	21	14	0	0	2	0	1	0	6	10
ASV239	11	34	25	33	25	26	11	19	15	28	45	35	11	10	11	8	5	8	16	42	11	10	6	41	27	33	39	32	17	17	11	92	55	18	56	13	145	27	32
ASV114	29	47	22	41	55	56	87	60	65	26	42	59	22	6	8	7	8	0	1	21	6	1	5	40	32	30	19	24	36	137	12	1	0	0	0	0	0	20	27
ASV179	9	62	58	51	41	56	32	22	15	43	39	22	0	0	2	1	2	1	1	65	3	1	1	79	51	55	70	58	50	3	4	44	4	6	49	2	4	7	67
ASV170	8	4	8	4	14	10	22	20	22	6	223	319	52	38	36	20	17	21	10	2	16	33	52	6	4	6	2	2	8	29	20	1	1	0	1	1	0	1	0
ASV109	36	55	43	39	36	70	60	44	38	54	94	91	12	22	9	4	8	6	5	41	11	6	7	44	57	50	40	23	37	19	12	0	0	3	1	0	5	1	2
ASV121	39	15	24	15	41	14	38	26	91	17	92	90	72	68	74	50	29	50	9	12	15	21	31	12	11	11	15	13	18	4	13	2	0	0	0	0	0	1	0
ASV123	12	5	8	5	8	12	22	8	19	7	12	13	58	90	46	48	79	24	39	6	5	34	17	3	3	6	8	3	10	6	5	33	0	121	111	1	6	22	107
ASV125	29	30	29	24	24	26	13	16	16	21	3	9	6	4	5	7	3	8	10	42	7	5	3	33	21	35	28	14	27	6	9	95	89	80	90	11	72	111	27
ASV122	17	13	15	25	32	29	37	26	29	14	26	35	13	10	28	29	18	6	10	15	6	16	7	8	11	16	9	15	22	403	5	0	0	0	0	0	1	1	13
ASV116	19	18	27	30	27	18	29	17	14	68	28	13	2	1	2	1	1	1	0	27	3	0	2	31	41	36	49	44	45	5	3	1	0	0	1	0	1	134	322
ASV119	59	15	10	3	10	6	7	5	13	10	27	23	42	39	47	89	106	130	66	17	57	40	28	10	13	7	5	7	6	22	16	2	0	2	1	0	0	7	17
ASV138	10	31	21	24	21	22	11	14	36	18	35	20	44	84	52	48	34	40	48	28	38	62	56	18	22	16	19	14	17	20	25	6	2	4	5	0	3	10	6
ASV2223	8	34	26	35	24	41	25	17	17	21	36	46	18	24	29	14	11	6	12	40	25	12	14	42	24	31	42	36	28	32	30	35	16	2	43	12	101	16	32
ASV894	15	28	44	37	54	43	37	45	19	37	58	48	1	4	2	3	1	1	0	30	1	1	1	42	38	55	54	57	58	8	3	38	11	3	12	10	4	11	92
ASV445	13	7	10	18	33	22	30	30	17	9	22	26	39	40	51	31	18	15	23	8	19	36	53	19	11	13	17	22	17	46	43	20	9	7	21	5	55	62	49
ASV128	26	4	4	4	2	2	2	3	7	4	2	3	25	23	27	107	57	92	72	2	98	102	18	4	2	9	6	3	2	60	157	0	0	2	1	0	0	10	11
ASV120	8	18	14	3	11	10	6	6	4	18	6	9	28	28	41	54	63	67	92	16	69	79	175	6	7	16	5	8	7	19	15	1	0	0	1	0	2	1	5
ASV140	18	55	38	21	22	25	25	18	24	36	6	5	2	3	1	3	1	2	3	38	2	1	6	30	29	34	30	23	31	2	0	67	165	91	96	15	19	26	8
ASV181	10	8	9	10	6	4	4	5	1	6	4	20	12	30	32	98	103	56	79	17	151	77	63	10	1	12	9	5	5	22	39	2	4	0	0	2	3	2	0
ASV150	1	33	38	103	77	81	104	64	63	13	61	60	18	2	0	1	1	1	1	12	0	0	0	7	10	13	21	54	50	8	3	0	0	0	1	0	1	0	10
ASV124	5	2	5	0	2	3	3	4	5	4	1	0	24	95	107	90	31	66	53	3	83	81	130	2	2	4	0	0	1	19	16	12	0	3	3	2	6	4	0
ASV127	3	5	6	4	4	6	8	2	6	6	14	10	51	92	154	88	78	70	35	1	32	31	24	8	7	2	5	6	5	44	35	1	1	9	4	0	0	0	11
ASV118	1	2	1	0	0	1	0	0	1	1	0	0	0	1	0	0	0	0	0	6	2	0	0	2	3	0	2	2	0	0	0	0	1	58	441	427	0	0	0
ASV145	11	14	11	12	17	9	7	13	18	13	20	8	51	82	68	39	51	46	87	19	50	46	22	7	9	17	17	20	12	30	26	2	6	8	5	1	3	3	9
ASV130	2	0	1	0	2	2	0	1	1	4	2	0	11	39	59	79	60	63	111	5	105	135	48	3	5	3	2	2	1	44	68	0	0	4	2	3	5	4	2
ASV137	1	0	0	0	2	0	1	0	1	0	2	1	121	133	64	24	189	33	142	0	41	27	4	1	0	0	0	2	0	22	21	2	2	0	1	1	0	1	1
ASV146	11	1	6	4	6	2	3	8	2	3	13	44	151	207	59	33	54	38	54	4	11	80	23	6	3	3	6	5	3	3	7	2	2	2	3	1	2	2	1
ASV148	45	10	8	7	5	3	9	6	12	14	11	24	18	11	22	44	59	82	42	17	44	44	21	13	12	17	10	9	8	35	42	46	14	17	22	2	14	33	12
ASV126	1	18	12	21	7	15	12	12	23	16	26	17	49	76	41	38	21	30	30	25	46	45	63	13	8	17	17	14	13	43	18	5	3	11	5	1	1	2	24
ASV220	4	7	4	9	6	8	16	9	16	4	116	133	80	68	43	27	22	23	19	4	38	37	48	2	3	3	4	4	3	17	27	0	1	0	1	0	1	0	2
ASV314	11	23	39	33	27	42	19	29	19	21	30	29	6	8	13	3	1	9	6	30	5	5	11	28	33	31	36	31	37	18	21	28	6	21	30	4	31	15	69
ASV135	34	12	6	14	7	11	16	34	42	13	25	49	46	33	39	60	67	79	14	9	25	28	24	12	6	10	10	10	8	13	15	4	0	8	3	0	0	11	22
ASV129	0	0	0	0	0	0	0	0	3	0	0	1	276	176	43	43	34	35	47	0	48	5	72	0	2	0	0	0	0	7	9	0	1	0	0	0	0	0	0
ASV5782	5	16	32	32	37	30	35	32	13	33	57	52	9	7	5	7	5	10	6	15	9	5	12	42	22	23	27	34	25	15	11	25	25	4	26	36	37	18	22
ASV152	0	0	1	1	0	0	0	0	0	0	0	0	12	9	12	14	61	36	228	0	22	40	22	0	0	1	1	2	0	103	249	0	0	0	0	0	2	5	4
ASV172	5	29	39	99	67	65	81	73	53	22	47	34	27	3	2	0	0	6	0	3	0	0	0	9	7	16	17	56	46	8	0	0	0	0	0	0	0	0	1
ASV139	118	48	26	17	11	9	14	10	7	13	6	6	1	4	3	5	2	3	10	27	6	5	12	28	16	31	13	12	11	6	11	10	121	15	13	32	131	42	8
ASV155	11	6	14	11	8	12	11	17	20	6	7	5	26	41	58	65	68	36	49	15	52	40	45	7	7	11	3	8	8	29	35	24	3	17	12	1	2	4	17
ASV450	3	31	14	18	24	31	11	14	14	23	23	18	15	23	32	28	20	18	26	21	37	24	38	25	23	36	26	26	21	12	22	15	7	20	13	1	68	9	17
ASV134	46	18	20	12	15	6	12	13	2	14	33	60	55	72	12	62	116	20	48	15	30	17	30	17	9	11	10	6	11	3	10	0	0	0	1	0	0	0	1
ASV154	19	18	21	11	6	18	11	4	8	16	4	4	0	1	1	0	2	0	1	16	0	0	0	15	22	13	18	17	12	0	2	196	77	121	76	6	56	64	15
ASV136	21	16	25	29	41	31	34	29	32	22	25	15	8	7	4	0	0	1	0	26	3	1	8	35	28	43	33	24	19	114	15	0	5	4	4	2	21	5	87
ASV336	17	32	24	38	39	25	23	27	12	26	38	45	1	3	0	0	2	1	0	22	2	0	0	43	39	43	55	53	48	1	2	6	0	0	1	0	0	1	136
ASV143	27	35	37	22	40	30	27	47	40	27	16	15	9	10	12	19	8	8	9	43	13	14	12	32	21	34	29	32	25	17	21	1	1	16	4	1	1	12	27
ASV173	6	47	35	37	37	57	30	22	33	28	27	29	2	12	6	10	2	9	5	30	8	8	11	29	28	39	29	44	31	3	5	18	0	39	33	0	6	8	15
ASV167	37	3	7	10	5	10	14	13	12	10	9	49	35	37	33	38	31	35	49	13	26	17	6	8	5	3	14	5	15	76	103	1	2	6	5	4	5	30	25
ASV132	49	20	18	6	9	6	9	6	6	16	1	0	1	2	2	0	2	0	0	22	0	3	2	23	16	16	15	9	8	0	0	45	286	53	92	69	5	35	19
ASV200	1	3	0	2	2	5	1	2	1	0	4	4	97	60	51	48	38	39	36	3	37	46	161	1	4	4	4	1	1	44	29	2	0	1	3	0	3	1	0
ASV177	0	0	0	0	0	2	2	0	1	0	1	4	67	113	108	154	62	63	13	0	45	56	10	0	0	0	0	2	0	6	17	0	0	0	0	0	0	0	0
ASV142	140	64	13	22	23	25	17	16	7	32	14	9	11	21	54	33	8	7	4	46	3	14	1	39	23	33	21	15	24	6	29	0	0	0	0	0	2	8	0
ASV180	6	2	4	9	3	7	9	13	1	6	68	69	51	83	49	31	17	43	35	3	55	29	46	1	2	3	5	1	4	41	39	1	0	3	0	1	0	0	4
ASV1946	6	25	23	26	30	26	17	21	15	24	37	31	4	24	20	14	4	4	6	21	8	8	10	33	16	28	24	36	19	12	7	23	6	4	22	3	94	3	25
ASV141	2	1	0	0	0	0	1	0	3	0	2	2	12	72	80	40	45	25	25	2	95	90	170	2	1	0	1	0	1	28	15	1	1	0	4	0	0	0	0
ASV156	118	55	22	24	16	24	16	7	1	34	0	0	3	1	1	0	0	0	1	67	1	1	1	38	34	33	34	10	11	0	4	0	5	30	52	137	0	0	0
ASV211	12	14	11	19	11	12	16	9	9	8	16	9	34	36	32	43	44	27	33	15	30	37	51	10	11	24	15	16	15	25	27	9	5	8	16	0	13	22	7
ASV158	28	57	18	21	17	21	20	17	7	29	9	12	6	6	7	16	7	22	22	29	43	19	13	30	32	28	31	25	11	21	33	20	4	13	11	6	3	16	6
ASV149	133	55	21	43	22	27	35	22	8	46	9	9	3	2	0	1	22	1	7	66	1	2	1	42	39	38	29	10	35	6	6	0	0	0	0	0	0	0	0
ASV3207	13	22	22	35	28	33	6	19	12	24	44	32	12	17	14	6	4	7	9	30	17	10	7	30	13	27	39	35	25	31	12	11	8	1	18	8	23	8	22
ASV160	8	13	4	13	13	8	2	4	9	12	7	2	2	2	9	7	9	2	12	12	10	6	4	12	9	10	12	8	2	1	3	90	122	105	82	13	96	40	1
ASV147	16	10	12	5	9	1	7	3	13	2	4	9	40	80	43	39	29	51	58	8	39	67	77	3	6	5	1	7	4	17	34	0	0	4	2	0	0	2	2
ASV144	2	0	0	3	0	0	0	0	0	0	1	6	90	78	81	32	42	28	24	2	64	87	23	0	0	0	0	0	0	69	71	0	0	0	2	0	1	1	1
ASV193	6	27	17	7	14	11	11	9	20	17	19	8	21	29	23	20	27	22	36	17	36	47	29	13	14	19	21	11	9	31	37	8	12	6	8	18	19	13	4
ASV161	2	6	6	4	1	0	0	4	2	2	1	2	22	36	62	55	45	54	102	2	73	123	28	4	4	2	3	2	3	8	56	1	0	0	1	0	0	0	1
ASV290	1	0	1	3	0	3	0	3	1	0	0	0	3	2	13	32	31	34	61	1	100	45	2	0	1	0	0	1	1	95	269	1	1	0	2	1	0	1	6
ASV133	29	34	35	28	27	32	42	37	23	25	15	17	6	5	9	8	6	9	3	26	0	0	2	25	30	44	36	24	29	0	1	2	0	1	3	0	100	1	4
ASV192	17	20	7	6	13	5	4	1	6	9	5	4	11	10	22	45	44	21	32	14	37	49	26	17	3	5	13	2	6	34	44	31	29	12	11	3	67	49	7
ASV201	2	23	36	35	32	31	30	25	10	26	10	16	4	2	7	1	1	3	4	24	2	3	4	28	21	38	42	34	38	1	4	21	1	29	22	0	8	7	89
ASV163	9	1	1	1	4	2	0	1	2	2	3	3	19	30	33	43	65	64	65	4	54	75	62	2	4	2	0	1	3	46	76	0	0	0	0	0	0	0	0
ASV157	9	25	21	25	17	15	20	34	10	15	12	13	26	27	35	46	18	21	28	75	11	13	11	16	14	18	19	13	19	8	9	0	0	0	2	0	0	5	12
ASV166	2	0	0	1	0	1	0	0	1	2	0	0	0	0	0	0	0	0	0	2	0	0	0	1	0	2	0	2	0	0	0	1	701	18	40	67	0	0	0
ASV165	7	8	6	9	11	8	8	11	12	7	21	12	41	37	63	63	50	38	52	6	23	14	18	6	12	4	7	6	10	68	18	0	0	0	0	0	0	0	0
ASV280	6	21	23	44	40	29	15	20	20	16	35	32	0	3	2	1	0	0	1	19	1	0	0	32	38	36	52	38	51	1	2	1	0	0	1	0	0	1	120
ASV195	30	13	15	17	13	12	24	22	11	1	13	20	21	53	27	31	22	21	34	7	27	85	50	7	15	9	9	8	9	20	4	0	0	0	0	0	0	0	1
ASV2187	15	22	20	31	40	42	28	37	7	20	29	25	0	2	3	3	1	2	1	25	10	3	6	40	33	39	60	30	42	9	12	21	1	0	2	0	0	5	22
ASV153	3	51	38	32	20	36	48	39	60	12	46	25	133	3	6	5	2	5	1	11	1	2	5	1	5	8	17	20	26	2	0	0	1	0	0	0	0	0	0
ASV279	8	0	3	0	1	1	1	3	1	2	5	1	13	75	53	47	47	57	58	1	53	54	24	3	2	5	2	2	3	21	46	6	6	1	1	5	14	6	4
ASV162	9	3	3	1	1	5	0	1	3	5	0	0	0	2	5	2	3	2	5	4	2	4	1	3	7	2	0	4	2	1	3	220	4	98	132	4	77	25	87
ASV164	56	50	28	22	15	17	18	15	7	31	13	2	6	0	0	0	18	0	2	42	0	0	13	40	34	32	28	18	16	4	131	0	0	0	0	0	0	3	0
ASV174	7	3	5	2	2	3	3	7	5	4	10	7	47	46	74	61	65	40	43	3	15	18	20	5	1	3	2	3	6	48	40	0	1	1	0	1	2	0	1
ASV183	42	32	12	18	17	9	15	16	12	15	8	12	25	68	22	9	36	12	9	22	33	12	30	19	20	20	5	17	11	35	17	0	0	1	0	0	0	1	3
ASV4105	5	5	3	2	4	1	1	7	0	2	5	17	5	24	38	66	66	52	44	5	94	81	42	6	5	4	2	1	2	20	34	1	0	0	0	0	0	2	1
ASV168	34	9	5	4	4	5	1	0	1	7	1	1	0	1	1	0	0	1	1	9	0	0	1	3	5	4	5	6	2	1	0	143	204	81	48	72	10	47	3
ASV178	13	23	14	11	14	17	7	9	13	14	7	2	2	9	10	7	3	3	7	14	10	5	8	14	18	19	22	12	15	5	4	53	26	94	80	5	8	19	7
ASV5245	3	18	33	42	39	43	38	48	33	28	28	25	26	5	2	2	2	4	1	13	1	3	4	9	12	17	20	44	49	5	2	0	0	0	0	0	0	0	19
ASV176	12	26	13	16	16	20	14	24	17	18	12	5	14	34	15	13	14	22	19	18	12	23	9	16	19	17	20	17	18	13	11	10	1	28	20	1	19	19	14
ASV216	0	0	5	2	7	9	6	1	12	1	5	17	49	40	31	57	35	103	33	1	8	20	33	0	1	4	1	1	3	84	19	1	0	0	0	0	0	0	0
ASV208	17	34	13	4	9	12	10	4	2	13	2	0	0	1	0	1	0	0	0	21	0	0	2	14	7	19	15	7	7	0	1	70	149	66	49	49	25	86	9
ASV171	3	26	15	20	22	24	33	38	42	13	27	20	21	39	29	27	13	27	16	9	9	22	12	9	17	3	11	26	14	13	13	0	0	4	0	0	0	0	1
ASV223	7	40	29	27	28	25	32	26	12	33	10	12	2	6	7	2	3	2	4	30	5	2	7	30	27	34	38	22	23	0	0	11	5	32	22	1	4	10	25
ASV206	41	14	7	6	7	11	8	11	12	5	12	11	16	9	44	35	52	16	40	10	5	31	1	6	3	7	6	3	10	46	139	0	0	1	0	1	0	0	0
ASV199	3	4	2	4	0	3	0	3	6	1	3	5	29	26	49	59	79	64	38	2	31	43	21	1	3	4	3	1	2	36	33	0	0	3	0	0	0	1	4
ASV3824	4	13	18	23	27	23	16	20	13	29	31	43	2	5	5	8	7	5	4	25	7	4	10	24	24	13	18	30	26	7	7	18	13	11	19	25	44	7	10
ASV205	79	48	15	22	15	34	16	37	15	39	5	12	6	3	0	3	7	4	1	47	14	1	3	25	33	43	47	17	36	4	2	1	0	0	0	0	0	1	1
ASV250	11	21	9	19	8	11	6	15	12	17	12	7	7	17	17	11	11	19	13	12	18	11	9	17	14	18	18	18	9	13	5	24	20	29	26	10	95	14	10
ASV727	17	23	26	27	18	24	18	25	10	21	45	30	0	3	1	4	1	0	0	31	0	2	1	35	24	27	37	48	25	2	3	11	2	1	2	0	0	0	73
ASV185	3	15	25	13	17	15	8	19	16	5	11	10	6	11	21	12	7	7	11	9	11	10	20	9	2	9	13	13	5	9	12	28	5	78	65	3	46	6	22
ASV235	90	48	16	34	55	20	26	11	3	32	9	13	1	0	0	5	32	1	2	41	0	1	1	47	27	38	26	17	13	0	0	0	0	0	0	0	0	6	15
ASV194	49	19	27	33	25	18	28	15	49	7	46	85	8	6	5	14	12	10	4	15	6	8	9	9	10	10	11	18	14	1	2	1	0	3	0	0	0	2	0
ASV169	7	13	25	18	16	20	9	21	21	13	17	15	15	24	16	24	9	18	25	16	10	12	15	6	14	13	12	16	19	8	11	12	0	44	38	0	8	8	22
ASV189	10	2	0	2	0	2	0	4	2	1	0	1	0	0	1	0	0	2	1	1	0	3	2	2	2	1	1	0	2	0	0	5	94	18	20	108	236	141	26
ASV182	7	2	7	2	4	7	10	7	18	6	14	11	34	48	51	40	32	57	31	11	35	38	11	3	2	2	7	3	6	41	24	0	0	2	1	1	0	0	0
ASV159	96	31	13	16	13	9	14	2	2	21	1	4	0	0	0	1	0	2	0	32	2	1	1	26	25	25	9	14	13	0	0	2	36	16	59	130	0	1	3
ASV188	11	26	19	12	5	10	15	8	15	15	14	2	12	22	21	13	8	25	12	12	11	20	20	9	12	13	17	10	6	7	9	35	20	32	23	4	39	14	11
ASV191	8	5	1	5	7	4	5	12	11	4	7	10	46	109	67	43	27	18	21	3	6	91	23	7	1	2	2	3	2	3	4	1	1	0	0	0	0	2	4
ASV258	25	7	6	14	14	14	22	15	21	5	11	15	15	27	37	17	8	8	26	14	6	13	8	9	12	10	10	10	5	75	95	0	0	4	3	0	0	1	0
ASV175	5	39	36	54	41	46	63	57	41	8	62	27	10	1	0	0	2	0	3	7	0	0	1	5	5	10	19	22	20	1	1	0	0	0	0	0	0	0	2
ASV322	3	16	33	40	34	37	36	29	13	25	21	20	9	7	4	3	3	5	8	29	4	3	2	20	21	30	31	33	31	10	5	5	4	3	3	4	2	11	6
ASV215	2	8	2	3	4	2	3	3	2	10	0	5	5	10	11	9	4	9	12	1	13	8	10	6	4	8	5	3	5	5	14	74	43	28	16	13	227	28	6
ASV204	3	2	2	4	3	3	2	7	8	5	3	3	30	42	57	50	50	50	53	3	41	41	21	4	0	3	0	3	4	31	25	0	1	1	0	0	0	0	1
ASV2583	6	14	24	20	27	19	16	28	10	24	33	33	4	4	7	4	4	4	4	10	4	2	8	18	22	13	23	30	24	9	8	19	15	10	19	22	23	3	16
ASV249	22	9	5	1	4	4	3	4	1	3	0	0	2	1	4	9	14	6	7	3	9	6	5	4	5	7	3	6	1	3	3	125	63	29	34	5	104	119	11
ASV224	9	24	40	25	20	39	16	22	12	30	11	9	4	2	3	3	1	4	2	19	3	1	7	27	20	40	30	34	30	1	3	8	2	26	17	5	3	1	14
ASV2008	1	5	7	6	14	15	8	16	7	22	5	4	8	27	43	36	31	18	50	9	23	35	9	22	9	9	14	13	10	29	23	0	4	2	1	7	4	5	0
ASV213	1	4	6	6	6	2	2	4	1	0	10	6	28	47	48	42	27	31	41	6	63	31	20	10	7	7	4	5	6	35	33	1	0	1	2	0	2	6	1
ASV289	7	26	9	13	16	19	6	17	15	17	16	16	20	31	28	16	12	19	14	23	14	17	36	19	18	16	21	9	14	12	7	3	0	2	4	0	2	4	3
ASV186	158	72	33	16	13	19	10	6	2	28	0	5	4	0	0	0	0	0	1	54	1	0	1	35	26	37	27	7	19	0	3	0	0	0	0	0	0	3	1
ASV310	10	41	25	20	20	22	22	12	8	25	9	7	1	6	11	9	13	7	8	31	16	11	6	31	17	30	28	14	13	8	8	11	0	22	12	2	1	5	11
ASV197	23	27	35	42	26	31	50	28	43	14	39	26	0	0	1	2	2	3	0	22	2	6	1	8	16	12	29	28	20	2	1	1	0	5	1	0	0	1	9
ASV226	46	19	18	28	23	17	38	24	41	9	17	25	9	6	11	7	13	16	3	32	1	5	8	14	12	12	18	15	16	1	1	15	0	12	2	0	0	0	0
ASV202	74	31	26	26	18	25	14	27	15	15	12	7	5	3	9	4	7	6	3	33	18	10	17	18	38	23	18	25	16	19	5	0	0	1	0	2	0	0	2
ASV225	15	19	10	12	10	4	6	4	4	18	1	3	0	1	4	0	0	1	3	13	3	1	1	18	9	11	16	9	11	0	4	50	28	108	100	9	3	47	21
ASV248	37	43	45	25	30	16	25	23	21	33	16	16	1	0	0	0	0	0	1	22	1	0	0	24	23	29	30	32	19	1	5	6	0	2	4	6	6	11	15
ASV356	12	13	18	20	20	18	14	17	20	15	35	21	6	11	11	6	10	4	5	23	14	5	8	28	26	21	21	14	27	8	12	11	3	1	7	1	21	3	20
ASV207	34	16	9	2	5	4	5	7	7	13	3	1	3	7	4	10	10	13	5	12	5	8	2	11	13	6	6	5	1	0	4	136	7	30	30	1	64	75	16
ASV309	4	23	14	34	18	10	7	11	11	11	22	19	2	7	9	4	3	0	5	15	3	6	7	21	17	21	18	24	21	8	6	39	12	2	17	6	54	24	22
ASV198	0	0	0	0	0	0	0	0	0	0	0	0	0	0	0	1	1	1	1	0	1	1	0	0	0	0	0	0	0	2	0	2	226	89	3	234	1	4	0
ASV253	0	3	0	0	2	2	1	0	1	2	0	0	45	93	42	54	27	55	56	2	47	40	18	1	0	2	0	3	1	16	12	1	2	0	0	0	0	0	2
ASV184	3	23	25	29	32	20	20	28	44	17	58	38	5	5	8	5	2	5	4	7	9	5	13	20	17	15	20	10	14	4	5	4	0	4	3	0	0	1	23
ASV478	8	15	14	18	13	14	10	11	13	17	20	19	9	17	10	8	8	10	9	20	14	12	6	22	14	17	14	20	13	22	21	14	8	2	7	3	24	10	21
ASV203	9	5	7	4	4	3	5	4	8	4	7	7	22	59	58	58	48	55	24	8	22	30	4	1	4	11	5	4	3	13	16	0	0	2	3	0	1	5	5
ASV563	8	13	15	22	18	17	9	18	19	11	23	24	3	10	17	7	13	4	8	18	22	10	11	14	16	16	23	19	12	25	21	19	5	2	17	1	24	5	10
ASV240	14	24	20	19	16	18	34	29	9	16	13	9	8	8	1	6	4	4	6	17	14	8	10	18	17	27	16	20	30	12	6	4	1	10	5	0	4	14	34
ASV330	8	12	22	32	32	28	17	24	19	8	38	45	2	1	2	3	5	3	4	12	3	2	4	14	11	23	25	40	27	16	10	1	0	0	0	0	2	0	33
ASV247	3	19	15	14	15	18	15	25	32	13	21	23	23	22	22	16	18	18	17	14	11	15	8	8	13	11	21	11	10	13	9	1	0	1	0	0	0	0	3
ASV219	40	29	17	16	18	18	22	11	13	23	3	7	2	2	10	5	11	13	10	28	11	10	8	32	15	25	21	10	17	11	5	1	20	14	6	8	23	1	4
ASV236	8	12	17	20	17	21	11	16	21	11	21	15	3	4	5	4	2	1	6	16	3	3	6	13	20	24	24	32	13	7	9	20	0	60	30	0	8	2	13
ASV190	15	17	12	7	9	10	20	9	20	14	16	16	34	22	18	29	14	16	9	9	26	17	0	14	12	9	15	9	6	13	23	1	1	4	2	24	18	3	13
ASV210	4	2	0	0	0	1	0	1	0	0	0	0	20	32	47	32	40	25	59	0	38	53	31	0	2	0	0	0	0	39	64	0	0	1	1	1	2	3	1
ASV3327	3	2	5	7	4	7	3	10	9	5	72	100	34	35	24	13	10	11	8	5	25	17	35	3	0	3	1	5	3	17	15	0	0	0	0	0	1	0	1
ASV230	2	4	2	0	1	4	4	4	1	0	6	5	44	69	33	44	46	26	39	3	31	20	14	3	3	1	0	5	1	15	36	0	1	3	2	0	5	4	0
ASV256	20	22	20	4	14	8	8	6	0	0	0	0	0	1	0	1	0	0	0	12	0	0	3	12	15	16	14	7	9	0	0	1	16	65	203	51	0	4	0
ASV187	11	12	29	25	32	41	57	54	41	9	46	10	3	0	1	1	2	3	4	8	5	0	2	10	23	16	27	25	17	4	5	0	0	0	0	0	0	0	0
ASV232	17	13	17	8	8	8	17	4	16	9	87	122	19	14	11	17	8	13	5	8	4	7	3	4	7	13	12	7	7	5	1	0	0	0	0	0	0	0	5
ASV217	9	22	13	19	19	15	13	15	36	14	23	22	23	21	28	17	7	10	11	14	19	17	15	13	10	10	10	6	15	13	16	2	5	3	1	0	4	0	0
ASV238	0	0	0	1	0	0	0	0	0	0	2	1	73	26	63	30	32	77	50	0	43	21	35	0	1	1	0	0	0	4	6	0	0	1	0	1	0	0	1
ASV1730	0	15	2	14	7	10	12	11	7	14	7	9	14	16	26	16	31	11	35	16	24	22	15	25	15	13	13	14	20	38	28	1	5	0	2	4	6	1	5
ASV196	15	12	33	31	39	25	32	32	46	13	31	19	5	4	3	4	5	4	3	11	2	1	2	14	30	24	32	13	20	3	2	1	0	4	2	0	0	0	0
ASV237	35	12	8	9	12	12	20	11	18	2	8	17	31	26	23	30	20	10	16	5	19	10	64	3	12	8	4	13	8	22	14	0	0	0	0	0	0	0	3
ASV221	12	11	2	6	4	7	5	3	5	4	3	4	16	29	27	37	46	51	36	10	28	32	16	3	1	5	2	1	5	13	4	15	0	6	9	0	4	27	24
ASV214	21	30	12	9	6	6	6	23	8	14	9	4	16	20	19	18	22	24	40	14	36	25	14	13	12	12	13	7	5	9	29	3	0	2	0	1	0	1	1
ASV242	32	35	13	14	25	15	16	5	8	21	5	6	1	6	17	6	3	5	2	31	5	7	2	19	29	26	18	13	14	2	4	11	21	17	19	2	2	35	16
ASV241	8	12	7	4	6	11	5	2	6	8	2	0	0	1	2	1	0	1	2	5	0	0	0	9	8	8	2	2	3	0	1	104	50	71	46	2	156	14	8
ASV305	11	14	12	20	14	12	4	10	8	11	17	10	2	9	9	4	3	2	6	12	10	4	5	16	15	13	17	9	8	5	7	47	30	5	30	21	77	17	4
ASV228	42	28	29	23	18	26	22	18	16	29	8	12	0	0	1	0	4	2	1	34	2	6	0	31	23	34	18	29	24	1	1	0	2	3	0	2	1	1	18
ASV741	3	22	4	11	2	2	4	5	2	6	6	2	6	8	5	7	6	4	5	14	10	3	1	8	9	6	11	7	4	4	5	57	44	7	31	2	133	48	11
ASV2618	1	6	2	7	3	3	0	3	1	11	6	10	8	16	31	42	39	38	44	7	70	30	40	14	4	4	7	6	1	19	16	0	1	0	0	3	1	0	1
ASV261	5	38	36	11	20	18	17	10	7	37	3	7	1	2	2	2	2	1	5	40	3	5	1	25	24	23	20	9	18	1	4	27	16	19	28	6	9	13	2
ASV231	22	23	8	13	11	13	5	4	10	14	9	7	4	12	7	7	13	5	13	27	17	11	3	28	19	16	15	16	5	14	5	5	5	14	12	0	3	82	11
ASV288	12	16	25	15	14	13	13	8	4	23	8	10	3	2	3	3	0	4	1	18	4	2	3	18	14	16	30	13	13	0	1	11	80	44	40	18	4	5	4
ASV209	9	14	13	21	14	24	23	17	20	8	11	6	5	4	4	11	7	10	4	10	5	8	3	41	8	16	10	8	10	127	13	0	0	2	0	0	1	0	6
ASV3485	6	12	16	16	14	22	9	16	7	15	26	34	1	3	1	0	0	1	0	16	1	0	1	32	18	23	20	39	23	3	3	27	2	3	8	4	5	6	48
ASV245	27	26	10	13	10	12	12	19	11	14	9	5	6	8	20	18	5	8	8	21	50	9	39	19	24	11	13	15	9	31	8	0	0	0	0	0	0	1	3
ASV265	10	17	14	14	13	15	6	11	22	17	10	10	6	13	16	11	13	14	17	16	22	20	19	9	8	8	20	13	13	10	18	2	2	5	6	5	2	4	5
ASV218	12	9	11	2	4	4	0	4	0	4	0	0	0	0	0	0	0	0	0	7	1	0	1	9	4	12	9	4	4	0	0	8	68	52	66	214	0	0	0
ASV728	6	2	0	0	0	0	0	0	0	0	0	1	15	13	22	20	49	18	55	0	54	39	8	1	0	0	1	0	0	39	95	3	3	0	2	1	26	4	0
ASV227	37	13	28	27	15	18	28	19	28	9	16	22	3	3	6	4	5	6	3	15	6	4	9	22	14	21	17	16	15	0	4	14	0	7	6	0	0	0	1
ASV243	33	10	5	2	7	3	8	2	3	5	2	1	0	3	1	2	7	2	7	13	3	6	2	3	6	5	2	3	5	1	5	112	86	30	25	11	43	41	14
ASV259	14	3	4	6	5	8	6	1	9	7	6	13	19	24	28	24	33	48	20	12	28	32	11	3	5	5	7	6	4	25	30	1	0	1	3	0	0	1	6
ASV719	0	2	10	23	11	11	9	17	8	8	36	48	18	19	23	7	4	10	11	9	15	9	20	14	10	14	11	15	9	31	14	3	1	2	5	2	2	1	5
ASV347	3	1	0	0	3	0	3	4	6	0	48	27	41	45	32	22	5	27	12	1	30	21	54	0	1	0	2	2	0	18	9	0	2	0	1	1	0	0	0
ASV212	1	1	0	0	1	0	0	0	0	0	0	0	0	4	2	35	133	61	65	0	47	55	12	0	0	0	0	0	0	6	18	0	1	0	0	0	0	2	0
ASV229	6	17	13	22	28	16	29	15	30	8	45	35	7	5	7	8	5	6	1	12	11	12	9	9	18	12	13	19	10	13	5	0	0	1	0	0	0	0	8
ASV267	12	9	20	24	23	19	27	18	36	19	27	22	4	2	4	5	0	5	2	14	2	3	14	5	9	11	23	13	7	0	2	6	0	2	1	0	0	3	58
ASV766	3	7	8	7	10	5	2	3	3	13	5	8	2	3	2	4	3	1	4	9	0	1	1	11	4	11	5	10	11	3	4	63	48	2	33	16	137	8	20
ASV312	4	3	3	3	3	1	3	0	1	2	4	8	19	32	47	37	67	48	26	0	36	23	17	2	2	2	3	2	2	19	15	0	0	0	1	0	0	0	1
ASV252	21	27	14	17	21	24	35	21	33	18	23	22	6	3	5	7	2	2	4	13	0	1	2	16	25	12	15	13	16	34	0	0	0	0	0	0	0	3	3
ASV838	7	14	8	14	12	13	5	9	16	9	17	9	8	16	15	7	14	9	12	16	11	11	19	14	12	8	13	19	10	10	7	23	7	0	19	2	23	9	5
ASV296	2	2	0	0	0	0	0	1	3	0	0	3	5	10	11	17	26	26	26	0	59	23	8	0	1	0	0	1	1	74	119	0	0	0	1	0	2	2	1
ASV233	9	31	11	15	15	17	3	10	5	17	5	2	5	2	8	18	9	9	10	20	16	20	11	16	15	15	11	12	18	23	26	2	0	11	14	0	0	10	10
ASV952	8	10	7	6	7	4	3	3	8	8	9	4	1	4	1	0	1	2	1	14	2	2	2	13	6	10	13	12	10	1	4	43	45	6	32	10	143	15	7
ASV3732	2	11	15	9	11	8	11	13	4	25	9	7	4	13	12	12	14	10	13	11	14	20	15	15	17	10	15	22	12	5	8	6	9	0	11	10	24	8	4
ASV234	33	8	5	12	16	4	15	14	9	5	4	4	1	0	0	0	1	0	1	7	0	0	0	6	19	13	11	5	21	217	1	0	0	0	0	0	0	0	0
ASV264	28	23	23	8	14	4	5	13	5	9	2	2	4	2	2	5	7	4	12	22	2	3	3	16	16	20	15	12	6	4	2	3	30	9	7	74	28	4	10
ASV270	4	20	29	28	16	21	18	18	13	14	6	10	1	1	4	2	1	2	1	25	1	3	1	22	19	28	37	18	18	2	0	14	1	18	18	1	0	5	4
ASV286	8	8	6	4	6	6	5	4	18	5	24	12	15	25	15	28	22	22	31	10	26	19	9	9	12	8	6	10	9	20	16	0	0	2	1	1	0	0	0
ASV244	15	11	10	9	7	15	22	20	28	14	62	43	13	17	13	8	4	10	2	7	11	10	9	8	5	8	10	5	12	9	2	0	1	1	1	6	0	3	0
ASV257	23	14	9	19	16	10	12	18	14	9	10	9	19	17	16	5	12	5	9	11	10	8	14	8	9	13	8	10	7	14	17	9	3	16	7	0	12	3	8
ASV268	43	14	3	9	6	6	13	12	10	14	2	18	12	20	24	18	22	17	10	15	8	11	12	6	23	18	10	12	8	7	6	0	0	2	2	0	0	3	1
ASV307	31	11	7	9	18	14	19	24	34	6	10	21	15	10	16	7	6	8	10	9	9	3	7	10	7	15	13	11	16	23	12	3	0	3	0	0	0	4	8
ASV255	8	0	1	2	1	1	3	2	1	1	0	0	7	26	18	18	34	36	44	2	30	31	30	3	0	4	0	2	1	48	51	0	0	0	0	0	0	14	6
ASV262	16	12	21	26	15	16	32	27	22	6	3	9	1	1	0	2	0	1	1	8	0	0	0	11	12	23	22	13	19	1	0	2	1	1	0	3	0	3	108
ASV291	6	22	8	11	7	8	9	7	12	14	6	6	6	6	11	9	5	9	6	16	11	10	7	10	7	15	16	5	10	9	6	23	3	34	36	4	15	20	9
ASV298	8	28	20	16	14	7	11	15	8	11	6	7	8	9	14	14	9	14	20	20	24	26	7	7	12	8	16	7	19	14	10	3	0	7	6	1	2	5	7
ASV316	17	16	15	8	23	18	12	9	12	9	23	18	0	2	1	0	1	0	1	10	1	0	0	33	26	25	33	24	24	1	0	0	0	0	0	0	0	0	77
ASV251	12	9	15	4	12	10	14	13	16	10	6	5	6	6	7	8	7	9	9	8	15	11	8	8	7	7	18	13	11	7	9	19	3	31	37	0	16	9	6
ASV303	6	4	0	0	2	1	2	1	6	0	0	1	43	62	44	32	27	15	31	1	23	22	22	2	0	1	0	1	1	10	35	1	0	0	0	0	0	1	0
ASV643	2	9	2	13	7	14	8	4	4	7	12	8	9	13	17	9	10	10	9	10	11	8	10	6	9	6	11	5	5	19	15	18	5	3	12	2	66	26	16
ASV271	2	26	13	14	6	7	4	5	1	12	2	2	1	1	0	0	0	1	1	17	0	1	0	17	9	14	15	10	9	0	2	49	36	53	58	12	13	13	9
ASV4759	11	12	10	16	17	14	8	16	13	12	16	10	9	20	9	8	6	8	7	19	13	14	15	8	10	13	11	14	8	20	12	8	2	3	8	0	3	3	18
ASV275	10	15	9	13	13	7	11	8	21	3	10	7	20	14	34	24	21	12	7	17	11	11	15	8	10	6	7	7	10	14	18	1	0	1	0	0	1	0	2
ASV300	0	0	0	0	0	0	2	1	3	0	1	2	62	38	28	20	18	12	20	0	19	9	78	0	2	2	1	2	0	19	23	4	0	5	2	0	2	0	0
ASV294	0	0	0	1	0	1	0	0	0	0	0	0	1	0	0	0	3	1	0	0	0	0	0	0	0	0	1	0	0	1	2	159	36	19	16	1	212	4	0
ASV254	0	53	16	25	14	21	20	20	41	22	8	11	10	2	1	1	5	5	1	13	0	0	2	20	26	16	10	21	15	1	3	1	0	0	0	0	0	0	1
ASV282	5	7	3	1	5	3	1	3	1	2	4	3	9	23	35	22	28	35	41	5	42	26	15	3	3	2	6	1	1	29	25	0	0	0	2	0	0	2	1
ASV246	16	5	5	6	2	7	4	6	0	1	0	0	0	0	0	0	0	0	1	5	0	2	0	6	11	6	9	2	8	0	0	61	6	57	44	2	3	127	55
ASV274	4	9	6	11	9	10	4	8	8	7	7	7	5	18	6	8	9	19	20	8	28	12	21	6	12	11	9	9	7	11	11	13	2	14	18	0	8	6	2
ASV283	19	4	9	6	7	12	5	4	3	17	3	1	1	3	3	0	5	4	4	11	4	3	1	7	6	13	4	1	7	2	1	20	77	22	8	5	114	19	2
ASV293	37	16	18	26	13	18	25	19	28	14	12	16	2	5	8	5	8	4	2	16	6	7	2	15	8	21	20	9	10	1	2	0	0	0	1	0	0	0	0
ASV5201	2	13	20	20	31	13	16	24	10	17	10	13	3	5	4	3	1	3	6	20	2	2	2	26	21	21	18	19	12	8	6	9	5	3	7	1	8	5	6
ASV287	79	38	6	8	10	4	6	1	2	12	0	2	0	0	1	0	0	0	0	27	1	0	0	13	10	21	9	4	9	0	0	0	0	0	0	0	0	0	163
ASV269	7	6	4	6	9	2	3	2	1	4	1	1	0	1	2	1	1	0	1	4	1	1	1	8	4	7	3	5	6	1	1	41	2	97	70	0	6	31	60
ASV366	6	9	9	13	10	16	6	5	7	6	10	9	4	4	5	3	2	0	3	16	3	2	0	12	13	11	18	16	8	2	2	46	7	10	40	3	36	3	19
ASV281	4	6	2	0	1	1	0	4	2	2	2	3	6	10	10	25	26	49	36	3	30	35	31	7	5	2	3	1	1	19	34	1	1	1	1	1	0	5	1
ASV273	12	6	9	13	9	15	24	15	40	9	16	24	17	13	22	20	28	18	9	3	8	10	4	2	2	6	8	4	6	2	8	0	0	0	0	0	1	0	1
ASV3779	4	2	0	1	0	0	1	1	0	0	0	0	9	18	17	13	26	15	45	0	41	31	4	0	0	1	0	0	0	40	101	1	3	2	0	1	1	3	1
ASV297	42	22	15	11	6	9	3	13	13	21	4	3	3	7	7	11	6	12	7	23	6	11	6	19	9	9	11	15	8	6	4	10	0	6	4	1	5	24	5
ASV3938	2	6	16	11	12	15	9	15	4	15	14	6	3	12	12	9	14	11	22	12	13	11	13	23	13	7	10	15	9	7	7	9	9	3	10	9	8	15	3
ASV302	55	15	24	20	8	7	17	7	8	20	4	17	12	18	15	3	9	13	4	11	12	8	4	12	10	18	15	12	12	1	1	0	0	0	0	0	0	0	0
ASV335	8	16	14	15	6	13	3	8	9	8	7	6	6	11	19	14	21	9	15	14	25	15	11	14	8	12	13	17	10	17	25	0	0	1	0	0	0	1	1
ASV276	7	11	23	9	25	28	18	23	17	2	37	31	27	2	3	2	4	5	0	8	0	3	1	10	11	19	11	9	17	7	2	2	0	0	0	0	0	5	8
ASV2623	6	11	8	15	12	11	10	12	9	7	18	25	9	12	10	4	5	5	5	23	10	8	11	22	9	8	17	15	14	16	4	6	4	0	9	1	8	3	8
ASV295	30	21	11	10	4	6	10	7	7	12	1	0	3	4	14	2	7	7	7	25	4	2	3	9	5	17	6	7	6	3	1	37	3	17	24	0	15	41	8
ASV5010	0	8	15	11	14	9	5	6	4	13	5	2	4	6	4	2	5	10	8	17	6	13	12	18	12	21	12	10	11	2	12	17	14	4	18	14	16	19	2
ASV263	7	19	11	5	20	14	23	21	17	7	18	60	2	3	1	7	2	4	0	0	1	0	9	4	7	5	11	4	5	18	6	0	0	1	2	0	3	4	42
ASV5744	2	13	14	26	31	26	18	20	22	9	26	29	16	1	0	0	4	0	1	1	0	1	2	7	6	11	17	19	17	2	1	1	0	0	0	0	0	0	8
ASV278	3	0	0	0	1	0	0	0	0	0	0	2	4	18	23	26	41	48	52	0	33	38	28	0	1	0	0	0	0	27	16	0	0	0	0	0	0	0	0
ASV5687	6	8	20	34	31	34	37	28	16	10	23	19	9	1	2	0	1	2	1	7	1	0	1	7	7	4	12	17	14	3	2	0	0	0	0	0	0	0	8
ASV465	5	1	0	0	1	1	0	1	2	1	2	8	11	11	33	29	64	53	33	2	36	16	10	2	3	2	1	0	0	14	13	0	0	0	1	0	0	0	2
ASV285	2	2	0	0	0	0	0	2	2	0	0	0	1	0	0	0	0	0	2	0	0	0	0	1	1	0	0	2	1	0	0	0	2	7	50	309	21	1	0
ASV2809	6	13	5	8	7	5	4	6	7	5	11	18	7	17	12	10	10	8	10	18	12	12	3	11	7	9	12	6	7	25	13	18	5	3	7	0	7	3	7
ASV539	5	14	18	14	15	13	7	12	10	16	13	9	0	0	0	1	0	0	1	16	0	0	0	13	17	27	26	26	21	0	3	0	0	1	0	0	0	2	69
ASV2974	5	9	12	15	8	7	7	8	4	8	4	4	32	15	13	7	9	15	9	10	12	9	10	8	2	10	16	6	5	10	17	12	8	2	10	1	16	20	10
ASV277	6	27	14	6	9	6	11	7	6	12	4	3	2	8	5	12	11	16	9	14	12	12	7	16	6	14	12	15	15	12	12	7	0	13	10	0	1	5	11
ASV306	1	8	11	13	18	17	9	8	5	6	14	20	2	22	5	8	1	6	4	5	12	9	18	11	8	9	11	16	10	8	7	3	0	4	8	1	0	3	27
ASV355	2	1	1	0	2	1	1	1	0	0	0	0	0	1	1	0	0	0	0	0	1	0	0	3	1	2	0	0	1	1	2	110	39	31	23	10	150	38	5
ASV436	4	13	12	7	12	8	8	8	6	39	2	1	2	4	1	4	4	8	3	19	6	6	4	22	9	9	15	13	20	2	6	19	18	4	10	17	30	10	0
ASV353	24	15	8	21	13	9	14	9	14	13	13	16	7	6	4	11	17	9	3	15	6	3	16	20	14	14	18	10	17	3	5	0	0	0	0	0	0	0	0
ASV315	1	0	0	0	0	0	0	1	0	0	0	3	44	84	55	15	16	9	26	0	26	32	14	0	2	0	0	0	0	12	15	0	0	1	0	0	0	0	0
ASV352	6	14	6	3	4	9	5	3	0	7	1	1	0	0	6	3	1	0	1	4	1	3	0	9	6	9	4	2	2	0	1	29	94	20	35	2	69	50	8
ASV260	30	37	22	15	11	5	9	6	3	19	4	2	2	1	1	0	2	2	1	31	1	5	13	22	14	21	16	13	7	0	0	5	7	7	5	16	2	6	4
ASV382	10	15	11	17	10	13	8	14	12	13	10	8	6	15	11	13	0	5	8	28	7	4	22	15	16	19	11	19	7	5	0	1	0	0	0	0	0	1	5
ASV425	21	13	9	9	11	12	10	12	7	9	16	13	5	8	5	3	16	6	3	10	12	7	7	9	6	10	12	10	14	7	51	2	0	3	0	0	0	6	3
ASV342	17	12	10	6	7	4	2	3	2	5	0	0	1	0	0	0	0	0	0	7	1	0	0	10	6	7	5	4	6	0	0	0	5	16	24	209	0	0	0
ASV328	5	31	24	19	21	18	5	7	7	19	4	2	1	2	0	3	0	1	0	22	4	2	1	13	18	17	10	16	17	0	0	12	0	26	17	9	0	3	8
ASV392	5	11	7	10	7	13	8	11	10	13	12	11	8	4	7	3	6	2	7	13	7	12	5	10	12	24	19	19	12	4	1	14	3	7	12	0	11	17	11
ASV334	30	48	13	8	16	22	21	5	7	17	8	3	0	0	0	0	1	1	0	43	0	0	1	26	28	25	15	16	15	0	1	0	0	0	0	0	0	3	0
ASV516	3	14	20	20	19	17	10	18	14	11	18	24	1	5	7	2	2	2	3	13	4	7	6	16	16	14	11	12	10	4	6	3	0	5	11	1	4	5	13
ASV337	1	3	2	1	1	1	0	1	0	0	0	0	0	2	0	0	0	0	0	1	2	2	4	1	1	2	1	1	1	3	2	68	103	24	22	3	9	187	5
ASV284	57	26	13	8	6	7	11	6	4	14	0	0	0	0	0	1	0	0	1	25	0	0	1	36	9	26	21	7	12	0	0	4	8	5	16	9	21	0	0
ASV318	10	6	3	2	1	1	3	4	2	3	0	0	1	1	1	0	1	0	1	1	0	2	0	3	2	4	1	1	2	0	3	2	0	3	6	12	8	11	269
ASV368	10	3	3	3	6	7	1	8	5	5	4	6	12	21	19	24	28	24	23	10	13	17	15	3	6	8	2	4	1	18	8	1	0	4	6	0	1	4	3
ASV323	12	27	13	9	3	11	2	5	3	19	0	0	0	0	1	0	1	0	0	13	0	0	2	17	11	8	17	11	8	0	1	6	47	26	29	53	0	10	2
ASV435	8	11	3	3	8	4	6	8	6	10	5	1	7	7	17	19	24	15	22	9	17	18	3	6	6	7	4	4	5	12	9	15	3	6	14	0	9	10	2
ASV338	8	10	13	12	9	18	12	10	17	7	6	4	11	14	10	12	10	5	1	15	11	7	15	5	8	15	4	20	17	9	21	0	1	3	3	0	12	0	0
ASV272	18	19	27	23	16	30	18	9	8	10	22	1	0	0	0	0	1	0	1	12	0	2	0	22	19	45	17	16	10	0	0	1	0	1	0	0	0	0	0
ASV311	53	15	15	13	10	21	14	8	20	9	8	7	1	5	0	5	1	2	5	24	18	2	8	11	12	11	11	8	13	10	6	0	0	0	0	0	0	0	5
ASV363	0	9	14	24	36	27	27	33	32	9	24	29	4	1	0	1	1	1	1	5	0	0	0	8	9	10	6	13	18	10	0	0	0	0	0	0	0	0	0
ASV1712	10	16	14	14	18	12	11	14	11	19	18	24	0	1	1	0	1	1	0	11	0	0	0	13	18	15	20	31	19	1	0	2	1	0	1	0	0	1	18
ASV361	15	2	2	4	2	0	0	0	1	0	0	0	0	0	0	0	0	1	0	4	0	1	0	2	0	4	2	0	0	0	1	72	143	34	34	50	11	3	1
ASV953	3	1	0	0	0	0	1	1	1	1	1	3	8	14	7	28	22	22	39	1	43	23	12	0	2	0	0	0	0	33	60	0	4	0	1	4	1	4	1
ASV344	2	8	11	15	14	16	21	17	32	2	18	16	2	1	3	8	6	5	3	8	11	1	2	4	24	5	10	16	14	4	2	0	0	3	1	2	10	1	30
ASV331	6	3	2	0	2	0	0	0	1	2	3	3	4	1	5	15	16	21	26	1	37	46	43	2	0	2	3	0	1	29	54	1	0	0	2	1	0	4	1
ASV317	18	9	16	25	44	14	25	21	13	16	11	14	4	2	8	1	2	4	2	15	4	3	5	9	9	14	12	9	12	1	0	0	0	0	0	0	0	0	0
ASV384	12	14	20	10	12	11	10	8	8	9	5	4	6	5	8	6	6	4	5	20	7	8	20	16	6	14	12	7	11	8	5	2	3	1	1	4	5	18	1
ASV373	11	5	5	6	3	5	4	7	6	3	1	2	8	12	17	10	20	10	16	5	19	40	24	3	2	5	2	4	4	23	50	0	0	0	0	0	1	0	0
ASV326	8	14	5	4	2	6	2	0	1	6	4	4	4	3	4	1	2	3	3	7	2	1	0	7	7	9	2	1	5	0	1	25	25	35	17	23	100	10	1
ASV397	24	14	2	6	7	9	4	7	8	7	3	5	27	26	24	1	1	2	2	8	12	13	15	9	4	12	4	5	8	6	3	9	2	31	0	0	11	16	1
ASV308	15	13	8	11	12	8	17	10	10	6	5	6	8	8	7	7	8	3	4	18	10	4	9	12	11	10	14	13	15	5	4	1	0	2	1	0	0	10	10
ASV329	19	5	3	0	2	7	1	5	2	1	1	0	1	1	0	0	1	0	1	1	1	0	0	2	3	2	0	1	3	2	0	27	0	11	14	1	3	305	7
ASV376	1	0	1	2	0	0	0	0	2	1	0	0	4	4	7	14	29	16	25	1	43	71	17	1	2	1	0	4	0	42	31	0	0	0	0	0	0	1	2
ASV348	0	0	0	0	0	0	0	0	0	0	0	0	5	11	19	19	31	23	45	0	40	41	5	0	0	0	0	0	0	28	45	0	0	0	1	0	1	0	0
ASV313	4	8	9	3	0	0	0	2	0	3	1	0	0	0	1	0	0	0	1	6	1	0	0	2	2	4	3	1	6	1	0	59	103	26	23	3	102	1	1
ASV324	13	13	4	8	7	10	11	14	11	8	3	5	3	6	5	7	7	3	4	10	4	0	4	13	7	18	17	6	6	0	4	12	0	29	23	0	5	13	13
ASV325	20	15	17	22	11	19	22	16	18	5	13	9	1	1	6	3	3	5	1	12	2	3	4	15	21	21	6	21	7	0	0	0	0	0	0	0	0	0	1
ASV447	5	10	4	5	7	5	3	5	4	10	8	2	5	11	3	8	9	4	7	8	7	9	5	11	10	8	12	4	9	9	10	3	33	14	15	39	6	2	0
ASV359	1	23	21	16	18	9	22	24	8	10	9	5	2	0	0	3	0	0	0	21	1	1	4	10	16	20	25	20	15	1	0	0	0	3	1	0	0	1	5
ASV321	4	4	1	5	5	4	2	2	3	6	1	0	0	0	0	0	0	0	0	6	1	1	8	5	2	6	5	0	4	0	4	21	53	30	39	44	8	79	5
ASV372	14	7	0	0	1	3	0	3	1	3	1	0	0	0	1	0	2	1	0	4	0	1	0	3	5	5	4	1	0	0	1	56	24	23	49	44	0	79	17
ASV383	6	5	2	4	0	1	0	0	1	5	0	0	0	0	0	0	0	0	1	4	0	0	0	2	5	5	1	4	2	2	0	98	25	50	52	2	54	26	3
ASV301	2	1	0	2	0	0	0	0	1	0	1	1	5	9	14	22	56	58	24	2	42	28	10	2	0	1	0	0	0	15	11	1	0	0	1	0	0	0	0
ASV377	17	16	17	22	13	13	24	10	10	11	10	17	0	1	0	1	4	3	0	10	2	0	1	10	14	25	16	14	11	0	1	0	0	0	0	0	0	0	32
ASV823	2	7	9	4	8	8	9	4	10	6	11	1	13	12	18	4	7	14	18	11	12	18	21	5	7	11	16	11	9	10	12	1	1	2	9	2	5	5	4
ASV349	16	17	12	7	8	12	8	1	6	11	1	1	0	2	2	1	2	1	1	15	3	0	0	13	6	13	14	5	3	1	2	14	49	19	17	17	16	19	3
ASV1112	25	7	3	5	0	2	1	0	0	7	0	0	0	0	0	0	0	0	0	6	0	1	0	10	3	6	7	3	0	1	0	34	48	3	48	70	3	38	12
ASV3716	0	0	0	0	0	0	0	0	0	0	0	0	10	12	7	10	32	17	40	1	52	27	9	0	0	0	0	0	0	23	68	0	2	0	0	0	6	2	1
ASV379	4	3	3	6	1	1	6	5	1	2	5	9	13	20	19	21	15	21	17	4	14	8	13	3	7	4	6	3	3	29	21	2	1	1	3	0	3	7	0
ASV4983	1	15	7	7	8	11	8	9	6	12	11	14	3	4	6	2	3	1	3	10	5	3	1	15	7	12	11	10	15	15	5	5	9	1	9	3	18	13	9
ASV345	9	10	6	8	10	12	6	6	19	4	10	4	14	13	14	7	5	3	7	14	10	10	14	10	8	15	15	12	6	4	4	4	0	13	8	0	2	2	2
ASV2915	0	7	14	23	23	16	23	17	11	9	15	10	18	1	0	0	1	1	0	8	2	0	1	8	7	12	13	31	21	6	4	1	0	2	0	1	0	1	9
ASV327	6	15	2	17	12	35	28	18	15	2	10	18	5	2	2	4	4	2	0	11	1	1	0	16	5	4	2	9	11	40	6	1	0	0	0	0	0	0	1
ASV354	1	0	0	0	0	0	0	0	1	1	1	1	3	5	9	8	27	24	37	2	28	26	9	0	0	1	1	1	0	41	74	0	0	1	0	0	0	9	1
ASV375	9	11	13	17	11	12	15	13	6	11	11	12	3	6	7	5	5	6	4	31	4	3	10	18	11	8	6	10	17	1	0	12	0	13	2	0	0	1	4
ASV404	0	12	23	18	24	15	30	19	17	3	16	31	2	0	0	1	0	1	0	7	0	0	1	5	9	8	22	23	16	8	0	0	0	0	0	0	0	0	0
ASV378	4	0	0	0	1	2	2	0	5	2	5	3	11	15	14	28	26	20	19	5	29	25	5	0	3	3	2	3	0	31	25	0	0	0	0	0	0	0	0
ASV320	23	4	3	3	7	3	1	5	12	4	6	6	4	5	5	13	13	21	14	4	15	19	28	3	0	4	2	3	1	8	14	3	0	6	4	0	1	18	8
ASV411	38	16	27	10	8	12	19	5	14	13	24	6	5	1	5	2	2	4	0	10	3	3	1	14	11	14	11	11	7	1	0	0	0	0	0	0	0	0	0
ASV482	0	3	4	1	4	2	2	4	6	2	2	7	24	21	29	23	11	17	10	5	15	18	21	4	3	5	3	5	3	14	6	1	0	0	0	0	0	1	5
ASV350	52	37	15	11	7	7	12	3	0	10	0	0	0	0	0	1	0	0	0	24	0	0	1	29	22	19	19	6	6	1	0	0	1	4	13	9	0	0	0
ASV656	0	0	2	0	0	0	0	1	0	0	0	0	27	17	17	6	55	9	60	0	29	23	2	0	0	0	0	0	0	19	19	1	0	0	0	0	3	0	0
ASV299	16	1	5	1	2	3	1	1	1	1	0	2	8	12	10	22	28	46	40	4	36	27	4	0	2	0	1	3	2	4	2	0	0	3	2	0	0	1	0
ASV340	5	14	12	7	12	12	6	7	7	11	10	12	7	5	13	6	3	5	5	16	9	8	10	19	13	10	18	12	9	1	4	1	0	2	1	0	0	5	12
ASV389	17	7	7	9	3	3	0	6	13	7	9	5	7	12	14	16	9	15	7	6	14	16	18	6	5	6	6	6	4	9	6	3	0	4	2	0	0	2	1
ASV437	40	9	2	3	0	2	5	1	1	7	1	0	0	1	0	7	2	3	6	8	6	4	5	5	6	6	4	2	2	2	2	36	37	11	11	4	17	83	1
ASV671	5	8	12	21	11	10	5	13	7	4	18	9	1	0	0	0	0	0	0	5	0	0	0	13	12	12	12	20	19	1	0	0	0	0	0	0	0	0	90
ASV319	0	6	12	12	5	9	12	11	9	17	3	5	3	10	3	5	7	8	10	12	7	12	6	6	14	17	5	14	6	1	3	0	5	9	4	17	2	1	3
ASV374	22	7	10	6	11	5	5	18	32	4	19	8	14	15	25	7	9	4	2	3	10	6	6	7	2	7	5	4	5	0	4	4	0	0	0	0	0	0	0
ASV386	4	15	11	8	5	11	3	9	7	7	5	8	9	14	9	10	6	7	6	13	8	11	5	10	5	12	15	11	5	4	5	4	1	8	8	0	2	2	7
ASV391	1	3	1	2	2	2	2	1	0	3	1	0	39	50	22	29	4	16	10	2	11	20	27	1	2	0	0	1	1	14	14	0	0	0	0	0	0	0	1
ASV424	10	5	5	5	3	5	5	3	9	0	8	2	6	9	0	3	3	4	4	5	0	3	2	10	1	7	6	3	6	11	3	23	18	22	14	9	46	10	6
ASV401	22	13	6	7	6	7	5	8	8	10	5	3	19	16	15	1	2	4	1	10	7	5	14	6	12	17	7	7	11	6	7	1	1	0	0	0	22	0	0
ASV860	2	3	13	20	12	13	10	14	9	3	13	7	0	0	2	0	0	0	0	5	1	0	0	9	16	18	11	22	16	2	3	1	0	0	1	0	0	1	59
ASV333	113	16	12	3	10	12	7	2	0	17	1	0	1	0	0	0	0	0	0	21	0	0	2	21	17	15	15	2	7	0	0	0	0	0	0	0	0	0	0
ASV5690	0	0	0	0	0	0	0	0	0	0	0	0	1	1	8	15	18	16	24	0	46	30	1	0	0	1	0	1	0	28	79	2	1	1	0	1	6	2	0
ASV370	7	12	10	14	13	13	6	6	11	11	12	10	3	8	4	3	4	2	7	16	3	5	6	4	14	12	14	12	14	3	4	5	0	3	9	0	2	7	6
ASV439	10	6	3	2	4	1	3	3	0	2	3	2	1	1	2	1	2	2	0	10	1	2	0	1	5	7	6	6	0	3	4	14	39	20	4	10	115	13	2
ASV1358	6	16	9	11	7	10	4	5	5	11	4	7	2	0	0	2	1	1	0	14	1	1	2	11	15	8	16	11	10	0	2	26	32	3	23	15	15	9	3
ASV681	14	8	6	9	12	11	18	9	12	7	54	46	3	3	6	2	5	3	1	11	3	3	0	10	5	8	5	8	9	0	2	0	0	0	0	0	0	0	2
ASV358	16	15	9	9	8	7	16	7	6	8	28	29	2	9	5	8	2	4	5	14	5	8	4	8	2	12	7	4	12	6	6	0	0	1	0	0	0	3	0
ASV2552	0	14	10	14	22	20	15	18	5	11	22	16	7	2	0	2	2	0	0	8	2	0	0	11	4	9	5	25	15	5	4	0	0	0	0	0	0	0	6
ASV346	1	6	13	9	12	14	11	13	9	13	15	9	5	11	0	4	2	2	1	11	6	5	17	13	16	16	17	10	14	1	2	0	0	0	2	0	1	2	3
ASV406	7	2	1	3	1	1	3	2	1	0	0	0	0	0	1	0	0	0	2	4	0	0	0	2	3	5	3	1	0	1	2	73	11	20	10	7	145	17	11
ASV490	7	8	11	9	8	11	11	13	5	13	4	8	1	2	0	0	1	1	0	9	0	0	3	12	8	17	12	7	16	1	3	6	2	0	6	0	13	1	42
ASV388	35	26	14	11	9	17	9	11	6	15	7	3	0	0	0	0	2	0	0	27	0	0	1	7	20	14	5	15	11	1	10	0	0	0	0	0	0	1	0
ASV393	9	7	6	5	4	7	4	1	8	5	7	5	10	17	20	19	17	15	14	7	10	14	7	5	6	3	6	5	3	14	10	2	0	6	3	0	0	3	6
ASV360	14	9	4	7	2	5	2	2	5	10	1	1	0	0	2	1	2	0	0	17	0	0	1	8	9	6	5	4	7	1	1	4	73	19	29	41	2	0	0
ASV365	0	1	2	3	3	0	2	3	1	3	1	0	9	28	19	16	12	10	19	1	23	15	63	0	3	3	1	3	1	7	16	2	0	1	0	0	0	1	1
ASV407	0	11	17	18	15	19	12	8	4	9	5	5	1	0	0	1	0	1	0	16	0	1	4	9	12	17	19	11	20	0	0	5	0	17	10	0	0	2	0
ASV1774	6	9	5	13	9	9	7	2	11	11	5	5	4	10	8	7	8	4	5	13	9	7	7	8	10	8	8	3	3	13	11	10	0	1	9	0	3	5	7
ASV409	2	4	7	3	0	1	1	0	0	2	0	0	7	7	10	10	13	21	20	2	23	31	17	3	0	2	3	1	2	13	25	4	12	7	8	2	17	7	0
ASV362	18	16	19	14	14	19	28	24	18	8	5	9	0	0	1	0	0	0	0	10	0	0	0	11	6	11	14	11	16	0	0	0	0	1	0	0	0	0	0
ASV304	47	11	9	2	4	1	4	2	2	4	0	0	0	0	0	0	1	0	0	9	0	0	1	10	12	11	7	5	5	1	0	12	60	21	13	42	0	0	3
ASV339	13	4	2	2	0	1	4	5	13	1	3	7	12	5	20	19	18	17	12	2	3	2	6	3	4	6	1	2	3	12	32	0	0	10	0	3	5	13	2
ASV432	6	1	2	2	4	1	2	1	0	1	2	0	4	6	7	3	4	10	5	3	10	8	5	6	3	3	6	3	3	13	20	7	0	4	4	0	30	102	21
ASV597	1	3	2	6	4	3	2	2	0	9	2	2	9	10	16	15	12	12	24	3	15	25	18	7	0	2	3	5	6	9	10	10	6	5	6	3	7	7	0
ASV4257	2	8	5	4	4	4	10	4	3	8	10	9	0	0	3	4	1	2	2	12	1	2	7	9	8	11	11	4	6	2	1	18	24	1	13	20	20	13	9
ASV380	17	11	20	21	12	12	20	17	12	13	4	6	0	0	1	1	2	0	0	19	1	0	1	21	13	9	22	8	9	0	0	0	0	1	0	0	0	0	1
ASV343	1	2	0	0	1	1	0	0	0	1	0	0	0	0	0	0	0	0	0	1	0	0	0	0	1	0	0	2	2	0	0	3	136	48	52	51	0	0	1
ASV544	20	11	8	12	11	21	9	6	14	7	7	5	6	7	14	10	11	8	4	8	2	11	1	3	9	7	5	4	7	8	26	0	0	0	0	0	0	0	1
ASV2208	3	7	8	14	14	18	1	7	6	7	9	21	2	4	9	1	3	0	2	11	2	3	5	11	15	12	13	11	9	8	7	1	1	1	16	0	17	7	10
ASV461	3	13	7	6	9	4	8	7	8	8	9	4	7	5	5	4	7	8	14	5	12	6	9	8	6	11	6	3	4	3	3	11	0	8	4	1	3	7	18
ASV351	2	1	0	0	0	1	1	0	0	0	0	0	0	0	0	0	0	1	0	2	0	1	0	0	1	0	1	0	0	1	0	0	96	25	7	152	0	1	0
ASV396	13	2	5	5	6	1	4	4	10	0	10	4	11	11	12	19	26	17	16	2	18	17	14	7	1	10	2	0	1	1	1	3	0	7	4	0	0	0	1
ASV475	3	7	7	3	4	4	5	2	8	3	9	11	22	14	18	19	16	20	19	4	2	4	8	3	4	4	4	6	5	12	7	0	0	0	0	0	0	1	0
ASV369	5	26	18	8	16	8	9	10	2	15	3	0	0	0	0	0	0	0	0	23	0	2	3	16	14	10	6	4	15	0	0	2	16	13	10	23	2	1	1
ASV332	4	10	11	13	9	8	8	2	8	12	3	1	0	1	1	2	1	0	0	14	2	1	0	14	4	18	15	6	5	0	0	24	1	24	16	0	7	4	21
ASV1015	4	6	5	10	6	8	10	8	8	6	9	7	4	5	8	5	3	3	5	6	6	3	9	8	6	9	11	6	6	3	6	13	4	2	23	0	24	5	9
ASV364	10	24	7	5	6	8	2	3	0	6	0	0	0	0	0	1	1	1	0	12	0	0	0	7	8	5	7	0	6	0	0	5	2	3	20	121	2	2	0
ASV427	9	14	7	10	7	9	5	3	0	5	4	0	6	0	2	3	3	5	7	9	20	7	5	8	5	10	10	6	4	6	6	13	15	12	17	5	13	5	3
ASV430	8	20	10	10	4	5	7	9	4	9	6	4	0	4	4	3	2	1	8	13	4	6	3	9	11	11	11	9	6	4	5	7	2	5	6	1	22	14	1
ASV398	9	17	10	5	4	6	5	3	2	7	1	0	1	0	1	0	1	1	1	16	1	1	0	6	6	16	7	5	4	0	1	7	23	21	35	17	0	30	3
ASV456	13	17	9	11	6	5	0	4	5	7	4	2	4	0	2	2	2	0	1	8	1	3	1	7	12	8	4	5	6	4	0	2	34	15	8	30	21	7	2
ASV385	2	2	1	2	1	0	3	2	0	2	2	1	3	6	12	16	9	25	22	3	36	26	19	0	1	2	1	0	0	12	20	0	1	2	2	11	0	2	0
ASV508	1	3	2	1	1	2	0	0	0	0	1	0	3	18	13	24	19	10	41	4	13	20	5	0	1	1	1	0	1	14	15	3	4	0	0	1	5	11	0
ASV1338	2	12	7	17	10	17	5	7	5	13	10	12	2	1	1	0	0	0	0	14	1	2	0	19	18	14	10	9	14	0	6	6	0	1	10	0	2	2	11
ASV640	2	3	3	3	2	2	0	4	6	3	5	3	14	14	19	12	12	12	23	4	20	18	5	3	1	1	3	3	5	14	12	2	1	0	4	1	3	1	1
ASV2291	15	6	10	15	14	11	7	6	3	6	3	2	2	2	0	1	1	2	1	9	2	0	3	9	26	13	12	11	11	39	0	0	0	0	0	0	11	3	3
ASV414	8	6	2	2	4	3	2	9	10	3	6	4	6	9	11	10	7	6	7	4	10	6	6	4	3	2	2	3	4	4	7	12	3	23	19	0	4	7	19
ASV1152	16	7	3	5	5	13	4	8	3	3	3	6	10	11	17	11	6	8	9	10	20	5	4	10	6	9	2	6	6	11	5	7	0	0	1	0	1	1	4
ASV1002	5	11	8	5	8	8	4	8	1	10	10	7	1	8	5	5	6	1	10	12	14	13	6	7	7	10	7	5	2	5	4	13	6	1	11	3	4	5	3
ASV390	49	9	2	2	0	7	4	3	7	12	3	1	11	5	5	1	4	11	5	14	10	5	3	9	2	5	3	4	3	3	1	4	1	11	4	0	3	30	10
ASV587	5	3	3	5	7	6	8	5	5	6	5	1	5	11	9	9	13	11	19	5	16	9	10	7	6	5	3	6	7	11	6	6	1	4	7	0	0	3	8
ASV417	4	2	1	2	2	0	1	3	6	3	6	7	10	3	16	11	40	21	24	4	34	11	9	1	2	2	3	2	0	1	3	0	0	0	0	1	0	0	0
ASV560	9	5	7	1	2	1	2	3	2	4	1	3	4	7	0	2	1	2	2	5	0	4	2	7	5	4	2	2	2	2	1	0	1	0	0	0	170	3	10
ASV2486	4	12	9	8	11	9	6	7	5	9	9	18	0	2	0	0	0	0	0	10	3	0	1	11	12	9	7	11	13	4	4	6	4	2	21	3	19	2	14
ASV466	9	2	5	1	2	4	3	6	8	2	0	2	4	13	23	24	20	15	18	5	16	15	11	0	0	3	2	1	1	16	10	1	0	0	3	0	0	2	2
ASV1132	3	11	5	11	7	6	4	3	0	8	4	9	1	4	2	4	1	3	2	10	3	2	1	7	7	7	3	9	2	2	6	18	9	1	24	3	35	8	9
ASV2850	3	10	6	9	6	10	2	6	5	9	8	11	4	6	6	5	5	1	6	7	8	6	6	9	4	6	8	10	3	7	5	3	9	0	7	7	14	2	4
ASV1092	1	14	6	8	9	13	3	9	7	11	8	17	2	1	6	3	1	2	1	15	3	3	3	11	4	11	11	14	13	3	2	10	6	0	6	7	7	12	4
ASV463	15	7	8	9	11	12	7	14	21	4	16	17	5	4	7	12	5	7	3	7	3	6	3	5	8	2	11	6	8	0	0	0	0	0	0	0	0	0	12
ASV416	9	28	12	9	12	13	22	7	7	22	4	3	0	0	0	1	0	0	0	17	0	0	0	20	21	20	14	7	8	0	0	0	0	0	0	0	0	0	0
ASV438	6	9	11	7	13	10	3	11	17	6	10	10	8	5	5	6	6	4	4	5	4	3	0	6	5	8	8	5	3	1	0	0	0	0	0	0	0	8	48
ASV381	0	0	0	0	0	0	0	0	0	0	0	0	0	0	0	0	0	0	0	0	0	0	0	0	0	0	0	0	0	0	0	0	56	16	15	190	0	0	0
ASV464	1	3	8	6	5	3	3	3	2	5	4	2	5	7	1	4	5	7	4	5	2	2	2	3	7	3	5	3	3	2	2	21	7	36	20	2	35	9	7
ASV419	11	1	1	2	3	1	5	1	3	3	5	4	10	4	6	20	23	26	16	4	15	13	12	2	5	4	2	6	3	16	15	0	0	0	1	0	0	0	3
ASV408	9	10	5	0	0	3	2	3	2	8	4	5	1	1	12	11	14	8	18	10	17	11	5	6	5	3	6	3	1	8	19	1	1	2	2	7	7	10	1
ASV371	14	6	4	5	2	4	0	2	0	2	0	0	0	0	0	0	0	0	1	10	0	0	0	7	8	5	3	3	2	0	0	10	37	43	29	43	12	0	0
ASV1073	5	8	8	14	13	11	7	8	3	10	11	8	3	1	6	7	4	0	2	15	5	3	3	10	11	8	12	6	11	3	2	6	0	0	9	0	1	11	9
ASV1161	2	13	3	8	9	11	1	5	3	9	3	7	3	3	3	3	1	2	3	7	2	2	3	11	6	8	5	12	9	4	3	24	13	5	19	1	21	12	11
ASV410	6	20	15	14	10	10	7	10	8	17	8	5	5	3	2	3	1	2	0	12	0	1	7	11	8	11	10	9	12	3	1	0	0	1	2	0	0	5	3
ASV420	3	8	4	5	3	3	2	2	4	4	3	0	17	9	12	18	7	8	12	4	12	9	24	2	6	3	5	4	2	1	1	6	4	10	13	1	2	5	4
ASV481	9	1	2	1	0	0	1	0	0	2	1	0	0	1	0	0	1	0	0	6	0	0	1	2	1	5	1	0	0	1	2	1	97	5	3	4	137	0	7
ASV592	2	7	3	5	2	5	5	2	2	6	7	7	1	2	5	3	5	4	3	15	5	2	4	11	8	8	4	3	4	3	2	18	12	1	12	6	68	7	6
ASV3576	4	6	4	8	5	11	3	1	4	5	2	7	3	3	9	6	2	1	4	4	1	1	5	3	10	8	8	7	6	2	1	18	17	4	12	1	43	11	3
ASV426	8	2	4	3	1	2	2	3	3	2	3	3	12	24	28	25	18	22	15	4	5	10	7	1	2	5	2	3	2	9	8	2	0	6	2	0	0	0	2
ASV3236	3	6	5	1	7	3	4	3	4	1	24	10	9	20	15	11	7	11	13	5	11	14	5	5	5	6	1	3	5	10	6	0	0	0	1	0	0	0	5
ASV413	11	15	9	4	3	17	7	7	5	3	10	12	6	4	7	2	0	5	2	6	4	3	4	5	4	7	9	5	5	1	1	5	9	17	7	21	0	1	3
ASV405	5	5	2	0	1	1	0	1	2	3	0	1	1	0	0	1	1	2	4	4	3	9	43	4	3	3	2	3	1	1	4	21	24	17	3	2	3	94	7
ASV399	4	2	0	0	1	0	1	3	1	0	0	2	5	16	23	17	20	20	29	1	12	19	16	0	4	0	1	2	0	11	14	0	0	0	1	0	0	0	0
ASV402	8	4	2	4	2	0	0	6	5	6	9	4	16	27	22	17	6	9	9	1	6	11	5	1	4	2	3	2	3	2	7	1	0	16	4	0	0	2	13
ASV400	12	3	5	2	2	6	1	2	3	5	0	1	0	2	1	0	0	2	0	5	0	1	2	9	3	11	5	5	4	0	0	23	64	26	17	26	7	27	1
ASV421	3	8	9	12	12	10	12	10	6	5	4	10	3	6	3	3	1	1	1	8	3	5	3	5	7	12	10	17	9	20	5	2	0	8	3	1	5	5	2
ASV735	0	9	2	6	11	6	3	8	3	6	7	1	13	11	11	4	5	10	10	10	17	4	12	6	6	7	4	4	5	5	9	3	1	0	6	0	8	9	5
ASV960	2	8	7	9	9	10	6	5	2	5	3	5	0	6	8	3	1	3	4	6	5	3	2	9	6	4	8	5	5	4	3	31	4	3	19	1	22	6	10
ASV422	13	10	8	7	8	6	10	8	2	8	3	11	19	15	7	1	3	1	0	15	4	3	31	5	7	12	2	10	5	5	1	0	0	0	0	0	0	0	2
ASV467	3	8	7	4	9	3	2	2	6	7	3	4	4	13	8	9	12	18	19	4	21	19	8	2	3	0	3	5	1	11	13	0	0	1	0	0	0	0	2
ASV5825	0	0	0	0	0	0	0	0	0	0	0	1	14	21	16	33	28	14	17	0	40	25	16	0	0	0	0	0	0	6	7	1	0	0	0	0	1	1	0
ASV1030	6	10	4	6	5	6	5	5	3	8	5	2	2	1	4	2	2	1	2	13	2	2	10	6	9	9	6	9	10	5	6	13	18	3	14	7	12	9	1
ASV444	28	4	3	1	8	1	2	8	4	7	2	1	0	7	5	4	12	14	10	3	11	7	7	4	5	5	0	2	7	5	4	6	0	6	3	0	2	26	5
ASV403	6	12	10	16	4	13	17	18	26	8	10	12	7	2	4	0	1	2	0	11	1	2	2	7	6	10	8	10	3	0	2	1	0	0	2	0	0	0	6
ASV497	11	2	2	0	1	1	4	6	7	0	7	3	14	12	7	7	32	22	31	2	2	24	6	2	0	0	1	0	2	6	20	0	0	0	0	0	0	0	1
ASV606	4	1	10	14	13	7	2	7	1	4	9	4	0	0	0	0	0	0	0	3	1	0	0	9	3	17	23	14	15	3	0	1	0	0	0	0	0	0	74
ASV394	3	24	12	15	12	12	21	10	10	23	4	6	0	0	0	1	0	2	0	11	1	0	1	18	11	9	10	18	17	0	0	1	0	0	0	0	0	0	0
ASV4229	1	8	5	10	8	8	5	3	5	5	6	4	0	2	4	2	2	1	0	8	2	3	1	10	8	10	9	9	9	2	1	13	12	2	7	4	32	13	9
ASV468	8	9	4	6	3	0	2	2	1	7	1	1	5	7	7	7	11	16	24	7	23	13	15	7	7	9	3	1	3	11	7	0	0	0	0	0	0	1	0
ASV1449	1	15	4	6	4	8	4	2	4	2	3	3	2	7	7	8	8	6	7	5	12	10	1	8	3	4	2	4	1	3	9	3	13	1	6	6	17	19	2
ASV451	9	6	6	5	5	10	10	14	10	0	9	15	8	8	16	2	4	3	5	3	7	2	0	3	6	7	1	7	3	18	11	0	0	3	3	0	0	0	18
ASV652	0	1	1	1	3	1	3	1	3	0	4	2	3	8	10	15	11	10	18	2	5	7	0	0	1	2	0	3	0	65	25	0	0	0	0	0	0	1	11
ASV412	13	4	6	1	3	7	7	4	0	9	2	4	2	5	3	5	6	3	5	6	7	3	1	6	5	8	5	3	4	2	4	17	7	20	11	0	12	36	9
ASV434	4	12	14	11	10	7	13	15	7	10	8	4	5	4	5	0	1	4	5	6	3	1	4	13	8	17	11	8	6	2	5	2	0	2	4	0	0	6	9
ASV836	5	3	0	2	0	1	0	0	0	1	0	0	9	7	7	4	7	1	10	1	9	6	2	2	2	0	1	2	2	8	14	14	8	21	29	1	24	22	34
ASV458	5	15	11	3	3	6	6	1	1	1	2	1	2	3	0	2	2	0	1	8	2	1	0	7	8	3	2	4	5	1	2	9	39	37	29	15	10	12	3
ASV513	7	13	17	14	5	10	21	10	5	25	6	2	0	0	1	0	0	0	0	20	0	0	0	20	14	20	18	10	15	0	0	0	0	0	0	0	0	0	0
ASV479	3	9	4	2	2	3	1	2	4	1	0	1	1	0	0	2	0	0	0	5	1	1	0	3	4	4	3	3	2	0	0	56	17	31	30	0	47	16	1
ASV566	5	6	3	4	5	1	1	3	3	4	2	1	1	1	2	1	3	3	2	4	6	3	0	2	5	6	3	5	3	1	1	41	18	21	14	8	42	8	6
ASV1182	3	3	0	1	2	2	1	1	1	3	1	0	3	5	9	8	18	8	20	2	21	9	5	1	3	3	2	2	0	9	9	13	16	5	7	12	7	13	6
ASV506	7	2	0	1	0	0	0	3	0	2	0	0	1	0	1	1	0	0	0	0	0	0	1	1	3	1	0	0	1	1	0	67	47	17	21	3	25	39	27
ASV4509	4	4	13	16	14	10	9	10	5	6	19	15	1	0	0	1	0	0	0	6	0	2	0	10	8	12	9	6	13	5	1	10	4	3	2	2	3	3	5
ASV454	12	7	3	3	4	0	4	2	0	4	1	2	0	4	2	7	10	6	15	0	6	15	5	4	11	6	4	3	2	3	8	15	2	12	9	24	0	22	2
ASV459	13	8	5	3	3	1	2	4	2	12	0	1	1	0	1	0	0	0	0	9	0	0	1	8	6	6	5	3	2	2	2	19	33	12	7	3	3	77	4
ASV505	11	1	3	3	0	1	3	2	7	2	4	3	17	27	20	8	10	5	24	0	4	14	16	2	3	0	0	1	0	15	36	1	0	0	0	0	0	1	1
ASV557	18	3	0	7	1	2	6	5	3	5	5	13	6	2	8	17	16	7	14	4	1	13	10	2	5	2	4	2	3	22	15	0	0	0	0	0	0	0	0
ASV775	27	20	7	6	5	11	10	2	1	5	2	1	0	0	0	1	1	0	0	23	0	1	1	10	17	15	8	5	9	1	52	0	0	0	0	0	0	1	6
ASV3869	2	12	11	9	9	12	4	9	7	5	11	8	2	5	4	3	3	2	4	9	5	7	2	9	6	9	4	5	11	5	3	9	1	0	12	0	1	0	12
ASV469	2	9	6	11	6	13	3	3	6	2	4	5	8	7	11	4	12	5	12	5	11	7	9	8	6	5	4	6	4	6	4	2	1	1	2	4	2	8	1
ASV2124	8	13	7	12	13	12	15	11	4	8	9	10	0	2	4	1	3	0	2	7	3	3	1	4	3	6	13	19	9	6	3	3	0	2	9	0	0	0	1
ASV423	9	7	2	1	2	3	4	4	2	4	1	1	0	0	0	0	0	2	0	6	0	0	0	3	1	1	3	1	2	0	0	25	24	14	8	84	21	3	0
ASV635	29	9	9	8	5	6	8	6	13	8	8	7	7	12	12	3	1	2	3	9	8	3	2	12	7	10	9	6	8	0	2	0	0	0	0	0	4	0	0
ASV1594	1	6	2	5	9	2	10	2	1	5	5	4	7	18	8	7	9	12	7	4	12	6	11	3	4	5	3	5	1	14	6	12	1	0	5	1	9	10	5
ASV498	0	1	1	1	0	0	0	1	0	0	0	0	3	10	2	18	10	28	7	0	39	19	24	0	0	0	0	0	0	50	9	0	0	1	0	0	1	0	0
ASV480	0	0	0	0	0	1	0	0	0	0	0	0	0	0	0	0	0	0	1	1	1	1	1	1	0	0	0	0	0	2	0	28	34	18	4	1	167	1	0
ASV893	0	3	4	10	6	2	4	5	2	4	3	1	7	8	7	7	6	6	5	5	11	8	8	2	4	1	2	6	2	15	14	5	7	0	6	2	22	16	6
ASV486	2	2	2	1	1	2	4	7	6	6	22	25	113	1	0	1	2	2	1	1	3	0	2	3	2	1	1	1	3	0	1	0	1	0	0	0	1	2	2
ASV510	17	7	4	4	2	4	5	1	2	2	2	1	3	7	8	8	7	15	11	8	6	11	6	3	3	7	1	3	5	7	6	10	4	3	8	2	1	23	8
ASV429	7	8	8	9	8	5	10	32	6	3	5	1	1	1	0	0	0	1	0	3	2	0	1	8	52	24	4	13	16	1	1	0	0	0	0	0	0	0	3
ASV395	25	2	2	2	2	0	4	2	1	3	0	0	1	2	2	1	0	5	4	9	2	4	5	7	2	5	2	0	2	0	1	19	2	20	16	0	3	95	9
ASV415	4	8	3	2	2	2	4	6	3	2	1	1	10	11	13	11	12	16	21	7	10	4	4	2	3	3	5	4	3	5	7	0	1	2	0	0	10	5	6
ASV1287	6	1	0	0	0	1	0	0	0	0	0	0	5	5	2	19	10	10	20	0	27	32	3	1	0	0	0	0	1	17	60	1	0	0	0	0	0	0	4
ASV4085	3	3	7	11	16	12	8	7	8	7	7	5	0	0	0	0	0	0	0	7	0	0	0	6	16	12	21	22	17	1	0	1	0	0	0	0	0	0	20
ASV586	5	12	9	9	6	10	7	3	16	5	6	4	5	4	7	3	0	3	2	10	2	2	4	8	6	9	7	7	4	16	20	0	0	0	0	0	0	0	11
ASV428	3	11	4	6	4	0	3	3	4	4	1	4	7	12	11	11	14	10	14	9	7	23	14	9	6	8	5	0	4	7	13	0	0	0	0	1	0	0	0
ASV470	13	7	13	6	7	7	2	10	8	9	13	12	2	11	14	5	4	6	1	3	5	4	3	9	6	9	6	4	4	3	5	3	0	1	0	0	0	2	1
ASV531	11	16	11	3	6	5	3	6	4	11	2	2	2	7	7	10	4	4	2	19	8	4	2	12	9	7	10	5	7	0	1	0	0	5	5	0	0	6	1
ASV828	4	11	6	5	6	5	5	5	2	13	5	2	4	4	1	4	2	6	2	12	9	5	2	9	4	10	10	6	4	9	17	7	8	0	3	11	14	11	3
ASV547	8	6	2	0	2	2	1	1	3	4	2	7	6	14	11	7	13	3	5	5	7	16	16	4	3	2	0	1	1	32	25	8	4	2	0	0	4	0	0
ASV1492	2	17	8	5	6	5	3	2	4	9	4	1	0	0	0	0	0	0	0	10	0	0	0	15	10	5	8	8	7	0	0	29	31	2	24	4	8	5	2
ASV431	2	2	0	0	0	1	2	1	0	3	1	0	0	0	0	0	0	0	0	2	2	0	0	0	1	0	2	0	1	0	1	0	19	51	41	82	0	0	0
ASV600	1	5	15	9	2	8	7	7	2	14	5	3	4	5	7	9	1	2	1	14	2	6	6	13	9	7	13	4	7	8	0	2	0	8	5	0	0	1	7
ASV499	0	1	4	0	3	2	2	1	5	0	37	51	15	17	10	1	9	4	2	4	7	9	14	1	0	1	0	1	1	2	4	0	0	0	0	0	0	1	0
ASV501	5	17	7	4	7	8	6	4	1	15	3	2	2	1	2	2	1	1	1	14	2	1	3	18	16	11	11	4	13	1	1	3	0	13	9	0	2	12	8
ASV387	13	6	12	7	5	10	7	3	4	5	8	8	8	1	7	4	5	6	6	5	13	4	1	9	3	9	13	3	5	12	5	3	1	1	0	0	1	2	5
ASV528	18	9	6	9	4	7	3	2	2	4	1	3	3	6	5	6	8	11	10	8	6	6	5	7	10	5	13	2	9	5	5	0	1	2	0	0	13	10	0
ASV460	7	9	9	8	12	4	10	10	6	10	7	8	3	4	7	5	9	3	6	5	5	3	8	10	9	11	2	3	5	3	5	3	1	7	4	0	0	3	6
ASV621	5	5	0	5	1	0	1	2	3	1	6	4	16	15	17	12	24	29	9	2	10	6	6	7	2	0	2	1	2	5	1	1	0	0	0	0	0	1	0
ASV484	24	12	15	15	7	8	8	3	3	20	3	0	0	6	1	0	0	3	0	9	2	1	1	18	8	18	10	8	10	1	0	0	0	0	0	0	2	0	0
ASV500	2	7	8	8	14	23	12	13	6	5	4	4	3	7	2	4	1	1	5	9	1	5	5	11	14	10	11	4	8	0	0	2	0	7	2	0	0	0	7
ASV517	2	4	1	1	2	0	2	3	4	0	1	6	13	15	24	31	19	19	11	0	4	9	13	0	2	0	1	6	4	16	5	0	1	0	0	0	0	0	0
ASV552	1	4	12	0	1	1	1	4	2	2	3	0	3	6	4	18	13	16	18	6	19	13	6	3	2	2	3	2	3	1	14	5	21	4	6	8	5	1	0
ASV457	0	0	1	0	0	0	0	0	0	0	0	7	4	82	15	8	10	11	22	0	6	9	12	0	0	0	0	0	0	2	6	1	0	0	0	0	0	0	1
ASV474	2	7	6	2	8	7	3	6	7	1	1	2	17	15	15	3	17	12	25	8	7	6	4	3	3	6	7	4	4	4	5	0	0	1	0	0	0	1	2
ASV535	24	10	5	6	3	4	10	5	5	4	5	4	4	3	5	2	13	8	12	6	20	8	3	7	2	5	4	4	1	1	5	3	0	3	13	0	0	0	0
ASV442	0	0	1	3	1	2	4	2	4	2	18	25	22	60	20	7	1	4	1	0	3	3	2	1	0	1	1	0	1	3	2	5	1	0	0	0	0	0	0
ASV545	5	10	6	3	3	8	4	5	3	7	11	6	4	1	12	5	1	4	7	11	4	5	4	10	7	5	5	7	4	4	2	7	1	12	10	0	8	1	3
ASV476	5	3	1	2	0	1	2	2	5	2	2	3	3	2	6	9	13	12	21	3	13	25	30	1	3	3	2	1	1	14	18	1	2	3	2	0	0	3	1
ASV462	226	1	0	2	0	0	0	0	0	1	1	0	0	0	0	0	0	0	0	0	0	0	1	0	0	1	1	0	1	0	0	0	0	0	1	0	1	0	0
ASV543	1	1	1	0	1	2	1	2	1	3	2	0	0	1	2	0	0	0	0	0	11	2	0	1	1	4	3	4	0	0	1	7	1	5	1	0	157	0	0
ASV455	18	9	4	2	3	7	2	10	5	7	3	0	4	2	7	11	7	7	17	8	1	6	6	7	6	4	1	5	6	6	6	0	7	4	3	5	8	0	1
ASV525	21	11	18	7	13	4	13	4	3	9	16	8	0	2	2	6	2	2	0	18	2	2	3	3	10	6	5	7	3	1	1	7	0	4	3	0	0	0	0
ASV483	2	1	2	3	1	3	5	20	14	2	10	5	13	9	32	19	7	9	5	3	4	7	2	6	0	3	1	2	3	6	9	0	0	0	0	0	0	1	0
ASV488	1	10	7	1	2	3	2	6	0	8	2	2	0	0	1	1	1	0	1	6	1	0	1	1	6	3	5	2	3	0	0	20	21	20	24	35	13	13	0
ASV532	4	6	8	7	6	2	3	4	4	8	5	3	7	8	4	6	5	4	6	11	4	5	5	9	4	5	7	1	2	2	4	8	5	14	5	2	19	5	1
ASV1210	1	1	3	3	5	6	6	2	6	0	4	5	3	9	11	7	5	3	4	5	6	3	5	3	2	4	3	6	4	9	8	10	1	0	13	0	29	8	13
ASV4277	0	5	7	8	14	21	17	18	7	4	13	6	10	1	0	0	0	0	0	10	0	2	0	5	1	5	11	18	18	3	1	0	1	0	0	0	0	0	7
ASV441	14	15	6	4	5	5	9	2	0	19	0	0	0	0	0	0	1	0	0	22	0	2	0	16	17	12	5	4	3	0	0	26	2	8	12	0	3	11	0
ASV452	6	2	2	1	2	1	6	3	6	2	8	12	19	21	14	18	22	23	5	1	4	4	8	0	1	1	2	1	2	3	3	1	0	0	0	0	0	0	0
ASV496	29	22	9	5	9	4	3	4	2	14	0	0	0	0	0	0	0	0	0	19	0	0	0	22	25	20	6	2	9	0	0	1	5	1	1	0	0	16	0
ASV433	0	6	3	2	7	10	5	7	7	13	2	2	2	3	4	7	2	9	3	6	8	10	7	5	8	6	9	11	11	1	4	1	8	7	4	10	1	1	0
ASV550	4	2	3	4	1	3	1	4	6	9	8	4	8	15	10	18	6	9	19	4	14	10	6	7	3	4	1	3	3	5	7	0	0	0	0	0	0	0	0
ASV548	18	8	3	2	7	2	5	3	4	6	2	3	1	6	8	2	9	9	17	4	9	11	3	3	5	3	1	4	5	4	7	2	6	3	2	0	2	30	3
ASV617	2	1	2	1	1	4	1	1	0	2	1	3	0	2	1	1	0	0	2	1	2	1	0	4	2	4	2	0	2	1	0	12	0	9	6	0	140	3	2
ASV556	7	24	5	3	1	8	11	6	5	8	0	1	2	2	3	2	4	8	4	8	8	4	7	9	4	4	5	5	7	3	7	5	0	9	4	0	2	9	5
ASV489	1	9	7	5	6	6	9	9	8	7	6	6	5	3	9	6	4	7	9	6	3	5	2	12	7	5	10	7	5	2	5	1	2	2	0	0	0	2	16
ASV493	7	11	2	3	1	1	5	5	0	9	0	0	0	0	0	1	0	2	0	10	0	0	0	1	8	5	7	5	1	0	0	9	42	9	10	38	8	10	1
ASV616	1	2	0	3	1	3	2	2	1	1	2	1	1	3	6	7	1	3	8	1	1	8	2	1	0	3	1	1	0	2	4	27	4	30	18	1	42	25	4
ASV527	5	13	5	2	7	0	3	1	2	3	0	0	3	3	1	2	2	4	4	6	3	2	2	3	6	3	4	4	2	2	3	16	24	13	17	0	37	13	1
ASV591	13	4	4	6	5	8	13	5	8	1	18	10	11	19	5	4	10	4	5	7	4	3	15	6	2	5	4	2	11	4	4	0	0	0	0	0	0	0	0
ASV502	11	14	11	25	6	7	21	5	7	7	7	3	1	2	1	0	0	0	0	12	0	0	0	8	8	16	16	6	8	2	0	0	0	0	0	0	0	0	0
ASV2595	1	10	9	9	7	10	4	6	1	19	1	0	0	1	0	0	0	1	1	12	1	1	2	13	6	12	11	9	11	1	0	9	13	1	13	8	2	10	1
ASV523	5	2	1	0	2	4	1	3	1	1	1	0	0	0	1	0	0	0	0	5	0	0	1	3	1	3	1	2	1	0	0	10	54	11	12	69	18	8	1
ASV779	8	9	1	3	1	4	5	3	2	1	1	1	3	7	5	11	13	14	13	5	15	10	11	2	4	3	2	3	4	4	11	1	0	0	1	0	0	13	3
ASV3406	3	13	7	11	6	5	4	2	2	8	10	5	0	0	2	1	0	1	1	7	0	1	3	8	5	8	7	7	9	5	2	16	10	2	16	10	11	4	4
ASV3760	3	11	3	10	11	12	6	9	9	6	4	11	1	0	0	1	1	0	0	8	2	1	3	13	7	11	11	7	9	2	2	7	2	4	4	1	3	3	12
ASV440	18	17	4	8	5	6	5	3	9	7	1	1	1	8	6	4	1	3	4	18	2	0	2	10	19	9	12	9	9	1	7	3	1	3	3	1	0	3	0
ASV536	8	5	2	1	2	1	0	2	0	4	0	0	0	0	0	0	0	0	0	3	1	0	0	1	5	1	1	2	0	0	1	1	14	2	7	5	151	8	0
ASV1243	4	17	5	11	5	10	5	1	2	8	7	5	1	2	3	4	2	0	2	11	6	0	0	11	8	9	12	8	9	5	6	2	3	2	3	2	0	1	4
ASV509	11	2	6	9	1	5	4	1	9	2	6	2	6	3	15	7	6	8	3	3	6	9	15	3	2	4	3	5	1	2	5	4	23	3	5	4	0	0	0
ASV605	0	1	0	0	0	1	2	0	0	0	2	0	8	12	20	15	16	20	38	1	11	34	1	1	0	0	1	0	0	2	10	0	0	0	0	0	0	0	1
ASV418	15	5	4	8	3	1	3	1	5	2	2	1	1	0	1	0	0	1	0	5	2	0	0	3	1	7	1	0	2	0	1	15	21	26	14	1	7	39	15
ASV443	3	10	5	4	2	3	3	4	0	2	4	3	11	11	10	7	7	10	7	6	6	8	15	6	7	6	6	8	6	7	9	0	0	0	0	0	0	0	1
ASV453	11	10	5	3	3	4	3	4	0	12	0	0	0	0	1	0	1	1	0	7	0	0	1	11	6	3	11	6	3	0	0	27	20	10	17	17	3	6	1
ASV526	16	7	5	5	0	7	8	8	9	8	6	9	3	2	7	8	4	3	8	4	6	2	9	5	14	4	3	9	5	3	3	2	1	5	3	1	5	4	2
ASV677	3	9	5	13	13	12	25	20	12	7	8	7	0	1	1	1	0	1	0	4	0	0	2	8	3	7	4	7	9	10	2	0	0	0	0	0	0	0	0
ASV503	25	11	8	2	2	1	4	2	1	1	3	3	1	7	1	1	6	9	6	9	4	11	7	6	2	9	2	1	1	2	3	3	0	12	7	0	2	25	9
ASV507	10	3	2	5	1	4	5	7	4	4	7	6	8	8	6	21	28	3	13	1	3	12	4	2	2	4	1	2	1	4	17	0	0	0	0	0	0	0	0
ASV542	2	4	6	9	6	5	10	4	4	0	13	18	4	29	12	3	0	8	2	0	4	9	7	2	1	3	5	9	5	2	0	2	0	0	0	0	0	0	3
ASV3107	4	5	7	5	3	4	5	1	3	7	11	4	4	6	3	3	3	2	5	10	6	4	4	6	6	4	7	5	5	5	8	3	0	0	1	0	42	0	5
ASV5166	1	3	1	1	1	0	1	0	0	2	3	9	2	5	8	13	22	12	14	1	33	12	20	4	0	2	1	1	1	7	7	0	0	0	0	0	0	0	0
ASV529	3	5	6	6	1	4	2	1	1	6	1	1	2	2	4	7	16	12	20	4	15	9	3	7	4	4	6	3	2	2	9	10	9	7	5	0	11	12	2
ASV561	5	1	0	3	7	3	4	7	4	0	4	5	13	7	8	27	4	4	3	2	5	0	1	1	1	2	4	3	2	46	14	1	0	3	1	0	7	1	0
ASV4518	1	6	1	1	3	2	3	3	4	5	3	5	4	8	12	7	10	10	10	11	10	7	6	12	4	4	7	4	3	13	14	0	0	0	1	0	0	1	1
ASV504	7	14	8	3	1	2	3	4	0	8	2	0	1	1	3	6	6	6	5	6	4	3	2	6	5	8	2	4	7	0	5	6	0	15	8	1	10	22	2
ASV514	6	5	7	10	15	6	16	13	16	5	16	14	3	2	2	0	1	3	0	4	0	0	1	6	3	9	8	11	9	0	0	0	0	0	0	0	0	0	0
ASV524	5	6	3	0	2	0	1	0	0	3	0	0	0	0	0	0	0	0	0	2	0	0	1	3	0	3	2	0	0	1	0	6	88	23	41	32	2	0	0
ASV1647	2	7	5	9	8	4	2	5	3	5	0	3	1	3	1	0	2	1	1	9	6	2	1	2	6	6	6	4	4	0	0	18	8	4	28	2	15	6	2
ASV511	1	6	11	9	16	8	12	8	11	4	11	3	1	0	1	1	0	0	4	9	2	4	3	7	10	10	2	12	11	2	1	0	0	0	0	0	0	0	16
ASV446	1	3	2	2	0	4	1	4	4	2	1	1	18	19	20	40	14	3	9	1	1	9	6	4	5	3	3	2	1	3	7	1	0	1	0	0	1	1	1
ASV449	10	7	10	0	5	0	2	4	3	6	0	2	0	1	1	0	0	0	0	4	1	0	0	12	9	1	2	2	3	0	0	26	7	19	12	6	5	49	1
ASV487	10	9	2	3	1	4	4	1	3	2	0	0	0	1	2	0	0	0	0	5	0	0	0	3	8	7	2	2	0	0	1	9	11	27	36	18	2	22	10
ASV570	2	7	7	3	6	5	1	4	2	3	0	1	0	2	1	0	0	1	1	5	0	0	0	12	12	9	5	4	3	0	0	0	0	0	1	0	0	0	99
ASV1329	5	1	2	3	1	0	0	1	1	2	0	3	5	5	8	13	6	9	14	2	14	13	2	4	2	1	3	4	2	8	11	20	3	5	7	2	0	17	6
ASV512	2	1	3	0	2	0	4	3	11	3	11	5	13	18	15	28	14	8	5	0	3	2	2	3	0	1	0	0	4	8	6	0	0	1	0	0	1	0	10
ASV3347	0	4	6	2	4	1	8	4	1	13	1	0	1	9	3	1	5	1	9	6	4	2	2	6	7	12	6	7	7	1	1	7	21	0	10	10	6	16	2
ASV477	9	11	11	4	3	3	6	4	3	6	3	0	0	2	3	0	0	1	1	6	0	0	0	4	4	7	10	4	7	1	1	11	10	11	8	6	14	17	1
ASV541	7	16	9	13	6	11	10	8	3	5	11	6	0	0	0	2	0	2	1	10	0	1	0	16	8	14	18	12	12	1	1	0	0	0	0	0	0	3	0
ASV575	16	4	1	2	2	4	5	0	3	0	3	7	12	5	9	21	7	9	4	3	7	15	10	1	2	3	7	3	0	15	10	0	1	1	0	0	0	1	0
ASV537	8	7	1	2	0	1	0	2	1	3	0	1	0	1	0	1	0	0	0	7	0	0	1	3	4	6	1	2	2	0	0	20	65	12	12	16	8	38	4
ASV553	25	3	7	7	8	5	16	12	20	5	10	4	3	3	4	6	4	7	1	9	2	4	2	5	1	6	5	5	6	1	2	0	0	2	0	0	0	1	0
ASV567	19	5	2	2	2	0	4	0	1	6	1	0	1	5	4	2	3	13	8	4	6	29	13	1	3	1	2	1	2	7	13	6	1	6	1	0	2	23	1
ASV576	8	14	11	18	12	13	6	6	2	8	4	3	2	0	1	0	0	1	0	13	1	1	1	16	14	12	8	9	13	2	0	0	0	0	0	0	0	1	2
ASV540	47	18	13	9	10	8	7	3	2	3	1	4	0	0	0	1	17	0	0	18	1	0	1	4	3	7	5	1	6	1	1	0	0	0	0	0	0	1	1
ASV549	5	17	10	10	6	10	10	12	2	5	3	1	2	2	0	1	0	0	1	13	2	2	1	7	14	13	4	13	10	1	0	0	0	2	0	0	0	0	6
ASV624	4	5	3	7	0	3	4	2	8	2	9	8	5	9	11	8	7	8	11	6	13	13	9	3	4	3	2	2	1	8	6	0	0	0	0	0	0	2	8
ASV491	6	7	1	5	0	6	5	3	1	4	3	3	5	4	10	15	13	6	17	2	6	9	9	3	2	3	5	5	4	7	4	1	0	1	0	0	0	1	1
ASV571	4	3	3	7	4	9	8	5	6	3	8	4	9	11	22	9	2	9	9	2	3	15	8	4	3	6	1	1	4	7	6	0	0	0	0	0	0	0	0
ASV572	1	0	1	0	2	0	3	2	1	1	3	4	15	10	23	15	17	15	10	1	12	8	7	0	2	0	1	0	0	19	10	0	0	0	1	0	0	1	0
ASV634	0	1	6	6	3	3	8	12	0	21	1	1	4	7	11	3	2	8	1	13	1	1	2	13	13	9	8	12	13	2	0	0	0	0	0	0	1	0	1
ASV473	16	8	4	4	0	3	0	2	0	5	0	1	1	0	0	2	1	0	1	5	5	5	11	10	4	8	5	1	3	2	2	10	15	13	4	0	28	24	1
ASV494	1	7	6	0	0	1	2	3	1	2	0	0	2	1	0	0	0	0	0	5	0	1	0	4	3	3	9	5	3	0	3	43	10	20	19	0	42	9	3
ASV583	3	0	0	1	0	0	0	1	0	0	0	0	1	0	0	1	1	2	3	1	1	0	2	0	1	1	0	1	0	0	1	6	9	1	2	0	164	7	0
ASV627	1	12	3	7	3	7	2	3	1	12	4	2	2	4	3	4	6	7	3	3	7	6	13	6	0	8	6	6	5	6	5	6	0	6	11	0	1	6	7
ASV562	18	8	4	4	4	9	5	7	20	5	16	7	3	10	5	5	5	4	2	12	3	2	2	4	3	2	4	8	2	0	1	0	0	0	0	0	0	0	0
ASV630	3	5	1	1	1	3	2	0	2	2	0	0	1	1	1	1	2	2	3	4	2	1	0	3	3	2	1	2	2	2	0	43	10	44	17	3	26	7	1
ASV654	1	2	2	1	0	3	1	1	1	0	7	5	26	19	8	8	5	3	5	1	2	3	43	0	5	1	2	3	1	6	9	0	0	0	0	0	0	0	2
ASV658	14	4	1	2	2	2	3	2	3	8	1	1	6	4	8	4	8	18	9	5	7	13	7	3	4	2	3	5	1	6	13	0	1	1	1	0	0	10	2
ASV596	2	7	7	6	5	2	4	3	4	5	0	0	1	5	9	9	7	12	8	3	4	9	13	5	1	4	10	2	5	8	9	2	1	4	4	0	2	9	1
ASV657	4	7	4	3	7	10	5	4	2	6	4	2	1	5	3	12	7	4	10	6	5	8	11	4	6	8	5	1	4	6	6	0	1	4	2	1	0	1	2
ASV607	5	2	1	2	0	3	2	0	0	1	0	0	0	1	1	0	0	0	2	3	0	0	0	0	2	1	1	1	0	0	0	0	0	0	0	151	0	2	0
ASV609	5	0	2	1	1	0	1	0	1	2	0	0	0	0	0	1	0	0	0	2	0	0	0	1	1	0	0	0	0	0	1	7	1	11	5	3	149	2	1
ASV620	7	2	3	0	0	2	0	0	0	1	0	0	0	0	0	0	1	0	0	0	0	0	1	3	1	1	2	0	2	1	0	14	59	30	38	23	5	2	0
ASV767	15	15	15	11	2	6	7	3	2	8	12	5	1	0	0	0	1	1	0	13	0	0	1	9	5	10	9	4	4	0	1	0	1	3	2	0	0	2	24
ASV2165	0	0	0	0	0	0	0	0	0	0	0	0	7	4	11	6	15	9	28	1	21	15	4	0	0	0	0	0	1	15	15	0	1	0	0	0	13	1	0
ASV568	24	7	4	8	8	7	5	6	5	6	2	5	2	3	1	1	4	4	0	10	6	3	6	11	5	6	7	8	9	0	4	1	0	0	0	0	0	0	0
ASV679	2	0	1	0	0	0	0	3	3	1	9	53	51	6	0	2	6	5	6	0	10	8	7	0	0	0	0	0	0	0	3	1	0	0	0	0	0	2	0
ASV725	2	1	3	0	3	1	5	4	5	0	28	54	6	7	6	6	5	7	1	6	4	5	2	3	0	0	2	2	1	9	5	0	0	0	0	0	0	0	0
ASV485	7	7	2	8	8	8	7	12	19	1	6	4	2	4	4	6	5	7	2	10	2	3	4	7	6	6	7	5	8	7	4	1	0	0	0	0	0	0	0
ASV518	0	0	1	0	0	0	0	0	0	1	0	0	0	0	0	0	0	0	0	2	0	0	0	1	0	0	1	0	0	0	0	6	80	37	24	47	2	0	2
ASV522	2	5	5	3	4	1	3	3	5	2	2	1	6	7	10	12	10	11	16	4	14	11	3	3	4	5	2	1	0	6	9	0	0	2	1	0	0	1	0
ASV558	5	1	1	0	3	2	2	5	1	1	1	5	8	14	13	14	18	35	7	1	9	5	3	2	1	2	2	0	3	3	3	0	0	0	3	0	0	0	2
ASV708	31	22	13	7	10	6	5	3	4	8	1	2	0	0	1	0	8	0	0	12	0	0	2	8	12	16	12	6	7	2	0	0	0	0	0	0	0	0	0
ASV448	3	4	2	0	1	2	1	0	0	0	1	1	0	0	0	0	0	0	0	5	0	0	0	2	0	1	0	0	1	0	0	42	0	20	14	2	2	56	47
ASV546	0	2	1	1	0	1	0	0	0	2	2	0	2	2	1	1	5	6	4	1	9	1	5	2	0	2	0	0	0	2	7	0	74	7	6	40	1	0	0
ASV554	16	7	1	2	1	5	4	3	2	4	2	1	1	1	3	5	2	5	4	5	7	5	2	3	2	5	4	2	1	2	6	31	2	12	15	0	1	27	3
ASV574	10	8	3	4	2	3	1	2	0	5	1	0	0	3	0	1	1	1	4	9	2	2	2	6	8	4	5	2	2	1	1	10	30	11	10	8	15	20	7
ASV519	2	2	0	4	2	1	1	0	0	1	0	0	0	0	0	1	1	1	0	0	3	2	1	0	1	1	3	1	3	1	1	46	1	45	34	0	4	20	1
ASV5333	0	3	8	8	6	7	9	5	5	6	2	11	1	1	2	1	0	2	0	8	1	1	8	8	5	10	6	8	10	10	0	2	3	3	2	8	9	3	3
ASV770	1	6	10	7	8	8	12	13	5	5	3	6	4	0	3	1	1	0	0	4	3	2	1	8	14	11	6	10	8	4	1	3	0	2	1	2	3	0	3
ASV521	4	1	0	1	1	2	1	1	0	0	1	0	1	2	1	6	21	9	14	1	5	55	20	0	3	4	0	0	0	9	7	0	0	0	1	0	1	7	2
ASV559	2	7	5	12	9	9	2	7	10	2	11	1	2	0	7	5	4	0	1	6	1	4	4	13	7	9	5	4	6	2	3	2	0	0	1	0	0	0	5
ASV573	2	8	7	3	2	8	1	7	9	6	4	7	4	4	10	10	5	9	8	5	7	6	3	5	6	5	6	8	3	3	3	0	3	0	0	0	0	0	0
ASV614	10	15	11	4	5	3	8	3	3	4	2	0	0	1	2	3	1	1	0	13	2	0	0	8	1	11	6	5	4	1	1	10	9	14	16	2	7	4	2
ASV626	19	13	10	7	5	6	20	10	10	3	13	7	1	1	0	3	0	5	1	4	1	0	1	2	8	8	9	7	5	0	1	0	0	0	0	0	0	0	0
ASV628	5	3	2	1	0	1	1	1	0	0	0	0	0	0	0	0	0	0	0	3	1	0	0	1	0	2	0	0	0	0	0	0	5	25	119	14	0	0	0
ASV492	14	6	3	2	2	1	2	2	1	4	0	0	0	6	5	3	6	17	11	2	4	10	12	2	1	2	1	2	2	13	14	2	0	5	6	0	0	8	4
ASV599	1	1	0	1	0	0	0	0	0	0	0	0	0	0	0	0	0	0	0	4	0	0	0	4	1	1	1	0	0	0	0	7	159	13	16	1	0	0	0
ASV613	5	6	3	2	6	1	4	3	2	3	3	0	3	6	9	10	5	8	10	3	18	13	5	5	2	5	8	0	1	9	11	2	0	2	2	0	4	1	0
ASV686	2	6	3	10	2	12	5	7	7	2	6	6	14	9	3	4	1	7	0	4	4	4	5	5	5	3	5	1	7	19	4	1	0	0	2	0	0	1	0
ASV602	27	5	1	1	2	3	0	1	0	2	0	2	0	0	1	1	1	1	0	3	0	0	0	3	1	5	3	0	2	0	0	1	1	0	0	1	3	128	28
ASV619	0	7	5	6	4	3	5	6	2	8	3	2	3	8	7	5	1	5	11	5	8	4	4	10	8	11	5	3	1	0	1	3	5	0	1	2	5	9	1
ASV569	9	1	1	3	1	1	1	0	2	2	0	0	0	0	0	0	0	1	0	3	0	0	1	2	0	3	2	2	1	0	0	44	28	13	10	11	54	2	2
ASV5772	10	4	4	3	5	2	1	2	4	5	7	4	0	2	1	3	0	1	8	8	3	8	0	5	2	3	2	3	4	10	17	1	6	2	0	0	47	1	3
ASV646	1	1	1	1	0	0	0	0	0	0	0	0	1	3	0	1	0	0	4	0	2	3	104	0	2	0	1	0	0	32	9	1	0	0	0	0	0	1	0
ASV886	7	7	7	9	10	8	4	3	3	7	2	5	2	5	4	4	2	2	5	17	0	1	2	5	15	5	11	7	7	2	2	0	0	0	3	0	6	0	1
ASV3089	2	6	6	8	4	8	5	6	10	9	5	3	0	1	1	2	1	1	1	13	4	0	1	13	7	5	5	13	8	2	3	10	1	0	7	2	0	2	16
ASV4715	0	0	2	0	0	0	2	0	1	1	0	0	6	7	8	5	13	9	31	0	25	16	3	0	1	1	0	0	1	9	12	6	3	0	1	2	8	1	1
ASV551	6	2	6	5	8	5	9	7	19	4	8	9	5	2	2	3	4	0	4	1	2	0	2	6	7	1	7	11	10	2	1	0	0	0	0	0	2	3	2
ASV555	33	6	3	1	2	1	1	1	1	4	0	0	0	0	0	0	0	1	0	5	0	0	0	7	4	7	9	4	4	1	0	0	2	2	2	80	0	0	0
ASV781	1	10	7	4	5	2	2	1	1	10	4	2	2	3	1	2	1	1	7	10	5	9	2	8	9	8	10	2	5	5	7	2	1	0	3	0	2	13	4
ASV639	7	3	2	2	1	1	0	0	3	2	0	0	0	0	1	2	2	2	0	3	0	2	1	2	2	2	2	3	2	3	0	24	41	11	13	18	15	24	3
ASV689	4	5	1	3	8	8	4	3	9	4	12	4	2	4	7	5	3	2	3	6	4	2	7	8	4	12	6	8	6	4	1	4	0	7	1	0	1	6	2
ASV632	1	2	1	4	0	1	2	2	0	0	3	4	5	23	7	21	9	14	15	1	7	2	10	1	3	2	0	3	2	11	9	0	0	0	0	0	0	3	0
ASV644	11	4	5	6	2	1	2	1	2	8	0	0	0	1	0	0	1	1	1	7	1	0	4	2	7	11	5	3	4	2	0	7	20	20	11	12	1	13	3
ASV2010	0	1	2	0	3	2	3	4	1	4	1	4	1	8	8	5	7	1	11	2	19	17	13	4	5	3	4	3	1	5	14	2	3	0	4	1	1	1	0
ASV534	2	1	2	1	1	0	1	0	0	1	0	0	0	0	0	0	0	0	0	1	0	0	0	0	1	2	3	1	1	0	0	0	1	0	0	0	0	0	142
ASV623	0	14	15	7	5	14	6	6	8	14	1	1	0	1	1	0	0	0	1	10	1	2	1	7	13	6	11	10	10	3	0	2	0	0	3	0	0	0	1
ASV625	7	2	1	1	1	2	4	4	8	1	4	9	9	11	8	11	23	10	8	2	4	9	8	3	3	5	1	0	1	1	1	0	0	0	0	0	0	0	3
ASV604	3	5	5	2	5	4	2	6	10	4	4	4	6	8	11	10	8	4	9	11	4	9	12	4	3	5	1	5	5	2	10	0	0	0	0	0	0	0	0
ASV641	0	2	7	6	2	5	3	6	7	2	12	7	3	11	7	6	7	10	12	3	10	8	3	2	1	2	3	1	0	9	8	0	1	1	1	0	0	0	4
ASV734	1	3	4	2	1	1	1	3	2	3	0	0	5	4	10	7	5	7	10	3	7	14	9	0	2	2	3	0	1	19	15	5	5	4	2	1	6	1	1
ASV3754	1	4	5	11	3	7	6	3	5	0	4	5	0	0	0	0	0	0	0	4	0	0	0	3	9	9	13	11	12	0	0	0	0	0	0	0	0	0	59
ASV520	1	0	0	0	0	2	0	2	0	0	1	1	5	4	6	15	20	17	13	0	22	17	5	2	1	1	0	0	0	18	9	0	0	0	0	0	0	0	0
ASV584	8	2	1	2	4	0	0	3	4	2	4	4	20	8	10	5	15	5	6	1	7	7	19	2	1	3	0	3	1	6	7	1	0	0	0	0	0	1	0
ASV610	19	8	1	1	6	4	8	6	4	3	6	5	7	4	4	9	4	6	2	3	2	3	1	1	7	10	7	7	3	1	11	3	0	3	4	1	0	0	7
ASV636	4	7	5	8	2	4	2	4	0	6	0	1	1	2	0	1	0	0	1	8	1	3	0	6	3	6	4	4	8	0	2	11	15	6	10	13	20	3	3
ASV684	5	7	7	6	11	2	4	5	2	5	7	12	1	3	1	2	0	1	1	7	2	4	2	8	2	6	5	7	10	15	10	3	0	0	1	0	0	1	4
ASV773	37	18	5	5	4	7	4	5	0	16	0	2	0	0	0	0	0	0	0	20	0	0	0	13	9	12	7	6	4	0	0	0	0	0	0	0	0	2	0
ASV577	1	2	1	2	1	2	2	0	0	4	0	0	0	0	0	0	0	0	0	1	0	0	0	2	0	1	3	1	1	0	0	51	26	17	16	4	37	12	4
ASV680	7	5	2	3	1	3	4	5	3	4	4	4	4	3	5	6	9	13	7	3	3	2	2	7	3	2	4	4	3	3	2	2	0	1	1	0	0	11	11
ASV580	3	3	5	4	5	5	6	4	7	4	13	10	16	9	7	8	3	4	9	6	1	3	7	1	4	0	2	2	4	3	5	0	0	1	0	0	0	0	3
ASV750	13	13	9	9	8	8	10	8	9	7	3	6	1	0	0	1	0	1	0	10	0	0	0	7	3	12	12	4	6	0	1	0	0	2	2	0	0	1	4
ASV1466	0	8	7	10	8	9	1	2	3	6	5	4	1	2	1	1	0	1	0	11	0	1	2	8	5	13	7	9	9	1	0	5	1	0	3	0	1	4	18
ASV1945	1	0	0	1	0	0	2	1	1	1	2	3	3	5	9	5	5	8	13	2	21	24	19	0	0	0	0	1	0	9	37	0	0	0	0	0	0	1	0
ASV2762	3	9	8	6	3	12	2	2	4	8	4	6	0	2	2	0	0	1	0	9	1	2	0	6	3	8	3	5	4	1	0	7	24	1	7	8	7	3	1
ASV5488	6	6	12	6	9	5	3	3	2	7	3	1	1	1	1	2	0	0	3	9	7	1	0	15	20	12	6	9	8	7	0	0	0	0	0	0	3	1	2
ASV645	3	0	10	3	1	2	1	3	3	10	4	1	2	0	3	0	0	0	1	5	2	0	0	3	8	5	9	6	3	1	0	10	13	21	23	6	5	10	2
ASV692	10	3	4	2	4	3	1	0	7	3	1	1	1	3	0	3	0	0	1	5	2	3	3	1	2	2	2	1	1	2	2	1	2	3	3	6	76	6	4
ASV869	6	9	1	4	7	4	3	4	0	8	3	1	4	8	4	5	4	3	4	4	5	4	4	8	5	6	8	3	1	4	7	2	6	2	4	13	11	1	1
ASV611	6	6	7	6	4	5	1	2	1	4	2	2	3	4	5	0	4	10	3	4	6	8	6	3	5	3	6	7	2	1	7	10	0	6	5	0	2	16	1
ASV2049	0	2	2	1	4	2	3	0	5	4	5	9	5	9	9	12	4	10	5	2	11	5	8	4	4	2	0	2	1	10	6	3	0	0	0	0	0	2	5
ASV585	5	13	4	6	1	5	6	4	2	7	1	2	3	4	13	12	4	8	6	11	3	2	4	5	5	6	5	2	4	8	2	0	0	0	0	0	0	0	1
ASV595	4	7	11	7	6	9	5	12	12	6	5	2	1	1	0	1	1	1	4	5	3	2	3	6	6	6	5	3	5	4	1	3	1	5	7	0	2	4	10
ASV703	10	5	5	2	4	0	1	2	0	2	1	1	0	2	1	3	26	18	30	4	19	4	4	2	0	0	2	0	3	0	1	2	0	0	2	2	0	0	0
ASV772	2	11	3	3	5	6	4	6	2	4	8	2	3	2	2	1	1	4	1	3	2	3	2	7	7	2	7	2	7	0	2	8	0	5	4	0	1	1	22
ASV564	1	11	6	10	16	13	28	13	19	5	9	9	4	0	0	0	0	0	0	3	0	0	0	2	1	2	3	10	6	0	0	0	0	0	1	0	1	0	0
ASV670	2	5	11	2	6	4	5	4	2	6	2	4	0	1	1	1	1	0	1	6	1	0	2	7	7	7	0	13	3	0	1	12	8	12	13	5	5	3	1
ASV5848	0	2	3	11	9	9	2	7	3	18	1	2	1	3	5	1	2	9	2	12	0	1	1	8	10	5	9	11	11	3	2	2	0	0	0	1	0	3	1
ASV724	9	3	4	2	2	2	4	2	2	1	4	4	12	10	10	15	13	10	5	1	8	9	1	6	1	1	3	2	4	5	1	0	0	0	0	0	0	1	0
ASV884	0	3	3	13	11	8	10	3	2	5	3	4	0	0	0	0	1	0	0	6	0	0	0	7	11	12	11	8	13	0	0	3	1	0	0	0	0	2	31
ASV3643	1	0	3	6	13	18	13	20	12	0	12	8	14	4	3	0	3	0	0	0	1	0	1	0	2	0	3	12	9	0	0	0	0	0	0	0	0	0	2
ASV633	9	7	12	15	9	3	12	9	7	6	9	1	3	0	1	1	1	2	1	8	2	0	14	10	6	6	4	3	8	0	2	1	0	0	0	0	1	0	2
ASV495	22	6	10	11	6	6	9	4	2	10	0	0	0	0	0	0	0	0	2	15	0	0	0	11	12	5	11	1	5	0	0	1	3	2	1	1	0	20	1
ASV538	8	5	14	5	1	5	3	2	1	1	0	0	0	0	0	0	0	0	0	8	0	0	0	9	11	10	12	3	8	0	0	14	4	17	13	13	6	1	1
ASV593	11	3	4	1	1	4	2	2	1	2	0	1	0	1	18	12	3	2	1	4	2	16	12	4	2	6	1	0	0	10	10	0	2	0	0	0	15	2	0
ASV648	3	1	1	1	2	4	2	0	0	1	5	3	2	7	1	14	13	3	5	3	6	16	13	2	0	1	2	2	2	10	26	0	1	0	0	0	0	1	0
ASV650	0	1	0	1	0	0	0	1	2	0	0	0	0	3	0	4	2	1	2	1	2	0	2	1	0	0	1	1	0	3	4	2	1	6	4	0	136	3	2
ASV716	3	11	6	6	5	8	2	3	4	4	8	6	12	8	8	6	5	7	7	3	8	7	5	2	3	4	5	4	6	5	1	0	0	0	1	0	0	0	0
ASV615	1	2	0	1	2	0	1	0	0	0	0	0	1	0	0	0	0	1	1	0	0	2	0	1	1	2	1	0	3	0	0	44	6	43	27	7	18	7	2
ASV659	3	1	1	0	0	0	0	1	0	3	0	0	0	0	0	0	0	0	0	0	0	0	0	0	0	2	0	3	1	0	0	0	58	25	29	40	1	1	0
ASV801	3	4	4	1	2	3	1	3	1	1	0	0	0	0	0	0	1	0	0	5	0	1	0	6	5	3	2	3	4	0	0	42	8	21	17	8	4	14	2
ASV601	0	3	3	3	2	10	8	5	7	8	2	1	3	8	2	2	2	2	10	12	3	3	2	6	2	4	5	8	4	5	2	1	3	8	4	7	2	3	0
ASV783	1	12	7	3	5	3	1	4	1	11	0	0	0	1	7	4	1	5	9	8	5	10	4	4	3	8	6	3	3	9	8	1	0	4	3	0	0	2	2
ASV4242	1	1	1	2	3	2	4	2	1	8	0	0	3	3	4	5	6	2	14	6	8	7	3	5	4	2	0	1	0	4	10	8	11	1	7	8	2	12	0
ASV533	35	9	4	2	4	3	2	0	0	3	0	1	0	1	0	1	0	0	0	9	0	0	0	5	7	6	4	1	2	0	1	0	17	6	8	19	17	1	0
ASV582	1	3	0	1	1	0	3	2	2	1	1	2	8	12	7	12	15	23	17	0	6	6	9	1	1	0	2	2	0	20	2	0	0	0	0	1	0	0	1
ASV664	4	3	6	8	4	2	2	2	6	2	3	7	3	6	6	2	6	5	3	5	7	13	12	5	7	6	6	4	3	7	4	1	0	0	2	0	0	0	0
ASV913	2	13	4	8	13	7	8	6	3	5	4	3	1	1	0	4	2	0	2	6	2	1	5	8	6	6	5	4	7	0	1	3	0	4	5	0	0	0	7
ASV1551	0	1	1	1	0	1	1	1	1	1	0	1	7	4	18	12	6	9	15	4	12	10	9	1	3	2	0	1	1	5	11	1	4	0	1	0	2	5	4
ASV579	9	11	6	1	4	6	3	3	1	4	3	1	3	4	8	5	1	9	4	4	7	4	2	6	6	2	7	1	6	3	2	1	1	13	5	0	0	4	6
ASV672	13	17	4	2	0	1	1	3	5	3	0	1	0	0	0	2	0	0	0	4	9	5	0	4	5	9	4	2	5	11	19	3	7	2	2	2	6	11	1
ASV1842	2	3	5	4	5	2	4	1	5	3	4	10	7	6	6	5	4	4	8	7	8	6	4	2	1	2	4	3	2	8	8	0	2	0	0	0	2	9	2
ASV655	3	13	3	9	5	2	2	3	0	9	1	1	0	0	0	2	1	1	4	10	1	1	1	5	5	8	9	5	3	3	2	9	2	17	14	0	3	7	2
ASV706	2	6	4	2	3	3	5	0	0	3	0	2	7	16	6	4	3	11	13	3	8	10	28	4	5	3	2	8	1	0	0	0	0	0	0	0	0	0	0
ASV730	29	3	6	4	2	3	1	1	1	2	2	1	2	5	10	7	14	9	0	4	7	10	0	1	5	3	4	4	0	3	7	1	0	5	4	0	0	5	5
ASV647	6	0	1	2	1	2	1	4	0	1	0	2	1	1	0	8	30	16	12	1	8	23	24	0	2	2	0	0	1	0	0	0	0	0	1	1	1	0	0
ASV669	12	11	8	8	4	12	3	7	6	6	2	3	1	4	0	7	1	3	1	7	2	4	2	6	6	5	4	7	3	3	1	2	3	7	1	1	0	5	2
ASV736	3	0	0	1	0	0	2	0	4	0	2	1	2	6	10	3	17	6	10	1	1	16	4	0	1	2	0	0	0	24	20	0	0	0	0	0	0	0	11
ASV799	7	3	8	5	4	1	4	0	3	8	0	2	2	3	3	1	7	4	3	9	7	4	6	4	4	2	7	5	5	2	4	0	9	3	8	3	0	3	1
ASV530	7	3	1	0	2	0	2	0	1	3	0	0	0	0	1	0	0	0	0	4	0	1	0	1	3	1	5	1	1	0	0	3	61	18	7	38	0	0	0
ASV578	1	1	1	0	0	0	0	0	0	1	1	2	3	27	13	8	16	9	29	0	5	10	4	0	1	0	1	0	0	5	4	1	0	0	0	0	0	3	0
ASV710	2	0	1	0	0	1	1	0	0	1	0	2	3	0	0	2	0	0	1	2	1	2	0	1	2	0	0	1	1	0	3	0	36	5	8	80	3	5	0
ASV769	21	3	3	1	2	0	2	2	2	1	1	2	2	5	7	4	9	10	12	3	5	1	7	10	3	2	4	1	0	6	11	0	0	0	0	0	1	0	1
ASV515	7	4	5	9	10	12	20	12	8	1	6	2	1	2	0	0	0	0	0	5	1	1	2	6	7	4	11	10	14	4	1	0	0	0	0	0	0	0	0
ASV797	1	3	3	2	1	1	2	4	1	4	2	2	0	1	0	0	0	0	0	9	0	0	0	2	1	4	1	4	3	0	1	24	3	37	38	1	1	2	4
ASV5381	3	3	6	5	6	9	1	2	5	7	4	7	0	1	1	0	5	0	3	5	6	1	4	3	3	3	6	5	6	1	3	5	5	1	3	0	12	8	5
ASV629	2	4	1	2	1	2	0	2	4	3	0	3	4	10	4	12	9	6	8	3	6	27	16	0	2	1	1	0	0	3	12	0	0	0	0	0	0	0	0
ASV631	13	5	8	10	10	10	14	3	9	10	10	16	0	0	0	0	0	2	2	2	0	2	1	10	2	8	10	4	5	0	0	0	0	0	0	0	0	0	0
ASV637	4	5	6	3	8	2	7	9	17	4	17	14	4	4	4	6	2	10	1	1	2	2	2	0	1	6	2	1	7	0	1	0	0	0	0	0	0	0	0
ASV666	6	5	2	4	4	3	2	2	0	3	0	0	0	0	1	1	1	0	0	8	1	0	1	3	3	5	7	1	0	1	0	17	8	9	10	7	59	1	2
ASV683	11	2	3	2	1	3	2	3	1	4	2	0	0	0	0	0	0	0	0	15	0	0	1	4	4	6	2	2	3	0	0	2	20	17	8	27	1	8	2
ASV701	3	2	0	3	0	0	0	0	3	0	0	0	1	0	0	0	0	0	0	0	0	0	0	0	0	1	0	0	0	1	0	10	40	11	10	52	33	4	2
ASV673	0	1	5	3	10	2	8	6	5	8	2	0	5	9	6	0	2	6	6	6	6	1	4	5	4	3	7	5	4	1	1	2	1	6	7	9	0	0	1
ASV1135	8	1	1	1	2	1	1	1	1	2	2	2	7	7	11	13	15	18	9	2	10	6	5	2	0	0	0	0	0	3	4	0	0	0	1	1	0	1	2
ASV589	1	31	7	15	3	6	9	10	7	11	3	0	0	0	0	0	0	0	0	14	0	1	0	8	12	10	3	7	6	0	0	0	0	0	0	0	0	0	0
ASV687	8	10	13	9	8	8	14	6	12	5	6	2	0	0	0	0	0	1	1	5	1	1	0	8	3	11	9	7	6	1	0	1	0	3	0	0	0	0	0
ASV5026	1	6	2	1	1	4	0	2	0	4	0	4	1	4	2	5	14	4	14	7	32	12	5	3	1	1	2	6	2	2	3	0	1	0	0	0	1	0	0
ASV594	9	5	3	0	1	1	1	2	1	3	1	1	1	3	0	0	2	0	6	4	4	1	10	1	3	6	0	2	1	5	1	9	15	6	5	2	36	3	1
ASV603	8	7	2	6	0	1	1	3	2	5	1	1	0	2	1	0	5	2	3	7	2	3	1	4	4	1	4	4	5	0	3	12	0	27	20	1	4	4	2
ASV622	10	4	3	2	3	3	2	2	4	0	0	1	1	1	1	5	1	2	2	8	2	1	0	5	7	6	3	2	1	0	4	11	9	8	7	17	22	5	2
ASV737	15	6	4	2	1	0	3	0	1	5	0	1	1	0	0	1	0	0	1	1	0	0	0	1	2	3	1	2	0	1	0	4	7	3	10	77	1	4	2
ASV1830	3	3	4	3	5	4	3	8	4	5	8	18	2	6	8	3	4	2	3	5	3	5	7	4	3	4	5	1	2	2	5	2	0	2	2	3	0	2	0
ASV1069	1	9	2	5	5	3	4	4	2	10	2	3	1	1	1	7	2	2	5	7	1	1	1	11	6	7	5	5	6	1	2	1	5	0	3	14	6	4	1
ASV4788	0	2	4	7	9	9	5	6	5	4	1	7	4	2	3	2	0	1	0	8	1	1	1	8	5	4	9	8	12	1	3	6	0	1	5	0	7	0	9
ASV661	16	4	2	3	4	2	5	4	6	3	3	1	7	2	3	5	4	3	3	4	2	3	2	3	3	4	1	5	7	1	5	7	0	9	10	0	0	7	0
ASV901	11	3	1	1	0	0	2	0	0	2	0	0	0	0	0	0	1	1	0	2	0	0	0	2	1	0	2	0	0	0	0	9	27	13	6	8	78	9	0
ASV608	15	6	8	0	2	2	2	1	1	4	0	0	0	0	2	0	0	1	1	11	0	1	2	6	0	7	5	2	2	0	1	2	22	22	1	24	7	2	1
ASV717	7	16	2	1	0	0	1	2	0	7	0	0	0	3	1	1	2	1	1	9	1	2	3	7	3	5	4	5	6	0	1	10	15	8	9	6	8	6	1
ASV824	3	11	14	7	3	6	15	0	2	7	1	2	0	1	0	0	0	0	0	14	0	0	0	12	7	9	13	6	7	0	0	0	0	2	1	0	0	0	0
ASV852	1	10	9	6	5	15	8	6	10	5	1	4	2	0	0	1	0	0	1	14	0	0	1	7	8	8	9	6	5	2	0	3	0	5	2	0	2	0	1
ASV1000	0	2	1	1	0	2	3	1	0	2	4	0	2	3	3	2	0	0	3	0	7	2	5	3	0	0	0	0	1	99	0	0	1	0	0	0	0	1	0
ASV588	2	1	1	3	0	1	4	10	9	0	1	3	10	10	15	14	8	5	1	0	3	2	4	1	0	0	4	1	6	4	3	0	0	0	0	0	0	0	0
ASV598	5	1	1	0	0	0	0	0	0	1	0	0	0	0	0	1	1	0	0	2	0	0	1	1	1	0	2	1	1	0	1	26	51	21	8	8	11	42	2
ASV693	7	4	1	2	1	1	1	0	2	2	4	3	5	13	11	8	8	12	14	3	12	5	4	1	3	3	1	1	7	1	2	1	0	2	0	0	1	1	2
ASV748	9	8	1	4	1	1	4	6	1	7	2	2	2	6	5	7	6	3	5	8	3	1	1	5	5	3	4	1	4	5	3	3	2	10	5	2	4	2	0
ASV932	8	5	2	2	1	0	1	0	3	2	1	0	0	0	1	1	0	2	1	6	1	1	0	3	1	4	1	2	0	1	0	27	6	10	8	2	40	15	2
ASV5493	6	3	2	4	2	2	1	0	1	7	0	1	0	0	0	0	0	2	0	9	0	0	0	5	5	1	10	9	2	1	0	24	10	0	19	11	11	15	6
ASV694	4	1	1	1	3	4	3	1	1	0	2	7	2	0	0	2	0	2	1	3	0	0	0	2	4	1	1	2	3	0	0	1	94	2	2	10	7	3	0
ASV749	0	0	2	2	12	5	9	15	6	11	0	0	2	7	4	3	4	9	0	4	0	1	0	3	5	11	14	9	9	2	0	0	0	0	0	0	0	0	0
ASV812	9	9	0	2	1	0	0	0	0	3	0	0	0	0	0	0	0	0	0	3	0	0	0	1	1	13	3	2	1	0	0	11	63	1	27	6	1	18	5
ASV667	3	8	5	11	8	10	7	5	7	3	8	11	0	1	0	0	1	0	0	9	0	0	0	9	5	8	10	4	4	2	2	0	0	0	0	0	0	0	0
ASV682	4	2	6	6	3	5	3	4	4	13	1	4	1	5	3	1	2	0	3	2	7	3	6	7	3	6	3	3	6	4	2	7	1	5	7	0	3	17	0
ASV721	22	6	4	1	3	5	4	3	1	6	1	1	0	0	1	1	1	8	10	7	4	8	6	10	4	6	3	4	1	3	5	5	2	1	2	0	0	17	2
ASV854	1	3	3	4	7	8	5	6	5	2	6	2	9	11	6	4	2	14	2	4	1	7	12	3	3	3	1	2	3	5	3	1	0	3	3	0	2	2	3
ASV1057	1	1	2	2	3	4	2	1	6	1	6	10	54	0	1	0	0	6	17	3	2	1	1	1	2	2	0	2	0	2	1	1	0	0	1	0	0	2	2
ASV3322	1	1	0	0	0	1	0	0	1	0	0	5	4	5	11	16	13	12	12	1	16	10	1	1	1	0	0	1	0	6	14	2	1	0	1	0	1	1	1
ASV675	8	8	8	4	2	11	2	4	1	5	0	2	0	1	0	0	0	2	4	15	1	0	1	5	4	4	2	2	6	0	0	9	9	4	4	14	5	15	2
ASV705	13	3	0	2	2	1	1	1	2	4	0	2	1	0	2	0	2	2	1	0	1	0	1	1	2	2	4	1	1	1	0	19	2	29	20	0	5	21	2
ASV863	10	4	1	0	3	1	2	1	2	0	3	3	2	2	6	7	16	9	3	3	2	5	2	1	1	5	0	1	5	3	7	1	0	3	2	0	0	5	20
ASV642	6	1	1	2	0	1	0	1	0	0	0	0	1	0	1	0	0	0	1	1	0	0	0	5	0	1	1	1	0	0	0	39	1	18	20	0	26	18	12
ASV758	1	2	4	5	5	11	4	1	7	5	5	4	6	1	4	7	4	5	5	5	4	1	4	1	3	2	6	4	4	2	1	4	2	0	2	0	1	5	2
ASV5711	4	3	1	6	6	4	7	9	5	0	11	25	2	3	9	6	1	3	2	1	1	2	8	3	0	1	3	4	5	2	2	0	0	0	0	0	0	0	3
ASV697	1	0	0	0	0	0	0	2	0	1	0	0	3	5	6	13	31	11	27	0	5	10	4	0	1	2	1	1	0	12	17	0	0	0	0	0	0	1	0
ASV739	6	6	7	1	0	4	1	2	1	2	0	0	0	0	0	0	0	0	0	10	2	0	0	3	3	6	3	3	4	0	0	11	49	11	9	6	9	7	0
ASV745	16	4	14	8	10	11	12	8	7	5	4	4	1	0	1	0	0	0	0	4	0	0	0	3	10	11	5	10	2	0	1	0	0	0	0	0	0	0	1
ASV768	0	0	3	0	0	1	0	0	0	0	0	1	0	20	8	8	10	7	27	1	15	19	4	0	0	0	2	0	0	3	15	0	0	0	0	0	1	0	0
ASV844	5	10	3	4	2	4	2	3	0	9	0	0	0	0	0	1	3	2	0	8	1	1	0	8	2	2	6	2	5	0	2	9	13	14	8	8	5	14	2
ASV1045	11	8	0	3	2	1	2	1	0	4	0	0	0	1	0	0	0	0	0	7	0	0	0	0	5	6	3	0	3	0	0	10	42	0	21	14	3	17	5
ASV1845	1	5	2	1	3	2	4	2	0	4	2	2	0	0	0	0	0	0	0	7	0	0	0	7	2	1	6	3	2	0	0	34	16	5	14	9	13	11	4
ASV2572	3	6	4	7	8	11	3	3	1	8	8	10	0	0	1	0	0	0	1	10	0	1	0	8	5	4	6	6	6	2	0	10	0	1	5	1	3	2	1
ASV612	8	8	10	3	4	2	2	6	3	7	1	0	0	0	0	0	0	0	0	9	0	0	1	5	8	6	5	5	4	0	0	2	6	13	5	13	2	1	0
ASV688	6	2	1	3	1	0	2	1	0	0	0	0	4	5	9	12	9	10	8	3	9	17	4	4	3	1	2	4	2	6	4	0	0	1	1	0	1	4	1
ASV707	9	7	7	4	4	2	3	1	1	7	1	2	0	0	0	1	1	1	0	5	0	0	1	2	4	7	5	2	2	0	0	10	35	12	7	10	0	0	0
ASV731	2	0	0	0	1	1	3	0	3	4	2	4	10	4	11	14	14	20	7	0	8	5	9	1	2	1	4	0	2	4	5	0	0	0	0	0	1	0	3
ASV742	10	10	10	5	6	4	8	6	4	11	2	6	2	1	4	0	3	5	1	8	1	0	1	13	4	7	4	5	5	1	0	0	0	0	1	0	0	2	0
ASV864	6	2	2	1	1	0	0	0	0	2	0	0	0	2	0	0	0	0	0	1	0	0	0	3	1	3	1	1	0	0	0	10	45	12	5	13	36	27	4
ASV912	4	3	0	1	0	0	1	0	0	2	0	0	0	1	0	0	0	0	0	0	0	0	0	1	0	1	3	1	1	1	1	3	101	20	11	7	1	4	0
ASV1972	5	3	3	2	4	5	2	5	2	2	3	1	5	3	3	6	2	3	2	6	4	1	4	6	3	5	4	2	2	5	4	6	2	2	12	0	12	4	4
ASV691	4	1	0	0	4	3	9	1	4	1	6	4	1	3	1	1	7	1	1	14	5	3	0	1	2	4	2	5	4	2	1	0	0	0	0	0	0	0	57
ASV733	9	2	5	10	9	8	10	15	7	2	17	12	0	0	0	3	4	1	0	5	0	0	1	6	3	4	7	4	6	0	0	0	0	0	0	0	0	0	0
ASV942	3	3	2	3	3	2	5	2	2	2	3	0	7	4	16	10	18	11	10	0	8	3	5	2	2	0	4	0	3	7	5	0	0	1	1	0	3	0	0
ASV700	5	6	0	0	0	0	0	1	3	4	1	0	3	2	2	3	0	4	6	2	1	2	0	4	2	3	0	2	4	5	3	12	11	9	7	3	6	37	4
ASV732	4	3	1	3	5	8	2	9	19	1	4	7	3	0	0	2	1	1	2	5	0	1	0	2	4	5	3	5	7	23	3	0	0	0	0	0	0	0	0
ASV759	3	1	6	2	8	10	2	2	1	3	4	1	0	2	0	0	1	3	1	7	1	2	0	5	3	3	4	3	1	13	4	4	1	3	33	1	2	0	5
ASV1007	1	1	4	3	7	9	5	4	6	1	5	4	4	6	4	4	5	5	3	1	6	5	5	0	4	4	3	5	3	5	1	0	1	0	0	0	0	0	0
ASV702	12	1	3	2	5	7	5	3	10	2	4	1	8	1	7	6	5	15	5	0	6	2	3	3	2	2	1	0	3	1	1	3	0	3	1	0	0	5	1
ASV798	1	5	4	7	3	2	3	1	7	7	1	1	0	0	2	3	1	0	1	12	5	2	2	4	2	6	4	6	7	1	1	12	25	4	4	4	2	3	7
ASV805	4	8	9	3	15	3	3	1	5	7	5	3	0	1	5	1	1	2	8	6	2	6	5	5	4	8	5	5	9	1	2	0	0	0	4	1	0	1	1
ASV2370	1	5	4	5	5	4	2	3	1	2	8	6	0	4	0	1	0	1	1	14	5	2	2	3	5	5	9	5	3	1	3	5	5	0	7	2	4	0	1
ASV1093	3	10	5	3	3	12	5	2	5	3	2	0	2	1	1	1	1	4	1	9	5	0	0	6	9	7	9	5	5	0	2	0	7	0	1	0	4	23	0
ASV698	0	0	1	0	0	0	0	1	0	0	0	0	0	0	1	0	1	0	0	3	0	0	0	0	1	0	0	1	0	0	0	2	50	34	6	37	0	5	0
ASV809	1	1	1	1	1	1	3	0	0	3	0	0	0	0	0	0	2	0	0	1	1	0	0	1	0	2	0	0	1	0	0	32	33	9	4	2	2	77	2
ASV879	12	6	5	1	1	2	7	6	5	4	0	5	4	2	10	2	5	2	6	1	1	5	0	0	2	1	1	2	1	14	24	0	0	0	0	0	0	0	1
ASV989	7	3	1	5	3	1	0	0	4	1	2	3	4	11	8	13	13	13	8	1	5	5	6	4	2	2	2	3	2	2	6	1	0	0	0	0	0	0	1
ASV4133	1	7	6	8	7	4	2	1	1	3	6	5	2	2	3	1	0	0	0	5	0	0	1	4	3	7	3	10	3	1	1	8	15	3	10	6	9	5	4
ASV660	10	9	7	2	5	3	2	7	3	11	0	2	2	3	0	1	1	0	4	6	2	0	3	8	5	4	6	9	5	4	0	2	2	2	2	0	0	7	0
ASV685	17	1	0	0	0	1	1	2	0	3	1	0	1	2	0	0	0	0	0	0	0	0	1	0	3	4	1	0	1	0	0	36	17	16	10	6	3	23	10
ASV695	15	7	3	1	6	3	3	2	4	2	1	0	0	1	0	0	0	0	1	9	0	2	0	8	7	6	3	4	5	1	0	4	11	1	4	21	1	3	1
ASV1791	5	7	3	1	5	10	0	2	5	3	6	1	2	1	4	1	0	2	2	5	1	4	0	5	4	6	9	9	4	4	1	7	5	1	8	2	8	2	4
ASV5584	0	7	5	6	1	0	0	2	3	2	4	2	0	0	1	0	0	1	2	7	0	3	5	5	4	12	4	2	4	4	3	17	9	3	11	2	20	7	3
ASV653	6	13	8	1	5	7	2	1	4	13	1	1	1	3	2	0	6	4	3	2	6	5	14	11	9	5	8	3	3	0	2	0	0	0	1	0	0	0	0
ASV709	3	5	4	3	4	4	1	1	2	4	3	0	1	3	6	7	8	8	7	2	11	4	3	6	4	3	3	2	1	5	7	0	0	2	3	0	1	1	0
ASV755	2	2	11	2	9	4	5	5	9	5	5	7	5	4	3	1	2	1	1	1	1	2	4	5	8	7	5	8	7	1	2	1	0	0	2	0	0	0	6
ASV723	16	18	3	3	2	5	4	2	0	4	2	2	2	1	1	1	3	3	2	7	1	4	11	3	3	4	2	3	0	2	3	3	0	2	1	6	1	6	1
ASV776	0	6	4	5	4	3	8	2	11	7	5	4	0	1	3	3	1	3	1	5	2	0	1	4	3	6	7	2	10	10	2	1	0	0	0	0	0	0	0
ASV825	6	5	10	8	6	3	8	3	6	4	4	3	1	1	1	0	1	1	0	7	0	1	1	6	13	11	8	5	8	1	0	0	0	0	0	0	0	0	2
ASV868	0	6	4	3	1	0	1	0	0	2	4	0	0	1	0	0	0	0	0	4	0	0	1	5	1	1	8	1	1	0	0	11	28	17	16	3	4	21	3
ASV880	0	8	4	1	1	4	0	1	2	5	0	1	0	2	1	2	1	0	0	10	1	1	0	6	2	4	3	4	1	1	0	10	25	16	12	10	3	17	1
ASV1103	3	4	3	1	3	3	1	1	0	0	0	0	0	0	6	4	2	5	3	1	2	3	0	2	2	2	2	0	1	1	4	16	22	12	15	1	10	11	4
ASV649	8	2	3	1	0	2	1	0	0	3	0	1	2	1	2	3	9	5	6	3	7	11	13	3	1	1	3	1	0	6	14	0	0	4	10	0	1	0	1
ASV760	5	0	1	1	1	0	1	0	2	1	0	0	0	0	0	0	0	0	0	0	0	0	0	2	0	2	1	0	1	0	0	0	39	10	13	56	0	1	1
ASV4265	0	6	4	2	2	4	2	2	1	6	4	5	1	3	0	1	0	0	1	5	0	1	1	5	5	1	3	1	8	1	1	15	3	1	5	2	19	6	6
ASV651	6	21	11	7	3	8	4	3	2	12	0	0	0	1	1	1	0	0	0	11	2	0	0	6	7	4	3	5	7	0	0	0	3	3	1	3	0	0	0
ASV618	7	6	6	9	10	4	4	4	6	10	4	4	1	0	1	1	0	2	0	6	0	0	1	3	5	8	6	6	13	0	0	0	0	0	0	0	0	1	1
ASV662	5	1	2	0	1	1	1	0	1	1	0	0	0	1	1	0	0	0	0	3	0	0	0	1	0	2	0	0	1	0	1	21	39	23	18	11	3	3	2
ASV704	4	1	2	5	3	2	0	2	5	0	1	3	11	6	4	12	9	5	11	1	14	7	6	1	0	4	2	0	3	3	5	1	0	0	0	1	0	3	2
ASV753	6	7	6	6	4	4	6	9	3	13	0	2	1	2	0	2	5	4	4	9	0	1	2	3	4	4	4	3	7	1	3	3	0	4	1	0	0	3	1
ASV1127	0	3	1	1	2	3	0	0	0	4	0	1	0	0	0	0	0	0	0	12	1	0	0	5	3	5	5	2	4	1	0	6	11	0	12	60	1	3	0
ASV1452	1	2	7	14	14	8	18	7	6	3	15	13	1	0	0	0	0	0	1	2	0	0	0	1	0	1	2	5	6	1	0	0	0	0	0	0	0	0	1
ASV713	8	6	4	1	3	1	1	0	0	6	3	1	0	0	0	1	1	0	4	3	3	4	1	6	10	4	3	3	1	2	1	9	10	8	6	0	4	15	2
ASV743	19	6	11	4	5	2	7	4	10	3	9	23	2	3	2	5	2	5	0	3	1	2	1	0	1	0	3	1	0	0	1	0	0	0	0	0	0	1	0
ASV3881	3	3	0	2	1	0	0	1	2	2	0	5	2	8	2	9	3	4	3	0	5	4	1	0	2	2	1	1	1	27	20	0	0	1	1	1	0	0	1
ASV696	10	3	3	1	0	2	1	1	0	1	0	0	0	0	1	0	0	0	0	1	2	0	0	4	2	2	0	3	1	0	0	27	10	10	12	4	11	41	1
ASV711	0	3	4	10	6	5	18	13	4	6	9	1	0	1	0	0	0	0	1	5	0	1	0	4	4	8	8	11	7	4	0	0	0	0	0	0	0	0	0
ASV674	0	1	0	0	2	1	1	0	0	1	0	0	0	0	1	0	0	0	0	1	0	0	0	0	3	0	0	1	0	0	0	0	4	14	13	96	0	0	0
ASV785	16	10	4	5	4	1	0	4	1	15	0	2	0	2	3	3	5	6	3	11	1	0	3	10	4	2	3	5	4	0	3	1	0	0	2	0	1	3	1
ASV638	5	0	0	1	0	0	0	2	4	0	11	10	70	2	1	2	2	0	12	0	1	0	3	0	2	0	1	0	0	0	0	0	0	0	0	0	0	0	0
ASV818	9	5	7	3	6	8	10	1	5	3	1	2	1	6	0	1	1	1	0	2	0	2	0	9	6	4	3	3	3	6	2	3	4	5	2	1	0	1	3
ASV821	0	5	6	6	3	8	5	6	4	4	7	4	4	8	8	3	3	3	3	1	1	4	4	7	4	6	7	2	5	3	0	0	0	1	0	0	0	2	1
ASV858	29	9	0	8	1	3	1	4	1	5	1	0	3	3	0	1	2	1	2	8	2	11	16	2	5	2	3	4	3	1	5	0	0	0	0	0	0	0	0
ASV922	5	5	3	4	4	3	1	3	2	6	1	1	3	0	1	2	4	1	6	10	3	1	1	2	6	5	11	2	7	2	0	4	9	0	3	0	10	8	0
ASV746	6	2	1	2	2	3	0	2	1	3	4	3	3	2	8	9	9	7	5	1	3	6	16	2	2	1	1	0	1	6	8	1	0	0	0	0	0	6	4
ASV782	4	3	2	3	2	0	3	4	0	4	3	0	5	0	7	1	8	6	9	1	7	16	3	3	5	2	1	0	5	6	14	0	0	0	0	0	0	6	0
ASV983	5	15	6	3	5	6	6	4	0	9	4	1	0	0	1	4	3	2	3	13	0	3	4	5	8	5	7	4	6	3	3	0	0	1	0	0	0	0	2
ASV720	6	9	2	2	2	1	0	0	1	3	1	0	3	1	0	0	1	0	0	3	1	2	3	3	1	1	1	1	0	3	1	11	16	5	5	4	2	46	2
ASV744	21	4	0	1	2	1	1	4	0	2	0	0	0	0	0	0	0	0	1	4	0	0	0	5	6	1	2	2	0	0	0	8	27	11	3	8	26	3	4
ASV757	0	25	9	5	4	2	6	6	13	6	1	2	0	1	1	1	0	3	3	5	0	0	3	12	10	2	4	4	4	1	1	0	0	1	0	1	0	0	1
ASV796	1	3	0	1	2	2	0	0	2	2	0	0	0	0	0	1	0	1	1	2	0	1	1	1	2	2	2	1	1	0	1	38	12	16	22	0	5	18	1
ASV841	13	10	8	5	10	4	6	4	4	1	3	5	0	1	2	0	0	0	0	3	10	0	2	6	5	4	9	6	9	7	1	0	0	0	0	0	0	0	0
ASV859	1	9	5	3	2	0	1	2	0	8	0	0	0	0	3	1	0	4	1	3	1	0	4	3	7	7	4	5	1	2	1	9	11	8	15	1	8	2	1
ASV915	0	4	3	5	6	15	7	3	3	4	4	9	1	0	3	2	3	0	0	7	2	1	3	5	7	8	8	10	6	1	1	0	1	3	2	0	1	0	0
ASV715	13	4	13	6	4	5	11	5	7	3	3	0	0	1	0	0	0	1	1	10	5	1	4	4	7	4	3	6	6	7	0	0	0	0	0	0	0	1	0
ASV788	0	1	0	0	0	0	0	0	0	0	0	0	0	0	1	0	0	1	0	1	0	0	0	0	0	0	0	0	0	0	0	0	10	2	0	115	5	6	1
ASV819	1	5	1	2	0	1	0	0	1	1	0	1	1	0	1	2	3	3	2	3	2	2	1	3	2	2	6	0	3	1	1	13	28	17	9	3	13	9	3
ASV830	5	3	5	1	0	3	2	1	0	3	0	0	0	0	0	0	0	0	0	6	0	0	0	3	2	3	0	1	2	0	1	8	51	2	16	8	3	14	6
ASV1041	4	0	0	0	3	0	1	3	1	1	0	1	2	1	2	2	3	2	3	1	3	2	1	4	2	2	0	2	1	3	5	3	1	2	7	0	3	51	33
ASV690	1	0	0	1	0	0	0	0	0	0	0	0	0	0	2	6	3	3	6	1	11	47	38	2	0	0	0	0	1	3	5	0	0	0	0	0	0	0	0
ASV752	7	6	1	4	3	5	7	1	1	15	0	4	1	2	2	0	1	1	2	3	1	4	4	9	5	6	10	3	5	1	5	1	0	4	1	0	0	5	1
ASV765	9	8	8	0	8	3	7	8	1	10	0	1	0	1	0	0	0	0	1	9	1	1	2	5	3	4	8	6	7	3	1	0	0	0	0	0	7	23	1
ASV851	8	8	3	1	1	4	1	0	0	5	2	0	0	0	0	0	0	2	0	5	2	1	0	1	2	5	0	3	5	0	0	10	12	14	11	5	12	5	1
ASV940	7	8	4	5	4	1	0	0	0	8	2	3	1	2	0	1	0	1	2	8	1	1	2	9	7	6	9	5	5	0	0	2	17	5	6	1	3	0	2
ASV1242	16	4	2	8	2	2	1	3	3	1	0	0	3	2	1	1	1	3	2	2	0	0	0	1	2	5	3	1	4	0	1	16	1	5	5	0	35	3	2
ASV665	9	9	4	4	4	2	1	0	2	7	0	0	0	0	0	0	0	0	0	10	0	0	0	14	12	6	4	2	4	0	0	1	1	0	2	31	0	0	0
ASV927	8	3	1	4	5	8	2	7	11	4	11	6	2	7	4	2	0	12	1	4	2	0	3	1	5	4	2	4	4	1	1	0	0	0	0	0	0	1	1
ASV931	3	3	2	1	1	2	4	1	2	0	1	1	4	3	4	7	4	5	3	2	1	2	0	3	0	0	2	0	0	2	0	10	1	7	2	1	35	16	0
ASV966	3	7	12	7	9	2	5	8	6	6	0	3	0	2	1	2	0	0	1	10	0	2	1	3	8	10	7	5	2	2	0	1	0	0	1	0	0	0	5
ASV2744	1	7	5	5	6	3	3	2	1	6	3	4	0	0	1	1	1	1	0	6	0	1	0	7	6	8	4	1	3	1	1	7	13	2	16	3	5	3	3
ASV3238	0	8	6	6	7	3	2	7	5	7	6	8	1	4	1	2	1	0	0	8	3	1	0	13	10	9	6	5	3	0	0	1	0	0	0	0	0	0	7
ASV4134	0	3	5	5	4	5	3	1	2	6	2	3	3	3	1	9	3	2	2	6	2	3	2	6	3	7	6	3	7	4	1	6	2	1	3	2	5	2	3
ASV790	1	1	5	0	1	0	0	0	2	1	11	9	52	3	0	3	1	3	10	0	1	0	5	0	0	0	0	2	0	1	0	0	0	0	1	4	1	0	0
ASV980	4	6	11	4	6	3	4	7	5	2	7	4	4	3	2	3	3	3	1	1	4	2	12	7	1	5	5	0	4	2	2	0	0	0	1	0	0	0	3
ASV1333	2	4	1	0	3	5	1	2	0	6	1	1	0	0	2	0	1	2	0	0	1	0	1	2	0	1	1	0	0	0	0	10	24	18	15	2	10	16	4
ASV1581	1	4	4	3	7	5	1	1	4	6	3	6	6	2	5	6	1	3	1	3	1	1	2	3	5	6	4	3	2	2	6	4	1	1	2	5	7	3	1
ASV892	9	5	3	4	3	5	6	4	6	3	0	1	1	0	2	2	2	1	1	5	1	2	3	6	5	5	4	4	3	21	3	0	0	1	1	0	0	1	3
ASV676	18	6	6	7	9	6	2	3	9	6	4	1	0	1	0	0	1	3	2	7	2	0	7	2	1	5	5	5	1	6	1	0	0	0	0	0	0	0	0
ASV747	6	1	1	0	0	1	0	0	0	2	0	1	2	0	7	8	8	16	20	2	12	16	2	1	0	1	2	0	1	1	14	0	0	1	3	0	0	1	0
ASV843	12	2	4	1	3	4	2	1	0	6	0	0	0	0	0	2	0	0	1	7	0	1	1	6	4	5	2	4	2	0	1	1	28	3	7	9	0	15	4
ASV986	3	1	1	0	0	1	2	0	0	0	0	0	1	0	0	0	0	0	1	0	0	0	0	0	0	1	0	0	1	2	0	0	1	5	2	1	97	29	0
ASV1852	0	5	6	3	2	6	4	6	1	4	1	3	54	0	0	0	2	0	1	2	0	0	0	2	3	8	3	2	4	0	0	0	0	0	0	0	0	0	1
ASV738	4	4	2	0	1	1	0	0	4	3	0	0	0	1	0	1	1	1	0	2	0	3	0	3	6	2	2	3	4	0	2	15	1	27	12	0	2	14	10
ASV756	11	13	7	7	4	4	5	1	2	9	1	3	0	1	0	0	1	1	3	7	0	3	0	9	11	4	4	5	8	3	1	0	0	0	0	0	0	0	1
ASV777	1	1	1	0	0	0	0	0	0	1	0	0	1	0	0	0	0	0	0	0	0	0	0	0	0	1	1	1	1	0	0	0	46	3	25	52	0	3	0
ASV1039	2	2	1	1	1	1	1	0	4	1	3	1	3	10	6	38	2	3	0	1	3	3	1	0	2	2	0	0	0	9	5	0	0	0	0	0	0	0	6
ASV668	2	7	5	13	6	3	0	4	0	3	1	0	3	0	2	1	10	6	3	4	10	9	9	6	3	3	0	3	4	6	4	0	0	0	0	0	0	0	0
ASV806	10	4	2	2	0	0	4	4	1	3	1	2	1	2	1	3	5	6	10	5	5	17	4	3	2	2	0	0	2	6	9	0	0	0	0	0	1	4	0
ASV811	3	1	1	0	0	0	0	1	1	1	0	0	0	0	0	0	0	0	0	1	0	0	0	1	0	2	1	3	0	0	1	0	0	0	0	109	0	0	0
ASV1546	0	14	3	11	4	6	9	3	3	5	2	1	0	0	0	0	0	0	0	7	0	0	0	7	3	9	7	5	6	1	0	5	1	1	7	0	0	0	4
ASV784	1	1	0	0	0	1	0	0	1	0	0	0	0	7	0	8	8	6	5	0	17	13	29	1	0	0	0	0	0	9	15	0	0	0	0	0	0	0	0
ASV856	22	10	8	7	3	5	2	4	2	9	2	4	0	0	0	0	0	0	0	11	0	0	0	8	9	12	7	4	6	0	0	0	0	0	0	0	0	0	0
ASV877	14	7	2	3	0	0	2	1	2	4	0	0	0	1	1	1	2	0	1	5	0	5	0	3	2	6	3	1	1	1	0	6	1	3	1	0	2	45	17
ASV1029	3	3	1	1	1	1	0	0	0	0	0	0	1	0	0	0	0	0	0	1	0	1	0	1	3	1	0	0	1	0	0	26	21	4	2	9	48	8	1
ASV2736	3	3	2	2	7	5	0	4	2	2	1	2	2	1	8	3	5	1	3	5	7	5	1	2	6	5	7	2	1	6	5	1	0	0	2	0	3	3	1
ASV780	7	7	2	2	2	2	0	2	0	3	0	1	0	0	2	0	0	1	0	6	1	0	0	2	2	0	0	1	1	1	0	15	3	10	4	2	1	74	1
ASV873	0	0	0	0	1	1	0	0	0	1	12	45	31	2	1	2	3	1	4	0	4	6	13	0	0	1	0	0	0	0	0	0	0	0	1	0	0	0	0
ASV764	7	14	9	4	10	7	7	4	4	21	0	0	0	0	0	0	1	1	0	7	0	1	0	5	7	6	5	3	6	0	0	0	0	0	1	0	0	0	0
ASV955	3	7	2	6	2	3	2	2	2	3	2	2	0	0	0	1	1	0	1	8	1	1	2	7	7	4	6	3	7	0	0	4	2	4	0	0	12	19	5
ASV996	5	5	0	1	2	1	0	0	0	0	0	0	0	0	0	0	0	0	0	8	0	0	0	2	2	2	2	0	1	0	0	18	65	1	15	3	3	10	3
ASV1082	20	6	2	5	2	9	4	3	0	5	1	1	1	0	0	0	5	1	0	6	0	0	1	5	6	15	4	5	5	0	11	0	0	0	0	0	0	2	1
ASV1166	3	10	1	3	3	2	1	1	2	5	4	2	1	0	3	2	4	8	5	2	8	19	5	2	4	2	1	2	2	6	14	0	0	1	1	0	0	0	0
ASV1692	7	5	3	11	3	4	8	5	8	6	9	12	2	4	2	0	1	0	1	2	0	0	3	3	0	1	1	10	4	0	0	0	0	0	1	0	0	0	12
ASV778	0	1	0	0	0	1	1	0	0	1	0	0	1	5	10	8	18	13	26	0	0	4	4	1	0	0	0	0	1	26	6	0	0	0	0	0	0	0	0
ASV817	9	2	1	3	3	4	2	0	5	1	5	2	1	3	4	2	0	3	4	1	3	6	1	4	3	0	1	3	5	4	8	0	1	0	0	24	2	2	1
ASV832	6	5	7	7	3	14	10	5	5	5	2	2	0	0	0	0	0	0	0	8	0	0	0	8	4	6	12	7	9	0	0	0	0	0	0	0	0	0	1
ASV904	13	6	6	1	2	10	5	9	4	1	0	5	0	0	0	0	1	1	1	14	0	0	3	5	5	2	2	3	3	0	0	0	0	1	0	0	0	0	17
ASV1187	0	1	1	2	0	3	2	0	0	0	8	4	13	10	4	9	3	9	4	0	6	6	10	1	1	0	0	0	0	4	5	0	0	0	0	0	0	0	2
ASV2610	7	6	9	7	12	8	8	5	1	3	2	10	0	0	0	0	0	0	0	6	0	0	0	6	5	4	9	8	11	0	0	0	0	0	3	0	0	0	0
ASV663	0	11	6	4	4	3	3	7	11	8	0	0	1	0	0	0	2	0	0	10	2	1	4	10	13	6	4	5	7	1	0	0	0	2	0	0	0	0	0
ASV722	2	0	1	1	1	0	1	0	2	0	2	0	1	11	13	3	7	8	6	2	9	23	13	1	2	1	1	1	0	2	5	0	0	0	1	0	0	0	0
ASV751	3	1	2	4	1	4	4	3	5	4	10	9	4	7	8	1	1	5	4	2	3	0	7	5	3	2	3	4	1	2	0	0	0	2	2	0	1	1	5
ASV792	0	1	0	1	0	1	2	0	0	1	0	0	0	0	0	0	0	0	0	0	0	0	0	0	0	1	0	2	0	0	0	27	16	38	31	1	3	3	5
ASV807	1	2	1	2	0	0	1	1	0	1	0	0	0	0	0	0	0	0	1	1	1	0	0	0	0	0	3	1	0	0	0	11	33	16	10	31	8	1	0
ASV887	22	5	3	1	0	4	5	2	0	9	0	0	0	1	0	0	2	0	0	4	0	0	0	5	7	8	10	4	3	15	3	0	0	0	0	0	0	0	0
ASV941	1	0	4	4	4	8	2	1	11	2	6	4	3	3	4	5	1	5	3	3	5	1	3	4	2	4	7	2	1	5	7	0	0	4	2	0	0	1	3
ASV1021	2	5	4	3	4	2	1	1	1	6	0	0	0	1	1	0	0	1	1	6	2	0	0	1	2	6	0	0	1	0	1	5	28	3	7	11	13	25	2
ASV761	1	2	1	3	1	6	0	1	1	1	2	1	5	13	16	9	9	5	9	0	3	1	3	0	3	2	1	2	3	4	3	2	0	0	2	0	0	1	2
ASV774	0	0	0	0	0	0	0	0	0	0	0	0	0	0	0	0	0	0	0	0	0	0	0	0	0	0	0	0	0	0	127	0	0	0	0	0	0	0	0
ASV837	7	4	2	7	2	2	2	1	0	0	0	0	0	0	1	0	0	0	0	3	0	0	0	1	3	1	11	4	2	0	0	1	13	17	15	27	1	0	0
ASV889	5	8	5	3	6	3	4	8	6	8	7	3	0	1	2	1	1	2	4	5	4	4	1	1	1	5	1	2	4	2	2	1	0	2	1	1	0	1	5
ASV937	0	2	7	3	6	0	2	1	0	4	2	2	0	2	0	0	1	0	4	6	1	1	2	6	0	4	6	5	1	0	1	8	7	10	3	5	10	4	1
ASV5839	2	2	0	4	5	2	4	2	3	2	7	9	0	4	6	1	2	0	5	3	5	2	10	2	4	2	9	4	1	3	3	3	1	4	10	0	9	5	0
ASV718	14	6	0	5	2	2	1	3	1	1	0	0	0	0	0	0	0	0	0	3	1	0	1	6	3	1	3	1	1	0	1	14	10	16	6	4	12	19	1
ASV802	12	2	3	1	2	2	2	2	1	1	0	0	0	1	0	0	0	0	0	3	1	0	0	4	5	4	3	4	1	0	0	22	4	5	10	0	1	39	5
ASV1493	6	5	5	8	10	8	8	6	7	7	4	3	0	0	0	0	0	0	0	7	0	0	0	5	2	2	10	3	8	0	0	2	0	0	1	0	0	0	0
ASV3401	3	1	0	0	0	0	1	2	2	0	0	0	3	0	1	0	2	0	2	1	3	1	0	0	0	1	1	0	2	5	6	2	3	0	1	1	73	8	0
ASV816	4	0	3	1	3	3	2	1	1	3	3	4	0	4	5	0	1	4	1	3	3	1	3	4	4	2	1	1	2	2	1	22	2	5	10	0	6	15	4
ASV834	7	4	2	0	2	1	1	2	3	2	0	1	5	6	7	19	8	13	6	1	4	6	5	1	0	0	0	0	2	0	1	1	1	0	0	0	0	4	0
ASV919	15	1	1	4	4	1	1	1	2	5	2	0	2	0	1	0	0	0	0	2	1	1	0	2	3	2	2	3	1	0	0	2	13	1	2	0	4	15	37
ASV1016	11	4	1	3	1	5	8	3	7	1	6	4	2	2	10	3	4	5	5	0	2	2	0	0	1	0	2	2	1	6	2	0	0	0	0	0	0	0	1
ASV762	5	3	3	1	3	3	2	0	1	1	2	1	0	0	1	4	0	1	4	1	1	0	5	4	2	0	4	1	2	0	2	3	7	17	9	1	24	4	3
ASV787	2	5	4	3	3	2	4	3	0	6	2	2	3	14	7	7	2	4	0	9	2	2	5	6	1	5	1	0	1	1	1	0	0	0	0	0	0	0	6
ASV814	5	12	4	0	1	3	3	2	1	4	3	3	4	6	1	6	6	2	0	4	1	5	1	6	5	4	1	2	1	0	1	4	0	5	5	0	0	1	5
ASV846	1	7	7	2	0	3	6	2	0	5	0	1	0	0	0	0	0	0	0	4	1	1	0	6	1	6	0	1	3	0	0	8	25	15	2	12	3	2	0
ASV925	4	1	1	1	5	4	4	2	2	3	3	8	2	3	4	5	7	4	2	2	9	4	3	3	4	1	3	2	1	4	3	1	0	2	1	0	0	1	0
ASV813	2	4	6	4	8	4	9	4	6	10	2	1	1	0	1	0	2	1	1	14	0	0	1	7	4	4	3	5	4	1	0	1	4	0	2	2	0	0	1
ASV835	0	2	0	1	1	1	1	0	0	1	1	0	0	0	1	0	0	0	0	3	0	0	0	1	0	2	1	1	1	0	0	16	5	27	23	0	21	12	0
ASV857	7	4	2	2	4	3	4	1	6	5	20	7	8	5	2	1	1	1	3	2	3	5	3	1	1	4	1	1	2	0	0	0	0	0	2	0	0	0	0
ASV865	8	1	6	4	4	1	4	1	5	9	2	2	3	2	3	5	5	7	6	1	8	7	2	1	2	4	5	2	4	2	4	1	0	4	4	0	0	2	0
ASV1003	11	10	2	2	4	3	4	5	1	6	0	0	1	0	2	2	1	3	0	12	1	4	3	9	7	9	9	3	3	2	2	0	0	0	1	0	0	12	2
ASV1123	2	4	1	5	3	2	4	1	6	3	1	3	8	3	9	0	0	2	0	8	1	0	0	3	6	4	5	1	4	3	2	1	1	5	5	0	5	1	0
ASV712	11	0	0	1	2	1	1	0	0	2	0	0	0	0	1	0	0	0	0	2	0	0	0	2	5	4	2	0	0	0	0	8	12	8	25	33	0	0	0
ASV1297	1	3	1	0	3	1	2	1	0	0	2	2	2	1	1	0	0	1	0	0	1	0	0	5	3	1	2	3	4	0	1	13	11	22	18	11	5	0	7
ASV1704	2	2	2	6	1	3	4	5	0	6	10	8	1	4	7	2	0	2	2	6	4	1	4	5	3	4	1	7	2	0	2	3	0	1	3	1	5	3	0
ASV3095	1	4	0	2	1	2	0	4	0	7	3	2	0	0	1	3	0	2	3	4	2	2	0	3	0	4	5	3	3	1	0	9	8	2	8	4	21	11	0
ASV794	13	1	2	0	3	3	6	1	8	2	3	2	7	4	3	2	4	7	1	1	5	5	1	0	0	7	1	5	4	4	2	2	0	1	1	0	0	5	3
ASV831	7	5	3	2	1	1	0	1	0	0	0	2	0	2	7	2	6	0	3	6	5	12	8	2	0	0	0	0	0	10	25	0	0	0	0	0	7	1	0
ASV870	6	5	2	8	3	7	3	5	3	5	4	2	0	1	1	2	1	1	1	3	1	3	0	1	5	7	4	5	6	0	1	3	5	4	2	2	0	4	0
ASV891	1	4	1	4	4	3	1	3	9	2	9	3	2	3	6	5	0	0	4	2	3	2	17	6	5	6	1	2	4	1	3	0	0	2	1	0	0	1	3
ASV920	11	8	9	9	6	9	4	2	1	7	0	1	0	0	0	0	1	1	1	6	0	1	1	7	6	5	7	7	5	0	0	0	0	0	0	3	0	0	0
ASV959	26	13	4	4	4	4	0	2	2	5	0	0	1	0	0	0	0	0	0	16	0	0	0	12	6	15	5	1	4	0	0	0	0	0	0	1	0	0	0
ASV981	1	4	4	5	3	5	2	4	1	4	0	3	0	0	1	1	0	1	0	3	0	0	2	2	4	2	2	6	6	2	0	0	0	1	0	0	0	1	58
ASV2319	2	4	4	0	3	2	1	1	0	3	1	1	0	0	0	0	0	0	0	4	0	0	0	6	4	5	0	1	2	0	0	27	27	2	5	4	8	14	1
ASV862	9	8	7	9	3	6	7	5	5	7	3	2	1	1	1	0	1	0	1	4	0	0	1	7	8	6	11	3	5	0	2	1	0	1	0	0	0	1	0
ASV956	2	6	7	2	2	2	2	3	1	6	1	6	0	5	4	2	1	2	2	4	5	5	3	4	4	2	2	3	3	2	7	4	2	5	3	0	5	2	0
ASV848	13	4	2	1	0	3	0	1	0	0	1	0	3	2	4	4	10	4	15	1	10	6	2	3	1	1	1	1	0	14	6	1	0	0	0	0	1	1	0
ASV906	2	1	0	0	0	0	0	0	0	3	0	0	0	0	0	0	0	0	0	0	0	0	0	1	2	2	1	2	0	0	0	2	15	18	38	32	0	0	1
ASV954	1	1	1	0	0	0	1	1	1	0	1	0	0	0	0	0	1	0	3	1	0	1	0	1	0	0	0	0	0	1	3	2	1	1	1	0	27	41	39
ASV1254	4	6	4	2	3	8	3	3	3	5	1	3	0	4	5	3	0	1	2	6	0	3	0	2	1	5	5	2	4	1	2	3	1	7	4	0	6	4	2
ASV1475	5	12	9	4	12	6	8	5	4	4	5	2	1	0	2	1	0	0	0	8	1	3	1	4	2	8	9	1	1	1	0	0	0	0	0	0	0	1	2
ASV808	0	0	0	1	2	0	2	0	0	0	0	0	0	1	2	8	10	11	17	1	3	14	24	0	0	0	0	2	0	7	11	0	0	0	0	0	0	0	0
ASV815	2	2	3	1	2	0	2	0	0	2	1	1	0	0	1	0	1	0	1	1	0	0	0	5	4	2	3	0	2	0	0	5	30	10	7	27	10	0	0
ASV3309	0	3	4	2	3	1	0	2	0	9	0	0	0	0	0	1	0	0	0	7	0	1	0	7	1	4	7	2	3	0	0	5	12	0	14	38	2	1	0
ASV5511	1	2	4	5	3	4	2	3	1	6	1	2	0	0	1	2	3	0	1	5	2	3	0	8	3	3	3	2	4	4	3	12	3	1	4	5	4	2	1
ASV726	0	5	12	9	3	3	4	3	3	1	7	3	2	2	3	5	0	2	1	16	1	2	3	7	4	3	5	4	1	1	1	0	0	0	0	0	0	0	0
ASV896	20	13	5	8	5	6	1	1	1	5	0	0	1	2	2	0	1	1	1	7	1	1	0	6	3	9	7	3	6	0	0	0	0	0	0	0	11	5	1
ASV1010	2	0	2	0	0	1	2	0	0	4	1	0	4	5	7	6	11	10	11	0	16	8	4	0	0	2	1	2	1	2	0	0	0	0	0	0	0	0	0
ASV1122	4	3	1	4	3	3	4	1	1	4	0	0	1	2	0	1	0	4	1	6	2	6	0	7	5	2	7	2	0	2	2	5	5	6	1	1	9	1	0
ASV1144	0	6	0	3	4	4	2	0	0	1	0	0	2	0	2	1	2	1	2	5	1	1	1	3	3	0	2	0	0	0	1	9	16	12	4	4	18	10	2
ASV5943	1	2	3	2	2	0	2	3	0	3	1	0	0	3	0	1	0	1	0	5	0	0	1	6	5	6	3	4	2	0	1	13	9	2	10	13	2	8	2
ASV714	0	0	1	0	0	1	0	4	1	2	6	3	4	11	10	3	1	0	0	3	0	2	10	1	0	1	1	2	1	8	0	0	0	6	3	0	0	0	5
ASV740	8	9	2	3	0	3	1	1	5	8	0	1	0	1	2	4	1	1	3	10	2	3	1	5	7	5	4	5	1	0	1	0	0	0	0	0	0	2	0
ASV754	3	2	0	1	1	1	0	2	0	0	0	0	0	0	0	0	0	0	0	0	0	0	0	1	0	0	0	0	1	0	0	2	63	18	6	16	10	2	0
ASV763	2	5	9	5	9	5	9	4	11	8	2	7	2	0	1	0	0	1	0	4	0	1	1	4	4	4	8	2	2	0	0	0	0	0	0	0	0	0	1
ASV795	20	4	4	18	3	3	11	1	8	4	5	0	1	1	1	2	1	1	1	3	0	2	0	1	5	5	10	6	3	1	3	0	0	0	0	0	0	0	1
ASV803	6	10	4	8	6	7	3	3	8	3	1	4	1	1	2	1	4	6	1	3	2	2	1	6	5	1	3	3	5	1	0	1	0	0	0	0	0	0	0
ASV866	3	7	2	1	0	0	2	0	1	0	0	0	0	1	0	2	0	1	2	0	1	10	29	3	0	3	3	0	0	7	7	3	0	0	2	13	2	10	0
ASV957	5	2	0	4	2	1	5	1	1	0	1	1	6	7	6	5	6	4	4	6	6	8	6	1	1	2	1	0	2	6	4	0	0	0	0	0	0	0	2
ASV1051	9	6	3	2	5	6	3	1	6	6	0	1	2	6	1	2	1	2	1	4	3	3	1	3	7	3	3	1	4	1	2	6	1	4	5	3	0	3	0
ASV1258	5	4	5	1	1	1	2	2	0	2	3	0	3	3	0	5	1	0	3	4	4	3	1	4	2	4	5	3	1	0	2	5	19	4	6	1	19	2	2
ASV3072	2	4	2	4	7	4	4	6	2	5	10	10	6	2	4	3	3	2	2	1	3	0	1	1	3	4	4	4	3	1	3	2	0	0	0	0	2	1	0
ASV829	7	6	2	1	0	4	1	2	1	3	0	0	1	0	4	13	7	6	3	4	3	1	2	3	0	1	1	1	0	1	18	0	1	1	0	0	2	3	1
ASV871	3	2	1	3	3	4	1	2	10	2	2	2	2	8	5	8	3	5	2	0	1	0	2	3	4	1	2	1	4	5	1	2	0	7	2	0	0	2	4
ASV876	5	6	4	1	0	4	2	1	0	2	1	1	0	0	0	0	0	0	0	4	0	0	0	4	5	3	1	0	1	0	0	6	43	10	6	9	3	0	0
ASV947	10	7	2	4	4	2	1	3	0	2	1	2	2	4	3	5	2	5	3	4	3	3	1	4	6	4	5	0	4	3	3	3	0	1	0	0	2	7	1
ASV964	1	1	1	2	0	5	8	3	3	0	4	4	0	1	3	3	1	0	0	0	0	0	0	0	3	1	2	1	0	60	0	0	0	0	0	0	0	0	0
ASV1040	2	3	1	2	2	1	3	3	2	3	3	0	8	8	8	9	6	5	5	1	4	5	7	0	0	0	3	0	0	15	4	0	0	0	0	0	0	0	0
ASV1150	8	2	5	1	0	2	0	0	0	0	1	1	0	0	0	1	0	0	0	0	1	0	0	3	1	1	1	1	0	0	0	5	35	5	20	19	2	7	1
ASV1356	0	1	1	0	0	0	1	1	0	0	1	0	0	3	12	7	8	8	18	0	21	11	3	1	1	0	0	0	0	7	13	0	0	0	0	0	2	1	0
ASV1425	4	8	1	1	2	2	1	1	0	2	0	0	0	0	0	1	2	1	0	3	1	0	2	2	1	1	0	0	2	0	0	10	28	4	6	9	21	10	3
ASV939	9	4	3	0	1	2	0	1	2	0	0	0	4	3	6	5	6	10	0	5	1	2	6	3	1	0	0	1	2	2	1	17	5	9	4	1	3	8	0
ASV1038	3	5	4	2	2	3	1	2	1	4	2	2	1	1	3	1	1	3	3	4	2	4	2	3	2	7	4	2	4	2	4	4	1	4	0	0	7	9	0
ASV1374	3	0	0	0	0	0	0	0	0	0	0	0	0	0	0	0	3	0	0	2	0	0	0	0	0	1	0	0	0	1	1	10	0	4	4	0	91	3	0
ASV729	18	2	1	1	3	1	1	5	1	1	1	2	0	2	1	0	3	4	4	2	5	9	20	1	1	3	0	1	1	0	5	5	0	13	3	1	0	1	1
ASV771	14	5	0	3	2	5	2	2	4	2	8	16	8	8	6	5	5	8	0	2	2	2	0	0	0	3	3	3	1	1	0	0	0	0	0	0	0	0	0
ASV839	8	4	4	2	0	1	1	3	0	7	0	0	0	1	0	0	0	0	0	4	0	0	0	4	3	2	2	1	1	1	0	21	11	7	11	11	1	2	0
ASV853	12	8	0	2	0	3	4	5	4	1	2	3	4	1	7	4	5	7	5	4	2	1	5	0	2	4	3	3	0	1	2	0	1	0	1	1	0	1	0
ASV881	5	6	10	5	3	5	0	2	1	7	0	1	0	0	0	1	0	0	1	6	0	0	1	9	6	6	5	5	1	0	0	4	6	5	6	4	1	6	2
ASV897	11	8	3	11	3	3	8	4	5	7	3	3	0	1	0	1	0	0	1	7	0	1	1	10	5	6	5	3	1	0	0	0	0	0	0	0	0	0	0
ASV1246	1	0	0	2	0	2	2	0	0	2	0	1	0	1	1	0	1	0	0	0	0	0	0	2	1	1	0	0	0	0	0	21	4	2	1	3	16	71	4
ASV1435	3	2	4	1	2	0	1	1	4	2	1	6	2	0	0	6	1	2	4	1	2	0	0	2	4	1	2	1	4	2	2	11	3	0	0	1	18	8	3
ASV2774	10	5	2	1	3	7	3	5	2	2	22	10	0	3	1	3	2	1	2	8	2	0	0	3	4	3	5	0	1	1	0	0	0	0	2	0	0	2	2
ASV833	13	10	4	6	1	2	2	2	6	1	5	3	1	0	3	0	3	0	0	2	2	0	0	2	5	5	1	6	1	0	1	1	6	0	1	0	11	3	1
ASV918	2	6	5	9	7	3	7	3	5	2	9	6	0	1	0	0	0	1	1	6	0	1	0	2	5	3	4	9	6	0	0	0	0	0	0	0	0	0	0
ASV921	1	2	4	7	2	4	2	5	7	2	3	6	5	0	4	0	0	4	2	4	2	0	0	4	4	4	7	10	5	3	1	0	0	0	0	0	0	0	0
ASV929	9	5	0	5	3	3	6	1	0	4	0	0	0	0	0	0	1	0	1	6	0	2	2	6	0	0	2	2	3	0	0	0	9	3	3	5	3	25	2
ASV936	15	6	7	5	2	7	3	1	7	4	6	1	3	0	1	0	0	0	0	9	3	0	1	4	6	8	5	7	3	0	3	0	0	1	0	0	0	0	0
ASV938	0	2	1	2	4	3	7	4	6	2	11	6	4	1	2	0	4	0	1	1	24	0	1	4	6	2	3	4	2	0	0	0	0	0	0	0	0	0	0
ASV985	4	2	1	1	2	0	1	2	2	0	9	5	5	5	8	4	1	5	4	4	3	9	2	0	1	1	0	0	2	1	1	1	1	1	0	2	0	4	1
ASV1025	1	3	1	1	4	0	3	2	5	0	1	2	2	5	0	0	3	3	1	4	0	7	0	6	4	2	3	2	2	29	14	0	0	0	0	0	0	2	0
ASV1066	2	10	4	2	6	5	1	3	5	1	11	5	0	1	1	1	0	0	0	5	2	2	3	4	2	3	6	1	5	0	0	1	1	3	4	0	0	1	8
ASV1090	11	8	3	4	2	0	1	4	2	8	0	1	0	0	0	1	0	0	0	2	0	1	0	5	5	2	5	2	3	0	0	5	19	2	3	14	1	9	0
ASV1736	1	0	0	1	0	1	1	0	0	1	0	0	0	0	1	6	3	7	9	0	8	3	0	0	0	1	0	0	1	16	48	0	0	0	0	0	0	0	0
ASV2411	1	2	3	5	6	3	6	3	2	1	2	2	0	1	0	0	0	0	1	6	1	0	0	5	11	4	9	6	1	2	2	8	0	1	3	0	8	1	9
ASV793	2	1	3	1	0	1	0	1	0	3	2	1	1	1	3	3	4	6	4	2	21	19	6	3	1	1	0	1	1	0	7	0	0	0	0	0	0	0	0
ASV810	5	4	3	4	6	4	11	7	9	1	7	7	0	2	5	2	1	0	0	3	0	2	0	4	1	0	2	5	6	7	1	0	0	0	0	0	0	0	0
ASV699	0	13	5	12	4	5	10	4	2	5	1	4	0	0	0	0	0	0	0	15	0	0	0	11	7	6	0	6	3	0	0	0	0	0	0	0	0	0	0
ASV968	7	0	0	0	0	0	0	0	0	3	0	0	0	0	0	1	0	0	0	0	0	0	0	2	1	0	0	0	0	0	1	13	41	11	11	26	2	2	2
ASV898	1	2	2	2	4	1	2	4	0	1	1	2	3	4	6	4	5	11	9	3	7	8	11	3	3	5	0	0	2	2	1	0	0	1	0	0	0	3	0
ASV1071	2	4	2	2	4	3	2	0	1	2	2	3	0	0	0	0	1	0	0	2	0	0	0	2	4	8	7	1	2	0	0	1	7	3	8	8	0	7	32
ASV1074	3	3	1	1	3	0	2	1	0	1	0	0	1	1	0	2	1	2	3	2	6	2	3	1	3	1	4	2	1	2	12	3	11	6	3	2	19	10	0
ASV826	5	0	1	7	2	4	5	4	2	1	20	27	1	2	1	0	1	1	2	0	2	3	2	3	2	3	2	6	4	1	0	0	1	0	0	1	0	1	0
ASV827	0	2	1	2	0	0	2	0	1	1	1	0	7	13	11	2	8	4	4	1	6	6	7	0	0	0	0	0	0	6	6	2	1	1	1	0	3	1	2
ASV895	1	0	1	3	0	2	0	1	0	1	0	0	0	0	0	0	0	0	0	0	0	0	0	0	1	2	2	1	0	0	0	21	20	16	21	7	15	2	0
ASV963	5	7	2	1	3	1	1	0	4	10	2	0	0	0	0	2	2	1	1	1	2	3	1	4	5	3	5	1	3	3	1	4	0	10	4	1	2	10	6
ASV992	19	4	2	1	1	2	1	0	3	0	2	3	3	1	8	6	8	6	7	1	6	4	2	0	0	2	0	0	0	4	4	2	0	1	2	0	0	5	1
ASV800	8	2	1	1	1	1	1	1	0	0	0	0	0	0	0	0	1	0	0	1	1	1	1	4	2	0	1	1	1	0	0	1	49	5	7	18	0	0	0
ASV888	5	8	2	3	1	1	1	2	1	2	0	0	0	0	0	0	0	1	0	4	1	0	2	3	0	1	4	2	0	3	1	8	20	5	3	18	9	12	2
ASV923	9	2	1	1	0	2	1	1	0	4	1	0	0	0	1	0	0	0	0	9	0	0	0	2	3	3	2	1	1	0	0	16	11	9	5	9	4	12	1
ASV979	6	1	4	1	0	1	3	2	0	0	1	1	0	0	0	0	0	7	3	1	10	14	15	2	1	2	1	1	1	17	8	2	0	1	0	0	0	0	0
ASV1781	4	5	4	7	6	7	2	1	1	3	2	2	0	0	0	0	0	0	0	12	0	2	0	13	4	9	10	8	2	0	0	0	0	0	0	0	0	0	6
ASV943	1	0	1	1	2	0	0	0	0	0	1	2	0	0	1	0	4	1	13	0	6	53	14	0	2	1	0	1	1	2	5	0	0	0	0	0	0	1	0
ASV944	5	10	4	5	3	8	0	5	4	4	2	2	2	2	0	4	1	2	0	8	0	0	2	2	4	4	2	0	6	2	1	5	1	0	2	0	0	1	1
ASV976	3	1	0	0	1	1	1	2	0	0	0	0	0	1	0	0	0	0	0	0	1	0	0	0	0	0	2	0	0	0	0	36	20	11	8	4	7	19	6
ASV1013	8	3	8	4	5	8	7	8	12	4	3	3	1	0	0	0	2	1	0	2	0	0	0	3	2	3	3	1	7	0	0	3	1	3	0	0	0	0	0
ASV1100	1	2	0	1	2	1	0	0	0	0	0	0	1	0	0	0	0	0	0	1	1	0	0	1	1	3	3	1	0	0	0	3	62	19	4	8	1	8	1
ASV1249	6	1	2	0	0	0	1	0	0	1	0	0	1	0	0	2	7	1	7	0	8	5	2	0	0	0	0	0	0	7	13	4	1	8	6	1	14	3	14
ASV2599	0	10	9	8	6	8	0	0	2	4	5	3	2	1	0	2	0	1	0	7	1	1	0	5	3	4	9	7	5	1	0	1	0	0	1	0	0	1	4
ASV820	2	5	3	0	1	3	1	1	0	0	0	0	1	3	12	14	10	9	7	1	12	6	4	1	0	0	3	1	4	2	2	0	0	0	0	0	0	0	1
ASV845	4	3	2	2	1	1	0	0	1	2	0	0	0	0	0	0	0	0	0	0	0	0	0	3	4	3	5	1	3	0	0	0	0	1	4	60	0	0	0
ASV903	11	0	1	0	1	0	1	0	1	1	0	0	1	0	0	0	0	0	0	0	0	0	0	1	2	1	1	1	0	0	0	2	25	4	3	55	5	1	0
ASV1018	8	5	3	1	1	2	2	1	1	1	1	1	1	3	5	7	2	3	2	6	2	3	2	8	3	0	0	2	1	2	2	19	0	5	1	0	2	8	1
ASV1226	14	8	0	1	4	2	1	0	1	1	1	0	0	0	0	0	0	0	0	10	0	0	0	4	2	4	4	2	1	0	0	0	7	3	11	19	0	4	2
ASV1318	12	10	7	2	2	5	2	1	2	5	1	0	1	1	3	0	2	3	2	4	5	5	2	3	4	1	4	1	5	2	0	3	2	1	2	0	1	4	0
ASV1330	9	14	6	5	8	5	4	5	0	5	0	1	0	0	0	0	0	0	0	3	0	1	0	7	7	6	5	3	10	0	2	0	0	0	0	0	0	0	0
ASV5695	5	7	1	2	2	2	1	1	1	0	1	1	0	0	0	0	0	0	0	4	0	1	0	4	0	3	0	1	1	0	0	22	22	1	8	4	14	6	4
ASV890	2	8	6	3	3	0	3	1	1	6	0	0	2	0	0	0	0	0	1	5	0	1	1	4	4	7	1	2	4	0	0	5	0	8	5	0	7	28	3
ASV934	1	0	0	0	0	2	0	0	1	0	0	0	0	0	0	0	0	0	0	0	0	1	0	0	0	0	0	0	0	0	0	0	0	0	1	98	0	0	1
ASV1085	1	0	0	2	0	0	0	0	0	0	0	0	1	0	1	0	0	0	1	1	2	0	0	0	1	0	0	1	0	4	3	8	4	2	0	0	75	0	0
ASV1232	3	1	4	3	2	2	1	2	4	1	9	10	1	7	11	1	2	1	0	3	3	3	4	3	1	2	4	2	5	1	4	0	0	0	0	0	0	1	1
ASV2451	1	4	0	0	0	0	1	0	3	0	1	3	5	10	7	10	13	11	3	1	11	7	0	1	0	0	0	1	0	6	6	0	0	0	0	0	0	1	0
ASV2834	1	0	0	0	0	0	0	0	0	0	0	0	2	3	8	3	8	11	9	0	22	13	5	0	2	0	0	0	0	9	7	0	0	0	0	0	0	0	0
ASV789	2	1	0	0	0	0	1	1	0	1	0	1	3	1	1	6	17	10	18	0	7	19	2	0	0	0	1	1	1	3	6	0	0	0	0	0	0	3	1
ASV850	0	4	2	1	3	5	3	2	2	2	5	3	8	4	3	2	5	7	5	1	4	5	4	1	1	3	1	3	2	6	2	0	0	0	0	0	0	0	0
ASV872	7	5	9	7	5	11	12	6	5	0	7	2	0	0	0	0	0	0	0	2	0	0	0	5	4	5	8	6	2	0	0	0	0	0	1	0	0	0	1
ASV882	5	3	6	3	0	1	0	3	0	0	0	0	0	0	0	0	0	0	0	3	0	0	0	3	2	3	1	1	0	0	1	8	23	15	7	3	7	16	0
ASV1128	0	0	1	1	0	0	0	0	1	0	0	1	4	2	9	9	17	6	9	0	16	8	5	0	0	0	1	0	0	13	2	0	0	0	0	0	1	0	0
ASV1143	3	5	2	2	4	6	1	4	4	8	0	0	1	0	0	0	0	1	0	6	0	2	1	5	3	5	4	2	3	1	0	9	4	1	7	3	6	4	1
ASV786	4	1	7	4	5	13	13	6	9	2	4	2	0	1	0	0	0	0	0	1	0	0	0	3	17	2	3	1	1	0	0	0	0	0	1	0	0	0	3
ASV847	5	2	1	0	1	1	0	0	0	2	0	0	0	0	0	0	0	0	0	2	0	1	0	2	0	1	1	0	3	0	0	8	14	18	23	24	0	0	0
ASV861	10	1	2	3	2	0	0	3	0	4	0	0	2	0	0	2	0	2	1	1	5	3	4	1	2	1	3	3	1	0	4	9	0	5	7	0	1	18	2
ASV878	18	8	2	2	3	2	1	3	0	7	0	0	0	0	0	0	0	0	0	5	0	0	0	4	4	6	3	0	0	0	0	3	15	9	9	4	3	3	0
ASV990	5	3	6	11	4	12	6	1	1	1	5	1	3	0	0	0	0	2	0	3	0	0	0	11	8	15	7	5	3	0	0	0	0	0	0	0	0	0	0
ASV1053	6	13	13	3	3	4	6	3	2	4	0	2	0	0	0	0	0	0	0	10	0	0	0	5	6	4	7	6	2	0	0	1	0	0	0	1	0	0	0
ASV1104	8	2	0	2	0	1	2	1	1	0	0	0	0	0	1	2	6	4	4	1	16	17	6	1	0	0	1	2	0	6	4	0	0	4	3	0	0	0	2
ASV1169	2	1	0	1	0	1	0	0	0	1	0	0	0	0	1	0	0	0	0	0	0	0	0	0	0	0	2	0	0	0	1	4	1	6	5	0	27	64	10
ASV1174	9	8	3	3	5	3	0	0	1	8	1	0	0	3	1	0	0	0	0	9	3	0	0	2	2	7	1	1	4	0	0	0	5	4	2	21	1	1	0
ASV1214	0	2	3	3	3	3	2	5	7	1	6	4	30	2	0	4	1	1	8	2	1	0	0	5	1	1	3	0	2	2	2	0	1	0	0	0	0	0	0
ASV1228	5	5	1	3	1	3	1	1	2	3	1	1	0	1	1	1	2	3	3	6	2	6	0	1	2	3	2	2	3	0	1	1	2	3	1	1	17	9	2
ASV1381	5	1	3	7	7	5	5	2	6	2	4	6	1	7	2	5	0	0	2	2	0	0	5	2	2	3	7	3	5	0	0	0	0	0	0	0	0	0	1
ASV1514	3	1	11	5	3	1	4	2	2	8	1	0	0	0	0	0	1	1	2	2	3	0	2	4	1	3	7	2	2	2	2	2	0	1	0	0	1	27	3
ASV1691	2	5	3	7	3	4	4	1	5	1	4	4	0	0	0	1	0	0	0	4	1	0	2	6	2	6	2	5	3	2	1	4	1	0	5	2	11	2	5
ASV842	2	1	3	1	1	2	1	3	0	2	0	0	0	0	0	0	0	0	0	2	0	0	0	2	0	0	1	1	0	0	1	23	1	16	23	0	5	14	2
ASV1255	7	0	0	1	0	3	1	0	0	2	0	0	2	4	3	5	4	13	8	2	7	3	3	0	2	2	1	2	0	4	4	6	2	4	1	0	1	6	0
ASV1986	7	7	4	1	4	4	9	2	7	5	3	3	2	6	2	1	1	1	1	3	1	3	1	5	6	6	6	2	1	0	1	0	0	0	0	0	0	0	1
ASV3752	5	14	3	2	4	1	1	1	1	5	1	0	0	0	0	0	2	0	0	6	0	0	1	4	0	3	5	0	0	0	0	10	8	2	4	5	13	7	3
ASV4004	1	2	2	3	2	5	2	1	0	2	1	1	3	2	1	0	0	0	1	5	2	3	3	2	4	4	2	2	3	1	1	5	6	2	6	3	2	25	1
ASV4396	5	3	0	2	4	4	2	2	5	5	4	4	3	3	6	0	0	2	2	3	3	2	3	5	3	5	3	4	5	3	6	4	0	0	1	0	1	0	1
ASV875	0	0	0	0	0	0	0	0	0	0	0	0	0	0	0	0	0	0	0	0	0	0	0	0	0	0	0	0	0	0	0	0	121	7	2	0	0	1	0
ASV914	0	3	7	4	2	7	2	6	8	3	4	4	3	2	4	2	0	2	4	3	1	0	4	4	0	4	2	7	6	0	1	3	0	4	2	0	0	0	1
ASV917	3	5	3	5	3	3	15	8	13	6	7	3	1	2	2	1	1	1	0	3	0	0	0	5	4	5	1	1	4	0	0	0	0	0	0	0	0	0	0
ASV928	21	15	0	5	8	2	4	5	0	4	1	0	0	0	0	0	0	0	0	14	0	0	0	6	4	7	8	4	1	0	0	0	0	0	0	0	0	1	0
ASV950	2	2	0	2	2	1	2	2	2	5	4	0	0	0	0	0	1	0	0	2	0	1	0	0	0	5	1	2	0	0	1	10	3	21	22	1	0	5	9
ASV970	14	11	2	7	2	4	6	2	1	7	0	2	0	0	0	0	0	0	0	10	0	0	0	5	9	10	4	2	6	0	1	0	0	0	0	0	0	0	0
ASV1034	3	4	1	2	0	1	1	1	1	5	0	0	0	0	2	1	0	2	0	2	0	1	1	4	1	2	0	1	0	3	1	19	5	4	3	5	16	24	0
ASV1037	4	1	2	0	3	1	3	1	1	6	0	0	0	1	0	0	1	0	0	2	0	0	0	1	3	2	2	0	6	0	0	13	0	13	13	0	9	18	3
ASV1050	19	7	2	1	2	2	3	3	0	0	0	0	0	0	1	0	0	0	2	6	0	0	1	2	2	6	5	1	2	0	1	1	10	1	2	1	9	24	0
ASV1121	9	4	1	0	2	5	1	1	1	3	1	3	0	1	4	10	4	11	8	5	6	4	1	2	1	1	3	2	0	2	3	0	0	0	0	0	0	0	0
ASV1204	6	5	6	1	2	1	3	3	1	6	0	0	0	0	0	0	2	1	0	7	0	1	0	5	2	3	4	1	3	3	0	8	3	5	2	3	21	0	3
ASV1275	1	1	7	10	5	6	9	7	8	4	5	7	0	0	0	0	1	0	0	7	0	0	0	3	2	4	4	1	9	0	0	0	0	0	0	0	0	0	0
ASV1506	7	3	0	2	0	1	1	0	0	4	0	0	0	0	0	0	0	0	0	10	0	0	0	4	3	9	5	0	1	0	0	2	19	2	17	16	2	6	1
ASV962	2	0	0	1	1	1	1	0	0	0	1	18	17	1	5	9	4	6	7	2	7	8	0	1	0	0	0	1	2	1	10	0	0	0	0	0	0	1	0
ASV999	3	4	5	2	1	0	1	0	2	1	1	0	0	1	0	0	0	0	1	4	0	0	1	4	3	1	5	2	0	0	0	20	2	8	12	0	8	13	5
ASV1011	3	8	4	3	1	2	3	0	1	3	1	1	2	6	5	3	6	4	6	6	3	0	1	2	5	2	3	2	2	2	2	0	0	1	0	0	4	6	3
ASV1026	1	7	5	3	3	1	1	1	1	5	0	1	5	1	4	1	3	2	5	4	4	3	0	7	2	3	2	3	3	5	2	0	0	5	3	0	0	2	0
ASV1186	8	1	0	1	1	1	10	2	2	3	5	8	1	1	6	1	6	7	4	0	0	8	0	1	2	1	0	1	0	6	10	0	0	0	0	0	0	0	0
ASV1985	2	6	10	1	2	3	4	2	2	12	2	2	1	1	3	2	1	0	1	3	0	1	4	6	1	3	4	5	3	0	2	2	0	0	0	0	0	0	1
ASV855	1	0	0	0	0	0	0	0	0	0	0	0	0	1	0	0	2	5	1	1	4	43	31	0	0	0	0	0	0	8	4	1	0	0	1	0	0	0	0
ASV994	4	3	3	1	2	5	12	3	2	4	11	1	0	0	0	0	0	0	0	5	11	1	0	2	2	8	4	0	0	1	1	0	0	0	0	0	0	0	0
ASV1001	0	2	1	1	1	1	2	0	0	0	0	0	1	2	6	9	13	8	5	3	5	8	4	2	1	1	2	0	0	12	3	0	0	1	0	0	0	5	0
ASV1048	5	2	0	4	0	0	0	0	0	1	0	0	0	0	1	0	0	0	0	2	0	0	2	1	0	2	2	1	0	0	0	11	23	16	10	9	4	14	3
ASV1054	5	0	0	0	2	0	0	1	1	1	0	0	1	1	7	6	11	8	10	0	10	8	2	2	2	0	0	0	0	9	9	0	0	0	0	0	0	1	1
ASV1194	1	1	0	0	1	0	1	0	0	1	0	0	0	0	0	0	0	0	0	1	0	0	0	5	0	1	4	1	0	0	0	28	4	12	11	2	24	10	2
ASV5569	1	1	0	0	0	2	0	1	3	0	2	1	4	5	3	6	10	5	14	2	9	4	1	0	0	1	0	0	0	4	3	1	0	0	0	0	0	0	1
ASV946	6	10	3	1	1	2	1	0	0	4	0	0	2	0	0	1	1	5	0	4	1	2	1	4	3	8	1	1	1	4	1	10	3	7	9	9	2	5	0
ASV1043	2	1	1	3	2	1	1	2	0	3	1	0	1	1	4	6	8	5	3	5	10	6	8	4	1	3	4	0	1	0	5	1	0	0	2	1	1	4	0
ASV1098	3	2	2	0	1	0	0	0	0	0	0	0	0	0	1	1	0	0	1	2	0	0	0	1	0	0	0	0	0	2	2	41	9	7	14	1	19	11	0
ASV1237	16	6	3	1	4	1	2	1	0	2	0	0	0	0	0	0	0	0	0	6	0	0	0	4	6	5	8	4	0	0	0	0	2	1	9	9	20	2	0
ASV1270	0	0	0	1	0	0	0	1	0	1	0	0	0	0	0	0	0	0	0	0	0	0	0	0	0	2	0	0	0	0	0	0	0	0	0	94	0	0	0
ASV907	10	3	0	2	0	3	1	0	0	0	0	0	0	0	0	0	0	0	0	8	0	0	0	3	0	2	3	1	2	0	0	6	33	0	14	6	0	5	6
ASV930	6	3	7	3	3	2	1	3	2	3	3	0	0	1	1	1	1	0	5	4	1	0	1	7	10	2	2	4	3	2	0	1	0	3	4	0	0	1	5
ASV948	3	9	6	3	5	2	4	2	1	1	0	0	1	0	0	0	0	1	0	7	0	0	1	15	7	6	5	3	8	0	0	0	3	8	1	6	0	0	0
ASV982	2	3	1	1	1	1	1	2	7	2	1	1	2	2	3	0	1	1	1	4	4	1	0	6	2	6	1	3	2	15	2	0	0	2	1	1	14	0	1
ASV997	3	1	0	3	0	2	0	1	1	2	0	0	0	0	0	0	0	0	2	2	0	1	0	1	2	2	1	0	0	0	0	11	13	10	2	34	1	5	2
ASV1133	17	2	1	1	0	1	0	2	0	1	1	1	2	4	1	4	3	5	5	2	5	3	2	2	5	4	1	1	3	0	1	4	1	1	3	0	0	3	3
ASV1236	11	10	2	2	2	2	2	0	1	5	3	3	1	1	4	0	3	1	0	5	2	6	0	5	4	6	3	4	4	1	3	0	0	2	0	0	0	0	0
ASV1403	8	4	2	1	2	0	1	0	3	1	0	1	1	1	0	1	0	0	0	2	1	0	2	2	1	2	0	2	0	0	0	2	1	3	7	0	0	9	46
ASV1502	12	0	5	3	1	4	1	0	0	5	0	0	0	1	0	0	0	0	2	1	1	0	1	5	2	2	2	1	2	0	0	12	12	8	5	4	3	11	5
ASV995	8	13	6	2	6	6	4	2	1	3	0	1	1	0	0	1	0	0	0	12	0	1	0	6	3	6	5	2	1	0	0	0	0	4	7	0	0	1	0
ASV1070	3	5	1	3	3	1	1	3	4	3	1	4	3	3	4	5	4	3	2	4	2	2	3	5	5	2	1	5	1	4	4	0	1	0	0	0	2	8	1
ASV2777	3	5	5	3	4	3	3	3	2	8	0	0	0	0	0	0	0	0	0	7	1	2	0	7	5	5	7	7	6	0	1	3	7	1	5	0	3	1	0
ASV911	11	2	2	4	1	2	4	2	3	1	7	3	3	2	4	5	1	3	3	7	1	1	5	1	0	6	0	2	3	2	0	2	0	1	3	0	0	0	0
ASV933	6	2	1	0	0	1	0	6	2	0	2	3	3	10	7	4	4	7	3	1	1	2	9	2	0	2	1	3	1	1	3	0	0	0	0	0	0	0	3
ASV958	8	6	1	1	1	0	3	0	0	0	0	1	0	0	0	0	0	0	0	1	0	0	0	3	3	2	1	1	0	0	0	14	27	10	6	5	0	12	1
ASV1055	1	1	3	0	2	1	1	2	1	4	0	1	0	1	4	2	6	2	4	4	6	6	6	1	4	0	5	1	3	3	4	1	2	4	4	0	1	5	2
ASV1061	16	6	3	2	2	0	1	1	0	2	0	0	0	1	1	0	0	1	0	0	0	6	0	0	0	0	0	0	1	1	5	19	7	9	4	2	11	11	2
ASV1075	0	1	0	0	0	0	0	0	0	0	0	0	1	0	4	5	16	12	12	0	9	8	4	0	0	0	0	0	0	7	8	0	0	0	0	0	0	0	0
ASV1081	9	2	4	2	4	0	3	5	1	3	0	0	0	0	0	0	0	0	0	4	0	0	0	5	2	5	2	0	1	0	0	2	33	3	3	1	7	2	0
ASV1091	0	3	1	0	2	0	0	0	0	2	1	0	0	0	0	3	20	17	3	1	9	3	18	0	0	0	1	0	3	1	10	0	0	0	0	0	0	0	0
ASV1110	0	1	0	0	1	0	0	0	0	2	0	0	0	0	1	0	0	0	0	3	0	0	0	0	1	0	1	1	1	0	0	24	22	17	15	3	16	3	0
ASV1115	9	5	3	4	3	4	4	2	3	2	3	3	0	0	0	0	1	0	1	1	1	0	1	8	8	6	4	4	5	1	0	11	0	3	0	0	0	0	0
ASV1116	2	0	1	1	1	1	0	3	2	0	2	2	8	13	7	2	1	5	0	0	2	4	5	0	2	0	0	1	2	21	5	1	0	0	0	2	0	0	0
ASV1345	1	0	1	4	3	3	2	3	2	0	3	0	4	4	5	4	2	4	2	2	6	6	1	2	1	2	2	2	5	3	8	2	0	1	0	1	3	7	3
ASV1607	1	2	3	3	5	1	3	2	1	4	5	3	2	2	4	0	2	2	1	7	5	1	3	7	6	3	3	6	5	3	2	0	6	0	0	1	0	1	0
ASV822	8	8	6	4	12	6	7	4	3	0	2	0	1	0	1	1	1	0	0	4	1	0	1	4	2	4	5	1	3	0	2	0	0	2	0	0	0	0	0
ASV935	3	7	2	1	1	1	1	0	0	4	1	2	1	2	6	5	7	4	5	2	2	8	11	0	3	1	4	2	1	1	6	0	0	0	1	0	0	0	0
ASV1017	2	3	1	7	4	5	3	3	7	1	7	4	0	0	0	0	0	0	0	1	0	0	0	2	0	2	1	3	3	38	0	0	0	0	0	0	0	1	1
ASV1195	1	0	2	0	0	0	1	0	0	0	2	0	7	2	8	3	6	1	6	1	0	6	0	2	0	0	1	0	0	24	11	0	0	0	0	0	0	0	3
ASV2721	3	3	3	3	1	3	0	5	1	5	1	0	0	0	1	0	0	0	0	3	0	2	2	5	4	6	5	8	2	2	0	4	1	2	4	4	19	1	0
ASV2835	3	2	2	2	2	0	1	2	2	2	1	1	2	9	6	1	5	6	4	2	9	8	3	3	1	0	0	0	1	5	1	0	0	0	0	0	8	3	1
ASV867	2	1	5	2	0	1	3	0	2	0	0	0	0	1	0	1	0	0	0	2	2	3	39	4	3	3	3	0	3	1	6	0	1	0	5	0	0	2	0
ASV883	9	5	2	0	0	1	0	1	2	0	0	0	1	4	5	23	4	8	2	3	3	9	1	0	1	2	0	0	1	8	6	0	0	1	2	0	0	0	0
ASV905	4	4	5	4	4	2	0	5	2	4	3	2	1	5	5	3	2	1	2	3	0	3	4	2	8	4	2	2	4	2	1	0	0	0	1	0	0	1	0
ASV961	1	0	0	1	1	0	1	2	0	2	0	1	2	2	0	0	0	1	3	2	6	0	2	0	0	0	0	0	1	7	3	14	1	5	21	0	0	8	7
ASV1105	0	0	0	0	0	1	0	0	0	1	2	1	6	11	9	10	10	5	6	1	2	12	5	0	0	0	0	1	4	4	7	0	0	0	0	0	0	0	0
ASV1763	4	7	9	6	9	6	2	4	1	7	1	0	1	0	0	1	1	1	1	10	0	0	0	5	2	3	2	5	4	1	0	0	0	0	0	0	0	0	0
ASV2532	1	0	1	0	0	1	1	0	0	0	0	0	2	1	4	9	7	4	9	0	6	2	5	0	1	0	0	0	0	11	22	0	0	0	0	2	0	0	2
ASV899	0	1	0	0	0	0	0	0	0	0	0	0	0	0	0	0	0	0	1	0	1	0	0	0	0	0	0	0	0	0	0	0	8	26	7	55	0	1	0
ASV987	0	9	4	2	1	2	1	2	0	5	1	1	2	1	0	5	2	2	0	5	4	4	6	5	6	1	3	4	2	1	0	3	0	4	1	0	1	5	2
ASV1141	7	1	4	7	5	4	2	6	4	2	2	6	2	0	1	2	3	0	3	3	1	1	0	5	0	1	4	3	3	0	4	0	0	1	1	0	1	0	5
ASV2361	1	1	2	3	6	5	5	6	4	1	2	2	0	0	0	0	0	0	0	2	0	0	0	1	6	3	0	5	5	2	0	0	0	0	0	0	0	0	30
ASV4454	0	2	6	5	6	10	6	5	1	5	3	1	2	2	1	0	2	1	0	2	2	0	1	4	0	3	2	5	1	3	4	3	0	0	1	0	1	2	3
ASV971	1	1	1	1	0	0	0	0	3	0	0	0	0	0	0	1	1	0	0	2	0	0	0	1	0	0	0	0	0	0	0	15	18	27	16	4	4	8	0
ASV1028	3	2	2	1	4	1	2	2	0	3	2	0	1	3	1	0	0	1	1	2	3	3	4	1	3	1	1	2	3	0	1	5	2	10	7	3	13	2	1
ASV1052	0	6	1	6	3	3	4	5	3	1	1	4	1	0	1	4	1	5	4	3	2	1	2	1	3	0	2	6	2	2	7	0	0	0	0	0	0	0	11
ASV1078	7	6	1	1	4	3	3	1	1	2	3	0	4	0	2	3	2	0	0	5	0	0	0	6	3	4	6	1	2	1	1	0	5	0	0	0	23	0	0
ASV1106	4	2	2	4	0	1	1	0	1	1	0	0	0	0	0	0	0	0	0	0	0	0	0	2	1	1	0	1	0	0	0	48	26	10	3	1	0	0	0
ASV1109	3	1	1	1	0	1	0	0	0	1	0	0	1	0	0	0	0	0	0	1	0	0	0	0	2	0	0	0	1	1	0	34	16	8	5	0	13	22	2
ASV3995	2	6	3	3	2	3	3	3	0	5	4	3	2	3	0	4	2	0	2	5	2	1	1	6	1	2	7	5	4	1	2	1	2	1	1	1	2	7	0
ASV874	5	4	2	1	0	1	4	1	3	2	0	1	0	0	1	1	1	0	1	3	0	1	1	3	2	4	4	0	0	0	0	7	3	7	2	6	24	12	2
ASV900	6	3	2	5	1	6	3	3	3	3	2	3	0	1	1	1	1	3	3	3	1	3	0	4	2	3	3	0	3	1	0	7	0	0	2	0	1	11	1
ASV1120	3	6	3	2	0	2	2	2	1	4	0	2	3	3	2	5	4	3	2	3	0	1	10	3	4	2	3	1	2	1	1	1	0	0	0	1	0	2	0
ASV1196	8	2	2	3	1	4	2	3	4	2	3	6	1	2	0	0	2	0	0	1	1	0	0	2	2	7	4	2	2	0	1	12	0	10	1	1	1	0	1
ASV1411	3	8	3	2	4	2	3	2	2	4	0	0	3	3	5	1	0	0	4	1	2	3	2	3	1	2	6	2	2	3	0	1	3	3	4	0	2	1	2
ASV1424	2	3	1	4	0	4	5	0	4	1	3	6	0	1	0	5	0	2	0	2	0	0	0	3	0	3	0	2	1	39	0	0	0	0	1	0	0	0	1
ASV2383	2	3	1	1	1	1	1	0	1	4	1	0	0	0	0	0	0	0	0	4	2	0	1	3	3	4	3	1	3	0	1	19	11	1	7	5	6	5	1
ASV5931	1	2	0	2	1	5	2	2	0	1	1	0	1	0	0	0	0	1	0	7	0	0	0	2	2	2	1	2	4	0	0	39	1	2	17	2	0	5	2
ASV885	6	2	7	6	3	6	6	6	1	0	6	0	1	0	0	0	0	0	0	4	0	0	0	8	4	8	9	4	10	0	0	0	0	0	0	0	0	0	0
ASV967	2	8	2	6	2	2	2	3	2	5	4	0	0	1	2	3	5	1	1	5	2	0	4	4	0	6	9	6	2	0	1	1	2	0	0	0	7	5	2
ASV1006	9	5	5	3	4	0	4	3	4	2	4	1	0	0	1	0	0	1	0	6	0	0	12	7	12	5	0	2	5	0	0	0	1	0	0	0	0	0	1
ASV1009	0	0	0	0	0	1	0	0	1	0	0	0	1	13	2	3	17	9	4	0	3	0	7	0	0	0	0	0	0	0	20	1	0	0	0	0	0	0	0
ASV1019	6	2	1	0	1	2	1	0	1	0	0	1	0	0	2	0	0	0	0	3	0	0	0	2	2	2	2	0	1	1	1	0	25	17	5	17	2	0	0
ASV1027	1	3	4	3	3	9	4	3	0	4	3	1	3	1	1	2	0	0	4	4	3	0	1	9	6	3	8	2	2	0	1	0	0	0	0	0	0	0	0
ASV1049	1	1	1	0	0	1	0	0	0	1	0	0	0	0	0	0	0	0	0	1	0	0	0	2	1	0	0	1	1	0	0	9	42	13	16	2	11	2	0
ASV1273	3	12	3	2	0	5	3	3	2	7	3	0	0	0	0	1	0	0	0	5	0	0	2	3	6	7	4	0	3	0	0	4	0	1	0	0	1	3	2
ASV965	0	1	1	1	0	0	0	0	0	0	0	0	0	0	0	0	0	0	0	0	0	1	0	0	0	1	0	0	0	0	0	0	97	4	3	0	0	0	0
ASV1095	0	0	0	0	0	0	0	0	0	1	1	1	0	0	0	2	5	10	8	1	11	6	22	0	1	0	0	0	0	6	4	0	4	0	0	0	2	0	0
ASV1124	0	7	4	7	5	5	7	10	3	5	0	3	0	0	0	0	0	0	0	10	0	0	0	5	8	6	7	6	3	0	0	0	0	0	0	0	0	0	0
ASV1157	8	8	3	2	3	2	3	3	2	8	0	0	0	0	0	1	1	0	2	4	0	0	1	2	1	6	3	4	7	1	1	5	4	0	2	0	5	3	0
ASV1203	2	9	7	3	5	6	8	6	4	5	0	1	0	0	0	0	2	0	0	3	0	0	0	5	7	12	3	6	1	1	1	0	0	0	0	0	0	0	0
ASV1879	2	0	0	0	0	0	0	0	0	0	0	0	1	0	0	0	0	0	2	0	0	3	1	0	0	1	0	0	0	0	1	1	5	0	0	1	66	14	1
ASV945	0	0	0	1	1	0	4	0	1	1	2	0	7	4	6	6	8	10	9	0	7	5	4	1	1	1	1	0	0	4	4	0	0	0	0	0	0	0	1
ASV978	4	0	1	0	0	0	1	0	0	1	0	0	0	3	0	0	10	5	8	2	8	17	17	0	1	1	0	0	0	3	6	2	5	0	1	0	0	0	0
ASV1004	0	0	0	0	0	0	0	0	0	0	0	0	0	0	0	1	3	4	6	0	2	22	13	0	0	0	0	0	0	5	29	0	0	0	0	0	0	0	0
ASV1035	1	0	3	1	0	0	0	2	1	1	0	1	3	3	8	7	8	4	7	2	5	4	1	1	0	0	0	1	1	8	7	0	0	0	0	0	1	3	1
ASV1117	5	5	1	0	2	0	1	1	0	1	0	0	0	0	0	0	0	0	0	7	0	0	0	2	2	1	2	0	1	0	0	1	33	4	4	27	1	0	0
ASV1158	0	2	0	0	0	0	0	1	0	1	0	1	0	0	0	0	0	0	0	0	1	0	0	0	0	0	0	0	2	0	0	0	1	3	6	69	0	7	0
ASV1378	0	0	0	1	3	2	1	1	2	1	0	3	5	2	5	10	9	8	11	0	2	1	0	0	0	0	0	4	0	7	3	0	0	0	0	0	2	0	4
ASV1468	0	9	6	4	4	4	5	2	3	6	2	1	1	1	0	0	1	0	0	10	0	1	1	4	5	2	8	4	6	0	0	2	0	1	0	0	0	2	4
ASV2100	3	1	1	1	1	1	1	0	2	0	0	0	0	0	0	0	0	0	0	5	0	0	0	2	2	0	0	0	0	0	0	18	17	0	8	2	1	36	10
ASV902	8	2	0	0	1	0	0	0	0	2	0	0	0	0	0	0	0	0	0	1	0	0	0	1	0	1	1	0	0	0	0	0	20	11	13	36	0	0	0
ASV973	4	3	0	1	1	0	1	0	1	2	0	1	0	0	0	1	1	0	1	1	0	1	0	1	0	1	0	0	2	0	1	10	10	11	11	17	11	1	0
ASV1005	10	8	1	2	2	5	4	6	3	6	1	2	1	4	3	4	3	4	0	4	0	3	0	2	2	4	3	1	1	1	0	1	0	0	1	0	0	0	0
ASV1046	16	7	5	2	1	6	4	0	0	9	1	0	0	0	0	0	0	0	0	8	0	0	0	4	5	6	5	2	1	0	0	4	7	4	1	0	0	0	0
ASV1080	10	10	4	3	1	0	2	2	1	5	0	0	0	1	0	0	0	0	1	3	1	0	0	4	2	1	2	0	1	1	0	4	12	5	5	13	5	2	3
ASV1101	1	4	7	1	3	3	0	0	1	5	0	0	0	0	0	1	0	1	0	2	0	0	0	0	4	5	1	0	1	0	0	10	20	9	5	5	4	14	1
ASV1137	6	4	0	2	3	3	4	4	0	0	3	3	5	6	6	3	6	9	1	4	7	2	0	1	0	0	1	2	2	0	1	2	1	0	0	0	0	1	0
ASV1172	39	4	2	3	2	1	2	2	1	1	0	1	1	0	1	0	0	0	0	2	1	0	3	4	3	2	2	3	2	1	0	0	0	2	0	1	1	4	0
ASV1181	1	5	6	2	1	3	2	3	0	2	1	1	0	1	1	0	0	0	0	6	3	1	0	5	1	0	6	0	4	1	1	6	1	6	6	0	6	7	8
ASV1382	2	1	0	0	1	1	1	0	0	0	3	0	2	4	3	11	14	3	16	0	0	8	7	0	0	0	0	0	0	7	5	0	0	0	0	0	1	0	0
ASV3861	2	2	3	2	4	0	2	1	0	2	0	0	1	0	1	0	0	1	1	2	1	0	1	2	3	4	6	2	0	3	0	10	9	0	3	1	5	28	2
ASV951	3	2	0	1	1	0	0	0	0	0	0	0	1	2	8	7	7	0	12	0	8	14	10	0	2	1	1	1	2	1	3	0	0	0	0	0	0	1	0
ASV1024	2	10	3	3	1	0	3	1	0	5	1	6	0	0	0	0	0	0	0	2	0	0	0	4	6	3	5	3	2	0	0	2	2	2	5	3	0	4	5
ASV1042	3	6	2	5	4	5	7	4	2	6	2	7	0	2	0	0	0	0	2	5	1	1	0	4	3	2	1	3	5	0	3	2	0	2	4	0	0	0	0
ASV1167	1	7	2	1	1	1	0	2	1	2	0	0	0	0	0	0	0	0	1	9	0	0	0	4	3	0	2	1	2	0	2	9	11	13	5	7	4	5	2
ASV1213	1	4	2	2	2	3	2	1	6	5	4	2	0	5	2	0	2	6	2	2	2	3	2	3	6	4	7	3	3	1	2	0	0	0	0	0	0	0	0
ASV1272	1	1	2	1	5	4	3	6	4	1	5	4	5	3	0	0	1	0	3	2	3	0	3	9	4	4	2	1	4	0	0	1	0	0	1	0	0	0	1
ASV1296	0	0	2	2	3	2	0	0	1	2	0	2	0	1	4	0	1	1	1	0	4	1	1	2	2	0	0	0	0	0	1	9	6	10	6	17	10	1	2
ASV1317	2	4	2	6	4	1	4	1	0	7	0	0	0	0	0	0	0	0	0	5	0	0	0	1	2	3	2	1	3	0	0	14	7	8	7	0	1	13	0
ASV1458	3	0	2	1	1	0	1	1	2	3	0	1	2	4	4	4	7	3	6	1	4	2	1	1	1	3	7	0	2	1	3	7	0	1	3	0	2	11	1
ASV1517	15	6	6	1	1	1	3	2	0	4	0	1	0	0	0	0	0	0	0	1	0	0	1	2	3	2	1	0	2	0	0	4	0	2	4	4	4	18	5
ASV1540	11	10	2	1	4	6	0	3	0	2	0	3	1	0	0	0	1	0	1	10	0	0	1	7	5	10	4	3	1	1	0	0	0	0	0	0	0	2	1
ASV1586	4	2	3	2	2	0	1	0	0	1	1	0	0	0	0	1	2	0	1	1	1	1	0	4	2	1	1	0	3	1	0	17	3	12	10	1	3	10	2
ASV1650	7	2	1	2	0	0	2	2	0	2	0	0	0	0	0	0	0	0	1	1	1	0	0	0	1	3	3	0	0	0	2	8	13	6	2	3	8	31	1
ASV791	9	2	2	4	2	1	2	0	3	1	0	1	3	5	6	3	1	2	1	6	3	0	8	3	2	4	1	2	2	2	2	0	0	0	0	0	0	0	2
ASV849	3	13	3	7	5	6	1	1	1	6	1	0	1	2	0	1	1	2	1	7	1	0	0	4	3	3	2	3	2	1	0	2	0	2	2	0	6	5	0
ASV949	3	5	7	5	1	5	3	1	0	2	1	0	0	0	0	0	0	0	0	6	0	0	0	0	4	3	4	1	1	0	0	4	19	13	2	2	3	0	0
ASV1032	2	3	4	4	13	4	10	5	1	3	3	1	1	2	2	0	0	0	0	2	0	0	0	1	6	4	4	1	3	0	0	2	1	0	1	0	0	0	0
ASV1097	8	2	2	2	0	2	6	3	4	0	4	4	6	5	6	4	6	4	1	0	4	3	2	3	1	3	1	0	2	0	2	0	0	0	0	0	0	1	0
ASV1130	1	5	1	1	0	0	3	1	0	2	0	0	0	0	1	0	0	0	0	1	0	2	0	2	4	1	2	1	1	0	0	21	8	10	9	0	7	18	1
ASV1215	2	4	4	5	1	10	6	2	3	3	3	2	1	0	0	0	1	1	0	2	3	1	2	4	4	6	2	6	6	1	0	0	0	1	1	0	0	1	0
ASV1463	1	1	1	1	1	0	0	1	0	2	1	0	0	0	0	2	0	0	0	1	1	2	0	0	0	0	1	0	0	1	1	24	1	11	26	1	8	19	4
ASV910	0	0	0	0	1	0	0	0	0	0	0	0	0	0	0	0	0	0	0	0	0	0	0	0	0	0	0	0	0	0	0	0	0	5	4	90	0	0	0
ASV924	5	3	12	8	6	8	2	6	4	0	1	1	0	0	0	0	1	0	0	3	0	0	0	2	3	3	5	7	2	0	0	0	0	1	2	0	0	1	0
ASV977	0	0	0	0	1	2	0	0	2	0	1	1	6	13	7	8	5	6	8	0	6	5	1	0	1	0	1	1	1	7	5	0	0	0	0	0	0	0	0
ASV1155	7	6	7	5	4	0	4	0	0	5	0	0	0	0	0	0	0	0	0	9	0	1	0	4	2	5	4	4	3	0	0	1	3	0	12	11	0	0	0
ASV1295	0	5	6	5	3	3	2	1	3	2	1	1	0	0	0	1	0	1	0	7	0	0	1	4	4	3	8	4	1	1	0	2	1	4	6	1	0	2	3
ASV1433	11	3	1	3	3	6	1	2	0	5	0	1	0	2	0	2	1	1	2	6	1	0	4	7	6	3	4	6	2	0	1	1	0	1	2	0	0	1	3
ASV1703	3	3	0	0	0	2	1	1	0	1	2	0	1	3	2	4	1	1	0	2	5	4	0	1	0	0	1	0	0	0	1	2	0	1	2	0	6	43	13
ASV908	6	1	4	2	3	2	2	0	1	5	0	1	0	1	0	2	1	4	3	4	1	3	3	2	2	1	1	1	1	1	4	2	0	5	12	0	0	10	3
ASV909	5	6	4	1	4	1	2	1	1	5	2	1	0	0	0	9	5	4	3	5	7	1	1	2	4	4	4	1	1	0	3	1	2	0	0	0	2	3	3
ASV991	13	7	3	3	2	2	3	0	2	3	1	0	1	0	0	0	1	1	1	10	2	3	3	4	10	4	2	2	7	1	0	0	0	0	0	1	0	3	0
ASV1102	1	2	0	1	0	1	0	0	0	0	1	0	3	6	4	2	15	9	15	1	7	8	1	0	2	1	0	3	1	0	4	1	0	0	1	0	0	0	0
ASV1114	5	0	1	0	0	0	1	0	0	0	1	0	0	0	0	0	0	0	0	0	1	0	0	0	0	0	0	0	0	0	0	3	2	12	10	44	0	0	0
ASV1309	15	0	0	2	0	0	0	0	0	0	0	0	0	0	0	0	0	0	1	2	1	15	18	1	3	0	0	0	0	2	8	2	3	1	3	5	1	5	0
ASV1324	2	0	4	0	2	2	0	0	3	4	0	1	2	4	1	5	1	4	3	3	1	5	5	3	2	1	1	1	0	2	3	8	1	2	2	0	1	7	2
ASV1346	5	3	2	4	7	9	11	1	5	1	5	1	0	0	0	1	3	0	1	2	0	0	0	1	19	4	3	2	4	1	0	0	0	0	1	0	0	0	0
ASV1353	4	9	1	5	8	5	2	6	2	4	1	2	0	3	1	1	1	0	0	4	1	0	0	4	6	7	3	6	4	0	0	0	0	0	2	0	0	2	5
ASV1377	2	0	0	0	0	0	0	0	0	0	1	0	0	0	0	0	0	0	0	0	1	0	0	1	2	1	0	0	1	0	1	9	54	3	8	6	6	1	1
ASV1534	4	6	3	1	5	4	1	0	1	2	0	0	0	1	0	1	0	0	0	2	1	0	0	2	2	2	1	1	3	0	0	5	17	5	3	5	3	11	1
ASV2379	2	0	5	4	3	3	2	4	1	1	7	5	0	6	3	2	0	2	4	4	2	3	2	4	3	1	6	2	2	5	0	0	0	0	0	0	0	1	1
ASV988	2	1	0	2	0	2	0	0	0	0	0	1	3	0	1	3	11	5	15	2	8	8	3	1	1	2	3	1	0	6	8	0	0	0	0	0	0	3	1
ASV1079	5	1	1	2	2	3	0	1	3	3	2	1	8	3	6	6	1	5	1	5	0	0	6	1	1	3	1	0	0	9	3	0	0	0	0	0	0	0	0
ASV1179	2	5	0	0	0	0	1	0	1	1	0	0	0	0	0	0	0	0	0	2	0	0	0	3	0	1	1	1	0	0	0	11	33	8	6	9	4	8	0
ASV1234	0	1	1	0	2	1	0	0	1	0	0	0	0	1	1	0	2	0	0	1	0	0	0	0	0	0	0	0	0	0	1	4	14	8	2	1	50	0	0
ASV1276	2	2	1	2	0	2	0	2	0	0	0	0	0	1	0	0	0	0	0	1	2	1	0	2	1	2	0	1	1	1	1	12	20	1	17	14	7	1	1
ASV1305	2	0	2	2	1	3	3	2	2	3	0	3	1	1	1	3	1	0	0	1	1	1	1	0	1	3	2	3	1	0	0	6	1	3	5	20	1	2	0
ASV2511	0	8	5	4	1	4	1	1	1	2	0	1	0	0	1	0	0	0	0	6	0	0	0	5	8	7	4	6	5	0	0	6	0	1	11	1	1	2	1
ASV4272	1	4	3	5	3	6	5	2	4	3	5	2	1	1	0	2	4	1	0	6	1	0	1	1	3	3	3	5	2	2	1	4	0	1	4	0	1	0	9
ASV916	0	1	0	0	0	0	0	0	0	0	0	0	0	0	1	4	7	16	7	0	11	12	9	0	0	0	0	0	0	10	8	0	0	0	0	1	1	0	0
ASV993	3	6	3	2	2	0	1	0	0	1	0	0	0	0	0	1	0	0	0	0	0	0	0	0	1	1	3	0	1	0	1	18	7	7	5	2	5	13	5
ASV1014	5	3	3	2	3	5	0	3	5	6	0	0	6	1	2	3	0	2	1	3	2	2	1	2	1	4	5	5	2	0	0	0	5	0	0	0	6	2	0
ASV1047	2	1	4	0	5	2	5	2	4	7	2	8	0	1	0	0	0	0	1	1	0	1	2	2	3	3	0	5	5	0	0	0	0	0	1	0	0	0	28
ASV1065	0	0	0	0	1	0	0	0	0	0	0	0	0	0	0	0	0	11	10	0	2	23	1	0	4	0	0	0	0	15	16	0	0	0	0	0	0	0	0
ASV1072	3	6	0	4	1	3	2	5	0	4	0	0	1	3	5	4	4	4	2	5	4	2	3	1	5	1	3	6	1	0	1	0	0	0	1	0	0	1	0
ASV1113	0	4	1	4	0	1	1	1	1	1	1	0	2	0	6	5	3	2	2	2	8	13	6	2	1	2	1	2	0	1	3	0	0	0	1	0	0	3	0
ASV1118	1	1	0	1	0	0	0	1	0	2	0	0	0	0	0	0	0	0	0	0	2	0	0	0	1	0	0	1	0	0	0	23	24	14	10	8	5	3	0
ASV1147	1	0	0	0	0	0	0	0	0	0	0	0	0	2	6	2	8	7	8	0	7	8	13	1	0	0	0	0	0	7	11	0	2	0	0	0	0	0	2
ASV1235	15	3	1	0	1	1	6	3	0	2	0	0	0	0	0	0	0	0	0	5	1	0	0	2	0	1	0	1	2	0	0	0	5	7	0	20	0	10	8
ASV1294	1	0	0	0	1	0	0	2	0	0	0	1	0	0	0	0	0	0	0	0	0	0	0	0	1	1	0	0	0	0	0	35	5	18	12	0	4	17	0
ASV1541	0	2	0	1	1	2	2	0	3	0	0	0	1	1	9	4	3	3	4	2	5	21	2	1	1	0	0	5	0	5	1	0	0	0	0	0	0	0	0
ASV974	14	3	2	0	0	0	2	4	3	3	3	4	1	7	2	4	2	5	1	3	1	4	12	0	4	0	2	1	2	1	2	0	0	0	2	0	0	0	0
ASV1023	2	4	6	2	2	4	3	0	1	1	2	1	2	3	7	2	1	0	0	2	0	3	12	1	1	2	0	2	1	0	2	10	0	2	0	0	0	1	2
ASV1076	0	2	1	0	0	1	0	0	0	0	0	0	0	0	1	0	0	0	1	1	1	0	0	0	0	0	1	0	0	0	0	17	13	9	11	8	23	0	0
ASV1084	0	1	1	1	0	2	1	0	3	0	1	0	1	5	5	10	7	9	2	1	6	2	1	0	0	0	0	0	0	5	0	1	0	5	0	0	0	2	7
ASV1212	6	2	0	0	1	1	0	2	1	0	0	0	0	0	1	0	0	0	1	1	0	0	2	1	0	1	0	0	0	0	1	7	24	5	10	0	7	6	16
ASV1221	5	9	4	3	3	3	4	3	2	5	2	2	0	0	1	0	1	1	1	2	0	1	1	2	1	8	4	1	3	0	2	0	0	0	1	0	3	1	0
ASV1319	0	7	2	3	1	4	0	2	1	5	1	0	0	0	1	0	0	0	0	9	0	0	0	2	6	3	3	1	2	0	0	7	2	8	7	2	1	4	1
ASV1778	4	0	1	1	3	1	1	0	1	2	1	0	1	0	0	0	0	1	0	0	2	0	1	1	1	0	1	0	0	0	0	6	6	5	1	1	8	29	27
ASV2290	3	6	3	3	3	2	0	2	4	9	2	1	0	2	4	1	0	2	0	5	1	1	0	2	0	6	3	1	2	1	1	0	7	0	2	0	2	0	3
ASV984	6	5	1	1	0	2	3	1	1	3	0	0	0	1	1	0	0	0	0	0	0	0	0	2	3	2	3	1	1	1	0	12	13	9	5	2	7	7	1
ASV1197	10	1	1	1	0	2	2	2	0	1	2	0	2	2	1	0	1	0	1	2	0	0	0	2	5	5	2	1	2	0	1	0	11	0	0	0	24	0	0
ASV1202	2	5	3	3	0	4	2	1	3	3	1	1	1	1	0	0	0	0	0	1	0	1	0	2	2	2	2	2	1	0	0	15	0	10	11	0	7	2	3
ASV1280	2	4	0	2	4	2	0	7	2	3	6	3	0	6	7	5	4	1	5	0	1	4	1	1	1	1	0	1	2	3	4	0	1	0	0	0	0	0	0
ASV1561	9	2	1	2	5	7	10	1	7	1	4	3	1	0	1	3	0	1	1	2	1	0	1	4	1	1	1	5	3	1	0	0	0	0	0	0	0	0	6
ASV5763	0	1	2	3	1	0	1	1	1	6	1	0	4	7	4	3	5	3	5	6	0	3	2	4	1	3	3	0	1	1	5	0	3	0	0	5	0	0	0
ASV1058	6	4	5	3	1	2	3	0	2	2	3	0	0	0	0	1	0	0	0	1	0	0	0	3	1	2	6	0	5	1	0	6	11	1	7	3	6	3	2
ASV1099	23	9	2	5	4	4	3	0	0	5	0	0	0	0	0	0	0	0	0	8	0	0	0	7	4	3	5	1	5	0	0	0	0	0	0	0	0	0	0
ASV1138	0	0	0	0	0	0	0	0	0	0	0	0	0	0	0	0	0	0	0	0	1	0	0	0	0	0	0	0	0	0	0	23	18	12	9	1	25	13	8
ASV1148	2	2	3	2	0	1	0	0	1	1	0	0	1	0	1	5	10	1	7	2	1	2	2	0	0	0	3	0	0	1	1	3	20	0	1	0	19	3	0
ASV1189	8	7	3	0	2	0	1	1	0	3	0	0	0	0	0	0	0	0	0	4	0	0	0	4	3	0	0	1	4	0	0	0	0	1	1	49	0	0	0
ASV1438	4	8	4	2	3	5	0	1	1	3	1	0	0	0	0	0	0	1	0	5	0	0	1	3	3	4	6	5	2	0	0	5	3	3	3	6	1	6	0
ASV1536	5	9	4	2	0	2	4	1	2	2	2	1	0	1	1	4	1	3	3	5	4	3	0	4	3	0	4	0	1	1	0	2	0	3	1	1	2	5	1
ASV1620	2	2	1	1	4	4	4	4	0	1	2	0	0	2	0	1	2	4	1	1	2	4	0	1	1	2	0	3	1	1	1	7	0	2	3	0	3	26	0
ASV5097	2	2	6	3	4	2	1	2	0	3	0	0	0	1	6	1	2	2	7	3	7	4	2	2	1	3	1	2	4	3	5	0	1	1	2	2	1	1	0
ASV1044	21	6	6	3	2	1	2	2	1	6	0	0	0	0	0	0	0	0	0	8	0	0	0	8	3	3	4	0	2	0	0	0	1	1	0	0	6	1	0
ASV1111	0	1	0	1	0	0	0	0	0	2	1	0	6	6	7	13	3	3	4	2	8	11	7	1	0	0	0	0	0	3	2	0	0	0	0	0	0	0	0
ASV1149	1	21	4	7	4	3	3	3	1	4	1	1	1	0	0	0	0	0	0	5	0	0	0	9	9	2	4	3	3	0	1	0	0	0	0	0	1	0	0
ASV1199	13	2	5	4	5	4	1	2	1	3	4	0	1	1	2	1	1	1	1	6	0	0	0	7	3	2	5	2	2	0	1	0	0	0	0	0	0	0	0
ASV1245	5	2	5	3	1	4	5	1	13	1	4	8	2	1	3	0	4	1	1	0	1	1	1	0	0	1	3	0	2	0	1	0	0	0	0	0	0	0	0
ASV1251	2	7	5	3	2	2	0	0	1	4	1	2	0	0	0	2	1	0	1	6	2	3	1	2	3	1	2	1	1	2	2	6	3	2	4	2	7	7	1
ASV1261	3	1	1	0	1	3	1	3	0	0	0	0	2	2	3	2	2	1	0	0	3	0	2	2	2	1	1	1	2	0	1	8	9	9	7	10	7	1	0
ASV1264	1	1	0	2	3	2	2	1	3	2	1	0	5	3	2	2	1	5	3	2	4	3	12	1	0	2	0	0	0	0	10	2	0	4	5	0	0	1	0
ASV1342	1	3	0	0	0	2	2	0	0	1	0	0	0	0	0	0	0	1	0	0	0	1	0	1	2	0	0	1	0	0	0	18	19	11	11	8	2	9	1
ASV2440	0	4	4	7	2	2	1	2	1	2	2	0	3	0	2	3	1	3	0	4	0	2	8	4	2	3	2	3	4	3	3	2	1	3	5	0	2	3	2
ASV926	8	3	1	1	0	2	1	0	0	4	1	0	0	0	0	0	0	0	0	5	0	0	0	2	1	3	0	0	5	0	0	1	43	3	2	12	0	1	0
ASV1139	6	0	0	0	0	0	0	1	0	0	0	0	0	0	0	0	0	0	0	0	0	1	0	1	0	0	2	0	0	0	0	32	10	15	8	0	4	17	2
ASV1145	1	0	0	0	0	0	0	0	0	0	0	0	1	2	7	8	10	14	4	1	10	4	2	0	1	1	0	0	0	6	7	0	0	0	0	0	0	1	0
ASV1259	8	4	4	0	0	1	2	1	0	4	3	5	3	0	2	2	5	4	6	1	6	6	1	3	1	3	2	1	0	2	1	0	0	0	0	0	0	0	0
ASV2182	3	4	3	4	3	0	3	0	1	2	1	0	0	1	0	0	0	0	0	3	0	0	0	2	2	0	3	1	1	0	0	5	26	9	4	0	0	17	1
ASV975	5	7	5	3	3	3	3	4	3	1	2	2	0	0	1	0	0	3	0	4	6	0	0	4	4	2	3	5	6	1	0	0	0	0	0	0	0	0	0
ASV1020	10	2	5	3	3	3	4	0	3	8	3	4	0	0	1	1	0	1	1	4	3	0	6	2	1	2	3	1	4	0	1	0	0	0	0	0	0	1	0
ASV1136	6	2	1	1	3	2	4	7	2	2	5	7	5	6	3	4	0	0	3	1	0	2	2	2	2	0	3	3	1	0	1	0	0	0	0	0	0	0	0
ASV1159	0	2	5	1	7	3	3	4	3	3	0	0	0	2	3	0	1	3	7	3	3	2	5	1	3	3	2	4	5	1	0	1	2	0	0	5	0	3	1
ASV1162	1	5	7	5	3	5	2	0	0	5	1	0	0	0	0	0	0	0	0	15	0	0	0	1	7	5	6	5	6	0	0	0	0	0	0	0	0	0	0
ASV1177	1	1	2	0	0	1	4	3	0	4	0	0	0	0	0	1	0	0	0	5	0	0	1	3	1	1	1	0	2	0	0	12	13	13	4	0	2	4	1
ASV1180	1	1	1	2	2	0	1	3	2	2	0	2	2	2	1	2	4	3	1	1	3	7	15	2	3	2	6	2	0	0	3	1	0	0	0	1	1	1	2
ASV1188	13	2	1	1	3	1	1	0	3	1	1	1	1	1	2	1	3	1	9	4	2	1	2	3	0	1	0	2	1	0	4	2	2	0	0	0	8	3	0
ASV1205	4	3	2	2	1	1	0	1	0	3	0	2	0	0	0	0	0	0	0	0	0	0	0	1	2	4	2	0	1	0	0	10	25	10	4	6	5	4	0
ASV1262	3	3	4	1	2	3	0	0	1	1	0	0	0	0	0	0	0	1	0	6	0	0	0	4	6	5	3	1	1	0	0	4	0	4	2	0	0	25	19
ASV1271	0	0	0	0	0	0	0	0	0	0	0	1	1	0	2	5	8	3	3	0	25	14	3	0	0	0	0	0	0	2	2	1	2	0	0	0	0	0	7
ASV1277	0	9	3	2	2	2	1	5	1	4	2	1	1	3	2	2	0	4	1	4	2	2	4	1	2	3	3	1	1	1	2	0	1	2	0	0	0	1	0
ASV1340	4	2	1	2	2	3	3	0	1	4	0	0	0	0	1	0	0	0	1	7	0	0	0	4	2	3	3	1	3	0	1	5	3	7	4	0	8	14	3
ASV1365	1	1	2	0	0	1	0	0	1	1	0	0	0	0	0	0	0	0	0	6	0	0	0	1	1	1	0	1	0	0	0	0	3	4	20	48	0	0	0
ASV1369	5	9	5	5	3	1	1	2	1	3	0	2	2	1	0	2	0	2	1	8	2	2	0	4	2	6	3	1	1	4	1	0	0	5	2	0	0	1	1
ASV1395	9	8	2	5	7	1	2	2	2	4	5	2	0	0	0	0	0	0	0	9	1	0	0	3	5	1	6	2	3	2	0	0	0	0	0	0	0	0	0
ASV1031	0	0	0	0	0	0	0	0	0	0	0	0	0	0	0	0	0	0	0	0	0	1	0	0	0	0	0	0	0	0	0	35	11	21	12	0	8	5	0
ASV1033	1	0	0	0	0	0	0	0	0	0	1	0	3	2	3	9	16	4	14	1	3	5	3	0	0	1	0	0	1	7	2	0	0	0	0	0	0	1	0
ASV1060	4	9	4	2	1	5	1	1	0	10	2	0	1	0	0	0	0	0	0	5	0	1	1	2	5	2	6	2	1	0	0	0	0	0	1	0	2	13	3
ASV1225	11	6	1	2	2	4	0	0	1	5	1	0	0	0	0	0	0	0	2	4	0	0	0	1	3	5	5	3	4	1	0	4	6	1	2	6	3	1	0
ASV1286	6	8	5	4	6	1	4	0	3	3	6	1	0	1	0	0	0	0	0	6	0	0	0	6	7	3	4	6	2	0	0	1	1	1	0	0	0	0	1
ASV1487	0	6	4	3	2	5	4	2	5	0	2	3	3	0	0	0	2	2	0	0	0	1	1	4	3	5	2	4	2	4	0	4	0	3	10	1	0	2	5
ASV1519	9	3	7	2	0	0	3	1	3	8	0	0	0	0	0	0	1	0	0	5	0	0	0	5	4	6	6	0	5	0	0	3	1	2	1	2	0	12	0
ASV2530	2	2	3	2	2	1	3	0	3	2	2	6	1	0	1	2	0	0	2	3	6	2	1	2	5	7	0	4	5	2	2	2	2	0	2	0	0	3	0
ASV2597	0	1	1	2	2	5	4	0	3	1	4	6	2	2	7	2	7	1	3	1	5	2	1	0	2	3	1	0	5	4	5	1	0	1	0	0	0	0	0
ASV1063	5	4	2	2	2	1	1	0	0	5	1	0	0	0	0	1	0	0	0	4	0	1	0	2	2	4	2	1	2	0	0	2	0	3	0	0	2	40	1
ASV1067	5	4	2	3	2	1	2	3	0	1	0	0	0	4	0	1	1	2	1	6	0	1	1	2	2	4	1	0	0	0	1	7	2	15	11	1	2	7	1
ASV1094	10	7	1	2	0	6	6	8	5	0	1	3	0	1	0	0	0	2	0	3	7	0	2	1	7	5	0	3	1	1	0	0	0	0	0	0	0	0	0
ASV1163	2	10	4	6	5	3	2	1	2	6	0	1	1	0	1	0	0	1	0	5	0	2	0	8	2	1	6	2	2	0	0	2	1	0	3	0	0	12	4
ASV1222	4	3	1	2	0	1	0	1	3	1	1	1	6	7	10	4	2	7	3	0	7	2	2	2	4	1	0	0	0	3	3	0	0	0	1	0	1	0	1
ASV1292	1	7	1	5	5	1	3	0	2	3	1	1	0	0	0	0	0	2	0	6	0	0	0	5	3	0	3	4	2	0	0	5	2	5	3	0	2	0	5
ASV1311	1	6	2	0	4	4	3	2	0	4	1	4	0	1	2	4	1	1	1	2	2	0	4	5	2	2	2	3	3	1	0	1	0	1	3	0	1	1	1
ASV1321	5	0	1	1	0	2	1	2	1	1	2	0	3	4	0	3	1	4	5	0	18	1	5	3	2	0	1	0	0	8	9	0	0	0	0	0	0	0	0
ASV1334	0	1	0	0	0	0	0	0	0	0	0	0	0	0	0	0	1	0	0	0	0	0	0	0	0	0	0	0	0	0	1	7	55	4	10	3	8	12	1
ASV1361	13	1	4	0	0	1	0	1	2	3	1	1	1	3	0	1	1	7	3	3	5	6	10	2	2	1	2	0	1	1	1	1	1	1	0	8	0	1	0
ASV1396	2	1	5	2	1	0	1	1	0	3	0	0	0	0	0	0	0	0	2	0	1	0	0	0	1	4	0	1	2	0	0	4	0	1	3	0	54	1	1
ASV1527	0	1	0	0	0	0	0	1	0	1	0	0	1	0	1	0	0	0	0	1	1	0	0	0	0	0	0	0	0	1	0	40	7	5	3	1	17	1	9
ASV969	1	1	2	2	1	2	1	0	0	1	0	1	2	0	0	0	0	0	0	4	0	0	0	3	2	4	2	1	1	0	0	0	0	1	7	52	0	0	0
ASV1022	2	0	0	2	0	1	2	3	0	1	1	0	5	8	7	5	0	1	1	0	4	6	14	0	1	2	0	1	0	2	4	0	0	0	1	0	0	1	0
ASV1056	5	3	4	3	1	2	2	1	0	2	0	1	0	3	1	0	3	0	5	1	3	3	12	7	1	3	1	0	1	7	6	0	0	0	3	0	0	1	0
ASV1062	0	0	0	0	0	0	0	0	0	0	0	0	12	9	7	2	4	9	2	0	13	8	2	0	0	0	0	0	0	0	3	1	0	0	0	0	0	0	1
ASV1088	0	0	0	1	2	1	0	0	0	0	1	0	0	0	0	1	0	0	0	1	0	0	0	1	1	0	0	0	1	0	0	14	11	6	4	0	6	54	2
ASV1191	22	18	1	2	1	4	4	0	0	2	0	0	0	0	0	1	1	0	0	1	0	0	0	1	1	1	3	1	3	0	1	2	0	2	1	0	8	1	0
ASV1219	1	3	1	1	3	1	3	1	2	2	2	1	2	1	0	1	0	0	0	1	1	0	1	3	8	2	3	2	5	0	0	8	0	2	0	0	0	0	22
ASV1223	1	2	4	2	3	2	1	3	1	2	1	0	0	3	2	2	2	1	4	3	5	2	3	2	2	1	3	4	0	2	0	8	3	8	6	0	1	1	3
ASV1257	9	1	3	2	1	5	2	4	0	0	8	4	1	0	3	2	0	0	0	5	2	0	5	1	7	4	1	2	0	0	1	0	0	0	1	0	0	0	0
ASV1355	15	2	0	1	0	0	1	2	6	2	1	2	4	2	5	1	1	4	3	1	3	4	0	3	0	3	2	1	1	4	1	3	0	0	0	0	0	4	0
ASV1532	4	4	0	0	1	2	1	1	1	2	0	0	2	0	0	1	3	7	1	1	1	6	1	1	2	2	5	1	0	4	4	0	0	5	3	0	0	6	2
ASV2026	3	1	1	3	0	2	7	6	4	1	5	6	2	4	4	2	9	0	3	2	1	3	0	2	1	1	2	2	3	4	7	0	0	0	0	0	0	0	0
ASV2333	2	0	0	0	0	0	0	0	0	0	1	0	2	2	6	11	12	6	15	1	12	4	0	0	0	1	0	0	0	1	4	0	0	0	0	0	2	2	0
ASV2585	2	3	5	2	5	7	0	3	1	8	2	3	1	2	1	1	2	0	2	1	3	1	1	4	3	1	1	3	3	1	3	0	2	0	1	2	2	2	0
ASV3900	1	11	4	5	2	2	4	3	1	5	4	5	0	1	1	0	0	0	0	4	0	1	2	6	0	3	6	3	4	1	1	0	0	0	2	0	0	0	0
ASV1036	4	6	2	3	2	5	5	2	1	5	2	2	0	1	1	1	5	0	4	2	2	1	0	2	3	3	3	1	1	3	0	2	1	0	0	0	0	2	4
ASV1198	0	3	6	8	5	3	4	4	1	8	1	2	1	0	0	1	0	0	1	4	0	1	0	6	3	6	6	4	2	0	0	0	0	2	0	0	0	3	6
ASV1231	13	4	1	0	3	0	2	0	1	5	0	0	0	1	2	2	1	4	4	8	2	2	1	1	1	3	1	3	0	1	2	3	2	2	0	0	2	7	1
ASV1288	7	4	1	0	0	1	1	3	0	3	0	0	0	0	1	3	2	7	1	1	4	4	3	1	1	1	1	1	0	1	0	7	2	2	3	0	0	22	1
ASV1331	1	4	1	4	2	2	2	1	0	4	0	0	0	0	0	1	0	1	2	7	0	0	0	4	3	5	2	0	1	1	1	17	3	8	4	0	3	12	0
ASV1337	2	3	1	3	1	2	1	2	1	2	3	6	2	3	5	3	1	2	2	1	0	1	3	1	0	2	3	1	4	2	1	2	0	3	3	0	0	5	7
ASV1392	0	1	2	0	1	0	0	0	0	1	0	0	0	0	0	0	0	0	0	0	0	1	0	0	1	1	3	0	0	0	0	7	15	7	20	26	0	0	0
ASV1442	7	4	3	5	4	4	4	5	3	1	2	8	1	1	2	1	1	1	0	4	1	2	2	0	2	0	3	7	1	0	1	1	0	2	0	0	0	0	1
ASV1490	0	0	0	0	0	0	0	0	0	0	0	0	4	4	8	3	7	5	15	0	8	5	5	0	0	0	0	0	0	5	14	0	0	0	0	0	0	0	0
ASV1793	2	3	7	5	3	6	4	3	0	1	2	3	0	0	1	0	0	0	0	11	0	0	0	7	8	7	4	5	4	0	0	0	0	0	0	0	0	0	0
ASV3702	1	2	2	0	3	0	1	1	0	8	0	0	0	0	0	0	3	1	0	4	0	1	1	2	2	3	3	2	1	1	1	5	12	1	3	4	1	6	0
ASV3806	3	3	3	0	4	1	2	0	0	1	0	6	0	0	1	1	1	2	1	3	3	0	1	3	2	4	6	3	4	1	3	5	3	0	3	0	4	4	3
ASV4501	0	4	0	2	2	1	2	0	1	2	5	2	2	1	0	2	0	2	1	3	0	2	3	1	2	0	1	1	1	1	3	8	1	1	1	0	18	6	0
ASV5291	5	1	1	3	1	1	0	1	0	5	0	0	0	1	0	1	1	1	1	7	0	1	0	5	3	0	3	1	1	0	0	4	4	0	5	3	32	3	0
ASV5525	0	3	3	4	3	3	3	3	0	6	3	2	3	0	0	2	0	0	0	2	1	0	0	5	2	6	7	3	6	1	0	0	0	0	1	0	1	3	0
ASV5675	0	2	1	3	6	6	3	1	0	2	2	5	0	0	0	0	0	0	0	4	0	0	0	8	8	5	3	8	3	0	1	5	0	0	0	0	0	0	7
ASV1059	1	4	4	6	5	7	5	2	6	1	2	4	0	1	0	1	0	0	0	1	0	0	1	8	2	3	4	7	0	0	0	0	0	0	0	0	1	1	2
ASV1083	9	4	2	2	0	2	3	0	1	3	0	0	0	0	0	0	0	3	2	3	2	6	6	4	2	2	2	0	0	0	3	0	0	0	0	0	0	32	0
ASV1233	3	3	0	0	1	3	1	0	1	0	1	0	1	0	0	2	1	0	1	1	0	2	45	0	0	1	1	1	1	4	0	0	0	0	2	0	0	0	0
ASV1298	3	3	2	0	1	1	1	0	1	7	1	0	0	0	0	1	0	2	0	4	0	0	0	0	5	3	2	2	2	0	0	7	20	5	5	1	6	2	3
ASV1428	1	6	4	2	4	3	1	4	0	8	1	3	3	1	1	1	1	0	1	3	2	0	3	5	1	4	6	4	4	0	1	1	0	0	1	0	0	0	3
ASV1476	3	1	1	0	1	1	1	0	0	0	1	0	0	0	0	0	0	0	0	4	2	1	0	1	1	3	3	0	1	1	0	15	7	4	1	2	27	4	1
ASV1520	2	3	2	2	1	1	4	0	7	2	4	4	2	1	1	0	0	1	2	2	2	2	3	2	4	4	3	1	0	3	1	2	0	1	0	0	0	2	1
ASV2454	1	0	0	0	0	0	0	0	0	0	0	0	0	0	0	0	0	0	0	0	0	0	0	1	0	1	1	0	0	0	0	20	7	2	9	1	1	49	10
ASV1160	3	3	1	0	0	1	0	0	0	2	1	0	0	0	1	0	0	0	0	0	0	0	0	1	4	0	0	1	1	0	0	3	35	12	6	5	2	3	0
ASV1165	5	3	2	3	2	2	4	2	5	1	2	3	2	3	2	1	7	5	2	0	5	0	0	1	2	0	1	1	2	0	1	0	0	0	0	0	0	0	0
ASV1209	6	1	0	0	0	0	1	0	0	2	1	0	0	0	0	0	0	0	0	4	0	0	0	3	1	9	0	1	1	0	0	8	29	2	5	3	7	4	0
ASV1224	1	1	6	1	1	0	1	1	0	3	1	1	0	1	0	0	0	1	0	5	0	1	0	2	2	2	5	2	1	0	0	1	11	11	11	6	1	2	4
ASV1252	4	2	1	1	1	2	2	0	0	1	0	0	0	0	1	0	0	0	0	3	0	1	0	7	0	3	1	0	1	0	0	7	3	11	10	0	12	18	1
ASV1269	8	3	3	1	4	2	0	2	2	5	1	1	0	0	0	2	3	1	1	4	4	3	17	2	5	0	2	3	3	2	0	0	0	0	0	0	0	2	1
ASV1451	0	4	0	0	4	1	2	1	1	3	2	0	3	4	0	1	3	0	3	2	0	2	2	1	2	2	1	2	0	0	2	2	9	3	9	8	3	2	0
ASV1576	8	2	0	3	3	2	0	2	5	0	0	0	0	0	2	3	4	4	5	2	6	2	2	2	2	1	0	0	2	1	2	3	0	2	4	0	0	11	4
ASV2185	7	3	5	2	4	4	2	1	4	7	0	0	0	0	0	0	0	0	0	5	0	0	0	6	4	10	3	5	3	1	0	0	0	0	0	0	0	0	7
ASV5250	1	3	1	3	5	4	0	3	2	1	3	1	0	0	1	0	1	0	1	4	0	1	1	5	2	1	4	2	2	1	2	4	2	0	7	2	10	1	2
ASV1077	1	0	0	0	0	0	0	0	0	0	0	0	0	0	3	3	5	2	17	0	25	5	1	0	0	0	0	0	0	0	4	0	0	0	0	0	0	0	0
ASV1134	3	2	1	0	0	1	1	0	0	3	0	0	0	0	0	0	1	0	0	2	0	0	0	1	0	0	0	0	3	0	0	7	26	2	0	1	3	31	0
ASV1140	7	7	1	2	1	4	2	0	0	2	0	3	1	2	2	1	2	2	7	1	2	7	3	1	1	1	1	2	2	4	4	0	0	0	0	0	0	2	2
ASV1176	5	4	1	2	4	3	4	4	0	3	2	1	0	1	0	0	3	2	12	3	1	1	0	3	1	3	2	3	3	0	1	0	1	0	0	0	0	0	0
ASV1207	3	1	3	0	2	1	0	3	0	2	0	0	0	0	0	0	0	0	0	2	0	0	0	3	2	3	4	1	4	0	0	0	2	1	8	40	0	0	0
ASV1240	3	0	1	0	0	0	1	0	0	1	0	0	0	1	2	1	2	0	0	0	0	0	0	0	1	1	1	0	1	1	0	2	0	0	0	0	39	32	1
ASV1274	9	7	2	1	1	2	2	2	1	1	0	0	0	0	0	0	0	0	1	6	0	0	2	2	1	2	2	2	1	0	0	3	5	7	13	2	2	8	1
ASV1293	7	4	2	2	4	3	1	1	2	3	5	12	0	4	2	2	0	2	0	2	2	3	1	4	1	1	1	1	0	1	0	0	0	0	1	0	0	1	0
ASV1363	7	1	1	3	1	5	1	1	5	1	3	3	2	5	1	3	2	3	2	1	0	2	1	1	6	5	3	1	1	3	0	0	0	0	0	0	0	0	0
ASV1407	1	0	1	1	1	2	2	0	0	0	0	1	6	7	3	1	8	1	5	4	1	7	2	1	0	1	0	2	1	7	3	0	0	0	0	6	2	0	0
ASV1646	1	0	0	0	0	0	0	0	0	0	0	0	0	4	7	6	4	7	7	0	15	9	1	0	0	0	0	0	0	7	6	0	1	0	0	0	0	0	0
ASV1816	1	6	2	5	3	1	2	2	1	1	2	1	0	4	3	6	4	0	0	4	1	2	3	2	5	6	3	0	0	2	1	1	0	3	1	0	0	1	1
ASV2270	3	2	2	4	8	4	2	4	0	2	0	0	0	0	4	1	0	1	0	4	0	1	3	3	6	1	2	3	1	3	3	1	0	0	1	3	7	0	1
ASV1154	3	0	2	1	0	0	0	2	4	1	0	0	0	5	2	5	6	6	8	2	2	6	11	1	0	1	1	1	0	5	1	0	0	0	0	1	0	0	0
ASV1183	1	0	0	1	0	0	0	0	0	0	0	0	0	0	0	0	0	0	0	0	0	0	0	0	0	0	0	0	0	0	0	15	25	5	7	6	1	32	0
ASV1185	5	0	2	1	1	0	1	1	0	2	0	0	0	0	1	0	0	0	0	0	0	0	0	4	2	0	3	0	1	1	0	8	15	8	9	20	2	4	0
ASV1216	9	1	1	0	0	0	1	1	0	0	0	3	0	2	8	2	6	10	5	1	4	6	1	3	0	3	3	0	0	3	3	1	0	0	0	0	0	2	2
ASV1315	2	9	2	1	4	1	1	0	0	5	1	0	0	1	0	0	0	1	0	3	2	0	0	3	3	1	4	4	2	0	0	4	3	6	6	0	1	2	1
ASV1499	3	6	2	4	1	2	1	1	1	5	2	1	1	0	2	1	0	1	1	3	1	1	3	4	3	4	3	5	4	0	1	0	0	0	1	0	0	4	0
ASV1609	2	0	1	0	2	0	2	1	0	0	0	1	3	9	9	11	10	2	4	1	1	3	6	1	2	2	0	1	0	3	4	0	0	0	0	0	0	0	1
ASV1766	6	0	0	0	1	1	1	0	2	1	0	1	0	0	0	0	0	0	0	2	0	0	2	0	1	1	2	1	0	0	0	0	0	1	2	0	16	56	4
ASV2189	4	4	2	1	2	4	0	0	1	6	0	0	0	0	0	0	1	0	0	3	1	0	0	6	2	2	1	3	4	2	2	2	1	10	9	0	0	4	0
ASV972	1	1	5	0	4	2	6	5	5	14	0	0	1	3	2	2	2	3	0	1	2	0	0	0	5	0	5	1	1	0	0	0	0	0	0	0	0	1	0
ASV1064	5	0	0	2	0	1	1	0	1	3	0	1	0	0	0	0	0	0	0	4	0	2	1	2	0	1	3	2	1	0	2	10	6	17	11	0	2	2	0
ASV1096	7	1	0	2	0	0	1	2	2	1	0	0	1	2	2	4	2	3	5	2	4	4	2	0	0	0	1	3	0	4	4	1	2	0	2	0	0	9	0
ASV1108	4	4	2	2	1	0	0	0	0	4	0	0	0	0	0	0	0	1	0	6	0	0	0	6	3	6	1	9	2	0	0	1	7	2	1	11	7	5	2
ASV1206	2	1	0	0	0	0	0	0	0	0	0	0	0	0	0	0	0	0	0	2	0	0	0	0	0	2	3	0	0	0	1	12	19	8	6	11	0	24	1
ASV1218	4	0	2	0	1	1	3	0	0	0	0	0	0	0	0	0	0	0	0	0	0	0	0	3	0	1	0	0	2	0	0	1	0	0	0	0	72	0	0
ASV1408	3	0	5	6	4	3	3	3	4	1	2	4	0	0	1	0	0	0	0	6	0	0	0	1	5	8	6	1	3	0	0	0	0	0	0	0	0	0	1
ASV1426	7	1	0	0	0	1	0	2	1	3	1	0	3	6	7	3	4	6	1	2	0	3	2	4	1	1	0	0	0	0	2	7	0	1	1	0	1	10	0
ASV1440	2	1	0	1	0	0	1	1	0	0	0	0	1	1	8	5	3	4	8	0	13	9	5	1	0	0	3	1	0	5	2	0	0	0	0	0	0	0	0
ASV1497	0	0	0	0	0	0	0	0	0	2	0	0	5	3	2	1	5	4	21	0	0	2	0	0	0	0	0	0	0	14	3	0	0	0	0	0	0	0	0
ASV1513	6	5	2	3	1	4	1	0	4	2	0	1	1	0	3	2	0	2	2	5	5	1	1	1	2	3	2	1	1	3	1	1	1	2	1	0	0	0	1
ASV1531	2	1	0	1	0	0	0	0	0	0	0	0	0	0	0	0	0	0	0	1	0	0	0	0	0	1	0	2	0	0	0	11	43	6	3	2	6	8	0
ASV1974	8	3	3	1	1	1	1	2	0	3	0	0	0	1	0	0	0	1	0	2	0	0	0	3	6	4	2	0	1	0	0	2	12	2	2	0	5	23	2
ASV1129	17	7	4	0	2	1	2	0	0	3	0	0	1	2	0	0	0	0	0	5	0	0	1	5	3	1	4	2	0	0	0	0	9	1	0	8	3	0	1
ASV1253	3	0	4	0	0	1	0	1	1	3	0	0	1	0	1	0	0	1	1	4	2	0	1	5	4	3	1	0	1	0	0	12	0	16	4	0	4	6	4
ASV1266	2	2	0	0	2	0	0	1	1	0	2	1	2	2	4	5	3	1	5	6	7	8	2	2	1	1	1	2	1	3	3	0	0	1	0	0	0	3	1
ASV1303	5	11	5	0	4	3	4	2	0	3	0	0	0	0	0	0	1	0	0	3	0	0	0	8	8	8	7	3	3	0	0	0	0	1	1	0	1	0	0
ASV1401	0	0	0	0	0	0	0	0	0	0	0	0	2	1	0	2	17	9	21	0	4	5	4	0	0	0	0	0	0	8	1	0	0	0	0	0	0	0	1
ASV1429	5	2	1	0	0	1	3	3	3	1	2	0	4	0	2	0	5	4	5	1	2	2	1	6	3	3	0	0	0	1	3	1	1	0	0	0	0	16	0
ASV1489	3	6	3	4	4	1	0	4	0	6	4	1	0	0	0	0	0	0	0	2	0	0	0	4	2	1	3	1	3	0	0	6	3	6	7	0	5	2	0
ASV1557	0	2	0	1	1	2	2	1	0	0	0	0	1	1	0	0	0	0	0	0	1	0	0	1	2	0	1	1	0	0	0	11	6	8	8	0	15	4	16
ASV1615	3	4	3	3	0	1	1	0	2	5	1	1	0	2	1	1	2	6	1	6	1	1	6	6	2	3	2	2	4	2	2	1	1	0	1	0	1	1	0
ASV3583	0	1	1	2	0	0	1	2	2	0	3	2	6	1	4	5	11	7	7	1	10	6	2	0	0	0	0	1	0	1	0	0	0	0	0	0	0	0	0
ASV1125	1	3	0	1	1	1	0	0	0	2	1	0	0	2	1	0	0	0	0	3	0	3	2	0	2	0	0	0	0	0	2	0	0	0	3	0	50	4	0
ASV1247	1	6	4	1	2	2	2	4	3	1	1	1	2	1	1	2	1	0	3	4	2	5	1	8	3	3	3	1	1	0	1	1	0	1	1	0	0	0	2
ASV1339	0	0	0	0	0	0	0	2	0	0	0	0	0	1	3	0	0	0	0	3	5	1	0	0	0	1	0	0	0	1	0	26	6	29	2	1	3	0	0
ASV1375	1	4	3	0	1	1	2	2	4	2	6	2	2	7	9	3	0	4	2	0	2	2	4	2	1	3	1	2	0	1	0	0	0	0	0	0	0	0	0
ASV1404	1	3	2	1	1	0	0	2	3	0	1	0	2	4	1	1	4	2	7	3	0	0	2	1	3	1	2	1	0	0	2	6	0	1	1	0	0	1	8
ASV1570	17	4	0	3	0	0	1	0	0	2	0	1	0	0	0	0	0	0	0	5	1	1	0	4	2	2	3	0	1	0	0	2	17	5	6	0	0	3	1
ASV2282	5	4	1	2	2	3	2	1	3	3	0	1	0	0	3	1	1	4	2	2	2	1	3	4	0	2	4	2	1	1	0	2	0	1	4	0	1	3	0
ASV3258	1	0	0	0	0	0	1	1	0	0	0	0	0	0	0	0	1	0	0	3	0	0	3	0	0	0	1	1	1	1	1	17	12	1	2	4	4	38	0
ASV3570	14	3	2	2	2	2	2	1	1	1	2	7	0	0	2	2	4	1	1	1	1	3	2	1	0	3	1	1	1	9	3	0	0	0	0	0	0	0	0
ASV4952	0	0	0	0	0	0	0	0	0	0	0	0	0	0	0	2	4	1	3	0	17	8	1	1	1	0	0	0	0	11	26	0	0	0	0	0	0	1	1
ASV998	0	0	0	0	0	1	0	0	0	0	0	0	0	0	0	0	0	0	0	0	0	0	0	1	0	0	0	0	0	0	0	1	3	16	31	21	1	2	0
ASV1086	0	9	8	4	5	6	5	6	1	3	0	1	0	0	0	0	0	0	0	3	0	0	0	3	6	10	3	2	2	0	0	0	0	0	0	0	0	0	0
ASV1156	6	0	1	3	0	0	3	0	0	1	0	0	0	0	0	0	1	0	0	0	0	0	1	0	1	0	1	0	0	1	0	5	12	5	4	13	4	18	3
ASV1173	29	7	8	3	2	0	1	1	0	10	0	0	0	0	0	0	0	0	0	6	0	0	0	3	5	2	4	1	3	0	0	0	0	0	0	0	0	1	0
ASV1208	13	1	0	4	5	1	5	3	11	1	0	1	1	1	0	1	2	0	0	4	0	0	0	2	2	3	5	1	4	1	0	1	0	3	0	0	0	1	0
ASV1229	6	1	7	5	4	1	6	12	4	3	1	2	0	0	0	1	0	0	0	0	1	0	1	1	5	2	2	3	6	1	0	0	0	0	0	0	0	0	0
ASV1312	4	4	1	2	2	2	2	1	0	3	0	0	0	0	0	0	0	0	0	5	0	0	0	3	3	1	0	0	1	0	0	8	3	8	4	18	0	4	3
ASV1460	1	0	0	0	0	1	0	0	0	0	0	0	0	0	0	0	0	0	0	0	0	0	0	0	0	1	0	0	0	0	0	30	4	11	23	0	3	0	3
ASV1509	0	2	0	0	0	0	0	0	0	0	1	0	1	0	0	2	3	6	9	2	1	3	0	3	0	1	3	1	0	4	4	2	0	6	7	0	1	10	1
ASV1524	1	6	4	1	0	0	0	3	0	5	0	0	0	0	3	2	3	2	4	3	7	3	7	0	2	2	3	1	0	0	1	1	0	2	3	0	0	4	0
ASV1707	3	4	4	5	3	1	5	0	1	7	0	0	0	0	0	1	0	1	0	4	0	2	0	4	3	6	2	2	4	0	0	2	0	0	4	6	0	2	2
ASV1858	10	2	1	1	0	2	1	1	2	2	1	0	0	0	2	1	0	0	2	4	0	1	3	3	2	4	2	1	4	0	2	3	2	4	1	0	2	12	0
ASV1941	2	3	0	3	0	3	0	1	4	1	0	0	0	2	1	4	1	3	3	5	2	2	2	4	3	1	1	1	4	0	0	1	1	3	0	0	0	1	4
ASV3631	0	2	4	6	6	1	2	3	1	5	1	3	0	2	2	1	0	0	0	6	1	1	5	2	5	3	2	2	5	1	1	0	0	0	0	1	0	0	0
ASV1008	4	0	1	3	0	1	5	1	2	0	4	6	3	6	3	4	0	7	2	0	4	5	1	2	0	0	0	1	1	1	0	0	0	0	0	0	0	1	0
ASV1325	0	0	0	0	0	0	0	0	0	0	0	0	1	0	0	0	0	0	0	0	0	1	0	0	0	0	0	0	0	0	0	0	21	12	17	26	0	0	0
ASV1368	4	5	2	2	2	2	1	1	0	7	0	0	0	0	0	0	1	0	2	8	1	1	0	7	2	4	4	1	4	1	1	5	0	0	2	4	1	1	0
ASV1384	1	2	3	2	2	0	2	0	1	1	0	0	0	0	0	0	0	0	0	5	0	0	0	1	2	1	1	1	1	0	0	9	17	8	8	2	6	5	0
ASV1459	5	1	0	0	2	1	0	1	1	1	0	0	0	0	0	0	0	0	0	0	0	0	0	3	0	0	1	0	0	0	1	0	54	7	4	6	0	0	0
ASV1584	4	2	3	0	0	0	0	0	0	0	0	0	0	0	0	0	0	0	1	2	0	0	0	1	0	2	1	0	1	0	0	4	54	1	1	3	1	8	1
ASV1889	4	2	5	2	1	2	0	0	0	0	0	0	0	0	0	2	3	0	2	3	2	0	1	2	3	4	2	1	4	1	0	2	2	6	2	1	8	2	0
ASV1142	8	7	1	5	0	5	1	0	0	5	2	0	0	0	1	1	0	1	0	6	1	0	0	5	4	4	4	4	1	0	0	1	2	6	5	0	0	2	2
ASV1300	2	1	2	1	1	0	0	0	0	0	0	0	0	0	0	0	0	0	0	0	0	0	0	1	0	1	1	0	0	0	0	0	8	5	3	46	0	3	1
ASV1351	4	1	3	2	2	2	3	0	0	3	0	0	1	6	0	5	2	1	4	1	2	5	2	0	2	3	1	1	3	4	4	0	1	4	3	0	0	0	2
ASV1352	1	2	1	0	1	0	0	1	2	5	0	0	0	2	1	2	3	0	1	2	1	1	1	1	2	0	2	1	1	0	2	3	4	3	3	0	13	18	4
ASV1383	3	1	2	1	1	2	0	1	0	3	3	1	3	4	3	8	5	2	5	1	3	6	4	1	1	2	1	0	1	0	3	0	0	0	0	0	0	0	0
ASV1432	3	4	7	6	5	7	4	4	0	3	2	3	1	0	1	0	0	0	2	3	0	0	1	3	3	3	2	3	4	2	0	0	0	0	0	0	1	1	0
ASV1469	3	0	1	3	0	0	2	0	0	0	2	0	1	3	3	2	3	0	4	0	6	9	1	1	0	3	2	8	1	3	2	3	0	0	0	0	0	9	3
ASV1595	2	2	4	4	3	6	5	3	2	2	1	1	1	0	0	2	0	1	0	4	1	1	8	5	3	1	3	2	7	5	0	0	0	0	0	0	0	0	0
ASV2155	0	2	1	7	9	4	1	1	3	2	3	3	2	2	4	1	1	1	1	2	0	3	0	2	2	3	1	3	3	1	0	0	1	0	0	0	0	1	0
ASV2940	0	1	3	5	4	1	5	2	1	8	3	0	1	0	1	0	2	2	3	3	2	2	1	1	3	2	1	1	2	1	0	3	3	0	4	0	2	1	1
ASV1170	1	3	2	2	0	0	1	2	2	0	1	1	0	0	0	0	0	2	0	2	0	0	0	1	6	2	1	1	3	3	0	8	0	11	8	0	1	4	4
ASV1230	1	7	2	4	0	0	5	1	2	0	2	1	1	0	1	11	2	5	3	2	0	2	0	3	2	1	2	2	1	1	2	0	0	0	0	0	0	0	0
ASV1239	8	4	1	1	0	3	5	5	7	2	1	0	3	2	1	2	1	11	0	3	0	0	2	0	1	2	1	5	3	4	1	0	0	0	0	0	2	0	0
ASV1304	7	2	1	0	2	0	2	1	1	3	0	0	1	2	0	0	0	0	0	1	1	0	0	2	1	0	2	1	1	0	1	0	0	0	2	34	0	0	0
ASV1360	7	3	3	1	1	1	3	0	0	0	0	0	0	0	0	7	3	0	1	3	16	0	5	3	1	2	2	0	0	0	0	0	0	0	0	0	0	0	0
ASV1397	4	2	3	4	3	2	5	1	3	1	2	2	0	2	0	0	0	0	0	0	1	0	0	2	10	1	3	2	1	0	0	1	0	3	0	0	0	0	9
ASV1431	0	0	0	0	0	0	0	0	0	0	0	0	0	0	0	0	0	0	0	0	0	0	0	0	0	0	0	0	0	0	0	0	52	11	10	10	0	0	0
ASV1483	1	1	8	2	3	5	2	3	1	1	5	2	1	0	0	2	0	0	0	2	2	1	0	4	4	6	5	2	3	0	0	0	0	0	0	0	0	0	0
ASV1601	5	1	1	0	1	2	1	0	0	3	0	0	0	0	0	0	0	0	0	7	0	0	0	4	2	3	1	1	1	0	0	19	2	7	7	1	6	3	0
ASV1624	1	2	3	3	1	0	0	3	2	4	0	1	1	0	0	3	0	0	0	2	1	0	3	2	0	3	0	0	0	1	1	6	10	5	0	4	0	3	2
ASV1634	1	0	2	5	5	0	0	2	1	1	3	1	1	2	3	0	0	1	0	1	0	0	1	2	2	0	3	7	2	0	0	0	0	1	1	0	0	1	18
ASV1740	2	5	7	3	8	2	2	3	1	5	1	0	1	0	0	0	0	0	0	6	0	0	0	5	2	7	1	2	2	0	0	0	1	0	2	1	0	0	0
ASV1754	9	5	2	3	2	1	3	0	2	1	2	0	2	1	0	6	2	0	11	0	1	2	0	1	1	3	0	2	4	4	7	0	0	0	0	0	0	0	0
ASV4439	0	5	3	1	0	2	2	2	1	3	1	0	0	0	0	0	0	0	0	3	0	0	1	0	0	4	3	0	4	0	0	3	7	0	2	4	10	5	12
ASV1119	10	4	4	2	0	2	0	1	0	0	0	1	0	0	0	0	0	0	0	2	0	0	0	1	4	0	1	1	0	0	0	6	21	9	0	3	0	0	0
ASV1151	3	2	3	0	0	1	1	0	0	2	0	0	0	0	0	0	0	0	0	0	0	0	0	1	0	4	0	0	1	0	0	8	15	4	4	4	4	21	1
ASV1190	3	2	0	2	0	0	2	0	0	1	0	0	0	0	0	0	0	0	1	2	0	0	0	3	1	3	1	2	0	0	0	0	3	7	26	24	0	0	0
ASV1220	0	3	0	0	0	0	1	1	0	2	0	0	0	0	0	0	1	0	0	2	0	0	0	0	0	1	0	0	0	0	0	0	34	15	1	10	0	0	0
ASV1306	10	2	2	1	1	0	3	1	0	3	0	0	0	0	0	1	0	1	0	2	1	0	0	3	1	1	1	5	0	0	0	0	2	2	3	32	0	2	0
ASV1370	2	5	5	2	4	7	3	1	0	2	0	0	0	0	0	0	0	0	0	7	0	0	0	2	2	5	3	1	4	0	1	4	1	5	2	0	1	3	1
ASV1423	1	1	0	0	0	3	0	0	0	1	0	2	5	2	2	5	5	4	9	2	1	3	1	2	2	1	1	0	0	3	3	0	0	0	0	0	4	0	0
ASV1484	0	0	0	1	0	2	0	0	0	1	0	0	0	0	0	0	0	1	0	2	1	0	0	2	0	2	0	0	1	0	0	17	2	1	4	0	2	40	3
ASV1535	0	1	6	3	6	1	7	1	15	3	3	2	1	0	0	0	1	2	1	1	0	0	0	2	4	1	2	1	1	1	0	0	0	0	0	0	0	0	1
ASV1877	3	1	1	5	1	2	1	0	0	2	0	0	0	0	0	1	0	0	0	2	1	1	1	0	1	2	0	2	0	10	1	1	3	0	0	1	23	7	1
ASV2404	0	1	1	3	3	2	1	0	1	3	0	1	0	0	1	0	1	0	1	3	3	1	0	3	3	1	2	6	1	0	0	3	9	0	6	4	9	4	5
ASV1089	10	0	1	0	0	6	1	0	0	2	0	0	1	2	0	0	1	2	1	0	1	0	3	1	1	0	0	1	0	3	3	3	4	5	2	1	1	12	2
ASV1178	4	8	4	2	0	6	1	1	0	4	0	0	0	0	0	0	0	0	0	8	0	0	0	8	4	2	1	3	0	0	0	10	1	2	1	2	2	3	1
ASV1299	2	7	4	2	4	2	3	1	2	8	3	0	0	2	0	1	2	4	3	5	2	0	1	0	5	5	5	1	1	2	1	0	0	0	0	0	0	0	0
ASV1371	3	1	1	1	2	1	1	1	0	3	0	1	0	0	2	1	3	1	2	1	4	7	1	0	1	1	0	2	2	1	4	2	0	3	4	0	1	9	4
ASV1391	5	4	4	1	0	0	2	0	12	2	6	8	1	0	2	1	1	1	3	3	0	1	0	1	0	0	2	0	2	0	0	0	0	0	0	0	0	1	1
ASV1473	2	0	0	0	0	0	1	0	0	0	0	0	1	1	0	1	0	0	0	0	2	0	0	0	1	0	0	1	1	0	1	4	1	8	16	0	34	1	1
ASV1554	8	2	4	2	2	4	9	2	4	0	3	4	0	0	0	2	1	0	1	0	2	0	0	1	0	4	1	2	2	1	0	3	0	6	4	1	0	0	0
ASV1574	11	4	1	2	0	1	1	0	0	5	0	0	0	0	1	1	2	2	0	4	0	1	1	3	2	2	0	1	1	0	0	11	5	1	3	2	3	4	0
ASV1765	1	1	0	0	1	1	0	1	1	2	0	0	0	1	2	1	0	0	0	0	1	2	0	0	0	0	0	0	0	0	0	15	5	13	7	0	6	16	6
ASV1947	1	2	2	1	6	2	1	0	1	2	0	1	0	0	0	0	1	0	0	6	0	0	0	8	1	5	6	5	1	0	0	8	0	3	3	0	0	4	0
ASV2579	1	0	0	0	1	0	1	0	0	1	0	0	0	0	0	0	0	0	0	1	0	0	0	0	0	0	0	0	2	0	0	0	0	0	0	0	0	0	71
ASV1146	3	2	2	2	1	3	1	0	1	3	1	0	2	1	2	4	0	5	2	2	2	4	2	5	2	7	2	4	1	2	0	0	0	0	0	0	0	2	1
ASV1192	23	6	1	4	0	1	1	0	0	7	0	0	0	0	0	0	0	0	0	3	0	0	0	6	5	5	4	3	2	0	0	0	0	0	0	0	0	0	0
ASV1248	6	4	4	1	8	3	1	2	2	3	2	0	0	0	0	0	0	0	0	3	0	0	1	4	5	5	2	5	5	0	0	0	0	0	0	0	0	1	1
ASV1260	0	3	1	0	1	1	1	0	0	0	1	0	2	3	2	5	2	4	6	5	3	8	12	0	2	0	2	0	1	0	0	0	0	0	0	0	0	0	0
ASV1316	4	0	1	1	0	1	1	0	4	0	1	0	0	0	0	1	0	4	2	0	0	0	0	1	0	1	0	0	0	0	2	13	1	1	1	3	27	6	2
ASV1415	0	0	0	0	0	0	0	0	0	0	0	0	0	0	1	0	0	1	0	0	0	0	0	0	0	0	0	0	0	0	2	4	7	13	2	8	38	4	0
ASV1419	4	3	0	2	1	1	0	2	2	2	2	0	0	0	2	4	1	6	1	6	6	3	1	1	2	1	1	3	2	2	1	0	0	3	1	0	0	1	1
ASV1467	7	2	0	3	1	0	0	2	1	2	0	0	0	0	0	0	0	0	0	1	0	0	0	1	1	2	1	1	3	0	1	3	12	9	4	1	3	7	0
ASV1471	1	0	0	0	0	1	0	0	1	0	1	0	2	0	1	5	15	7	5	2	7	3	1	1	1	0	0	1	1	6	7	0	0	0	0	0	0	0	0
ASV1543	8	6	3	3	1	1	2	3	4	1	2	0	0	0	1	5	0	0	3	4	1	0	1	4	2	0	1	2	0	3	1	0	1	0	0	1	2	3	1
ASV1558	2	5	6	4	3	3	4	1	1	7	0	0	0	0	1	0	1	0	0	4	0	0	1	2	1	3	4	2	3	0	1	3	3	3	2	1	0	2	0
ASV1575	3	0	1	0	0	0	0	1	0	0	0	0	0	0	0	0	0	0	1	2	0	0	0	1	0	1	0	0	0	0	0	17	17	11	3	10	2	6	4
ASV1728	2	6	0	1	3	5	0	2	1	2	3	3	1	2	1	0	0	1	0	5	2	2	0	4	4	2	7	4	0	1	1	0	0	2	6	0	1	0	0
ASV1827	9	0	0	4	0	2	0	1	1	1	1	3	1	2	0	5	1	5	3	1	3	2	1	2	2	2	3	0	0	0	2	4	1	1	1	0	0	6	4
ASV1885	3	3	6	4	0	1	1	1	1	3	0	0	2	0	0	0	0	0	0	0	0	0	0	8	2	1	4	1	3	0	0	5	0	12	11	0	2	5	1
ASV2103	6	8	2	0	4	4	0	1	2	5	0	1	0	0	1	0	0	1	1	2	0	4	0	4	2	4	2	3	2	1	0	2	6	1	2	0	0	0	0
ASV3962	1	2	1	1	4	0	0	0	2	1	4	5	4	2	3	0	0	0	2	0	4	0	7	0	0	2	1	3	1	1	2	0	0	0	0	0	0	1	14
ASV1184	4	1	0	2	1	0	2	0	2	4	0	0	0	0	0	0	0	0	0	1	1	0	0	2	1	0	1	0	2	0	0	4	17	13	9	7	1	0	0
ASV1265	1	0	0	0	0	0	0	0	0	0	0	0	0	0	0	2	3	6	1	0	3	18	9	3	0	0	0	0	0	3	14	0	0	0	0	0	0	0	0
ASV1326	7	4	0	0	1	1	1	0	0	1	0	0	0	0	0	0	0	0	0	4	0	0	0	2	2	4	2	1	1	0	1	0	29	5	3	10	1	0	1
ASV1335	7	5	0	0	1	3	0	1	1	1	0	2	2	1	4	4	3	0	4	1	1	1	1	3	2	2	1	2	0	0	4	0	0	3	1	0	0	5	9
ASV1366	4	0	0	1	1	0	4	0	7	0	0	0	1	0	0	0	0	0	0	1	0	0	0	1	1	2	1	1	0	0	0	0	0	0	0	0	0	0	46
ASV1376	1	1	0	0	1	4	2	0	0	0	0	0	0	0	0	0	0	0	0	2	0	0	1	2	1	0	2	0	2	0	1	7	22	9	9	1	0	2	4
ASV1389	5	3	2	2	0	2	0	0	0	0	0	0	0	0	0	0	0	0	0	1	0	0	0	3	2	2	1	0	3	1	0	0	19	6	6	21	0	0	0
ASV1410	14	1	1	1	0	1	1	0	0	3	1	1	0	0	0	0	0	0	0	1	0	0	3	2	1	0	2	0	0	0	0	13	0	5	7	0	2	20	3
ASV1439	4	3	0	0	1	2	1	1	0	0	0	0	0	1	0	3	1	6	3	2	3	1	0	1	1	2	0	0	1	3	1	3	0	3	6	0	0	2	8
ASV1446	0	3	4	3	2	3	1	1	1	3	1	2	2	4	0	0	1	2	1	1	3	2	13	2	2	2	2	1	2	3	0	0	0	1	2	0	0	0	1
ASV1455	2	0	0	0	1	0	0	0	0	0	0	0	0	0	0	1	0	1	2	3	0	0	0	0	1	1	0	0	0	0	0	13	20	4	3	3	5	25	0
ASV1678	2	1	0	1	1	3	3	3	5	2	1	3	0	0	0	2	3	1	0	2	0	0	0	0	1	3	2	2	0	0	0	1	0	2	1	0	0	0	24
ASV1962	0	3	4	0	2	1	1	1	1	0	1	3	5	2	2	1	3	4	5	2	6	3	1	4	1	1	0	1	1	0	0	0	2	2	1	0	0	4	0
ASV3912	0	6	2	2	3	2	1	2	2	4	3	0	0	0	1	1	1	1	4	1	5	5	1	3	3	0	2	1	2	3	3	2	0	0	3	1	1	1	1
ASV1250	1	1	1	0	1	0	0	1	0	1	0	0	0	0	0	0	0	0	0	1	2	0	0	1	1	0	0	0	0	0	0	7	22	9	7	7	2	6	2
ASV1313	1	2	1	1	1	5	2	1	0	3	0	1	1	1	0	2	1	0	4	4	2	4	4	2	2	2	2	1	1	4	0	4	0	3	2	1	2	4	0
ASV1350	3	1	4	4	6	3	1	3	5	2	4	0	0	2	2	1	0	3	2	1	0	1	1	3	1	3	2	3	0	0	1	1	0	0	2	0	0	2	0
ASV1456	12	3	2	1	0	1	1	0	1	4	0	1	0	0	0	1	1	0	0	2	0	0	1	3	2	2	5	4	1	0	0	2	4	1	11	7	0	0	0
ASV1477	2	3	2	0	2	1	2	1	1	0	1	1	0	0	0	1	0	1	1	5	0	1	0	4	1	1	3	3	1	1	1	8	4	8	9	3	0	2	0
ASV1525	0	1	0	0	1	2	1	0	0	0	2	4	2	4	2	5	3	16	7	2	1	1	7	0	1	2	1	0	0	0	0	0	2	0	2	0	0	0	0
ASV1589	1	3	0	2	1	1	1	0	0	3	0	0	0	0	0	0	0	0	0	2	0	0	0	0	1	4	1	0	2	0	1	3	11	12	10	4	1	4	4
ASV2087	7	3	0	1	0	1	3	1	0	3	0	0	1	0	0	0	0	0	0	2	0	0	0	2	0	0	1	1	1	0	0	20	3	10	7	3	1	10	1
ASV2173	1	1	0	1	0	0	0	2	0	0	0	1	3	6	12	9	6	1	4	0	2	1	4	0	0	2	0	0	1	8	4	0	0	0	0	0	0	0	0
ASV3541	5	1	0	0	1	0	1	1	0	1	1	2	6	6	4	1	2	3	2	1	4	3	3	3	1	2	1	2	0	4	8	3	0	0	1	0	0	1	1
ASV4966	0	4	2	1	4	2	1	1	3	1	1	0	0	0	1	0	0	0	0	4	0	0	0	2	2	2	1	2	1	0	0	7	5	2	7	4	1	4	5
ASV1175	9	0	0	1	2	0	1	0	1	1	0	0	1	0	0	0	1	0	0	3	0	0	0	1	0	2	1	2	1	1	0	2	23	11	5	6	1	0	0
ASV1267	11	16	3	6	9	2	0	1	1	2	0	0	0	0	0	0	0	0	0	6	0	1	0	6	0	1	0	2	1	0	0	0	0	0	0	0	0	0	0
ASV1282	5	2	1	1	0	4	1	1	0	5	2	1	0	3	1	3	4	3	1	1	1	1	1	0	0	4	1	1	2	1	1	2	2	1	2	0	0	6	2
ASV1301	0	0	0	0	0	0	0	0	0	0	0	0	0	1	0	0	4	3	11	0	16	15	5	0	0	0	0	0	0	4	6	1	0	0	0	0	0	0	0
ASV1348	2	1	3	0	4	1	2	0	0	1	0	3	0	0	0	0	0	1	0	1	0	0	0	2	1	2	4	0	0	0	0	3	0	2	0	0	40	2	0
ASV1409	0	0	0	0	0	0	0	0	0	0	0	0	0	0	0	0	0	0	0	0	0	0	0	0	0	0	0	0	0	0	0	0	0	8	28	35	0	0	0
ASV1450	8	4	2	3	4	2	1	2	11	3	2	2	0	2	0	1	0	0	0	2	0	0	1	4	1	3	3	3	1	0	0	2	0	0	2	0	0	0	0
ASV1530	3	1	0	0	1	2	4	1	1	1	1	0	1	0	1	0	0	0	0	5	3	0	0	1	0	1	1	3	1	0	0	7	7	8	7	0	3	3	2
ASV1537	3	3	1	1	0	2	2	1	1	1	0	1	0	5	5	2	6	2	4	1	9	2	2	1	2	1	1	0	0	6	4	1	0	0	0	2	3	1	0
ASV1640	16	0	0	0	1	0	1	1	2	0	0	2	3	0	0	4	4	1	1	2	1	4	0	0	1	0	0	0	1	1	12	0	0	0	0	0	0	1	0
ASV1742	1	0	0	1	1	0	0	2	0	1	0	0	0	0	0	0	0	0	0	2	0	0	0	2	0	1	0	0	1	0	0	20	1	11	10	2	10	18	0
ASV1898	1	1	1	2	0	0	0	3	1	6	0	0	0	0	1	1	0	0	0	6	0	3	11	4	2	4	1	2	1	1	2	2	1	1	6	0	0	1	2
ASV2299	0	0	0	0	0	0	0	0	0	0	0	0	0	1	0	1	1	0	0	0	2	1	1	1	0	0	0	0	0	2	0	1	6	1	1	3	51	2	0
ASV2352	1	9	3	0	1	1	0	4	0	1	0	0	0	0	0	0	0	1	0	0	0	0	0	4	1	1	2	1	0	0	0	10	13	4	6	6	4	7	1
ASV2477	3	3	2	0	0	1	2	0	0	1	1	0	2	0	0	3	1	3	0	3	6	14	2	1	2	0	0	0	1	0	4	2	1	1	1	0	0	1	0
ASV2958	1	2	0	0	0	0	0	0	0	1	1	0	0	1	0	1	1	0	0	2	1	1	1	0	0	0	3	0	0	1	1	4	15	0	6	3	3	30	1
ASV5565	0	1	3	1	0	2	1	2	0	1	4	4	0	2	0	0	0	0	1	3	1	1	1	1	1	1	0	1	2	1	4	10	4	0	5	0	11	0	5
ASV1217	0	1	4	4	2	1	1	3	1	5	2	1	0	0	2	2	1	0	0	11	1	1	1	8	3	2	5	3	4	0	0	0	0	0	0	0	0	0	0
ASV1256	0	0	0	0	0	0	0	0	0	0	0	0	0	0	0	0	0	0	0	0	0	0	0	0	0	0	0	0	0	0	0	36	0	23	4	0	10	3	0
ASV1281	0	1	0	1	0	0	0	0	0	0	0	0	0	0	1	0	0	0	0	0	0	0	0	0	0	0	0	0	0	1	0	13	29	8	24	2	0	1	1
ASV1327	1	1	0	0	1	0	1	1	0	1	0	0	0	0	0	1	0	0	0	2	0	0	0	2	2	2	0	1	0	0	0	0	17	6	25	19	0	1	0
ASV1437	1	4	6	2	2	2	3	3	0	3	1	0	1	0	1	3	1	0	0	2	1	0	2	1	2	6	4	0	1	0	1	3	0	2	1	0	1	4	0
ASV1453	6	2	0	3	0	1	1	0	0	2	0	1	0	0	1	0	3	0	0	0	1	0	0	1	1	1	1	0	0	1	1	11	12	6	2	3	10	2	0
ASV1474	0	2	0	1	1	0	0	0	0	3	0	0	1	3	1	2	1	2	3	2	2	2	2	2	0	1	0	0	0	0	2	3	13	4	3	1	7	5	1
ASV1515	4	1	0	2	4	1	3	1	0	2	8	14	1	2	3	1	0	1	0	0	1	0	1	2	2	1	1	0	1	0	3	1	3	4	2	3	0	1	0
ASV1611	3	0	0	1	2	1	1	1	1	2	4	0	1	0	0	0	4	4	0	0	4	0	5	1	1	0	3	1	1	0	4	4	2	3	5	0	1	3	4
ASV1643	4	5	1	2	5	0	1	1	1	3	1	2	0	0	3	3	1	2	4	1	5	0	0	0	2	4	2	2	1	2	1	2	0	0	0	0	0	2	0
ASV1681	3	7	4	2	2	0	0	2	3	5	4	1	0	1	0	0	0	0	0	1	0	1	0	3	5	5	0	0	3	7	2	1	1	1	1	0	1	0	0
ASV1759	3	0	1	3	1	0	2	1	1	2	2	1	10	6	1	0	2	2	2	3	1	4	2	2	1	0	0	1	0	6	0	0	0	0	1	0	1	0	0
ASV1772	2	2	3	1	2	2	2	1	0	2	4	1	0	1	3	0	1	2	2	3	1	2	0	3	4	2	6	3	0	1	1	1	0	2	1	0	4	4	0
ASV1777	0	2	1	0	0	1	3	2	0	3	0	1	0	0	0	0	0	0	0	2	0	0	0	3	1	1	0	1	1	0	0	2	2	10	26	15	0	0	0
ASV1806	4	1	1	2	0	2	1	0	0	0	0	1	4	3	5	5	5	8	5	0	3	4	2	1	0	2	0	3	0	1	0	1	0	0	0	0	0	2	1
ASV1812	0	5	2	4	4	2	2	0	4	2	3	2	1	0	0	0	0	0	0	4	1	1	0	3	7	3	6	2	3	1	1	0	0	0	0	0	0	0	0
ASV1927	13	4	1	2	2	3	0	0	0	2	0	0	0	0	0	0	0	0	0	3	0	0	0	4	3	4	0	0	1	0	0	3	0	5	12	0	2	11	1
ASV2064	1	3	3	1	1	2	0	0	0	2	0	1	0	0	0	0	0	0	0	2	0	0	0	3	1	1	1	0	1	0	0	19	9	10	6	1	0	12	3
ASV3112	2	1	1	0	6	4	2	0	1	2	0	1	0	0	3	0	0	1	0	2	0	2	0	2	2	6	3	2	1	0	0	4	4	0	6	6	5	6	0
ASV1153	11	3	2	1	3	3	1	1	1	4	0	1	0	0	1	0	1	1	0	10	0	0	0	2	0	2	6	0	4	1	1	1	1	1	3	0	2	6	1
ASV1279	4	4	3	4	2	2	0	0	0	1	0	0	0	0	0	0	0	0	0	3	0	0	0	3	2	3	1	0	2	0	0	1	9	10	8	11	0	0	0
ASV1284	1	5	1	1	4	1	1	0	2	5	3	0	3	1	0	3	3	2	1	4	7	2	1	1	3	4	2	1	1	1	4	2	0	1	2	1	0	0	2
ASV1285	1	1	0	0	0	0	1	0	1	0	0	0	2	0	1	1	4	5	7	1	2	15	2	0	2	0	0	0	0	7	9	1	1	1	0	0	0	12	0
ASV1308	3	1	8	8	7	2	2	1	0	10	0	2	0	0	0	0	0	0	0	8	0	0	0	3	3	9	4	3	1	0	0	0	0	0	0	0	0	0	0
ASV1322	6	2	0	4	1	1	2	2	2	1	0	2	0	2	1	1	1	2	0	0	0	2	0	0	2	3	1	2	0	0	1	0	0	2	0	0	0	11	20
ASV1323	0	0	0	0	0	0	0	0	0	0	0	0	0	0	0	0	0	0	0	0	0	0	0	0	0	0	0	0	0	0	0	1	29	15	19	19	0	0	0
ASV1347	1	0	0	0	0	0	0	0	0	0	0	1	0	0	0	0	0	0	0	0	0	0	0	0	0	0	0	0	1	0	0	9	4	3	12	13	3	16	5
ASV1380	2	0	0	1	0	1	0	0	0	1	0	0	0	0	0	0	0	0	0	2	0	0	0	0	1	0	0	0	0	0	1	0	11	2	9	42	1	1	0
ASV1539	0	0	1	0	0	0	0	0	0	0	0	0	0	0	0	0	0	0	0	0	0	0	0	1	0	0	0	0	0	2	0	1	43	1	6	23	2	0	0
ASV1593	1	1	0	0	2	1	0	1	0	1	0	0	0	0	2	0	0	0	0	3	0	0	1	1	2	0	0	0	0	0	1	10	9	7	4	2	11	7	0
ASV1619	2	0	1	1	0	0	1	1	0	0	0	1	2	4	6	5	6	11	4	1	2	2	3	1	0	2	1	1	0	3	1	0	1	1	0	0	1	0	0
ASV1641	0	0	2	1	1	2	4	2	1	0	4	4	9	15	6	3	4	0	1	1	0	0	2	0	0	0	1	1	2	0	0	0	0	0	0	0	0	0	0
ASV1672	8	0	1	2	0	0	1	0	0	0	0	0	0	0	2	2	1	1	2	3	1	4	0	0	1	1	0	0	0	2	5	6	3	4	4	0	8	5	0
ASV1717	5	5	2	0	1	2	0	1	0	1	0	1	0	0	0	0	0	0	0	6	0	0	0	12	3	1	5	1	2	0	0	1	0	0	1	5	0	21	1
ASV1881	19	9	1	2	1	4	0	3	1	2	0	0	0	1	1	2	0	0	0	2	0	0	0	10	2	6	2	1	2	0	0	0	0	0	0	0	0	0	0
ASV2240	2	2	3	0	0	2	1	1	1	1	0	0	0	0	0	1	1	1	1	0	1	0	0	0	1	2	0	1	1	1	1	9	17	2	4	5	4	6	1
ASV2906	1	1	1	1	1	0	1	0	0	2	0	0	0	1	3	4	5	5	9	0	7	8	0	0	0	1	1	1	0	1	3	3	0	0	1	0	7	3	1
ASV2908	8	5	2	1	0	6	3	2	1	4	4	3	0	0	5	2	4	0	0	3	0	0	0	6	3	2	0	0	1	1	6	0	0	0	0	0	0	0	0
ASV3889	2	3	0	0	3	7	3	2	2	3	2	0	3	0	0	0	0	0	2	3	4	0	0	4	4	4	1	2	5	0	0	0	0	1	0	0	0	0	4
ASV4236	0	0	0	0	0	0	0	0	0	0	0	0	1	3	7	3	5	2	10	0	5	8	2	0	0	0	0	0	0	5	4	0	0	0	1	0	0	1	0
ASV1200	2	1	0	0	0	0	1	0	0	1	0	1	0	0	2	2	4	4	6	0	8	5	12	0	1	1	0	1	0	3	7	0	0	0	0	0	0	1	0
ASV1263	1	6	2	5	2	2	2	1	0	2	0	0	1	0	0	1	2	1	2	4	1	5	0	2	4	3	3	1	3	0	4	1	1	1	2	0	0	5	0
ASV1310	2	2	1	2	1	1	3	2	3	0	1	0	3	3	1	2	2	1	3	2	5	1	2	3	3	1	0	1	5	2	1	2	0	1	1	0	1	2	1
ASV1388	4	1	2	1	1	2	5	1	4	5	1	3	0	0	0	0	1	3	0	2	4	4	0	4	1	3	4	3	0	0	3	2	0	2	1	0	0	14	1
ASV1393	1	3	2	2	1	2	0	0	0	1	0	0	0	0	2	0	0	1	0	1	1	0	0	7	0	1	2	1	2	2	0	4	12	6	2	9	0	3	0
ASV1501	15	1	3	1	3	1	2	1	0	3	0	0	1	0	0	0	0	0	0	1	0	0	0	0	0	5	2	1	1	0	0	0	2	1	5	0	3	26	1
ASV1597	1	1	3	1	0	0	0	0	1	1	0	0	1	0	0	0	1	1	0	1	1	3	0	2	0	1	2	0	2	0	0	5	0	17	10	0	0	7	5
ASV1610	4	1	2	2	0	2	1	1	0	4	1	0	0	0	0	0	0	1	0	1	0	0	0	2	0	4	2	3	3	1	0	5	7	7	7	7	0	3	0
ASV1629	2	1	2	3	2	3	1	0	0	6	0	0	2	0	3	1	1	4	5	2	1	2	2	4	1	2	4	1	2	0	0	4	0	3	3	1	0	0	1
ASV1715	2	0	1	4	2	1	1	4	4	1	2	5	3	0	0	1	0	1	0	4	1	0	0	0	3	0	0	1	2	11	6	0	0	0	0	0	0	0	2
ASV1723	2	0	1	0	0	0	0	0	0	0	0	0	0	0	0	0	0	0	0	0	0	0	0	0	0	0	1	0	1	0	0	0	0	1	3	0	2	1	63
ASV1799	8	1	1	4	3	4	4	0	6	1	3	2	1	3	1	2	0	0	3	3	0	1	0	3	3	0	2	1	0	1	3	0	0	0	0	0	0	0	2
ASV2243	3	3	3	1	0	2	1	0	0	4	1	0	0	0	0	0	0	0	0	1	0	0	1	1	1	1	3	1	2	0	0	11	13	5	3	7	4	6	0
ASV2359	1	2	3	2	4	5	2	4	1	1	2	0	1	1	0	1	0	1	0	2	2	0	0	2	5	4	0	4	2	0	0	0	0	0	1	0	0	1	13
ASV5880	0	2	2	0	1	0	0	0	0	2	0	0	0	0	0	0	0	0	0	1	0	0	0	2	2	5	5	1	0	0	0	3	14	0	6	9	4	8	0
ASV1168	8	1	2	0	1	1	2	2	0	2	2	1	0	9	1	2	0	6	1	2	1	2	8	1	1	0	1	4	1	0	0	0	0	0	0	0	0	0	2
ASV1193	3	5	4	4	6	7	3	1	1	5	0	1	0	1	0	0	0	0	0	8	0	0	0	5	1	1	7	4	2	0	2	1	0	0	0	0	0	0	2
ASV1244	1	0	2	1	3	2	6	4	4	0	5	12	12	3	0	1	2	0	0	1	0	0	0	0	0	1	1	3	1	0	0	0	0	0	0	0	0	0	0
ASV1290	1	0	4	3	5	5	8	1	3	0	8	12	0	1	0	0	0	0	0	2	0	1	0	1	1	2	2	4	0	0	0	0	0	0	0	0	0	0	0
ASV1386	1	4	3	1	1	2	0	2	1	1	0	0	0	0	0	0	1	1	0	1	1	0	1	0	3	2	1	2	4	0	0	5	4	1	3	11	4	1	1
ASV1387	2	2	2	0	1	0	0	0	0	1	1	0	0	3	0	1	1	1	3	0	1	3	15	3	0	1	0	0	0	1	4	3	0	10	3	0	1	6	0
ASV1406	10	1	0	2	1	1	0	0	1	2	0	0	0	1	0	0	0	1	1	2	1	0	0	3	1	0	1	1	3	0	0	10	2	3	3	2	6	9	1
ASV1420	0	0	0	0	0	0	0	0	0	0	0	0	1	1	1	9	14	5	7	0	18	8	2	0	0	0	0	0	0	3	0	0	0	0	0	0	0	0	0
ASV1512	3	3	1	2	0	1	3	4	2	0	1	0	4	3	2	0	2	7	0	0	2	3	3	1	1	2	4	1	0	2	1	0	0	0	0	0	0	0	2
ASV1521	4	1	3	2	0	3	2	1	0	2	4	14	2	0	0	2	2	2	2	1	1	3	0	2	2	0	4	2	0	2	3	0	0	0	0	0	0	0	0
ASV1714	5	1	3	3	1	2	1	2	0	0	0	1	0	0	0	0	0	1	0	1	0	0	1	1	1	1	2	1	2	0	0	7	12	6	4	0	6	3	0
ASV1760	0	0	0	3	1	3	2	1	3	0	5	3	7	9	6	2	2	3	1	0	2	0	4	0	1	2	1	2	0	1	1	0	0	0	0	0	0	0	0
ASV2017	2	12	2	2	1	2	2	2	2	4	2	2	0	0	0	0	0	1	1	4	1	0	0	4	4	4	3	1	5	0	0	2	0	1	0	1	0	0	0
ASV2204	0	0	3	2	2	3	2	4	2	1	3	10	0	0	3	2	2	2	0	0	1	0	2	1	1	4	0	1	3	11	0	0	0	0	0	0	0	0	0
ASV3368	6	2	0	2	0	1	0	2	0	0	4	1	0	1	3	3	3	3	3	3	5	1	3	1	0	0	3	0	1	0	2	2	0	2	2	0	0	0	1
ASV3822	4	5	3	1	3	4	1	0	1	3	0	0	0	0	0	0	0	0	0	7	0	0	1	7	0	4	3	1	4	0	0	7	2	6	3	4	0	2	0
ASV5638	0	7	2	2	2	2	3	3	1	4	2	1	0	0	0	0	0	0	0	2	0	1	0	2	5	3	4	3	4	0	1	3	0	0	2	0	2	3	1
ASV1126	3	2	3	0	0	0	0	0	1	0	0	1	0	0	0	0	0	0	0	3	0	0	0	2	0	2	1	0	2	0	0	0	6	0	12	32	0	0	0
ASV1131	1	1	4	3	1	0	2	0	7	0	0	1	0	0	3	2	2	0	5	4	4	1	0	7	2	2	0	0	2	2	4	1	0	1	2	0	0	2	2
ASV1238	32	5	1	3	0	1	3	1	0	4	0	0	0	0	0	0	0	0	0	7	0	0	0	1	6	1	1	1	3	0	0	0	0	0	0	0	0	0	0
ASV1289	0	0	0	0	0	0	0	0	0	0	0	0	0	1	0	1	2	10	2	0	2	6	6	0	0	0	0	0	0	26	8	0	0	0	0	0	0	0	0
ASV1341	2	2	2	1	0	3	1	0	0	2	0	0	0	0	0	0	0	0	0	1	0	0	0	0	1	3	1	5	0	0	0	12	4	10	10	0	5	1	0
ASV1412	9	4	0	1	0	1	1	1	1	2	2	0	0	0	0	0	0	1	1	2	0	0	1	4	2	1	2	1	2	0	0	6	6	3	5	14	0	0	0
ASV1421	3	1	4	6	0	1	1	0	0	0	0	2	0	1	2	1	3	1	5	1	3	14	5	2	0	0	0	0	1	2	6	0	0	0	0	0	0	2	1
ASV1427	2	3	0	0	1	1	1	0	0	4	0	0	0	1	0	0	3	3	1	6	3	1	0	7	0	2	3	0	4	1	1	1	1	4	2	2	1	2	0
ASV1444	0	0	0	0	0	0	0	0	0	0	0	1	1	3	1	3	4	9	11	0	2	1	0	0	0	0	0	0	0	25	2	0	0	0	0	0	0	0	0
ASV1332	1	3	1	1	1	0	2	0	0	1	0	0	0	0	0	0	3	5	2	2	2	4	0	0	1	0	0	0	0	1	1	12	1	3	5	1	4	4	4
ASV1344	1	1	2	5	2	4	6	5	2	1	4	7	3	1	1	0	0	0	0	2	0	0	0	0	1	3	6	1	3	0	0	0	0	0	0	0	0	0	2
ASV1402	6	6	3	4	1	2	5	0	1	6	0	1	0	0	0	1	0	0	0	7	1	4	1	5	8	2	3	0	0	1	1	0	1	0	1	0	1	0	1
ASV1445	13	3	0	2	4	0	2	3	0	2	0	0	0	0	0	0	0	0	0	1	0	0	0	1	0	0	0	0	0	0	0	2	2	10	8	6	1	4	1
ASV1448	2	4	0	1	1	0	3	4	2	1	1	1	0	4	4	1	2	4	5	2	1	0	1	4	3	0	2	0	5	0	2	0	0	0	1	0	1	1	0
ASV1511	4	0	2	3	1	3	2	4	2	3	1	2	3	4	3	0	0	0	0	3	3	0	1	5	2	4	2	4	1	1	1	2	0	0	1	0	0	2	0
ASV1569	0	0	0	0	0	0	1	0	0	0	0	0	11	23	9	5	5	0	1	0	1	2	3	0	0	0	1	1	1	2	1	0	0	0	0	0	0	0	0
ASV1583	1	0	2	1	1	1	1	0	0	1	3	0	4	5	1	5	2	4	2	1	5	4	2	0	2	0	0	0	1	9	5	0	0	0	0	0	0	0	0
ASV1588	1	1	2	2	7	1	2	4	1	5	2	1	3	1	2	1	1	2	0	0	0	0	0	3	4	4	1	3	6	0	0	0	0	0	5	0	0	0	0
ASV1724	0	1	1	1	2	0	1	0	0	4	1	0	0	1	0	0	0	0	1	3	0	0	9	1	1	0	0	1	2	1	2	4	12	2	2	4	0	15	0
ASV1859	1	7	3	2	3	1	1	0	0	5	0	2	0	0	0	0	0	3	0	3	1	0	0	5	3	5	4	1	2	0	0	2	6	1	0	9	1	2	0
ASV1903	3	3	0	1	3	2	1	0	0	0	0	1	0	0	1	1	2	3	3	2	6	6	2	1	1	0	0	1	2	3	2	2	0	0	2	0	0	2	0
ASV1952	0	0	0	0	0	0	0	0	0	0	0	0	0	0	0	0	0	0	0	0	0	0	0	0	0	0	0	0	0	0	0	0	0	1	54	16	0	0	0
ASV2114	2	4	1	2	5	1	2	2	2	0	1	1	2	1	0	1	0	2	4	9	2	2	0	7	3	2	2	1	2	1	0	0	0	0	2	0	1	3	0
ASV2175	2	5	2	1	2	3	2	2	3	1	0	0	0	1	0	1	0	2	0	4	0	0	0	1	3	1	2	1	0	1	0	3	3	4	4	4	1	11	3
ASV2280	3	1	1	0	1	1	1	0	0	1	1	0	0	0	0	0	1	1	0	0	1	0	1	1	0	0	1	0	0	2	0	14	5	3	7	2	12	13	2
ASV1164	9	1	1	0	1	0	0	0	0	2	0	0	0	0	0	0	0	0	0	0	0	0	0	0	0	1	0	0	1	1	0	2	26	3	1	14	8	3	0
ASV1171	16	3	1	1	0	1	0	3	0	0	0	0	0	0	0	0	0	1	1	3	0	1	2	5	0	4	1	0	0	0	2	2	2	2	1	1	10	5	2
ASV1390	8	3	0	1	3	3	1	0	0	2	1	0	0	0	0	0	0	0	0	8	0	1	0	0	1	2	3	0	2	0	0	7	1	5	0	0	9	11	1
ASV1486	0	3	0	1	2	1	0	0	1	1	0	0	0	0	0	0	0	0	0	1	0	0	0	4	0	3	4	0	0	0	0	12	15	4	5	2	7	5	0
ASV1508	6	3	4	3	2	1	1	4	0	2	0	0	0	0	0	0	0	0	0	3	0	0	0	4	5	1	1	3	2	0	0	7	4	1	2	0	0	0	1
ASV1538	2	0	0	2	0	1	1	3	0	1	0	0	2	0	1	0	0	0	0	2	0	0	0	0	0	3	1	0	1	0	0	12	13	13	8	2	2	6	0
ASV1555	4	5	2	1	4	1	1	1	1	2	0	0	0	0	1	0	0	0	0	3	1	0	0	1	4	2	3	2	3	0	0	3	4	6	1	1	0	4	0
ASV1556	0	1	1	0	0	2	0	0	0	1	0	4	0	1	3	6	1	11	5	1	1	1	9	2	0	2	0	0	0	1	2	0	5	2	1	1	0	0	0
ASV1605	0	1	0	1	3	2	0	2	1	1	1	3	0	2	2	0	1	0	1	3	0	0	0	5	5	0	2	4	2	2	2	1	0	0	2	1	19	3	0
ASV1747	1	2	0	0	0	0	0	0	0	1	0	0	0	0	0	0	1	0	0	0	0	0	1	1	1	2	1	1	2	0	0	9	0	8	8	0	3	22	6
ASV1983	1	1	1	1	1	0	0	0	0	2	0	1	0	0	0	0	0	0	0	2	0	0	0	0	3	2	1	0	1	0	0	22	9	8	6	1	8	8	1
ASV2449	7	2	1	0	2	1	0	1	0	1	0	0	0	0	0	1	0	0	0	4	0	0	0	0	3	0	2	1	1	0	0	2	6	0	0	1	37	2	0
ASV2564	4	2	2	1	5	3	0	1	4	2	5	0	1	1	0	2	0	0	0	1	0	0	0	0	2	2	0	3	3	0	0	0	0	0	0	0	0	4	19
ASV1283	6	2	2	0	0	0	0	1	0	1	0	2	0	0	0	2	3	4	5	0	1	2	2	4	1	0	2	2	6	1	1	0	0	2	2	0	0	1	0
ASV1359	3	3	1	1	2	0	2	0	0	1	2	0	1	3	4	3	2	13	1	4	3	4	0	4	1	1	1	0	0	3	2	0	0	0	0	0	0	0	0
ASV1430	5	8	3	6	1	4	2	4	1	1	1	0	1	0	0	1	2	0	0	1	0	1	0	5	1	4	2	2	9	0	0	0	0	0	0	0	0	0	0
ASV1441	9	0	0	1	1	0	2	1	1	2	1	5	0	1	0	0	1	1	0	0	3	4	8	0	1	2	1	2	1	0	4	1	0	6	2	0	2	1	2
ASV1454	1	0	0	2	0	4	2	1	2	0	0	0	0	3	0	10	2	3	6	0	0	3	3	2	0	1	0	1	2	6	2	0	0	0	0	0	0	0	0
ASV1494	4	0	1	0	2	0	2	1	1	1	0	0	0	1	0	1	0	1	2	0	2	0	0	2	0	0	2	0	1	0	1	4	12	2	2	12	8	3	1
ASV1563	3	1	0	0	1	0	0	0	1	0	0	1	2	2	2	3	7	10	4	0	8	5	4	0	0	2	0	0	0	4	5	0	0	0	0	0	0	0	1
ASV1585	9	1	2	0	0	0	0	0	0	0	0	0	0	0	0	1	0	0	8	0	31	1	2	0	0	2	2	0	1	0	0	0	0	0	0	0	0	1	0
ASV1587	4	2	1	1	0	2	0	0	0	1	0	0	0	0	0	0	0	0	0	0	0	0	0	1	0	0	0	1	1	0	0	8	17	9	8	8	2	2	2
ASV1902	2	2	1	2	1	5	0	0	0	1	0	0	0	0	0	1	0	1	0	2	1	0	2	1	1	1	3	0	0	0	0	4	0	8	6	2	1	16	8
ASV2308	3	5	4	3	0	5	4	3	6	1	2	3	0	0	1	0	2	0	0	0	1	0	0	2	1	2	2	4	1	0	0	0	0	0	0	0	0	0	0
ASV3255	9	3	2	0	0	0	1	0	2	1	0	0	0	1	1	0	0	0	2	2	1	0	2	1	1	3	1	1	0	0	2	3	13	4	4	5	1	3	0
ASV3384	1	6	3	2	2	1	0	1	0	3	0	0	0	0	0	0	0	0	0	4	0	0	0	0	1	2	5	0	3	0	0	7	9	0	3	9	1	0	2
ASV1241	3	0	0	0	0	0	2	0	0	1	0	0	0	0	0	0	0	0	0	0	0	0	0	1	2	0	1	2	0	0	0	0	6	6	19	24	0	0	0
ASV1291	0	0	0	1	0	0	0	0	0	0	0	0	0	0	0	0	0	0	0	0	0	0	0	1	1	0	0	0	0	0	0	5	0	15	6	0	30	2	1
ASV1307	2	1	0	1	0	0	0	0	2	3	0	0	0	0	0	0	0	0	0	2	0	1	0	0	0	1	1	1	0	0	0	2	4	6	6	27	0	0	0
ASV1367	0	0	0	1	0	0	0	0	0	0	0	0	0	0	0	0	1	0	0	1	0	0	0	0	0	0	1	2	0	0	0	14	3	16	14	2	5	7	1
ASV1372	2	0	2	0	0	0	0	0	0	2	0	0	0	0	0	0	0	0	0	0	0	0	0	2	0	0	0	1	1	1	1	2	23	6	5	20	0	0	1
ASV1413	2	0	0	1	0	0	0	0	0	1	0	0	0	0	0	0	0	0	0	1	0	0	0	0	0	0	0	1	0	0	0	1	20	4	12	28	0	0	1
ASV1417	5	7	1	3	1	2	6	4	3	0	2	1	0	0	0	0	0	1	2	5	0	1	0	4	2	3	1	3	1	5	0	0	0	0	0	0	0	0	1
ASV1495	1	5	2	6	1	0	2	2	3	5	1	2	0	0	0	0	0	1	3	4	0	0	2	5	2	4	7	2	1	0	0	0	0	2	1	1	0	0	0
ASV1602	10	3	3	1	0	0	0	0	0	1	0	1	0	0	1	3	1	5	2	2	0	1	0	5	3	1	2	0	2	2	1	0	1	0	1	2	7	7	1
ASV1621	2	2	1	2	0	3	1	1	0	5	0	1	0	0	0	0	1	0	0	2	1	2	1	3	2	2	1	3	1	2	1	5	1	14	5	1	0	2	0
ASV1746	4	6	0	3	0	1	0	0	0	1	0	0	0	0	0	0	0	0	0	5	0	0	0	2	2	1	2	0	0	0	0	1	5	1	12	25	0	0	1
ASV1914	1	3	2	1	3	0	4	1	0	1	1	2	0	1	3	1	2	0	3	0	6	2	0	1	8	0	3	0	2	8	1	1	0	0	0	0	0	0	7
ASV1978	7	1	0	0	0	0	1	0	1	0	0	0	0	0	0	1	0	2	0	2	0	2	0	0	1	2	1	1	0	0	0	8	14	3	6	0	2	13	2
ASV2066	4	4	4	3	3	3	3	4	3	4	1	0	0	1	0	2	0	0	0	5	1	0	1	2	4	9	4	3	0	0	0	0	0	1	0	0	0	0	0
ASV2102	3	2	0	2	1	1	1	1	1	2	2	0	4	0	3	0	3	3	6	0	2	1	2	1	1	0	3	0	1	2	6	2	0	1	6	1	0	1	0
ASV2394	0	1	1	3	1	1	2	1	2	3	0	0	0	0	0	0	0	0	0	1	1	0	0	0	1	1	3	1	3	0	0	4	5	4	5	0	12	2	3
ASV2560	3	3	4	1	7	2	4	3	1	1	1	0	0	3	1	1	0	2	1	2	0	2	1	1	3	4	1	2	1	1	0	2	1	2	0	0	1	0	0
ASV5490	0	1	0	2	2	1	1	0	0	1	4	2	0	0	2	0	0	0	2	2	1	0	0	2	0	0	0	4	1	0	0	5	8	1	6	3	13	1	6
ASV1354	1	3	2	5	2	4	0	2	3	0	4	3	0	0	1	1	1	2	0	2	0	2	7	0	4	3	3	4	1	0	0	0	0	0	0	0	0	0	0
ASV1385	4	3	1	3	4	2	2	2	0	3	0	0	1	3	0	0	2	1	1	8	2	3	2	4	0	3	2	1	3	0	1	0	0	1	2	0	0	4	0
ASV1505	0	2	4	2	1	2	1	3	3	4	1	1	1	1	0	2	4	0	0	2	2	0	2	1	4	2	3	1	2	1	0	1	0	0	1	0	0	1	5
ASV1518	0	0	0	0	0	0	1	0	1	0	0	0	1	0	0	1	48	0	0	0	0	0	0	0	0	1	0	2	0	0	1	0	0	0	0	0	0	0	0
ASV1664	6	1	2	0	0	3	1	2	1	2	2	0	4	2	3	6	1	2	2	1	0	3	0	0	1	2	0	1	2	1	4	2	1	1	0	0	1	1	1
ASV1669	1	1	0	2	2	1	0	2	0	2	1	1	1	1	2	0	0	0	1	2	0	1	0	2	0	2	2	3	6	1	1	5	3	5	6	2	8	4	1
ASV1804	6	1	3	1	4	1	3	2	6	3	0	1	1	3	2	1	1	1	0	4	1	0	2	4	2	1	1	1	1	0	0	2	0	0	2	0	0	0	4
ASV2660	4	2	1	6	6	4	1	0	0	4	0	0	0	0	1	0	0	0	0	4	0	1	0	2	3	6	4	3	1	0	0	0	3	2	3	4	0	2	0
ASV2705	0	3	2	1	2	3	3	0	0	3	0	1	0	2	2	2	2	2	1	2	5	3	0	3	1	3	1	2	5	2	3	0	0	0	0	0	0	1	0
ASV3529	0	0	2	2	3	2	3	2	0	2	1	0	1	2	0	3	0	1	1	4	0	1	0	3	1	2	2	3	3	1	0	0	0	0	10	0	6	2	0
ASV1394	4	6	2	0	0	1	0	0	1	3	0	0	0	0	0	0	0	0	0	6	1	0	0	3	2	3	0	2	0	0	0	4	6	5	2	7	3	7	0
ASV1485	1	2	1	1	0	0	2	3	1	1	1	0	0	5	4	8	3	9	1	2	3	1	2	1	2	0	0	0	1	1	1	0	0	0	0	0	0	0	2
ASV1604	4	0	0	0	0	1	1	0	1	1	0	0	0	0	1	0	0	0	0	0	0	0	0	0	0	0	0	0	1	0	2	5	15	7	7	1	4	1	12
ASV1645	13	4	1	0	3	1	2	1	2	0	0	0	0	0	0	0	0	1	0	4	0	1	0	0	2	3	2	1	0	0	0	4	0	10	7	0	0	0	0
ASV1761	6	4	0	0	1	1	3	0	6	2	2	0	3	1	2	8	2	0	0	0	0	0	5	0	1	0	2	0	1	0	1	0	1	2	0	0	1	7	1
ASV1789	0	2	2	1	1	0	0	0	1	0	0	0	0	0	0	1	1	0	0	2	0	0	0	0	0	2	2	0	2	0	0	10	8	5	0	2	10	12	4
ASV1857	5	5	3	0	0	0	0	0	1	3	0	0	0	0	0	0	0	0	0	0	0	0	0	1	1	2	1	1	1	0	0	3	11	8	7	3	3	2	0
ASV1892	2	4	4	0	4	1	2	1	0	3	0	0	0	0	1	1	0	0	0	1	0	0	0	5	0	7	1	0	1	0	0	1	11	3	7	7	0	1	1
ASV2384	4	5	0	1	1	1	2	0	1	1	0	0	0	0	0	0	0	0	0	4	1	2	5	2	10	3	3	1	0	1	0	0	4	0	2	3	0	0	0
ASV2448	1	3	5	0	3	5	2	2	4	3	0	1	0	0	0	0	0	0	0	1	0	0	0	2	9	1	0	5	3	1	0	3	1	1	2	0	0	1	2
ASV3218	6	1	2	1	1	0	1	2	0	1	0	0	0	0	0	0	0	0	0	4	0	0	0	3	3	0	1	0	0	0	0	12	4	4	3	2	6	5	0
ASV5462	2	1	0	1	2	0	0	1	0	1	0	1	0	0	0	0	0	0	0	0	0	1	0	1	0	2	2	0	0	0	2	11	11	1	5	1	18	3	1
ASV1314	1	0	0	0	0	0	0	0	0	0	0	0	2	0	0	0	0	0	0	0	0	0	0	0	0	1	1	0	0	0	2	11	6	12	3	3	1	21	0
ASV1328	1	2	0	0	0	0	0	0	0	0	0	0	0	0	0	0	1	1	1	0	0	0	0	1	0	0	1	0	0	0	0	9	1	2	1	0	1	47	8
ASV1336	4	1	1	0	0	0	0	0	0	0	0	0	0	0	0	0	0	0	0	1	0	0	0	1	0	1	1	0	0	0	0	9	22	8	5	5	2	0	0
ASV1362	0	9	5	4	4	1	1	1	0	5	0	0	0	0	0	0	0	0	1	5	0	0	1	5	5	5	8	2	1	0	0	0	0	0	0	0	0	0	1
ASV1422	4	0	0	3	2	1	0	2	0	2	0	0	0	0	0	0	0	0	0	4	0	0	2	2	1	1	2	0	0	0	0	2	14	4	1	0	0	29	2
ASV1434	2	1	3	1	1	2	1	1	0	2	0	2	0	1	2	7	2	2	2	4	4	0	2	2	3	4	4	1	1	2	2	0	0	1	3	0	0	0	0
ASV1461	5	0	0	0	1	0	1	0	0	1	0	0	0	0	0	0	0	0	0	1	0	0	0	0	0	0	0	0	0	0	0	5	40	7	5	4	0	0	0
ASV1516	3	0	1	3	0	2	3	1	1	2	3	1	2	3	1	5	6	4	2	2	1	2	2	3	1	2	0	0	0	1	3	0	0	2	0	0	0	1	1
ASV1542	1	0	0	1	0	0	1	1	0	1	1	2	1	0	1	1	0	5	9	1	5	8	11	0	0	3	1	0	0	3	1	0	0	0	0	0	0	0	0
ASV1562	0	2	1	0	1	1	0	0	0	1	0	0	0	0	0	0	0	0	0	0	0	0	0	2	0	0	1	0	1	0	0	10	8	5	6	17	2	6	0
ASV1571	3	0	3	2	0	1	2	1	0	4	0	0	0	0	0	0	0	0	0	0	0	0	0	0	4	3	2	2	1	0	0	1	0	2	1	29	0	0	0
ASV1685	7	4	1	0	2	2	0	0	2	4	1	0	0	0	0	0	0	0	0	2	0	0	1	5	1	3	2	1	0	0	2	8	2	3	4	3	0	11	1
ASV1696	1	1	2	0	1	0	0	0	0	1	0	0	0	0	1	0	0	0	0	3	0	0	0	1	0	1	1	0	0	0	0	2	14	8	7	18	1	0	0
ASV1757	0	1	2	0	0	3	0	0	1	0	1	0	1	3	2	4	5	8	2	1	2	2	0	0	0	2	1	0	0	4	3	0	1	0	0	0	2	0	0
ASV1821	2	2	1	0	1	0	0	1	1	0	0	0	0	0	0	3	2	7	3	0	5	25	1	0	0	0	0	0	0	0	4	3	0	1	1	0	0	5	0
ASV1896	2	1	0	1	0	1	1	0	0	2	0	0	1	0	0	0	0	0	0	2	0	0	1	1	2	3	2	1	0	0	0	5	0	4	1	1	6	26	1
ASV1994	1	1	0	0	0	0	0	0	0	0	0	0	0	0	0	0	0	0	0	0	0	0	0	0	0	1	0	0	0	0	2	4	2	8	8	0	6	13	17
ASV2213	5	4	4	3	3	2	3	2	1	7	1	2	0	0	0	0	0	0	1	7	0	0	1	5	3	3	2	1	3	0	0	0	0	0	1	0	0	0	1
ASV3099	1	0	0	0	0	0	1	1	2	0	1	1	3	5	4	6	0	2	6	2	4	6	4	1	1	2	1	1	1	1	3	1	0	0	0	0	0	0	1
ASV4173	1	3	3	3	4	3	2	0	0	3	0	1	0	0	0	0	0	0	0	3	0	0	0	6	5	0	1	2	0	0	0	11	3	0	4	1	6	2	2
ASV5140	3	7	1	4	1	2	2	0	0	4	1	0	0	0	0	0	0	0	0	6	0	0	1	6	3	3	2	1	3	0	0	3	5	0	2	1	1	1	0
ASV1373	1	0	0	2	1	1	1	0	0	0	1	0	0	0	0	1	0	1	0	2	0	0	0	2	0	1	2	1	1	1	0	15	0	7	8	1	6	4	1
ASV1405	0	0	0	0	1	1	0	0	0	2	0	0	0	0	0	0	0	0	0	1	0	0	0	1	0	0	1	0	1	0	0	0	0	0	1	54	0	0	0
ASV1416	4	0	0	0	1	3	0	0	0	2	1	0	0	0	0	0	0	0	0	1	0	0	0	0	1	0	1	1	0	0	0	1	41	7	7	5	0	0	0
ASV1436	2	0	1	3	2	3	1	1	1	2	2	0	2	0	2	0	1	0	0	0	1	1	3	1	0	5	3	0	0	0	0	4	0	6	2	1	0	9	4
ASV1443	3	5	2	3	1	1	0	2	0	1	0	0	0	0	0	0	0	0	0	0	0	0	0	1	2	3	1	0	1	0	0	5	4	2	0	14	5	6	1
ASV1503	3	2	3	5	2	4	6	0	4	3	2	4	0	0	2	1	2	1	0	0	0	1	0	2	0	5	2	0	6	1	3	0	0	2	1	0	0	0	0
ASV1559	2	1	1	0	0	0	0	0	1	1	0	0	0	0	0	0	0	0	0	1	0	0	0	1	0	0	0	0	0	0	0	6	0	8	5	0	40	3	0
ASV1625	4	1	2	2	3	1	3	4	2	0	0	1	0	0	0	0	1	0	0	4	1	1	0	2	2	4	1	6	2	0	0	5	1	2	2	1	0	4	0
ASV1628	2	1	2	1	2	2	2	0	1	2	0	0	0	0	0	0	0	0	0	3	1	4	1	3	1	2	0	0	1	5	1	1	4	9	6	5	3	1	1
ASV1721	2	9	3	1	2	0	1	0	0	1	0	0	0	0	0	1	0	0	0	1	0	0	0	4	2	1	3	1	1	0	1	3	13	5	4	0	4	2	1
ASV1744	0	4	6	1	2	2	1	0	2	4	0	0	0	0	0	0	0	0	0	7	2	1	0	0	3	1	1	4	1	0	1	5	1	5	2	1	2	9	1
ASV1989	2	1	1	1	1	1	1	0	0	1	0	2	0	4	4	2	2	0	6	1	5	7	2	1	0	1	0	0	0	3	5	4	0	0	1	1	3	1	0
ASV2039	3	5	3	4	1	3	0	1	0	2	0	0	0	0	0	0	0	0	0	6	1	0	1	6	3	1	6	0	2	0	1	0	0	0	3	0	1	4	1
ASV2091	1	2	1	1	1	0	1	1	0	2	0	0	1	0	0	0	1	0	0	4	0	1	0	2	2	1	0	0	1	0	2	7	1	19	5	2	0	2	0
ASV2092	0	0	2	3	3	3	0	3	0	3	2	0	1	5	4	2	1	1	2	2	1	3	3	3	4	1	2	0	2	1	3	0	0	1	0	1	2	2	4
ASV2177	11	3	0	1	0	1	1	5	0	2	0	0	0	0	0	0	0	0	0	2	0	3	2	0	2	1	0	0	0	0	2	5	1	7	1	0	0	18	1
ASV2220	0	0	1	7	2	0	5	4	2	1	1	2	0	0	0	0	0	0	0	1	1	0	0	1	11	1	5	1	3	0	0	0	0	0	0	0	0	0	11
ASV3191	3	1	3	4	1	1	1	1	2	3	7	11	2	0	2	1	1	1	0	1	0	0	0	3	2	1	1	0	1	0	1	0	0	0	0	0	0	0	0
ASV1268	5	2	4	3	1	0	2	0	4	6	0	0	0	1	0	0	0	3	1	4	0	0	4	1	2	3	3	3	0	2	1	1	0	3	1	0	1	0	0
ASV1379	3	1	0	1	0	0	1	1	0	2	0	0	0	0	1	6	4	8	9	1	6	6	1	1	0	0	0	0	0	0	1	0	0	0	0	0	0	0	0
ASV1462	0	1	2	0	2	5	3	3	6	0	1	2	0	2	2	0	1	1	2	1	0	0	1	0	2	2	0	2	4	1	1	1	0	0	1	6	1	4	0
ASV1480	0	0	0	0	0	1	0	0	0	0	0	0	0	0	0	0	0	0	3	0	2	14	19	0	1	0	0	0	0	5	6	0	1	0	0	0	0	0	0
ASV1529	0	1	2	3	0	2	0	3	0	2	0	0	0	0	0	0	0	0	0	4	1	1	0	1	1	1	1	1	0	0	0	10	0	3	6	1	5	13	2
ASV1631	0	1	2	1	2	1	2	0	2	0	3	1	1	3	3	4	3	4	1	0	2	2	0	0	1	0	0	1	0	6	1	0	0	0	1	0	0	1	4
ASV1674	1	1	2	2	0	0	0	2	0	1	1	0	0	0	0	0	0	0	0	0	0	1	0	1	1	1	0	0	1	0	0	11	1	10	14	7	3	9	4
ASV1733	0	2	3	2	3	9	3	6	2	8	2	3	1	0	0	0	0	0	0	3	0	2	1	2	2	0	3	3	3	0	0	0	0	0	0	0	1	1	0
ASV1734	0	2	0	1	0	0	0	0	0	0	0	0	0	0	0	1	0	0	0	0	0	0	0	0	0	1	1	0	1	1	0	11	25	7	6	4	3	3	0
ASV1745	0	9	3	0	2	6	4	3	2	2	0	0	0	0	1	0	1	0	0	3	0	0	1	5	4	4	1	0	2	0	0	0	0	5	2	0	0	0	2
ASV1776	0	8	1	3	4	7	1	2	1	2	1	0	0	1	0	0	1	1	2	2	0	1	1	4	5	2	2	0	1	1	0	0	0	1	0	0	1	1	2
ASV1943	1	0	0	0	0	0	0	0	0	0	0	0	0	0	0	0	0	0	1	0	0	0	0	0	0	0	0	0	0	0	0	7	29	11	5	9	0	0	0
ASV2491	4	3	0	3	1	0	0	0	1	1	0	1	0	0	0	0	2	0	4	2	1	1	0	2	0	3	1	1	1	3	1	7	6	4	6	1	3	2	2
ASV2635	4	2	0	1	0	1	0	4	3	0	0	0	0	1	2	0	5	0	3	3	0	0	1	0	0	2	0	0	3	0	0	9	0	8	6	0	1	1	2
ASV4673	0	4	1	0	3	4	0	1	2	2	1	0	0	0	0	0	0	0	0	1	0	0	1	0	3	1	5	0	1	0	0	6	1	14	4	1	4	4	2
ASV4968	2	1	0	2	0	2	0	0	0	0	0	0	2	0	12	4	1	0	0	0	2	11	1	1	1	3	0	0	1	5	4	0	0	0	0	0	0	0	0
ASV5820	0	0	3	3	0	3	4	4	0	3	0	1	1	1	2	1	1	2	6	1	0	0	0	2	0	3	2	2	4	2	0	1	1	0	0	3	1	0	0
ASV1278	2	13	2	3	3	3	3	1	0	3	0	0	0	0	0	0	0	0	0	8	0	0	0	1	6	2	4	3	3	0	0	0	0	0	0	0	0	0	0
ASV1343	3	2	1	2	0	2	1	0	1	3	0	0	0	0	0	0	0	0	0	1	0	0	1	4	0	1	0	1	3	0	0	0	23	2	4	1	0	0	0
ASV1357	8	5	2	4	0	3	3	1	3	1	2	0	0	1	0	0	0	0	0	2	0	0	0	2	5	1	1	3	3	0	1	2	5	2	0	1	0	0	0
ASV1364	7	3	4	3	3	3	2	3	1	3	1	0	0	0	0	0	0	0	0	0	0	3	2	3	2	4	3	2	1	3	0	0	0	0	0	0	0	0	0
ASV1399	0	1	0	0	0	0	0	0	1	0	0	0	0	1	2	2	6	4	11	0	5	8	6	1	0	0	0	0	0	4	2	0	1	0	0	1	0	0	1
ASV1522	2	11	2	6	3	3	5	1	3	6	2	0	0	0	0	0	0	0	0	1	0	0	0	2	3	2	3	1	2	0	0	0	0	0	0	0	0	0	0
ASV1526	0	0	0	0	0	1	0	0	0	0	0	1	3	3	6	13	9	3	4	0	2	3	1	0	0	0	0	1	0	1	0	0	0	0	0	0	0	0	0
ASV1552	5	7	1	0	1	0	1	2	0	1	0	0	0	0	0	0	0	0	0	2	0	0	0	4	1	1	1	0	1	0	0	2	8	2	0	0	5	19	1
ASV1564	2	0	0	0	0	0	0	0	0	3	0	0	0	0	0	0	0	0	0	1	0	1	0	0	0	0	0	0	0	0	0	6	3	24	5	4	2	6	0
ASV1592	0	0	0	0	0	0	0	0	0	1	0	0	0	0	0	0	1	0	0	0	0	0	1	0	0	0	0	0	0	0	0	21	3	12	4	0	20	1	0
ASV1603	1	0	0	0	0	0	0	0	0	0	0	0	0	0	0	0	0	0	0	0	0	0	0	0	0	1	0	0	0	0	0	0	0	0	15	22	0	18	2
ASV1618	4	4	1	2	1	2	3	2	0	1	1	0	0	0	0	0	1	0	0	2	0	0	0	1	0	2	0	3	0	0	0	13	2	8	6	1	0	2	3
ASV1626	2	2	7	5	0	2	3	5	2	2	1	6	1	2	1	0	0	1	0	3	0	1	1	3	1	4	2	3	1	1	0	0	0	0	0	0	0	0	0
ASV1658	1	1	1	3	0	0	0	0	0	2	0	0	0	1	0	0	0	0	1	1	0	0	1	1	0	0	1	0	0	0	0	7	0	7	10	0	8	15	0
ASV1665	9	4	0	1	1	0	1	0	0	3	0	1	0	1	1	0	0	0	2	2	1	1	2	2	1	3	3	2	3	0	0	0	0	1	0	0	8	2	0
ASV1666	16	5	2	1	0	0	1	0	0	2	0	0	0	1	0	0	0	0	0	4	0	0	0	1	2	1	5	2	1	0	0	2	0	2	5	1	0	11	0
ASV1915	4	0	0	2	1	1	0	2	0	0	0	0	0	0	1	0	0	0	0	1	1	0	2	2	4	5	2	1	0	0	0	0	3	12	9	7	0	0	0
ASV1977	3	0	1	1	0	0	0	0	1	3	0	0	0	0	0	0	1	0	0	0	0	1	0	0	0	1	3	1	0	0	0	11	9	5	5	1	5	21	2
ASV1993	3	0	0	0	0	0	0	0	0	0	0	0	0	0	0	0	0	0	0	2	0	0	0	0	2	0	0	0	0	0	0	0	0	1	0	0	57	0	0
ASV2158	4	2	5	2	1	0	1	2	0	4	1	2	0	0	0	0	0	1	0	6	0	0	0	0	2	8	7	4	0	0	0	0	0	0	5	0	1	0	0
ASV2218	1	2	3	6	5	3	4	1	3	1	2	2	0	0	1	0	0	0	0	3	0	0	0	4	3	5	2	1	6	0	0	0	0	0	0	1	0	0	0
ASV2326	0	4	4	1	5	3	2	0	0	3	1	1	0	1	1	0	2	0	0	2	0	0	2	1	4	4	2	1	2	0	0	2	0	3	5	2	0	0	1
ASV2392	5	0	3	0	0	0	0	1	0	0	0	0	0	0	0	0	0	0	0	0	0	2	0	1	0	1	0	0	1	0	0	2	16	8	5	10	1	9	0
ASV5698	0	2	2	2	1	4	1	4	2	0	5	3	0	0	0	0	1	0	1	5	0	1	0	2	0	3	3	3	2	0	2	2	1	3	1	0	2	0	3
ASV1507	2	2	2	1	2	0	0	1	0	1	0	1	0	0	1	1	7	4	7	1	3	7	1	2	1	1	1	1	4	2	2	0	0	0	0	0	0	4	0
ASV1568	1	0	0	0	0	0	1	1	0	1	0	0	0	1	1	2	41	4	1	1	0	0	0	0	0	0	0	2	0	0	1	0	0	0	0	0	0	0	0
ASV1580	0	8	1	2	3	3	1	2	1	9	0	0	0	1	1	0	0	0	0	2	0	0	0	3	5	8	2	2	3	0	0	0	0	2	0	1	0	1	0
ASV1608	0	2	1	2	2	2	1	2	3	0	2	5	2	4	1	1	0	1	2	1	2	1	2	2	4	0	0	0	1	3	1	2	0	0	2	0	2	0	2
ASV1651	0	4	4	1	0	2	3	0	1	0	3	4	1	2	0	0	0	1	1	5	0	0	2	1	2	1	4	0	1	0	0	4	1	2	9	0	0	0	6
ASV1735	0	0	0	0	0	0	0	0	0	0	0	0	2	2	4	6	5	8	5	0	5	8	6	0	0	0	0	0	0	1	1	0	0	0	0	0	0	0	0
ASV1769	4	2	4	0	2	5	3	3	1	5	0	3	1	0	0	0	0	1	0	3	0	0	0	3	3	2	2	4	5	0	0	3	1	1	1	0	0	0	1
ASV1825	12	2	0	2	1	0	2	1	1	1	0	0	0	1	0	0	0	1	0	4	0	0	0	3	1	3	4	2	3	0	0	0	1	1	3	8	1	0	0
ASV1831	0	0	0	0	0	0	0	0	0	0	0	0	0	0	0	0	0	0	0	0	0	0	0	0	1	0	0	0	0	0	0	0	26	5	7	18	0	1	0
ASV1894	5	3	0	1	2	1	2	2	0	3	2	0	1	0	1	0	1	3	0	4	1	0	1	1	1	1	2	0	1	1	0	1	1	2	0	0	0	3	2
ASV1969	0	0	5	1	1	3	0	0	0	3	0	0	0	1	2	1	0	0	0	1	1	0	0	1	2	1	0	0	2	0	0	1	0	3	2	0	0	36	4
ASV2019	3	0	2	0	0	0	0	0	0	0	0	0	0	0	0	0	0	0	0	0	0	1	3	0	0	1	0	1	0	2	1	16	8	6	4	0	6	7	1
ASV2038	12	3	1	0	1	3	2	0	0	1	0	0	0	0	0	0	0	0	0	11	0	0	0	7	3	5	1	0	2	0	0	5	0	1	2	0	2	3	0
ASV2817	0	5	1	2	3	4	1	2	4	1	1	3	2	0	0	0	0	0	1	3	0	0	0	4	4	7	1	3	1	0	0	0	0	0	0	1	0	3	4
ASV3158	1	0	0	0	0	0	0	1	0	1	0	0	2	7	6	4	4	3	4	1	3	7	12	0	0	0	2	1	0	1	4	0	0	0	1	0	0	0	3
ASV3554	1	4	1	3	2	5	1	1	0	1	3	0	0	0	0	1	0	0	0	1	1	1	0	2	2	2	3	5	3	1	0	2	0	3	6	0	2	2	2
ASV1465	2	0	1	2	6	2	3	4	7	1	2	0	2	0	3	1	0	0	0	3	0	1	0	2	2	5	1	2	1	0	1	0	0	0	0	0	0	0	4
ASV1488	2	0	3	3	5	6	1	2	0	7	1	2	1	1	1	0	2	0	0	7	1	0	1	2	0	3	3	7	0	0	0	0	0	1	0	0	0	0	0
ASV1496	1	0	1	2	2	2	1	2	1	1	0	0	0	0	0	3	2	0	2	2	0	1	0	6	0	1	1	0	1	1	0	7	0	7	5	0	2	3	4
ASV1553	0	1	1	1	0	1	0	0	0	0	0	0	2	0	0	2	5	7	1	0	5	9	1	1	1	0	0	0	1	7	6	0	0	0	1	1	0	0	0
ASV1642	1	1	0	0	0	0	0	1	0	0	0	0	1	0	0	0	0	0	0	0	0	0	0	0	0	0	0	1	0	0	0	22	12	6	2	1	4	17	2
ASV1654	4	2	1	0	1	3	2	1	0	1	0	1	2	5	6	2	3	0	3	1	2	4	1	1	1	0	0	1	1	2	1	0	0	2	2	0	0	0	4
ASV1698	0	6	1	2	2	3	1	3	3	6	1	0	0	1	0	0	0	0	0	2	1	0	0	3	1	1	1	5	4	1	0	0	0	1	1	0	0	1	2
ASV1699	6	1	3	2	2	2	2	0	0	4	0	0	0	0	1	2	0	5	0	2	1	0	1	2	0	1	2	3	1	0	1	4	3	0	2	0	4	2	0
ASV1718	9	6	2	1	0	1	0	1	3	5	0	0	1	0	1	0	1	2	1	4	0	2	2	4	2	1	1	0	0	0	0	0	1	0	2	0	2	11	0
ASV1790	4	2	0	1	0	2	0	0	0	0	0	0	1	0	2	0	7	1	8	2	4	1	9	0	1	3	0	1	0	2	2	0	0	0	0	0	0	2	0
ASV1798	2	0	0	0	1	0	1	0	0	1	0	0	0	0	0	0	0	0	0	0	0	0	0	0	1	0	0	1	1	0	0	1	27	4	5	10	1	1	0
ASV1811	4	2	4	1	1	0	2	1	1	2	2	0	1	2	6	1	1	0	2	0	0	3	0	0	0	0	0	1	0	1	0	1	0	9	3	0	0	6	3
ASV1929	1	4	0	1	2	0	0	2	0	0	2	3	2	2	3	0	2	6	2	2	1	3	1	3	1	1	0	2	0	0	2	0	0	2	1	0	0	0	1
ASV1950	6	2	1	3	3	1	5	2	3	3	4	6	1	1	1	0	2	0	1	2	1	0	1	0	4	1	3	2	0	1	0	0	0	0	0	0	0	0	0
ASV2741	8	1	2	0	1	2	0	0	0	1	0	1	0	6	2	6	4	0	1	1	1	0	3	1	2	2	0	0	2	0	3	0	0	1	1	0	3	1	1
ASV3169	6	4	3	1	3	1	2	2	1	5	2	0	0	0	0	0	0	0	0	1	0	0	2	1	2	5	3	3	1	0	0	1	0	2	0	0	0	3	0
ASV1349	0	0	0	0	0	0	0	0	0	0	0	0	0	0	0	0	0	1	0	0	0	11	27	0	0	0	0	0	0	7	10	0	0	0	1	0	0	0	0
ASV1478	0	2	5	2	4	2	0	1	0	0	0	0	0	0	0	0	1	0	0	5	0	0	0	2	1	6	2	6	3	0	0	1	0	7	4	0	1	1	1
ASV1504	1	1	0	1	1	1	0	0	0	1	0	1	0	0	0	0	0	1	0	2	0	1	0	3	0	0	2	1	0	0	0	4	6	3	4	0	1	19	3
ASV1550	0	0	0	0	0	1	0	1	0	1	0	0	0	0	0	0	0	0	0	0	0	0	0	1	0	1	0	0	0	0	0	18	0	1	5	3	0	28	11
ASV1573	2	2	2	1	0	0	1	0	1	0	0	0	2	2	1	1	0	0	1	2	0	1	0	1	0	2	1	0	0	0	2	0	2	0	5	19	4	1	0
ASV1600	2	0	0	0	2	1	1	0	1	0	1	0	2	1	0	3	3	3	4	2	0	4	2	0	0	3	1	0	1	1	2	0	1	2	8	0	0	1	4
ASV1657	3	1	2	1	2	2	1	0	0	0	0	0	0	0	2	2	0	0	0	2	3	0	2	3	1	1	1	1	0	2	0	5	2	12	4	0	5	3	1
ASV1670	22	7	4	1	2	2	1	1	0	2	0	0	0	0	0	0	0	0	0	6	0	0	0	2	3	1	2	2	0	0	0	0	0	0	0	0	0	0	0
ASV1677	3	10	1	1	1	3	2	0	1	1	0	0	1	0	0	0	0	1	0	2	1	1	0	4	0	3	4	0	0	0	1	2	5	1	4	0	0	5	1
ASV1700	2	0	0	0	1	0	1	2	0	0	0	2	1	0	0	3	0	2	2	0	9	4	2	0	1	0	0	0	1	4	7	0	0	0	1	1	0	0	2
ASV1731	1	1	0	0	0	0	2	0	1	1	0	0	0	2	1	4	4	4	6	0	4	4	3	1	0	0	0	0	0	3	8	0	0	0	1	0	0	1	0
ASV1768	0	0	2	13	0	6	4	4	8	3	0	1	0	0	0	0	0	0	1	2	0	0	0	2	2	1	6	1	3	0	0	0	0	0	0	0	0	0	0
ASV1868	1	3	0	0	1	2	1	0	0	0	0	1	0	0	1	0	0	1	0	3	0	0	0	2	2	0	4	2	2	0	0	7	3	2	4	0	0	20	3
ASV1873	5	1	1	1	1	0	2	0	0	1	0	0	0	0	1	4	1	2	1	1	0	2	0	0	2	3	1	0	1	0	3	2	0	1	3	0	9	1	3
ASV1895	3	7	2	0	4	0	1	0	1	5	0	0	0	0	0	0	0	0	1	3	0	0	0	1	1	4	2	0	1	0	0	2	4	5	3	4	5	1	1
ASV1937	2	3	2	2	5	1	1	0	0	0	1	2	1	1	2	7	0	1	0	2	1	1	1	2	3	3	1	1	1	0	0	1	0	2	1	0	0	0	1
ASV1966	2	0	0	0	1	0	0	2	0	0	0	0	4	0	4	3	5	0	0	0	9	19	6	0	0	0	1	0	1	0	3	0	0	0	0	0	0	0	0
ASV1996	3	0	0	0	1	1	4	7	4	0	1	1	5	8	0	5	2	3	1	3	3	4	2	0	0	0	1	0	1	0	3	0	0	0	0	0	0	0	0
ASV2048	1	1	3	2	0	0	2	5	0	4	1	0	0	0	0	0	0	0	0	0	0	0	0	3	1	3	2	2	2	0	0	6	7	3	7	0	3	0	0
ASV2073	2	0	1	0	0	0	1	0	1	0	0	0	0	0	1	5	2	2	2	1	11	4	0	0	1	2	1	1	0	5	4	1	0	0	0	0	0	1	1
ASV2130	0	6	2	3	0	1	1	1	2	1	0	1	0	0	0	0	0	0	0	2	0	0	0	2	2	4	1	1	2	0	0	3	1	0	2	21	0	5	0
ASV2217	12	3	3	0	1	0	0	0	0	3	0	0	0	0	0	0	0	0	0	2	0	0	0	2	0	2	0	1	0	0	0	8	8	3	6	6	0	8	0
ASV2975	0	3	4	0	1	1	1	2	2	4	0	0	0	1	0	1	3	4	1	3	5	1	0	2	0	3	5	2	1	0	0	1	0	0	0	0	0	0	0
ASV1302	2	7	3	1	3	5	5	0	1	8	0	0	0	0	0	0	0	1	0	7	0	0	0	2	1	4	3	0	2	0	0	0	0	0	0	0	0	0	0
ASV1320	2	0	4	5	2	4	6	2	1	0	5	1	6	0	0	1	0	0	0	0	0	0	0	3	10	5	2	2	0	0	0	0	0	0	0	0	0	0	0
ASV1464	1	2	1	4	0	1	1	1	0	3	1	1	0	1	1	2	0	1	0	2	0	3	10	5	0	3	2	1	1	1	0	1	0	1	0	0	0	2	1
ASV1481	0	0	0	0	0	0	1	0	0	1	0	0	1	0	0	11	6	2	0	1	7	9	6	1	0	1	0	0	0	1	2	0	0	0	0	0	0	0	0
ASV1572	8	2	3	1	2	0	1	0	0	4	0	0	0	0	0	0	0	0	0	2	0	0	0	0	1	2	0	0	2	0	0	0	0	0	2	25	0	0	0
ASV1591	5	0	1	1	0	1	0	1	0	0	1	1	0	0	1	3	0	2	9	1	4	7	0	1	1	2	1	1	3	4	2	0	0	0	0	0	0	0	0
ASV1614	4	0	1	0	0	0	1	0	0	3	0	0	0	2	0	2	0	3	0	2	3	2	15	4	1	3	1	0	0	2	4	0	0	0	0	0	0	0	0
ASV1656	4	6	3	1	1	1	0	1	2	1	1	1	1	3	3	0	2	2	4	1	1	3	0	0	1	1	0	2	1	0	2	1	0	0	2	0	0	0	0
ASV1679	1	2	0	0	0	0	0	0	0	0	0	0	0	0	0	0	0	0	0	0	0	0	0	0	2	0	0	0	0	1	0	15	3	14	9	3	8	3	0
ASV1684	3	2	0	2	2	1	0	3	3	0	3	0	1	3	3	4	0	5	0	0	1	6	1	1	0	0	2	2	1	1	2	0	0	0	0	0	1	2	1
ASV1783	2	1	0	1	1	0	0	0	0	0	1	0	0	0	0	1	0	0	0	1	0	0	0	0	0	2	0	0	0	0	1	3	6	7	1	4	2	43	0
ASV1801	3	0	0	0	0	0	0	0	0	0	0	0	0	0	0	0	0	0	0	2	1	0	0	0	0	1	0	0	0	0	0	3	10	9	8	21	3	0	0
ASV1828	2	3	1	1	2	2	2	0	0	0	0	0	0	0	0	0	0	0	0	0	0	0	0	0	1	0	1	1	0	0	0	3	8	3	3	9	18	1	2
ASV1876	6	1	0	0	0	0	1	0	0	1	0	0	0	0	0	0	0	0	0	0	0	0	0	1	0	0	1	0	1	0	0	21	5	10	1	1	6	1	4
ASV1912	1	0	1	3	0	0	2	3	0	1	2	3	0	0	0	0	0	0	0	2	0	0	0	0	0	5	1	3	0	0	0	0	0	1	0	0	0	0	21
ASV1955	1	1	0	0	0	0	0	0	0	0	0	2	2	1	1	5	3	2	4	0	6	9	6	0	1	1	1	0	1	2	2	0	0	0	0	0	0	0	0
ASV2284	1	2	0	1	0	1	1	0	0	0	0	0	1	3	3	1	1	1	0	0	11	12	8	1	1	1	0	0	0	1	1	0	0	0	0	0	0	0	0
ASV2423	14	0	0	2	0	1	0	0	0	5	0	0	0	0	0	0	0	0	0	4	0	0	0	2	0	0	2	0	2	0	0	0	24	1	4	7	0	0	0
ASV2435	3	4	2	2	0	0	0	0	1	0	0	0	3	4	2	0	0	1	1	1	1	0	1	3	0	1	2	0	0	0	0	0	1	0	0	0	18	7	0
ASV2567	1	4	3	4	1	0	0	0	1	1	0	0	0	0	0	0	0	0	0	0	0	2	0	0	1	3	1	0	2	1	0	5	13	3	2	6	6	1	0
ASV3917	8	2	0	0	1	0	0	2	0	1	0	0	1	1	0	1	3	5	2	0	1	3	1	2	5	1	1	0	0	1	2	0	0	4	1	0	0	4	3
ASV3959	6	4	1	1	2	0	2	2	2	4	0	1	0	1	0	0	0	0	0	1	3	0	1	1	2	0	0	1	3	0	1	1	3	2	0	0	1	7	2
ASV4333	0	1	1	1	0	0	0	0	0	4	0	0	0	0	0	0	0	0	0	4	0	0	0	5	2	2	2	2	0	0	0	8	6	0	10	7	2	1	0
ASV5172	0	3	2	2	2	0	3	0	0	2	0	1	0	0	0	0	0	0	2	1	0	1	1	1	1	1	2	2	0	0	1	6	3	6	3	0	5	5	1
ASV1470	1	4	1	1	2	2	1	2	0	5	0	0	0	1	0	3	1	2	1	2	3	3	0	2	1	1	2	4	2	0	0	0	0	2	2	0	0	2	1
ASV1682	7	2	0	1	0	0	0	0	0	1	1	3	0	1	3	1	2	2	0	2	0	2	13	0	2	2	2	1	1	0	7	0	0	0	0	0	0	0	0
ASV1686	6	3	0	0	2	1	0	1	0	1	0	0	0	0	0	0	0	0	0	2	0	0	0	1	0	1	0	0	2	0	0	0	15	4	0	11	2	3	0
ASV1706	2	2	0	0	1	0	0	0	0	0	1	0	0	0	0	0	0	0	0	2	0	0	0	1	2	0	0	1	0	1	1	0	0	0	0	0	0	55	0
ASV1737	1	0	4	1	5	1	6	4	3	4	0	1	1	0	2	1	1	6	0	1	0	0	0	3	1	2	2	2	1	0	0	0	0	0	0	0	0	0	0
ASV1871	5	0	0	2	2	2	1	0	1	1	0	0	0	0	0	0	0	0	0	1	0	0	0	8	2	2	4	0	1	0	0	8	11	2	5	1	0	1	0
ASV1997	1	0	0	0	0	1	1	1	0	0	0	1	0	0	0	0	0	0	0	0	0	1	0	0	0	1	0	0	0	0	0	21	10	9	2	0	7	4	0
ASV2161	3	6	1	0	1	0	1	1	0	0	0	0	0	0	0	0	0	0	0	2	0	0	1	2	3	3	0	0	1	0	0	5	4	4	9	2	0	0	1
ASV2176	2	0	1	0	0	1	0	0	0	0	0	0	2	4	2	4	2	1	1	0	2	2	0	4	0	1	1	1	0	0	0	1	1	0	5	4	3	6	0
ASV2354	2	2	0	0	1	0	1	1	3	1	0	0	0	0	2	1	0	3	0	1	2	1	2	1	0	1	2	2	1	1	1	7	9	2	3	2	1	5	1
ASV2573	6	0	1	1	0	0	0	0	0	1	0	0	0	0	0	0	0	0	0	3	0	1	0	1	0	1	0	0	0	0	0	0	6	1	0	40	4	1	0
ASV2675	1	1	2	2	1	4	2	0	1	6	2	2	0	0	2	0	0	0	0	4	0	1	1	2	1	1	2	3	0	1	1	0	0	4	3	0	1	0	3
ASV2697	5	4	1	2	1	1	1	1	0	1	0	1	1	0	0	0	0	0	0	1	1	0	1	3	3	4	2	1	2	0	0	1	1	2	1	6	1	2	1
ASV3038	4	3	1	1	1	1	0	0	0	1	0	2	1	0	0	0	0	0	0	2	1	0	2	1	2	3	1	1	1	1	0	0	1	8	6	1	3	9	1
ASV3713	7	0	2	1	1	1	2	0	1	1	2	4	0	5	1	1	2	1	4	3	0	1	0	2	0	3	2	2	1	5	8	0	0	0	0	0	0	0	0
ASV3863	1	1	0	2	1	0	1	2	1	8	0	0	0	0	0	0	0	0	0	4	2	0	0	6	2	2	0	3	2	0	0	1	3	1	1	1	3	4	1
ASV4758	0	0	0	0	0	1	0	0	0	0	0	0	0	0	0	0	0	0	0	0	0	0	0	0	1	0	3	1	1	0	0	0	0	0	0	0	0	0	51
ASV1491	0	11	4	1	0	1	2	1	2	6	0	0	1	0	0	0	0	0	1	4	1	0	0	1	8	1	4	2	3	0	0	0	2	0	1	0	0	1	0
ASV1498	0	4	3	2	3	3	0	2	6	1	1	0	0	2	0	3	0	1	0	3	0	1	0	0	3	5	1	2	2	0	0	0	0	4	0	0	1	1	3
ASV1500	2	6	0	2	0	1	0	0	1	3	0	0	1	3	2	3	4	2	3	0	2	2	2	3	1	1	2	0	1	0	1	3	0	1	0	0	0	1	0
ASV1528	3	1	0	0	1	0	0	0	0	0	0	0	0	0	0	0	0	0	0	1	0	0	0	2	0	1	1	0	0	0	0	3	19	7	3	4	5	10	2
ASV1578	0	2	0	0	0	0	0	0	0	0	0	0	0	0	2	0	7	2	8	0	28	2	0	0	0	0	0	0	0	0	0	0	0	0	0	0	0	0	0
ASV1599	0	4	3	5	0	5	1	1	0	5	1	0	0	0	0	0	0	1	0	8	0	0	1	4	2	5	5	2	1	0	0	0	0	0	0	0	0	0	0
ASV1636	0	2	1	0	3	2	1	1	2	1	2	0	0	2	0	4	3	7	3	5	2	2	0	0	1	1	1	0	1	0	1	1	0	0	0	0	0	0	2
ASV1649	1	1	3	1	1	1	0	1	1	2	0	1	1	0	1	3	0	2	1	2	2	2	1	2	2	5	2	2	1	1	2	0	0	0	3	0	0	0	2
ASV1729	9	1	2	0	2	2	2	0	1	2	0	0	0	0	0	0	0	0	1	4	0	0	1	4	3	5	3	1	0	0	0	0	2	0	7	12	0	0	0
ASV1963	6	0	0	0	0	0	0	0	0	0	0	1	0	0	0	0	0	0	0	0	0	0	0	0	1	0	0	0	0	0	0	12	24	1	3	1	16	1	0
ASV1970	5	0	0	0	1	0	0	0	0	0	0	0	0	0	0	0	0	0	0	1	0	0	0	0	0	0	0	0	0	0	0	10	13	1	1	7	2	23	0
ASV2013	1	4	1	5	1	0	0	2	0	2	4	0	1	1	0	1	0	0	0	2	0	3	0	2	5	4	3	5	2	3	1	0	0	0	0	0	2	4	0
ASV2046	2	2	2	3	1	1	0	0	3	1	0	0	1	0	0	0	1	0	1	3	1	1	0	2	0	0	4	3	1	0	1	2	0	10	9	0	0	3	0
ASV2076	2	1	3	2	1	3	2	3	5	3	7	3	0	1	1	1	3	4	3	2	0	1	0	1	2	1	0	0	2	0	1	0	0	0	0	0	0	0	0
ASV2179	7	6	1	2	2	3	2	0	0	3	1	0	0	0	0	0	0	0	0	6	0	0	0	5	4	1	1	2	0	0	0	0	0	0	3	5	0	1	0
ASV2242	7	1	5	1	0	3	3	2	2	1	2	4	1	1	1	0	3	1	0	3	0	0	1	2	1	1	2	5	3	0	0	1	0	0	1	0	0	0	0
ASV2485	6	1	0	1	1	2	1	0	0	2	0	0	0	0	0	0	1	0	0	2	0	1	1	2	2	4	0	1	0	0	0	6	6	0	3	0	4	6	0
ASV2533	10	2	1	0	5	3	4	1	0	5	0	0	0	1	1	1	0	0	0	5	0	0	1	5	6	5	2	3	0	1	0	0	0	0	0	0	0	0	0
ASV2658	2	1	0	0	1	0	1	2	0	1	0	0	0	2	3	0	3	2	3	0	3	5	0	0	0	0	1	0	0	4	5	3	1	0	4	0	0	7	2
ASV2785	0	3	1	0	2	3	1	3	4	5	1	0	0	0	0	0	0	0	0	3	0	1	0	1	2	4	4	9	1	0	0	2	0	0	1	0	0	1	2
ASV4110	1	1	0	0	1	1	0	0	2	0	1	0	0	0	2	1	1	1	1	3	1	1	1	2	2	1	0	1	2	0	0	7	4	0	6	3	3	4	1
ASV4273	0	1	0	0	0	1	0	0	0	2	0	2	2	0	1	3	0	2	1	0	1	5	0	0	0	1	1	0	0	5	4	0	0	0	0	0	0	9	13
ASV4999	2	2	0	1	0	0	0	0	0	0	0	0	0	0	0	0	0	0	0	0	0	0	0	1	1	1	0	0	1	0	0	15	13	0	11	4	0	6	2
ASV5651	0	3	3	1	2	3	1	0	0	1	1	1	0	1	0	0	0	0	0	1	0	0	0	3	1	2	0	1	0	0	0	3	5	1	2	0	20	2	0
ASV5660	0	0	1	2	3	3	3	0	0	2	1	2	0	0	1	0	0	0	1	0	0	0	3	7	1	2	2	4	0	0	0	0	0	1	3	0	2	0	15
ASV1414	0	8	1	2	2	0	1	2	1	2	0	0	0	0	0	0	0	0	0	3	0	0	0	1	1	0	2	2	1	1	0	4	0	9	4	0	1	0	3
ASV1457	3	0	1	0	0	1	0	1	0	1	0	0	0	0	1	1	0	0	1	1	0	0	0	0	1	1	1	0	0	0	0	7	1	10	2	0	10	8	4
ASV1560	1	2	2	0	1	0	1	1	2	2	0	0	0	0	0	0	0	1	0	4	0	0	0	3	1	3	0	0	3	0	0	2	2	2	5	0	0	22	1
ASV1582	2	4	0	0	0	1	1	0	0	0	0	0	0	0	0	0	0	0	0	1	0	0	0	2	1	0	0	0	0	0	0	4	23	7	6	10	0	0	1
ASV1617	8	1	1	2	1	1	1	0	1	2	1	0	0	0	1	0	1	2	0	0	0	1	0	1	2	1	1	1	2	1	0	2	2	2	1	8	0	2	1
ASV1633	0	0	1	1	2	1	3	1	2	3	1	0	2	2	2	1	0	0	1	5	1	3	0	2	3	0	2	3	4	0	1	0	1	3	1	2	0	2	0
ASV1638	4	7	4	5	1	1	2	1	1	6	0	0	0	0	0	0	1	0	0	4	0	1	1	7	2	1	3	3	2	1	0	0	0	0	0	0	0	0	0
ASV1639	1	6	4	1	1	1	2	2	1	7	1	3	0	0	1	0	0	1	0	2	0	0	0	0	3	1	4	3	6	0	0	0	0	0	0	0	0	0	0
ASV1668	1	5	2	0	0	4	2	0	2	1	1	0	0	2	1	1	0	1	0	4	0	0	0	2	0	0	1	3	0	0	0	3	5	4	2	2	3	12	0
ASV1727	3	2	0	8	3	2	4	1	1	2	0	0	0	1	0	1	0	0	4	4	0	0	0	0	3	2	4	2	3	0	0	2	0	0	0	0	2	0	0
ASV1773	1	0	0	0	0	0	0	0	0	0	0	0	0	0	0	0	0	0	0	0	0	0	0	0	0	0	0	0	0	0	0	17	1	0	8	0	1	39	2
ASV1780	0	1	1	1	1	3	3	9	1	2	1	1	3	1	1	3	1	0	3	2	1	1	0	1	3	3	1	1	0	2	2	0	0	2	0	0	1	0	0
ASV1794	6	1	1	5	1	0	1	3	3	4	0	1	1	0	0	1	0	0	1	2	0	0	1	1	2	2	5	2	1	0	0	0	4	2	2	1	0	6	1
ASV1800	8	2	4	3	2	2	0	0	0	3	0	0	0	0	0	0	0	0	0	7	1	0	0	1	4	1	2	1	3	0	0	2	0	0	0	0	13	2	0
ASV1822	0	8	8	1	0	3	3	3	1	2	1	1	0	0	1	0	1	0	0	2	0	1	1	1	2	3	1	6	1	0	0	2	0	0	0	0	0	0	0
ASV1834	1	0	0	0	2	0	0	0	0	1	0	0	0	0	0	0	0	0	0	0	1	0	2	1	3	0	0	0	0	0	0	4	20	5	10	9	3	1	0
ASV1878	1	0	0	0	0	1	0	0	0	0	0	0	1	1	0	0	0	0	0	0	0	0	0	2	0	1	0	0	1	0	0	2	2	3	2	1	36	9	0
ASV1891	1	1	1	5	1	3	2	2	5	0	1	1	0	0	0	0	0	0	0	1	0	0	0	6	2	3	3	2	4	0	1	0	0	0	0	0	0	2	9
ASV1904	1	0	2	5	4	1	2	2	4	2	5	3	0	1	0	0	0	1	1	0	0	0	1	1	4	0	2	5	3	4	0	0	0	0	0	0	0	0	0
ASV1911	2	0	1	0	0	0	0	2	1	1	0	0	1	4	5	3	3	4	6	0	2	1	1	2	0	1	0	2	0	1	3	0	0	2	1	0	0	2	4
ASV2116	5	2	1	3	0	1	0	0	0	0	0	1	0	0	0	0	0	0	0	1	0	0	0	0	1	1	2	0	2	0	0	2	5	1	1	6	2	20	1
ASV2312	2	4	1	1	3	3	2	1	0	5	2	0	0	0	1	0	0	0	0	2	0	0	0	6	0	1	4	3	0	0	0	4	3	0	3	0	3	6	0
ASV2356	1	0	2	1	0	1	0	1	0	1	0	0	0	0	0	0	0	0	0	1	1	0	0	0	2	4	1	1	0	0	0	8	0	5	8	0	0	24	2
ASV2409	6	0	1	0	0	2	3	1	1	2	0	2	1	1	0	2	4	3	1	1	1	1	0	2	2	0	0	0	0	6	5	0	0	0	1	0	0	0	3
ASV2472	2	3	7	1	3	2	3	2	5	2	1	0	1	0	0	0	0	1	1	2	0	0	1	3	4	2	6	1	3	0	0	0	0	0	0	0	0	0	0
ASV2568	7	2	3	1	1	1	3	0	0	0	0	0	0	1	0	0	0	0	0	0	0	2	0	0	0	2	1	2	2	0	0	9	1	2	2	2	5	10	3
ASV2698	4	3	2	1	1	1	0	1	0	2	0	1	0	0	2	3	6	2	1	2	3	4	1	3	1	2	0	1	2	0	4	0	0	1	0	0	0	1	0
ASV3167	1	1	2	2	3	2	1	0	2	2	3	2	1	1	1	1	1	0	0	2	1	1	0	5	2	0	2	5	4	2	1	1	0	1	0	0	0	0	1
ASV4008	8	0	1	0	1	0	3	2	0	0	0	0	1	3	0	0	2	2	1	0	1	3	2	1	2	0	0	1	0	3	1	0	0	0	0	1	0	2	0
ASV1479	1	3	0	1	2	1	2	1	0	0	0	0	1	1	3	1	0	5	4	0	1	3	11	3	0	2	1	1	0	2	1	0	0	1	0	0	0	0	0
ASV1655	2	7	4	1	0	0	0	2	0	6	0	0	0	1	0	0	0	0	0	1	1	0	0	4	3	4	1	2	2	0	0	1	2	1	2	0	1	1	0
ASV1689	2	0	1	1	0	1	0	1	0	1	0	0	0	0	1	0	0	0	0	0	1	0	0	1	1	5	0	1	1	0	0	1	20	3	2	4	0	6	0
ASV1708	2	8	3	3	2	2	1	2	1	1	0	1	0	0	1	0	0	0	0	0	0	0	1	0	1	3	1	0	0	0	0	0	1	0	3	1	0	7	0
ASV1720	3	3	3	4	4	4	5	1	1	2	1	1	0	0	0	0	0	0	0	0	0	0	2	0	2	1	4	2	1	0	0	3	0	4	0	0	0	0	0
ASV1722	7	1	0	0	0	1	3	0	0	1	1	0	0	0	0	0	0	0	0	4	0	0	0	3	2	2	2	1	1	1	1	0	0	0	0	0	26	0	0
ASV1743	5	2	4	2	2	2	3	2	0	2	2	0	0	0	1	2	0	0	0	0	0	0	0	7	3	6	3	0	1	0	0	0	0	0	0	0	3	2	0
ASV1786	0	0	0	2	1	0	0	2	0	0	0	1	5	5	5	3	5	2	3	0	0	2	1	1	0	0	0	0	0	5	4	0	0	0	0	0	0	0	0
ASV1813	0	4	5	2	2	0	0	1	0	3	0	2	0	0	1	1	2	0	0	1	1	2	2	1	0	3	2	1	1	0	1	0	1	4	4	0	1	8	0
ASV1835	2	0	1	1	1	1	1	0	1	0	0	0	0	0	1	0	4	2	13	0	9	3	0	0	0	0	0	0	0	2	4	0	0	0	0	0	0	2	0
ASV1880	5	1	1	3	2	2	3	2	4	2	1	0	0	1	1	1	2	0	1	3	2	1	0	5	2	3	0	2	1	0	1	0	0	0	0	0	0	0	0
ASV1919	4	4	1	1	1	4	1	0	0	5	0	0	0	0	0	0	1	0	0	3	0	0	0	4	2	4	0	1	4	0	0	0	5	5	6	1	0	0	0
ASV2041	2	0	4	2	5	6	2	6	6	0	5	2	0	0	0	0	0	0	0	0	0	0	0	1	4	1	3	4	4	0	0	0	0	0	0	0	0	0	0
ASV2043	2	0	1	1	1	1	1	1	2	1	2	3	1	1	1	1	5	2	2	0	5	2	0	3	1	1	1	3	1	2	1	0	0	0	0	0	0	0	0
ASV2056	5	3	4	2	3	2	3	0	6	4	2	0	0	0	0	1	0	1	0	3	0	0	0	2	1	1	2	2	2	1	0	0	0	0	0	0	0	1	2
ASV2063	0	1	2	0	3	0	0	1	0	1	0	0	0	0	0	0	0	1	0	2	0	0	0	3	0	0	0	0	0	0	0	13	10	5	4	6	4	2	0
ASV2216	1	2	1	7	2	0	0	0	2	1	1	1	1	0	2	2	1	1	0	2	0	2	2	1	4	4	1	2	2	0	1	1	0	1	1	1	5	2	2
ASV2221	0	0	2	1	2	2	0	2	6	2	0	0	0	2	2	2	0	1	1	2	0	0	0	0	2	1	1	3	2	2	2	1	0	0	0	0	0	1	10
ASV2304	0	0	0	1	0	0	0	0	0	0	0	0	0	0	0	0	1	0	0	2	0	0	0	0	0	0	0	1	0	0	0	1	33	1	3	16	5	1	0
ASV2385	2	0	1	0	0	1	2	0	1	0	1	1	1	10	4	5	3	1	2	2	1	3	4	1	0	0	1	3	0	0	0	0	0	1	0	0	0	0	1
ASV2393	1	6	3	2	1	4	1	4	0	4	0	1	0	0	0	0	0	0	0	5	0	0	0	4	4	1	2	2	3	0	0	2	0	4	3	0	0	0	2
ASV2979	2	0	0	1	0	0	0	1	1	1	0	5	2	1	3	3	4	2	5	0	2	1	0	0	0	2	2	1	0	9	2	0	0	0	0	0	0	0	5
ASV4302	11	3	0	1	0	0	0	0	1	1	3	5	1	1	1	0	1	0	5	3	3	0	1	1	2	0	2	1	1	3	2	0	1	0	1	0	0	1	5
ASV1545	6	2	1	0	0	1	1	0	1	0	0	0	0	0	2	3	3	1	1	0	0	1	3	0	2	0	0	0	0	0	2	2	0	1	1	13	2	1	1
ASV1577	8	7	1	2	1	1	0	0	0	1	0	0	0	0	0	0	0	0	0	3	0	0	0	2	1	5	3	1	2	0	0	0	0	2	0	5	0	6	0
ASV1606	3	0	0	1	1	0	0	0	1	0	0	0	0	0	1	1	4	4	0	0	1	4	2	0	1	1	0	1	0	0	3	0	1	1	1	0	2	17	1
ASV1635	0	0	1	0	0	0	1	0	0	1	0	0	0	0	0	3	1	1	3	1	11	4	7	0	0	1	0	0	0	2	4	0	0	0	0	1	0	4	1
ASV1713	2	3	3	6	0	3	2	0	1	3	0	0	0	1	0	1	0	0	1	5	0	0	0	2	1	1	1	4	3	5	0	0	0	0	0	0	0	1	1
ASV1719	5	2	1	1	1	1	0	1	0	0	3	1	0	1	2	2	3	3	4	2	3	9	3	0	1	0	1	0	0	0	2	0	0	0	0	0	0	2	0
ASV1750	13	5	1	3	0	1	1	1	0	0	1	0	0	0	0	0	0	1	1	3	1	7	0	4	5	5	0	2	3	1	0	0	1	0	0	0	0	0	0
ASV1770	6	7	4	5	2	0	1	0	0	2	0	0	0	0	0	0	0	0	0	4	0	0	0	4	3	9	3	1	1	0	0	0	0	0	0	4	0	0	0
ASV1796	4	5	1	1	3	2	5	0	3	2	2	2	0	2	0	1	1	0	0	0	1	0	2	0	2	1	1	1	4	2	1	0	0	0	0	0	0	1	0
ASV1818	1	1	2	0	0	1	2	2	7	1	2	2	1	1	1	0	2	1	1	2	1	0	3	2	1	2	1	1	3	0	0	0	0	0	0	0	0	0	1
ASV1856	1	2	0	2	0	1	0	0	1	1	0	0	0	1	0	0	2	0	1	2	2	0	0	2	0	2	2	1	0	0	1	1	1	3	9	1	14	1	1
ASV1870	2	2	0	0	1	1	0	0	0	3	0	0	0	0	0	0	0	0	0	2	0	0	0	2	1	1	0	0	0	0	0	2	30	5	2	7	0	0	2
ASV1888	3	0	0	0	0	0	1	1	1	1	0	1	4	2	0	0	2	4	10	2	7	3	2	0	1	0	0	0	0	1	6	0	0	0	0	0	0	0	0
ASV1928	0	1	0	0	0	0	0	0	0	0	0	0	0	0	0	0	0	0	0	2	0	0	0	2	1	0	0	0	0	0	0	16	4	3	3	9	3	15	0
ASV1939	2	1	0	0	0	0	1	1	3	2	1	2	0	1	0	1	2	1	0	5	1	1	1	3	2	5	1	0	2	1	0	1	0	2	2	0	0	4	4
ASV2436	1	2	0	0	0	0	0	0	0	1	3	10	10	1	2	1	1	2	1	1	2	3	1	1	0	2	0	1	1	2	0	0	0	0	0	0	0	3	0
ASV2442	7	4	3	0	4	3	2	1	0	0	0	0	0	0	0	0	0	0	0	2	0	0	0	7	3	6	2	1	2	0	1	1	2	0	2	0	1	5	2
ASV2870	2	4	1	3	1	2	1	1	0	4	2	0	0	1	0	1	0	0	0	6	0	0	1	6	2	0	2	4	2	0	0	3	0	1	2	1	0	1	0
ASV1596	0	5	4	1	0	0	0	0	1	1	1	0	0	1	1	1	2	0	2	2	2	8	1	2	0	2	1	1	0	3	3	1	0	0	0	0	0	1	0
ASV1612	1	0	0	0	0	1	0	1	0	0	0	0	0	0	0	0	0	0	0	1	0	0	0	2	0	0	0	0	0	0	0	0	0	1	3	44	0	0	0
ASV1623	2	2	2	0	0	2	1	1	1	1	0	1	0	0	0	2	0	0	2	7	2	4	2	1	3	3	1	0	1	4	4	1	0	0	0	0	0	4	0
ASV1676	2	1	0	1	0	1	0	1	1	1	2	2	3	2	1	1	3	5	3	0	3	3	1	0	0	2	0	0	1	1	1	0	0	1	0	0	0	0	0
ASV1697	1	3	3	1	0	0	1	0	0	2	1	1	4	2	3	2	3	1	1	1	1	1	3	1	2	1	0	2	0	0	3	0	0	4	5	0	0	1	0
ASV1817	2	6	1	1	1	3	2	0	1	5	0	1	0	0	2	1	0	2	0	3	0	3	1	3	2	1	1	1	2	2	0	1	0	2	0	0	4	3	0
ASV1840	0	2	3	2	5	3	5	3	1	3	4	0	0	1	0	0	0	0	0	1	0	0	0	2	3	6	3	3	6	1	0	0	0	0	0	0	0	0	0
ASV1930	4	1	0	1	1	1	2	1	2	3	4	3	2	1	2	2	4	2	2	0	4	0	0	0	3	2	2	3	3	0	1	0	0	0	0	0	0	0	0
ASV1958	0	9	4	1	2	0	2	1	2	2	0	2	0	0	0	0	0	0	0	3	0	1	0	3	6	3	4	1	0	0	0	0	0	0	0	0	0	0	0
ASV2037	1	4	3	0	1	4	5	1	0	3	1	1	0	0	0	0	0	0	0	7	0	0	0	8	4	6	5	3	0	0	0	0	0	0	0	0	0	0	0
ASV2104	4	4	1	0	0	0	1	1	0	1	2	0	0	2	4	1	2	1	1	0	3	2	0	2	2	3	4	2	1	2	3	2	1	0	0	0	0	0	1
ASV2260	1	4	2	0	1	0	0	3	1	1	4	0	0	3	1	2	1	1	1	3	0	3	1	1	0	1	2	3	2	1	1	1	0	4	1	0	0	0	1
ASV2481	2	0	1	5	4	1	2	4	1	0	0	3	0	1	0	0	0	0	0	3	0	0	0	4	8	4	1	3	6	1	0	0	0	0	0	0	0	0	0
ASV2604	3	1	2	1	1	0	1	1	0	0	0	0	1	0	1	0	0	0	0	2	0	0	0	1	1	3	0	0	2	0	0	2	2	7	2	14	0	0	0
ASV2672	2	1	2	2	1	3	1	1	2	0	2	0	3	0	2	3	0	0	0	0	0	1	0	2	1	1	1	1	0	0	0	1	0	6	5	0	1	1	1
ASV2722	1	1	1	2	3	1	1	1	0	1	0	1	0	0	0	0	0	0	0	2	0	0	0	5	2	3	0	3	2	0	0	2	0	4	5	1	1	3	0
ASV2730	0	6	3	1	0	6	0	2	0	2	0	1	0	0	2	0	0	2	0	4	2	2	0	2	1	3	1	1	0	0	0	0	0	0	1	0	0	0	0
ASV2951	4	2	2	0	0	2	1	0	1	0	0	1	0	0	0	0	0	0	0	2	0	0	0	3	0	2	0	0	0	0	0	12	4	3	1	4	1	15	0
ASV2956	6	2	4	2	1	0	0	1	0	1	0	0	0	1	1	2	1	0	2	0	1	0	0	1	0	1	0	1	0	1	0	0	1	0	1	2	5	10	2
ASV4616	0	0	0	0	0	0	0	0	0	0	0	1	1	1	1	2	8	2	9	1	5	10	2	0	1	0	0	1	0	1	1	1	0	0	0	0	0	0	0
ASV1544	3	2	1	0	2	2	0	1	0	1	0	1	0	0	0	1	0	1	1	1	0	0	1	0	1	3	2	0	1	0	0	1	12	1	6	3	4	1	0
ASV1632	1	3	3	4	1	4	6	2	5	3	5	1	0	0	0	0	1	0	1	1	0	0	0	0	2	1	2	5	2	1	0	0	0	0	0	0	0	0	0
ASV1652	2	4	4	2	2	2	3	1	1	4	0	0	0	0	0	0	0	0	0	1	0	0	0	5	3	4	3	0	1	0	0	0	0	0	1	6	0	0	0
ASV1701	0	2	2	2	0	1	2	0	0	1	0	0	0	0	0	0	0	0	0	0	0	0	0	1	2	3	1	0	0	0	0	0	2	7	11	20	0	0	0
ASV1779	0	4	4	0	0	2	0	1	0	4	0	0	0	0	0	0	1	1	0	2	0	0	0	2	0	1	0	1	0	0	0	4	5	5	3	7	3	0	0
ASV1803	1	1	0	0	0	0	2	0	0	0	0	0	0	0	4	4	2	2	7	0	8	7	6	0	0	0	0	0	0	1	4	0	0	0	0	0	0	0	0
ASV1809	5	2	2	1	4	0	1	1	0	4	0	1	0	0	0	0	0	0	0	3	0	0	0	2	0	4	2	0	1	0	0	1	7	0	1	1	3	16	0
ASV1872	0	2	0	1	1	2	0	2	2	0	0	0	0	0	0	0	5	0	1	2	0	1	5	1	2	2	0	0	0	0	1	2	2	3	8	2	6	2	0
ASV1884	1	0	0	2	0	0	0	0	0	0	0	0	0	0	0	0	0	0	0	1	0	0	0	0	1	1	0	0	0	0	0	2	24	0	15	6	0	0	0
ASV1886	4	5	1	3	3	1	0	0	1	5	2	2	2	1	3	2	1	0	1	7	1	0	0	1	3	3	0	0	2	0	0	0	0	2	0	0	0	1	0
ASV1925	2	3	2	1	0	3	0	0	0	1	0	0	0	1	1	3	5	0	0	3	3	3	1	2	0	2	0	1	1	0	0	0	0	0	0	0	0	1	0
ASV2007	2	1	1	0	0	0	1	1	0	1	0	0	1	0	0	0	0	0	0	2	0	0	0	1	0	0	2	1	0	0	0	7	1	6	3	13	4	4	1
ASV2024	11	4	3	1	0	2	2	0	1	1	0	1	0	1	0	0	0	0	0	3	0	0	1	3	3	1	5	3	3	0	0	0	3	1	1	0	0	3	0
ASV2117	0	1	4	0	2	2	2	1	1	2	3	0	1	2	3	1	1	1	2	0	1	1	8	1	2	3	1	1	0	3	0	0	1	0	0	0	0	0	0
ASV2160	3	1	3	3	5	1	4	1	5	1	1	3	0	0	0	0	1	0	0	0	1	0	0	4	0	2	2	3	2	0	0	0	0	0	0	0	0	0	0
ASV2250	2	4	2	3	1	1	1	1	0	0	0	1	1	0	0	3	0	0	1	3	0	1	0	1	4	2	1	2	3	2	1	2	0	5	2	0	1	1	0
ASV2255	3	7	3	1	3	4	1	0	1	2	0	0	0	0	0	0	0	0	0	3	0	0	0	4	5	2	4	1	0	0	0	0	2	0	3	7	0	0	0
ASV2338	0	0	4	2	1	3	0	3	2	2	2	2	1	1	3	3	0	0	0	2	1	3	1	1	2	1	3	0	1	3	0	0	0	0	3	1	2	0	1
ASV2453	2	1	3	0	1	1	0	0	1	0	1	0	0	1	0	5	2	0	7	3	4	8	1	0	2	0	0	1	0	2	10	0	1	1	1	0	0	0	0
ASV2593	4	8	5	4	2	2	3	5	1	3	0	2	0	0	0	1	0	0	0	2	0	1	0	1	1	2	3	2	0	0	1	0	0	0	0	0	0	0	0
ASV2621	0	1	1	2	1	0	1	0	1	0	0	6	3	3	3	5	0	5	0	0	1	1	2	2	0	0	1	1	1	2	0	3	0	0	2	0	0	2	2
ASV2626	2	0	1	1	1	2	0	0	0	1	1	0	0	0	0	0	0	0	0	0	0	0	0	1	1	1	1	2	1	0	0	6	11	6	1	9	4	3	1
ASV3240	2	4	2	3	3	0	2	1	0	3	1	1	0	0	1	1	1	1	0	3	0	0	4	1	1	1	1	4	1	0	2	2	1	0	1	0	0	0	1
ASV4569	0	1	1	0	0	2	2	0	0	1	1	0	0	6	3	3	4	2	2	1	1	1	3	0	2	0	1	1	3	2	1	1	0	0	1	0	2	5	0
ASV4604	2	1	0	0	0	0	0	0	0	1	0	0	0	1	6	14	8	3	2	0	1	0	0	1	0	1	0	0	1	2	1	0	0	0	0	0	0	0	0
ASV4764	1	0	0	0	0	0	0	0	0	2	0	0	1	0	1	0	0	1	0	1	0	0	0	0	0	0	1	2	0	0	0	1	4	0	1	0	43	0	1
ASV1472	8	2	2	2	2	2	0	4	0	2	1	1	1	2	0	0	0	1	0	3	0	0	1	6	4	3	2	0	0	0	2	0	0	0	0	0	0	0	0
ASV1616	0	1	3	4	1	4	5	4	2	0	3	3	0	0	1	0	2	0	1	1	0	1	0	2	3	6	2	1	2	0	0	0	0	0	0	0	0	0	0
ASV1659	5	2	2	5	2	0	1	0	1	3	0	0	0	0	0	0	0	0	0	3	0	0	2	3	3	2	2	1	4	0	0	2	0	1	0	1	0	6	0
ASV1667	2	0	1	0	0	0	1	0	1	3	0	1	0	0	1	0	0	0	0	1	0	0	0	2	2	1	3	0	2	0	0	3	7	11	3	1	5	6	0
ASV1705	5	1	4	1	1	2	0	0	3	0	1	4	3	2	2	3	1	3	0	1	3	2	0	3	0	3	2	2	0	0	0	0	0	0	0	0	0	0	0
ASV1732	1	4	1	3	1	3	4	0	6	0	3	2	0	2	1	0	0	2	0	3	1	1	2	0	0	4	1	0	1	1	0	0	0	0	0	0	0	0	0
ASV1764	1	0	0	0	0	0	0	0	0	0	0	0	2	7	5	5	1	3	5	0	5	3	3	0	0	0	0	0	0	5	2	0	0	0	0	0	0	0	0
ASV1784	0	1	0	0	1	1	0	0	0	0	0	0	0	2	6	2	8	2	3	0	5	1	1	0	0	0	0	0	0	5	4	0	0	0	0	0	0	0	0
ASV1820	1	0	0	0	0	0	0	0	0	0	0	0	0	0	0	1	0	0	0	0	0	0	0	0	0	0	1	0	0	0	0	17	9	11	1	1	1	20	0
ASV1832	5	2	0	3	1	2	0	3	1	3	0	1	1	1	0	1	0	0	0	2	1	1	0	0	5	4	2	1	2	0	0	0	0	1	1	0	0	4	0
ASV1909	1	5	2	0	2	3	1	0	1	1	0	0	0	0	0	0	0	0	0	4	1	0	0	4	7	8	1	1	1	0	0	0	0	1	0	0	0	10	0
ASV1934	2	2	0	0	1	0	2	1	2	2	1	0	1	2	1	1	3	6	4	2	11	2	0	1	1	2	0	1	0	1	1	0	0	0	0	0	0	1	0
ASV1956	4	0	1	0	1	0	1	0	0	1	0	0	0	0	0	0	2	0	0	1	0	0	0	1	0	2	0	0	1	0	0	1	15	2	1	2	1	14	4
ASV2004	8	2	1	0	1	1	1	1	4	3	3	3	1	1	0	0	0	1	0	3	0	1	3	0	3	4	1	1	0	0	0	0	0	0	0	0	0	0	0
ASV2035	6	2	0	0	0	0	0	1	0	3	0	1	0	0	0	0	1	0	0	0	0	0	1	1	2	3	0	1	3	0	0	0	5	1	2	15	0	2	0
ASV2107	2	1	2	1	0	4	0	0	0	2	0	0	0	0	0	0	0	0	0	1	0	0	0	0	0	1	1	0	0	0	0	2	23	3	5	0	0	9	1
ASV2337	0	3	3	4	0	1	0	0	0	3	0	0	0	1	0	0	0	0	1	2	1	1	0	3	3	3	7	2	4	0	2	1	0	2	0	0	0	2	3
ASV2545	4	0	2	1	0	1	0	1	2	3	0	0	0	0	0	0	0	0	0	3	0	0	0	1	0	1	0	0	1	0	0	1	1	0	1	0	0	31	0
ASV2614	5	3	3	1	1	2	2	5	3	2	2	0	2	1	2	2	0	0	1	1	1	2	1	4	0	1	0	3	2	1	1	0	0	0	0	0	0	0	0
ASV2646	2	9	2	1	0	1	0	0	1	2	0	0	0	0	0	0	0	0	0	2	0	0	0	0	3	3	3	4	1	0	0	1	0	5	3	1	0	6	1
ASV2737	5	5	2	1	0	0	3	3	1	2	1	0	0	0	0	0	0	0	2	6	0	1	1	2	2	6	0	2	1	0	0	3	0	0	1	0	0	0	0
ASV3377	1	0	0	1	0	1	0	1	4	1	0	0	0	0	2	1	0	0	1	1	0	3	3	0	1	2	0	2	0	1	3	6	13	3	1	1	1	0	1
ASV3500	2	0	0	1	0	0	0	0	0	1	0	0	2	0	2	6	6	0	5	0	5	7	1	1	0	1	0	0	0	4	3	0	0	0	0	0	0	0	1
ASV3626	2	2	0	0	1	3	3	0	0	1	0	0	0	0	0	0	0	0	0	4	1	0	0	2	1	4	2	0	2	1	0	2	5	0	6	4	3	1	0
ASV3910	2	2	0	2	0	0	0	0	1	0	0	1	0	2	0	3	2	2	1	1	1	10	0	1	2	1	0	0	3	2	6	0	0	0	0	0	0	1	0
ASV1547	6	5	0	0	3	3	3	1	2	4	0	0	1	1	0	0	0	0	0	5	0	0	0	1	0	0	4	2	2	0	1	0	2	0	1	0	0	5	0
ASV1548	3	6	3	2	0	1	1	1	0	2	0	0	0	0	1	0	0	0	0	5	0	0	0	4	3	3	3	1	1	0	0	0	0	0	1	3	1	0	2
ASV1567	4	2	1	1	2	3	3	2	1	0	1	7	3	0	0	0	0	0	1	4	0	0	0	1	1	2	3	1	0	0	0	0	0	0	0	0	0	1	0
ASV1622	5	1	0	1	0	1	1	0	0	1	0	0	0	0	0	0	0	0	0	2	0	0	0	1	0	4	0	1	1	0	0	32	2	1	1	1	1	3	1
ASV1662	5	9	3	0	0	0	0	0	0	2	0	0	0	0	0	0	0	0	0	7	1	0	0	6	4	3	2	0	2	0	0	0	2	0	0	5	0	0	0
ASV1671	0	10	1	5	4	4	1	1	2	3	2	1	0	0	0	0	0	0	0	7	0	0	0	2	3	2	4	2	0	0	0	0	0	0	0	0	0	0	0
ASV1755	0	2	1	3	3	2	4	2	1	1	0	0	1	1	4	4	1	0	1	2	0	2	0	1	0	1	1	4	2	1	1	0	2	0	3	4	0	2	0
ASV1805	2	0	0	0	0	0	0	0	0	0	0	0	0	0	0	2	3	3	3	0	1	0	1	0	1	2	0	0	1	0	1	0	1	0	0	0	30	0	1
ASV1826	11	1	1	0	0	1	1	2	3	3	0	1	0	1	0	0	2	0	2	3	1	1	0	2	8	2	0	1	1	0	0	0	0	0	0	0	0	0	0
ASV1844	0	11	2	3	1	2	5	0	4	3	0	0	0	0	0	0	0	0	0	2	0	0	0	5	2	0	5	2	3	0	0	0	0	0	0	0	0	0	0
ASV1865	2	4	0	3	0	0	0	1	1	1	1	3	1	1	1	0	2	3	3	1	0	1	1	5	1	2	0	2	1	0	2	2	0	3	1	0	0	2	0
ASV1875	5	1	0	0	0	0	1	3	2	0	0	0	0	0	0	1	0	0	0	2	0	2	0	2	0	0	1	2	1	0	0	8	0	6	3	0	0	10	6
ASV1899	2	1	1	0	0	1	1	0	0	0	0	1	0	1	0	3	2	2	5	2	7	3	0	0	0	0	0	2	1	8	2	0	0	2	1	2	0	1	1
ASV1907	2	2	4	4	1	1	0	1	1	5	2	1	0	1	0	0	0	0	0	3	0	0	1	0	3	2	2	0	3	0	0	1	0	1	0	1	0	1	0
ASV1936	1	1	2	0	2	2	2	4	1	1	5	4	0	1	0	0	1	2	0	0	5	1	0	1	0	1	4	1	3	3	0	0	0	0	0	0	0	0	0
ASV1961	13	6	4	0	3	4	0	0	0	0	0	0	1	0	0	0	4	0	2	4	0	0	0	1	2	1	3	1	2	1	0	0	0	0	0	0	0	0	1
ASV1971	0	4	3	1	1	4	2	0	0	2	0	0	0	0	0	0	0	1	0	0	0	0	0	1	1	1	3	2	1	0	0	5	1	10	3	0	1	4	0
ASV1973	0	0	0	0	0	0	0	0	0	0	0	0	0	0	0	0	0	1	0	0	0	0	0	1	0	0	1	0	0	0	0	16	11	9	9	4	1	4	0
ASV2021	2	0	2	0	1	0	2	3	3	0	1	5	3	0	4	3	4	1	3	0	2	3	1	0	0	0	0	0	0	0	1	0	0	0	0	0	0	0	0
ASV2029	5	0	0	2	5	5	2	2	2	0	1	0	0	0	0	0	1	0	0	3	0	0	3	0	4	6	3	3	7	0	0	0	0	0	0	0	0	0	3
ASV2051	1	2	2	1	3	0	6	4	1	4	0	0	0	2	0	0	0	0	0	4	0	0	0	3	5	2	3	2	1	0	0	0	0	2	1	0	0	0	0
ASV2057	2	4	2	4	2	0	1	0	1	8	0	0	0	0	0	1	0	0	1	5	1	0	0	4	1	3	3	1	3	0	0	1	0	3	2	0	0	2	1
ASV2094	3	1	3	1	0	0	1	1	1	2	0	1	0	0	0	0	0	2	0	1	0	2	0	3	1	1	0	0	0	0	1	2	2	1	1	0	2	17	7
ASV2170	1	5	0	5	0	1	4	5	0	1	4	0	0	0	0	1	7	0	0	1	0	0	0	1	3	5	1	1	0	1	0	0	0	0	0	0	0	0	0
ASV2174	2	2	2	1	5	2	1	1	3	1	0	0	0	0	2	0	1	1	0	4	1	0	0	8	2	2	2	0	1	0	0	0	0	1	0	0	4	0	0
ASV2306	2	8	4	4	1	1	0	0	0	1	1	0	0	0	1	0	0	1	1	5	1	1	0	3	2	4	2	1	1	0	0	0	0	0	0	0	0	6	0
ASV2758	7	4	4	4	2	2	0	0	0	0	0	0	0	0	0	0	0	0	0	2	0	0	1	5	3	2	1	0	0	0	0	0	0	1	8	1	0	0	0
ASV2867	2	3	1	1	0	0	0	0	0	1	0	0	0	0	0	0	1	0	0	5	0	0	0	1	3	1	3	0	0	0	0	0	1	8	10	8	0	0	1
ASV3449	1	3	1	5	1	3	1	2	0	2	2	0	0	0	0	0	0	0	0	3	1	0	0	2	3	2	3	2	2	0	0	0	0	1	1	2	0	0	0
ASV3521	0	0	2	0	3	2	0	4	0	3	0	0	0	2	2	3	1	0	0	2	0	1	2	0	4	0	0	4	1	0	0	1	3	0	3	1	0	1	0
ASV3644	0	1	0	0	3	4	0	3	0	3	3	0	0	0	0	1	2	1	1	0	1	2	0	1	2	3	2	2	1	1	2	1	5	0	3	4	1	0	0
ASV3768	1	4	7	2	1	3	1	1	2	1	1	0	0	0	0	0	0	0	0	3	0	0	0	5	2	4	1	1	3	0	2	0	0	0	0	0	0	0	1
ASV5066	3	4	2	1	1	3	0	0	0	1	0	0	0	0	0	1	0	0	0	0	0	0	0	0	0	0	1	1	2	0	0	11	5	7	10	2	1	0	0
ASV1482	3	1	1	0	0	0	0	0	0	0	0	0	0	0	0	0	0	0	1	1	0	0	0	0	0	0	0	0	1	0	0	0	16	2	8	28	0	0	0
ASV1565	4	0	0	0	0	0	0	0	0	0	0	0	0	0	0	0	0	0	0	0	0	0	0	0	0	1	0	0	0	0	0	0	3	6	5	28	0	0	0
ASV1637	14	3	1	5	0	4	0	0	0	0	0	0	0	0	0	0	0	0	0	2	0	0	0	6	3	3	1	2	2	0	0	0	0	0	0	0	0	0	0
ASV1688	14	4	3	1	3	2	2	2	1	3	0	0	1	0	1	1	0	1	1	3	1	1	0	2	2	3	0	0	0	0	0	0	0	0	0	0	0	0	0
ASV1738	1	4	3	1	3	2	0	3	1	1	1	1	0	0	0	0	1	0	0	3	0	0	0	3	3	8	5	1	0	0	0	0	1	0	1	1	0	0	0
ASV1771	6	5	0	0	0	1	0	0	1	4	0	3	0	1	2	0	1	0	0	8	1	2	0	3	3	1	2	3	0	0	0	0	0	1	0	0	0	1	0
ASV1838	0	3	1	1	0	0	1	1	1	5	1	2	0	1	0	0	1	0	1	1	1	2	1	2	2	1	1	2	1	1	2	0	1	3	3	2	0	1	0
ASV1839	5	6	2	5	3	0	2	1	1	2	0	0	1	0	0	0	0	0	0	2	0	1	0	1	2	1	3	4	4	0	0	0	0	1	0	0	0	0	0
ASV1874	3	1	1	3	3	0	2	2	0	2	2	1	2	1	1	4	2	1	2	1	1	2	3	0	1	3	0	3	2	2	1	0	0	0	0	0	0	0	2
ASV1960	1	1	4	0	0	3	2	0	2	1	1	0	0	1	0	0	0	0	0	9	0	1	2	3	2	2	3	2	2	0	0	0	1	2	2	8	1	0	0
ASV2002	7	2	0	0	1	0	0	0	0	3	0	1	0	0	0	1	0	0	1	1	0	1	0	4	1	1	0	0	0	1	1	0	1	2	2	0	0	27	2
ASV2054	3	0	3	2	3	1	6	2	0	0	5	2	0	0	0	0	0	1	1	0	1	0	1	1	4	3	1	1	2	0	0	0	0	0	0	0	0	0	0
ASV2081	1	4	0	0	1	0	0	3	0	0	0	0	0	1	0	0	2	10	0	1	7	2	2	0	1	2	1	0	2	0	3	0	0	0	0	0	0	0	0
ASV2166	0	2	1	2	0	2	0	1	0	4	0	0	0	1	0	0	0	0	0	1	1	0	0	4	2	3	1	0	1	0	0	6	2	5	6	0	0	6	1
ASV2271	1	7	0	1	4	3	1	2	1	1	0	0	0	1	1	0	2	1	1	4	0	3	1	1	4	1	2	3	2	0	0	1	0	0	0	0	0	1	2
ASV2344	2	4	2	1	1	3	1	0	0	2	1	3	1	2	2	1	1	1	0	0	0	0	0	2	3	2	1	0	1	1	2	3	0	0	1	0	0	1	1
ASV2546	4	4	1	4	2	1	2	0	0	2	0	0	0	0	0	0	0	0	0	2	0	0	1	1	1	4	3	2	2	0	0	3	0	2	2	0	0	6	1
ASV2765	1	0	1	0	2	1	1	0	0	1	0	0	0	0	0	0	0	0	0	0	0	1	0	1	1	1	0	0	0	0	0	9	2	11	10	0	8	4	1
ASV3018	3	0	2	0	0	1	2	0	0	2	0	0	3	4	2	2	2	2	0	2	3	0	4	3	2	3	0	4	1	1	1	0	0	1	0	0	0	0	0
ASV3297	2	4	1	3	0	7	0	1	0	3	0	0	0	0	1	0	0	0	0	0	0	0	0	6	1	2	1	1	0	0	0	3	6	2	0	5	1	1	0
ASV3680	5	4	1	2	2	3	0	0	0	2	1	0	0	0	0	0	0	0	0	11	0	0	1	7	3	2	4	3	1	0	0	0	0	0	0	0	0	0	0
ASV3982	2	2	0	0	0	0	1	0	1	0	1	0	1	0	0	1	0	0	0	2	1	4	2	2	1	1	0	1	0	1	1	4	10	1	1	1	4	5	3
ASV1523	3	2	2	1	1	2	2	3	0	6	0	1	0	0	0	3	0	0	0	1	1	0	0	3	3	1	1	4	0	2	1	0	0	0	0	0	0	0	0
ASV1598	11	2	2	0	2	0	1	1	1	0	0	0	2	2	2	0	2	1	1	2	0	0	2	0	0	0	2	1	1	0	0	0	1	0	1	0	0	4	0
ASV1660	3	0	0	1	1	0	0	1	0	1	0	0	0	0	0	0	0	1	0	1	0	0	0	0	0	0	0	0	1	0	1	11	12	8	1	1	1	6	1
ASV1693	3	1	1	0	0	0	0	1	4	0	0	4	0	0	2	3	4	1	4	0	2	6	1	0	1	0	1	1	0	2	1	0	0	0	0	0	0	1	0
ASV1758	3	2	0	1	2	1	1	0	2	1	0	0	1	0	0	0	0	0	0	1	0	0	0	0	1	1	1	0	2	0	0	5	9	2	3	3	4	13	0
ASV1762	0	1	1	0	0	3	2	0	2	3	1	1	1	3	0	0	3	2	0	2	1	9	1	0	1	1	1	1	0	1	0	0	0	0	0	0	0	0	0
ASV1788	2	0	0	0	0	0	0	0	0	4	1	0	1	0	0	2	5	5	7	1	3	4	1	1	1	1	0	0	0	2	1	0	0	0	1	0	0	0	1
ASV1833	1	6	2	0	0	1	0	0	0	1	0	1	0	0	0	0	0	0	0	1	0	1	0	1	3	3	4	1	0	0	0	7	5	5	3	3	0	3	0
ASV1836	1	0	0	0	0	1	0	0	0	3	0	0	1	2	1	0	2	1	0	1	1	0	0	0	0	2	0	0	0	0	0	2	1	3	1	6	14	0	0
ASV1949	6	1	0	1	0	0	0	0	1	0	0	0	0	0	0	0	0	0	0	0	0	1	0	0	0	2	0	0	0	0	0	1	3	2	2	0	7	10	19
ASV2000	9	1	0	1	0	0	0	1	1	0	1	0	0	0	0	0	0	1	0	0	0	0	0	2	0	1	0	0	0	0	1	0	1	3	2	0	1	7	16
ASV2088	5	1	4	0	1	2	1	0	0	1	1	1	0	3	2	5	1	4	2	1	0	1	0	0	0	2	3	0	3	1	0	0	1	1	0	0	2	2	0
ASV2089	2	2	1	1	4	1	0	2	0	1	0	0	0	0	0	1	0	0	0	2	0	0	0	1	1	4	0	1	1	0	1	2	0	4	6	0	5	4	0
ASV2301	1	3	0	3	5	3	0	0	2	2	7	4	0	0	0	1	0	0	0	0	1	0	0	4	3	2	1	3	3	0	0	0	0	0	0	0	0	0	1
ASV2443	3	3	0	0	1	0	0	0	0	1	0	0	0	0	0	0	0	0	0	3	0	0	0	1	0	0	1	2	1	0	0	7	0	7	2	1	12	14	2
ASV4854	4	0	2	1	1	2	4	3	1	1	0	0	0	0	0	1	0	0	0	2	0	0	0	1	1	0	2	0	1	0	0	2	0	6	1	4	3	3	0
ASV1566	2	0	0	0	1	0	1	0	0	1	0	0	0	1	0	0	0	0	0	0	0	0	0	0	1	2	0	1	1	0	0	0	8	5	6	20	2	0	0
ASV1648	13	0	0	4	3	4	0	1	0	4	0	0	0	0	0	0	0	0	0	5	0	0	0	9	2	4	2	0	1	0	0	0	0	0	0	0	0	0	0
ASV1680	2	0	0	1	0	0	1	0	1	2	0	0	0	0	0	2	0	0	0	1	0	1	3	1	0	0	0	0	0	1	1	4	6	3	4	2	4	9	0
ASV1683	0	1	0	1	0	0	0	0	0	1	0	0	0	0	0	0	0	0	0	2	0	0	0	1	0	1	1	0	0	0	0	17	0	0	5	0	1	22	5
ASV1709	2	2	5	2	2	3	3	4	3	0	5	5	0	0	0	0	0	0	0	2	0	0	0	1	3	3	2	0	3	0	0	0	0	0	0	0	0	0	0
ASV1741	10	1	0	0	0	1	2	2	2	2	0	0	1	1	1	0	0	1	0	3	0	0	1	4	2	2	0	0	0	1	0	1	0	3	0	0	0	3	1
ASV1808	1	0	1	3	0	0	0	0	2	1	1	1	0	0	0	1	2	2	0	0	2	0	0	3	0	0	1	0	1	0	2	6	4	2	1	1	6	3	1
ASV1810	4	1	1	2	2	4	0	1	0	1	4	0	0	1	0	1	0	0	0	6	0	0	0	2	2	3	4	1	2	0	0	3	0	1	2	0	0	0	5
ASV1924	1	5	2	1	1	1	2	0	3	0	1	0	1	1	1	6	1	4	2	0	2	2	1	1	0	0	0	1	1	2	1	1	0	1	0	0	0	0	2
ASV1932	17	6	3	2	1	1	0	1	0	1	0	0	0	0	0	0	0	0	0	3	0	0	0	2	3	1	2	1	2	0	0	0	0	0	0	0	0	0	0
ASV1933	3	1	0	0	2	1	0	2	0	0	2	2	1	2	3	1	0	3	0	1	3	0	0	2	4	2	2	3	1	3	3	0	0	0	2	0	0	0	2
ASV1975	1	1	0	0	0	0	0	0	0	1	0	0	0	0	0	0	0	0	0	0	0	0	0	2	1	0	0	0	0	0	0	8	9	8	1	8	1	14	0
ASV1998	1	10	1	1	0	0	0	1	0	2	0	0	0	1	1	0	0	0	0	1	0	0	0	4	1	0	3	1	1	0	0	0	7	3	3	3	0	1	2
ASV2062	5	2	0	0	0	0	0	1	1	2	1	0	0	0	2	1	2	1	5	3	2	0	5	3	3	3	0	0	1	2	0	0	0	0	0	0	0	2	0
ASV2070	2	1	0	1	1	2	1	1	0	1	0	1	0	4	1	2	4	6	3	0	2	7	2	1	0	1	0	0	0	0	1	3	0	0	1	0	1	1	0
ASV2079	0	0	0	0	0	0	1	0	1	3	0	0	0	0	0	0	0	0	0	2	0	0	0	0	1	0	0	0	3	0	0	15	9	2	6	3	2	4	0
ASV2080	1	7	2	2	1	0	3	1	0	3	0	0	0	0	0	0	0	0	1	7	0	0	0	2	1	1	3	2	2	0	0	1	2	0	1	0	0	10	1
ASV2283	3	2	1	0	0	2	0	0	0	0	0	0	0	0	0	0	0	0	0	1	0	0	0	1	1	1	0	1	0	0	0	6	8	1	6	13	0	3	2
ASV2360	1	2	0	2	1	2	4	0	0	3	0	0	1	0	0	0	0	0	0	2	0	0	0	1	2	4	1	0	5	0	0	4	0	1	2	0	2	6	0
ASV2459	5	2	2	2	1	1	2	1	2	0	0	0	0	0	0	0	1	2	0	0	0	0	0	2	1	3	1	1	3	1	2	0	0	0	1	0	0	13	0
ASV2500	1	1	1	0	1	3	1	0	0	3	1	0	0	0	2	1	2	1	0	1	1	2	0	2	2	0	3	4	2	0	0	0	1	0	5	1	0	0	0
ASV3065	1	2	3	1	1	1	0	1	0	1	1	1	1	0	0	1	1	0	0	4	2	1	0	0	1	0	1	2	1	0	0	1	8	0	2	12	1	0	1
ASV3168	3	0	0	1	0	0	0	0	0	1	1	0	1	1	0	0	0	0	0	2	0	0	0	0	0	1	0	0	0	1	0	4	0	3	2	2	9	22	1
ASV3693	0	1	1	2	3	3	0	0	0	3	0	0	0	0	1	0	0	0	0	2	0	0	1	4	1	3	4	2	1	1	0	0	0	1	6	2	0	1	1
ASV3842	2	0	0	1	0	1	1	0	2	0	1	0	0	0	1	3	1	0	2	3	4	0	2	1	1	2	0	0	0	2	0	1	0	3	2	0	6	0	0
ASV4069	2	3	1	0	0	0	0	0	0	2	0	0	3	2	1	5	0	2	5	1	2	0	0	2	1	2	1	1	0	0	2	0	2	0	2	0	0	1	0
ASV5049	0	2	1	2	1	0	1	2	0	0	4	1	0	1	0	2	1	1	0	3	1	1	3	6	0	0	1	2	2	0	0	1	1	0	2	0	8	2	0
ASV5210	0	0	0	0	0	0	1	1	0	2	0	0	0	1	3	2	1	0	2	2	3	1	3	0	1	4	1	1	0	1	1	6	5	0	1	2	1	4	1
ASV1690	9	0	3	2	3	2	4	0	0	1	0	0	0	0	0	0	0	0	0	3	0	0	0	6	1	3	5	1	0	0	0	0	0	0	0	0	0	9	0
ASV1749	9	1	2	1	1	1	5	1	1	3	0	0	0	0	0	0	0	1	0	3	0	0	0	1	2	4	4	1	0	0	0	0	0	0	0	0	0	8	0
ASV1792	1	0	0	0	0	3	0	2	0	0	0	0	0	0	1	0	0	0	0	0	2	0	1	1	1	1	1	0	0	0	0	0	23	2	3	5	0	1	0
ASV1814	7	1	0	1	0	0	0	2	1	1	0	0	0	1	0	0	0	0	0	1	1	0	0	0	0	0	0	0	0	0	0	0	16	3	2	15	0	3	0
ASV1869	1	1	1	0	0	0	1	0	1	0	1	1	0	2	3	4	4	4	0	0	4	1	1	0	1	0	0	0	1	2	5	0	0	0	0	0	0	0	0
ASV1917	3	5	0	3	0	1	2	3	0	3	0	0	0	2	0	0	1	0	0	3	1	3	1	0	2	2	3	0	1	2	1	0	0	0	0	0	0	0	6
ASV1981	3	2	1	0	0	2	0	1	0	0	0	0	0	0	0	0	1	0	2	0	0	0	0	4	1	1	0	3	0	0	0	5	6	6	2	2	1	5	1
ASV2067	3	1	2	0	2	1	1	0	2	0	0	0	1	0	0	0	1	2	3	1	0	1	0	0	0	0	0	0	0	0	0	7	5	4	7	1	1	2	3
ASV2093	0	0	0	2	2	1	2	4	1	3	4	0	3	1	0	1	2	1	1	2	0	0	1	3	2	3	1	4	2	1	1	0	0	0	2	0	0	0	1
ASV2098	0	0	0	0	1	0	0	0	0	1	0	1	0	0	0	0	0	0	0	0	0	0	0	0	0	1	0	0	2	2	0	7	5	5	6	0	1	15	3
ASV2131	14	4	0	3	2	0	1	1	2	0	4	1	0	0	1	1	2	0	3	3	1	1	1	0	3	0	0	1	1	0	1	0	0	0	0	0	0	0	0
ASV2146	3	0	0	1	1	0	0	0	0	1	0	0	0	0	0	0	1	0	0	1	0	0	1	0	2	1	0	2	1	0	0	8	9	4	1	0	6	4	0
ASV2150	6	2	0	0	0	0	0	1	0	1	0	0	2	1	0	0	0	1	0	2	0	0	0	4	0	2	0	4	0	0	0	0	1	6	1	10	1	6	0
ASV2251	1	0	0	1	0	0	0	1	0	0	0	0	2	0	0	0	0	0	0	3	0	0	0	1	0	2	0	0	0	0	0	4	1	5	4	2	4	28	0
ASV2277	4	1	0	0	1	1	0	0	0	0	0	0	0	0	0	0	0	0	0	1	0	0	0	0	0	1	1	0	0	0	0	1	22	1	7	8	2	3	0
ASV2668	12	0	0	0	0	0	0	0	1	1	0	0	1	0	0	1	0	0	1	1	0	0	0	3	1	0	0	1	0	0	3	0	2	0	1	0	2	19	1
ASV2716	4	1	0	1	0	0	0	3	0	2	2	0	0	0	0	1	0	0	0	0	3	3	2	0	1	2	0	0	2	0	1	6	5	4	3	0	0	3	3
ASV2801	2	1	0	1	1	1	0	1	0	3	0	0	0	0	0	0	0	0	0	1	0	0	0	2	0	0	2	1	0	0	0	5	9	2	6	9	1	2	2
ASV3087	0	0	0	0	1	0	0	0	1	0	6	21	3	2	2	0	1	2	0	0	5	2	3	0	1	2	0	0	0	1	0	0	0	0	0	0	0	0	0
ASV3313	13	3	2	3	0	3	1	0	0	3	2	0	0	1	1	2	0	0	2	1	0	0	2	1	0	1	3	1	1	0	0	1	0	0	0	0	5	1	0
ASV3352	3	1	0	0	0	1	0	0	0	0	0	0	0	0	0	0	0	0	0	0	0	0	0	0	0	0	0	0	0	0	0	7	20	3	7	0	5	9	1
ASV3517	2	2	5	2	3	0	1	2	1	4	2	0	0	0	0	0	0	0	0	5	1	0	1	3	2	2	3	0	1	0	0	1	2	0	0	0	0	0	0
ASV4206	0	3	0	1	1	2	0	1	2	4	0	0	0	0	0	0	1	0	0	1	0	0	0	2	2	2	0	2	3	0	0	2	2	0	2	0	10	3	0
ASV4639	0	2	0	0	2	1	0	0	2	0	0	0	0	0	0	0	0	0	1	4	0	0	0	2	1	3	0	5	0	0	0	5	8	0	3	4	7	2	0
ASV5394	3	0	0	0	0	0	1	1	0	1	0	0	0	0	3	0	3	5	7	0	1	2	2	0	0	0	0	0	0	0	5	0	0	0	2	0	0	5	2
ASV5574	0	1	0	0	1	0	0	1	0	0	1	0	0	0	0	2	2	1	1	0	1	0	0	1	0	0	0	0	0	2	2	0	2	0	0	1	23	4	2
ASV5756	1	1	1	1	0	0	0	0	0	2	0	0	0	2	2	1	0	0	4	0	5	7	2	0	1	0	0	2	2	0	1	1	1	0	0	0	6	0	0
ASV1613	1	3	3	2	1	3	1	0	1	0	1	1	0	0	2	0	1	1	0	8	1	1	5	3	3	2	1	0	0	0	1	0	0	0	0	0	0	3	1
ASV1653	1	1	0	0	0	0	0	0	0	1	0	0	0	0	0	0	0	0	0	0	0	0	0	0	1	2	0	0	0	0	0	2	5	2	0	0	1	41	3
ASV1673	2	1	1	0	0	0	1	0	1	0	0	0	0	0	0	0	0	0	0	3	0	0	0	0	0	0	0	0	0	0	0	0	9	4	2	0	24	0	1
ASV1695	3	4	0	3	3	0	1	1	0	5	0	0	1	0	1	1	0	0	6	1	1	1	2	0	1	1	2	0	2	1	0	3	0	1	0	0	0	5	0
ASV1748	1	0	0	1	0	1	0	0	0	0	0	1	2	3	4	1	3	3	8	0	1	1	2	0	3	1	1	1	0	1	1	0	0	1	0	0	0	0	1
ASV1824	1	1	2	0	0	1	0	2	0	2	1	0	0	0	0	0	0	0	0	1	2	0	0	1	1	0	0	1	1	0	0	7	6	4	0	0	2	7	0
ASV1906	2	1	0	0	0	0	0	2	0	1	0	3	0	1	3	3	2	7	4	2	4	5	0	0	0	0	2	1	1	0	1	1	0	0	1	0	0	2	2
ASV1959	0	1	2	4	2	1	0	3	2	1	0	2	0	0	0	0	1	0	2	3	0	1	1	3	0	0	0	0	1	0	0	6	2	4	4	0	3	0	0
ASV1965	4	1	1	2	1	0	1	1	0	1	0	0	0	0	1	0	0	0	1	2	0	1	2	1	2	2	0	1	1	0	0	4	5	0	3	4	3	6	0
ASV2118	3	0	1	0	0	0	1	2	2	2	0	0	1	1	0	0	1	2	3	0	0	1	2	0	0	2	0	2	0	0	2	5	0	1	3	0	5	6	2
ASV2212	0	0	1	0	0	0	0	1	0	0	0	0	0	2	2	1	4	8	4	0	3	4	2	1	0	0	1	1	0	5	7	0	0	0	1	1	0	1	0
ASV2276	0	0	0	0	0	0	0	0	0	0	1	0	1	0	0	0	0	0	0	0	0	0	0	0	0	1	0	0	0	0	0	0	0	1	0	0	38	12	4
ASV2300	11	4	1	1	0	0	0	0	1	1	0	0	0	0	0	0	0	0	0	1	0	0	0	1	5	3	2	2	0	0	1	6	2	2	2	0	2	5	0
ASV2366	0	5	0	1	4	2	1	1	1	0	2	1	1	1	2	0	2	2	1	1	4	1	0	3	3	3	2	0	1	0	0	0	0	1	0	0	0	0	0
ASV2446	0	0	2	2	3	5	3	1	0	2	1	0	0	0	0	0	0	0	0	1	0	0	1	2	4	5	6	0	4	0	0	0	0	1	0	0	0	0	1
ASV2450	0	0	0	0	0	1	0	0	0	0	0	0	0	0	0	0	0	0	0	0	0	0	0	0	0	0	0	0	1	0	0	5	19	4	4	14	1	1	0
ASV2452	3	1	2	0	1	1	0	1	1	4	0	0	0	0	0	0	0	0	0	5	1	0	0	2	1	5	1	1	0	0	1	4	6	3	0	4	3	5	0
ASV2523	10	2	2	0	1	1	2	1	1	1	0	0	0	0	0	0	1	0	0	1	0	0	0	3	2	3	2	1	2	0	0	2	0	2	2	4	0	2	0
ASV2582	4	1	0	0	4	0	0	1	0	0	2	0	0	0	2	4	7	2	1	0	0	1	0	0	1	0	0	0	0	6	3	0	0	0	0	0	0	2	2
ASV2647	1	0	1	0	0	0	0	2	0	0	0	0	0	0	0	0	0	0	0	0	0	0	0	0	1	0	0	0	1	0	0	1	8	2	4	2	0	35	0
ASV2766	1	2	1	1	0	0	0	0	1	3	0	1	2	6	1	1	1	3	3	1	2	1	0	0	1	1	4	1	1	0	1	0	1	0	0	0	1	2	0
ASV2837	2	4	4	2	3	1	1	1	1	2	0	0	1	0	0	3	2	2	1	3	2	1	0	1	1	0	4	0	1	2	0	0	0	4	0	0	0	0	2
ASV3246	2	2	0	0	1	1	0	0	0	3	0	0	0	0	0	0	1	0	0	1	0	0	0	3	1	7	3	1	0	0	0	4	8	0	4	2	4	2	0
ASV3316	8	1	2	2	1	1	1	0	4	1	0	0	1	0	0	1	0	1	3	3	2	1	0	0	2	2	1	3	0	1	6	1	0	0	0	0	1	3	0
ASV3414	0	1	0	1	1	1	0	1	0	0	2	1	2	4	7	7	1	1	2	0	0	5	0	0	0	2	1	2	0	0	1	0	0	0	1	0	0	0	0
ASV4400	3	0	0	0	1	0	0	0	1	1	0	0	0	1	1	1	3	1	2	2	1	0	0	1	2	0	2	2	1	0	1	2	1	0	1	0	4	14	6
ASV5841	0	4	3	3	0	1	0	2	0	2	0	0	0	0	0	0	1	0	1	2	0	1	0	4	1	2	3	0	1	1	1	1	1	6	1	0	4	0	0
ASV1579	0	0	0	0	0	0	0	0	0	0	0	0	0	0	0	0	0	0	0	0	0	0	0	0	0	0	0	0	0	0	0	22	8	9	9	1	6	0	0
ASV1661	3	3	0	1	1	0	2	1	1	0	0	0	0	1	0	0	0	0	0	0	0	0	0	0	0	1	0	0	1	0	0	1	1	8	3	0	0	16	3
ASV1694	1	0	0	1	0	0	0	0	0	0	0	0	0	0	0	0	0	0	0	0	0	0	0	0	0	1	1	1	0	0	0	0	29	5	4	7	0	0	0
ASV1752	2	2	1	0	2	0	4	0	1	3	0	0	0	0	0	0	0	0	0	3	0	0	0	1	0	2	0	3	0	0	1	1	1	1	2	8	11	0	0
ASV1802	0	0	0	0	0	1	0	0	0	0	0	1	4	1	3	3	4	3	7	0	2	9	2	3	0	0	0	0	1	1	2	0	0	0	0	0	0	0	0
ASV1887	3	3	0	1	1	1	0	1	0	0	0	0	0	0	0	0	1	1	0	0	0	0	0	0	2	0	0	0	0	1	0	6	6	3	3	2	2	6	0
ASV1908	1	4	0	3	2	0	1	2	0	4	0	0	0	1	0	1	0	1	0	4	2	1	1	2	1	1	2	1	2	3	0	1	1	0	2	0	1	2	3
ASV1918	5	3	1	1	0	1	2	1	3	8	0	1	0	0	0	1	0	0	0	4	0	1	0	2	5	3	2	2	0	0	0	0	0	1	1	0	1	1	0
ASV1926	2	2	0	1	0	0	0	0	0	3	0	0	0	0	0	0	0	0	0	0	0	0	0	0	0	1	1	0	1	0	0	6	3	4	2	1	13	8	3
ASV1935	6	1	0	1	0	0	0	0	0	0	0	0	0	0	0	0	0	0	0	0	0	0	0	2	0	0	0	0	0	0	0	0	15	6	0	19	0	0	0
ASV1953	0	4	2	0	1	2	2	5	7	1	1	0	0	0	0	2	0	0	0	4	0	0	0	0	2	3	1	1	3	0	0	1	0	2	0	0	0	0	0
ASV1976	2	0	0	1	2	1	3	1	2	1	0	3	2	2	1	2	3	1	0	2	3	1	0	0	2	2	0	1	3	2	0	0	0	0	0	0	0	0	0
ASV2030	1	1	4	1	0	3	0	0	0	2	0	1	0	0	0	0	0	0	0	0	0	0	0	2	0	20	1	2	5	0	0	0	0	0	0	0	1	4	0
ASV2055	2	1	1	1	1	1	0	1	0	2	0	0	0	1	0	0	0	0	0	2	0	0	0	1	1	1	1	0	1	0	1	2	4	0	2	22	1	2	0
ASV2108	13	2	4	0	1	0	0	2	2	1	0	0	0	1	0	0	1	0	0	0	0	1	1	4	2	0	0	2	1	0	0	0	0	1	0	0	2	1	5
ASV2135	2	3	1	2	1	3	3	1	0	3	0	0	0	0	0	0	0	0	0	1	0	0	0	5	4	2	2	1	3	1	0	0	0	0	1	4	0	8	0
ASV2154	0	6	4	4	3	2	2	2	2	3	0	0	0	0	0	0	0	0	0	2	0	0	0	2	1	3	6	2	0	0	1	1	0	1	0	1	0	2	0
ASV2225	3	0	0	1	0	0	0	0	0	0	0	0	0	0	0	0	0	0	1	1	0	0	0	2	0	0	0	0	0	0	0	3	21	1	3	6	1	2	1
ASV2433	3	3	0	2	2	1	0	4	2	3	1	1	0	0	1	3	1	0	0	1	0	0	0	4	3	2	2	0	3	3	0	0	0	0	0	0	0	0	0
ASV2439	1	1	1	1	0	0	1	4	0	0	1	0	0	2	1	1	0	2	0	3	0	0	0	4	3	1	1	7	3	0	1	0	0	0	0	0	0	0	0
ASV2508	2	1	2	0	0	0	1	0	0	0	0	0	0	0	0	0	0	0	0	3	0	0	0	0	1	1	0	1	0	0	0	9	8	4	2	1	1	14	1
ASV2795	0	2	3	2	2	0	2	1	1	1	0	1	0	1	0	1	0	0	1	1	0	0	0	0	1	4	2	1	3	0	0	0	0	2	6	7	0	1	0
ASV2841	3	0	0	0	1	0	0	0	2	2	0	1	3	3	3	2	3	4	0	2	6	5	3	0	1	0	0	0	0	1	0	1	0	0	0	0	0	0	0
ASV2852	1	6	3	1	2	0	1	1	0	2	0	0	0	1	0	0	1	0	0	2	0	0	1	3	1	5	4	3	4	2	0	1	0	0	1	0	0	1	0
ASV2997	9	1	0	1	0	0	1	0	1	0	2	1	0	1	0	0	1	1	2	1	0	0	2	0	2	3	0	0	2	3	1	0	0	0	0	0	0	0	0
ASV3163	6	2	0	1	2	1	0	1	0	0	0	0	0	0	0	0	0	1	1	1	0	0	0	0	1	3	3	0	1	1	0	0	0	0	0	0	0	27	1
ASV3362	0	0	0	1	0	0	1	1	1	0	2	3	0	3	6	1	0	4	1	1	1	0	1	1	0	0	0	0	1	7	3	0	0	0	0	0	0	1	0
ASV3876	5	1	0	0	1	0	0	0	0	1	0	0	0	0	0	0	0	1	1	0	0	1	0	0	0	1	0	0	0	0	0	5	23	0	2	2	5	9	2
ASV4097	1	2	1	3	0	1	0	0	1	0	0	0	0	0	0	1	1	0	0	5	0	1	0	4	2	0	2	2	0	0	0	4	3	3	6	0	0	4	0
ASV4326	1	4	1	2	2	2	1	0	0	0	2	0	1	0	2	0	0	1	0	3	2	0	1	4	1	2	3	0	0	2	1	0	0	0	2	1	2	4	1
ASV1510	4	2	3	2	1	0	0	0	1	3	0	0	1	0	0	0	3	1	1	1	1	0	6	1	0	6	0	0	0	5	4	0	0	0	1	0	0	0	0
ASV1663	10	1	0	1	0	1	2	2	0	1	0	0	0	1	2	0	0	1	1	5	0	1	0	1	4	3	1	0	3	0	0	0	0	0	0	0	1	0	0
ASV1687	0	5	0	7	3	1	4	0	0	3	1	0	0	0	0	0	0	0	0	4	0	0	0	5	4	1	0	3	3	0	0	0	0	0	0	0	0	0	0
ASV1815	0	5	5	0	3	3	2	1	0	1	0	0	0	0	0	0	0	0	0	3	0	0	1	4	4	2	3	4	1	0	0	0	0	0	1	0	0	0	0
ASV1861	0	0	0	0	0	0	0	0	0	0	0	0	0	0	0	0	0	0	0	1	0	0	0	0	0	0	0	0	0	1	0	7	33	0	0	0	15	0	0
ASV1922	0	2	4	1	3	1	5	2	1	3	3	0	1	0	0	1	0	0	0	2	1	0	1	0	1	4	4	4	1	1	0	0	0	0	0	0	0	0	0
ASV1940	7	0	6	3	1	2	0	0	1	2	3	0	0	0	0	1	1	7	1	3	0	1	0	3	1	1	0	3	1	0	0	0	0	0	0	0	0	0	0
ASV1942	5	9	5	3	2	5	1	0	0	3	0	0	0	0	0	0	0	0	0	6	0	0	0	5	1	1	3	2	3	0	0	0	1	0	0	0	0	0	0
ASV1990	4	0	2	1	0	1	1	2	0	0	0	0	0	3	1	0	0	0	2	3	1	2	2	2	1	1	0	1	0	0	0	0	1	5	5	0	2	2	2
ASV2005	3	4	2	0	0	1	1	0	0	0	0	0	0	0	0	0	0	0	0	1	0	0	0	1	0	0	0	0	1	0	0	4	4	7	6	6	4	0	1
ASV2044	2	6	4	2	1	4	1	2	0	4	1	1	0	0	0	0	0	1	2	3	0	2	0	2	3	2	1	0	1	0	1	2	1	1	2	0	1	0	0
ASV2058	1	5	2	1	2	2	3	1	0	0	1	0	0	0	0	0	0	0	0	0	0	0	0	2	1	0	6	0	1	0	0	1	3	3	2	0	3	6	1
ASV2085	1	2	2	3	2	4	0	0	3	1	2	1	0	2	1	0	0	1	0	1	0	0	0	4	1	3	0	2	1	0	0	0	2	2	3	1	0	1	0
ASV2097	0	3	1	2	0	2	2	3	0	4	0	0	0	0	0	1	0	0	0	1	0	1	1	1	3	3	1	1	4	0	0	0	3	3	2	6	0	1	0
ASV2134	1	1	7	1	4	4	2	3	1	0	1	1	0	0	0	0	0	0	0	1	1	0	0	1	9	3	2	2	3	0	0	0	0	1	0	0	0	0	2
ASV2136	2	0	1	2	1	1	2	0	0	0	3	0	1	0	1	3	0	0	2	4	0	3	0	0	2	1	0	0	0	5	0	0	0	0	0	0	0	0	1
ASV2156	1	0	0	1	0	0	0	0	0	0	0	0	0	0	0	0	1	0	0	1	2	0	0	0	0	1	1	1	0	0	1	14	5	8	7	0	1	5	0
ASV2180	2	2	2	2	1	1	0	3	2	4	0	3	0	0	0	0	0	0	1	2	0	0	1	0	2	2	2	0	1	11	1	0	0	0	0	0	0	0	0
ASV2188	0	2	1	0	0	1	0	1	4	1	1	3	0	4	1	2	3	2	3	0	4	3	3	2	0	0	0	2	0	1	1	0	0	0	0	0	0	0	0
ASV2274	0	1	2	1	0	0	0	0	0	0	0	0	0	2	1	2	4	4	4	2	6	2	0	1	0	2	2	1	0	1	2	0	0	1	1	0	0	5	1
ASV2292	3	6	1	1	3	1	1	0	0	3	0	1	1	0	0	0	0	0	2	2	0	3	4	3	2	3	1	0	0	1	0	1	0	2	1	0	0	3	0
ASV2455	0	1	3	2	0	0	0	1	1	1	1	0	0	1	1	0	2	1	0	5	0	3	0	0	1	1	0	0	2	0	0	2	0	4	5	0	0	0	0
ASV2654	1	1	1	0	1	3	1	0	0	3	0	0	1	0	0	0	0	0	0	4	0	2	0	0	0	3	3	0	0	0	0	8	1	4	1	0	3	11	1
ASV2711	4	0	0	1	2	0	2	0	0	0	0	1	0	0	0	0	0	0	0	1	0	0	0	1	1	3	0	1	0	1	0	5	13	0	5	6	1	3	2
ASV3048	5	5	5	3	0	1	1	2	2	4	0	0	0	0	1	0	0	1	1	2	0	0	0	1	0	1	2	1	0	0	1	3	1	1	4	0	1	1	0
ASV3328	0	0	0	2	0	2	2	2	2	3	1	3	0	1	3	4	0	1	0	1	3	2	3	0	2	1	3	1	1	0	1	0	0	1	0	0	0	0	0
ASV3446	1	1	0	0	0	0	1	0	0	1	0	3	3	6	2	3	1	1	1	0	5	3	1	0	0	1	0	1	0	1	6	0	0	0	0	0	0	0	0
ASV3931	3	1	0	0	0	0	0	0	1	0	0	0	0	1	0	0	3	1	2	0	1	3	0	0	2	1	0	0	0	0	0	3	4	2	3	0	16	5	0
ASV4106	0	2	1	1	1	0	0	0	0	0	1	0	0	0	0	0	0	0	1	1	0	0	0	0	0	4	0	0	0	0	0	1	0	0	0	0	25	0	1
ASV4130	3	1	0	1	2	1	2	1	0	2	0	0	0	0	0	1	0	0	0	1	0	0	0	2	1	1	2	0	1	0	0	7	4	1	1	4	2	3	0
ASV4694	3	2	2	2	2	2	2	2	3	1	0	7	2	0	2	0	2	0	0	2	0	0	0	1	1	2	2	3	0	0	1	1	0	0	0	0	0	0	1
ASV5422	6	3	1	1	0	0	0	1	1	1	0	0	0	1	0	2	0	0	0	4	1	0	1	6	1	0	2	1	3	1	2	0	0	0	1	0	0	3	1
ASV1627	2	3	0	1	0	2	1	2	0	1	0	1	0	0	1	0	0	0	0	2	0	0	0	0	1	0	0	1	2	0	0	5	15	2	2	2	4	0	0
ASV1739	0	0	0	0	0	0	0	0	0	0	0	0	0	0	0	0	0	0	0	0	0	0	0	0	0	0	1	0	0	0	0	0	10	4	4	20	0	0	0
ASV1756	2	0	0	0	0	0	0	1	0	0	0	0	0	0	1	1	7	0	2	0	1	2	4	0	0	0	0	0	1	0	2	0	0	0	2	15	0	1	0
ASV1807	0	0	0	0	0	0	0	0	0	0	0	0	0	0	0	0	0	1	0	0	0	1	0	1	0	0	0	0	0	0	0	11	2	16	9	0	1	1	1
ASV1849	1	0	0	0	0	0	0	0	0	0	0	0	0	0	0	0	0	0	0	0	0	0	0	0	0	0	1	0	0	0	0	0	4	0	0	41	0	0	0
ASV1863	4	2	1	2	1	1	3	0	0	3	0	0	0	0	1	1	1	1	4	3	2	2	1	1	0	3	1	2	2	0	1	0	0	0	0	0	0	2	0
ASV1979	2	0	0	5	0	0	0	0	1	4	0	0	0	0	0	0	3	1	0	1	0	0	1	1	0	1	0	0	0	0	0	1	7	0	0	3	7	8	1
ASV2015	5	0	5	3	0	5	2	1	0	4	0	0	0	0	0	0	0	0	0	1	0	0	1	1	0	7	4	0	0	0	0	0	0	0	1	4	0	0	0
ASV2025	1	2	0	1	2	2	2	1	0	4	1	3	0	1	0	0	0	0	0	3	3	0	0	0	0	0	8	1	1	0	0	0	0	2	0	0	0	2	10
ASV2027	3	0	0	1	1	1	0	0	0	0	0	0	0	0	0	0	0	0	0	0	0	0	0	0	0	1	0	0	0	0	0	7	12	10	6	5	0	2	0
ASV2034	6	1	0	1	0	0	0	0	3	1	0	0	1	0	1	0	1	0	0	1	1	0	2	2	1	0	0	2	0	0	0	3	0	8	3	1	0	7	0
ASV2106	1	2	3	1	3	1	2	2	0	0	0	0	0	0	0	0	0	0	1	3	1	0	0	2	2	1	2	2	0	0	1	9	1	1	4	0	1	2	0
ASV2126	3	1	1	0	1	0	0	2	0	0	1	1	0	0	2	1	4	2	5	2	4	7	2	1	0	0	0	0	0	2	3	0	0	0	0	0	1	1	1
ASV2138	9	2	2	3	0	0	3	0	0	1	0	0	0	1	0	2	3	3	1	2	3	2	1	0	0	0	1	1	0	0	1	0	0	0	0	0	0	3	0
ASV2152	0	3	4	1	2	1	0	1	1	0	0	0	0	0	0	0	0	0	1	1	0	0	1	3	1	6	1	0	0	0	1	1	3	5	4	1	2	2	1
ASV2232	3	0	1	2	1	1	1	0	0	3	0	0	0	0	0	0	0	0	0	1	0	2	0	0	0	0	0	1	0	1	1	7	0	7	8	0	1	4	2
ASV2254	6	4	2	0	2	1	1	5	1	1	0	0	0	0	0	0	0	0	0	2	0	0	0	3	2	2	1	0	2	0	0	2	0	0	4	0	0	0	1
ASV2268	3	3	1	0	1	0	4	0	1	1	1	0	0	0	0	1	1	1	0	2	0	1	2	0	0	0	0	0	0	4	0	3	3	2	0	0	3	3	2
ASV2269	2	3	3	2	2	1	2	0	1	2	0	0	0	0	0	0	1	0	0	7	0	0	0	3	0	3	2	2	1	0	0	0	0	1	0	0	0	11	0
ASV2309	0	0	0	0	0	0	0	1	0	0	0	0	0	0	0	0	0	0	1	0	1	14	3	0	0	0	0	0	0	8	5	0	0	2	1	0	0	2	1
ASV2341	2	3	4	1	0	1	1	1	0	4	1	0	0	0	0	0	0	0	3	2	0	1	2	3	5	1	1	0	1	0	0	5	2	2	0	0	0	0	1
ASV2367	0	3	1	0	1	3	1	2	0	1	0	0	0	0	0	0	0	0	0	1	1	0	0	2	1	1	1	0	1	2	0	4	0	6	5	0	0	1	2
ASV2388	1	1	0	0	2	1	0	0	2	1	2	2	1	3	4	4	1	1	2	2	1	2	2	1	1	0	0	1	1	1	1	0	0	0	1	0	0	0	0
ASV2461	4	1	2	3	0	0	1	0	2	0	1	0	0	1	2	1	2	4	0	0	0	1	0	2	1	0	1	3	1	0	3	0	1	1	0	0	1	2	0
ASV2521	5	3	1	3	4	0	0	2	2	3	0	0	2	1	2	2	1	0	0	2	1	1	0	0	0	2	3	0	2	0	0	0	0	0	0	0	5	2	0
ASV2807	5	6	1	0	0	2	1	1	0	1	0	0	0	0	0	0	0	0	0	10	0	2	0	1	0	5	3	0	0	0	1	2	0	2	0	3	0	0	0
ASV3084	3	0	1	0	3	0	2	0	0	0	0	0	1	2	0	1	0	1	0	0	0	0	2	4	0	6	4	2	0	0	0	1	0	2	2	2	0	1	0
ASV3438	2	4	1	2	1	0	2	1	1	3	1	0	0	0	0	0	0	0	0	0	0	0	0	1	2	1	1	1	2	0	0	11	4	5	3	0	1	2	1
ASV3800	0	1	1	0	0	1	1	1	0	2	0	1	1	0	0	0	1	1	0	3	1	0	0	5	1	4	1	2	2	0	0	1	1	0	2	9	2	0	0
ASV4131	1	0	0	0	1	0	0	0	0	0	0	0	0	0	0	0	0	0	0	1	0	0	0	1	0	0	0	0	0	0	0	7	12	0	1	0	24	2	0
ASV4208	1	1	1	0	1	2	0	2	1	1	1	0	0	0	0	2	0	3	2	0	1	6	2	2	3	1	1	1	3	1	2	0	0	0	0	0	0	0	1
ASV5041	1	0	0	3	0	1	0	1	0	1	1	1	2	0	1	0	0	0	1	3	1	0	0	1	1	1	0	0	0	0	0	5	4	0	2	3	7	2	1
ASV1711	4	0	0	0	3	1	3	1	2	1	1	1	0	0	0	0	0	0	0	2	0	0	0	1	4	2	1	2	1	0	0	0	0	0	0	0	0	0	14
ASV1782	0	2	1	2	0	4	4	6	0	0	3	0	0	0	0	0	0	0	0	3	0	0	0	0	8	1	1	2	2	0	0	0	0	0	0	0	0	0	0
ASV1795	0	2	0	0	0	0	0	0	0	0	0	0	0	0	0	0	2	1	5	1	0	4	0	0	0	0	0	0	0	4	10	8	0	2	3	0	1	0	0
ASV1823	9	3	0	0	0	0	0	0	0	0	0	0	0	0	0	0	0	0	1	3	0	0	0	1	0	1	0	0	1	0	0	2	6	6	4	11	1	1	0
ASV1846	3	1	1	0	0	1	0	2	0	0	0	0	0	0	0	0	0	0	0	2	0	0	1	0	2	1	0	2	1	0	0	2	13	5	1	0	1	3	0
ASV1848	1	6	2	2	1	1	0	2	1	3	0	0	0	0	0	1	0	0	0	3	0	0	1	4	4	4	6	1	1	1	1	0	0	0	0	0	0	0	0
ASV1867	9	1	2	0	0	0	3	5	0	1	0	0	0	1	1	1	0	0	2	3	0	0	0	3	0	2	1	1	0	2	2	0	0	0	0	0	0	0	0
ASV2045	18	2	1	2	1	2	3	1	0	3	0	0	0	0	0	0	0	1	0	1	0	0	0	3	2	2	2	1	3	0	0	0	0	0	0	0	0	0	0
ASV2084	1	0	0	1	0	0	1	0	0	0	1	0	0	0	0	0	0	0	0	0	0	1	0	0	1	0	0	0	0	0	0	7	6	10	5	8	0	3	1
ASV2115	6	2	0	0	0	0	1	0	0	1	0	2	0	0	0	0	0	0	0	1	0	0	0	0	0	0	0	0	0	0	0	2	19	0	2	7	4	0	0
ASV2128	0	1	1	1	2	1	0	1	1	2	3	2	5	1	2	1	4	1	1	3	0	2	1	2	0	0	0	2	0	1	2	0	0	0	0	0	0	0	0
ASV2147	2	1	1	0	1	0	0	0	0	1	0	0	0	0	0	0	0	1	0	2	0	0	0	0	0	0	2	0	1	0	0	6	14	3	1	3	5	4	0
ASV2331	1	4	1	4	1	3	1	0	0	0	0	0	1	0	0	0	0	0	0	4	0	0	1	1	0	1	3	0	1	0	0	5	3	3	2	1	6	1	1
ASV2349	0	0	1	0	0	0	0	1	1	0	0	0	0	0	0	1	0	0	1	0	1	0	0	1	0	0	2	1	2	1	1	5	4	0	2	0	4	16	0
ASV2413	1	0	1	0	1	3	0	1	1	1	3	2	0	1	1	1	1	2	0	2	1	0	1	4	4	2	0	3	1	1	0	0	0	1	1	0	0	0	0
ASV2617	3	2	1	0	1	0	1	0	0	6	1	0	0	1	0	0	0	0	0	3	0	0	0	1	2	3	2	1	1	0	0	1	6	2	0	0	0	0	0
ASV2665	0	0	2	1	0	0	1	0	0	0	0	0	0	0	0	0	0	0	0	1	1	1	0	0	0	0	2	0	0	0	0	11	7	3	3	2	5	2	0
ASV2798	1	2	0	0	0	2	0	1	1	1	2	4	2	4	3	1	0	0	0	2	0	1	6	1	0	1	2	2	0	0	1	0	0	0	0	0	0	0	0
ASV2822	3	2	1	4	1	1	3	2	1	3	1	2	0	0	0	0	0	2	1	1	0	0	0	3	4	1	2	6	1	0	0	0	0	0	0	0	0	0	0
ASV3041	2	0	0	0	0	1	0	2	1	2	0	0	2	2	0	0	0	2	13	0	1	2	1	1	1	0	1	0	1	4	5	0	0	0	0	0	0	0	0
ASV3597	1	0	3	3	3	2	1	1	0	2	0	0	0	0	0	0	0	0	0	1	0	0	0	1	4	1	2	0	1	0	1	0	11	0	1	2	2	2	0
ASV4024	0	2	1	1	1	1	0	0	0	2	0	0	0	0	0	0	0	0	0	2	0	0	0	3	1	1	2	0	0	0	0	0	10	5	2	4	7	4	0
ASV4363	5	1	2	1	0	0	0	1	1	3	0	0	0	0	1	0	0	0	0	5	0	0	0	1	3	1	1	0	0	0	1	1	1	5	3	9	0	1	0
ASV4382	1	3	1	2	1	2	0	4	0	1	4	2	0	0	0	0	0	0	0	3	0	0	0	2	0	0	0	3	2	0	0	0	2	0	0	1	0	0	2
ASV4513	0	0	0	3	0	0	1	1	0	0	2	1	0	1	1	4	7	4	3	2	1	1	1	0	0	0	1	0	0	4	0	0	0	0	0	0	0	0	1
ASV5029	1	2	3	1	1	2	0	0	1	2	0	1	0	0	0	0	2	1	0	1	1	0	0	4	0	1	0	0	3	0	0	2	4	0	3	4	0	1	0
ASV5427	0	2	3	2	3	1	4	0	0	2	1	0	0	0	0	0	0	1	0	4	0	0	0	0	1	1	2	3	0	0	0	0	2	5	2	9	0	3	0
ASV1675	4	2	1	1	2	0	1	0	0	1	0	0	0	0	1	0	0	0	0	2	0	0	0	2	0	1	1	0	1	0	0	2	3	6	4	2	5	1	0
ASV1767	2	3	1	2	0	4	0	1	2	2	0	1	0	0	0	1	2	0	3	2	0	1	2	4	2	1	1	1	1	3	1	1	0	1	0	0	0	0	2
ASV1850	9	1	2	1	2	1	1	3	0	2	0	0	0	1	0	0	1	0	0	2	0	0	0	0	1	1	1	0	0	0	0	2	5	3	1	5	1	1	0
ASV1980	5	2	1	1	1	1	0	0	0	1	0	0	0	1	1	0	0	0	0	0	0	0	0	0	0	0	3	1	0	0	0	1	9	0	3	9	0	1	0
ASV1984	3	1	0	0	1	0	0	1	0	1	0	0	0	0	0	1	0	4	2	1	13	3	10	0	0	0	1	0	1	1	4	0	0	0	0	0	0	0	0
ASV1988	0	1	2	0	3	0	1	0	0	1	0	0	1	2	0	1	3	4	2	1	3	4	0	0	1	0	1	1	0	5	1	0	0	0	0	0	0	1	0
ASV2031	1	1	0	1	0	1	0	0	0	1	1	0	3	4	4	2	0	6	1	1	3	4	3	0	0	1	1	1	0	2	2	0	0	1	0	0	0	0	0
ASV2042	1	4	1	1	1	0	2	5	1	0	0	0	0	2	0	1	0	0	0	2	1	1	0	3	2	1	2	2	1	0	3	2	0	1	1	0	0	3	1
ASV2047	2	3	1	1	1	1	1	0	0	0	0	0	0	0	0	0	0	0	0	0	0	0	0	0	0	2	0	0	1	0	0	1	17	1	0	13	0	0	0
ASV2065	3	0	0	0	0	1	0	0	0	1	0	0	0	0	0	0	0	0	0	0	0	0	0	0	1	2	1	0	0	0	0	1	7	0	0	8	15	0	1
ASV2111	0	0	1	0	1	2	0	0	0	0	0	0	0	0	0	0	0	0	0	1	0	0	0	0	0	1	0	0	0	0	0	9	2	8	7	1	9	5	0
ASV2219	4	2	0	2	0	2	0	0	0	2	0	0	0	0	1	0	0	0	0	1	1	1	1	1	1	1	1	2	0	0	0	6	1	2	1	0	2	4	1
ASV2224	0	2	3	2	5	2	0	1	0	2	0	2	0	0	0	0	0	0	0	2	0	0	1	1	7	1	2	1	1	0	0	4	0	0	0	0	0	0	0
ASV2226	8	4	1	2	0	2	2	1	0	3	1	0	0	0	0	0	0	1	1	0	0	0	0	1	4	7	1	1	3	0	1	0	1	0	2	1	0	0	0
ASV2228	0	4	4	3	2	1	0	0	1	0	2	0	1	1	2	2	0	0	2	2	2	1	0	0	1	0	0	1	0	2	2	1	0	0	3	0	0	0	0
ASV2261	3	0	2	0	1	2	0	0	0	0	0	0	0	1	0	0	0	0	0	2	1	0	0	4	5	2	2	2	2	0	0	4	2	0	1	2	4	3	0
ASV2305	0	1	2	2	4	3	2	0	0	1	1	0	0	0	0	0	0	1	0	3	0	1	0	2	4	4	3	2	2	0	1	0	0	0	3	0	0	1	0
ASV2321	4	0	0	0	0	0	0	0	0	1	0	0	0	0	0	0	0	0	0	2	0	0	0	1	0	0	0	0	0	0	0	0	18	8	2	12	0	1	0
ASV2369	5	3	3	4	2	1	2	0	1	0	0	0	0	0	0	0	0	0	0	7	0	0	0	3	4	0	0	2	1	0	0	1	0	0	0	0	0	3	0
ASV2400	1	2	3	3	1	1	5	1	2	2	0	0	0	0	0	1	0	0	0	1	0	0	1	1	2	2	0	5	3	0	0	0	0	0	0	0	0	1	0
ASV2417	0	1	0	0	0	0	2	0	0	0	1	0	2	3	2	3	2	0	0	2	7	3	11	0	1	1	0	0	0	2	0	1	0	0	0	0	0	0	0
ASV2476	0	0	1	2	2	2	2	2	2	4	3	1	0	0	0	0	1	0	0	3	1	0	1	3	0	3	2	2	0	0	1	1	0	0	1	0	0	0	2
ASV2561	10	3	1	0	0	1	0	0	0	1	0	0	0	0	0	0	0	0	0	4	0	1	0	0	0	3	1	0	0	0	0	14	1	3	1	0	1	1	0
ASV2637	1	0	1	3	2	3	1	4	0	4	1	0	2	0	1	0	0	0	0	0	0	0	0	1	4	2	3	0	3	0	2	0	0	0	0	0	0	0	0
ASV2782	0	3	0	0	0	1	0	1	0	4	0	0	0	0	0	1	0	0	0	4	1	0	0	2	0	0	1	0	1	0	0	4	6	0	1	1	2	13	0
ASV2819	4	0	3	0	0	1	0	1	1	1	0	0	0	0	0	0	1	0	0	0	2	0	0	0	1	1	1	2	0	0	1	0	0	0	1	0	0	15	4
ASV2924	1	0	0	1	2	0	0	0	0	1	0	0	1	0	0	0	2	1	1	0	1	0	2	3	0	1	0	0	1	0	2	6	2	3	1	0	0	3	13
ASV3189	1	4	4	2	3	2	1	4	1	2	1	1	0	0	0	0	0	0	3	1	0	0	1	3	1	2	3	0	2	0	0	0	0	1	0	0	0	0	0
ASV3231	1	2	0	0	1	2	0	0	0	1	1	0	0	0	0	1	0	0	0	0	2	0	0	0	0	4	0	0	1	1	1	4	0	1	2	0	1	17	1
ASV3314	3	1	0	3	2	1	0	1	0	2	0	0	0	0	1	0	0	0	0	2	0	0	0	1	2	2	3	0	0	0	0	3	0	8	4	0	2	5	0
ASV3756	1	3	0	0	0	0	0	1	0	1	0	1	1	1	2	1	1	1	3	1	0	2	0	2	1	3	1	1	1	1	0	5	0	0	0	0	0	7	2
ASV4046	6	1	1	1	0	2	0	0	1	4	0	2	0	0	1	0	1	1	0	1	0	0	1	0	1	1	5	0	2	2	1	0	0	0	0	0	3	0	0
ASV4404	0	0	2	1	2	1	1	2	1	0	0	0	0	0	0	1	1	0	1	3	0	1	0	1	1	2	4	2	0	0	0	0	0	3	6	0	3	0	0
ASV4414	1	2	0	1	1	2	2	2	3	0	2	0	0	2	0	0	0	1	0	3	0	1	0	3	2	1	2	1	2	1	1	1	2	0	2	0	2	0	1
ASV4435	2	1	1	1	0	1	0	0	0	1	0	0	0	0	0	0	1	0	0	0	0	0	0	2	1	0	1	0	0	0	0	0	1	6	0	0	2	2	17
ASV1725	1	0	1	0	0	0	1	0	0	0	0	1	1	0	20	1	0	1	0	0	0	0	0	0	0	1	0	1	1	0	1	0	1	0	0	0	5	0	0
ASV1751	0	0	0	0	0	0	0	1	0	1	0	0	0	0	2	0	1	0	1	0	2	2	1	0	0	0	0	1	0	1	1	6	0	5	7	0	0	7	4
ASV1837	3	1	0	0	1	1	2	1	5	2	0	3	0	0	2	0	0	0	0	2	0	0	0	1	0	1	1	0	1	0	0	0	0	0	0	0	0	2	6
ASV1851	0	1	1	2	0	3	0	1	3	1	1	1	4	3	2	7	1	0	2	0	0	2	2	1	1	0	0	1	2	2	0	0	1	1	0	0	1	0	0
ASV1916	2	0	0	2	0	0	0	0	0	0	0	0	0	0	0	0	0	0	0	0	0	0	0	1	0	0	0	0	0	0	0	6	9	5	3	2	4	15	1
ASV1923	0	6	2	3	1	2	1	0	1	1	0	0	1	0	0	0	0	0	0	4	0	0	0	0	1	1	0	1	0	0	0	1	4	1	3	3	0	1	0
ASV2052	0	0	0	0	0	0	0	0	0	0	0	1	0	1	0	0	10	5	3	0	5	8	1	0	0	0	0	0	0	3	0	0	0	0	0	0	0	0	0
ASV2122	3	1	0	1	0	1	1	0	0	0	0	0	0	0	2	0	0	0	0	3	2	1	0	2	1	1	1	1	0	3	1	6	4	4	2	0	0	6	0
ASV2127	0	2	0	0	0	1	0	0	0	0	0	0	0	0	0	0	0	0	0	0	0	0	0	0	0	1	0	0	0	0	1	3	20	6	4	2	11	0	0
ASV2162	6	3	0	2	0	0	1	0	0	2	2	1	1	0	0	0	2	1	3	2	1	3	0	3	3	0	1	2	2	1	0	0	0	0	0	0	0	0	2
ASV2164	2	1	2	3	2	1	2	3	1	5	0	0	0	0	0	0	0	0	0	0	0	0	0	0	5	1	2	1	1	1	0	0	2	1	3	1	1	3	0
ASV2191	3	2	0	0	0	0	0	0	0	0	0	0	0	0	0	0	0	1	0	0	0	0	0	0	1	1	0	0	0	2	0	4	13	5	5	1	7	0	0
ASV2197	9	1	2	3	0	1	0	1	6	1	1	1	3	0	1	0	1	0	1	1	0	1	1	0	0	1	1	0	0	2	0	0	0	0	0	0	0	1	1
ASV2248	0	1	0	0	1	0	0	1	0	0	0	1	0	0	0	0	0	0	0	3	0	0	0	0	0	1	0	0	1	0	0	5	8	11	5	1	1	5	1
ASV2297	0	2	1	0	0	0	1	0	2	1	1	0	2	0	3	2	2	2	5	0	1	2	0	0	1	0	2	1	2	1	0	1	0	2	0	0	0	4	1
ASV2347	2	1	0	2	2	0	0	0	0	0	0	0	0	0	1	0	0	1	1	1	1	3	2	3	1	3	0	0	0	0	2	0	0	3	3	0	2	6	4
ASV2425	0	0	0	0	0	1	1	0	0	2	0	0	0	0	0	1	0	0	1	0	0	0	0	0	0	1	1	1	0	1	3	11	4	1	2	2	0	15	0
ASV2480	11	2	3	1	1	0	1	0	0	2	0	0	1	0	0	0	2	0	0	1	0	0	0	2	0	1	0	0	0	0	0	5	0	1	0	0	2	15	1
ASV2699	0	3	3	1	2	1	2	0	1	2	0	0	2	2	0	0	1	0	0	1	0	1	0	1	1	0	1	1	1	1	0	2	1	5	1	0	1	2	0
ASV2719	6	2	1	0	0	1	2	0	2	0	0	0	0	0	0	1	0	0	1	1	1	2	1	0	0	1	1	0	1	3	0	2	0	0	1	0	4	8	2
ASV2743	1	2	2	0	1	1	2	0	1	5	1	0	0	0	0	0	2	1	0	3	1	0	1	3	1	1	4	1	0	2	1	0	0	1	1	0	1	2	0
ASV2751	0	2	1	1	0	0	0	0	0	0	0	0	0	0	0	0	0	0	0	0	0	0	0	0	0	1	1	0	1	0	0	9	10	1	4	1	15	3	0
ASV2963	1	1	0	1	0	0	1	1	1	2	0	1	1	0	0	0	0	1	0	1	0	0	0	0	1	0	4	1	2	0	1	3	1	2	3	4	5	3	0
ASV3707	1	3	0	0	0	1	2	0	2	0	2	1	1	2	1	2	3	2	0	0	2	0	1	0	3	1	3	2	0	2	2	0	0	1	2	0	0	0	0
ASV3791	8	2	1	0	2	2	0	1	1	5	0	0	0	0	1	0	0	0	0	2	0	0	2	1	3	3	1	1	1	0	0	2	2	0	0	2	1	2	1
ASV4111	5	1	2	4	5	2	2	1	1	1	1	0	0	1	0	0	1	1	1	0	0	0	0	5	2	3	2	0	1	0	0	0	0	1	0	0	0	0	0
ASV4373	2	8	3	1	0	2	3	1	0	3	1	0	0	0	0	0	0	0	0	4	0	0	0	1	3	2	3	1	2	0	0	0	0	0	0	0	0	3	0
ASV5082	0	0	0	0	1	0	0	0	0	0	0	2	4	2	3	4	4	7	3	0	2	3	1	0	0	1	0	0	0	1	1	0	1	0	0	0	0	0	2
ASV5311	0	2	1	3	1	2	0	1	1	1	1	1	1	1	3	3	1	1	1	3	3	0	0	0	0	1	4	1	1	0	1	0	1	1	2	0	1	1	0
ASV5409	2	4	0	0	1	0	1	0	1	1	0	0	0	0	0	0	0	1	1	3	1	0	0	2	1	0	1	0	1	0	1	5	6	1	6	1	0	7	1
ASV5786	1	0	0	0	0	1	0	0	0	0	0	1	0	1	2	2	4	2	5	2	5	2	2	2	0	0	0	1	0	3	2	0	1	0	0	0	0	0	0
ASV1726	4	0	1	1	0	0	1	0	0	2	0	0	0	0	0	1	3	2	4	0	0	4	0	0	0	1	0	1	1	3	2	1	0	1	0	0	0	2	0
ASV1855	1	0	2	0	0	0	0	0	0	0	0	0	0	0	0	0	0	0	0	0	0	0	0	0	0	2	1	1	0	0	0	4	11	8	5	6	2	0	0
ASV1954	2	1	0	0	0	0	0	0	0	0	0	0	1	0	0	1	4	4	3	0	7	6	7	0	0	0	0	0	0	2	2	0	0	0	0	0	0	0	1
ASV2020	2	0	2	0	1	0	4	2	1	0	1	2	0	6	3	2	5	3	3	1	1	2	1	0	0	0	0	0	0	1	0	0	0	0	0	0	0	0	0
ASV2032	0	2	1	1	2	0	2	3	2	0	0	0	1	0	0	3	4	9	0	0	4	3	0	0	0	1	1	1	0	1	0	0	0	0	0	0	0	0	0
ASV2077	1	2	0	0	1	0	1	1	1	0	1	0	2	0	1	0	1	1	1	3	1	0	1	1	1	0	1	1	0	1	0	6	0	6	2	0	0	6	0
ASV2298	1	1	0	0	1	0	2	0	0	2	0	0	0	0	0	0	0	0	1	2	1	0	0	0	1	0	2	0	1	0	0	2	6	3	3	7	1	15	2
ASV2318	1	5	1	4	2	1	2	2	2	2	0	0	0	0	0	1	1	0	0	1	0	0	0	3	1	0	1	0	1	3	0	1	2	1	2	4	5	0	0
ASV2336	3	2	1	3	0	1	3	2	1	0	0	0	0	1	2	2	1	0	0	1	0	0	0	1	1	1	5	0	2	1	1	0	0	0	0	0	1	3	0
ASV2395	3	0	1	1	3	0	0	0	0	0	0	0	1	2	1	0	3	1	2	3	6	2	1	1	0	2	0	0	0	0	2	0	1	2	0	0	1	0	0
ASV2438	2	1	0	0	0	0	2	2	0	1	0	0	0	0	0	0	0	0	0	2	0	0	0	1	0	1	0	0	0	0	0	10	2	6	3	1	6	6	1
ASV2456	3	0	0	1	1	0	1	1	3	0	1	0	0	0	1	1	1	4	4	1	4	1	2	0	1	1	3	0	1	1	1	0	3	1	0	0	1	2	0
ASV2498	0	0	0	0	0	0	0	0	0	2	0	0	0	0	0	0	1	0	0	0	0	0	0	0	1	1	1	0	0	0	0	3	2	1	1	0	3	38	1
ASV2513	0	4	2	1	0	0	2	1	0	2	1	0	0	0	0	0	0	0	0	2	0	0	0	1	2	3	2	1	2	0	0	1	0	5	7	1	1	1	0
ASV2522	3	0	0	1	1	1	0	0	1	1	0	0	0	0	0	0	0	2	7	2	6	4	0	0	2	1	1	1	1	1	1	0	0	0	1	0	0	1	0
ASV2527	0	0	0	0	1	0	0	0	0	0	0	0	0	0	0	0	0	0	0	0	0	0	0	0	0	0	1	0	0	0	0	2	19	5	3	2	7	4	0
ASV2676	0	1	0	0	0	0	0	0	2	0	2	6	0	1	3	2	2	0	2	0	2	2	3	1	0	0	0	0	0	2	0	0	0	0	0	0	0	0	0
ASV2729	1	1	0	3	0	0	1	1	0	0	0	0	0	0	0	1	1	4	2	1	5	4	1	1	0	0	0	0	0	1	3	3	0	1	4	0	0	1	0
ASV2781	0	2	2	0	2	3	1	0	2	0	1	0	1	2	2	1	0	0	1	4	3	1	2	1	1	1	0	2	2	1	0	2	0	1	0	0	0	3	0
ASV2983	8	2	2	4	1	2	1	1	1	0	0	0	0	0	0	0	0	0	1	1	0	0	0	3	1	5	2	3	1	0	0	0	0	0	0	0	0	0	2
ASV3062	4	1	2	2	2	2	1	0	1	1	0	0	2	1	4	2	0	3	0	2	3	3	0	0	0	3	0	4	1	1	2	0	0	0	0	0	0	0	0
ASV3070	2	1	0	0	0	0	0	0	0	0	0	0	0	2	2	2	8	2	6	0	5	1	0	0	1	0	0	0	0	3	6	0	0	0	0	0	0	0	0
ASV3586	5	1	1	2	2	1	0	1	3	1	1	0	2	0	0	0	1	1	2	1	1	0	0	1	3	2	0	1	0	3	1	0	0	0	0	0	0	0	3
ASV3718	0	2	0	0	1	0	1	0	1	1	0	0	0	0	4	0	0	0	2	2	4	1	10	0	1	1	1	1	2	1	6	0	0	0	0	0	0	0	0
ASV3856	4	0	0	0	1	0	0	0	0	0	0	2	0	0	0	0	0	0	0	1	0	2	0	0	0	0	1	0	0	0	0	0	19	0	0	3	11	1	2
ASV4007	1	1	0	2	2	3	3	0	0	0	2	0	0	0	0	0	0	0	0	4	0	0	0	3	0	2	3	0	5	0	0	5	0	0	0	0	0	1	4
ASV4088	2	1	1	0	1	0	0	0	2	0	1	1	0	2	1	1	1	3	5	1	3	1	1	1	0	0	1	0	1	2	4	1	0	1	1	0	0	1	0
ASV4378	1	0	0	2	0	1	2	0	0	1	0	0	0	0	0	0	1	1	3	1	0	1	0	2	2	0	0	3	1	0	0	4	1	0	15	0	2	4	1
ASV4796	2	0	0	0	1	1	2	0	0	0	0	0	0	0	0	1	0	0	0	3	1	0	0	0	0	1	2	0	0	0	0	4	0	7	0	0	4	13	3
ASV5178	1	3	2	5	0	0	2	2	0	1	0	0	0	3	0	0	2	0	1	2	1	0	0	1	0	4	1	2	1	2	0	0	0	3	3	1	0	1	0
ASV1864	1	1	0	0	1	0	0	3	0	0	0	2	0	1	0	2	2	1	1	3	4	2	1	3	1	1	1	1	0	1	1	0	0	0	0	0	0	0	0
ASV1866	6	6	1	0	0	0	1	0	0	5	0	0	0	0	0	0	1	0	0	1	0	2	0	2	3	2	1	0	0	0	0	4	0	2	0	1	0	2	0
ASV1883	2	3	0	3	0	0	0	0	4	1	0	1	0	0	0	0	0	0	0	1	0	0	0	1	4	0	1	0	1	0	0	0	0	0	0	1	0	27	1
ASV1920	3	2	1	0	1	0	0	0	0	0	0	0	1	0	0	0	0	0	0	1	0	0	0	0	0	1	0	0	1	0	0	1	8	2	2	3	10	10	0
ASV1931	5	1	2	3	3	1	1	2	1	5	0	0	0	1	0	0	1	0	0	2	0	0	0	4	3	3	2	1	1	0	0	0	0	0	0	0	0	1	0
ASV2078	3	0	0	0	0	0	0	0	0	0	0	0	0	0	0	0	0	0	0	0	0	0	0	0	0	0	0	0	1	0	0	0	21	4	1	4	0	0	0
ASV2167	1	3	6	0	1	1	0	2	2	0	0	0	0	2	0	0	0	0	0	2	0	0	0	4	1	3	0	1	2	0	0	0	3	3	0	2	0	1	0
ASV2169	1	6	2	1	2	0	1	1	0	4	0	0	1	1	1	0	0	0	0	1	1	1	2	1	0	2	2	1	0	0	0	1	0	1	2	0	0	0	0
ASV2196	1	0	1	0	0	0	0	0	0	0	1	0	0	1	0	0	0	0	0	1	0	0	0	1	3	0	0	2	1	0	0	13	0	6	2	0	1	5	1
ASV2198	2	9	2	0	1	2	0	1	0	2	0	0	0	0	0	0	0	0	0	8	0	0	0	2	3	2	4	4	2	0	0	0	0	0	0	1	0	1	0
ASV2206	5	1	0	0	0	1	0	0	0	1	0	0	0	0	0	0	0	0	0	2	0	0	0	0	0	1	0	0	0	0	0	10	10	7	0	1	2	2	0
ASV2207	1	7	5	3	0	2	0	0	0	3	0	0	0	0	0	0	0	0	0	4	0	0	0	5	0	4	3	1	0	0	0	0	0	0	2	0	0	2	0
ASV2211	1	1	0	0	1	0	0	0	0	0	0	0	0	0	0	0	1	0	0	1	0	0	0	0	0	0	1	0	0	0	0	0	6	1	2	23	1	0	0
ASV2252	5	1	0	0	2	0	0	1	2	3	0	1	2	0	0	0	0	1	1	2	0	0	0	1	0	0	0	2	0	1	0	0	3	6	6	1	1	0	1
ASV2273	0	3	1	2	1	2	3	2	3	1	0	0	2	2	0	2	2	0	1	0	0	3	1	2	2	0	0	1	2	0	1	0	0	0	0	0	0	0	0
ASV2303	4	2	1	1	0	0	0	0	0	2	0	0	0	0	0	0	0	0	0	0	0	0	0	1	2	0	1	1	2	0	0	9	4	1	2	1	10	2	1
ASV2328	1	0	3	0	0	3	0	1	1	4	0	0	0	0	0	0	0	0	0	2	0	0	0	2	2	0	1	1	1	0	1	0	0	11	3	0	0	3	0
ASV2329	1	3	0	0	0	0	0	0	2	0	0	0	3	3	2	1	8	1	3	0	0	3	5	2	1	0	2	0	0	1	1	0	1	1	0	0	0	0	0
ASV2334	3	2	4	2	0	1	0	0	0	3	0	0	1	0	0	0	0	1	0	3	0	0	0	0	1	2	1	1	1	0	0	0	6	6	1	5	1	2	0
ASV2340	0	2	4	2	2	3	1	1	3	1	0	2	0	0	0	0	0	0	0	1	0	0	1	2	2	0	1	0	2	1	0	0	1	2	4	1	0	2	1
ASV2376	3	1	1	0	1	4	0	1	1	0	0	0	0	2	0	1	0	1	3	1	2	4	4	1	1	2	0	0	3	1	2	2	0	1	0	0	0	2	1
ASV2468	3	0	0	0	0	3	1	3	1	1	0	1	1	2	0	1	6	3	0	0	1	0	0	2	2	1	3	1	1	1	1	0	0	0	0	0	0	0	0
ASV2514	4	2	4	2	2	5	0	1	1	3	2	0	0	0	0	1	0	0	0	1	0	1	0	2	3	1	1	2	0	0	0	1	0	1	2	0	1	0	0
ASV2570	0	6	2	4	2	1	0	2	7	2	2	2	0	0	2	1	0	0	0	5	0	0	0	1	2	1	1	0	0	0	0	0	0	0	0	0	0	0	0
ASV2710	2	0	1	0	0	0	0	0	1	0	0	0	1	0	0	0	0	0	0	0	0	0	1	2	2	2	1	1	2	0	0	5	8	5	0	2	2	3	1
ASV2767	0	0	1	3	0	1	0	1	0	0	1	2	1	1	3	3	0	1	3	0	0	2	5	2	1	0	2	1	2	1	2	0	0	0	0	1	0	0	0
ASV2840	0	1	3	0	4	7	0	4	0	1	3	1	0	0	1	1	0	0	0	3	1	1	0	2	2	0	2	4	2	0	0	0	0	0	0	0	0	0	0
ASV2847	8	1	1	0	2	0	1	0	0	0	0	0	1	1	2	1	0	1	0	1	1	1	0	2	2	0	3	1	1	0	1	0	0	0	0	0	0	15	1
ASV2985	3	2	0	1	1	0	0	1	0	2	0	0	0	0	0	0	0	0	0	2	0	0	0	4	1	0	0	0	0	0	0	3	8	2	5	9	2	1	0
ASV3129	2	0	1	0	2	2	0	3	1	2	0	0	3	1	3	3	2	4	2	0	0	2	0	2	1	4	2	0	0	3	0	0	0	0	0	0	0	0	0
ASV3304	4	0	3	0	0	2	0	0	2	2	0	0	0	0	1	0	0	0	1	1	2	3	1	3	2	0	0	1	1	0	1	2	1	3	3	0	0	1	3
ASV3341	1	0	1	1	2	0	1	0	0	4	0	0	1	0	0	1	0	1	0	1	1	2	0	2	1	1	2	0	0	0	0	2	2	1	0	9	1	2	0
ASV3650	4	4	1	0	0	1	0	0	0	0	0	0	0	0	0	0	0	1	0	0	0	3	0	1	2	0	1	2	2	0	0	6	2	6	5	0	3	6	0
ASV4100	1	5	1	0	0	5	0	2	1	1	1	0	1	0	0	0	0	0	0	1	0	0	0	3	0	4	5	5	1	0	0	1	0	0	0	1	1	1	0
ASV4703	3	1	1	0	1	1	1	0	2	3	0	1	0	0	0	1	0	2	0	1	0	0	1	2	0	1	0	1	0	1	0	7	1	5	0	0	1	4	0
ASV5432	1	6	0	1	1	1	2	1	0	0	1	0	0	0	0	0	0	0	0	1	0	0	0	3	0	1	1	2	0	1	0	1	6	0	7	1	0	4	0
ASV1862	0	5	4	1	2	2	2	0	0	0	0	2	0	0	0	0	0	0	0	5	0	0	0	1	0	0	1	1	1	0	0	0	3	2	8	1	0	0	0
ASV1938	1	0	2	5	3	0	3	2	0	1	0	0	0	0	0	0	0	3	1	2	0	1	0	3	0	0	1	0	1	0	0	2	0	0	4	0	1	2	1
ASV1982	2	0	0	0	0	0	0	0	0	0	0	0	1	1	2	2	4	0	6	2	0	10	5	0	0	0	2	1	0	0	1	0	0	0	0	0	0	0	0
ASV2014	4	2	0	0	0	0	0	1	0	0	0	0	0	0	0	0	0	0	0	0	0	0	0	1	0	0	1	1	0	0	0	0	0	1	5	23	0	0	0
ASV2071	6	2	2	1	2	2	1	0	0	0	1	0	0	0	0	0	0	0	0	1	0	0	0	4	3	3	2	1	1	0	0	1	0	1	0	10	0	1	0
ASV2086	0	0	2	3	0	4	1	0	0	1	5	0	1	1	0	2	2	0	2	1	1	1	1	0	1	0	3	0	0	1	0	0	0	0	2	0	3	0	0
ASV2101	3	1	1	0	1	1	1	0	0	1	0	0	0	0	0	0	0	0	0	1	2	2	0	2	1	2	1	0	0	0	2	4	2	2	1	0	0	8	1
ASV2113	1	1	0	1	0	2	0	0	0	1	0	0	0	1	0	0	1	1	0	1	0	0	0	1	0	0	0	0	0	1	0	1	4	2	2	8	10	0	0
ASV2210	4	0	1	0	0	0	0	0	0	0	1	0	0	2	2	2	4	4	3	1	3	3	1	0	0	1	3	3	1	0	0	0	0	0	1	0	0	4	0
ASV2245	2	3	0	0	1	2	2	0	2	3	0	0	0	0	0	1	0	0	0	2	0	0	0	1	2	0	2	0	1	0	0	6	2	3	4	0	3	0	0
ASV2264	3	2	1	0	0	0	2	2	0	2	0	1	0	1	0	0	0	0	1	1	0	3	2	0	1	1	1	0	0	3	5	1	0	1	1	0	0	4	1
ASV2266	0	0	0	0	2	0	0	0	0	0	0	0	0	0	0	0	0	2	0	0	0	1	0	0	1	0	1	1	0	0	0	0	0	0	21	1	0	0	0
ASV2302	2	0	0	0	1	0	0	0	0	1	0	0	0	0	0	0	0	0	0	1	0	0	0	0	0	0	0	0	0	0	0	3	9	3	4	1	2	18	1
ASV2466	4	0	1	1	0	0	0	0	0	1	0	1	0	1	0	0	1	0	0	0	0	1	2	4	0	1	0	0	0	0	0	2	0	8	4	0	3	8	1
ASV2556	2	4	0	1	5	2	0	2	0	3	0	0	2	1	0	0	0	0	1	5	1	0	0	1	2	1	0	0	1	0	0	1	0	0	0	0	0	3	1
ASV2594	5	2	1	1	0	0	2	1	1	0	0	0	0	0	0	2	1	0	0	1	0	0	1	2	2	0	1	0	3	0	0	0	3	2	1	1	3	5	3
ASV2680	0	1	6	1	2	0	1	2	0	3	2	0	0	0	0	0	0	0	0	2	1	0	0	0	4	2	1	3	1	0	0	0	0	0	1	0	0	1	0
ASV2901	2	5	2	1	0	2	2	1	0	2	1	0	0	1	0	1	0	0	0	2	0	1	4	0	1	2	3	0	2	0	1	0	1	0	0	0	0	2	1
ASV2960	2	4	2	2	2	1	3	1	0	1	0	0	0	1	1	1	0	1	0	4	0	0	0	0	0	1	3	0	1	0	0	5	2	1	4	0	1	0	0
ASV3609	0	5	0	0	0	0	1	0	0	1	0	0	0	0	0	0	0	0	0	1	0	1	0	0	0	0	0	0	0	0	0	10	1	7	4	0	6	6	2
ASV4534	3	3	1	2	1	1	3	0	0	2	0	3	1	0	3	0	0	1	0	2	0	1	0	1	1	4	1	0	1	0	0	0	0	0	0	0	0	0	0
ASV5305	0	1	1	2	1	0	0	2	2	2	0	1	2	0	1	1	0	0	0	0	0	0	2	0	3	1	1	1	1	14	1	0	0	0	0	0	0	0	1
ASV1797	0	5	2	0	3	1	0	1	0	1	0	1	0	1	0	1	0	1	1	0	0	1	0	5	4	0	3	3	2	0	0	1	0	0	0	0	0	1	0
ASV1843	0	2	1	2	1	2	1	1	0	1	0	2	0	3	0	0	0	1	0	5	0	0	0	5	2	4	1	1	1	0	1	0	0	0	0	0	0	0	2
ASV1910	0	2	3	3	0	4	3	1	0	6	1	0	0	0	1	0	0	0	0	3	0	1	1	2	1	2	0	2	1	0	0	1	0	2	3	0	1	1	0
ASV1948	4	0	0	0	0	0	1	0	0	2	1	1	1	1	0	0	1	2	2	1	4	7	2	1	0	0	0	1	1	2	4	0	0	0	0	0	0	3	0
ASV1987	1	1	2	1	0	0	0	1	1	1	1	1	0	0	0	0	3	1	1	1	3	2	4	3	0	3	1	1	2	3	3	1	0	0	1	0	0	2	0
ASV2003	0	1	0	0	0	0	0	0	0	0	0	0	0	0	0	0	0	1	0	0	1	0	0	1	1	0	0	0	0	0	0	17	2	6	4	4	0	4	2
ASV2012	0	0	0	0	0	0	1	0	0	0	0	0	0	0	0	0	0	0	0	0	0	2	0	1	0	0	0	0	0	0	0	3	0	0	3	17	9	6	0
ASV2095	5	0	1	1	0	0	0	0	0	2	0	0	0	1	0	0	0	1	0	0	0	1	1	0	0	0	0	1	2	1	0	0	0	0	0	0	0	34	1
ASV2105	0	0	1	0	2	1	0	0	0	1	0	0	0	0	0	0	0	0	0	0	0	0	0	0	0	0	0	0	1	1	0	20	2	10	0	0	2	6	2
ASV2119	2	5	2	0	0	0	1	0	0	1	0	0	0	0	1	0	0	1	0	5	0	0	0	3	3	3	1	0	3	0	0	0	2	0	2	7	0	0	0
ASV2133	4	5	1	3	4	4	1	2	0	3	0	0	0	0	0	0	0	0	0	3	0	0	0	2	0	1	6	6	1	0	0	0	0	0	0	1	0	0	0
ASV2257	3	3	1	1	2	2	0	2	0	0	0	0	0	0	0	1	0	2	1	1	0	0	0	4	1	0	2	0	3	1	0	1	0	1	2	0	4	0	0
ASV2262	1	0	0	1	0	1	0	1	0	1	0	0	0	0	0	0	0	0	0	0	0	0	0	0	1	0	0	0	0	0	0	0	3	0	2	1	0	31	2
ASV2335	2	4	0	1	2	0	0	0	0	1	1	0	1	0	1	2	0	3	1	2	3	1	1	2	0	0	0	0	0	2	1	0	0	4	0	0	1	0	2
ASV2389	0	0	1	0	1	3	1	2	1	0	1	0	1	1	0	1	1	0	0	1	1	0	1	1	0	2	0	1	0	0	0	1	0	12	4	3	0	0	0
ASV2445	8	6	3	2	2	1	1	0	0	1	0	0	0	0	0	0	0	0	0	2	0	0	0	2	1	2	2	0	0	0	0	6	2	2	1	0	0	0	0
ASV2492	1	0	1	0	0	0	0	0	0	0	0	0	0	1	0	0	0	0	0	0	0	0	0	0	0	0	0	0	0	0	1	10	6	15	3	1	2	2	0
ASV2574	6	1	0	1	1	0	0	0	1	0	0	0	0	0	0	0	0	0	0	0	0	0	0	1	1	0	0	1	0	0	0	7	10	8	2	5	1	3	0
ASV2591	1	2	0	3	0	1	0	3	1	1	1	1	1	2	2	5	1	0	2	2	1	2	0	1	0	1	0	1	0	0	0	0	0	0	0	0	0	0	0
ASV2630	3	0	2	6	3	4	1	0	1	2	1	1	0	0	0	0	0	0	0	2	0	0	0	6	1	1	5	0	0	0	0	0	0	0	0	0	0	0	0
ASV2712	4	0	1	0	1	0	0	1	1	0	0	1	0	0	0	0	0	0	0	0	0	0	1	0	0	0	0	3	0	0	0	2	1	1	3	0	2	16	2
ASV2763	0	1	6	2	1	2	0	1	4	0	0	1	0	2	1	2	1	0	1	0	2	2	0	0	0	0	0	1	3	3	2	0	0	0	1	0	0	0	0
ASV2921	4	7	2	0	2	0	1	0	1	0	0	0	0	0	0	0	0	0	0	3	0	0	0	5	1	3	2	1	1	0	0	0	1	2	0	0	0	2	0
ASV2925	3	1	1	1	0	1	0	0	0	0	0	0	0	0	0	0	0	1	0	0	0	0	1	0	1	2	0	0	1	0	0	7	7	5	3	0	4	4	0
ASV3069	1	3	3	1	0	1	1	0	3	0	0	0	0	0	1	1	0	2	0	3	1	0	0	1	3	2	1	0	0	0	0	0	1	0	2	0	7	0	4
ASV3090	3	1	0	1	0	0	3	0	0	2	0	0	0	0	0	0	0	0	0	1	0	0	0	0	2	2	0	0	0	0	0	0	0	1	0	0	1	27	3
ASV3154	1	3	1	3	0	1	0	1	0	2	0	0	0	0	1	2	0	0	3	0	2	2	0	2	1	0	3	1	1	0	4	1	0	1	2	0	1	4	1
ASV3157	0	1	0	2	0	0	0	0	0	3	0	0	0	0	1	0	0	0	0	2	0	0	1	1	0	1	0	0	1	0	0	2	3	11	0	5	1	4	0
ASV3229	0	1	1	0	1	0	0	0	0	0	0	0	0	0	1	0	0	0	0	1	0	0	0	0	0	0	1	0	2	0	0	3	8	5	4	10	0	3	2
ASV3546	4	3	1	2	3	3	1	0	3	0	0	0	0	0	2	1	0	1	1	2	0	2	0	1	1	2	0	0	0	3	8	0	0	0	0	0	0	0	1
ASV4003	2	0	0	0	1	0	1	4	1	0	0	1	2	2	2	2	2	0	1	1	4	4	0	0	1	1	1	1	0	3	2	0	0	1	0	2	0	1	0
ASV5095	2	1	3	2	0	1	1	1	1	1	0	0	1	0	0	0	0	0	1	0	0	0	0	1	2	3	1	1	4	0	2	1	0	0	2	0	0	1	0
ASV5598	1	2	2	1	0	0	1	1	0	1	0	0	0	0	0	0	0	1	1	3	0	0	1	4	1	2	0	0	1	0	0	1	6	1	0	3	1	0	1
ASV1753	1	1	1	3	1	1	1	4	5	0	0	4	0	1	0	0	0	0	0	3	0	1	0	0	2	4	0	1	1	0	0	0	0	2	0	0	0	0	0
ASV1829	2	0	0	0	1	0	1	2	1	4	1	0	0	0	0	0	0	0	0	2	0	0	0	1	1	1	1	0	1	0	1	2	1	2	2	3	2	4	1
ASV1890	11	8	6	0	0	1	0	0	0	0	0	0	0	0	0	0	0	0	0	2	0	0	0	2	2	3	3	2	1	0	0	0	1	1	0	0	0	1	0
ASV1893	0	1	1	0	0	1	0	0	0	0	1	3	1	2	4	4	2	2	3	1	3	2	3	0	0	1	1	0	0	0	2	0	0	0	0	0	0	0	1
ASV1901	0	0	1	1	0	0	0	0	1	1	0	0	1	1	1	2	1	2	2	1	3	3	1	0	0	1	1	1	1	2	2	0	0	0	0	0	0	0	1
ASV2061	1	4	2	0	2	1	1	0	1	1	0	0	0	0	0	0	1	0	0	2	0	0	0	1	3	3	1	2	1	0	0	2	0	4	1	0	1	7	2
ASV2072	2	4	1	0	2	3	2	0	0	2	0	1	0	0	1	1	0	0	0	3	0	5	0	1	4	3	1	0	4	0	1	0	0	0	0	0	0	0	1
ASV2074	4	4	2	3	1	0	0	1	1	3	0	0	1	0	2	0	1	1	1	2	3	1	0	1	1	2	2	1	1	0	1	0	0	0	0	0	0	2	0
ASV2083	0	0	0	1	1	0	0	0	0	0	0	0	0	0	0	0	0	0	0	3	0	0	0	1	2	0	0	1	1	0	0	1	7	11	6	5	0	0	0
ASV2125	2	1	1	0	0	0	1	0	0	2	0	0	0	0	0	0	0	1	0	2	0	1	0	1	0	0	0	0	0	0	1	11	5	5	2	4	0	4	0
ASV2129	0	1	0	1	1	1	0	3	1	3	1	1	0	0	0	0	0	0	0	0	0	0	0	0	0	0	0	0	0	0	0	2	0	15	5	0	0	0	0
ASV2148	1	2	1	0	1	0	0	0	2	4	1	0	0	1	0	0	0	0	0	3	0	0	0	0	1	1	2	1	0	0	0	4	6	3	3	4	0	0	0
ASV2184	10	1	0	1	1	0	0	1	1	0	0	0	1	1	0	1	4	1	0	1	0	0	3	1	2	2	1	1	0	0	2	0	0	2	0	0	1	0	0
ASV2205	6	1	1	1	0	2	0	1	1	1	0	0	0	0	0	0	0	2	0	2	0	1	4	1	0	1	0	1	1	1	1	0	0	0	1	1	0	7	1
ASV2247	6	2	3	1	1	1	3	0	0	4	0	0	0	0	1	0	0	1	0	3	0	0	1	2	3	1	0	0	3	0	1	3	0	0	0	0	0	0	1
ASV2258	10	1	2	1	0	0	2	1	1	2	1	1	0	2	0	0	1	0	1	0	1	2	2	2	0	1	0	0	0	0	3	0	0	0	0	0	0	0	0
ASV2348	0	2	1	0	0	2	0	1	0	0	1	0	0	0	0	0	0	0	0	2	1	0	1	1	1	1	2	0	4	0	0	0	5	5	1	10	0	4	0
ASV2407	0	1	0	0	0	0	0	0	0	0	0	0	0	1	0	0	3	1	1	1	1	0	0	1	2	0	0	1	0	1	0	2	23	0	1	4	0	1	0
ASV2510	2	2	1	3	2	1	2	1	0	4	2	1	2	0	2	1	1	0	1	3	0	0	0	3	5	3	1	1	1	0	0	0	0	0	0	0	0	1	0
ASV2571	2	3	1	1	4	0	2	0	0	2	1	1	0	1	0	1	0	0	1	2	2	1	1	4	2	2	0	0	2	0	1	0	5	0	0	2	0	0	0
ASV2627	4	6	1	4	0	0	0	2	0	1	0	1	0	0	0	0	0	0	0	2	0	0	0	2	2	4	8	0	1	0	0	0	1	0	0	0	1	0	0
ASV2690	0	0	0	0	0	0	0	0	0	0	0	0	0	0	0	0	0	0	1	1	0	0	0	0	0	1	0	0	1	0	0	11	7	10	6	0	2	0	0
ASV2769	3	1	0	0	0	1	0	0	1	4	0	0	0	0	0	0	0	0	0	1	0	0	1	2	5	4	1	0	2	1	0	3	2	0	1	3	1	2	0
ASV2922	9	2	0	2	0	1	2	0	0	3	0	1	0	0	0	0	1	0	0	2	0	0	1	1	3	1	1	1	2	0	0	0	0	0	0	0	0	0	6
ASV3054	2	8	1	2	0	1	2	4	0	1	1	0	1	0	0	0	0	0	0	4	1	0	0	3	2	2	1	0	1	0	0	1	0	1	0	0	0	0	0
ASV3110	3	4	2	0	1	1	0	2	1	7	1	0	0	0	0	0	0	0	0	3	0	0	1	2	0	1	0	1	3	0	0	0	3	0	0	0	0	2	0
ASV3198	2	2	2	0	0	1	1	1	1	1	1	1	1	0	0	3	0	0	1	1	0	1	1	1	1	1	1	2	2	1	0	0	0	5	1	0	0	3	1
ASV3467	6	1	4	0	0	2	1	0	0	1	0	0	0	0	0	0	0	0	0	2	0	0	1	1	3	5	2	0	0	0	0	3	0	0	1	3	0	4	2
ASV3491	1	1	1	2	0	0	1	0	1	0	1	0	2	2	1	2	1	2	1	6	2	0	5	0	1	1	1	0	1	2	1	0	0	0	0	0	0	0	1
ASV4114	1	1	1	1	0	3	1	0	0	2	1	0	0	1	0	2	0	0	1	1	0	1	0	3	1	4	4	2	0	2	0	0	0	1	0	0	0	1	1
ASV1787	0	0	0	0	0	0	0	0	0	0	0	0	0	0	0	0	0	0	0	0	0	0	0	0	0	0	0	0	0	0	0	0	25	1	5	8	0	0	0
ASV1819	4	4	4	0	0	3	0	1	3	2	1	0	0	0	0	0	0	1	0	3	0	0	0	1	0	3	3	4	3	2	0	0	0	0	0	0	1	0	0
ASV1854	0	7	1	4	1	4	1	3	1	4	0	0	0	0	0	0	0	0	0	5	0	0	0	3	2	2	3	1	2	0	0	0	0	0	0	0	0	0	0
ASV1900	3	1	0	0	0	0	0	0	0	0	0	0	0	0	0	0	1	1	0	1	0	0	0	0	0	0	0	0	0	0	0	12	2	11	2	2	3	0	0
ASV1944	4	1	0	1	3	0	0	0	0	0	0	0	0	0	0	0	0	0	0	0	0	0	0	1	0	0	0	0	0	0	0	0	23	0	1	9	0	0	0
ASV1967	0	0	0	0	0	0	0	0	0	0	0	0	0	0	0	0	0	0	0	0	0	0	0	0	0	0	0	0	0	0	0	30	2	7	4	0	4	0	0
ASV1999	5	0	2	0	0	0	3	1	0	3	0	0	0	0	1	7	2	2	4	0	1	1	0	3	1	1	0	0	1	1	1	0	0	0	0	0	0	0	0
ASV2120	1	1	0	0	0	0	0	0	0	0	0	0	0	0	0	0	0	0	0	0	0	0	0	0	0	0	0	0	0	0	0	1	6	6	4	18	0	0	0
ASV2168	10	2	0	0	1	0	1	2	0	0	1	0	0	1	0	0	0	0	0	1	0	0	0	0	1	2	1	0	0	0	0	0	0	0	0	0	2	21	0
ASV2190	4	3	2	2	0	2	1	1	1	2	0	1	0	1	0	0	1	0	0	2	0	0	4	2	1	1	0	0	1	0	0	1	0	2	0	2	0	2	0
ASV2194	2	0	1	3	0	0	1	0	0	0	0	0	0	0	0	0	0	0	0	1	0	0	0	0	1	2	2	1	0	0	0	0	0	0	1	24	0	0	0
ASV2234	3	0	2	1	2	1	0	1	1	1	0	0	0	0	1	1	0	0	0	5	1	1	0	2	3	2	1	1	0	0	1	0	0	0	0	0	0	2	6
ASV2246	0	1	0	0	1	0	1	1	0	2	0	0	1	2	1	1	1	4	2	3	4	3	1	0	0	0	0	0	0	0	0	0	0	0	0	0	0	2	4
ASV2249	4	1	0	4	1	3	1	4	0	1	0	0	0	0	0	0	0	0	0	1	0	0	1	2	1	0	3	1	1	0	0	3	1	0	2	0	0	5	0
ASV2373	0	0	0	0	0	0	0	0	0	0	0	0	0	0	1	5	3	6	12	0	1	2	4	0	0	0	0	0	0	4	0	0	0	0	0	0	0	0	0
ASV2401	3	3	0	0	0	1	0	0	1	0	1	0	0	0	0	0	0	0	0	2	0	0	0	1	1	1	1	0	1	0	0	8	8	0	4	1	0	7	0
ASV2421	5	3	0	2	1	1	0	0	0	2	0	0	0	0	1	0	0	1	0	6	0	0	2	2	3	4	1	0	0	0	0	0	0	0	0	0	0	0	0
ASV2488	0	1	1	0	0	0	1	0	0	0	1	0	0	0	0	0	1	0	0	0	1	1	1	3	0	2	1	1	0	0	1	4	0	2	3	1	6	11	2
ASV2528	0	3	0	2	0	4	1	0	1	0	0	0	0	1	0	0	0	0	1	1	0	0	0	2	4	0	0	2	0	0	1	0	0	0	1	11	0	0	0
ASV2611	9	7	2	2	0	0	2	0	0	3	0	0	0	1	0	0	0	0	0	4	0	0	0	1	4	4	0	0	2	0	0	0	2	2	0	0	0	0	0
ASV2707	0	0	0	0	0	0	0	0	0	0	1	0	0	2	0	0	0	0	0	0	0	0	0	0	1	0	2	0	0	0	0	5	4	15	2	2	1	2	2
ASV2713	1	0	0	0	0	1	0	0	2	0	0	0	0	0	0	0	0	0	0	0	1	0	0	0	0	0	0	0	0	0	0	0	0	1	2	0	1	8	28
ASV2848	2	1	0	1	2	3	1	1	0	2	0	0	0	1	0	1	0	1	1	1	0	0	0	1	1	2	3	2	1	0	1	2	1	0	0	0	4	1	1
ASV2866	1	0	0	0	0	0	0	0	0	0	0	0	0	0	0	0	0	0	0	1	0	0	0	0	1	1	0	0	0	0	0	3	0	0	0	0	21	21	0
ASV2886	0	2	1	1	0	3	1	2	0	1	0	0	0	0	0	1	0	0	0	0	0	0	0	4	1	1	2	1	0	0	0	3	3	0	5	2	2	0	0
ASV2918	7	2	4	3	1	1	0	0	0	2	1	0	0	0	0	0	0	0	0	4	0	0	0	4	4	3	1	1	1	0	0	1	0	1	0	0	0	0	0
ASV2939	1	1	3	6	1	0	0	1	1	2	0	1	0	0	0	1	0	0	0	0	0	0	0	5	1	3	1	0	0	0	0	2	0	0	0	0	1	5	1
ASV3036	7	3	1	2	2	3	0	0	0	3	0	0	0	0	0	0	0	0	0	2	0	0	1	4	1	3	4	1	2	0	0	0	0	0	0	0	0	1	0
ASV3122	2	3	2	2	2	0	0	1	4	0	4	0	2	5	2	0	0	1	0	0	1	0	1	0	0	1	1	1	0	0	1	1	0	0	1	0	0	0	0
ASV3164	2	2	3	5	2	0	2	0	3	4	1	0	0	0	0	1	0	0	1	2	0	0	0	1	2	1	3	1	3	0	0	1	0	0	6	0	0	0	0
ASV3248	9	3	0	1	0	1	0	0	0	1	1	0	0	0	1	0	0	0	0	0	0	0	0	2	1	1	1	0	0	0	0	1	7	1	1	0	1	9	0
ASV3252	3	1	3	1	1	1	0	0	0	2	0	0	0	1	0	2	0	1	0	2	0	0	1	2	0	3	3	3	2	2	1	0	0	0	0	0	0	0	2
ASV3531	0	1	2	1	0	2	1	0	1	0	0	1	1	0	0	0	0	0	0	0	0	0	0	3	0	4	1	1	1	0	1	2	5	7	2	0	4	0	0
ASV3567	0	1	0	2	1	1	0	0	0	1	0	1	1	0	1	0	1	0	1	1	0	2	0	1	2	0	3	3	2	1	0	3	1	0	2	1	4	3	1
ASV3683	0	1	0	1	1	1	1	1	1	0	1	1	9	0	0	1	0	1	6	1	1	0	3	0	0	0	0	0	1	0	1	0	0	0	1	1	1	0	0
ASV3888	0	0	0	0	0	0	0	2	1	2	0	0	0	0	2	0	1	3	1	3	1	1	0	0	2	0	2	0	0	0	2	2	0	2	1	0	0	3	3
ASV3903	1	0	1	0	0	0	1	0	0	1	0	1	0	0	0	7	2	2	4	1	1	3	3	0	1	0	0	0	0	0	7	0	0	0	0	0	0	0	0
ASV3977	3	2	0	0	2	0	0	0	1	2	0	0	0	0	0	0	0	0	0	4	0	0	0	0	0	1	0	0	0	0	0	1	8	2	6	4	1	3	0
ASV4150	1	2	0	0	0	1	3	0	2	0	1	1	2	2	1	0	0	0	0	3	0	1	0	2	1	1	1	1	4	4	0	0	0	0	0	0	0	0	1
ASV4555	1	0	1	0	0	0	0	0	0	0	0	1	3	6	5	1	2	0	0	1	2	0	0	0	0	0	0	1	0	5	3	0	0	1	1	1	0	2	0
ASV4745	0	0	0	1	0	1	0	0	1	0	0	1	0	0	0	0	0	0	0	0	0	0	0	0	0	0	0	0	0	0	0	0	0	0	0	0	0	0	34
ASV4768	1	2	2	1	0	1	0	1	0	0	0	0	0	0	0	0	0	0	0	4	0	1	2	1	0	1	1	1	1	0	0	1	2	5	2	1	1	1	1
ASV4975	0	0	0	1	1	0	2	1	0	2	0	0	0	0	0	0	0	0	0	1	0	0	1	1	0	1	1	1	0	0	0	7	4	2	5	1	3	3	0
ASV5059	1	0	2	2	3	4	2	4	1	4	0	1	0	0	0	0	0	0	0	2	0	0	0	2	0	0	1	1	1	0	0	0	0	2	0	1	0	2	0
ASV5295	0	1	0	1	2	4	0	1	0	3	1	2	1	0	0	0	0	1	0	1	0	0	0	3	1	3	3	4	1	0	0	1	1	0	1	1	2	0	1
ASV5648	2	3	1	1	3	1	1	1	0	0	1	0	0	0	1	0	1	0	1	0	0	1	0	0	3	0	4	2	1	0	0	0	0	2	0	0	0	6	0
ASV1841	0	1	2	2	1	2	1	2	0	0	1	4	0	2	0	0	0	0	0	2	2	2	1	1	0	1	3	4	1	0	0	0	0	0	0	0	0	0	0
ASV1860	3	1	0	0	0	0	0	0	0	0	0	0	0	0	0	0	0	0	0	0	0	0	0	0	0	0	0	0	0	0	0	0	0	0	2	28	0	0	0
ASV1882	0	0	0	1	3	0	1	1	4	0	0	0	3	1	1	3	1	2	3	1	1	1	1	0	1	0	0	0	1	0	0	0	0	0	2	0	0	0	0
ASV1921	1	1	2	0	0	0	1	0	0	4	1	1	0	0	1	2	1	0	4	2	0	1	3	4	2	2	1	0	1	0	1	0	0	0	0	0	0	3	0
ASV2001	4	0	2	0	1	0	1	0	2	1	1	1	2	1	1	0	2	1	1	5	1	2	4	2	0	0	1	1	1	0	0	0	0	0	0	0	0	1	0
ASV2022	3	0	0	1	1	0	0	2	0	1	1	1	0	0	0	2	0	2	1	1	2	2	5	1	0	0	0	1	1	3	1	1	1	0	0	0	0	0	0
ASV2068	7	1	0	1	0	1	0	0	0	1	0	0	0	0	0	0	0	0	0	2	0	0	0	0	2	0	0	1	1	0	0	0	17	1	2	0	0	1	3
ASV2090	0	0	0	0	1	0	0	0	0	0	0	0	1	0	0	0	0	0	0	0	0	0	0	0	0	0	0	0	0	0	0	1	0	7	7	0	21	0	0
ASV2110	0	2	0	1	0	0	1	0	0	0	0	0	1	0	0	0	1	0	1	0	1	2	1	0	0	2	0	0	1	6	9	0	5	1	1	0	0	5	0
ASV2172	6	1	0	1	1	0	0	0	0	2	0	0	1	3	2	2	2	3	2	1	1	1	1	0	0	2	0	1	2	1	0	0	0	0	0	0	0	1	0
ASV2186	0	1	2	0	0	3	2	0	0	2	0	0	0	0	0	0	0	0	0	2	0	0	0	2	1	4	4	4	0	0	0	0	2	3	2	2	0	0	0
ASV2199	6	0	0	1	0	0	1	0	0	1	0	0	0	0	0	0	0	1	0	1	0	1	0	1	1	1	2	0	1	0	1	0	0	2	2	0	0	17	3
ASV2238	2	1	0	0	2	1	1	1	5	2	2	0	0	1	2	0	0	0	1	2	0	0	0	0	0	2	0	2	1	1	0	5	0	1	1	0	0	0	0
ASV2253	1	0	0	1	0	0	1	0	2	0	0	0	0	1	0	0	0	1	0	2	2	0	3	0	0	2	2	2	2	0	0	4	0	5	2	0	0	0	4
ASV2279	2	1	0	0	1	0	0	0	0	0	0	0	0	0	0	0	0	0	0	0	0	0	0	1	0	0	0	0	1	0	0	0	4	2	15	11	0	0	0
ASV2324	0	2	0	1	0	1	1	0	0	1	0	1	1	2	1	0	0	0	0	6	1	0	0	0	0	1	0	0	1	1	0	0	0	0	0	0	0	0	17
ASV2342	9	2	2	1	2	0	1	0	0	2	0	0	0	0	0	0	0	0	0	1	1	0	0	0	1	4	2	2	1	0	0	0	0	0	1	4	0	0	0
ASV2346	1	2	0	1	2	1	2	0	0	1	2	0	0	0	0	2	1	3	1	0	3	4	2	0	0	0	0	0	0	3	2	0	0	0	0	0	0	0	0
ASV2375	4	0	0	0	0	0	0	0	0	1	0	0	0	0	0	0	0	0	0	0	0	0	0	0	0	0	0	0	0	0	0	6	7	3	2	6	3	6	0
ASV2398	2	0	0	1	0	0	0	0	0	0	0	0	0	0	0	0	0	0	0	1	0	0	0	0	1	0	0	0	0	0	0	11	1	5	4	0	0	13	0
ASV2469	0	3	2	0	0	0	0	1	0	2	1	1	0	0	0	0	1	0	0	2	0	0	2	1	3	3	4	3	6	0	0	1	0	0	2	0	0	0	1
ASV2562	0	2	1	1	1	1	3	2	3	0	0	1	0	1	0	1	0	0	1	1	1	0	1	0	0	1	1	1	0	0	2	0	0	1	1	0	1	0	0
ASV2625	4	2	2	1	1	2	0	1	0	0	1	0	0	0	0	0	0	0	0	1	0	0	0	1	1	11	1	2	2	0	1	1	0	1	0	1	0	1	0
ASV2655	1	0	1	1	2	1	0	2	2	0	0	2	3	0	0	0	1	1	1	0	0	0	3	0	0	0	2	0	1	0	0	0	0	0	0	0	0	0	2
ASV2714	4	2	1	2	1	0	1	1	0	1	0	0	0	0	0	0	0	1	0	4	0	0	1	5	2	2	1	1	2	0	0	0	9	1	1	0	0	0	0
ASV2928	0	2	0	0	2	1	0	1	1	1	2	1	2	1	1	0	1	2	2	0	2	2	0	0	0	1	2	2	0	0	0	0	0	1	0	0	0	0	2
ASV3144	0	0	1	1	0	1	0	0	0	0	1	0	0	0	0	1	0	0	0	0	0	0	0	1	1	0	0	0	0	0	0	5	5	7	5	1	4	4	0
ASV3161	2	3	0	0	1	1	0	1	2	1	1	1	1	0	0	9	2	3	3	2	1	1	1	0	1	2	0	0	0	1	0	0	0	0	0	0	0	0	0
ASV3177	1	4	2	0	1	2	0	0	0	3	2	1	0	0	0	0	2	0	0	2	1	0	2	1	3	0	2	1	2	0	0	1	2	1	1	1	1	0	3
ASV3289	0	0	1	3	0	0	2	1	0	0	1	4	0	0	1	1	2	1	1	1	2	0	0	0	2	1	0	2	0	1	5	0	0	0	0	0	0	0	0
ASV3330	0	1	0	2	1	2	0	2	0	2	0	1	0	3	2	0	0	2	1	0	1	0	2	2	0	0	0	4	0	1	2	0	0	0	2	0	0	1	0
ASV3425	0	0	1	0	3	1	1	0	2	2	0	0	0	0	2	4	0	1	1	2	1	0	0	1	0	3	1	0	1	3	1	0	1	1	1	0	1	1	0
ASV4754	1	1	1	0	0	0	0	1	0	2	0	0	0	0	1	0	0	0	0	0	0	0	0	3	0	1	1	1	0	0	0	0	6	4	2	8	0	10	3
ASV4848	2	6	0	2	0	1	1	2	0	3	1	0	0	0	0	0	0	0	0	0	0	0	0	2	3	0	2	2	2	0	0	0	0	0	0	6	0	0	0
ASV4896	4	1	0	1	0	2	1	0	0	0	0	0	0	1	0	0	0	1	0	1	0	0	0	0	2	3	0	1	0	0	0	10	6	3	2	1	1	5	1
ASV5106	0	0	0	0	2	2	0	0	0	0	0	0	0	0	0	1	1	1	1	0	0	0	1	3	0	0	1	0	0	0	0	8	5	0	2	1	13	2	0
ASV1847	0	0	1	0	0	0	0	1	0	2	0	0	0	0	0	0	1	3	1	3	0	0	0	1	0	0	1	0	1	0	1	4	4	1	1	0	1	11	0
ASV1905	2	1	0	0	0	0	0	0	0	0	0	0	0	0	0	1	4	0	7	0	2	5	0	0	0	0	0	0	0	2	6	0	0	0	0	0	0	0	0
ASV2009	2	1	0	4	1	0	1	3	0	0	3	5	0	0	0	0	0	0	1	2	0	0	0	0	0	1	3	1	2	0	0	0	0	0	0	0	8	0	0
ASV2018	6	1	0	1	0	2	0	0	1	2	0	0	0	0	0	0	1	1	2	0	2	2	2	0	2	0	1	1	0	0	2	1	0	1	3	0	0	2	0
ASV2099	0	0	0	0	0	0	0	0	0	1	0	0	0	0	0	0	0	0	0	0	0	0	0	0	0	0	1	0	0	0	0	13	16	5	3	2	0	1	0
ASV2143	3	3	0	1	3	1	1	1	0	2	1	0	0	0	1	0	1	0	0	4	0	0	0	2	1	1	3	2	2	0	0	2	1	1	0	3	0	1	0
ASV2203	1	2	0	1	1	3	0	0	0	2	1	0	0	0	0	0	0	0	0	3	0	0	0	0	1	0	1	0	0	0	0	3	1	1	0	2	2	17	1
ASV2222	0	1	2	1	0	1	0	0	0	1	0	0	0	0	1	0	0	1	1	1	5	5	2	0	0	1	0	0	0	4	3	0	0	0	0	0	0	0	0
ASV2237	9	5	0	0	1	1	0	1	0	3	0	0	0	0	0	0	0	0	0	3	0	0	0	1	0	2	3	2	1	0	0	1	0	0	0	0	0	6	1
ASV2289	0	0	0	0	0	0	0	0	0	0	0	0	0	0	0	0	0	0	0	0	0	0	0	0	1	0	0	0	1	0	0	1	0	1	1	29	0	6	0
ASV2294	0	0	0	0	0	0	1	0	0	0	0	0	0	1	1	6	5	8	4	0	0	3	1	0	1	0	0	1	0	1	2	0	0	0	0	0	0	0	0
ASV2358	0	0	1	0	0	0	0	0	0	1	0	0	0	0	0	0	0	0	0	0	0	0	0	0	0	0	0	1	0	0	0	2	1	2	2	0	1	27	4
ASV2380	1	0	3	0	1	4	0	3	0	0	1	0	0	0	0	5	1	0	2	0	0	2	1	1	1	1	0	0	1	1	4	0	0	0	0	0	0	0	1
ASV2396	1	1	2	3	2	1	0	1	0	7	0	2	1	0	0	1	0	0	1	2	1	0	1	3	2	0	3	3	2	0	0	0	0	0	0	0	0	1	1
ASV2405	4	1	4	0	1	0	3	1	0	0	0	0	0	0	0	0	0	0	0	3	0	0	0	3	1	0	2	1	1	0	0	0	9	1	0	4	0	0	0
ASV2487	1	0	1	1	1	1	0	0	0	0	1	3	0	1	3	1	1	0	3	2	2	1	0	1	0	2	2	0	0	1	0	1	0	0	0	0	0	0	0
ASV2490	1	1	1	0	0	0	0	0	2	4	0	0	0	0	1	0	0	0	0	4	0	0	1	2	1	2	4	0	0	0	0	1	0	1	1	1	1	11	2
ASV2505	0	1	2	2	3	1	1	0	0	1	0	0	0	0	0	0	0	0	0	2	0	0	0	5	0	1	2	2	1	0	0	1	0	1	4	0	4	4	0
ASV2540	1	0	1	0	0	3	1	0	2	1	1	1	0	0	1	0	1	1	0	2	0	0	1	0	1	0	0	0	0	0	0	5	0	2	0	0	0	17	1
ASV2620	1	1	0	1	1	0	1	1	0	0	0	0	0	1	2	1	0	1	0	2	0	1	0	0	1	3	1	0	0	1	1	1	5	1	1	3	0	1	0
ASV2633	2	3	0	0	1	0	1	0	1	0	0	0	0	0	0	0	0	0	0	1	0	1	0	1	0	1	0	1	1	0	0	5	3	3	0	0	4	10	2
ASV2739	4	3	3	0	0	1	1	0	1	3	0	0	0	0	0	0	0	0	0	2	0	0	1	1	3	3	3	1	2	0	0	0	0	0	0	0	0	0	0
ASV2789	1	0	5	0	2	0	0	2	0	0	5	0	0	0	0	0	1	0	1	0	0	0	0	2	1	6	2	0	1	1	0	0	0	0	0	0	0	0	0
ASV3002	1	4	2	5	0	3	1	2	1	1	0	0	0	0	0	0	0	0	0	1	0	0	0	0	2	2	2	1	0	0	0	0	1	3	2	0	0	2	0
ASV3035	9	1	0	0	0	0	1	0	0	2	0	0	0	0	0	0	0	1	0	1	2	1	2	1	0	1	1	0	2	1	0	2	0	0	3	0	0	0	0
ASV3059	5	0	1	0	1	0	1	0	2	0	0	2	2	1	4	0	1	0	2	2	0	3	4	0	2	0	0	0	0	4	3	0	0	0	0	0	1	0	0
ASV3109	0	0	0	1	0	0	0	0	0	0	0	0	0	0	0	0	0	0	1	1	0	0	0	0	0	1	1	0	1	0	1	11	1	5	2	1	12	4	0
ASV3116	0	3	1	1	2	0	1	0	0	0	0	0	0	1	0	0	0	0	0	1	0	0	0	2	0	1	0	0	1	0	0	11	0	3	2	0	4	5	2
ASV3180	1	3	4	1	3	1	1	1	1	2	0	1	0	0	0	1	0	0	0	1	0	0	0	0	0	2	5	5	0	0	0	0	0	0	0	0	0	0	1
ASV3301	0	3	1	0	0	1	0	0	0	0	0	0	0	0	0	0	1	0	0	1	0	0	0	1	1	1	4	0	0	0	1	1	0	4	7	3	2	1	1
ASV3551	0	0	1	1	1	2	1	0	0	1	0	0	1	0	0	0	0	0	1	1	0	2	0	0	3	1	2	0	0	0	0	1	0	0	1	0	3	20	2
ASV3804	3	1	0	0	1	0	1	0	0	0	0	1	0	0	0	1	2	1	1	2	0	3	0	0	1	0	0	1	2	0	0	2	3	1	0	3	2	7	0
ASV4137	0	0	1	1	0	0	0	0	1	0	0	0	0	0	0	0	1	1	4	0	1	0	2	0	0	0	1	0	2	2	5	2	0	2	0	2	2	1	0
ASV4274	0	0	0	3	0	0	1	0	1	1	0	0	0	0	0	0	0	0	0	2	0	0	0	0	1	2	0	1	1	0	0	1	7	4	4	2	1	10	0
ASV4462	3	5	1	2	1	0	2	2	1	3	0	0	0	0	0	0	0	0	0	2	0	1	2	3	1	2	1	0	0	1	0	1	0	0	1	1	0	2	0
ASV4698	0	1	1	0	0	0	0	0	0	3	0	0	0	0	0	0	0	0	0	2	0	0	0	1	2	0	0	0	3	0	0	3	1	5	1	12	0	4	0
ASV1957	2	0	0	0	0	0	0	0	1	0	0	0	0	0	0	1	0	0	0	3	0	0	0	0	1	3	0	0	0	0	0	1	2	0	2	11	6	4	1
ASV2023	0	1	1	1	1	0	0	2	1	2	0	0	0	0	3	0	0	0	0	3	1	0	0	0	0	4	4	0	1	0	0	0	1	4	2	0	3	3	0
ASV2033	1	0	2	0	2	3	2	1	0	1	1	0	0	0	1	0	1	1	0	2	0	0	0	3	2	3	3	1	1	1	8	0	0	0	0	0	0	0	0
ASV2144	4	0	4	0	1	2	3	2	5	0	0	1	0	0	0	1	0	3	0	1	0	0	1	0	1	1	1	1	1	3	2	0	1	1	0	1	0	0	0
ASV2145	2	0	2	1	1	0	0	2	0	3	0	0	0	0	1	0	0	0	1	2	0	0	1	1	1	0	2	1	3	0	1	2	0	3	2	0	0	6	3
ASV2151	1	0	0	2	0	1	1	0	1	1	0	0	1	0	0	0	0	0	0	0	0	0	0	0	1	1	2	1	0	0	0	3	5	5	3	2	1	4	0
ASV2153	2	2	0	1	3	1	2	1	3	2	3	0	1	1	1	1	0	0	2	2	1	0	1	0	0	0	2	0	0	0	2	0	0	2	1	0	0	0	1
ASV2310	3	2	0	1	0	0	0	0	0	2	0	1	0	0	2	0	4	0	1	2	0	3	2	3	0	1	0	0	1	2	0	1	0	0	0	0	0	4	1
ASV2317	2	3	0	3	1	3	2	1	0	1	0	0	0	0	1	0	0	0	0	1	0	0	0	4	0	3	4	1	0	0	0	0	1	0	0	0	1	2	1
ASV2353	2	2	0	3	0	0	0	0	0	0	0	1	0	0	0	0	0	0	0	3	0	0	0	0	0	2	1	0	2	0	0	3	10	1	7	4	0	0	0
ASV2406	3	2	0	0	1	3	2	0	0	0	0	0	0	0	0	0	1	0	0	1	0	0	0	2	1	2	1	0	1	1	0	3	2	3	1	0	0	6	1
ASV2419	1	1	0	0	0	0	0	0	0	0	0	0	0	0	0	0	0	0	0	0	0	0	0	0	0	1	0	0	0	0	0	10	11	5	4	1	5	3	0
ASV2422	2	3	0	0	3	1	0	0	0	1	0	0	0	0	0	0	0	0	0	0	2	1	0	0	1	1	1	1	0	0	0	6	0	0	1	0	3	7	2
ASV2424	0	1	0	0	0	0	0	0	1	1	1	0	0	1	0	0	2	1	3	0	2	1	0	0	0	2	1	1	0	0	1	0	7	0	0	5	1	0	0
ASV2447	4	0	0	1	1	0	0	0	0	0	0	0	0	0	0	0	0	1	0	0	4	6	4	0	0	1	0	0	0	6	11	0	0	0	0	0	0	0	0
ASV2463	0	3	0	0	0	0	1	1	1	2	0	0	0	0	0	0	0	0	1	0	0	1	0	1	1	0	0	1	3	0	0	0	3	5	9	5	0	0	0
ASV2509	0	0	0	0	0	0	0	0	0	0	0	0	0	0	0	0	0	0	0	0	0	0	0	0	0	0	0	0	0	0	0	14	11	1	2	0	14	0	0
ASV2515	0	2	2	2	2	2	0	1	0	0	0	0	1	1	1	0	1	6	3	1	0	0	1	2	2	0	0	2	1	0	0	0	0	0	0	0	0	0	1
ASV2531	2	3	1	0	0	0	0	0	0	0	0	1	0	0	0	0	1	0	0	3	0	0	0	1	0	2	0	0	1	0	0	0	10	2	1	9	1	2	0
ASV2555	1	3	0	0	2	1	0	3	1	3	0	1	0	0	0	0	1	0	0	3	1	2	4	3	2	2	3	0	0	0	0	1	0	0	0	0	0	0	0
ASV2559	2	0	0	0	0	0	0	1	0	1	1	1	0	0	0	0	2	0	0	2	0	1	0	0	0	0	0	0	0	0	0	2	9	3	4	3	4	0	0
ASV2615	0	0	0	0	0	1	0	0	0	0	0	0	0	0	0	0	0	0	0	0	0	0	0	0	0	1	2	0	0	0	0	0	5	4	11	13	0	0	0
ASV2648	1	1	0	0	0	0	0	1	0	1	0	0	1	0	2	6	0	3	2	2	5	2	0	0	0	1	2	0	1	1	2	0	0	0	1	0	1	0	0
ASV2661	3	1	1	1	0	0	0	0	0	4	0	0	1	0	0	0	0	0	0	0	0	0	0	0	1	0	0	1	1	0	0	5	0	1	3	0	1	10	1
ASV2734	0	1	0	0	1	0	0	0	0	1	0	0	0	0	0	0	0	0	0	0	0	0	0	0	0	0	0	2	0	0	0	9	2	4	4	1	7	9	1
ASV2746	0	2	6	1	0	2	0	0	1	1	0	0	0	0	0	0	0	1	0	1	0	0	0	2	2	4	0	2	2	0	0	1	0	0	2	1	3	0	1
ASV2748	0	2	1	1	2	2	1	1	2	1	1	0	1	0	0	0	0	0	0	2	0	0	0	5	6	3	3	0	3	0	0	0	0	0	0	0	0	0	1
ASV2755	0	4	1	1	1	2	4	1	0	2	0	0	0	0	0	0	0	0	0	4	0	0	0	2	2	0	3	0	1	0	0	0	0	3	1	1	0	0	0
ASV2792	1	2	3	1	1	3	2	1	0	1	0	0	0	0	0	0	0	0	0	4	0	0	0	6	0	3	2	0	1	0	0	1	1	3	1	0	1	0	0
ASV2810	2	2	3	1	0	4	1	1	2	0	4	1	0	0	0	0	0	0	2	1	0	1	0	2	1	6	1	0	1	1	1	0	0	0	0	0	0	0	0
ASV2812	0	1	0	0	0	0	0	0	0	0	0	0	0	0	0	0	0	0	0	0	0	0	0	0	0	1	0	2	1	0	0	6	6	7	8	0	3	4	0
ASV2831	2	5	5	0	2	3	0	1	2	3	1	0	0	0	0	1	0	0	0	3	0	0	0	2	0	2	3	1	1	0	0	0	0	0	0	2	0	0	1
ASV2885	4	3	0	0	0	0	0	0	0	1	0	0	0	0	0	1	0	0	1	1	2	2	3	0	0	0	1	0	1	3	2	1	1	1	0	0	1	2	2
ASV3019	2	0	0	0	0	2	0	0	0	2	0	0	0	0	0	0	0	1	0	0	1	0	0	1	0	1	0	0	0	0	1	9	4	2	7	3	0	1	1
ASV3088	0	0	1	0	1	1	2	0	0	0	0	0	1	7	5	1	1	1	2	3	6	2	0	0	1	0	1	0	0	2	0	0	0	0	0	0	0	0	0
ASV3216	2	0	1	0	0	3	1	1	0	0	0	0	0	0	0	0	0	0	0	2	0	0	6	3	1	2	1	0	1	0	0	0	3	2	5	7	0	1	0
ASV3225	0	2	1	0	1	2	3	0	0	0	0	1	0	2	1	0	0	1	2	1	1	1	4	2	3	0	3	3	4	2	0	0	0	0	1	0	0	2	0
ASV3285	0	1	0	0	0	1	0	0	0	1	0	0	0	0	0	0	0	0	0	2	0	0	0	0	1	2	1	0	0	0	0	2	2	6	9	0	4	5	0
ASV3454	4	2	2	0	0	0	0	0	1	0	0	0	0	0	0	0	0	0	0	1	0	2	0	1	0	1	1	0	0	0	0	1	1	1	0	0	2	19	1
ASV3471	2	0	0	2	2	4	3	0	3	0	0	2	0	0	1	0	0	0	0	0	0	0	0	2	5	3	0	0	0	0	0	0	0	0	0	0	0	5	7
ASV3503	1	0	0	0	0	0	0	0	0	1	0	0	0	0	1	0	0	0	0	0	0	0	0	0	0	0	1	0	2	0	0	7	2	6	7	0	4	2	1
ASV3648	2	1	0	1	3	3	3	2	0	0	1	1	0	0	0	0	0	1	0	2	0	0	0	2	2	1	4	1	0	0	0	0	0	0	1	0	4	2	1
ASV3787	5	4	1	0	1	0	4	0	0	3	1	1	0	0	0	0	0	0	0	1	0	2	0	1	2	2	1	0	1	0	0	4	0	3	2	0	0	2	1
ASV4129	0	2	1	2	1	0	0	0	1	0	1	0	0	0	0	0	0	1	0	0	0	0	0	0	1	1	1	2	0	0	0	4	0	8	6	0	0	1	1
ASV4186	2	1	5	2	0	0	0	0	0	3	0	0	0	0	0	0	1	2	1	1	1	0	0	0	0	1	1	0	1	0	1	3	0	3	3	0	1	2	1
ASV4207	1	1	2	3	0	1	3	2	1	0	0	1	0	1	0	0	0	0	0	5	1	0	0	3	1	3	0	1	2	0	0	3	1	1	0	1	0	0	1
ASV4419	2	3	4	2	1	3	1	0	0	3	1	0	0	0	0	0	1	1	1	2	0	0	1	3	0	1	2	2	0	1	0	0	0	0	0	0	0	1	0
ASV4541	4	1	0	0	0	2	0	1	0	1	1	0	0	1	0	2	1	2	1	0	0	1	0	0	1	0	1	0	0	0	0	0	1	0	1	0	1	5	1
ASV4672	0	0	5	0	1	1	0	0	0	2	0	0	0	1	0	0	3	0	2	2	0	1	0	4	3	1	2	1	3	0	1	1	4	0	0	1	0	2	0
ASV4731	1	3	2	0	2	0	0	0	0	1	0	0	0	0	0	0	0	0	0	1	1	0	0	1	0	1	0	0	2	0	0	1	10	1	5	1	1	3	0
ASV4977	0	5	3	2	0	2	1	1	0	1	0	0	0	0	0	0	0	0	0	3	0	0	0	1	2	1	0	2	3	0	0	2	0	2	4	1	0	0	0
ASV5138	2	0	1	0	0	0	1	0	1	1	0	0	0	1	2	1	1	1	2	2	2	4	4	3	0	1	2	0	1	0	0	2	0	0	0	1	1	3	0
ASV5216	10	0	1	0	0	3	1	1	1	0	0	1	0	0	1	0	0	0	0	0	1	1	0	1	0	2	1	1	2	0	0	0	0	0	0	0	1	0	4
ASV5344	1	2	0	1	7	1	0	2	0	2	1	2	0	0	0	1	2	1	0	0	1	0	0	2	2	2	0	1	0	0	0	0	0	0	0	0	0	1	2
ASV5920	0	0	0	0	3	2	1	0	0	1	1	2	0	0	0	0	0	0	0	0	0	0	0	1	1	1	1	1	3	0	0	0	0	0	0	0	0	0	18
ASV1897	6	1	2	0	1	2	2	1	0	0	0	1	1	0	1	3	4	1	1	2	1	0	0	1	3	1	0	0	0	0	0	1	0	0	0	0	0	0	0
ASV1991	3	1	2	0	1	2	1	0	0	1	1	0	0	0	0	0	0	0	0	0	0	0	0	0	1	0	0	0	1	1	1	5	1	4	6	0	1	3	1
ASV2050	6	2	0	2	3	1	1	0	0	1	0	0	1	0	2	0	0	0	0	2	1	0	2	2	2	0	0	1	0	1	0	1	0	2	2	0	0	1	1
ASV2123	1	1	1	2	1	1	1	0	1	2	0	0	0	0	0	0	2	3	0	0	3	2	5	2	1	0	0	0	1	0	0	0	0	0	0	0	0	0	0
ASV2209	0	0	0	1	0	1	0	0	0	0	0	0	0	0	0	0	0	0	1	0	0	0	0	2	1	0	0	1	1	0	0	15	3	3	2	0	4	8	0
ASV2296	8	4	0	0	2	5	1	0	1	0	1	0	0	0	0	0	0	0	0	2	1	0	0	6	3	2	0	3	0	0	0	0	0	0	0	0	0	0	0
ASV2339	1	2	1	3	0	1	2	0	0	1	1	0	1	0	1	4	1	3	1	0	0	1	1	1	0	3	1	0	0	1	1	0	0	0	1	0	0	0	0
ASV2363	0	0	0	0	0	0	0	0	0	0	0	0	0	0	0	0	0	0	0	0	0	0	0	0	0	0	0	0	0	0	0	0	19	1	7	13	1	0	0
ASV2368	1	5	2	1	0	1	1	0	0	1	0	0	0	0	0	0	0	0	0	3	1	1	0	0	0	0	0	0	1	0	0	1	3	3	0	1	1	8	3
ASV2391	6	3	1	3	3	0	1	0	1	2	0	0	0	0	0	0	0	0	0	3	0	0	0	3	0	2	3	0	4	0	0	0	0	0	0	0	0	0	0
ASV2402	2	2	0	1	1	0	1	0	0	2	0	0	0	0	0	0	1	0	0	0	0	0	0	2	0	0	0	0	2	0	0	1	2	1	0	21	0	0	0
ASV2403	1	2	1	0	0	1	1	0	0	1	0	0	0	0	0	0	0	0	0	1	0	0	0	1	0	2	1	1	0	0	0	4	9	2	0	4	7	1	1
ASV2414	3	3	2	0	1	2	0	0	1	1	0	0	0	0	2	1	3	1	0	2	1	1	0	3	1	0	3	1	0	0	1	0	0	3	0	1	0	1	1
ASV2437	1	1	1	1	0	0	1	2	1	1	0	1	0	1	0	4	3	1	1	4	0	1	0	0	0	1	0	2	1	0	1	1	0	0	0	0	0	2	0
ASV2550	3	1	4	3	2	0	3	1	2	0	2	1	0	1	1	2	1	0	0	1	0	0	0	0	0	2	2	1	2	1	0	0	0	0	0	0	0	0	0
ASV2586	1	1	2	0	2	1	1	1	0	2	1	1	0	2	0	2	0	2	2	3	1	0	2	2	0	2	0	0	1	0	1	1	0	1	1	0	0	0	0
ASV2590	1	0	1	0	0	2	0	0	0	0	0	1	0	1	0	0	0	0	0	0	0	2	1	0	1	2	0	1	0	0	1	3	2	4	2	0	4	6	3
ASV2603	6	0	1	0	0	1	1	0	0	0	0	0	0	0	0	0	0	0	0	0	0	0	0	0	1	1	0	0	1	0	1	0	1	1	2	19	1	3	0
ASV2644	2	1	3	0	3	1	0	1	2	2	1	0	0	0	0	1	0	0	0	2	0	0	0	1	2	0	3	1	3	0	1	2	0	0	0	1	1	3	0
ASV2670	2	0	0	4	5	0	0	0	1	1	0	0	0	0	0	0	0	0	0	3	1	0	0	1	0	2	4	2	1	0	0	3	2	0	3	3	0	0	2
ASV2715	1	1	0	3	3	7	3	1	2	1	0	0	1	0	0	0	0	0	0	0	0	1	0	2	1	0	2	1	0	0	0	0	0	0	0	0	0	0	6
ASV2773	1	4	5	1	1	2	1	1	0	2	1	0	0	0	0	0	0	0	0	0	0	0	0	3	3	1	2	1	2	0	0	0	0	1	1	1	0	0	0
ASV2830	2	0	0	1	0	0	1	1	0	1	0	0	0	0	0	0	0	0	0	0	0	0	0	2	0	1	0	1	0	0	0	1	2	0	1	0	1	27	1
ASV2876	6	7	1	1	0	3	1	0	0	3	0	0	0	0	0	0	0	0	0	2	0	0	0	1	3	1	1	0	1	0	0	1	0	1	2	0	0	3	0
ASV2933	5	1	1	1	0	0	0	0	0	2	1	0	0	0	0	0	0	1	1	0	1	3	2	1	5	3	3	0	0	0	0	0	1	0	0	0	0	0	0
ASV2968	4	1	3	3	2	0	3	1	0	1	1	0	0	1	0	0	2	0	1	1	0	2	1	0	0	3	1	1	1	0	1	3	0	1	0	0	0	0	0
ASV3033	0	1	0	0	0	0	0	0	0	1	1	0	0	1	5	5	3	2	5	0	4	4	0	0	0	0	0	0	0	0	3	0	0	0	0	0	2	0	0
ASV3197	1	1	5	2	2	3	3	0	3	3	0	2	0	0	1	0	0	1	0	2	0	0	0	0	3	1	0	3	3	0	0	0	0	1	0	0	0	0	0
ASV3223	0	2	0	0	0	1	0	1	0	1	0	0	0	0	0	0	0	0	0	0	0	2	1	0	1	0	0	1	0	0	0	5	0	0	3	0	8	17	0
ASV3422	2	0	1	1	3	1	3	0	1	1	1	0	0	2	0	0	3	1	0	3	0	4	1	2	2	1	0	0	0	1	3	0	0	0	0	0	0	0	0
ASV3516	3	1	2	0	1	1	0	1	1	1	0	0	0	0	0	0	0	0	0	1	0	0	0	0	0	3	0	0	0	0	0	3	3	3	2	0	4	3	2
ASV3655	0	4	1	0	0	0	0	1	0	3	0	0	0	0	0	0	2	0	0	1	0	0	0	4	0	2	2	1	1	0	0	3	3	0	1	4	0	0	2
ASV3689	0	2	1	3	0	0	1	1	0	1	0	0	0	1	0	0	1	0	0	3	0	0	0	0	1	1	1	0	0	0	1	4	5	0	1	5	0	2	0
ASV3794	2	2	2	0	0	5	1	0	0	3	0	0	1	1	2	2	1	2	1	2	0	0	1	0	1	1	1	1	3	2	0	1	0	1	1	0	1	0	0
ASV3950	1	3	1	4	1	5	0	2	0	2	0	1	2	2	1	1	1	0	0	3	1	0	0	0	1	2	0	0	1	1	1	0	0	0	0	0	0	0	2
ASV3970	0	2	0	0	2	1	0	0	0	2	0	1	0	1	0	2	1	1	1	0	0	0	0	0	3	4	0	2	1	0	2	3	0	0	6	1	1	3	2
ASV4093	3	2	0	1	0	0	0	1	0	2	0	0	0	0	0	0	0	0	0	1	0	0	0	1	0	1	0	0	1	0	0	2	5	3	4	1	2	7	0
ASV4143	0	3	2	4	1	0	0	0	2	0	3	0	1	2	0	2	0	1	0	2	1	0	1	0	0	0	1	2	2	2	1	2	0	0	0	0	0	0	0
ASV4459	1	4	5	2	2	3	1	1	0	4	0	0	1	0	0	0	0	0	0	2	1	0	0	1	5	0	2	0	2	1	0	0	0	0	1	0	0	0	1
ASV4581	3	1	0	0	0	0	1	0	0	1	0	0	0	0	0	0	0	0	0	0	0	0	0	1	2	0	0	0	0	0	0	4	5	0	4	3	3	11	0
ASV4659	0	0	0	0	0	0	0	0	0	0	0	0	1	2	0	1	0	1	2	0	2	3	1	0	0	0	0	0	0	11	5	0	0	0	0	0	0	0	0
ASV4767	1	1	1	2	3	2	1	0	0	3	0	0	0	1	1	0	3	0	0	2	0	0	0	3	3	3	4	0	2	0	0	0	0	0	0	0	0	0	0
ASV5293	0	2	2	2	2	1	1	2	1	1	1	0	0	0	0	0	0	0	0	3	0	0	1	4	1	3	2	1	2	0	1	0	0	0	1	0	0	0	5
ASV5708	3	0	0	0	0	0	0	0	0	0	0	0	0	0	0	0	0	1	0	2	0	2	2	1	0	2	1	1	0	0	1	4	3	3	1	4	3	1	1
ASV1775	1	1	0	1	0	0	0	1	0	1	0	0	0	0	0	0	0	0	0	1	0	0	0	1	0	0	0	1	0	0	0	4	7	7	2	2	0	2	2
ASV1968	0	3	0	0	0	0	0	0	0	1	0	0	0	0	0	0	0	0	0	0	0	0	0	1	1	1	1	0	1	0	0	3	11	6	3	5	0	0	1
ASV2006	0	0	0	0	0	0	1	0	0	0	3	13	1	0	2	0	5	3	2	0	1	0	1	0	0	0	0	0	1	0	0	0	0	0	0	0	0	0	0
ASV2040	3	0	0	0	0	0	0	0	0	0	0	0	0	0	0	1	0	0	0	0	0	0	0	0	0	0	0	0	0	0	0	1	14	6	3	6	2	2	0
ASV2060	1	4	2	1	1	3	2	0	4	0	3	7	0	0	0	0	1	0	0	0	0	0	1	1	1	0	1	0	1	0	0	0	0	0	0	0	0	1	2
ASV2112	1	3	1	3	0	2	3	2	2	2	0	0	0	0	0	1	0	0	0	3	0	1	0	2	1	5	1	0	2	0	0	0	0	0	0	0	0	0	0
ASV2140	1	1	1	1	2	2	1	1	2	1	0	2	0	1	1	0	0	0	1	0	1	0	1	1	2	3	1	1	0	1	1	0	0	0	0	0	1	0	0
ASV2157	6	3	0	4	3	1	3	4	1	2	1	0	0	0	0	0	0	1	0	1	0	0	0	2	3	1	1	0	0	0	0	0	0	0	0	0	0	0	0
ASV2195	0	0	0	0	0	0	0	0	0	1	0	0	0	1	1	0	0	0	0	0	0	0	0	0	0	0	0	0	0	0	1	10	7	9	9	0	0	0	0
ASV2201	0	1	1	0	0	1	0	0	0	1	0	0	1	1	0	1	1	0	2	0	1	0	0	0	0	0	2	0	0	0	1	0	9	4	5	0	0	0	0
ASV2202	5	3	2	0	0	0	0	0	0	0	0	0	0	0	0	0	0	0	0	1	1	1	0	1	0	0	1	0	0	0	0	1	0	0	0	0	0	17	7
ASV2241	0	2	4	2	0	0	2	3	0	2	0	0	0	0	0	0	0	0	0	0	0	0	0	2	2	0	4	0	0	0	0	1	1	1	1	3	1	1	0
ASV2244	3	0	2	0	0	0	3	2	1	2	1	0	0	0	0	1	0	1	0	1	0	0	0	0	2	0	1	0	2	0	0	0	0	0	0	0	0	3	7
ASV2278	1	0	0	0	0	0	0	0	0	0	0	0	0	0	0	0	0	0	0	0	0	4	0	0	0	0	0	0	0	0	0	5	11	2	3	3	1	2	0
ASV2307	1	0	0	1	0	0	0	0	0	0	0	0	0	0	0	1	0	0	0	0	2	4	0	0	1	0	0	0	2	6	1	0	3	1	1	2	4	9	0
ASV2314	1	0	1	0	4	0	2	2	0	1	1	0	1	1	1	1	0	0	0	0	1	3	1	4	0	0	1	1	1	1	1	0	0	1	0	0	0	0	1
ASV2355	0	0	1	0	3	1	0	0	1	1	2	1	0	0	0	0	0	0	0	1	1	0	0	0	0	0	1	2	0	0	0	0	0	6	4	0	1	2	2
ASV2408	3	4	4	2	3	3	2	2	1	1	1	0	0	0	0	0	0	0	0	1	0	0	0	2	3	1	2	2	2	0	0	0	0	0	0	0	0	0	0
ASV2431	0	0	0	0	0	0	0	0	0	0	0	0	0	0	0	0	0	0	0	0	0	1	0	0	0	1	0	0	0	0	0	17	6	6	1	0	2	7	0
ASV2483	0	1	1	3	3	0	1	1	1	1	0	0	0	0	0	0	0	0	0	8	0	0	1	1	0	0	1	3	0	0	0	3	1	3	5	1	0	1	1
ASV2596	1	0	3	0	2	1	0	2	2	2	3	0	0	0	0	1	0	0	3	4	0	1	0	1	1	2	0	1	0	1	0	0	0	0	0	0	0	0	0
ASV2629	2	1	1	2	1	2	0	1	1	6	0	0	0	0	0	0	0	0	0	1	0	1	1	3	2	1	1	1	0	0	1	0	1	2	0	0	0	4	0
ASV2632	0	2	0	0	0	1	1	0	0	4	1	0	0	0	0	0	0	0	0	4	0	2	1	3	2	0	0	0	1	0	0	0	4	2	1	2	0	5	1
ASV2634	0	1	0	2	0	0	0	0	0	0	0	0	0	0	0	0	0	0	0	0	0	0	0	0	0	0	0	0	0	0	0	16	3	6	3	8	1	0	0
ASV2718	3	1	0	1	0	0	1	2	1	2	2	5	0	1	0	1	2	2	0	3	1	0	0	2	3	2	0	3	1	0	0	0	0	0	0	0	0	0	1
ASV2738	5	2	3	0	0	1	0	2	0	2	0	1	0	0	0	0	0	0	0	1	0	2	0	0	0	1	1	0	2	0	0	1	1	1	0	2	0	7	0
ASV2756	0	0	0	0	0	0	0	0	0	0	1	0	0	1	0	2	5	0	6	0	5	6	2	0	0	0	0	0	0	0	3	0	0	0	0	0	0	0	0
ASV2836	2	3	0	0	3	1	1	1	1	0	0	0	1	0	0	0	1	0	0	3	0	0	4	3	2	1	0	1	0	0	0	0	0	0	0	0	0	0	6
ASV2843	2	0	0	0	0	0	0	0	0	0	0	0	1	0	0	0	0	1	0	0	0	0	0	0	0	0	0	0	0	0	0	31	1	5	1	0	0	0	0
ASV2880	4	1	0	1	0	0	0	0	0	3	0	0	0	0	0	2	1	2	1	0	1	0	0	1	3	1	1	0	1	0	0	2	1	0	3	3	3	0	0
ASV2881	3	3	0	0	1	2	1	0	0	0	0	0	0	0	0	0	0	0	0	0	0	0	0	1	1	0	1	0	0	0	0	3	0	1	2	5	4	15	1
ASV2900	1	0	2	0	2	1	1	1	3	1	1	0	0	1	1	1	2	0	0	1	1	2	0	1	2	1	3	0	1	1	1	0	0	2	5	0	0	3	1
ASV2934	0	4	2	1	2	2	1	0	0	0	0	1	0	0	0	0	0	0	0	0	0	0	0	1	2	1	3	1	1	0	0	1	1	2	0	0	3	3	1
ASV2969	1	0	0	0	1	0	0	0	0	0	0	0	0	0	0	0	0	0	0	0	0	0	0	0	0	2	1	0	0	0	1	1	18	2	1	1	4	5	0
ASV2986	4	0	1	1	1	1	1	1	0	2	0	0	0	1	1	2	1	0	0	2	3	1	1	2	1	1	0	2	0	0	0	1	0	2	0	0	0	1	3
ASV3014	1	2	1	0	1	1	2	0	0	2	0	0	0	0	0	0	0	0	0	1	0	0	0	0	0	1	1	2	0	1	0	3	1	5	3	0	4	3	0
ASV3081	1	1	0	0	0	1	0	1	0	0	0	0	0	0	0	0	0	3	2	0	5	5	0	0	0	1	0	0	0	0	1	0	0	3	0	8	3	1	0
ASV3183	1	1	1	0	1	0	0	0	0	0	0	0	0	0	1	0	3	1	5	0	3	4	1	0	0	2	0	0	0	0	1	2	0	1	1	1	2	0	0
ASV3254	0	0	1	0	0	0	0	0	0	0	0	0	0	0	0	0	0	0	0	0	0	0	0	0	0	0	0	0	0	0	0	6	16	8	1	0	5	2	2
ASV3273	2	1	0	1	1	0	0	0	1	1	1	0	0	1	0	0	0	0	0	1	0	0	0	1	0	1	2	0	0	0	0	1	5	2	3	7	0	1	0
ASV3279	2	0	1	0	0	2	1	0	3	1	0	1	0	0	0	0	0	0	0	2	0	1	0	0	1	1	0	1	1	0	0	0	4	2	1	10	4	0	0
ASV3294	4	1	2	1	1	3	0	0	0	1	0	0	0	0	0	1	0	0	0	4	0	0	3	1	0	2	1	1	0	0	0	0	0	0	0	0	3	1	0
ASV3428	1	3	3	5	0	5	0	2	0	4	0	0	0	1	0	0	0	0	0	2	0	0	0	2	4	0	0	0	2	0	0	1	0	1	1	0	0	0	0
ASV3744	3	4	2	1	1	3	3	0	0	4	0	0	0	0	0	0	0	0	0	1	0	0	0	2	3	2	2	2	2	0	0	1	0	2	0	0	0	1	5
ASV4180	1	2	1	0	3	0	0	0	1	2	0	1	0	2	0	0	0	2	0	2	0	2	0	2	0	1	0	1	2	0	3	1	1	0	1	0	0	4	3
ASV4254	2	0	0	1	0	0	0	0	0	0	0	0	1	0	0	0	0	0	0	1	0	0	0	0	0	1	0	2	1	0	0	4	3	1	1	1	0	17	1
ASV4316	1	2	2	1	1	0	0	1	1	2	0	1	1	0	0	1	0	1	0	4	0	0	0	3	2	2	1	0	3	0	0	0	0	1	0	0	0	0	0
ASV4490	0	2	2	0	3	0	1	1	1	1	0	2	1	1	1	0	0	0	1	1	1	0	1	3	0	1	4	2	0	1	0	0	1	1	2	0	3	0	1
ASV5197	1	1	0	0	0	1	1	0	0	0	0	0	0	0	0	0	0	0	0	1	0	0	0	1	3	3	2	0	1	0	0	2	3	2	0	10	0	0	0
ASV5346	0	3	2	0	3	0	1	1	1	2	2	5	0	0	1	0	0	0	0	0	0	0	0	2	2	2	3	0	1	0	0	0	1	0	1	0	0	2	0
ASV5655	0	0	0	0	0	0	2	1	1	0	1	2	3	1	0	1	10	3	4	0	1	3	0	0	0	0	0	0	1	0	0	0	0	0	0	0	0	0	0
ASV1913	0	0	0	0	0	0	0	0	0	0	0	0	0	0	0	0	0	0	0	0	0	0	0	0	0	0	0	0	0	0	0	5	16	3	3	6	1	0	0
ASV2016	0	0	0	0	1	0	0	1	1	1	0	1	0	0	1	1	1	3	0	0	5	7	1	0	2	1	0	0	0	0	6	0	0	0	0	0	0	0	0
ASV2075	0	3	0	2	0	2	3	3	0	4	0	1	0	0	0	0	0	0	0	3	0	0	0	2	0	3	0	0	4	0	0	0	0	0	0	0	0	0	0
ASV2142	5	2	1	0	1	2	0	0	0	0	0	0	0	0	0	0	0	0	2	1	0	0	0	3	0	0	0	1	0	0	0	1	4	0	0	0	16	0	0
ASV2149	2	3	3	1	1	2	0	0	0	2	0	0	0	0	0	0	0	0	0	1	0	1	0	0	1	0	0	0	0	0	0	0	5	5	3	0	5	0	0
ASV2193	5	0	2	1	0	0	1	0	0	2	0	1	0	0	5	1	1	0	1	2	0	2	0	1	1	3	0	0	1	0	2	1	1	0	0	0	1	0	0
ASV2215	1	1	0	0	1	1	0	0	0	0	0	0	0	2	0	0	0	0	0	2	0	0	0	0	0	1	0	0	1	0	0	3	1	4	6	0	1	11	0
ASV2265	6	2	0	1	0	1	2	0	1	0	1	0	2	0	0	2	3	1	0	1	1	0	0	0	1	0	0	0	0	1	1	0	0	0	0	0	0	0	0
ASV2267	0	0	0	0	0	0	0	0	0	0	0	0	0	0	0	2	1	12	10	0	1	1	4	0	0	0	1	0	0	1	0	0	0	0	0	0	0	0	0
ASV2275	2	1	2	0	1	1	0	1	0	1	1	2	0	2	1	0	0	1	0	1	0	0	1	1	1	0	3	0	1	0	0	0	0	0	0	0	0	2	2
ASV2293	2	0	0	0	0	0	1	1	0	1	0	0	0	0	0	0	0	0	0	0	0	0	0	0	0	0	0	0	0	0	0	0	5	0	2	23	0	0	0
ASV2357	1	2	0	0	0	2	2	0	1	4	0	0	0	0	0	1	1	0	0	1	0	0	0	0	0	2	1	0	1	0	0	3	1	1	0	0	8	0	0
ASV2429	10	1	0	0	1	0	1	1	0	3	0	0	0	0	0	0	0	0	0	1	0	0	0	4	3	3	1	0	1	0	0	0	1	0	0	0	0	0	0
ASV2462	6	0	2	1	2	1	0	0	0	0	0	0	0	1	0	0	0	0	0	0	0	0	0	0	0	0	0	1	0	0	0	0	11	1	1	3	4	1	0
ASV2479	0	3	1	2	1	1	1	1	0	0	0	0	0	0	1	0	1	0	0	2	1	0	0	0	0	0	1	1	2	0	0	2	2	2	0	5	2	6	0
ASV2525	0	2	2	1	0	1	1	0	0	1	0	0	0	0	0	0	0	0	0	3	0	0	0	3	2	2	4	1	0	0	0	2	0	0	0	0	0	11	0
ASV2535	0	1	1	1	1	2	1	0	2	2	0	1	0	0	0	0	0	0	0	2	0	0	0	7	5	2	2	3	2	0	0	0	0	0	0	0	0	0	0
ASV2541	2	4	1	0	3	2	1	1	1	1	0	0	1	1	0	1	0	0	0	7	1	1	0	0	3	1	1	0	1	0	0	0	0	1	0	0	0	0	0
ASV2612	0	0	0	0	0	0	0	0	0	0	0	0	0	0	0	1	0	0	0	0	0	0	0	0	0	0	0	0	0	0	0	0	43	0	1	0	1	1	0
ASV2639	4	1	0	0	1	0	0	0	0	1	0	0	0	0	1	0	1	2	1	0	0	1	5	2	1	2	0	0	1	0	0	2	0	0	1	0	0	5	0
ASV2704	0	1	0	1	0	5	0	1	1	1	1	0	0	0	1	0	0	0	0	1	0	0	6	1	8	2	0	4	1	0	0	0	0	0	0	0	0	0	0
ASV2786	4	1	0	1	0	0	1	1	3	5	1	0	1	1	3	3	0	0	1	0	0	0	0	2	0	0	0	3	1	0	0	0	0	0	0	0	0	0	0
ASV2797	1	0	1	0	0	0	0	0	0	1	0	0	0	0	0	0	0	0	0	1	0	0	0	1	3	2	0	0	1	0	0	0	3	1	2	13	1	1	1
ASV2815	4	1	0	1	3	0	0	1	0	2	0	1	1	1	0	0	0	1	0	0	0	0	2	2	1	1	1	2	0	0	0	1	0	1	0	1	0	2	0
ASV2825	3	1	0	1	0	1	1	1	1	0	0	0	0	0	0	2	0	0	1	1	0	0	1	0	2	1	0	0	0	0	0	0	0	6	1	0	7	1	0
ASV2844	0	0	1	0	2	1	1	0	0	3	0	0	0	1	0	1	2	0	0	1	1	1	0	0	1	1	1	1	2	0	0	5	1	2	0	1	2	2	2
ASV2869	1	1	0	0	0	1	0	1	0	1	0	0	0	0	0	0	0	0	0	0	0	0	1	0	1	0	3	2	0	0	0	4	10	5	1	2	3	1	1
ASV2895	4	0	3	1	1	1	3	1	1	3	3	0	2	0	0	0	0	0	1	2	1	3	0	2	1	1	1	0	0	0	2	0	0	0	0	0	0	2	0
ASV3020	1	4	0	1	2	1	0	2	1	1	1	1	1	0	0	2	0	0	0	1	0	0	0	2	2	1	1	0	1	0	0	0	0	0	2	0	0	1	0
ASV3155	2	1	0	0	1	0	0	0	0	1	0	0	0	0	0	0	0	0	0	1	0	0	0	1	2	0	0	0	1	0	0	2	3	6	8	0	2	1	1
ASV3190	0	0	0	0	0	1	1	0	1	0	0	0	1	3	2	1	1	6	3	0	2	2	2	0	0	0	1	0	0	1	1	1	0	0	0	0	0	1	0
ASV3475	1	3	1	0	1	0	0	1	0	3	0	1	0	0	0	1	0	1	4	2	3	1	0	2	0	0	1	0	2	1	4	0	0	0	1	0	0	1	0
ASV3588	3	5	1	0	2	0	0	1	0	3	0	0	0	0	0	0	0	0	0	3	0	0	0	5	2	1	0	2	0	0	0	5	0	2	1	0	1	1	0
ASV3606	0	0	1	0	1	1	0	1	0	2	0	1	0	0	0	0	1	0	2	3	0	0	2	1	0	0	4	0	1	0	0	2	2	1	3	2	2	0	1
ASV3617	5	3	1	1	0	0	1	0	0	0	0	2	4	3	1	0	2	3	3	0	1	0	0	3	0	1	1	0	1	0	1	0	0	1	1	0	0	1	0
ASV3622	0	1	0	1	0	0	0	0	0	0	0	0	0	0	0	0	0	0	0	0	0	0	0	1	0	1	0	1	0	0	0	2	10	6	5	1	1	1	0
ASV3684	2	3	1	2	1	1	1	0	0	1	0	0	0	1	1	1	0	1	0	0	1	0	0	3	1	2	2	3	0	1	1	1	0	1	0	0	0	1	1
ASV3743	2	2	0	1	1	1	1	1	0	0	0	0	0	0	0	0	0	0	1	0	0	0	2	2	1	1	1	1	0	0	1	2	11	0	0	2	0	2	0
ASV4095	3	1	0	1	1	0	1	2	0	1	0	0	0	1	0	0	0	1	0	1	0	0	3	0	0	1	0	0	0	0	1	3	2	0	2	0	5	5	0
ASV4177	3	0	0	1	0	0	1	1	0	0	1	1	1	1	4	2	1	0	1	2	1	9	3	1	1	1	0	0	0	0	1	0	0	0	0	0	1	0	0
ASV4189	5	0	0	0	1	1	2	0	3	1	0	0	2	0	0	0	1	0	0	1	2	0	0	0	0	0	0	1	0	1	0	2	0	1	0	1	1	4	2
ASV4250	0	1	1	1	0	0	0	0	0	0	2	0	0	0	1	0	0	2	0	3	0	1	0	3	1	1	1	0	0	0	0	6	2	1	1	0	9	0	1
ASV4515	1	0	0	0	0	1	0	0	0	2	0	0	0	2	1	0	0	1	0	2	2	1	1	1	1	2	0	0	0	3	1	0	5	1	2	2	1	2	1
ASV4596	5	3	1	1	0	0	0	0	0	0	1	1	1	1	0	0	5	0	3	0	3	4	0	2	1	0	0	0	1	0	1	0	0	0	0	0	0	5	0
ASV4680	2	0	2	1	0	1	1	1	0	1	0	0	1	1	0	0	0	1	0	0	0	1	1	0	1	0	0	0	1	0	1	6	0	4	2	0	0	2	2
ASV5787	7	2	1	1	0	2	3	3	0	2	0	0	0	1	0	0	0	0	0	2	0	0	0	3	2	2	1	0	2	0	0	0	0	0	0	0	0	0	0
ASV1951	2	0	1	0	3	1	1	0	1	1	1	0	0	0	0	0	0	0	0	0	0	0	0	0	0	3	2	0	0	1	0	0	1	4	4	0	4	1	0
ASV2011	1	0	0	0	2	1	0	0	0	0	0	0	0	0	0	0	0	1	0	0	0	0	0	0	0	2	0	0	1	0	0	0	19	8	3	0	0	0	0
ASV2053	2	1	2	0	1	2	0	1	0	0	0	0	0	0	0	0	0	0	0	0	0	0	0	3	1	0	3	0	1	0	0	7	0	8	0	0	0	2	1
ASV2183	11	8	1	1	0	0	0	2	0	1	1	0	1	0	0	0	0	0	0	1	0	0	0	0	0	4	0	0	0	0	0	0	0	0	0	0	0	0	1
ASV2231	1	3	2	2	0	1	0	0	3	3	0	1	0	1	2	3	0	1	0	2	0	3	2	1	0	0	1	1	0	1	2	0	0	0	0	0	0	0	0
ASV2235	3	6	0	1	0	2	1	1	1	0	0	3	0	0	1	0	0	1	0	0	0	1	0	1	0	1	2	0	2	1	0	0	0	2	0	0	1	0	4
ASV2236	1	2	0	0	0	0	1	0	0	0	0	0	0	0	0	0	0	0	0	0	0	0	0	0	0	0	0	0	0	0	0	15	2	4	2	1	0	10	0
ASV2285	1	1	0	0	1	0	1	0	0	0	1	0	2	2	5	1	1	5	5	0	2	1	3	0	0	1	0	0	0	1	1	0	0	0	0	0	1	0	0
ASV2343	1	0	1	0	0	0	0	0	1	0	4	0	11	5	3	4	1	2	0	0	0	1	0	0	0	0	0	0	0	0	1	0	0	0	0	0	0	0	0
ASV2374	1	0	0	1	2	0	0	0	1	2	0	0	0	0	0	0	0	1	0	1	0	0	0	2	0	1	2	0	1	1	0	0	10	2	4	0	0	2	0
ASV2387	0	1	0	0	3	2	1	0	0	1	0	0	0	0	0	0	1	1	1	1	0	0	0	0	0	2	1	1	1	0	0	0	4	4	2	5	1	1	0
ASV2390	1	3	3	1	0	1	1	0	1	2	1	0	0	2	0	1	1	1	0	2	1	3	1	0	2	2	0	1	1	0	1	0	0	0	3	0	0	0	0
ASV2397	0	0	0	2	0	0	0	1	3	2	1	2	0	1	0	1	1	0	3	0	2	1	0	2	0	3	1	0	1	0	0	2	0	0	0	1	0	0	0
ASV2464	1	1	1	0	1	1	1	2	0	3	0	0	0	0	5	1	3	1	0	1	0	2	2	0	0	2	0	0	0	0	0	0	0	1	1	0	0	0	0
ASV2482	6	2	0	0	0	1	3	0	0	1	2	1	0	0	0	0	1	0	1	0	1	5	0	1	1	5	2	1	0	0	0	0	0	0	0	0	1	0	0
ASV2497	8	1	0	0	2	0	1	0	1	0	1	0	1	0	1	0	2	1	4	1	1	2	0	0	4	0	2	0	1	0	0	0	0	1	1	1	0	2	1
ASV2536	0	1	5	1	0	0	2	0	1	2	1	0	0	0	0	2	1	1	2	2	0	0	0	0	1	0	2	1	0	0	0	0	0	0	0	0	0	6	0
ASV2537	11	2	0	1	0	0	3	3	1	0	0	0	0	0	0	0	0	1	0	1	0	1	0	1	0	1	0	1	1	1	0	0	0	0	0	0	0	8	0
ASV2542	5	0	1	2	3	1	1	2	2	0	1	0	1	0	0	0	0	0	0	0	0	0	0	0	6	0	4	1	1	0	0	0	0	0	0	0	0	0	0
ASV2565	11	0	0	0	0	0	0	0	0	0	0	1	0	0	0	0	0	0	0	1	0	0	0	0	1	0	0	0	0	0	0	4	3	1	1	1	2	13	0
ASV2584	0	0	0	0	0	0	0	0	0	0	0	0	0	0	0	0	1	1	1	0	1	5	0	0	0	1	0	0	0	3	13	0	0	0	0	0	0	0	0
ASV2628	6	1	2	1	0	0	1	1	0	3	0	1	0	0	0	0	2	1	2	2	1	2	2	0	0	1	0	0	2	0	0	0	0	1	2	0	0	2	0
ASV2662	4	0	1	0	0	1	0	2	0	0	0	0	0	0	0	0	0	0	0	2	0	0	0	3	0	2	1	0	1	0	0	1	5	1	2	1	7	4	0
ASV2686	4	2	2	2	1	0	1	2	0	2	0	0	2	1	0	0	1	1	1	3	0	0	0	0	0	1	0	1	2	0	0	0	3	0	2	0	0	0	0
ASV2688	4	1	0	1	0	2	0	0	0	0	0	0	0	0	0	0	0	0	0	0	0	1	1	2	1	1	0	0	1	0	0	5	8	0	2	1	1	6	1
ASV2759	1	0	0	0	0	0	0	0	0	1	4	1	6	2	1	2	0	1	1	3	1	0	0	1	1	0	1	0	1	4	3	0	0	0	0	0	0	2	0
ASV2784	1	1	0	0	1	0	0	1	0	0	1	1	0	0	0	0	0	0	0	1	0	0	0	1	0	2	0	1	0	0	0	2	10	1	4	9	1	1	0
ASV2813	0	0	1	0	3	2	0	0	0	3	0	0	0	0	0	0	1	0	1	0	0	0	0	1	0	3	0	1	2	0	0	3	5	2	0	0	7	2	0
ASV2818	3	4	3	1	0	0	0	0	0	0	0	0	0	1	0	0	0	0	0	4	2	3	1	0	1	2	3	1	1	1	1	1	1	0	0	0	0	0	1
ASV2864	1	1	1	1	3	0	0	0	0	0	0	0	0	0	0	0	0	0	0	0	0	0	0	0	1	2	0	2	1	0	0	1	15	1	0	5	0	4	0
ASV2892	1	0	0	1	2	1	1	2	0	1	0	0	0	0	0	1	0	0	0	3	0	0	0	3	0	2	1	0	2	0	0	1	0	1	5	4	0	1	1
ASV2897	3	1	1	0	1	0	0	0	2	0	2	0	0	0	0	0	0	0	0	1	0	1	0	1	3	2	1	3	3	1	0	1	0	0	0	1	1	2	1
ASV2899	1	0	1	6	3	3	1	0	1	1	0	1	0	0	0	0	0	0	0	2	0	0	0	3	0	3	0	2	0	0	0	1	1	2	0	1	2	1	0
ASV2936	2	1	0	0	0	0	0	0	0	1	0	0	0	0	0	4	5	2	5	1	3	4	2	0	0	0	0	0	1	0	0	0	0	0	0	0	0	0	1
ASV2966	4	1	2	0	0	2	0	0	0	1	0	0	0	0	0	0	0	0	0	0	0	3	1	1	0	1	1	2	2	1	0	3	0	1	0	0	4	4	0
ASV3003	0	0	0	0	0	0	0	0	0	1	0	2	1	0	1	1	0	0	0	0	0	0	0	0	0	1	0	0	1	0	1	5	1	3	2	0	11	0	9
ASV3010	2	2	2	0	1	2	0	1	2	1	0	0	0	0	0	1	0	0	1	2	1	0	2	2	3	2	1	1	2	0	2	2	1	0	0	0	0	1	0
ASV3025	13	1	0	1	2	0	0	0	0	2	0	0	0	0	0	0	0	0	0	5	0	0	0	1	2	4	1	1	3	0	0	0	0	0	0	0	0	2	0
ASV3086	0	3	1	2	1	0	0	0	0	0	0	0	0	0	0	0	0	0	0	1	0	0	0	2	1	0	3	0	1	0	0	1	2	0	2	9	0	4	0
ASV3181	0	0	2	0	1	1	0	2	0	1	2	0	0	1	3	2	3	5	0	0	0	3	3	1	0	0	0	0	1	1	2	0	0	0	0	0	0	0	0
ASV3204	3	2	3	3	1	0	2	0	1	1	2	0	0	0	0	0	0	0	0	0	0	0	0	1	0	4	1	1	0	0	0	0	0	0	0	0	0	0	6
ASV3221	0	2	4	2	1	0	3	1	0	0	0	1	0	0	0	1	1	0	0	0	3	2	2	0	0	1	2	1	1	0	0	0	0	1	3	0	0	0	0
ASV3293	4	2	0	2	0	1	3	3	0	2	0	0	0	0	0	0	0	0	1	1	1	1	2	2	1	3	1	1	2	2	0	0	0	0	0	0	0	0	0
ASV3410	1	0	0	0	0	0	0	0	0	0	0	1	0	0	0	1	5	1	2	1	4	8	1	0	0	0	0	0	0	0	2	0	0	0	0	0	0	0	0
ASV3497	5	3	0	0	0	1	1	1	0	2	0	0	0	0	0	0	0	0	0	2	0	0	0	1	1	1	0	0	1	0	0	1	0	0	3	12	0	0	0
ASV3573	4	2	0	0	0	4	1	2	0	1	1	0	0	0	0	0	0	0	0	5	0	1	0	9	1	0	0	1	0	0	0	0	0	0	0	0	0	0	0
ASV3596	0	0	0	0	0	0	0	0	1	0	0	0	4	2	1	4	3	0	6	0	0	4	0	0	1	0	1	0	0	1	2	0	0	1	0	0	0	0	0
ASV4237	1	4	3	1	1	0	1	0	2	4	0	0	0	0	0	0	0	1	0	4	0	0	0	3	1	2	1	0	1	0	0	0	0	2	3	0	0	0	1
ASV4343	0	0	1	0	0	2	0	1	1	1	0	1	0	1	0	1	4	3	5	0	1	1	0	1	1	1	1	1	1	0	0	1	0	3	0	0	0	0	1
ASV4858	1	0	0	0	0	1	0	0	0	0	0	0	0	0	0	0	0	0	0	0	0	0	0	0	0	1	1	0	0	0	0	11	1	2	0	0	1	20	1
ASV5012	0	0	0	0	0	0	0	1	0	0	0	0	3	1	0	8	0	4	3	1	0	2	0	0	0	0	0	0	0	3	5	0	1	0	0	0	1	0	1
ASV5437	4	0	3	1	1	1	0	0	1	1	0	0	0	0	0	0	0	1	0	1	0	1	1	0	0	0	1	2	0	1	0	5	0	3	3	0	0	5	0
ASV5830	1	3	0	0	2	1	0	0	0	1	0	0	0	0	0	0	0	0	0	0	0	0	0	2	0	1	1	1	1	0	0	0	4	7	4	3	0	1	0
ASV5927	0	2	2	2	2	0	0	1	0	0	1	0	1	1	2	2	0	0	1	2	1	1	0	1	0	3	2	0	0	0	0	0	0	0	0	0	0	0	2
ASV5950	4	1	0	1	0	1	0	0	0	1	0	0	0	0	0	0	0	0	0	2	0	0	0	2	2	1	1	1	1	0	0	0	3	1	7	1	0	1	0
ASV2137	0	3	2	2	4	1	0	1	0	1	0	2	0	0	0	0	0	0	0	2	0	0	1	2	2	3	1	0	0	0	0	0	0	0	0	0	0	0	0
ASV2141	1	2	0	0	1	0	2	1	0	0	0	0	0	0	0	3	0	3	5	0	4	2	2	1	0	0	0	0	0	0	3	0	0	2	0	0	0	0	0
ASV2230	0	0	0	0	0	0	0	1	0	0	1	0	2	3	1	4	5	5	4	0	1	1	1	0	2	0	0	1	0	1	0	0	0	0	0	0	0	1	0
ASV2239	1	2	3	1	2	0	1	0	1	1	0	0	0	0	1	0	0	0	0	1	0	1	2	1	2	1	1	1	1	0	2	1	0	0	0	0	0	2	3
ASV2256	1	1	0	0	0	1	2	1	0	1	6	4	0	2	1	1	0	0	0	0	0	2	0	1	1	0	0	1	0	0	0	0	0	0	0	0	0	0	0
ASV2259	5	1	1	0	2	0	1	0	0	0	0	0	0	0	0	1	0	0	0	0	0	0	0	0	0	0	1	0	1	0	0	0	7	1	7	5	0	1	0
ASV2286	12	5	2	1	1	2	1	0	0	2	0	0	0	0	0	0	0	0	0	3	0	0	0	2	0	4	2	0	2	0	0	0	0	0	0	0	0	0	0
ASV2327	1	4	1	3	1	0	0	1	0	1	0	1	0	0	0	0	0	0	0	2	0	0	0	2	0	2	2	1	2	0	0	3	2	2	1	0	0	1	0
ASV2365	1	0	0	1	1	2	0	2	3	0	0	1	0	1	0	1	0	0	0	4	0	1	1	1	2	2	2	1	2	0	1	0	0	2	0	0	0	0	0
ASV2493	4	3	1	2	0	0	0	0	2	1	0	1	0	0	0	2	0	0	0	1	1	1	1	0	1	1	1	0	0	1	2	0	0	3	0	0	0	3	0
ASV2496	2	0	0	0	0	0	0	0	0	1	0	0	0	0	0	0	0	0	0	0	1	0	0	0	0	0	0	0	0	0	0	0	5	3	5	15	0	0	0
ASV2499	1	0	3	0	1	0	1	1	0	1	0	0	0	0	0	0	0	0	0	1	0	0	0	1	2	1	2	0	0	0	0	0	6	1	2	8	1	3	0
ASV2524	2	1	0	0	1	0	0	2	2	1	1	1	1	2	1	2	1	0	1	0	0	2	1	0	1	1	4	0	0	1	1	0	0	0	0	0	0	0	0
ASV2651	6	2	1	5	2	1	3	4	1	0	0	1	0	0	0	0	0	1	0	1	0	0	0	0	0	2	4	0	1	0	0	0	0	0	0	0	0	0	0
ASV2681	0	0	0	0	0	0	0	0	0	0	0	0	0	0	0	0	0	0	0	0	0	0	0	0	0	0	0	0	0	0	0	8	4	7	11	0	0	1	1
ASV2706	3	3	0	1	1	0	1	0	0	0	0	0	0	0	0	0	0	0	0	1	0	0	0	1	1	1	0	0	0	0	0	6	11	0	3	6	1	0	0
ASV2745	3	4	1	4	3	2	3	0	0	2	0	0	0	0	0	0	1	0	0	2	0	0	0	5	2	0	4	1	0	0	0	0	0	0	0	0	0	1	0
ASV2779	0	0	1	2	1	1	0	2	1	1	0	0	0	0	0	1	0	0	0	0	1	0	0	0	0	1	2	0	1	0	0	1	0	3	5	0	2	1	1
ASV2860	7	1	0	0	0	0	1	1	0	2	0	2	0	0	0	0	0	0	0	1	0	0	0	2	4	1	0	1	0	0	1	1	1	0	1	0	0	9	0
ASV2878	2	2	3	0	1	2	0	3	0	5	1	0	0	1	0	0	0	1	0	1	0	0	1	2	2	2	1	0	3	0	0	1	0	0	0	0	0	0	0
ASV2920	0	4	1	1	1	3	0	0	0	3	0	0	0	0	0	0	0	0	1	1	0	0	1	1	4	0	1	0	1	0	1	3	1	3	4	2	0	0	0
ASV2998	2	1	3	0	2	0	1	2	0	1	1	0	0	0	0	0	0	0	0	0	1	0	0	4	2	2	3	3	2	0	0	0	0	0	0	0	0	0	0
ASV3071	2	2	1	2	1	1	1	0	0	2	0	0	1	0	1	0	0	1	0	0	0	0	0	0	2	2	1	2	2	0	1	1	0	1	3	0	0	0	0
ASV3083	4	1	0	0	0	1	0	0	0	0	0	0	0	0	0	0	1	0	0	0	0	0	0	3	0	0	1	0	0	0	2	4	2	1	0	0	5	8	0
ASV3117	2	1	1	1	0	2	0	1	0	1	3	0	0	1	1	0	0	0	0	1	0	0	1	1	3	1	2	2	0	0	1	2	1	1	0	1	0	1	1
ASV3146	0	3	0	0	0	1	0	0	0	2	1	2	0	1	1	2	0	0	1	0	2	0	8	1	0	0	1	1	0	2	2	0	0	0	0	0	0	0	0
ASV3151	4	3	3	0	0	0	1	2	0	1	0	0	0	0	0	0	0	0	0	2	0	0	0	2	1	2	0	1	1	0	0	4	5	2	0	2	0	1	1
ASV3308	0	1	1	1	0	3	2	1	0	0	0	0	0	0	0	0	0	0	0	0	0	0	0	3	1	1	1	2	3	0	0	3	2	0	0	0	3	9	0
ASV3434	5	3	0	2	2	2	1	2	0	1	3	2	0	0	1	0	0	0	0	2	0	0	0	2	1	0	1	0	1	0	0	0	0	0	0	2	0	1	0
ASV3473	1	0	2	1	0	1	0	0	1	1	1	0	1	0	1	0	0	2	0	1	0	0	2	2	0	4	0	1	0	0	1	0	0	4	3	0	0	1	1
ASV3539	2	6	1	1	1	0	1	0	0	1	0	0	0	1	4	0	2	0	1	2	0	1	0	2	1	5	0	1	1	0	0	0	0	0	0	0	0	1	1
ASV3580	2	2	0	0	0	2	1	1	0	0	0	0	0	0	0	0	0	0	0	2	1	0	0	1	2	1	1	2	0	0	0	0	7	0	1	6	0	0	0
ASV3758	2	0	2	0	0	0	1	0	0	0	0	0	0	0	0	0	0	0	0	0	0	0	0	1	0	0	2	0	0	0	0	1	10	3	2	0	7	1	0
ASV3877	4	0	1	2	0	0	0	0	1	0	0	0	0	0	0	0	0	0	0	2	1	6	3	1	1	0	0	1	0	2	1	0	0	0	0	0	1	1	0
ASV4078	1	1	1	0	2	1	1	0	0	2	0	0	0	1	0	0	0	0	0	0	0	0	1	1	0	0	1	0	0	1	0	6	6	2	4	0	2	3	0
ASV4118	0	5	1	4	3	2	0	2	2	4	0	0	0	0	0	0	0	0	0	2	0	2	0	3	0	3	1	0	1	0	0	0	0	0	0	0	1	0	0
ASV4124	2	0	0	0	1	2	0	1	1	2	0	0	0	0	0	0	1	0	0	0	0	1	0	1	1	0	1	0	2	0	0	6	0	5	0	0	1	7	0
ASV4175	2	1	1	0	0	0	1	0	0	0	0	0	0	1	0	0	0	1	2	0	1	0	0	2	1	1	3	0	0	0	1	1	3	0	4	2	1	7	3
ASV4184	1	1	0	0	0	0	2	0	0	1	0	0	0	0	0	0	1	0	1	2	0	1	0	0	4	1	0	0	1	0	1	0	0	4	1	2	1	7	2
ASV4504	0	1	1	0	2	0	2	0	0	1	0	0	0	0	0	0	0	0	0	8	1	0	0	2	2	4	2	0	1	0	0	0	3	0	1	0	0	2	0
ASV4944	2	2	2	1	1	0	0	2	0	0	0	1	0	0	0	0	0	0	0	2	0	0	0	2	0	4	2	1	2	0	1	1	0	1	1	1	0	6	0
ASV5151	1	0	0	0	0	1	0	0	1	0	0	1	2	1	1	3	1	5	1	0	1	0	0	2	0	0	0	0	1	2	0	1	0	0	0	0	1	1	1
ASV5189	0	0	0	0	0	0	0	0	0	0	0	0	0	2	0	0	1	1	3	0	0	20	0	0	0	0	0	0	0	1	2	0	0	0	0	0	0	1	0
ASV2069	1	1	0	0	0	0	0	0	2	1	1	0	1	1	2	3	7	0	1	0	0	2	0	0	0	0	1	0	0	2	3	0	0	0	0	0	0	1	0
ASV2159	1	1	0	0	2	0	0	0	0	1	1	0	2	1	0	2	2	6	2	2	2	1	1	1	0	1	0	0	0	2	0	0	0	0	0	0	0	0	0
ASV2227	1	0	0	0	0	0	1	0	0	0	0	0	0	0	0	0	0	0	0	2	0	0	0	1	0	0	1	0	0	0	0	6	4	4	2	6	1	0	0
ASV2316	1	0	0	0	0	1	0	0	1	0	0	1	4	1	2	1	4	3	4	0	4	1	0	0	0	0	0	1	0	0	1	0	0	0	0	0	0	0	0
ASV2325	3	2	0	1	1	1	0	2	1	1	0	0	0	0	0	0	0	0	0	1	0	0	0	1	1	2	1	1	0	0	0	0	4	2	0	3	0	0	3
ASV2332	2	0	1	0	0	0	0	0	0	0	0	0	0	0	0	0	0	0	0	0	0	0	0	0	1	3	0	0	0	0	0	0	4	1	4	15	0	0	0
ASV2371	0	0	0	6	0	2	1	1	2	0	0	3	2	1	0	0	0	0	0	3	0	0	0	0	5	1	0	2	0	0	0	0	0	0	1	0	0	0	2
ASV2372	0	2	0	0	2	0	0	1	0	2	2	0	0	1	0	0	0	0	1	2	0	2	0	2	3	3	0	0	2	0	0	3	0	1	1	0	3	0	0
ASV2378	5	3	2	0	0	1	1	1	1	0	1	0	1	0	3	0	0	0	0	2	0	0	0	1	2	3	5	1	1	0	0	0	0	0	0	0	0	0	0
ASV2399	0	1	0	1	0	0	0	0	0	0	0	0	0	0	0	0	0	1	0	1	0	0	0	0	1	2	0	0	0	0	0	3	3	4	2	0	3	3	2
ASV2428	2	0	0	0	0	1	0	0	0	0	0	0	0	0	0	0	0	0	0	1	0	0	0	1	0	1	0	0	1	0	0	4	6	4	1	3	0	6	2
ASV2471	0	0	0	1	0	0	0	0	0	0	0	0	0	0	1	0	0	0	0	0	0	0	0	0	0	0	0	0	0	0	0	11	7	6	2	5	6	0	0
ASV2474	0	3	0	0	2	1	2	1	2	3	1	0	0	0	0	0	0	0	0	0	0	0	0	2	1	1	0	0	0	0	1	0	2	0	0	0	2	5	3
ASV2489	0	0	0	3	0	1	0	1	1	0	0	0	0	0	0	2	0	0	0	1	0	0	0	1	0	0	1	0	1	1	1	3	0	2	9	0	0	1	1
ASV2495	5	4	2	0	2	2	0	0	0	1	0	0	0	0	0	0	0	0	0	2	0	0	0	0	0	1	2	0	1	0	0	1	4	1	1	9	0	0	0
ASV2539	1	1	3	0	1	1	1	1	2	0	2	4	1	1	0	1	1	3	0	0	2	0	0	0	0	1	3	1	0	1	1	0	0	0	0	0	0	0	0
ASV2543	3	0	1	1	0	1	0	0	0	2	1	0	0	0	0	0	0	0	0	0	0	0	0	3	1	1	2	1	1	0	0	1	6	4	1	2	2	6	0
ASV2547	1	2	4	3	1	0	0	4	1	1	2	0	0	0	0	0	0	0	0	1	0	0	0	2	2	1	1	1	4	0	0	2	0	0	0	0	0	1	0
ASV2554	1	22	0	0	0	0	0	1	0	4	0	0	0	0	0	0	0	0	0	0	0	0	0	1	0	2	1	0	1	0	0	0	0	0	0	0	0	0	0
ASV2558	6	2	2	1	2	1	2	0	0	2	0	0	0	0	0	0	0	0	0	6	0	0	0	4	3	2	2	0	0	0	0	0	0	0	0	0	0	0	0
ASV2563	0	1	1	2	0	0	1	1	0	0	0	0	0	0	0	0	0	0	0	2	0	0	0	4	2	2	2	2	0	0	0	4	0	3	3	1	0	0	1
ASV2569	0	0	0	1	0	2	0	0	0	1	0	0	0	0	0	0	1	0	0	0	0	3	0	0	0	0	0	0	1	0	2	5	0	4	2	0	2	8	2
ASV2576	0	0	0	0	0	0	0	0	1	0	0	0	1	0	5	1	2	7	2	0	0	4	1	0	0	0	0	0	1	1	2	0	0	0	0	0	0	0	0
ASV2578	3	0	1	0	0	0	0	0	0	0	0	0	0	0	0	0	0	0	0	1	0	0	0	1	0	1	1	0	0	0	0	0	4	2	0	17	0	0	0
ASV2656	0	1	1	1	0	1	0	0	0	0	0	0	0	0	0	0	0	0	0	0	0	0	0	0	1	0	0	1	2	0	0	2	1	9	2	0	0	12	0
ASV2702	0	0	1	0	0	0	0	0	0	0	0	0	0	0	0	0	0	0	0	0	0	0	0	0	1	0	0	0	0	0	0	13	0	13	2	1	0	0	0
ASV2826	2	0	2	0	2	0	0	1	0	1	0	0	0	1	1	0	3	0	0	1	1	0	3	0	1	0	1	1	2	1	1	1	0	1	1	0	1	0	4
ASV2984	0	0	0	0	0	0	0	0	0	0	0	0	0	0	0	0	0	0	0	0	0	0	0	0	0	0	0	0	0	0	0	25	11	0	4	1	2	0	0
ASV2995	0	3	3	0	0	0	1	0	0	1	0	0	0	0	0	0	0	0	0	3	0	0	0	2	2	0	2	0	1	0	0	4	2	2	1	0	1	3	1
ASV3050	1	3	4	0	1	1	1	0	0	4	0	0	0	0	0	0	0	0	0	4	0	0	0	4	2	2	1	1	1	0	0	0	0	0	0	0	0	1	0
ASV3093	4	1	0	0	0	3	0	0	1	0	0	0	0	0	0	0	0	0	0	0	0	0	0	1	1	0	0	1	0	1	0	0	3	1	5	11	0	0	1
ASV3140	1	1	1	0	3	3	1	1	0	5	0	1	0	0	0	0	0	0	0	1	0	0	0	0	2	1	3	4	1	0	0	0	0	0	0	0	0	0	1
ASV3179	1	3	0	0	2	2	3	2	1	0	0	1	0	0	2	0	1	0	1	1	3	0	0	1	2	2	2	0	0	1	0	0	0	0	1	0	0	0	1
ASV3312	8	1	1	2	2	2	0	0	0	0	1	0	0	0	0	0	0	2	0	1	0	0	0	4	2	1	0	1	0	1	0	0	0	1	0	0	0	1	0
ASV3326	2	2	0	0	0	0	0	1	0	0	0	1	2	0	1	2	0	1	2	0	1	2	0	0	0	0	0	1	0	1	0	1	1	0	0	0	0	19	1
ASV3375	2	0	3	0	0	0	1	2	0	0	1	0	1	1	1	1	1	1	0	0	2	0	4	0	1	1	2	2	0	0	0	0	0	0	0	0	1	0	0
ASV3403	2	2	2	2	1	3	1	0	0	2	0	0	0	0	0	0	2	0	0	3	0	0	0	2	2	0	3	1	1	0	0	2	0	1	3	1	2	0	0
ASV3426	1	2	1	0	0	1	0	0	0	2	0	0	0	0	0	0	0	0	0	0	0	0	0	0	1	0	1	0	0	0	0	7	4	1	5	4	0	0	0
ASV3427	0	1	0	0	1	1	1	0	1	1	2	0	0	1	2	1	3	1	0	0	1	1	0	1	0	2	5	0	0	0	0	1	0	0	2	0	0	1	0
ASV3510	4	1	4	0	0	0	1	1	1	2	3	2	1	0	1	0	1	0	0	1	1	0	0	1	2	0	2	1	1	0	0	0	0	0	0	0	1	1	1
ASV3601	3	0	0	0	0	2	0	1	2	0	0	0	0	0	0	0	0	0	0	1	0	3	1	1	0	3	0	0	1	0	6	7	4	2	0	0	1	1	0
ASV3616	5	1	2	0	0	0	0	0	0	0	0	0	0	0	0	0	0	1	0	0	0	2	0	1	2	1	0	0	0	0	1	2	3	0	1	0	1	8	0
ASV3632	4	2	1	0	0	2	0	1	0	0	0	0	0	0	0	0	0	1	0	1	0	0	0	1	0	1	0	1	0	0	0	0	4	0	0	8	4	4	0
ASV3845	0	2	3	1	2	0	0	2	0	0	0	0	0	0	0	1	0	0	0	1	0	0	0	2	0	0	4	0	0	0	1	0	2	0	2	4	6	1	0
ASV4198	0	3	5	0	0	1	2	0	0	4	0	0	0	0	0	0	0	0	0	2	0	0	0	0	0	1	4	3	2	1	0	0	0	0	0	2	0	0	0
ASV4737	1	2	0	1	1	0	0	1	1	0	0	0	0	1	0	0	0	0	0	0	0	0	0	1	3	0	1	1	0	0	0	5	3	4	3	2	1	4	1
ASV4822	3	1	0	0	0	0	0	1	0	0	0	0	0	0	0	0	0	0	0	2	0	0	0	3	0	1	1	2	4	0	0	1	5	1	2	0	0	5	0
ASV5134	10	1	0	0	1	1	0	0	0	0	1	0	0	1	0	0	1	0	0	1	0	0	5	2	1	2	1	0	0	0	1	2	0	0	2	1	1	0	1
ASV5161	2	1	0	0	0	0	0	3	4	0	0	0	0	0	0	0	0	0	0	0	1	0	0	0	2	1	2	0	0	0	0	4	0	2	3	0	0	4	0
ASV5234	1	0	1	3	0	1	1	0	2	2	0	1	0	0	0	0	0	0	0	2	0	0	0	0	3	0	2	2	2	0	0	0	0	0	0	0	0	5	0
ASV5303	3	4	3	0	0	0	0	0	0	1	0	0	0	0	0	0	0	1	0	2	0	0	0	7	5	2	2	0	0	0	0	0	0	0	0	0	0	0	0
ASV5393	1	4	1	0	0	0	2	0	0	3	0	0	0	0	1	1	0	0	0	3	1	1	3	0	0	2	1	1	1	1	1	0	0	0	0	0	0	0	0
ASV5419	0	0	0	1	0	1	0	1	2	1	1	3	0	2	1	0	0	1	0	1	1	2	1	1	1	0	0	0	1	2	1	1	0	2	0	0	0	0	0
ASV5622	2	5	0	1	0	3	0	2	0	0	0	0	1	0	1	1	0	0	0	0	0	1	0	0	1	3	0	0	1	1	1	1	0	2	0	1	0	9	0
ASV5709	3	1	3	1	1	2	1	0	0	1	0	0	0	0	0	0	0	0	1	2	1	1	0	0	0	2	0	1	0	0	0	2	0	0	3	0	4	3	1
ASV5823	1	1	0	1	2	0	1	1	2	0	0	1	0	0	0	1	0	0	0	1	0	0	1	2	2	0	1	0	1	0	0	2	0	2	1	0	10	1	0
ASV2082	1	2	2	0	0	6	2	1	0	0	1	5	3	0	1	0	0	0	0	0	0	0	0	0	0	1	1	1	0	0	0	0	0	0	0	0	0	0	0
ASV2096	1	0	1	1	0	0	0	0	0	0	0	0	0	0	0	0	0	0	0	0	0	0	0	1	0	1	1	0	0	0	0	10	1	4	4	0	1	3	3
ASV2132	1	3	0	1	0	0	0	1	0	2	2	0	0	0	0	0	0	1	0	2	0	1	1	1	0	3	1	2	1	0	1	0	0	0	0	0	0	3	1
ASV2200	4	0	0	0	1	0	0	1	0	1	0	0	0	0	0	0	0	0	0	1	0	0	0	1	1	1	0	0	1	0	1	1	10	2	0	5	0	0	2
ASV2214	0	0	0	0	0	0	0	0	0	0	0	0	0	0	0	0	0	0	0	0	0	0	0	0	0	0	0	0	0	0	0	2	11	2	3	13	0	0	1
ASV2281	0	0	3	1	1	0	2	0	0	0	0	0	1	2	3	2	0	2	0	0	2	3	0	0	0	0	1	0	0	3	4	0	0	2	0	0	0	0	0
ASV2295	1	0	0	0	0	0	0	0	0	0	0	0	0	0	0	0	0	0	0	1	0	0	0	1	2	0	0	0	0	0	0	0	0	1	3	23	0	0	0
ASV2313	4	1	1	0	3	0	0	1	1	1	2	1	1	0	1	0	0	2	0	1	1	0	0	1	1	2	0	1	0	0	1	0	0	0	0	0	0	0	0
ASV2377	2	3	5	1	0	0	0	0	0	1	0	0	0	0	0	0	0	0	0	1	0	0	0	2	3	0	2	1	1	0	0	1	1	3	3	1	0	1	0
ASV2441	0	0	0	1	0	0	0	0	0	0	0	0	0	0	0	0	0	0	1	0	1	0	1	0	0	0	0	0	0	1	3	3	0	2	3	2	4	17	0
ASV2470	3	1	1	1	1	0	3	0	0	1	0	0	0	0	0	0	0	0	1	0	1	0	1	0	0	3	0	1	1	0	0	3	2	2	1	0	7	5	0
ASV2502	4	0	0	0	0	0	0	0	0	0	0	0	0	0	1	0	0	0	0	2	0	1	0	0	1	1	0	1	2	0	1	0	7	4	0	0	7	1	0
ASV2507	0	0	0	0	0	0	0	0	0	0	0	0	0	3	6	3	1	2	4	0	4	1	3	0	0	0	0	0	0	1	1	0	0	0	0	0	0	0	1
ASV2606	0	2	1	1	1	1	0	0	1	1	0	0	1	0	0	0	1	0	0	3	0	0	0	4	2	4	1	2	1	0	0	0	4	2	0	1	0	0	0
ASV2693	2	1	1	2	1	0	0	0	1	0	0	0	0	0	0	0	0	1	1	1	0	1	0	2	1	2	1	1	1	0	0	1	0	2	0	0	1	3	0
ASV2695	3	0	1	1	1	0	0	0	0	0	0	0	0	0	1	0	0	0	0	0	1	1	1	1	0	1	1	1	0	0	1	7	0	6	4	0	0	3	0
ASV2735	6	1	2	1	0	2	1	1	0	2	0	0	0	0	1	0	0	0	0	2	0	0	0	1	1	1	2	1	3	0	0	0	5	0	0	0	1	0	0
ASV2742	3	2	2	2	0	4	0	0	0	1	1	0	0	0	0	0	0	0	0	4	0	1	0	1	1	1	0	2	1	0	0	0	1	0	1	0	0	0	0
ASV2757	0	0	1	0	0	2	0	0	1	1	0	0	0	0	0	0	0	0	0	4	0	0	0	1	2	1	0	1	0	0	0	1	3	1	0	0	0	16	0
ASV2780	2	1	0	1	0	0	1	0	1	0	0	1	2	1	1	0	2	1	4	0	1	2	0	1	1	0	0	0	0	3	3	0	0	0	0	0	1	0	0
ASV2821	4	3	0	0	1	1	1	1	0	0	1	1	0	1	1	2	0	0	0	0	0	0	0	2	1	1	0	0	1	3	0	0	0	0	0	0	0	0	0
ASV2917	2	1	1	0	2	0	0	0	1	1	3	1	0	0	2	1	1	0	2	0	4	1	1	0	0	0	1	2	1	0	2	0	0	0	0	0	0	0	0
ASV2946	3	2	4	2	0	2	0	0	2	1	1	0	0	0	0	0	0	2	0	1	0	0	0	0	0	1	1	0	1	0	0	0	2	1	3	0	0	4	0
ASV2952	2	3	0	0	0	1	2	0	0	0	0	0	0	0	0	0	0	1	0	1	0	1	0	0	0	0	0	0	0	0	0	3	1	0	1	0	1	13	1
ASV3001	2	1	2	0	0	1	0	0	1	0	0	0	0	0	0	0	0	0	0	0	0	0	0	0	0	0	0	1	1	0	0	1	12	2	6	3	0	1	0
ASV3049	3	2	3	1	3	1	0	1	1	2	2	0	0	1	1	1	1	1	0	2	0	2	0	0	1	0	1	1	1	0	0	0	1	1	0	0	1	0	1
ASV3064	1	2	1	2	0	0	0	1	0	1	0	0	0	0	0	0	1	0	0	2	0	0	0	1	3	3	0	1	1	0	0	2	0	2	3	0	4	3	0
ASV3135	1	0	1	0	1	5	0	0	0	4	0	0	0	0	0	0	0	0	0	2	0	0	2	1	2	0	1	1	0	0	0	1	0	0	0	0	0	0	1
ASV3196	4	3	2	3	3	0	2	0	0	0	0	0	0	0	0	0	0	0	0	3	0	0	0	1	0	2	2	2	0	0	0	0	0	0	0	5	0	0	0
ASV3230	0	1	1	0	1	0	0	0	0	3	2	0	0	0	0	2	1	0	2	1	2	2	6	1	0	3	1	1	1	1	0	1	0	0	0	0	0	0	0
ASV3243	0	1	0	0	0	0	0	0	0	0	0	0	0	0	0	0	0	0	0	1	0	0	0	0	0	0	0	0	0	0	0	8	5	8	6	0	2	0	0
ASV3250	1	4	3	1	0	1	0	0	1	3	0	0	1	1	0	1	0	0	0	3	0	0	0	1	4	2	1	2	0	0	0	0	0	0	0	0	0	0	1
ASV3307	1	0	0	0	0	0	0	0	0	2	4	1	13	0	0	1	1	0	3	0	0	0	1	1	0	1	0	0	1	0	0	0	0	0	0	0	0	0	0
ASV3334	2	0	0	1	0	0	0	1	0	0	1	0	0	0	0	0	0	0	1	0	0	0	0	0	0	0	1	1	0	0	0	2	7	6	3	6	0	2	0
ASV3355	6	1	2	0	0	0	0	2	0	0	1	0	1	0	0	0	0	0	0	3	0	0	0	1	1	2	1	1	1	0	0	0	4	2	1	0	1	1	2
ASV3423	2	2	0	4	0	0	0	0	0	1	0	1	0	0	0	0	0	0	0	2	0	0	0	1	1	1	0	1	1	0	0	2	3	1	2	2	1	3	1
ASV3430	0	0	0	0	0	0	0	0	0	1	0	0	2	0	1	1	3	0	5	2	1	5	0	1	2	0	0	0	0	2	2	0	0	0	0	0	3	0	0
ASV3489	0	1	1	1	1	0	0	0	0	1	0	0	0	0	4	1	3	7	3	3	3	1	0	0	1	0	0	0	0	0	0	0	0	0	0	0	0	0	1
ASV3505	3	0	0	1	1	0	0	1	0	0	0	0	1	1	1	4	1	0	3	0	1	5	2	0	0	0	0	2	1	1	0	0	0	0	0	0	0	1	0
ASV3593	2	2	0	1	1	0	0	0	0	0	0	0	1	0	0	0	0	0	0	2	0	0	2	0	0	0	0	0	0	0	0	4	0	2	6	0	2	10	0
ASV3636	0	1	0	0	0	0	1	1	0	0	1	0	0	1	0	0	1	0	0	1	1	0	0	0	0	0	0	0	0	0	0	3	7	3	4	3	0	4	1
ASV3667	0	0	1	0	0	0	0	1	1	0	2	6	1	0	1	2	1	2	2	0	2	1	3	0	1	2	1	0	1	0	0	0	0	0	0	0	0	0	0
ASV3674	1	0	1	0	0	0	1	0	0	2	0	0	0	0	0	0	0	0	0	1	0	0	0	1	2	1	1	3	1	0	0	4	1	3	1	1	1	7	0
ASV3677	1	0	0	1	2	2	0	1	2	1	1	0	0	0	0	0	0	0	1	1	0	0	1	2	4	3	2	1	1	0	0	0	1	0	1	0	0	3	0
ASV3785	0	0	2	1	0	0	1	0	0	0	1	1	0	0	1	0	4	7	2	0	0	4	1	1	1	0	0	0	0	0	1	0	0	0	0	0	0	0	0
ASV3818	4	0	2	0	1	2	1	0	1	0	0	1	0	2	0	2	1	0	1	2	1	1	0	0	0	1	0	0	0	4	0	0	0	0	0	0	0	0	1
ASV3826	1	1	1	0	0	1	0	0	0	3	0	0	0	1	0	0	0	0	0	1	0	0	0	1	0	1	0	0	0	0	0	0	8	3	3	8	0	0	0
ASV3883	1	5	2	1	0	0	2	0	1	2	0	0	0	0	0	1	0	0	0	3	0	0	1	4	4	1	1	2	0	0	0	1	0	1	0	0	0	0	0
ASV3975	1	0	0	0	0	1	0	0	0	0	0	0	0	0	0	0	1	0	0	0	0	0	0	0	1	4	0	0	0	0	0	2	3	3	8	6	1	1	0
ASV4434	0	2	1	2	0	1	0	0	0	0	0	0	0	0	0	1	0	0	2	3	1	1	1	2	0	4	0	0	0	0	2	0	0	1	3	0	0	1	1
ASV4774	0	3	0	1	0	0	0	1	2	2	0	0	1	0	0	0	0	0	0	2	0	0	0	3	0	2	0	1	2	0	0	0	1	1	3	6	0	2	0
ASV4801	2	3	3	1	0	2	1	3	3	3	2	1	0	0	0	0	0	0	0	1	0	0	0	3	1	0	0	2	0	0	0	1	0	0	0	0	0	0	0
ASV4803	0	1	0	0	1	0	0	0	0	0	0	0	0	0	0	0	0	1	0	0	0	0	0	1	1	1	0	1	1	0	0	7	7	0	3	0	8	2	0
ASV4815	0	0	0	1	1	2	0	0	1	2	0	0	1	0	0	0	1	0	1	0	0	1	2	1	4	1	1	1	0	0	0	0	1	1	1	0	0	10	0
ASV4883	3	2	2	0	1	0	0	0	0	1	0	0	0	0	0	0	0	0	0	2	0	0	0	0	1	0	0	1	0	0	0	5	3	3	2	0	5	2	0
ASV5252	7	4	1	0	1	0	0	0	0	4	0	2	0	2	1	0	2	0	3	2	0	1	0	3	0	0	1	1	0	0	1	0	0	0	0	0	0	2	0
ASV5468	2	3	2	1	1	2	2	0	0	1	1	0	1	1	0	0	2	2	0	4	0	0	3	1	1	2	0	0	0	0	0	0	0	0	0	1	0	1	0
ASV5542	3	1	0	0	0	1	0	0	0	0	0	0	0	0	0	0	0	0	0	0	0	1	0	3	1	0	0	0	1	0	1	5	5	0	0	0	9	6	1
ASV5664	2	2	0	2	0	3	0	1	2	1	1	0	0	1	0	1	1	0	0	3	1	0	0	2	3	1	0	1	0	0	0	1	0	0	2	0	0	1	1
ASV5842	0	0	1	0	0	0	0	0	1	0	0	0	1	0	1	1	6	1	2	0	4	3	0	0	1	1	0	0	0	3	2	1	0	3	1	0	0	1	1
ASV2181	3	4	2	5	0	1	0	1	0	2	0	0	0	0	0	0	0	0	0	1	1	0	0	2	0	2	0	0	2	0	0	1	0	1	0	0	0	0	1
ASV2311	5	2	2	0	1	3	1	0	1	0	0	0	0	1	0	1	0	0	0	5	0	0	0	4	0	1	0	1	2	0	0	0	0	0	0	0	1	0	0
ASV2320	12	2	0	0	1	1	1	0	0	2	0	0	0	0	0	0	0	0	0	3	1	0	0	2	0	0	1	0	0	0	0	0	2	1	0	1	0	0	0
ASV2345	2	2	1	2	1	2	3	0	0	0	1	0	1	0	1	0	0	0	0	1	0	0	0	2	4	3	0	1	0	1	0	0	0	1	0	0	0	1	1
ASV2351	3	2	0	0	0	3	0	0	1	2	0	0	0	0	0	0	0	0	0	3	0	0	0	0	2	4	1	1	1	0	0	3	3	3	3	0	0	1	0
ASV2364	0	1	0	0	1	1	1	1	2	0	0	0	0	0	0	0	0	0	0	1	0	1	0	1	2	0	0	0	1	0	1	6	0	4	3	0	4	1	0
ASV2381	3	0	0	0	1	1	0	1	0	2	0	0	0	0	0	0	0	0	0	1	0	0	0	0	0	1	0	1	0	0	0	0	2	1	1	7	0	15	0
ASV2415	4	3	0	0	2	0	0	0	0	0	0	0	0	0	0	0	0	0	0	6	0	0	0	2	3	2	0	0	0	0	0	0	0	0	0	0	0	8	0
ASV2416	0	0	0	0	0	0	1	0	0	0	0	0	0	0	0	0	0	0	0	0	0	0	0	0	0	0	0	0	0	0	0	9	2	5	2	2	8	5	0
ASV2432	0	0	0	2	0	0	0	1	0	0	0	1	0	0	0	0	0	0	0	0	0	0	1	0	1	0	0	0	0	0	0	0	0	12	7	1	1	1	3
ASV2458	2	3	1	1	1	3	0	1	1	3	0	1	0	0	0	0	0	0	0	4	0	0	0	1	2	1	1	2	4	0	0	0	0	0	0	0	0	0	1
ASV2467	7	0	0	0	0	1	0	0	0	0	1	0	0	1	0	0	0	0	0	0	0	0	0	0	0	0	0	0	0	0	0	5	3	2	1	1	2	6	0
ASV2475	0	0	0	0	0	0	0	0	0	0	0	0	0	0	0	0	0	0	0	0	0	0	0	0	0	0	0	0	0	0	0	0	6	4	4	19	1	0	0
ASV2484	1	0	3	0	0	1	1	4	6	0	1	1	0	1	1	0	0	0	0	4	0	0	0	2	1	1	2	0	1	0	1	0	0	0	0	0	0	0	0
ASV2494	0	4	0	2	2	0	1	2	0	2	1	1	0	2	0	0	0	0	0	2	1	0	0	0	1	0	0	1	1	0	0	0	0	2	0	0	0	0	3
ASV2504	3	1	3	0	0	1	0	1	1	0	0	0	0	0	0	1	0	1	1	1	3	2	3	1	0	1	0	1	0	1	0	1	1	1	0	0	0	1	0
ASV2526	0	0	0	0	0	0	0	0	0	0	0	0	0	0	0	0	0	0	0	0	0	0	0	0	0	0	0	0	0	0	0	0	0	1	0	27	0	0	0
ASV2529	1	0	0	1	0	1	0	0	0	0	0	0	0	0	0	0	0	0	0	0	0	0	0	1	1	0	0	0	0	0	0	2	2	2	5	6	4	2	2
ASV2548	1	1	3	0	0	0	1	0	0	4	0	1	1	0	0	0	1	0	1	0	0	3	0	3	1	2	0	0	1	0	1	1	0	0	0	0	1	3	4
ASV2553	1	4	2	0	4	2	0	0	1	2	0	0	0	0	0	0	0	0	0	2	0	0	0	1	1	1	2	0	2	0	1	0	0	0	0	0	0	1	1
ASV2624	0	2	0	0	0	2	0	1	0	1	0	0	0	1	0	0	0	0	0	1	1	1	1	1	0	0	1	0	1	2	1	2	0	3	0	2	0	1	0
ASV2642	2	1	4	0	1	0	0	0	0	0	0	0	0	0	0	0	0	0	0	0	0	0	0	0	4	1	4	1	0	0	0	0	1	4	2	3	1	2	2
ASV2657	1	1	1	0	0	1	1	0	0	0	0	0	0	1	0	0	0	0	0	1	0	0	0	0	0	0	0	1	0	0	0	2	11	3	0	1	5	5	0
ASV2659	0	0	0	0	0	0	0	0	0	0	0	0	0	0	0	0	0	0	0	0	0	0	0	0	0	0	0	0	0	0	0	1	0	6	1	22	0	0	0
ASV2664	0	0	0	0	0	0	0	0	0	0	0	0	0	0	0	0	0	0	0	0	0	0	0	0	0	0	0	0	0	0	0	13	3	6	3	0	7	2	0
ASV2673	1	1	4	2	1	1	2	2	1	1	1	0	0	0	0	0	0	0	1	1	1	0	0	2	0	1	2	1	3	0	0	1	0	1	0	1	0	0	1
ASV2674	2	1	0	1	1	0	2	0	1	1	0	0	0	0	0	0	0	0	0	3	0	0	0	3	1	1	4	1	0	0	0	4	1	1	1	0	0	0	1
ASV2687	0	2	6	0	0	2	1	1	1	0	1	1	0	0	1	1	2	0	0	3	1	0	1	2	0	0	1	0	0	0	0	0	0	1	0	0	0	0	0
ASV2689	0	0	0	0	0	0	0	0	0	0	0	0	0	0	0	0	0	0	0	0	0	0	0	0	0	0	1	1	0	0	0	0	0	0	0	0	35	0	0
ASV2733	0	2	0	0	0	0	0	0	0	0	0	0	0	0	0	0	0	0	0	0	0	0	0	0	0	0	0	0	0	0	1	5	9	3	5	3	3	2	1
ASV2750	4	0	0	0	0	1	1	0	0	0	0	0	0	0	0	1	0	0	1	2	0	1	0	1	1	0	1	0	1	0	1	10	1	1	1	0	8	2	0
ASV2816	5	0	2	1	1	0	2	0	2	1	2	1	0	0	0	0	1	2	0	1	0	1	0	3	0	2	2	1	2	0	0	0	0	0	0	0	0	0	0
ASV2839	5	2	1	1	1	0	0	1	1	0	1	1	0	0	0	0	0	1	0	1	0	0	1	2	0	1	1	1	2	0	0	1	0	3	0	0	0	0	0
ASV2858	0	2	0	1	0	2	3	0	0	3	0	1	0	0	0	0	0	0	0	4	0	0	3	1	3	4	1	2	0	0	0	0	0	0	2	0	0	0	0
ASV2926	2	0	0	0	1	1	0	1	0	0	0	0	0	0	0	2	1	2	0	0	0	0	0	1	0	0	0	1	0	0	3	5	0	1	1	0	5	11	1
ASV2931	4	0	0	0	0	0	0	1	0	0	0	0	0	0	0	0	0	0	0	0	0	1	0	1	1	0	0	0	0	1	0	3	5	2	2	2	8	3	1
ASV3005	3	2	4	2	0	1	1	4	0	4	0	0	0	0	0	0	0	0	0	2	2	0	1	1	0	1	4	1	0	0	0	0	0	2	0	0	0	0	0
ASV3032	3	0	1	2	0	0	0	1	0	3	0	1	0	0	0	1	0	0	0	3	2	0	1	3	2	1	1	0	1	0	0	1	0	1	0	0	1	0	0
ASV3056	1	0	0	0	1	0	0	0	0	0	1	0	0	0	0	1	1	1	0	1	1	3	16	0	0	0	0	0	0	0	2	0	0	0	0	1	0	0	0
ASV3075	1	1	1	0	0	1	1	0	0	2	0	0	1	0	0	0	2	1	2	1	1	2	2	0	3	1	1	1	0	1	1	1	0	0	0	0	0	2	0
ASV3092	0	1	0	0	0	0	0	0	0	0	0	0	0	0	0	0	0	0	0	0	0	0	0	0	0	0	0	0	0	0	0	1	2	1	3	18	0	1	0
ASV3102	2	2	1	1	2	1	0	0	1	3	0	1	0	0	0	0	0	0	0	4	0	0	0	3	2	1	2	1	1	0	0	0	0	2	0	0	0	0	0
ASV3136	2	0	0	0	1	2	0	0	3	1	2	1	0	2	0	0	0	0	0	1	3	0	0	1	0	0	1	3	0	4	2	1	0	0	0	0	0	0	0
ASV3199	2	2	1	0	1	1	1	0	0	0	0	0	0	0	0	0	0	0	0	1	0	0	0	0	1	0	0	0	0	0	0	3	11	1	2	5	3	3	0
ASV3201	2	3	3	0	0	3	0	1	2	3	0	0	0	1	0	1	0	0	0	1	0	1	1	4	1	0	0	0	0	0	0	0	0	0	0	0	0	9	0
ASV3233	0	0	0	1	0	1	0	0	0	0	0	1	0	1	1	1	2	0	2	1	1	3	2	0	0	0	0	0	0	2	4	0	0	0	0	0	0	2	5
ASV3245	0	0	0	1	0	0	0	0	0	0	0	0	0	0	0	0	0	0	0	1	0	0	0	1	0	0	0	0	0	0	0	4	9	2	3	8	1	0	0
ASV3253	1	1	0	0	0	0	1	2	0	0	0	0	1	0	8	2	3	3	4	1	3	4	0	0	0	0	0	0	0	1	0	0	0	0	0	0	0	0	0
ASV3302	1	2	0	0	0	1	0	0	0	0	0	1	1	1	1	3	2	0	1	2	2	2	0	1	2	1	0	0	0	1	3	0	0	1	1	0	0	1	1
ASV3374	0	0	0	0	0	0	0	0	0	0	0	0	0	0	1	1	3	2	9	0	0	1	1	0	0	0	0	0	0	10	1	0	0	0	0	0	0	0	0
ASV3388	5	0	1	1	0	0	1	0	0	0	0	0	0	0	1	0	0	1	1	1	0	0	0	0	2	1	1	1	0	1	1	1	0	0	0	0	0	6	0
ASV3458	2	0	0	0	0	0	0	0	0	0	0	0	0	0	0	0	0	0	0	1	0	1	0	0	0	0	0	0	0	0	0	1	17	1	2	0	1	5	2
ASV3526	0	5	0	0	3	3	3	0	0	2	0	0	0	0	0	0	0	0	0	2	0	0	0	1	1	2	2	2	1	0	0	4	0	1	0	0	0	0	2
ASV3629	2	0	0	1	0	0	0	0	0	0	0	0	0	0	1	0	0	0	0	0	0	0	0	0	0	0	1	0	0	0	0	2	3	3	2	3	2	11	0
ASV3741	1	0	1	1	1	2	0	0	1	0	0	0	3	0	1	0	0	2	2	0	2	0	1	0	2	0	0	1	0	1	3	0	0	0	0	1	0	6	1
ASV3745	1	0	1	0	1	0	0	0	1	0	0	0	1	0	0	0	0	3	1	1	1	3	3	0	0	0	0	2	2	0	5	0	0	0	0	0	1	0	0
ASV3821	4	2	2	0	2	0	2	0	0	2	0	0	0	0	0	0	0	0	0	3	0	0	0	1	0	1	1	0	2	0	0	2	4	2	1	5	0	0	0
ASV3858	0	2	0	0	1	3	0	0	3	3	4	1	0	0	0	1	0	0	2	2	0	2	0	0	1	0	1	0	0	1	0	0	0	1	0	1	0	0	1
ASV3928	4	0	4	0	0	1	0	0	0	3	0	0	0	0	0	0	0	0	0	3	0	1	0	2	1	3	0	6	1	0	0	1	2	1	0	0	1	0	0
ASV4128	2	2	1	0	1	1	1	0	1	1	0	0	0	0	0	0	0	0	0	0	0	0	1	1	1	1	0	0	0	0	0	4	6	5	3	0	0	3	0
ASV4217	1	0	0	1	0	0	1	0	0	0	0	0	0	0	0	0	1	1	0	0	0	0	0	0	0	1	0	0	1	1	0	3	0	6	3	0	2	6	2
ASV4263	3	0	0	0	0	0	2	0	0	0	0	0	0	0	0	0	0	0	0	1	0	0	0	1	0	1	1	1	1	0	0	1	6	2	5	6	0	0	0
ASV4399	0	0	0	0	1	0	0	0	0	0	0	0	1	1	2	1	6	4	8	0	0	2	1	0	0	0	0	0	0	0	0	0	0	0	1	0	0	0	0
ASV4446	3	3	0	0	1	0	0	0	0	0	0	0	0	0	0	0	2	3	3	0	0	1	0	2	1	0	0	0	0	0	1	1	0	4	1	1	1	2	0
ASV4472	0	2	2	0	1	1	1	0	0	2	0	0	0	0	0	0	0	0	0	1	0	0	0	1	1	1	1	0	0	1	0	0	5	0	3	4	0	1	0
ASV4533	0	0	0	1	0	0	0	0	1	0	2	0	0	3	3	2	2	0	2	0	1	1	4	0	0	0	0	0	0	3	1	0	0	0	0	0	0	0	0
ASV4552	1	1	0	0	0	2	2	0	1	1	1	0	0	0	0	1	0	0	1	1	1	1	1	0	1	2	1	1	2	0	2	2	0	2	0	0	0	2	0
ASV4565	0	1	0	1	0	1	2	0	0	0	0	0	0	0	0	0	0	0	0	0	0	0	0	0	0	2	0	0	0	0	0	9	6	3	5	0	1	0	0
ASV4618	2	3	2	2	2	0	1	0	1	0	0	0	0	0	0	0	1	0	1	3	0	1	0	4	1	1	1	0	0	0	0	0	0	1	2	0	0	1	0
ASV4628	0	0	1	0	0	0	0	1	0	1	1	1	0	0	0	0	1	0	0	3	0	1	0	3	1	0	0	0	0	0	0	1	4	1	2	8	3	1	0
ASV4777	2	0	0	0	1	0	0	0	0	1	0	0	0	0	0	0	0	0	0	3	0	0	0	1	0	2	1	1	0	0	0	1	0	3	7	7	0	1	0
ASV4922	0	3	1	3	3	2	0	1	0	2	0	0	0	0	0	0	0	0	0	2	0	0	0	0	1	2	2	1	3	0	0	0	0	1	1	0	0	0	3
ASV4996	3	1	0	1	0	0	0	0	0	1	0	0	0	0	0	0	0	0	0	2	0	0	0	1	1	0	1	1	0	0	0	6	7	2	0	1	2	3	1
ASV5006	1	0	0	0	0	1	2	0	1	0	0	1	0	1	0	0	0	0	0	2	0	0	0	3	1	3	0	0	0	0	0	4	1	2	2	4	0	4	0
ASV5484	4	0	2	3	4	1	0	2	0	4	0	0	0	0	0	0	0	0	0	3	0	0	0	0	0	1	0	1	1	0	1	1	0	0	0	0	0	2	0
ASV5768	3	1	3	0	1	4	1	0	0	1	0	1	0	0	1	0	0	0	0	5	0	0	0	3	2	2	1	1	1	0	0	0	0	0	0	0	0	0	0
ASV2121	0	1	0	0	0	0	0	0	0	0	0	1	0	0	0	0	0	2	2	0	2	7	5	1	0	0	0	0	0	5	6	0	0	1	0	0	0	1	0
ASV2163	0	4	4	1	1	1	1	0	0	4	0	0	0	0	0	0	0	0	0	1	0	0	0	1	0	1	1	1	1	0	0	0	0	1	1	4	0	0	0
ASV2192	0	0	0	0	0	0	0	0	0	0	0	0	0	0	1	0	0	0	0	0	0	0	0	0	0	0	0	0	0	0	0	12	0	6	1	0	1	8	0
ASV2272	0	2	2	0	1	1	0	0	0	0	0	1	0	0	1	1	2	2	1	0	5	0	5	0	0	1	0	0	1	1	0	0	0	0	0	0	0	0	0
ASV2412	4	4	0	1	0	0	3	0	0	5	0	0	0	0	0	0	0	0	1	1	2	3	2	3	2	1	0	0	0	0	2	0	0	0	1	0	0	0	0
ASV2434	1	2	1	4	3	1	3	3	1	0	0	3	0	1	0	0	0	1	0	1	0	1	0	1	1	1	0	2	0	1	1	0	0	0	0	0	0	0	0
ASV2478	0	1	0	0	2	0	1	1	4	0	0	0	0	0	1	1	1	1	1	1	0	1	1	0	1	1	1	3	1	2	1	0	1	0	0	2	0	0	0
ASV2566	1	0	0	0	0	0	0	0	0	0	0	1	0	0	0	0	0	0	0	0	0	0	0	0	0	1	0	1	0	0	0	7	6	3	2	0	7	4	1
ASV2592	1	1	0	0	1	2	1	0	0	0	1	0	0	0	0	0	0	0	1	1	0	0	0	1	1	1	1	0	0	0	0	6	1	1	4	2	4	2	0
ASV2609	0	0	1	0	0	1	0	0	0	2	0	0	2	0	3	4	2	0	2	0	2	1	2	1	0	0	0	2	0	0	2	1	1	0	1	0	0	0	0
ASV2619	1	0	0	0	0	0	0	1	0	0	0	0	0	0	0	0	0	0	0	0	0	0	0	2	0	0	1	0	0	0	0	0	16	2	7	0	0	0	0
ASV2636	8	0	1	0	0	1	0	0	1	1	1	0	0	0	0	1	0	0	0	0	0	0	0	0	1	3	0	0	0	0	0	2	1	0	2	0	1	6	2
ASV2638	2	3	1	1	1	3	2	1	0	0	0	1	0	0	0	0	0	0	0	2	0	0	1	5	0	2	1	0	1	0	0	0	0	0	0	0	0	1	0
ASV2682	0	1	2	1	1	4	4	2	1	2	0	0	0	0	0	0	0	0	0	0	0	0	0	1	1	4	2	1	1	0	0	0	0	0	0	0	0	0	0
ASV2731	0	1	0	0	0	0	0	0	0	0	0	0	0	0	0	0	0	0	0	1	0	0	0	3	0	0	1	0	1	0	0	4	3	6	3	6	0	0	2
ASV2764	0	0	0	0	0	0	0	0	0	0	0	0	0	0	0	0	0	0	0	1	0	0	0	0	0	0	0	0	0	0	0	0	13	0	4	11	0	0	0
ASV2768	2	0	0	0	0	1	0	0	0	1	0	0	0	0	0	0	0	0	0	1	0	0	0	0	1	2	0	0	1	0	1	1	4	8	2	6	1	3	0
ASV2794	0	0	0	0	0	0	0	0	0	0	0	0	0	0	0	0	0	0	0	0	0	0	0	0	0	0	0	0	0	0	0	22	7	2	1	0	2	0	0
ASV2800	2	2	1	0	1	0	1	0	0	5	0	0	0	0	0	0	0	1	0	2	0	0	0	1	2	2	2	2	1	1	0	1	0	0	0	0	0	4	0
ASV2820	1	2	0	1	1	0	1	0	1	1	0	1	0	0	0	0	0	2	1	0	0	6	1	1	2	0	1	0	0	2	3	0	0	0	0	0	0	0	0
ASV2868	0	3	3	1	1	1	1	0	0	2	0	0	0	0	0	0	0	0	0	0	0	0	0	3	2	1	1	0	0	0	1	0	0	0	1	8	0	0	0
ASV2914	1	1	2	0	1	1	0	1	0	1	1	0	0	0	0	1	0	1	0	1	3	0	0	2	1	0	0	4	2	0	0	0	0	0	0	0	0	1	1
ASV2932	0	0	1	1	1	3	1	1	0	2	1	0	1	0	0	0	0	1	2	0	2	1	0	2	0	2	1	2	1	0	0	0	1	0	1	0	0	0	0
ASV2954	0	1	0	0	0	1	0	0	0	0	0	0	0	1	0	0	0	0	0	2	0	0	0	3	0	0	2	0	1	0	0	4	0	0	1	1	14	0	1
ASV2955	4	0	0	0	0	0	0	0	0	0	0	0	0	0	0	0	0	0	0	0	0	0	0	0	0	0	0	0	0	0	0	4	18	2	1	0	2	3	1
ASV2967	1	3	3	1	0	4	4	2	1	1	1	1	0	0	1	0	1	0	0	0	0	0	0	2	2	1	1	0	1	0	1	0	0	0	0	0	0	0	1
ASV3007	0	1	3	1	1	0	0	1	0	0	0	0	0	4	1	4	1	2	1	0	3	0	2	0	0	1	2	0	0	0	1	0	1	1	0	0	0	1	0
ASV3017	6	3	1	2	1	3	1	0	0	1	0	0	0	0	0	0	0	0	0	4	0	0	0	3	3	3	2	1	1	0	0	0	0	0	0	0	0	0	0
ASV3024	1	2	2	0	0	0	1	0	0	1	0	1	1	0	0	2	0	0	0	3	0	0	0	2	1	3	1	1	0	1	0	2	2	0	1	0	1	2	0
ASV3029	0	0	2	0	0	0	1	0	1	1	0	0	0	3	1	0	0	0	1	2	2	4	4	0	0	2	2	1	1	0	1	0	0	0	0	0	0	0	0
ASV3052	2	1	2	0	0	0	1	2	0	2	0	1	1	1	3	1	0	0	0	1	1	0	1	0	2	2	3	0	1	0	1	0	0	0	0	0	0	0	0
ASV3203	2	4	2	0	0	0	0	2	0	1	0	0	0	0	0	0	0	0	0	2	1	1	0	1	2	1	2	1	2	1	0	1	1	1	1	0	0	0	1
ASV3283	1	0	1	1	1	0	0	0	0	0	1	2	0	4	2	2	3	2	3	0	1	1	0	0	0	0	2	0	0	1	1	0	0	1	0	0	0	1	0
ASV3299	0	3	0	0	0	0	0	0	0	0	0	1	2	0	2	0	0	1	2	1	1	0	4	0	1	1	0	0	0	0	4	0	0	0	0	0	0	1	1
ASV3311	2	0	3	3	1	1	0	0	2	1	1	0	0	0	0	0	0	0	0	1	0	0	0	1	1	0	1	0	1	0	0	2	5	2	1	1	2	1	1
ASV3318	1	2	0	2	1	0	2	1	0	2	1	0	0	1	0	0	0	1	0	1	0	0	1	2	2	1	0	3	1	1	0	1	0	1	0	0	0	0	0
ASV3340	3	0	4	0	0	2	2	0	0	2	0	0	0	0	0	1	1	0	0	2	0	0	0	4	1	0	3	1	2	0	0	0	0	0	0	0	0	0	0
ASV3364	5	2	2	1	2	1	1	0	0	1	0	0	0	1	0	0	0	0	0	5	0	0	1	4	1	1	2	0	1	0	0	0	0	0	0	0	0	0	0
ASV3712	3	1	0	1	0	2	5	2	0	1	0	0	1	0	0	0	0	1	1	1	0	1	1	2	0	4	1	0	1	0	0	0	0	0	0	0	0	2	0
ASV3893	4	0	0	0	0	0	0	0	0	0	0	0	0	0	0	1	0	0	0	0	0	0	3	1	0	1	2	0	0	1	0	2	0	2	2	0	4	4	0
ASV3986	1	1	0	0	1	3	1	0	0	2	0	1	0	0	0	0	0	0	0	3	0	0	0	4	2	2	3	5	0	0	0	0	0	0	0	0	0	2	0
ASV4001	0	0	1	3	0	3	0	1	1	3	0	0	0	0	0	0	0	0	0	2	0	0	0	2	1	1	1	2	1	0	0	1	0	3	3	0	2	2	0
ASV4048	0	0	1	0	0	0	0	0	0	1	0	0	0	0	1	0	0	0	0	1	0	0	0	3	0	0	0	0	0	0	1	5	9	6	2	3	0	3	0
ASV4075	2	0	1	0	0	0	0	1	0	1	1	0	0	0	0	1	0	0	0	1	0	0	0	2	1	1	1	0	0	1	0	0	5	5	0	3	0	5	0
ASV4116	1	5	0	1	0	0	0	0	0	0	0	2	0	0	0	1	3	4	1	0	1	1	1	0	0	0	1	0	1	7	4	1	0	0	0	0	0	0	0
ASV4632	0	0	2	2	2	1	2	0	1	0	0	0	0	0	0	0	1	0	0	0	0	0	0	1	0	0	0	1	1	0	1	2	0	0	1	0	1	0	9
ASV4739	1	1	1	0	2	2	0	1	0	1	0	0	0	0	0	0	0	0	0	1	0	0	0	4	1	0	0	1	0	1	0	0	1	3	1	1	1	2	0
ASV4784	6	1	0	0	1	1	0	0	1	0	0	0	0	0	0	0	0	0	0	0	0	0	0	0	2	0	2	0	0	0	0	1	13	0	3	4	0	1	0
ASV4823	1	1	2	0	0	0	0	0	0	0	0	0	0	0	0	0	0	0	0	0	0	0	0	0	0	0	0	1	0	0	0	5	0	1	2	0	1	23	1
ASV5514	3	4	1	2	2	1	0	3	1	2	1	0	0	0	0	0	0	0	0	1	0	0	0	2	1	1	2	2	2	0	0	0	0	0	0	0	0	0	1
ASV5817	3	1	2	1	0	0	0	1	0	0	0	1	0	0	1	0	0	0	0	0	0	0	0	1	1	2	0	0	1	0	0	1	2	0	0	0	0	9	5
ASV2109	11	1	1	1	1	1	3	0	0	1	0	0	0	0	0	0	0	0	0	0	0	0	0	2	0	0	4	0	0	1	0	2	1	0	0	1	0	2	0
ASV2171	2	2	0	1	1	0	0	4	4	0	1	0	1	2	0	1	0	0	1	2	0	0	0	1	0	0	0	2	1	0	0	0	0	0	0	0	0	0	0
ASV2350	0	0	0	0	0	0	1	1	2	0	6	5	0	2	1	0	0	2	0	0	0	0	0	1	2	1	0	0	0	0	1	0	0	0	0	0	0	0	0
ASV2473	0	0	0	0	0	0	0	0	1	0	0	0	0	0	0	0	0	0	0	0	0	0	0	0	0	0	1	0	0	0	0	12	7	1	2	0	1	7	0
ASV2501	0	0	2	3	3	1	0	1	0	3	0	1	0	0	0	0	0	0	0	0	0	0	0	0	1	9	1	8	2	0	0	0	0	0	0	0	0	0	0
ASV2517	0	1	0	0	0	0	0	0	0	0	0	0	0	0	1	0	0	0	0	1	0	0	0	0	0	0	0	0	0	0	0	0	30	1	0	2	0	1	0
ASV2544	0	3	2	1	0	0	1	1	0	0	0	0	0	0	0	0	0	0	0	5	0	0	0	4	3	1	4	0	2	0	0	1	0	2	3	0	0	0	1
ASV2575	3	0	0	0	0	1	0	0	0	1	0	0	0	0	0	0	0	0	0	0	1	0	1	0	2	1	1	0	0	1	0	1	9	0	0	0	6	6	1
ASV2580	0	0	0	0	0	0	0	0	0	0	0	0	0	0	0	0	0	0	0	0	1	0	0	0	0	0	0	0	0	0	0	15	9	4	2	0	1	0	0
ASV2581	6	1	1	2	3	2	0	1	0	2	0	0	0	0	0	0	0	0	0	4	0	0	0	0	2	3	2	1	2	0	0	0	0	0	0	0	1	2	0
ASV2587	0	0	0	0	0	0	0	0	0	0	0	0	0	0	1	0	0	0	0	1	1	0	0	1	1	0	0	0	1	0	0	4	0	2	2	0	3	14	0
ASV2600	0	0	0	1	0	0	0	0	0	0	0	0	0	0	0	0	0	0	0	3	0	0	0	0	0	0	1	0	1	21	0	0	0	0	0	0	0	0	0
ASV2640	1	0	2	0	0	3	2	0	0	2	1	0	0	0	0	1	0	0	0	4	1	0	0	2	1	3	1	4	2	0	0	1	0	0	1	0	2	0	0
ASV2649	1	0	0	0	0	1	0	0	0	0	0	0	0	0	0	1	0	0	0	0	0	0	0	0	0	0	0	0	0	0	0	3	3	3	1	1	9	1	1
ASV2872	1	3	2	0	0	0	0	1	0	1	0	0	0	0	0	0	0	1	0	3	1	1	0	6	2	3	1	1	0	0	0	0	0	0	0	0	0	2	0
ASV2896	1	1	0	0	0	0	1	0	0	1	0	1	0	0	0	0	4	3	0	2	0	0	1	0	0	0	1	1	2	7	2	0	0	0	0	0	1	0	0
ASV2909	2	1	1	1	0	1	1	0	0	0	0	0	0	2	0	0	0	0	2	1	0	1	0	0	1	1	2	1	1	0	0	1	0	2	2	0	0	7	0
ASV2950	0	0	0	0	0	0	0	0	0	0	0	0	0	0	0	0	0	0	0	0	0	0	0	0	0	0	0	0	0	0	0	8	12	1	8	2	2	1	0
ASV2982	0	1	2	0	0	1	1	2	1	2	0	0	0	0	1	0	0	0	0	1	0	0	0	3	0	1	0	0	2	0	0	3	0	5	1	0	1	4	3
ASV3021	0	0	0	0	1	0	1	0	0	0	0	0	0	0	0	0	0	0	0	0	0	0	0	0	0	1	0	0	0	0	0	3	0	10	3	0	7	1	1
ASV3037	2	1	0	0	1	0	0	0	0	0	0	0	0	0	0	0	0	1	1	0	0	0	0	2	0	0	0	0	0	0	0	2	7	1	1	5	1	2	0
ASV3043	3	0	0	0	0	0	0	0	0	0	0	0	0	0	0	0	0	0	0	1	0	0	0	0	0	0	0	0	0	0	0	1	0	6	18	0	0	0	0
ASV3101	9	3	2	1	1	0	1	1	0	4	1	0	0	0	0	0	0	2	0	0	1	2	0	2	1	0	0	1	1	0	1	0	0	0	0	0	0	3	0
ASV3142	2	6	2	0	1	1	0	0	0	2	0	0	0	0	0	0	0	0	0	3	0	0	0	1	2	0	0	0	2	0	0	1	1	1	0	2	0	0	0
ASV3220	1	1	2	0	0	2	0	2	0	0	0	0	0	0	0	1	0	0	0	3	0	0	0	2	1	0	0	0	1	0	0	0	4	3	4	3	1	0	0
ASV3263	2	1	1	1	1	0	1	1	1	3	1	2	0	0	2	0	0	1	0	2	0	0	0	1	1	1	0	2	0	0	0	0	0	0	0	0	0	0	1
ASV3317	0	1	2	0	4	0	2	0	2	2	1	1	2	0	0	0	0	0	0	1	0	0	1	2	1	3	0	1	3	0	0	0	0	0	0	0	0	0	1
ASV3395	0	1	2	2	4	2	3	1	1	1	1	0	1	2	1	0	1	0	0	0	1	0	0	1	0	1	2	3	2	0	0	0	0	0	0	0	0	0	0
ASV3469	6	1	1	0	3	3	0	0	0	1	0	0	0	0	0	0	0	0	0	3	0	0	0	1	1	0	1	0	1	0	1	0	1	0	0	1	1	2	0
ASV3499	3	4	0	0	0	0	0	0	0	0	0	0	0	0	0	0	0	0	0	2	0	0	0	0	0	1	1	1	0	0	0	2	5	4	6	1	3	3	0
ASV3525	1	0	1	1	0	0	0	0	0	1	1	0	0	0	1	0	0	0	0	1	0	0	0	1	0	2	0	0	0	0	0	0	6	3	2	9	0	0	0
ASV3564	2	3	1	0	2	1	1	2	0	0	0	0	0	0	0	0	0	0	0	3	0	1	0	0	0	0	1	0	0	0	0	2	1	1	0	2	4	0	0
ASV3652	2	0	2	0	2	0	1	0	2	3	0	0	0	0	0	0	2	0	0	2	0	0	0	2	3	0	2	0	1	1	1	1	0	0	2	0	0	1	0
ASV3654	6	2	0	1	0	1	0	0	0	1	0	1	0	0	0	0	0	0	0	3	0	0	0	1	0	0	0	1	0	0	0	1	4	0	1	1	3	1	0
ASV3711	0	0	2	0	1	1	1	0	0	0	4	1	5	0	0	0	0	0	3	2	1	0	1	0	0	0	1	0	1	1	2	0	0	0	0	0	0	0	0
ASV3731	1	1	0	0	0	1	0	0	1	0	1	1	0	0	1	3	1	1	0	2	0	0	0	1	1	2	2	0	0	0	7	0	0	0	0	0	0	0	0
ASV3790	1	1	3	2	1	0	0	1	2	1	0	0	0	0	0	1	1	0	0	3	0	0	0	2	0	1	1	0	1	0	0	0	1	0	0	1	1	3	1
ASV3860	0	1	0	0	1	0	0	2	1	0	2	0	0	0	0	4	1	0	0	1	2	0	1	0	2	1	0	1	0	0	0	0	0	0	1	0	1	4	0
ASV3864	0	0	0	0	0	0	0	0	0	0	0	0	0	0	0	0	0	0	0	0	0	0	0	1	0	1	0	0	0	0	0	14	1	0	1	0	0	17	0
ASV3915	0	1	1	0	0	0	0	0	0	0	1	0	0	0	0	0	0	0	0	0	0	0	0	1	1	1	1	1	0	0	1	4	8	2	2	3	1	2	0
ASV3926	0	1	2	3	0	3	2	3	5	0	1	2	0	0	0	0	0	0	0	1	0	0	0	0	0	0	1	2	0	0	0	0	0	0	0	0	0	0	0
ASV4015	0	2	2	1	0	0	0	0	0	0	0	1	0	0	0	0	0	0	0	0	0	0	0	0	0	0	0	0	1	0	1	5	4	5	1	0	1	1	0
ASV4051	5	3	1	0	0	0	0	2	0	3	0	0	0	0	0	0	0	0	0	3	0	0	1	7	2	2	1	0	0	0	0	1	1	0	0	0	0	1	0
ASV4238	0	1	0	0	0	1	2	0	1	0	2	0	3	2	0	3	1	1	1	0	2	1	4	1	0	0	1	0	0	2	0	0	0	0	0	0	0	0	0
ASV4259	0	2	1	1	1	0	0	0	0	0	0	0	1	0	0	0	0	0	0	1	0	0	0	0	3	0	2	1	2	0	0	1	0	0	3	0	0	0	9
ASV4314	3	2	0	2	1	0	0	0	0	1	0	0	0	0	0	0	0	1	0	1	3	3	2	1	0	0	0	0	0	1	2	0	0	4	5	0	0	0	0
ASV4319	1	0	1	0	0	0	0	1	0	2	0	0	1	0	0	0	3	2	1	2	1	0	1	2	0	3	0	0	0	0	0	2	0	0	0	0	0	8	0
ASV4352	6	1	0	0	0	0	1	1	0	0	2	2	0	0	0	3	2	2	0	0	2	0	0	0	0	0	0	1	0	1	3	0	0	0	0	0	0	0	1
ASV4422	4	2	1	0	0	0	1	0	0	0	0	0	1	0	0	1	1	1	3	1	2	1	0	0	0	0	0	0	3	0	3	0	0	0	0	0	1	1	0
ASV4427	1	3	2	1	2	1	0	1	1	4	2	0	0	0	1	0	0	0	0	0	0	0	0	1	2	1	1	3	0	0	0	0	0	0	0	0	0	1	0
ASV4543	0	5	1	1	0	0	1	1	0	1	0	0	0	0	0	1	1	0	0	1	0	1	0	2	1	0	0	0	0	0	1	1	0	4	2	1	0	2	1
ASV5087	1	0	1	4	0	1	1	0	3	1	2	1	0	0	0	0	0	0	0	1	0	0	0	1	4	5	1	2	0	0	0	0	0	0	0	0	0	0	1
ASV5253	0	2	0	3	0	3	0	1	1	0	0	0	0	0	2	1	1	2	3	1	1	1	0	0	1	1	0	0	0	0	0	0	0	1	0	0	0	0	3
ASV5649	1	0	0	4	0	5	0	2	1	1	2	2	0	0	0	0	0	1	0	2	0	0	0	2	0	2	0	2	0	1	0	0	0	0	0	0	2	0	0
ASV5854	2	0	0	1	0	0	0	0	2	0	0	0	0	0	0	0	0	0	0	0	0	0	0	0	1	0	1	0	0	0	0	4	12	1	1	6	0	1	0
ASV5872	1	1	1	0	0	1	0	0	0	1	0	0	0	0	0	0	2	0	1	1	1	0	0	1	1	1	0	2	0	0	0	3	2	0	9	0	3	3	0
ASV2233	0	0	0	1	0	1	0	0	1	1	1	0	0	0	0	0	0	0	0	1	1	0	0	1	1	0	0	0	0	0	0	9	0	6	4	0	0	0	0
ASV2315	1	0	1	0	1	0	2	0	1	2	0	0	0	0	0	0	0	0	0	2	0	0	0	3	1	0	0	0	0	0	0	0	1	1	0	13	0	0	0
ASV2382	6	2	1	0	0	2	1	0	0	1	0	0	0	0	0	0	0	0	0	5	0	0	0	2	1	1	3	3	4	0	0	0	0	0	0	0	0	0	0
ASV2418	4	0	0	0	0	0	1	0	0	0	0	0	0	1	0	0	3	3	1	0	2	0	3	1	0	0	1	0	0	0	1	0	0	0	0	0	0	0	0
ASV2420	0	0	0	0	0	1	0	0	0	0	0	0	0	0	1	0	0	0	0	0	0	0	0	0	0	0	0	0	0	0	0	7	7	4	5	4	5	0	1
ASV2512	2	0	0	0	0	0	1	0	0	0	0	0	0	0	0	0	0	0	0	0	0	0	0	0	0	0	0	0	0	0	0	11	0	2	0	0	6	7	1
ASV2516	1	0	0	0	0	1	0	1	1	0	0	0	0	0	0	1	2	0	3	4	2	3	3	1	0	1	1	0	0	2	4	0	0	0	0	0	0	0	0
ASV2588	0	0	0	0	0	0	0	0	0	0	0	0	0	0	0	0	0	0	0	0	0	0	0	0	0	0	0	0	0	0	0	0	23	7	1	1	1	1	1
ASV2691	2	0	0	0	0	0	0	0	0	3	0	0	0	0	0	0	0	0	0	0	0	0	0	0	0	0	0	0	0	0	0	6	0	8	5	0	1	2	2
ASV2724	1	3	0	1	0	0	0	0	0	0	0	0	0	0	0	0	0	0	0	0	0	0	1	1	2	0	2	0	1	0	0	3	6	1	5	1	1	3	0
ASV2725	3	3	0	0	1	0	1	0	0	1	0	0	0	0	0	0	0	0	0	0	0	0	0	1	1	0	1	0	0	0	0	0	4	0	1	13	0	0	0
ASV2732	2	0	0	0	1	2	0	0	1	1	0	0	0	1	1	0	0	1	0	3	2	0	0	0	0	0	1	1	0	0	2	4	0	6	2	0	0	0	0
ASV2783	1	0	0	0	0	1	0	0	1	0	0	1	0	0	1	0	1	2	1	1	5	3	1	1	0	0	2	2	0	1	6	0	0	0	0	0	0	1	0
ASV2803	2	1	2	0	0	1	0	1	0	1	0	0	0	0	0	0	0	0	0	2	0	0	0	0	1	0	0	1	1	0	0	0	1	0	3	11	0	0	0
ASV2805	0	0	0	0	0	0	0	0	0	0	0	0	0	0	0	0	0	0	0	0	0	0	0	0	0	0	1	0	3	0	0	0	7	3	4	15	0	0	0
ASV2808	5	0	2	0	1	2	2	1	2	0	1	1	0	0	2	1	0	0	0	0	0	0	1	0	1	1	1	0	0	0	0	0	0	0	0	0	0	0	0
ASV2838	1	2	2	1	1	1	1	5	2	0	0	0	1	0	0	0	0	0	0	0	0	0	1	2	0	0	2	2	2	0	1	0	0	0	0	0	0	0	0
ASV2865	2	5	0	1	0	0	0	0	1	2	0	0	1	0	2	1	1	0	1	2	1	0	1	0	2	3	0	0	0	1	2	0	0	0	0	0	0	0	1
ASV2873	0	0	3	1	1	1	2	2	0	3	1	0	0	0	0	0	0	0	0	6	0	0	0	3	1	3	1	0	3	0	0	0	0	0	1	1	0	0	0
ASV2883	2	1	1	0	2	0	1	1	1	1	1	2	0	0	0	0	0	1	1	2	0	0	1	1	0	4	0	2	2	1	0	0	0	0	0	0	0	0	1
ASV2898	7	2	2	2	0	1	0	0	0	1	0	0	0	0	0	0	0	0	0	2	0	0	0	1	0	0	0	1	0	0	0	1	5	1	2	0	0	6	2
ASV2929	4	1	3	0	0	0	0	0	0	4	1	1	0	0	0	0	0	0	1	1	0	0	0	1	0	1	5	2	0	0	0	0	0	0	0	3	0	4	0
ASV2938	1	3	0	3	0	1	0	4	2	0	2	2	0	1	1	0	0	0	0	2	1	0	0	0	0	0	1	0	2	1	0	0	0	1	0	0	0	0	0
ASV2953	0	3	1	0	0	0	0	0	0	1	0	0	0	0	1	0	0	0	0	2	0	0	1	0	0	1	1	0	1	0	0	2	1	3	1	0	0	5	6
ASV2970	2	2	0	0	0	1	0	0	0	0	0	0	0	0	0	0	0	1	0	4	1	0	1	3	3	1	1	1	2	1	0	0	0	0	0	0	0	2	0
ASV2973	1	3	0	0	1	0	0	0	0	1	0	0	0	0	1	2	2	1	2	3	1	0	6	0	0	0	1	1	0	1	0	1	0	0	0	0	0	1	1
ASV3012	0	3	2	2	1	0	2	2	1	3	0	0	0	0	1	0	0	0	0	1	0	0	0	1	3	1	0	1	0	0	0	0	0	1	0	0	0	7	2
ASV3076	3	1	1	0	0	0	1	0	0	0	0	0	0	1	1	0	1	0	2	0	2	1	1	2	0	1	0	0	0	2	1	2	1	1	1	0	4	1	0
ASV3078	2	1	0	0	0	0	2	1	1	1	0	0	0	0	2	0	2	1	0	0	0	0	0	0	3	0	1	0	2	0	0	1	1	4	1	0	0	2	0
ASV3096	4	4	1	1	0	1	1	0	0	1	0	1	0	0	0	1	1	2	0	1	0	1	3	3	2	2	0	0	0	0	0	0	0	0	0	0	0	1	0
ASV3152	7	0	0	1	0	0	0	1	1	1	0	0	0	4	0	0	2	3	0	1	0	0	0	1	0	1	0	0	0	1	2	1	0	0	1	0	0	1	3
ASV3174	2	1	3	3	1	1	0	0	2	2	1	0	0	0	0	0	0	0	0	1	0	0	0	3	3	3	1	1	1	0	0	0	0	0	0	0	0	0	0
ASV3175	3	2	3	0	1	1	1	1	1	1	0	0	0	0	0	0	0	0	0	0	0	0	0	5	2	3	2	0	1	0	0	0	0	0	1	1	0	0	0
ASV3200	0	0	2	0	0	0	0	0	0	0	1	0	2	13	2	1	0	0	0	0	0	0	0	0	0	0	0	0	0	1	0	0	0	0	0	0	1	0	0
ASV3212	1	0	0	1	1	0	0	0	0	1	0	0	0	0	1	0	2	2	0	0	3	2	1	0	0	0	3	1	0	0	2	0	0	1	2	0	1	0	0
ASV3271	12	0	1	0	0	0	2	1	0	1	0	0	0	0	0	1	2	0	0	2	0	2	2	0	0	0	0	0	0	0	0	0	0	0	0	0	0	3	0
ASV3349	0	2	2	0	0	0	1	0	0	0	0	0	0	0	0	0	0	0	0	0	0	0	0	0	0	0	0	0	0	0	0	5	2	2	3	0	6	10	0
ASV3435	2	1	0	0	0	1	0	0	0	1	0	0	0	0	0	0	0	0	0	1	0	0	0	0	0	0	2	1	0	0	0	3	3	3	1	1	6	4	1
ASV3479	0	2	5	1	1	2	3	0	0	2	1	1	0	0	0	0	0	0	0	2	0	0	0	1	0	2	1	0	3	0	0	1	0	2	1	0	0	0	0
ASV3676	2	0	2	2	2	0	0	3	0	1	0	0	0	0	1	0	0	0	0	3	0	0	0	3	0	4	0	2	2	0	0	0	1	0	0	0	0	0	0
ASV3729	1	2	0	0	0	2	0	1	0	0	0	0	0	2	1	1	2	3	0	1	1	1	0	2	0	1	2	1	0	1	0	0	0	2	1	0	0	0	1
ASV3795	2	0	2	0	0	0	0	0	0	0	0	0	0	0	3	4	3	2	2	0	0	2	1	0	1	1	0	0	0	1	0	0	0	0	0	0	0	0	0
ASV3896	0	0	0	0	0	0	0	0	0	2	0	0	0	0	0	0	0	0	0	0	0	1	0	1	0	0	0	0	0	0	0	10	5	7	5	0	5	0	0
ASV4166	1	0	0	0	0	0	2	0	0	0	0	0	0	0	0	0	0	0	0	0	1	0	0	0	0	0	1	1	0	0	0	5	2	0	0	3	0	17	0
ASV4197	1	2	1	1	1	1	0	3	3	2	0	1	0	0	0	0	0	0	0	2	0	0	1	6	2	1	2	0	1	0	0	0	0	0	0	0	0	0	0
ASV4239	4	3	2	0	1	0	0	1	0	1	0	0	0	0	1	0	0	0	0	4	0	0	0	3	2	1	1	1	0	0	0	2	4	0	0	1	0	0	0
ASV4253	2	0	0	1	1	0	2	0	2	0	1	0	0	0	0	2	0	1	2	0	0	0	0	0	0	1	1	1	0	3	0	0	0	0	0	0	8	0	0
ASV4317	3	0	0	1	0	0	0	0	0	1	0	0	0	2	0	0	0	0	0	2	0	0	0	0	0	0	2	0	0	0	0	3	4	2	2	2	0	2	0
ASV4643	0	1	2	0	2	6	5	6	0	0	1	0	2	0	0	0	0	0	0	1	0	0	0	0	0	0	3	0	0	0	0	0	0	0	0	0	0	0	0
ASV4899	1	1	0	0	0	0	2	1	0	0	1	1	0	4	0	0	1	0	1	0	1	0	1	0	0	3	2	0	0	0	1	0	4	0	0	2	4	0	0
ASV5074	2	5	1	0	1	1	1	0	0	0	0	0	2	0	0	0	0	0	0	1	0	0	0	0	1	0	0	2	3	0	0	1	2	2	2	2	0	0	1
ASV5105	3	1	0	0	0	0	0	0	0	0	1	0	0	0	0	3	6	0	0	1	3	2	0	0	1	0	0	0	1	0	3	0	0	0	0	1	2	2	0
ASV5142	0	3	4	0	0	1	0	0	0	2	0	0	0	0	0	0	0	0	0	2	0	0	0	1	2	2	2	1	2	0	0	1	0	2	1	0	0	4	1
ASV5883	6	0	1	2	0	1	1	1	0	2	1	1	0	0	0	0	0	0	0	2	0	0	0	2	0	0	0	1	0	0	0	0	0	2	0	0	0	3	2
ASV2323	0	0	4	0	0	1	2	1	0	0	0	1	1	0	0	0	0	0	0	1	0	0	0	2	4	2	4	2	0	0	0	0	0	0	0	0	0	0	0
ASV2362	3	0	1	0	1	0	1	0	0	3	0	1	0	1	1	1	0	2	2	0	1	1	0	0	0	0	1	0	0	1	2	1	0	0	0	0	0	2	0
ASV2519	6	7	2	2	1	1	0	0	0	2	0	0	0	1	0	0	0	0	0	2	1	0	1	2	0	2	0	1	1	0	0	0	0	0	0	0	0	1	0
ASV2534	4	0	0	0	1	0	1	0	0	7	0	0	0	1	1	1	0	0	3	1	0	1	1	0	1	0	0	0	0	1	0	0	0	0	0	0	0	3	1
ASV2538	1	0	0	0	0	1	1	0	0	1	0	0	1	0	1	4	3	2	4	0	1	0	0	0	1	0	0	1	1	0	1	0	0	0	0	0	0	0	0
ASV2602	3	3	3	0	1	0	1	1	0	0	0	0	0	0	0	0	0	0	0	5	0	0	0	3	4	2	1	1	2	0	0	0	0	1	0	0	0	0	0
ASV2605	1	2	1	0	1	0	0	1	0	1	1	0	1	4	0	2	0	0	0	1	1	2	0	1	0	0	0	0	0	1	0	0	0	0	1	5	0	0	1
ASV2645	5	4	0	1	2	1	0	3	2	2	0	0	0	0	0	0	0	0	0	3	0	0	0	2	3	2	1	1	0	0	0	0	0	0	0	0	0	0	0
ASV2666	1	4	0	1	1	0	0	0	0	2	0	0	0	0	0	0	0	0	0	1	0	0	0	1	2	0	1	2	2	0	0	0	3	5	0	1	0	0	0
ASV2685	1	2	3	1	0	0	0	0	0	0	0	1	1	0	0	0	0	0	0	2	0	0	0	0	2	1	2	1	0	0	0	0	1	4	1	5	0	0	0
ASV2703	3	0	0	1	0	0	0	1	0	0	0	0	0	0	0	0	2	2	0	0	1	2	4	0	0	0	0	0	0	5	2	0	2	0	0	0	0	0	0
ASV2749	0	0	2	1	2	1	2	1	1	2	1	0	0	0	2	1	4	2	1	1	0	3	0	0	1	0	0	0	0	0	0	0	0	0	0	0	0	0	0
ASV2778	6	2	0	0	0	1	0	0	0	0	0	0	0	0	0	0	0	0	0	1	0	0	0	0	0	1	1	0	1	0	0	0	13	0	1	0	0	0	0
ASV2811	1	3	1	0	0	0	0	0	0	0	0	0	0	0	0	0	0	0	0	1	0	0	0	1	0	0	1	0	1	0	0	0	3	1	0	0	2	12	0
ASV2853	0	0	0	0	2	1	1	0	0	1	0	0	0	0	0	1	0	0	0	1	0	0	0	1	1	0	0	2	0	0	0	3	3	4	3	3	1	2	1
ASV2855	3	1	0	0	1	0	0	0	1	1	0	0	0	0	0	0	0	0	0	0	0	0	0	2	0	0	0	2	1	0	0	0	12	1	3	0	0	1	1
ASV2857	2	1	0	0	1	0	1	0	2	0	0	0	1	1	3	1	0	2	1	2	1	1	0	1	0	1	1	0	0	0	1	1	0	0	0	0	1	0	0
ASV2884	1	1	0	0	0	0	0	1	0	0	1	0	0	0	0	0	0	0	0	0	0	0	0	0	0	0	0	0	0	0	0	2	2	0	0	1	8	10	2
ASV2890	1	4	0	1	2	0	0	0	0	1	0	0	0	0	0	0	0	0	0	2	0	0	1	1	3	1	0	3	0	0	0	7	2	0	1	0	0	2	0
ASV2904	0	1	0	0	0	1	0	0	0	3	0	0	0	0	0	0	0	0	0	1	0	0	0	0	1	3	1	0	1	0	0	1	0	4	6	6	0	2	0
ASV2910	0	0	2	0	1	0	0	1	0	3	1	0	0	0	1	0	0	0	0	1	0	0	0	1	1	1	3	0	3	0	0	1	0	1	1	0	0	0	0
ASV2930	2	2	0	0	0	0	1	1	1	0	1	2	4	0	0	0	4	2	1	0	0	2	0	0	0	0	0	1	0	0	0	0	0	0	0	0	0	0	0
ASV2942	1	0	0	2	0	0	0	0	0	2	0	0	0	0	0	0	0	0	0	1	0	0	0	0	0	0	0	0	0	0	0	2	19	1	3	0	1	0	0
ASV2943	0	4	1	1	1	0	2	1	0	1	0	0	0	0	0	0	0	0	0	2	0	0	0	0	1	1	0	1	1	0	0	0	2	0	1	0	1	2	0
ASV2945	0	0	0	0	0	0	0	0	0	2	0	0	0	0	0	0	0	0	0	1	0	0	0	0	0	0	2	0	1	0	0	10	6	5	1	1	2	0	0
ASV2992	5	0	1	0	1	1	1	0	0	1	0	0	0	0	0	0	0	0	0	0	0	0	0	1	0	0	0	0	1	0	0	3	13	0	2	4	0	0	0
ASV3028	1	2	0	0	0	1	0	0	0	0	0	0	1	0	0	0	0	0	0	2	0	0	0	1	2	1	0	0	0	0	0	0	3	1	2	3	2	5	0
ASV3042	0	0	0	0	0	1	0	1	0	2	0	0	0	0	0	0	0	0	0	0	0	0	0	2	0	0	1	0	0	0	0	6	3	8	5	0	2	0	0
ASV3047	1	0	2	1	1	0	0	0	0	2	0	0	0	1	1	0	0	3	6	0	3	1	0	0	1	1	0	2	1	1	1	0	0	0	0	0	0	0	0
ASV3143	2	3	3	2	0	1	0	0	0	1	0	0	0	0	0	0	1	1	0	1	0	0	0	0	1	1	1	1	0	1	1	2	0	1	2	0	0	2	0
ASV3153	0	1	2	2	0	1	1	0	0	0	0	0	0	1	0	0	0	0	0	2	0	0	0	4	0	1	0	0	1	0	0	6	0	1	1	0	1	4	0
ASV3202	0	0	1	0	1	2	1	0	0	0	0	0	0	0	0	0	0	0	0	0	0	0	0	1	3	0	0	0	3	0	0	0	2	1	0	0	5	2	0
ASV3329	3	0	0	1	2	1	0	1	0	0	1	3	2	1	1	1	2	1	4	0	1	2	0	0	0	0	1	0	0	0	0	0	0	0	0	0	0	0	0
ASV3353	1	0	0	0	1	4	1	0	0	2	0	1	0	1	0	0	0	0	0	0	0	0	3	0	0	0	0	0	0	0	0	0	0	0	1	17	0	2	0
ASV3400	4	1	2	1	1	0	1	0	1	0	1	0	3	0	0	1	0	0	0	2	1	0	1	0	2	1	2	1	1	1	1	0	0	0	0	0	0	0	0
ASV3443	6	0	1	0	0	0	0	1	0	2	0	0	0	0	0	0	0	0	0	1	0	0	3	0	2	1	1	0	0	0	1	4	3	2	0	2	0	2	0
ASV3594	0	1	1	1	0	0	0	0	0	5	0	0	0	0	0	0	0	0	0	1	1	0	0	1	1	2	1	2	2	0	1	0	1	1	1	0	0	4	0
ASV3737	0	0	1	2	0	0	0	0	1	4	0	1	0	1	2	0	1	0	0	2	0	0	0	0	0	0	1	0	0	0	0	0	0	0	4	0	1	1	0
ASV3792	1	1	0	1	0	0	0	0	0	0	0	0	0	0	0	0	0	0	0	0	0	0	0	4	0	0	0	0	0	0	0	6	2	2	3	3	1	7	0
ASV3807	3	2	0	0	1	1	0	0	0	0	0	0	0	0	0	0	0	0	0	0	0	0	0	0	0	1	2	1	0	0	0	4	6	1	3	1	1	2	0
ASV3813	1	5	2	0	1	0	1	1	1	0	1	1	0	0	0	0	1	0	0	2	0	0	5	1	0	1	1	1	1	0	0	0	1	1	0	0	0	0	0
ASV3880	0	0	0	0	0	0	0	0	0	0	0	0	0	0	0	0	0	0	0	2	0	0	0	0	0	1	0	0	0	0	0	2	5	0	1	7	10	2	0
ASV3948	2	1	0	0	2	1	0	2	1	1	0	0	0	0	0	0	0	0	0	3	1	1	0	0	0	1	0	0	2	0	0	3	0	1	2	0	3	2	0
ASV3973	0	2	0	2	1	0	0	1	0	0	0	0	0	0	0	0	0	0	0	3	0	0	0	1	2	0	1	0	2	0	0	2	0	6	0	0	2	1	0
ASV3989	2	2	0	0	0	1	0	0	0	0	0	0	0	0	0	0	1	0	0	1	0	0	0	0	1	0	1	0	0	0	0	1	5	1	2	0	1	15	1
ASV4041	0	2	0	2	1	5	0	0	1	2	0	0	0	0	0	0	1	0	0	1	1	1	0	0	0	2	0	1	2	0	0	1	0	2	0	0	0	1	0
ASV4059	1	1	0	0	0	0	1	0	0	0	0	0	0	0	1	0	0	0	0	0	0	1	0	0	2	2	0	1	0	0	5	1	2	1	1	1	1	4	0
ASV4096	2	3	1	0	0	1	2	0	5	1	0	2	0	0	0	0	0	2	0	5	0	0	0	0	3	0	1	1	1	0	0	0	0	0	0	0	0	0	0
ASV4113	0	2	0	0	0	1	0	1	1	0	0	0	0	1	0	0	0	0	0	4	0	0	0	2	1	1	1	0	0	0	0	2	4	1	3	0	1	3	0
ASV4269	2	1	0	1	0	0	0	0	0	1	0	0	0	0	0	0	0	0	0	0	0	0	0	0	0	0	0	1	0	0	0	1	1	6	0	4	0	8	1
ASV4328	0	0	0	0	1	0	0	1	1	2	0	1	1	1	0	2	0	3	0	1	1	2	0	0	0	1	0	1	0	0	2	0	0	1	0	1	1	0	0
ASV4387	1	1	0	0	0	1	1	0	1	1	1	0	0	1	0	1	0	1	1	1	3	0	1	1	1	0	0	1	1	0	0	0	0	0	1	0	0	1	2
ASV4517	4	0	1	0	0	0	0	0	0	1	0	0	0	0	0	1	1	0	1	1	0	1	7	0	1	0	0	0	1	1	4	0	0	2	0	0	0	1	0
ASV4602	2	1	0	1	0	0	0	0	0	3	0	0	0	0	0	0	0	0	0	1	0	0	0	0	0	0	0	0	0	1	0	8	4	0	2	0	0	13	1
ASV4686	1	0	1	0	0	0	2	0	0	2	0	0	0	0	0	0	0	0	0	4	0	0	0	1	1	6	0	0	1	0	0	0	0	0	2	5	0	0	0
ASV4736	1	1	0	1	2	0	0	0	1	1	0	0	1	0	0	0	1	0	0	5	0	2	0	3	2	0	1	0	2	0	1	0	0	0	0	0	0	0	0
ASV4835	2	1	1	1	0	2	0	0	0	0	0	0	0	0	0	0	1	0	0	2	0	0	0	1	1	3	1	1	0	0	0	0	6	5	2	1	0	0	0
ASV5002	1	1	0	0	1	0	1	0	0	2	0	1	0	0	0	0	0	0	0	1	1	0	0	3	1	1	0	0	3	0	0	4	3	0	2	0	1	4	1
ASV5218	0	1	0	1	1	1	1	0	0	1	0	0	0	0	0	0	0	0	0	3	0	0	0	0	3	4	3	0	2	0	0	0	0	0	1	0	0	0	1
ASV5273	0	1	0	0	0	0	0	0	0	1	0	0	0	0	0	0	0	0	0	1	0	0	0	0	0	1	1	0	1	0	0	6	0	4	6	0	7	2	2
ASV5278	2	3	2	1	0	0	1	0	0	1	0	0	0	0	0	0	0	0	0	1	1	0	0	2	1	1	0	0	0	0	0	1	5	0	1	1	1	1	0
ASV5670	0	0	0	1	1	0	2	0	4	0	1	1	1	1	0	1	0	0	1	0	1	0	0	0	0	0	1	0	0	9	0	0	0	0	0	0	0	0	1
ASV5934	1	1	1	1	0	0	0	1	0	0	0	0	0	0	0	0	1	0	0	1	0	0	1	1	2	2	1	0	0	0	0	6	2	4	3	0	0	0	0
ASV2229	3	1	4	1	0	2	3	0	3	0	2	3	1	1	0	0	0	0	0	2	0	0	0	2	0	3	0	0	0	1	0	0	0	0	0	0	0	0	0
ASV2503	0	1	0	0	0	0	0	0	0	0	0	0	1	0	0	0	0	0	0	0	0	0	0	0	0	0	0	0	0	0	0	0	20	2	1	8	0	0	0
ASV2518	4	3	3	0	1	0	0	1	0	0	0	0	0	0	0	0	0	0	0	0	0	0	0	0	1	0	0	0	1	0	0	5	1	0	2	0	2	3	2
ASV2557	2	2	0	1	1	0	1	3	0	1	0	0	0	0	0	0	0	1	0	1	0	0	0	3	0	2	0	0	0	0	1	0	2	1	2	0	0	3	0
ASV2608	1	0	0	0	0	0	0	0	0	0	0	1	0	0	0	0	0	0	0	4	0	0	0	1	0	0	0	0	0	0	0	0	0	1	1	15	0	2	0
ASV2671	4	3	0	0	1	2	0	0	2	0	0	0	0	0	0	0	0	0	0	1	0	0	0	3	0	0	1	0	0	0	0	0	0	0	0	0	0	17	0
ASV2701	0	0	1	0	0	0	0	0	0	0	0	0	0	0	0	1	1	3	2	0	7	1	3	2	1	0	1	0	0	3	4	0	0	0	0	0	0	0	0
ASV2728	2	1	0	0	0	1	0	0	1	0	0	0	0	0	2	1	1	0	0	0	0	0	0	0	2	1	0	1	0	1	0	3	0	2	1	0	1	5	1
ASV2923	2	1	2	0	1	3	5	1	0	0	0	0	0	0	2	1	1	0	0	1	0	0	0	1	3	0	1	0	1	0	1	0	0	0	0	0	0	0	0
ASV2949	2	0	1	0	0	1	0	0	0	1	0	0	0	0	0	0	0	0	0	1	0	0	0	1	1	1	0	0	1	1	0	2	0	0	1	0	1	16	3
ASV2962	0	0	0	1	0	1	1	0	1	0	0	0	0	1	0	0	0	1	1	1	0	4	2	0	3	0	0	1	0	0	3	2	0	2	0	0	1	4	0
ASV3006	0	1	2	0	0	2	1	1	0	0	0	0	1	0	1	1	0	1	0	4	1	0	0	0	1	0	1	0	1	0	0	1	0	0	0	0	0	2	0
ASV3085	4	3	1	0	0	3	2	1	0	1	0	0	0	0	0	0	0	0	0	3	0	0	0	1	3	3	0	0	0	0	0	0	0	0	0	0	0	0	0
ASV3106	1	3	0	1	0	0	1	0	1	3	0	0	0	0	0	2	0	0	0	3	1	2	0	2	0	3	0	1	0	0	0	0	1	0	0	0	0	3	0
ASV3137	4	2	0	0	0	0	0	0	2	2	0	0	0	0	1	0	0	0	1	1	0	1	0	0	3	2	1	0	2	0	0	0	0	1	1	1	0	8	0
ASV3186	1	4	2	1	1	2	1	1	0	1	1	1	0	0	0	0	0	0	0	1	0	1	0	1	1	1	3	0	3	0	0	0	0	0	0	0	0	0	0
ASV3194	3	0	0	0	0	1	0	2	0	0	0	0	1	0	1	3	2	2	2	0	2	2	2	0	0	0	0	0	0	1	1	0	0	0	0	0	0	0	0
ASV3214	0	0	0	1	0	0	1	0	0	0	0	0	0	0	0	0	0	0	1	1	0	0	0	0	0	0	0	0	0	0	0	1	16	1	3	8	0	0	0
ASV3227	5	2	1	0	0	2	0	0	0	2	0	0	0	0	0	0	0	0	0	3	0	0	0	2	3	2	2	0	0	0	0	0	1	1	0	2	0	1	0
ASV3237	2	3	1	1	1	0	0	0	0	2	0	0	1	0	0	2	1	0	2	1	0	0	1	0	0	0	2	1	1	1	1	0	0	0	1	0	0	2	0
ASV3260	1	2	0	2	0	0	0	0	0	0	0	0	0	0	0	0	0	0	0	1	0	0	0	0	1	0	1	0	0	0	0	0	15	2	1	2	0	0	0
ASV3266	3	1	2	1	0	0	0	0	0	0	0	0	0	0	0	0	0	0	0	2	1	0	0	0	2	1	0	0	0	0	0	2	7	2	3	4	0	0	0
ASV3359	1	3	1	0	1	0	0	0	0	2	0	1	0	0	0	0	0	0	0	0	0	0	1	1	0	2	0	1	0	0	0	2	6	3	1	1	1	5	0
ASV3407	2	0	0	0	1	1	1	0	0	0	0	0	0	1	0	0	0	0	0	0	1	0	4	0	0	0	0	0	1	1	3	0	0	0	1	0	1	1	0
ASV3477	0	1	0	0	0	0	0	0	0	3	0	0	1	1	1	0	0	0	0	0	1	2	3	1	0	1	0	2	0	0	0	1	7	1	2	0	1	0	1
ASV3480	2	2	2	2	0	0	0	0	3	3	0	0	1	0	0	0	0	0	0	2	0	0	0	1	2	2	1	1	0	0	0	2	0	0	2	0	0	0	0
ASV3496	4	0	3	0	0	1	1	0	1	1	1	0	0	0	0	0	0	0	1	5	0	0	0	1	2	2	0	0	1	0	0	0	0	1	1	1	0	0	0
ASV3568	2	0	0	2	0	0	0	0	0	0	0	0	0	0	0	0	0	0	0	0	0	0	1	0	1	0	0	0	0	0	1	3	5	2	4	3	3	3	0
ASV3621	4	3	0	0	1	3	1	0	0	0	0	0	0	0	0	0	0	0	0	1	0	0	0	4	0	2	0	0	0	0	0	0	0	0	4	0	3	5	0
ASV3633	0	0	0	0	0	1	0	0	0	0	0	0	2	9	2	1	1	2	0	0	0	1	6	0	0	0	0	0	0	0	0	0	0	0	0	0	0	1	0
ASV3634	2	1	2	0	2	0	0	1	0	0	0	1	0	0	6	0	0	0	0	4	0	1	0	0	0	1	1	0	1	0	5	0	0	0	0	0	0	0	0
ASV3640	2	0	0	0	0	0	0	1	0	0	0	0	0	0	0	0	0	0	0	0	0	0	0	0	0	0	0	1	0	0	0	1	3	4	3	16	0	0	0
ASV3735	3	0	0	1	0	0	0	0	0	0	0	0	0	0	0	0	0	1	1	0	0	0	0	0	0	0	0	1	0	0	0	5	0	2	4	1	0	12	0
ASV3763	4	1	2	2	1	0	1	0	1	1	0	0	0	0	0	0	2	0	0	0	1	0	0	1	4	2	1	0	0	0	0	0	1	0	0	0	0	4	2
ASV3805	1	0	0	0	1	0	0	1	1	0	4	0	2	2	2	1	3	2	2	0	0	0	0	0	0	0	0	0	0	2	0	0	0	0	0	0	0	0	0
ASV3868	4	2	1	1	1	1	1	0	2	2	0	0	0	0	0	0	0	1	0	1	1	0	0	0	2	0	0	2	0	0	0	1	0	1	0	0	0	3	0
ASV3871	0	3	0	1	0	1	0	1	1	3	0	0	0	0	1	0	0	0	1	1	1	3	2	3	0	1	0	1	0	0	1	1	0	0	1	0	1	1	0
ASV3885	1	2	0	0	1	2	0	0	0	0	0	0	0	0	0	0	0	0	0	2	1	0	0	2	1	3	3	0	0	0	0	1	3	3	2	0	0	3	0
ASV3902	0	1	0	1	0	0	0	1	0	0	0	0	0	0	0	0	1	0	0	1	0	0	0	1	0	0	0	2	0	0	0	3	5	2	1	0	9	1	0
ASV3953	0	0	0	0	1	0	1	1	0	1	0	0	0	0	0	0	0	0	0	2	0	0	0	0	0	2	1	0	0	0	0	4	4	6	1	1	0	0	0
ASV3969	4	1	1	0	0	0	2	2	0	0	1	1	0	2	0	2	1	2	1	1	0	1	0	1	2	0	0	0	0	0	0	0	0	0	0	1	0	1	1
ASV4035	6	1	1	1	0	0	1	2	0	0	0	0	0	0	1	0	0	0	0	4	0	0	0	1	1	0	0	0	1	0	0	0	0	1	1	8	0	0	0
ASV4126	0	2	1	0	2	2	1	1	0	2	0	1	0	0	0	0	0	0	0	3	0	0	1	0	2	3	0	1	2	0	0	0	0	0	0	2	1	0	0
ASV4202	0	0	1	0	0	1	0	1	0	0	0	0	0	0	0	0	0	2	0	0	0	1	0	0	0	2	1	0	1	0	0	1	2	0	1	0	6	3	3
ASV4213	1	1	0	1	1	0	1	0	0	2	0	0	0	0	0	0	0	0	0	3	0	0	0	1	1	0	2	1	0	1	0	0	0	0	2	0	0	5	1
ASV4220	2	5	4	1	1	3	0	1	1	1	0	0	0	0	0	0	0	1	0	3	0	0	0	4	1	0	0	1	0	0	0	0	1	0	0	0	0	1	0
ASV4305	0	1	1	0	0	0	0	0	0	0	0	0	0	0	0	0	0	0	1	2	0	2	0	0	0	0	0	0	1	0	0	9	0	0	2	0	0	15	0
ASV4600	3	5	2	0	0	1	0	0	1	1	0	1	1	0	1	1	0	0	0	0	2	2	1	0	2	0	0	0	0	0	1	0	0	0	0	0	0	0	0
ASV4640	3	0	0	0	0	0	0	1	1	0	0	0	1	0	0	1	0	1	2	0	3	2	1	0	0	0	0	0	2	2	3	0	0	0	0	0	0	0	0
ASV4671	2	3	2	0	1	1	2	3	0	1	3	1	1	0	1	0	0	0	1	2	0	0	0	0	1	3	3	1	0	0	1	0	0	0	0	0	0	0	0
ASV4681	1	0	0	1	0	0	0	0	2	1	0	0	0	1	2	0	3	2	1	1	2	1	0	0	0	0	1	0	0	1	3	0	0	0	1	0	0	0	0
ASV4734	1	1	1	0	0	0	1	1	1	1	0	0	0	0	0	0	0	0	0	3	0	0	1	1	3	2	0	0	0	0	0	0	0	0	0	7	0	0	0
ASV4789	5	1	1	0	0	0	1	0	0	0	0	0	0	0	0	1	0	0	1	1	0	1	1	1	1	2	1	0	0	0	0	0	0	0	0	0	1	5	1
ASV4885	1	0	0	0	0	0	0	0	0	2	0	0	0	1	0	0	0	0	0	0	0	0	1	1	0	0	1	0	0	0	0	4	1	5	3	1	1	2	2
ASV4967	0	1	2	0	0	0	0	2	1	2	0	0	0	1	1	0	0	0	1	3	1	1	0	1	0	3	1	0	0	3	0	0	0	2	0	0	0	0	1
ASV4976	1	3	0	2	0	0	1	2	1	1	1	0	0	0	2	0	0	0	0	0	1	0	0	1	1	0	0	1	1	2	0	2	1	0	1	0	3	2	1
ASV5015	0	1	2	2	1	2	1	0	0	0	0	0	0	0	0	0	0	0	0	2	1	0	0	0	2	1	2	1	1	0	0	1	1	0	1	0	3	0	0
ASV5199	0	0	1	3	0	2	0	0	0	4	0	0	0	0	0	0	0	0	0	2	0	0	0	1	0	4	2	3	1	0	0	0	1	0	1	4	0	0	0
ASV5242	2	4	1	2	0	0	1	0	0	0	0	0	1	0	0	0	0	1	1	2	0	1	0	1	1	1	0	1	1	3	1	0	0	0	0	0	7	0	0
ASV5340	1	0	1	0	0	0	1	0	0	1	0	1	0	0	1	0	1	0	0	0	0	1	1	0	2	1	0	0	1	2	2	3	1	0	3	0	3	4	1
ASV5618	1	1	0	1	1	1	1	0	1	0	0	0	0	0	0	0	0	0	0	0	0	0	0	1	2	0	0	1	2	0	0	0	1	1	2	0	4	7	0
ASV5767	0	3	4	0	0	2	1	1	1	1	0	0	0	0	0	0	0	0	2	2	2	0	1	0	1	2	2	1	1	0	0	0	0	0	0	0	1	2	0
ASV5796	0	1	1	1	1	1	1	1	0	2	1	0	1	0	0	0	0	1	1	1	0	0	0	1	0	1	1	5	0	2	1	0	0	0	0	0	0	1	0
ASV2287	0	1	0	0	0	1	0	0	0	0	0	0	0	0	0	0	0	0	0	0	0	0	0	0	0	0	0	1	0	0	0	0	0	0	0	21	0	0	0
ASV2322	0	1	0	0	0	0	0	1	1	0	0	0	0	0	0	0	0	0	0	1	0	0	0	1	1	0	0	0	1	0	0	0	0	3	4	10	0	0	0
ASV2457	0	0	5	2	2	1	1	3	0	0	0	0	0	0	0	1	0	0	0	1	0	0	1	1	3	0	0	0	0	0	0	1	0	0	2	0	0	0	0
ASV2506	1	3	2	1	2	2	0	1	1	0	0	1	1	0	0	1	0	0	3	0	0	0	1	0	1	0	2	0	0	0	0	0	1	0	0	0	0	0	0
ASV2598	0	0	0	0	0	1	0	0	0	1	0	0	0	0	0	0	0	1	4	0	4	2	3	0	1	0	1	0	0	4	1	0	0	0	0	0	0	0	1
ASV2601	9	4	1	0	0	0	0	0	1	1	0	0	1	0	0	0	0	0	0	2	0	0	0	0	2	3	0	1	4	0	0	0	0	0	1	0	0	0	0
ASV2613	0	4	1	1	0	1	1	2	0	1	1	1	0	0	0	0	0	0	0	0	0	0	0	2	1	3	1	2	4	0	0	0	0	0	0	0	0	0	0
ASV2684	0	2	3	1	1	0	1	0	1	0	1	0	0	0	0	0	0	0	0	2	1	0	0	1	1	0	1	2	3	0	0	1	0	7	2	0	0	0	0
ASV2752	1	0	0	0	0	0	0	0	0	0	0	0	0	2	0	1	1	0	0	0	0	0	0	0	0	0	0	0	0	0	0	3	2	0	0	7	11	3	1
ASV2753	3	0	1	1	0	0	0	0	0	0	0	0	0	0	1	0	2	2	2	2	0	2	3	2	2	0	0	1	0	2	2	0	0	0	0	0	0	0	0
ASV2760	1	0	0	1	0	1	0	0	0	2	0	0	0	0	0	0	0	0	0	0	0	0	0	0	1	0	0	0	1	0	0	0	2	5	1	8	0	0	1
ASV2799	0	0	0	1	1	1	0	0	0	4	0	0	0	0	1	1	0	1	1	2	0	5	2	1	1	0	0	1	0	1	2	2	0	0	0	0	0	0	0
ASV2829	0	3	1	1	1	1	3	0	1	0	0	0	0	0	0	0	0	0	0	3	0	0	0	1	1	0	1	2	1	0	0	0	1	1	0	0	0	1	1
ASV2846	0	0	0	0	0	0	0	0	0	0	0	0	0	0	0	0	0	0	0	0	0	0	0	0	0	0	0	0	1	0	0	0	10	5	2	11	2	0	0
ASV2874	0	4	1	1	0	2	1	1	0	2	0	0	0	0	0	0	0	0	0	4	0	0	0	1	2	2	3	2	2	0	0	0	0	0	0	0	0	0	0
ASV2875	0	2	0	0	1	0	0	0	0	1	0	0	0	0	0	0	0	0	0	0	0	0	0	0	0	0	0	0	0	0	0	8	4	8	3	0	1	0	0
ASV2902	0	1	2	0	0	2	1	0	0	3	0	0	0	0	0	0	1	1	0	0	0	1	0	1	0	3	0	1	0	0	0	0	0	0	0	2	0	0	0
ASV2903	1	0	0	0	0	0	0	0	0	1	0	0	0	0	0	0	0	0	0	1	1	0	0	0	0	0	1	0	0	0	0	6	1	5	1	0	3	9	2
ASV2959	5	1	0	1	0	1	1	0	0	5	0	1	0	0	0	0	0	0	0	0	0	0	0	1	1	0	3	1	0	1	0	0	0	0	0	0	0	4	1
ASV2972	1	3	0	0	0	2	1	0	0	4	0	0	0	0	0	0	0	0	0	2	0	0	0	0	2	0	0	1	0	0	0	0	1	0	1	0	1	0	0
ASV2988	0	3	2	0	1	0	0	0	0	0	0	0	0	0	0	0	0	0	0	1	0	1	0	2	1	0	1	0	0	1	0	6	0	2	3	0	2	3	2
ASV3009	0	0	1	0	0	1	2	0	0	1	0	0	0	0	0	0	0	0	0	0	0	0	0	2	0	0	1	0	0	0	0	7	4	4	3	1	1	0	0
ASV3027	0	0	0	0	0	0	0	2	0	0	0	0	0	0	0	0	0	0	0	0	0	0	0	0	0	0	0	1	0	0	0	2	0	1	4	0	1	6	11
ASV3031	4	1	0	0	0	0	0	1	0	0	0	0	0	0	0	0	0	0	0	2	0	0	0	0	0	2	0	1	1	0	0	0	3	1	1	9	0	2	0
ASV3080	0	0	0	0	0	0	0	0	0	0	0	0	0	0	0	0	0	0	0	0	0	0	0	0	0	0	0	0	1	0	0	6	8	2	1	5	2	4	1
ASV3094	7	1	1	3	0	2	2	1	0	3	1	0	0	0	0	0	0	0	0	1	1	0	0	0	1	0	2	1	1	0	0	0	0	0	0	0	0	0	0
ASV3108	2	0	0	0	0	0	0	0	0	0	0	0	0	0	1	0	0	0	0	0	0	0	0	1	0	2	1	0	1	0	0	2	9	2	0	3	4	2	1
ASV3306	1	1	0	0	0	0	0	0	0	1	0	0	0	0	0	0	0	0	0	1	0	0	0	0	0	0	0	0	0	0	0	6	0	3	3	5	8	0	0
ASV3321	2	2	2	2	0	1	0	1	0	1	0	0	0	0	0	0	0	0	0	0	0	0	0	2	1	2	2	0	2	0	0	0	0	0	0	6	0	0	0
ASV3336	6	1	1	0	1	1	1	2	0	0	1	0	0	0	0	1	0	0	0	0	1	0	0	2	1	0	2	0	0	0	0	0	0	3	0	0	0	1	0
ASV3354	0	1	1	1	0	0	0	0	0	2	0	1	2	1	2	0	0	0	1	2	0	0	0	3	1	2	0	2	0	0	1	0	0	0	0	0	0	0	3
ASV3372	0	1	2	2	0	3	2	1	2	1	0	0	0	0	1	0	0	0	0	1	0	1	0	3	1	1	0	4	1	0	0	0	0	0	0	3	1	0	0
ASV3385	2	0	1	0	0	1	0	2	0	0	2	0	0	0	0	0	2	0	1	0	3	1	1	1	1	0	1	1	0	0	1	1	0	0	1	0	0	0	0
ASV3432	0	1	0	1	1	0	1	1	0	0	0	0	1	1	0	0	2	1	2	0	1	0	0	0	0	0	1	0	0	0	0	0	0	0	0	0	1	7	0
ASV3453	2	5	0	0	1	1	1	0	0	0	1	0	0	0	0	0	0	1	0	0	0	0	0	2	1	0	0	1	2	0	0	1	1	5	0	4	1	0	0
ASV3457	1	0	2	0	1	1	1	0	1	0	0	0	0	0	0	0	0	6	1	1	2	1	0	0	1	0	0	1	0	0	1	0	0	3	2	0	0	1	0
ASV3464	0	1	0	0	0	0	0	0	0	0	0	0	0	0	0	0	0	0	0	0	0	0	0	1	0	0	0	0	0	0	0	1	14	2	2	5	3	1	0
ASV3465	0	0	0	0	0	0	0	0	0	0	0	0	0	0	0	0	0	0	0	0	0	0	0	0	0	0	0	0	0	0	0	1	4	1	1	21	2	1	0
ASV3524	2	1	0	0	0	0	0	1	0	0	0	0	0	0	0	0	0	0	0	0	0	0	0	0	2	0	0	0	2	0	0	1	2	2	4	2	3	0	0
ASV3607	0	2	1	0	0	1	1	0	2	0	1	1	4	0	0	0	1	0	0	2	0	0	1	0	0	1	0	0	0	1	2	0	0	0	0	0	0	0	0
ASV3786	1	1	1	2	0	1	0	0	0	1	0	1	1	0	0	4	3	2	0	3	1	0	0	0	1	1	1	0	0	1	0	1	0	0	0	0	4	0	0
ASV3830	2	0	1	1	0	1	0	2	0	1	0	0	0	0	0	0	0	0	0	0	1	0	0	2	1	1	2	0	2	0	0	2	0	0	2	2	0	5	0
ASV3855	0	2	0	1	0	0	2	0	0	0	0	0	0	0	0	0	1	0	0	0	0	0	2	0	0	0	0	0	0	0	1	0	9	3	3	3	1	0	1
ASV4020	0	1	1	2	0	1	0	0	1	1	0	1	1	1	0	1	0	0	0	0	1	1	2	0	0	0	1	1	1	2	0	1	0	1	1	0	0	0	1
ASV4026	2	4	1	0	0	2	1	1	1	1	0	0	0	0	0	1	0	1	0	2	0	0	0	4	0	2	1	0	0	0	0	0	0	0	0	0	0	0	0
ASV4047	1	3	2	2	2	2	1	0	0	4	1	2	0	1	0	0	0	1	0	1	0	0	0	1	0	0	1	0	2	1	0	0	0	0	0	0	0	0	0
ASV4052	0	1	1	1	1	0	1	0	0	2	0	0	0	0	0	0	0	0	0	1	0	0	1	1	0	2	1	0	0	0	0	2	2	4	4	0	0	1	1
ASV4086	0	0	0	0	0	0	0	0	0	0	0	0	0	0	0	0	0	0	0	0	0	0	0	0	0	0	0	0	0	0	0	1	7	3	1	5	2	13	1
ASV4087	4	0	1	0	0	2	0	0	1	0	0	0	1	0	2	1	0	0	0	0	2	1	0	0	2	1	0	1	0	0	1	0	0	2	0	0	0	0	1
ASV4092	9	2	1	0	0	0	0	3	0	0	0	3	1	1	0	0	0	0	0	1	0	0	0	1	3	0	1	1	0	0	0	0	0	0	0	0	0	1	0
ASV4135	1	1	1	1	0	1	2	1	0	1	0	0	0	0	0	0	0	0	0	0	0	0	0	2	1	1	2	0	0	2	0	3	0	1	1	0	0	4	1
ASV4185	0	1	1	0	1	0	0	0	1	1	1	1	0	0	1	0	0	0	0	2	0	0	0	0	1	1	1	0	0	0	0	1	1	1	1	0	9	3	1
ASV4218	1	1	0	1	0	0	0	0	0	0	0	0	0	2	0	0	0	0	0	0	0	0	0	0	0	0	2	0	0	0	0	2	8	3	1	3	4	6	0
ASV4224	2	1	1	0	2	2	3	0	0	1	1	0	3	0	0	1	1	2	0	2	0	1	0	0	0	1	0	0	0	2	0	0	0	0	0	0	0	1	1
ASV4228	0	0	0	0	1	0	1	0	1	0	0	0	0	0	0	0	0	0	0	0	0	1	1	1	2	0	0	0	0	0	0	0	0	0	0	0	0	1	17
ASV4362	0	2	0	1	1	2	0	0	0	1	0	0	0	0	0	0	0	0	0	1	0	0	0	2	2	1	1	0	3	1	0	0	6	2	1	3	0	0	0
ASV4444	4	2	0	0	1	1	0	0	0	4	0	0	0	1	0	0	1	2	0	2	1	1	1	0	0	1	0	0	0	0	2	0	0	0	0	0	0	4	2
ASV4551	1	1	1	0	1	0	0	1	0	0	0	0	0	0	0	0	0	1	0	0	0	1	0	1	0	0	0	1	2	0	0	3	2	1	1	1	0	11	2
ASV4559	0	1	2	1	0	0	0	0	0	1	0	1	0	0	0	0	2	0	2	1	0	2	0	1	0	3	0	0	0	0	1	1	0	0	1	0	5	4	1
ASV4587	5	0	1	0	2	0	0	0	0	2	1	1	0	0	0	1	0	1	1	1	0	2	0	0	1	1	2	2	1	1	0	0	0	1	0	0	0	1	0
ASV4625	0	2	1	2	0	0	0	0	0	0	0	0	1	0	0	0	0	0	0	4	0	0	0	0	2	1	0	0	0	0	0	1	17	3	0	0	0	0	0
ASV4716	2	2	1	1	0	0	0	0	1	0	0	0	0	1	0	0	0	0	1	4	0	0	0	1	1	0	2	1	0	0	0	0	0	1	2	4	0	1	0
ASV4792	0	1	0	0	0	0	0	0	0	0	0	0	0	1	0	0	1	0	2	16	0	1	1	0	2	0	0	0	1	0	0	0	0	0	0	0	0	0	0
ASV4851	0	1	1	0	1	0	1	0	0	1	1	0	1	0	1	1	1	1	0	2	2	1	1	0	1	1	1	1	1	2	3	0	0	0	0	0	0	0	1
ASV5056	5	0	1	1	0	0	0	0	0	0	0	0	0	0	0	0	0	0	0	1	0	0	0	1	0	0	0	0	1	0	0	4	3	2	2	2	2	1	0
ASV5076	1	1	2	1	0	0	2	0	0	0	0	0	0	0	0	1	0	0	0	2	0	0	0	3	0	5	0	0	0	0	0	0	1	5	2	5	0	0	0
ASV5159	0	0	1	0	1	0	0	2	0	1	0	0	0	0	0	0	1	0	0	2	0	1	0	1	1	2	0	1	0	0	0	3	3	3	0	2	1	1	0
ASV5287	1	2	1	1	1	1	0	0	0	0	0	0	0	0	1	0	0	0	0	1	0	0	0	1	2	2	0	0	1	0	0	4	4	0	2	0	1	1	0
ASV5436	4	2	1	1	1	1	0	0	1	1	0	0	0	0	0	0	0	0	0	2	0	0	0	2	2	3	1	2	0	0	0	1	0	0	0	0	0	1	0
ASV5444	1	2	1	0	2	0	1	0	0	1	0	0	0	0	0	0	0	0	0	4	0	0	0	3	1	3	0	0	1	0	0	0	0	1	2	2	0	0	0
ASV5605	0	2	1	0	0	0	1	0	0	5	0	0	0	0	0	0	0	0	0	1	0	0	0	1	1	2	1	0	0	0	0	0	1	0	0	9	0	0	0
ASV5808	5	8	0	2	0	0	0	0	0	5	0	0	0	0	0	0	0	0	0	2	0	0	0	1	1	2	2	1	1	0	0	0	0	0	0	0	0	1	0
ASV5926	1	5	1	0	0	0	0	0	0	0	0	0	0	0	0	0	0	0	0	1	0	0	0	0	2	0	0	0	0	0	0	3	5	0	6	2	0	0	2
ASV2386	1	2	1	2	1	1	0	1	1	3	2	0	0	0	0	0	0	0	0	3	1	0	1	1	0	0	1	3	2	0	0	1	0	0	1	0	0	3	0
ASV2444	0	0	0	0	0	1	0	0	0	2	0	0	0	0	0	0	1	1	0	0	0	0	0	0	0	0	0	0	0	0	0	1	8	7	3	4	0	0	0
ASV2577	0	0	0	0	0	0	0	0	0	1	0	0	0	0	0	0	0	0	0	0	0	0	0	0	0	0	0	0	0	0	0	0	0	0	0	22	1	0	0
ASV2616	0	0	0	0	0	1	1	0	1	0	0	0	0	0	0	0	0	1	1	0	0	3	0	0	0	0	0	0	0	0	2	1	12	1	0	2	1	2	0
ASV2641	0	0	3	0	0	2	0	1	1	2	1	1	0	0	0	0	0	0	0	3	0	0	0	0	1	1	1	0	0	2	0	0	0	1	0	0	0	0	0
ASV2669	0	2	0	0	0	0	1	0	0	3	0	0	0	0	0	1	0	0	0	0	0	0	0	0	0	0	0	0	0	0	1	1	3	5	2	1	1	3	0
ASV2717	0	0	0	0	0	1	1	0	1	3	0	0	0	0	0	0	1	0	1	2	0	0	0	0	2	2	0	2	2	0	0	1	0	1	2	0	0	2	1
ASV2747	0	1	2	2	1	0	0	0	0	1	0	0	0	0	0	0	0	0	0	2	0	0	0	1	1	0	0	0	1	0	0	3	0	1	1	0	0	7	0
ASV2754	1	4	1	0	0	1	0	0	0	0	0	0	0	0	0	0	0	0	0	0	0	0	0	0	0	0	1	0	0	0	0	4	2	2	3	2	1	4	0
ASV2770	1	0	0	0	0	1	0	0	3	0	0	0	0	0	0	0	0	0	0	0	1	0	0	0	0	0	0	1	1	1	0	0	2	4	2	2	1	0	0
ASV2787	0	1	1	1	1	0	1	0	0	1	0	0	0	0	0	0	0	0	2	1	1	1	3	0	0	0	0	0	1	2	4	0	0	1	0	0	0	2	0
ASV2796	0	0	0	0	0	0	0	0	0	0	0	0	0	0	0	0	0	0	0	0	0	0	0	0	0	0	0	0	0	0	0	0	16	5	5	0	0	0	0
ASV2806	1	1	1	0	0	0	1	0	0	0	1	0	0	0	0	0	0	0	0	0	0	1	0	1	0	0	2	1	1	0	0	0	3	0	1	2	7	3	0
ASV2814	2	3	1	0	0	1	2	2	1	1	0	0	2	0	0	1	5	0	2	0	0	0	0	0	1	0	0	0	0	1	0	0	0	3	0	0	0	0	0
ASV2823	1	0	1	1	0	1	0	0	0	0	0	0	0	0	0	1	0	0	0	0	0	0	0	3	0	3	2	0	0	0	1	1	0	2	2	0	2	5	0
ASV2907	2	1	0	0	0	1	0	1	0	1	0	0	0	0	0	1	0	0	0	0	0	1	0	0	1	0	0	0	0	0	0	2	1	2	2	3	1	10	0
ASV2911	10	1	3	1	0	0	0	0	0	0	0	0	0	0	0	1	0	0	0	0	0	0	0	3	4	2	0	0	0	0	0	1	0	0	0	0	0	2	0
ASV2912	0	0	1	0	0	0	0	1	0	1	0	0	0	0	0	0	0	0	0	0	0	0	0	0	1	1	1	1	1	0	0	0	0	0	0	0	0	23	1
ASV2993	0	0	0	0	0	0	0	0	0	0	0	0	0	0	0	0	0	0	0	0	0	0	0	0	0	1	1	0	0	0	0	5	3	2	0	0	8	8	0
ASV3004	3	1	1	1	0	0	1	0	0	1	1	0	0	0	0	0	1	0	0	2	1	1	0	0	0	1	3	1	0	0	1	0	0	2	0	0	0	4	0
ASV3068	0	2	1	0	4	1	2	0	0	0	0	1	1	0	0	1	0	1	1	0	2	1	0	1	0	0	0	0	0	2	1	0	0	0	0	0	0	0	1
ASV3074	0	0	0	0	0	0	0	0	0	0	0	0	0	1	0	0	0	0	0	0	0	0	0	0	0	0	0	0	0	1	0	1	9	4	2	7	0	0	1
ASV3113	5	0	1	1	1	0	0	0	0	0	0	0	0	0	0	0	0	0	0	0	0	0	0	0	2	0	0	0	0	0	0	0	0	0	9	2	0	0	3
ASV3125	0	0	0	0	0	0	0	0	0	0	0	0	0	0	0	0	0	0	0	0	0	0	0	0	0	0	0	0	0	0	0	0	0	0	0	29	0	0	0
ASV3147	6	1	0	0	2	1	3	0	1	0	4	3	0	0	0	1	0	3	0	0	0	0	0	0	0	0	0	0	0	0	0	0	0	0	0	0	0	0	0
ASV3159	4	3	3	0	1	0	1	0	0	4	0	0	0	0	0	0	0	0	0	0	0	0	1	3	2	1	2	1	0	0	0	0	0	0	0	0	2	1	0
ASV3160	2	1	1	0	0	0	0	0	1	1	1	0	0	0	0	0	1	0	0	2	0	0	0	2	2	1	0	1	1	0	0	1	0	0	2	0	0	2	0
ASV3211	1	1	2	1	0	2	0	0	0	0	0	1	0	0	1	0	0	0	0	0	0	0	1	0	1	4	2	1	1	0	0	2	0	3	2	3	0	2	0
ASV3213	1	1	0	0	0	0	0	0	0	0	0	0	0	0	0	0	0	0	0	1	0	0	0	1	0	1	1	0	0	0	0	4	2	4	5	0	3	2	1
ASV3235	0	1	0	0	1	1	3	0	0	1	1	1	0	0	1	0	1	0	1	0	0	0	0	5	1	0	2	1	2	0	0	0	0	0	0	0	0	1	0
ASV3259	6	2	1	2	0	1	0	0	0	1	0	0	0	0	0	0	0	0	0	1	0	0	0	2	0	0	3	0	0	0	0	1	0	0	3	0	0	5	0
ASV3280	0	0	1	1	0	0	2	0	0	1	0	0	0	0	0	0	0	0	0	0	0	0	0	1	1	0	0	1	0	0	0	6	2	3	0	1	0	6	0
ASV3303	5	0	1	0	1	1	0	0	0	2	0	0	0	0	0	0	0	0	0	2	0	0	0	0	1	2	1	2	2	10	0	0	0	0	0	0	0	0	0
ASV3332	6	0	0	0	1	2	0	0	0	0	2	1	0	1	1	1	0	0	0	0	2	1	0	0	0	2	0	1	0	0	1	0	0	0	0	0	0	0	0
ASV3357	4	0	0	0	0	0	0	0	1	0	0	0	0	0	0	0	0	0	0	0	0	0	0	0	0	0	0	0	0	0	0	13	0	6	1	0	1	2	1
ASV3396	1	4	2	1	0	0	1	1	0	0	1	0	0	0	0	0	0	0	0	0	0	0	1	0	2	1	0	2	1	0	1	0	0	1	0	2	0	1	0
ASV3419	0	1	1	1	2	2	2	0	1	2	0	1	0	0	0	0	0	0	0	2	2	0	0	2	2	1	3	1	1	0	0	0	0	0	0	0	0	0	0
ASV3487	0	2	0	3	2	1	1	1	0	2	1	0	0	1	1	0	0	0	0	1	0	0	0	0	2	1	2	0	5	0	0	0	0	1	0	0	0	1	0
ASV3493	7	2	0	2	3	0	1	0	0	2	0	0	0	0	0	0	0	0	0	1	0	0	0	0	0	0	3	0	0	2	0	0	0	0	0	0	0	2	0
ASV3536	0	0	2	0	0	0	1	0	0	1	0	0	0	0	0	0	0	1	0	4	0	0	0	2	1	1	1	1	0	0	1	0	1	0	2	5	0	1	0
ASV3561	3	1	0	2	0	1	0	0	0	1	0	0	0	1	0	0	0	1	1	1	0	0	0	1	1	1	0	0	2	0	0	0	0	0	3	0	2	3	0
ASV3612	1	1	2	1	0	0	0	1	0	0	0	0	0	0	0	0	0	0	0	3	0	0	0	3	0	2	2	0	1	0	0	1	5	3	1	0	1	0	0
ASV3750	0	3	2	1	0	2	0	0	0	3	0	0	0	0	0	0	0	0	0	3	0	0	1	0	0	3	1	2	0	0	0	0	0	1	0	0	0	0	0
ASV3798	3	4	3	1	0	0	0	1	0	0	0	0	0	0	0	0	0	0	0	1	0	0	0	0	0	0	0	0	1	0	0	0	0	1	1	2	5	2	0
ASV3828	3	0	1	0	0	0	0	0	0	0	0	0	0	0	0	0	0	0	0	0	1	0	0	0	0	2	0	0	0	0	0	2	0	0	5	0	2	14	0
ASV3894	2	1	0	1	0	1	1	1	0	3	0	0	0	1	0	0	0	0	1	0	0	0	0	1	0	1	0	0	0	0	0	0	3	0	1	0	10	1	1
ASV3898	2	0	1	1	0	2	0	0	0	0	0	0	0	0	1	0	0	0	0	0	0	0	0	0	0	0	0	0	0	0	0	0	2	2	5	11	0	0	0
ASV3918	5	4	2	1	1	2	0	0	0	0	0	0	0	0	0	0	0	0	0	2	0	0	0	1	1	1	0	0	1	0	0	0	0	0	0	2	0	1	1
ASV3960	4	2	2	0	1	1	3	0	0	1	0	0	0	1	0	0	2	0	0	0	0	0	2	3	0	0	3	0	0	0	2	0	0	0	0	0	0	1	0
ASV3985	2	0	0	0	1	0	1	0	0	1	0	0	0	0	0	0	0	0	0	3	0	1	0	1	0	0	0	0	0	0	0	1	5	1	1	7	0	2	3
ASV4102	2	1	1	0	0	2	0	0	2	2	0	0	0	0	0	0	1	0	0	2	0	0	0	1	1	1	1	1	2	0	0	1	4	1	1	0	0	0	0
ASV4179	1	0	0	0	1	0	0	0	0	0	0	0	0	0	0	0	0	0	0	1	0	0	0	1	0	0	0	0	0	0	0	10	2	1	3	1	4	2	0
ASV4294	0	3	3	1	2	2	0	0	0	5	0	1	0	0	0	0	0	1	0	0	0	0	0	3	2	1	1	0	1	0	0	0	1	0	0	1	0	0	1
ASV4348	1	1	3	1	1	1	1	0	0	3	0	1	0	0	0	0	0	1	0	0	0	0	0	2	2	3	0	1	0	0	0	0	4	1	0	0	0	0	0
ASV4420	0	0	0	0	0	0	0	0	0	1	0	0	0	0	0	0	0	1	0	0	0	0	0	0	0	0	0	0	0	0	0	4	5	3	1	0	2	11	2
ASV4430	0	4	1	0	0	0	0	0	1	2	0	0	0	0	1	0	0	0	1	4	0	2	0	2	1	4	2	0	0	1	1	0	0	0	0	0	0	0	0
ASV4487	0	1	1	0	0	1	3	1	1	0	0	1	4	2	0	1	0	0	1	0	0	0	0	1	1	0	1	0	1	1	0	0	0	2	3	0	2	0	0
ASV4696	2	0	1	1	1	0	0	1	0	4	1	0	0	1	1	0	0	0	0	1	0	0	0	1	1	1	0	1	1	0	0	1	0	1	1	2	0	0	0
ASV4787	0	1	3	1	0	1	0	3	0	2	1	0	0	0	0	0	0	0	0	1	1	0	0	0	0	1	2	2	1	0	0	1	1	0	1	1	0	1	1
ASV4804	0	0	0	0	0	0	0	0	0	0	0	0	0	0	0	0	0	0	0	0	0	0	0	0	0	0	0	0	0	0	0	11	2	4	3	6	0	0	0
ASV4805	2	1	4	3	2	2	1	1	0	0	0	0	0	0	0	0	0	0	0	2	0	0	0	3	3	1	1	0	0	0	0	3	0	0	0	0	0	0	0
ASV4830	1	2	2	1	1	2	3	1	0	1	0	1	0	0	0	0	0	1	0	2	0	0	0	4	0	1	2	1	0	0	0	0	1	1	1	0	0	2	0
ASV4938	0	2	0	2	1	0	1	3	1	2	2	0	0	0	1	0	0	1	0	0	0	0	0	0	0	0	1	2	1	1	0	2	0	0	0	0	1	0	0
ASV4986	2	0	0	1	2	1	0	0	0	0	0	0	0	0	1	0	0	0	0	0	1	1	2	1	1	1	1	0	0	0	0	2	3	3	2	0	2	1	1
ASV5079	1	2	0	1	0	3	1	3	0	1	0	3	0	0	0	0	0	0	0	0	0	0	0	0	1	1	2	2	1	5	0	0	0	0	0	0	0	0	0
ASV5103	2	3	1	0	1	2	0	1	0	1	0	0	1	0	0	0	0	0	0	2	0	1	0	1	1	1	0	0	2	0	1	4	0	2	0	0	0	3	1
ASV5129	3	3	1	1	1	0	1	0	1	1	0	0	0	0	0	2	1	1	0	1	0	0	0	0	1	4	0	3	0	0	0	1	0	0	0	0	0	0	0
ASV5145	8	1	1	1	0	1	0	1	0	0	0	0	0	0	0	0	0	0	0	0	0	0	0	0	1	1	0	0	1	0	0	1	0	1	0	0	0	3	4
ASV5369	2	1	1	0	1	0	0	1	1	0	1	0	0	0	0	0	0	0	0	3	0	0	0	3	0	0	0	0	2	0	0	1	2	0	1	3	0	0	0
ASV5397	1	2	3	0	1	0	0	0	0	1	0	0	0	0	0	0	0	0	0	1	0	0	0	2	0	2	3	3	1	0	1	0	0	0	0	2	1	0	0
ASV5426	2	0	0	0	0	1	1	0	0	0	0	0	0	0	0	0	0	0	0	0	0	0	0	1	0	1	0	1	0	0	0	3	7	1	2	0	5	9	1
ASV5567	1	0	0	1	0	0	0	0	1	1	0	0	0	0	0	0	0	0	0	0	0	1	0	0	0	0	1	1	0	0	0	7	4	1	1	1	0	8	0
ASV5571	0	1	0	0	0	3	0	0	1	2	0	0	0	1	0	0	0	0	0	1	0	0	0	1	0	0	1	0	0	0	0	3	0	2	0	1	0	8	1
ASV2679	4	1	3	0	1	0	0	0	0	2	0	0	0	0	0	0	3	0	0	1	0	0	0	1	0	0	2	3	0	1	0	0	0	0	0	0	0	0	0
ASV2683	0	1	0	0	0	1	0	1	0	1	0	0	0	0	0	0	0	0	0	0	0	0	0	0	0	0	0	0	0	1	0	0	4	2	7	11	0	0	0
ASV2700	0	4	0	1	0	1	0	3	0	2	1	0	0	0	0	0	0	0	0	4	0	0	0	2	1	1	2	1	0	0	0	0	0	0	0	1	0	0	0
ASV2720	1	4	1	1	0	0	1	0	0	5	0	0	0	0	0	0	0	0	0	1	1	2	0	4	1	1	0	0	0	1	1	0	0	0	0	0	0	1	1
ASV2727	0	0	0	0	2	0	1	0	0	0	0	0	0	0	0	0	0	0	0	0	0	0	0	0	1	0	0	1	0	0	0	1	0	1	3	0	0	23	0
ASV2740	4	4	2	1	0	0	0	1	0	1	0	0	1	0	0	1	0	0	0	3	0	0	1	1	1	0	1	1	2	0	0	0	0	0	0	0	2	0	0
ASV2775	3	0	0	0	0	1	0	0	0	0	0	0	0	0	0	0	0	0	0	2	1	0	0	0	0	0	0	1	0	0	1	4	4	4	1	0	0	0	1
ASV2790	11	2	0	0	1	0	2	0	0	0	0	0	0	0	0	0	0	0	0	4	0	0	0	1	2	1	0	0	1	0	0	0	0	0	0	0	3	0	0
ASV2828	1	3	2	0	3	0	2	0	1	1	0	0	0	0	0	0	0	0	0	3	0	0	0	2	0	2	3	0	2	0	0	0	0	0	0	0	0	0	0
ASV2832	7	3	0	1	0	0	0	0	0	2	0	0	0	0	0	0	0	0	0	0	0	0	0	2	2	1	2	0	0	0	0	0	0	0	4	4	0	0	0
ASV2888	0	4	0	0	0	0	0	0	2	1	0	0	0	0	0	0	0	0	1	1	0	0	0	2	1	2	0	0	0	0	0	0	0	1	1	0	0	6	0
ASV2957	2	2	1	1	0	0	0	0	2	0	0	0	0	0	1	1	0	1	3	2	1	1	0	0	0	0	0	0	1	1	1	0	0	1	2	0	0	3	0
ASV2976	3	1	1	0	0	1	1	2	0	0	0	0	0	0	0	0	0	0	0	1	0	0	0	1	1	0	0	0	2	0	0	1	5	1	0	1	3	1	0
ASV2989	1	1	0	0	0	1	0	0	0	2	0	1	0	0	0	0	0	0	1	1	2	2	0	0	0	0	3	1	0	0	0	1	0	0	1	0	0	0	1
ASV3026	2	2	1	0	1	1	2	0	1	0	0	0	0	0	0	0	0	0	0	9	0	0	0	3	0	1	0	0	0	0	0	0	0	1	0	0	0	0	1
ASV3034	2	1	0	1	1	0	1	2	0	0	1	0	0	1	0	0	0	0	0	0	0	2	0	1	0	0	1	0	0	0	0	3	0	2	3	0	0	5	0
ASV3044	10	2	1	0	1	0	1	0	0	2	0	1	0	0	0	0	0	0	0	1	0	0	0	2	0	1	1	1	0	5	0	0	0	0	0	0	0	1	0
ASV3063	0	0	2	0	0	0	0	1	0	0	2	0	0	0	0	1	0	0	2	0	1	2	2	1	1	1	0	0	0	2	3	1	0	0	1	1	0	0	1
ASV3098	0	3	1	0	0	0	1	0	1	2	0	0	0	0	0	0	1	0	0	3	0	0	0	1	1	1	1	1	1	0	0	0	0	0	0	0	0	11	0
ASV3133	4	0	1	0	0	0	4	1	0	1	0	0	1	0	1	1	3	1	0	0	1	0	1	1	0	0	2	2	0	0	0	1	0	0	0	0	0	0	1
ASV3208	2	1	2	1	1	0	0	0	0	2	0	2	0	0	0	1	0	1	0	2	0	0	1	1	3	4	1	0	1	0	1	0	0	0	0	0	0	1	0
ASV3261	0	0	0	1	0	0	0	0	0	0	0	0	0	0	0	0	0	0	0	1	0	0	0	0	0	0	1	0	0	0	0	0	1	7	11	3	2	1	0
ASV3296	1	2	0	1	0	0	2	0	0	0	0	0	0	0	0	1	0	0	0	1	0	2	0	0	1	1	0	0	1	0	1	1	0	1	0	0	0	13	0
ASV3320	3	3	0	2	0	1	1	0	0	0	0	0	1	0	1	0	0	0	0	0	0	0	1	2	0	2	0	1	0	0	1	0	0	0	0	0	0	11	0
ASV3346	3	4	1	0	0	0	0	0	1	0	0	1	1	0	0	1	0	4	1	2	1	1	0	0	0	1	0	1	0	0	1	0	0	1	0	0	0	0	0
ASV3356	1	2	0	0	1	1	1	1	0	0	0	0	0	0	0	0	2	0	2	0	2	2	2	2	1	0	0	0	0	0	2	0	0	1	3	0	0	0	0
ASV3361	2	2	1	0	1	2	2	0	0	1	0	0	0	0	0	0	0	0	0	1	0	0	0	3	4	0	4	1	0	0	0	0	0	0	0	0	0	0	0
ASV3393	0	1	1	0	0	1	1	2	0	0	0	0	1	1	1	0	2	0	0	0	1	1	0	1	2	1	3	0	2	0	0	0	0	0	0	0	0	0	0
ASV3437	3	0	0	0	1	1	0	2	1	0	0	0	0	0	0	0	0	0	0	0	0	0	0	0	1	0	1	1	0	0	0	0	0	0	0	0	0	11	4
ASV3466	0	1	0	1	0	0	0	0	0	0	0	0	0	0	0	0	0	0	0	0	1	1	0	0	1	0	0	0	0	0	0	6	3	3	2	0	2	9	1
ASV3468	1	0	0	0	0	0	0	0	0	0	0	0	0	0	0	0	0	0	0	0	0	0	0	0	0	0	0	0	0	0	0	0	2	5	1	0	13	0	0
ASV3470	0	4	1	0	0	0	0	0	0	0	0	0	0	0	1	0	0	0	0	2	0	0	0	3	0	2	1	1	0	0	0	0	0	1	2	4	0	0	0
ASV3478	4	0	0	2	0	1	1	0	0	4	0	0	0	0	0	0	2	2	1	2	1	0	0	2	0	0	0	0	0	2	0	0	0	0	0	0	0	1	0
ASV3498	0	0	0	0	0	0	0	0	0	0	0	0	2	0	1	1	3	0	3	0	3	7	0	0	0	0	0	0	0	0	0	0	0	0	0	0	0	0	1
ASV3509	0	0	0	0	0	0	0	0	0	0	0	0	0	0	0	0	0	0	0	0	0	0	1	0	0	0	0	0	0	0	0	0	0	0	0	0	0	1	21
ASV3556	1	0	2	1	1	1	0	0	1	1	0	0	0	0	0	0	0	0	0	2	0	0	0	2	1	3	1	0	2	0	0	0	0	0	0	0	0	0	5
ASV3598	3	3	0	3	0	2	1	0	0	1	1	0	0	0	0	0	0	0	1	1	0	1	0	2	2	4	1	1	0	0	0	0	0	0	0	0	0	0	0
ASV3681	0	0	0	4	1	0	0	0	0	0	0	1	0	0	0	0	1	0	2	0	1	0	0	0	0	1	1	1	0	0	1	2	0	5	1	0	0	1	0
ASV3685	0	0	1	0	0	2	1	2	2	1	2	3	0	0	0	0	0	0	0	0	0	2	0	0	0	1	0	1	0	0	0	0	0	0	0	0	0	1	0
ASV3709	1	0	2	2	2	1	2	2	0	0	0	0	0	0	0	0	1	0	0	0	0	0	0	1	0	5	3	0	4	0	0	0	0	0	0	0	0	0	0
ASV3715	0	2	0	0	0	2	1	0	0	2	0	0	0	0	0	0	0	0	0	2	0	0	0	1	1	0	0	0	1	0	0	0	0	0	1	9	0	0	0
ASV3762	3	0	1	0	0	0	0	0	0	0	0	0	0	0	0	0	0	0	0	1	0	0	0	0	0	0	0	0	0	0	0	11	4	3	3	0	2	0	0
ASV3799	0	0	1	3	0	0	0	1	2	0	0	0	0	0	0	0	0	1	1	0	1	5	1	0	1	0	0	0	0	0	2	6	0	3	1	0	0	1	0
ASV3887	4	1	1	1	0	1	0	0	0	1	0	0	0	1	0	0	0	0	0	1	0	0	0	3	1	1	1	2	1	0	0	0	0	0	0	1	0	0	0
ASV4018	1	2	2	1	0	0	0	1	2	1	0	0	0	1	1	0	0	0	0	0	1	0	0	1	1	1	0	1	1	0	0	0	0	2	0	0	0	0	1
ASV4042	2	0	0	0	0	0	0	0	1	0	0	0	0	0	0	1	1	2	0	1	3	3	1	0	0	1	0	1	0	3	2	0	0	0	0	0	0	0	0
ASV4061	2	0	0	3	0	2	1	0	0	1	0	0	0	0	0	0	0	0	0	1	0	0	0	0	1	1	0	0	1	0	0	2	7	3	4	0	1	0	0
ASV4165	6	3	2	2	0	1	0	0	2	0	0	0	0	0	0	0	0	0	0	1	0	0	0	0	2	0	2	1	2	0	0	0	0	0	1	0	0	0	0
ASV4203	3	0	0	0	1	0	0	0	0	1	0	1	0	1	0	0	2	2	0	1	1	0	0	0	2	0	2	1	2	0	0	0	0	0	0	0	0	2	1
ASV4245	1	0	0	0	1	3	1	0	0	0	0	0	1	0	0	0	1	0	0	0	0	0	1	0	0	1	1	1	2	0	0	4	3	3	0	1	1	2	0
ASV4344	4	0	0	1	0	2	0	2	0	2	0	0	0	1	0	0	0	0	0	3	0	1	0	1	0	0	1	1	0	0	0	0	0	3	1	0	0	2	0
ASV4346	0	3	1	0	1	0	0	0	0	0	0	0	0	0	0	0	0	0	0	0	0	0	0	0	1	0	0	1	0	0	0	3	0	5	3	6	1	0	0
ASV4359	1	1	0	1	0	1	1	1	0	0	0	0	0	1	0	0	0	0	1	2	0	0	0	1	0	1	1	1	0	0	0	1	0	0	2	1	0	4	0
ASV4364	2	0	0	0	0	0	0	1	2	1	1	0	2	0	1	0	1	2	0	0	0	0	1	2	1	1	1	0	1	1	1	0	1	0	0	0	0	0	0
ASV4455	0	1	0	3	0	4	2	1	0	0	0	0	1	1	0	0	0	0	1	0	0	1	0	2	2	3	0	1	1	0	0	0	0	1	1	0	0	0	0
ASV4457	10	0	1	0	0	2	0	0	0	2	0	2	0	0	1	0	0	0	0	0	0	1	0	0	1	0	1	0	0	0	0	0	0	0	0	0	0	4	0
ASV4463	0	4	2	0	1	2	0	2	0	0	0	0	0	0	0	0	0	0	2	2	0	0	0	1	3	0	1	0	0	0	1	0	0	0	0	1	0	2	0
ASV4605	0	0	0	0	1	1	1	1	0	0	0	1	1	2	4	0	1	1	1	1	1	1	1	1	0	1	0	1	3	2	0	0	0	0	0	0	0	0	0
ASV4708	0	2	1	2	0	0	1	1	0	0	0	0	0	0	0	0	0	0	0	0	0	0	0	0	0	1	2	1	0	0	0	3	0	5	1	4	0	1	0
ASV4710	2	1	0	0	0	0	0	0	0	0	0	0	0	2	0	0	2	2	3	0	2	4	1	0	1	0	0	0	0	3	0	3	0	0	1	0	0	0	1
ASV5155	5	1	0	0	1	0	0	0	0	0	0	0	0	0	0	0	0	0	0	1	0	1	0	4	3	0	1	0	0	1	0	0	0	0	2	0	1	2	2
ASV5238	1	1	0	1	0	3	1	0	2	0	0	0	0	0	0	0	1	0	1	1	2	2	2	2	2	0	2	1	0	0	0	0	0	0	3	0	0	0	0
ASV5389	0	0	2	1	0	0	0	0	0	2	0	0	1	0	0	0	0	0	0	0	0	0	0	0	0	1	0	1	0	0	0	6	0	6	3	0	4	2	0
ASV5528	0	3	0	1	0	1	6	0	0	2	0	0	0	1	0	0	1	0	0	2	0	1	0	0	0	2	2	0	0	0	0	1	0	0	1	1	0	1	1
ASV5617	2	1	1	3	1	1	0	1	0	2	1	0	0	0	0	1	0	0	0	1	0	0	0	1	0	0	1	0	0	0	1	1	0	1	2	2	2	0	0
ASV5712	0	0	1	0	1	4	0	0	3	1	2	1	0	0	0	0	0	0	0	3	1	0	0	0	1	1	0	2	1	1	0	0	0	0	0	0	0	0	0
ASV2330	2	0	0	0	0	0	1	0	0	0	0	0	0	0	0	0	0	0	0	0	0	1	6	1	0	1	0	0	0	1	11	0	0	0	0	2	0	0	0
ASV2426	4	3	0	0	0	0	0	0	0	0	0	0	0	0	0	0	0	1	0	0	0	1	0	0	1	1	0	0	1	0	0	3	2	0	0	0	0	9	1
ASV2465	1	2	1	0	0	1	0	0	0	0	0	0	1	0	0	0	0	0	0	1	0	0	0	2	0	2	3	0	4	0	0	0	0	0	3	0	0	0	0
ASV2549	0	0	1	0	1	0	0	0	0	2	0	0	0	0	0	0	0	0	0	2	0	1	0	0	1	0	1	0	1	0	0	0	3	2	3	8	0	0	0
ASV2631	1	1	3	0	0	0	4	1	2	1	0	0	0	0	0	0	0	1	0	1	0	0	0	0	0	1	0	0	1	0	0	0	0	0	0	2	0	0	0
ASV2667	2	1	2	2	0	1	0	1	0	1	0	0	0	0	1	1	0	0	1	1	0	0	1	2	3	0	2	0	0	0	0	2	1	0	1	0	0	4	0
ASV2677	1	5	1	1	2	0	0	0	0	2	0	0	0	0	0	0	1	0	0	0	0	0	0	2	0	1	0	1	0	0	0	6	0	3	2	0	0	0	0
ASV2692	0	0	0	0	0	0	0	0	0	0	0	0	0	0	0	0	0	0	0	0	0	0	0	0	0	0	0	0	0	0	0	2	7	3	2	8	1	4	0
ASV2726	0	1	0	1	2	0	1	0	0	1	0	0	0	0	0	0	0	0	0	0	0	0	0	1	1	0	0	0	1	0	0	2	0	2	3	0	0	0	2
ASV2849	0	0	0	1	0	0	0	0	0	0	0	0	0	0	0	0	0	0	0	0	0	0	0	0	1	1	0	1	1	0	0	6	3	2	0	2	0	7	2
ASV2891	8	0	0	0	0	0	0	0	1	2	0	0	0	0	0	0	0	0	0	2	0	0	0	1	0	0	1	0	0	0	0	0	0	0	2	0	0	4	0
ASV2987	1	2	1	1	1	1	0	0	1	0	1	0	0	0	0	1	0	0	1	1	0	1	2	1	0	0	4	2	0	0	1	0	0	0	1	0	0	1	0
ASV3011	4	1	0	0	0	1	0	2	0	0	0	0	0	0	0	0	0	0	0	1	1	0	1	3	1	1	0	0	0	0	0	1	0	1	1	0	0	6	0
ASV3057	0	1	1	1	5	0	2	1	1	0	0	1	0	0	1	0	1	0	0	0	0	1	0	0	0	0	0	1	0	0	1	0	0	0	0	0	0	0	0
ASV3073	1	0	0	0	0	1	0	0	0	0	0	0	0	0	0	0	0	0	0	0	1	0	0	0	0	0	0	0	0	0	0	0	0	5	3	14	0	0	0
ASV3104	4	2	0	0	1	1	0	1	0	0	0	1	0	2	1	0	1	1	3	1	1	1	0	2	0	0	0	0	1	0	1	0	0	0	1	0	0	0	0
ASV3115	1	2	0	1	0	0	0	1	0	2	0	0	1	1	2	1	1	0	0	0	1	0	2	3	1	1	1	0	0	0	0	1	0	0	0	0	0	1	0
ASV3132	0	0	0	0	0	0	0	0	0	0	0	0	0	0	0	0	0	0	0	0	0	0	0	0	0	0	0	0	0	0	0	2	7	7	3	1	6	0	0
ASV3162	0	1	0	2	2	0	0	0	0	0	0	0	0	1	0	1	1	0	0	3	0	0	2	3	1	2	1	0	1	0	1	0	0	0	1	0	0	0	0
ASV3166	1	3	0	0	1	0	1	0	1	3	1	0	0	0	0	1	0	0	0	0	0	0	0	2	3	5	0	0	0	0	0	0	0	0	0	0	0	0	0
ASV3185	1	2	3	1	2	1	1	3	0	1	0	1	0	0	0	0	0	0	0	1	0	0	0	1	1	2	2	1	0	0	0	0	0	2	0	0	0	1	0
ASV3249	0	0	0	0	0	0	0	0	0	0	0	0	0	0	1	0	3	4	6	0	4	3	0	0	0	0	0	0	0	0	1	0	0	0	0	0	0	0	0
ASV3257	0	2	0	0	0	0	0	0	0	5	0	0	0	0	0	1	0	0	0	1	0	0	0	2	0	1	1	1	0	0	0	1	2	0	0	1	2	0	0
ASV3267	0	0	1	1	1	1	0	2	2	0	0	0	0	2	0	1	1	4	0	0	0	2	0	1	3	1	1	0	2	2	0	0	0	0	1	0	0	0	0
ASV3268	1	2	3	0	1	0	1	0	3	0	0	1	0	0	0	0	0	0	0	0	0	0	0	1	0	1	0	0	0	0	0	0	0	2	4	0	0	0	0
ASV3335	3	0	0	0	0	1	0	1	2	0	1	0	0	4	2	2	2	0	0	0	1	0	0	0	1	0	2	0	1	0	0	0	0	0	1	0	0	0	0
ASV3337	1	6	0	1	3	0	0	0	0	0	0	0	0	0	0	1	0	0	0	1	0	0	1	2	1	1	0	0	1	0	0	1	0	2	0	0	1	1	1
ASV3391	0	2	1	1	1	3	0	0	1	0	0	0	0	0	3	0	1	0	0	2	0	0	3	2	1	4	1	0	1	0	0	0	0	0	1	0	0	0	1
ASV3494	0	0	0	0	0	0	0	0	0	0	0	0	0	0	0	0	0	0	0	0	0	0	0	0	0	0	0	0	0	0	0	7	1	0	1	0	16	0	0
ASV3502	1	3	2	0	0	0	1	0	0	3	0	0	1	0	0	0	1	0	0	0	0	0	2	1	2	2	0	2	0	0	0	3	0	1	0	2	1	0	0
ASV3519	2	1	0	0	0	0	0	0	0	0	0	0	0	0	0	0	0	0	0	1	0	0	0	1	1	1	0	0	1	0	1	5	6	2	0	0	0	3	0
ASV3527	4	0	0	0	0	0	0	0	0	0	0	0	0	0	0	0	0	0	0	1	0	0	0	3	0	0	0	1	0	0	0	2	5	0	1	0	5	3	0
ASV3549	1	0	0	0	0	0	0	0	1	0	1	0	0	0	0	1	7	0	5	0	4	2	0	0	1	0	1	0	0	0	1	0	0	0	0	0	0	2	0
ASV3620	0	0	0	0	1	0	0	0	0	0	0	0	0	0	0	0	0	0	0	0	0	0	0	0	0	0	0	0	0	0	0	1	9	2	3	1	9	1	0
ASV3675	6	3	1	0	2	0	1	0	0	1	0	3	0	0	3	0	0	0	1	2	0	1	0	1	0	1	0	0	1	0	0	0	0	0	0	0	0	0	0
ASV3691	0	0	0	0	0	0	0	0	0	0	0	0	0	0	0	0	0	0	0	0	0	0	0	1	0	0	0	0	0	0	0	0	0	1	10	14	0	0	0
ASV3692	0	0	2	2	2	0	0	0	0	1	1	0	0	0	0	0	0	0	0	2	0	1	0	0	0	3	2	0	2	0	0	1	0	2	5	0	2	0	0
ASV3695	7	3	0	0	1	0	1	0	0	2	0	0	0	0	0	1	0	0	0	1	0	1	1	1	2	3	0	1	0	0	3	0	0	0	0	0	0	0	0
ASV3803	2	0	0	0	0	1	1	0	0	0	0	0	0	0	0	0	0	0	0	0	0	1	1	1	1	1	0	0	0	1	0	2	1	3	4	0	1	6	0
ASV3829	1	1	1	1	1	0	1	0	0	0	1	0	0	0	1	1	0	0	1	3	0	0	0	4	3	2	1	2	0	0	0	0	0	0	0	0	0	0	1
ASV3867	3	0	3	0	0	1	1	0	0	0	0	0	0	0	0	0	0	0	1	0	0	0	0	0	0	1	0	0	0	0	0	2	2	1	1	2	4	5	0
ASV3872	0	2	1	1	0	0	0	0	0	1	0	0	0	0	0	1	0	0	0	1	0	0	0	3	1	2	1	0	2	0	0	4	2	0	1	0	1	2	0
ASV3875	0	0	0	0	0	0	0	0	0	0	0	0	0	0	0	0	0	0	0	0	0	0	0	0	0	0	0	1	0	0	0	6	0	0	0	0	22	0	0
ASV3920	1	4	0	1	0	0	0	0	2	1	1	1	0	0	2	1	1	0	3	0	1	0	0	0	0	1	0	0	0	2	1	0	0	0	0	0	2	0	0
ASV3924	6	1	0	0	0	0	1	0	0	1	0	0	1	0	0	1	0	0	0	0	0	0	0	0	1	0	0	0	0	0	0	5	5	1	0	0	1	3	0
ASV4034	2	1	3	0	0	0	0	1	0	0	0	0	0	1	1	1	2	0	1	1	0	0	0	0	1	1	1	0	0	0	0	1	0	1	2	0	0	5	0
ASV4038	0	0	0	3	0	0	0	1	0	2	0	0	1	0	0	0	0	0	1	5	0	0	0	2	0	1	1	1	1	1	0	0	0	1	1	0	0	1	1
ASV4044	3	2	0	0	0	0	0	0	0	0	0	0	0	0	0	1	0	0	0	1	0	0	0	0	0	1	0	0	0	0	0	0	3	2	4	9	0	0	1
ASV4076	0	0	0	0	0	0	0	0	0	1	0	1	0	0	0	0	0	1	1	1	0	2	0	1	0	0	0	1	2	0	0	2	0	0	0	0	0	3	0
ASV4103	1	0	1	0	0	3	0	1	0	1	0	0	0	0	0	0	0	0	0	3	0	0	0	1	0	2	0	0	1	0	0	2	0	0	4	1	1	5	0
ASV4163	1	1	0	0	0	0	0	1	0	0	0	1	0	1	1	0	0	0	0	0	1	0	0	0	0	0	0	0	0	0	1	4	0	2	4	0	0	6	2
ASV4260	1	1	0	0	0	0	0	0	0	0	0	0	0	0	0	0	0	0	0	1	0	0	0	0	1	0	0	0	1	0	0	0	14	0	0	0	0	1	1
ASV4292	1	1	0	1	1	1	1	2	1	0	0	0	0	0	0	0	0	0	0	1	1	0	1	1	1	0	1	1	2	0	0	1	1	2	0	1	0	0	0
ASV4394	3	0	0	1	0	1	0	0	1	3	0	0	1	1	0	0	2	2	1	0	0	2	1	0	1	1	2	0	0	0	0	0	0	0	0	0	0	6	0
ASV4450	0	3	0	0	0	2	0	0	0	1	0	1	0	0	0	0	0	0	0	3	0	0	0	0	1	1	1	3	2	1	0	1	1	0	1	0	0	0	0
ASV4473	0	0	1	1	2	1	4	0	0	1	3	1	0	0	0	0	1	0	1	0	0	1	0	1	2	1	1	1	2	0	0	0	0	0	0	0	0	0	1
ASV4571	0	1	0	0	2	0	1	1	3	0	1	0	0	0	0	0	0	0	0	1	0	2	0	1	1	0	1	1	0	0	0	3	0	6	1	0	0	1	1
ASV4679	0	1	3	0	0	3	0	2	1	0	0	0	0	0	0	0	0	0	0	1	0	1	0	3	1	3	2	0	0	0	0	0	0	2	0	0	0	0	0
ASV4757	0	0	3	0	0	0	1	1	1	2	0	1	1	1	0	0	0	0	1	2	0	0	1	1	0	0	0	0	0	1	1	1	1	3	2	0	0	4	0
ASV4791	5	1	0	0	0	0	0	1	0	1	0	0	0	0	0	1	1	0	0	0	0	0	0	0	2	0	0	0	0	2	0	4	0	1	3	0	1	2	1
ASV4839	0	0	0	5	3	1	1	0	0	1	0	0	0	0	0	0	0	0	0	1	1	0	0	3	1	0	0	2	3	0	1	0	0	0	0	0	0	0	0
ASV4852	1	2	2	1	1	1	1	1	1	1	1	0	0	0	0	0	0	0	0	1	0	0	0	0	1	2	1	0	1	0	0	0	0	0	0	0	0	4	0
ASV4912	3	1	0	0	1	0	0	1	0	1	0	0	0	0	0	0	0	0	2	1	1	1	0	2	0	2	0	2	0	2	0	0	1	0	0	0	1	5	0
ASV4980	2	4	1	1	0	0	0	0	0	3	0	0	0	0	0	0	1	0	1	2	0	0	1	0	1	1	0	0	1	0	0	0	0	0	1	0	1	2	0
ASV5021	0	4	1	3	1	1	1	0	0	2	0	0	0	0	0	0	0	0	0	2	0	0	0	3	0	0	0	1	1	0	0	1	0	0	0	1	0	0	0
ASV5070	4	0	0	0	0	0	0	0	0	0	1	0	0	1	0	1	0	2	0	0	1	1	2	0	0	0	0	0	0	2	1	1	1	0	1	0	0	5	1
ASV5075	6	0	0	1	0	0	3	0	0	1	0	0	0	0	0	0	0	0	0	1	0	0	0	0	0	0	1	0	0	0	0	2	0	0	0	0	1	11	1
ASV5143	1	2	1	1	1	1	0	1	0	1	2	3	0	0	0	0	2	2	0	0	0	0	0	2	1	0	0	1	3	0	0	0	0	0	0	0	0	0	0
ASV5169	1	1	0	0	1	2	1	1	0	1	0	0	1	0	0	0	0	0	0	1	0	0	0	3	0	4	0	1	0	0	0	1	0	0	3	7	1	0	0
ASV5260	0	1	0	3	1	2	3	1	1	0	0	0	0	0	0	0	0	0	0	1	0	0	1	2	5	1	3	2	2	0	0	0	0	0	0	0	0	0	0
ASV5420	2	0	0	1	0	0	0	1	0	1	0	0	0	0	0	0	0	0	0	1	0	1	0	1	2	1	0	2	0	0	0	2	3	2	1	2	0	1	1
ASV5450	0	0	0	0	0	0	0	1	0	1	1	0	0	1	0	2	0	2	0	2	0	0	0	2	1	0	1	1	2	1	1	4	0	2	2	0	0	1	0
ASV5595	0	1	0	0	0	0	0	1	0	0	0	0	0	1	1	0	2	1	1	0	2	1	1	0	0	0	0	0	0	3	2	0	0	0	0	0	0	0	0
ASV5601	0	0	0	0	0	0	0	0	0	0	0	0	0	0	0	0	0	0	0	0	0	0	0	0	0	0	0	0	0	0	0	0	26	0	2	2	0	0	0
ASV5616	2	2	1	0	1	0	1	1	0	2	0	0	0	0	1	0	1	0	0	1	0	1	1	0	0	0	1	1	0	0	2	0	0	0	3	0	1	1	0
ASV5740	0	1	0	0	0	0	0	0	0	0	0	0	0	0	0	0	0	0	5	0	0	9	1	0	0	1	0	0	0	6	0	1	0	0	0	1	0	0	0
ASV5781	0	1	0	0	0	1	2	1	0	0	0	0	0	0	0	0	0	0	0	0	0	0	1	0	0	0	0	1	2	0	1	1	1	4	1	0	2	2	2
ASV2589	0	1	0	0	0	0	0	0	0	0	0	0	0	0	0	0	0	0	0	0	0	0	0	0	0	0	0	0	0	0	0	0	0	5	0	14	0	0	0
ASV2607	0	0	0	0	1	0	0	1	2	1	0	0	0	1	0	1	0	1	0	1	0	1	1	1	1	0	0	0	0	0	1	1	0	0	4	0	0	4	0
ASV2643	3	2	1	0	0	2	1	0	0	3	1	0	0	0	1	0	0	0	0	0	0	0	0	0	0	3	0	0	1	0	0	2	0	1	0	0	0	0	1
ASV2650	1	1	0	2	0	1	0	1	0	1	0	0	0	0	0	0	0	0	0	3	0	0	0	2	4	2	2	1	0	0	0	0	0	0	0	0	0	0	0
ASV2652	1	4	2	1	0	1	0	0	1	0	0	0	0	0	0	0	0	0	0	1	0	0	0	3	1	2	2	2	0	0	0	0	0	0	0	0	0	0	0
ASV2696	3	0	1	0	0	1	0	1	0	3	0	0	0	0	0	0	0	0	0	0	0	0	0	2	0	1	2	1	0	0	0	0	0	1	2	5	0	0	0
ASV2824	2	1	1	0	0	0	0	1	0	1	3	1	0	0	0	2	0	1	3	0	1	1	1	1	2	0	0	1	0	2	2	0	0	0	0	0	0	0	0
ASV2941	0	0	0	0	0	0	0	0	0	0	0	0	0	0	0	0	0	0	0	0	0	0	0	0	0	0	0	0	0	0	0	0	8	0	4	15	1	0	0
ASV2947	3	1	0	0	0	0	0	0	0	0	0	0	0	0	0	0	0	0	0	0	0	0	0	0	0	0	0	0	0	0	0	0	4	2	3	10	0	6	0
ASV2990	2	1	0	0	1	1	0	0	0	2	0	0	0	0	0	0	0	0	0	0	0	0	0	1	0	0	2	0	0	0	0	5	0	5	0	0	1	5	2
ASV3039	0	0	0	0	0	0	0	0	0	1	0	1	0	0	1	0	1	5	0	0	5	1	0	0	1	0	0	0	0	3	0	0	0	0	2	0	0	0	0
ASV3055	0	1	0	0	0	0	0	0	0	0	0	0	0	0	0	1	0	0	0	0	0	0	0	0	0	0	1	0	0	0	0	5	5	5	4	0	4	0	0
ASV3077	1	0	0	0	0	0	0	0	0	0	0	0	0	0	0	0	0	0	0	0	0	0	0	0	0	0	0	0	0	0	0	4	0	8	8	0	0	1	0
ASV3111	5	0	0	0	1	1	0	1	0	0	0	0	0	0	2	0	0	2	0	2	0	0	2	1	0	0	1	1	1	0	0	0	0	0	0	0	0	1	0
ASV3130	0	0	0	0	0	0	0	0	1	0	0	0	0	0	0	0	0	0	0	0	0	0	0	0	0	0	0	0	0	0	0	0	0	1	0	21	0	0	0
ASV3138	0	0	1	1	1	1	1	1	0	2	0	0	0	0	0	0	0	0	0	2	0	0	0	3	1	2	4	1	1	0	0	0	0	0	0	0	1	0	0
ASV3150	1	3	2	0	1	1	0	0	1	2	0	1	0	0	1	0	1	0	0	1	0	0	0	0	1	1	1	1	4	0	1	0	0	0	0	0	0	1	0
ASV3171	0	0	0	0	0	0	0	0	0	0	0	0	0	0	0	0	0	0	0	0	0	0	0	0	0	0	0	0	0	0	0	0	2	5	0	15	0	0	0
ASV3188	2	0	2	0	1	0	1	1	2	3	0	1	0	0	0	0	0	0	0	2	0	0	0	2	1	2	1	0	0	0	0	0	0	0	0	0	0	0	0
ASV3205	0	0	0	1	0	0	0	0	0	0	0	0	0	0	1	0	0	0	0	1	1	0	0	0	0	0	0	0	0	0	0	8	3	1	6	0	0	9	0
ASV3241	0	1	0	0	0	0	0	0	0	0	0	0	0	0	0	0	0	0	1	0	1	2	8	1	1	0	0	0	1	3	0	0	0	0	0	0	0	0	0
ASV3242	0	2	0	0	0	1	0	1	0	1	0	1	0	0	0	0	0	0	0	0	0	1	0	0	0	0	0	0	0	1	0	5	6	1	3	2	0	0	0
ASV3276	2	0	0	0	0	0	0	0	1	0	0	1	1	0	0	0	0	1	0	0	0	1	0	1	2	0	0	0	0	1	1	3	0	4	1	1	0	3	0
ASV3281	0	4	0	1	0	1	1	1	2	2	0	0	0	1	0	0	0	0	0	0	0	0	0	1	0	3	0	0	2	1	0	0	0	3	1	0	0	1	0
ASV3290	7	3	0	0	0	0	0	1	0	2	0	0	0	0	0	0	0	0	0	0	0	0	0	1	0	2	1	0	0	0	0	5	1	1	0	0	0	3	0
ASV3298	2	0	0	0	0	0	0	0	0	1	0	0	0	0	0	0	0	0	0	0	0	0	0	0	0	0	1	0	0	0	0	0	1	2	1	15	0	0	0
ASV3324	4	1	2	1	0	0	0	0	0	1	0	0	0	0	0	0	0	0	0	3	0	0	0	2	2	3	3	0	0	0	0	0	0	0	0	1	0	0	0
ASV3331	1	2	0	0	1	0	0	0	0	4	0	1	1	0	0	0	1	0	0	2	0	0	1	1	0	2	0	0	0	0	0	0	0	0	0	0	0	1	0
ASV3344	8	3	1	1	1	4	0	0	0	1	0	0	0	0	0	0	0	0	0	2	0	0	0	1	0	0	1	0	0	0	0	1	0	0	0	0	0	0	0
ASV3371	1	0	1	1	2	3	1	0	2	1	0	0	0	0	0	0	0	0	0	1	0	0	0	0	0	0	2	1	2	0	0	0	0	0	0	4	0	0	0
ASV3381	3	0	0	2	1	0	0	2	0	2	0	0	0	0	0	0	0	0	0	2	0	0	0	2	1	0	2	1	0	0	0	0	0	0	0	0	0	12	1
ASV3382	0	0	1	0	1	1	0	0	0	0	0	0	0	0	0	0	0	0	0	2	0	0	0	1	3	0	2	0	1	0	0	0	8	1	0	0	0	3	0
ASV3411	1	4	0	0	0	1	2	0	2	1	0	0	0	0	0	0	0	0	0	0	0	3	0	3	1	2	0	0	2	1	0	0	0	0	0	0	0	0	0
ASV3433	0	0	0	0	0	0	0	0	0	0	1	0	5	0	0	0	0	0	0	0	0	0	0	0	0	0	0	1	0	0	0	0	0	0	19	0	0	0	0
ASV3445	1	0	1	1	0	0	0	0	0	2	0	0	0	0	0	0	0	0	0	1	0	0	0	0	0	0	1	0	0	0	0	0	3	7	3	4	1	0	0
ASV3451	0	0	0	1	0	0	0	0	0	2	0	0	0	0	0	0	0	0	0	0	0	0	0	1	0	0	1	0	0	0	0	2	3	1	2	6	1	1	0
ASV3460	5	2	1	1	0	2	1	0	0	1	1	0	0	0	0	0	0	0	0	1	0	0	0	1	1	1	0	2	0	0	0	0	0	1	0	4	0	0	0
ASV3472	0	0	1	0	3	3	0	4	0	4	1	0	1	0	0	0	1	1	0	0	0	2	0	0	0	0	1	0	1	0	1	0	0	0	0	0	0	0	0
ASV3511	4	2	2	0	2	0	1	0	0	1	0	0	0	0	0	0	0	0	0	5	0	0	0	3	0	3	3	0	0	0	0	1	0	0	1	0	0	0	0
ASV3563	2	1	0	0	1	0	0	0	4	0	0	0	1	0	0	0	1	0	0	0	4	0	0	0	0	0	2	1	0	0	0	2	0	0	0	0	0	1	1
ASV3574	0	0	0	0	0	0	1	0	0	0	0	0	0	0	0	0	0	0	0	0	0	0	0	0	0	0	0	0	0	0	0	0	14	1	0	10	0	0	0
ASV3587	0	1	0	2	1	2	0	1	0	0	0	1	1	0	0	0	0	0	0	1	0	0	0	0	1	1	0	2	0	0	0	1	2	3	2	1	0	1	1
ASV3605	0	0	0	1	0	0	0	0	0	1	0	0	0	0	0	0	1	0	0	1	0	0	0	1	0	1	0	0	0	0	0	1	1	0	0	17	0	0	0
ASV3628	0	1	3	0	0	1	0	0	2	1	1	0	0	0	0	0	0	0	0	0	0	0	0	0	0	0	1	1	0	0	0	1	2	3	0	0	0	2	2
ASV3641	1	1	1	0	0	0	1	2	0	1	0	0	0	1	0	0	1	1	0	0	0	0	1	0	1	0	0	0	0	0	1	1	4	1	2	2	0	0	1
ASV3651	0	0	0	0	0	1	0	0	0	0	0	0	0	1	0	1	0	2	0	2	3	2	1	0	0	0	1	1	0	0	2	0	0	1	0	0	0	0	2
ASV3671	0	1	0	0	0	0	1	1	3	1	1	1	0	2	1	0	0	0	1	0	0	1	3	1	1	1	0	1	1	0	1	0	0	0	0	0	0	1	0
ASV3733	0	2	1	0	0	1	0	0	1	1	0	0	0	0	1	1	0	1	0	0	0	0	1	0	1	1	1	1	0	0	0	2	1	3	2	3	1	1	0
ASV3777	2	2	0	0	0	0	0	0	0	0	0	0	0	0	1	0	0	0	0	1	0	0	0	0	0	0	2	1	0	0	1	1	2	3	1	0	1	7	1
ASV3784	4	0	0	1	2	2	0	1	0	1	1	2	1	0	0	0	0	0	0	1	3	0	0	2	0	0	0	0	0	0	0	0	0	0	0	0	0	0	0
ASV3833	0	0	0	0	0	0	0	0	0	0	0	0	0	0	0	0	0	0	0	0	0	0	0	0	0	0	0	0	0	0	0	9	5	1	3	0	6	2	2
ASV3851	2	2	2	0	1	0	2	0	0	0	0	0	0	0	0	1	0	0	0	3	0	0	1	0	1	0	3	1	4	0	0	0	0	0	0	0	0	1	0
ASV3854	1	0	0	0	0	0	0	0	0	0	0	0	0	0	0	0	0	0	0	0	0	0	0	0	1	0	0	0	0	0	0	4	2	5	4	0	6	4	0
ASV3901	0	1	3	0	1	0	1	0	0	1	1	0	0	0	0	0	0	0	0	2	0	0	0	1	0	0	1	0	0	0	0	2	7	1	1	2	1	1	0
ASV3916	3	0	1	0	0	0	0	0	0	0	0	0	0	0	0	0	0	0	0	2	0	0	0	0	0	0	1	0	0	0	0	0	3	2	3	0	8	0	0
ASV3930	0	2	2	0	0	0	0	0	0	0	0	0	0	0	0	1	0	3	8	0	2	1	0	0	0	0	0	0	1	0	0	0	0	0	0	0	0	0	0
ASV3932	0	1	1	2	1	2	1	0	0	2	0	2	0	0	1	0	0	0	0	3	0	0	0	0	3	0	2	0	0	0	1	0	0	0	0	0	0	0	0
ASV3968	0	0	4	0	0	0	0	1	1	1	1	0	1	0	0	0	0	0	0	2	0	0	0	0	1	1	1	0	0	0	0	1	1	4	2	2	0	2	0
ASV3998	1	0	0	1	0	1	0	1	0	1	0	0	0	0	0	0	1	0	1	1	1	6	1	2	1	2	0	0	0	0	1	0	1	0	0	0	4	0	0
ASV4022	2	2	0	0	2	0	0	0	0	1	0	0	0	0	0	1	0	0	0	0	0	0	0	1	2	0	0	0	1	0	0	3	1	2	1	1	2	1	2
ASV4056	2	1	1	1	0	1	1	2	0	0	0	0	0	0	0	1	0	1	1	1	0	0	1	1	0	2	0	0	1	0	0	2	1	2	2	0	1	0	1
ASV4077	0	2	1	0	0	0	0	0	0	2	0	0	0	0	0	0	0	0	0	1	0	0	1	0	0	1	0	0	2	0	0	2	2	3	3	1	0	0	0
ASV4101	3	0	0	0	0	0	0	0	0	0	0	0	0	1	0	0	0	0	0	0	0	0	0	0	0	0	2	0	0	0	0	10	0	4	0	0	1	6	0
ASV4109	1	0	2	1	0	1	0	0	0	1	0	3	0	0	1	0	0	0	0	2	0	0	2	1	1	0	1	0	0	0	0	0	0	1	1	0	0	0	1
ASV4201	1	3	1	1	0	1	2	1	0	1	0	0	1	2	0	0	2	0	1	0	0	0	0	0	0	2	0	1	0	0	0	0	3	1	0	0	0	2	2
ASV4286	2	4	1	0	1	1	0	2	0	2	0	0	0	0	0	0	0	0	0	0	0	0	0	3	1	1	2	1	0	0	0	0	0	0	0	0	0	0	0
ASV4298	1	2	1	3	2	0	1	0	0	1	2	0	0	0	0	0	0	0	0	0	0	0	0	0	1	1	0	1	0	0	0	0	0	0	4	0	0	3	1
ASV4306	0	0	4	3	2	0	0	2	4	0	4	0	0	0	0	0	0	0	0	2	0	0	0	0	1	1	0	1	0	1	0	0	0	0	0	0	0	0	1
ASV4374	2	0	0	0	0	0	0	0	0	0	0	0	0	0	0	0	0	0	0	0	0	0	0	0	0	1	0	0	0	0	0	1	6	1	1	12	0	0	0
ASV4381	0	1	0	0	0	3	4	0	1	2	0	0	0	1	0	0	0	0	0	1	0	0	0	0	1	2	2	1	1	0	0	0	0	0	1	0	0	2	1
ASV4415	0	0	0	0	0	1	0	0	0	0	0	0	0	0	0	0	0	0	0	0	1	0	22	0	0	0	0	0	0	0	0	0	0	0	0	0	0	0	0
ASV4451	1	0	1	4	0	1	0	0	0	1	3	5	0	0	0	0	0	0	0	1	0	0	1	0	0	1	1	0	1	0	0	0	0	0	0	0	0	0	0
ASV4584	0	0	0	0	0	0	0	0	0	0	0	0	0	0	0	0	0	0	2	0	1	0	0	0	0	0	0	0	0	0	0	0	0	0	0	0	0	28	0
ASV4634	4	0	0	0	0	0	0	0	0	0	0	0	0	0	0	0	0	0	0	0	0	0	0	0	2	0	0	0	0	0	0	1	0	2	0	0	2	16	1
ASV4644	2	0	0	0	1	0	0	1	0	0	0	0	0	0	0	0	0	0	0	0	0	0	0	2	0	0	0	0	0	0	0	3	1	3	2	0	2	7	2
ASV4660	4	0	1	0	0	1	0	0	1	1	1	1	0	0	0	0	0	0	0	2	2	2	1	1	0	1	0	0	0	2	2	0	0	0	0	0	0	0	0
ASV4842	0	2	1	1	1	0	2	0	0	0	0	2	1	0	0	0	0	1	1	1	1	0	0	0	3	0	0	0	0	0	0	1	0	1	3	0	0	0	0
ASV4901	1	0	1	0	0	0	0	0	0	0	0	0	0	0	0	0	0	0	0	0	0	0	1	0	0	0	0	0	0	0	0	1	10	3	3	1	2	7	1
ASV4963	0	0	0	0	0	0	0	0	0	0	0	0	0	0	0	0	0	0	0	0	0	0	0	0	0	1	0	0	0	0	0	1	8	1	1	8	2	0	0
ASV4985	0	0	0	1	0	1	2	0	0	0	0	0	0	0	0	0	0	0	0	3	0	0	0	0	1	0	1	0	0	0	0	0	0	0	0	16	0	0	0
ASV5077	0	1	1	1	1	2	2	0	0	4	0	0	0	0	0	0	0	0	0	1	0	0	0	1	2	3	2	1	1	0	0	0	0	0	0	0	0	0	0
ASV5088	0	1	2	0	2	0	0	0	0	0	0	0	0	0	0	0	0	0	0	0	0	0	0	1	0	1	0	0	0	0	0	1	6	1	3	6	0	3	0
ASV5096	1	2	3	0	0	0	0	0	0	0	0	0	0	0	0	0	0	0	0	0	0	0	0	0	1	1	0	0	1	0	0	0	0	1	3	13	0	1	0
ASV5147	0	3	1	1	1	2	0	0	1	1	0	0	0	1	0	0	0	0	0	4	0	0	0	0	1	1	4	1	0	0	2	0	0	1	0	0	0	0	0
ASV5330	1	0	0	0	1	0	0	1	1	0	0	0	0	0	0	0	0	1	0	0	0	1	1	0	0	0	0	0	0	0	4	1	0	1	0	0	0	14	0
ASV5377	4	0	1	0	0	0	1	0	1	0	0	0	0	0	0	0	1	0	0	0	0	1	0	1	0	1	0	0	0	0	0	0	0	2	1	0	1	8	3
ASV5382	0	2	3	1	0	0	1	0	0	2	0	1	0	0	0	0	0	0	0	1	0	0	0	0	0	1	1	1	1	0	0	0	0	1	3	0	0	0	1
ASV5491	2	1	0	1	1	1	0	0	0	2	1	0	0	0	0	0	0	0	0	2	0	0	0	4	0	2	1	0	0	0	1	2	0	3	1	2	0	0	0
ASV5512	1	0	0	1	1	0	1	0	0	1	0	0	0	0	0	1	0	1	0	1	0	1	0	0	0	1	0	0	1	0	2	0	2	0	0	0	0	10	2
ASV5519	0	1	0	1	0	0	0	0	0	0	0	0	0	0	0	0	0	0	0	1	0	0	0	1	1	0	2	0	0	0	1	2	0	4	2	0	3	2	1
ASV5520	0	1	3	2	2	1	0	1	0	1	0	1	1	0	0	0	0	0	0	0	0	0	0	1	1	2	1	0	2	0	0	1	0	2	3	0	0	0	0
ASV5527	5	0	0	1	0	1	2	0	2	2	1	1	0	0	0	0	0	0	0	0	0	1	2	1	0	2	1	0	1	0	0	0	1	0	0	0	0	0	0
ASV5715	4	0	2	0	0	0	0	1	1	0	0	0	0	0	1	0	0	0	0	1	0	1	0	0	0	0	0	0	0	0	0	2	0	0	2	0	0	4	4
ASV2653	0	1	0	2	0	0	0	0	0	0	0	0	0	0	0	0	0	0	0	0	0	0	0	0	0	0	0	0	1	0	0	1	1	8	2	7	0	0	0
ASV2663	1	1	2	0	0	0	2	1	1	0	1	0	0	0	0	0	1	0	0	2	0	0	0	2	1	2	0	0	0	0	0	1	3	1	2	0	0	1	0
ASV2709	1	0	0	0	0	1	0	0	0	1	0	0	0	0	0	0	0	0	0	1	0	0	0	0	0	0	0	0	0	0	0	2	5	4	2	4	0	1	0
ASV2772	0	0	0	0	0	0	0	0	0	0	0	0	0	0	0	0	0	0	0	0	0	0	0	0	1	0	0	0	0	0	0	3	0	0	1	1	4	15	0
ASV2791	0	0	0	0	0	0	0	0	0	0	0	0	0	0	0	0	1	0	0	0	0	1	0	0	0	0	0	0	0	0	0	0	7	13	1	0	0	0	0
ASV2804	1	0	0	0	0	0	0	0	0	0	0	0	0	0	0	0	0	0	0	0	0	0	0	0	0	0	0	0	0	0	0	7	2	7	6	0	2	0	1
ASV2827	2	0	0	0	0	0	0	0	0	0	0	1	0	0	0	0	0	0	0	2	0	0	0	1	0	0	0	1	0	0	0	1	3	3	8	3	0	0	0
ASV2833	0	0	1	0	0	0	0	0	0	1	0	0	0	0	0	0	0	0	3	1	0	0	1	0	0	0	1	0	0	0	1	3	1	2	1	0	0	9	1
ASV2842	1	1	1	0	0	1	0	1	0	0	0	0	0	0	0	0	0	0	0	0	0	0	0	0	0	0	0	0	0	0	0	0	0	1	0	18	0	0	0
ASV2854	0	0	2	0	0	1	2	1	0	1	0	2	0	0	0	0	0	0	0	3	0	0	0	0	0	1	1	2	2	0	0	0	0	0	0	0	0	0	0
ASV2859	8	3	0	0	1	0	2	0	0	2	0	0	0	0	0	0	0	0	0	2	0	0	0	1	0	2	1	0	1	0	0	0	2	1	1	0	0	0	0
ASV2877	3	3	1	1	0	0	0	0	0	0	0	0	0	0	0	0	0	0	0	0	0	0	0	3	0	0	1	0	0	0	0	0	0	1	1	9	0	0	0
ASV2905	1	0	0	1	0	0	0	3	0	0	0	0	0	1	0	3	1	0	0	0	0	0	0	1	1	0	0	2	0	0	0	2	0	1	0	0	0	0	3
ASV2927	0	0	0	0	2	0	1	0	1	2	0	0	0	0	1	1	0	1	0	0	0	3	1	0	0	0	0	0	2	0	0	0	0	0	1	6	0	0	1
ASV2944	8	3	1	1	0	0	0	1	0	1	0	0	0	0	0	0	0	0	0	2	0	0	1	3	0	0	2	0	2	0	1	0	0	0	0	0	0	1	0
ASV3013	4	0	0	0	0	0	0	0	1	3	0	0	0	0	0	0	0	1	0	2	0	0	1	0	0	1	0	0	1	0	0	0	0	1	0	0	3	7	0
ASV3015	0	0	0	0	0	0	0	0	0	0	0	0	0	0	0	0	0	0	0	0	0	0	0	1	0	0	0	0	1	0	0	6	3	2	4	0	0	9	0
ASV3030	0	0	0	0	0	0	1	0	1	0	0	0	0	0	0	0	0	0	0	1	0	0	0	0	2	0	0	1	0	0	0	0	0	0	1	18	0	0	0
ASV3046	3	0	0	0	0	0	0	0	0	0	0	0	0	0	0	0	0	0	0	1	0	0	0	2	2	0	0	0	0	0	0	2	1	1	0	0	7	4	0
ASV3053	3	1	1	1	1	1	1	0	0	2	0	0	0	0	0	0	0	0	0	1	0	0	0	1	0	3	1	0	1	0	0	0	0	0	0	0	0	0	1
ASV3100	4	1	0	1	0	0	0	0	0	0	0	0	0	0	0	0	0	0	0	0	0	0	0	0	0	1	0	1	0	0	0	1	2	1	0	7	0	1	0
ASV3126	2	0	0	1	1	0	0	3	0	4	0	0	0	0	0	0	1	0	3	1	1	0	0	2	0	0	1	0	0	2	0	0	0	1	0	0	2	3	0
ASV3131	5	2	0	1	1	0	1	1	2	0	0	0	0	1	0	0	0	0	1	4	4	0	0	0	0	0	1	1	0	0	0	0	0	0	0	0	0	0	0
ASV3173	2	1	1	1	0	1	0	0	0	1	0	0	0	0	0	0	0	0	0	1	0	0	1	2	0	0	0	2	3	0	0	1	1	3	0	1	2	0	0
ASV3206	0	0	1	0	1	2	0	1	1	1	0	1	0	1	1	1	0	1	1	0	1	2	1	1	1	1	2	0	3	1	0	0	0	0	0	0	0	1	0
ASV3244	0	5	0	1	0	1	1	0	0	2	0	0	0	0	2	0	1	0	0	2	0	0	1	1	2	2	0	1	2	0	1	0	0	0	0	0	0	0	0
ASV3251	0	0	0	0	0	0	1	0	0	0	0	0	1	1	1	1	0	2	2	0	0	2	0	0	1	0	1	0	0	1	1	0	2	1	2	0	1	2	0
ASV3270	1	1	1	1	0	0	0	0	1	0	2	0	0	0	0	0	0	0	2	0	0	1	1	0	0	0	1	0	1	3	0	0	0	0	0	0	0	0	0
ASV3275	1	0	1	0	0	0	0	0	0	0	0	0	0	0	0	0	0	0	0	1	0	0	0	1	3	1	0	0	0	1	0	1	9	0	3	0	2	1	1
ASV3292	2	1	1	0	2	0	0	0	0	1	0	0	0	0	0	0	1	0	0	1	0	1	0	3	0	1	0	0	1	0	0	0	0	2	0	0	0	8	0
ASV3315	0	0	0	0	0	0	0	1	0	0	0	0	0	0	0	0	0	0	0	2	0	0	0	1	0	0	0	0	0	0	0	0	2	1	8	8	0	0	0
ASV3333	2	2	1	2	1	1	1	1	0	1	0	0	0	0	0	0	2	0	0	2	0	1	0	0	1	0	1	0	1	0	1	0	0	0	0	1	0	0	0
ASV3351	3	2	1	0	1	0	0	0	0	0	0	0	0	0	0	3	2	0	7	0	1	1	0	0	1	0	1	0	0	0	0	0	0	0	0	0	0	1	0
ASV3363	1	0	3	0	1	0	0	1	0	1	0	0	0	0	1	0	1	0	0	2	0	0	0	0	0	2	1	1	0	0	0	2	0	0	2	0	4	0	0
ASV3386	10	0	0	1	0	0	2	0	0	0	0	0	0	0	0	0	0	0	0	2	0	0	0	1	1	1	0	0	0	0	1	1	1	2	2	0	0	2	1
ASV3409	0	1	1	0	0	1	1	2	0	1	1	0	0	0	0	0	0	0	1	1	0	0	0	1	1	1	1	2	1	0	0	5	0	3	1	0	1	0	0
ASV3442	0	0	0	0	0	1	0	0	1	0	0	0	0	0	0	0	0	1	0	0	0	3	1	0	0	0	0	0	0	0	0	3	0	10	2	0	1	0	0
ASV3488	2	0	0	1	0	0	3	0	0	1	0	0	0	0	1	0	0	1	0	2	0	0	0	2	3	0	0	0	1	0	0	4	0	0	1	0	2	1	2
ASV3490	3	0	0	0	0	0	0	1	0	0	0	0	0	0	0	0	0	0	0	0	0	0	0	0	0	0	0	0	0	0	0	2	0	3	1	0	5	11	2
ASV3537	1	0	0	0	2	1	1	0	0	0	0	0	0	0	0	0	0	0	0	0	0	1	0	0	2	1	1	1	0	0	0	5	1	1	1	5	1	1	1
ASV3582	0	0	0	1	0	0	0	0	0	2	0	0	0	0	0	0	0	0	0	0	0	1	0	2	1	0	1	0	0	0	0	3	0	1	1	0	3	0	1
ASV3589	0	0	0	0	0	0	0	1	0	0	0	0	0	0	0	0	0	0	0	1	0	0	0	0	1	0	2	0	0	0	0	3	12	0	4	2	0	0	0
ASV3613	0	0	0	0	0	0	0	0	0	0	0	0	0	0	0	0	0	0	0	0	0	0	0	0	0	0	0	0	0	0	0	0	24	0	2	3	0	0	0
ASV3614	1	1	0	0	0	1	0	0	0	0	0	0	0	0	0	0	0	0	0	2	0	0	0	0	0	2	0	0	0	0	0	3	1	1	3	1	3	4	0
ASV3704	0	0	0	0	0	1	0	2	0	1	0	0	0	0	0	2	0	0	2	1	1	0	0	0	0	1	0	0	0	0	1	3	1	2	0	0	2	2	2
ASV3719	0	0	0	0	0	0	2	0	0	2	0	0	0	0	0	0	0	0	0	0	0	0	0	0	0	1	0	0	0	0	0	1	7	2	0	2	2	4	0
ASV3789	1	0	0	0	0	0	1	0	0	1	1	0	0	0	0	0	0	0	0	0	1	0	0	0	0	0	0	0	0	0	0	5	8	0	2	2	2	4	0
ASV3797	3	0	0	0	0	0	0	0	0	0	0	0	1	0	0	0	1	1	0	3	0	0	0	2	0	1	0	0	0	0	1	0	0	1	0	0	3	4	0
ASV3801	2	0	1	0	0	0	0	0	0	0	2	1	0	0	1	0	0	2	1	0	0	4	0	0	0	0	0	0	0	0	0	1	0	2	1	0	0	2	0
ASV3802	7	0	1	0	0	0	0	0	0	0	0	0	0	0	0	0	0	1	0	0	0	4	1	0	2	0	0	0	2	0	1	2	0	0	2	0	0	4	0
ASV3838	0	2	0	0	0	0	2	0	0	1	1	0	0	0	0	0	0	0	0	0	0	0	0	1	1	1	0	0	2	0	0	2	4	6	3	0	1	1	1
ASV3862	2	0	0	0	0	0	0	0	0	0	0	0	0	0	0	0	0	0	0	0	0	0	0	0	0	0	0	0	0	0	0	0	1	7	4	7	0	1	0
ASV3890	0	2	2	0	1	0	1	0	2	0	0	0	0	0	1	2	0	2	0	1	1	1	1	0	1	0	0	0	1	6	0	0	0	0	0	0	0	0	0
ASV3891	4	2	2	0	1	1	0	0	0	0	0	0	0	0	0	0	0	0	1	2	0	1	0	0	2	0	1	0	1	0	0	0	0	1	0	4	0	0	0
ASV3946	1	1	2	1	0	0	0	1	0	1	1	0	0	0	0	0	1	0	0	0	0	0	0	1	0	1	1	0	0	1	0	1	1	0	0	3	2	2	0
ASV3954	0	2	1	0	2	0	3	1	0	1	0	0	0	0	1	1	0	0	0	0	0	0	0	0	1	3	1	1	1	0	0	1	0	0	0	0	0	0	1
ASV3971	3	1	0	0	1	1	0	1	0	2	0	2	2	0	0	0	0	0	0	1	0	1	0	0	0	2	2	1	2	0	0	0	0	0	0	0	0	0	0
ASV4050	0	2	0	0	3	0	2	0	0	1	0	0	1	0	0	1	0	1	0	0	0	0	1	1	0	0	0	1	0	1	1	0	0	0	0	0	0	0	0
ASV4055	1	0	0	1	0	0	1	0	1	0	0	0	0	0	1	3	0	0	1	0	1	0	1	0	0	1	1	0	0	0	1	0	0	0	1	0	0	3	1
ASV4068	4	2	1	0	0	1	0	0	1	1	0	0	0	0	0	0	2	0	1	0	1	1	1	0	0	0	2	0	0	0	0	0	0	0	0	0	0	2	0
ASV4154	0	0	0	0	0	0	0	0	0	0	2	0	12	0	0	0	1	0	0	0	0	1	0	0	0	0	0	0	0	1	2	0	0	0	0	0	0	0	0
ASV4178	5	1	1	0	2	1	2	0	1	2	0	0	1	0	0	0	1	0	0	2	0	0	0	1	0	1	0	0	0	0	0	0	0	0	0	0	0	0	1
ASV4226	0	0	0	0	0	1	0	0	0	0	0	0	0	0	0	0	0	0	0	0	0	0	0	0	0	0	1	0	0	0	0	0	0	3	7	9	0	0	0
ASV4264	1	1	0	2	0	0	0	1	0	1	0	0	0	0	1	0	0	0	0	2	0	0	0	0	1	0	0	0	0	0	0	1	1	0	0	1	0	16	1
ASV4380	1	0	3	0	1	2	0	1	0	0	0	0	1	0	0	1	2	1	1	0	1	1	0	0	1	1	2	0	3	0	0	0	0	1	0	0	2	1	0
ASV4411	2	0	0	1	0	2	0	1	0	0	1	0	0	1	0	1	0	0	0	2	0	0	0	2	0	1	0	0	1	0	0	0	0	0	1	1	1	1	2
ASV4413	0	0	0	1	0	0	0	0	0	0	0	0	3	0	1	1	3	3	1	0	2	7	0	0	0	0	0	0	0	2	1	0	0	0	0	0	0	0	0
ASV4595	2	2	1	1	0	0	0	0	1	1	0	0	0	0	0	0	0	1	0	0	0	0	0	2	1	2	3	0	0	0	0	0	0	1	0	1	0	0	0
ASV4631	1	1	1	0	1	0	0	0	0	0	0	0	0	0	0	0	0	0	0	0	1	0	0	0	1	0	0	0	0	0	0	0	9	1	0	0	0	5	0
ASV4658	0	2	2	1	0	1	1	0	1	1	1	0	0	0	0	0	0	0	3	2	0	0	1	0	2	1	0	1	0	1	0	0	0	1	1	0	0	0	0
ASV4687	0	0	2	2	0	0	4	1	5	0	0	0	0	0	0	1	0	0	0	0	0	0	0	2	1	0	0	1	3	0	0	0	0	0	0	0	0	0	1
ASV4760	1	1	2	0	0	1	0	0	0	0	0	1	0	0	0	0	1	0	2	0	0	2	1	0	1	0	0	1	0	3	2	1	0	1	0	0	0	2	0
ASV4836	1	2	0	0	2	1	0	0	0	0	0	0	0	0	0	0	0	0	0	1	0	1	0	0	0	1	0	0	0	0	0	11	1	1	3	0	0	1	1
ASV4913	4	1	3	0	0	0	0	0	0	3	0	0	0	0	0	0	0	0	0	2	0	0	0	1	1	2	1	0	1	0	0	1	0	0	1	2	0	0	1
ASV4921	0	0	0	0	0	0	0	0	0	1	0	0	0	0	0	0	0	0	0	1	1	0	0	1	0	0	0	0	0	0	0	5	0	7	2	0	3	2	1
ASV4929	2	0	2	0	0	0	0	0	0	1	0	1	0	0	0	0	0	0	0	0	0	0	1	1	0	1	0	1	0	0	0	1	1	2	1	1	1	0	0
ASV4962	0	3	0	1	1	0	0	0	0	0	0	0	0	0	0	1	0	0	0	3	0	0	0	0	0	2	1	0	0	0	0	2	1	0	2	1	0	4	0
ASV5016	2	0	0	0	0	0	0	0	0	2	0	0	0	0	1	0	1	0	2	0	1	1	4	0	0	0	0	1	1	0	1	2	0	1	1	0	0	1	0
ASV5032	1	0	0	1	0	0	2	1	0	1	2	0	1	0	1	0	2	3	2	1	2	1	0	0	0	1	0	0	0	0	2	0	0	0	0	0	0	0	0
ASV5081	1	0	0	1	0	0	0	0	0	0	1	0	0	0	0	1	0	0	0	2	0	0	0	0	0	0	0	0	0	0	0	0	3	3	1	2	2	3	0
ASV5107	1	0	0	1	0	1	0	0	0	0	0	0	1	0	0	0	2	2	0	0	0	2	0	1	0	2	0	0	2	0	0	6	1	0	2	0	0	3	1
ASV5109	0	0	1	0	0	0	0	0	0	0	0	0	0	0	0	0	0	0	0	0	0	0	0	0	0	0	0	0	0	0	0	3	6	4	1	0	3	0	3
ASV5319	0	0	0	0	0	0	0	0	0	0	1	0	2	0	1	2	1	1	1	0	1	0	0	0	0	0	0	0	0	14	3	0	0	0	0	0	0	0	0
ASV5386	1	2	0	0	1	1	1	0	0	0	0	0	0	0	0	0	0	1	0	3	0	0	0	3	2	3	0	1	0	0	0	0	0	1	0	1	0	1	0
ASV5509	1	1	0	0	0	0	0	0	0	0	0	2	1	0	1	0	1	2	2	0	3	0	1	0	0	0	0	0	0	0	3	0	3	0	0	0	1	1	1
ASV5572	1	0	1	1	0	1	0	0	1	0	0	1	1	4	1	2	0	0	0	1	0	8	0	0	1	0	0	0	0	0	0	0	0	0	0	0	0	0	0
ASV5623	3	0	0	0	0	0	1	0	0	0	0	0	0	0	0	0	0	0	0	0	0	0	0	0	0	0	1	0	0	0	0	0	1	4	7	4	0	2	0
ASV5667	1	4	1	1	1	2	2	1	0	0	0	0	0	0	0	0	0	0	0	1	0	0	0	0	0	1	0	2	1	0	0	1	1	0	0	0	0	0	5
ASV5789	1	3	0	1	1	1	1	0	2	0	0	2	0	0	0	0	0	0	0	1	0	0	0	1	2	1	3	1	0	0	0	0	0	0	0	1	0	0	0
ASV5824	0	1	2	0	1	0	1	0	0	1	0	0	0	0	1	0	0	0	1	1	0	1	1	5	0	0	0	0	0	1	0	0	4	0	2	0	0	2	0
ASV5846	1	3	0	0	0	1	2	0	0	0	0	0	0	0	1	0	0	0	0	3	0	0	0	1	2	0	0	1	1	0	0	2	3	0	0	5	0	1	0
ASV2856	0	0	0	0	0	0	0	0	0	0	0	0	0	0	0	0	0	0	0	0	0	0	0	0	0	0	0	0	0	0	0	2	11	1	5	4	1	0	0
ASV2861	0	0	0	0	0	0	0	0	0	1	0	0	0	0	0	0	2	0	0	2	2	2	0	1	1	2	1	0	0	1	3	0	0	0	3	0	0	0	0
ASV2863	0	0	0	0	0	0	0	0	0	0	0	0	0	0	0	0	0	0	0	0	0	0	0	0	0	0	0	0	1	0	0	1	3	5	2	12	0	1	0
ASV2879	3	0	1	0	0	0	0	0	0	0	0	0	0	0	0	0	0	0	0	1	0	1	0	0	0	1	0	0	0	0	0	1	0	1	1	0	0	7	5
ASV2893	2	1	0	0	0	0	0	0	0	0	0	0	0	0	0	0	0	0	0	1	0	0	0	2	2	1	0	0	0	0	0	2	3	0	0	1	0	2	0
ASV2948	0	2	2	0	0	0	0	0	0	2	0	0	0	0	0	0	0	0	0	0	0	0	0	0	0	1	0	0	0	0	0	0	3	3	4	2	1	1	1
ASV2965	4	0	1	0	0	0	0	0	0	0	0	0	0	1	0	1	1	0	0	0	1	0	1	0	0	0	1	0	2	0	0	1	0	0	0	2	0	6	0
ASV2980	2	3	2	3	0	2	1	1	1	1	3	0	0	0	0	0	0	0	0	0	0	0	0	0	4	0	0	0	0	0	0	0	0	0	0	0	0	0	0
ASV2991	3	5	3	0	0	0	1	0	0	0	0	0	0	0	0	0	0	0	0	2	0	0	0	0	0	3	1	0	0	0	0	1	3	2	1	2	0	0	0
ASV3023	0	1	0	0	1	0	0	0	9	1	0	0	0	0	0	0	0	0	0	0	0	0	0	1	6	1	2	0	0	0	0	1	0	0	0	0	0	0	0
ASV3040	0	0	0	0	0	0	0	1	0	0	0	1	0	0	0	0	3	0	0	0	2	1	1	0	0	0	0	0	0	4	1	0	0	0	0	0	0	0	1
ASV3060	1	0	0	0	1	0	0	0	0	0	0	0	0	0	0	0	0	0	0	0	0	0	0	0	0	0	0	0	0	0	0	3	9	3	1	1	0	4	0
ASV3066	0	0	1	0	0	2	0	2	0	0	0	0	1	0	0	0	0	0	0	1	0	0	0	1	1	2	1	0	1	0	0	4	0	0	2	0	0	0	0
ASV3105	0	0	0	0	0	0	0	0	0	0	0	0	0	0	0	0	0	0	0	0	0	0	0	0	0	1	0	0	0	0	0	0	20	0	3	1	0	0	1
ASV3127	10	1	1	2	0	1	0	0	0	0	0	0	0	0	0	0	0	1	0	2	0	0	0	0	2	0	0	0	0	0	0	1	0	0	0	0	0	0	0
ASV3222	0	0	0	0	0	0	0	0	0	0	0	0	0	0	1	1	0	1	0	0	0	0	0	0	0	0	0	0	1	0	0	3	3	3	1	5	1	0	0
ASV3234	2	0	0	1	2	1	2	0	0	0	3	1	0	0	0	0	0	0	0	0	0	0	1	0	0	1	0	0	0	0	0	1	0	0	1	0	0	0	0
ASV3256	1	1	0	0	0	0	0	0	0	0	0	1	0	0	0	0	1	0	0	1	0	0	0	0	0	0	0	0	0	0	0	0	6	4	2	1	0	2	0
ASV3264	1	0	0	0	0	0	0	1	1	0	0	0	0	0	0	0	0	0	0	0	0	1	0	0	0	1	0	0	0	0	0	0	1	2	2	1	0	12	0
ASV3265	0	1	3	0	1	2	0	0	0	1	0	1	0	0	0	0	0	0	1	1	0	0	0	0	2	0	3	0	0	0	0	1	0	1	0	0	0	1	0
ASV3274	1	0	2	1	0	1	0	0	0	0	1	0	1	0	0	0	0	0	1	2	0	0	1	1	0	2	0	0	1	0	0	0	0	1	1	0	0	0	0
ASV3291	2	0	0	0	0	0	2	0	0	0	0	0	0	0	0	0	0	2	0	0	0	0	0	1	2	1	0	1	0	0	0	4	3	2	2	0	1	0	0
ASV3323	1	0	1	0	0	0	0	1	0	1	0	0	0	0	1	0	0	0	0	0	1	0	0	0	0	2	5	0	0	0	0	1	1	0	1	1	3	2	0
ASV3343	1	0	0	2	0	1	0	0	0	0	0	0	1	0	0	0	0	0	0	1	0	0	0	4	3	2	0	0	1	0	0	0	0	1	1	0	0	5	1
ASV3348	5	1	1	0	0	1	1	0	0	0	0	0	0	0	0	0	0	1	1	2	0	0	0	1	0	3	4	0	1	0	1	0	0	0	0	0	0	1	0
ASV3370	2	0	1	0	0	0	0	0	0	0	0	0	0	0	0	0	0	0	0	1	0	0	0	1	0	0	0	0	0	0	0	0	4	8	3	4	0	0	0
ASV3404	2	1	2	0	0	0	2	1	0	0	2	0	0	1	0	1	2	0	0	0	1	1	1	0	0	0	2	1	1	0	1	0	0	0	0	0	0	0	0
ASV3412	0	2	0	0	1	0	0	0	0	0	0	0	0	0	0	0	0	0	0	0	0	0	0	0	0	1	0	0	0	1	0	3	0	6	3	0	0	8	0
ASV3418	0	1	0	0	0	0	1	0	0	0	0	0	0	0	0	0	1	0	0	0	0	0	0	0	0	0	1	0	0	0	0	1	5	1	0	0	3	14	0
ASV3421	3	2	0	1	0	0	2	0	0	0	0	0	0	0	0	0	0	0	0	1	0	0	0	0	0	3	0	0	0	0	0	0	1	0	0	0	4	3	1
ASV3441	0	0	0	0	0	0	0	0	0	0	0	0	0	0	0	0	0	0	1	0	1	1	1	1	0	0	0	0	0	0	3	0	6	3	1	4	1	0	1
ASV3456	4	1	2	1	1	0	1	0	0	1	1	0	0	0	0	0	0	0	0	0	0	0	0	0	1	0	1	0	0	0	0	1	4	2	0	0	2	1	0
ASV3461	0	1	1	0	0	0	0	0	0	0	0	0	0	0	1	1	0	2	0	0	2	5	0	1	0	1	2	0	0	3	0	0	0	0	0	0	0	0	0
ASV3495	2	1	0	0	1	0	0	0	0	0	0	0	0	0	0	0	0	1	0	0	0	0	0	0	0	0	0	0	0	0	0	1	0	0	0	0	1	15	4
ASV3518	0	0	0	1	0	0	1	0	0	1	0	0	0	0	0	0	0	0	0	0	0	0	0	2	0	1	0	0	0	0	0	3	2	4	3	4	2	5	0
ASV3535	0	1	0	1	0	0	0	1	0	1	2	0	0	0	0	1	1	2	1	1	1	1	1	0	1	1	2	0	0	0	0	0	0	0	0	0	0	0	0
ASV3553	1	0	1	2	1	2	1	0	0	0	0	0	0	0	0	0	0	0	0	3	0	1	0	0	4	1	1	0	0	0	0	0	1	0	2	3	1	0	0
ASV3571	1	2	1	0	0	0	0	0	0	0	0	0	0	0	0	0	0	0	0	0	0	0	0	0	0	0	0	0	1	0	0	0	3	5	1	7	1	0	0
ASV3623	3	4	0	0	0	0	1	2	0	4	0	0	0	0	1	0	0	0	0	0	0	1	0	2	2	1	1	1	0	0	0	0	0	1	0	0	0	1	0
ASV3630	2	0	0	0	1	0	1	0	0	1	0	0	0	0	2	0	0	0	0	1	0	0	0	0	1	0	0	0	0	0	1	4	0	1	0	0	5	2	1
ASV3706	2	5	1	0	2	0	0	0	0	2	0	0	1	0	0	0	0	0	0	1	0	0	0	1	1	2	4	0	0	0	0	0	0	0	0	1	0	0	0
ASV3739	0	1	0	2	1	0	0	2	0	5	0	0	0	0	0	0	0	0	0	1	0	0	0	2	0	3	0	1	1	0	0	0	0	0	0	0	0	0	0
ASV3782	3	4	3	0	0	0	0	0	0	1	0	0	0	0	0	0	0	0	0	1	0	0	0	1	1	1	0	1	1	0	0	0	0	1	0	3	0	1	0
ASV3783	2	0	0	0	0	0	0	0	0	1	0	0	0	1	0	0	0	0	0	1	0	0	1	0	2	0	0	2	1	0	0	0	4	2	1	1	0	2	0
ASV3820	2	2	0	0	0	0	0	0	0	0	0	0	0	0	0	0	0	0	0	0	0	0	0	0	0	0	0	0	0	0	0	1	1	1	3	9	0	0	0
ASV3852	0	0	0	1	1	0	0	0	0	0	0	1	0	0	0	0	3	2	1	1	2	1	0	0	0	0	0	0	0	3	6	0	0	0	0	1	0	2	0
ASV3853	3	0	0	1	1	0	0	0	0	0	0	0	0	0	0	0	0	0	0	1	0	0	0	1	1	1	0	0	0	0	0	0	4	0	0	3	0	10	0
ASV3859	1	2	1	0	0	1	1	0	0	1	0	0	0	0	0	0	0	0	0	0	0	1	1	0	0	1	2	0	2	0	0	1	0	1	1	0	3	0	0
ASV3874	1	1	2	1	1	0	3	0	0	1	1	0	0	0	0	0	0	0	0	0	1	0	0	0	1	2	0	1	2	0	0	1	0	1	0	3	0	0	0
ASV3913	4	1	0	0	0	0	0	0	0	0	0	0	0	0	0	0	0	0	0	1	0	0	0	1	0	2	1	1	0	0	0	0	1	4	1	0	0	6	0
ASV3979	0	1	0	0	0	0	0	1	1	0	0	0	0	1	1	0	1	2	0	2	2	1	0	2	0	2	0	0	0	0	2	0	0	0	0	0	0	3	0
ASV3993	1	0	0	0	0	0	1	0	0	0	0	0	0	0	1	2	6	2	2	0	3	2	0	0	0	0	2	0	1	0	0	0	0	0	0	0	0	0	0
ASV3997	0	0	0	0	1	4	1	1	0	2	0	0	0	0	0	0	0	0	0	1	0	0	1	0	0	1	0	2	1	0	0	0	1	2	1	0	0	0	1
ASV4000	0	1	2	0	1	0	1	0	0	0	0	2	0	0	0	2	0	2	0	1	0	0	0	1	0	0	0	0	0	0	0	0	1	1	1	0	1	4	1
ASV4071	2	0	0	1	0	1	0	0	0	0	0	0	0	0	0	0	0	0	0	1	0	0	0	1	0	0	0	0	0	0	0	0	5	6	1	3	0	1	0
ASV4074	0	0	0	0	1	0	1	1	0	0	0	0	0	0	0	1	0	0	0	1	0	0	0	0	0	0	1	0	0	0	0	1	0	2	15	0	0	0	0
ASV4104	5	2	3	0	0	3	3	0	0	0	0	0	0	0	0	0	0	0	0	0	0	0	0	1	2	1	1	2	0	0	0	0	0	0	0	0	0	0	0
ASV4136	2	1	0	0	1	1	0	0	3	0	3	0	0	2	0	0	0	0	0	1	2	0	2	0	1	2	2	0	0	0	0	0	0	0	0	0	0	0	0
ASV4148	2	1	0	0	1	1	2	0	0	1	0	0	0	0	0	0	0	0	0	0	0	0	0	0	0	4	0	0	1	0	0	3	4	1	0	0	0	1	0
ASV4151	0	0	0	0	1	1	1	1	1	1	0	0	0	0	1	0	2	0	0	0	1	0	0	0	1	0	1	1	0	0	0	1	1	4	3	0	0	0	0
ASV4192	4	1	0	1	0	0	0	1	0	0	0	0	0	0	0	0	0	0	0	0	0	1	0	0	0	0	1	0	0	0	0	0	0	2	0	0	0	3	5
ASV4234	5	1	0	0	1	2	0	0	0	0	0	0	0	0	0	0	0	1	0	3	1	0	0	2	1	1	0	0	1	0	0	0	1	0	0	0	0	1	3
ASV4247	0	0	0	0	0	0	0	0	0	0	0	0	0	0	0	0	0	0	0	0	0	0	0	0	0	0	1	0	0	0	0	9	1	3	4	0	6	0	1
ASV4397	1	5	0	0	0	1	3	3	0	0	0	0	0	0	0	0	0	0	0	1	0	0	0	1	1	2	0	0	0	0	0	1	0	2	0	2	0	1	1
ASV4433	5	0	1	0	1	0	1	1	0	0	0	1	0	0	2	0	0	0	1	2	0	2	1	1	0	1	1	1	0	0	0	0	0	0	0	0	0	0	0
ASV4493	1	1	0	0	0	0	1	2	0	0	0	1	0	1	0	1	0	0	0	0	0	0	1	0	0	1	1	0	1	0	0	6	0	0	1	0	2	2	1
ASV4537	7	2	0	0	0	0	1	2	0	0	0	0	0	0	0	0	0	0	0	0	0	0	1	2	1	0	1	0	0	0	0	0	0	0	0	0	0	5	0
ASV4580	4	3	0	1	0	0	1	0	0	0	0	1	0	0	0	0	0	0	0	1	0	0	0	0	1	4	1	1	1	0	0	0	0	0	0	0	0	2	0
ASV4724	3	2	1	0	2	2	0	3	0	0	0	0	0	0	0	0	0	0	0	1	0	0	0	0	3	0	0	0	1	0	0	1	1	0	2	2	0	0	0
ASV4810	0	1	0	3	1	0	1	0	1	0	1	0	0	1	0	0	0	0	0	1	0	0	1	3	0	1	2	1	2	0	0	0	0	0	0	0	0	0	0
ASV4816	4	1	1	2	0	1	1	0	0	1	0	1	2	0	0	0	0	0	0	1	0	1	0	2	0	2	1	0	0	0	0	0	0	0	0	0	0	0	0
ASV4849	1	1	1	0	0	1	1	0	0	1	0	0	0	0	0	0	0	0	0	1	0	0	0	2	0	2	0	0	0	0	0	2	0	0	1	0	3	3	0
ASV4884	0	2	1	0	0	3	1	3	0	0	0	0	1	0	0	0	0	0	0	2	0	0	0	1	2	1	3	1	2	0	0	0	0	0	0	0	0	0	0
ASV4894	1	0	0	0	0	0	0	1	0	0	1	1	0	1	1	0	3	0	1	0	0	0	2	0	0	0	1	0	0	0	3	1	0	1	1	0	0	0	1
ASV4910	2	1	3	2	0	0	0	0	0	1	0	0	0	0	0	0	0	0	0	1	0	0	0	3	3	0	0	0	0	0	0	0	0	1	1	1	0	2	0
ASV4982	1	0	1	0	0	0	2	0	0	0	0	0	0	0	0	0	0	0	0	2	0	0	0	1	1	1	1	0	0	0	0	1	0	0	3	1	1	5	0
ASV4993	0	2	0	1	0	2	0	1	1	3	1	1	1	0	1	0	0	1	0	0	0	0	0	2	0	1	0	0	0	1	0	0	0	1	0	0	0	2	0
ASV5120	3	2	0	1	0	0	1	1	0	3	0	0	0	0	0	0	1	1	0	2	0	0	0	2	1	0	0	1	0	1	0	2	0	0	1	0	0	0	0
ASV5149	0	0	0	0	0	0	0	0	0	2	0	0	0	0	0	0	0	0	0	0	0	0	0	0	0	0	1	0	0	0	0	0	11	3	1	6	1	2	1
ASV5171	6	1	1	0	0	1	0	0	1	2	0	1	0	0	0	0	0	0	0	4	0	0	0	0	1	1	1	0	1	0	1	2	0	0	0	0	0	0	0
ASV5191	1	3	1	0	0	1	1	0	1	2	0	0	0	0	0	0	0	0	1	3	1	0	0	2	0	2	2	0	1	1	0	0	0	0	0	0	0	0	0
ASV5224	0	0	0	1	2	0	1	0	1	2	0	0	1	0	0	2	0	0	0	2	0	0	0	1	2	0	1	0	0	0	0	0	0	0	1	5	0	0	1
ASV5342	2	4	0	0	0	3	2	0	0	2	0	0	0	0	0	0	0	0	0	3	0	0	0	0	0	0	0	1	0	0	1	2	0	0	1	1	0	3	1
ASV5453	0	0	1	1	0	0	0	0	0	2	0	0	0	1	0	1	0	0	0	1	0	1	0	4	1	3	1	1	2	0	1	0	0	0	1	0	0	0	0
ASV5629	4	0	0	0	0	1	1	1	0	1	0	0	0	0	0	0	0	0	2	0	0	2	0	1	0	1	1	1	0	0	0	0	0	1	1	0	0	2	1
ASV5646	0	2	2	2	0	0	0	1	0	1	1	0	0	0	0	0	0	0	0	1	1	0	0	2	2	1	0	0	0	0	0	0	1	0	1	2	0	0	0
ASV5701	0	1	2	1	1	1	0	2	0	1	0	1	0	0	1	0	0	0	0	0	0	0	0	0	1	1	0	0	0	0	1	1	1	1	1	0	0	0	0
ASV5705	0	1	0	0	1	0	0	0	0	0	0	0	1	0	2	0	1	2	1	1	0	1	0	0	1	2	0	1	1	0	1	3	0	0	0	0	2	3	1
ASV5706	1	3	1	0	0	0	0	2	0	1	0	0	0	0	0	0	0	0	0	3	0	0	0	1	1	0	1	0	0	0	0	0	0	2	1	7	0	1	0
ASV5803	0	3	2	1	1	1	1	0	0	4	0	0	0	0	0	0	0	0	0	0	1	0	0	0	0	1	0	0	1	1	0	2	0	0	1	1	0	1	0
ASV5804	0	1	0	1	0	1	0	0	0	1	0	1	0	0	0	0	0	0	0	0	0	0	0	0	0	0	1	0	0	0	0	3	2	0	2	0	0	13	1
ASV2708	0	2	2	1	0	0	1	1	1	2	0	2	0	0	0	0	0	0	0	0	0	0	0	2	0	1	1	1	0	0	0	0	0	0	1	0	0	0	0
ASV2788	0	3	0	3	0	2	0	0	0	0	0	0	0	0	0	0	0	0	0	2	0	1	0	0	1	2	1	1	2	0	1	1	0	1	0	0	0	4	0
ASV2793	2	1	0	0	0	0	0	0	0	0	0	0	1	1	0	1	0	0	2	1	0	1	2	0	3	0	0	0	0	5	6	0	0	0	0	0	0	0	0
ASV2887	3	1	1	0	0	0	0	1	0	1	0	0	0	0	1	0	0	0	0	1	0	0	0	0	0	0	0	0	0	0	0	0	0	5	1	7	0	0	0
ASV2937	10	2	1	0	0	0	0	0	1	0	0	0	0	0	0	0	0	0	1	3	0	0	0	1	2	0	1	1	0	0	0	0	0	0	0	0	0	0	0
ASV2977	4	0	0	1	1	0	1	0	0	3	0	2	0	0	1	0	0	0	0	1	0	0	0	2	1	1	0	1	0	0	0	0	0	0	0	0	0	2	0
ASV3000	1	0	0	1	0	0	1	0	0	2	0	0	0	0	0	0	0	0	0	0	0	0	0	1	0	0	0	0	2	0	0	0	7	2	0	1	1	8	1
ASV3119	2	0	3	0	0	0	0	0	0	1	0	0	0	1	1	0	3	1	1	0	1	2	2	0	0	1	0	0	0	0	0	0	0	0	0	0	0	0	0
ASV3145	0	0	0	0	0	1	0	0	0	1	0	0	0	1	0	0	0	1	0	0	1	0	0	2	0	0	1	1	0	0	0	0	0	0	1	0	0	0	8
ASV3148	4	2	0	0	0	2	2	0	0	0	0	1	0	0	0	0	0	0	0	0	0	1	0	0	1	1	1	1	1	0	0	0	0	0	0	0	0	0	0
ASV3187	0	0	1	0	0	1	1	1	1	0	0	0	0	0	0	0	0	0	0	2	1	1	0	0	1	0	3	1	1	0	1	0	0	1	2	0	1	0	0
ASV3219	4	1	0	0	1	0	1	0	0	1	0	0	0	0	0	0	0	0	0	0	0	0	0	0	0	0	0	0	0	0	0	3	6	1	1	2	1	4	1
ASV3278	1	1	1	0	0	0	0	0	0	2	1	0	0	1	1	1	1	1	1	0	0	0	0	1	2	0	0	0	1	0	0	1	0	0	0	0	0	0	2
ASV3300	3	4	1	0	0	0	0	1	0	3	0	0	0	0	0	0	0	0	0	4	0	0	0	0	1	1	0	0	0	0	0	0	0	0	0	0	2	1	0
ASV3338	1	0	2	0	1	1	1	2	2	0	3	2	1	0	1	1	1	0	0	0	0	0	0	0	0	0	0	0	0	0	0	0	0	0	0	0	0	0	0
ASV3383	0	1	0	0	0	0	0	0	0	0	0	0	0	0	0	0	0	0	0	0	0	0	0	0	0	0	0	1	0	0	1	5	5	2	0	0	2	4	0
ASV3387	0	0	1	2	0	0	1	0	0	0	0	1	0	1	1	0	2	0	0	1	1	1	2	0	1	0	0	0	1	0	0	0	0	0	0	0	0	0	0
ASV3429	2	0	2	1	0	1	1	0	0	0	0	0	0	0	0	0	0	1	0	3	0	0	0	3	2	0	1	0	0	0	1	0	0	0	0	0	0	1	0
ASV3492	2	1	2	2	3	0	0	0	0	0	0	0	0	0	0	1	0	0	0	0	0	0	0	1	0	0	0	0	0	0	0	0	0	3	1	1	0	0	0
ASV3501	3	0	1	0	2	0	1	0	0	1	0	0	1	0	0	0	1	2	0	4	1	0	0	2	0	0	0	2	0	0	0	0	0	0	0	0	0	1	0
ASV3534	1	0	0	0	0	0	0	1	0	0	0	0	0	1	0	0	1	0	2	1	1	2	1	1	1	0	1	1	0	0	0	2	0	0	0	0	0	1	2
ASV3555	0	1	0	0	1	0	0	0	0	0	0	0	0	0	0	0	0	0	0	0	0	0	0	1	2	1	1	0	2	0	0	3	5	0	0	7	0	0	0
ASV3639	0	0	0	0	1	0	1	0	0	0	1	0	2	1	1	1	0	0	0	0	3	1	1	0	0	0	0	0	0	0	1	5	0	0	3	0	0	0	0
ASV3653	1	0	0	1	1	0	0	0	0	3	0	0	0	0	0	0	0	0	0	3	1	2	3	1	0	1	0	1	1	0	4	0	0	0	0	0	0	1	0
ASV3658	2	3	0	0	4	0	1	0	0	0	0	1	0	0	0	1	0	0	3	2	1	0	0	0	0	1	1	0	2	0	1	0	0	0	0	0	0	0	0
ASV3664	1	0	0	0	0	1	0	0	0	0	0	0	0	0	0	0	0	0	0	0	0	0	0	0	0	0	0	0	0	0	0	9	1	4	1	0	5	4	0
ASV3714	0	0	1	1	1	2	0	0	0	2	0	0	1	0	1	1	1	0	1	0	0	1	0	0	1	2	2	0	1	0	0	0	0	0	1	0	0	2	1
ASV3724	1	1	1	3	0	0	0	0	0	0	0	0	1	0	0	0	0	0	0	0	0	1	1	1	1	0	0	0	0	1	0	0	0	2	1	1	2	3	0
ASV3808	1	0	0	0	0	1	1	0	0	0	0	0	0	0	0	0	0	2	6	0	2	3	2	0	0	0	0	0	0	0	3	0	0	0	1	0	0	0	0
ASV3923	1	2	0	1	0	0	0	0	0	0	0	0	0	0	0	0	0	0	0	0	1	0	0	1	0	0	0	1	0	0	0	1	1	4	4	6	1	0	0
ASV3996	0	2	0	0	0	1	0	1	0	0	0	0	0	0	0	0	0	0	0	0	0	0	0	0	0	0	0	0	1	0	0	6	4	1	2	1	3	3	0
ASV4009	0	1	2	0	0	0	0	0	1	0	0	0	0	0	0	0	2	0	2	2	0	3	1	1	1	1	1	0	0	0	0	0	1	0	0	0	1	0	0
ASV4066	0	0	0	1	0	1	0	0	0	1	0	0	0	1	2	3	1	0	0	3	0	0	0	0	0	1	0	1	2	0	0	1	0	0	0	0	0	2	0
ASV4084	3	0	1	2	0	0	0	1	0	0	1	0	0	1	0	0	0	1	0	0	0	0	0	0	0	0	0	0	0	0	0	1	0	3	5	0	0	1	0
ASV4120	3	1	0	0	0	0	0	0	0	0	0	0	0	2	1	0	1	1	0	0	2	0	0	0	1	0	0	0	2	0	0	0	0	5	2	0	0	0	2
ASV4139	0	0	0	0	0	0	0	0	0	0	0	0	0	0	0	1	0	17	0	0	2	1	1	0	0	0	0	0	0	0	0	0	0	0	0	0	0	0	0
ASV4205	0	0	1	0	0	0	0	2	3	0	0	0	0	0	0	0	0	0	0	1	0	0	0	2	0	2	2	1	0	0	0	1	0	0	1	0	0	5	0
ASV4212	0	0	0	0	0	0	0	0	0	0	0	0	0	0	0	0	0	0	0	0	0	0	0	0	0	0	0	0	0	0	0	6	6	2	2	0	1	7	2
ASV4279	2	1	0	0	1	0	0	2	0	0	0	0	0	0	0	0	0	0	0	0	0	0	0	0	1	1	0	0	0	0	0	0	0	0	0	0	1	3	10
ASV4289	1	0	1	0	0	0	0	0	0	2	0	0	0	0	0	0	0	0	0	0	0	0	0	1	0	0	0	0	0	0	0	5	5	0	0	1	5	1	1
ASV4338	0	0	0	0	0	0	0	1	0	0	0	0	0	0	0	0	0	0	0	0	0	0	0	0	0	0	0	0	0	0	0	6	5	4	1	0	3	1	0
ASV4347	0	2	1	0	1	0	0	0	2	2	0	0	0	0	0	0	0	1	0	2	1	0	0	2	1	0	2	0	2	0	0	0	0	0	0	0	0	0	0
ASV4353	0	0	1	2	0	2	2	0	2	0	2	0	0	1	0	0	0	0	0	0	0	0	0	2	5	1	2	0	0	0	0	0	0	0	0	0	0	0	0
ASV4393	2	1	2	1	0	1	2	1	0	2	0	1	1	0	0	0	0	0	0	1	0	0	0	1	0	0	2	0	1	0	0	1	0	1	0	0	0	0	0
ASV4406	0	0	2	1	0	1	0	0	0	2	0	0	0	0	0	1	0	0	0	1	3	0	0	3	0	1	1	2	0	0	0	0	1	0	1	1	0	0	0
ASV4424	2	1	0	0	1	0	1	0	0	0	0	0	0	0	0	1	2	1	0	4	0	1	3	0	1	1	0	0	0	2	0	0	0	0	0	0	1	2	0
ASV4460	8	1	0	0	0	0	1	1	0	2	0	0	0	0	0	0	0	0	0	3	0	0	0	2	2	0	1	1	0	0	0	0	1	0	0	0	0	0	0
ASV4495	5	1	0	0	0	2	0	0	0	1	0	0	0	0	0	0	0	0	0	1	0	0	0	0	0	1	1	0	0	0	0	0	0	0	0	9	0	0	0
ASV4508	1	0	0	0	0	0	0	0	0	0	0	0	0	0	0	0	0	0	0	0	0	0	0	0	0	0	0	0	0	0	0	4	12	0	2	1	0	1	2
ASV4593	1	0	0	0	0	0	0	0	1	1	1	1	2	0	0	1	2	1	4	0	0	0	0	0	0	0	0	0	0	2	0	0	0	0	0	0	0	0	0
ASV4641	1	1	1	2	0	0	2	0	0	0	0	0	0	0	0	0	0	0	0	0	0	0	0	0	0	1	1	0	0	0	0	2	4	1	0	4	0	3	0
ASV4755	0	2	0	0	0	0	1	1	1	0	0	0	0	0	1	2	1	4	0	0	1	3	1	1	0	0	0	0	0	1	0	0	2	1	0	0	0	0	0
ASV4781	0	0	0	0	0	0	0	0	2	0	0	0	0	1	3	2	1	1	1	0	2	1	3	0	0	0	0	0	0	0	1	0	0	0	0	0	0	0	0
ASV4892	1	1	0	0	1	0	1	1	1	1	0	0	0	2	1	0	3	1	0	1	0	0	0	0	0	0	2	2	1	0	2	1	0	0	0	0	0	0	1
ASV4908	0	0	0	0	1	0	2	0	0	0	0	0	0	0	2	0	0	1	3	0	1	1	3	3	0	0	0	0	1	1	1	0	0	0	1	0	0	0	0
ASV5057	2	2	2	0	2	2	0	0	0	2	0	0	0	0	0	0	0	0	0	1	0	0	0	1	0	1	1	0	0	0	1	0	0	2	0	0	1	3	3
ASV5099	2	1	1	1	0	0	0	0	1	0	0	0	0	0	1	1	1	1	1	0	0	2	2	2	0	0	0	0	0	1	3	0	0	0	0	0	0	0	0
ASV5114	1	0	1	0	0	0	0	0	0	1	0	0	0	0	1	0	0	0	0	0	0	0	0	0	0	0	0	0	0	0	1	8	3	2	2	0	0	1	0
ASV5220	2	1	1	1	0	1	1	0	0	1	1	0	0	0	0	0	1	0	0	1	0	0	0	1	0	0	0	1	2	0	0	2	2	0	1	5	1	0	0
ASV5255	0	0	0	0	0	1	0	0	1	0	0	0	2	0	1	1	3	2	4	2	2	2	0	1	0	0	0	0	0	1	0	0	0	0	0	0	0	0	0
ASV5285	1	0	2	0	1	3	0	0	2	1	0	0	0	1	0	0	0	0	0	1	0	0	0	1	2	2	1	1	0	0	0	2	0	0	0	0	0	1	1
ASV5286	1	0	1	1	1	2	1	0	0	1	2	1	1	0	0	0	0	0	0	2	0	0	0	0	2	1	2	0	0	0	0	0	0	0	0	0	0	0	0
ASV5309	2	0	1	0	1	1	3	0	0	1	2	0	0	0	0	0	0	0	0	0	0	0	0	0	0	0	1	0	1	0	0	1	0	0	1	0	0	0	0
ASV5314	0	0	1	1	0	0	0	0	0	1	0	1	0	0	0	0	0	0	0	0	0	0	0	0	1	0	0	0	0	0	0	4	0	4	1	1	1	4	3
ASV5351	0	0	0	0	0	0	0	0	0	0	0	0	0	0	0	0	0	0	0	0	0	0	0	0	0	1	0	0	1	1	0	3	0	0	0	1	1	18	0
ASV5358	0	2	1	2	4	2	0	1	1	2	1	0	0	0	0	0	0	0	0	0	0	0	0	0	2	1	0	1	1	0	0	0	0	1	2	0	0	0	0
ASV5372	0	1	0	1	0	1	0	0	0	0	0	0	1	0	0	0	0	0	0	0	0	0	0	1	0	1	0	0	0	0	0	6	1	0	2	0	8	3	1
ASV5538	1	1	0	0	0	0	0	0	0	1	0	0	0	0	0	0	1	0	0	1	0	0	0	0	0	1	1	0	1	0	0	0	5	1	3	5	0	0	0
ASV5556	0	3	1	1	1	0	1	0	2	3	0	0	0	0	0	0	0	0	0	2	0	0	0	2	2	3	1	0	0	0	0	0	4	1	0	0	0	0	0
ASV5594	0	0	0	0	0	0	0	1	0	0	0	0	0	4	1	4	0	1	2	0	2	2	3	0	0	0	0	0	1	0	0	0	0	0	0	0	0	1	0
ASV5612	0	1	1	0	0	0	0	0	0	0	0	0	0	0	1	0	0	0	0	1	0	0	0	0	2	0	1	0	0	0	0	3	4	1	2	4	0	3	0
ASV5633	3	0	0	0	0	0	1	0	0	3	0	0	0	0	0	0	0	0	0	2	0	0	0	1	0	3	2	0	1	0	0	0	5	0	0	0	0	0	0
ASV5661	1	3	1	0	0	0	0	2	0	2	2	0	0	0	0	0	0	0	0	2	0	0	1	1	0	0	0	0	0	0	0	2	2	1	0	0	0	4	1
ASV5894	1	1	1	0	2	1	0	0	0	2	0	1	0	0	0	0	0	0	0	1	0	1	1	1	1	0	0	1	1	0	0	0	0	1	1	0	0	0	0
ASV5922	0	0	0	0	0	1	0	0	0	1	0	0	0	0	1	0	0	0	0	1	0	0	0	0	0	1	0	0	0	0	0	3	3	2	2	1	5	2	0
ASV5959	0	1	0	0	0	0	0	1	0	1	0	0	0	0	0	0	0	0	0	0	0	0	0	0	0	2	1	0	0	0	0	6	1	1	1	3	1	3	0
ASV2761	3	1	0	0	0	0	0	0	0	0	0	0	0	1	1	0	1	2	2	0	2	0	0	0	0	1	0	0	0	0	3	1	0	0	0	0	0	1	0
ASV2862	3	1	0	3	1	2	1	0	0	0	1	0	0	2	0	0	0	0	0	0	0	0	0	2	1	1	1	0	0	0	0	0	0	0	0	0	0	0	0
ASV2913	2	0	1	0	0	0	1	0	0	0	0	0	0	0	0	2	2	0	0	2	0	0	0	0	0	1	0	0	0	0	0	2	5	2	2	0	0	0	0
ASV2916	0	0	0	0	0	0	0	1	0	0	0	0	0	0	0	0	0	0	0	0	0	0	1	1	0	2	0	0	0	1	0	0	0	0	0	12	0	0	0
ASV2964	6	0	1	1	0	0	1	1	0	1	0	0	0	0	0	0	0	0	0	3	0	0	0	3	2	0	0	1	0	0	0	0	0	0	0	0	0	0	0
ASV2978	2	1	1	0	1	0	0	2	0	1	0	0	1	0	0	0	0	0	0	2	0	0	4	0	1	0	0	0	0	0	1	1	0	0	0	0	0	3	1
ASV2999	0	1	1	0	0	0	0	0	0	0	0	0	0	0	0	0	0	0	0	0	0	0	0	1	0	0	0	1	0	0	1	0	0	1	0	10	0	0	2
ASV3008	5	3	2	2	0	1	0	0	0	0	0	0	0	0	0	0	0	0	0	1	0	0	0	0	1	1	0	1	2	0	0	0	0	0	0	0	0	0	0
ASV3022	0	0	0	0	0	0	0	0	0	0	0	0	0	0	0	0	0	0	0	0	0	12	3	0	0	0	0	0	0	0	5	0	0	0	0	0	0	0	0
ASV3045	1	0	0	0	0	0	0	0	0	0	0	0	1	0	0	0	0	0	0	0	0	0	0	0	0	0	1	0	0	0	0	2	6	3	1	8	2	0	0
ASV3051	0	0	2	1	0	0	0	0	0	0	0	0	0	0	0	0	0	0	0	1	0	0	0	0	0	0	1	1	0	0	0	2	7	0	3	0	1	4	0
ASV3058	1	0	0	0	1	0	1	0	0	0	0	0	0	0	0	0	0	0	0	0	0	0	0	1	0	0	2	1	0	0	0	1	11	1	1	2	0	0	0
ASV3067	0	1	2	1	0	1	0	1	1	0	1	1	0	0	0	1	0	0	0	1	0	0	0	0	0	2	0	3	1	1	0	0	0	0	1	0	0	0	1
ASV3079	1	0	0	1	2	0	0	0	0	0	0	0	1	0	0	0	0	1	0	0	0	0	0	0	0	0	0	0	1	0	0	1	9	0	3	0	2	1	1
ASV3123	1	0	0	0	1	0	1	1	0	3	0	0	0	0	0	0	0	0	0	4	0	0	0	1	0	1	0	2	0	0	0	0	0	0	1	0	0	6	2
ASV3149	1	0	0	1	0	0	0	1	0	0	0	0	0	0	0	0	0	0	0	2	0	0	0	0	2	1	1	0	0	0	0	0	1	0	3	8	0	0	0
ASV3156	0	1	0	1	0	0	0	0	0	1	0	0	0	0	0	11	0	1	0	0	0	1	1	1	0	1	0	1	0	1	0	0	0	0	0	0	0	0	0
ASV3182	0	1	0	0	1	1	0	0	1	1	0	0	1	0	0	0	0	0	0	0	0	0	0	1	0	0	0	0	1	1	0	0	3	2	0	0	4	1	0
ASV3210	0	0	0	0	0	0	0	0	0	0	0	0	0	0	0	0	0	0	0	0	0	0	0	0	0	0	0	0	0	0	0	7	7	5	4	0	0	1	0
ASV3228	1	2	0	0	0	0	1	2	1	0	2	0	0	1	1	0	1	1	0	0	0	0	0	1	0	0	0	1	0	0	0	0	0	0	1	0	0	0	1
ASV3277	2	0	1	1	0	0	0	1	0	0	0	0	0	1	0	0	0	0	0	1	0	0	0	0	2	0	0	1	0	0	0	4	0	2	1	0	1	1	1
ASV3286	0	2	3	1	0	1	2	1	0	0	0	0	0	0	0	0	0	0	0	1	0	0	0	3	1	0	1	1	1	0	0	1	0	0	2	0	0	0	0
ASV3358	0	0	3	0	0	0	1	1	0	0	0	0	0	0	0	0	0	0	0	0	0	0	1	0	1	2	0	1	1	0	0	1	0	1	1	0	0	7	1
ASV3369	1	1	1	0	1	0	0	0	2	1	0	0	0	1	2	0	0	2	0	0	1	1	0	0	0	0	0	0	3	2	0	0	0	0	0	0	0	0	0
ASV3394	3	0	1	0	0	0	0	1	0	0	0	0	0	0	0	0	0	0	0	1	0	0	0	3	0	0	0	0	0	0	0	0	2	2	2	2	0	1	0
ASV3416	1	2	3	1	1	0	1	0	1	0	0	1	0	0	0	1	0	2	0	1	0	0	0	4	0	2	0	1	1	0	0	0	0	0	0	0	0	2	1
ASV3439	0	4	0	0	0	3	0	3	0	1	2	0	0	0	0	0	0	0	0	2	0	0	0	2	2	1	1	0	1	0	0	0	0	0	0	0	0	0	0
ASV3450	1	2	0	0	0	1	0	0	0	3	0	0	0	0	0	0	0	0	0	5	0	0	0	0	0	0	2	1	1	0	0	0	0	0	0	0	0	9	0
ASV3481	1	1	1	1	0	1	0	1	0	0	1	0	2	0	0	0	0	1	4	1	0	1	0	1	1	0	0	2	1	1	0	0	1	0	0	0	0	1	0
ASV3504	2	0	0	0	0	1	0	0	0	0	0	0	0	0	0	0	0	0	0	0	0	0	0	1	0	0	0	0	0	0	0	0	0	0	2	14	0	0	0
ASV3508	1	3	0	0	2	0	0	0	0	2	0	0	0	0	1	0	0	0	0	4	0	0	0	2	2	2	0	0	0	1	0	0	0	0	3	0	0	0	0
ASV3533	0	0	0	0	0	0	0	0	0	0	0	0	0	0	0	0	0	0	0	0	0	0	0	0	0	0	0	0	2	0	0	4	0	6	3	0	5	0	0
ASV3540	1	1	0	0	1	0	1	0	0	0	0	0	0	0	0	0	0	0	0	1	0	0	0	0	0	3	1	1	0	0	0	1	0	2	2	0	2	4	0
ASV3547	0	4	0	2	1	2	1	0	0	2	0	0	0	0	0	0	0	0	0	2	0	0	0	2	1	2	0	1	0	0	0	0	0	0	0	0	0	0	0
ASV3557	0	1	2	0	2	1	2	2	2	0	0	1	1	1	0	0	0	1	0	0	1	0	1	1	0	0	0	0	1	1	2	0	0	0	0	0	0	0	0
ASV3559	3	0	1	0	0	1	1	3	0	1	0	0	0	0	0	0	0	1	0	2	0	0	2	1	0	1	2	2	0	1	0	0	0	0	0	1	1	1	0
ASV3572	0	2	0	0	0	0	0	0	0	1	0	0	0	0	0	0	0	0	0	1	0	0	0	0	0	0	1	0	0	0	0	1	2	3	2	2	3	1	0
ASV3577	0	2	0	2	0	1	0	1	0	1	0	0	0	0	0	0	0	0	0	0	0	0	0	0	2	1	1	1	0	1	0	1	3	0	0	0	1	0	0
ASV3647	2	1	3	0	1	1	1	0	2	3	0	0	0	0	0	0	0	0	0	1	0	0	0	0	1	1	1	1	1	0	0	0	0	0	1	0	0	0	0
ASV3656	2	1	0	1	1	0	0	0	0	0	0	0	0	0	0	0	0	0	0	0	0	0	0	1	0	1	2	0	1	0	0	2	1	4	3	0	3	0	0
ASV3661	0	0	0	0	0	0	0	0	0	0	0	0	0	0	0	0	0	0	0	0	0	0	1	0	0	0	0	0	0	0	0	7	0	4	5	0	6	1	1
ASV3666	0	0	0	0	2	1	0	1	0	0	0	0	0	0	0	1	0	0	0	2	0	0	1	0	0	1	1	0	0	0	1	1	2	0	2	4	0	1	0
ASV3696	0	0	1	0	0	0	1	0	0	0	0	0	0	0	0	0	0	0	0	0	0	0	0	0	0	0	0	0	0	0	1	0	0	0	3	0	1	14	2
ASV3722	3	2	1	1	0	2	1	0	2	1	0	0	0	0	0	0	0	0	0	1	0	0	0	1	1	2	1	2	0	0	0	0	0	0	0	0	0	0	0
ASV3809	0	0	0	0	0	0	0	0	0	0	0	0	0	2	2	2	3	2	3	0	0	2	0	0	0	0	0	0	0	0	0	0	1	0	1	0	0	0	0
ASV3836	2	1	1	1	0	1	0	0	0	2	0	0	0	0	0	0	0	0	0	0	0	1	0	0	1	0	0	2	1	0	0	3	0	2	1	0	1	0	0
ASV3904	0	1	0	0	0	0	0	0	0	1	1	0	0	0	0	0	0	0	0	1	0	0	0	0	1	0	0	0	0	0	0	0	0	0	0	0	0	22	0
ASV3907	0	1	0	2	2	0	1	1	1	1	0	0	0	0	0	0	0	0	0	1	0	0	0	1	1	1	3	0	2	0	0	0	0	0	2	0	0	0	1
ASV3937	0	0	0	0	0	0	0	0	0	2	0	0	0	0	0	0	0	0	1	2	0	0	0	0	3	1	1	0	1	0	0	1	0	2	0	0	2	3	0
ASV3940	0	0	3	0	0	2	3	0	1	1	0	0	0	0	0	0	0	0	0	0	0	0	0	1	0	8	1	2	0	0	0	0	0	0	0	0	0	0	0
ASV3941	1	1	1	0	0	1	0	1	0	0	0	0	0	0	0	0	0	1	0	0	0	2	0	0	1	1	1	0	0	0	0	1	0	1	0	1	0	6	0
ASV3958	2	0	0	0	0	1	0	0	0	2	0	0	0	0	1	0	0	2	0	0	0	0	0	0	0	0	0	0	0	0	0	0	4	4	2	0	1	2	0
ASV3963	1	0	0	0	1	0	0	0	2	1	0	1	0	1	1	0	0	0	0	0	0	0	0	2	0	0	0	0	0	0	0	0	0	0	1	0	0	5	7
ASV4037	0	0	0	1	0	0	0	0	0	0	0	0	0	0	0	0	0	0	0	1	0	0	0	0	0	1	0	0	0	0	0	4	0	0	4	0	1	8	6
ASV4057	1	0	0	1	0	0	0	0	0	0	0	0	0	0	0	0	0	0	0	0	0	0	0	0	0	1	1	0	0	0	0	7	3	1	3	0	2	3	0
ASV4195	0	0	0	0	0	0	1	0	1	0	0	0	0	0	0	0	0	0	0	0	0	0	0	0	0	0	0	1	0	0	0	0	1	1	1	0	0	18	0
ASV4196	2	1	0	0	1	1	0	0	2	2	0	0	0	0	0	0	0	0	0	0	0	0	0	0	0	0	0	0	0	0	0	8	0	1	0	0	0	10	0
ASV4233	0	0	1	0	0	0	0	2	0	1	2	1	0	1	0	1	0	1	1	1	0	2	2	0	0	0	0	0	1	1	1	0	0	0	0	0	0	0	0
ASV4246	1	1	2	3	0	2	0	0	0	3	0	0	0	0	0	0	0	0	0	4	0	0	0	0	4	2	0	1	1	0	0	0	0	0	0	0	0	0	0
ASV4368	0	2	2	0	3	2	1	2	0	0	1	0	0	0	0	0	0	0	0	0	0	0	0	1	1	2	0	2	1	0	0	0	0	0	0	0	0	0	0
ASV4412	2	1	0	0	1	0	0	0	0	1	0	0	0	0	0	0	0	0	0	5	0	0	0	1	1	0	1	0	0	0	0	0	4	0	0	3	0	0	0
ASV4416	2	1	0	0	0	0	1	0	0	0	0	0	0	0	1	2	2	3	2	0	1	2	0	1	0	1	1	0	2	0	0	0	0	0	0	0	2	0	0
ASV4429	3	0	0	1	4	0	0	0	0	0	0	0	0	0	0	0	0	0	0	4	0	0	0	0	0	0	1	1	0	0	0	0	0	1	0	0	1	5	2
ASV4489	0	1	1	0	2	0	0	0	0	2	1	0	0	0	0	0	1	0	2	0	0	0	0	1	0	1	1	0	1	2	1	0	0	0	0	0	1	0	0
ASV4507	0	0	0	0	0	1	0	0	0	0	0	0	0	0	0	0	0	0	0	2	0	0	0	0	0	0	0	1	0	0	0	1	2	1	4	0	2	11	0
ASV4525	2	0	0	0	1	1	1	0	0	0	0	0	0	1	1	0	0	2	2	1	3	0	1	0	0	0	2	0	1	1	2	0	0	0	0	0	0	0	0
ASV4531	0	0	0	0	0	0	0	0	0	0	0	0	0	0	0	0	0	0	0	0	0	0	0	0	0	1	0	0	0	0	0	12	6	2	1	0	1	2	0
ASV4573	1	3	2	0	0	0	0	0	0	1	0	0	0	0	0	0	0	0	0	3	0	0	0	1	0	0	1	1	1	0	0	0	0	1	1	0	0	3	0
ASV4621	4	0	0	0	1	0	0	0	0	0	0	0	0	0	0	0	0	0	0	0	0	0	0	0	0	0	0	0	0	0	0	6	5	1	2	1	1	4	0
ASV4730	0	0	2	2	0	3	2	0	0	1	0	0	0	0	0	0	0	0	1	1	0	0	1	1	2	2	0	1	3	1	0	0	0	0	0	0	0	0	0
ASV4817	1	2	0	0	2	0	0	0	0	0	1	0	0	1	1	0	0	1	0	2	0	1	0	0	2	0	1	0	1	0	0	0	0	1	1	1	2	1	0
ASV4846	1	1	0	0	0	1	1	0	1	0	0	0	0	0	0	0	0	1	1	1	1	0	0	0	1	0	0	0	0	0	3	0	0	0	0	0	0	0	0
ASV4895	1	1	0	0	0	0	0	0	0	0	0	0	0	0	0	0	0	0	0	0	0	0	0	0	0	0	0	0	0	0	0	0	0	1	1	14	0	0	0
ASV4914	3	0	0	0	1	1	0	0	0	0	0	0	1	0	0	0	1	0	0	0	1	0	0	0	0	1	1	1	1	0	0	2	1	5	0	1	0	4	0
ASV4916	1	0	0	0	0	0	0	0	0	0	0	0	0	0	0	0	0	0	0	0	0	0	0	0	0	0	0	0	0	0	0	6	1	6	3	3	0	0	0
ASV4947	2	2	1	0	0	2	1	0	0	2	0	0	0	0	0	0	0	0	0	0	0	0	0	1	1	3	0	1	1	0	0	1	0	2	0	0	0	0	0
ASV4984	1	1	1	0	2	0	0	0	0	0	0	0	0	0	0	0	0	0	0	1	0	1	3	0	1	0	0	0	0	3	0	0	0	3	3	1	0	0	0
ASV5162	0	0	0	0	1	0	0	0	0	0	0	0	0	2	2	2	1	0	1	0	0	2	1	0	0	0	0	0	0	2	1	0	0	4	0	0	0	1	1
ASV5331	0	0	0	0	0	0	0	0	0	0	1	1	0	0	0	0	0	0	0	1	0	0	0	0	0	0	0	0	0	0	0	2	0	0	0	0	21	0	0
ASV5370	4	1	2	0	0	1	0	2	1	2	0	0	0	1	0	0	0	0	0	1	1	0	0	1	1	1	2	0	2	1	0	0	0	0	0	0	0	0	0
ASV5383	4	0	0	1	0	1	4	0	1	1	0	0	0	0	0	0	0	1	0	1	1	0	0	2	2	0	0	1	1	0	0	0	0	0	0	0	0	0	0
ASV5443	0	1	1	1	0	0	0	0	0	1	0	0	0	0	0	0	0	0	0	2	0	0	0	2	1	1	1	1	0	0	0	0	1	2	1	3	0	1	0
ASV5458	1	0	0	0	0	1	0	0	0	0	0	0	1	0	0	0	0	0	0	2	0	0	0	2	1	2	0	1	0	0	0	3	0	1	2	1	2	2	0
ASV5599	0	1	0	0	0	0	1	0	1	1	0	0	0	0	0	0	0	0	0	0	0	0	0	0	1	0	2	0	1	0	0	2	0	4	3	1	0	0	0
ASV5745	0	0	1	0	1	0	0	0	0	0	1	0	0	0	0	0	0	0	0	0	0	0	0	0	0	1	0	0	0	0	0	2	1	5	4	0	1	3	0
ASV5794	1	0	0	0	0	0	0	0	0	0	0	0	1	3	0	0	0	1	0	0	2	3	2	0	0	0	0	0	0	3	0	0	0	0	0	0	0	0	0
ASV5831	2	5	1	0	1	0	1	0	0	1	0	0	0	0	0	0	0	1	0	0	0	0	1	0	0	0	1	0	1	0	0	1	2	0	2	0	0	1	0
ASV5844	0	0	0	0	0	0	0	0	0	0	0	0	0	0	0	0	0	0	0	0	0	0	0	0	0	2	0	1	0	1	0	6	10	2	0	1	1	1	0
ASV5861	2	0	0	0	1	0	0	0	0	0	0	0	0	0	0	0	5	0	0	0	1	1	5	0	0	2	1	0	2	0	0	0	0	0	0	0	0	1	0
ASV5870	3	1	0	0	0	0	0	0	0	0	0	1	0	0	0	0	0	0	0	0	0	1	0	1	0	1	0	0	0	0	0	5	7	2	0	1	0	0	0
ASV5892	0	0	0	0	0	1	1	0	0	0	0	0	0	0	0	0	0	0	0	2	0	0	0	0	1	0	0	0	0	0	0	5	2	0	5	2	0	0	0
ASV2694	2	1	0	0	2	2	0	0	0	0	0	0	0	1	0	0	0	0	1	2	1	0	0	2	0	3	0	0	0	0	0	0	0	0	2	0	0	1	0
ASV3103	1	0	0	0	0	0	0	0	0	0	0	0	0	0	0	0	0	0	0	0	0	0	0	0	0	0	0	0	0	0	0	4	1	5	1	0	0	13	2
ASV3118	13	2	0	0	1	2	0	0	0	1	0	0	0	0	0	0	0	0	0	1	0	0	0	1	0	1	0	0	1	0	0	0	0	0	0	0	0	0	0
ASV3120	6	0	0	0	0	0	0	0	1	1	2	0	0	1	0	2	0	0	1	0	3	2	1	0	1	0	0	1	0	0	0	0	0	0	0	0	0	0	0
ASV3170	2	1	1	0	0	0	1	0	0	2	1	0	0	0	0	0	0	0	2	1	1	1	0	0	0	1	1	0	1	1	0	0	0	0	0	0	0	0	0
ASV3178	2	1	0	0	0	0	0	0	0	0	0	0	0	0	0	0	0	0	0	0	1	1	0	1	0	0	0	0	0	0	0	2	7	2	4	2	0	0	1
ASV3195	2	0	4	0	2	2	0	1	2	0	2	3	0	0	0	0	0	0	0	1	0	0	0	0	0	0	0	1	0	0	0	0	0	0	0	0	0	0	0
ASV3239	0	2	0	0	3	1	1	0	1	0	0	2	0	0	0	2	0	0	1	0	0	0	1	0	0	0	1	3	0	0	0	0	0	0	1	0	0	0	0
ASV3269	0	2	0	1	0	0	8	0	0	0	0	1	0	0	0	0	0	0	0	0	0	0	0	3	1	0	0	1	1	0	0	0	0	0	0	0	0	0	0
ASV3284	1	0	1	0	0	1	0	1	0	0	0	0	0	0	0	0	0	0	0	0	0	0	0	0	0	1	0	0	1	0	0	1	1	5	3	0	1	3	4
ASV3325	1	1	0	0	2	0	0	2	0	1	0	0	0	0	0	0	0	0	0	0	0	0	0	0	0	1	0	1	0	0	0	4	1	1	3	0	0	0	0
ASV3366	6	0	0	0	0	2	0	2	1	1	0	0	0	0	0	0	0	0	0	0	0	0	1	0	6	0	0	0	0	0	0	0	0	0	0	0	0	0	0
ASV3398	0	0	1	1	1	0	0	0	2	2	0	0	0	0	0	0	0	0	0	2	2	0	0	0	0	1	0	1	2	0	0	1	0	0	0	0	0	7	0
ASV3399	0	0	0	0	1	0	0	0	0	1	0	0	0	0	0	0	1	0	0	1	1	0	0	2	1	0	0	0	0	0	1	4	0	3	3	0	1	2	2
ASV3402	0	3	0	0	0	0	2	1	0	0	0	0	0	0	0	0	0	0	0	1	0	0	2	4	1	0	1	0	0	0	1	0	1	1	0	0	0	0	0
ASV3408	0	2	1	0	0	0	1	1	1	1	0	0	0	0	0	0	1	1	0	0	0	0	0	0	1	0	0	0	1	0	0	2	5	0	0	1	0	0	1
ASV3415	2	1	3	0	0	0	0	0	0	0	0	0	0	0	0	0	0	0	0	1	0	0	0	2	1	2	1	0	0	0	0	0	0	2	0	0	3	1	2
ASV3431	1	0	1	1	1	2	0	1	0	0	0	0	0	0	0	0	0	0	0	0	0	1	0	0	1	0	2	0	0	0	0	0	0	0	0	0	0	12	0
ASV3436	1	0	0	0	0	0	0	1	0	0	0	0	0	0	0	0	0	0	0	0	0	0	0	1	0	1	1	0	0	0	0	0	0	0	0	17	0	0	0
ASV3440	0	0	1	0	0	0	0	0	0	0	0	0	0	0	0	0	0	0	0	0	0	0	2	0	0	1	0	0	0	0	1	2	2	1	0	0	10	1	1
ASV3448	0	2	0	1	1	0	0	1	0	2	0	0	0	0	0	0	0	0	0	0	0	0	0	1	0	1	0	1	0	0	0	2	2	2	0	0	1	0	0
ASV3452	0	2	0	3	0	1	1	0	2	0	0	0	0	1	1	0	0	0	0	2	0	0	0	1	3	0	0	0	0	0	0	0	0	0	0	0	0	1	0
ASV3474	0	1	0	1	0	2	1	0	2	3	1	0	1	2	1	0	0	0	0	2	0	1	0	2	0	1	1	0	0	1	0	0	0	0	0	0	0	0	0
ASV3476	1	0	0	0	0	1	0	0	0	0	0	0	0	1	0	0	0	0	0	0	0	0	0	0	0	0	0	1	1	0	0	3	2	4	0	3	1	4	1
ASV3486	2	0	0	1	0	0	0	0	0	0	0	0	0	0	0	0	0	0	0	0	0	0	0	0	0	0	0	0	0	0	0	1	3	0	1	11	0	6	0
ASV3520	4	0	1	1	1	0	0	0	0	0	0	0	0	1	0	0	2	0	0	0	1	0	0	0	1	3	1	1	0	0	0	0	0	0	1	0	0	1	0
ASV3523	0	1	0	1	0	1	0	0	0	0	0	0	0	0	0	0	0	0	1	0	0	0	0	0	0	0	0	0	1	0	0	4	2	6	1	0	2	1	0
ASV3530	3	0	0	0	1	1	0	0	0	0	0	0	0	0	0	0	0	0	1	0	0	0	0	0	0	1	0	0	0	0	0	0	0	0	0	0	0	17	0
ASV3542	1	0	0	0	0	0	0	0	0	2	0	0	0	1	0	0	0	0	0	1	0	0	0	0	1	0	1	0	0	0	0	4	0	3	1	0	0	1	1
ASV3599	0	2	1	0	1	0	2	0	0	3	0	0	0	1	0	0	0	0	0	0	1	1	0	1	0	2	0	0	1	0	0	0	0	0	0	0	0	1	0
ASV3624	0	0	1	1	0	0	0	2	1	0	0	0	0	0	0	1	0	0	1	0	0	0	1	1	0	0	0	0	0	0	0	0	0	3	1	0	0	0	4
ASV3670	1	2	0	1	0	0	0	2	0	0	0	0	0	0	0	0	0	0	0	1	0	0	0	1	1	0	0	0	1	1	0	1	1	2	5	0	2	2	0
ASV3673	1	1	2	0	1	0	1	1	0	1	0	2	0	1	0	1	0	0	0	0	1	0	0	1	1	1	0	1	0	0	1	0	0	0	0	0	0	0	0
ASV3690	0	0	0	0	0	0	0	0	0	0	0	0	0	0	0	0	0	0	0	0	0	0	0	0	0	0	0	0	0	0	0	1	0	0	0	0	21	2	0
ASV3694	1	0	0	0	0	0	0	1	0	3	0	1	0	0	0	0	0	0	0	1	0	0	0	0	0	1	1	0	0	0	0	1	4	3	1	6	1	0	0
ASV3701	5	2	0	1	0	1	0	0	0	1	0	0	0	0	0	1	0	0	0	1	0	0	0	0	1	2	0	0	0	0	0	1	1	0	1	0	0	2	0
ASV3725	2	2	0	0	1	0	0	1	0	0	0	0	0	1	0	2	1	0	1	1	0	0	0	2	0	0	2	0	2	1	0	1	0	1	1	0	0	1	0
ASV3738	1	0	1	0	0	0	0	0	0	0	0	0	0	0	0	0	0	0	0	1	0	0	0	1	1	2	0	0	0	0	0	0	2	2	3	5	0	0	0
ASV3742	5	1	0	1	0	0	0	0	0	0	0	0	0	0	0	0	0	0	0	2	0	0	0	1	0	0	1	0	1	0	0	9	0	1	0	0	0	2	0
ASV3749	3	1	0	1	1	0	0	0	0	0	1	2	1	0	0	0	0	0	0	1	0	0	0	1	0	3	0	0	1	0	0	0	0	0	0	0	0	0	4
ASV3753	2	1	0	0	1	2	1	0	1	0	0	1	0	0	0	0	0	0	0	4	0	0	0	1	1	1	1	0	0	0	0	1	0	0	0	0	0	2	0
ASV3757	2	1	1	1	0	0	3	0	0	0	0	0	0	0	0	0	0	0	0	3	0	0	0	3	2	2	0	2	0	0	0	0	1	1	2	1	0	0	0
ASV3774	2	0	0	0	0	2	0	0	0	1	0	0	0	0	0	0	0	0	0	1	0	0	0	0	0	0	1	0	2	0	0	6	2	0	1	2	2	2	0
ASV3825	1	0	0	0	0	0	0	0	0	0	0	0	0	0	0	0	0	0	1	0	0	0	0	0	0	0	0	0	0	0	0	8	2	1	3	0	1	3	0
ASV3835	1	4	0	1	1	0	0	0	0	1	0	0	0	0	0	0	0	0	0	0	0	0	0	0	1	0	1	0	0	0	0	2	5	1	0	0	4	0	0
ASV3849	2	2	0	0	1	0	0	0	0	2	0	0	0	0	0	0	0	0	0	1	0	0	0	0	0	0	0	2	1	0	0	1	0	0	1	6	0	0	0
ASV3857	1	3	0	1	0	0	1	0	0	0	0	0	0	0	0	0	0	0	0	1	0	0	0	2	1	0	1	0	0	0	1	1	0	1	5	0	0	2	3
ASV3886	1	3	0	0	0	0	0	0	0	0	0	0	0	0	0	0	0	0	0	0	0	0	0	0	1	0	0	0	0	0	0	4	0	0	2	0	2	4	3
ASV3908	0	1	0	2	0	0	0	0	0	0	0	1	1	0	0	0	0	2	1	0	0	0	0	0	1	3	0	0	0	0	0	2	1	4	2	0	1	1	0
ASV3929	3	1	0	0	1	1	1	0	0	0	0	0	0	0	0	0	0	0	0	1	0	0	0	0	0	0	2	0	0	1	0	2	0	0	1	2	3	1	0
ASV3934	0	2	0	0	0	0	1	0	0	0	0	0	0	0	0	0	0	0	0	0	0	1	0	0	0	0	0	0	0	0	0	4	3	6	4	0	2	1	0
ASV3978	3	0	0	0	0	0	0	0	2	2	0	0	0	0	0	1	0	1	0	0	2	1	0	1	0	2	1	1	1	0	2	2	0	0	0	0	1	1	0
ASV4043	0	1	2	1	2	0	1	0	0	1	0	0	0	0	0	0	1	0	0	1	0	0	1	0	0	1	0	5	1	0	1	0	0	0	1	0	0	0	0
ASV4049	0	0	0	0	0	0	0	0	0	0	0	1	0	4	0	0	0	0	0	0	0	2	11	0	0	0	0	0	0	0	0	0	0	0	0	0	0	0	0
ASV4053	0	2	2	1	3	3	1	0	0	2	0	0	0	0	0	0	0	0	0	2	0	0	0	0	1	2	0	1	0	0	0	0	0	0	0	0	0	1	0
ASV4080	0	0	0	0	1	0	0	0	0	0	0	0	0	0	0	0	0	1	0	0	0	0	0	0	0	1	0	0	0	0	0	0	0	2	3	11	0	1	0
ASV4112	2	0	1	0	1	1	1	2	1	0	0	2	0	0	1	0	0	1	0	1	2	0	0	1	1	1	0	1	1	1	0	0	0	0	0	0	0	1	1
ASV4127	1	0	0	0	0	0	0	0	0	1	0	0	0	0	0	0	0	0	0	0	0	0	0	2	1	0	1	1	0	0	0	1	9	1	1	2	1	1	0
ASV4140	2	0	0	1	0	0	0	0	0	0	0	0	0	0	0	0	0	1	0	1	0	1	0	1	1	1	0	0	0	0	0	2	4	4	0	4	0	1	0
ASV4200	0	1	1	1	3	0	0	0	0	0	0	0	0	0	0	0	0	0	0	3	0	0	0	1	1	1	1	0	0	0	0	1	3	1	0	0	0	5	0
ASV4210	4	1	1	0	0	0	0	0	0	0	0	0	0	0	1	0	0	0	0	0	0	0	0	0	0	0	1	1	0	0	0	0	0	2	0	0	0	4	4
ASV4235	0	0	1	1	0	1	0	0	0	0	1	0	1	1	0	1	1	1	2	0	0	0	0	1	0	1	0	0	2	0	0	0	0	1	0	0	0	1	0
ASV4248	1	0	0	2	0	0	1	0	0	4	0	0	0	0	0	0	0	0	0	3	0	0	1	1	1	0	0	0	0	0	0	1	0	1	2	0	0	2	0
ASV4281	0	0	0	0	0	0	0	0	0	0	0	0	0	0	0	0	0	0	0	0	0	0	0	0	0	0	0	0	0	0	0	4	2	3	1	0	4	9	0
ASV4295	5	0	2	1	0	2	1	0	1	0	0	0	0	0	0	0	0	0	0	1	0	0	0	0	1	2	3	0	1	0	0	0	1	0	0	0	0	3	0
ASV4325	1	0	0	0	0	0	0	0	0	0	0	0	0	0	0	0	0	0	0	0	1	0	0	1	0	1	0	0	0	1	0	0	2	2	1	2	7	3	0
ASV4331	0	1	0	0	1	0	1	4	2	0	0	0	0	0	0	0	0	0	0	1	0	1	0	0	1	0	0	1	1	0	1	1	0	0	1	0	3	3	0
ASV4332	0	0	0	0	1	0	0	0	0	0	2	0	0	0	0	0	0	0	0	0	0	0	0	0	0	0	0	0	1	1	0	6	0	2	0	2	5	6	0
ASV4417	3	0	1	2	0	0	0	1	1	0	1	0	0	0	0	0	0	0	0	1	2	1	0	1	0	2	0	0	0	2	0	0	0	0	0	0	0	0	2
ASV4428	0	3	1	0	0	1	1	0	0	0	1	1	0	0	0	1	0	0	1	0	5	0	0	0	0	0	1	0	0	1	1	0	0	0	0	0	0	0	0
ASV4467	2	4	1	0	0	1	0	0	0	1	0	0	0	0	0	0	0	0	0	0	0	1	0	7	0	0	0	1	0	0	0	0	0	2	1	0	0	0	0
ASV4475	0	2	0	0	1	2	0	0	0	0	0	0	0	0	0	0	2	0	0	2	0	1	1	1	2	3	1	0	1	0	0	0	0	1	0	0	0	0	0
ASV4503	0	2	0	1	2	0	2	1	1	0	2	0	3	2	1	1	0	0	0	0	0	0	0	1	0	0	0	0	0	2	0	0	0	0	0	0	0	0	0
ASV4527	1	1	0	2	0	2	0	2	0	0	1	2	0	0	0	0	0	0	0	1	0	0	0	2	1	2	2	1	1	0	0	0	0	0	0	0	0	0	0
ASV4601	0	0	1	0	0	1	2	1	0	1	2	0	0	0	0	0	0	0	0	1	0	0	0	2	2	2	0	1	2	0	0	0	0	0	0	0	0	0	0
ASV4615	1	1	1	2	0	0	0	1	1	0	1	0	0	0	0	0	0	1	0	2	0	0	0	0	3	0	1	1	0	0	0	0	0	2	1	0	0	1	0
ASV4617	0	0	2	0	0	0	0	0	0	0	0	1	1	0	4	0	4	0	2	0	0	0	2	0	0	0	0	0	0	0	0	0	0	0	0	0	0	0	0
ASV4635	2	1	0	0	0	0	0	0	0	0	0	0	0	1	1	0	0	0	0	1	0	0	0	0	0	0	0	0	0	0	0	0	0	1	1	0	9	6	0
ASV4655	6	0	0	0	0	0	0	0	1	2	0	0	0	0	0	0	0	0	0	2	0	0	0	0	1	1	1	0	0	0	0	2	1	0	0	0	4	0	1
ASV4669	1	1	0	1	0	3	0	0	0	2	0	0	0	0	0	0	0	0	0	1	0	0	0	1	2	0	0	1	0	0	0	1	1	1	0	1	0	0	0
ASV4797	0	0	1	2	1	1	0	1	2	0	2	0	0	0	1	0	0	0	0	0	0	0	0	2	0	1	1	1	1	0	0	0	0	0	0	0	0	0	0
ASV4799	4	2	1	2	0	1	1	0	0	1	0	0	0	0	0	0	0	0	0	1	0	0	0	1	1	0	2	0	0	0	0	0	0	0	0	0	1	0	0
ASV4802	0	1	1	0	0	0	0	1	0	0	0	0	0	0	0	0	0	0	0	0	0	0	0	0	0	0	0	0	1	0	0	5	5	3	0	4	1	1	0
ASV4879	0	0	0	0	0	0	0	0	0	0	0	0	0	0	0	0	0	1	0	0	0	0	0	0	1	0	0	0	0	0	0	2	3	8	0	0	4	1	0
ASV4880	3	0	1	0	1	0	2	2	2	0	0	0	0	2	0	0	1	0	0	0	1	0	0	0	0	0	0	1	0	0	1	0	0	0	0	0	0	0	0
ASV4897	0	1	0	0	0	2	0	1	0	0	0	0	0	0	0	0	0	0	0	1	0	0	0	2	1	1	3	0	1	0	0	0	1	0	6	2	0	0	0
ASV4919	4	0	1	0	0	0	0	1	0	0	1	1	0	1	0	0	0	1	0	1	0	1	0	0	0	0	0	0	0	0	1	0	0	0	0	0	0	5	1
ASV4946	0	1	1	0	0	0	0	0	0	1	0	0	0	1	0	0	0	0	0	2	0	0	0	0	0	2	0	0	0	0	0	1	0	5	4	0	0	0	0
ASV4989	3	0	0	1	0	0	0	0	0	0	0	0	0	0	0	0	0	0	0	0	0	0	1	0	0	0	0	0	0	0	0	3	0	1	0	0	0	9	3
ASV4992	2	1	0	0	0	0	1	0	0	1	0	0	0	0	0	0	0	0	0	2	0	0	0	1	1	2	0	0	1	1	0	2	3	1	2	0	0	0	0
ASV5030	4	0	0	1	2	0	0	0	0	2	0	0	0	0	0	0	0	0	0	3	0	0	0	2	2	1	2	0	1	0	0	0	1	1	1	1	1	1	0
ASV5062	0	1	1	0	0	0	0	0	0	0	1	1	1	1	0	1	3	2	0	0	0	1	2	1	2	0	0	0	0	0	0	0	0	0	0	0	0	0	0
ASV5122	0	0	1	2	0	1	1	0	1	0	0	0	0	0	0	0	0	0	0	1	0	0	1	0	0	1	1	4	1	0	0	0	0	1	0	0	0	0	0
ASV5301	2	0	1	0	0	0	1	0	3	0	0	0	0	1	1	0	0	0	0	1	1	2	0	0	0	1	0	0	1	0	4	0	0	2	0	0	0	3	0
ASV5306	7	1	0	0	0	0	1	0	0	0	0	0	1	0	0	0	0	0	0	2	0	0	0	1	1	2	1	3	2	0	0	0	0	0	0	0	0	0	0
ASV5431	0	2	1	0	0	0	0	0	1	1	0	0	0	0	0	0	1	0	0	0	1	0	0	1	1	0	3	2	0	0	0	3	1	3	0	0	0	1	0
ASV5470	1	2	1	0	1	1	0	0	1	2	0	0	0	0	0	0	0	0	0	2	1	0	0	1	1	1	0	1	0	0	0	0	1	1	2	0	0	1	0
ASV5549	1	3	0	0	1	0	1	1	0	1	0	0	0	0	0	0	0	0	0	0	0	0	0	1	0	0	1	1	0	0	0	0	5	0	1	1	1	1	1
ASV5568	1	0	2	1	3	3	1	2	0	0	0	0	0	0	0	0	0	0	0	1	0	0	0	1	1	1	1	1	0	0	0	0	0	0	0	0	0	0	0
ASV5580	3	1	2	1	0	0	1	1	2	0	0	0	0	0	0	0	0	0	1	0	0	0	2	2	0	2	1	2	0	0	0	0	0	1	1	1	0	0	0
ASV5581	1	3	1	0	0	0	0	1	0	1	0	0	0	0	0	0	0	0	0	1	0	0	0	0	2	1	1	1	1	0	0	0	3	2	1	1	0	0	0
ASV5590	4	0	2	0	1	0	0	1	0	0	0	0	0	0	0	0	0	0	0	2	0	0	1	0	0	1	0	2	1	0	0	0	0	0	0	0	0	4	0
ASV5644	2	1	0	0	0	0	0	0	0	2	0	0	0	0	0	0	0	0	0	1	0	0	0	2	0	2	1	0	0	0	0	1	0	0	3	2	1	2	0
ASV5773	0	0	0	0	0	0	0	0	0	0	0	0	0	0	0	0	0	0	0	0	0	0	0	1	0	0	0	0	2	0	0	3	2	1	2	1	0	11	0
ASV5779	0	0	0	0	2	0	0	0	0	0	1	0	0	1	3	0	0	0	1	2	0	0	2	1	1	0	2	0	2	0	0	0	0	1	0	0	0	0	0
ASV5856	0	2	1	0	1	1	0	0	0	1	0	0	0	0	1	0	1	0	0	1	0	0	0	1	0	0	0	1	1	3	2	0	0	0	0	0	1	0	0
ASV5869	1	0	2	3	0	0	1	0	0	0	0	0	0	0	0	0	1	2	1	0	0	1	0	1	0	2	2	0	0	1	0	1	0	3	0	0	1	1	0
ASV2871	0	1	0	0	0	0	0	0	0	0	0	0	0	0	0	0	0	0	0	0	0	0	0	0	0	0	0	0	0	0	0	5	15	3	2	0	0	0	0
ASV2889	0	0	0	0	0	0	0	0	0	1	0	0	0	0	0	0	0	0	0	0	0	0	0	0	0	0	0	0	0	0	0	5	9	3	1	0	1	0	0
ASV2935	0	1	2	0	0	1	0	0	1	0	1	0	0	0	0	0	0	1	0	1	1	0	1	1	0	0	2	0	2	0	0	1	0	0	0	0	1	0	1
ASV2994	1	1	1	1	1	1	3	0	0	1	0	1	0	1	0	0	0	0	0	3	0	0	0	0	1	1	1	0	2	0	0	1	0	0	0	0	0	0	0
ASV3016	3	0	1	1	0	0	0	2	0	0	0	0	0	0	0	0	0	2	0	0	2	1	1	2	1	0	0	0	0	0	0	0	0	0	0	0	0	0	0
ASV3061	0	0	0	0	0	1	1	0	0	1	0	0	0	0	0	0	3	0	1	1	0	1	0	1	2	1	0	0	0	0	1	2	0	0	1	0	0	1	1
ASV3091	1	0	0	0	1	1	0	0	0	0	0	1	0	0	0	0	0	0	0	2	0	0	0	0	1	0	1	0	0	0	0	3	0	5	3	0	2	1	0
ASV3121	0	0	0	0	1	0	0	0	0	0	0	0	0	0	0	0	0	0	0	0	0	0	0	0	0	0	1	0	0	0	0	0	12	2	0	2	0	0	0
ASV3139	0	0	0	1	1	0	0	0	0	0	0	0	0	0	0	0	0	0	0	0	0	0	0	1	1	0	1	0	0	0	0	1	7	0	2	2	0	0	0
ASV3165	0	0	0	0	0	0	0	0	0	0	1	0	0	1	1	3	2	0	2	0	3	2	0	0	1	0	0	0	0	1	2	0	0	1	1	0	1	0	0
ASV3172	6	2	0	0	1	0	1	0	0	3	0	0	0	0	0	0	0	0	0	1	0	0	0	3	2	2	1	0	0	0	0	0	0	0	0	1	0	0	0
ASV3192	4	2	0	1	0	0	0	0	0	0	0	0	0	0	0	0	0	0	0	0	0	0	0	2	1	0	5	0	0	0	0	0	0	0	0	0	0	3	0
ASV3193	0	2	2	0	0	1	0	0	1	1	0	0	0	0	0	0	0	0	0	4	0	0	0	1	0	1	0	2	1	0	0	0	4	0	1	0	0	0	0
ASV3215	0	4	1	0	0	1	1	0	0	1	0	0	1	0	1	0	0	0	0	2	0	0	0	1	1	0	1	1	1	0	0	0	1	1	0	0	0	0	0
ASV3247	0	2	2	1	1	0	1	0	0	1	0	0	0	0	0	1	0	0	0	3	0	0	0	1	0	1	1	1	1	0	0	0	1	1	0	0	0	1	0
ASV3262	0	0	0	0	0	0	0	0	0	0	0	0	0	0	0	0	0	0	0	0	0	0	0	0	0	0	0	0	0	0	0	2	0	1	0	0	10	6	1
ASV3295	0	0	0	0	0	0	0	0	0	0	0	0	0	0	0	0	0	0	0	0	0	0	0	0	0	0	0	0	0	0	0	0	10	5	3	3	0	0	0
ASV3310	2	0	0	0	0	0	0	0	0	0	2	1	0	0	3	4	0	2	0	0	0	0	0	1	1	0	0	0	0	1	0	0	0	0	0	0	0	0	1
ASV3319	1	3	1	1	0	0	1	1	0	1	0	0	0	0	0	0	0	0	0	1	0	0	0	3	0	3	1	0	0	0	0	0	0	0	0	0	0	0	0
ASV3345	2	0	0	0	2	1	1	0	1	1	0	2	1	0	0	0	0	0	0	2	0	0	0	1	0	3	2	1	0	0	0	0	0	0	0	0	0	0	0
ASV3350	2	1	0	2	0	2	2	1	0	1	1	0	0	0	0	1	0	0	0	0	0	0	0	1	0	0	0	2	0	0	1	0	0	0	1	0	0	0	0
ASV3373	6	2	1	0	1	1	0	1	0	0	0	0	0	0	0	0	0	0	0	2	0	0	0	2	3	0	0	0	1	0	0	0	0	0	0	0	0	0	0
ASV3379	2	0	0	1	0	0	1	0	0	0	0	0	0	0	0	0	0	0	0	1	0	0	0	1	0	3	0	0	0	0	0	0	5	2	0	2	0	7	0
ASV3380	0	2	2	3	1	0	0	0	0	1	0	0	0	0	0	0	0	0	0	0	0	3	0	0	3	1	3	0	0	0	1	0	0	0	0	0	0	0	0
ASV3392	0	0	0	0	0	0	0	0	0	0	0	0	0	0	0	0	1	0	3	0	1	4	2	0	0	0	0	0	0	2	1	0	0	0	0	0	0	0	0
ASV3420	2	1	1	3	0	1	1	0	0	1	0	0	0	0	0	0	1	0	0	1	0	0	1	0	2	2	2	0	2	0	1	0	0	0	0	0	0	0	0
ASV3455	0	0	0	0	0	0	0	0	0	0	0	0	0	0	1	0	0	0	7	0	0	0	4	0	0	0	0	0	0	2	3	0	0	0	0	0	0	0	0
ASV3506	0	1	1	0	0	0	0	0	0	0	0	0	0	0	0	0	0	0	0	3	0	0	0	0	0	1	0	0	0	0	0	4	6	3	2	0	0	0	0
ASV3538	0	0	0	0	0	0	0	0	0	0	0	0	0	0	0	0	0	0	0	0	0	0	0	0	1	0	0	0	0	0	0	1	6	0	0	13	0	1	0
ASV3544	1	0	0	0	0	0	0	0	0	0	0	0	0	0	0	0	0	0	0	0	0	0	0	0	0	2	0	0	0	0	0	0	0	0	1	16	0	2	0
ASV3545	0	1	0	0	0	0	1	0	0	0	0	0	0	0	0	0	0	0	0	0	0	0	0	0	0	1	0	0	0	0	0	2	0	4	3	4	0	2	0
ASV3562	0	0	0	0	0	0	0	0	2	0	0	0	0	0	0	2	4	0	5	0	1	3	0	0	1	0	0	0	0	0	0	0	0	0	0	0	0	0	0
ASV3575	0	0	0	0	1	0	0	0	0	0	0	0	0	0	1	1	8	0	3	0	0	1	0	0	0	0	0	0	0	0	1	0	0	0	0	0	0	0	0
ASV3608	2	0	1	0	0	1	0	0	2	1	1	1	0	0	0	1	0	2	0	0	0	1	0	1	0	0	1	0	1	0	0	0	0	1	0	0	0	0	0
ASV3646	0	0	0	0	0	0	0	0	0	0	0	0	0	0	0	0	0	0	0	0	0	0	0	1	0	0	0	0	0	0	0	9	0	2	3	1	2	1	0
ASV3668	1	0	0	0	0	0	0	0	0	0	0	0	0	0	0	0	0	0	0	0	0	0	0	0	0	0	0	0	0	0	0	3	3	1	0	1	4	4	2
ASV3687	0	0	2	2	0	2	1	2	1	0	0	0	0	0	0	0	0	1	0	1	2	0	0	1	0	0	2	0	2	0	0	0	0	0	0	0	0	0	0
ASV3708	1	0	0	1	0	0	0	1	0	0	0	0	0	0	0	0	0	0	0	0	0	0	0	0	0	1	0	0	0	0	0	2	3	2	2	2	0	2	1
ASV3755	0	1	0	2	0	0	0	0	1	0	0	0	0	0	0	0	1	0	0	0	0	0	0	0	1	1	0	1	0	0	0	3	0	6	1	0	0	5	0
ASV3773	0	2	1	0	0	3	2	0	0	0	0	0	0	0	0	1	0	0	1	0	0	2	1	0	0	0	0	1	0	0	1	0	0	0	0	0	0	0	0
ASV3778	3	0	2	0	0	0	0	0	0	0	0	0	0	0	0	0	0	0	0	0	0	0	0	0	0	0	0	0	0	0	0	6	5	1	1	0	3	2	0
ASV3788	2	0	1	0	1	0	0	3	1	2	0	1	0	0	0	0	0	0	0	0	0	0	0	0	0	1	1	2	0	0	0	0	0	0	0	0	0	0	0
ASV3811	1	0	0	1	0	0	1	1	5	1	0	2	2	1	0	1	1	0	0	0	0	0	4	0	0	0	0	0	2	0	1	0	0	0	0	0	0	0	0
ASV3816	1	0	0	0	0	0	0	0	0	1	0	0	0	0	0	0	0	0	0	0	0	0	0	0	0	0	1	0	0	0	0	7	0	0	0	4	4	1	0
ASV3840	0	1	1	2	1	1	0	0	1	2	0	0	0	0	0	0	0	0	0	0	0	0	1	3	0	3	0	0	1	0	0	1	0	0	2	0	1	0	0
ASV3843	1	0	1	0	0	0	1	0	0	0	0	1	1	2	1	0	1	1	0	0	1	2	2	1	0	0	1	0	0	0	0	0	0	0	0	0	0	0	0
ASV3848	5	0	2	1	0	2	0	0	0	2	0	0	0	0	0	0	0	0	0	0	0	0	2	1	0	2	0	0	0	0	0	1	0	0	0	0	1	0	1
ASV3892	0	0	0	0	0	0	0	0	0	0	0	0	0	0	0	0	0	0	0	0	0	0	0	0	0	1	0	0	1	0	0	4	0	5	3	3	0	0	0
ASV3906	7	2	2	0	0	0	2	0	0	0	0	0	0	0	0	0	1	1	0	1	0	0	0	0	0	0	0	0	0	0	1	0	0	0	0	0	0	0	0
ASV3919	0	0	0	0	2	0	0	0	0	0	0	0	0	0	1	4	1	0	0	0	0	4	0	1	0	1	0	0	0	1	0	0	0	1	0	0	0	2	1
ASV3922	0	3	0	0	0	0	0	0	0	1	0	0	0	0	0	0	0	0	0	0	0	0	0	1	1	0	0	0	0	0	0	0	0	2	4	8	0	0	0
ASV4045	0	1	0	0	2	0	0	0	0	0	0	0	0	0	1	0	2	2	0	1	0	0	1	0	0	1	0	0	0	5	0	0	0	0	0	0	0	0	1
ASV4072	0	0	0	0	0	1	0	0	0	0	0	0	0	0	0	0	0	0	0	0	0	0	0	0	1	0	0	0	0	0	0	1	10	1	2	1	0	9	0
ASV4141	0	0	0	0	0	0	0	0	0	0	0	0	0	0	1	0	0	0	0	1	0	0	0	0	0	0	0	0	0	0	0	6	2	1	2	0	5	1	1
ASV4145	0	0	0	1	0	1	1	0	0	0	1	0	3	0	0	0	1	0	0	1	3	0	1	1	0	1	0	0	0	1	0	0	0	0	0	0	0	0	0
ASV4155	0	1	0	0	0	2	1	0	0	0	1	0	0	0	0	0	0	0	2	2	0	1	0	0	1	0	0	0	0	0	0	0	0	0	1	0	0	0	8
ASV4183	4	1	0	0	0	0	1	1	0	0	0	0	0	0	0	1	1	0	0	1	0	1	1	1	1	2	0	0	1	1	0	0	0	0	0	0	0	0	0
ASV4322	0	1	0	1	0	0	2	1	2	1	0	0	0	0	0	0	0	0	0	1	0	0	0	2	1	0	2	1	0	0	0	0	0	0	0	4	0	1	1
ASV4323	1	1	0	1	0	0	0	0	0	0	0	0	0	2	0	1	3	0	1	2	0	1	2	0	0	0	0	0	2	0	0	0	0	0	0	0	0	0	0
ASV4335	6	2	1	1	1	0	0	0	0	1	0	0	0	0	0	0	0	0	0	1	0	0	0	1	1	0	3	0	1	0	0	0	0	0	0	0	0	0	0
ASV4388	1	1	0	0	0	0	0	0	0	0	0	0	0	0	1	0	0	0	0	0	0	0	0	2	0	0	1	0	0	0	0	5	1	2	0	0	0	8	0
ASV4401	3	0	3	0	1	0	0	0	0	0	0	0	0	0	0	0	0	0	0	1	0	0	1	0	1	0	1	2	0	0	0	0	0	1	0	0	0	4	0
ASV4408	1	0	0	0	2	0	0	0	0	0	0	0	0	0	0	0	0	1	0	1	0	0	0	1	0	1	1	0	0	0	0	4	5	2	1	1	2	2	0
ASV4576	1	0	0	2	0	0	0	0	0	0	0	0	0	0	0	0	0	0	0	0	0	0	0	0	1	0	0	0	0	0	0	9	4	3	2	0	1	0	0
ASV4598	0	3	0	0	0	0	0	0	1	1	0	1	1	0	0	0	0	1	0	3	0	0	0	1	3	0	0	1	0	1	0	0	0	0	0	0	0	1	0
ASV4603	0	0	0	0	0	0	0	0	0	0	0	0	0	0	0	0	0	0	0	0	0	0	0	0	0	0	0	0	0	0	0	0	18	2	0	0	0	1	0
ASV4619	0	0	0	0	0	0	0	0	0	0	0	0	0	0	0	0	0	0	0	0	0	0	0	0	0	0	0	0	0	0	0	1	4	2	0	2	1	11	0
ASV4661	0	0	1	0	2	1	0	2	1	3	0	1	0	0	0	0	0	0	0	0	0	0	0	0	1	1	0	1	0	1	0	1	0	1	2	0	0	3	0
ASV4779	2	0	1	0	0	0	2	0	0	1	0	0	0	0	0	0	0	0	1	0	2	0	0	0	0	2	0	0	0	1	2	0	0	0	0	0	0	0	0
ASV4853	0	1	0	0	1	0	0	0	0	0	0	0	0	0	0	0	0	0	0	0	0	0	1	0	0	0	0	1	0	0	0	2	3	1	2	5	0	0	0
ASV4871	2	2	2	0	0	0	0	0	0	0	0	0	0	0	0	0	0	0	0	1	0	0	0	1	0	0	1	0	0	0	0	0	3	0	0	0	5	3	0
ASV4890	0	0	2	0	0	0	0	0	0	2	0	0	0	0	0	0	0	0	0	0	0	0	0	1	1	0	0	2	1	0	0	3	2	0	0	1	0	5	1
ASV4906	1	0	1	2	1	0	1	0	1	0	0	0	0	0	1	0	0	2	1	2	0	1	1	2	1	0	0	1	0	0	1	0	0	1	0	0	0	0	0
ASV4995	0	0	2	2	2	0	0	0	0	0	0	0	0	0	0	0	0	0	0	3	0	0	0	1	1	1	1	0	0	0	0	1	3	1	1	0	1	0	0
ASV5042	0	3	0	0	0	1	0	1	0	1	0	0	1	0	1	0	0	2	0	0	0	0	3	0	0	1	1	0	0	0	0	1	0	1	3	0	0	0	0
ASV5135	0	0	4	0	0	1	1	0	0	1	1	0	2	0	0	2	0	1	0	2	2	0	0	1	0	2	0	1	0	2	0	0	0	0	0	0	0	0	0
ASV5198	0	1	0	1	0	0	2	0	0	1	0	0	0	0	0	0	0	0	0	2	0	0	0	1	2	1	4	1	0	0	0	0	0	1	0	0	0	0	0
ASV5207	3	2	0	0	0	0	0	0	0	1	0	0	0	0	0	0	0	0	0	1	0	0	0	1	0	1	1	0	0	0	0	0	0	1	1	8	0	1	0
ASV5246	0	0	0	0	0	0	0	0	0	0	0	0	0	0	1	0	0	0	0	0	1	0	0	1	0	1	0	0	0	1	0	2	0	7	3	0	0	0	1
ASV5387	0	0	0	0	0	0	1	2	0	1	0	0	0	0	0	0	0	0	0	1	0	0	0	1	0	2	0	0	0	0	0	0	3	6	1	2	0	0	1
ASV5416	1	0	0	0	0	0	0	0	0	0	0	0	0	0	0	0	0	0	0	0	0	0	0	0	0	0	0	1	0	0	0	0	0	0	1	14	0	0	0
ASV5492	1	1	2	0	1	0	0	0	0	2	0	0	0	0	0	0	0	0	0	0	0	1	0	0	1	0	0	0	0	0	0	0	1	2	1	0	2	9	0
ASV5503	0	0	0	0	0	0	0	0	0	0	0	0	1	0	0	0	0	0	1	0	1	1	0	0	0	0	0	0	0	0	1	3	3	1	0	4	1	5	0
ASV5537	0	1	0	0	2	1	0	0	0	0	0	0	0	0	0	0	0	0	0	0	1	0	0	0	3	1	0	2	0	0	0	0	0	0	0	0	0	11	1
ASV5575	4	3	2	1	0	0	0	0	1	0	0	1	0	0	0	1	0	0	0	1	1	0	0	0	0	1	0	1	4	0	0	0	0	0	0	0	0	0	0
ASV5626	3	1	2	0	0	0	3	1	0	2	0	1	0	0	0	0	0	1	0	0	0	0	0	1	0	0	1	2	0	0	0	0	0	0	0	0	0	0	0
ASV5692	0	0	0	1	1	0	0	0	0	0	0	0	0	0	0	0	0	0	0	0	0	0	0	0	0	0	1	0	0	0	0	6	5	0	3	1	1	0	1
ASV5702	0	1	0	1	1	1	0	1	0	0	0	0	2	2	1	0	0	2	3	1	0	0	2	0	1	0	0	0	0	0	0	0	0	0	1	0	0	0	0
ASV5724	4	0	0	0	0	1	1	1	1	1	0	2	0	0	1	0	1	0	0	0	0	0	1	1	0	0	0	1	1	1	0	0	0	0	0	0	0	0	1
ASV5855	4	0	0	0	0	0	0	0	0	0	0	0	0	0	0	0	0	0	0	1	1	0	0	1	1	1	0	0	0	0	0	3	0	1	0	0	0	3	1
ASV3184	0	0	0	0	0	0	1	0	2	1	0	0	0	0	1	0	0	0	0	1	0	2	2	1	1	0	2	0	1	0	1	1	0	0	0	0	0	0	0
ASV3217	1	1	0	0	2	0	0	0	0	1	0	0	0	1	0	2	1	0	0	1	0	0	0	0	1	0	1	0	2	0	2	0	0	0	0	0	0	0	0
ASV3224	1	0	0	0	0	0	1	0	0	0	0	0	0	0	0	0	0	0	0	0	0	0	0	0	2	1	0	0	0	0	0	3	1	3	2	0	1	2	0
ASV3282	0	2	1	0	1	1	0	0	0	1	0	0	0	0	0	0	0	0	0	0	0	0	1	0	2	0	0	0	0	0	0	0	5	4	3	0	0	0	0
ASV3365	1	1	2	0	0	1	1	0	0	1	0	0	0	0	0	0	0	0	0	0	0	0	0	0	1	1	2	2	1	0	0	0	0	0	0	0	0	0	0
ASV3378	3	1	1	0	0	0	0	1	0	1	0	0	0	0	0	0	0	0	0	1	0	0	0	0	0	0	1	0	0	0	0	3	2	3	1	0	0	0	0
ASV3484	0	2	0	3	1	0	0	1	0	2	0	0	0	0	1	0	0	0	0	0	0	0	0	0	0	2	0	0	0	1	0	1	0	0	1	0	0	5	0
ASV3579	0	3	0	0	0	1	0	1	0	1	0	0	0	0	0	0	1	0	0	0	0	0	0	3	0	0	2	1	3	0	0	0	0	3	0	0	0	0	0
ASV3581	1	0	0	1	0	2	0	1	0	0	1	0	0	0	1	1	2	0	1	0	1	1	0	0	0	1	0	0	0	0	0	0	0	3	0	2	0	0	0
ASV3591	0	0	0	0	0	2	0	0	0	0	0	0	0	1	0	0	0	0	0	0	0	0	10	0	0	0	0	0	0	0	0	0	0	0	0	0	0	0	0
ASV3625	2	0	0	0	0	1	0	0	3	0	0	1	1	3	0	0	0	1	0	0	0	0	0	2	2	0	1	0	0	0	0	0	0	1	1	0	1	0	0
ASV3638	1	0	0	0	0	1	0	0	0	1	0	0	1	2	0	0	0	1	0	1	0	0	0	0	0	1	0	0	1	1	1	0	0	1	0	0	0	3	1
ASV3645	0	1	2	1	0	1	0	1	0	0	0	0	0	0	0	0	0	0	0	1	0	0	0	0	3	3	3	0	0	0	0	1	0	0	1	0	0	2	1
ASV3669	0	1	0	1	0	1	0	1	0	3	0	0	0	2	0	0	1	0	1	0	2	2	0	1	0	0	0	0	0	0	2	0	0	0	0	0	0	0	0
ASV3686	0	1	0	0	1	0	0	0	0	0	0	0	0	0	0	0	0	0	0	1	0	0	0	0	1	0	0	0	0	0	0	2	0	7	3	1	2	1	0
ASV3698	1	1	1	1	2	0	0	0	0	2	1	0	0	0	0	0	0	0	0	3	0	0	0	0	1	2	2	1	1	0	0	0	0	1	0	0	0	0	0
ASV3700	0	0	0	0	0	0	0	0	0	0	0	0	0	0	0	0	0	0	0	0	0	0	0	0	0	0	0	0	0	0	0	2	14	1	1	3	0	0	0
ASV3726	1	1	3	1	1	0	1	0	1	1	0	0	0	0	0	0	0	0	0	2	0	0	0	1	1	0	2	0	2	0	0	0	0	0	0	0	0	0	0
ASV3748	0	0	1	0	0	0	0	0	0	0	0	0	0	0	0	0	0	0	0	1	0	0	0	0	1	0	0	0	0	0	0	5	3	3	5	2	1	0	0
ASV3765	1	1	2	1	0	0	1	0	0	1	0	0	0	2	0	0	1	0	2	2	0	1	0	0	0	0	0	0	1	1	0	0	0	0	0	0	0	0	0
ASV3767	3	0	0	0	0	0	0	0	0	1	0	0	0	0	0	0	0	0	0	1	0	0	0	0	0	0	0	0	0	0	0	2	4	1	1	1	7	3	0
ASV3780	5	0	0	1	0	0	0	0	0	0	0	0	0	2	0	0	0	0	0	0	0	0	0	1	0	3	2	0	0	0	0	0	1	0	2	0	0	5	0
ASV3781	0	2	2	2	0	0	2	1	0	0	0	0	0	0	0	1	0	0	0	3	0	0	0	1	0	0	0	0	2	0	0	0	0	1	0	0	0	2	0
ASV3837	0	0	0	0	2	0	0	0	0	1	0	0	0	0	0	2	1	1	2	0	1	1	1	1	0	2	0	0	0	1	0	0	0	0	0	0	0	0	0
ASV3844	1	1	1	2	0	1	0	0	0	0	0	0	0	0	0	0	0	0	0	1	0	0	0	0	0	0	1	1	0	0	0	1	0	5	5	0	1	3	1
ASV3911	0	1	3	0	0	0	0	0	0	0	0	0	0	0	0	0	0	0	0	2	0	0	0	0	2	2	1	1	0	0	0	1	1	0	1	5	0	0	2
ASV3914	1	0	1	0	0	0	0	0	0	0	0	0	0	0	0	1	0	0	0	1	0	0	0	1	0	0	0	1	0	0	1	0	3	2	2	0	4	3	1
ASV3955	0	0	0	0	0	0	0	0	0	1	0	0	0	0	2	1	0	0	0	0	0	0	0	0	0	0	1	0	1	0	0	1	1	1	0	0	3	4	0
ASV3987	3	0	0	0	0	1	0	0	0	1	0	0	0	0	0	0	0	2	1	0	0	4	0	2	0	1	0	1	1	0	1	0	0	0	0	0	0	2	0
ASV4010	1	0	2	0	0	0	0	0	0	1	0	0	0	0	0	0	0	0	0	0	0	0	0	1	0	1	0	0	0	0	0	4	0	3	1	1	1	1	0
ASV4067	3	1	0	0	1	1	0	0	3	0	0	0	0	0	0	0	0	0	0	1	0	0	0	0	2	1	1	0	1	0	0	0	0	1	0	0	0	1	1
ASV4070	1	0	0	0	0	1	0	0	0	0	0	0	0	0	0	0	0	0	0	0	0	0	0	0	0	0	0	0	0	0	0	2	1	2	1	0	1	7	1
ASV4119	3	1	0	0	0	1	0	0	1	0	0	0	0	0	0	0	0	0	0	1	0	0	1	1	0	1	1	0	0	0	0	0	2	2	2	3	0	0	0
ASV4227	2	0	1	0	0	0	2	0	0	0	1	0	0	2	1	3	0	0	0	0	0	1	0	0	0	0	0	1	0	0	2	0	0	0	0	0	0	0	0
ASV4232	0	0	0	0	0	2	0	1	0	1	0	0	0	0	0	0	0	0	0	0	0	0	0	0	1	0	0	0	0	0	0	3	7	0	3	1	0	0	1
ASV4241	0	0	1	1	0	0	1	0	0	0	0	0	0	0	0	0	0	0	0	1	0	0	1	1	0	0	1	0	0	0	0	1	2	1	0	0	3	3	0
ASV4285	1	0	0	0	0	0	0	0	0	1	0	1	0	0	0	1	0	2	1	0	4	2	1	0	1	1	0	0	0	1	1	0	0	0	0	0	0	0	0
ASV4355	2	1	1	0	0	0	0	0	0	0	0	0	0	0	0	0	0	0	0	0	0	0	0	0	0	2	2	0	0	0	1	3	3	2	4	1	1	3	0
ASV4357	0	0	0	1	1	1	1	0	2	4	0	1	0	0	0	0	0	0	0	1	0	0	0	1	2	1	0	0	0	0	0	0	0	0	1	0	0	0	0
ASV4365	0	0	0	1	1	0	1	0	0	1	0	0	0	0	0	0	0	0	0	1	0	0	0	1	4	3	1	2	0	0	0	0	1	0	1	1	0	0	0
ASV4392	0	0	0	0	0	0	0	0	0	0	0	0	0	0	0	0	0	0	0	0	0	0	1	0	0	0	0	0	0	0	0	0	0	0	0	0	18	0	0
ASV4466	0	0	0	1	1	0	2	0	0	0	0	0	0	0	0	0	1	0	0	0	0	0	0	1	0	0	0	0	0	0	1	1	0	1	0	0	9	2	0
ASV4488	7	1	0	2	0	0	0	0	1	0	0	1	0	0	0	0	0	1	0	2	0	0	0	1	1	0	0	0	0	0	0	0	1	0	0	0	0	0	0
ASV4496	1	4	0	0	0	0	0	0	0	2	0	0	0	0	0	0	0	0	0	4	0	0	0	3	1	0	2	1	0	0	0	0	0	1	0	0	0	0	0
ASV4500	0	1	0	1	0	0	0	0	0	0	0	0	0	0	0	0	0	0	0	1	0	0	0	2	0	2	0	0	0	0	0	1	0	1	0	0	0	8	4
ASV4516	0	0	0	0	0	0	0	0	0	0	0	0	0	0	0	0	0	0	0	0	0	0	0	0	0	0	0	0	0	0	0	3	4	3	0	4	4	0	0
ASV4528	2	3	1	1	0	0	0	0	2	1	0	0	0	0	0	0	0	0	0	1	1	1	0	1	0	1	0	0	0	0	0	0	0	1	0	0	0	2	1
ASV4536	0	1	0	0	2	0	3	2	1	2	0	0	0	0	0	1	0	0	1	0	1	0	0	1	0	2	0	0	1	0	0	0	0	0	0	0	0	0	0
ASV4549	1	0	0	0	0	0	0	0	0	0	1	0	0	0	0	0	0	1	0	1	0	0	0	1	0	1	1	1	0	0	0	0	0	1	4	0	0	1	0
ASV4568	0	0	0	0	0	0	0	0	0	0	1	0	1	2	2	2	1	2	0	0	2	1	1	1	0	1	0	0	1	0	0	0	0	0	0	0	0	0	0
ASV4599	1	1	0	0	0	0	0	0	2	0	0	1	1	0	1	0	0	2	0	1	1	0	1	0	0	0	2	0	2	0	2	0	0	0	0	0	1	1	1
ASV4629	0	0	0	1	0	1	0	0	1	1	2	0	0	0	0	1	1	1	1	0	1	0	1	0	2	0	0	0	0	0	0	0	0	0	0	0	0	0	0
ASV4689	1	0	1	0	0	1	0	0	0	0	0	0	0	0	0	0	0	0	0	0	0	0	0	1	0	0	1	0	0	0	0	5	0	0	2	0	3	2	0
ASV4691	6	0	0	0	0	0	0	0	0	0	0	0	0	0	0	0	0	0	0	2	0	0	0	1	0	1	0	0	0	0	1	2	0	1	1	0	0	5	0
ASV4692	0	1	0	1	0	0	0	0	0	1	0	0	0	1	0	0	0	0	0	0	0	0	0	1	0	1	0	0	0	0	0	1	3	7	1	0	0	1	1
ASV4704	4	1	0	1	0	1	0	0	0	0	0	0	0	0	0	0	0	0	0	3	0	0	1	2	1	1	0	1	2	0	0	1	0	0	0	0	0	1	0
ASV4727	0	1	0	0	0	0	0	0	0	1	0	0	0	0	0	0	0	0	1	1	0	0	0	0	0	0	1	1	0	0	0	1	1	4	3	4	0	1	0
ASV4761	1	1	0	0	0	0	0	0	0	0	0	0	0	0	0	0	0	0	0	0	0	0	0	2	1	0	0	1	0	0	0	0	0	2	7	1	0	0	0
ASV4859	0	0	0	0	0	0	0	0	2	0	0	1	0	0	0	0	0	0	0	0	0	0	1	1	0	0	0	0	0	0	0	1	0	1	0	0	3	2	9
ASV4917	0	0	0	0	0	0	0	1	0	0	0	0	0	0	0	0	0	0	0	2	0	0	0	3	3	1	2	0	0	0	0	0	0	0	1	0	0	7	2
ASV4918	0	0	0	0	0	0	0	0	1	0	0	0	0	0	0	0	0	0	0	0	0	0	0	0	0	0	0	0	0	0	0	3	2	3	4	0	3	1	0
ASV4937	0	0	1	0	0	1	0	0	0	0	0	0	0	0	0	0	0	0	0	0	0	0	0	0	0	2	0	1	0	0	0	3	2	0	8	0	2	1	0
ASV4941	5	2	2	0	0	0	0	0	0	1	0	0	0	0	0	1	0	0	0	1	0	0	1	0	0	2	1	0	0	0	0	1	0	0	1	0	1	2	0
ASV4948	0	0	0	0	0	0	0	0	0	0	0	0	0	1	0	0	0	1	0	0	1	3	0	0	0	0	0	0	0	1	0	0	0	0	8	0	0	0	0
ASV4974	1	3	4	0	0	0	0	1	0	0	1	0	0	0	0	0	0	0	0	3	0	0	0	2	1	0	1	0	1	0	0	0	0	0	0	0	0	0	0
ASV5025	1	1	0	0	1	0	0	0	0	0	0	0	0	0	0	0	0	0	0	0	0	1	0	0	0	0	0	0	0	0	0	7	1	0	0	0	4	2	3
ASV5053	1	0	0	1	1	0	0	0	0	0	0	0	0	0	0	0	0	0	0	0	0	1	1	0	0	1	0	0	0	0	0	0	3	0	3	8	0	1	0
ASV5071	0	1	0	0	0	0	0	0	0	0	0	0	0	0	1	0	0	0	0	0	0	0	0	0	0	0	0	0	0	0	0	0	0	0	1	16	0	0	0
ASV5137	1	0	1	0	0	1	1	1	0	1	0	0	0	0	0	0	0	0	0	0	0	0	0	0	1	1	0	0	1	0	0	1	0	0	2	0	0	4	1
ASV5187	0	1	0	0	0	0	0	0	0	0	0	0	0	0	0	0	0	0	0	0	0	0	0	0	0	0	0	1	0	0	0	0	11	1	0	4	1	1	0
ASV5302	0	1	0	0	1	0	1	2	0	0	2	0	2	0	0	0	0	0	3	0	1	0	1	0	0	0	0	0	0	0	0	1	0	0	0	0	1	0	0
ASV5349	2	1	3	1	0	2	1	0	0	4	0	0	0	0	0	0	0	0	0	1	0	1	0	1	0	0	0	1	1	0	0	0	0	0	0	0	2	0	0
ASV5352	0	2	1	0	0	0	2	0	1	1	0	0	0	0	0	0	0	0	0	2	0	0	0	0	0	1	1	1	0	0	0	0	1	1	0	0	4	2	0
ASV5385	0	4	1	0	0	0	2	0	0	2	0	0	0	0	0	0	0	0	0	0	0	0	0	1	1	0	1	0	1	0	0	0	0	5	0	1	0	2	0
ASV5451	0	1	1	0	0	0	0	0	0	0	0	0	0	0	0	0	0	0	0	0	0	0	0	0	1	2	0	0	1	1	0	1	3	2	0	1	1	4	0
ASV5547	4	0	0	0	0	0	2	0	1	0	0	1	0	0	1	0	0	0	0	0	0	0	0	0	0	0	1	3	1	0	0	3	0	2	0	0	0	2	0
ASV5653	0	0	1	0	0	0	0	0	0	0	0	0	0	0	0	0	0	0	0	0	0	0	2	1	1	2	1	0	0	1	0	3	1	2	1	0	2	3	0
ASV5662	1	0	0	1	0	2	0	0	0	1	0	0	0	0	0	0	0	0	0	3	0	0	0	0	1	1	1	0	0	0	0	0	3	1	2	0	0	1	1
ASV5685	0	0	0	0	0	0	0	0	0	1	0	0	0	0	0	0	0	0	0	2	0	0	0	1	0	0	1	0	0	0	0	0	0	0	0	0	13	1	0
ASV5866	1	2	1	0	0	0	1	0	0	1	2	0	0	1	0	0	0	1	0	1	0	0	0	0	0	1	0	0	0	0	0	2	1	1	4	0	0	1	1
ASV5868	0	0	1	0	2	1	0	1	1	0	1	0	0	0	2	0	1	2	0	1	0	0	0	0	1	1	0	0	0	0	0	0	2	0	0	0	0	0	0
ASV5873	2	4	0	0	1	3	0	0	0	1	0	0	0	0	0	0	0	0	0	1	0	0	0	0	0	2	0	0	0	0	0	0	1	1	0	2	0	0	0
ASV5895	1	1	1	1	0	0	3	1	1	0	0	0	0	0	1	0	0	0	1	0	0	0	0	0	0	6	3	0	2	0	0	0	0	0	0	0	0	1	0
ASV5903	0	1	1	0	1	0	0	1	0	1	0	0	0	0	0	0	0	0	0	0	0	0	0	0	0	0	1	0	0	0	0	0	4	2	0	1	1	0	0
ASV5936	1	1	1	0	1	1	0	1	0	0	0	0	0	0	0	0	0	0	0	1	0	0	0	1	0	1	1	0	0	0	0	0	0	1	1	0	0	3	1
ASV2802	3	0	1	0	0	0	0	0	0	2	0	0	0	0	0	0	0	0	0	0	0	0	0	1	0	1	0	0	0	0	0	2	4	3	0	0	0	1	1
ASV2919	2	5	1	0	0	0	1	0	1	0	0	0	0	0	0	0	0	0	0	1	1	0	0	1	1	1	0	1	0	0	0	1	0	3	0	0	1	0	0
ASV2981	3	0	0	0	0	0	0	1	0	0	0	0	0	0	0	0	0	0	0	0	0	0	0	0	0	0	0	0	0	0	0	0	0	0	0	17	0	0	0
ASV3097	0	0	0	0	0	0	0	0	0	0	0	0	0	0	0	0	0	0	0	1	0	0	0	0	0	1	0	0	0	0	0	1	4	4	3	3	0	1	0
ASV3124	3	2	1	2	0	0	0	0	0	1	0	0	0	0	0	0	0	0	0	2	0	0	0	0	1	0	0	1	0	0	0	0	0	0	0	0	2	0	0
ASV3134	0	0	0	0	0	0	0	0	0	0	0	0	0	0	0	0	1	0	0	0	1	18	0	0	0	0	0	0	0	0	0	0	0	0	0	0	0	0	0
ASV3272	0	2	1	1	1	0	1	0	1	3	1	0	0	0	0	0	0	0	0	1	0	0	2	0	1	0	0	2	0	0	0	0	0	1	1	0	0	1	0
ASV3287	1	0	1	1	0	0	0	0	0	2	1	0	0	0	0	0	0	0	0	1	0	0	0	0	2	0	0	2	3	0	2	0	0	1	0	0	0	0	0
ASV3288	0	0	0	0	0	0	0	0	0	0	0	0	0	0	0	0	0	0	0	0	0	0	0	0	0	0	1	0	0	0	0	3	6	3	3	1	4	0	0
ASV3342	2	5	1	1	0	0	0	0	0	2	0	0	0	1	0	0	0	0	0	2	0	0	0	0	1	1	1	0	4	0	0	1	0	0	0	0	0	0	0
ASV3390	0	5	0	0	0	0	0	0	1	4	0	1	0	0	0	0	0	0	0	0	0	0	0	1	1	1	1	1	1	0	0	0	1	0	0	1	0	0	0
ASV3405	2	0	0	0	1	0	1	0	0	0	0	0	1	0	0	1	0	0	0	0	0	0	0	1	0	2	0	1	0	0	0	0	0	0	2	0	0	0	0
ASV3417	5	1	1	1	0	1	2	0	0	0	0	0	1	0	0	1	0	0	0	2	0	0	1	0	0	1	0	0	0	0	1	0	0	0	0	0	0	0	0
ASV3463	0	1	1	0	0	1	0	0	0	1	0	0	3	1	1	2	2	1	0	0	0	0	0	1	0	0	0	0	1	0	0	0	0	0	0	0	0	1	0
ASV3512	2	2	0	0	0	0	0	0	0	1	0	0	0	0	0	0	0	0	0	2	0	0	0	2	1	2	0	1	0	0	0	1	0	0	2	1	0	0	0
ASV3522	1	1	0	0	0	0	1	2	0	1	0	0	0	0	0	0	0	0	0	0	0	0	0	3	0	3	0	0	0	0	0	0	2	1	2	3	0	0	0
ASV3566	3	0	1	1	0	0	0	0	1	0	0	0	0	0	0	0	0	0	0	3	0	0	0	0	1	0	0	0	0	0	0	0	0	0	0	0	5	1	0
ASV3602	0	5	0	0	1	1	1	0	0	0	0	1	0	0	0	1	0	0	0	3	0	0	1	0	0	0	1	0	0	0	0	0	0	0	0	0	0	0	0
ASV3604	3	0	1	0	0	0	0	0	0	0	0	0	0	0	0	0	2	1	1	0	2	0	5	2	0	0	0	0	0	0	1	0	0	0	0	0	0	0	0
ASV3611	0	3	0	0	0	1	1	0	0	3	1	0	0	0	0	0	0	0	0	0	0	0	0	0	3	2	1	0	0	0	0	2	0	2	2	0	0	0	0
ASV3637	0	1	0	0	0	1	0	0	0	0	0	0	0	3	3	0	0	1	1	4	1	1	0	0	0	1	0	0	0	0	0	0	0	0	0	0	0	1	0
ASV3657	8	2	1	1	0	0	2	0	1	0	0	0	0	0	0	0	0	0	0	1	0	0	0	1	0	0	1	1	0	0	0	0	0	0	0	0	0	0	0
ASV3682	0	1	2	3	1	0	0	0	0	2	0	0	0	0	0	0	0	0	0	2	0	0	0	2	2	3	1	1	0	0	0	0	0	0	0	0	0	0	0
ASV3705	0	0	0	1	0	0	0	0	0	0	0	0	0	0	0	0	0	0	0	0	0	0	0	0	0	1	0	0	1	0	0	2	4	2	2	0	5	3	0
ASV3751	0	0	0	0	0	0	0	0	0	1	0	0	0	0	0	0	0	0	0	1	0	0	0	0	0	0	0	0	0	0	0	4	9	1	1	0	2	0	1
ASV3769	0	0	1	0	1	1	0	1	0	0	0	0	0	0	0	0	0	0	0	0	0	0	0	1	0	0	0	0	0	0	0	2	2	0	1	0	8	0	2
ASV3772	0	0	0	0	0	2	2	0	0	1	0	1	0	0	1	0	0	0	0	0	0	2	0	3	1	1	1	0	1	0	1	0	0	2	1	0	0	1	1
ASV3812	0	0	1	1	0	0	0	0	0	1	0	0	0	0	0	0	0	0	0	0	0	0	0	0	0	0	1	0	0	0	0	1	3	1	0	8	0	1	0
ASV3814	1	0	0	0	0	0	0	0	0	0	0	0	1	0	0	0	0	0	0	0	0	0	0	0	0	0	0	0	0	0	0	9	0	5	1	0	0	4	0
ASV3815	1	2	0	0	1	3	0	2	3	1	2	1	0	1	0	0	0	0	0	0	0	0	0	1	0	1	0	1	0	0	0	0	0	0	0	0	0	0	0
ASV3823	4	2	1	0	0	1	0	0	0	2	0	2	1	0	0	0	0	2	0	0	1	0	0	0	1	0	0	0	0	0	0	0	0	0	1	0	0	0	0
ASV3878	2	2	0	0	1	0	1	0	0	2	0	0	0	0	0	1	0	0	0	1	0	0	0	1	1	0	0	0	0	0	0	0	0	0	0	0	0	2	0
ASV3909	0	1	3	2	3	0	0	0	0	1	0	0	0	0	0	0	1	0	0	0	0	0	0	1	0	1	1	0	0	0	0	0	1	0	1	1	0	1	0
ASV3925	0	1	0	0	1	0	0	0	0	1	0	0	0	0	0	0	3	0	1	0	0	3	0	1	1	0	1	1	0	1	0	0	0	0	0	1	0	2	0
ASV3952	0	0	0	0	0	0	1	0	0	1	1	0	0	0	0	1	0	0	0	0	0	0	0	0	0	2	0	1	1	0	0	0	0	1	0	0	2	2	3
ASV3974	0	0	0	1	0	0	0	0	0	0	0	0	0	0	1	0	3	3	0	0	0	0	0	0	0	1	0	0	0	0	1	1	0	0	7	0	0	0	0
ASV4017	3	0	0	1	1	0	0	0	0	0	0	0	0	0	0	0	1	0	0	2	0	0	0	0	1	0	1	1	1	0	0	0	2	0	1	1	0	2	1
ASV4040	3	3	0	0	1	0	2	1	0	0	0	0	0	1	0	0	0	0	0	0	0	1	0	1	1	3	1	0	0	0	0	0	0	0	0	0	0	0	0
ASV4063	0	0	1	1	0	0	0	0	0	1	0	0	0	0	0	0	0	0	0	0	0	0	0	0	0	0	0	0	0	0	0	0	4	4	5	4	0	0	0
ASV4079	3	1	0	1	1	2	1	2	0	0	0	0	0	0	0	0	0	0	0	0	0	0	0	0	0	0	1	0	1	0	0	0	1	1	1	0	0	0	0
ASV4082	0	1	0	0	0	1	1	0	0	1	0	0	0	0	0	0	0	1	3	1	0	3	0	1	0	0	0	2	0	0	0	0	0	1	1	0	0	0	0
ASV4125	0	1	1	0	0	1	2	1	0	0	1	1	0	0	0	0	1	0	0	1	2	1	1	0	0	0	0	1	0	0	0	0	0	0	0	0	0	1	0
ASV4144	1	1	0	0	0	0	0	0	0	0	0	0	0	1	0	0	0	3	0	0	1	2	3	0	0	1	0	0	1	3	0	0	0	0	0	0	1	0	0
ASV4147	3	0	0	1	0	1	0	0	0	2	0	0	0	0	1	0	0	0	0	2	0	0	0	1	2	2	1	0	1	0	0	0	0	0	0	0	0	0	0
ASV4164	0	1	0	0	0	0	0	0	0	0	0	0	0	0	1	0	0	3	3	0	0	3	1	1	0	0	0	0	0	0	1	0	0	1	0	0	2	3	0
ASV4190	1	1	2	2	1	0	1	0	2	1	0	3	2	0	0	0	0	0	0	1	0	1	0	0	0	0	2	0	0	0	0	0	0	0	0	0	0	0	0
ASV4223	0	0	0	0	1	0	0	0	0	0	0	0	0	0	0	0	0	0	0	0	0	0	0	0	0	0	0	0	0	0	0	0	1	1	11	5	0	0	0
ASV4252	0	0	2	1	0	1	2	1	0	1	0	0	0	0	0	0	0	0	0	2	0	0	0	0	0	2	0	0	0	0	0	1	3	1	0	1	0	0	0
ASV4288	0	0	0	1	0	0	0	0	0	1	0	0	0	0	0	0	0	0	0	0	0	0	0	0	0	1	0	0	0	0	0	0	3	2	4	6	0	0	0
ASV4310	0	0	1	2	1	1	0	0	0	1	0	0	0	0	0	0	0	1	1	0	1	0	1	1	2	1	1	0	0	1	2	0	0	1	2	0	0	0	0
ASV4313	0	0	0	0	0	0	0	0	0	0	0	0	0	0	0	0	0	0	0	0	0	0	0	0	0	0	0	0	0	1	0	2	1	3	6	6	0	1	1
ASV4336	5	2	1	0	1	0	0	1	1	1	1	0	0	0	0	0	0	0	0	2	0	0	0	0	1	0	0	1	0	0	0	1	0	0	0	0	0	0	1
ASV4339	2	3	2	0	0	1	0	0	0	0	0	0	0	1	0	0	0	1	0	1	0	0	0	0	1	0	0	1	0	1	1	0	0	0	0	1	0	0	0
ASV4356	0	0	0	2	0	0	0	1	1	0	0	0	0	0	0	0	0	0	1	1	0	0	0	0	0	0	0	0	0	0	1	2	2	3	2	0	0	0	0
ASV4372	0	0	0	0	1	0	1	1	0	0	0	0	0	2	0	0	0	0	0	1	0	1	1	0	2	1	1	1	3	0	0	0	0	0	0	0	1	0	0
ASV4379	1	1	0	0	1	0	0	0	1	0	0	0	0	0	0	0	0	0	0	4	0	0	0	2	0	0	0	1	0	1	0	1	2	1	0	0	0	1	0
ASV4405	0	0	0	0	0	0	0	0	0	0	0	0	0	0	1	2	1	0	2	0	3	2	1	3	0	0	0	0	0	0	2	0	0	0	0	0	0	0	0
ASV4443	0	0	1	0	0	1	0	0	0	0	0	0	0	0	0	0	1	0	1	2	0	0	0	1	0	1	0	0	0	0	0	0	0	2	5	0	1	0	0
ASV4458	4	1	1	1	0	0	0	0	0	2	0	0	0	1	0	0	0	0	1	0	0	0	0	0	1	2	1	1	1	0	0	0	0	0	1	0	0	0	0
ASV4474	5	0	0	0	0	0	0	1	0	0	0	0	0	0	0	0	1	0	0	1	0	0	0	0	0	0	0	0	0	0	0	0	0	2	1	0	0	0	4
ASV4479	2	0	0	0	1	0	4	2	0	2	0	0	0	0	0	0	0	0	0	0	0	0	1	1	0	1	1	1	0	0	1	0	0	0	0	0	0	2	0
ASV4482	0	0	0	0	0	0	0	1	0	2	0	0	0	1	1	1	3	3	0	1	0	2	0	0	0	1	0	0	0	1	0	0	0	0	0	0	0	0	0
ASV4502	1	1	1	0	0	0	0	1	1	0	1	0	0	0	0	0	0	0	0	1	0	0	0	1	0	3	2	0	0	0	0	0	0	0	4	1	0	0	0
ASV4529	1	1	0	1	0	0	0	0	0	0	0	0	0	0	0	0	0	0	0	1	0	0	0	0	0	0	0	0	0	0	0	0	1	1	1	12	1	0	0
ASV4545	0	0	0	0	1	2	0	0	0	0	0	0	0	0	0	3	7	0	0	0	0	1	3	0	0	0	0	0	0	0	0	0	2	0	1	0	0	0	0
ASV4554	1	2	2	0	0	1	0	1	4	0	0	0	0	0	0	0	0	1	0	0	0	0	1	0	0	1	0	0	1	1	0	0	0	0	0	0	0	0	0
ASV4586	2	0	0	0	0	0	1	0	1	0	0	0	0	0	0	0	1	1	2	0	0	1	1	0	0	0	0	0	0	0	1	0	0	1	2	0	1	2	1
ASV4610	2	0	0	0	0	0	1	0	0	2	0	0	0	0	0	0	0	0	0	1	0	0	0	1	0	0	2	0	0	0	0	0	2	4	1	1	1	1	1
ASV4636	4	0	0	0	0	0	0	1	0	1	0	0	0	0	0	0	0	0	0	0	0	1	0	0	0	0	1	1	0	0	0	1	0	3	1	0	0	5	1
ASV4649	0	3	2	1	1	0	0	0	0	1	0	0	0	0	0	0	1	0	0	1	0	1	0	0	1	0	0	1	0	0	1	1	0	1	0	0	2	3	0
ASV4651	1	0	2	0	2	0	0	0	0	0	1	0	0	0	1	1	1	3	0	0	1	0	1	0	2	0	0	0	0	2	0	0	0	0	0	0	0	0	0
ASV4656	0	0	0	0	1	2	0	1	1	1	0	0	0	0	0	0	0	0	0	2	0	0	0	1	1	1	3	0	0	0	0	0	0	0	0	2	0	0	0
ASV4663	3	0	1	0	1	0	1	1	2	0	0	0	0	0	0	0	0	0	1	0	0	0	2	1	0	1	1	0	0	1	0	1	0	0	0	0	1	1	2
ASV4670	0	0	0	0	0	1	0	0	0	0	0	1	0	0	0	0	0	0	0	0	1	0	0	0	0	0	0	0	0	0	1	3	1	4	2	0	1	8	0
ASV4685	3	0	0	0	0	0	0	0	0	1	0	0	0	0	0	0	0	0	0	1	0	0	0	1	0	0	0	0	0	0	0	1	0	2	0	2	0	8	1
ASV4719	0	1	0	1	1	0	0	0	0	0	0	0	0	0	1	0	2	0	0	0	4	2	0	0	0	0	2	1	1	1	0	0	0	0	1	0	0	0	1
ASV4720	0	1	1	1	1	0	1	0	0	1	1	0	0	0	0	1	0	0	2	1	0	1	0	1	0	1	0	2	0	0	0	1	0	2	0	0	0	0	1
ASV4752	0	0	0	0	0	0	0	0	3	0	1	7	1	1	0	0	0	1	0	0	0	2	0	1	0	0	1	0	0	0	0	0	0	0	0	0	0	0	0
ASV4756	1	0	1	2	0	1	0	2	0	0	0	0	0	0	0	0	1	0	0	2	0	1	0	1	0	2	1	0	1	0	0	0	0	0	0	0	0	0	0
ASV4783	2	0	1	0	0	2	0	0	0	0	0	0	1	1	0	0	0	0	0	3	0	0	0	2	1	1	0	0	0	0	0	0	0	0	2	0	0	1	0
ASV4821	3	0	1	1	0	0	1	0	0	1	1	0	1	0	0	1	0	0	0	1	0	2	0	2	1	0	1	0	1	0	3	0	0	0	0	0	0	0	0
ASV4861	1	0	1	1	0	0	1	2	0	0	0	0	0	1	0	0	0	0	1	1	1	0	0	0	0	0	0	0	0	1	0	0	0	0	0	0	6	0	0
ASV4873	0	1	1	0	2	1	0	0	0	0	0	0	0	0	0	0	0	0	0	0	0	0	0	1	0	0	0	0	0	0	0	3	0	2	0	0	1	0	1
ASV4877	1	0	0	4	0	1	0	2	0	0	0	1	0	0	0	0	0	1	0	2	0	0	1	3	0	1	0	1	0	1	0	1	0	0	0	0	1	0	0
ASV4893	0	0	0	1	1	0	0	1	0	0	1	0	0	0	1	0	0	0	0	1	0	0	0	1	0	0	0	0	0	0	0	2	0	0	1	0	0	12	2
ASV4930	1	0	2	0	1	0	0	0	0	0	0	0	1	1	0	0	0	0	0	2	0	1	0	0	1	1	0	0	0	0	0	0	0	0	0	0	6	3	0
ASV4973	0	0	0	1	0	1	1	0	2	0	0	0	0	1	0	0	1	1	1	0	1	0	0	0	1	0	0	0	0	0	3	0	0	0	0	0	0	3	2
ASV4987	0	0	3	0	2	1	1	0	0	0	0	0	0	0	0	0	0	0	0	1	0	0	0	2	0	3	2	0	0	0	0	1	0	0	1	0	0	0	0
ASV5005	2	0	2	3	0	0	0	0	0	0	0	0	1	0	0	0	0	1	0	0	0	1	0	1	2	1	0	2	0	0	0	0	0	0	0	0	0	0	0
ASV5018	0	0	0	0	0	0	0	0	0	1	0	0	0	0	0	0	0	0	0	1	0	1	0	1	0	0	0	0	0	0	0	4	3	1	5	5	0	0	0
ASV5027	0	0	0	0	0	0	0	1	0	0	0	0	1	0	0	0	2	0	0	0	1	4	0	0	1	0	1	1	0	1	1	0	0	0	0	0	0	0	0
ASV5083	1	2	0	0	0	0	0	2	0	0	0	0	0	0	0	0	0	0	0	1	0	0	0	2	0	0	0	0	1	0	0	4	1	1	1	0	0	5	0
ASV5090	2	0	0	0	0	0	0	0	0	0	0	2	0	0	0	0	0	0	0	1	0	0	0	0	0	2	0	1	0	0	0	0	0	0	0	0	0	14	1
ASV5100	2	3	1	1	0	1	0	0	0	3	0	0	0	0	0	0	0	0	0	2	0	0	0	0	0	0	4	1	0	0	0	0	0	0	0	0	0	0	0
ASV5118	2	2	0	1	0	0	0	0	0	1	0	0	0	0	0	0	0	0	0	2	0	0	0	0	1	0	0	0	1	0	0	1	1	0	1	0	0	6	0
ASV5163	0	0	1	0	1	1	1	2	0	0	1	1	0	0	1	0	0	0	0	1	0	0	0	1	0	1	1	1	0	0	0	0	0	0	0	0	0	0	0
ASV5186	0	0	0	0	0	0	0	0	0	0	0	0	0	0	0	0	0	0	0	1	0	0	0	0	0	1	0	0	0	0	0	3	0	3	2	0	1	8	1
ASV5308	0	3	1	1	0	1	1	0	0	0	0	0	0	0	0	0	0	0	0	1	0	0	0	1	0	0	0	1	0	0	0	0	3	0	1	0	0	3	0
ASV5310	2	0	0	0	0	0	0	0	0	0	0	0	0	0	0	0	1	0	0	1	1	1	0	0	0	0	0	0	0	0	0	0	2	1	3	1	3	0	0
ASV5353	2	0	1	1	0	1	0	2	0	0	0	0	0	1	0	0	0	3	0	2	1	0	0	0	0	0	1	0	0	0	0	0	1	0	1	0	2	0	0
ASV5374	4	0	1	1	0	2	1	0	0	1	0	0	0	0	0	0	0	0	0	0	0	0	1	0	0	0	3	0	0	0	0	0	0	0	0	0	0	0	0
ASV5410	0	11	1	1	1	0	0	0	0	0	0	1	0	0	0	0	0	0	0	0	0	0	0	0	0	0	0	0	0	0	0	0	0	0	0	0	0	0	0
ASV5430	0	2	0	0	0	1	0	0	0	0	0	0	1	0	0	2	0	0	0	3	1	0	0	0	1	0	2	0	0	0	0	0	1	1	0	1	0	0	0
ASV5516	0	0	0	3	0	0	0	3	2	0	0	0	1	0	0	0	0	0	0	0	0	0	0	0	0	0	0	0	0	0	0	0	0	1	2	0	0	6	2
ASV5578	2	0	0	0	0	0	0	0	0	0	0	0	0	0	0	0	0	0	0	2	0	0	0	1	0	1	2	1	0	0	0	2	1	0	1	0	3	5	0
ASV5611	0	2	1	1	0	0	1	0	2	0	0	0	0	0	0	0	2	0	0	3	0	0	0	2	1	1	0	0	0	0	0	0	0	0	0	0	0	0	0
ASV5621	2	1	1	1	1	0	0	0	0	1	0	0	0	0	0	0	0	0	0	2	0	0	0	0	1	1	4	1	0	0	0	0	1	0	0	0	0	1	0
ASV5694	0	0	2	1	0	0	1	0	0	0	0	0	0	0	0	0	0	0	0	0	0	0	0	2	3	5	0	2	0	0	0	0	0	0	0	0	0	0	0
ASV5735	1	0	0	0	0	0	1	0	0	0	1	0	0	2	1	2	0	1	2	0	1	0	0	0	0	0	0	1	1	1	2	0	0	0	0	0	1	1	2
ASV5788	0	0	1	1	0	0	0	0	1	0	0	0	2	0	2	1	3	1	1	0	1	0	2	0	0	0	0	1	0	1	0	0	0	0	0	0	0	0	0
ASV5800	1	1	1	0	0	0	0	1	0	0	0	0	0	0	0	0	0	1	0	0	1	1	0	1	1	0	0	0	0	0	0	1	0	4	0	0	0	5	0
ASV5802	0	0	0	0	0	0	0	0	0	0	0	0	0	0	0	2	0	1	0	0	0	0	0	0	0	0	0	1	0	0	1	3	1	1	1	0	2	6	1
ASV5849	1	0	0	1	3	0	1	0	0	1	0	0	0	0	0	1	0	0	0	1	0	0	0	0	0	1	0	1	3	0	0	0	0	0	0	0	0	1	0
ASV5862	0	1	1	0	0	0	0	0	0	0	0	0	0	0	0	0	0	0	2	2	0	0	3	0	0	0	2	2	0	1	0	0	0	0	0	0	0	0	0
ASV5882	2	2	4	2	0	0	0	0	0	1	0	0	0	0	0	0	0	0	1	2	0	0	0	0	0	1	2	0	1	0	0	0	1	0	0	0	0	0	0
ASV5899	1	1	0	1	1	0	0	2	1	1	1	1	0	0	0	1	0	0	1	0	1	1	0	0	2	0	0	0	0	0	1	0	0	0	0	0	0	0	0
ASV5949	0	0	2	0	0	0	0	1	0	1	0	0	0	0	0	0	0	0	0	1	0	0	0	0	1	2	0	0	2	0	0	0	1	1	2	3	0	2	0
ASV2961	2	1	0	0	0	0	1	0	0	0	0	0	0	0	0	0	0	0	0	0	0	0	0	0	0	0	0	0	1	0	0	0	0	2	0	14	0	0	0
ASV2971	2	2	0	0	1	1	0	0	0	0	0	0	0	0	0	0	0	1	0	1	0	0	0	2	1	1	1	1	0	0	0	0	0	0	0	0	1	3	0
ASV3232	0	0	0	0	0	0	0	0	0	1	0	0	0	0	0	0	0	0	0	0	0	0	0	0	0	0	0	0	1	0	0	0	9	1	3	0	0	3	1
ASV3305	0	1	0	0	0	0	0	0	0	0	0	0	0	0	0	0	0	0	0	0	0	0	0	1	0	0	1	0	0	0	0	0	0	2	5	4	0	0	0
ASV3389	1	0	0	0	0	0	0	0	0	1	0	0	0	0	0	0	0	0	0	0	0	0	0	0	0	1	0	0	0	0	0	7	1	2	1	0	4	1	0
ASV3397	0	0	0	0	0	0	0	1	0	1	0	1	0	0	0	0	0	0	0	0	0	0	0	1	0	1	1	0	0	0	0	0	1	0	3	7	0	0	0
ASV3462	4	2	0	1	0	1	0	0	0	2	0	0	0	0	0	0	0	0	0	1	0	0	0	1	0	0	2	0	0	0	0	0	4	0	0	0	0	1	0
ASV3482	0	0	0	0	0	0	0	0	0	1	0	0	0	0	0	0	0	0	0	0	0	0	0	0	0	0	0	0	0	0	0	0	2	6	3	6	0	0	0
ASV3514	4	0	0	0	0	1	0	0	0	0	0	0	0	0	0	0	0	0	0	1	0	0	0	0	0	0	0	0	0	0	0	0	3	2	1	9	1	0	0
ASV3560	0	3	0	0	1	0	0	0	0	0	0	0	0	0	0	0	1	0	0	0	0	0	0	0	1	3	0	0	0	0	0	0	0	1	0	0	0	0	2
ASV3584	1	0	0	0	1	1	0	0	1	0	0	0	0	0	0	0	0	0	0	1	0	0	0	0	1	0	3	2	0	0	0	0	0	0	0	0	0	9	0
ASV3627	0	0	0	0	0	1	0	0	0	0	0	0	0	0	0	0	0	0	0	0	0	0	0	0	0	0	0	0	0	0	0	2	3	3	1	1	4	3	0
ASV3660	2	0	0	0	1	0	0	0	0	1	0	0	0	0	0	0	0	0	0	3	1	0	0	0	0	1	2	0	0	0	0	0	3	0	1	4	0	0	0
ASV3663	2	1	0	1	0	0	0	0	0	1	0	0	0	0	1	0	0	1	0	0	0	0	0	0	0	1	0	1	0	0	0	0	7	2	0	3	0	0	0
ASV3678	1	1	0	0	0	0	0	0	0	0	0	0	0	0	0	0	0	0	0	0	0	0	0	0	0	1	0	0	0	0	0	0	4	2	4	9	0	0	0
ASV3679	0	0	0	0	0	0	0	0	0	0	0	0	0	0	0	0	0	0	0	0	0	0	0	0	0	0	0	0	0	0	0	7	0	7	1	0	2	1	2
ASV3717	1	1	1	0	0	0	0	0	1	0	0	0	0	1	0	0	0	0	2	0	0	0	2	1	0	1	1	0	0	0	0	1	1	1	0	0	0	2	0
ASV3728	0	0	0	0	0	0	0	0	0	1	0	0	0	0	0	1	0	1	0	0	0	0	1	0	0	0	1	2	1	1	1	0	0	0	0	0	0	0	0
ASV3746	5	3	1	1	0	1	0	0	0	0	0	0	0	0	0	0	0	0	0	1	0	0	0	0	1	0	0	0	0	0	0	0	0	1	0	0	0	3	0
ASV3759	1	1	1	1	0	1	0	0	0	1	0	0	0	0	0	0	1	0	0	0	0	0	1	0	0	2	3	0	0	2	1	0	0	0	2	0	0	0	0
ASV3776	0	1	0	1	0	0	0	0	0	0	0	1	0	0	1	1	1	0	1	1	3	0	0	0	1	0	0	0	0	0	0	0	0	0	1	0	0	3	2
ASV3817	0	1	0	0	0	1	0	0	0	1	0	0	0	0	0	1	0	0	2	2	3	2	1	0	0	0	0	1	0	1	1	0	0	0	0	0	0	0	0
ASV3832	0	1	0	0	0	0	0	1	0	1	0	0	0	0	0	0	0	0	0	1	1	0	0	1	0	0	1	0	0	1	0	0	0	8	0	0	0	2	0
ASV3865	3	0	0	0	1	0	0	2	0	0	0	0	0	0	0	0	0	0	0	1	0	0	0	0	1	0	1	0	0	0	0	0	0	2	0	6	0	0	0
ASV3921	0	0	0	1	0	0	1	0	0	0	0	1	0	1	0	0	0	1	0	0	0	0	0	0	1	2	0	1	0	0	2	0	1	1	0	0	3	1	0
ASV3944	0	1	1	1	2	0	1	0	0	1	0	1	0	0	0	0	0	0	0	0	0	0	0	0	0	0	0	0	1	0	0	1	0	2	2	0	2	2	1
ASV3981	1	1	0	0	0	0	0	1	0	3	0	0	0	0	0	0	0	0	1	2	0	0	0	1	2	2	2	1	0	0	0	2	1	0	0	0	0	0	0
ASV4006	0	0	0	0	0	0	0	0	0	0	0	0	0	0	0	0	0	0	0	0	0	0	0	0	0	0	0	0	0	0	1	0	0	0	0	0	15	1	0
ASV4012	7	0	0	0	0	0	0	0	0	1	0	1	0	0	0	0	0	0	0	0	0	0	0	1	0	0	0	0	0	0	0	0	0	0	1	5	0	3	0
ASV4014	1	0	0	1	1	0	0	0	0	0	0	0	0	0	0	0	0	0	0	1	0	0	0	0	0	0	0	1	0	0	0	1	5	0	0	3	1	1	0
ASV4021	0	1	0	0	0	0	1	0	2	0	0	1	0	0	0	0	0	0	0	1	0	0	0	2	0	0	0	0	0	0	0	3	0	3	0	2	0	3	0
ASV4023	3	3	0	1	0	0	0	0	0	1	0	0	0	0	0	0	0	0	0	0	0	1	0	1	1	0	0	0	0	0	0	0	3	0	1	1	0	2	1
ASV4025	0	2	1	0	0	0	0	0	0	1	0	0	0	0	0	0	0	0	0	2	0	0	0	1	0	1	1	1	0	0	0	0	0	0	0	6	0	0	0
ASV4031	3	0	2	0	0	1	0	0	0	1	0	0	0	0	0	0	0	0	0	1	0	0	0	2	1	0	1	0	1	0	0	1	1	0	0	3	0	0	0
ASV4062	2	1	1	0	0	0	0	1	2	2	0	0	0	0	0	0	0	1	2	0	0	0	0	0	0	0	0	1	0	0	1	0	0	1	0	0	0	1	0
ASV4108	0	2	2	1	1	0	1	0	2	2	1	0	0	0	0	0	0	0	0	1	0	0	0	2	0	1	1	1	1	0	0	0	0	0	0	0	0	0	0
ASV4121	2	2	2	0	0	0	0	0	0	2	0	2	0	0	0	0	0	0	0	2	0	0	0	3	0	0	1	3	0	0	0	0	0	0	0	0	0	1	0
ASV4159	2	2	0	0	1	0	0	0	0	0	0	0	1	0	0	0	0	0	0	0	0	0	0	0	0	2	1	0	1	0	0	2	0	2	2	0	0	0	0
ASV4160	2	3	2	0	1	0	1	0	0	1	0	0	0	0	0	0	0	0	0	1	0	0	0	0	0	0	0	1	0	0	0	2	1	2	1	0	0	0	0
ASV4181	0	0	0	1	0	0	2	0	0	2	0	0	0	0	0	1	0	0	0	0	0	0	0	1	0	0	0	1	0	0	0	0	0	0	0	0	0	0	8
ASV4204	2	0	0	0	1	1	0	0	1	1	0	0	0	0	0	0	0	0	0	0	0	2	0	0	1	1	2	0	1	0	0	0	0	0	0	0	0	8	0
ASV4209	0	4	1	0	0	0	0	2	0	0	0	1	0	0	0	0	0	0	0	0	0	1	0	1	1	2	1	0	0	0	0	0	2	1	0	1	0	0	0
ASV4225	2	1	0	1	1	0	0	0	0	2	0	0	0	2	0	0	0	0	0	2	0	0	1	0	0	1	0	1	0	0	0	0	0	0	0	0	0	3	0
ASV4256	1	0	0	0	1	0	0	0	0	0	0	0	0	0	0	0	0	0	0	2	0	0	0	2	0	1	0	0	0	0	0	1	0	4	0	2	0	1	0
ASV4299	1	2	0	0	0	0	0	0	0	1	0	0	0	0	0	0	0	0	2	0	0	1	0	0	1	0	2	1	0	0	1	5	0	1	2	0	0	0	0
ASV4304	1	1	0	0	0	0	2	0	0	0	0	0	0	0	0	0	0	0	0	4	0	0	0	1	2	0	0	0	2	0	0	1	0	3	2	0	0	0	0
ASV4309	0	0	0	0	0	0	0	0	0	0	0	0	4	2	4	1	1	0	1	0	1	1	0	0	0	0	0	0	0	0	0	0	0	0	0	0	0	0	0
ASV4345	1	2	1	1	0	1	1	0	1	0	0	0	0	0	0	0	0	0	0	1	0	0	0	0	1	3	1	0	3	0	0	0	0	0	0	0	0	0	0
ASV4358	0	1	0	2	1	0	0	1	0	1	0	1	0	0	0	0	0	0	1	0	0	0	0	0	0	2	1	0	1	0	0	0	0	1	2	1	1	3	0
ASV4366	1	0	0	0	0	0	0	0	0	0	0	0	0	0	0	0	0	0	0	0	0	0	0	0	0	0	0	0	0	0	0	0	0	1	2	12	0	0	0
ASV4390	1	0	1	0	0	1	0	1	1	0	0	0	0	0	0	0	0	0	0	0	0	0	0	1	0	0	0	0	0	0	0	1	1	6	4	0	0	1	0
ASV4418	3	1	0	0	0	0	1	0	0	1	0	0	0	1	0	0	0	1	0	1	1	0	2	0	1	0	0	0	1	2	0	0	0	0	0	0	0	0	0
ASV4437	6	2	2	0	0	1	0	0	1	1	0	0	0	0	0	0	0	0	0	0	0	0	0	2	1	0	2	0	0	0	0	0	0	0	0	0	0	0	0
ASV4546	0	1	2	0	0	0	0	0	0	0	0	0	0	1	0	0	1	0	0	3	2	1	0	0	0	0	1	0	0	1	0	0	0	0	0	0	0	0	0
ASV4570	0	0	0	0	0	0	0	0	0	0	0	0	0	0	0	0	0	0	0	0	0	0	0	0	0	0	0	0	1	0	0	0	4	0	1	12	0	0	0
ASV4574	0	1	0	1	0	0	0	0	2	0	0	0	0	0	0	1	0	0	0	0	0	0	0	0	0	0	0	0	0	0	1	2	0	1	0	0	1	0	6
ASV4592	3	2	1	1	0	0	0	0	0	0	0	0	0	0	1	0	0	0	0	1	0	0	0	0	0	0	4	2	0	0	0	1	0	0	0	0	0	5	0
ASV4614	1	1	0	0	0	1	1	0	0	1	0	0	0	0	0	0	0	0	0	2	0	0	1	1	0	0	0	0	0	0	0	2	0	0	0	2	0	6	1
ASV4626	1	1	1	2	0	2	0	0	1	1	0	1	0	0	0	0	0	0	0	0	0	0	0	0	0	0	1	0	3	0	0	0	0	0	0	0	0	1	0
ASV4695	1	0	0	0	1	0	0	1	2	0	0	0	0	0	0	2	0	2	0	0	0	0	0	1	1	0	0	0	0	1	0	0	0	2	0	0	2	3	0
ASV4714	0	0	0	0	0	1	0	0	0	0	0	0	0	0	0	0	0	0	0	2	0	0	0	0	0	0	0	0	0	0	1	5	2	2	0	3	1	1	0
ASV4751	0	0	0	0	0	2	0	0	0	0	0	0	0	0	0	0	1	0	0	2	0	0	0	1	1	0	0	0	0	0	0	0	0	2	2	0	0	5	2
ASV4769	0	1	0	0	0	1	0	0	0	3	0	0	0	0	0	0	0	2	0	1	1	0	1	0	0	2	0	1	1	0	1	0	0	0	1	0	0	1	0
ASV4829	0	0	0	0	0	1	0	1	4	0	1	0	1	1	1	0	0	0	2	1	1	0	0	1	1	0	0	0	2	0	0	0	0	0	0	0	0	1	1
ASV4844	0	1	0	0	1	0	1	0	0	0	0	0	0	0	0	0	0	0	0	1	0	0	0	1	0	0	0	0	0	0	0	1	11	3	0	0	0	1	0
ASV4998	2	2	2	0	0	0	1	0	0	0	0	0	0	0	0	0	0	0	0	0	0	0	0	3	1	1	0	1	1	0	0	0	0	0	1	4	0	0	0
ASV5013	0	1	0	2	0	0	0	0	0	0	0	0	0	0	0	0	1	0	0	0	0	0	0	1	1	0	1	0	0	0	0	2	3	0	2	1	1	0	1
ASV5069	1	0	0	1	0	0	1	0	0	0	0	0	0	0	2	0	2	0	0	1	0	0	0	0	0	0	0	1	1	0	0	0	6	0	0	0	0	0	0
ASV5173	4	0	0	2	0	0	2	2	0	0	1	0	0	0	0	0	0	0	0	1	0	0	0	0	0	1	0	1	0	0	1	0	0	1	0	0	0	1	0
ASV5194	0	2	1	0	1	2	1	3	0	0	0	0	0	0	0	0	0	0	0	1	0	0	1	0	0	4	0	0	0	0	0	0	0	0	1	0	0	0	0
ASV5215	0	0	0	0	0	0	0	0	0	0	0	0	0	0	0	0	0	0	0	0	0	0	0	0	0	0	0	0	0	0	0	0	0	0	0	0	0	23	0
ASV5241	4	2	0	0	1	1	1	0	2	0	0	0	0	0	0	0	0	0	0	1	0	0	0	1	1	2	1	0	1	0	0	0	2	0	0	0	0	0	0
ASV5248	3	0	0	0	0	1	0	1	0	0	0	0	0	0	0	0	0	0	0	0	0	0	0	0	0	1	0	0	0	0	0	5	2	1	3	0	0	0	0
ASV5280	0	1	0	0	0	0	0	1	0	2	0	1	2	0	0	0	4	1	0	0	0	1	1	0	0	0	0	0	0	0	2	0	0	1	0	0	0	0	0
ASV5336	0	0	0	0	1	1	0	1	0	1	0	0	0	0	0	0	0	0	0	1	0	0	0	0	1	0	0	0	0	0	0	3	0	2	1	0	0	4	0
ASV5337	1	0	2	0	0	1	1	2	2	0	0	0	0	0	0	0	0	0	0	2	0	0	0	1	1	1	1	0	3	0	0	0	0	0	0	0	0	0	1
ASV5379	1	0	0	2	2	2	2	0	0	0	1	0	1	0	0	0	0	0	0	0	0	0	0	0	2	1	0	0	1	1	0	0	0	0	0	0	0	0	0
ASV5418	0	0	2	0	0	0	0	0	0	2	0	0	0	0	0	0	0	0	1	0	0	0	0	0	2	0	0	0	0	0	0	0	1	0	3	4	0	1	0
ASV5464	2	3	0	0	0	2	0	0	0	0	0	0	1	0	0	0	0	0	0	1	0	0	0	0	1	0	1	0	0	0	0	1	1	0	0	1	2	1	0
ASV5479	0	0	1	0	0	2	0	0	0	0	0	0	0	0	0	1	0	0	0	1	0	0	0	0	1	0	0	0	0	0	0	2	2	2	1	0	0	0	0
ASV5500	0	0	0	0	0	0	0	0	0	0	0	0	0	0	2	1	0	1	0	0	0	0	1	0	0	1	0	1	0	0	0	2	2	1	0	3	3	1	0
ASV5561	1	0	0	0	0	0	0	0	0	0	0	0	0	0	0	3	5	1	2	0	2	0	0	0	0	0	0	0	0	1	0	0	0	0	0	0	0	0	0
ASV5615	0	0	0	1	0	2	1	0	3	0	2	0	0	1	1	1	0	1	0	1	0	1	0	0	0	2	1	2	1	0	0	0	0	0	0	0	0	0	0
ASV5620	1	0	1	0	1	0	1	0	0	0	1	0	0	1	0	0	0	0	0	1	0	0	0	3	0	1	3	0	0	0	0	0	0	0	0	0	0	0	0
ASV5663	1	2	0	0	0	0	0	0	0	0	0	0	0	0	0	0	1	0	0	0	0	0	0	2	0	0	0	1	0	1	0	1	1	1	1	3	0	0	2
ASV5710	0	0	0	0	0	0	0	0	0	0	0	0	0	1	0	2	2	5	1	0	1	0	0	0	0	0	0	1	0	1	1	0	0	0	0	0	0	0	0
ASV5713	1	5	0	0	1	1	0	0	0	1	0	0	0	0	0	0	0	0	0	1	0	1	0	1	0	0	1	0	0	0	1	1	0	1	0	2	0	0	0
ASV5760	0	0	0	0	0	0	0	0	0	0	0	0	0	0	0	0	0	0	0	0	0	0	0	0	0	0	0	0	0	0	0	3	3	2	1	10	0	0	0
ASV5762	2	2	1	0	0	2	0	0	0	1	0	0	0	0	0	0	0	0	0	0	0	0	0	0	0	0	1	1	0	0	0	1	0	1	2	0	0	6	0
ASV5770	1	3	1	0	0	0	2	0	1	0	0	0	1	0	0	0	0	0	0	1	0	1	0	1	0	1	1	1	0	0	0	0	0	0	2	0	0	1	0
ASV5845	3	1	1	1	0	0	3	0	0	0	0	0	0	0	0	0	0	0	0	0	0	0	0	3	0	1	1	1	0	0	0	0	0	0	0	2	0	0	0
ASV5875	6	0	0	1	0	0	1	0	0	1	0	0	0	0	0	0	0	0	0	1	0	0	2	0	0	0	0	0	0	0	0	0	0	0	0	0	0	0	0
ASV5878	3	1	0	1	0	0	0	0	0	2	0	0	0	0	0	0	0	0	0	0	0	0	0	1	0	2	0	0	0	0	0	0	1	2	1	2	0	2	0
ASV5891	0	0	3	0	0	0	1	0	0	1	0	0	0	0	0	1	0	0	0	0	0	0	0	0	0	1	1	0	0	0	0	2	1	0	1	0	0	4	0
ASV5897	1	0	0	0	0	1	0	0	0	0	0	0	0	0	0	0	0	0	0	1	0	0	0	0	1	0	0	1	0	0	0	0	5	3	1	0	2	0	0
ASV5958	2	0	1	0	0	1	0	0	0	2	0	0	0	0	0	0	1	0	0	0	0	0	0	1	1	2	0	1	1	2	0	0	0	0	0	0	0	2	2
ASV3209	0	2	1	1	0	0	1	0	0	2	0	0	0	0	0	0	0	0	0	1	0	0	0	1	2	0	0	1	4	0	0	0	0	0	0	0	0	0	0
ASV3339	0	0	1	0	0	0	0	0	1	0	0	0	0	0	0	0	0	0	0	0	0	0	0	1	1	0	0	0	0	0	0	0	6	2	1	0	0	2	0
ASV3459	0	1	1	0	0	0	0	0	1	1	0	0	1	0	0	0	0	0	0	0	0	0	0	0	0	0	0	0	1	0	0	2	0	1	1	1	2	4	0
ASV3483	0	2	3	0	0	1	2	1	1	0	0	0	0	0	0	0	0	0	0	1	0	0	0	3	2	1	0	0	0	0	0	0	0	0	0	0	0	0	0
ASV3507	0	0	0	0	1	0	0	1	0	0	0	0	0	1	0	0	0	0	0	0	0	0	0	0	1	0	0	0	0	0	0	5	1	3	2	0	1	0	1
ASV3550	1	1	0	0	0	0	0	0	1	0	0	0	0	0	0	0	0	0	0	0	0	0	0	0	0	0	0	0	0	0	1	3	6	1	2	2	0	1	0
ASV3552	1	1	0	0	0	0	0	0	0	0	0	0	0	0	0	0	0	0	1	0	0	0	0	0	0	0	0	0	0	0	0	1	0	0	3	0	1	5	1
ASV3578	0	2	1	0	1	0	1	0	0	2	1	0	0	0	2	0	0	0	0	0	1	0	2	0	1	0	1	0	0	0	0	0	0	1	0	0	0	0	0
ASV3595	1	0	0	0	0	0	0	0	3	1	0	0	0	0	0	0	0	0	0	0	0	0	0	0	0	0	1	0	1	0	0	0	0	2	1	7	0	0	0
ASV3649	0	0	0	0	0	0	0	0	0	0	0	0	0	0	0	0	0	0	0	0	0	0	0	0	0	0	0	0	0	0	0	2	6	1	3	6	2	1	0
ASV3659	0	0	0	0	0	0	0	0	0	1	0	0	0	0	0	0	0	0	0	0	0	0	0	0	0	0	0	0	0	0	0	0	0	0	0	16	0	0	0
ASV3662	0	0	0	0	0	0	0	0	0	0	0	0	0	0	0	0	0	0	1	0	0	0	1	0	0	0	0	0	0	6	6	0	0	0	0	0	0	0	0
ASV3710	2	1	0	0	0	0	0	0	0	0	0	0	0	0	0	0	0	0	0	0	1	0	0	0	1	0	0	0	0	0	0	3	3	1	1	0	1	2	0
ASV3721	0	1	0	0	0	1	1	0	0	0	0	0	0	0	0	0	0	0	0	1	0	0	0	1	0	1	0	0	1	0	0	1	8	2	2	1	0	0	0
ASV3727	3	0	1	0	0	0	0	0	0	1	0	0	0	0	0	0	0	2	1	0	0	1	0	2	1	0	1	0	0	1	1	0	1	0	0	0	0	0	0
ASV3730	3	1	1	0	0	1	2	0	0	0	0	0	0	0	0	0	0	0	0	1	0	1	5	0	2	0	0	0	0	0	1	0	0	0	0	0	0	1	0
ASV3740	2	1	1	2	1	0	3	0	0	3	2	1	0	0	0	0	0	1	0	0	0	0	0	0	0	0	1	0	0	0	1	0	0	0	0	0	0	0	0
ASV3761	4	0	1	2	1	1	2	0	2	1	0	0	0	0	0	0	0	0	0	1	0	0	0	0	0	1	0	0	0	0	0	2	0	0	0	0	0	0	0
ASV3827	0	0	0	0	0	0	0	0	0	0	0	0	0	0	0	0	0	2	0	0	0	0	0	0	2	0	0	1	0	0	0	3	0	1	4	0	1	1	0
ASV3846	0	0	0	0	0	0	0	0	0	0	0	0	0	0	0	0	0	0	0	0	0	0	0	0	0	0	1	0	0	0	0	3	5	1	4	3	1	0	0
ASV3850	0	0	0	0	0	0	0	0	0	0	0	0	0	0	0	0	0	0	0	0	0	0	0	0	0	0	0	0	0	0	0	0	0	0	5	10	0	0	0
ASV3866	3	1	0	0	1	0	0	0	1	5	0	0	0	0	0	1	0	1	0	0	0	0	1	1	0	0	0	1	0	1	0	0	0	0	1	0	0	0	0
ASV3879	0	0	0	1	0	1	0	1	1	0	0	0	0	0	0	0	0	0	0	1	0	0	0	0	0	0	0	0	2	0	0	0	0	3	2	0	2	0	1
ASV3956	0	1	0	0	0	0	0	0	0	2	0	0	0	0	0	0	0	0	0	1	0	0	0	1	1	0	0	0	0	0	0	2	4	3	1	1	0	1	0
ASV3961	5	0	0	0	0	0	1	0	0	0	0	0	0	0	0	0	0	0	0	2	1	2	1	1	0	0	0	0	1	0	1	0	0	0	1	0	0	0	0
ASV3976	2	0	0	0	1	0	0	1	0	0	0	0	0	0	0	0	0	0	0	0	0	0	0	2	0	0	0	2	0	0	0	0	0	2	1	0	1	6	1
ASV3983	6	1	0	0	1	0	1	0	0	0	0	0	0	1	0	0	0	0	0	1	0	0	0	3	0	1	2	0	0	0	0	0	0	0	0	0	0	0	0
ASV4027	1	2	1	1	2	1	0	1	0	1	0	0	0	0	0	1	0	0	1	1	0	0	0	2	1	1	1	1	1	0	0	0	0	0	0	0	0	0	0
ASV4028	0	0	0	0	0	0	0	0	0	0	0	0	0	0	0	0	0	0	0	0	0	0	0	0	0	0	1	0	0	0	0	1	7	0	2	4	1	1	0
ASV4033	1	0	0	0	0	0	0	0	1	0	0	0	0	0	0	0	0	0	0	1	0	0	0	0	0	1	0	0	0	0	0	0	0	2	0	1	1	6	4
ASV4039	1	0	2	0	2	2	1	0	1	1	1	0	0	1	0	1	0	0	0	0	0	0	0	2	1	1	0	0	0	0	0	0	0	2	0	0	0	0	0
ASV4060	3	0	1	0	0	0	1	0	0	1	0	0	0	0	0	0	1	0	0	0	0	0	0	0	0	0	0	1	0	0	0	0	3	0	0	5	0	1	0
ASV4081	0	0	0	0	0	0	0	0	0	0	0	0	0	0	0	1	0	1	0	0	13	1	0	0	0	0	0	0	0	1	1	0	0	0	0	0	0	0	0
ASV4094	2	1	1	1	0	0	0	0	0	0	0	0	0	0	0	0	0	0	0	1	0	0	0	2	0	0	0	0	0	0	0	3	0	2	0	0	1	0	0
ASV4107	4	0	0	1	0	0	0	0	1	0	0	0	0	0	0	1	0	0	0	1	0	1	0	0	1	1	0	0	0	0	0	0	0	0	1	1	1	5	1
ASV4117	2	1	0	0	1	0	1	0	0	0	0	0	0	0	0	0	0	0	0	0	0	0	0	0	0	1	0	0	1	0	0	0	0	4	0	2	0	0	0
ASV4132	0	1	0	0	0	0	0	0	0	0	0	0	0	0	0	0	0	0	0	0	0	1	9	0	0	0	0	0	0	0	0	0	0	1	0	0	0	0	0
ASV4142	1	0	0	0	0	0	0	1	1	1	0	2	0	0	0	0	0	1	1	1	0	1	0	0	0	0	0	2	0	0	0	0	0	0	0	0	0	0	0
ASV4149	0	0	0	0	0	0	0	0	0	1	0	0	2	0	2	1	0	0	0	0	3	1	2	0	0	0	0	1	0	0	2	0	0	0	0	0	0	0	0
ASV4174	0	0	0	1	0	0	1	1	0	0	0	0	0	0	0	0	0	0	0	0	0	0	0	0	0	0	0	0	0	0	0	5	0	5	3	0	0	0	0
ASV4182	3	0	0	0	0	0	0	0	0	0	0	0	0	0	0	0	0	0	0	1	0	0	0	0	0	0	0	0	0	0	0	0	0	0	0	0	4	9	0
ASV4191	3	0	0	0	0	0	0	0	0	2	0	0	0	0	0	1	0	0	1	0	0	0	0	0	0	0	0	1	0	0	0	2	0	0	0	0	3	8	1
ASV4261	4	0	0	1	0	0	0	0	0	1	1	0	0	0	0	0	0	0	0	0	0	0	0	0	0	0	0	1	0	1	0	3	0	1	0	1	0	6	0
ASV4270	1	0	1	0	0	0	0	0	0	0	0	0	0	0	0	0	0	0	0	0	0	0	0	1	0	0	1	0	0	0	0	0	0	0	0	0	0	14	1
ASV4290	0	0	0	0	0	0	0	1	0	1	0	0	0	0	0	1	0	1	0	0	1	1	1	1	1	0	0	0	0	0	1	0	0	0	1	0	0	1	0
ASV4300	0	0	0	0	0	0	1	0	0	0	0	0	0	0	0	0	0	0	0	0	0	0	1	0	0	0	0	0	0	0	0	2	4	7	4	0	0	0	0
ASV4307	0	0	0	0	0	0	0	0	0	0	0	0	0	0	0	0	0	0	0	0	0	0	0	0	0	0	1	0	0	0	0	3	0	5	0	0	1	9	1
ASV4369	0	1	0	0	0	1	0	1	0	1	0	0	1	0	0	2	1	0	0	3	0	0	0	1	0	0	0	0	1	0	0	0	0	0	0	0	0	1	0
ASV4398	4	0	0	0	0	0	0	0	1	0	0	0	0	0	0	0	0	0	0	1	3	2	0	0	0	1	0	0	0	2	0	1	0	0	1	0	0	0	1
ASV4461	2	1	1	0	0	1	0	0	2	0	0	1	0	0	0	0	0	0	0	2	1	0	1	0	0	1	1	0	1	0	0	0	0	0	0	0	0	0	0
ASV4470	1	1	1	0	0	1	1	0	0	0	0	0	0	0	1	2	1	0	0	0	0	0	0	0	0	2	0	1	0	0	1	0	0	0	1	0	0	2	0
ASV4523	4	0	1	2	0	0	0	0	1	2	0	0	0	0	0	0	0	0	1	0	1	1	1	0	0	1	0	0	0	0	0	0	0	0	0	0	0	0	1
ASV4532	3	0	0	1	1	0	2	0	0	1	0	1	1	1	0	0	0	0	1	0	1	0	3	0	0	0	0	0	1	0	0	0	0	1	1	0	0	0	0
ASV4547	0	1	1	1	1	1	0	0	1	1	1	0	0	0	0	0	0	0	0	0	0	0	0	2	1	0	0	4	1	0	0	0	0	0	0	0	0	0	0
ASV4558	0	0	1	1	0	0	0	1	0	0	0	0	0	1	4	0	0	0	0	1	0	0	0	1	0	0	1	0	0	0	0	0	0	2	1	0	1	2	2
ASV4633	0	0	0	0	0	0	0	0	0	0	0	0	0	1	0	0	0	0	0	0	0	0	0	0	0	0	0	0	0	0	0	4	1	3	0	0	1	2	1
ASV4646	1	0	1	0	2	2	2	1	1	0	2	0	0	1	0	0	0	0	0	0	1	1	0	0	0	0	0	0	0	0	0	0	0	0	0	0	0	0	5
ASV4666	3	2	0	0	0	1	0	0	0	0	0	1	0	0	0	0	0	0	0	0	0	0	4	2	3	0	1	1	0	0	1	0	0	0	0	0	0	0	0
ASV4707	2	0	1	0	0	0	0	0	0	0	0	0	0	1	0	0	0	0	0	1	0	0	0	0	1	0	0	0	0	0	0	0	5	1	1	5	0	1	0
ASV4735	0	0	0	0	0	0	0	0	0	0	0	0	0	0	0	0	0	0	0	0	0	0	0	0	0	0	1	0	1	0	0	0	0	1	1	0	11	0	0
ASV4790	1	0	0	0	1	0	0	0	0	0	0	0	0	0	0	0	0	1	0	0	0	0	0	1	0	0	0	0	0	0	0	2	0	7	0	0	0	1	0
ASV4850	1	0	0	0	1	2	1	0	0	1	0	0	0	0	0	0	0	0	0	1	0	0	1	1	0	1	0	0	0	0	0	0	0	0	0	0	0	10	0
ASV4891	2	1	0	0	0	2	0	1	0	0	0	0	0	0	0	0	0	0	1	1	0	2	1	0	0	0	0	2	0	1	1	0	0	0	0	0	0	0	0
ASV4920	0	1	0	0	0	0	0	0	0	0	0	0	0	0	0	0	0	0	0	0	0	0	0	0	0	0	0	0	0	0	0	2	0	0	1	0	13	0	0
ASV4927	2	0	0	0	0	0	0	0	0	0	0	1	0	0	0	0	1	0	0	0	0	0	1	1	0	0	0	1	0	0	0	2	2	1	1	0	4	4	0
ASV4960	3	0	0	0	0	0	2	2	0	0	0	0	0	0	1	0	0	0	0	0	0	0	0	2	1	0	0	0	0	0	1	0	0	0	0	1	1	0	0
ASV4969	1	3	1	0	1	1	1	1	0	0	1	0	0	2	0	0	0	0	0	0	0	0	0	0	1	0	0	0	0	0	0	0	0	0	0	0	0	3	1
ASV4991	4	0	1	0	1	0	0	0	1	0	0	0	0	0	1	0	0	0	0	0	0	0	0	0	1	0	0	0	1	0	0	0	0	2	0	0	5	4	0
ASV5065	0	0	1	0	0	1	0	0	1	0	0	0	0	0	0	0	0	0	1	1	0	0	0	1	0	1	0	0	0	0	0	1	2	1	0	0	0	7	1
ASV5089	1	0	2	1	1	0	2	0	1	1	0	1	0	0	0	0	0	0	0	0	0	0	0	1	0	0	0	0	0	0	0	0	0	1	3	2	0	0	0
ASV5093	2	0	0	0	0	0	1	0	0	0	0	0	0	0	0	0	0	0	0	0	0	0	0	0	0	0	1	0	0	0	0	4	1	2	3	0	2	2	0
ASV5110	1	2	0	1	0	0	0	0	0	3	0	0	0	0	0	0	0	0	1	0	0	0	0	0	1	1	1	0	1	0	0	0	0	0	1	0	0	0	0
ASV5123	1	1	1	2	0	0	0	0	1	0	0	0	0	0	0	0	0	0	1	1	1	0	0	0	0	1	0	2	3	0	1	0	0	1	0	0	0	1	0
ASV5124	1	1	0	1	0	0	0	0	0	0	0	0	0	0	0	0	0	0	0	1	0	4	0	0	1	1	0	0	0	0	2	1	1	2	1	0	0	1	0
ASV5126	1	0	0	0	0	0	1	1	0	1	0	0	0	0	2	1	1	0	1	0	0	2	0	0	0	0	0	0	0	0	0	0	0	0	0	0	3	0	0
ASV5206	0	0	0	0	0	0	0	1	0	1	0	0	0	0	0	0	0	0	0	0	0	0	0	0	0	0	0	0	0	0	0	5	2	1	3	2	0	0	2
ASV5247	0	0	0	0	0	0	1	0	0	0	0	0	0	0	0	0	0	0	0	0	0	0	0	0	0	0	0	0	0	0	0	8	1	1	1	5	0	3	0
ASV5259	1	0	0	1	0	0	0	0	0	0	0	1	0	0	0	0	0	0	0	1	0	0	0	2	0	0	0	0	0	0	0	0	0	0	0	10	0	0	0
ASV5263	0	0	1	0	0	2	0	0	0	0	0	0	0	0	0	0	2	0	0	3	0	0	0	2	2	0	2	0	0	0	1	0	0	0	0	0	0	1	0
ASV5284	0	2	0	0	1	0	0	0	0	1	0	0	2	0	1	0	1	1	2	5	0	1	0	1	0	0	0	0	1	0	0	0	0	0	0	0	0	0	0
ASV5316	0	0	0	1	1	0	0	0	0	0	0	1	0	0	0	0	0	0	0	1	0	0	0	0	0	1	0	0	0	0	0	3	5	2	2	1	1	0	0
ASV5335	1	0	1	0	0	0	0	0	0	0	0	0	0	0	0	0	0	0	0	2	0	0	0	0	0	0	0	0	0	0	0	0	10	0	1	5	0	0	0
ASV5339	1	0	0	0	0	1	0	0	0	0	0	1	0	0	0	0	0	0	0	0	0	1	2	2	2	2	1	0	2	0	0	1	0	0	0	0	0	0	0
ASV5371	0	2	0	0	0	0	0	0	0	0	0	0	0	0	0	0	0	0	0	2	0	0	0	2	0	0	0	0	0	0	0	0	1	0	2	6	0	0	0
ASV5408	0	1	0	0	0	0	1	0	0	1	0	2	1	0	2	0	0	0	0	2	0	0	1	0	0	0	1	1	1	0	0	0	0	1	3	0	0	0	0
ASV5417	2	0	1	1	0	0	1	1	1	2	0	0	1	0	0	1	1	1	0	2	0	0	0	1	1	0	0	0	1	0	1	0	0	0	0	0	0	0	0
ASV5466	0	0	0	0	0	0	0	0	0	0	0	0	0	1	0	0	0	0	0	0	11	0	1	2	0	0	0	0	0	0	0	0	0	0	0	0	0	0	0
ASV5548	1	0	0	1	2	0	0	0	0	2	0	0	0	0	0	0	0	0	0	1	0	0	0	0	0	0	0	0	0	0	0	1	2	1	2	3	1	0	0
ASV5729	0	1	1	0	0	0	0	0	0	0	0	0	0	0	0	0	0	1	0	0	0	0	0	0	0	0	0	0	0	0	0	4	3	2	1	0	0	6	0
ASV5752	0	0	0	0	0	0	0	0	0	0	0	0	0	0	0	0	1	2	1	0	2	4	0	0	0	0	0	0	0	0	0	0	0	0	0	0	0	0	2
ASV5806	0	0	0	0	0	0	1	0	0	0	0	0	0	0	0	0	1	0	0	0	0	0	0	1	0	0	0	0	0	0	0	0	14	0	0	3	0	0	0
ASV5827	0	1	1	0	0	1	0	0	0	0	0	0	0	0	0	0	0	0	1	0	0	3	2	0	0	1	0	1	1	0	0	1	0	0	0	0	0	1	1
ASV5857	1	0	1	0	0	1	0	0	0	0	0	0	0	1	0	0	0	0	0	0	0	0	0	0	0	0	0	0	0	0	0	0	0	0	0	10	0	0	0
ASV5914	0	0	1	0	0	1	0	0	2	0	0	1	2	0	0	0	0	0	0	2	0	2	2	0	0	2	0	0	0	0	0	0	0	0	0	0	0	0	0
ASV3114	4	0	2	0	1	0	0	0	0	0	0	0	1	0	0	0	0	0	0	0	0	0	0	0	1	0	0	0	1	0	1	0	0	0	0	0	0	0	0
ASV3515	4	1	0	1	0	2	0	5	1	0	0	0	0	0	0	0	0	0	0	0	0	1	0	0	1	1	0	0	0	0	0	0	0	0	0	0	0	0	0
ASV3592	0	4	2	1	1	2	1	0	0	0	0	0	0	0	0	0	0	0	0	0	0	0	0	1	2	1	1	0	1	0	0	0	0	0	0	0	0	0	0
ASV3600	2	0	0	0	0	0	0	0	0	0	0	0	0	0	0	0	0	0	0	0	0	0	0	0	0	0	1	0	0	0	0	0	0	0	3	11	0	0	0
ASV3618	0	1	2	1	1	1	1	2	2	1	0	1	0	0	0	0	0	0	0	1	0	0	0	1	0	1	0	0	1	0	0	0	0	0	0	0	0	0	0
ASV3747	1	3	1	1	0	1	0	0	0	1	0	0	0	0	0	0	0	0	0	2	0	0	0	0	0	0	0	0	0	0	0	0	1	1	0	2	0	0	0
ASV3766	0	0	1	0	1	0	0	1	0	1	0	0	0	0	0	0	0	0	0	3	0	0	0	1	3	3	2	0	1	0	0	0	0	0	0	0	0	0	0
ASV3770	0	0	0	0	0	0	0	0	0	0	0	0	0	0	0	0	0	0	0	0	0	0	0	0	0	0	0	0	0	0	0	0	1	0	0	0	0	17	1
ASV3882	2	1	1	0	1	1	1	1	0	1	0	0	0	0	1	0	0	0	0	1	0	0	0	0	0	3	0	0	0	0	0	0	0	0	0	0	0	0	0
ASV3899	5	0	0	1	1	0	0	0	1	3	0	0	0	0	0	0	0	1	1	3	0	0	0	0	0	1	1	1	0	0	0	0	0	0	0	0	0	0	0
ASV3945	4	1	0	0	0	0	0	0	0	0	0	0	0	0	0	0	0	0	0	0	0	0	0	0	1	2	1	0	0	0	0	0	3	0	3	0	2	0	0
ASV3966	1	0	0	0	0	0	1	0	0	0	0	0	0	0	0	0	0	0	0	2	0	0	0	0	0	0	0	0	0	0	0	0	11	0	0	0	3	0	0
ASV3988	0	0	0	0	0	0	0	0	0	1	0	0	0	0	0	0	0	0	0	0	0	0	1	0	0	0	1	1	0	1	0	1	5	1	1	0	0	6	1
ASV3994	0	0	0	0	1	0	0	0	0	0	0	0	0	0	0	0	0	0	0	0	0	0	0	0	0	0	0	0	0	0	0	0	1	1	0	0	0	18	0
ASV4013	0	0	2	1	0	0	0	2	0	0	0	0	0	0	0	0	0	0	0	0	0	0	1	0	1	1	0	0	0	0	0	1	0	0	0	0	0	8	0
ASV4029	0	0	1	0	3	0	1	0	0	1	0	1	1	0	0	0	0	0	1	0	0	0	0	1	0	2	3	0	2	0	0	0	0	0	0	0	0	0	0
ASV4054	1	2	0	0	0	0	0	0	0	0	0	0	0	0	0	0	0	0	0	1	0	0	0	0	0	0	1	0	0	0	0	0	0	1	0	8	3	0	0
ASV4098	4	1	0	0	0	0	2	0	0	1	0	0	0	0	0	0	0	0	0	0	0	0	1	0	0	0	0	0	1	0	0	3	1	1	2	0	0	0	0
ASV4122	1	2	2	0	0	0	0	1	0	0	0	0	0	0	0	0	0	0	0	1	0	0	0	1	0	0	0	0	0	0	0	0	0	1	1	7	0	0	0
ASV4146	0	1	0	0	0	0	0	0	0	1	0	0	0	0	0	0	0	0	0	1	0	0	0	1	1	3	0	0	0	0	0	0	1	2	0	0	0	3	0
ASV4157	0	1	0	1	0	0	0	0	0	1	0	0	0	0	0	1	0	0	1	0	0	3	0	0	1	1	0	2	0	0	0	0	0	0	0	0	0	0	0
ASV4193	0	1	0	0	0	0	0	0	0	0	0	0	0	0	0	0	0	0	0	0	0	0	1	0	2	0	1	1	0	0	0	0	2	2	0	3	1	6	0
ASV4244	0	0	0	1	0	0	1	0	0	0	0	0	0	0	0	0	0	0	0	1	0	0	0	1	0	0	0	1	0	0	0	1	0	1	0	0	0	8	4
ASV4258	4	0	0	1	0	0	0	0	0	0	0	0	0	0	0	0	0	1	0	0	0	0	0	0	0	0	0	0	0	0	0	2	0	0	1	0	2	4	1
ASV4282	0	0	0	2	0	2	2	0	0	0	0	0	0	0	0	0	0	0	1	0	0	0	0	0	0	0	0	0	1	0	0	1	0	1	2	1	1	1	1
ASV4301	0	0	0	0	0	0	0	0	0	0	0	0	0	0	0	0	0	0	0	0	0	0	0	0	0	0	0	0	0	0	0	0	12	2	1	3	0	0	0
ASV4311	1	3	1	0	0	1	0	0	2	0	0	2	0	0	0	0	0	0	1	1	0	0	0	0	1	2	0	0	1	0	0	0	0	0	0	0	0	0	0
ASV4324	5	0	0	0	0	0	0	0	0	1	0	0	0	0	0	0	0	0	0	0	0	0	0	0	0	0	1	0	1	0	0	0	0	0	0	1	0	5	0
ASV4349	0	0	0	1	0	0	0	0	0	0	0	0	2	2	0	0	0	1	2	0	0	0	3	0	0	0	0	0	1	0	0	0	0	0	0	0	0	0	0
ASV4371	0	0	0	0	0	0	0	0	0	0	0	0	0	0	0	0	0	0	0	0	0	0	0	1	0	0	0	1	0	0	0	0	7	0	6	3	0	0	0
ASV4375	1	0	2	0	0	1	1	0	0	1	0	0	0	0	0	1	0	1	0	1	1	2	0	0	0	1	0	0	0	0	0	0	0	0	0	0	0	3	0
ASV4376	0	3	0	0	1	2	0	0	0	0	0	0	0	0	0	0	0	1	0	2	1	1	0	2	1	1	0	0	0	0	0	0	0	0	0	0	0	0	0
ASV4426	1	3	1	0	1	1	0	0	0	0	0	0	0	0	0	0	0	0	0	0	0	0	0	0	0	0	0	1	0	0	0	0	0	0	0	0	1	5	1
ASV4431	1	0	0	0	0	0	0	1	0	2	0	0	0	0	0	0	0	0	0	0	0	0	0	1	0	0	2	1	1	0	0	0	1	1	1	4	0	0	0
ASV4441	3	2	0	0	0	1	1	2	0	0	0	0	1	0	0	0	0	0	0	0	0	0	1	0	1	0	0	0	0	0	0	1	0	2	0	0	0	1	2
ASV4453	8	1	0	0	0	1	0	0	0	1	0	0	0	0	0	0	0	0	0	0	0	0	0	0	0	0	2	0	0	0	0	0	0	0	0	0	0	0	0
ASV4476	1	1	1	0	0	0	0	0	4	0	0	0	0	1	0	0	0	0	1	4	0	0	0	2	0	0	0	0	0	1	1	0	0	0	0	0	0	0	1
ASV4511	3	1	1	0	0	0	1	0	0	0	0	0	0	0	0	0	0	0	0	0	0	0	0	0	1	0	0	1	0	0	0	1	3	3	1	3	0	0	0
ASV4530	3	0	1	0	1	0	0	0	0	0	0	0	0	0	0	0	0	0	0	0	0	0	0	1	0	0	2	0	0	0	0	0	5	3	1	0	0	0	0
ASV4560	1	0	1	0	0	0	0	0	0	0	1	0	0	0	0	0	0	0	0	1	0	1	0	0	0	0	1	0	0	1	0	1	0	1	3	1	0	4	0
ASV4590	0	0	0	0	0	0	0	0	0	0	0	0	0	0	0	0	0	1	0	1	0	4	3	0	0	1	0	1	0	0	0	0	0	0	0	0	0	1	0
ASV4597	3	0	0	0	0	0	0	0	0	0	0	0	0	0	0	0	1	0	0	0	0	0	0	1	0	0	1	0	0	0	0	0	0	0	2	0	2	5	0
ASV4606	0	2	1	0	0	0	0	0	2	1	0	0	0	0	0	0	0	0	0	0	1	0	0	1	0	0	0	0	2	0	0	0	0	0	0	0	0	7	0
ASV4645	0	0	1	1	0	2	1	0	0	0	1	0	0	0	0	0	0	0	0	0	0	0	0	0	0	1	0	0	2	0	0	3	0	0	2	0	1	3	0
ASV4650	0	0	0	0	0	0	0	0	0	0	0	0	0	0	0	0	0	0	0	0	0	0	0	0	0	1	0	0	0	0	0	1	9	2	2	1	1	0	0
ASV4653	0	0	3	0	1	0	1	0	0	0	0	1	0	0	1	1	0	0	0	0	0	1	0	1	0	1	0	0	0	0	0	0	0	1	0	0	0	0	0
ASV4668	0	0	0	0	0	0	0	0	0	0	0	0	0	0	0	0	0	0	0	0	0	0	0	0	0	0	0	0	0	0	0	0	6	2	2	0	6	0	0
ASV4688	0	0	0	1	0	1	0	0	1	1	0	0	0	1	0	0	0	0	0	0	0	0	0	0	3	2	1	1	0	0	1	0	0	1	0	0	0	0	0
ASV4709	1	0	0	0	0	1	0	0	0	0	0	0	0	1	2	0	1	1	2	0	2	0	2	0	0	0	0	0	0	0	0	0	0	1	1	0	0	0	0
ASV4729	0	1	0	0	0	1	0	0	0	1	1	0	0	0	0	1	0	1	0	1	0	0	0	1	1	1	0	0	0	1	1	0	0	0	0	0	0	4	0
ASV4742	1	0	2	0	1	0	0	0	1	0	0	1	0	1	0	0	0	0	0	1	2	0	1	0	1	0	0	0	0	1	0	0	0	0	0	0	0	0	0
ASV4746	0	0	0	0	0	0	0	0	0	0	0	0	0	0	0	0	0	0	0	0	0	0	0	0	0	0	0	0	0	0	0	0	0	1	12	2	0	0	0
ASV4832	1	1	0	0	1	1	0	2	0	0	0	0	0	0	0	0	0	0	0	1	1	0	0	0	1	2	0	0	2	0	0	0	0	1	0	0	0	0	0
ASV4834	0	0	0	0	0	0	1	0	0	0	0	0	0	0	0	0	0	2	1	1	0	5	0	0	0	0	0	0	0	0	0	0	0	0	0	0	0	2	0
ASV4860	0	2	0	0	0	0	0	0	0	0	0	0	0	0	0	0	1	1	0	0	2	5	2	1	0	0	0	0	0	0	1	0	0	0	0	0	0	0	0
ASV4909	0	2	1	1	4	0	0	0	0	0	0	0	0	0	0	0	0	0	1	0	0	0	0	2	1	1	1	1	2	0	0	0	0	0	0	0	0	0	0
ASV4935	1	0	1	3	2	0	1	0	1	0	3	1	0	1	0	0	0	0	0	0	0	1	0	2	1	0	0	1	0	0	0	0	0	0	0	0	0	0	1
ASV4939	1	1	2	0	1	0	0	1	0	2	0	0	0	0	0	0	0	0	0	2	0	0	0	1	1	2	2	0	1	0	0	0	0	0	0	0	0	1	0
ASV4955	4	2	0	0	0	0	0	1	0	1	0	1	0	0	0	0	0	0	2	1	0	2	1	0	0	1	0	0	0	0	2	0	0	0	0	0	0	1	0
ASV5078	0	0	0	0	0	0	0	0	0	0	0	0	0	0	0	0	0	0	0	0	0	0	0	0	0	0	0	0	0	0	0	0	14	1	4	0	2	0	0
ASV5117	1	1	0	0	2	0	0	0	1	1	0	0	0	0	0	0	0	0	0	3	0	0	0	2	0	1	0	1	0	0	0	0	0	2	0	1	0	0	0
ASV5133	1	1	0	0	0	3	1	1	0	0	0	0	0	0	0	0	0	0	0	0	0	0	0	1	1	1	0	0	3	0	0	0	0	0	0	0	0	0	1
ASV5177	0	0	1	0	0	3	1	0	0	0	1	2	0	0	0	0	0	0	1	0	0	1	0	1	0	1	0	0	1	0	0	0	0	0	0	0	0	0	0
ASV5183	5	0	1	0	2	0	1	0	0	1	0	0	0	0	0	0	0	0	0	1	0	0	0	1	0	2	1	0	1	0	0	1	0	0	0	0	0	0	0
ASV5195	0	1	0	0	0	0	0	0	0	0	0	0	0	0	0	0	0	0	0	2	0	0	0	0	0	0	0	0	0	0	0	2	0	5	3	1	1	3	0
ASV5200	0	0	0	0	1	0	0	0	0	0	0	0	1	0	0	0	0	0	1	0	0	0	0	1	0	0	0	0	0	0	0	1	4	3	0	6	0	0	0
ASV5219	3	1	1	0	0	0	0	0	0	0	0	0	0	0	0	0	0	0	0	1	0	0	0	0	1	1	1	0	0	0	0	2	1	0	0	0	0	0	0
ASV5239	2	0	1	0	0	0	0	0	2	0	0	0	0	0	1	0	0	0	0	0	1	0	1	0	0	0	0	1	0	1	2	0	0	0	0	0	0	0	0
ASV5261	1	0	1	0	1	0	1	2	1	0	1	0	0	0	0	1	0	0	0	0	0	0	0	2	0	0	0	2	0	0	0	0	0	0	0	0	0	1	0
ASV5299	2	0	0	0	0	2	0	0	0	0	1	0	0	0	0	0	0	0	0	0	0	0	0	0	0	0	0	0	0	0	0	1	6	2	1	1	1	1	0
ASV5304	1	1	1	0	0	0	1	2	1	2	0	1	0	1	0	0	0	0	0	0	0	0	0	1	0	1	2	1	0	0	0	0	0	0	1	1	0	0	0
ASV5338	1	0	0	0	1	2	0	0	0	1	0	1	0	0	0	0	0	0	0	2	0	0	0	0	0	1	1	0	1	0	0	1	0	4	1	0	0	1	0
ASV5388	0	0	0	0	0	0	0	0	0	0	0	0	0	0	0	0	3	0	0	0	3	0	3	0	0	0	0	0	0	0	7	0	0	0	0	0	0	0	0
ASV5402	4	1	0	1	0	0	0	0	0	1	0	0	0	0	0	0	0	0	0	1	0	0	0	0	0	1	1	1	0	0	0	0	4	1	0	1	2	0	0
ASV5411	0	0	0	0	0	0	0	0	0	2	0	0	0	0	0	0	0	0	0	0	0	0	0	0	1	1	0	0	0	0	1	0	1	1	2	4	0	0	1
ASV5424	0	0	1	0	0	0	0	0	0	0	0	0	0	0	0	0	0	0	0	5	0	0	0	1	0	1	0	0	0	0	0	0	1	4	1	0	0	0	0
ASV5440	0	0	1	0	0	0	0	0	0	1	0	0	1	0	0	0	0	1	1	1	0	1	8	0	0	0	0	0	0	1	0	1	0	0	0	0	0	0	0
ASV5502	1	1	1	0	0	0	0	0	0	0	0	0	0	0	0	0	0	0	1	1	0	0	0	1	0	1	1	0	0	0	0	1	2	0	1	0	4	4	0
ASV5504	0	0	1	0	0	1	0	0	0	0	0	0	0	0	0	0	0	0	0	0	0	0	0	0	0	0	1	1	0	0	0	3	1	0	0	0	5	4	1
ASV5676	1	1	1	0	3	0	1	0	0	3	0	0	0	0	0	0	0	0	0	2	0	0	0	1	0	3	0	1	0	0	0	0	0	0	0	0	0	0	0
ASV5696	1	1	2	1	1	0	0	0	0	0	0	0	0	0	0	0	0	0	0	0	0	0	0	2	0	0	0	0	0	0	0	2	2	2	0	0	1	0	0
ASV5704	2	0	0	0	0	1	0	0	0	0	0	0	0	0	0	0	0	0	0	0	0	0	0	1	0	0	0	0	0	0	0	5	0	3	1	0	1	1	3
ASV5743	2	0	0	0	0	1	0	0	1	0	1	0	0	0	0	0	0	0	0	2	0	0	0	0	1	0	1	0	1	0	0	0	3	0	1	1	0	6	0
ASV5755	2	1	0	0	0	1	0	0	0	0	0	0	1	0	0	0	0	0	0	1	0	0	0	0	1	1	0	0	1	0	0	0	0	0	0	0	0	9	0
ASV5816	2	0	1	0	1	0	1	0	0	1	0	0	0	0	0	0	0	0	0	1	0	0	0	1	0	0	0	2	0	1	0	1	0	3	2	0	0	1	0
ASV5853	1	0	0	0	0	1	0	1	0	0	0	0	0	0	0	0	0	1	0	1	0	0	1	0	0	0	0	0	0	0	1	4	0	2	1	0	1	4	0
ASV5858	1	0	1	0	0	0	0	0	0	0	0	0	0	0	0	0	0	0	1	1	0	0	0	0	2	0	1	0	0	0	0	0	0	1	1	0	0	0	0
ASV5881	0	0	1	0	0	0	0	3	0	3	0	0	0	0	0	0	0	0	0	1	0	0	0	2	0	0	1	1	0	0	0	0	0	0	0	0	0	0	0
ASV5889	1	2	2	1	2	0	0	1	0	0	0	0	0	0	0	0	0	0	0	1	0	0	0	1	1	1	0	0	1	0	0	0	0	0	0	0	0	0	0
ASV5912	2	1	1	0	0	1	0	0	0	2	0	0	0	0	0	0	0	1	1	0	0	0	0	1	0	0	1	1	0	0	0	2	0	0	1	0	0	1	0
ASV5915	1	2	0	0	1	0	0	0	0	0	0	0	0	0	0	0	0	0	0	1	0	0	0	0	1	0	2	0	1	0	0	1	2	4	0	0	1	2	0
ASV5923	0	0	1	1	0	0	0	0	1	0	2	0	0	0	0	2	0	1	0	2	0	0	0	1	1	2	2	0	1	0	0	0	0	0	2	0	0	0	1
ASV5953	1	0	1	1	0	3	0	0	0	0	0	0	0	0	0	1	0	1	0	1	0	1	0	0	0	1	1	0	0	0	0	0	0	0	0	2	0	0	0
ASV5960	5	1	0	0	1	1	0	0	1	1	0	0	0	1	0	0	0	0	0	0	2	0	0	0	0	2	0	1	1	0	1	0	0	0	0	0	0	0	0
ASV2996	1	0	0	0	0	0	1	0	0	1	0	0	0	0	0	0	0	0	0	0	0	0	0	0	0	1	0	0	0	0	0	5	4	1	3	0	0	1	0
ASV3367	0	1	0	0	0	0	1	0	0	2	1	0	0	0	0	0	0	1	1	1	0	0	0	0	2	0	0	0	0	0	0	0	0	1	0	1	0	0	1
ASV3413	3	0	1	1	0	1	0	0	0	0	0	0	0	0	0	0	0	0	0	1	0	0	0	1	0	0	1	0	2	0	0	0	0	0	0	0	0	0	0
ASV3532	3	2	0	0	0	0	1	0	0	0	0	0	1	0	0	0	1	0	0	4	0	0	0	0	0	1	0	3	0	0	0	0	0	0	0	0	0	0	0
ASV3720	0	0	0	0	0	0	0	0	0	0	0	0	0	0	0	0	0	0	0	0	0	8	0	0	0	0	0	0	0	2	1	0	0	0	0	0	0	0	0
ASV3734	0	0	0	0	1	0	0	0	0	1	0	0	0	0	0	0	0	0	0	1	0	0	0	0	1	0	0	0	0	0	0	5	3	0	0	0	0	4	1
ASV3810	1	1	0	0	0	1	0	0	1	0	0	0	0	1	0	0	0	0	0	0	0	0	1	0	1	1	0	0	0	0	0	2	0	0	0	0	0	9	0
ASV3831	2	0	0	2	0	0	0	0	0	0	0	0	0	1	0	1	1	0	0	1	2	1	1	0	0	1	1	0	0	0	0	0	0	0	0	0	0	0	1
ASV3870	0	0	1	0	0	0	0	0	0	0	0	0	0	0	0	0	0	0	0	0	0	0	0	0	0	0	0	0	0	0	0	0	0	5	2	8	0	0	0
ASV3897	2	0	0	1	0	0	0	0	0	0	0	0	0	0	0	0	0	0	0	0	0	0	0	0	0	0	1	1	0	0	0	2	4	0	3	0	2	0	0
ASV3933	0	0	0	1	0	1	0	2	0	1	0	0	0	0	0	0	0	0	0	3	0	0	0	2	3	0	0	0	1	0	0	0	0	0	0	0	0	0	0
ASV3957	5	2	0	0	0	1	0	0	0	1	0	0	0	0	0	0	0	0	0	1	0	0	0	1	0	2	1	1	0	0	0	0	0	0	0	0	0	0	0
ASV3964	1	1	0	0	0	0	1	0	0	0	0	0	0	0	1	0	0	1	0	1	1	2	0	0	0	2	0	0	0	0	0	1	0	0	0	0	0	1	0
ASV3992	2	2	1	0	1	1	1	1	0	0	0	0	0	0	0	0	0	0	0	1	0	0	0	1	1	1	0	0	1	0	0	0	0	1	1	2	0	0	0
ASV4032	0	2	0	0	1	0	0	1	1	0	0	2	0	0	0	0	0	0	0	0	0	0	0	1	1	2	1	1	1	0	0	0	0	0	0	0	0	0	0
ASV4065	0	0	0	0	0	0	0	0	0	0	0	0	0	0	0	0	0	0	0	1	0	0	0	0	1	1	0	1	0	0	0	0	4	1	2	0	0	5	0
ASV4089	0	1	0	0	0	1	0	0	0	0	0	0	1	0	0	1	0	0	0	0	0	0	0	0	0	1	0	1	0	0	0	1	1	2	2	1	2	0	1
ASV4091	1	1	0	1	0	3	0	1	1	1	0	0	0	0	0	0	0	0	0	0	0	0	0	1	0	4	0	0	0	0	0	1	0	0	0	0	0	0	0
ASV4099	4	0	2	1	0	1	3	0	0	0	0	0	0	0	0	0	0	0	0	0	0	1	0	2	0	0	0	2	0	0	0	0	0	2	0	0	0	0	0
ASV4115	1	1	0	0	0	0	0	0	0	0	0	0	0	0	0	0	0	0	0	0	0	0	0	1	0	0	0	0	0	0	0	3	2	2	2	0	3	1	1
ASV4153	4	3	0	0	0	0	2	2	0	0	0	0	0	0	0	0	0	0	0	2	0	0	0	1	1	1	0	0	0	0	0	2	0	1	0	0	0	0	0
ASV4167	2	0	0	0	0	0	0	0	0	1	0	0	1	0	0	0	0	0	0	0	0	0	0	3	0	0	0	0	0	1	0	3	0	0	0	0	1	1	0
ASV4199	1	3	1	1	0	1	0	0	2	1	1	0	0	0	0	0	0	0	0	2	0	0	0	1	0	0	0	0	0	0	0	0	0	0	0	2	0	0	0
ASV4211	4	0	1	0	0	0	0	0	1	0	0	0	0	0	0	0	0	0	0	0	0	0	0	0	0	0	0	0	0	0	1	1	2	0	0	0	5	1	0
ASV4293	2	1	0	1	0	0	0	0	0	0	0	0	0	0	0	0	0	0	0	1	0	0	0	0	0	0	0	0	0	0	0	0	2	0	0	2	1	8	0
ASV4296	0	0	0	0	0	0	0	0	0	1	0	0	0	0	0	0	0	0	0	0	0	0	0	1	0	0	0	0	0	0	0	2	5	4	4	3	0	0	0
ASV4308	5	2	0	0	1	0	0	0	0	1	0	0	0	0	0	0	0	0	0	1	0	0	0	1	0	1	0	0	0	0	0	0	0	0	0	0	0	0	0
ASV4327	1	0	1	0	0	0	0	0	0	1	0	0	0	1	0	0	0	0	0	0	0	0	0	0	0	0	0	1	0	0	0	0	0	0	2	7	0	0	0
ASV4329	2	0	0	0	0	0	1	0	2	0	0	0	0	0	1	1	0	1	0	0	1	1	0	0	1	1	1	0	0	1	1	0	0	0	0	0	0	0	0
ASV4350	2	2	1	0	1	0	1	0	0	0	0	0	0	0	0	0	0	1	0	0	0	1	0	0	0	0	2	0	0	0	1	0	0	0	0	0	0	0	0
ASV4383	1	1	0	0	1	2	0	0	0	1	0	0	0	0	0	0	0	0	0	1	0	0	0	1	0	0	1	0	0	0	0	0	0	0	0	0	0	0	0
ASV4471	1	0	1	1	0	0	0	0	0	0	0	0	0	0	0	0	0	0	0	0	0	2	0	0	1	0	1	0	0	0	0	1	1	4	1	0	0	0	0
ASV4478	0	0	0	0	0	0	0	0	0	0	0	0	0	0	0	0	0	0	0	0	0	0	0	0	0	1	0	0	0	0	0	0	4	2	2	4	0	2	0
ASV4538	0	0	1	1	0	0	0	0	0	0	0	0	1	2	0	0	1	0	1	2	0	0	2	1	0	0	1	1	1	0	0	0	0	0	0	0	0	1	0
ASV4544	1	0	1	0	0	0	1	0	0	1	0	0	0	0	0	0	0	0	0	0	0	0	0	0	0	0	1	0	0	0	0	0	3	0	1	0	6	2	0
ASV4585	2	1	0	1	1	0	0	0	1	2	1	0	0	0	0	0	0	0	0	1	1	0	0	0	0	3	1	1	0	0	0	0	0	0	0	0	0	0	1
ASV4622	2	1	0	1	0	0	0	0	1	1	0	0	0	3	0	0	1	0	0	0	2	1	0	0	1	1	0	1	0	0	1	0	0	0	0	0	0	0	0
ASV4623	1	0	0	0	0	1	0	0	0	0	0	0	0	0	0	0	0	0	0	1	0	0	0	0	0	0	0	1	0	0	0	5	1	2	3	0	0	2	0
ASV4638	3	1	0	0	0	0	0	0	0	0	0	0	0	0	0	0	0	0	0	2	0	0	0	0	0	0	1	0	0	1	0	1	0	1	2	0	0	5	0
ASV4657	0	0	0	0	0	0	0	0	0	0	0	0	0	0	0	0	0	0	0	0	0	0	0	0	0	0	0	0	0	2	0	0	6	2	4	6	0	0	0
ASV4677	0	0	0	0	0	0	1	1	1	1	0	0	0	0	1	0	0	0	0	1	0	0	1	1	1	0	1	0	3	0	0	0	0	0	0	0	0	0	0
ASV4697	1	0	2	0	0	0	0	0	0	0	0	0	0	0	0	0	0	0	0	0	0	1	9	1	0	0	0	0	0	0	0	0	0	0	0	0	0	0	0
ASV4713	1	1	0	0	0	0	0	0	0	0	0	0	0	0	0	0	0	0	0	1	0	0	0	1	1	1	2	0	0	0	0	0	4	0	0	0	0	1	0
ASV4723	1	0	0	0	0	0	0	1	0	0	0	0	0	0	0	0	0	0	1	3	0	0	2	1	0	0	0	0	0	0	1	0	0	0	0	0	0	2	0
ASV4753	0	1	0	0	0	0	0	0	0	0	0	0	0	0	0	0	0	0	0	2	0	0	1	1	1	0	1	0	0	0	0	0	0	1	1	5	0	1	0
ASV4775	0	0	0	0	1	0	0	0	1	0	0	0	0	1	1	0	0	1	1	2	0	0	0	0	1	0	0	0	0	0	0	0	0	0	0	0	0	1	0
ASV4808	1	0	0	0	0	0	0	0	0	3	0	0	0	0	0	0	0	0	0	1	0	0	0	0	0	0	0	0	0	0	0	0	0	0	1	9	0	1	0
ASV4818	1	0	1	2	0	1	1	0	0	0	0	0	0	0	0	0	0	0	0	0	0	0	0	0	2	0	1	2	1	0	0	0	0	0	0	0	0	0	2
ASV4904	0	1	0	0	1	0	0	0	1	0	0	0	0	0	0	1	0	0	0	0	1	0	0	0	0	0	0	0	0	0	0	1	5	0	4	0	0	1	0
ASV4950	1	0	1	2	0	1	0	0	0	1	0	1	0	0	0	0	0	0	0	0	0	0	0	2	8	0	0	0	0	0	0	0	0	0	0	0	0	0	0
ASV4954	0	0	2	0	1	1	1	0	1	2	0	0	0	0	0	0	0	1	1	0	0	0	0	1	1	1	2	0	0	0	0	0	0	0	0	0	0	0	0
ASV4964	1	0	0	0	0	0	0	0	2	1	0	0	0	1	0	1	0	0	1	0	0	0	0	0	1	0	0	1	0	0	0	2	1	0	0	1	0	1	0
ASV4978	5	0	1	0	0	0	0	0	0	0	0	0	2	0	0	0	0	0	0	0	0	0	0	1	1	1	1	1	0	0	0	0	1	1	0	2	0	0	0
ASV4988	0	1	0	0	1	0	5	0	0	0	0	0	0	0	0	0	0	5	0	1	0	0	0	1	0	0	0	0	0	1	0	0	0	0	0	0	0	0	0
ASV5022	0	2	0	0	1	2	0	1	0	0	0	1	0	0	0	0	1	0	0	0	0	0	0	1	1	0	0	2	0	0	0	2	0	0	0	0	0	1	2
ASV5039	0	0	0	0	0	0	0	0	0	1	0	0	0	0	0	0	0	0	0	0	0	0	0	0	0	1	0	0	0	0	0	0	15	0	0	1	0	0	0
ASV5067	1	0	0	0	1	2	0	0	0	0	0	0	0	0	0	1	0	1	1	0	1	0	2	0	3	2	0	0	0	0	0	0	0	0	0	0	0	0	1
ASV5139	2	1	0	1	1	1	1	1	0	0	0	0	0	0	1	0	0	0	0	1	0	0	0	0	0	0	0	0	2	0	0	0	0	0	0	0	0	3	0
ASV5175	2	2	0	0	0	0	0	1	0	1	0	0	0	2	0	0	1	0	0	1	0	0	4	0	0	0	0	0	1	0	0	0	0	0	0	0	0	0	0
ASV5221	2	3	0	0	0	1	0	0	0	1	0	0	0	0	0	0	0	0	0	3	0	0	0	4	0	0	0	1	1	0	0	0	0	0	0	0	0	0	1
ASV5230	4	0	0	0	0	1	1	0	0	0	0	0	0	0	0	0	0	0	0	0	0	0	0	0	0	1	0	0	0	0	0	0	0	0	0	8	0	0	1
ASV5254	0	0	0	0	0	0	0	0	0	2	0	0	0	0	0	0	0	0	0	0	0	0	0	0	1	0	0	0	0	0	0	0	3	3	3	5	0	0	0
ASV5265	3	0	1	1	1	2	2	0	0	0	0	0	0	0	0	0	0	0	0	1	0	0	0	1	0	0	0	0	0	0	0	0	0	0	0	0	0	0	0
ASV5266	1	1	0	1	0	1	1	0	0	1	1	0	0	0	0	1	0	0	0	0	0	0	0	0	0	0	2	0	0	0	1	0	0	0	0	0	1	0	0
ASV5267	0	0	0	0	1	0	0	0	2	0	0	0	0	0	0	0	0	0	0	1	0	0	0	2	1	0	0	0	1	0	0	0	2	1	1	4	0	1	0
ASV5275	0	0	0	0	0	0	0	0	0	0	0	0	0	0	0	0	0	0	0	0	0	0	0	0	0	0	0	0	0	0	0	8	3	2	1	0	0	0	0
ASV5277	0	4	1	0	1	0	0	1	0	1	2	0	0	0	0	0	0	0	0	1	0	0	0	2	1	0	0	0	0	0	0	1	0	0	0	1	0	0	0
ASV5283	2	0	1	0	1	0	0	0	0	1	0	0	0	1	0	0	0	0	0	0	0	0	1	1	1	0	1	0	1	0	0	0	0	0	0	0	0	0	0
ASV5298	0	0	1	0	1	0	0	0	0	2	0	0	0	0	0	1	1	0	1	1	0	0	1	0	1	1	1	1	0	0	0	0	0	0	0	0	0	0	0
ASV5318	1	0	0	0	0	0	0	0	1	1	0	0	0	0	0	0	0	0	0	0	0	0	0	0	0	0	1	0	0	0	0	0	0	1	6	6	0	0	0
ASV5323	4	2	0	1	0	0	0	0	0	1	0	0	0	0	0	0	1	0	2	2	0	0	0	0	0	0	1	0	0	0	0	0	0	0	0	0	0	1	0
ASV5345	2	0	1	0	0	1	0	0	0	0	0	0	0	0	0	0	0	0	0	0	0	0	0	0	0	2	0	0	0	0	0	2	2	2	1	1	0	3	1
ASV5350	0	0	0	0	0	0	0	0	0	0	0	0	0	0	0	0	0	0	0	0	0	0	0	0	0	0	0	0	0	0	1	3	3	2	1	0	5	4	1
ASV5392	0	0	0	1	0	0	0	0	0	1	0	0	0	0	1	0	0	0	0	1	0	0	0	0	0	1	0	0	0	0	0	0	2	2	3	4	0	0	0
ASV5421	2	0	0	0	0	0	0	0	0	0	0	0	0	0	0	0	0	0	0	0	0	0	0	0	0	0	1	1	0	0	0	2	3	2	0	0	0	8	0
ASV5433	0	0	0	1	0	0	1	0	1	1	0	1	0	0	3	2	0	1	0	0	0	1	0	1	0	2	0	0	0	0	1	0	0	0	0	0	0	0	0
ASV5435	3	0	1	1	0	0	0	0	0	0	0	0	1	0	0	0	0	0	1	0	0	2	0	0	0	0	1	0	0	0	1	0	0	1	0	0	0	3	0
ASV5439	3	0	0	0	0	0	0	0	0	2	1	0	0	0	0	0	0	0	0	4	0	0	0	0	2	1	0	1	0	0	0	0	0	1	0	0	0	1	0
ASV5461	0	0	0	0	0	0	0	0	0	0	0	0	0	0	0	0	0	0	0	0	0	0	0	0	0	0	0	0	0	0	0	0	5	0	2	10	0	0	0
ASV5463	0	0	0	0	0	0	0	1	0	0	0	0	0	0	0	0	0	0	0	1	0	0	0	0	0	0	0	0	0	0	0	7	1	1	1	0	0	3	2
ASV5489	1	0	1	0	0	0	0	0	2	1	0	0	0	0	0	1	0	1	0	1	1	0	0	0	1	0	1	0	0	0	0	0	0	0	0	0	0	0	0
ASV5501	0	2	0	1	0	1	0	1	0	0	0	0	0	0	0	0	0	1	0	0	0	0	0	1	1	0	0	0	0	0	0	0	2	0	1	5	1	0	0
ASV5533	0	0	0	0	0	0	0	0	1	0	0	0	0	0	0	0	0	0	0	0	0	0	0	0	0	1	0	0	0	0	0	0	5	2	0	7	0	0	0
ASV5628	0	1	0	0	0	0	0	0	0	0	0	0	0	0	0	0	0	0	0	0	0	0	0	1	0	0	0	0	0	0	0	0	0	2	2	5	0	0	0
ASV5640	1	0	0	2	1	0	0	1	0	3	0	0	0	0	0	0	0	0	0	1	0	1	0	1	0	2	0	1	0	0	0	0	0	0	0	0	0	1	0
ASV5647	0	0	0	0	0	0	0	0	0	0	0	0	0	0	0	0	0	0	1	0	0	0	0	0	0	0	0	0	0	0	0	1	10	3	5	0	0	0	0
ASV5688	1	0	1	0	0	0	0	0	3	0	0	2	1	1	0	1	1	0	1	0	0	1	0	1	0	0	1	0	1	0	0	0	0	0	0	0	0	0	0
ASV5691	2	0	0	0	0	0	0	0	2	0	0	0	0	0	1	0	0	0	0	0	0	0	0	0	2	0	0	0	0	0	0	2	1	1	1	0	0	8	0
ASV5734	0	0	0	0	1	0	1	0	1	0	1	1	1	0	0	0	0	0	0	2	0	0	0	1	0	0	1	0	0	0	0	1	0	1	2	0	0	0	1
ASV5747	1	0	1	0	0	1	0	0	2	0	0	0	0	1	0	1	0	1	0	0	1	1	2	2	0	0	0	0	1	1	1	0	0	0	0	0	0	0	0
ASV5750	0	0	1	1	0	0	0	0	0	0	0	0	0	0	1	0	0	1	2	1	0	0	1	1	0	0	1	1	0	0	0	0	0	0	0	0	0	6	0
ASV5809	3	0	3	0	0	1	0	0	0	0	0	0	0	0	0	0	0	0	0	1	0	0	0	1	0	1	2	0	0	0	0	0	0	0	0	2	1	1	0
ASV5918	0	0	0	0	0	0	0	0	0	0	0	0	0	0	0	0	0	0	0	1	0	0	0	2	1	0	0	0	0	0	0	0	1	3	4	0	0	2	0
ASV5938	0	1	0	1	0	0	0	0	0	1	0	0	0	0	0	0	0	0	0	1	0	0	0	1	0	0	1	1	1	0	0	0	4	0	1	1	1	4	0
ASV3528	2	0	0	0	3	0	0	1	1	0	0	0	0	0	0	0	0	0	0	2	0	0	0	3	1	1	0	1	0	0	0	0	0	0	0	0	0	0	0
ASV3635	1	1	0	0	0	0	0	0	0	0	0	0	0	0	0	0	0	0	0	0	0	0	0	0	0	0	0	0	0	0	0	1	1	1	1	0	0	13	0
ASV3665	0	0	0	0	0	1	0	0	0	0	0	0	0	0	0	1	0	1	1	0	0	0	6	0	0	0	0	0	0	2	1	0	0	0	0	0	0	0	0
ASV3672	0	0	0	2	0	0	0	0	0	2	0	1	0	0	0	0	1	1	1	1	1	1	0	2	0	0	0	1	1	0	0	0	0	1	0	0	0	0	0
ASV3699	2	2	1	0	0	0	0	0	0	0	0	0	0	0	0	0	0	0	0	1	0	1	0	0	0	0	0	0	2	1	0	2	0	2	2	0	0	0	0
ASV3703	1	1	1	0	0	0	0	0	0	2	0	1	0	0	0	0	0	0	0	1	0	0	3	1	1	0	0	0	0	0	0	0	0	0	0	0	0	0	0
ASV3796	0	3	0	0	0	0	1	0	0	0	0	0	0	0	0	0	0	0	1	0	0	0	0	0	1	1	0	0	1	0	0	0	2	3	0	1	0	1	1
ASV3819	0	0	0	0	0	0	0	0	0	0	0	0	0	0	0	0	0	0	0	0	0	0	0	0	0	0	0	0	0	2	0	0	1	0	1	12	0	0	0
ASV3841	1	0	0	0	0	0	0	0	0	0	0	0	0	0	0	0	0	0	0	0	0	0	0	0	0	0	0	0	0	0	0	1	2	2	1	0	6	0	1
ASV3847	5	2	1	0	0	3	0	0	2	1	0	0	0	0	0	0	0	0	0	0	0	0	0	0	0	0	0	1	0	0	1	0	0	0	0	0	0	0	0
ASV3895	0	2	1	0	0	0	0	0	0	0	0	0	0	0	0	0	0	0	0	0	0	0	0	0	0	0	0	0	0	0	0	6	0	4	1	0	1	0	1
ASV3905	0	1	0	0	0	0	0	2	0	0	0	0	0	0	0	0	0	0	0	0	0	0	0	0	0	0	1	0	0	0	0	7	0	1	0	0	2	3	1
ASV3936	0	0	0	1	0	0	0	0	0	0	0	0	0	0	0	0	0	0	0	0	0	1	0	0	0	0	0	0	0	0	0	4	1	1	1	0	6	0	0
ASV3942	1	1	0	0	0	0	1	0	1	0	0	0	0	0	0	0	0	0	0	0	0	0	0	2	0	1	2	2	0	0	1	2	0	0	0	0	0	3	0
ASV3990	1	2	0	0	0	0	0	0	0	0	0	0	0	0	1	0	1	0	0	0	0	0	0	0	1	0	1	0	1	0	0	3	0	4	0	0	0	0	0
ASV4016	2	1	1	2	0	0	0	0	0	0	0	0	0	0	0	0	0	0	0	1	0	0	0	2	0	2	0	0	0	0	0	0	0	0	1	0	0	0	0
ASV4019	1	0	1	0	0	0	1	0	0	0	0	0	0	0	1	0	1	0	2	0	2	1	1	0	1	0	0	0	0	0	0	0	0	0	0	0	0	0	0
ASV4036	3	1	1	0	1	1	0	0	0	0	0	0	0	0	0	0	0	0	0	2	0	0	0	0	0	2	1	1	0	0	0	0	0	0	1	1	0	0	0
ASV4090	2	1	0	0	1	0	0	0	0	0	0	0	0	0	0	0	0	0	0	1	0	0	0	0	0	0	1	0	0	0	0	9	1	2	0	0	0	0	0
ASV4156	1	2	0	0	0	0	0	0	0	0	0	0	0	0	0	0	0	0	0	0	0	0	0	0	0	0	0	0	0	0	0	0	6	3	3	0	1	1	0
ASV4188	3	0	0	0	0	0	0	0	0	2	0	0	0	0	0	0	0	0	0	0	0	0	2	1	0	1	2	1	0	0	0	0	0	0	0	0	0	0	0
ASV4214	0	1	1	0	0	0	0	0	0	0	0	0	0	0	0	0	0	0	0	1	0	0	0	1	1	0	0	0	1	0	0	0	2	0	0	0	0	6	0
ASV4249	1	2	0	1	1	1	0	0	0	1	0	0	0	0	0	0	0	0	0	3	0	0	0	0	1	0	0	2	2	0	0	0	0	0	0	0	0	0	0
ASV4283	0	0	1	0	0	0	0	1	0	0	0	0	0	0	0	0	0	0	0	0	0	0	0	0	0	0	0	0	0	0	0	2	2	2	2	1	0	2	1
ASV4291	0	0	2	0	0	0	1	0	1	2	0	0	1	1	0	0	0	0	0	1	0	0	0	1	0	2	0	0	1	0	0	0	0	0	1	1	0	0	0
ASV4318	2	0	0	0	0	0	0	0	0	0	0	0	0	0	0	0	0	0	0	0	0	0	0	1	0	0	0	0	0	0	0	0	3	3	3	0	0	1	0
ASV4330	5	0	0	1	0	0	0	0	0	1	0	0	0	0	0	1	1	0	0	0	3	1	1	1	0	1	2	0	0	0	0	0	0	0	0	0	0	1	0
ASV4334	4	3	1	0	1	0	0	0	0	0	0	0	0	0	0	0	0	0	0	1	0	0	0	0	0	1	2	0	0	1	1	0	0	0	0	1	0	0	0
ASV4342	3	1	1	1	0	1	0	0	0	0	0	1	0	0	0	0	0	0	0	2	0	0	0	2	0	1	1	1	1	0	0	0	0	0	0	0	0	0	0
ASV4386	3	0	0	0	0	0	0	0	0	1	0	0	0	0	0	0	0	0	0	1	0	0	0	0	0	0	0	0	0	0	0	0	3	1	1	0	2	1	0
ASV4389	0	0	0	0	0	0	0	0	0	1	0	0	0	0	0	0	0	0	0	0	0	0	0	0	0	0	0	0	0	0	0	2	0	1	1	0	2	10	1
ASV4409	1	1	0	0	0	0	0	1	0	0	0	0	1	0	0	0	0	0	0	0	1	0	0	0	0	0	0	1	1	1	0	2	1	0	1	0	0	1	0
ASV4421	2	0	0	1	1	0	1	0	0	1	0	0	0	0	0	0	0	0	0	0	0	0	0	0	0	0	0	0	0	0	0	2	1	0	0	0	0	1	1
ASV4436	1	1	0	0	0	0	1	1	0	1	0	0	0	0	0	0	0	0	0	1	0	0	0	1	0	0	0	0	0	0	1	0	0	5	3	0	0	1	0
ASV4447	0	1	0	0	0	0	1	0	0	0	0	0	0	0	0	0	0	0	0	0	0	1	0	0	0	0	0	0	0	0	0	0	2	0	0	0	2	9	0
ASV4464	0	2	1	0	1	0	2	0	0	0	0	0	0	0	1	0	0	0	0	1	0	0	0	1	0	1	1	0	1	0	0	0	0	1	1	0	0	0	0
ASV4468	0	1	0	0	0	0	0	0	0	0	0	0	0	0	0	0	0	0	0	0	0	0	0	0	0	0	0	0	0	0	0	0	0	0	0	0	0	19	0
ASV4477	0	0	0	0	1	0	0	0	0	0	0	0	0	0	0	0	0	0	0	0	0	0	0	0	1	0	0	0	0	0	0	0	7	2	4	0	0	0	0
ASV4522	1	0	0	0	2	0	0	0	0	0	1	1	2	0	0	1	2	0	0	0	1	1	0	1	0	0	2	0	0	0	0	0	0	0	0	0	0	0	0
ASV4540	0	0	0	0	0	0	1	1	0	1	0	0	0	0	0	0	0	0	0	0	0	1	0	3	0	0	1	1	1	0	0	0	1	0	0	1	0	2	0
ASV4567	0	0	1	1	0	0	0	0	0	0	0	0	0	0	0	0	0	0	0	0	0	0	0	0	0	3	0	0	1	0	0	1	0	1	0	0	0	5	0
ASV4578	0	0	0	0	0	0	0	0	0	1	0	2	0	0	0	0	1	0	0	0	0	4	0	0	0	0	0	0	0	0	1	0	0	0	0	0	2	0	0
ASV4620	0	0	0	0	0	0	0	0	0	0	0	0	1	1	1	0	1	2	2	0	0	0	0	0	0	0	0	0	0	0	2	0	0	0	0	0	0	0	0
ASV4678	0	1	0	1	0	1	2	0	1	1	1	0	0	0	1	0	0	0	0	0	0	0	0	0	2	0	1	0	0	0	0	0	0	0	0	0	0	0	0
ASV4741	2	0	0	0	0	1	0	1	0	0	0	0	0	0	3	0	1	0	1	0	0	0	1	0	0	0	0	1	0	0	0	1	0	1	0	0	0	2	0
ASV4748	0	3	2	0	1	0	0	0	1	0	1	0	0	0	0	0	0	1	0	1	0	0	0	1	0	0	0	1	1	0	1	0	0	0	0	0	0	0	0
ASV4750	2	0	0	0	0	0	1	0	1	1	0	1	0	1	1	0	0	0	0	0	1	1	0	0	0	0	0	0	2	0	0	2	0	0	0	0	0	2	0
ASV4772	0	0	0	0	0	1	0	0	2	3	0	0	0	0	0	0	0	0	0	0	0	0	0	0	2	0	0	0	0	0	0	0	0	0	0	0	0	5	2
ASV4778	0	0	0	2	0	0	1	2	0	0	0	0	0	0	0	0	0	0	1	1	0	0	0	0	0	1	0	0	0	0	0	1	0	0	0	0	0	8	0
ASV4794	0	0	0	0	0	0	0	0	0	1	0	0	0	0	0	0	0	0	0	0	0	0	0	0	0	0	0	0	0	0	0	0	1	2	1	8	0	0	0
ASV4795	3	0	0	0	0	0	0	0	0	0	0	0	0	0	0	1	0	0	0	0	0	0	0	2	0	3	0	0	0	1	0	0	0	0	0	0	0	0	7
ASV4798	1	1	0	0	0	0	0	1	2	1	0	0	0	1	1	0	0	0	0	0	0	2	1	0	0	1	1	1	0	1	0	0	0	0	0	0	0	0	0
ASV4813	0	0	0	0	0	0	0	0	0	0	0	0	0	0	0	0	0	0	0	0	0	0	0	0	0	0	0	0	0	0	0	5	0	5	0	0	0	2	4
ASV4831	1	1	2	1	0	2	0	0	0	1	0	0	0	0	0	0	0	0	0	0	0	0	0	1	1	0	1	1	0	0	0	0	4	1	1	0	0	0	0
ASV4845	0	1	1	1	0	0	0	0	0	1	0	0	0	1	0	1	0	0	0	0	1	2	0	0	0	0	2	1	0	0	0	0	0	0	0	0	0	0	0
ASV4862	2	1	0	0	0	0	1	0	0	0	0	0	0	0	0	0	0	1	0	0	0	0	0	0	0	0	0	0	1	0	0	2	0	2	1	0	3	1	1
ASV4875	6	0	0	0	0	0	0	0	0	1	0	0	0	0	0	0	4	0	0	0	2	3	0	0	0	0	0	0	0	0	0	0	0	0	0	0	0	0	0
ASV4876	0	0	0	0	0	0	0	0	0	0	0	0	0	0	0	0	0	0	0	0	0	0	0	0	0	0	0	0	0	0	0	0	13	5	1	0	0	0	0
ASV4903	2	0	0	0	0	0	0	0	0	0	0	0	0	0	0	0	0	0	0	1	0	0	0	0	0	1	1	1	0	0	0	2	1	1	1	0	3	1	0
ASV4959	1	0	1	1	0	1	0	1	0	1	0	1	0	0	1	0	0	0	0	2	0	0	0	0	0	1	1	0	0	0	0	0	0	0	0	0	0	1	0
ASV4979	3	2	2	0	0	1	0	0	0	0	0	0	0	0	0	0	0	1	0	1	0	0	1	0	1	0	0	1	1	0	1	1	0	0	0	0	0	0	0
ASV5038	1	1	1	1	0	0	0	1	0	1	0	0	0	0	0	0	0	0	0	0	0	0	0	0	1	0	0	0	0	0	0	5	1	1	1	0	0	0	0
ASV5050	1	1	2	1	0	0	0	0	0	0	0	0	0	0	0	0	0	0	0	1	0	0	0	1	0	1	1	1	1	0	0	0	1	0	0	0	1	3	0
ASV5060	2	0	0	0	0	0	0	0	0	0	0	0	0	0	0	0	0	0	0	0	0	0	0	0	0	0	0	0	0	0	0	0	0	0	0	3	0	15	0
ASV5080	2	1	0	0	0	0	0	0	0	1	0	1	0	1	1	0	2	0	1	0	1	1	0	0	0	2	0	0	0	0	0	0	0	0	0	0	0	0	1
ASV5108	2	1	1	0	1	1	0	0	0	0	0	2	1	0	2	1	0	0	0	0	0	0	0	0	0	0	0	0	0	0	0	0	1	0	1	0	0	0	0
ASV5141	2	0	1	0	0	0	0	0	1	1	0	0	0	0	0	1	0	0	0	0	0	0	0	0	1	1	0	0	1	0	0	0	0	0	1	0	0	2	0
ASV5146	2	0	0	0	0	0	0	1	0	0	0	0	0	0	0	0	0	0	0	0	0	0	0	0	0	1	0	1	0	0	0	2	0	1	2	0	0	1	0
ASV5150	0	1	0	0	0	0	0	0	0	0	0	0	0	0	0	0	0	0	0	0	0	0	0	1	0	0	1	0	0	0	0	0	1	1	3	4	0	0	0
ASV5167	2	0	1	0	0	0	1	1	0	0	0	0	0	0	0	0	0	0	0	0	0	1	0	2	0	0	0	0	0	0	0	0	3	1	1	0	0	6	0
ASV5182	0	1	0	0	1	0	1	0	0	1	0	1	0	0	2	0	0	1	0	0	0	0	0	1	2	1	0	0	0	0	0	0	0	0	0	1	0	1	0
ASV5202	1	0	0	0	0	0	0	0	0	0	0	0	0	0	0	0	0	0	0	0	0	0	0	0	0	0	0	0	0	0	0	0	6	3	2	4	2	1	0
ASV5244	3	0	1	0	0	0	0	0	0	1	0	0	0	0	0	0	1	0	3	0	2	1	0	1	0	1	1	0	0	0	0	0	0	0	0	0	0	0	0
ASV5258	4	1	0	1	0	0	1	0	0	0	0	0	0	0	0	0	0	0	0	0	0	0	0	2	1	2	0	0	0	0	0	0	0	0	0	0	0	0	0
ASV5264	1	1	1	2	1	0	0	1	0	0	0	0	0	0	0	0	0	0	0	1	0	0	0	2	0	0	2	1	0	1	0	0	0	0	0	0	0	0	0
ASV5282	0	1	1	1	3	1	1	0	3	0	0	0	0	0	0	0	0	0	0	0	0	0	0	1	0	0	0	3	0	0	0	0	0	0	0	0	0	0	0
ASV5312	1	1	0	0	0	0	1	0	0	0	0	0	0	1	0	0	1	1	0	2	0	2	0	0	2	1	0	1	0	0	0	0	0	0	1	0	0	0	0
ASV5322	0	0	0	0	0	0	0	0	0	0	0	0	0	0	0	0	0	0	0	0	0	0	0	0	0	0	1	0	0	0	0	2	1	2	2	7	0	1	0
ASV5324	2	0	1	0	1	0	0	0	0	1	1	0	0	0	0	1	0	0	0	0	0	0	0	0	1	0	1	1	0	0	0	0	0	0	1	0	0	5	1
ASV5329	0	0	0	0	0	0	0	0	0	0	0	0	0	0	0	0	0	0	0	0	0	0	0	0	0	1	0	0	0	0	0	3	6	1	1	2	0	1	1
ASV5362	0	1	2	0	0	0	0	0	0	0	0	0	0	0	1	2	0	0	2	0	0	2	0	0	1	0	0	0	0	1	0	0	0	0	0	0	0	0	0
ASV5364	1	4	0	1	1	0	0	0	0	1	0	0	0	0	0	0	0	0	0	1	0	0	0	0	1	2	0	2	0	0	0	0	0	0	0	0	0	0	0
ASV5373	0	0	0	0	0	0	0	0	0	2	0	0	0	0	1	0	0	0	0	0	0	1	0	0	0	0	1	0	1	0	0	1	0	1	2	0	2	3	1
ASV5395	5	0	1	0	1	0	1	0	0	0	0	1	0	0	1	0	0	0	0	1	0	0	0	0	0	2	1	0	1	0	0	0	0	0	0	0	0	0	0
ASV5405	0	0	0	0	0	0	0	0	0	0	0	0	0	0	0	0	0	0	0	0	0	0	0	1	1	0	3	0	0	0	0	2	1	0	1	7	0	1	0
ASV5407	5	1	0	0	0	0	0	0	1	1	0	0	0	0	0	0	0	0	0	0	0	0	0	1	1	0	0	0	1	0	0	0	0	1	0	0	0	1	0
ASV5428	4	0	0	0	0	1	0	0	0	2	0	0	0	0	0	0	0	0	0	0	0	0	0	3	2	2	0	0	0	0	0	0	0	0	0	0	0	0	0
ASV5477	0	0	0	0	0	1	0	0	0	1	1	0	0	0	0	1	0	0	0	2	0	0	0	0	0	0	0	0	0	1	0	2	0	2	2	1	0	0	1
ASV5497	4	1	1	0	0	1	0	0	0	0	0	0	1	0	0	0	0	0	1	0	0	0	1	0	0	0	0	0	0	0	0	1	0	0	0	0	0	0	0
ASV5544	0	0	0	0	0	0	0	0	1	0	0	0	1	0	0	0	0	0	0	0	0	1	1	0	0	0	0	0	0	0	0	4	1	2	1	0	1	3	1
ASV5563	3	3	1	0	0	0	1	2	0	0	0	0	0	0	0	0	0	0	1	1	0	0	0	0	0	3	0	1	0	0	0	0	0	0	0	0	0	0	0
ASV5643	0	0	0	0	0	0	0	0	0	0	0	0	0	1	1	0	0	0	0	0	0	0	0	0	0	0	0	0	0	0	0	2	1	2	1	1	0	1	0
ASV5677	1	0	0	1	1	0	0	0	0	0	0	0	0	0	0	0	0	0	0	0	0	0	0	1	0	1	1	0	1	0	0	1	2	1	1	1	0	0	0
ASV5693	0	0	0	0	2	0	0	0	1	0	0	0	0	0	0	0	0	0	0	5	0	0	0	0	0	0	0	0	1	0	0	0	0	1	1	2	0	0	0
ASV5697	0	1	1	1	0	0	0	1	0	0	0	0	0	0	0	0	0	2	0	1	1	0	2	1	0	2	0	1	0	0	0	0	0	0	0	0	0	1	0
ASV5717	0	1	0	0	0	0	0	0	0	3	1	1	0	0	0	0	0	0	1	1	0	0	0	1	2	0	0	0	3	0	0	0	0	0	0	0	0	0	0
ASV5732	1	4	2	0	0	0	1	0	0	0	0	1	0	0	0	0	0	0	1	1	0	0	1	0	1	0	0	0	0	0	1	0	0	2	1	0	0	0	0
ASV5738	1	1	0	2	0	0	0	0	0	0	0	0	0	0	1	1	0	0	1	0	0	2	0	0	1	0	0	1	0	0	0	0	0	0	0	0	0	4	0
ASV5751	3	2	1	0	0	0	0	0	0	0	0	0	0	0	0	0	0	0	1	1	0	0	1	1	0	0	2	0	0	0	0	0	0	0	0	0	0	0	0
ASV5753	0	0	0	0	1	1	0	1	1	0	0	1	0	0	0	0	0	0	0	0	0	0	0	0	1	1	2	1	1	0	0	0	0	0	0	0	1	0	0
ASV5758	2	0	0	0	0	0	1	0	0	0	0	0	1	0	1	0	0	0	0	4	0	0	0	2	0	0	0	0	0	1	0	0	1	0	0	0	0	1	0
ASV5776	2	0	0	1	1	0	0	0	0	1	0	0	0	0	0	0	0	0	0	0	1	0	0	1	2	1	2	0	0	0	0	0	0	3	0	0	0	0	0
ASV5790	0	0	0	0	1	0	1	0	0	6	0	0	0	0	0	0	0	0	0	1	0	0	0	0	0	0	1	0	2	0	0	0	0	0	0	0	0	0	0
ASV5813	5	0	2	0	0	0	0	0	0	3	0	0	0	0	0	0	0	0	0	0	0	0	1	3	1	1	0	0	0	0	0	0	0	0	0	0	0	3	0
ASV5850	0	0	0	2	0	0	0	1	0	0	0	1	0	0	0	0	0	1	0	0	0	0	0	0	3	3	0	0	0	0	0	0	0	0	0	0	0	0	0
ASV3513	0	0	0	0	0	0	0	0	0	0	0	0	0	0	0	0	0	0	0	0	0	0	0	0	0	0	0	0	0	0	0	2	13	0	0	0	0	0	0
ASV3585	1	0	1	1	0	0	0	0	0	0	0	0	0	2	2	2	1	2	0	0	0	0	0	1	0	0	1	0	0	0	0	0	0	0	0	0	0	0	0
ASV3615	2	1	0	1	0	0	0	0	0	0	0	0	0	0	0	0	0	0	0	1	0	0	0	0	0	1	1	0	1	0	0	2	0	0	0	0	1	0	0
ASV3619	0	1	1	0	1	0	1	0	3	0	0	0	0	0	0	0	1	0	0	0	0	0	0	0	0	0	2	0	1	0	0	0	0	0	0	0	0	0	0
ASV3723	1	0	0	0	0	0	0	0	2	0	0	0	0	0	0	0	0	0	0	0	0	0	0	1	1	1	0	0	0	0	0	2	1	2	1	0	0	3	1
ASV3764	2	1	0	0	0	0	0	0	0	0	0	0	0	0	0	0	0	0	0	0	0	0	0	0	0	1	0	0	0	0	0	0	11	0	1	1	0	0	1
ASV3775	0	0	0	0	0	0	0	0	0	0	0	0	0	0	0	0	0	0	0	0	0	0	0	0	1	0	0	0	0	0	0	1	13	0	1	0	0	1	0
ASV3949	0	3	0	0	0	1	0	1	0	2	0	0	0	0	0	0	0	0	0	0	0	0	0	0	0	0	0	0	1	0	0	0	0	3	2	0	1	0	0
ASV3951	1	0	1	0	2	0	0	0	0	0	0	1	0	0	0	1	0	0	0	0	0	0	0	2	4	1	1	2	0	0	0	0	0	0	0	0	0	0	0
ASV3965	1	3	1	0	0	0	0	0	0	0	0	0	0	0	0	0	0	0	0	2	0	0	0	2	0	0	0	0	1	0	0	1	1	0	0	0	2	0	0
ASV3991	0	0	0	0	0	0	0	2	1	0	0	0	0	0	1	0	2	0	0	0	0	0	0	0	0	1	0	0	0	0	1	1	0	0	0	0	0	1	0
ASV3999	0	0	0	0	0	0	0	0	0	0	0	0	0	0	0	0	0	0	0	0	0	0	0	0	0	0	0	0	0	0	0	0	3	0	1	0	8	0	0
ASV4002	1	0	1	0	0	0	0	0	0	0	0	0	1	0	0	0	0	0	0	1	1	0	0	0	0	0	0	0	0	0	0	0	1	0	0	4	0	4	0
ASV4161	0	0	0	0	0	0	0	0	1	0	0	0	0	0	0	0	0	0	0	0	0	0	0	1	1	0	0	0	0	0	0	5	0	1	4	0	1	0	0
ASV4168	0	2	0	1	1	1	0	0	0	2	0	0	0	0	0	0	0	0	0	0	0	0	0	2	1	0	1	0	0	1	0	0	1	0	1	0	1	0	0
ASV4169	0	0	0	0	0	0	0	0	0	0	0	0	0	0	0	0	0	0	0	1	0	0	0	0	0	0	0	0	0	0	0	0	0	2	2	7	0	0	0
ASV4171	4	1	0	0	1	1	0	0	0	1	0	0	0	0	0	0	0	0	0	1	0	0	0	0	0	0	0	1	0	0	0	0	0	0	0	0	0	0	0
ASV4172	4	1	0	0	0	0	0	0	0	0	0	0	0	0	0	0	0	0	0	0	0	0	0	0	0	2	1	0	0	0	0	1	2	1	1	0	0	3	0
ASV4221	1	0	1	0	0	1	0	0	0	2	0	0	0	0	0	0	0	0	1	0	0	0	0	1	0	1	0	2	0	0	0	0	0	0	0	0	0	3	0
ASV4255	0	0	0	0	0	0	0	0	0	0	0	0	0	0	0	0	0	0	0	0	0	0	0	0	0	0	0	0	0	0	0	0	8	1	0	3	0	0	0
ASV4266	0	0	0	0	0	0	0	0	0	0	1	0	0	0	0	1	1	2	1	1	1	1	2	0	0	0	1	0	0	1	0	0	0	0	0	0	0	0	0
ASV4271	0	1	2	0	0	0	1	0	1	2	0	0	1	0	0	0	0	0	0	1	0	0	0	0	1	0	0	1	1	0	0	3	0	0	0	0	0	0	1
ASV4278	3	0	0	0	0	0	0	0	0	0	0	0	0	0	0	0	1	0	2	2	0	1	0	0	0	0	0	0	0	0	2	0	0	0	0	0	0	1	0
ASV4315	0	1	0	0	0	1	0	0	0	0	0	0	0	0	0	0	0	0	0	0	0	0	0	0	1	0	0	0	0	0	0	5	0	2	3	0	1	2	0
ASV4341	1	0	1	1	0	1	0	1	0	1	0	0	0	0	0	0	0	0	0	2	0	0	0	1	1	2	0	1	1	0	0	1	0	0	0	0	0	0	0
ASV4360	2	0	1	0	0	1	1	1	0	0	0	0	0	0	0	0	0	0	0	1	0	1	0	3	0	0	0	0	0	0	0	0	1	0	0	3	0	0	0
ASV4367	0	0	0	1	0	1	0	0	0	0	0	0	0	0	0	0	0	0	0	0	0	0	0	1	0	0	0	0	0	0	0	0	8	2	0	0	0	2	1
ASV4370	0	0	0	0	0	0	0	0	0	0	0	0	0	0	0	0	0	0	0	0	0	0	0	0	0	0	0	0	0	0	0	2	1	1	1	5	6	1	0
ASV4384	0	0	1	0	0	0	0	0	0	0	0	0	0	1	1	0	1	0	2	1	0	1	0	1	0	0	0	0	0	4	0	1	0	2	0	0	0	0	0
ASV4385	0	0	0	0	0	0	0	0	0	0	0	0	0	0	0	0	0	0	0	0	0	0	0	0	0	0	0	0	0	0	0	2	1	0	0	7	3	0	0
ASV4407	0	0	0	0	1	0	1	0	0	0	0	0	0	0	0	0	0	0	0	0	0	0	1	3	0	0	2	0	0	0	1	0	0	0	2	0	0	3	0
ASV4445	4	0	0	0	0	0	2	0	2	2	0	0	0	0	1	1	0	0	0	1	0	0	0	0	0	0	0	0	0	0	0	0	0	0	0	0	0	4	1
ASV4452	2	0	0	1	0	0	0	0	0	0	0	0	0	0	0	0	0	0	0	0	0	0	0	0	0	0	1	0	1	0	0	2	3	1	1	0	1	3	1
ASV4480	0	0	0	1	0	0	2	1	0	0	0	0	0	1	0	0	0	0	0	0	0	2	0	0	0	0	0	0	0	0	2	0	0	0	0	0	0	0	0
ASV4481	0	0	0	0	0	1	0	1	0	0	0	0	0	0	0	0	0	0	0	0	0	0	0	0	0	0	0	0	0	0	0	0	0	0	0	0	1	13	2
ASV4484	2	0	0	0	2	0	0	0	0	1	2	0	0	0	0	0	0	0	1	0	1	1	2	0	1	1	0	0	0	0	0	0	0	0	0	0	0	0	0
ASV4510	1	0	1	0	1	1	0	0	0	1	0	1	1	0	0	0	0	1	0	0	1	0	1	0	0	1	0	0	1	0	0	0	0	0	0	0	0	1	0
ASV4514	0	0	0	0	0	0	0	0	0	0	0	0	0	0	0	1	1	0	0	3	0	0	0	0	1	0	1	0	0	2	0	1	2	0	0	0	0	0	0
ASV4521	2	1	1	0	0	0	0	0	1	0	0	0	0	1	0	0	0	0	1	2	0	0	0	0	0	0	0	0	1	0	0	1	0	0	0	0	0	3	0
ASV4557	0	0	0	0	0	0	0	0	0	0	1	0	0	0	0	0	0	0	0	0	0	0	0	0	0	0	0	0	0	0	0	1	3	2	0	1	1	7	0
ASV4575	0	0	0	1	0	0	0	0	0	0	0	0	0	0	0	0	0	0	1	0	0	0	0	0	0	1	0	0	0	0	0	3	2	1	0	0	1	5	2
ASV4582	0	0	0	0	0	0	0	0	0	0	0	0	0	0	0	0	0	0	0	0	0	0	0	0	0	0	0	0	0	0	0	0	3	0	5	7	0	0	0
ASV4591	0	0	1	0	1	0	2	0	0	0	0	0	0	0	0	0	0	0	0	1	0	1	0	0	0	2	0	0	1	0	1	0	0	0	0	0	0	1	0
ASV4613	0	0	0	0	0	0	0	0	0	0	0	0	0	0	0	0	0	0	0	0	0	11	0	0	0	0	0	0	0	0	0	0	0	0	0	0	0	0	0
ASV4642	0	0	0	0	0	1	0	0	3	1	0	0	0	0	0	0	0	0	0	2	0	0	0	0	3	1	1	0	1	0	0	0	0	0	0	0	0	0	0
ASV4665	0	0	0	0	0	0	1	0	0	0	0	1	0	2	1	0	0	1	0	1	0	0	4	0	0	0	0	0	0	0	1	0	0	0	0	0	0	0	0
ASV4667	0	0	1	0	0	1	0	0	0	0	0	0	0	0	0	0	0	0	0	0	0	0	0	0	1	2	0	0	0	0	0	2	1	4	1	0	0	0	2
ASV4674	0	1	1	0	0	0	0	0	0	0	1	1	0	0	0	0	0	1	0	0	0	0	0	0	4	0	0	1	1	0	0	2	0	0	1	0	0	0	0
ASV4690	0	0	0	0	0	0	0	0	0	0	0	0	0	0	0	0	0	0	0	0	0	0	0	0	0	0	1	0	0	0	0	3	0	1	0	0	4	3	0
ASV4762	4	1	0	0	1	0	0	0	0	2	0	0	0	0	0	0	0	0	0	1	0	0	0	4	0	1	1	0	0	0	0	0	0	0	0	0	0	0	0
ASV4786	1	0	0	0	1	1	1	2	1	0	0	0	0	0	0	0	0	0	0	0	0	0	1	0	1	1	0	0	0	0	0	0	0	0	0	0	0	1	0
ASV4807	0	1	0	0	0	0	0	2	0	2	0	0	0	0	0	0	0	1	0	0	0	0	0	1	4	0	0	1	0	0	0	2	0	2	1	0	0	0	0
ASV4814	0	0	0	0	0	0	0	0	1	1	0	2	1	0	0	3	0	0	0	0	0	0	0	0	1	0	1	0	0	0	3	0	0	0	0	0	0	0	0
ASV4837	2	0	1	0	0	0	0	0	0	0	0	0	0	0	0	0	0	0	1	2	0	1	1	0	0	1	1	0	1	0	0	0	0	2	2	0	0	0	0
ASV4900	0	0	0	0	0	1	0	0	0	0	0	0	0	0	0	0	0	0	0	0	0	0	0	0	0	0	0	0	0	0	0	0	1	5	3	0	1	0	5
ASV4911	1	0	0	0	0	0	0	0	0	1	0	0	0	0	0	0	0	0	0	1	0	0	0	2	0	1	1	0	0	0	0	0	0	0	0	0	0	0	0
ASV4925	0	2	0	1	0	1	0	0	0	0	0	0	0	0	0	0	0	0	0	1	0	0	0	0	3	3	1	1	0	0	0	0	0	0	0	0	0	1	1
ASV4926	0	0	0	0	0	1	0	0	0	1	0	0	0	0	0	0	0	0	0	0	0	0	0	0	0	0	0	0	0	0	0	0	0	1	0	0	2	12	1
ASV4940	2	0	0	0	0	0	0	0	0	0	0	0	0	0	0	0	0	0	0	0	0	0	0	0	0	0	0	0	0	0	0	0	3	1	1	6	0	0	0
ASV4981	0	0	0	0	0	0	0	0	0	0	0	0	0	0	1	1	0	0	0	0	0	0	0	0	0	1	0	0	0	1	0	2	1	0	0	0	0	7	0
ASV5000	3	3	0	0	0	1	1	0	0	0	0	0	0	0	0	0	0	0	0	0	0	0	0	0	0	0	1	0	0	0	0	0	0	0	0	0	0	3	1
ASV5001	0	0	0	0	1	0	1	0	0	1	0	0	0	0	0	0	0	0	0	3	0	0	0	0	0	0	0	0	1	0	0	1	0	0	1	0	1	3	0
ASV5033	0	1	1	0	0	0	0	0	0	1	1	0	0	0	0	0	0	0	0	1	0	0	0	1	1	0	4	0	1	0	0	0	0	0	0	0	0	0	0
ASV5034	2	1	0	1	0	0	0	1	0	2	0	0	0	0	0	0	0	0	0	0	0	0	0	1	3	0	1	0	0	0	0	0	0	0	0	1	0	0	1
ASV5035	1	2	0	3	1	0	1	0	0	1	0	0	0	0	0	0	0	0	0	0	0	0	0	1	0	0	1	1	0	0	0	2	0	1	0	0	0	0	0
ASV5036	0	0	0	0	0	0	0	0	0	0	0	0	0	0	0	1	0	0	0	1	0	0	0	1	0	0	1	0	0	0	0	1	3	2	0	0	3	2	0
ASV5037	3	0	0	0	0	0	0	0	0	0	0	0	0	0	0	0	0	0	0	0	0	0	0	0	0	1	0	0	0	0	0	3	0	0	0	0	0	0	4
ASV5127	1	0	1	0	0	0	0	0	2	0	0	0	0	0	0	0	0	0	0	1	0	0	0	0	0	0	1	0	0	1	0	0	0	5	3	0	2	0	1
ASV5128	0	0	0	0	0	0	0	0	0	0	1	0	0	0	0	0	0	0	0	0	0	0	0	0	0	0	0	0	0	0	0	0	2	1	3	4	0	0	0
ASV5130	0	2	0	1	1	0	2	2	0	0	0	0	1	0	0	0	0	0	0	1	0	0	0	1	1	0	0	1	0	0	0	0	0	0	0	0	2	0	0
ASV5136	0	0	0	0	0	0	0	0	0	0	0	0	0	0	0	0	0	0	0	0	0	0	0	0	0	0	1	0	0	0	0	2	0	4	4	0	1	0	0
ASV5148	0	1	2	0	2	1	1	0	1	0	0	0	0	1	0	0	0	0	0	1	0	0	0	3	1	0	0	1	1	0	1	0	0	0	0	0	0	0	0
ASV5160	0	1	1	1	2	1	0	0	0	0	0	0	0	0	0	0	0	0	0	1	0	0	0	1	0	1	0	0	1	0	0	0	0	0	0	0	2	0	0
ASV5188	0	1	0	0	0	0	0	0	0	0	1	0	0	0	0	0	0	0	0	0	0	0	0	2	0	0	2	0	1	0	0	1	1	1	0	0	1	4	0
ASV5196	1	3	1	2	0	0	0	1	0	1	0	0	0	0	0	0	0	0	0	0	0	0	0	2	0	0	0	0	2	0	0	0	0	0	0	1	0	0	0
ASV5235	0	1	1	1	2	1	0	0	0	0	0	0	0	1	0	0	0	0	0	1	0	0	0	0	0	0	0	0	1	0	1	0	0	0	0	0	0	1	2
ASV5251	0	0	0	0	0	0	0	0	0	0	0	0	0	0	0	0	0	0	0	0	0	0	0	0	0	0	0	0	0	0	0	0	0	2	4	6	1	2	1
ASV5290	0	0	0	0	1	1	0	0	0	0	0	0	0	0	1	1	1	0	0	1	0	2	1	0	0	2	0	1	0	3	1	0	0	0	0	0	0	0	0
ASV5332	0	1	0	0	0	0	0	0	0	0	0	0	0	0	0	0	0	0	0	0	0	0	0	0	0	0	0	1	0	0	0	0	4	2	2	5	0	0	0
ASV5355	0	1	0	0	1	0	0	0	1	0	0	0	0	0	0	0	0	0	0	0	0	0	0	1	0	0	0	0	0	0	0	0	0	0	0	11	0	0	0
ASV5361	0	0	1	0	0	0	0	0	0	0	0	0	0	0	0	0	2	0	0	0	0	0	0	0	0	1	0	0	0	0	1	1	1	2	1	0	2	3	0
ASV5363	3	2	1	0	0	0	0	0	0	1	0	0	0	0	0	0	0	0	0	0	0	1	0	1	2	0	1	0	0	0	0	0	0	0	0	0	0	1	0
ASV5390	0	0	0	0	0	0	0	0	0	2	0	1	0	1	1	1	0	2	2	0	0	2	0	0	0	0	0	0	1	0	0	0	0	0	0	0	0	0	0
ASV5398	1	1	0	1	1	0	0	0	0	0	1	0	0	0	0	0	0	0	0	1	0	0	0	1	1	0	1	0	0	0	0	2	0	2	2	0	0	0	0
ASV5404	0	0	0	0	0	0	1	0	0	0	0	0	0	0	0	1	1	0	0	0	0	0	0	0	0	1	1	0	1	0	0	0	2	0	0	0	1	7	3
ASV5414	1	0	0	0	0	0	0	0	0	0	0	0	0	0	0	0	0	0	0	0	0	0	0	0	1	0	0	0	0	0	0	0	2	5	2	4	0	0	0
ASV5429	1	2	1	1	0	0	1	0	0	1	0	0	0	0	0	0	0	0	0	1	0	0	0	1	0	3	1	0	0	0	0	0	1	0	0	0	0	3	0
ASV5434	0	0	2	0	1	0	0	1	0	1	0	0	0	0	2	0	0	1	1	0	0	0	0	6	1	0	0	0	1	0	0	0	0	0	0	0	0	0	0
ASV5455	0	1	0	1	0	0	1	0	0	1	1	0	0	1	0	0	0	0	0	1	0	0	0	0	2	1	0	0	1	0	0	1	0	0	0	0	0	0	0
ASV5474	0	1	0	0	0	2	2	0	0	0	0	0	0	0	0	0	0	0	0	2	0	0	1	1	0	1	0	0	0	0	0	0	2	2	0	1	0	0	0
ASV5476	0	1	1	0	0	0	0	0	0	0	0	0	0	0	0	0	0	0	0	0	0	0	0	1	0	0	0	1	0	0	0	1	0	4	1	0	0	2	0
ASV5517	6	0	1	0	0	0	0	1	0	0	0	0	0	0	0	0	0	0	0	0	0	0	0	1	3	2	0	0	0	0	0	1	1	0	0	1	0	0	1
ASV5526	0	0	0	0	0	0	0	0	0	0	0	0	0	0	0	0	0	0	0	0	0	0	0	0	0	0	0	0	1	1	0	2	2	3	0	3	2	1	0
ASV5560	3	0	0	0	0	0	1	0	0	1	0	1	0	0	0	0	0	0	0	1	0	0	0	0	0	0	1	0	0	0	0	2	1	0	0	1	2	2	1
ASV5579	3	2	0	0	0	0	0	1	0	0	0	0	0	0	0	0	0	1	0	0	0	0	0	0	0	1	0	0	1	0	0	0	0	0	0	0	0	1	0
ASV5582	0	0	0	0	0	0	0	0	0	0	3	2	3	0	0	1	0	0	0	0	0	1	0	0	0	0	0	0	0	0	0	0	0	0	0	0	0	0	0
ASV5593	1	3	0	2	0	0	0	1	0	0	0	0	0	0	0	0	0	0	0	1	1	0	0	0	0	0	0	0	0	0	0	0	1	0	0	0	2	0	0
ASV5645	0	0	1	0	0	0	0	0	0	0	0	0	0	0	0	0	0	0	0	0	0	0	0	0	0	0	0	0	0	0	0	2	0	3	0	0	1	5	1
ASV5669	0	0	0	1	0	1	0	0	0	3	0	0	0	0	0	0	0	0	0	2	0	0	0	0	2	2	0	0	0	0	0	1	0	0	0	0	0	0	0
ASV5671	0	2	0	0	0	2	0	0	0	0	0	0	0	0	0	0	0	0	0	2	0	0	0	0	0	2	1	0	0	0	0	1	0	1	0	0	0	2	0
ASV5678	0	2	0	0	1	0	0	1	0	0	0	0	0	0	0	0	0	0	0	1	0	0	0	2	0	0	2	0	1	0	0	0	0	1	1	0	1	0	0
ASV5689	2	1	1	1	0	1	0	1	0	0	0	0	0	0	0	0	0	0	0	0	0	0	0	1	0	2	0	1	0	0	0	0	0	1	0	0	0	2	1
ASV5703	0	0	0	0	2	1	1	1	0	0	1	0	0	0	0	0	0	0	0	1	0	1	0	0	0	0	0	0	0	0	0	0	0	0	0	0	0	0	1
ASV5725	1	2	1	0	0	0	0	0	0	2	0	0	0	0	0	0	0	0	0	1	0	0	0	1	2	0	0	2	0	0	0	0	0	0	0	0	0	0	0
ASV5766	1	0	0	0	0	0	0	0	0	0	0	0	0	0	1	0	1	0	0	0	0	0	0	0	0	0	0	0	1	2	5	0	0	0	0	0	0	0	0
ASV5798	7	1	0	0	0	2	0	0	0	0	0	0	0	0	0	0	1	2	0	0	0	0	0	1	0	0	0	0	1	0	0	0	0	0	0	0	0	0	0
ASV5840	1	0	3	0	1	1	0	0	0	3	0	0	0	0	0	0	0	0	0	0	0	0	0	0	0	0	0	0	0	0	0	0	0	1	1	1	0	1	0
ASV5867	4	1	1	0	0	0	0	0	1	0	0	0	0	1	0	0	3	0	0	0	0	1	2	0	1	0	0	0	0	0	0	0	0	0	0	0	0	0	0
ASV5917	4	2	0	0	0	1	1	2	1	0	0	0	0	0	0	0	0	0	0	0	0	0	1	0	3	0	0	0	0	0	0	0	0	0	0	0	0	1	0
ASV5933	0	0	0	0	0	0	0	0	0	0	0	0	0	0	0	0	0	0	0	1	0	0	0	0	2	0	1	0	0	7	0	0	0	0	0	0	0	0	0
ASV5935	1	0	0	0	0	1	0	1	0	0	2	0	0	0	1	1	0	1	0	1	0	0	1	0	0	0	0	0	0	3	0	0	0	0	0	0	0	2	0
ASV5952	1	1	1	0	0	0	1	2	0	0	0	0	0	1	0	0	0	0	0	0	0	0	0	1	1	0	0	0	0	0	0	1	1	2	0	0	3	0	0
ASV5956	0	1	0	0	0	0	0	1	0	0	1	0	0	0	1	1	0	1	0	3	1	1	0	0	0	0	0	1	0	0	0	1	0	1	0	0	1	0	0
ASV3939	0	0	0	0	0	0	0	0	0	0	0	0	0	0	0	0	0	0	0	0	0	0	0	0	0	0	0	0	0	0	0	3	7	1	5	1	0	0	0
ASV3947	1	0	0	0	0	2	1	0	0	0	0	0	0	0	0	0	0	0	0	0	0	0	0	0	1	0	0	1	0	0	0	1	1	3	1	2	0	0	0
ASV4058	0	1	0	0	0	0	0	0	0	0	0	0	1	1	0	0	0	3	0	0	0	0	1	0	0	0	0	2	0	0	0	0	0	0	1	0	0	0	0
ASV4158	2	0	1	0	0	0	0	0	0	1	0	0	0	0	0	0	0	0	0	3	0	0	2	0	1	1	0	2	0	0	0	0	1	1	0	2	1	0	0
ASV4170	0	0	0	0	1	0	0	0	0	0	0	0	0	0	0	0	0	0	0	0	0	0	0	0	0	0	0	0	0	0	0	0	7	1	1	1	3	0	0
ASV4194	0	0	0	1	1	0	0	0	0	1	0	1	0	0	0	0	0	0	0	0	0	0	0	0	0	0	0	1	0	0	0	0	1	1	0	4	0	0	0
ASV4230	2	2	1	0	1	0	2	0	0	1	0	0	0	0	0	0	0	0	0	0	0	0	0	0	0	0	3	0	0	0	0	0	0	2	0	0	0	0	0
ASV4243	0	0	0	0	0	0	0	1	0	0	0	0	0	0	0	0	0	0	0	0	0	0	0	0	0	0	0	0	0	0	0	3	4	0	4	2	0	0	0
ASV4267	0	1	0	0	0	0	1	0	0	0	0	0	0	0	0	0	0	0	0	0	0	0	0	0	0	0	0	0	0	0	0	2	9	0	1	0	1	0	0
ASV4280	3	1	0	1	0	0	1	0	0	0	0	0	0	0	0	0	0	0	0	3	0	0	0	0	0	2	2	0	0	0	0	0	0	0	1	0	0	0	0
ASV4303	1	1	0	0	0	0	0	0	0	0	0	0	0	0	0	0	0	0	0	0	0	0	0	0	0	0	0	0	0	0	0	4	0	7	0	0	0	1	0
ASV4312	0	0	1	2	1	0	1	0	0	1	1	0	0	0	0	0	0	0	0	2	0	0	0	0	0	1	1	0	0	0	0	1	0	0	0	0	0	0	0
ASV4320	2	1	2	0	0	0	0	0	0	0	0	1	0	0	0	0	0	0	0	1	0	2	1	0	0	2	1	1	0	0	0	1	0	0	0	0	0	0	1
ASV4321	0	4	0	1	1	0	0	0	0	1	0	0	0	0	0	0	0	0	0	1	0	0	0	0	0	1	1	0	0	0	0	0	0	0	0	0	0	0	0
ASV4340	2	0	0	0	0	0	0	0	0	1	0	0	0	0	0	0	0	0	0	0	0	0	0	0	0	0	1	0	0	0	0	4	1	1	1	1	0	0	0
ASV4361	0	0	0	0	0	1	0	0	0	0	0	0	0	0	0	0	0	0	0	1	0	0	0	0	0	0	2	0	0	0	0	0	0	0	8	0	0	0	0
ASV4377	0	0	0	0	0	0	0	0	0	0	0	0	0	0	0	0	0	0	0	0	0	0	0	0	0	0	0	0	0	0	0	0	1	6	3	4	0	0	0
ASV4391	0	1	0	0	0	0	0	0	0	0	0	0	0	0	0	0	0	0	0	0	0	0	0	0	0	0	0	0	0	0	0	0	3	3	1	5	0	0	0
ASV4465	2	0	0	0	0	0	1	0	0	0	0	0	0	0	0	0	0	1	0	1	0	1	1	0	0	1	0	1	1	0	0	0	0	0	0	0	0	1	0
ASV4469	2	0	0	1	0	0	0	0	0	1	0	0	0	0	0	0	0	0	0	1	0	0	0	0	0	0	0	0	0	0	0	0	5	2	0	0	1	2	0
ASV4498	2	0	0	0	1	1	0	0	0	0	0	0	0	0	0	0	0	0	0	0	0	0	0	0	0	0	0	0	0	0	0	0	0	0	2	9	0	0	0
ASV4535	0	2	0	1	0	0	0	0	1	0	0	0	0	0	0	0	0	0	0	1	0	0	0	1	2	2	1	0	1	0	1	0	0	0	0	0	0	0	0
ASV4542	0	0	0	0	0	0	0	0	0	0	0	0	1	0	3	0	1	0	2	0	1	2	1	1	0	0	0	0	0	0	0	0	0	0	0	0	0	0	0
ASV4583	1	3	1	0	0	0	0	0	0	0	0	0	0	0	0	0	0	0	1	0	1	0	0	0	0	0	0	0	1	0	0	0	0	3	0	0	0	1	0
ASV4607	3	1	0	1	0	0	1	0	0	0	0	0	0	0	0	1	0	0	0	2	0	0	0	0	0	0	0	0	0	0	0	1	0	1	0	0	0	0	0
ASV4624	0	1	1	0	0	0	2	0	0	1	0	0	0	0	0	0	0	0	1	1	0	0	0	2	1	0	0	0	1	0	0	0	0	0	0	0	0	0	0
ASV4627	3	1	0	1	2	0	0	0	0	0	0	0	0	0	0	0	0	0	0	2	0	0	0	3	0	1	0	1	0	0	0	0	0	0	0	1	0	0	0
ASV4693	0	1	0	1	0	0	2	0	1	0	0	0	1	0	1	0	0	0	0	1	0	0	1	3	0	0	0	1	0	0	0	0	0	0	0	0	0	1	0
ASV4705	8	2	0	0	1	0	0	0	0	0	0	0	0	0	0	0	0	0	0	0	0	0	0	0	0	2	0	0	0	0	0	1	1	0	0	0	0	0	0
ASV4717	2	0	1	0	0	0	1	0	1	0	0	0	0	0	0	0	0	0	0	0	0	0	0	0	0	0	0	0	0	1	0	2	1	2	1	0	0	2	0
ASV4722	0	0	2	0	0	1	0	0	0	1	1	0	0	0	0	0	0	0	0	0	1	0	1	0	0	0	0	0	1	0	0	1	0	0	0	0	2	2	0
ASV4728	0	0	0	0	1	0	0	0	0	0	0	0	0	0	0	0	0	0	0	0	0	0	0	0	0	0	0	0	0	0	0	0	0	0	0	0	0	0	12
ASV4732	4	1	0	1	0	0	0	0	2	0	0	0	0	0	0	0	0	0	0	1	0	0	0	0	0	0	0	0	0	0	0	1	1	0	1	0	0	2	0
ASV4782	0	2	0	2	0	0	0	2	0	1	0	0	0	0	0	0	0	0	0	1	0	0	0	0	0	1	0	1	0	0	0	0	0	0	2	0	0	1	0
ASV4800	0	2	1	1	0	0	0	0	2	1	0	0	0	0	0	0	0	0	0	1	0	0	0	0	2	0	1	1	2	0	0	0	0	0	0	0	0	0	0
ASV4827	0	0	0	1	0	0	0	0	0	3	0	0	0	0	0	0	0	0	0	1	0	0	0	0	1	2	0	0	0	0	1	1	0	0	0	1	5	0	0
ASV4841	0	1	0	0	0	0	0	0	0	0	0	0	0	0	0	0	0	0	0	0	0	0	0	0	0	0	0	0	0	0	0	2	11	1	1	0	0	0	0
ASV4882	0	2	1	1	0	1	2	0	0	0	0	0	0	0	0	0	0	0	0	3	0	0	0	0	0	1	0	1	0	0	0	0	0	0	0	1	0	0	0
ASV4923	0	0	0	0	0	0	0	0	0	0	0	0	0	0	1	0	1	1	0	0	0	3	2	0	0	0	1	0	1	0	0	0	1	0	0	0	0	0	0
ASV4958	0	0	0	0	0	1	0	0	0	0	0	0	0	1	0	5	2	0	0	0	0	1	0	0	0	0	0	0	0	1	0	0	0	0	0	0	0	0	0
ASV4965	3	0	1	0	0	1	0	0	0	1	0	0	0	0	0	0	0	0	0	0	0	0	1	3	0	0	1	0	0	0	0	0	0	0	0	0	0	2	1
ASV4997	1	0	0	0	0	1	1	0	0	1	0	0	0	0	0	0	0	0	0	2	1	0	0	0	0	2	1	0	0	0	0	1	0	4	1	0	0	1	0
ASV5003	0	2	0	0	0	2	0	0	1	0	0	0	0	0	0	0	1	0	1	1	0	0	0	1	0	0	0	0	0	1	0	0	0	0	0	0	0	1	0
ASV5007	0	0	1	0	0	0	0	0	0	0	0	0	0	0	0	0	0	0	0	0	0	0	0	0	1	1	0	0	0	0	0	2	0	1	2	0	2	5	1
ASV5014	0	0	0	0	0	0	0	0	0	1	1	0	0	2	0	1	2	4	1	0	0	1	0	1	0	0	0	0	0	0	0	0	0	0	0	0	0	0	0
ASV5031	1	1	1	0	0	0	0	0	0	0	0	0	0	0	0	0	0	0	0	1	0	0	0	0	0	1	0	0	0	0	0	0	0	2	2	1	0	0	0
ASV5046	0	1	0	0	0	0	0	0	0	1	0	0	0	0	0	0	0	0	0	0	0	0	0	0	0	1	0	0	0	0	0	0	0	0	0	7	0	0	0
ASV5063	0	0	0	0	0	1	0	0	0	2	0	0	0	1	0	0	0	0	0	1	0	1	0	0	0	0	0	0	0	0	0	0	0	1	0	0	1	1	0
ASV5064	0	1	0	1	1	1	0	0	0	1	0	0	0	0	0	0	0	0	0	3	0	0	0	1	0	1	1	0	1	0	0	0	0	0	0	0	2	0	0
ASV5072	3	0	0	0	2	0	0	0	0	0	0	0	0	0	0	0	0	0	0	0	0	0	0	1	0	0	0	0	0	0	0	3	2	1	2	2	0	0	0
ASV5086	1	0	1	0	1	0	0	0	0	2	0	0	0	0	0	0	0	0	0	0	0	0	0	0	0	0	0	0	0	0	0	2	1	1	0	0	0	6	0
ASV5113	3	1	0	0	1	0	0	1	0	2	0	0	0	0	0	0	0	0	0	0	0	0	0	0	1	0	3	0	0	0	0	0	0	0	0	0	0	0	0
ASV5119	0	0	0	0	1	0	0	2	2	0	0	0	0	0	0	0	0	0	0	1	0	0	1	0	0	0	1	1	0	0	0	0	1	2	1	1	0	0	0
ASV5165	0	1	0	0	1	1	0	1	0	1	0	1	1	0	0	0	0	0	0	2	0	0	0	1	0	1	0	0	0	0	0	0	0	0	0	0	0	3	0
ASV5203	1	1	1	0	0	0	0	0	0	0	0	0	0	0	0	0	0	0	0	0	0	2	4	0	0	0	0	0	0	1	1	0	0	1	0	0	0	0	0
ASV5209	1	0	0	1	0	0	0	0	0	1	0	0	0	0	0	0	0	0	0	0	0	0	0	0	0	1	3	1	0	0	0	0	0	0	1	2	0	0	0
ASV5212	1	0	0	0	0	0	0	0	0	0	0	0	0	0	0	0	0	0	0	0	0	0	0	0	1	1	0	0	0	0	0	2	0	1	0	0	0	3	0
ASV5229	3	2	0	0	0	0	0	0	0	2	0	0	0	0	0	0	0	0	0	1	0	0	0	1	1	0	0	0	0	0	0	0	0	0	0	0	0	2	0
ASV5240	2	1	1	0	0	3	0	0	0	2	1	0	0	0	0	0	0	0	0	2	0	0	0	0	0	1	0	0	0	0	0	0	0	0	0	0	0	0	0
ASV5256	0	2	1	0	2	0	2	0	0	0	0	1	0	0	0	0	0	0	0	1	0	0	0	0	3	0	0	1	1	0	0	0	0	0	0	0	0	0	0
ASV5268	6	0	0	0	0	0	1	0	0	0	1	0	0	0	0	1	0	0	0	2	0	1	0	0	1	1	0	0	1	0	0	0	0	0	0	0	0	0	0
ASV5281	1	0	2	1	0	0	0	0	0	0	0	0	0	0	0	0	0	0	0	4	0	0	1	0	1	1	0	1	1	0	0	1	0	1	0	0	0	1	1
ASV5317	3	1	1	0	0	0	0	0	1	1	0	0	0	0	0	0	0	0	0	0	0	0	1	0	0	0	2	1	1	0	0	0	1	0	0	0	0	2	0
ASV5334	2	1	0	0	0	0	0	0	2	0	0	0	0	0	0	0	0	0	1	1	0	1	0	0	0	0	0	0	0	0	0	2	0	0	1	0	1	2	0
ASV5341	0	0	0	1	1	1	1	1	0	1	1	0	1	0	0	0	0	0	0	2	0	0	0	0	1	1	1	0	1	0	0	0	0	0	0	0	0	0	0
ASV5400	0	2	2	0	1	1	0	1	0	1	1	0	0	0	0	0	0	0	1	2	0	0	0	0	1	2	0	0	0	0	0	0	0	0	0	0	0	1	0
ASV5403	0	0	0	0	1	0	0	0	0	0	0	1	0	0	0	0	0	0	0	0	0	0	0	0	0	0	0	0	0	0	0	0	0	0	8	1	2	1	0
ASV5415	2	0	1	1	1	0	0	0	0	0	0	1	0	0	0	0	0	0	0	0	0	0	0	1	1	4	2	0	0	0	0	0	0	0	0	0	0	1	1
ASV5482	0	1	0	2	0	0	1	0	0	0	0	0	0	0	1	0	0	0	0	0	0	0	0	0	0	0	0	1	1	1	0	0	0	0	1	0	0	0	1
ASV5487	0	0	2	0	0	0	0	0	2	0	0	0	0	1	1	1	1	0	0	0	1	0	1	0	1	0	0	0	0	0	0	1	0	0	0	0	0	0	1
ASV5513	0	0	0	0	0	0	0	0	0	0	0	0	0	0	0	0	0	0	0	1	0	0	0	0	0	0	0	1	0	0	0	4	1	0	1	0	3	2	0
ASV5559	1	0	0	0	0	0	0	0	0	0	0	0	0	0	0	2	0	1	0	3	0	0	0	1	2	0	0	0	0	0	0	0	0	0	0	0	0	1	0
ASV5596	1	0	0	2	0	0	0	1	0	0	0	0	0	1	0	0	0	0	1	1	0	0	0	0	0	0	1	1	1	0	0	0	0	0	1	1	0	0	0
ASV5607	0	0	0	0	0	0	0	0	0	0	0	0	0	0	0	0	0	0	0	0	0	0	0	0	0	0	0	0	0	0	0	2	6	1	3	2	0	1	0
ASV5625	1	0	0	0	0	1	0	0	0	1	0	0	0	0	0	1	0	0	0	0	0	0	0	1	1	0	0	0	0	1	1	1	0	0	0	0	3	1	0
ASV5636	2	2	0	0	1	1	1	0	0	0	0	0	0	0	0	0	0	0	0	0	0	0	0	4	2	0	0	0	0	0	0	0	0	0	0	0	0	0	0
ASV5683	1	0	1	0	1	3	0	1	1	0	0	0	0	0	2	0	0	1	0	1	0	0	0	0	1	0	0	0	2	0	0	0	0	0	0	0	0	0	0
ASV5727	0	0	0	0	1	0	0	0	0	0	0	0	0	0	0	0	0	0	0	0	0	0	0	0	0	0	0	0	0	0	0	1	1	3	3	0	1	4	1
ASV5730	4	0	0	0	0	1	1	0	0	0	0	0	0	0	0	0	0	0	0	1	0	0	0	1	2	0	1	1	0	0	0	0	0	0	0	1	0	0	0
ASV5746	0	1	0	0	0	1	0	0	0	1	0	0	0	0	0	0	0	0	0	1	0	0	0	0	0	0	1	0	1	0	0	0	0	0	1	3	0	0	0
ASV5748	0	1	0	0	0	0	0	0	0	1	0	0	0	0	0	0	0	0	0	0	0	0	0	0	0	0	1	2	1	0	0	0	0	0	0	0	0	4	0
ASV5777	0	0	0	0	1	0	0	0	0	0	0	0	0	0	0	0	0	0	0	1	0	0	0	0	0	0	0	0	0	0	0	0	2	2	1	8	0	0	0
ASV5778	0	1	0	0	0	0	0	1	1	0	1	0	0	1	0	1	0	1	0	1	0	0	0	0	0	0	0	0	0	1	0	0	0	1	0	0	0	1	0
ASV5805	0	1	1	0	0	0	1	0	0	0	0	0	0	0	0	0	0	0	0	2	0	0	0	0	0	1	1	0	1	0	0	0	0	0	0	3	0	0	0
ASV5812	0	0	0	0	0	3	0	0	0	0	0	0	0	0	0	0	0	0	0	0	0	1	0	0	0	0	0	0	0	0	0	0	1	0	2	1	1	0	0
ASV5819	3	0	0	3	0	0	0	0	0	0	0	0	0	0	0	0	0	0	0	0	0	0	0	0	0	0	0	0	0	0	0	0	3	1	1	6	0	0	0
ASV5828	0	0	0	0	0	0	0	0	0	0	0	0	0	0	1	0	0	0	0	1	0	0	0	0	0	0	0	0	0	0	0	6	4	0	0	0	2	1	0
ASV5836	1	0	0	0	0	0	0	0	0	1	0	0	0	0	0	0	1	0	1	1	0	1	0	0	0	0	0	0	0	0	0	0	0	0	1	0	2	0	0
ASV5837	2	1	0	1	1	1	0	0	0	1	0	0	0	0	0	1	0	0	0	1	0	0	0	0	0	0	0	0	0	0	0	0	0	0	2	0	0	2	1
ASV5843	1	0	0	0	0	0	1	0	0	0	0	0	0	0	0	0	0	0	0	1	0	0	0	2	1	1	2	1	0	0	0	1	0	1	0	0	0	0	0
ASV5859	0	1	1	0	0	0	0	0	0	1	0	0	0	0	0	0	0	0	0	0	0	0	0	0	3	1	0	0	0	1	0	0	0	0	0	0	0	0	0
ASV5860	0	0	0	1	1	0	2	1	2	0	1	1	0	0	0	0	0	0	0	1	0	0	0	0	1	1	0	1	2	0	0	0	0	0	0	0	0	0	0
ASV5887	0	0	0	0	0	0	0	0	0	0	0	0	0	0	1	0	0	1	1	0	0	2	2	0	0	0	1	0	0	2	0	3	0	2	0	0	0	1	1
ASV5908	2	2	0	0	0	1	0	1	0	0	0	0	0	0	0	0	0	0	0	1	0	1	0	0	1	0	0	0	0	0	0	0	4	0	0	1	0	0	0
ASV5948	0	1	1	0	0	0	1	1	1	1	0	0	0	0	0	0	0	0	0	0	0	0	0	1	1	1	0	0	1	0	0	1	0	0	0	0	0	0	0
ASV5954	0	0	0	0	0	0	0	0	0	0	0	1	2	0	0	0	2	0	3	0	0	1	3	0	0	0	0	1	0	0	0	1	0	0	1	0	0	0	0
ASV5955	1	0	0	1	1	2	1	0	0	1	0	1	0	0	0	0	0	0	0	1	0	0	0	0	3	1	0	0	0	0	0	0	0	0	0	0	0	0	0
ASV3548	1	2	0	0	0	1	0	0	0	0	0	0	0	0	0	0	1	0	1	0	1	0	0	0	1	1	0	1	0	0	0	0	0	1	0	0	0	1	1
ASV3603	0	0	0	0	0	1	1	0	0	0	0	0	0	0	0	0	0	0	0	1	0	0	0	1	4	1	0	0	1	0	0	0	0	0	0	0	0	0	0
ASV3610	0	0	0	0	0	0	0	0	0	0	0	0	0	0	0	0	0	0	0	0	0	0	0	0	0	0	0	0	0	0	0	0	12	1	0	0	0	0	0
ASV3839	0	0	0	0	0	0	0	0	0	0	0	0	0	0	0	0	0	0	0	0	0	0	0	0	0	0	0	0	0	0	0	2	3	2	0	0	4	0	1
ASV3935	0	1	2	0	0	1	0	0	0	0	0	0	1	1	1	0	0	1	0	1	0	0	0	0	0	0	2	0	1	0	0	0	0	0	0	0	0	0	0
ASV3943	1	0	0	0	0	0	0	0	0	0	0	1	0	0	0	0	1	3	0	0	0	1	1	0	0	1	0	0	0	1	0	0	0	0	0	0	0	0	0
ASV3980	0	0	2	0	0	1	0	0	0	2	0	0	0	0	0	0	0	0	0	1	0	0	3	2	0	0	0	0	0	0	1	0	0	0	0	0	0	3	0
ASV4073	0	0	0	1	0	1	0	0	0	0	0	0	0	0	0	0	0	0	0	1	0	0	0	0	0	0	0	0	0	0	0	0	6	0	1	3	3	0	0
ASV4162	1	0	0	0	0	0	0	0	0	0	0	0	0	0	0	0	0	0	0	0	0	0	0	1	0	1	0	0	0	0	0	0	0	0	12	0	0	0	0
ASV4176	0	0	0	0	0	0	0	0	0	0	2	0	0	0	0	0	3	0	0	0	1	1	1	0	0	0	0	0	0	2	1	0	0	0	0	0	0	1	0
ASV4216	5	0	0	0	0	0	1	0	0	0	0	0	0	0	0	0	0	0	0	0	0	0	0	0	2	2	0	0	2	0	0	0	0	0	0	0	0	1	0
ASV4268	0	0	0	0	1	0	1	0	0	2	0	0	0	0	1	0	2	0	0	0	0	0	0	1	0	0	1	0	1	0	0	0	0	1	1	0	0	0	0
ASV4287	0	1	1	0	0	0	0	0	0	0	0	0	0	0	0	0	0	0	1	1	0	0	0	1	0	1	0	0	1	0	0	0	0	0	3	3	0	0	0
ASV4297	2	1	0	0	0	0	0	1	1	0	0	0	0	0	0	1	0	0	0	0	0	3	0	0	0	0	0	0	0	0	3	0	0	0	0	0	0	0	0
ASV4337	0	0	0	0	0	0	0	0	0	1	0	0	0	0	0	0	0	0	0	0	0	0	0	0	0	0	1	0	0	0	0	4	0	0	2	2	2	3	0
ASV4485	0	0	0	0	0	0	0	0	0	0	0	0	0	0	0	0	0	0	0	0	0	0	0	0	0	0	0	0	0	0	0	0	0	0	10	0	0	0	0
ASV4497	1	0	0	0	0	0	0	0	0	0	0	0	0	0	0	0	0	0	0	0	0	0	0	0	0	0	0	0	0	0	0	1	5	1	5	0	2	1	0
ASV4499	0	0	0	0	0	0	0	0	0	0	0	0	0	0	0	0	0	0	0	0	0	0	0	0	0	0	0	0	0	0	0	3	6	0	2	0	2	0	0
ASV4506	2	2	0	0	1	1	0	0	0	1	0	0	0	0	0	0	0	0	0	0	0	0	0	2	2	0	0	0	2	0	0	0	0	0	0	0	0	0	0
ASV4526	0	0	0	0	0	0	0	0	0	0	0	0	0	0	0	0	0	0	0	0	0	0	0	0	0	0	1	0	0	0	0	0	0	1	0	11	0	0	0
ASV4550	0	0	0	0	0	0	0	1	0	0	0	0	0	0	0	0	0	1	2	0	2	2	0	0	0	0	0	0	0	0	2	0	0	0	0	0	0	0	0
ASV4561	1	1	0	0	1	0	0	0	0	0	0	0	0	1	0	0	0	0	0	0	1	0	0	1	0	1	0	0	0	0	0	0	0	3	0	0	0	1	0
ASV4589	1	0	0	0	0	0	0	0	0	0	0	0	0	0	1	0	0	0	0	0	0	0	0	0	0	1	0	0	0	0	0	6	0	1	0	0	0	3	0
ASV4594	0	1	0	0	0	0	0	0	0	0	0	0	0	0	0	0	0	0	0	0	0	0	0	0	0	0	0	0	0	0	0	1	0	1	1	7	1	3	0
ASV4608	0	0	0	0	0	0	0	0	0	3	0	0	0	0	0	0	0	0	0	0	1	0	0	1	0	0	2	0	0	0	0	1	1	0	3	1	0	0	0
ASV4609	1	2	0	1	1	1	0	1	1	0	0	0	0	0	0	0	0	0	0	2	0	0	0	1	0	1	0	1	0	0	0	0	0	0	0	0	0	0	0
ASV4630	1	0	1	0	0	0	0	0	0	0	0	0	0	1	0	1	0	0	3	0	2	1	0	1	1	0	0	0	0	0	1	0	0	0	0	0	0	0	0
ASV4637	0	0	1	0	2	0	0	0	0	0	0	0	0	0	0	2	1	0	1	0	1	2	0	0	0	0	0	0	0	0	3	0	0	0	0	0	0	0	0
ASV4647	0	1	0	0	0	1	0	1	0	0	0	0	0	0	0	0	0	1	0	0	0	0	0	0	0	1	0	0	0	1	0	0	0	0	2	1	0	2	0
ASV4664	1	0	1	0	0	0	0	0	1	0	0	1	0	0	0	0	0	0	0	0	0	1	0	0	2	1	1	0	0	0	0	0	0	0	0	0	0	0	0
ASV4682	0	0	0	0	0	0	0	0	0	1	0	0	0	0	0	0	0	0	0	0	0	0	0	0	0	0	0	0	0	0	0	0	0	0	0	0	0	0	10
ASV4702	2	1	0	0	0	2	0	0	0	2	0	0	0	0	0	0	0	0	0	2	0	0	0	0	0	1	0	0	0	0	0	0	2	0	1	0	1	0	0
ASV4721	0	0	0	0	1	1	0	0	1	0	0	0	1	0	0	0	0	0	0	1	0	0	0	2	0	0	0	1	1	0	0	0	0	0	0	0	0	0	0
ASV4740	0	0	0	0	0	0	0	1	0	0	0	0	0	0	0	0	0	0	0	0	0	0	0	0	1	0	0	0	0	0	0	2	4	0	0	3	3	1	0
ASV4749	0	1	0	0	0	0	1	1	0	0	0	0	0	0	0	0	0	0	0	0	0	0	0	0	0	0	0	0	0	0	0	0	1	0	1	0	0	8	2
ASV4773	0	0	0	0	0	0	1	0	0	0	0	0	0	0	0	0	0	0	0	2	0	0	0	2	1	0	1	0	0	0	0	0	0	0	0	4	0	0	0
ASV4806	0	2	1	0	1	0	1	0	0	1	0	0	0	0	0	0	0	0	0	0	0	0	0	0	0	0	1	0	3	0	0	0	0	0	1	0	1	0	0
ASV4812	0	0	0	0	0	0	0	0	0	0	0	0	0	0	0	0	0	0	0	0	0	0	0	2	0	0	0	0	0	1	0	0	0	2	1	1	1	7	0
ASV4840	0	0	0	0	0	0	0	0	0	0	0	0	0	0	0	0	0	0	0	0	0	0	0	0	0	0	0	0	0	0	0	0	0	0	0	0	0	15	0
ASV4856	2	3	1	1	0	0	1	0	0	0	0	0	0	0	0	0	0	0	0	0	0	0	0	1	0	0	1	0	0	0	0	0	1	1	0	1	0	0	0
ASV4857	0	0	1	1	0	1	1	0	0	0	0	0	0	0	0	0	0	1	0	1	0	0	0	1	0	0	0	0	0	0	0	3	0	1	1	2	0	0	0
ASV4866	2	0	0	0	0	0	0	0	0	0	0	0	0	0	0	0	0	0	0	0	0	0	0	0	1	0	0	0	0	0	0	2	2	1	2	0	1	3	0
ASV4867	0	0	2	0	1	0	0	0	0	0	0	0	0	0	0	0	0	0	0	0	0	0	0	1	0	0	0	0	1	0	0	2	4	2	0	0	1	0	0
ASV4870	1	3	0	0	1	0	0	1	0	1	0	0	0	0	0	0	0	0	0	0	0	0	0	1	2	1	2	0	0	0	0	0	0	0	0	0	0	0	0
ASV4872	1	0	0	1	0	0	0	0	0	0	0	0	0	0	0	0	0	0	0	0	0	0	0	0	0	0	0	0	0	0	0	1	9	0	1	0	0	0	0
ASV4887	1	3	0	0	0	0	0	0	0	0	0	0	0	2	0	0	1	0	0	0	0	1	1	1	0	0	0	0	0	1	0	0	0	0	0	0	0	0	0
ASV4905	0	1	0	0	0	1	0	1	0	3	0	0	0	1	0	0	0	0	0	1	0	0	0	0	2	1	0	0	0	0	0	0	0	0	0	0	0	0	0
ASV4945	0	0	1	0	0	1	0	0	0	0	0	0	0	0	0	0	0	0	0	0	0	0	0	1	0	0	0	1	0	0	0	0	0	1	2	0	3	0	0
ASV4949	0	0	0	0	0	0	3	2	0	0	4	0	1	0	0	0	0	0	0	0	0	0	0	0	0	0	0	0	1	0	0	0	0	0	0	0	0	1	0
ASV5011	0	0	0	0	0	1	0	0	0	2	0	0	0	0	0	0	0	0	0	0	0	0	0	0	0	0	0	0	0	0	0	0	0	0	0	0	0	11	1
ASV5017	1	1	0	2	0	0	0	0	0	0	0	0	0	0	0	0	0	0	0	0	0	0	0	0	1	1	0	1	2	0	0	0	0	0	0	0	0	0	0
ASV5043	2	0	0	0	0	0	0	0	0	1	1	0	1	0	0	0	0	0	1	0	0	1	1	0	1	0	0	0	0	0	1	0	0	0	0	0	0	0	0
ASV5125	0	0	0	1	0	0	0	0	0	1	0	0	0	0	0	0	0	0	0	0	0	0	0	0	0	0	1	0	0	0	0	1	0	0	1	5	0	1	0
ASV5152	0	2	1	3	0	1	0	0	1	0	0	0	0	0	0	0	0	1	0	0	0	0	0	0	3	0	0	0	0	0	0	0	0	1	0	2	0	0	0
ASV5157	0	0	0	1	0	2	0	1	0	0	0	0	0	0	0	0	0	0	0	1	0	0	0	1	0	1	0	1	1	0	0	0	0	0	0	0	0	0	0
ASV5211	0	0	0	2	0	1	1	2	0	0	0	0	0	0	0	0	0	0	0	1	0	0	0	0	0	0	0	2	1	0	0	0	0	0	0	0	0	0	0
ASV5222	0	0	0	0	0	0	0	0	0	0	0	0	0	0	0	0	0	0	0	0	0	0	0	0	0	0	0	1	1	0	0	1	4	2	2	2	1	0	0
ASV5236	1	0	0	1	0	1	1	0	0	0	0	0	0	0	1	0	1	0	0	0	0	0	0	0	0	0	1	0	0	0	0	0	0	0	0	0	0	0	0
ASV5262	1	0	0	0	0	0	0	0	0	0	0	0	0	0	0	0	0	0	0	0	0	0	0	0	0	0	0	0	0	0	0	0	0	0	7	5	0	0	0
ASV5274	0	0	0	0	0	0	0	1	0	0	2	0	0	0	0	0	1	0	0	0	0	0	0	0	1	0	0	0	1	0	0	0	0	1	0	1	2	1	0
ASV5292	0	0	0	0	0	0	0	0	0	0	0	0	0	0	0	0	0	0	0	0	0	0	0	0	0	0	0	0	0	0	0	6	0	2	2	0	1	2	0
ASV5378	1	0	0	0	0	0	0	0	0	0	1	0	0	0	0	0	0	0	0	0	0	2	0	0	0	0	0	0	1	0	0	2	1	1	3	0	0	1	0
ASV5396	0	1	0	0	0	0	1	0	0	2	0	0	0	0	0	0	0	0	0	0	0	0	0	0	0	0	0	0	0	0	0	1	1	3	1	0	0	3	1
ASV5442	0	2	0	1	0	0	1	0	0	3	0	0	0	1	1	0	0	0	0	0	0	0	0	0	0	0	1	0	0	1	1	0	0	0	0	0	0	0	0
ASV5472	0	0	0	0	1	0	0	0	0	0	0	0	0	0	0	0	0	0	0	3	0	0	0	0	2	1	2	1	1	0	0	0	0	0	0	0	0	0	0
ASV5498	0	0	1	1	0	0	0	0	0	0	0	0	0	0	0	0	0	0	0	0	0	0	0	0	0	0	0	0	1	0	0	2	0	2	6	0	0	0	0
ASV5530	1	0	0	0	0	0	0	0	0	0	0	0	0	0	1	0	0	0	0	0	0	0	0	0	0	0	0	1	0	0	0	3	3	0	1	1	0	0	1
ASV5573	0	3	0	1	0	0	0	0	0	0	0	0	0	1	0	0	0	0	0	0	0	0	0	0	0	1	0	0	0	0	0	0	1	0	0	2	0	0	0
ASV5597	0	1	0	1	0	0	0	0	0	0	0	0	1	0	0	0	0	3	0	2	0	0	0	0	0	1	0	0	1	0	0	0	0	1	0	2	0	0	0
ASV5610	0	0	3	0	0	0	0	0	0	0	0	0	0	0	0	0	0	0	1	1	0	0	0	0	0	0	0	0	0	0	0	0	4	0	1	0	0	2	0
ASV5666	0	0	1	1	1	0	0	0	0	0	0	0	0	0	0	0	0	0	0	2	0	0	0	0	0	3	2	0	0	0	1	0	0	0	0	0	0	2	0
ASV5672	2	0	1	1	0	0	0	0	0	1	0	0	0	0	0	0	0	0	0	0	0	0	3	1	0	0	0	0	1	1	0	0	0	0	0	0	0	1	0
ASV5741	1	1	0	1	0	0	0	0	0	0	0	0	0	0	0	0	0	0	0	0	0	0	0	2	1	1	1	0	2	0	0	0	0	0	0	1	0	0	0
ASV5749	0	0	1	0	0	1	0	0	0	2	0	1	0	0	1	0	0	0	0	0	0	0	0	0	0	0	0	0	1	0	0	3	0	1	2	0	0	3	0
ASV5780	0	0	0	0	0	0	0	0	0	0	0	0	0	0	0	0	0	0	0	1	0	0	0	0	0	0	0	0	0	0	0	1	0	2	0	0	6	2	0
ASV5801	3	1	0	1	0	0	0	0	0	0	0	0	0	0	0	1	1	0	2	0	0	2	0	0	0	0	0	0	0	0	1	0	0	0	0	0	0	1	0
ASV5807	0	2	0	0	1	0	0	1	1	1	0	0	0	0	0	0	0	1	0	0	0	0	1	1	0	1	0	0	2	0	0	0	0	0	0	0	0	0	0
ASV5851	0	0	0	1	0	1	2	0	0	0	0	0	0	0	1	5	0	0	0	0	0	0	0	1	0	0	0	0	2	0	0	0	0	0	0	0	0	0	0
ASV5879	3	0	0	0	0	2	3	0	0	0	0	0	0	0	0	0	0	0	1	0	0	0	0	0	1	0	0	0	1	0	0	0	0	1	0	0	0	0	0
ASV5885	2	1	0	0	0	0	0	0	0	1	0	0	0	0	0	0	0	0	0	0	0	0	0	0	1	1	0	0	0	0	0	5	0	2	0	0	1	0	0
ASV5900	5	3	0	0	0	0	0	1	0	3	0	0	0	0	0	0	0	0	0	0	0	0	0	0	0	0	0	0	0	0	0	0	0	0	0	0	0	1	0
ASV5925	0	0	0	0	0	0	0	0	0	0	0	0	0	0	0	0	1	0	0	0	0	0	0	0	0	0	0	0	0	0	0	1	0	4	1	0	4	4	1
ASV4005	0	2	1	0	2	0	0	0	0	2	0	0	0	0	0	1	0	0	0	0	0	0	0	0	0	0	1	0	1	0	0	0	0	0	0	0	0	0	0
ASV4030	1	1	0	0	0	0	0	0	0	0	0	0	0	0	0	0	0	1	0	0	0	1	0	0	0	0	0	0	0	0	0	1	0	1	3	0	0	0	0
ASV4138	0	0	0	0	0	0	0	0	0	0	0	0	0	0	0	0	0	0	0	0	0	0	0	0	0	0	0	0	0	0	0	0	0	6	3	1	0	0	0
ASV4152	1	0	0	0	0	0	0	0	1	0	0	0	0	0	0	0	0	0	0	1	0	0	0	2	0	3	0	0	0	0	0	0	0	0	0	0	0	3	0
ASV4219	1	0	0	0	0	1	0	0	0	1	0	0	0	0	0	0	0	0	0	2	0	0	0	2	0	0	0	1	1	0	0	0	0	0	0	0	0	0	0
ASV4262	0	0	0	0	0	0	0	0	0	0	0	0	0	0	0	0	0	0	0	0	0	0	0	0	0	0	0	0	0	0	0	2	5	0	0	4	0	0	0
ASV4284	0	2	2	3	0	0	1	0	0	2	0	0	0	0	0	0	0	0	0	0	0	0	0	1	0	0	0	1	1	0	0	0	0	0	0	0	0	0	0
ASV4354	0	1	0	0	1	0	0	0	0	0	0	0	0	0	0	0	0	0	0	0	1	4	2	0	0	0	0	0	0	1	0	0	0	0	0	0	0	0	0
ASV4402	0	0	0	1	0	0	0	0	0	1	0	0	0	0	0	0	0	0	0	1	0	0	0	2	1	0	0	0	0	0	0	2	1	0	0	0	1	1	0
ASV4403	0	2	0	0	0	1	0	1	0	0	0	0	0	1	0	0	0	0	0	0	0	0	0	0	0	1	0	0	0	0	0	1	0	0	0	0	0	0	0
ASV4425	0	0	0	0	0	0	0	0	0	0	0	0	0	0	0	0	1	0	0	0	0	0	0	2	0	0	0	0	1	0	0	0	0	1	1	5	0	0	0
ASV4440	0	0	0	0	0	0	0	0	0	0	0	0	0	0	0	0	0	0	0	0	0	0	0	0	0	0	0	0	0	0	1	0	0	3	1	2	4	0	0
ASV4449	1	2	0	0	1	1	0	0	0	0	0	0	0	0	0	0	0	0	0	1	0	0	0	0	0	0	2	0	0	0	0	0	0	1	1	3	0	0	0
ASV4519	1	0	0	2	1	0	0	1	0	2	0	0	0	0	0	0	0	0	0	0	0	0	0	0	0	1	1	0	0	0	0	0	0	1	1	0	0	0	1
ASV4524	0	1	1	0	0	0	0	2	0	0	0	0	0	0	0	0	0	0	0	0	0	1	4	1	0	0	0	0	1	0	0	0	0	0	0	0	0	0	0
ASV4539	1	0	0	0	0	1	0	0	0	0	0	0	0	0	0	0	0	0	0	0	0	0	0	1	0	0	1	0	0	0	0	0	2	1	0	1	5	0	0
ASV4588	3	3	0	0	0	1	0	0	0	0	0	0	0	0	0	0	0	1	0	0	0	0	0	1	0	0	0	0	0	0	0	0	0	1	0	0	0	0	0
ASV4662	0	0	1	0	1	0	1	0	0	1	0	0	0	0	0	0	0	0	0	0	0	0	0	1	0	1	0	0	0	0	0	2	1	0	2	1	1	0	0
ASV4733	0	0	0	0	0	0	0	0	0	0	0	0	0	0	0	1	0	1	1	0	1	2	1	0	0	0	0	0	0	0	0	0	0	1	0	0	1	0	0
ASV4738	3	1	0	0	0	0	0	0	0	0	0	0	0	0	0	0	0	0	0	0	0	0	0	0	0	0	1	0	0	0	0	1	0	1	0	0	0	7	0
ASV4793	0	0	0	0	0	0	0	0	0	0	0	0	0	0	0	0	0	0	0	0	0	0	0	0	0	0	0	0	0	0	0	8	2	0	0	0	3	0	0
ASV4820	1	0	0	0	0	0	1	1	0	0	1	0	0	0	0	0	0	0	0	0	0	0	0	0	0	0	0	0	0	0	0	0	1	1	2	3	0	0	0
ASV4828	0	3	0	0	0	0	0	0	0	0	0	0	0	0	1	0	0	0	0	0	0	0	0	0	0	1	0	0	1	0	0	3	0	1	0	0	0	1	0
ASV4869	2	1	1	0	1	0	1	0	0	0	1	1	0	0	0	0	0	0	0	0	0	0	0	1	0	0	2	1	0	0	0	0	0	0	0	0	0	0	0
ASV4874	0	0	0	0	0	0	0	0	0	0	0	0	0	0	0	0	0	0	0	0	0	0	0	0	0	0	0	0	0	0	0	0	5	0	2	2	1	0	1
ASV4886	0	0	0	0	0	0	0	0	0	1	0	0	0	0	0	0	0	0	0	0	0	0	0	0	0	0	0	0	0	0	0	0	0	0	0	11	0	0	0
ASV4889	0	0	0	0	0	0	0	0	0	0	0	0	0	0	0	0	0	0	0	0	0	0	0	0	0	0	1	0	0	0	0	2	1	3	0	0	5	1	0
ASV4907	0	0	0	0	0	0	0	0	0	0	0	0	0	1	0	0	1	1	1	0	1	2	2	0	0	0	0	1	0	1	1	0	0	0	0	0	0	0	0
ASV4931	1	1	0	1	0	0	1	0	0	0	0	0	0	0	0	0	0	0	0	0	0	0	0	0	0	0	0	0	0	0	0	1	2	0	1	2	0	0	0
ASV4933	1	3	1	0	1	1	0	0	0	0	0	0	0	0	0	0	0	0	0	0	0	0	0	0	1	0	0	0	0	0	0	0	0	0	0	3	0	0	1
ASV4971	1	0	0	1	0	0	0	0	0	0	0	0	0	0	0	0	0	0	0	0	0	1	0	0	0	0	0	1	0	0	0	0	0	0	1	6	0	0	0
ASV4990	0	0	0	0	0	1	0	0	0	0	0	0	0	0	0	0	0	0	0	0	0	0	0	1	1	0	0	4	0	0	0	2	0	0	0	1	0	3	0
ASV4994	0	0	0	0	0	0	0	0	0	0	0	0	0	0	0	0	0	0	0	0	0	0	0	0	0	0	0	0	0	0	0	1	8	1	3	2	0	0	0
ASV5004	1	1	0	0	1	0	0	0	0	0	0	1	0	0	0	0	1	1	0	1	1	0	0	1	0	0	0	0	0	0	0	0	0	0	0	1	0	1	0
ASV5023	2	0	0	0	0	0	0	0	0	0	0	0	0	0	0	0	0	0	1	0	0	0	1	1	2	0	2	1	0	0	0	0	0	0	0	0	0	0	2
ASV5024	1	1	3	1	0	0	0	0	0	0	1	0	0	0	0	1	0	0	0	0	0	0	0	1	0	0	1	1	0	0	0	0	0	0	0	0	0	0	1
ASV5052	2	0	1	0	0	0	0	0	0	0	0	0	0	0	0	0	0	0	0	0	0	0	2	0	0	2	1	2	0	0	0	0	0	0	0	0	0	0	0
ASV5054	0	0	1	0	0	0	0	0	0	0	0	0	0	0	0	0	0	0	0	0	0	0	0	0	0	1	0	0	0	0	0	0	1	1	4	4	0	1	0
ASV5098	2	2	1	0	1	0	0	0	0	0	0	0	0	0	0	0	0	0	0	0	0	0	0	0	0	0	0	1	0	0	0	0	0	0	0	0	0	0	0
ASV5101	2	1	0	0	0	2	1	0	0	0	0	0	0	0	0	0	0	0	0	1	0	0	0	1	0	0	3	1	0	0	0	0	0	0	0	0	0	0	0
ASV5158	2	1	0	0	0	1	0	0	0	0	0	0	0	0	0	0	0	0	0	0	0	0	0	0	0	1	0	0	0	0	1	0	0	0	0	0	0	7	1
ASV5184	0	1	1	0	0	0	0	0	0	0	0	0	0	1	0	0	1	0	0	0	0	0	0	0	0	0	1	0	0	0	0	0	0	4	1	0	0	0	0
ASV5185	1	0	0	0	0	0	0	1	0	0	1	0	0	0	0	0	0	0	0	2	0	0	0	0	0	0	0	0	0	0	0	0	2	1	0	2	0	0	0
ASV5208	2	0	0	0	0	0	0	0	0	0	0	0	0	0	0	0	0	0	0	0	0	0	0	0	0	0	0	0	1	0	0	0	0	0	0	0	1	11	0
ASV5214	0	0	0	0	0	1	0	0	0	0	0	0	0	0	0	0	0	0	0	0	1	0	0	0	0	0	0	0	0	0	0	3	0	3	0	0	2	0	1
ASV5231	0	0	0	0	0	0	0	0	0	0	0	0	0	0	0	0	0	1	0	0	0	0	0	0	0	0	0	0	0	0	0	0	0	0	0	0	13	0	0
ASV5232	0	0	0	1	0	0	1	0	0	2	0	0	0	0	1	0	0	0	0	1	0	0	0	1	0	0	0	1	0	1	0	0	0	0	0	0	0	1	1
ASV5233	0	1	0	1	0	0	0	3	0	0	0	1	0	0	0	0	0	0	0	3	0	0	0	2	1	0	0	1	0	0	0	0	0	0	0	0	0	0	0
ASV5271	1	2	0	0	1	1	0	0	0	0	0	0	0	0	0	0	0	0	0	3	0	0	0	1	2	0	1	0	0	0	0	0	0	0	0	0	1	0	0
ASV5276	0	0	0	1	0	0	0	0	0	1	0	0	0	0	0	0	0	0	0	0	0	0	0	1	0	0	1	0	2	0	0	0	0	0	0	8	0	0	0
ASV5300	0	1	1	0	0	0	0	0	0	0	0	0	0	0	0	0	0	0	0	0	0	0	0	0	0	0	0	0	0	0	0	1	2	5	0	2	0	0	0
ASV5307	4	1	0	1	0	0	0	0	0	3	0	0	0	0	0	0	0	0	0	1	0	0	0	2	0	0	0	0	0	0	0	0	0	0	0	0	0	0	0
ASV5348	2	0	0	1	0	3	0	0	0	1	0	0	0	0	0	0	0	0	0	0	0	0	0	0	2	2	0	0	0	0	0	0	0	0	0	0	0	0	0
ASV5354	0	0	0	0	0	0	0	0	0	0	0	0	0	0	0	0	0	0	0	0	0	0	0	0	0	0	0	0	0	0	0	4	0	2	1	0	3	3	0
ASV5359	0	0	1	1	0	0	0	1	0	0	0	0	0	0	0	0	0	0	1	1	0	0	0	0	1	0	0	1	0	0	0	0	0	0	0	1	0	1	0
ASV5445	0	1	0	0	0	1	0	0	0	0	0	0	0	0	0	1	0	0	0	0	0	0	0	0	0	0	0	0	0	0	0	0	1	3	4	0	1	1	0
ASV5449	0	0	1	1	0	0	0	0	0	0	0	0	0	0	1	1	0	0	0	2	1	0	0	1	0	1	1	0	2	0	0	0	0	0	1	0	0	0	0
ASV5457	3	0	0	0	0	0	0	0	0	0	0	0	0	0	0	0	0	0	0	0	0	0	0	1	0	2	2	0	1	0	0	2	1	0	0	0	0	1	1
ASV5460	1	0	1	1	0	1	0	0	0	0	0	0	0	0	0	0	0	2	1	0	0	1	1	0	0	0	1	0	0	0	2	0	0	0	0	0	0	0	0
ASV5471	3	0	0	1	0	1	0	0	1	0	0	0	0	0	0	1	0	0	0	0	1	0	0	0	0	0	1	0	0	0	1	0	0	1	0	0	0	0	0
ASV5475	0	0	0	0	0	0	0	0	0	0	0	0	0	0	0	0	0	0	0	0	0	0	0	0	0	0	0	0	0	0	0	1	1	2	2	5	1	0	0
ASV5505	3	0	0	0	0	1	0	0	0	0	0	0	0	0	0	0	0	0	0	0	0	0	0	3	2	1	0	0	0	0	0	0	5	0	0	0	0	0	0
ASV5529	1	0	1	1	0	0	0	0	1	1	0	0	0	0	0	0	0	0	0	0	0	0	0	1	0	0	0	2	1	0	0	0	0	0	0	2	0	0	0
ASV5546	1	0	1	0	0	0	0	0	0	0	0	0	0	0	0	0	0	0	0	1	0	0	0	0	0	0	0	0	0	0	0	3	1	1	3	1	1	0	0
ASV5550	0	1	0	0	1	0	0	0	0	1	0	0	0	0	0	0	0	1	0	2	0	1	0	0	0	0	0	0	0	0	0	2	0	1	0	0	1	1	0
ASV5555	0	1	0	0	0	1	1	1	0	1	0	0	0	0	0	0	0	0	0	0	0	1	0	0	2	0	2	0	0	1	0	0	0	0	0	0	0	0	0
ASV5586	6	0	0	0	0	0	0	0	1	1	0	0	0	0	0	1	0	0	0	0	0	0	0	0	1	0	1	0	0	0	0	0	0	1	0	0	0	0	1
ASV5588	2	0	0	0	0	0	0	0	0	0	0	0	0	0	0	0	0	0	0	1	0	0	0	0	1	0	0	0	0	0	0	4	0	0	0	0	5	1	0
ASV5609	0	0	1	1	1	0	1	0	0	0	0	0	0	0	0	0	0	0	0	0	0	0	0	0	0	1	2	0	0	0	0	0	3	1	0	1	2	0	0
ASV5652	0	0	1	3	0	0	3	0	0	0	0	0	0	0	0	0	0	0	0	0	0	0	0	0	0	0	2	0	0	0	0	0	0	0	0	0	0	1	0
ASV5668	0	1	0	1	0	1	0	0	1	1	0	0	0	0	0	0	0	0	0	1	0	0	0	0	1	0	0	2	0	0	0	0	0	0	0	0	0	3	0
ASV5682	1	0	0	0	0	0	0	0	0	0	0	0	0	0	0	0	0	0	0	0	0	0	0	0	0	0	1	0	0	0	0	2	3	3	0	0	1	0	0
ASV5721	0	1	0	0	0	0	0	0	0	0	0	1	0	0	0	0	0	0	0	1	0	0	0	1	1	0	0	0	1	0	0	0	0	0	0	0	1	0	1
ASV5728	0	0	0	1	0	0	0	0	1	0	0	0	0	0	0	0	0	0	0	1	0	0	0	0	0	1	0	0	0	0	0	1	2	0	0	0	0	7	0
ASV5733	1	1	0	2	0	0	1	1	0	0	0	0	0	2	0	0	0	0	0	0	0	0	0	0	0	1	0	1	0	0	0	0	0	3	1	0	0	0	0
ASV5742	4	0	0	0	0	0	1	0	0	1	0	0	0	0	0	0	0	0	0	3	0	0	1	1	0	0	0	0	0	0	0	0	0	0	0	0	0	0	0
ASV5795	0	0	0	0	0	0	0	0	0	2	0	0	0	0	0	0	0	0	0	0	0	0	0	2	0	0	1	0	0	0	0	0	2	1	0	5	0	0	1
ASV5818	0	1	0	0	0	0	0	0	0	0	0	0	0	0	0	0	0	0	0	0	0	0	0	0	0	0	0	0	2	0	0	1	1	0	2	0	0	4	0
ASV5822	0	1	0	0	0	0	0	0	0	0	0	0	0	0	0	0	0	0	0	0	0	0	0	0	0	0	0	0	0	0	0	1	0	0	2	0	1	3	3
ASV5826	0	0	0	0	0	0	1	0	0	0	1	1	0	0	0	0	0	0	0	0	0	0	0	2	0	2	0	0	1	0	0	0	0	0	1	0	3	0	0
ASV5886	1	0	0	0	0	0	0	0	0	1	0	0	0	0	0	0	0	0	0	1	0	0	0	1	0	0	1	0	0	0	0	1	1	0	1	1	0	1	1
ASV5888	0	1	1	0	0	1	2	0	0	0	0	0	0	0	0	0	0	0	0	3	0	0	0	0	0	1	1	1	0	0	0	0	0	0	0	0	0	0	0
ASV5893	0	0	0	0	1	0	0	0	0	2	0	0	0	0	0	0	0	0	0	0	0	0	0	0	0	0	3	0	0	0	0	0	1	1	1	4	0	0	0
ASV5904	0	0	0	0	1	1	0	0	0	0	0	0	1	0	0	0	0	0	0	0	0	1	1	1	0	3	0	0	0	1	0	0	0	0	0	0	0	0	0
ASV5929	0	1	0	0	0	0	0	0	0	0	0	0	0	2	2	0	0	1	0	0	0	1	0	0	0	1	0	0	0	1	1	0	0	0	0	0	0	0	0
ASV5947	2	0	0	0	0	0	0	0	0	0	0	0	0	0	0	1	1	2	1	0	2	0	0	0	0	0	0	0	0	1	0	0	0	0	0	0	1	0	0
ASV3873	0	0	1	0	0	0	0	0	0	0	0	0	0	0	0	0	0	0	0	0	0	0	0	1	0	0	0	0	0	0	0	1	0	3	0	1	6	0	0
ASV4187	1	0	1	0	0	0	1	1	0	1	0	0	0	0	0	0	0	0	0	0	0	0	0	1	1	0	1	1	0	0	0	0	0	0	0	0	0	0	0
ASV4222	0	0	1	1	1	0	0	0	1	1	0	0	0	0	1	0	1	0	0	2	0	0	0	0	0	0	1	0	0	0	0	0	0	0	0	0	0	2	0
ASV4251	3	0	0	0	0	0	0	0	0	0	0	0	0	0	0	0	0	0	0	1	0	0	0	0	1	1	0	0	0	0	0	0	0	2	0	0	0	0	0
ASV4276	0	0	0	0	1	0	0	0	0	0	0	0	0	0	0	0	0	0	0	0	0	0	0	0	0	0	0	0	0	0	0	3	1	3	1	0	1	3	0
ASV4395	1	0	1	0	0	0	0	0	0	0	0	0	0	0	0	0	0	0	0	0	0	0	0	0	1	0	0	1	0	0	0	0	0	3	0	0	3	2	0
ASV4432	6	0	1	0	0	0	0	1	0	0	0	0	0	0	0	0	0	0	0	0	0	0	0	0	3	0	0	0	0	0	0	0	0	0	0	0	0	1	0
ASV4448	0	0	0	0	0	0	0	0	0	0	0	0	0	0	1	1	0	0	3	0	5	0	0	0	0	0	0	0	0	0	0	1	0	0	0	0	0	0	0
ASV4456	0	1	0	0	1	0	0	2	0	2	0	0	0	0	0	0	0	0	0	0	0	0	0	0	0	0	0	0	1	0	0	0	0	0	0	0	0	0	2
ASV4483	0	0	0	0	0	0	1	0	0	0	0	0	0	0	0	0	0	0	0	0	0	0	0	0	0	0	0	0	0	0	0	0	0	1	1	6	0	0	0
ASV4486	0	1	1	0	2	0	0	0	0	0	0	0	0	2	0	0	0	0	0	1	0	0	0	2	2	1	1	0	1	0	0	0	0	0	0	0	0	0	0
ASV4492	0	2	0	0	0	1	1	0	0	0	1	1	0	0	0	0	0	0	0	0	1	0	0	0	0	0	1	0	0	1	0	0	0	0	0	0	0	0	0
ASV4494	0	0	0	0	0	0	0	0	0	0	0	0	0	0	0	0	0	0	0	0	0	0	0	0	0	0	0	0	0	0	0	0	10	1	1	0	0	0	0
ASV4505	0	0	1	1	1	0	0	0	1	0	1	0	0	0	0	0	0	0	0	1	0	0	0	1	0	1	1	0	0	0	0	0	0	0	0	0	0	0	0
ASV4564	0	0	0	0	0	0	0	0	0	0	0	0	0	0	0	0	0	0	0	0	0	0	0	0	0	0	0	0	0	0	0	0	5	6	1	1	0	0	0
ASV4566	0	0	1	1	1	0	1	2	0	1	0	0	1	0	0	1	0	1	0	0	0	0	1	0	0	0	0	0	0	0	0	0	0	0	0	1	0	0	0
ASV4577	0	1	1	0	2	0	0	0	0	0	0	0	0	0	0	0	1	1	0	0	0	1	0	1	0	0	0	0	1	0	0	0	0	1	0	0	0	0	0
ASV4579	0	1	0	1	0	1	1	1	0	0	0	0	0	0	0	0	1	0	0	0	0	0	0	1	1	1	0	0	0	0	0	0	0	1	0	0	0	0	1
ASV4766	0	0	0	0	0	0	0	0	0	1	0	0	0	0	0	0	0	0	0	1	0	0	0	2	0	1	0	0	0	0	0	0	0	1	2	0	1	3	1
ASV4780	0	1	1	0	0	1	0	0	0	0	0	0	0	0	0	0	0	0	0	0	0	0	0	0	2	1	1	1	1	0	0	0	0	0	0	0	0	0	0
ASV4826	0	3	0	0	1	0	0	0	0	1	0	0	0	0	0	0	0	0	0	2	0	0	0	1	0	0	1	0	2	0	0	0	0	0	0	0	0	0	0
ASV4847	0	0	0	0	1	0	1	0	1	0	1	0	2	0	0	0	0	0	0	0	0	1	0	0	1	0	2	0	0	0	0	0	0	0	0	0	0	0	0
ASV4888	0	1	0	1	0	1	0	0	0	1	0	0	0	0	0	0	0	0	0	2	0	0	0	0	0	3	0	0	0	0	0	0	0	0	0	0	0	0	0
ASV4915	3	1	0	0	0	1	0	0	0	0	0	0	0	0	0	0	0	0	0	0	0	0	0	1	1	0	0	1	0	0	0	1	0	0	0	0	0	3	0
ASV4942	0	0	0	0	0	0	0	1	0	0	0	0	0	0	0	0	0	0	0	2	0	0	0	0	2	2	0	0	0	0	0	0	2	0	1	1	0	2	0
ASV4943	0	1	0	0	0	0	0	0	0	0	0	0	0	1	0	0	0	0	0	1	0	0	0	0	0	0	0	0	1	0	0	1	0	1	1	0	2	4	0
ASV4951	2	0	0	0	0	0	0	0	1	0	0	0	0	0	0	0	0	0	0	0	0	0	1	0	0	2	1	0	0	0	0	0	2	1	0	0	1	0	1
ASV5045	1	1	1	0	1	0	0	0	0	0	1	0	0	0	1	0	0	0	0	1	0	2	0	0	0	0	0	0	0	0	0	0	0	0	0	0	0	0	0
ASV5047	2	0	0	0	0	1	0	0	0	0	0	0	0	0	0	0	0	0	0	0	0	0	0	0	1	0	0	0	1	1	1	0	0	0	1	0	0	1	0
ASV5051	2	1	0	0	0	0	0	0	1	0	0	0	0	0	0	0	0	0	0	2	0	0	0	0	1	0	1	0	0	0	0	0	0	0	0	0	0	0	0
ASV5104	0	0	0	0	0	1	0	0	0	0	0	0	0	0	0	0	1	0	1	1	0	0	0	0	0	0	0	0	1	0	0	1	0	1	0	0	1	4	1
ASV5111	1	1	1	0	0	0	1	0	0	0	0	0	0	0	0	0	0	0	0	1	0	0	0	0	2	0	1	0	1	0	0	0	0	0	0	0	0	1	1
ASV5121	0	1	0	0	0	0	0	0	0	1	0	0	0	0	0	0	0	0	0	1	2	1	1	0	0	1	1	0	0	0	0	0	0	0	0	0	0	1	1
ASV5131	0	3	0	0	0	1	0	0	1	0	0	0	0	0	0	0	0	0	0	0	0	0	0	0	1	0	0	0	0	0	0	0	0	1	0	0	3	1	0
ASV5154	0	2	0	1	0	0	0	0	0	0	0	0	0	0	0	0	0	1	0	0	0	0	0	1	0	1	0	2	1	0	1	0	0	0	0	0	0	0	0
ASV5174	0	2	0	0	1	0	1	0	1	0	1	0	0	0	0	0	0	0	1	0	0	0	0	0	0	0	1	0	0	0	0	0	0	1	1	0	0	0	0
ASV5179	2	2	0	1	0	1	1	1	0	0	0	0	0	0	0	0	0	0	0	2	0	0	0	0	0	0	1	0	0	0	0	0	0	0	0	0	0	0	0
ASV5181	1	0	1	0	0	0	0	1	0	1	0	0	1	0	0	0	0	0	0	1	0	0	0	1	0	0	0	0	0	0	0	0	1	0	1	0	2	0	0
ASV5223	0	0	0	0	0	0	0	0	0	0	0	2	2	1	0	0	0	0	0	0	0	0	0	0	0	0	0	0	0	3	0	0	0	0	0	0	0	0	0
ASV5243	0	0	0	0	0	0	0	0	0	0	0	0	0	0	0	0	0	0	0	2	0	1	0	0	0	0	0	0	0	0	0	1	1	0	0	0	2	6	0
ASV5257	0	0	0	0	0	0	0	1	0	0	0	0	0	0	0	0	1	2	1	0	0	1	1	1	0	1	0	0	0	0	0	0	0	0	0	0	0	0	1
ASV5297	0	1	1	0	1	0	1	0	0	1	0	1	0	0	0	0	0	0	0	1	0	0	0	0	1	2	1	0	0	0	0	0	0	0	0	0	0	0	0
ASV5313	0	1	0	1	0	0	1	0	1	0	0	0	0	0	0	0	0	0	0	0	0	0	0	0	2	1	0	0	0	0	0	0	0	1	1	0	0	0	0
ASV5321	1	0	0	0	0	0	0	0	0	0	0	0	0	0	0	0	0	0	0	1	0	0	0	1	0	0	1	0	0	0	0	0	1	0	0	0	0	6	1
ASV5327	0	0	0	0	0	0	1	0	0	0	0	0	0	0	0	0	0	0	0	0	0	0	0	0	0	0	0	0	0	0	0	2	5	1	4	0	0	0	0
ASV5347	0	0	0	0	0	0	1	0	0	0	1	0	0	0	0	0	0	1	1	1	1	1	0	0	0	2	0	0	0	0	0	1	0	1	0	0	0	0	0
ASV5365	0	0	0	0	3	1	1	0	2	0	0	0	0	0	1	0	0	0	0	0	0	0	0	0	0	0	2	1	1	0	0	0	0	0	0	0	0	0	0
ASV5406	0	0	0	0	0	0	0	0	0	1	0	0	0	0	0	0	0	2	0	0	0	0	0	0	1	0	0	0	0	1	0	1	1	3	2	0	0	0	1
ASV5447	0	1	0	0	0	0	0	0	0	1	0	0	0	0	0	0	0	0	0	0	0	0	0	1	1	0	2	0	0	0	0	0	0	3	0	0	0	0	1
ASV5473	0	0	1	0	1	0	0	0	0	0	0	0	0	0	0	0	0	0	0	0	0	0	0	0	0	0	0	0	0	0	0	1	2	1	0	3	0	1	0
ASV5478	0	0	0	0	0	0	0	0	0	0	0	0	0	0	3	1	2	0	1	0	1	1	0	0	0	0	1	0	0	1	0	0	0	0	0	0	0	0	0
ASV5481	0	0	0	0	0	0	2	1	0	0	0	0	0	0	0	0	0	0	0	1	0	0	0	0	2	1	2	0	2	0	0	0	0	0	0	0	0	0	1
ASV5494	0	0	1	0	0	0	0	0	1	1	0	0	0	0	0	1	0	0	0	1	0	0	0	0	0	1	1	1	0	0	0	0	0	0	0	0	0	0	0
ASV5506	0	0	0	0	0	1	0	0	0	0	0	0	0	0	0	0	0	0	0	0	0	0	0	0	0	0	0	0	1	0	0	2	0	2	3	0	1	0	0
ASV5531	0	0	0	0	0	0	0	0	0	0	0	1	0	0	0	0	1	0	1	0	0	0	0	0	0	1	0	0	0	0	0	3	1	1	0	0	3	0	0
ASV5553	0	0	2	0	1	0	1	0	0	1	0	0	0	0	0	0	0	0	0	1	0	0	0	2	0	1	0	1	1	0	0	0	0	0	0	0	0	0	0
ASV5576	0	0	0	0	0	0	0	0	0	0	0	0	0	0	0	0	0	0	0	0	0	0	0	0	0	0	0	0	0	0	0	3	3	3	1	1	0	1	0
ASV5585	0	0	0	0	0	0	0	0	0	0	0	0	0	0	0	0	0	0	0	0	0	1	0	0	0	0	0	0	0	0	0	1	3	2	3	0	0	0	0
ASV5587	2	0	0	1	0	1	0	0	0	1	0	0	0	0	0	0	0	0	1	1	0	5	0	0	0	0	0	0	0	0	0	0	0	0	0	0	0	0	0
ASV5600	2	1	0	1	1	0	2	0	0	0	0	0	0	0	0	0	0	0	0	0	0	1	0	0	0	1	0	0	0	0	0	0	0	0	0	0	0	0	0
ASV5603	0	0	0	0	0	0	1	0	0	0	0	0	0	0	0	0	0	0	0	0	0	0	0	0	0	1	1	0	1	0	0	0	0	0	0	6	0	1	0
ASV5604	0	0	0	0	0	0	0	0	0	0	0	0	0	0	0	0	0	0	0	0	0	0	0	0	0	0	0	0	0	0	0	4	1	3	2	0	0	0	0
ASV5613	0	0	0	0	0	0	0	0	0	0	0	0	0	0	0	0	0	0	0	1	0	0	0	0	0	0	0	0	0	0	0	0	2	1	1	7	0	0	0
ASV5631	0	0	0	0	1	0	1	0	0	2	0	0	0	0	0	0	0	0	0	1	0	0	0	0	1	1	0	0	2	0	0	0	0	0	0	0	0	0	1
ASV5637	0	1	0	0	0	0	0	0	0	0	0	0	0	0	0	0	0	0	0	0	0	1	0	1	0	0	0	0	0	0	0	2	0	0	0	3	3	0	0
ASV5641	0	0	0	0	0	0	0	0	0	0	0	0	0	0	0	0	0	0	0	0	0	0	0	0	0	0	1	0	0	0	0	0	0	0	0	11	0	0	0
ASV5654	0	0	0	0	0	0	0	0	0	0	0	1	0	0	0	0	0	0	0	0	0	1	1	0	0	0	1	1	0	0	0	0	0	0	0	0	5	2	0
ASV5674	2	0	0	1	0	0	0	0	0	0	0	0	0	0	0	0	0	0	0	0	0	0	0	1	1	1	2	0	0	0	0	0	1	0	1	2	0	0	0
ASV5679	0	0	0	1	0	0	0	0	0	1	0	0	0	0	0	0	0	0	0	1	0	0	0	0	1	0	1	0	0	0	0	0	6	0	0	1	0	0	0
ASV5718	0	0	0	0	1	0	0	0	0	0	0	0	0	0	0	0	0	0	0	0	0	0	0	1	0	0	0	0	0	0	0	0	0	0	1	7	1	1	0
ASV5723	0	0	1	0	0	1	2	0	0	1	0	0	0	0	0	1	0	0	0	1	0	0	0	2	1	0	0	0	1	0	0	1	0	0	0	0	0	0	0
ASV5754	3	0	1	1	0	0	0	0	0	0	0	0	0	0	0	0	0	0	0	0	0	1	0	0	3	0	0	0	0	0	0	0	0	0	0	0	0	1	2
ASV5783	2	1	0	1	0	1	1	0	0	0	0	0	0	0	0	1	0	0	0	1	1	0	1	0	0	0	0	0	0	0	0	0	0	0	0	0	0	0	0
ASV5797	0	1	1	3	0	0	0	0	0	0	0	0	0	0	0	0	0	0	0	1	0	0	0	1	0	1	0	0	1	0	0	1	0	0	0	0	0	0	0
ASV5810	0	2	1	0	1	0	0	2	1	0	2	1	0	0	1	0	0	0	0	0	0	0	0	0	0	0	0	0	0	0	0	0	0	0	0	0	0	0	0
ASV5814	2	0	0	2	0	1	1	0	0	0	0	0	0	1	0	0	0	0	0	1	0	0	1	0	2	0	0	0	0	0	0	0	0	0	0	0	2	0	0
ASV5833	0	0	0	0	0	0	0	0	0	0	0	0	0	0	0	0	1	2	0	0	0	0	0	0	0	0	0	0	1	6	2	0	0	0	0	0	0	0	0
ASV5877	0	1	0	0	0	0	1	0	0	1	1	0	0	0	0	0	0	0	0	1	0	0	0	1	0	0	0	0	0	0	0	0	0	1	1	0	2	1	0
ASV5890	0	0	0	0	0	1	0	0	0	0	0	0	0	0	0	1	0	0	0	0	1	0	0	0	1	0	0	0	0	4	0	0	0	0	1	0	1	1	0
ASV5905	0	0	1	0	0	0	1	0	1	2	0	0	0	0	0	0	1	0	0	0	0	0	2	0	0	1	0	0	0	0	0	0	0	0	0	2	0	0	0
ASV5906	3	1	0	0	1	0	0	1	0	0	0	0	1	0	0	0	0	0	0	1	1	0	1	0	1	0	0	0	3	0	0	1	0	0	0	0	0	0	0
ASV5910	3	0	0	1	0	1	0	0	0	1	0	0	0	0	0	0	0	0	0	3	0	0	0	0	1	0	1	0	1	0	0	0	0	0	0	0	0	0	0
ASV5911	2	0	0	0	0	0	0	0	0	1	1	0	0	0	0	0	0	0	0	0	0	0	0	2	0	0	0	0	0	0	0	1	0	1	0	1	0	0	0
ASV5916	0	2	1	2	0	0	2	0	2	0	3	0	0	0	0	0	0	0	0	0	0	0	0	0	0	0	1	1	0	0	0	0	0	0	0	0	0	0	0
ASV5928	1	1	0	0	0	0	0	0	0	0	0	1	0	2	0	1	0	0	0	0	0	0	0	1	0	1	0	1	0	0	0	1	0	0	0	0	0	1	0
ASV5932	1	0	3	1	0	0	0	0	0	0	0	0	0	0	0	0	0	0	0	0	0	0	0	1	1	0	1	0	0	0	0	0	2	1	1	0	0	0	0
ASV5939	1	0	0	0	0	0	0	0	0	0	0	0	0	0	0	0	0	0	0	0	0	0	0	0	0	0	1	0	0	0	0	5	3	1	0	0	2	0	1
ASV5942	3	1	0	0	0	0	0	0	0	0	0	1	0	0	0	1	0	0	1	2	0	0	0	1	0	1	0	0	0	0	0	0	0	0	0	0	1	0	0
ASV3984	0	0	0	0	0	0	0	0	0	0	0	0	0	0	0	0	0	0	0	0	0	0	0	0	0	0	0	0	0	0	0	4	0	0	0	7	0	0	0
ASV4123	0	0	0	3	0	1	1	0	0	0	0	0	0	0	0	0	0	0	0	0	0	0	0	1	0	0	0	2	1	0	0	0	0	0	0	0	0	0	0
ASV4423	0	0	0	0	0	0	0	0	1	1	0	0	0	0	0	0	0	0	0	0	0	0	0	0	0	0	0	0	0	0	0	1	0	1	1	0	2	5	1
ASV4438	0	0	0	0	2	0	2	0	0	0	0	0	0	0	0	0	0	0	0	0	0	0	1	2	0	3	1	1	1	0	0	0	0	0	0	0	0	0	0
ASV4491	2	0	0	0	0	0	0	1	0	0	0	0	0	0	0	0	1	0	0	0	0	0	0	0	0	0	0	1	0	0	0	0	0	0	0	8	0	0	0
ASV4520	0	0	0	0	0	1	1	0	0	0	1	0	0	0	1	0	0	0	1	0	1	0	0	0	0	1	0	1	0	0	0	0	0	0	0	0	0	0	0
ASV4572	2	2	1	0	0	0	0	1	1	1	0	0	0	0	0	0	0	0	0	2	0	0	0	0	0	0	0	0	0	0	0	0	0	0	0	0	0	0	0
ASV4612	0	0	0	0	0	0	0	0	0	0	0	0	0	0	1	1	0	0	1	0	1	1	1	0	0	0	0	0	0	0	1	0	0	0	0	0	0	2	0
ASV4684	5	1	0	0	0	1	0	3	0	0	0	1	0	0	0	0	1	0	0	1	0	0	0	0	0	0	0	0	0	0	0	0	0	0	0	0	0	0	0
ASV4699	0	0	0	0	0	0	0	0	0	0	0	0	0	0	0	0	0	0	0	0	0	0	0	0	0	0	1	0	0	0	0	0	1	1	1	1	0	3	0
ASV4711	2	0	0	0	0	0	1	0	0	0	0	0	0	0	0	0	1	0	0	1	0	1	0	1	1	0	0	0	0	0	0	0	0	0	0	0	0	1	0
ASV4712	1	5	0	0	0	0	0	0	0	0	0	0	0	0	0	0	0	0	0	0	0	0	0	2	1	0	1	0	0	0	0	0	0	0	0	0	0	0	0
ASV4725	0	1	0	0	0	1	1	0	3	0	0	0	0	0	0	0	0	0	0	1	0	0	0	2	0	0	0	0	1	0	0	0	0	0	0	0	0	0	0
ASV4726	0	1	1	0	0	1	1	0	0	1	0	0	0	0	0	0	0	0	0	0	0	0	0	1	0	0	0	0	0	0	0	1	0	1	0	2	0	0	0
ASV4747	0	2	2	0	0	0	0	2	0	1	0	0	0	0	0	0	0	0	0	1	0	1	0	1	0	1	0	0	1	0	0	0	0	0	0	1	0	0	0
ASV4770	1	0	0	0	0	0	0	0	1	0	1	0	0	0	0	0	1	0	0	1	0	0	0	0	0	0	1	0	0	1	1	1	0	0	0	0	0	1	0
ASV4771	0	0	0	0	0	0	0	0	0	0	0	0	0	0	0	0	0	0	0	0	0	0	0	0	0	0	0	0	0	0	0	2	4	3	0	2	0	0	0
ASV4785	0	0	1	0	0	0	0	0	0	1	0	0	0	0	0	0	0	0	0	0	0	0	0	0	1	0	0	0	0	0	0	0	0	1	3	4	0	0	0
ASV4838	0	0	0	0	1	0	0	0	0	0	0	0	0	0	0	0	0	0	0	0	0	3	3	0	0	0	0	0	0	1	1	0	0	0	0	0	0	0	0
ASV4855	0	0	0	0	0	0	0	0	0	0	0	0	0	0	0	0	0	0	0	0	0	0	0	0	0	0	0	0	0	0	0	0	1	4	3	2	0	0	0
ASV4865	0	0	1	0	0	2	0	0	0	0	1	0	0	0	0	0	0	0	0	0	0	0	0	1	1	0	1	0	0	0	0	0	1	1	0	1	0	0	0
ASV4868	1	0	0	0	0	0	0	0	0	0	0	0	0	0	0	0	0	0	0	0	0	0	0	1	0	0	0	0	0	0	0	1	0	1	0	0	0	9	0
ASV4898	1	0	0	0	0	0	0	1	0	0	0	0	0	0	0	0	0	0	0	0	0	0	0	0	0	0	0	0	0	0	0	1	2	0	0	2	0	0	0
ASV4932	0	0	1	1	0	0	0	0	0	0	0	0	0	0	0	0	0	0	1	0	0	0	0	0	0	2	0	0	0	0	0	0	1	1	0	1	0	1	0
ASV4936	2	0	1	0	0	0	0	0	0	2	0	0	0	0	0	0	0	0	0	1	0	0	0	0	0	0	1	0	0	0	0	0	0	0	1	0	0	2	1
ASV4953	0	0	1	0	0	0	0	0	0	0	0	0	0	0	0	0	0	0	0	0	0	0	0	0	0	0	0	0	0	0	0	0	4	6	2	0	0	0	0
ASV5044	0	0	0	0	0	0	0	0	0	0	0	0	0	0	0	0	1	0	0	0	0	0	0	0	0	0	0	0	0	0	0	0	0	7	0	3	0	0	0
ASV5058	1	0	1	0	2	0	1	0	0	0	0	0	0	0	0	0	0	0	0	1	0	0	0	0	1	0	1	0	1	1	0	0	0	0	0	0	0	0	0
ASV5061	0	0	1	0	0	0	0	0	1	2	0	0	0	0	0	0	0	0	1	0	0	0	0	1	0	1	1	0	2	0	0	0	0	0	0	0	0	0	0
ASV5091	0	0	1	1	0	0	1	2	1	1	0	0	0	0	0	0	0	0	1	0	0	0	0	0	0	0	1	0	1	0	0	0	0	1	1	0	0	0	0
ASV5092	0	0	3	1	1	0	0	0	0	1	0	0	0	0	0	0	0	0	0	1	0	0	0	1	0	0	0	0	1	0	0	0	0	0	0	0	0	2	0
ASV5153	0	0	0	0	0	0	0	0	0	0	1	0	2	1	0	0	1	2	2	0	0	0	0	0	1	0	0	0	0	0	1	0	0	0	0	0	0	0	1
ASV5192	0	1	5	0	0	0	0	0	2	0	0	0	0	0	0	0	0	0	0	0	0	0	0	0	1	2	0	0	0	0	0	0	0	0	0	0	0	0	0
ASV5249	0	1	0	0	0	1	0	0	0	2	0	0	0	0	0	0	0	0	1	1	1	0	0	0	0	1	0	0	0	0	0	0	0	0	0	0	0	0	1
ASV5294	6	0	0	0	0	1	0	1	0	0	0	0	0	0	0	0	0	0	0	0	0	0	0	0	0	0	0	0	0	0	0	0	2	0	1	0	0	0	0
ASV5320	0	1	0	0	1	3	0	0	1	0	0	0	0	0	0	0	0	0	0	1	0	0	0	0	1	0	1	1	0	0	0	0	1	0	0	0	0	0	0
ASV5325	0	1	1	0	1	0	3	0	0	0	0	0	0	0	0	0	0	0	0	0	0	0	0	2	1	0	0	1	0	0	0	0	0	0	0	0	0	0	0
ASV5356	0	0	1	0	0	0	0	0	4	0	0	0	0	0	0	0	0	0	0	0	0	0	0	2	1	3	0	0	0	0	0	0	0	0	0	0	0	0	0
ASV5367	0	0	0	0	0	0	0	0	0	1	0	0	0	0	0	0	0	0	0	0	0	0	0	0	0	0	0	0	0	0	0	0	5	0	0	3	0	2	0
ASV5412	0	1	1	0	0	2	0	0	0	0	0	0	0	0	0	0	0	0	0	0	1	0	0	1	1	1	1	0	1	0	0	0	0	0	0	0	0	0	0
ASV5413	1	1	0	0	0	0	0	0	0	0	0	0	1	0	0	0	0	0	0	0	0	4	0	0	0	0	0	1	0	0	1	0	0	0	0	0	0	0	0
ASV5423	0	0	1	2	1	0	0	0	0	1	0	0	0	0	0	0	0	0	0	1	0	0	0	0	0	0	1	1	0	0	0	0	0	0	0	0	0	0	0
ASV5480	0	1	0	0	0	0	0	0	0	0	0	0	0	0	0	0	0	0	0	0	0	0	0	0	0	0	0	0	0	0	0	3	1	2	0	0	1	2	1
ASV5483	0	0	0	0	2	1	0	0	0	0	0	0	1	0	0	0	0	0	0	0	0	0	0	1	1	0	1	1	1	0	0	0	0	1	1	0	0	0	0
ASV5495	2	0	1	0	0	0	0	0	0	1	0	0	0	0	0	0	0	0	0	0	1	0	0	1	0	1	1	1	0	0	0	0	1	0	0	0	0	2	0
ASV5496	4	0	1	0	0	0	0	0	0	1	0	0	0	0	0	0	0	0	1	1	0	0	0	0	0	0	0	0	0	0	0	0	0	0	0	2	3	0	0
ASV5499	4	0	1	0	0	0	0	0	0	1	0	0	0	0	0	0	0	0	0	1	0	0	0	1	0	0	0	0	0	0	0	0	0	0	0	0	0	0	0
ASV5515	3	1	0	0	1	0	0	0	0	0	0	1	0	0	0	0	0	0	0	1	0	0	0	0	1	0	2	0	0	0	0	0	0	0	0	0	0	0	0
ASV5522	2	0	0	0	0	2	0	0	0	0	0	0	0	0	0	0	0	0	0	1	0	0	0	0	0	0	1	0	0	0	0	2	0	0	0	0	0	2	0
ASV5536	2	1	0	0	1	0	0	1	1	1	0	0	0	0	1	0	0	1	0	0	2	0	0	0	0	1	0	0	1	0	0	0	0	0	0	0	0	0	0
ASV5591	0	0	1	0	0	1	0	1	0	0	0	0	0	0	0	0	0	0	0	2	0	0	1	0	2	2	0	1	0	0	0	2	0	0	0	0	0	0	0
ASV5639	1	0	0	0	0	0	0	0	0	0	0	0	0	0	0	0	0	0	0	0	0	0	0	0	0	0	0	0	0	0	0	0	10	0	0	1	0	0	0
ASV5650	0	0	0	0	0	0	0	0	0	0	0	0	0	0	0	0	0	0	0	0	0	0	0	0	1	0	0	0	0	0	0	1	1	0	1	0	0	5	1
ASV5673	0	0	1	0	0	1	0	1	1	0	2	0	0	0	1	0	0	0	0	0	0	0	0	0	0	1	0	0	1	0	0	0	0	0	0	0	0	0	1
ASV5726	0	0	0	1	0	0	0	0	0	0	1	0	1	0	0	0	1	1	1	1	0	0	0	1	0	0	0	0	0	0	0	0	0	0	0	0	0	0	0
ASV5785	0	1	0	0	0	0	0	0	0	0	0	0	0	0	0	0	0	0	0	1	0	0	0	1	0	0	0	1	0	0	0	0	0	1	1	0	0	1	0
ASV5829	1	0	0	0	0	0	1	0	0	2	0	0	0	1	0	0	0	0	0	0	0	0	0	0	0	0	0	0	3	0	0	0	0	0	0	1	0	0	0
ASV5838	0	2	2	0	0	1	0	0	0	1	0	0	0	0	0	0	0	0	0	1	0	0	0	0	0	2	1	1	0	0	0	0	0	0	0	0	0	0	1
ASV5847	0	2	0	1	0	0	0	0	0	0	0	0	0	0	0	1	0	0	0	0	0	0	0	0	2	0	0	1	0	1	0	0	0	0	0	0	0	0	0
ASV5864	0	0	0	0	0	0	0	0	0	0	0	0	0	0	0	0	0	0	0	0	0	0	0	0	0	0	0	0	0	0	0	0	1	5	1	3	1	0	0
ASV5898	0	1	4	0	1	0	0	0	0	0	0	0	0	0	0	0	0	0	0	1	0	0	0	1	0	0	2	0	0	0	0	0	0	0	0	0	0	1	0
ASV5902	0	0	0	1	0	0	2	0	1	2	0	1	0	0	0	0	0	0	0	0	0	0	0	0	0	0	1	1	0	0	0	0	0	0	0	0	0	0	0
ASV5919	3	0	1	0	0	1	0	0	0	0	0	0	0	0	0	0	0	0	0	1	0	0	0	0	0	1	0	1	0	0	0	0	0	0	0	0	0	0	0
ASV5921	0	0	1	0	0	0	1	0	3	0	0	0	1	0	0	0	1	0	0	0	0	0	0	1	1	0	0	1	1	0	0	0	0	0	0	0	0	0	0
ASV5930	0	0	0	0	1	0	0	0	0	0	0	0	0	0	0	0	0	0	0	0	0	0	0	0	1	0	0	0	0	0	0	0	1	0	6	0	0	2	0
ASV5941	1	0	0	0	0	0	0	0	0	0	0	0	1	1	0	0	0	0	1	0	0	0	0	0	1	1	0	0	0	1	0	0	0	0	0	0	5	2	0
ASV4240	0	0	0	0	0	0	0	0	0	0	0	0	0	0	0	0	0	0	1	0	0	0	0	0	0	0	0	0	0	0	0	0	1	1	3	2	0	0	0
ASV4553	0	0	2	1	1	1	0	0	0	0	0	0	0	0	0	0	0	0	0	1	0	0	0	1	1	0	1	0	1	0	0	0	0	0	0	0	0	0	0
ASV4648	0	1	1	1	0	0	0	0	0	1	0	0	0	0	0	0	0	0	0	5	0	0	0	0	0	0	0	0	0	0	0	0	0	0	0	0	0	1	0
ASV4652	1	0	0	0	0	0	0	0	0	1	0	0	0	0	0	0	0	0	0	0	0	0	0	0	0	0	0	0	0	0	0	1	0	3	1	0	0	2	0
ASV4683	3	1	1	0	0	0	1	0	0	0	0	0	0	0	0	0	0	0	0	2	0	0	1	0	0	0	0	0	0	0	0	0	0	0	0	0	0	0	0
ASV4718	1	0	2	0	1	0	0	0	0	0	1	1	0	0	0	0	0	0	0	0	0	0	0	0	1	1	0	0	0	0	0	0	0	0	0	0	0	0	0
ASV4763	2	0	0	0	0	0	0	0	0	2	1	0	1	1	0	0	0	0	0	1	0	0	0	0	0	0	1	0	0	0	0	0	0	1	0	0	0	0	0
ASV4776	0	0	0	0	0	0	0	0	3	0	0	0	1	0	0	0	0	0	0	0	0	0	0	1	1	0	1	0	0	0	1	0	1	1	0	0	1	0	0
ASV4811	0	0	0	0	0	0	0	0	0	1	0	0	0	0	0	0	0	0	0	0	0	0	0	0	0	0	0	0	0	0	0	0	5	1	2	2	1	0	0
ASV4825	0	0	1	0	0	0	0	0	0	0	0	0	0	0	0	1	1	0	0	0	0	2	0	0	1	0	0	0	0	0	0	0	2	1	0	0	3	0	0
ASV4863	0	0	0	0	0	0	0	0	0	0	0	0	0	0	0	0	0	0	0	0	0	0	0	0	0	0	0	0	0	0	0	7	1	1	1	1	0	0	0
ASV4902	3	1	1	1	0	2	0	0	0	0	0	0	0	0	0	0	0	0	0	1	0	0	0	0	0	0	1	0	0	0	0	0	0	0	0	0	0	0	0
ASV4970	0	0	0	0	0	0	0	0	0	0	0	0	0	0	0	0	0	0	0	0	0	0	0	1	1	1	0	0	1	0	0	0	0	0	0	0	0	7	0
ASV5020	0	0	0	0	0	0	0	0	0	0	0	0	0	0	0	0	0	0	0	0	0	0	0	0	0	0	0	0	0	0	0	0	0	0	0	10	0	0	0
ASV5084	0	0	0	0	0	0	1	0	0	0	0	0	0	2	0	0	0	0	2	0	0	2	0	0	0	0	0	0	0	0	1	0	0	0	0	0	0	0	0
ASV5094	2	0	0	0	0	0	0	0	0	0	0	0	0	0	0	0	0	0	0	1	0	0	0	0	0	0	0	0	0	0	0	1	0	1	0	2	0	0	0
ASV5115	1	0	0	0	0	0	0	0	0	0	0	0	0	0	0	0	0	0	0	0	0	0	0	0	0	0	0	0	0	0	0	2	1	0	0	2	0	2	2
ASV5168	0	1	0	0	0	0	1	0	0	0	0	0	0	0	0	1	0	0	0	0	1	0	0	0	0	1	1	0	1	1	1	0	0	0	0	0	0	0	1
ASV5190	0	2	3	0	0	2	0	0	0	1	0	0	0	0	0	0	0	0	0	0	0	0	0	0	1	0	0	0	0	0	0	0	0	0	0	0	0	0	0
ASV5228	0	0	0	1	0	0	0	0	0	0	2	0	0	0	2	1	0	0	0	0	0	0	0	0	0	1	0	0	0	0	0	3	0	0	0	0	0	0	0
ASV5237	1	1	1	0	0	0	3	0	0	0	0	0	1	0	0	0	0	0	0	0	0	0	0	1	0	1	0	0	0	0	1	0	0	0	0	0	0	0	0
ASV5269	1	0	0	0	0	0	0	0	0	0	0	0	0	0	0	0	0	0	0	1	0	0	0	0	0	0	0	0	1	0	0	0	0	0	0	7	0	0	0
ASV5289	0	0	0	0	0	0	0	0	0	0	0	0	0	0	0	0	0	0	0	0	0	0	0	0	0	0	1	0	0	0	0	0	1	4	2	0	1	0	0
ASV5360	0	1	0	0	0	0	0	0	0	0	0	0	0	0	0	0	0	0	0	0	0	0	0	0	0	0	0	0	0	0	0	5	2	2	0	0	0	0	0
ASV5376	1	1	0	0	0	1	0	0	1	0	0	0	0	0	0	0	0	0	0	0	0	0	0	0	1	1	0	0	0	0	0	0	0	0	0	0	0	0	0
ASV5401	0	1	1	0	0	1	0	0	0	2	0	0	0	0	1	0	0	0	0	0	0	0	0	0	0	0	0	0	0	0	0	0	1	0	0	0	0	0	0
ASV5425	0	0	2	0	0	0	2	0	0	0	0	0	0	1	0	0	0	0	0	1	0	0	0	1	0	0	0	1	0	0	0	1	0	1	1	0	0	0	0
ASV5446	0	0	0	0	0	0	0	0	0	2	0	0	0	0	0	0	0	0	0	0	0	1	1	0	0	0	1	1	0	0	0	0	0	0	0	0	0	3	0
ASV5456	0	0	0	0	0	0	0	0	0	0	0	0	0	0	0	0	0	0	0	0	0	0	0	0	0	0	0	0	0	0	0	1	0	0	0	0	0	0	9
ASV5486	1	1	0	1	0	0	0	0	0	0	0	0	0	2	0	0	1	1	0	0	0	1	0	0	0	0	0	0	0	0	0	0	0	1	0	0	0	0	0
ASV5507	1	0	0	0	0	0	0	0	0	0	0	0	0	0	0	0	0	1	0	1	1	5	0	0	0	1	0	0	0	0	2	0	0	0	0	0	0	0	0
ASV5508	0	0	0	0	0	0	0	0	0	1	0	0	0	0	0	0	0	0	0	1	0	0	0	0	0	0	0	0	0	0	0	0	0	0	1	4	0	0	0
ASV5521	1	0	0	0	0	0	0	0	0	0	0	0	0	0	0	0	0	1	0	1	1	2	0	0	0	0	0	0	0	0	0	0	0	0	0	0	0	0	0
ASV5523	0	0	0	0	0	0	0	0	0	0	0	0	0	0	0	0	0	0	0	1	0	0	0	1	2	0	0	0	0	0	0	0	1	0	1	0	0	2	1
ASV5532	0	0	0	0	0	0	0	0	0	0	0	2	0	0	0	0	0	3	3	0	0	0	0	0	0	0	0	0	0	0	0	0	0	0	0	0	0	0	0
ASV5534	0	1	0	0	0	1	0	0	0	1	0	0	0	0	0	0	0	0	0	0	0	0	0	0	0	0	0	0	1	0	0	0	0	1	0	4	0	0	0
ASV5535	0	1	0	1	0	0	0	0	0	0	0	0	0	0	0	0	0	0	0	2	0	0	0	1	1	0	0	0	0	0	0	1	0	0	2	0	0	1	0
ASV5540	1	0	0	1	0	0	0	1	1	1	0	0	0	0	0	0	0	0	0	0	1	0	0	0	0	1	0	0	0	0	0	0	0	0	0	0	0	0	1
ASV5543	1	1	0	0	0	0	0	1	0	0	0	0	0	1	0	0	0	0	2	0	1	1	0	0	1	0	1	0	0	0	0	0	0	0	0	0	0	0	0
ASV5551	0	0	0	0	0	0	0	0	0	2	0	0	0	0	0	0	0	0	0	0	1	0	4	0	2	0	0	0	0	0	0	0	0	0	0	0	0	0	0
ASV5554	0	0	0	0	0	0	0	0	0	0	0	0	0	0	0	0	0	0	0	0	0	0	0	0	1	0	0	2	0	0	0	0	0	0	0	0	0	2	0
ASV5583	1	0	0	0	0	0	1	0	0	0	0	0	0	0	0	0	0	0	0	0	0	0	0	0	0	0	0	0	1	0	0	0	1	0	0	5	0	1	0
ASV5602	0	0	1	0	0	0	1	0	0	1	0	0	0	0	0	0	0	0	0	0	0	0	0	0	0	0	0	1	0	0	0	2	0	2	0	0	0	1	0
ASV5608	0	0	0	0	0	0	0	0	0	0	0	0	0	0	0	0	0	0	0	0	0	0	0	0	0	0	0	0	0	0	0	0	7	0	2	1	0	0	0
ASV5630	0	0	0	0	0	0	0	0	0	0	0	0	0	0	0	0	0	0	0	1	0	0	0	0	1	0	0	0	0	0	0	0	2	0	1	5	0	0	0
ASV5642	2	2	0	0	0	0	0	0	0	0	0	0	0	0	0	0	0	0	0	0	0	0	0	1	0	1	0	0	0	0	0	0	2	0	3	1	0	0	0
ASV5656	0	0	0	0	0	0	0	0	0	0	0	0	0	0	0	0	0	0	0	0	0	0	0	0	0	0	0	0	0	0	0	0	4	1	2	0	4	0	0
ASV5658	1	0	0	0	0	0	0	0	0	0	0	0	0	0	0	0	0	0	0	1	0	0	0	0	0	0	0	0	0	0	1	0	3	1	0	2	0	1	0
ASV5700	1	1	0	0	0	0	1	0	1	0	0	0	0	0	0	0	0	0	0	1	0	0	0	1	2	0	0	1	0	0	0	0	0	0	1	1	0	0	0
ASV5714	0	0	0	0	0	0	1	1	1	1	1	0	0	0	0	0	0	0	0	0	0	0	0	0	0	1	0	1	1	0	0	0	0	0	0	0	0	0	0
ASV5716	0	0	0	2	0	0	0	0	0	1	0	1	0	0	0	0	0	0	0	2	0	0	0	0	0	1	1	0	0	0	0	0	0	0	0	0	0	0	0
ASV5731	0	0	0	0	1	2	0	0	0	0	0	0	0	0	0	0	0	0	0	1	0	0	1	0	0	1	0	0	0	0	0	0	1	0	1	1	0	1	0
ASV5736	0	1	0	1	0	1	2	0	0	0	1	0	1	0	0	0	0	0	0	1	0	0	0	0	0	0	1	0	1	0	0	0	0	0	0	0	0	0	0
ASV5769	0	0	0	0	0	0	0	1	0	0	0	1	0	1	0	0	0	0	0	0	0	0	0	0	1	0	0	1	0	0	0	0	0	1	0	0	0	1	0
ASV5771	3	1	0	0	1	1	0	0	0	0	0	0	0	0	0	0	0	0	0	0	0	0	0	1	1	0	0	0	1	0	0	0	0	0	0	0	0	1	1
ASV5775	1	0	0	0	0	0	0	0	0	0	0	0	0	0	0	0	0	0	0	1	1	2	0	0	0	1	0	0	1	1	1	0	0	0	0	0	0	0	0
ASV5815	1	0	1	0	0	0	0	0	0	1	1	0	0	0	0	0	0	0	0	1	0	1	0	0	0	2	0	0	0	0	0	0	0	0	0	0	0	0	0
ASV5834	0	0	0	0	1	0	0	0	0	0	0	1	0	0	0	1	0	0	0	0	0	0	0	2	1	0	0	0	0	0	1	0	0	0	2	0	2	1	0
ASV5852	0	0	0	0	0	0	1	1	0	1	1	0	0	0	0	0	0	0	0	0	0	0	0	0	4	0	0	0	2	0	0	0	0	0	0	0	0	0	0
ASV5874	0	1	0	1	1	0	1	0	1	0	2	0	0	1	1	0	0	0	0	0	0	0	0	0	1	0	0	0	0	0	0	0	0	0	0	0	0	0	0
ASV5896	1	0	0	1	0	0	0	0	0	0	0	0	0	0	0	0	0	0	0	0	0	0	0	3	0	0	1	1	0	0	0	0	0	0	0	0	0	3	2
ASV5946	1	1	1	1	0	2	0	0	0	0	0	0	0	0	0	0	0	0	0	0	0	0	0	1	1	0	0	0	0	0	0	0	0	0	0	0	0	0	0
ASV4556	0	0	0	0	0	0	0	0	0	0	0	0	0	0	0	0	0	0	0	0	0	0	0	0	0	0	0	0	0	0	0	1	2	1	0	0	0	2	1
ASV4562	0	0	0	0	0	0	0	0	0	0	0	0	0	0	0	0	0	0	0	0	0	0	0	0	0	0	0	0	0	0	0	0	6	3	1	1	0	0	0
ASV4563	0	1	0	0	0	0	0	0	0	0	0	0	2	0	0	0	0	0	0	2	1	0	1	0	0	0	0	0	0	0	0	0	0	0	0	0	0	0	0
ASV4700	0	0	1	0	0	1	0	0	0	0	0	0	0	0	0	0	0	0	0	0	0	0	0	0	0	0	0	0	0	0	0	0	4	0	4	1	0	0	0
ASV4706	2	0	0	1	0	0	0	0	0	0	0	1	0	1	0	0	0	0	0	0	0	0	0	0	1	1	0	0	0	0	0	0	0	0	0	0	0	0	0
ASV4819	0	0	0	0	0	0	1	0	0	1	0	0	0	0	0	0	0	0	0	0	0	0	0	0	0	0	1	0	0	0	0	1	0	3	1	0	0	0	0
ASV4833	0	0	0	0	0	0	0	0	0	0	0	0	0	0	0	0	0	0	0	0	0	0	0	0	0	0	0	0	0	0	0	2	4	3	0	0	1	0	0
ASV4843	0	1	0	1	0	0	1	0	1	0	0	0	0	0	0	0	0	0	0	1	0	0	0	1	0	0	0	1	1	0	0	0	0	1	1	1	0	0	0
ASV4881	0	1	0	0	0	0	0	1	0	0	0	0	0	0	0	0	0	0	0	0	0	0	0	0	1	1	0	1	0	0	0	1	0	0	0	0	0	0	1
ASV4934	3	1	0	0	1	0	0	0	0	0	0	0	0	0	0	0	0	0	0	1	0	1	0	0	0	1	0	0	0	0	0	0	0	0	0	0	0	3	0
ASV4956	0	0	0	0	0	0	1	0	0	0	0	0	0	0	0	0	0	0	0	0	0	0	1	0	0	0	0	0	0	0	0	2	0	1	3	0	0	0	0
ASV4957	1	0	0	0	0	0	0	0	0	0	0	0	0	0	0	0	0	0	0	0	0	0	0	1	0	0	1	0	0	0	0	0	0	4	1	1	0	0	0
ASV4961	0	0	0	0	1	0	0	0	0	0	0	0	0	0	0	0	0	0	0	2	2	1	0	0	0	0	0	0	0	0	1	0	0	0	1	0	0	0	0
ASV4972	0	0	0	1	1	0	0	0	0	0	0	0	0	0	0	0	0	0	0	0	0	0	0	0	0	0	2	0	0	0	0	3	0	1	0	0	0	2	0
ASV5008	0	0	0	0	0	0	0	0	0	0	0	0	0	0	0	0	0	0	0	0	0	0	0	0	0	0	0	0	0	0	0	3	2	2	0	2	0	0	0
ASV5048	0	0	0	0	0	0	0	0	0	0	0	0	0	0	0	0	0	0	0	0	0	0	0	0	0	0	0	0	0	0	0	0	3	0	0	6	0	0	0
ASV5112	0	1	0	0	0	0	1	0	0	0	0	1	0	0	0	3	0	3	0	0	0	0	0	0	0	1	1	0	0	0	0	0	0	0	0	0	0	0	0
ASV5164	1	0	0	0	1	1	1	0	0	1	0	0	0	0	0	0	0	1	0	1	1	0	0	0	0	0	0	0	0	1	0	0	0	1	0	0	0	0	0
ASV5180	0	0	0	0	0	0	0	0	0	0	0	0	0	0	0	0	0	0	0	0	2	3	2	0	0	0	0	0	0	4	1	0	0	0	0	0	0	0	0
ASV5193	0	0	0	0	0	0	0	0	0	0	0	0	0	0	0	0	0	0	0	0	0	0	0	0	0	1	0	0	0	0	0	2	0	2	0	0	0	1	0
ASV5217	0	0	0	0	0	0	0	0	0	0	0	0	0	0	0	0	0	0	0	0	0	0	0	0	0	0	0	0	0	0	0	0	0	0	5	2	0	0	0
ASV5225	6	0	1	0	0	0	0	0	0	1	0	0	0	0	0	0	0	0	0	0	0	0	0	1	0	0	1	0	0	0	0	0	0	0	0	0	0	0	0
ASV5270	0	0	0	0	0	0	0	0	0	0	0	0	0	0	0	0	0	0	0	4	0	0	0	2	2	1	0	0	2	0	0	0	0	0	0	1	0	0	0
ASV5288	0	0	0	0	0	1	0	1	0	0	0	0	0	0	0	0	0	0	0	0	0	0	0	0	0	0	0	0	0	0	0	2	0	2	2	0	0	4	0
ASV5296	0	0	0	0	0	0	0	1	0	0	0	0	0	0	0	0	0	0	0	0	0	0	0	0	0	0	0	0	0	0	0	3	0	1	0	0	1	0	2
ASV5315	0	1	0	1	0	0	0	0	0	1	0	0	0	0	0	0	0	0	0	0	1	0	0	1	0	0	1	0	1	0	0	0	0	1	0	0	0	0	0
ASV5328	0	0	0	1	0	1	0	0	0	0	0	0	0	0	0	0	0	0	0	0	0	0	0	0	0	2	0	0	0	0	0	0	0	0	0	0	0	4	1
ASV5380	1	2	1	0	0	0	0	0	0	0	0	0	0	0	1	0	0	0	0	2	0	0	0	0	3	0	0	0	0	0	1	0	0	0	0	0	0	0	0
ASV5545	1	0	1	0	0	1	0	0	0	0	0	0	0	0	0	0	0	0	0	2	0	0	0	0	0	0	1	0	1	0	0	0	0	0	1	0	0	0	0
ASV5562	1	1	0	0	0	0	0	0	0	0	0	0	0	0	0	0	0	0	0	0	1	0	4	0	0	0	0	0	0	1	1	0	0	0	0	0	0	0	0
ASV5566	1	0	0	0	0	1	0	0	0	3	0	0	0	0	0	0	0	0	0	0	1	0	0	0	0	0	0	0	0	0	0	0	3	1	1	0	0	0	0
ASV5570	3	0	0	0	0	0	1	1	0	0	0	0	0	0	0	0	0	0	0	0	0	0	0	1	0	0	0	0	0	0	0	3	0	0	0	0	0	1	0
ASV5606	0	0	0	1	0	0	1	0	0	0	0	1	0	0	0	0	0	0	1	0	0	1	1	0	0	0	0	0	0	0	1	0	1	0	1	0	0	0	0
ASV5614	1	1	1	0	1	0	0	0	0	0	0	0	0	0	0	1	0	0	1	0	1	0	0	0	0	1	0	0	1	0	0	0	0	0	0	0	0	2	0
ASV5665	0	0	0	0	0	0	1	0	0	1	0	0	0	0	0	0	0	0	0	0	0	0	0	1	0	0	0	0	0	0	0	1	1	0	0	0	0	4	0
ASV5686	1	0	0	1	0	0	0	1	0	1	0	0	0	0	0	0	0	0	0	0	0	0	0	0	0	3	1	0	0	0	0	0	0	0	0	0	0	0	0
ASV5699	0	0	0	0	0	0	0	0	0	0	0	0	0	0	0	0	0	0	0	0	0	0	0	0	0	0	0	0	0	0	0	0	1	3	3	3	0	0	0
ASV5722	3	1	1	0	1	0	0	0	0	0	0	0	0	0	0	0	0	0	0	0	0	0	0	0	0	1	0	0	0	0	0	0	0	0	0	1	0	0	0
ASV5761	4	2	0	0	0	0	1	0	0	0	0	0	0	0	0	0	0	0	0	0	0	0	0	0	0	0	0	0	0	0	0	0	0	0	0	0	0	3	0
ASV5765	0	0	0	0	0	0	0	0	0	1	0	0	0	0	0	0	1	0	0	0	0	1	1	1	2	0	0	0	0	0	0	0	1	2	0	0	0	0	0
ASV5793	0	1	0	0	0	0	0	0	0	0	0	1	0	0	0	0	0	0	0	1	0	0	0	0	0	0	0	0	0	0	0	2	0	0	1	0	0	3	0
ASV5821	1	0	0	0	0	0	0	0	0	0	0	0	0	0	0	0	0	0	0	0	0	1	0	0	0	0	1	0	0	0	1	0	3	1	2	0	1	0	0
ASV5835	2	0	0	1	1	0	0	0	0	1	0	0	0	0	0	1	0	1	0	0	0	0	1	1	0	0	0	0	0	0	0	0	0	0	0	0	0	1	0
ASV5876	0	3	0	1	2	0	0	2	0	1	0	0	0	0	0	0	0	0	0	0	0	0	0	0	0	0	0	0	0	0	0	0	0	0	0	0	0	0	0
ASV5913	0	0	0	0	0	0	0	0	0	0	0	0	0	0	0	0	0	0	0	0	0	0	0	0	1	0	0	0	0	0	0	0	0	1	0	8	0	0	0
ASV5924	0	1	0	0	1	0	0	0	0	0	0	0	1	0	0	0	0	0	0	2	0	0	0	0	0	5	0	1	0	0	0	0	0	0	0	0	0	0	0
ASV5940	0	0	1	1	1	0	0	0	0	2	0	0	0	0	0	0	0	0	0	1	0	0	0	0	2	1	0	0	0	0	0	0	0	0	0	0	0	0	0
ASV4765	1	1	0	1	0	1	0	0	0	0	0	0	0	0	0	0	0	0	0	1	0	0	0	0	2	0	0	0	0	0	0	0	0	0	0	0	0	0	0
ASV4809	0	1	0	0	0	0	0	1	0	0	0	0	0	1	0	0	0	0	0	2	0	0	0	0	0	0	0	2	0	0	0	0	0	0	0	0	0	0	0
ASV4864	1	0	0	0	1	0	0	0	0	2	0	0	0	0	0	0	0	0	0	2	0	0	0	0	1	0	0	0	1	0	0	0	0	0	0	0	0	0	0
ASV5068	0	0	0	1	0	0	0	0	0	0	0	0	0	0	1	0	0	0	0	0	0	0	1	1	0	1	0	1	0	0	0	0	0	0	0	0	0	0	1
ASV5102	2	2	0	0	0	0	0	0	0	1	0	0	0	0	0	0	0	0	0	1	0	0	0	0	0	0	1	1	0	0	0	0	0	0	0	0	0	0	0
ASV5116	2	0	1	0	0	0	0	0	2	0	0	0	0	0	0	1	2	0	0	0	0	0	0	0	0	1	0	1	0	0	0	0	0	0	0	0	0	0	0
ASV5170	0	0	0	0	0	0	0	0	1	0	1	0	0	0	0	0	1	0	0	0	0	0	0	1	0	0	0	0	0	0	0	0	2	0	0	1	0	0	0
ASV5176	0	1	0	0	0	0	0	0	0	0	0	0	0	0	0	0	0	0	0	0	0	0	0	0	1	0	0	0	0	0	1	0	0	0	0	0	0	7	0
ASV5213	0	0	0	0	0	0	0	0	0	0	0	0	0	0	0	0	0	0	0	0	0	1	6	0	0	0	0	0	0	0	1	0	0	0	0	0	0	0	0
ASV5272	4	0	0	0	0	1	0	0	0	3	0	0	0	0	0	0	0	0	0	0	0	0	0	0	1	1	0	0	0	0	0	0	0	0	0	0	0	0	0
ASV5375	1	0	0	0	0	0	0	0	0	0	0	0	0	1	0	0	0	0	0	1	0	0	0	0	0	0	0	0	0	0	0	0	3	1	0	1	0	0	0
ASV5454	0	1	0	0	2	0	0	0	0	0	0	0	1	0	0	0	0	0	0	0	0	0	0	0	1	0	0	0	0	0	0	1	0	2	0	0	0	1	0
ASV5459	1	0	0	0	0	0	0	0	0	0	0	0	0	0	0	0	0	0	0	0	0	0	0	0	0	0	0	0	1	0	0	2	1	0	0	0	0	4	0
ASV5465	2	0	1	0	0	1	0	0	1	0	0	0	0	0	0	0	0	0	0	0	0	0	0	0	0	1	0	0	0	0	0	1	0	1	0	0	0	2	0
ASV5485	2	0	0	0	1	0	1	0	0	0	0	0	0	0	0	0	0	1	0	0	0	2	0	0	1	0	0	0	0	0	1	0	0	0	0	0	0	0	0
ASV5518	0	0	0	0	0	0	0	0	0	0	0	0	0	0	0	0	0	0	0	0	0	0	0	0	1	0	0	0	0	0	0	1	1	2	0	1	0	3	0
ASV5524	1	1	0	1	0	1	0	0	0	1	0	0	0	0	0	0	0	0	0	0	0	0	0	0	0	0	0	0	0	0	0	2	0	1	1	0	0	0	0
ASV5557	1	0	0	1	0	3	0	0	0	0	1	0	0	0	0	0	0	0	0	1	0	0	0	2	0	1	0	0	0	0	0	0	0	0	0	0	0	0	0
ASV5564	0	0	1	0	1	0	0	1	0	0	0	0	0	0	0	0	0	0	0	0	0	0	0	1	0	1	1	0	0	0	0	0	0	0	0	0	0	0	0
ASV5592	0	0	0	0	0	0	0	0	0	0	0	0	0	0	0	0	0	0	0	0	0	0	0	0	0	0	0	0	0	0	0	0	1	1	3	3	0	0	0
ASV5627	0	0	0	0	0	0	0	0	0	1	0	0	0	0	0	0	0	0	0	0	0	0	0	0	0	0	0	0	0	0	0	0	0	5	2	0	0	0	0
ASV5634	2	0	0	0	0	0	2	0	0	0	0	0	0	0	0	0	0	0	0	0	0	0	0	0	0	0	0	0	0	0	2	0	0	0	0	0	0	0	2
ASV5635	1	0	0	0	1	0	1	1	0	0	0	0	0	0	0	0	0	0	1	1	0	0	0	0	0	0	0	0	0	0	0	0	0	0	0	0	0	0	0
ASV5680	0	0	0	0	0	0	0	0	0	0	0	0	0	0	0	0	0	0	0	0	0	0	0	0	0	0	0	0	0	0	0	5	1	0	1	0	2	0	0
ASV5707	1	0	0	0	0	0	0	0	1	0	0	0	0	0	0	0	0	0	0	0	0	0	0	0	0	0	0	1	0	0	0	0	0	1	0	3	0	0	0
ASV5720	0	0	0	0	0	0	0	0	0	0	0	0	0	0	0	0	0	0	0	0	0	0	0	0	0	0	0	0	0	0	0	0	9	1	0	0	0	0	0
ASV5739	0	0	0	0	0	1	0	0	0	0	0	0	0	0	0	0	0	0	0	0	0	0	0	0	0	0	0	0	0	0	0	0	3	2	0	0	0	0	1
ASV5759	0	0	0	0	0	0	0	0	0	0	0	0	0	0	0	0	0	0	0	0	0	0	0	0	0	0	0	0	0	0	0	0	2	0	0	7	0	0	0
ASV5791	1	0	0	0	1	0	0	0	0	0	0	0	0	1	0	0	0	0	1	0	0	0	0	0	0	0	2	1	0	0	0	0	0	0	0	0	0	0	0
ASV5792	0	1	0	0	0	0	0	0	0	0	0	0	0	0	0	0	0	0	0	0	0	0	0	1	0	0	0	0	0	0	0	2	0	2	0	0	1	0	2
ASV5799	1	0	0	0	0	0	0	0	0	0	0	1	0	0	0	0	0	0	0	0	0	0	0	0	0	1	0	0	0	0	0	0	0	0	0	0	0	0	0
ASV5811	3	0	0	0	0	0	0	0	0	2	0	0	0	0	0	0	0	0	0	0	0	0	0	0	0	0	0	0	0	0	0	0	4	0	0	1	0	0	0
ASV5863	1	0	0	0	0	0	0	0	0	1	0	0	0	0	0	0	0	0	0	0	0	0	0	2	1	1	0	0	0	0	0	0	0	0	0	0	0	1	1
ASV5907	1	0	1	0	0	0	0	0	0	0	0	0	0	0	0	0	0	1	0	0	0	1	1	0	0	0	0	0	0	0	1	0	0	2	0	0	0	3	0
ASV5909	0	0	1	0	0	0	1	0	0	1	1	0	1	0	0	1	1	0	0	0	0	1	0	0	0	0	0	0	2	0	0	0	0	0	0	0	0	0	0
ASV5937	0	0	0	0	2	0	0	0	0	0	0	0	0	0	0	0	0	1	0	0	0	0	0	0	0	0	1	0	0	1	0	0	0	0	1	0	0	0	0
ASV4701	3	0	0	0	0	0	0	1	0	0	0	0	0	0	0	0	0	0	0	1	0	0	0	0	0	0	0	0	0	0	0	0	0	0	0	3	0	0	0
ASV4743	0	0	0	0	0	0	0	0	0	0	0	0	0	0	0	0	0	0	0	1	0	0	0	0	0	0	0	1	0	0	1	0	0	1	0	0	0	4	0
ASV5452	3	0	0	0	0	0	0	0	0	0	0	0	0	0	0	0	0	0	0	1	0	0	0	2	0	0	1	1	0	0	0	0	0	0	0	0	0	0	0
ASV5552	0	0	0	0	0	0	0	0	0	0	0	0	0	0	0	0	0	0	0	0	0	0	0	0	0	0	0	0	0	0	0	1	1	0	0	5	1	0	0
ASV5558	3	0	0	0	0	0	0	0	0	0	0	0	0	0	0	0	0	0	0	2	0	0	0	1	0	0	0	0	0	0	0	0	0	0	0	0	0	0	0
ASV5577	0	0	0	0	0	0	0	0	0	0	0	0	0	0	0	0	0	0	0	0	0	0	0	0	0	1	0	0	0	0	0	0	0	0	0	7	0	0	0
ASV5624	1	0	0	0	0	0	0	0	0	0	0	0	0	0	0	0	0	0	0	3	0	0	0	0	0	1	1	0	0	0	0	0	0	1	0	1	0	0	0
ASV5657	1	0	0	0	0	0	0	0	0	0	0	0	0	0	0	0	0	0	0	0	0	0	0	0	0	0	0	0	0	0	0	1	0	0	0	0	0	7	1
ASV5737	0	2	0	0	0	0	1	0	0	0	0	0	0	0	0	0	0	0	0	1	0	0	0	0	0	1	0	0	0	0	0	0	0	0	0	0	0	0	0
ASV5774	0	1	1	0	0	0	0	0	0	0	0	1	0	0	0	0	0	0	0	0	0	0	0	1	0	0	0	0	0	0	0	2	0	1	0	0	0	0	1
ASV5871	0	0	0	0	0	0	0	0	0	0	0	0	0	0	0	0	0	0	0	0	0	0	0	0	0	0	0	0	0	0	0	0	4	1	0	1	0	0	0
ASV5884	0	1	0	0	0	0	0	1	0	0	0	0	0	0	0	0	0	0	0	0	0	0	0	0	0	1	2	2	0	0	0	0	0	0	0	0	0	0	0
ASV5085	0	0	0	0	0	0	0	0	0	2	0	0	0	0	0	0	0	0	0	2	0	1	0	0	0	1	0	0	0	0	0	0	0	0	0	0	0	1	0
ASV5205	3	0	0	0	0	0	0	0	0	0	0	0	0	0	0	0	0	0	0	0	0	0	0	0	0	0	1	0	0	0	0	0	0	0	3	0	0	0	1
ASV5832	0	0	0	0	0	0	0	0	0	0	0	0	0	1	0	0	0	0	0	0	0	0	0	0	0	0	0	0	0	0	0	0	0	0	4	2	1	0	0
ASV5901	0	0	0	0	0	0	0	0	0	1	1	0	0	0	0	0	0	0	0	0	0	0	0	0	0	0	1	3	0	0	0	0	0	0	0	0	0	0	0
ASV5659	0	2	0	0	2	0	0	0	0	1	0	0	0	0	0	0	0	0	0	0	0	0	0	0	0	0	0	0	0	0	0	0	1	1	0	0	0	0	0
ASV5944	0	0	0	0	0	0	1	0	0	0	1	0	0	0	0	1	0	0	0	1	0	0	0	0	0	0	0	0	0	0	0	0	0	0	0	0	0	0	0
