#OTUID	A0	A1	A10	A11	A12	A13	A14	A15	A16	A17	A18	A19	A2	A20	A21	A23	A24	A25	A26	A27	A28	A29	A3	A30	A32	A34	A4	A5	A6	A7	A8	A9	BS2	C32	G0	G1	G2	G3	G4	G5	GR01	LW1	T1
ASV1	5239	9745	16163	7899	9605	11981	12316	17524	13224	14668	30062	10493	14186	14122	14062	23903	25890	23592	20171	27157	27389	23284	7140	23171	27482	21719	9472	11268	9091	16186	11584	15598	23918	22515	467	361	7924	1183	2516	11968	162	2824	1142
ASV2	2902	4140	3261	3093	4524	2997	4592	2331	4136	2924	6	4056	4392	4540	3492	3478	1241	1750	210	690	91	583	4940	123	111	226	5789	5651	4644	3355	5805	3524	47	1168	17056	20139	1238	14923	11527	246	32	812	10866
ASV3	4019	3656	4442	4688	4111	3156	3192	3093	3780	4285	13	4077	2963	3089	4056	356	182	375	190	22	325	814	5120	1428	327	1002	4307	3745	4391	2607	3427	2896	565	25	1875	1899	452	3286	3544	67	28	1659	8102
ASV4	4109	2559	847	2457	2171	1480	2170	2201	1604	2818	69	4752	1265	2589	2118	250	468	710	98	372	77	1279	1965	838	343	1417	1426	1106	2300	2202	1592	1289	593	1258	2089	586	84	535	881	16	37	1575	2570
ASV5	687	1194	446	1900	1537	720	1313	510	720	286	4	438	1325	422	430	119	94	312	33	154	11	37	1971	37	47	135	1322	1477	1323	613	582	716	44	193	804	812	19	1722	1848	42	11	1767	99
ASV6	202	660	219	592	426	247	342	180	339	191	1	322	550	200	174	56	71	97	409	22	29	34	577	59	9	39	507	387	559	521	466	265	695	47	32	25	10034	439	741	471	130	133	670
ASV10	1005	503	334	426	273	146	238	251	375	144	1	204	312	171	142	101	130	243	487	74	39	65	411	32	58	151	299	261	421	252	267	261	34	86	56	25	88	47	198	1	224	6850	13
ASV7	18	56	7	43	33	24	34	57	9	21	0	22	21	22	36	1	2	1	7	2	1	2	40	30	2	0	39	21	48	72	48	44	3	1	11	6	692	211	204	12393	13	7	5
ASV9	448	461	303	483	521	309	331	302	474	286	2	247	550	359	237	33	19	1	162	2	1	152	471	2	1	37	618	440	504	538	649	627	0	1	491	308	58	852	1206	94	12	609	588
ASV8	192	212	559	377	371	179	325	317	403	493	2	824	269	321	958	218	84	270	40	1	304	904	1328	290	0	473	209	431	274	228	309	259	674	463	7	8	0	9	70	0	1	12	25
ASV11	1	5	76	531	447	187	409	146	130	178	0	362	123	223	1382	261	224	136	418	137	880	121	18	343	88	309	67	38	1479	213	1082	159	0	0	0	0	0	0	0	1	0	0	2
ASV12	91	682	261	875	496	98	601	192	403	72	0	221	377	345	212	8	10	121	16	40	0	15	750	14	8	12	820	478	555	301	350	440	9	43	31	29	0	111	146	0	2	112	4
ASV14	70	10	5	25	23	25	0	3	29	1	0	22	23	2	24	2	4	1	3	0	3	0	27	1	2	3	35	30	39	13	8	20	0	3	26	14	4816	7	33	2	3812	6	0
ASV13	37	78	7	10	14	33	42	46	9	77	0	9	28	113	16	6	41	1	8	6	4	37	22	3	6	69	22	11	44	22	2	43	2	1	2430	1936	82	1163	960	228	223	633	9
ASV15	176	59	84	124	35	40	88	57	43	3	0	54	58	29	35	2	3	21	3952	29	12	18	83	2	1	0	102	49	74	70	115	51	2	0	3	2	10	7	0	3	3	0	2190
ASV21	3912	326	103	375	199	61	226	84	156	78	0	37	193	59	23	3	26	15	4	33	22	12	398	12	10	20	271	235	268	75	91	142	18	0	0	0	0	0	0	0	0	0	0
ASV16	202	169	105	182	151	56	111	32	68	55	0	102	133	144	134	1	46	1	12	9	4	12	181	37	2	119	174	188	137	53	74	72	23	85	4	2	19	8	2	4	3472	206	26
ASV17	29	13	20	4	32	0	4	0	0	0	0	1	6	0	0	2	0	4	1	1	0	0	45	2	1	1	29	0	66	8	21	19	1	1	92	86	17	348	179	20	4225	6	2
ASV18	11	16	15	70	45	0	20	0	10	0	0	8	13	2	0	0	2	249	1	1	4	1	15	2	3	276	15	11	119	2	113	19	3	2	70	51	2	197	120	8	3427	11	12
ASV19	492	223	73	192	183	186	122	83	120	100	0	113	150	62	89	49	41	0	27	46	19	0	277	99	0	1	258	140	271	179	105	223	0	0	74	55	0	152	192	22	15	251	349
ASV20	78	547	113	348	79	53	100	354	138	68	0	163	44	6	244	145	0	133	0	426	0	26	83	53	103	2	125	160	98	102	220	154	0	1	103	100	1	124	142	0	9	161	5
ASV22	29	63	19	43	45	25	143	48	43	262	0	17	17	5	0	0	1	28	2	31	0	2	55	2	2	2	50	29	82	39	10	66	0	1	789	1077	198	493	430	5	0	130	11
ASV24	43	10	0	14	4	0	6	2	19	36	0	3	26	5	4	1	0	0	0	1	14	0	17	0	20	1	33	19	2	14	0	8	2	0	16	2	1	3	10	2	3372	6	0
ASV37	0	0	0	0	0	0	0	0	0	0	0	0	0	0	0	2	0	0	32	2	61	149	0	1395	180	510	0	0	0	0	0	0	191	1187	1	1	0	0	1	1	1	0	0
ASV23	100	53	95	29	80	59	87	37	46	86	0	53	61	342	12	27	2	10	0	1	0	127	78	1	0	0	46	103	77	88	38	80	2	0	350	347	12	371	311	3	0	10	420
ASV51	42	16	125	37	52	9	67	4	12	14	0	0	29	18	7	2	136	0	0	0	14	415	37	257	1	0	33	144	31	10	23	20	0	0	366	210	1	265	352	9	886	6	7
ASV27	44	60	15	34	0	7	20	26	31	14	0	19	17	0	8	1	0	1	19	0	0	30	6	0	0	0	47	42	26	12	3	17	0	0	11	3	773	66	246	1623	0	66	21
ASV26	17	6	6	1	0	6	0	0	1	0	0	0	7	0	0	0	0	0	1	1	1	3	15	2	0	0	12	8	2	1	0	4	1	1	51	40	0	236	138	16	2563	15	1
ASV25	70	35	192	31	162	55	61	23	65	55	0	69	35	39	147	0	95	0	0	0	237	3	26	123	1	29	23	94	55	20	11	13	224	57	12	4	0	15	32	3	0	932	39
ASV1152	101	85	94	54	108	101	88	101	77	111	7	125	74	113	75	53	67	63	52	48	40	94	74	61	47	53	109	83	74	77	71	154	34	63	31	19	29	39	58	9	57	87	82
ASV32	0	0	2	1	2	1	7	0	96	0	0	6	0	1	0	0	1	0	2773	1	1	0	0	13	0	0	2	5	1	6	0	4	0	0	0	1	0	0	1	0	0	1	0
ASV30	163	84	64	57	48	21	9	22	40	60	0	59	27	50	161	3	14	56	2	1	0	1	42	0	14	4	34	41	50	54	22	9	1	110	25	6	32	38	21	2	1298	11	1
ASV28	10	85	72	136	80	54	84	26	251	11	2	34	44	54	22	22	31	0	22	91	0	458	23	0	1	71	41	50	20	15	20	63	451	2	78	101	0	44	18	0	0	0	38
ASV31	28	21	0	21	31	4	1	10	12	0	0	17	25	0	0	0	0	0	0	1	0	1	35	0	0	1	30	32	50	23	68	3	1	1	14	6	0	6	7	0	0	2075	48
ASV33	31	11	7	12	48	0	22	12	0	0	0	11	12	9	8	2	0	0	0	0	2	0	20	2	0	1	15	13	2	0	6	24	1	1	338	361	6	205	513	99	1	3	695
ASV29	15	9	7	97	83	41	78	46	180	66	0	1	23	16	38	96	129	0	0	0	150	0	110	298	14	180	117	27	8	7	78	138	0	90	54	47	0	68	107	0	2	0	53
ASV36	160	111	41	185	71	42	72	32	73	88	0	74	76	142	77	0	6	0	0	8	1	19	92	6	0	26	139	73	75	35	78	85	2	0	84	70	0	96	77	0	4	6	0
ASV39	40	105	67	51	58	35	101	55	23	7	1	247	61	98	118	0	0	1	1	7	5	1	38	15	0	38	55	33	61	39	20	32	0	2	94	3	0	44	19	0	167	0	242
ASV34	0	2	0	0	0	0	0	0	0	0	0	0	5	0	0	0	0	0	0	0	0	0	4	0	0	0	2	0	0	6	0	0	0	2	0	2	27	26	48	1873	0	1	0
ASV35	185	56	36	54	63	39	22	39	64	6	0	5	51	50	0	0	29	0	2	0	0	18	79	46	0	0	48	46	43	42	42	29	0	0	12	1	0	2	16	1	5	869	1
ASV38	17	61	21	69	75	72	52	1	0	225	0	374	12	12	25	64	1	0	0	1	1	1	36	0	0	45	24	24	32	113	42	82	41	318	4	1	0	14	6	1	0	3	21
ASV44	15	30	13	48	19	1	21	9	6	8	0	14	28	3	5	2	2	0	4	1	0	0	15	4	2	20	27	2	20	11	5	14	0	14	146	213	0	431	586	1	0	45	2
ASV59	0	0	20	1	2	394	1	0	8	0	2	9	0	4	0	197	42	78	0	0	35	114	11	207	148	148	0	0	1	1	0	8	78	289	0	0	2	3	0	22	2	0	2
ASV42	34	22	62	19	28	4	19	22	0	39	0	0	31	0	5	1	0	0	4	0	2	0	13	0	0	0	14	11	18	14	11	31	1	0	59	42	0	90	19	1	1014	22	5
ASV41	22	119	20	72	55	17	64	16	94	21	0	100	10	55	28	6	1	0	0	8	0	84	93	0	0	0	70	55	70	47	20	32	0	0	49	45	0	127	103	2	1	14	6
ASV40	5	13	0	3	9	14	7	0	0	0	0	0	0	0	28	0	29	0	0	1	0	2	2	0	1	0	5	15	0	13	33	11	0	0	0	1	0	2	1	0	0	1312	2
ASV45	93	15	45	40	32	12	35	69	0	67	0	21	73	64	12	0	0	0	0	0	0	17	46	0	17	0	5	138	43	44	37	22	0	0	4	8	0	63	12	0	1	333	83
ASV53	100	134	16	86	99	21	58	36	32	9	0	19	90	34	2	10	29	18	0	0	0	8	122	17	11	0	96	121	98	61	30	43	0	0	0	0	0	0	0	0	0	4	0
ASV43	23	1	6	6	9	0	4	0	30	0	0	9	13	553	4	0	0	496	25	0	7	20	11	0	0	44	3	4	6	4	11	0	32	0	0	0	0	0	0	0	0	1	0
ASV46	1	26	0	15	70	9	6	50	30	9	0	97	93	87	209	0	23	0	36	0	0	17	20	0	0	208	47	3	5	30	0	177	25	0	13	3	0	3	1	0	0	0	8
ASV50	8	14	9	35	79	32	33	48	116	68	0	40	49	47	0	19	0	0	23	0	0	0	36	21	0	20	26	50	59	30	9	8	0	0	43	45	5	76	135	38	2	0	46
ASV49	65	43	63	21	65	50	19	29	44	14	0	32	23	0	5	0	12	0	23	0	0	1	41	0	0	0	65	82	47	76	36	97	0	28	0	0	0	3	0	0	0	292	26
ASV55	4	35	26	36	14	3	16	19	87	0	0	10	21	43	3	24	0	0	0	1	1	0	23	2	27	0	16	137	37	10	9	4	0	12	163	131	8	201	145	0	0	0	15
ASV48	39	16	15	27	9	5	10	4	0	2	0	0	17	71	72	54	39	98	39	32	0	136	7	59	0	215	14	11	6	5	3	13	146	29	0	2	0	0	0	0	1	0	0
ASV47	5	20	57	15	64	0	26	0	53	0	0	3	57	33	21	0	91	64	0	85	18	37	8	43	69	92	15	38	33	1	11	28	113	97	0	0	0	0	0	1	0	0	0
ASV52	10	0	3	7	0	0	4	7	1	1029	0	0	8	0	1	0	0	0	0	0	0	0	0	0	0	0	18	7	1	0	3	12	0	0	0	0	0	0	6	0	3	3	1
ASV74	0	3	16	1	0	624	11	0	0	0	0	0	0	13	3	27	14	0	59	0	0	12	4	13	33	0	1	8	16	2	71	12	40	49	0	1	6	2	5	8	0	36	50
ASV56	26	44	3	42	36	15	29	21	21	7	0	46	11	113	17	0	12	0	0	1	0	0	37	0	17	0	52	40	17	20	7	52	0	4	119	1	20	4	9	0	218	27	11
ASV60	4	16	3	44	16	1	7	14	12	6	0	11	13	1	5	0	2	0	0	0	0	1	15	0	0	1	15	10	10	4	6	4	0	0	98	107	0	278	245	1	0	7	4
ASV84	17	2	34	0	7	9	12	3	2	5	0	2	6	3	4	1	5	0	1	1	2	27	23	59	0	0	10	48	19	6	20	5	1	0	136	124	0	135	184	0	34	5	5
ASV58	78	77	15	49	20	4	19	24	13	13	0	1	37	8	0	1	23	50	21	0	0	0	38	0	0	0	28	50	27	27	306	18	0	0	0	0	0	0	0	0	0	0	0
ASV57	105	43	0	28	3	19	32	17	0	12	0	11	20	10	20	0	149	0	1	0	0	1	100	0	0	0	15	11	41	33	122	14	1	0	6	5	0	22	15	0	5	1	45
ASV64	21	29	25	119	67	4	33	18	18	4	0	35	43	12	46	0	4	0	9	0	199	9	45	0	6	0	30	24	33	18	7	41	0	0	1	0	1	3	2	0	0	0	0
ASV63	0	5	0	0	0	0	2	0	0	0	0	0	0	0	0	1	0	0	0	0	0	0	0	0	0	0	0	0	0	0	0	5	0	0	0	0	0	0	0	0	899	4	6
ASV70	133	78	14	110	67	9	30	19	31	7	0	14	40	10	1	0	0	0	0	0	0	0	70	0	0	35	78	55	36	12	17	16	0	0	0	0	0	0	0	0	1	0	1
ASV91	2	0	3	0	0	67	0	0	8	2	68	2	0	0	0	0	0	93	0	30	1	16	1	14	34	74	0	2	0	0	0	5	445	38	0	0	0	1	0	1	0	2	22
ASV66	39	18	5	88	46	9	49	29	61	81	1	86	31	4	37	11	2	12	0	12	12	0	15	0	20	63	10	8	25	10	10	30	0	0	1	4	0	4	15	3	0	1	1
ASV61	29	36	0	15	12	0	12	3	0	24	0	0	22	21	27	0	0	0	0	0	0	0	18	2	0	1	14	38	11	14	13	1	0	0	47	25	0	51	366	0	5	13	27
ASV71	212	39	9	297	23	2	28	10	0	2	0	1	21	1	0	0	0	0	0	0	0	0	28	0	7	0	39	23	11	1	16	29	0	0	0	0	0	0	0	0	0	2	0
ASV68	37	52	17	104	26	5	36	13	31	19	0	29	26	32	11	0	0	7	0	0	0	0	43	0	6	20	37	38	39	9	15	21	13	0	13	16	3	27	50	0	1	10	3
ASV73	11	7	3	18	32	37	9	2	10	4	0	8	12	3	89	12	8	49	30	1	25	24	10	21	12	1	2	1	13	15	4	3	29	99	80	11	0	22	42	9	13	4	0
ASV72	64	55	12	56	35	11	28	27	23	41	0	1	23	8	0	0	0	0	0	0	0	15	12	0	0	0	45	16	44	27	16	37	29	0	2	5	55	3	15	0	23	9	6
ASV77	59	33	9	47	43	20	27	12	52	51	0	21	37	11	4	0	0	0	0	18	0	37	32	0	0	0	38	32	33	31	6	39	0	0	0	0	0	0	0	0	0	50	1
ASV87	0	0	0	0	0	249	0	0	0	0	0	0	0	0	10	68	0	55	22	30	8	27	0	30	14	83	0	0	0	0	0	0	64	94	0	0	12	0	0	21	0	0	2
ASV62	3	27	18	6	35	44	42	24	31	13	0	127	2	0	77	14	0	0	11	0	0	0	12	0	0	42	23	8	67	9	32	84	0	0	6	2	0	1	5	1	0	0	2
ASV67	0	0	0	0	0	0	0	0	0	0	0	5	0	0	0	0	0	0	0	0	1	1	0	0	0	0	0	0	0	0	4	0	0	1	2	1	738	0	8	0	0	1	0
ASV88	0	0	9	0	0	199	0	0	0	0	0	5	7	8	6	50	0	62	36	0	0	80	6	110	0	0	0	0	0	4	33	0	43	87	0	0	2	0	1	10	0	1	10
ASV69	25	43	90	15	30	16	10	22	0	22	0	14	19	36	2	8	0	0	25	0	0	17	25	0	0	0	33	13	26	4	7	55	11	62	0	0	0	3	0	0	1	1	86
ASV65	7	0	0	0	0	0	0	1	0	30	0	20	0	0	11	0	39	0	0	1	0	0	0	32	1	27	5	0	0	0	0	14	30	0	5	7	20	3	11	0	16	465	3
ASV76	102	50	24	13	31	6	2	1	29	30	0	9	98	0	27	0	0	0	0	0	0	18	17	0	0	0	108	8	9	9	29	65	0	0	0	0	0	0	8	0	0	36	1
ASV83	22	6	0	0	26	0	5	0	0	5	0	10	4	0	0	0	0	0	0	0	0	0	8	0	0	20	6	5	9	2	2	0	0	0	1	0	0	0	1	0	601	5	0
ASV156	11	17	5	17	34	4	21	16	6	14	0	35	9	17	44	0	0	0	0	6	0	0	291	5	4	0	13	31	3	3	10	21	16	0	0	0	0	0	0	0	0	0	0
ASV80	118	63	7	62	27	5	44	18	0	4	0	5	18	9	0	0	4	22	0	0	5	3	54	0	2	7	91	50	24	7	1	19	0	0	0	0	0	0	0	0	0	0	0
ASV85	0	8	0	0	0	1	0	0	0	0	0	0	2	6	0	0	0	0	0	0	1	0	3	0	0	0	19	5	0	1	0	14	0	0	6	0	0	3	4	0	572	1	1
ASV97	0	5	5	12	1	6	12	16	0	14	0	16	4	49	39	23	13	74	0	0	8	11	2	8	27	68	4	6	5	19	8	0	137	0	0	0	25	0	7	9	0	1	1
ASV78	6	31	42	0	0	0	0	0	0	0	0	0	24	0	0	0	1	0	0	0	0	0	0	0	0	0	0	3	29	3	5	0	0	0	5	13	17	4	9	0	20	402	5
ASV86	21	13	0	5	59	80	12	27	11	35	0	6	12	25	7	0	34	0	0	32	0	20	1	13	0	17	11	0	6	0	3	44	0	106	0	0	0	1	0	0	0	14	0
ASV82	0	0	0	0	0	0	3	0	0	0	0	0	0	0	0	1	0	0	0	0	1	0	0	0	456	0	0	0	0	0	0	0	121	1	0	0	0	0	0	0	0	0	0
ASV89	81	35	5	17	15	2	12	9	4	0	0	8	29	209	1	0	0	0	0	0	0	0	39	0	0	0	24	11	19	6	4	26	0	0	0	0	0	0	0	0	0	0	0
ASV92	87	52	10	38	13	2	27	9	6	5	0	2	28	5	6	6	7	0	11	10	0	0	62	0	0	0	37	45	16	13	21	39	0	0	0	0	0	0	0	0	0	0	0
ASV90	7	49	23	58	29	7	24	16	46	6	0	9	19	1	13	0	0	0	0	0	0	0	36	0	28	0	15	22	29	65	9	30	0	0	0	0	0	0	0	0	0	8	0
ASV81	3	13	11	11	5	33	6	0	16	7	0	4	0	0	1	0	99	37	0	36	97	0	4	33	0	69	13	0	3	0	20	16	0	16	0	0	0	0	0	0	0	0	2
ASV93	0	0	0	0	0	0	0	0	0	0	0	0	0	0	3	0	0	1	0	0	1	0	0	0	0	0	0	0	0	0	0	0	1	0	27	9	413	4	15	0	55	1	2
ASV102	87	62	6	53	46	1	25	6	28	0	0	5	27	0	8	0	0	0	0	0	0	0	42	0	0	9	35	21	37	7	8	13	0	0	0	0	0	0	0	0	0	0	0
ASV119	0	0	0	10	0	20	2	0	0	0	0	0	0	0	0	0	0	0	0	0	0	0	0	0	0	0	0	2	0	0	0	0	0	0	62	65	141	57	27	39	94	5	1
ASV137	94	25	8	58	91	0	33	1	17	0	0	8	10	5	1	0	2	33	0	0	0	0	18	0	0	0	20	22	16	4	10	15	0	0	0	0	0	0	0	0	0	0	0
ASV103	147	45	0	51	15	3	6	11	0	0	1	12	23	0	0	0	0	16	8	0	0	0	31	0	0	0	25	32	12	8	3	16	0	11	0	0	0	0	0	0	7	22	0
ASV94	23	8	9	4	76	4	1	2	12	1	0	56	1	24	9	18	0	0	0	160	0	0	5	0	0	1	6	28	6	7	0	3	0	31	0	0	0	0	0	0	0	12	0
ASV114	1	8	1	17	16	3	10	0	11	0	0	0	0	0	0	0	0	0	7	0	0	0	10	1	33	1	1	3	0	11	0	10	0	0	0	1	7	2	0	1	319	3	3
ASV109	22	5	0	23	14	15	8	7	0	2	0	8	5	49	0	0	4	0	0	0	8	0	13	0	0	19	42	17	17	1	7	26	0	0	21	40	0	2	1	0	1	66	5
ASV113	167	36	4	25	17	1	6	0	13	0	1	30	25	0	3	0	0	0	0	0	0	0	20	0	0	0	31	27	20	7	8	15	0	0	0	0	0	0	0	0	0	0	0
ASV99	9	58	11	27	23	12	43	0	12	15	0	4	21	24	0	0	0	0	0	0	0	0	33	0	9	0	37	40	26	17	15	16	0	0	0	0	0	0	0	0	0	0	0
ASV95	5	37	49	0	8	15	5	48	11	0	0	26	0	11	12	0	0	0	0	0	0	0	3	160	0	0	0	9	5	0	0	2	36	0	0	0	0	0	0	0	0	16	0
ASV98	0	0	24	3	19	117	8	9	0	11	0	21	7	0	32	0	0	0	0	0	0	0	65	0	16	80	23	4	16	6	12	0	0	0	0	0	0	0	0	8	0	0	0
ASV160	3	2	2	2	0	1	0	0	0	0	0	7	2	0	1	0	0	0	8	0	0	0	0	0	0	0	0	1	1	0	0	2	0	0	3	5	392	3	2	2	0	37	3
ASV112	0	0	3	1	2	111	15	3	11	7	0	0	0	0	7	0	23	0	0	0	15	0	9	27	12	17	0	3	1	0	107	0	61	21	0	0	0	0	1	17	0	0	2
ASV116	41	55	25	13	39	8	26	13	15	12	0	18	14	4	15	0	0	0	0	0	0	0	13	11	0	8	32	31	16	6	7	16	0	1	0	0	0	0	0	0	0	0	9
ASV115	0	24	0	28	0	20	0	49	0	20	0	0	0	0	1	0	0	0	0	1	0	0	8	0	0	0	20	16	2	9	80	19	0	0	4	6	0	31	17	0	0	14	63
ASV101	1	18	6	43	16	8	73	0	1	0	0	16	24	0	5	0	0	0	6	8	0	0	35	4	0	0	15	24	12	12	14	14	23	0	12	11	0	29	18	0	0	3	0
ASV107	4	13	0	10	21	0	5	34	0	10	0	9	14	2	4	0	0	0	0	0	0	0	8	0	0	0	24	1	19	0	50	18	0	0	8	1	28	17	29	1	0	82	14
ASV104	4	6	0	5	18	0	3	21	0	0	0	0	0	0	0	1	0	0	0	0	0	0	13	0	0	0	0	0	0	3	3	0	0	0	98	118	0	53	39	42	0	15	1
ASV96	8	0	11	3	0	17	0	43	0	0	0	5	12	0	0	0	0	0	0	0	0	0	0	0	0	0	0	0	34	0	0	0	0	0	5	5	13	3	0	0	14	276	2
ASV130	158	41	0	28	43	4	24	6	16	0	0	0	11	0	3	0	0	0	1	0	0	0	24	0	0	0	9	32	7	4	3	5	0	0	0	0	0	0	3	0	0	0	0
ASV199	6	0	0	0	0	78	13	6	0	20	0	18	0	17	27	23	0	0	0	0	0	65	0	0	0	0	6	0	12	10	18	0	39	23	0	0	11	1	1	38	1	0	6
ASV117	66	28	19	24	17	8	23	39	1	0	0	1	17	5	14	0	0	0	0	0	0	0	31	0	0	0	6	35	2	15	3	27	0	0	2	0	0	2	0	0	2	0	5
ASV151	0	3	0	2	2	2	15	0	0	0	0	3	302	0	2	0	0	0	0	5	2	0	32	0	0	0	0	9	7	0	0	2	0	0	0	0	0	0	0	0	0	0	0
ASV128	0	11	8	10	0	8	0	30	22	0	0	0	2	83	7	0	63	0	0	0	26	0	4	0	0	0	5	0	15	18	20	2	0	0	10	14	0	12	30	0	1	0	7
ASV105	14	0	0	0	0	0	0	28	0	0	0	9	0	0	0	0	0	0	0	0	0	0	19	0	0	0	0	0	0	0	34	0	0	1	9	9	9	9	6	0	22	249	4
ASV120	127	12	14	26	11	7	2	2	0	0	0	2	9	0	6	0	0	0	0	0	0	10	30	0	0	0	7	25	102	4	2	12	0	0	0	0	0	0	0	0	0	0	0
ASV124	61	22	3	11	12	5	35	9	18	12	0	0	12	0	5	0	0	0	5	0	0	3	19	9	4	0	17	30	24	9	0	10	0	0	0	0	0	0	0	0	0	53	0
ASV123	2	42	10	1	13	43	3	40	0	3	0	3	17	0	3	0	0	0	0	20	0	0	7	0	0	0	83	30	13	26	6	11	0	0	0	0	0	1	0	0	0	0	0
ASV111	10	2	20	10	6	23	23	0	13	30	0	47	7	8	1	0	0	0	0	0	0	0	7	0	31	0	10	9	0	14	37	0	0	0	0	0	0	0	0	0	0	70	4
ASV108	0	8	10	17	30	16	26	18	13	73	0	7	12	1	19	0	0	0	0	0	0	0	30	0	0	0	9	0	8	59	8	12	0	0	0	8	0	7	5	0	0	0	1
ASV163	0	1	21	8	0	215	0	0	0	0	1	0	0	0	0	1	7	28	15	0	0	59	3	1	0	0	0	0	0	0	11	0	0	0	0	0	0	0	0	15	0	0	11
ASV110	4	28	0	0	7	0	0	0	9	12	0	16	20	0	8	0	0	0	1	0	1	1	18	0	0	7	17	0	7	3	0	3	0	0	3	6	0	35	33	1	2	1	143
ASV161	0	0	0	0	0	135	4	0	0	0	0	0	0	0	0	0	0	1	0	0	0	0	5	43	0	88	0	0	0	0	77	5	16	0	0	0	0	0	1	7	0	1	0
ASV131	4	3	15	0	0	97	1	4	0	8	0	0	5	9	11	28	11	48	0	34	0	0	1	13	19	34	6	3	6	2	3	0	0	0	1	1	11	1	0	2	0	0	3
ASV118	2	9	1	27	3	2	5	0	0	0	0	0	0	0	0	0	0	0	0	0	0	0	8	0	0	0	18	8	3	2	5	0	0	0	0	1	0	0	4	0	0	271	0
ASV182	62	16	5	50	19	1	9	7	22	10	0	2	7	8	0	0	0	0	0	0	0	0	18	0	0	0	28	15	4	1	1	11	46	0	0	0	0	0	0	0	0	1	0
ASV136	0	1	0	0	0	0	0	0	0	0	0	0	0	1	0	0	0	0	0	0	1	0	0	0	0	1	1	1	1	0	0	2	0	0	0	0	0	0	0	0	332	4	1
ASV132	6	14	40	74	0	13	2	14	13	4	0	30	11	5	9	4	0	0	0	0	0	0	12	0	0	0	24	38	23	3	1	2	0	0	0	1	0	1	4	0	0	0	6
ASV139	0	14	2	13	7	4	4	10	14	0	0	121	4	0	0	7	0	0	0	0	0	0	10	0	0	0	16	80	0	16	0	11	0	0	1	0	0	0	0	0	0	0	0
ASV147	3	16	1	34	20	4	50	6	39	5	0	30	5	7	24	0	0	0	0	0	6	0	7	0	0	0	16	15	8	3	11	7	0	0	6	4	0	13	6	0	0	0	0
ASV174	0	0	0	0	0	0	0	0	0	0	0	0	0	0	0	0	0	0	0	0	0	0	0	0	0	0	0	0	0	0	0	0	0	0	1	0	0	0	1	0	341	0	0
ASV133	57	26	6	36	14	2	7	6	49	4	0	6	18	3	0	0	3	0	0	0	0	0	31	2	0	0	38	16	6	3	4	21	0	0	0	0	0	0	0	0	0	0	0
ASV127	3	18	0	12	3	8	20	0	50	0	0	4	1	0	0	0	81	0	0	0	0	0	3	0	0	0	3	7	0	0	20	0	0	54	23	5	0	18	18	1	0	0	5
ASV129	5	60	9	4	28	27	15	2	9	5	0	2	19	1	0	0	0	0	0	0	0	0	5	0	0	0	50	25	9	42	5	7	12	0	0	0	0	0	1	0	0	0	0
ASV125	2	10	2	21	15	0	2	5	39	6	0	0	1	4	6	17	1	0	2	1	0	0	0	0	0	30	7	14	2	18	4	1	0	130	0	0	0	0	1	0	0	4	4
ASV121	0	26	6	1	32	1	4	4	24	0	0	0	44	1	12	0	0	0	30	0	0	0	32	0	0	12	9	13	12	28	13	8	0	0	0	0	0	0	0	0	0	0	0
ASV1766	162	22	0	14	4	7	17	5	9	6	0	0	14	1	11	0	0	0	0	0	0	0	6	0	0	0	9	9	10	5	1	3	0	0	0	0	0	0	1	0	0	0	0
ASV183	0	0	0	0	0	0	0	0	0	0	0	0	0	0	0	0	0	0	0	0	0	0	0	0	1	0	0	0	0	0	0	0	0	0	26	8	256	3	8	0	28	3	0
ASV145	38	9	0	216	7	2	14	1	0	0	0	1	1	1	0	0	0	0	0	0	0	0	9	0	0	0	4	7	10	1	2	10	0	0	0	0	0	0	0	0	0	0	0
ASV122	0	0	0	0	0	1	0	0	0	2	2	0	0	0	0	88	0	0	0	0	0	30	10	87	0	0	0	0	0	0	0	0	0	96	0	0	1	0	0	0	0	0	0
ASV170	0	0	1	11	4	81	12	0	27	0	0	5	5	0	1	12	0	10	0	0	3	0	0	5	0	65	0	1	7	0	0	0	7	45	0	0	0	1	0	9	0	0	8
ASV540	2	1	8	0	5	1	1	1	0	1	0	1	0	2	0	0	1	0	0	0	1	10	1	4	1	0	3	13	1	1	1	2	0	0	72	50	2	50	67	0	2	2	4
ASV126	0	0	0	0	11	0	0	0	0	0	0	0	0	0	0	0	26	1	0	0	45	25	0	32	0	43	0	0	0	0	15	0	79	40	0	0	0	0	0	0	0	0	0
ASV175	1	0	10	2	1	0	1	0	0	0	0	0	0	1	0	1	0	0	0	0	0	1	4	0	0	0	2	7	0	0	2	0	0	0	85	56	0	67	56	0	11	1	2
ASV141	0	0	9	3	51	3	89	0	35	0	0	10	0	2	1	0	0	0	0	0	0	0	6	0	0	68	0	2	25	10	0	0	0	0	1	0	0	0	0	0	0	0	2
ASV158	9	4	5	3	2	1	6	0	0	0	0	0	1	0	1	0	1	0	0	0	0	0	21	0	0	0	5	1	8	10	2	4	0	0	0	0	0	1	1	0	1	0	232
ASV152	0	32	1	21	5	6	16	0	14	0	0	0	5	0	0	0	18	0	0	24	0	0	11	0	0	0	14	7	8	0	17	6	0	1	13	10	0	22	29	0	0	7	39
ASV149	4	21	4	49	16	4	5	9	16	3	0	3	16	29	5	0	0	6	3	0	0	0	15	5	0	0	27	21	13	13	6	3	0	0	0	0	0	0	1	0	0	0	0
ASV134	0	0	0	0	0	0	0	0	0	0	0	0	0	0	0	0	0	0	0	0	0	0	0	0	0	0	0	0	0	0	0	0	0	0	0	0	0	0	0	0	0	308	3
ASV140	0	0	0	0	0	0	0	0	0	0	0	0	0	0	0	0	0	0	0	0	0	13	0	4	0	1	0	0	0	0	0	0	0	279	0	0	0	1	0	0	0	0	0
ASV146	12	0	0	0	7	0	0	0	0	0	0	0	0	0	0	0	0	0	0	0	0	0	0	0	0	0	0	0	0	0	0	0	0	0	0	1	0	2	0	0	281	0	1
ASV148	0	7	3	22	0	14	7	95	32	0	0	36	0	0	6	0	0	0	0	0	0	0	3	0	0	0	4	15	2	1	17	46	0	0	0	0	0	0	0	0	0	0	0
ASV135	2	6	1	3	3	0	3	5	0	18	0	34	4	28	30	0	0	0	24	0	0	0	46	27	9	0	14	9	2	12	2	6	0	0	0	0	0	0	0	0	0	0	0
ASV153	0	37	29	14	21	8	34	14	10	0	0	11	2	2	0	0	0	0	22	0	0	7	6	0	0	10	24	3	14	12	3	0	0	0	0	0	0	0	0	0	0	0	0
ASV144	2	27	12	31	19	0	12	6	10	2	0	5	14	57	6	0	0	0	0	0	0	0	8	0	0	0	10	4	23	15	34	15	0	0	0	0	0	0	0	0	0	0	0
ASV138	20	28	6	38	17	0	19	11	0	12	0	19	6	0	0	0	0	0	0	0	0	0	31	20	0	0	18	2	29	3	6	15	0	0	0	0	0	0	0	0	0	0	0
ASV189	0	0	0	0	0	0	0	0	0	0	0	0	0	0	0	0	0	0	0	0	0	0	0	0	0	0	0	0	0	0	0	0	0	0	0	0	0	0	0	0	288	0	0
ASV150	0	4	52	0	14	31	7	0	0	0	0	8	0	0	0	0	0	0	0	0	0	0	10	0	0	0	7	0	4	0	4	2	0	0	22	30	0	24	15	0	0	3	40
ASV142	3	0	0	7	166	10	11	0	19	4	0	0	4	0	0	0	0	0	0	0	0	37	0	0	5	34	0	0	0	0	1	0	0	0	0	0	2	0	0	0	0	3	0
ASV154	11	7	0	10	0	3	3	1	3	4	0	3	8	0	0	0	0	0	0	0	0	0	7	12	0	26	4	0	4	1	138	12	0	29	0	0	0	0	0	0	0	0	0
ASV196	6	8	4	30	27	1	15	3	20	4	0	7	10	27	3	0	0	0	0	2	0	0	13	4	0	14	14	6	15	12	8	5	8	0	0	0	0	9	2	0	2	0	0
ASV177	6	10	7	0	7	18	3	22	4	17	0	8	5	7	18	2	7	0	5	0	1	11	7	9	3	0	7	7	12	44	9	15	0	4	1	0	1	3	2	0	0	9	2
ASV168	2	0	6	0	1	0	0	1	0	0	0	0	0	1	0	0	0	0	0	0	1	2	4	1	0	0	1	4	3	1	2	0	0	0	89	49	0	38	48	0	4	0	4
ASV157	0	3	0	24	29	2	7	0	11	6	0	0	18	0	0	0	0	0	0	0	0	0	1	0	0	0	1	0	9	11	3	0	1	0	7	9	0	11	36	0	0	92	1
ASV252	0	0	0	0	0	59	0	1	0	8	0	7	0	0	10	13	8	47	7	0	4	0	0	1	25	42	1	0	0	1	0	0	42	0	0	0	0	0	0	3	0	0	2
ASV180	26	19	3	49	16	0	16	10	7	5	0	0	5	1	3	0	0	0	0	0	0	0	14	0	0	8	29	28	10	3	2	5	0	0	0	0	0	0	0	0	0	0	0
ASV165	2	2	0	0	0	0	0	0	0	0	0	0	0	0	0	0	0	0	0	0	0	0	3	0	0	0	0	0	3	0	0	0	147	0	48	37	0	3	13	0	0	3	0
ASV851	12	5	1	0	3	6	1	3	0	0	0	0	2	0	0	0	0	0	0	0	0	0	7	0	0	0	5	5	16	8	5	6	0	0	26	13	0	22	29	1	1	54	40
ASV200	0	0	0	7	1	44	0	2	0	6	57	4	3	14	3	9	9	24	0	0	6	13	7	0	0	0	3	10	6	3	11	0	30	6	0	0	0	2	2	4	0	0	3
ASV171	0	4	19	6	5	8	28	8	0	16	0	131	0	13	0	0	0	0	0	0	0	28	0	0	0	0	2	0	0	0	0	0	0	0	0	0	0	0	0	0	0	0	0
ASV162	0	0	0	0	0	0	0	0	0	0	0	0	0	0	0	0	0	0	257	0	0	0	0	0	0	0	3	0	0	0	0	0	0	0	0	0	0	1	0	0	0	0	0
ASV164	3	3	7	0	8	5	0	0	37	0	0	0	0	0	20	15	0	0	0	45	0	0	12	0	0	45	32	17	0	0	1	0	0	0	0	0	0	0	0	0	0	11	0
ASV179	0	0	0	0	0	3	0	0	0	0	0	0	0	0	0	0	0	0	1	0	0	0	0	0	0	0	0	3	0	2	0	0	0	0	1	0	0	232	5	0	1	1	1
ASV167	0	0	3	0	4	13	3	8	0	7	0	8	7	3	0	0	0	0	1	0	0	0	5	0	0	0	8	6	11	7	2	1	0	0	20	30	0	26	76	0	0	0	21
ASV173	6	5	0	8	0	0	0	6	0	0	0	4	8	0	0	11	0	0	0	0	0	0	7	0	0	0	0	4	0	1	7	2	16	0	1	0	0	0	0	0	0	157	2
ASV166	0	5	0	4	190	0	7	0	28	0	1	0	0	0	0	0	0	0	0	0	0	0	1	0	0	0	11	0	3	0	0	9	0	0	0	0	0	1	0	0	0	1	0
ASV155	3	14	39	7	0	0	0	49	0	0	0	2	15	0	14	0	0	0	0	0	0	0	0	0	0	0	0	0	15	103	0	0	0	0	0	0	0	0	0	0	0	0	0
ASV193	0	0	0	0	0	0	0	0	0	0	0	0	0	0	0	2	0	0	0	0	0	1	0	0	0	0	0	0	0	1	0	0	0	0	1	1	160	3	7	70	0	0	0
ASV217	3	0	6	2	8	119	0	0	0	0	0	0	0	0	5	0	0	0	9	0	10	0	6	10	0	35	0	0	0	1	0	0	0	36	0	0	0	0	0	11	0	0	0
ASV214	8	0	1	5	4	5	4	0	0	0	0	7	2	0	0	0	0	0	0	0	0	0	0	0	0	0	15	3	8	8	0	16	1	0	26	31	41	6	8	0	3	42	4
ASV203	115	20	5	16	5	3	7	3	0	4	0	0	12	1	0	0	0	0	0	0	0	0	12	0	0	0	5	5	7	9	4	0	0	0	0	0	0	0	0	0	0	0	0
ASV176	0	15	0	4	0	6	43	0	4	0	0	0	0	7	0	0	0	20	0	40	14	0	2	6	0	0	3	0	0	0	60	5	0	0	0	0	0	1	0	0	1	18	0
ASV172	0	0	25	14	1	0	0	24	19	0	0	7	0	0	5	27	0	32	0	0	0	1	4	0	0	12	11	7	3	5	1	0	0	14	0	0	0	0	0	0	0	6	0
ASV238	1	0	0	0	0	1	0	0	0	0	0	0	0	2	0	0	0	0	0	1	0	0	2	0	0	0	1	0	0	0	0	4	0	0	3	0	0	0	0	0	218	4	0
ASV276	0	2	0	0	0	0	0	0	8	0	0	0	0	18	0	0	0	0	0	0	0	0	0	0	0	0	0	0	0	0	0	0	0	0	0	0	0	0	0	0	183	0	0
ASV215	3	23	0	58	3	1	0	4	11	1	0	40	0	1	0	0	0	0	0	0	0	0	40	0	0	0	8	4	6	0	2	11	0	0	0	0	0	0	0	0	0	0	0
ASV213	0	0	0	0	0	127	0	0	0	14	0	0	0	0	0	0	0	0	34	0	0	20	0	13	0	0	0	0	3	0	3	0	0	0	0	0	0	0	0	0	0	0	15
ASV370	96	13	4	22	12	0	11	1	11	0	0	0	9	0	1	0	0	0	0	0	0	0	18	0	0	0	10	5	3	1	1	8	0	0	0	0	0	0	0	0	0	0	0
ASV186	14	8	0	0	3	10	0	27	7	0	0	0	0	0	0	0	0	0	0	0	0	0	0	0	0	0	14	0	9	18	4	2	0	0	4	1	19	8	2	0	1	54	8
ASV285	0	7	0	10	16	2	6	0	0	12	0	6	11	0	0	0	0	0	0	0	0	0	4	0	0	0	7	0	0	7	10	13	0	0	2	2	0	4	17	0	0	32	44
ASV204	3	6	12	19	10	0	0	0	0	13	0	0	13	2	0	10	0	0	0	0	0	0	13	0	0	0	20	1	14	14	12	4	0	0	9	14	0	4	8	0	0	10	1
ASV188	34	20	6	7	15	1	10	3	7	0	0	0	14	5	0	0	0	18	0	0	0	0	20	0	0	0	0	4	15	10	6	20	0	0	0	0	0	0	0	0	0	0	0
ASV192	1	8	0	0	3	0	0	0	0	0	0	1	0	0	0	0	0	0	0	0	0	6	0	0	0	0	3	0	0	1	0	0	0	0	2	0	38	2	14	122	0	1	5
ASV181	0	6	5	1	1	0	8	3	0	0	0	8	0	0	0	12	0	0	50	36	0	42	0	8	20	0	1	6	0	0	1	2	0	9	0	0	0	0	0	0	0	0	1
ASV187	5	0	0	4	9	0	0	22	0	0	0	0	0	0	0	0	0	0	0	0	0	0	0	0	0	0	0	0	0	0	0	1	0	0	13	5	0	0	0	15	9	132	2
ASV319	1	0	0	0	0	114	0	0	0	6	0	0	5	4	0	31	0	0	0	0	0	0	3	0	0	19	0	6	7	1	11	0	0	0	0	0	6	1	0	6	0	1	5
ASV724	7	5	9	8	2	2	5	11	3	5	3	4	1	3	5	7	9	6	5	2	9	2	6	7	7	6	5	3	5	3	5	4	4	1	2	2	6	7	4	2	7	11	4
ASV184	9	0	0	0	10	0	1	0	0	0	0	13	0	3	0	0	0	0	0	0	0	0	0	0	0	0	0	0	0	0	0	15	0	0	3	3	0	5	0	18	5	118	0
ASV233	0	0	1	9	2	1	0	9	21	19	0	0	0	0	0	0	0	0	140	0	0	0	4	0	0	0	0	3	1	2	0	3	0	0	0	1	0	0	0	0	0	0	0
ASV255	0	0	17	6	5	0	3	1	68	0	0	55	0	0	0	0	0	0	0	0	0	0	2	0	0	0	11	12	0	20	0	4	0	0	0	0	0	0	0	0	0	0	0
ASV443	14	13	4	1	7	9	8	3	1	4	0	6	1	1	8	0	0	1	0	0	0	2	6	0	0	0	2	1	11	5	2	0	0	0	54	5	0	13	12	0	17	5	4
ASV225	0	0	3	0	0	76	0	0	7	0	0	0	0	2	0	0	9	0	0	0	4	0	0	0	0	45	16	0	11	3	8	0	0	0	0	0	2	2	0	7	0	0	1
ASV1915	14	3	3	0	5	4	0	3	12	7	0	2	0	1	4	0	0	0	0	0	0	1	2	2	0	0	3	3	6	3	4	2	0	1	37	4	0	8	10	0	57	3	4
ASV194	0	0	39	0	28	0	5	0	0	12	0	98	0	18	0	0	0	0	0	0	0	0	0	0	0	0	0	0	0	4	0	0	0	0	0	0	0	0	0	0	0	0	0
ASV201	0	11	5	13	14	1	26	1	0	15	0	0	18	0	0	0	0	0	36	0	0	0	14	0	0	0	2	0	10	8	1	17	0	0	0	0	0	0	0	0	0	0	0
ASV198	0	11	5	14	6	7	0	0	5	0	0	0	3	0	27	0	0	0	0	0	0	0	0	0	0	0	2	116	1	7	0	2	0	0	0	0	0	0	0	0	0	0	0
ASV227	9	15	5	12	15	0	3	0	0	2	0	8	11	6	6	0	0	0	0	0	0	0	8	6	12	0	1	2	12	3	7	5	0	31	0	1	0	0	0	0	0	26	0
ASV226	0	0	0	7	7	0	0	0	0	0	0	39	2	0	0	0	0	0	0	0	0	0	9	0	0	0	30	6	2	0	0	0	0	0	4	2	7	16	19	7	2	0	43
ASV230	8	28	6	15	2	5	7	1	1	0	0	7	3	0	7	0	0	0	4	0	0	0	26	0	0	14	13	6	10	4	10	14	0	0	0	0	0	0	0	0	0	1	0
ASV380	16	58	0	12	8	2	0	4	4	0	0	0	5	1	1	0	0	0	0	0	0	0	12	0	0	0	13	10	12	10	6	7	0	0	1	1	0	8	3	0	0	1	0
ASV191	0	0	0	14	0	5	0	131	1	0	0	5	20	0	0	0	0	0	0	0	0	0	0	0	0	0	0	3	0	0	15	0	0	0	0	0	0	0	0	0	0	0	0
ASV211	8	44	15	0	11	12	0	0	7	0	0	10	6	0	0	0	0	0	0	0	0	0	13	0	0	0	1	7	10	11	16	7	0	0	0	0	0	3	0	0	0	7	0
ASV205	0	0	0	6	0	0	0	11	0	0	0	0	1	28	25	0	0	0	0	0	0	0	2	0	0	0	0	0	0	19	0	0	0	0	0	3	0	13	45	0	0	0	34
ASV237	0	0	0	0	0	117	0	4	0	6	0	0	0	0	0	1	21	0	0	0	0	0	3	12	0	0	0	1	0	0	2	0	3	22	0	0	1	1	0	0	0	1	2
ASV282	20	3	1	2	1	0	0	0	0	0	0	0	4	0	0	0	0	0	0	0	0	0	5	0	0	0	4	0	2	1	0	0	0	0	91	0	58	0	0	0	0	0	0
ASV223	60	12	0	12	2	4	0	2	0	0	0	1	5	0	6	0	0	0	0	0	0	0	1	0	0	0	0	11	12	0	2	4	0	32	0	0	0	0	0	0	0	18	0
ASV212	0	0	1	0	82	1	0	0	0	90	0	0	0	0	0	0	0	0	0	0	0	0	0	0	0	0	0	0	0	0	0	13	0	0	0	0	0	0	0	0	0	0	0
ASV218	0	0	0	0	2	0	3	0	0	4	0	0	0	0	0	0	0	0	0	0	0	0	1	0	0	0	8	3	0	0	0	0	0	0	0	0	140	11	3	12	0	0	1
ASV219	28	9	3	15	5	0	1	0	0	0	0	13	4	0	0	0	0	0	1	0	0	0	6	0	0	0	7	30	17	3	0	3	0	0	0	0	0	1	19	2	0	0	0
ASV197	0	0	0	0	0	0	0	0	0	0	0	0	0	0	0	0	0	0	0	0	0	0	0	0	0	0	0	0	0	0	0	0	0	1	1	1	111	5	8	65	4	0	0
ASV207	0	3	6	4	9	0	0	0	0	0	0	0	0	0	1	0	0	0	1	0	0	0	5	0	0	0	6	4	0	3	25	0	0	0	5	3	0	8	11	0	0	89	2
ASV224	0	0	0	0	0	0	0	0	0	0	0	0	0	0	0	0	0	0	0	0	0	0	0	0	0	195	0	0	0	0	0	0	0	0	0	0	0	0	0	0	0	0	0
ASV232	2	1	0	0	0	32	0	0	18	2	0	9	0	5	11	7	14	0	14	12	0	0	0	6	0	0	10	0	2	0	3	5	0	14	0	0	4	0	1	10	0	0	1
ASV206	8	1	0	4	0	10	9	0	0	0	0	18	5	0	9	0	0	0	0	0	0	0	4	0	0	0	0	0	17	0	0	18	0	0	6	8	0	9	10	10	0	6	27
ASV210	0	0	12	0	0	0	0	0	0	0	0	0	0	0	0	0	0	1	0	0	0	0	0	0	0	0	0	0	0	0	0	0	0	0	6	2	15	6	5	0	6	134	0
ASV202	0	0	0	0	0	0	0	0	0	0	0	0	0	0	0	0	0	0	0	0	0	0	0	0	0	0	0	0	0	43	0	0	0	0	10	0	7	0	1	1	8	98	1
ASV261	1	0	1	0	2	4	0	3	0	0	0	1	1	0	0	0	0	0	0	0	0	0	4	1	0	0	6	1	3	4	0	0	0	0	19	31	0	34	40	1	0	1	17
ASV231	0	4	0	0	6	10	0	0	0	0	1	0	0	6	0	0	0	0	1	0	0	0	4	0	0	12	0	0	8	0	1	4	0	0	1	0	0	1	3	0	0	121	0
ASV248	27	26	7	13	5	3	7	4	3	0	0	0	10	0	6	0	3	0	0	0	0	0	11	0	0	0	20	13	2	4	4	9	0	0	0	0	0	0	0	0	0	0	0
ASV250	1	3	7	0	0	0	15	0	10	23	0	2	1	0	0	7	0	0	0	0	0	0	0	0	0	0	3	11	1	0	1	2	0	0	7	1	61	1	11	4	0	2	1
ASV222	0	0	0	0	0	0	0	0	0	0	1	0	0	0	0	0	0	0	0	0	0	0	0	0	0	0	0	0	0	0	0	0	173	0	0	0	0	0	0	0	0	0	0
ASV257	0	4	2	3	0	0	0	0	0	0	0	0	5	0	0	0	0	0	0	0	0	0	4	0	0	3	5	0	6	0	0	2	0	0	0	0	44	3	10	91	0	1	0
ASV209	0	22	3	2	31	0	5	19	0	0	0	0	3	0	0	0	0	0	0	0	0	0	9	0	0	32	5	18	7	14	0	0	0	0	0	0	0	0	0	0	0	0	0
ASV208	0	0	0	0	0	159	0	0	0	0	0	17	0	0	0	0	0	0	0	0	0	0	0	0	0	0	0	0	0	0	0	0	0	12	0	0	0	0	0	0	0	0	1
ASV264	0	0	0	0	0	10	0	0	0	0	0	0	0	0	0	14	0	0	1	0	0	14	0	0	0	0	0	0	0	0	0	0	115	24	0	0	1	0	0	0	0	0	0
ASV220	0	0	0	0	0	0	0	0	0	0	0	0	0	0	0	0	0	0	0	0	0	0	0	0	1	0	0	0	0	0	0	0	0	0	0	0	0	0	0	0	0	172	0
ASV234	1	14	6	15	4	2	13	4	1	6	0	5	9	14	0	0	0	0	0	0	0	0	13	0	0	0	15	13	22	2	0	8	0	0	0	0	0	0	0	0	0	0	0
ASV216	0	0	0	0	0	0	0	0	0	0	0	0	0	0	0	0	0	0	0	0	0	0	0	87	12	34	0	0	0	0	0	0	0	31	0	0	0	0	0	0	0	0	0
ASV241	3	2	0	1	11	8	2	0	9	6	0	0	0	0	0	0	22	0	0	31	0	21	0	0	16	0	6	0	6	1	3	10	0	0	0	0	0	0	0	0	0	1	1
ASV1599	0	5	1	3	0	98	0	0	0	0	0	0	0	10	9	0	0	0	0	0	0	0	0	0	14	0	0	0	0	0	1	0	14	0	0	0	1	0	0	3	0	0	1
ASV378	0	0	4	0	0	81	0	5	16	0	0	0	6	7	0	0	0	0	0	1	0	0	1	0	0	0	0	0	7	0	5	0	0	28	0	0	1	0	0	4	0	0	4
ASV239	9	4	0	8	0	0	12	0	61	0	0	0	13	1	5	0	0	0	0	5	0	0	2	0	0	0	9	7	6	5	2	13	0	0	0	0	0	0	0	0	0	0	0
ASV221	0	5	0	0	6	0	0	5	4	0	0	0	0	1	0	0	0	0	0	0	0	0	7	0	0	17	0	0	5	0	0	0	0	0	0	0	21	2	4	77	0	0	0
ASV247	66	17	3	17	7	0	5	0	0	0	0	3	2	0	0	0	0	0	4	0	0	0	11	0	0	0	4	4	7	1	1	2	17	0	0	0	0	0	0	0	0	0	0
ASV246	0	10	0	15	0	8	11	0	0	0	0	2	12	0	19	0	0	0	0	0	0	0	8	0	0	0	39	0	24	2	11	0	0	0	0	0	0	0	0	0	0	0	0
ASV253	0	12	0	0	0	61	0	0	0	0	0	0	0	0	0	14	0	0	0	0	0	13	0	0	0	36	0	6	0	0	0	0	0	0	0	0	0	0	1	0	0	0	12
ASV260	0	0	1	0	0	47	0	0	17	0	0	0	0	9	0	0	0	0	1	0	4	12	0	18	18	0	0	0	1	1	5	0	22	0	0	0	0	1	0	1	0	0	2
ASV268	27	11	5	5	15	2	5	0	6	11	0	11	13	6	0	0	0	0	0	0	0	0	4	0	0	0	14	0	10	6	0	0	0	0	0	0	0	0	0	0	0	0	0
ASV228	1	1	0	0	0	0	0	13	0	0	1	0	0	0	0	0	0	39	0	0	0	1	0	0	0	0	5	4	7	35	0	0	0	0	0	0	31	2	1	0	0	0	0
ASV236	0	3	6	8	1	9	8	16	0	0	0	29	0	11	11	0	0	0	0	0	0	0	2	0	0	0	1	3	26	2	5	2	0	0	0	0	0	0	0	0	3	0	0
ASV300	21	23	9	15	2	1	10	1	6	1	0	0	4	0	0	0	0	0	0	0	0	0	8	1	0	0	14	14	8	6	6	4	0	0	0	0	0	0	0	0	0	0	0
ASV235	0	6	0	0	15	1	0	0	0	0	0	0	0	0	0	0	0	86	0	0	11	0	0	0	0	0	0	3	0	4	0	0	0	19	0	0	0	0	0	0	0	1	0
ASV229	0	0	0	0	0	0	0	0	0	14	0	0	1	0	1	107	0	0	0	0	0	0	0	0	0	0	3	18	0	1	0	0	0	0	0	0	0	0	0	0	0	0	1
ASV249	0	14	5	7	7	0	13	0	12	0	0	0	2	0	8	5	0	0	0	0	0	0	4	0	0	0	21	10	7	1	5	9	0	0	0	0	0	1	7	0	0	6	1
ASV275	77	7	0	11	7	0	2	4	2	0	0	0	6	0	1	0	0	0	0	0	0	0	17	0	0	0	2	9	0	4	0	1	0	0	0	0	0	0	0	0	0	0	0
ASV243	0	0	0	0	7	11	6	0	0	0	0	0	0	0	0	1	0	0	0	0	0	0	0	0	0	0	0	0	0	17	12	0	0	0	1	2	4	2	0	0	2	75	0
ASV240	0	0	0	8	0	0	0	0	0	0	0	8	0	0	0	0	0	0	0	0	1	0	0	0	0	0	0	0	0	0	0	0	0	0	4	3	0	4	0	0	3	117	0
ASV322	0	0	0	9	31	8	5	3	4	0	0	3	2	0	1	0	0	0	0	0	0	0	2	9	0	0	15	27	4	4	10	11	0	0	0	0	0	0	0	0	0	0	0
ASV298	2	12	1	7	7	6	0	2	51	0	0	2	4	1	7	0	0	0	0	0	0	0	0	0	0	1	9	0	6	0	0	3	12	0	1	0	0	7	1	0	0	3	0
ASV272	2	10	0	13	2	3	9	0	0	0	0	0	6	0	0	0	0	0	0	24	0	0	6	6	0	0	2	13	0	8	5	4	0	0	0	0	0	0	0	0	0	29	0
ASV242	0	0	0	0	0	0	0	0	0	0	0	0	0	0	9	0	0	27	48	0	0	0	0	10	11	0	0	6	0	0	0	3	0	20	0	0	0	0	0	0	0	0	0
ASV316	0	1	0	7	2	0	1	0	6	1	0	0	0	0	2	0	1	0	0	0	0	0	1	0	0	1	0	0	0	0	0	1	0	0	0	0	57	2	12	55	0	0	0
ASV280	20	39	0	13	3	2	12	0	15	0	0	0	2	0	0	0	0	0	0	0	0	0	13	0	0	0	9	4	6	1	0	7	0	0	0	0	0	0	0	0	0	0	0
ASV287	2	0	0	0	0	66	0	0	16	0	0	0	0	0	0	0	0	0	0	0	20	0	0	0	28	0	0	0	0	0	0	0	0	0	0	0	0	0	3	0	0	0	4
ASV1657	2	0	1	0	3	9	0	1	1	0	0	1	0	1	0	2	0	0	1	0	0	0	3	0	0	0	1	0	7	2	4	3	0	0	6	4	20	4	13	2	9	23	9
ASV263	0	0	0	3	0	57	0	0	0	0	0	0	0	0	10	0	0	0	0	0	12	0	0	0	0	0	0	6	0	0	7	0	0	36	0	0	0	3	0	0	0	0	8
ASV502	0	11	0	2	7	0	2	6	0	0	0	7	1	19	1	0	0	20	0	0	0	0	0	0	0	0	1	15	4	0	0	0	0	0	5	2	25	0	4	0	1	0	0
ASV256	4	7	4	3	16	1	8	5	0	0	0	0	0	0	8	0	27	0	0	0	0	16	8	0	0	0	3	4	4	0	8	5	0	0	0	0	0	0	0	0	0	0	0
ASV425	23	10	4	11	7	1	0	0	5	0	0	0	2	0	2	0	0	6	0	0	0	0	14	0	0	0	11	22	2	0	0	1	0	0	0	0	0	0	0	0	0	0	0
ASV258	8	16	8	7	17	1	1	0	8	0	0	0	9	13	0	0	0	0	0	0	0	0	1	8	0	0	14	0	6	3	0	9	0	0	0	0	0	0	0	0	0	0	0
ASV320	1	4	4	0	3	6	1	2	0	0	0	0	0	0	1	1	12	15	0	1	0	10	1	2	4	7	0	4	0	0	2	2	1	0	0	0	0	0	1	0	0	52	0
ASV259	0	18	9	1	7	2	0	20	0	0	0	0	4	0	0	0	0	0	0	0	0	0	0	14	0	0	0	0	1	16	3	9	0	0	0	0	14	0	0	6	0	0	0
ASV265	0	3	0	0	18	6	0	0	0	0	0	0	0	0	0	0	0	0	0	0	0	0	2	0	0	0	8	1	3	0	0	0	61	36	0	0	0	0	0	0	0	0	0
ASV266	2	3	61	14	0	1	7	0	11	0	0	0	0	0	1	0	0	0	0	0	0	0	6	0	0	0	14	3	3	0	0	6	0	0	0	0	0	0	0	0	0	0	0
ASV291	0	1	0	119	0	2	1	0	0	0	0	0	0	5	0	0	0	0	0	0	0	0	0	0	0	0	0	0	0	0	0	0	0	0	0	0	0	0	0	0	0	0	0
ASV314	0	0	0	0	0	108	0	0	0	0	0	0	0	0	3	0	0	0	8	0	0	0	1	0	0	0	0	0	2	0	0	0	0	0	0	0	0	0	0	3	0	1	0
ASV633	0	0	1	2	0	45	0	0	0	0	1	0	0	0	0	0	10	4	0	7	16	2	3	5	0	1	9	0	0	0	1	0	0	0	2	1	13	3	0	0	2	0	2
ASV274	12	4	0	2	0	1	0	0	0	0	0	0	3	0	0	0	0	0	0	0	0	0	109	0	0	0	0	0	4	0	0	0	0	0	0	0	0	0	0	0	0	0	0
ASV311	3	0	1	9	9	4	8	2	0	7	0	7	0	29	5	0	0	0	0	0	0	0	3	0	0	0	3	0	13	8	11	6	0	0	0	0	0	0	1	0	0	0	0
ASV289	1	3	0	0	0	0	1	0	0	1	0	0	1	0	2	0	0	0	0	0	0	0	2	0	0	0	2	2	0	1	3	0	0	0	24	7	0	13	54	0	3	0	3
ASV251	0	0	0	0	0	0	0	0	0	0	0	0	0	0	10	0	0	0	0	0	0	0	0	0	0	73	0	0	0	0	0	0	38	0	0	0	0	0	0	0	0	0	0
ASV301	0	0	12	0	5	0	0	39	0	0	0	0	0	0	0	0	0	0	0	0	0	0	7	0	0	0	0	0	0	0	0	0	0	0	0	0	0	12	0	0	1	39	6
ASV277	14	5	2	8	2	2	1	0	1	0	0	4	5	18	0	0	0	0	0	0	0	0	6	0	0	27	0	0	13	0	1	3	0	0	0	0	0	0	0	0	0	0	0
ASV400	1	1	6	0	3	2	1	2	0	0	0	0	1	0	0	0	0	0	0	0	0	0	1	1	0	0	3	3	3	0	2	0	0	0	29	15	0	22	26	0	2	2	2
ASV244	0	94	0	0	0	0	3	0	0	0	0	0	0	0	0	0	0	0	0	0	0	0	0	0	0	0	0	1	0	0	0	22	0	0	0	0	0	0	0	0	0	0	0
ASV267	7	8	0	0	0	3	0	0	0	0	0	11	0	0	0	0	0	0	0	0	0	0	0	0	0	0	0	13	15	0	0	0	0	0	0	0	9	0	0	0	1	38	16
ASV326	0	0	0	4	4	0	0	0	0	0	0	0	0	10	0	0	0	0	0	0	0	0	1	0	0	0	3	0	0	0	3	0	0	94	0	0	0	0	0	0	0	1	1
ASV281	21	1	2	0	4	1	0	0	44	0	0	11	0	0	0	2	0	0	0	0	0	0	7	0	0	0	3	4	0	2	5	0	0	0	0	0	0	0	0	0	0	0	0
ASV292	11	4	0	9	2	4	1	3	0	2	0	0	5	0	4	0	0	0	0	0	0	0	1	0	0	0	2	3	2	0	3	0	0	0	0	0	41	2	11	0	0	0	0
ASV307	4	0	0	0	0	63	0	0	0	0	0	0	0	0	0	0	0	0	0	0	0	0	0	11	0	39	0	0	0	0	0	0	0	0	0	0	0	0	3	0	0	0	5
ASV273	0	0	0	0	0	0	0	0	0	0	0	0	0	0	0	0	0	0	0	0	0	0	0	0	0	0	0	0	0	0	0	0	0	0	6	5	96	0	2	0	13	0	0
ASV288	0	0	0	0	0	6	0	0	0	0	0	0	0	0	0	0	0	0	0	121	0	0	0	0	0	0	0	0	0	0	0	0	0	0	0	0	0	0	0	0	0	0	0
ASV284	9	0	5	0	0	0	0	0	0	0	0	0	0	0	0	23	0	0	0	9	0	0	5	0	0	0	0	0	0	0	0	0	0	0	3	0	10	1	1	0	0	40	13
ASV283	0	0	0	0	0	0	0	0	0	0	0	0	0	0	0	0	0	0	0	0	0	0	0	0	0	0	0	0	0	0	0	0	0	0	15	3	85	0	7	0	16	0	0
ASV270	0	0	0	0	0	0	8	0	0	0	0	0	15	0	0	0	0	0	0	0	0	0	0	0	0	0	0	0	0	0	0	0	0	0	0	0	0	0	0	0	0	83	0
ASV279	0	0	0	0	0	81	0	0	0	0	1	0	0	7	0	0	0	1	0	0	0	0	0	0	0	0	3	0	2	0	0	3	0	17	0	0	1	0	0	6	0	0	2
ASV450	0	0	0	0	0	48	0	1	15	0	1	2	0	0	3	6	2	8	0	0	0	0	0	0	1	16	0	1	1	1	2	0	0	0	0	0	1	0	2	0	0	0	8
ASV262	0	0	21	0	0	0	0	0	0	0	0	0	0	8	0	0	0	0	0	0	0	0	0	0	0	0	0	0	2	0	0	5	0	85	0	0	0	0	0	0	0	0	0
ASV286	2	10	0	0	0	0	3	0	11	0	0	0	8	0	0	0	0	0	0	0	0	0	0	0	0	0	4	13	0	0	0	0	0	0	0	0	0	0	0	0	0	71	0
ASV305	3	3	0	5	6	0	10	4	0	0	0	8	13	0	0	0	0	0	0	0	0	0	13	0	0	0	11	1	6	3	5	5	0	0	12	4	0	0	3	0	0	0	0
ASV424	0	0	4	7	4	46	1	0	0	0	0	0	0	0	9	0	0	24	7	0	0	0	0	0	0	0	0	0	1	0	6	0	0	0	1	0	2	0	0	2	0	0	2
ASV323	10	3	0	16	0	1	0	0	0	0	0	0	0	1	0	12	0	0	0	0	0	0	12	0	0	0	0	0	11	0	1	21	0	1	0	0	0	0	0	0	0	36	0
ASV373	0	0	2	0	0	37	0	0	0	0	0	0	0	16	0	0	0	0	0	0	0	8	0	4	0	26	0	0	0	1	0	0	5	0	1	0	0	0	0	7	0	0	5
ASV429	0	0	0	0	1	0	0	0	0	0	0	0	0	0	0	0	1	0	0	0	0	0	0	0	0	0	0	0	0	0	0	0	0	1	2	0	0	7	0	0	103	0	0
ASV271	0	0	0	0	0	4	0	0	101	0	0	0	0	0	0	0	0	0	0	0	0	0	0	0	0	0	5	0	1	9	0	0	0	0	0	0	0	0	0	0	0	0	0
ASV293	14	0	0	0	12	0	3	0	10	0	0	0	0	0	0	0	0	0	0	0	7	0	6	0	0	49	0	0	4	0	0	1	0	0	0	0	0	0	0	0	0	0	0
ASV299	0	0	0	0	0	78	0	14	0	0	0	0	0	0	0	0	0	0	0	0	0	0	0	0	0	0	0	0	5	0	20	0	0	0	1	1	0	0	1	0	0	0	0
ASV278	9	11	0	0	0	6	8	0	0	0	0	0	3	0	5	0	0	0	0	0	0	0	2	0	0	0	1	5	10	0	0	23	0	0	0	0	0	1	1	0	0	25	4
ASV269	0	14	0	0	9	1	0	0	0	0	0	0	21	0	0	0	0	0	0	0	0	0	2	0	0	0	4	0	19	9	0	10	0	23	0	0	0	0	0	0	0	0	0
ASV312	0	10	0	7	12	1	5	4	0	0	0	0	8	0	0	0	0	0	0	0	0	0	8	0	0	0	18	12	7	4	0	0	0	0	0	0	0	0	0	0	0	0	0
ASV290	2	12	0	3	15	2	7	6	0	0	0	1	0	0	0	0	0	3	0	0	0	16	9	0	0	0	19	7	4	0	3	7	0	0	0	0	0	0	0	0	0	5	0
ASV295	30	4	11	9	1	1	0	0	0	0	0	0	14	0	0	0	0	0	0	0	0	0	3	0	0	0	24	2	9	0	2	0	0	0	0	0	0	0	0	0	0	0	0
ASV304	23	12	0	1	4	0	6	12	5	0	0	0	0	0	0	0	0	0	0	0	0	0	6	0	0	0	3	3	10	2	0	8	0	0	3	2	0	0	0	0	0	5	0
ASV354	0	8	0	14	21	1	0	1	3	0	0	0	2	0	0	0	0	0	0	0	0	0	9	0	0	0	13	31	3	5	2	2	0	0	0	0	0	0	0	0	0	0	0
ASV297	0	7	0	0	0	3	0	0	32	0	0	0	0	1	0	0	0	0	0	0	0	0	8	0	0	0	40	1	4	0	0	0	0	0	0	0	0	4	7	0	0	0	0
ASV303	3	0	0	0	0	11	0	0	0	0	0	0	0	0	0	0	0	0	0	0	0	0	0	0	0	0	0	0	0	0	2	0	0	0	6	2	0	2	0	12	4	70	0
ASV351	5	1	0	2	1	0	0	2	0	0	0	0	0	0	0	0	0	0	0	0	0	0	4	0	0	0	4	5	3	2	0	0	0	0	0	0	0	3	0	0	1	0	74
ASV1129	2	1	1	0	1	0	0	1	0	0	0	1	0	1	0	0	0	0	4	0	0	0	3	0	0	0	3	1	5	1	5	0	0	0	1	0	4	0	1	0	0	0	73
ASV294	0	0	5	1	2	5	1	0	0	0	0	4	2	0	0	15	2	0	0	0	0	24	0	0	0	0	0	0	0	0	0	0	28	0	1	0	6	0	0	4	0	0	0
ASV746	0	0	0	0	0	0	0	0	0	0	0	0	0	0	0	0	0	0	0	0	6	95	0	0	0	0	0	0	0	0	0	0	0	0	0	0	0	0	0	0	0	0	0
ASV306	0	7	17	7	11	0	0	0	0	0	0	0	0	0	0	0	0	0	0	0	0	0	0	0	0	0	9	23	12	8	1	8	0	0	0	0	0	0	0	0	0	0	0
ASV302	0	0	0	0	0	0	0	0	6	0	0	0	0	0	0	0	0	0	0	0	0	0	1	0	1	0	0	0	0	5	0	0	0	0	0	0	0	0	0	0	0	95	2
ASV398	0	0	0	1	0	27	0	0	0	0	1	0	1	4	4	0	11	30	5	0	0	6	1	0	0	0	0	0	0	0	8	0	0	0	0	0	0	0	0	3	0	2	0
ASV313	0	0	0	0	0	0	0	0	0	0	0	0	0	0	0	0	0	0	0	0	0	0	0	0	0	0	0	0	0	0	0	0	0	0	10	7	0	59	36	0	0	0	0
ASV308	10	7	1	1	23	2	6	8	0	0	0	1	2	1	0	0	0	3	0	0	0	0	1	0	0	0	18	5	4	2	2	0	0	0	0	0	0	0	0	0	0	0	0
ASV310	4	12	0	0	0	0	0	0	0	0	0	21	0	9	0	0	0	0	0	0	0	0	0	0	0	0	0	0	0	0	0	0	0	0	0	1	0	0	0	0	0	38	8
ASV321	3	0	0	10	0	1	0	1	9	0	0	5	0	0	0	0	0	0	0	0	0	0	1	0	0	0	4	4	3	0	1	2	18	0	0	0	0	0	0	0	0	38	0
ASV328	0	0	1	72	5	1	1	0	0	0	0	0	0	0	0	0	0	0	0	0	0	0	2	0	0	0	2	5	0	0	0	4	0	0	0	0	0	0	1	0	0	3	0
ASV345	2	0	0	0	1	0	0	1	0	0	0	0	0	0	0	0	1	0	0	0	0	0	2	0	0	0	0	0	0	2	0	0	0	0	39	28	0	11	10	4	0	0	0
ASV343	0	0	0	92	0	0	0	0	0	0	0	0	0	0	3	0	0	0	0	0	0	0	2	0	0	0	0	0	0	1	0	0	0	0	0	0	0	0	0	0	0	0	0
ASV361	0	0	0	0	0	11	0	0	0	0	0	79	12	0	0	0	0	0	0	0	0	0	0	0	0	0	0	0	1	1	0	0	0	0	0	0	0	0	0	0	0	0	0
ASV495	18	9	5	4	0	1	0	0	0	10	0	0	5	0	3	0	0	0	0	0	0	0	8	0	0	0	10	12	3	2	3	3	0	0	0	0	0	0	0	0	0	0	0
ASV339	0	0	0	0	0	0	0	0	0	0	0	0	0	0	0	0	0	0	0	0	0	0	0	0	0	0	0	0	0	0	0	0	0	0	0	0	0	0	0	0	0	95	3
ASV317	1	0	0	3	5	0	3	16	0	0	0	3	0	0	0	0	0	0	0	0	0	0	2	0	0	0	0	3	29	28	0	0	0	2	0	0	0	0	0	0	0	4	0
ASV318	10	6	2	7	24	1	0	2	1	3	0	0	2	0	0	0	0	0	0	0	0	0	7	0	0	0	18	4	0	0	7	2	0	0	0	0	0	0	0	0	0	0	0
ASV336	0	0	0	0	0	76	0	0	0	0	0	0	0	0	0	0	0	0	0	0	0	0	0	0	0	22	0	0	0	0	0	0	0	0	0	0	0	0	0	0	0	0	0
ASV329	20	10	3	6	2	2	2	2	0	0	0	2	17	0	0	0	0	0	0	0	0	0	0	0	0	0	9	10	3	0	3	0	0	0	0	0	0	0	1	0	0	0	0
ASV352	12	11	15	5	4	0	0	0	0	0	0	0	14	0	0	0	0	0	0	0	0	0	6	0	0	0	15	4	0	3	1	0	0	0	0	0	0	0	0	0	0	0	0
ASV324	2	4	7	10	4	0	8	0	0	10	0	1	0	1	0	0	0	0	0	0	0	0	12	0	8	0	4	9	8	2	4	0	0	0	0	0	0	0	0	0	0	4	0
ASV555	2	3	1	8	3	0	7	0	11	0	0	0	3	0	0	0	0	0	0	0	0	0	0	0	0	0	4	1	0	3	2	0	0	0	0	0	31	1	0	0	3	11	0
ASV357	12	2	3	0	13	0	0	0	11	6	0	0	7	0	0	0	0	0	0	0	0	0	3	0	0	0	8	0	7	1	0	0	0	0	0	0	0	0	0	0	0	1	7
ASV376	0	0	0	1	0	1	2	1	2	4	0	0	0	0	0	0	0	1	0	0	0	0	0	0	0	0	0	0	0	0	1	2	0	1	0	0	0	0	0	0	0	76	0
ASV405	0	0	0	0	0	0	0	0	0	0	0	0	0	0	0	0	0	0	0	0	0	0	0	0	0	0	0	0	3	0	0	3	0	0	21	21	0	15	15	0	0	0	0
ASV441	0	0	0	1	0	0	0	3	1	2	0	5	0	0	0	0	0	4	0	1	0	0	0	0	1	0	1	0	1	0	0	0	13	0	0	0	0	0	0	0	0	46	6
ASV341	25	2	4	2	3	1	0	4	0	0	0	0	0	0	0	0	0	0	0	0	0	0	12	8	0	0	8	0	3	0	1	10	0	0	0	0	0	0	0	0	0	0	0
ASV348	9	0	0	0	0	0	0	0	0	0	0	0	0	0	0	0	0	0	0	45	0	0	0	0	0	2	0	26	0	0	16	0	0	0	0	0	0	0	0	0	0	0	0
ASV362	0	2	0	2	1	0	0	4	0	0	0	4	2	0	3	0	0	0	0	0	0	0	2	0	0	18	8	0	1	3	0	7	0	0	0	0	0	0	0	0	0	21	0
ASV371	0	0	0	0	0	0	7	0	0	0	0	0	0	0	0	0	0	0	0	0	0	0	0	0	0	0	0	11	0	0	0	0	0	0	0	0	1	40	19	0	1	0	0
ASV381	0	3	0	0	0	4	0	0	1	0	0	1	0	0	0	0	6	0	0	0	0	0	2	0	0	0	0	1	0	0	4	0	0	0	22	2	0	8	21	0	0	0	8
ASV342	8	5	3	5	3	1	12	0	12	4	0	0	0	0	0	0	0	0	0	0	0	0	13	0	0	0	5	4	2	2	0	0	0	0	0	0	0	0	0	0	0	0	0
ASV327	0	10	0	0	0	0	0	0	22	0	0	0	0	0	11	0	0	0	0	0	0	0	2	0	0	0	3	12	9	0	8	0	0	0	0	0	0	0	0	0	0	0	0
ASV350	0	0	0	0	4	0	0	0	0	0	0	0	0	0	0	0	0	0	0	0	0	0	1	0	0	0	0	2	0	0	0	4	0	0	0	0	0	0	0	0	0	79	0
ASV337	10	0	0	0	0	3	9	0	0	0	0	11	0	0	0	0	0	0	0	0	0	0	11	0	0	0	7	0	8	2	0	0	0	0	0	0	17	0	4	9	0	0	0
ASV493	0	3	0	0	0	0	0	0	37	0	0	14	9	0	0	0	0	0	0	0	0	0	0	0	0	0	2	16	1	1	0	2	0	0	0	0	0	0	0	0	0	0	0
ASV1478	2	0	2	3	0	0	1	0	12	0	0	6	0	0	0	0	0	0	0	0	0	0	0	0	0	0	0	5	1	0	0	0	0	0	1	2	3	2	2	29	1	1	0
ASV340	0	1	0	0	0	0	0	38	0	0	0	0	0	0	0	0	0	0	0	0	0	0	0	0	0	0	0	0	0	0	0	0	0	0	8	0	0	1	0	0	3	32	0
ASV389	2	0	0	0	0	3	2	0	12	0	0	0	2	0	19	0	0	13	0	0	0	0	4	0	0	0	12	1	1	6	2	0	0	0	0	0	0	0	0	0	0	0	0
ASV330	0	0	0	0	2	0	3	0	0	1	0	7	2	0	8	0	0	0	0	0	0	0	0	0	0	0	0	0	2	0	0	4	48	0	0	0	0	0	0	0	0	3	4
ASV332	0	22	0	0	0	0	0	0	0	0	0	0	0	0	0	0	0	0	0	0	0	0	0	0	67	0	0	0	0	0	0	0	0	0	0	0	0	1	0	0	0	0	0
ASV353	1	3	5	0	10	1	0	0	8	0	0	4	0	6	0	0	0	0	0	0	0	0	0	0	0	0	0	0	2	0	2	0	0	0	0	0	0	1	8	0	0	36	0
ASV399	1	0	0	3	7	0	15	7	0	0	0	1	0	0	0	0	8	0	0	0	0	0	2	3	0	22	0	6	0	0	0	0	0	0	0	0	0	0	0	0	0	0	2
ASV471	0	0	0	0	0	0	0	0	0	0	0	0	0	0	0	0	0	0	0	0	0	0	0	0	0	0	0	0	0	0	0	0	0	0	4	2	5	1	5	0	0	68	0
ASV331	0	0	0	0	0	0	0	0	0	0	0	0	0	0	0	0	52	0	0	0	0	0	0	0	0	34	0	0	0	0	0	0	0	0	0	0	0	0	0	0	0	0	0
ASV364	0	0	0	0	0	0	0	0	0	0	0	0	0	0	0	0	0	0	0	0	0	0	0	0	0	0	0	0	0	0	0	0	0	0	0	3	0	8	8	0	63	0	0
ASV411	0	1	0	0	9	0	0	0	0	0	0	0	0	0	0	6	0	50	0	0	0	0	1	0	0	0	0	0	0	0	0	0	9	0	0	0	0	0	0	0	0	2	0
ASV344	0	0	0	0	0	0	0	0	0	0	0	0	0	0	0	0	0	0	0	0	0	0	0	0	1	0	0	0	0	35	0	0	0	0	2	0	0	0	0	0	1	51	0
ASV349	0	5	0	0	0	0	0	52	0	5	0	0	4	0	0	0	0	0	0	0	0	0	1	0	0	0	1	5	0	1	0	9	0	0	0	0	0	0	0	0	0	0	0
ASV438	0	0	0	0	0	0	0	0	0	0	0	0	0	0	0	0	0	0	0	0	0	0	1	0	2	0	1	0	0	0	0	0	0	0	0	0	7	1	0	58	0	7	0
ASV367	25	2	1	3	7	12	0	0	1	0	0	0	4	0	3	0	0	0	1	0	0	0	9	0	0	0	0	8	4	0	0	2	0	0	0	0	0	0	0	0	0	8	0
ASV550	6	1	0	8	5	1	4	0	6	0	0	0	2	0	0	0	0	0	0	0	0	0	16	0	0	0	5	10	3	0	3	8	0	0	0	0	0	0	0	0	0	0	0
ASV363	15	2	5	0	0	5	0	0	13	0	0	0	8	0	0	0	0	0	0	0	0	0	11	0	0	0	0	0	0	0	0	9	0	0	0	0	0	0	0	0	0	2	1
ASV355	0	0	1	0	0	0	0	0	0	0	0	0	0	0	0	0	0	72	0	0	0	0	0	0	0	0	0	0	3	0	0	0	0	0	0	0	0	0	0	0	0	0	0
ASV379	0	0	0	0	0	0	0	0	0	0	0	0	0	0	0	0	0	0	0	0	0	74	0	0	0	0	0	0	0	0	0	0	0	0	0	0	0	0	0	0	1	1	0
ASV406	0	13	2	0	9	0	0	0	0	1	0	5	9	0	5	0	0	0	0	0	0	0	10	0	0	0	13	0	6	0	0	1	0	0	0	0	0	0	0	0	0	0	0
ASV384	0	0	0	0	0	3	0	0	6	0	0	0	0	0	0	0	0	0	0	0	0	0	0	0	0	64	0	0	0	0	0	0	0	0	0	0	0	0	0	0	0	0	0
ASV369	3	5	0	6	0	0	5	0	0	0	0	8	0	0	0	0	1	0	0	0	0	0	7	0	0	0	5	5	17	1	2	2	0	0	2	1	0	0	2	0	0	0	0
ASV382	9	2	0	2	10	1	1	0	0	0	0	0	0	0	1	0	0	0	0	0	0	0	15	0	0	0	8	6	3	0	5	1	0	0	0	0	0	2	5	0	0	4	0
ASV417	18	5	0	10	0	0	13	1	0	0	0	0	6	0	0	0	0	0	0	0	0	0	6	0	0	0	3	0	8	2	0	1	0	0	0	0	0	0	0	0	0	0	0
ASV720	0	0	0	0	0	32	0	2	5	0	0	2	0	0	0	2	0	0	2	0	0	0	0	0	0	0	0	0	5	0	3	0	11	0	0	0	1	0	1	3	0	0	6
ASV1855	1	0	0	0	0	0	0	0	0	0	0	0	0	0	0	0	0	0	0	0	0	0	0	0	0	0	0	0	1	0	0	0	0	0	27	20	0	10	10	0	0	0	0
ASV372	0	0	0	0	0	0	0	0	0	12	0	0	0	0	0	0	0	40	0	0	0	0	0	0	0	25	0	0	0	0	0	0	0	0	0	0	0	0	0	0	0	0	0
ASV377	3	0	0	0	0	0	0	0	0	0	0	0	0	0	0	0	0	0	0	0	0	0	0	0	0	0	0	0	0	0	0	0	0	0	0	0	0	0	0	0	66	0	0
ASV346	15	0	19	0	0	13	1	14	0	0	0	0	0	0	0	0	0	0	0	0	0	0	2	0	0	0	10	0	0	0	0	0	0	0	0	0	0	0	0	0	0	4	0
ASV390	15	7	0	0	0	1	0	0	0	0	0	7	0	0	0	0	0	0	0	0	0	0	0	0	0	13	0	0	9	0	0	0	0	0	1	0	0	6	8	0	0	4	0
ASV396	6	2	3	1	4	0	1	0	0	0	0	0	2	0	0	0	0	0	0	0	0	0	2	0	0	0	4	3	1	2	0	0	0	0	0	0	0	19	16	0	2	0	0
ASV358	0	0	0	0	11	0	32	0	0	0	0	0	0	0	0	0	0	0	0	0	0	0	0	0	0	0	5	0	11	7	0	2	0	0	0	0	0	0	0	0	0	2	0
ASV394	1	0	0	3	0	36	0	0	0	0	0	0	0	0	0	0	29	0	0	0	0	0	0	0	0	0	0	0	0	0	0	0	0	1	0	0	0	0	0	2	0	1	0
ASV407	8	3	0	1	0	0	0	0	0	0	0	0	0	0	0	0	0	0	0	0	0	0	4	0	0	0	0	0	0	2	6	0	0	0	0	1	0	0	0	0	0	49	0
ASV547	19	4	1	4	3	0	0	0	0	0	0	2	0	0	0	0	0	0	0	0	0	0	0	0	0	0	5	9	3	1	0	0	0	0	2	1	0	7	5	0	0	7	0
ASV368	0	0	0	0	0	15	0	0	0	0	0	0	0	0	0	0	27	0	0	0	0	37	0	0	0	0	0	0	0	0	0	0	0	0	0	0	0	0	0	0	0	0	1
ASV392	16	0	0	12	3	1	4	0	3	0	0	0	4	0	0	0	0	0	0	0	0	0	3	0	0	0	3	7	2	0	2	7	0	0	0	0	0	0	0	0	0	0	0
ASV426	0	8	0	1	8	16	0	0	0	0	0	17	0	0	0	0	0	0	0	0	0	0	0	0	0	0	2	0	0	0	18	0	0	0	0	1	0	1	1	0	0	0	0
ASV463	0	1	0	0	0	34	0	0	0	0	62	0	0	0	0	0	0	0	0	0	0	0	0	0	0	0	0	0	0	0	7	0	0	0	0	0	0	0	0	0	0	0	0
ASV446	2	7	4	4	1	0	3	0	0	2	0	7	2	0	0	0	9	0	0	0	0	0	2	0	0	0	0	0	0	0	0	3	0	0	8	4	0	5	5	0	12	1	0
ASV518	0	0	0	0	0	21	0	0	0	0	0	0	0	0	0	0	0	0	0	0	0	0	2	0	0	0	4	3	0	0	43	0	0	0	0	0	0	0	0	0	0	0	0
ASV530	9	9	0	0	5	0	8	4	0	0	0	0	5	0	0	0	0	0	0	0	0	0	10	0	0	0	6	6	2	6	0	0	0	0	0	0	0	0	0	0	0	2	0
ASV491	1	5	5	0	0	41	0	0	0	0	0	0	0	0	5	0	0	0	0	0	0	0	0	0	0	0	2	0	0	1	1	0	0	12	0	0	0	0	0	3	0	0	2
ASV403	0	0	0	0	0	0	8	6	0	0	0	0	0	0	0	0	0	34	0	0	0	0	0	0	16	0	0	0	0	3	0	0	0	0	2	0	0	1	5	0	0	0	0
ASV374	0	0	0	0	0	0	1	0	0	19	0	0	0	0	0	0	0	27	0	0	0	0	0	0	0	15	0	0	0	0	0	0	14	0	0	0	0	0	0	0	0	0	1
ASV626	0	8	0	2	16	0	6	2	0	1	0	0	0	0	0	0	0	0	1	0	0	0	10	0	4	0	2	10	1	0	0	7	0	0	0	0	0	0	0	0	0	0	0
ASV412	21	0	0	0	3	0	0	0	0	0	0	0	0	0	0	0	0	0	0	0	0	0	1	0	0	0	5	0	0	0	0	0	0	0	0	0	0	0	0	0	0	37	0
ASV421	0	0	0	0	0	0	15	0	14	0	0	9	4	0	0	13	0	0	0	0	0	0	5	0	0	0	0	8	0	0	0	0	0	0	0	0	0	0	0	0	0	0	1
ASV433	0	2	0	5	0	1	3	0	0	0	0	4	8	0	3	0	0	0	0	0	0	0	0	0	0	19	6	0	1	2	4	4	0	12	0	0	0	0	0	0	0	0	0
ASV585	29	6	0	0	1	1	3	0	0	0	0	0	3	0	0	0	0	0	0	0	0	0	6	0	0	0	5	2	14	1	2	1	0	0	0	0	0	0	0	0	0	0	0
ASV464	20	6	0	4	3	2	1	1	0	0	0	0	8	0	0	0	0	0	0	0	0	0	7	0	0	0	0	3	2	1	0	3	0	0	0	0	0	0	0	0	0	0	0
ASV395	0	6	0	3	0	0	0	0	0	0	0	0	0	0	0	0	23	0	22	0	0	0	0	0	0	0	0	0	0	0	10	3	0	0	0	0	0	0	0	0	0	0	0
ASV375	0	0	0	0	0	12	0	0	0	0	0	0	0	0	0	0	0	23	0	0	0	0	0	0	25	0	0	0	0	0	0	0	0	0	0	1	0	0	0	0	0	0	0
ASV387	0	0	0	0	0	0	0	0	0	0	0	0	0	0	0	1	0	0	0	0	0	0	0	0	0	0	0	0	0	0	0	0	0	0	2	4	50	0	3	0	9	2	0
ASV418	0	0	0	0	0	0	0	0	0	0	0	0	1	0	1	0	0	0	0	0	0	0	0	0	0	0	1	0	0	0	0	0	0	6	2	0	43	2	4	6	0	4	1
ASV447	0	1	1	9	0	0	1	0	8	0	0	0	0	0	0	0	0	0	0	0	0	0	2	0	0	0	0	0	1	4	2	0	0	0	16	4	0	14	2	0	0	0	0
ASV456	0	0	0	0	0	58	0	0	0	0	0	0	0	0	0	0	0	0	0	0	0	0	0	0	0	0	0	10	0	0	0	0	0	0	0	0	0	0	0	3	0	0	0
ASV486	2	1	1	0	0	6	1	2	0	0	0	2	0	0	1	2	5	15	0	1	0	0	0	1	0	0	0	0	0	0	1	0	0	3	0	0	0	0	0	0	0	14	0
ASV541	2	0	3	0	1	1	2	0	0	0	0	0	0	0	0	0	1	0	0	0	0	0	1	0	0	0	4	2	0	2	0	0	0	0	0	0	0	0	1	0	37	2	7
ASV385	0	0	0	2	22	0	0	0	0	0	0	0	0	0	0	0	0	0	0	0	0	0	1	0	13	0	0	5	0	0	0	0	0	21	0	0	0	0	0	0	0	0	0
ASV413	0	4	2	2	5	0	5	0	0	0	0	0	0	6	0	0	0	0	0	0	6	0	0	0	0	30	0	0	0	1	0	1	0	0	1	0	0	0	0	0	0	0	0
ASV414	0	3	0	4	6	0	4	1	0	16	0	0	10	9	5	0	0	0	0	0	0	0	2	0	0	0	2	1	6	1	1	2	0	0	0	0	0	0	0	0	0	0	0
ASV605	2	1	0	0	0	1	8	0	0	0	0	0	0	0	3	0	0	0	0	1	0	0	0	0	0	0	0	0	5	0	6	7	0	0	7	4	0	5	2	0	7	6	2
ASV388	0	8	0	0	0	0	12	0	0	0	0	8	2	0	0	0	0	0	0	0	0	0	1	0	0	0	0	11	0	6	7	0	0	0	0	0	0	0	4	0	0	0	5
ASV393	0	3	0	0	7	0	4	0	0	0	0	0	4	0	0	0	0	0	0	0	0	0	0	0	46	0	0	0	3	5	0	3	0	0	0	0	0	0	0	0	0	0	0
ASV409	0	1	2	3	3	0	1	0	0	0	0	0	1	0	0	0	0	0	0	0	2	0	1	0	0	0	1	0	0	0	0	0	0	0	0	0	0	27	24	0	0	0	0
ASV419	25	0	10	0	0	0	4	0	0	0	0	0	7	0	0	0	0	0	0	0	0	0	2	0	0	0	0	2	0	2	0	6	0	0	0	0	0	0	1	0	0	0	0
ASV437	0	0	0	0	0	0	0	7	0	0	0	0	0	0	0	0	0	0	0	0	0	0	9	0	0	0	0	0	11	4	2	0	0	1	0	0	0	1	1	0	0	0	34
ASV442	0	0	0	56	0	0	1	0	0	0	0	0	0	0	0	0	0	0	0	0	0	0	0	0	0	0	0	0	1	1	1	4	0	0	0	0	0	0	0	0	0	0	0
ASV420	0	3	2	4	6	0	3	0	21	0	0	2	0	0	7	0	0	0	0	0	0	0	3	0	0	0	2	5	2	0	4	3	0	0	0	0	0	0	0	0	0	0	0
ASV402	2	0	0	8	10	0	0	0	0	0	0	0	0	0	0	0	0	0	0	0	0	0	2	0	0	19	6	2	1	15	0	0	0	0	0	0	0	0	0	0	0	0	0
ASV598	0	0	0	0	0	0	8	0	0	0	0	0	0	0	0	0	0	0	0	0	0	0	0	0	0	0	0	0	0	0	0	0	0	0	0	0	0	0	0	0	0	50	12
ASV696	0	0	0	0	1	0	52	0	0	0	0	0	1	0	0	0	0	0	0	0	0	0	0	0	0	0	0	0	0	0	0	0	0	0	0	0	0	0	0	0	0	0	0
ASV422	0	0	0	0	0	9	3	5	0	0	0	0	0	0	0	0	0	0	0	0	0	0	0	0	26	0	0	0	0	0	13	0	0	0	0	0	0	0	0	0	0	0	0
ASV436	25	4	0	2	0	1	0	3	10	0	0	0	0	0	0	0	0	16	0	0	0	0	2	0	0	0	1	0	2	0	0	0	0	0	0	0	0	0	0	0	0	0	1
ASV459	0	4	5	9	4	0	5	0	0	3	0	0	4	0	0	0	0	0	0	0	0	0	2	0	0	0	10	1	3	0	4	0	0	0	2	0	0	1	0	0	0	0	0
ASV472	5	3	0	2	2	1	0	1	1	1	0	0	4	0	2	0	0	0	0	0	0	0	9	0	0	0	12	9	2	2	1	8	0	0	0	0	0	0	0	0	0	0	0
ASV522	2	42	3	0	0	0	3	0	10	0	0	0	0	0	0	0	0	0	0	0	0	0	0	0	0	0	3	0	5	0	0	0	0	0	0	0	0	0	0	0	0	0	0
ASV1797	6	8	0	0	1	4	1	1	0	10	0	7	0	0	2	0	0	0	0	0	0	0	0	0	0	0	0	5	7	1	0	1	0	0	3	1	0	1	1	0	0	1	0
ASV391	0	0	16	3	11	7	0	0	18	0	0	0	0	0	0	0	0	0	0	0	0	0	0	0	0	0	10	0	0	0	0	5	0	0	0	0	0	0	0	0	0	0	0
ASV591	8	4	2	0	0	0	6	0	0	5	0	0	0	0	5	0	0	0	0	0	0	10	0	0	0	0	0	0	3	0	0	0	17	0	1	0	0	0	0	2	0	1	0
ASV423	0	10	0	0	0	8	0	0	0	0	0	0	9	0	0	0	0	0	0	0	0	0	0	0	0	0	0	0	5	0	0	0	0	0	0	0	0	0	0	0	0	17	13
ASV466	0	0	0	0	0	0	0	0	0	0	0	0	0	0	0	0	0	0	0	0	0	0	0	0	0	0	2	0	0	0	0	0	0	0	12	2	0	29	17	0	0	0	0
ASV894	3	0	0	0	0	0	7	0	0	0	0	2	0	0	0	0	23	0	0	27	0	0	0	0	0	0	0	3	0	0	0	0	0	0	0	0	0	0	0	0	0	0	0
ASV386	7	0	0	3	8	0	0	3	13	0	0	0	0	0	0	0	0	0	0	0	0	0	2	0	0	0	2	7	1	0	6	13	0	0	0	0	0	0	0	0	0	0	0
ASV478	0	0	0	0	0	27	0	0	0	0	0	0	0	0	0	0	0	0	12	0	0	9	0	0	0	11	0	4	0	0	0	0	0	0	0	0	0	0	0	0	0	0	0
ASV531	9	4	1	5	0	0	0	0	2	8	0	0	0	0	0	0	0	0	0	0	0	0	10	0	0	0	3	7	6	0	0	2	0	0	0	1	0	0	0	0	0	0	0
ASV538	0	0	0	0	0	59	0	0	0	0	0	0	0	4	0	0	0	0	0	0	0	0	0	0	0	0	0	0	0	0	0	0	0	0	0	0	0	0	0	0	0	0	1
ASV451	18	4	2	4	4	0	5	2	7	0	0	0	0	3	0	0	0	0	0	0	0	0	0	0	0	0	6	5	0	0	0	3	0	0	0	0	0	0	0	0	0	0	0
ASV506	10	8	0	3	8	4	2	0	0	1	0	1	3	0	0	0	0	0	0	0	0	0	0	0	0	0	7	9	4	0	3	0	0	0	0	0	0	0	0	0	0	0	0
ASV1306	0	0	0	4	2	0	8	0	6	0	0	0	4	0	0	0	0	0	0	0	0	0	0	0	0	0	0	0	2	0	2	1	24	0	0	0	3	0	2	0	0	0	0
ASV397	0	0	0	0	13	0	0	0	0	0	0	0	0	0	0	0	0	0	0	0	0	0	0	24	0	15	1	0	0	0	0	2	0	0	0	0	0	0	0	0	0	0	0
ASV415	0	0	0	0	0	0	0	0	0	0	0	0	0	0	0	0	0	0	0	0	0	39	0	0	0	0	0	0	0	0	0	0	0	0	0	0	0	0	0	0	0	18	0
ASV445	0	0	0	3	49	0	0	0	0	0	0	0	0	0	0	0	0	0	0	0	0	0	1	0	0	0	0	2	4	0	0	5	0	0	0	0	0	0	1	0	0	0	0
ASV474	1	2	0	7	4	0	0	3	0	4	0	0	0	0	0	0	8	23	0	0	0	0	0	0	0	0	0	4	0	0	0	0	0	0	0	0	0	0	0	0	0	0	0
ASV515	3	10	0	2	5	1	0	4	2	0	0	1	2	0	0	0	0	0	0	0	0	0	6	0	0	0	0	12	1	0	2	1	0	0	0	0	0	0	0	0	0	0	0
ASV790	0	0	4	3	0	0	10	0	0	0	0	0	2	0	0	0	0	0	0	0	0	20	3	0	0	0	6	0	0	0	0	7	0	0	1	1	0	0	4	0	0	3	0
ASV408	0	0	0	0	0	0	0	0	0	0	0	0	0	0	0	0	0	0	0	0	0	0	0	0	0	34	0	0	0	0	0	0	19	0	0	0	1	0	0	0	0	0	0
ASV427	0	0	0	0	0	0	0	0	0	0	0	0	0	0	0	0	0	0	0	0	0	0	0	0	0	0	0	0	19	0	18	0	0	0	2	0	0	0	0	0	0	17	0
ASV475	0	0	0	2	1	0	1	1	0	0	0	8	4	7	2	0	0	0	0	0	0	1	2	0	0	0	15	3	2	3	1	0	0	0	0	0	0	0	0	0	2	0	0
ASV514	0	0	5	0	0	6	0	0	10	0	0	1	5	0	4	0	0	0	0	0	0	0	6	0	0	0	13	1	1	2	6	3	0	0	0	0	0	0	0	0	0	0	0
ASV763	0	6	0	0	0	12	2	0	0	0	0	0	2	0	5	0	12	0	0	0	0	0	5	0	11	0	0	0	2	0	0	4	0	0	0	0	0	0	0	0	0	0	1
ASV582	0	0	0	0	0	39	0	0	0	0	0	7	0	0	9	0	0	0	0	0	0	0	0	0	0	0	0	0	0	0	0	0	0	0	0	0	0	0	0	0	0	0	0
ASV744	1	0	1	12	8	0	1	0	6	0	0	5	2	5	0	0	0	0	0	0	0	0	2	0	0	0	4	1	7	2	1	2	0	0	0	0	0	0	1	0	0	0	0
ASV444	0	3	0	0	0	2	0	0	0	0	0	0	0	0	0	0	0	0	0	0	0	0	2	0	0	0	0	0	2	1	0	0	0	0	1	1	0	8	2	0	1	1	32
ASV462	0	6	0	0	1	1	0	0	0	0	0	4	0	0	0	0	0	0	0	0	0	0	0	0	1	0	3	0	0	0	0	0	0	0	0	0	0	0	0	0	0	48	0
ASV1092	0	0	0	0	4	21	0	0	0	0	0	0	0	0	0	0	14	1	0	0	0	9	2	0	0	0	0	0	4	0	0	0	0	0	0	0	0	0	0	4	0	0	2
ASV453	0	0	0	0	0	0	0	0	0	0	0	0	0	0	0	0	0	0	0	0	0	0	0	0	0	0	1	0	0	0	0	0	0	0	10	1	27	4	3	8	0	0	0
ASV512	0	0	0	5	0	0	3	0	0	0	0	0	0	11	0	0	0	0	0	0	0	0	0	0	0	0	0	0	0	0	0	0	0	0	0	0	0	0	4	0	0	1	33
ASV482	9	3	0	1	0	3	0	0	0	0	0	0	0	0	3	0	0	0	0	0	0	12	0	0	0	0	0	5	1	0	8	2	0	0	0	0	0	0	0	0	0	2	0
ASV440	1	15	0	0	0	0	3	0	0	0	0	0	0	0	0	0	0	0	0	0	0	0	4	0	0	0	0	6	0	0	2	0	21	0	0	0	0	0	0	0	0	0	0
ASV693	0	0	0	0	0	0	0	0	0	0	0	0	0	0	0	0	0	0	0	0	0	0	0	0	1	0	1	2	0	0	0	0	0	0	0	0	0	0	0	1	52	0	0
ASV716	0	0	0	0	0	19	4	0	0	0	31	0	0	0	0	1	0	0	0	0	0	0	0	0	0	0	0	0	1	3	4	0	0	0	0	0	0	0	0	3	0	0	2
ASV1280	0	0	0	0	0	44	0	0	0	0	0	0	0	1	0	0	0	0	0	0	0	0	0	0	0	0	0	0	0	0	6	0	0	0	0	0	0	0	0	0	0	0	0
ASV435	0	0	0	0	3	1	6	0	0	0	0	0	1	0	0	0	0	0	0	0	0	0	0	0	0	0	4	0	1	0	0	8	0	0	0	0	14	0	0	4	0	0	0
ASV454	2	0	0	0	0	8	0	0	0	0	0	0	0	14	0	0	0	0	0	0	0	0	6	0	0	0	5	14	0	0	0	7	0	0	0	0	0	0	0	0	0	0	0
ASV457	22	10	0	9	0	0	0	0	0	0	0	0	0	0	0	0	0	0	0	0	0	0	1	0	0	0	8	4	2	0	0	0	0	0	0	0	0	0	0	0	0	0	0
ASV569	0	0	0	0	0	22	0	0	2	0	0	0	0	0	2	0	0	0	0	0	0	0	0	9	1	6	0	0	1	0	7	0	0	1	0	0	0	1	0	0	0	1	0
ASV477	0	5	2	0	5	0	0	0	0	0	0	4	5	9	0	0	0	0	0	0	0	0	2	0	0	0	2	10	2	0	2	3	0	0	0	0	0	0	0	0	0	0	1
ASV499	0	0	0	0	0	0	0	0	18	0	0	0	0	0	1	0	0	0	0	0	0	0	0	0	0	0	0	0	0	0	3	0	0	0	3	6	0	2	1	0	0	0	11
ASV501	0	0	0	0	0	18	0	0	0	0	0	0	0	0	0	0	0	0	0	0	5	0	0	0	0	0	0	0	0	2	0	0	24	0	0	0	2	0	0	0	0	0	1
ASV701	0	0	0	0	0	48	0	0	0	0	0	0	0	0	0	0	0	0	0	0	0	0	0	0	0	0	0	0	0	0	6	0	0	0	0	0	0	0	0	0	0	0	0
ASV498	0	0	5	0	13	0	0	0	0	0	0	0	0	0	0	0	0	0	9	20	0	0	0	0	0	0	0	0	0	0	0	0	0	0	0	0	0	0	0	0	0	0	0
ASV455	0	0	0	14	0	0	0	0	0	0	0	0	0	0	0	0	0	0	32	0	0	0	0	0	0	0	4	0	0	0	0	0	0	0	0	0	0	0	0	0	0	0	0
ASV465	0	0	0	4	0	0	0	0	0	0	0	0	0	1	7	0	0	0	0	0	0	0	0	0	0	0	7	0	0	1	3	0	0	0	5	5	0	3	6	0	0	0	6
ASV470	0	0	0	0	0	0	0	0	0	0	0	0	0	0	0	0	0	7	20	0	0	20	0	0	0	0	0	0	0	0	0	0	0	0	0	0	0	0	0	0	0	0	0
ASV507	0	0	1	9	4	0	0	0	0	0	0	0	0	13	0	0	0	0	0	0	0	0	2	0	0	0	6	3	6	1	8	4	0	0	0	0	0	0	0	0	0	0	0
ASV645	0	0	0	0	0	38	0	0	0	0	0	0	6	2	0	0	0	0	0	0	0	0	0	0	0	0	0	2	0	0	3	0	0	0	0	0	0	0	0	1	0	0	0
ASV783	2	7	2	0	5	0	2	0	2	5	0	0	0	6	3	0	0	0	0	1	0	0	1	0	0	8	3	3	1	2	3	0	0	0	0	0	0	0	0	0	0	0	0
ASV469	0	3	0	0	0	0	0	0	0	2	0	6	0	0	0	0	0	0	11	0	0	0	0	17	0	0	0	1	3	0	0	0	0	12	0	0	0	0	0	0	0	0	0
ASV897	16	3	0	0	5	0	3	1	5	0	0	0	1	0	6	0	0	0	0	0	0	0	2	0	0	0	0	0	2	0	0	4	0	0	0	0	0	0	0	0	0	0	0
ASV480	0	0	0	2	0	0	0	0	14	0	0	0	0	11	0	0	0	0	0	0	0	0	0	0	0	0	3	0	0	0	0	0	17	0	0	0	0	0	0	0	0	0	0
ASV557	0	0	0	0	0	13	1	0	0	0	0	0	0	0	0	0	0	0	0	0	0	0	0	0	0	37	0	0	0	0	0	0	0	0	0	1	0	0	0	0	0	0	0
ASV476	2	9	0	0	6	2	4	2	0	10	0	0	0	0	0	0	0	0	0	0	0	0	1	0	0	0	2	0	4	1	5	0	0	0	0	0	0	0	0	0	0	3	0
ASV509	0	0	0	0	0	17	0	0	0	0	0	0	0	0	0	0	0	0	0	0	0	0	0	0	0	0	0	0	0	0	0	0	0	35	0	0	0	0	0	0	0	0	0
ASV539	0	0	0	0	0	48	0	0	0	0	0	0	0	0	0	0	0	0	0	0	0	0	0	0	0	0	0	0	0	0	0	0	0	0	0	0	6	0	0	0	0	0	0
ASV857	41	2	0	0	1	0	1	1	1	0	0	0	1	0	1	0	0	0	0	0	0	0	0	0	0	0	4	0	4	0	0	1	0	0	0	0	0	0	0	0	0	0	0
ASV492	3	8	0	0	5	0	2	0	3	0	0	6	3	0	0	0	0	0	0	0	0	0	4	0	0	0	3	0	0	1	13	0	0	0	0	0	0	0	0	0	0	0	0
ASV722	0	7	0	2	3	0	16	4	0	0	0	0	0	7	0	0	0	0	0	0	0	0	0	0	0	0	0	1	8	0	3	0	0	0	0	0	0	0	0	0	0	0	0
ASV473	0	10	0	0	1	0	3	0	0	0	0	0	0	0	0	0	0	0	0	0	0	0	5	0	0	0	0	0	0	0	0	0	0	0	1	1	0	3	0	0	0	20	1
ASV544	0	0	0	0	0	2	0	0	5	6	0	0	0	0	0	0	0	0	0	0	0	0	0	0	0	32	0	0	0	0	0	0	0	0	0	0	0	0	0	0	0	0	0
ASV595	0	0	0	0	0	6	0	0	24	0	0	3	0	0	0	13	0	0	0	0	0	0	0	0	0	0	1	0	0	1	0	0	0	0	0	0	0	2	0	2	0	0	0
ASV545	0	0	0	0	0	0	0	0	0	0	0	45	0	0	0	0	0	0	0	0	0	0	0	0	0	0	0	0	6	0	0	0	0	0	0	0	0	0	0	0	0	0	0
ASV628	0	0	0	0	0	26	0	0	0	0	0	0	0	0	0	0	0	0	0	0	0	0	0	22	0	0	0	0	0	0	0	0	0	0	0	0	0	0	0	0	0	0	0
ASV576	1	0	0	4	0	0	0	0	0	0	0	0	2	0	0	0	0	0	0	0	0	0	3	0	0	0	0	1	0	1	0	0	0	0	0	0	0	0	0	0	0	35	0
ASV800	0	0	0	0	0	27	0	0	0	0	0	0	0	0	0	0	0	0	0	0	0	0	0	6	0	0	0	0	0	0	0	0	11	0	0	0	5	0	0	0	0	0	0
ASV452	0	0	0	0	0	0	0	0	0	0	0	0	0	0	0	0	0	0	0	0	0	0	0	0	0	0	0	0	0	0	0	0	0	43	0	0	0	0	0	0	0	1	0
ASV481	0	0	15	0	0	10	0	6	0	0	0	0	0	0	0	0	0	0	10	0	0	0	3	0	0	0	0	0	0	0	0	0	0	0	0	0	0	0	0	0	0	0	0
ASV485	0	0	7	0	0	6	0	0	0	0	0	0	0	0	8	0	0	18	0	0	0	0	0	0	0	0	0	0	0	0	0	0	0	0	0	0	0	0	4	0	0	0	0
ASV508	0	6	0	0	0	2	6	0	0	0	0	0	0	0	0	0	0	0	0	0	0	0	0	0	0	14	0	0	4	2	0	8	0	0	0	0	0	0	0	0	0	9	2
ASV586	0	0	1	0	0	10	0	0	0	0	0	0	0	0	0	0	0	0	0	0	0	0	0	3	0	0	0	0	0	0	0	0	39	0	0	0	0	0	0	0	0	0	1
ASV619	0	0	0	0	0	1	0	0	0	0	56	0	0	0	0	0	6	1	0	0	0	0	0	0	0	0	0	0	0	0	1	0	0	0	0	0	0	0	0	0	0	0	1
ASV676	5	2	0	0	1	0	0	0	0	0	0	0	4	0	0	5	0	0	0	0	0	0	0	0	3	12	9	0	0	0	1	0	0	0	0	0	0	0	0	0	0	0	0
ASV487	3	4	0	0	5	0	5	5	3	0	0	0	4	0	0	0	0	0	0	0	0	0	0	0	0	0	0	0	2	2	1	0	0	0	0	0	0	0	0	0	0	12	0
ASV513	0	0	0	0	0	48	0	0	0	0	0	0	0	0	0	0	0	0	0	0	0	0	0	0	0	0	0	0	0	0	0	1	0	0	0	0	0	0	0	0	0	0	0
ASV524	0	0	0	0	9	0	0	0	0	0	0	0	0	0	0	0	0	0	0	0	29	0	0	0	0	0	0	0	9	0	0	0	0	0	0	0	0	0	0	0	0	0	0
ASV573	0	2	0	3	0	0	0	0	20	0	0	0	0	6	0	0	0	0	0	0	0	0	1	0	0	0	3	0	3	0	0	5	0	0	0	0	0	0	0	0	0	0	0
ASV584	0	0	0	27	6	3	2	0	0	0	0	0	5	0	0	0	0	0	0	0	0	0	0	0	0	0	0	1	1	0	0	0	0	0	0	0	0	0	0	0	0	0	0
ASV687	5	5	0	0	1	0	0	1	0	0	0	0	4	0	2	0	0	0	0	0	0	0	0	0	0	0	5	0	6	2	0	0	0	0	5	1	0	5	0	0	0	2	3
ASV510	0	0	0	0	0	5	0	0	0	0	0	0	7	9	0	0	0	0	0	0	6	0	0	6	0	0	0	0	0	6	4	0	0	0	0	0	0	0	0	0	0	0	0
ASV552	0	0	0	0	0	0	0	0	0	0	0	0	0	0	0	3	0	0	0	1	1	1	0	0	2	10	0	0	0	0	0	0	24	0	0	1	0	0	0	0	0	0	0
ASV572	0	0	13	0	0	0	0	0	26	0	0	0	0	0	6	0	0	0	0	0	0	6	0	1	0	0	0	0	0	0	0	0	0	0	0	0	0	0	0	0	0	0	0
ASV597	0	0	0	0	0	0	5	0	0	0	0	0	0	0	0	0	0	0	0	0	0	0	0	0	0	0	0	0	0	0	0	0	1	0	0	0	0	0	0	0	1	39	0
ASV587	0	0	2	1	10	2	5	0	13	0	0	3	0	0	0	5	0	0	0	0	0	0	8	0	0	0	0	0	1	0	5	0	0	0	0	1	0	0	0	1	0	0	0
ASV521	10	0	0	0	0	0	0	0	0	0	0	0	0	0	0	0	0	0	0	0	0	0	0	0	0	0	0	0	0	0	0	18	0	0	0	0	0	0	0	0	0	0	21
ASV526	0	0	0	0	0	0	46	0	0	0	0	0	0	0	0	0	0	0	0	0	0	0	0	0	0	0	0	0	0	0	0	0	0	0	0	0	0	0	0	0	0	0	0
ASV675	0	0	0	0	0	0	0	0	0	0	0	0	0	0	0	0	0	0	0	0	0	0	0	0	0	0	0	0	0	0	0	0	0	0	1	1	38	0	1	0	6	1	0
ASV494	0	0	0	0	0	17	0	0	0	0	0	0	0	0	0	0	0	0	0	0	0	0	0	24	0	0	0	0	0	0	4	0	0	0	0	0	0	0	0	0	0	0	0
ASV567	0	0	0	0	2	0	8	0	0	4	0	8	0	2	0	4	0	0	0	0	0	0	0	0	0	9	0	0	0	2	0	0	0	0	0	0	0	0	0	0	0	0	0
ASV590	0	0	1	0	0	43	0	0	0	0	0	0	0	0	0	0	0	0	0	0	0	0	2	0	0	0	0	0	0	0	0	0	0	0	0	0	0	0	0	0	0	0	0
ASV778	0	0	5	0	0	38	0	0	0	0	0	0	0	0	0	0	0	0	0	0	0	0	0	0	0	0	0	0	0	0	0	0	0	0	0	0	0	0	0	0	0	0	4
ASV505	9	0	0	0	15	0	1	0	0	0	0	0	0	0	0	0	0	0	0	0	1	0	0	0	0	0	0	0	0	0	0	0	0	0	0	0	10	0	0	0	0	6	2
ASV532	0	0	0	2	0	46	0	0	0	0	0	0	0	0	0	0	0	0	0	0	0	0	0	0	0	0	0	0	0	0	0	0	0	0	0	0	0	0	0	0	0	0	0
ASV589	0	0	0	0	0	0	0	0	0	34	0	0	0	0	0	0	0	0	0	0	0	0	1	0	0	0	0	0	0	0	0	0	0	0	0	0	0	0	2	0	0	0	0
ASV682	0	0	0	0	0	22	0	0	5	0	0	0	0	0	0	0	0	0	0	0	0	0	0	0	0	0	0	0	0	0	0	0	0	14	0	0	0	0	0	0	0	0	0
ASV606	0	10	22	6	0	0	0	0	0	0	0	0	0	0	0	0	0	0	0	0	0	0	3	0	0	0	0	0	1	0	0	0	0	0	0	0	0	0	0	0	1	0	1
ASV520	0	0	0	4	0	0	0	0	0	0	0	0	0	0	0	0	0	0	3	1	1	0	0	0	0	1	5	0	0	0	0	0	0	0	0	0	27	0	0	0	0	0	0
ASV542	0	1	3	0	25	0	1	0	0	0	0	0	2	0	0	0	0	0	0	0	0	0	0	0	0	0	12	0	0	0	0	0	0	0	0	0	0	0	0	0	0	0	0
ASV553	0	1	0	10	1	0	3	0	16	0	0	0	3	0	2	0	0	0	0	0	0	0	0	0	0	0	0	2	4	4	0	0	0	0	0	0	0	0	0	0	0	0	0
ASV554	0	0	0	0	41	0	0	0	0	0	0	0	0	0	0	0	0	0	0	0	0	0	0	0	0	0	0	0	0	0	0	1	0	0	0	0	0	0	0	0	0	0	0
ASV574	7	2	0	0	3	3	0	0	0	0	0	0	5	0	0	0	0	0	0	0	0	0	5	0	0	0	0	0	0	0	0	0	0	0	0	2	0	0	0	0	17	2	0
ASV588	2	0	0	12	0	2	10	0	0	0	0	5	5	0	0	0	0	0	0	0	0	0	4	0	0	0	0	0	0	0	0	1	0	0	0	0	0	0	0	0	0	0	0
ASV1052	0	0	0	0	0	14	0	0	9	0	1	0	0	0	0	0	0	0	0	0	0	0	0	0	0	0	0	3	0	0	11	0	0	0	0	0	1	0	0	3	0	0	1
ASV1287	0	0	0	0	0	12	0	0	1	0	0	0	0	0	0	0	0	0	0	0	0	0	0	3	0	23	0	0	1	0	0	0	0	0	0	0	0	0	0	2	0	0	0
ASV1510	0	10	0	3	4	1	10	0	0	0	0	0	4	0	0	0	0	0	0	0	0	0	2	0	0	0	0	0	2	0	0	0	0	0	0	0	0	0	0	0	0	4	0
ASV497	0	5	0	0	0	0	0	0	0	0	0	0	0	0	0	0	0	0	0	0	0	0	0	0	7	0	0	0	0	4	12	0	0	0	0	0	0	0	0	0	0	4	2
ASV504	0	0	0	0	0	3	0	0	0	0	0	0	0	0	0	17	0	0	0	0	0	0	0	0	0	0	0	0	2	0	0	0	0	13	0	0	0	0	0	0	0	0	0
ASV578	0	0	0	7	5	0	3	5	0	3	0	0	0	0	8	0	0	0	0	0	0	0	0	0	0	0	0	1	2	7	0	0	0	0	0	0	0	0	0	0	0	0	0
ASV1086	4	1	0	3	0	1	5	0	2	1	0	3	0	1	0	0	0	0	0	6	0	0	1	0	0	0	2	4	1	1	3	0	0	0	0	0	0	0	0	0	0	0	0
ASV527	0	3	8	10	0	0	7	0	0	0	0	3	2	5	0	0	0	0	0	0	0	0	0	0	0	0	0	0	1	0	1	1	0	0	0	0	0	0	0	0	0	0	0
ASV534	0	0	4	0	0	0	0	0	0	0	0	4	0	0	0	0	0	0	0	0	0	19	4	0	0	0	0	0	0	11	0	0	0	0	0	0	0	0	0	0	0	0	0
ASV603	0	0	0	0	0	22	0	0	0	0	0	0	0	0	0	0	0	0	0	0	0	0	0	19	0	0	0	0	0	0	0	0	0	0	0	0	0	0	0	0	0	0	0
ASV620	0	0	0	0	7	0	0	0	0	0	0	0	1	0	0	0	0	0	0	0	0	0	2	0	0	13	0	0	1	2	5	0	0	0	0	0	0	1	2	0	0	0	4
ASV710	1	0	1	0	2	0	0	0	0	9	0	5	0	0	11	0	0	0	0	0	0	0	1	0	0	0	0	0	1	0	2	8	0	0	0	0	0	0	0	0	0	0	0
ASV543	6	0	0	0	0	0	0	0	4	14	0	0	0	0	0	0	0	0	0	0	0	0	3	4	0	0	0	5	0	1	0	3	0	0	0	0	0	0	0	0	0	0	0
ASV559	0	0	0	0	0	0	0	0	0	0	0	0	3	0	0	0	0	0	0	0	0	0	4	0	5	0	0	0	1	0	3	0	26	0	0	0	0	0	0	0	0	5	0
ASV579	0	3	1	3	4	0	0	0	0	0	0	0	0	6	0	0	0	0	0	0	0	0	0	0	0	0	4	0	4	4	0	0	0	0	0	5	0	0	0	0	0	0	0
ASV653	0	0	0	0	0	0	0	0	0	0	0	0	0	0	0	0	0	0	0	0	0	0	0	0	0	0	0	0	0	0	0	0	0	0	12	6	5	7	1	0	0	1	0
ASV733	5	0	0	5	2	0	0	0	0	0	0	0	0	0	0	0	0	0	0	0	0	0	0	0	0	0	0	2	3	2	2	0	0	0	0	0	0	15	3	0	0	0	0
ASV998	0	5	0	11	3	0	3	7	0	0	0	0	0	0	0	0	0	0	0	0	0	0	3	0	0	0	0	0	1	0	1	6	0	0	0	0	0	0	0	0	0	0	0
ASV546	0	0	0	0	0	0	0	0	0	0	0	0	0	0	0	0	0	0	0	0	0	0	0	0	0	1	0	0	0	0	0	0	0	0	0	0	0	0	2	0	0	28	11
ASV564	0	0	0	0	0	0	7	1	0	0	0	0	0	0	0	0	0	0	0	0	0	0	2	0	0	27	0	0	0	0	0	0	0	0	0	0	0	0	0	0	0	0	0
ASV594	0	0	0	0	0	4	0	0	0	0	0	0	0	0	0	0	0	0	0	0	0	0	0	0	0	37	0	0	0	0	0	0	0	0	0	0	0	0	0	0	0	0	0
ASV631	0	0	0	0	0	7	0	0	0	0	48	0	0	0	0	0	0	0	0	0	0	0	0	0	0	0	0	0	0	0	1	0	0	0	0	0	0	0	0	0	0	0	0
ASV684	0	0	0	0	0	0	1	0	0	0	0	0	0	0	2	0	0	0	0	0	0	0	0	0	0	0	7	0	1	0	0	0	0	0	0	0	16	0	3	12	0	0	1
ASV517	0	0	0	0	0	0	0	0	0	0	0	0	0	0	0	0	0	0	0	0	33	0	0	0	0	0	0	0	0	0	0	0	0	0	0	0	0	0	0	0	0	0	0
ASV519	0	0	0	0	0	0	0	0	0	0	0	0	0	0	0	0	0	0	0	0	0	0	0	0	0	0	0	0	0	0	0	0	0	0	1	0	37	1	0	1	0	0	0
ASV536	0	0	0	0	0	4	0	0	0	0	0	0	0	26	0	0	0	0	0	0	0	0	0	0	0	0	0	0	0	0	0	0	0	0	0	0	0	1	0	0	1	3	1
ASV663	0	0	0	0	0	11	0	0	0	0	0	0	0	0	0	0	0	0	0	0	0	0	0	0	6	0	0	0	0	0	5	0	0	0	0	0	0	0	0	4	0	0	8
ASV672	0	0	0	0	0	22	0	0	0	0	0	0	0	0	0	0	0	0	0	0	0	0	0	0	0	17	0	0	0	0	0	0	0	0	0	0	0	0	0	7	0	0	0
ASV689	0	0	0	0	5	5	0	0	2	0	0	0	0	0	0	0	0	0	0	0	0	0	0	0	0	0	0	3	0	0	0	0	0	0	0	0	0	0	0	0	0	19	1
ASV734	0	0	0	0	0	0	0	0	0	0	0	0	0	0	0	0	0	0	0	0	0	0	0	0	0	0	0	0	0	0	0	0	0	0	2	0	0	4	0	0	0	26	0
ASV751	0	0	0	0	0	0	0	0	0	0	0	0	0	0	0	0	0	10	0	0	0	0	0	3	0	8	0	0	0	0	0	0	19	0	0	0	0	0	0	2	0	0	0
ASV837	0	0	0	0	0	8	0	0	0	0	0	0	0	0	0	0	0	0	0	0	0	0	0	0	0	0	0	10	0	0	0	0	20	0	0	0	0	0	0	0	0	0	0
ASV1142	0	0	0	2	0	5	0	0	0	3	0	0	0	1	0	2	1	0	1	5	0	0	0	0	1	0	0	0	0	0	0	0	10	0	0	0	0	0	0	2	0	0	0
ASV1301	0	0	0	0	0	0	1	0	0	0	0	0	0	0	0	0	0	0	0	0	0	0	0	0	0	0	0	0	0	1	0	0	0	0	1	0	27	0	1	6	0	0	0
ASV548	0	0	0	6	0	0	0	0	0	0	0	1	0	0	28	0	0	0	0	0	0	0	1	0	0	0	0	0	0	0	0	0	0	0	0	0	0	0	0	0	0	0	0
ASV565	0	5	0	0	0	7	0	0	0	0	0	0	0	0	0	0	0	0	0	0	0	0	0	0	0	0	0	0	0	0	5	21	0	1	0	0	0	2	1	0	0	0	0
ASV583	0	0	0	1	0	0	2	0	0	0	0	4	0	0	0	0	0	0	0	0	0	0	0	0	0	0	0	0	0	0	0	0	0	26	0	0	0	0	0	0	0	0	0
ASV592	0	0	0	0	0	0	0	0	0	0	0	0	0	0	0	0	0	0	0	0	0	0	7	0	0	0	0	0	1	0	0	0	0	0	0	1	0	0	0	1	0	23	0
ASV617	0	0	0	0	0	17	0	0	0	0	0	0	0	0	0	0	0	0	0	0	0	1	0	0	13	0	0	0	0	0	0	0	0	0	0	0	0	0	0	0	0	0	1
ASV651	0	0	0	0	0	12	0	0	0	0	0	0	0	0	0	0	0	0	0	0	0	0	0	0	0	20	0	0	0	0	0	0	0	0	0	0	0	0	0	0	0	0	5
ASV658	6	3	0	0	3	0	0	1	0	3	0	0	0	0	0	0	0	0	0	0	0	0	6	0	0	0	8	5	0	0	3	3	0	0	0	0	0	0	0	0	0	0	1
ASV668	6	3	5	6	0	0	0	1	0	0	0	0	4	0	2	0	0	0	0	0	0	0	0	0	0	0	0	0	0	2	1	6	0	0	0	0	0	0	0	0	0	0	0
ASV671	0	0	0	0	0	27	0	0	14	0	0	0	0	0	0	0	0	0	0	0	0	0	0	0	0	0	0	0	0	0	0	0	0	0	0	0	0	0	0	0	0	0	3
ASV771	1	1	1	1	0	1	0	0	0	0	0	0	0	0	0	0	0	0	0	0	0	0	2	0	0	0	1	0	0	1	0	1	0	0	0	0	0	0	0	0	0	34	0
ASV556	0	0	0	0	0	0	7	0	0	0	0	0	0	0	0	0	0	0	0	0	0	0	0	0	0	0	15	0	0	0	0	0	0	0	0	0	0	0	0	0	0	11	0
ASV632	2	6	1	0	0	1	0	0	0	0	0	2	0	0	1	0	0	0	0	0	0	0	5	0	0	0	4	0	5	1	4	7	0	0	0	0	0	0	0	0	0	0	0
ASV665	0	0	0	0	0	13	0	0	0	0	0	0	0	0	0	0	0	0	0	0	0	0	0	27	0	0	0	0	0	0	0	0	0	0	0	0	0	0	0	0	0	0	0
ASV767	0	1	0	0	1	0	0	0	0	0	0	0	0	0	0	0	0	0	0	20	0	0	0	0	0	8	0	0	2	1	4	0	0	0	0	0	2	0	0	1	0	0	0
ASV528	0	0	0	7	0	0	9	0	0	0	0	0	0	0	0	26	0	0	0	0	0	0	0	0	0	0	0	0	0	0	0	1	0	0	0	0	0	0	0	0	0	0	0
ASV608	0	0	0	0	0	0	0	0	0	0	0	0	0	34	0	0	0	0	0	0	0	0	1	0	0	0	0	0	0	0	0	0	0	0	0	0	0	0	0	0	0	0	0
ASV735	7	0	0	0	0	0	3	0	6	0	0	0	0	0	0	0	0	0	0	0	0	0	6	0	0	0	8	0	0	0	3	4	0	0	0	0	0	0	0	0	0	0	0
ASV1246	3	0	0	0	0	24	0	0	0	0	0	0	0	0	0	0	0	0	0	0	0	0	2	0	0	0	0	6	0	1	0	0	0	0	0	0	1	0	0	0	0	0	0
ASV607	4	0	0	0	0	3	0	0	0	0	0	0	0	0	0	0	0	0	0	0	0	0	6	0	0	0	14	0	5	8	3	0	0	0	0	0	0	0	0	0	0	0	0
ASV612	4	5	1	0	3	0	0	0	0	0	0	0	1	0	0	0	0	0	0	0	0	0	4	0	0	0	5	2	3	6	0	0	0	0	0	0	0	0	0	0	0	0	0
ASV1250	0	0	0	0	0	33	0	0	0	0	0	0	0	0	0	0	0	0	0	0	0	0	0	0	0	0	0	0	3	0	0	0	0	0	0	0	0	0	0	0	0	0	0
ASV562	0	0	0	0	0	0	0	0	0	3	0	0	0	0	0	0	0	0	0	0	0	0	2	0	0	27	0	0	0	0	0	0	0	0	3	0	0	0	2	0	0	0	0
ASV566	0	0	1	0	0	0	0	0	0	0	0	0	0	0	0	0	0	0	0	0	0	0	0	0	0	0	11	0	0	23	0	0	0	0	0	0	0	0	0	0	0	0	0
ASV609	0	0	0	0	0	1	0	0	0	0	0	0	0	0	0	3	0	0	0	0	0	0	0	0	0	0	0	0	0	0	0	0	25	0	0	0	0	0	0	0	0	0	0
ASV649	0	0	0	0	0	0	0	0	0	0	0	0	0	0	0	0	0	1	0	0	0	0	0	0	0	0	0	0	4	0	0	0	0	0	0	0	0	0	0	0	1	5	23
ASV692	0	2	5	3	0	2	4	4	0	0	0	0	0	0	0	0	0	0	0	0	0	0	0	0	0	0	0	2	0	5	0	6	0	0	0	0	0	0	0	0	0	0	0
ASV788	33	0	0	1	0	1	0	0	0	0	0	0	0	3	0	0	0	0	0	0	0	0	3	0	0	0	0	0	0	0	0	0	0	0	0	0	0	0	0	0	0	0	0
ASV898	11	5	0	7	2	0	2	0	0	0	0	0	0	0	1	0	0	0	0	0	0	0	0	0	0	0	0	0	3	1	2	1	0	0	0	0	0	0	0	0	0	0	0
ASV580	0	0	3	0	0	0	0	0	0	0	0	0	0	0	0	0	0	0	0	0	0	10	0	0	0	0	6	5	0	1	1	0	0	0	0	0	0	0	0	0	0	0	0
ASV604	0	0	0	0	0	5	0	0	0	0	0	0	0	0	0	0	0	0	0	0	0	0	0	0	0	31	0	0	0	0	0	0	0	0	0	0	0	0	0	0	0	0	0
ASV683	6	2	0	0	11	0	0	1	0	0	0	0	0	0	0	0	0	1	0	0	0	0	6	0	0	0	0	0	0	2	0	3	0	0	0	0	0	0	1	0	1	0	0
ASV812	0	0	2	0	0	36	0	0	0	0	0	0	1	0	0	1	0	0	0	0	0	0	0	0	0	0	0	0	0	0	0	0	0	0	0	0	0	0	0	0	0	0	0
ASV838	0	4	0	0	1	14	0	0	0	1	0	0	1	0	1	0	0	0	0	0	0	0	2	0	0	0	5	3	0	0	1	0	0	0	0	0	0	0	2	0	0	0	0
ASV1604	2	1	1	2	2	1	1	2	2	1	0	2	0	1	0	0	1	1	1	0	0	0	0	0	0	1	1	0	0	2	0	2	0	0	1	0	1	0	1	0	0	0	1
ASV750	0	0	0	0	0	0	0	0	0	2	0	3	0	0	7	10	0	0	0	0	0	0	0	0	0	0	0	0	10	0	0	0	0	0	0	0	1	0	1	4	0	0	0
ASV931	0	0	0	1	0	0	0	0	0	0	0	0	0	0	5	0	5	0	0	0	0	0	0	0	0	11	0	5	0	0	0	0	0	0	0	0	4	2	0	2	0	0	1
ASV1275	0	0	0	0	0	0	0	0	0	0	0	0	0	0	0	0	0	0	0	0	0	0	0	0	0	0	0	0	0	0	0	0	0	0	5	0	23	1	0	0	4	0	0
ASV577	0	0	0	0	0	0	0	0	0	0	0	0	0	0	0	0	0	32	0	0	0	0	0	0	0	1	0	0	0	0	0	0	0	0	0	0	0	0	0	0	0	5	0
ASV599	0	0	0	0	0	0	0	0	0	0	0	0	0	0	0	0	0	0	0	20	0	0	0	0	0	0	0	0	0	0	0	0	0	17	0	0	0	0	0	0	0	0	1
ASV601	0	0	0	0	0	1	0	0	0	0	0	0	0	0	0	0	0	0	0	0	0	0	0	0	0	35	0	0	0	0	0	0	0	0	0	0	0	0	0	0	0	0	0
ASV610	0	0	0	0	0	0	0	0	0	0	0	0	0	0	0	0	0	0	0	1	0	0	0	0	0	0	0	0	0	0	0	0	0	0	0	2	0	3	23	0	3	1	0
ASV729	2	0	0	3	1	0	2	0	0	0	0	0	11	0	0	0	0	0	0	0	0	0	2	0	0	0	0	0	1	0	0	0	0	0	0	0	0	11	0	0	0	0	0
ASV866	8	0	0	0	6	0	3	0	0	0	0	0	0	0	0	0	0	0	0	0	0	0	10	0	0	0	0	0	2	1	2	0	0	0	0	0	0	0	0	0	0	0	0
ASV1164	0	0	0	0	0	14	0	0	0	0	18	0	0	0	0	0	0	0	0	0	3	0	0	7	0	0	0	0	0	0	0	0	0	2	0	0	0	0	0	0	0	0	0
ASV1569	1	0	0	15	1	0	0	0	0	0	0	0	0	0	1	0	0	0	0	0	0	0	1	0	0	0	4	2	3	5	0	0	0	0	0	0	0	0	0	0	0	0	0
ASV570	0	0	0	1	0	36	0	0	0	0	0	0	0	0	0	0	0	0	0	0	0	0	0	0	0	0	0	0	0	0	0	0	0	0	0	0	0	0	0	0	0	0	0
ASV622	0	0	0	0	0	0	1	0	0	0	0	0	0	0	0	0	0	0	0	0	0	0	0	0	0	0	0	0	0	3	28	0	0	0	0	0	0	0	0	0	0	0	0
ASV637	1	2	0	0	0	1	0	0	0	0	0	0	0	0	0	0	0	0	0	0	0	0	0	10	0	0	0	7	0	0	1	11	0	0	0	0	0	0	0	0	0	0	0
ASV643	0	4	0	0	0	0	0	2	0	0	0	0	5	2	1	0	0	0	0	0	0	0	6	0	0	0	0	0	3	0	6	0	0	0	0	0	0	0	0	0	0	0	0
ASV670	0	0	0	0	0	2	0	0	0	0	0	0	0	5	0	0	0	26	0	0	0	0	0	0	0	0	0	0	0	0	0	0	0	0	0	0	0	0	0	0	0	0	0
ASV695	0	0	0	0	0	7	0	0	0	0	0	0	0	0	0	0	0	0	1	0	0	0	0	0	0	26	0	0	0	0	0	0	0	0	0	0	0	0	0	0	0	0	0
ASV713	8	1	2	5	0	1	2	0	0	0	0	0	0	0	2	0	0	0	0	0	0	0	0	0	0	0	0	3	5	1	2	2	0	0	0	0	0	0	0	0	0	0	0
ASV756	0	0	0	0	0	0	0	0	0	0	0	0	0	0	0	0	0	0	0	0	0	26	0	0	0	0	0	0	0	0	0	0	0	0	0	0	0	0	0	0	0	0	0
ASV616	0	0	30	0	2	0	0	0	0	0	0	0	0	0	0	0	0	0	0	0	0	0	0	0	0	0	0	0	0	0	0	0	0	0	0	0	0	0	0	0	0	0	0
ASV624	0	2	0	0	0	0	0	0	0	0	0	0	5	0	14	0	0	0	0	0	0	0	0	0	0	0	1	7	0	0	0	0	0	0	0	0	0	0	0	0	0	0	0
ASV640	1	0	0	2	0	0	2	2	0	0	0	0	5	0	0	0	0	0	0	0	0	0	3	0	0	0	1	0	5	1	0	8	0	0	0	0	0	0	0	0	0	0	0
ASV708	0	0	0	1	0	0	0	4	0	0	0	0	0	0	0	0	0	0	0	0	0	0	1	0	0	0	5	0	2	1	0	0	0	0	1	0	3	0	0	12	2	0	0
ASV712	17	4	0	0	1	0	0	3	0	0	0	0	0	0	0	0	0	0	0	0	0	0	1	0	0	0	1	0	0	0	0	0	0	0	0	0	0	0	0	0	0	0	0
ASV718	0	0	0	14	7	0	0	0	0	1	0	1	0	0	0	0	0	0	0	0	0	0	3	0	0	0	0	1	3	2	1	0	0	0	0	0	0	0	0	0	0	0	0
ASV752	1	9	0	0	8	7	0	0	0	0	0	0	0	0	0	0	0	0	0	0	0	0	0	0	0	0	0	0	0	6	0	3	0	0	0	0	0	0	0	0	0	0	0
ASV804	1	4	0	1	1	0	0	0	0	0	0	0	0	0	0	0	0	0	0	0	0	0	1	0	0	0	4	0	0	0	0	0	20	0	0	0	0	0	0	0	2	0	0
ASV825	1	1	0	0	0	2	2	0	0	2	0	0	1	0	2	0	0	0	0	0	0	0	0	0	1	15	4	1	0	1	0	0	0	0	0	0	0	0	0	0	0	0	0
ASV1206	4	2	0	5	0	1	0	0	1	0	0	0	0	2	0	0	0	0	0	0	0	0	4	0	0	0	0	8	0	1	0	0	0	0	0	0	1	0	0	0	0	0	0
ASV1394	0	0	0	0	0	6	0	0	0	0	0	0	0	0	0	0	0	0	0	4	0	24	0	0	0	1	0	0	0	0	0	0	0	0	0	0	0	0	0	0	0	0	0
ASV648	0	0	2	0	1	0	0	0	0	0	0	0	0	0	0	0	0	0	0	0	0	0	3	0	0	0	0	0	0	1	0	0	0	0	0	0	0	0	1	3	1	13	0
ASV655	7	0	0	0	0	1	0	0	23	0	0	0	0	0	0	0	0	0	0	0	0	0	0	0	0	0	0	0	0	0	0	0	0	0	0	0	0	0	0	0	0	0	0
ASV662	0	0	0	0	0	3	0	0	0	0	0	0	9	1	0	0	0	0	0	0	0	0	6	0	0	0	0	0	0	0	3	9	0	0	0	0	0	1	0	0	0	0	0
ASV754	0	0	0	0	0	0	0	0	0	0	0	0	9	0	0	0	0	0	0	0	0	0	0	0	0	0	0	0	0	0	0	0	0	0	1	0	0	2	5	0	0	11	0
ASV981	0	0	0	0	0	27	0	0	1	0	0	0	0	0	0	0	0	0	0	0	0	0	0	0	0	0	0	0	0	0	0	0	0	0	0	0	0	0	0	0	0	0	0
ASV1165	0	0	0	0	0	11	0	0	12	0	0	0	0	0	0	0	0	0	1	0	0	0	0	0	0	0	0	0	0	0	0	0	0	0	0	0	0	0	0	0	0	0	2
ASV1419	0	0	1	0	0	9	0	0	0	0	0	0	0	0	0	0	7	0	0	0	0	0	0	0	0	0	0	0	5	0	3	0	0	0	0	0	1	0	3	1	0	0	0
ASV613	0	0	0	0	0	0	0	0	2	0	0	0	4	0	19	0	0	0	0	0	0	0	0	0	0	0	2	3	0	0	1	0	0	0	0	1	0	0	0	0	0	0	0
ASV647	0	8	0	0	0	0	0	0	0	0	0	0	0	0	0	0	0	0	0	0	0	0	0	3	0	0	5	4	1	0	0	0	0	0	0	0	0	0	0	0	0	0	0
ASV650	0	0	0	0	0	10	0	0	0	0	0	0	0	0	0	0	0	0	0	0	0	0	0	8	0	0	0	0	0	0	3	0	13	0	0	0	0	0	0	0	0	0	0
ASV831	0	0	0	2	0	18	0	0	0	0	0	0	0	0	0	0	0	0	0	0	0	0	0	0	0	0	0	0	0	0	3	0	0	0	0	0	0	1	0	0	0	0	11
ASV936	0	8	0	0	1	0	2	0	0	0	0	0	0	0	0	0	0	0	0	0	0	0	0	0	0	1	0	2	1	2	0	0	0	0	1	0	2	0	3	6	2	0	0
ASV1078	0	0	1	0	0	0	1	5	14	0	0	0	0	0	0	0	0	0	0	0	0	0	0	0	0	0	0	0	0	0	0	2	0	0	1	0	0	1	0	0	0	0	0
ASV625	0	0	0	0	0	2	0	0	0	0	0	0	0	2	0	0	0	17	8	0	0	0	0	0	0	0	0	0	0	0	0	0	0	0	0	0	0	0	0	0	0	0	1
ASV627	1	7	5	0	0	0	0	0	0	0	0	0	2	0	0	0	0	0	0	0	0	0	2	0	0	0	5	0	0	0	5	0	0	0	0	0	0	0	0	0	0	0	0
ASV870	0	7	0	0	4	0	0	0	3	0	0	0	4	0	0	0	0	0	0	0	0	0	3	0	0	0	3	3	0	0	2	5	0	0	0	0	0	0	0	0	0	0	0
ASV621	0	0	0	0	0	1	0	0	0	0	0	0	0	0	0	0	0	0	0	0	0	0	0	0	0	0	0	0	0	0	0	0	0	31	0	0	0	0	0	0	0	0	0
ASV629	3	0	0	0	0	0	0	0	0	0	0	0	0	0	0	0	0	0	0	0	0	0	0	0	0	0	0	0	0	0	0	0	0	0	4	2	0	6	4	0	0	5	0
ASV657	0	0	0	0	1	0	0	0	0	0	0	26	0	0	0	0	0	0	0	0	0	0	0	0	0	0	0	0	0	0	0	0	0	0	0	0	0	0	0	0	1	0	0
ASV678	0	0	0	0	0	0	0	0	0	0	0	0	0	0	0	0	0	0	0	0	0	0	0	26	0	0	0	0	0	0	0	0	0	0	0	0	0	0	0	0	0	0	1
ASV686	0	0	0	5	0	3	0	0	0	0	0	0	0	0	0	0	0	0	0	0	0	0	0	18	0	0	0	0	0	0	0	0	0	0	0	0	0	0	0	0	0	3	0
ASV703	0	3	0	7	0	1	0	0	0	2	0	0	0	13	0	0	0	0	0	0	0	0	0	0	0	0	0	0	2	0	0	5	0	0	0	0	0	0	0	0	0	0	0
ASV865	0	0	0	0	0	0	0	0	0	0	0	0	0	0	0	0	0	0	0	0	0	0	2	0	0	0	19	0	0	1	0	0	0	0	2	1	0	2	1	0	0	3	0
ASV884	0	0	0	0	3	15	0	0	0	0	0	0	0	0	0	0	0	0	0	0	0	0	0	0	0	0	0	0	8	0	0	0	0	0	0	0	4	0	0	0	0	0	0
ASV902	0	0	0	0	0	0	0	0	0	0	0	0	0	0	0	0	0	0	16	0	0	0	0	0	0	0	0	0	0	0	0	5	0	0	0	0	0	0	0	0	0	0	0
ASV1181	2	0	0	0	0	14	0	0	0	2	0	1	1	2	0	0	1	1	0	0	0	2	0	0	0	0	4	0	1	1	1	0	0	0	0	0	0	0	0	0	0	0	0
ASV1416	0	0	0	0	0	16	0	3	0	0	0	0	0	0	0	3	0	0	0	0	0	4	0	0	0	0	0	0	0	0	0	0	0	0	0	0	0	1	0	0	0	0	0
ASV673	0	0	2	1	0	5	0	0	0	0	0	0	0	0	0	0	0	0	0	0	0	0	2	0	0	0	0	0	0	0	14	0	0	0	0	0	0	0	0	0	0	2	0
ASV725	0	0	0	0	0	0	0	0	0	0	0	0	0	0	0	0	0	0	0	0	0	0	1	0	0	0	0	0	0	0	0	0	0	0	0	0	0	0	0	0	0	28	0
ASV766	0	0	0	0	0	2	0	0	0	0	0	0	0	1	0	0	0	0	0	0	0	0	5	0	0	0	2	12	7	0	0	0	0	0	0	0	0	0	0	0	0	0	0
ASV769	0	5	0	1	0	4	0	0	0	0	0	0	0	0	5	0	0	0	0	0	0	8	2	0	0	0	0	0	0	0	0	0	0	0	0	0	0	0	0	0	0	2	0
ASV973	0	0	0	0	0	12	0	0	0	3	0	2	0	0	1	0	2	0	0	0	0	8	0	0	0	0	0	0	0	0	1	0	0	0	0	0	0	0	0	0	0	0	0
ASV1104	5	0	0	0	0	17	5	0	0	0	0	0	0	0	0	0	0	0	0	0	0	0	0	1	0	0	0	0	0	0	0	0	0	0	0	0	0	0	0	0	0	0	0
ASV1189	0	0	0	0	0	0	0	0	0	0	0	0	0	0	0	0	0	0	0	0	0	0	0	0	0	0	0	0	0	0	0	0	0	0	0	0	7	0	2	16	0	0	0
ASV641	0	0	0	1	4	5	0	0	0	0	0	0	7	0	0	0	0	0	0	0	0	0	6	0	0	0	7	0	0	0	0	0	0	0	0	0	0	0	0	0	0	0	0
ASV700	0	0	0	0	0	15	0	0	0	0	0	11	0	0	6	0	0	0	0	0	0	0	0	0	0	0	0	0	0	0	0	0	0	0	0	0	0	0	0	0	0	0	0
ASV702	0	0	0	0	0	0	0	2	0	0	0	31	0	0	0	0	0	0	0	0	0	0	0	0	0	0	0	0	0	0	0	0	0	0	0	0	0	0	0	0	0	0	1
ASV757	0	1	0	0	0	13	0	0	0	0	2	0	0	0	0	0	0	0	0	0	0	0	0	9	0	0	0	0	0	1	0	0	0	0	0	0	0	0	1	0	0	0	0
ASV1609	0	0	0	0	0	5	0	0	0	0	0	6	0	0	2	0	0	0	0	0	0	3	0	0	0	0	0	6	0	0	0	0	0	0	0	0	0	0	1	0	0	0	0
ASV1676	0	0	0	0	0	20	0	0	0	0	0	0	0	0	0	0	0	0	0	0	0	0	0	0	0	0	0	0	0	0	1	0	0	0	0	0	0	0	0	2	0	0	3
ASV669	8	2	0	0	0	0	6	3	0	0	0	0	0	0	0	0	0	0	0	0	0	0	6	0	0	0	2	0	0	0	0	0	0	0	0	0	0	0	0	0	0	0	0
ASV680	0	1	0	1	0	0	0	1	0	0	0	0	0	22	0	0	0	0	0	0	0	0	0	0	0	0	0	0	0	0	0	0	0	0	0	0	0	0	0	0	0	0	0
ASV685	0	0	0	0	0	0	0	0	0	0	0	0	0	0	12	0	0	0	0	0	0	0	0	0	0	0	0	0	0	0	0	0	0	0	0	0	0	1	0	0	0	11	4
ASV748	0	4	0	0	0	0	0	0	0	0	0	0	0	0	0	0	0	0	0	0	0	0	15	0	0	0	0	4	0	7	0	0	0	0	0	0	0	0	0	0	0	0	0
ASV760	0	0	0	0	0	9	0	0	0	0	0	0	0	0	0	0	0	0	0	0	0	0	0	0	16	0	0	0	0	0	0	0	0	0	0	0	0	0	0	0	0	0	0
ASV799	0	5	0	15	0	0	0	0	0	0	0	1	0	0	0	0	0	0	0	0	0	0	0	0	0	0	2	0	0	0	0	0	0	0	0	0	0	0	0	0	0	0	0
ASV1270	0	0	0	0	0	4	0	0	0	9	0	0	6	0	2	0	0	0	0	0	0	0	0	0	0	0	0	4	0	0	0	0	0	0	0	0	0	0	0	0	0	0	0
ASV1856	0	0	0	0	0	0	0	0	0	0	0	0	0	0	0	0	0	0	0	0	0	0	0	0	0	0	0	0	0	0	0	0	0	13	0	0	0	10	1	0	0	0	0
ASV667	6	0	0	0	0	0	0	0	0	0	0	0	0	0	0	0	0	0	0	0	0	0	0	0	0	0	7	0	0	0	0	0	0	0	0	0	0	0	0	0	0	8	0
ASV706	0	6	0	8	0	2	0	0	0	0	0	0	0	0	0	0	0	0	0	0	0	0	1	0	0	0	5	2	0	0	0	1	0	0	0	0	0	0	0	0	0	0	0
ASV709	5	1	4	0	2	0	0	0	0	0	0	0	0	0	9	0	0	0	0	0	0	0	0	0	0	0	0	0	0	3	0	0	0	0	0	0	0	0	0	0	0	7	0
ASV737	0	0	0	0	0	2	0	0	0	0	0	0	0	0	0	0	0	0	0	0	0	0	0	0	0	24	0	0	0	0	0	0	0	0	0	0	0	0	0	0	0	0	0
ASV770	0	2	0	10	0	4	0	0	8	0	0	0	0	0	0	0	0	0	0	0	0	0	0	0	0	0	0	0	0	0	0	0	0	0	0	0	0	0	0	0	0	0	0
ASV841	4	2	0	0	1	0	4	0	3	0	0	0	2	0	0	0	0	0	0	0	0	0	0	0	0	0	5	0	0	0	0	5	0	0	0	0	0	0	0	0	0	0	0
ASV962	0	0	0	0	0	13	0	4	0	0	0	0	0	0	4	0	0	0	0	0	0	0	4	0	0	5	0	0	0	0	0	0	0	0	0	0	0	0	1	0	0	0	0
ASV1035	0	0	0	0	0	26	0	0	0	0	0	0	0	0	0	0	0	0	0	0	0	0	2	0	0	0	0	0	0	0	0	0	0	0	0	0	0	0	0	0	0	0	0
ASV1122	0	0	0	0	0	2	0	1	0	0	0	1	0	0	1	0	0	0	14	0	0	0	0	0	0	0	1	0	0	1	0	0	0	0	0	0	0	1	1	0	0	1	0
ASV1198	0	0	0	0	0	0	0	0	0	1	0	0	0	0	0	0	0	0	0	0	0	0	0	0	0	0	0	0	0	0	0	0	0	0	0	0	1	0	0	0	0	20	2
ASV1241	9	1	0	0	0	0	0	0	12	0	0	0	0	0	0	0	0	0	0	0	0	0	4	0	0	0	0	0	1	1	0	0	0	0	0	0	0	0	0	0	0	0	0
ASV642	0	1	0	0	0	0	0	0	0	0	0	0	0	0	0	0	0	0	0	0	0	0	0	0	0	0	0	0	0	0	0	24	0	0	0	0	0	0	0	0	0	0	0
ASV652	0	0	0	0	0	0	0	0	0	0	0	0	0	0	0	0	0	0	9	0	0	0	0	0	0	0	0	0	0	0	0	0	0	14	0	0	0	0	0	0	0	0	0
ASV736	0	3	0	5	0	0	0	0	8	0	0	0	3	0	0	0	0	0	0	0	0	0	0	0	7	0	0	0	0	0	0	0	0	0	0	0	0	0	0	0	0	0	1
ASV1128	0	4	0	0	4	0	1	3	8	2	0	0	0	2	1	0	0	0	0	0	0	0	1	0	0	0	0	0	0	0	0	0	0	0	0	0	0	0	0	0	0	0	0
ASV1699	0	0	6	1	0	2	0	0	0	1	0	1	2	2	0	0	0	0	0	0	0	0	0	0	0	0	2	0	0	0	0	0	0	0	0	0	0	1	0	0	0	0	6
ASV697	7	0	0	0	0	0	0	0	0	0	1	0	0	0	2	0	0	0	0	0	0	0	0	0	0	0	1	1	0	0	0	0	12	0	0	0	0	0	0	0	0	0	0
ASV704	0	0	0	0	0	0	0	0	0	0	0	0	0	0	0	0	0	0	0	13	0	0	0	0	0	0	0	0	0	0	0	0	0	9	0	0	2	0	0	0	0	0	0
ASV794	0	0	0	0	0	0	0	0	9	0	0	0	0	0	0	0	2	0	0	0	0	5	0	7	0	0	0	0	0	0	0	0	0	0	0	0	0	0	0	0	0	0	0
ASV797	6	0	0	0	0	0	0	0	0	0	0	0	0	0	0	0	0	0	0	0	0	0	0	0	0	0	0	0	0	0	0	18	0	0	0	0	0	0	0	0	0	1	0
ASV801	0	0	0	0	0	2	0	0	0	0	0	0	0	1	0	0	0	0	0	0	3	0	0	0	0	0	0	0	0	0	0	0	0	23	0	0	0	0	0	0	0	0	0
ASV984	3	0	0	5	0	0	1	0	0	0	0	0	0	0	0	0	0	0	0	0	0	0	1	0	0	0	0	0	1	0	0	0	0	0	1	0	0	4	6	0	0	0	0
ASV1047	0	4	0	0	0	0	0	0	0	0	0	0	0	0	0	0	0	0	0	0	0	0	0	0	0	0	0	15	0	0	0	0	0	0	0	0	0	0	0	0	0	0	0
ASV1504	0	0	0	0	0	9	0	0	13	0	0	0	0	0	0	0	0	0	0	0	0	0	0	0	0	0	2	0	0	0	0	0	0	0	0	0	0	0	0	0	0	0	3
ASV1505	0	0	1	1	0	0	2	0	1	1	0	0	2	0	0	1	0	1	0	0	0	0	0	0	0	0	3	0	1	0	1	1	0	0	0	0	0	1	0	0	0	0	0
ASV1768	0	0	0	0	0	10	0	0	0	0	0	0	0	0	6	0	0	9	0	0	0	0	0	0	0	0	0	0	0	0	0	0	0	0	0	0	0	0	0	0	0	1	0
ASV688	0	0	0	0	0	0	0	0	0	0	0	0	0	0	0	0	0	33	0	0	0	0	0	0	0	0	0	0	0	0	0	0	0	0	0	0	0	0	0	0	0	0	0
ASV732	0	0	0	0	0	1	3	0	19	0	0	0	0	0	0	0	0	0	0	0	0	0	0	0	0	0	0	1	0	0	0	0	0	0	0	0	0	0	0	0	0	0	0
ASV888	0	0	0	0	0	13	0	0	0	0	0	0	0	0	0	0	0	0	0	0	0	0	0	0	9	0	0	0	0	0	0	0	0	0	0	0	0	0	0	0	0	0	0
ASV930	0	0	0	0	0	0	6	0	0	0	0	0	0	0	0	0	0	0	0	0	0	0	0	0	0	0	0	0	0	0	0	0	20	0	0	0	0	0	0	0	0	0	0
ASV953	0	0	0	1	0	0	0	0	0	0	0	0	0	0	0	0	0	0	0	0	0	0	0	0	0	0	0	0	0	0	0	0	0	0	0	0	0	0	24	0	0	0	0
ASV980	0	0	0	0	0	0	0	0	0	0	0	7	0	0	0	0	0	0	0	0	0	0	0	0	0	0	0	0	0	0	0	0	17	0	0	0	0	0	0	0	0	0	0
ASV1073	0	0	0	0	0	3	3	0	0	0	0	0	0	0	0	0	5	0	0	0	0	0	0	0	6	0	0	0	0	0	3	0	0	0	0	0	0	0	0	0	0	0	0
ASV677	0	0	0	0	0	0	0	0	0	0	0	0	0	0	0	0	0	0	0	0	0	0	0	0	0	0	0	0	5	0	0	0	0	17	0	0	0	0	0	0	0	0	0
ASV681	1	2	0	0	0	1	0	0	0	0	0	0	1	0	1	0	0	0	0	1	0	0	1	0	0	0	2	2	1	3	6	0	0	0	0	0	0	0	0	0	0	0	0
ASV765	0	0	0	0	0	0	0	0	0	0	0	0	0	0	0	0	0	0	0	18	0	0	2	0	0	0	0	0	0	0	0	0	0	0	0	0	0	0	0	0	0	0	0
ASV776	0	0	0	0	0	1	0	0	0	0	0	0	2	0	0	0	0	0	0	0	0	20	0	0	0	0	0	0	0	0	0	0	0	0	0	0	0	0	1	0	0	0	0
ASV786	0	0	0	0	0	0	0	0	0	11	0	0	0	0	0	0	0	0	0	0	0	0	0	0	0	0	6	0	0	0	0	0	0	0	0	0	0	2	0	0	0	0	3
ASV1096	0	0	0	0	0	15	0	0	0	0	0	0	0	0	0	0	0	0	0	0	0	1	0	0	5	0	0	0	0	0	3	0	0	0	0	0	0	0	0	0	0	0	0
ASV1126	0	0	0	0	0	22	0	0	0	0	0	0	0	0	0	0	0	0	0	0	0	0	0	0	0	0	0	0	0	0	0	4	0	0	0	0	0	0	0	0	0	0	0
ASV1358	0	0	0	0	0	0	0	0	0	0	0	0	0	0	0	0	0	0	0	0	0	0	0	0	0	0	0	0	0	0	0	4	0	0	0	0	0	0	0	0	0	21	0
ASV719	0	0	0	0	14	0	0	0	0	0	0	0	0	0	0	0	0	0	11	0	0	0	0	0	0	0	0	0	0	0	0	0	0	0	0	0	0	0	0	0	0	0	0
ASV728	0	0	5	0	3	2	0	0	0	0	0	0	0	0	0	0	0	0	0	0	0	0	2	0	0	0	0	0	0	5	0	8	0	0	0	0	0	0	0	0	0	0	0
ASV759	4	0	0	2	0	0	0	0	0	0	0	0	0	0	0	0	0	0	0	0	0	0	1	0	2	0	3	2	0	4	4	0	0	0	0	0	0	0	0	0	0	0	0
ASV781	12	0	0	7	0	0	3	0	0	0	0	0	0	0	1	0	0	0	0	0	0	0	0	0	0	0	0	0	0	0	0	0	0	0	0	0	0	0	0	0	0	0	0
ASV808	0	2	0	0	0	0	0	0	11	0	0	0	0	0	0	0	0	0	0	0	0	0	0	0	0	0	0	0	6	0	0	0	0	0	0	0	0	0	0	0	1	0	0
ASV922	0	4	0	4	0	0	0	0	11	0	0	0	2	0	0	0	0	0	0	0	0	0	1	0	0	0	0	0	1	0	0	2	0	0	0	0	0	0	0	0	0	0	0
ASV929	0	0	0	0	0	0	0	0	0	0	0	0	0	0	0	1	0	0	0	0	0	0	0	0	0	0	0	0	0	0	0	0	0	0	1	1	19	0	0	0	0	2	0
ASV950	0	0	0	0	0	0	0	0	0	4	0	0	0	0	0	0	0	0	0	0	0	0	0	0	0	0	0	0	0	0	0	6	0	0	1	6	0	3	4	0	0	0	0
ASV995	0	3	0	0	0	16	0	0	0	0	3	0	0	0	0	0	0	0	0	0	0	0	0	0	0	0	0	1	2	0	0	0	0	0	0	0	0	0	1	0	0	0	0
ASV997	0	1	0	0	0	0	0	0	0	0	0	0	0	0	0	0	0	0	0	0	0	0	0	0	0	0	0	0	0	1	1	0	0	0	0	0	0	2	9	0	0	1	10
ASV1032	0	0	0	0	0	2	0	0	0	0	0	0	1	14	2	0	0	0	0	0	0	0	0	0	0	0	1	0	1	0	4	0	0	0	0	0	0	0	0	0	0	0	1
ASV1230	0	1	0	0	0	6	2	0	0	0	0	0	0	8	0	0	0	0	0	0	3	0	0	0	0	0	2	0	0	4	0	0	0	0	1	0	0	0	0	1	0	0	0
ASV1266	0	0	0	0	0	8	0	0	0	0	0	0	0	0	1	0	1	0	0	0	2	0	2	0	0	1	0	0	0	0	3	0	0	0	0	0	2	0	0	5	0	0	1
ASV1471	1	2	0	4	1	3	4	0	0	3	0	3	2	0	1	0	0	0	0	0	0	0	1	0	0	0	0	0	0	0	0	0	0	0	0	0	0	0	0	0	0	0	0
ASV743	1	0	0	0	0	0	0	0	0	0	0	0	0	0	0	0	0	0	0	0	0	0	9	0	0	0	6	0	0	0	0	4	0	0	0	0	0	0	0	0	0	0	0
ASV758	11	0	0	0	0	0	0	0	0	0	0	5	0	0	0	0	0	0	0	0	0	0	0	0	0	0	0	0	8	0	0	0	0	0	0	0	0	0	0	0	0	0	0
ASV762	0	0	0	0	3	0	0	5	0	0	0	0	0	0	0	0	0	0	0	0	0	0	9	0	0	0	0	0	0	0	0	0	0	0	0	0	0	0	0	0	0	3	0
ASV768	0	0	0	0	0	0	0	0	0	0	0	0	0	0	0	0	0	0	0	0	0	0	0	0	0	26	0	0	0	0	0	0	0	0	0	0	2	0	0	0	0	0	0
ASV795	0	0	0	0	0	0	0	0	0	0	0	0	0	0	0	0	0	0	0	0	0	0	0	0	0	0	0	0	0	0	17	0	0	0	0	0	0	0	0	0	0	4	0
ASV834	0	0	0	0	0	0	0	0	0	0	0	0	0	0	0	0	0	0	0	0	0	0	0	0	0	0	0	0	0	0	0	0	0	0	1	1	16	1	2	0	0	0	0
ASV889	0	0	0	4	0	0	0	0	14	0	0	0	0	0	0	0	0	0	0	0	0	0	0	0	0	0	4	0	0	0	0	0	0	0	0	0	0	0	0	0	0	0	0
ASV1210	0	0	0	0	0	16	0	0	0	0	0	0	0	0	0	0	0	0	0	0	0	0	0	0	0	0	0	0	0	8	0	0	0	0	0	0	0	0	2	0	0	0	0
ASV1374	0	0	0	0	6	0	1	0	0	0	0	0	6	0	0	0	0	0	0	0	0	0	1	0	0	0	0	7	0	0	0	0	0	0	0	0	0	0	0	0	0	0	0
ASV730	0	0	0	0	0	6	0	0	0	0	0	0	0	0	0	0	0	0	0	0	0	13	0	0	0	0	0	0	0	0	0	0	0	0	0	0	0	0	0	0	0	0	1
ASV747	0	0	0	0	0	0	0	0	0	0	0	0	0	0	0	0	0	0	17	0	0	0	0	0	0	0	0	0	0	0	0	3	0	0	0	0	0	0	0	0	0	0	0
ASV775	0	0	0	0	0	0	0	0	0	5	0	0	0	0	0	0	0	0	0	0	0	0	0	0	0	0	0	4	0	0	0	0	13	0	0	0	0	0	0	0	0	0	0
ASV818	0	0	0	0	0	0	23	0	0	0	0	0	0	0	0	0	0	0	0	0	0	0	0	0	0	0	0	0	0	0	0	0	0	0	0	0	0	0	0	0	0	0	0
ASV844	0	1	1	1	0	0	0	0	0	0	0	0	0	0	0	0	0	0	0	0	0	0	2	0	0	0	0	9	0	0	5	0	0	0	0	0	0	3	0	0	0	0	0
ASV855	9	0	0	0	0	0	0	0	0	0	0	0	0	0	2	0	0	0	0	0	0	0	0	0	0	0	3	4	0	0	0	0	0	0	0	0	0	0	0	0	0	0	0
ASV879	0	0	0	0	0	0	6	0	0	0	0	0	0	0	0	0	0	0	0	0	0	0	0	0	0	1	0	0	0	0	0	0	0	0	0	1	0	6	0	0	0	9	1
ASV959	4	0	0	3	1	0	1	0	0	0	0	0	0	0	0	0	0	0	0	0	0	0	1	0	0	0	0	0	0	0	7	3	0	0	0	0	0	0	0	0	0	0	0
ASV1028	0	2	0	0	0	0	0	0	0	0	0	0	7	0	0	0	0	0	0	0	0	0	0	0	7	0	0	6	0	0	0	0	0	0	0	0	0	0	1	0	0	2	0
ASV1299	0	2	0	1	0	0	0	0	0	0	0	0	4	0	9	0	0	0	0	0	0	0	0	0	4	0	0	0	0	0	0	0	0	0	0	0	0	0	0	0	0	0	0
ASV1674	0	0	0	0	0	9	0	0	0	0	0	0	0	0	0	0	0	0	0	0	0	0	0	0	0	0	0	0	0	0	0	0	0	8	0	0	0	0	0	0	0	0	1
ASV740	0	0	0	0	0	0	0	15	0	0	0	0	0	0	0	0	0	0	0	0	0	0	0	0	0	0	0	0	7	0	0	0	0	0	0	0	0	0	0	0	0	1	0
ASV755	0	0	0	0	0	0	0	0	0	0	0	9	0	0	0	0	0	0	0	0	0	0	0	0	0	0	0	0	10	0	0	0	0	0	0	0	0	0	0	0	0	4	0
ASV813	0	0	0	0	0	0	0	0	0	0	0	0	0	0	0	0	0	0	0	0	0	0	0	0	20	0	0	6	0	0	0	0	0	0	0	0	0	0	0	0	0	0	0
ASV887	0	0	0	0	0	0	0	0	0	0	0	0	0	0	0	0	0	0	0	0	0	0	0	0	0	0	10	0	0	9	0	0	0	0	0	0	0	0	4	0	0	0	0
ASV942	1	0	0	7	0	4	0	0	0	0	0	0	0	0	0	0	0	0	0	0	0	0	0	0	0	0	0	4	0	0	4	0	0	0	0	0	0	2	0	0	0	0	2
ASV951	0	0	0	0	0	2	0	0	0	0	0	0	0	0	0	19	0	0	0	0	0	0	0	0	0	0	0	0	0	0	0	0	0	0	0	0	0	0	0	0	0	0	0
ASV1037	0	0	0	0	0	0	0	1	0	2	0	7	1	0	1	0	0	0	0	0	0	0	3	0	0	0	0	4	1	0	2	0	0	0	0	0	0	0	0	0	0	0	0
ASV1153	0	0	0	0	0	1	0	0	0	0	0	0	0	0	0	0	0	0	0	0	0	0	0	0	21	0	0	0	0	0	0	0	0	0	0	0	0	0	1	0	0	0	0
ASV1573	0	0	0	0	0	6	0	0	0	0	0	0	0	0	2	0	0	0	0	0	0	0	0	0	0	0	0	0	1	0	0	0	5	1	0	0	1	0	0	0	0	0	0
ASV1678	0	3	0	6	3	0	0	0	0	0	0	0	4	0	0	0	0	0	0	0	0	0	3	0	0	0	0	0	0	1	0	0	0	0	0	0	0	0	0	0	0	0	0
ASV1705	0	0	1	0	0	0	0	0	0	0	0	0	0	0	2	0	0	0	0	0	0	0	0	0	0	0	0	0	0	0	0	0	0	0	1	0	0	0	0	0	19	0	0
ASV1830	6	0	0	0	0	0	0	0	0	0	0	0	0	0	0	0	0	0	0	1	0	0	0	0	0	1	0	0	0	0	0	0	0	0	0	0	10	1	0	0	6	1	0
ASV791	0	0	0	0	0	0	0	0	0	0	0	1	0	0	0	0	0	0	0	0	0	0	0	0	0	0	0	0	0	0	27	0	0	0	0	0	0	0	0	0	0	0	0
ASV811	0	0	0	0	10	6	0	0	0	0	0	0	0	0	0	0	0	0	0	0	0	0	0	0	0	0	0	0	0	0	0	0	0	0	0	0	2	0	0	0	0	0	0
ASV814	0	7	0	1	4	1	0	0	0	0	0	0	3	0	0	0	0	0	0	0	0	0	2	0	0	0	4	0	0	0	1	0	0	0	0	0	0	0	0	0	0	0	0
ASV908	0	0	3	0	0	12	0	0	0	4	0	0	0	0	0	0	0	0	0	0	0	0	0	0	0	0	0	0	0	0	1	0	0	0	0	0	0	0	0	0	0	0	1
ASV925	0	0	0	0	2	1	1	0	0	0	0	3	0	3	1	0	0	0	0	0	0	0	0	0	0	0	0	0	5	0	0	2	0	0	0	0	0	0	0	0	0	0	0
ASV968	4	3	0	0	0	0	0	0	0	0	0	0	0	0	0	0	5	0	0	0	0	0	1	0	0	0	2	0	0	1	0	1	0	0	0	0	0	1	3	0	1	0	0
ASV986	0	0	0	0	0	0	0	0	0	0	0	1	0	0	0	0	0	21	0	0	0	0	0	0	0	0	0	0	0	0	0	0	0	0	0	0	1	0	0	0	0	0	0
ASV1236	1	0	0	4	0	1	6	0	0	0	0	0	0	0	2	0	0	0	0	0	0	0	0	0	0	0	1	0	0	0	0	0	0	0	0	0	0	0	0	0	0	0	0
ASV1390	4	0	6	0	1	0	0	0	0	0	0	0	0	0	0	0	0	0	0	0	0	0	3	0	0	0	2	0	0	0	1	0	0	0	0	0	0	0	0	0	0	0	0
ASV1414	0	0	0	0	0	21	0	0	0	0	0	0	0	0	0	0	0	0	0	0	0	0	0	0	0	0	0	0	0	0	0	0	0	0	0	0	0	0	0	0	0	0	2
ASV1440	0	0	0	0	2	0	6	0	0	0	0	0	0	0	0	0	0	0	0	0	0	0	2	0	0	10	0	2	2	0	0	0	0	0	0	0	0	0	0	0	0	0	0
ASV1526	0	0	0	0	0	0	1	0	0	0	0	0	0	0	0	0	0	0	0	0	0	0	2	0	0	0	0	0	0	0	0	0	0	0	0	0	0	0	0	0	16	0	0
ASV1660	0	2	0	0	0	12	4	0	0	0	0	0	0	0	4	0	0	0	0	0	0	0	0	0	0	0	0	0	0	0	0	0	0	0	0	0	0	0	0	0	0	0	0
ASV843	0	0	0	0	0	5	0	0	0	0	0	0	0	0	6	0	0	0	0	14	0	0	0	0	0	0	0	0	0	0	0	0	0	0	0	0	0	0	0	0	0	0	0
ASV846	0	0	0	0	0	0	16	1	0	0	0	0	0	0	0	0	0	0	0	0	0	0	0	0	0	0	0	0	0	0	0	0	0	0	0	0	0	0	0	0	0	0	0
ASV873	0	0	0	0	0	18	0	0	0	0	0	0	0	0	0	0	0	0	0	0	0	0	0	0	0	0	0	0	0	0	0	0	0	0	0	0	0	0	3	0	0	0	0
ASV1015	0	2	0	0	0	0	0	0	0	0	0	0	0	0	0	0	0	0	0	0	0	0	0	0	0	0	16	0	0	0	0	0	0	0	0	0	0	0	0	0	0	0	0
ASV1027	0	0	0	2	0	0	1	2	0	0	0	0	0	0	0	0	0	0	0	0	0	12	0	0	0	0	0	0	0	0	0	0	0	0	1	0	0	2	0	2	1	0	0
ASV1162	0	0	0	1	0	0	0	0	0	0	0	0	0	0	0	0	0	0	0	0	0	0	0	0	0	0	0	0	0	0	0	0	0	0	0	0	0	0	0	0	0	15	0
ASV1337	0	1	1	2	1	8	0	0	0	0	0	0	1	1	0	0	1	0	2	0	0	1	1	0	0	0	0	1	0	0	1	0	0	0	0	0	0	0	0	0	0	0	0
ASV1350	0	0	0	0	0	0	0	0	0	0	0	0	0	0	0	0	0	0	0	0	0	0	1	0	0	0	0	0	0	0	0	0	0	0	2	1	0	0	0	0	17	0	1
ASV1368	0	0	0	0	7	0	3	0	0	0	0	0	0	0	0	0	0	0	0	0	0	0	0	0	0	0	0	0	5	0	0	0	0	0	0	0	0	0	0	0	0	0	0
ASV1594	0	2	0	0	2	8	0	0	0	0	0	0	0	0	0	0	0	0	0	0	0	0	0	0	0	0	0	0	0	0	0	0	0	0	0	0	1	0	4	2	0	0	0
ASV1711	0	0	0	0	3	0	0	0	8	0	0	0	0	0	0	0	0	0	0	0	0	0	1	0	0	0	0	0	6	0	0	0	0	0	0	0	0	0	0	0	0	0	0
ASV761	2	2	0	0	2	3	0	0	2	0	0	1	1	0	0	0	0	0	0	0	0	0	1	0	0	1	2	1	0	0	2	0	1	0	0	0	0	0	0	0	0	0	0
ASV792	1	0	0	0	0	0	0	0	0	0	0	0	0	0	0	0	0	0	0	0	0	0	0	0	0	0	1	0	4	4	0	0	0	0	0	0	0	0	0	0	0	7	0
ASV796	0	0	0	0	4	0	0	0	18	0	0	0	0	0	0	0	0	0	0	0	0	0	0	0	0	0	0	0	0	0	0	0	0	0	0	0	0	0	0	0	0	0	0
ASV822	0	0	0	5	0	0	0	0	0	0	0	0	0	0	0	0	0	0	0	0	0	0	3	0	0	0	0	0	0	0	0	9	0	0	0	0	0	0	0	0	0	0	0
ASV824	8	0	0	0	0	0	0	0	9	0	0	0	0	0	0	0	0	0	0	0	0	0	0	0	0	0	0	0	0	0	0	0	0	0	0	0	0	0	0	0	0	0	0
ASV827	0	0	12	0	0	0	0	0	0	0	0	0	0	0	0	0	0	0	0	0	0	0	0	0	0	0	0	0	0	9	0	0	0	0	0	0	0	0	0	0	0	0	0
ASV883	0	0	0	0	0	0	0	0	0	0	0	0	6	0	0	0	0	0	0	0	0	0	0	0	0	0	0	6	4	0	3	0	0	0	0	0	0	0	0	0	0	0	0
ASV956	6	5	0	1	0	0	1	1	0	0	0	0	0	0	0	0	0	0	0	0	0	0	0	0	0	0	0	4	1	1	0	1	0	0	0	0	0	0	0	0	0	0	0
ASV961	0	0	0	0	0	13	0	0	0	0	1	0	0	0	0	0	0	0	0	0	0	0	0	0	7	0	0	0	0	0	0	0	0	0	0	0	0	0	0	0	0	0	0
ASV971	0	0	0	0	0	4	0	0	0	0	0	0	0	0	0	0	0	0	0	0	0	8	0	4	0	0	0	0	0	0	2	0	0	0	0	0	0	0	0	0	0	0	2
ASV994	0	0	0	0	0	0	0	0	0	0	0	0	0	0	0	0	0	0	0	0	0	0	0	0	0	19	0	0	0	0	0	0	0	0	0	0	0	1	0	0	0	0	0
ASV1020	0	0	0	0	0	0	0	0	0	0	0	0	0	0	0	0	0	0	0	0	0	0	0	0	0	0	0	0	0	0	0	0	0	0	0	1	5	4	3	5	1	1	0
ASV1036	15	0	2	0	0	2	0	0	0	0	0	0	0	0	0	0	0	0	0	0	0	0	0	0	0	0	1	0	0	0	0	0	0	0	0	0	0	0	0	0	0	0	0
ASV1444	2	0	0	0	0	8	0	0	0	0	0	0	0	0	0	0	0	0	0	0	0	0	3	0	0	0	0	0	0	1	0	0	0	0	0	0	0	0	0	0	0	1	3
ASV1564	0	0	0	0	0	7	0	5	0	0	0	0	0	0	0	0	0	0	0	0	8	0	0	0	0	0	0	0	0	0	0	0	0	0	0	0	0	0	0	0	0	0	0
ASV1635	1	2	0	1	0	0	2	0	0	1	0	0	0	2	0	0	0	0	0	0	1	2	1	0	0	0	2	1	1	0	0	0	0	3	0	0	0	0	0	0	0	0	0
ASV1776	0	0	0	0	0	7	0	0	0	0	0	0	0	0	0	0	0	0	0	0	0	0	5	0	0	0	0	0	0	4	0	0	0	0	0	0	0	0	0	0	0	2	0
ASV1810	0	3	0	2	2	0	0	0	0	0	0	0	0	0	0	0	0	0	0	0	0	0	0	0	0	0	3	0	5	1	5	2	0	0	0	0	0	0	0	0	0	0	0
ASV809	0	0	0	0	0	0	0	0	0	0	0	0	0	0	7	0	0	0	0	0	0	0	0	0	10	0	1	0	0	0	0	0	0	0	0	0	0	0	0	0	0	0	0
ASV820	2	0	0	0	0	0	0	0	0	0	0	0	0	0	0	0	0	0	0	0	0	0	0	0	0	0	0	3	0	1	0	0	0	0	0	0	0	0	0	8	0	2	0
ASV856	0	0	0	0	0	2	0	0	0	0	0	0	0	0	0	12	0	0	0	0	0	0	0	0	0	0	0	0	0	0	0	0	0	0	0	0	0	0	0	0	0	0	0
ASV871	0	1	0	0	0	5	0	0	0	0	0	0	0	0	0	0	1	0	0	0	0	0	2	0	0	0	0	0	2	0	3	0	0	0	0	0	0	0	0	0	2	1	0
ASV874	0	2	0	0	0	2	0	0	4	0	0	0	1	0	0	0	0	0	0	0	0	0	0	0	0	0	4	2	0	4	0	1	0	0	0	0	0	0	0	0	0	0	0
ASV991	0	0	0	0	4	0	0	0	0	0	0	0	3	0	0	0	0	0	0	0	0	0	3	0	0	0	0	0	2	0	0	0	0	0	0	0	1	0	0	0	0	0	0
ASV1001	0	0	0	0	0	8	0	0	0	0	0	0	9	0	0	0	0	0	1	0	0	0	0	0	0	0	0	0	0	0	0	0	0	0	0	0	0	0	0	0	0	0	0
ASV1057	0	0	0	0	0	14	0	0	0	0	0	0	0	0	0	0	0	0	0	0	0	0	0	0	0	0	0	0	0	0	0	0	0	0	0	0	0	0	2	0	0	0	0
ASV1062	0	0	0	0	0	0	4	0	10	0	0	0	0	0	0	0	0	0	0	0	0	0	0	0	0	0	0	0	4	0	0	0	0	0	0	0	0	0	0	0	0	0	0
ASV1079	0	0	0	0	0	4	0	0	0	0	0	0	9	0	0	0	0	0	0	0	0	0	0	0	0	0	0	0	0	7	0	0	0	0	0	0	0	0	2	0	0	0	0
ASV1160	0	0	0	0	0	0	0	0	0	0	0	0	0	0	0	0	0	0	0	0	0	0	0	0	3	11	0	0	1	0	0	0	0	0	0	0	0	0	0	0	0	0	2
ASV1221	0	0	0	0	0	3	0	0	0	0	0	0	0	0	0	0	0	12	0	0	0	0	0	0	0	0	0	0	0	0	4	0	0	0	0	0	0	0	0	0	0	0	0
ASV1296	0	0	0	0	0	9	0	0	0	0	0	0	0	0	0	0	0	0	0	0	0	0	0	0	0	8	0	0	0	0	0	0	0	0	0	0	0	0	0	0	0	0	2
ASV1300	14	5	0	4	0	0	0	0	0	0	0	0	0	0	0	0	0	0	0	0	0	0	0	0	0	0	0	0	0	0	0	0	0	0	0	0	0	0	0	0	0	0	0
ASV1317	3	0	0	0	0	0	3	0	0	0	0	2	0	0	0	0	0	0	0	0	0	0	4	0	0	0	4	0	3	0	0	0	0	0	0	0	0	0	0	0	0	0	0
ASV1334	1	0	0	0	0	0	0	0	0	0	0	0	0	0	0	0	0	0	0	0	0	0	0	0	0	0	0	0	0	0	0	0	0	0	0	0	0	4	1	0	0	9	4
ASV835	0	8	0	0	0	0	0	0	0	0	0	0	0	0	0	0	0	0	0	0	0	0	0	0	0	0	6	0	0	0	0	0	0	0	0	0	0	1	4	0	0	0	0
ASV859	0	0	0	0	0	0	0	0	14	0	0	0	0	0	0	0	0	0	0	0	0	0	0	0	0	0	0	0	0	0	0	0	0	0	0	0	0	0	0	0	0	5	0
ASV876	0	6	0	3	0	0	0	0	0	0	0	0	0	0	0	0	0	0	0	0	0	0	9	0	0	0	0	0	1	1	0	0	0	0	0	0	0	0	0	0	0	0	0
ASV1046	0	0	6	4	5	0	0	1	0	0	0	0	0	0	0	1	2	0	0	0	0	0	0	0	0	0	0	0	0	0	0	0	0	0	0	0	0	0	0	0	0	0	0
ASV1080	0	0	0	0	0	0	6	0	11	0	0	0	0	0	0	0	0	0	0	0	0	0	2	0	0	0	0	0	0	0	0	0	0	0	0	0	0	0	0	0	0	0	0
ASV1450	0	2	1	0	0	0	7	0	0	0	0	0	0	0	1	0	0	0	0	0	0	0	2	0	0	0	0	0	0	0	0	0	0	0	0	0	0	0	0	0	0	0	0
ASV1563	0	0	0	0	0	18	0	0	0	0	0	0	0	0	0	0	0	0	0	0	0	0	0	0	0	0	0	0	0	0	2	0	0	0	0	0	0	0	0	0	0	1	0
ASV842	0	0	0	0	0	0	0	0	0	0	0	0	0	0	0	0	0	0	0	0	0	0	0	0	0	0	0	0	0	0	0	0	0	0	1	0	0	0	1	0	0	13	2
ASV863	0	1	0	1	8	0	0	0	0	0	0	0	0	0	0	0	0	0	0	0	0	0	10	0	0	0	0	0	0	0	0	0	0	0	0	0	0	0	0	0	0	0	0
ASV880	0	0	0	0	0	5	0	0	0	0	0	0	0	0	0	0	0	0	0	0	0	0	0	0	0	0	0	0	0	0	0	0	0	11	0	0	0	0	0	0	0	0	0
ASV896	0	0	0	0	0	0	0	0	0	5	0	0	0	0	0	0	0	0	0	0	0	0	0	0	0	0	0	0	0	0	0	0	0	0	0	0	0	0	0	0	0	10	2
ASV915	0	0	0	0	0	0	3	0	0	0	0	0	0	0	0	0	0	0	0	0	0	0	0	0	0	0	0	0	0	0	0	0	0	15	0	0	0	0	1	0	0	0	0
ASV923	0	0	0	0	0	0	0	0	0	0	0	0	0	0	0	0	0	0	0	0	0	0	0	0	0	0	0	0	0	1	0	0	0	0	0	0	8	0	0	6	0	0	0
ASV926	0	2	1	4	0	0	0	5	0	0	0	0	0	0	0	0	0	0	0	0	0	0	0	0	0	0	0	5	0	0	0	0	0	0	0	0	0	0	0	0	0	0	0
ASV955	0	0	0	0	0	0	0	0	0	0	0	0	0	0	0	0	0	0	0	0	0	0	0	0	0	0	11	0	0	0	0	0	0	0	0	0	0	0	0	0	0	10	0
ASV965	0	0	0	0	0	9	0	0	7	0	0	0	0	0	0	0	0	0	0	0	0	0	0	0	0	0	0	0	0	0	0	0	0	0	0	0	0	0	0	0	0	0	0
ASV977	12	0	0	0	0	0	0	0	0	0	0	0	0	0	0	0	0	0	0	0	0	0	0	0	0	0	0	0	0	0	0	0	0	0	3	0	0	0	0	0	0	0	0
ASV989	0	0	0	0	0	0	0	0	0	0	0	0	0	0	0	0	0	0	0	0	0	0	0	0	0	0	0	0	0	0	0	0	0	0	0	0	0	1	1	0	0	9	9
ASV1009	0	0	0	1	0	1	5	0	0	0	0	0	10	0	0	0	0	0	0	0	0	0	0	0	0	0	0	0	0	0	0	0	0	0	0	0	0	0	0	0	0	0	0
ASV1018	0	1	0	0	2	0	7	0	0	0	0	0	0	0	0	0	0	0	0	0	0	0	2	0	0	0	2	1	0	0	1	1	0	0	0	0	0	0	0	0	0	0	0
ASV1033	0	0	0	0	0	18	0	0	0	0	0	0	0	0	0	0	0	0	0	0	0	0	0	0	0	0	0	0	0	0	0	0	0	0	0	0	0	0	1	1	0	0	0
ASV1196	0	0	0	0	0	3	0	0	0	0	0	0	0	0	0	0	0	0	0	0	0	0	2	0	0	0	0	0	0	0	0	0	0	0	0	1	0	0	0	0	0	11	0
ASV1308	0	0	0	0	6	0	0	0	0	0	0	0	0	0	0	0	0	0	0	0	0	0	9	0	0	0	6	0	0	0	0	0	0	0	0	0	0	0	0	0	0	0	0
ASV1369	1	0	0	0	0	6	0	0	1	0	0	0	0	0	0	0	0	0	0	0	0	0	0	5	0	0	1	0	0	0	0	0	0	0	1	0	0	0	0	0	0	0	0
ASV1445	0	2	0	0	0	0	0	0	1	0	0	0	0	0	0	0	0	0	0	0	0	0	2	0	0	0	3	0	1	0	0	4	0	0	0	0	0	0	0	0	0	0	0
ASV1499	0	5	0	5	0	0	0	0	0	0	0	0	0	1	0	0	0	0	0	0	0	0	0	0	0	0	2	0	8	0	0	0	0	0	0	0	0	0	0	0	0	0	0
ASV1541	4	0	0	5	0	0	0	0	0	0	0	0	0	0	0	0	0	0	0	0	0	0	0	0	0	0	0	1	2	5	0	0	0	0	0	0	0	0	0	0	0	0	1
ASV1576	0	0	0	3	1	0	1	0	5	0	0	0	4	0	0	0	0	0	0	0	0	0	0	0	0	0	0	0	0	0	0	0	0	0	1	0	0	0	0	0	0	2	0
ASV1801	0	0	0	3	0	0	0	0	0	0	0	0	0	0	0	0	0	0	0	0	0	0	0	0	0	0	0	0	0	0	4	6	0	0	0	0	0	0	0	0	0	0	0
ASV1933	0	0	0	3	0	0	0	2	0	0	0	1	0	0	0	0	0	0	0	0	0	0	0	0	0	0	0	0	0	1	0	4	0	0	0	0	1	2	0	1	1	0	0
ASV854	0	0	0	0	0	0	0	0	0	0	0	12	0	0	0	0	0	0	0	0	0	0	0	0	0	0	0	0	0	0	6	0	0	0	0	0	0	0	0	0	0	1	0
ASV878	1	0	0	3	2	0	0	0	0	0	0	0	1	0	0	0	0	0	0	0	0	0	1	0	0	1	1	0	0	2	0	3	0	0	0	0	0	0	0	0	0	0	0
ASV916	1	0	0	0	0	0	0	0	0	0	0	0	0	0	0	0	0	0	0	0	0	0	0	0	0	0	0	0	0	0	0	0	0	0	1	0	0	0	0	0	14	0	0
ASV918	0	0	0	16	0	0	0	0	1	0	0	0	0	0	0	0	0	0	0	0	0	0	0	0	0	0	0	0	0	0	0	0	0	0	0	0	0	1	0	0	0	0	0
ASV919	0	0	0	0	0	10	0	0	0	0	0	0	0	0	0	7	0	0	0	0	0	0	0	0	0	0	0	0	0	0	0	0	0	0	0	0	0	0	0	0	0	0	0
ASV948	0	0	0	0	0	0	0	0	0	0	0	0	0	0	0	0	0	0	0	0	0	0	0	0	0	0	0	0	0	0	0	0	0	0	0	0	0	1	0	13	0	0	0
ASV1000	0	1	1	0	0	0	0	0	2	0	0	0	0	0	0	2	0	1	0	1	0	1	0	1	1	0	0	0	0	0	0	1	1	1	0	0	0	0	0	1	0	1	0
ASV1006	0	0	0	0	0	0	0	0	0	0	0	0	0	0	0	0	0	0	0	0	0	0	0	0	0	0	0	0	0	0	0	0	0	17	0	0	0	0	0	0	0	0	1
ASV1045	2	2	0	0	0	2	0	0	0	0	0	0	6	0	0	0	0	0	0	0	0	0	1	0	0	0	2	5	0	0	0	0	0	0	0	0	0	0	0	0	0	0	0
ASV1054	0	0	0	0	0	0	0	1	0	0	0	0	0	0	0	0	0	17	0	0	0	0	0	0	0	0	0	0	0	0	0	0	0	0	0	0	0	0	0	0	0	0	0
ASV1117	0	0	0	0	0	2	0	0	0	0	0	0	0	0	0	0	0	0	0	0	0	0	0	14	0	0	0	0	0	0	0	0	0	0	0	0	1	0	0	0	0	0	0
ASV1131	14	0	0	0	0	2	0	0	0	0	0	0	0	0	0	0	0	0	0	0	0	0	0	0	0	0	0	0	0	1	0	0	0	0	0	0	0	0	0	0	0	0	0
ASV1138	0	2	0	0	6	0	0	0	0	0	0	4	0	0	0	0	0	0	0	0	0	0	3	0	0	0	0	0	0	0	0	0	0	0	0	0	0	0	0	0	0	0	0
ASV1188	1	0	0	0	0	0	0	0	0	0	0	0	0	0	0	0	0	0	0	0	0	0	0	0	0	0	1	0	0	0	0	0	0	0	0	0	5	1	4	4	0	0	0
ASV1582	0	0	0	0	0	13	0	0	0	0	0	0	0	0	0	0	0	0	0	0	0	0	0	1	0	0	0	4	0	0	0	0	0	0	0	0	0	0	0	0	0	0	0
ASV868	15	0	0	0	0	0	0	0	0	0	0	0	0	0	0	0	0	0	0	0	0	0	0	0	0	0	0	0	0	0	0	0	0	0	0	0	0	0	0	0	0	0	0
ASV877	0	0	0	4	0	0	0	4	0	9	0	0	0	0	0	0	0	0	0	0	0	0	0	0	0	0	0	0	0	0	0	0	0	0	0	0	0	0	0	0	0	0	0
ASV890	0	0	0	0	0	0	0	0	9	7	0	0	0	0	0	0	0	0	0	0	0	0	0	0	0	0	0	0	0	1	0	0	0	0	0	0	0	0	0	0	0	0	0
ASV909	0	0	0	0	8	0	2	0	0	0	0	0	3	0	0	0	0	0	0	0	0	0	0	0	0	0	0	0	0	0	0	0	0	0	0	0	0	3	0	0	0	0	0
ASV957	0	0	0	0	0	0	5	0	0	0	0	0	0	7	0	0	0	0	0	0	0	0	4	0	0	0	0	0	3	1	0	0	0	0	0	0	0	0	0	0	0	0	0
ASV969	0	4	0	0	3	0	0	0	3	0	0	0	0	0	0	0	2	0	0	0	0	0	0	0	0	0	2	0	0	0	0	1	0	0	0	0	0	0	0	0	0	0	0
ASV972	4	1	0	0	0	0	0	5	0	0	0	0	0	0	0	0	0	0	0	0	0	0	5	0	0	0	0	0	0	0	0	0	0	0	0	1	0	0	0	0	0	0	0
ASV1010	7	1	0	1	0	0	0	0	0	0	0	0	0	0	0	0	0	0	0	0	0	0	1	0	0	0	1	0	1	1	0	0	0	0	0	0	0	0	0	0	0	0	0
ASV1017	0	3	8	0	0	0	0	0	0	0	0	0	0	1	0	0	0	0	0	0	0	0	0	0	0	0	0	0	4	0	0	0	0	0	0	0	0	0	0	0	0	0	0
ASV1058	0	0	0	0	0	0	0	0	0	0	0	0	0	0	0	0	0	0	0	0	0	0	0	0	0	0	0	0	0	0	0	0	0	0	15	0	0	0	1	0	0	0	0
ASV1091	0	0	0	0	1	1	1	0	0	0	0	0	0	0	0	0	0	0	0	0	0	0	0	0	0	0	0	0	4	0	0	4	0	0	0	0	0	0	4	0	0	0	0
ASV1102	0	0	0	0	0	0	0	0	0	0	0	0	0	0	0	0	0	0	0	0	0	15	2	0	0	0	0	0	0	0	0	0	0	0	0	0	0	0	0	0	0	1	0
ASV1106	0	0	0	0	0	2	0	4	0	0	0	4	0	0	0	0	0	0	0	0	0	0	0	0	0	0	0	0	0	0	6	0	0	0	0	0	0	0	0	0	0	0	0
ASV1286	0	1	0	0	2	0	0	0	0	0	0	0	0	8	0	0	0	0	0	0	0	0	0	0	0	0	4	0	0	0	0	0	0	0	0	0	0	0	0	0	0	0	0
ASV1336	0	0	0	0	0	0	1	0	0	0	0	0	1	0	0	0	0	0	0	0	0	0	3	0	0	0	5	1	0	0	3	0	0	0	0	0	0	0	0	0	0	0	0
ASV1342	0	0	0	0	0	4	0	0	0	0	0	7	0	0	0	0	0	0	0	0	0	0	0	0	0	0	0	0	0	0	0	0	4	0	0	0	0	0	0	0	0	0	0
ASV1351	3	0	1	0	0	0	0	0	0	0	0	0	0	0	0	0	0	0	0	0	0	0	0	0	0	0	0	8	0	0	3	0	0	0	0	0	0	0	0	0	0	0	0
ASV1502	1	1	6	0	1	0	0	3	0	0	0	0	3	0	0	0	0	0	0	0	0	0	1	0	0	0	0	0	0	0	0	0	0	0	0	0	0	0	0	0	0	0	0
ASV1712	0	0	0	0	0	10	0	0	0	0	0	7	0	0	0	0	0	0	0	0	0	0	0	0	0	0	0	0	0	0	0	0	0	0	0	0	0	0	0	0	0	0	0
ASV1753	0	0	0	0	0	5	1	0	0	0	0	2	0	0	0	0	0	0	0	0	0	0	0	0	0	0	0	0	0	0	1	0	0	0	0	0	0	0	0	0	0	0	4
ASV867	0	0	0	0	0	0	0	0	0	0	0	0	0	0	0	0	0	0	0	0	0	0	0	0	0	0	12	0	0	0	7	0	0	0	0	0	0	0	0	0	0	0	0
ASV882	0	0	3	0	0	1	2	0	0	0	0	0	0	0	0	0	0	0	0	0	0	0	0	0	0	0	0	0	8	0	2	0	0	0	0	0	0	0	0	0	0	0	0
ASV893	0	0	0	0	0	0	0	0	0	0	0	11	0	0	0	0	0	0	0	0	0	0	0	0	0	0	0	0	0	0	0	2	0	0	0	0	0	0	0	0	0	0	1
ASV917	3	0	0	0	0	0	0	1	0	0	0	0	0	0	0	0	0	0	0	0	0	0	0	0	0	0	0	8	1	0	0	3	0	0	0	0	0	0	0	0	0	0	0
ASV1013	0	0	0	0	0	0	0	0	0	0	0	0	0	0	0	0	0	0	0	0	0	0	0	0	0	0	0	0	0	0	0	0	0	0	1	1	0	9	3	0	0	1	0
ASV1053	0	0	0	0	0	0	0	0	0	0	0	0	0	0	0	0	0	0	0	0	0	4	0	0	0	0	0	0	1	0	0	11	0	0	0	0	0	0	0	0	0	0	0
ASV1085	0	0	0	6	7	0	0	0	0	0	0	0	0	0	0	0	0	0	0	0	0	0	0	0	0	0	0	0	6	0	0	0	0	0	0	0	0	0	0	0	0	0	0
ASV1098	0	1	0	0	1	0	0	0	0	1	0	0	0	0	0	0	0	0	0	0	0	0	0	0	0	0	0	0	0	0	0	0	0	0	0	0	0	0	0	0	0	13	0
ASV1136	0	0	0	0	0	0	0	0	0	7	0	0	0	0	0	0	0	0	0	0	0	0	0	0	0	0	0	0	0	0	0	9	0	0	0	0	0	0	0	0	0	0	0
ASV1166	0	0	0	0	0	0	0	0	0	0	0	0	0	0	0	0	0	0	0	0	0	0	0	0	0	17	0	0	0	0	0	0	0	0	0	0	0	0	0	0	0	0	0
ASV1224	0	0	0	0	0	0	0	0	0	0	0	0	5	0	0	0	0	0	0	0	0	0	2	0	0	0	0	0	3	2	3	0	0	0	0	0	0	0	0	0	0	0	0
ASV1244	0	0	0	0	0	11	0	0	0	0	0	0	0	0	1	0	0	0	0	0	0	0	0	0	0	0	0	0	1	0	0	0	0	0	0	0	0	0	0	0	0	0	2
ASV1264	0	2	0	9	0	0	0	0	0	0	0	0	0	0	0	0	0	0	0	0	0	0	0	0	0	0	0	4	1	0	0	0	0	0	0	0	0	0	0	0	0	0	0
ASV1277	5	5	0	0	0	0	0	0	0	0	0	0	0	0	0	0	0	0	0	0	0	0	0	0	0	0	0	0	0	0	0	0	0	0	4	0	0	0	1	0	4	1	0
ASV1427	0	0	0	4	0	0	1	0	0	0	0	0	0	2	0	0	0	0	0	0	0	0	2	0	0	0	0	0	0	1	0	0	0	0	0	0	0	0	0	0	0	1	0
ASV1812	0	3	0	0	0	0	0	0	11	0	0	0	0	0	0	0	0	0	0	0	0	0	0	0	0	0	1	0	0	0	0	0	0	0	0	0	0	0	0	0	0	0	0
ASV864	0	0	0	0	0	0	0	0	0	0	0	0	0	0	0	0	0	14	0	0	0	0	0	0	0	0	0	0	0	0	0	0	0	0	0	0	0	0	0	0	0	0	0
ASV954	0	0	0	2	0	0	0	0	0	0	0	0	0	0	0	0	0	0	0	0	0	0	0	0	0	0	5	0	0	2	0	0	0	0	0	0	0	2	2	0	0	0	2
ASV979	0	0	0	0	0	1	0	0	0	0	0	0	0	0	0	0	0	0	0	11	0	0	0	0	0	0	1	4	0	0	0	0	0	0	0	0	0	0	0	0	0	0	0
ASV1021	0	7	0	5	0	0	0	0	0	0	0	0	0	0	0	0	0	0	0	0	0	0	0	0	0	0	0	0	0	0	0	0	0	0	0	0	0	0	0	0	0	0	3
ASV1039	0	0	0	0	0	3	0	0	0	0	0	0	0	0	0	0	0	0	0	0	0	0	0	0	8	0	0	0	0	0	0	0	0	0	0	0	0	0	0	0	0	0	0
ASV1051	13	0	3	0	0	0	0	0	0	0	0	0	0	0	0	0	0	0	0	0	0	0	0	0	0	0	0	0	0	0	0	0	0	0	0	0	0	0	0	0	0	0	0
ASV1121	0	0	0	0	0	0	0	0	1	0	0	0	0	0	0	0	0	0	0	0	0	0	0	0	0	0	0	0	0	0	0	0	0	0	2	2	0	4	3	0	0	0	0
ASV1145	6	3	0	2	0	0	0	0	0	0	0	0	0	0	0	0	0	0	0	0	0	0	0	0	0	0	0	0	2	0	0	0	0	0	0	0	0	0	0	0	0	0	0
ASV1149	0	0	0	0	0	0	4	0	0	0	0	0	0	0	0	0	0	0	0	0	0	0	0	0	0	0	4	0	5	0	0	0	0	0	0	0	0	0	0	0	0	1	0
ASV1223	0	0	0	0	0	0	0	0	0	0	0	0	0	0	0	0	0	0	0	8	0	0	0	0	0	0	0	0	0	0	4	0	0	0	0	0	0	1	0	0	0	0	0
ASV1252	0	1	0	0	0	0	1	0	0	0	0	8	0	0	0	0	0	0	0	0	0	0	3	0	0	0	0	0	2	0	0	0	0	0	0	0	0	0	0	0	0	0	0
ASV1253	0	0	0	0	0	0	0	0	0	0	0	0	0	0	0	0	0	0	0	0	0	0	0	0	0	0	0	0	0	0	0	0	0	0	0	0	0	1	0	0	0	11	4
ASV1269	0	0	0	4	0	0	0	0	0	0	0	5	0	0	0	0	0	0	0	0	0	0	0	0	0	0	0	0	1	0	0	5	0	0	0	0	0	0	0	0	0	0	0
ASV1378	0	4	0	5	0	0	0	0	0	0	0	0	0	0	0	0	0	0	0	0	0	0	0	0	0	0	0	0	0	2	0	2	0	0	1	0	0	0	0	0	0	0	0
ASV1407	0	0	0	0	0	0	0	0	0	0	0	0	0	0	0	0	0	0	0	0	0	0	0	0	0	0	0	0	0	0	0	0	0	0	0	0	0	0	0	0	0	15	1
ASV1439	0	5	0	0	0	1	0	0	0	0	0	0	0	0	0	0	0	0	0	0	0	0	0	0	0	0	0	0	0	0	0	0	0	0	0	0	11	0	0	0	0	0	0
ASV1572	0	0	0	0	0	10	0	0	0	0	0	0	0	0	0	0	0	0	0	0	0	0	0	0	0	0	0	0	0	0	0	0	0	0	0	0	0	0	0	9	0	0	0
ASV1653	0	0	0	0	0	7	0	0	0	0	0	0	0	7	0	0	0	0	0	0	0	0	0	0	0	0	4	0	0	0	0	0	0	0	0	0	0	1	0	0	0	0	0
ASV1865	2	0	0	0	0	5	0	0	0	0	0	0	0	0	0	0	0	0	0	0	0	0	0	0	0	0	0	0	0	0	2	0	0	0	0	0	0	1	0	0	0	0	1
ASV914	2	0	0	0	2	0	0	0	0	0	0	0	1	0	0	0	0	0	0	0	0	0	0	0	0	0	0	0	0	0	0	0	0	0	0	0	3	0	0	0	0	4	0
ASV944	0	0	0	0	8	0	0	1	0	0	0	0	0	0	0	0	0	0	0	0	0	0	1	0	0	0	0	0	1	0	0	3	0	0	0	0	0	0	0	0	0	0	0
ASV949	0	1	0	0	0	0	0	0	0	4	0	0	0	0	0	0	0	0	0	0	0	0	1	0	0	0	2	4	0	0	0	0	0	0	0	0	0	0	0	0	0	0	0
ASV952	0	0	0	0	0	0	0	0	0	0	0	0	0	0	0	0	0	0	0	0	0	0	0	0	0	0	0	0	0	0	0	0	0	12	0	0	0	0	0	0	0	0	1
ASV970	0	0	0	0	0	0	0	0	0	0	0	0	0	0	0	0	0	0	0	0	0	0	1	0	0	0	0	0	0	0	0	0	0	0	11	2	0	0	2	0	0	0	0
ASV975	0	0	0	0	0	0	0	0	0	0	0	8	0	0	6	0	0	0	0	0	0	0	0	0	0	0	0	0	0	0	0	0	0	0	0	0	0	0	1	0	0	0	0
ASV990	0	0	0	5	0	1	2	2	1	0	0	0	0	0	0	0	0	0	0	0	0	0	0	0	0	0	0	0	1	0	0	0	0	0	0	0	0	0	1	0	0	0	0
ASV1014	0	0	0	0	0	1	0	0	0	0	0	0	0	0	10	0	0	0	0	0	0	0	0	0	0	0	0	0	1	0	0	0	0	0	0	0	0	0	0	0	0	0	0
ASV1026	0	0	0	0	0	0	0	0	0	0	0	0	0	0	0	0	0	0	0	0	0	0	0	0	0	0	0	0	0	0	0	0	0	0	2	2	0	0	0	6	1	0	0
ASV1029	0	12	0	0	0	0	0	0	0	0	0	0	0	0	0	0	0	0	0	0	0	0	0	0	0	0	0	0	0	0	0	0	0	0	0	0	0	0	0	0	0	0	0
ASV1048	0	0	0	0	0	0	0	0	13	0	0	0	0	0	1	0	0	0	0	0	0	0	0	0	0	0	0	0	0	0	0	0	0	0	0	0	0	0	0	0	0	0	0
ASV1059	0	0	0	0	0	0	0	1	0	0	0	0	0	0	0	0	0	0	0	0	0	0	3	0	0	0	7	0	0	0	0	0	0	0	0	0	0	0	0	0	0	2	0
ASV1063	0	0	0	0	0	0	0	0	0	0	0	0	0	0	0	0	0	14	0	0	0	0	0	0	0	0	0	0	0	0	0	0	0	0	0	0	0	0	0	0	0	0	0
ASV1084	5	1	0	0	0	0	0	2	0	0	0	0	0	0	0	0	0	0	0	0	0	0	0	0	0	0	0	0	0	0	0	0	0	0	2	1	0	0	1	0	2	2	0
ASV1101	0	0	0	8	1	0	0	0	0	0	0	0	0	0	0	0	0	0	0	0	0	0	0	0	0	0	0	0	0	0	0	0	0	0	0	0	0	1	0	0	0	0	0
ASV1113	0	0	0	9	0	0	1	0	0	0	0	0	7	0	0	0	0	0	0	0	0	0	0	0	0	0	0	0	0	0	0	0	0	0	0	0	0	0	0	0	0	0	0
ASV1167	0	1	1	0	1	0	1	0	0	0	0	0	0	0	0	0	0	0	0	0	0	0	3	0	0	0	0	0	0	0	0	0	0	0	0	0	0	10	0	0	0	0	0
ASV1178	0	0	0	2	0	0	0	0	0	0	0	0	0	0	0	0	0	0	0	0	0	0	3	0	0	0	0	3	0	0	1	3	0	0	0	2	0	0	0	0	0	0	0
ASV1281	0	0	0	2	0	0	0	0	0	0	0	0	0	0	0	0	0	0	0	0	0	0	0	0	0	0	0	0	0	0	0	0	0	0	0	0	0	0	0	0	0	10	1
ASV1290	0	0	0	0	0	0	0	0	16	0	0	0	0	0	0	0	0	0	0	0	0	0	2	0	0	0	0	0	0	0	0	0	0	0	0	0	0	0	0	0	0	0	0
ASV1333	0	0	0	0	0	0	0	0	0	0	0	0	0	0	0	0	0	0	0	0	0	0	0	0	0	0	0	0	0	0	0	0	0	1	0	1	0	0	0	0	0	9	7
ASV1822	0	0	0	0	2	0	0	0	0	0	0	0	0	0	0	0	0	0	0	0	0	8	0	0	0	0	2	0	0	0	0	3	0	0	0	0	0	0	0	0	0	0	0
ASV966	0	7	0	0	0	0	0	1	0	0	0	0	0	7	0	0	0	0	0	0	0	0	0	0	0	0	0	0	0	0	0	0	0	0	0	0	0	0	0	0	0	0	0
ASV1064	0	0	0	0	0	0	0	0	0	0	0	1	0	0	0	0	2	0	0	0	0	0	2	0	0	0	1	0	0	3	2	0	0	0	0	0	0	0	0	0	0	0	0
ASV1103	0	0	0	0	0	0	0	0	0	0	0	0	0	0	0	0	0	0	0	0	0	0	0	0	0	0	0	0	0	0	0	0	0	0	0	0	0	1	0	0	0	17	0
ASV1109	0	0	0	0	4	0	0	10	0	0	0	0	0	0	0	0	0	0	0	0	0	0	0	0	0	0	0	0	0	0	0	0	0	0	0	0	0	0	0	0	0	0	0
ASV1119	0	0	0	0	0	0	0	0	0	0	0	0	8	0	0	0	0	0	0	0	0	0	0	0	0	0	0	0	0	0	0	0	0	0	0	0	0	0	0	0	0	5	0
ASV1120	0	0	0	3	0	0	4	0	4	0	0	0	0	0	0	0	0	0	0	0	0	0	0	0	0	0	0	0	0	1	0	0	0	0	0	0	0	0	0	0	0	0	0
ASV1174	0	3	0	0	0	0	0	0	0	0	0	0	0	0	0	0	0	0	0	0	3	0	0	0	0	0	0	0	0	0	0	0	0	0	0	3	0	0	1	0	3	0	0
ASV1242	0	0	0	0	0	0	0	0	13	0	0	0	0	0	0	0	0	0	0	0	0	0	0	0	0	0	0	0	0	1	0	0	0	0	0	0	0	0	0	0	0	0	0
ASV1265	3	0	0	2	0	0	0	0	0	0	0	0	3	0	0	0	0	0	0	0	0	0	1	0	0	0	0	0	2	0	0	0	0	0	0	0	0	0	0	0	0	3	0
ASV1272	0	0	0	0	4	0	0	0	0	0	0	0	0	0	0	0	0	0	0	0	0	0	5	0	0	0	2	0	0	0	0	0	0	0	0	0	0	0	0	0	0	3	1
ASV1353	0	0	4	0	0	0	5	0	0	0	0	0	0	0	0	0	2	0	0	0	2	0	0	0	0	0	0	3	0	0	0	0	0	0	0	0	0	0	0	0	0	0	0
ASV1360	0	0	0	0	0	7	0	0	0	0	0	0	0	0	0	7	0	0	0	0	0	0	0	0	0	0	0	0	0	0	0	0	0	0	0	0	0	0	0	0	0	0	0
ASV1366	0	0	0	0	0	6	0	0	0	0	0	0	0	0	0	0	0	0	0	0	0	0	0	0	0	0	0	0	2	0	3	0	0	0	0	0	0	0	0	0	0	0	2
ASV1377	0	0	0	0	0	1	0	4	0	0	0	3	0	0	0	0	0	0	0	0	0	0	0	0	0	0	0	0	0	0	3	2	0	0	0	0	0	0	0	0	0	0	0
ASV1398	0	0	0	0	0	0	4	0	0	0	0	0	0	0	0	0	0	0	0	0	0	0	0	0	0	0	0	0	0	0	0	0	0	0	0	0	0	0	0	0	0	8	2
ASV1412	0	0	0	0	0	5	0	0	0	0	0	4	0	0	0	0	0	0	0	0	0	0	0	0	0	0	0	0	0	0	0	0	0	0	0	0	0	0	0	0	0	0	0
ASV1521	0	0	0	0	0	4	0	0	0	0	0	0	0	0	0	0	7	0	0	0	0	0	0	0	0	0	0	0	0	0	0	0	0	0	0	0	0	0	0	0	0	0	0
ASV1625	0	0	0	0	0	10	0	0	0	0	0	0	0	0	0	1	0	0	0	0	0	0	0	0	0	0	2	0	0	0	0	0	0	0	0	0	0	0	0	0	0	0	2
ASV1645	0	0	0	0	0	0	0	0	0	0	0	0	0	0	0	0	0	0	0	0	0	0	4	0	0	0	0	0	0	10	0	0	0	0	0	0	0	0	0	0	0	0	0
ASV1649	0	0	0	0	0	0	0	0	0	0	0	0	0	0	0	0	0	0	0	0	0	0	0	0	0	0	0	0	0	0	0	0	0	0	0	0	0	0	0	0	0	9	2
ASV1662	0	0	0	0	0	1	0	0	0	0	0	0	0	0	0	0	6	0	0	0	0	0	0	0	7	0	0	0	0	0	0	0	0	0	0	0	0	0	0	0	0	0	0
ASV1708	0	0	0	0	0	3	0	0	7	0	0	0	0	0	0	0	0	0	0	0	0	0	0	0	0	0	0	0	0	0	0	0	0	0	0	0	0	0	0	1	0	0	1
ASV1067	0	0	0	0	0	0	0	0	0	0	0	0	0	0	0	0	0	0	0	0	0	0	0	0	0	0	0	13	0	0	0	0	0	0	0	0	0	0	0	0	0	0	0
ASV1089	0	0	10	0	0	0	0	0	0	0	0	0	0	0	0	0	0	0	0	0	0	0	0	0	0	0	0	0	0	0	0	0	0	0	0	0	0	0	0	0	0	0	2
ASV1133	0	0	0	0	0	0	0	0	0	0	0	0	0	0	0	0	11	0	0	0	0	0	0	0	0	0	0	0	0	0	3	0	0	0	0	0	0	0	0	0	0	0	0
ASV1137	0	0	0	0	0	3	0	0	11	0	0	0	0	0	0	0	0	0	0	0	0	0	0	0	0	0	0	0	0	0	0	0	0	0	0	0	0	0	0	0	0	0	0
ASV1139	3	0	0	0	0	0	0	0	0	0	0	0	0	0	0	0	0	0	0	0	0	0	2	0	0	0	7	0	0	0	0	0	0	0	0	0	0	0	0	0	0	0	0
ASV1141	0	0	0	0	0	16	0	0	0	0	0	0	0	1	0	0	0	0	0	0	0	0	0	0	0	0	0	0	0	0	0	0	0	0	0	0	0	0	0	0	0	0	0
ASV1168	0	0	0	2	0	0	0	0	0	0	0	0	0	0	0	0	0	0	0	0	0	0	0	0	0	0	6	0	1	0	0	0	0	0	0	0	0	0	0	0	0	0	0
ASV1170	0	0	0	0	0	0	0	0	0	0	0	10	0	0	0	0	0	0	0	0	0	0	3	0	0	0	0	0	0	0	0	0	0	0	0	0	0	2	0	0	0	0	0
ASV1173	0	2	5	3	0	2	0	0	0	0	0	0	0	0	0	0	0	0	0	0	0	0	0	0	0	0	0	0	0	0	0	2	0	0	0	0	0	0	0	0	0	0	0
ASV1193	0	0	0	0	0	0	0	0	0	0	0	0	0	0	0	0	0	0	0	0	0	0	5	0	0	0	0	0	0	0	0	9	0	0	0	0	0	0	0	0	0	0	0
ASV1200	0	0	0	0	0	0	0	0	0	0	0	0	0	0	0	0	0	0	0	0	0	0	0	0	0	0	0	0	0	0	0	0	0	0	0	0	0	2	0	0	0	6	1
ASV1205	2	0	0	0	0	0	0	0	0	0	0	0	0	0	0	0	0	0	0	0	0	0	0	0	0	0	0	0	0	0	0	0	0	0	0	0	0	0	0	10	0	1	0
ASV1238	0	0	0	0	0	0	0	0	0	0	0	0	0	0	0	0	0	0	0	0	0	0	0	0	0	0	0	0	0	0	0	0	0	0	2	2	1	2	2	0	0	3	0
ASV1255	0	0	3	0	1	0	0	0	0	0	0	0	0	0	0	0	0	0	0	0	0	0	0	0	0	0	0	0	0	2	0	0	0	0	0	0	0	0	1	0	0	0	1
ASV1256	0	0	4	0	0	0	0	0	0	0	0	6	3	0	0	0	0	0	0	0	0	0	0	0	0	0	0	0	0	0	0	0	0	0	0	0	0	0	0	0	0	0	0
ASV1345	1	1	0	1	0	0	0	0	1	0	0	0	0	0	0	0	0	0	0	0	0	0	0	0	1	2	0	1	0	0	1	0	0	1	1	3	0	0	1	0	2	1	0
ASV1376	0	1	0	2	9	0	0	0	0	0	0	0	0	0	0	0	0	0	0	0	0	0	0	0	0	0	0	0	0	0	0	0	0	0	0	0	1	0	0	0	0	0	0
ASV1381	0	0	0	0	0	2	0	0	0	0	0	0	0	0	0	0	0	0	0	0	0	0	0	0	0	0	0	10	0	0	0	0	0	1	0	0	0	0	0	0	0	0	0
ASV1389	3	0	0	0	3	2	0	0	0	0	0	2	3	0	0	0	0	0	0	0	0	0	0	0	0	0	0	0	0	0	0	0	0	0	0	0	0	0	0	0	0	0	0
ASV1400	0	0	0	0	0	0	0	0	0	0	0	0	0	0	0	0	0	4	0	0	0	0	1	0	0	0	0	0	0	0	0	0	0	0	0	0	0	0	0	7	0	0	0
ASV1545	0	0	0	4	0	0	0	0	0	0	0	0	0	0	0	0	0	0	0	0	0	0	0	0	0	0	0	0	0	0	0	0	0	0	0	1	0	3	0	0	0	4	1
ASV1553	5	0	0	0	0	4	0	0	0	0	0	0	0	0	0	0	0	0	0	0	0	0	0	0	0	0	2	0	0	0	0	0	0	0	0	0	0	0	0	0	0	0	0
ASV1560	0	0	0	0	0	10	0	0	0	0	0	0	0	0	0	0	0	0	0	0	0	0	0	0	0	0	0	0	0	0	0	0	0	0	0	0	0	0	1	0	0	0	0
ASV1592	12	0	0	0	0	2	0	0	0	0	0	0	0	0	0	0	0	0	0	0	0	0	0	0	0	0	0	0	0	0	0	0	0	0	0	0	0	0	0	0	0	0	0
ASV1755	0	1	0	0	0	0	9	0	0	0	0	0	0	0	0	0	0	0	0	0	0	0	0	0	0	0	0	0	0	1	0	3	0	0	0	0	0	0	0	0	0	0	0
ASV1792	0	3	0	1	0	0	0	0	0	0	0	0	0	0	0	0	7	0	0	0	0	0	0	0	0	0	0	0	0	0	0	0	0	0	0	0	0	0	0	0	0	0	0
ASV1016	0	0	0	0	0	0	0	0	0	0	0	0	0	0	0	0	0	0	0	0	0	0	0	0	0	0	0	0	0	0	0	0	0	0	0	0	0	2	2	5	0	0	0
ASV1116	0	0	0	0	0	0	0	0	0	0	0	0	0	0	0	0	0	0	8	0	0	0	0	0	0	0	0	4	0	0	0	0	0	0	0	0	0	0	0	0	0	0	0
ASV1172	0	3	0	0	0	0	0	0	0	0	0	0	0	0	0	0	0	0	0	0	0	0	0	0	0	0	0	0	0	0	0	9	0	0	0	0	0	0	0	0	0	0	0
ASV1192	0	0	0	0	0	1	0	0	0	0	0	0	0	1	0	0	10	0	0	0	0	0	0	0	0	0	0	0	0	0	0	0	0	0	0	0	0	0	0	0	0	0	0
ASV1199	0	0	0	0	0	1	0	1	15	0	0	0	0	0	0	0	0	0	0	0	0	0	0	0	0	0	0	0	0	0	0	0	0	0	0	0	0	0	0	0	0	0	0
ASV1229	0	0	0	0	0	2	0	0	0	0	0	0	0	0	0	0	0	0	0	0	0	0	0	0	0	0	0	0	0	0	0	0	0	0	0	0	0	0	0	0	0	7	0
ASV1231	0	0	0	0	0	0	0	0	0	0	0	0	0	0	0	0	0	0	0	0	0	0	0	0	0	0	0	2	0	0	0	0	0	10	0	0	0	0	0	0	0	0	0
ASV1232	0	0	0	0	0	9	0	0	0	0	0	0	0	0	0	0	0	0	0	0	0	0	0	0	0	0	0	0	0	0	2	0	0	0	0	0	0	0	0	0	0	0	3
ASV1249	6	0	0	0	0	0	1	0	0	0	0	0	3	0	0	0	0	0	0	0	0	0	0	0	0	0	0	0	0	2	0	0	0	0	0	0	0	0	0	0	0	0	0
ASV1261	0	0	0	0	0	0	0	0	0	0	0	0	0	0	0	0	0	0	0	0	0	0	0	0	0	0	0	0	0	0	13	0	0	0	0	0	0	0	0	0	0	0	0
ASV1271	0	0	0	0	0	0	0	0	0	0	0	13	0	0	0	0	0	0	0	0	0	0	0	0	0	0	0	0	0	0	0	0	0	0	0	0	0	0	0	0	0	0	1
ASV1289	8	0	0	0	0	0	0	0	0	0	0	0	0	0	0	0	0	0	0	0	0	0	0	0	0	0	0	0	0	4	0	0	0	0	0	0	0	0	0	0	0	0	0
ASV1298	0	0	0	0	2	0	0	0	0	0	0	0	0	0	0	0	0	0	0	0	0	0	0	0	0	10	0	0	0	0	0	0	0	0	0	0	0	0	0	0	0	0	0
ASV1302	1	0	0	0	0	0	2	0	0	0	0	0	0	0	6	0	0	0	0	0	0	0	1	0	0	0	0	0	0	0	0	0	0	0	0	0	0	0	0	0	0	0	0
ASV1303	0	0	0	0	0	0	0	0	0	0	0	0	0	0	0	0	0	6	0	0	0	0	3	0	0	0	0	0	0	0	0	0	0	0	0	0	0	0	0	0	0	0	0
ASV1326	0	0	0	0	0	0	0	0	0	0	0	0	0	0	0	0	0	0	0	0	0	0	0	0	0	0	0	0	0	2	0	6	0	0	0	0	0	0	0	0	0	0	0
ASV1328	0	0	0	0	0	0	0	0	0	0	0	0	0	12	0	0	0	0	0	0	0	0	2	0	0	0	0	0	0	0	0	0	0	0	0	0	0	0	0	0	0	0	0
ASV1359	1	0	0	0	0	0	0	0	0	0	0	0	0	0	0	0	7	0	0	0	0	0	0	0	0	0	0	0	0	0	0	0	0	0	0	0	0	0	0	0	0	0	0
ASV1379	0	1	3	0	0	1	0	0	0	0	0	0	0	0	0	0	0	0	0	0	0	0	0	0	0	0	4	0	5	0	1	0	0	0	0	0	0	0	0	0	1	0	0
ASV1383	0	0	0	0	0	3	0	0	0	0	0	0	0	0	0	0	0	0	0	0	0	0	0	0	0	0	0	0	0	0	0	0	6	0	0	0	0	0	0	0	0	0	1
ASV1406	1	0	0	0	0	0	0	0	4	0	0	0	7	0	0	0	0	0	0	0	0	0	1	0	0	0	0	0	1	0	0	0	0	0	0	0	0	0	0	0	0	0	0
ASV1435	0	0	0	0	0	0	0	0	0	0	0	0	0	0	0	0	9	0	0	0	0	0	0	0	0	0	0	0	2	0	0	0	0	0	0	0	0	0	0	0	0	0	0
ASV1476	0	0	0	0	0	0	0	1	0	0	0	10	0	0	0	0	0	0	0	0	0	0	0	0	0	0	0	0	0	4	0	0	0	0	0	0	0	0	0	0	0	0	0
ASV1549	0	0	0	0	0	2	0	0	2	0	0	0	0	0	0	0	0	0	0	0	0	0	0	0	0	6	0	0	0	0	0	0	0	0	0	0	0	0	0	0	0	0	0
ASV1556	0	0	0	7	0	0	0	0	0	0	0	0	0	0	0	0	0	0	0	0	0	0	0	0	0	0	0	2	0	1	0	0	0	0	0	0	0	0	0	0	0	0	0
ASV1557	0	0	0	0	0	2	0	3	1	0	0	0	0	0	0	1	0	0	0	0	0	0	0	0	0	0	0	0	2	2	0	0	0	0	0	0	0	0	0	0	0	0	0
ASV1615	0	0	0	0	11	0	0	0	0	0	0	0	0	0	0	0	0	0	0	0	0	0	1	0	0	0	0	0	0	0	0	0	0	0	0	0	0	0	1	0	0	0	0
ASV1664	0	0	0	0	0	0	0	0	0	0	0	0	0	0	0	0	0	0	0	0	0	0	0	0	0	0	0	0	0	0	0	0	0	0	1	1	0	1	3	0	0	3	1
ASV1701	0	0	0	0	0	0	0	0	0	0	0	0	0	0	0	0	0	0	0	0	0	0	0	0	0	0	0	0	0	0	0	0	0	0	0	0	0	0	0	0	0	0	9
ASV1721	0	0	0	0	0	0	5	0	0	0	0	6	0	0	0	0	0	0	0	0	0	0	0	0	0	0	0	0	0	0	0	3	0	0	0	0	0	0	0	0	0	0	0
ASV1760	3	0	0	3	0	0	0	0	0	0	0	0	1	0	0	0	0	0	0	0	0	0	0	0	0	0	0	4	0	0	0	0	0	0	0	0	0	0	0	0	0	0	0
ASV1852	1	0	0	0	0	0	0	0	0	0	0	0	0	0	0	0	0	0	0	0	0	0	0	0	0	0	0	0	0	7	0	0	0	0	0	0	0	2	4	0	0	0	1
ASV1882	0	0	0	0	0	1	0	0	0	0	0	0	0	0	0	0	0	0	0	0	0	0	0	0	0	0	0	0	0	0	0	0	0	0	4	0	4	0	0	0	1	1	0
ASV1097	0	0	0	0	0	0	0	0	0	0	0	12	0	0	0	0	0	0	0	0	0	0	0	0	0	0	0	0	1	0	0	0	0	0	0	0	0	0	0	0	0	0	0
ASV1146	0	0	0	2	0	0	0	0	0	0	0	0	0	0	0	0	0	0	0	0	0	0	0	0	0	0	0	0	0	0	0	0	0	0	2	3	3	0	0	0	1	3	0
ASV1148	0	0	0	0	0	0	0	0	0	0	0	0	7	0	0	0	0	0	0	0	0	0	0	0	0	0	0	0	6	1	0	0	0	0	0	0	0	0	0	0	0	0	0
ASV1151	0	0	0	0	0	9	0	0	0	0	0	0	0	0	0	0	0	0	0	0	5	0	0	0	0	0	0	0	0	0	0	0	0	0	0	0	0	0	0	0	0	0	0
ASV1186	0	0	0	0	0	0	7	0	0	0	0	0	0	0	0	0	0	0	0	0	0	0	0	0	0	0	0	0	0	0	4	0	0	0	0	0	0	0	0	0	0	0	0
ASV1207	0	0	0	0	0	0	4	0	0	0	0	0	0	0	0	0	0	0	0	0	0	0	0	0	0	0	0	0	1	5	0	0	0	0	0	0	0	0	0	0	0	0	0
ASV1239	0	0	0	0	7	3	0	0	0	0	0	0	0	0	0	0	0	0	0	0	0	0	0	0	0	0	0	0	0	0	0	0	0	0	0	0	0	0	0	0	0	0	0
ASV1251	0	0	0	1	0	0	0	0	0	0	0	0	0	0	0	0	0	0	0	0	0	0	0	0	0	0	0	0	0	0	0	0	0	12	0	0	0	0	0	0	0	0	0
ASV1278	0	0	0	3	0	0	0	0	0	0	0	0	0	0	0	0	0	0	0	0	0	0	0	0	0	0	0	0	0	0	0	0	0	0	0	0	0	2	6	0	0	0	0
ASV1357	7	1	0	0	0	0	0	0	0	0	0	0	0	0	0	0	0	0	0	0	0	0	0	0	0	0	0	0	3	0	0	0	0	0	0	0	0	0	0	0	0	1	0
ASV1373	6	0	0	0	0	0	0	0	0	0	0	0	0	0	0	0	0	0	0	0	0	0	0	0	0	0	0	0	0	0	0	0	0	0	0	0	0	0	0	0	0	5	0
ASV1386	1	0	0	0	0	0	3	0	0	0	0	0	0	0	0	0	0	0	0	0	0	0	1	0	0	0	0	0	0	0	0	7	0	0	0	0	0	0	0	0	0	0	0
ASV1463	0	0	0	0	0	2	0	0	9	0	0	0	0	0	0	0	0	0	0	0	0	0	0	0	0	0	0	0	0	0	0	0	0	0	0	0	0	0	0	0	0	0	0
ASV1481	0	1	0	0	0	0	0	0	0	0	0	0	5	0	0	0	0	0	0	0	0	0	0	0	0	0	0	3	0	1	0	0	0	0	0	0	0	0	0	0	0	0	0
ASV1552	6	0	0	0	0	0	0	0	0	0	0	0	2	0	0	0	0	0	0	0	0	0	0	0	0	0	2	0	0	0	0	0	0	0	0	0	0	0	0	0	0	0	0
ASV1606	0	0	0	0	3	0	0	0	0	0	0	0	0	0	0	0	0	0	0	0	0	0	0	0	0	0	0	0	0	0	0	0	0	0	0	0	0	1	0	0	0	8	0
ASV1648	0	0	0	0	0	0	0	0	0	0	0	0	0	0	5	0	0	0	0	0	0	0	0	0	0	0	0	2	0	0	0	0	0	0	0	0	0	0	5	0	0	0	1
ASV1667	0	1	0	0	0	0	0	0	0	0	0	0	0	0	0	0	0	0	0	0	0	1	1	0	0	4	0	1	1	0	0	0	0	0	0	0	0	0	0	0	0	0	0
ASV1775	2	0	0	0	0	0	4	0	0	0	0	0	0	0	0	0	0	0	0	0	0	0	1	0	0	0	2	0	1	0	0	0	0	0	0	0	0	0	0	0	0	0	0
ASV1817	0	0	0	0	0	0	0	0	0	0	0	0	0	0	0	0	6	0	0	0	0	0	0	0	2	0	0	0	0	0	0	0	0	0	0	0	0	0	0	0	0	0	0
ASV1931	0	0	1	0	0	0	0	0	0	0	0	0	5	0	0	0	0	0	0	0	0	0	0	0	0	0	0	0	0	0	5	0	0	0	0	0	0	0	0	0	0	0	0
ASV1090	0	0	0	0	0	0	0	0	0	0	0	0	0	7	0	0	0	0	0	0	0	0	0	0	0	0	0	1	0	0	0	0	0	0	0	0	0	0	0	0	0	0	0
ASV1110	0	0	0	0	0	0	0	0	0	0	0	0	8	0	0	0	0	0	0	0	0	0	0	0	0	0	0	0	0	0	0	0	0	0	0	0	0	0	0	0	0	3	0
ASV1161	0	0	0	0	0	0	0	0	0	0	0	0	0	0	0	0	0	0	0	0	0	0	0	0	0	0	0	0	0	12	0	0	0	0	0	0	0	0	0	0	1	0	0
ASV1213	0	0	0	0	0	0	0	0	4	0	0	0	0	0	0	0	0	5	0	0	0	0	3	0	0	0	0	0	0	0	0	0	0	0	0	0	0	0	0	0	0	0	0
ASV1237	0	0	0	0	8	0	0	0	0	0	0	0	0	0	0	0	0	0	0	0	0	0	0	0	0	0	2	1	0	0	0	0	0	0	0	0	0	0	0	0	0	0	0
ASV1284	0	0	0	0	0	0	0	0	6	0	0	0	0	0	0	0	0	0	0	0	0	0	0	0	0	1	0	0	0	0	0	0	0	0	0	0	0	0	0	0	0	0	0
ASV1346	0	1	0	0	0	0	0	0	0	0	0	1	0	0	0	0	0	0	0	0	0	0	4	0	0	0	0	0	1	0	0	1	0	0	0	0	0	0	0	0	0	0	0
ASV1392	0	0	0	0	0	0	0	0	0	0	0	1	0	0	0	0	0	0	0	0	0	0	0	0	0	0	0	0	0	0	0	0	0	0	0	0	0	0	0	0	0	8	0
ASV1403	0	0	0	0	0	0	0	0	0	0	0	0	0	0	0	0	0	0	0	0	9	0	1	0	0	0	0	0	0	0	0	0	0	0	0	0	0	0	0	0	0	0	0
ASV1432	0	6	0	0	0	0	0	0	0	0	0	0	4	0	0	0	0	0	0	0	0	0	0	0	0	0	0	0	0	0	0	0	0	0	0	0	0	0	0	0	0	0	0
ASV1433	0	2	0	0	0	0	0	0	0	0	0	0	6	0	0	0	0	0	0	0	0	0	0	0	0	0	0	0	0	0	0	3	0	0	0	0	0	0	0	0	0	0	0
ASV1448	0	0	0	7	0	0	0	0	0	0	0	0	0	0	0	0	0	0	0	0	0	0	0	0	0	0	0	0	0	0	0	0	0	0	0	0	0	0	0	0	1	0	0
ASV1452	0	0	0	0	0	0	7	0	0	0	0	0	0	0	0	0	0	0	0	0	0	0	0	0	0	0	0	0	0	0	0	0	0	0	0	0	0	0	1	0	0	0	2
ASV1465	0	0	0	0	0	0	0	0	0	0	0	0	0	0	0	0	0	0	0	0	0	0	0	12	0	0	0	0	0	0	0	0	0	0	0	0	0	0	0	0	0	0	0
ASV1467	0	0	0	0	1	0	0	0	5	0	0	0	1	0	0	0	0	0	0	0	0	0	0	0	1	0	0	1	0	0	0	0	0	0	0	0	0	0	0	0	0	0	0
ASV1509	2	6	0	0	0	0	0	0	0	0	0	0	0	0	0	0	0	0	0	0	0	0	0	0	0	0	1	1	0	0	1	0	0	0	0	0	0	0	0	0	0	0	0
ASV1535	0	0	0	0	0	1	0	0	0	3	0	0	0	0	0	0	0	0	0	0	0	0	0	0	0	2	2	0	1	0	0	0	0	0	0	0	0	0	0	0	0	0	0
ASV1559	0	0	0	0	1	0	0	0	0	0	0	0	3	0	0	0	0	0	0	0	0	0	2	0	0	0	0	0	0	0	0	0	0	0	0	0	0	0	0	0	0	3	0
ASV1598	0	0	0	2	0	0	0	0	0	0	0	0	0	0	0	0	0	0	0	0	0	0	0	0	0	0	0	0	0	0	0	0	0	0	0	0	0	0	0	0	0	9	0
ASV1707	0	0	0	0	0	0	0	0	7	0	0	0	0	0	0	0	0	0	0	0	0	0	0	0	0	0	0	3	0	0	1	0	0	0	0	0	0	0	0	0	0	0	0
ASV1718	0	1	0	0	0	0	7	0	0	0	0	0	0	0	0	0	0	0	0	0	0	0	0	0	0	0	0	0	0	0	2	0	0	0	0	0	0	0	0	0	0	0	0
ASV1794	0	0	0	0	0	5	0	0	0	0	0	0	0	8	0	0	0	0	0	0	0	0	0	0	0	0	0	0	0	0	0	0	0	0	0	0	0	0	0	0	0	0	0
ASV1802	0	0	0	0	0	0	0	7	0	0	0	0	0	0	0	0	0	0	0	0	0	0	0	0	0	0	0	0	0	2	0	0	0	0	0	0	0	0	0	0	0	7	0
ASV1848	0	0	0	0	0	0	0	0	0	0	0	0	0	0	0	0	0	0	0	0	5	0	0	0	0	0	0	0	0	0	3	5	0	0	0	0	0	0	0	0	0	0	0
ASV1175	0	6	0	0	0	0	0	0	0	0	0	0	0	0	0	0	0	0	0	0	0	0	3	0	0	0	0	0	0	0	0	0	0	0	0	0	0	0	0	0	0	0	0
ASV1212	0	0	0	0	0	0	0	0	0	0	0	0	0	0	0	0	0	0	0	0	0	0	0	0	0	0	0	0	5	0	0	0	0	0	0	0	0	0	0	0	0	6	0
ASV1220	0	0	0	0	0	6	0	0	0	0	0	0	0	0	0	0	0	0	0	0	0	0	0	1	0	0	0	0	0	0	0	0	0	0	0	0	0	0	0	4	0	0	0
ASV1248	0	0	0	0	0	0	0	0	0	0	0	0	0	0	0	0	0	0	0	0	0	0	0	0	0	0	0	0	0	0	0	9	0	0	0	0	0	0	0	0	0	0	0
ASV1259	0	0	0	0	0	0	0	0	0	0	0	0	0	0	0	0	0	0	0	1	0	0	0	0	0	0	0	0	0	0	0	0	0	0	0	0	0	0	0	0	0	8	0
ASV1293	2	0	0	6	0	0	0	0	0	0	0	0	4	0	0	0	0	0	0	0	0	0	0	0	0	0	0	0	0	0	0	0	0	0	0	0	0	0	0	0	0	0	0
ASV1310	0	9	0	0	0	0	0	0	0	0	0	0	0	0	0	0	0	0	0	0	0	0	0	0	0	0	0	0	0	0	0	0	0	0	0	0	0	0	0	0	0	0	2
ASV1318	0	0	0	2	2	0	0	4	0	0	0	0	0	0	0	0	0	0	0	0	0	0	0	0	0	0	2	0	0	0	0	0	0	0	0	0	0	0	0	0	0	0	0
ASV1331	0	0	0	0	0	0	4	0	0	0	0	0	0	0	0	0	0	0	0	0	5	0	0	0	0	0	0	0	0	0	0	0	0	0	0	0	0	0	0	0	0	0	0
ASV1349	0	2	0	2	4	0	0	0	0	0	0	0	0	0	0	0	0	0	0	0	0	0	0	0	0	0	0	1	0	0	0	0	0	0	0	0	0	0	0	0	0	0	0
ASV1355	0	0	0	0	0	0	0	0	0	8	0	0	0	0	0	0	0	0	0	0	0	0	0	0	0	0	0	0	0	0	0	0	0	0	0	0	0	0	0	0	0	0	3
ASV1361	4	0	0	0	0	3	0	0	0	0	0	0	0	0	0	1	0	0	0	0	0	0	0	0	0	0	0	0	0	0	0	0	0	0	0	0	2	0	0	0	0	0	0
ASV1396	1	2	0	0	1	0	0	0	0	0	0	0	0	0	0	0	0	0	0	0	0	0	0	0	0	0	0	0	0	0	3	0	0	0	0	0	0	0	0	0	0	1	0
ASV1402	0	0	0	0	8	0	0	0	0	0	0	0	0	0	0	0	0	0	0	0	0	0	0	0	0	0	0	0	0	0	5	0	0	0	0	0	0	0	0	0	0	0	0
ASV1420	0	1	0	0	0	2	0	0	0	0	0	0	0	0	0	0	0	0	0	0	0	0	0	0	0	0	0	0	4	0	0	2	0	0	0	0	0	0	0	0	0	0	0
ASV1462	0	0	6	0	0	0	0	0	0	0	0	0	0	0	0	0	0	0	0	0	0	0	0	0	0	0	0	0	0	0	0	0	0	0	0	0	0	0	0	0	0	2	0
ASV1489	0	7	0	0	0	0	0	0	0	0	0	0	0	0	0	0	0	0	0	0	0	0	0	0	0	0	0	0	0	0	0	5	0	0	0	0	0	0	0	0	0	0	0
ASV1492	0	0	0	0	0	0	0	0	0	0	0	0	0	0	0	0	0	0	0	0	0	0	0	0	0	0	3	0	0	0	0	0	0	0	0	0	0	0	0	0	0	5	0
ASV1525	0	0	0	0	0	0	0	0	0	0	0	0	0	0	5	0	0	0	0	0	0	0	0	0	0	0	5	0	1	0	0	0	0	0	0	0	0	0	0	0	0	0	0
ASV1528	0	0	0	0	0	0	0	0	0	0	0	0	0	0	5	0	0	0	0	0	0	0	0	0	0	0	0	0	0	0	0	0	0	0	0	0	0	1	3	0	0	2	1
ASV1534	0	0	0	0	0	0	0	0	0	0	0	0	0	0	0	0	0	0	1	1	0	1	0	0	0	0	0	0	0	0	0	0	0	0	0	0	6	0	0	0	0	0	0
ASV1611	0	0	0	0	0	0	0	0	2	0	0	5	0	0	0	0	0	0	0	0	0	0	0	0	0	0	0	0	0	0	0	0	0	0	0	0	0	0	0	0	0	0	0
ASV1694	0	0	0	5	0	0	0	0	0	0	0	0	0	4	0	0	0	0	0	0	0	0	0	0	0	0	0	0	0	0	0	0	0	0	0	0	0	1	0	0	0	1	0
ASV1695	7	0	0	2	0	0	0	0	0	0	0	0	0	0	0	0	0	0	0	0	0	0	0	0	0	0	0	0	0	0	0	0	0	0	0	0	0	0	0	0	0	0	0
ASV1702	7	3	0	0	0	0	0	0	0	0	0	0	0	0	0	0	0	0	0	0	0	0	1	0	0	0	0	0	0	0	0	0	0	0	0	0	0	0	0	0	0	0	0
ASV1734	0	0	0	4	0	0	0	0	0	0	0	0	0	3	0	0	0	0	0	0	0	0	2	0	0	0	1	0	0	0	0	0	0	0	0	0	0	0	0	0	0	0	0
ASV1761	1	0	0	4	0	0	0	0	0	0	0	0	0	0	0	0	0	0	0	0	0	0	0	0	0	0	0	0	4	1	0	0	0	0	0	0	0	1	0	0	0	0	0
ASV1842	0	0	0	0	0	0	0	0	0	0	0	0	0	0	0	0	0	0	0	0	0	0	0	0	0	0	0	0	0	0	0	0	0	0	0	1	0	10	0	0	0	0	0
ASV1862	0	0	0	0	0	0	0	1	0	0	0	0	0	0	0	0	0	0	0	0	0	0	2	0	0	0	7	0	0	0	0	0	0	0	0	0	0	0	0	0	0	0	0
ASV1920	0	2	0	4	0	0	0	0	0	0	0	0	0	0	0	0	0	0	0	0	0	0	1	0	0	0	3	0	0	0	0	0	0	0	0	0	0	0	0	0	0	0	0
ASV1227	0	0	0	0	0	0	3	0	0	0	0	0	0	0	0	0	0	0	0	0	0	0	0	0	0	0	0	0	0	0	0	0	0	0	0	0	0	1	4	0	0	0	0
ASV1228	0	0	0	7	0	0	0	0	0	0	0	0	0	0	0	0	0	0	0	0	0	0	0	0	0	0	0	0	0	0	5	0	0	0	0	0	0	0	0	0	0	0	0
ASV1240	0	0	0	0	0	0	0	0	0	0	0	0	0	0	0	0	0	0	0	0	0	0	0	0	0	0	0	0	0	0	0	0	0	0	0	0	8	1	0	4	1	0	0
ASV1288	0	0	0	0	8	1	0	0	0	0	0	0	0	0	0	0	0	0	0	0	0	0	0	0	0	0	0	0	0	0	0	0	0	0	0	0	0	0	0	0	0	0	0
ASV1313	0	0	0	0	0	0	0	0	0	0	0	0	0	0	0	0	0	0	0	0	0	0	0	0	0	0	0	0	9	0	0	0	0	0	0	0	0	0	0	0	1	0	0
ASV1356	0	0	0	0	0	0	6	0	0	0	0	0	0	0	0	0	0	0	0	0	0	0	0	0	0	0	0	2	0	0	0	0	0	0	0	0	0	0	0	0	0	0	0
ASV1388	0	0	0	2	0	0	0	0	0	0	0	0	0	2	0	0	0	0	0	0	0	0	0	0	0	0	6	0	0	0	0	0	0	0	0	0	0	0	0	0	0	0	0
ASV1395	1	0	0	0	4	0	0	0	0	0	0	0	0	0	0	0	0	0	0	0	0	0	0	0	0	0	0	0	0	0	0	0	0	0	0	0	0	0	0	0	0	3	0
ASV1438	0	0	0	11	0	0	0	0	0	0	0	0	0	0	0	0	0	0	0	0	0	0	0	0	0	0	0	0	0	0	0	0	0	0	0	0	0	0	0	0	0	0	0
ASV1443	0	0	0	0	0	0	0	0	0	0	0	0	0	0	0	0	0	0	0	0	0	0	0	0	0	0	3	0	2	1	0	0	0	0	0	0	0	0	0	0	0	0	0
ASV1446	0	6	0	0	0	0	0	0	0	0	0	0	0	0	0	0	0	0	0	0	0	0	0	0	0	0	0	2	0	2	1	0	0	0	0	0	0	0	0	0	0	0	0
ASV1447	0	0	0	0	0	0	0	1	0	0	0	0	0	0	0	0	0	0	0	0	0	0	0	0	0	0	4	0	0	0	0	0	0	0	0	0	0	1	1	1	0	0	3
ASV1491	0	8	0	0	0	0	2	0	0	0	0	0	0	0	0	0	0	0	0	0	0	0	0	0	0	0	0	0	0	0	0	0	0	0	0	0	0	0	0	0	0	0	0
ASV1497	0	0	0	0	0	0	0	0	0	0	0	0	0	0	0	0	0	0	0	0	0	0	0	0	0	0	0	0	1	0	0	0	0	0	1	0	0	0	1	0	0	0	5
ASV1507	0	0	0	0	0	0	0	0	0	0	0	0	0	0	0	0	0	0	0	0	0	0	0	0	0	0	0	0	0	0	9	0	0	0	0	0	0	0	2	0	0	0	0
ASV1511	4	0	0	0	0	0	0	0	0	0	0	0	0	0	0	0	0	0	0	0	0	0	0	0	0	0	0	6	0	0	0	0	0	0	0	0	0	0	0	0	0	1	0
ASV1512	0	0	0	0	0	0	0	0	0	0	0	0	0	0	0	0	0	0	0	0	0	0	0	0	0	0	1	0	0	0	1	0	0	0	2	2	0	0	1	0	0	0	3
ASV1514	0	0	0	0	0	0	7	0	0	0	0	0	0	2	0	0	0	0	0	0	0	0	0	0	0	0	0	0	0	0	0	1	0	0	0	0	0	0	0	0	0	0	0
ASV1515	0	0	0	0	0	0	0	0	0	0	0	0	0	0	0	0	0	0	0	0	0	0	0	0	0	0	0	0	0	0	0	0	0	0	0	9	0	0	0	0	0	0	0
ASV1546	0	0	0	0	0	0	4	0	0	0	0	0	0	0	0	0	0	0	0	0	0	0	0	9	0	0	0	0	0	0	0	0	0	0	0	0	0	0	0	0	0	0	0
ASV1601	0	0	0	0	0	0	0	4	0	0	0	0	0	0	0	0	0	0	0	0	0	0	2	0	0	0	0	0	0	0	0	0	0	0	1	0	0	0	0	0	0	0	0
ASV1614	0	0	0	0	0	0	0	0	0	0	0	0	0	0	0	0	0	0	0	0	0	0	0	0	0	0	0	0	0	3	0	0	0	0	0	0	0	0	0	0	0	6	0
ASV1703	8	0	0	0	0	0	0	0	0	0	0	0	0	0	1	0	0	0	0	0	0	0	1	0	0	0	0	0	0	0	0	0	0	0	0	0	0	0	0	0	0	0	0
ASV1719	0	0	0	1	0	0	0	3	1	0	0	0	0	0	0	0	0	0	0	0	0	0	4	0	0	0	0	0	1	0	1	0	0	0	0	0	0	0	0	0	0	0	0
ASV1779	0	0	5	0	0	0	0	0	0	0	0	0	0	0	0	0	0	0	0	0	0	0	0	0	0	0	0	0	0	0	0	2	0	0	0	0	0	0	0	0	0	0	0
ASV1900	0	5	0	0	0	0	0	0	0	0	0	0	0	0	0	0	0	0	0	0	0	0	0	0	0	0	0	0	0	8	0	0	0	0	0	0	0	0	0	0	0	0	0
ASV1929	0	0	0	8	0	0	0	0	0	0	0	0	0	0	0	0	0	0	0	0	0	0	1	0	0	0	0	0	0	0	0	0	0	0	0	0	0	0	0	0	0	0	0
ASV1291	0	0	0	0	0	0	0	0	0	0	0	0	0	0	0	0	0	0	0	0	0	0	0	0	0	0	0	0	0	5	0	2	0	0	0	0	0	0	0	0	0	0	0
ASV1292	0	0	0	0	0	1	0	0	0	0	0	0	0	0	0	0	0	0	0	0	0	0	0	0	0	0	7	0	0	0	0	0	0	0	0	0	0	0	0	0	0	0	0
ASV1319	0	6	0	0	0	0	0	0	0	0	0	0	0	0	0	0	0	0	0	0	0	0	0	0	0	0	0	0	0	0	0	0	0	0	0	0	0	0	0	0	0	4	0
ASV1327	0	0	0	5	0	0	0	0	0	0	0	0	0	0	0	0	0	0	0	0	0	0	0	0	0	0	0	0	0	0	1	0	0	0	0	0	0	0	0	0	0	0	0
ASV1384	3	0	0	0	0	0	0	0	0	0	0	0	0	0	0	0	0	0	0	0	0	0	0	0	0	0	0	0	0	0	0	0	0	0	0	0	0	5	2	0	0	0	0
ASV1409	0	0	0	0	3	0	0	0	0	0	0	0	0	0	0	0	0	0	0	0	0	0	0	0	0	0	2	1	0	0	0	0	0	0	0	0	0	0	0	0	0	0	0
ASV1429	0	0	0	0	0	0	1	0	0	0	0	0	0	0	0	0	8	0	0	0	0	0	0	0	0	0	0	0	0	0	0	0	0	0	0	0	0	0	0	0	0	0	0
ASV1442	3	0	0	0	0	0	0	0	0	0	0	0	0	0	0	0	0	0	0	0	0	0	0	0	0	0	0	0	0	0	0	0	0	0	0	0	0	0	0	0	0	2	0
ASV1451	0	0	0	0	7	0	0	0	0	0	0	0	0	0	0	0	0	0	0	0	0	0	0	0	0	0	0	0	2	0	0	0	0	0	0	0	0	0	0	0	0	0	0
ASV1458	0	0	0	0	0	0	0	0	3	0	0	0	0	0	0	0	0	0	0	0	4	0	0	0	0	0	0	0	0	1	0	0	0	0	0	0	0	0	0	0	0	0	0
ASV1477	0	0	0	1	0	0	0	0	0	0	0	0	0	0	0	0	0	0	0	0	0	0	0	0	0	0	0	5	1	1	0	0	0	0	0	0	0	0	0	0	0	0	0
ASV1503	0	0	0	0	0	0	0	0	0	0	0	0	1	0	0	0	0	0	0	0	0	0	0	0	0	0	0	0	0	0	0	6	0	0	0	0	0	0	0	0	0	0	0
ASV1530	0	3	0	0	0	5	0	0	0	0	0	0	0	0	0	0	0	0	0	0	0	0	0	0	0	0	0	0	0	0	0	0	0	0	0	0	0	0	0	0	0	0	0
ASV1540	0	3	0	2	1	0	0	0	0	5	0	0	0	0	0	0	0	0	0	0	0	0	0	0	0	0	0	0	0	0	0	0	0	0	0	0	0	0	0	0	0	0	0
ASV1585	3	0	0	0	0	0	0	1	0	0	0	0	3	0	0	0	0	0	0	0	0	0	2	0	0	0	0	0	0	0	0	0	0	0	0	0	0	0	0	0	0	0	0
ASV1646	0	0	0	0	0	0	0	0	0	0	0	0	0	0	0	0	5	0	0	0	0	0	0	0	0	0	1	0	3	0	0	0	0	0	0	0	0	0	0	0	0	0	0
ASV1656	0	0	0	0	0	0	0	0	0	0	0	0	0	0	4	0	0	0	0	0	0	0	0	0	0	0	0	0	0	0	0	0	0	0	0	0	0	0	0	0	0	0	0
ASV1665	0	0	0	0	0	0	0	0	0	0	0	0	0	0	0	0	0	0	7	0	0	0	0	0	0	0	0	0	0	0	0	0	0	0	0	0	0	0	0	0	0	1	0
ASV1666	0	4	0	0	0	0	0	0	0	0	0	0	0	0	0	0	0	0	0	0	0	0	0	0	0	0	0	0	0	0	0	0	0	0	0	0	0	3	0	0	0	0	0
ASV1698	4	0	2	0	0	2	0	0	0	0	0	0	0	0	0	0	0	0	0	0	0	0	0	0	0	0	0	0	1	0	0	0	0	0	0	0	0	0	0	0	0	0	0
ASV1774	0	0	0	0	0	0	0	0	0	0	0	0	0	0	0	0	0	0	0	0	0	0	0	0	0	0	0	0	0	0	0	0	0	0	0	0	1	0	1	9	0	0	0
ASV1783	3	0	0	0	0	0	0	0	0	0	0	4	0	0	0	0	0	0	0	0	0	0	0	0	0	0	0	0	0	0	0	0	0	0	0	0	0	0	0	0	0	0	0
ASV1795	0	0	0	0	0	0	0	0	0	0	0	0	0	0	0	0	0	0	0	0	0	0	0	0	0	0	0	0	0	0	0	0	0	0	1	0	0	0	0	0	0	7	0
ASV1324	0	0	0	5	0	0	0	0	0	0	0	0	0	0	0	0	0	0	0	0	0	0	0	0	0	0	0	0	4	0	0	0	0	0	0	0	0	0	0	0	0	0	0
ASV1339	0	0	0	0	0	0	0	0	0	0	0	0	0	0	0	0	0	0	0	0	0	0	0	0	0	0	0	0	0	0	0	0	0	0	0	1	0	1	4	0	0	1	0
ASV1382	0	0	0	0	0	0	0	0	0	0	0	0	0	0	0	0	0	0	0	0	0	0	0	0	0	0	1	0	0	0	5	0	0	0	0	0	0	0	0	0	0	4	0
ASV1418	3	0	0	0	0	0	0	0	0	0	0	0	6	0	0	0	0	0	0	0	0	0	0	0	0	0	0	0	0	0	0	0	0	0	0	0	0	0	0	0	0	0	0
ASV1466	0	0	0	0	0	0	0	0	0	0	0	0	0	0	0	0	0	0	0	0	0	0	0	0	0	0	0	0	0	0	2	6	0	0	0	0	0	0	0	0	0	0	0
ASV1482	0	0	0	6	0	0	0	0	0	0	0	0	0	0	0	0	0	0	0	0	0	0	0	0	0	0	0	0	0	0	0	0	0	0	0	0	0	0	0	0	0	1	0
ASV1495	0	0	0	0	0	0	0	0	0	0	0	0	0	0	0	0	0	0	0	0	0	0	0	0	0	0	7	0	0	0	0	0	0	0	0	0	2	0	0	0	0	0	0
ASV1566	0	0	0	0	1	0	0	0	7	0	0	0	0	0	0	0	0	0	0	0	0	0	0	0	0	0	0	0	0	0	0	0	0	0	0	0	0	0	0	0	0	0	0
ASV1626	0	0	0	0	0	1	0	0	0	0	0	0	0	0	0	0	0	0	0	0	0	0	8	0	0	0	0	0	0	0	0	0	0	0	0	0	0	0	0	0	0	0	0
ASV1632	0	0	0	0	0	0	0	0	0	0	0	0	0	0	0	0	0	0	0	0	0	0	0	0	0	0	0	0	0	0	0	0	0	0	1	0	0	1	7	0	0	0	0
ASV1639	0	0	0	2	0	0	0	0	0	0	0	0	0	0	0	0	0	0	0	0	0	0	0	0	0	0	0	5	0	0	0	0	0	0	0	0	0	0	0	0	0	0	0
ASV1642	2	0	0	0	0	0	0	0	0	0	0	7	0	0	0	0	0	0	0	0	0	0	0	0	0	0	0	0	0	0	0	0	0	0	0	0	0	0	0	0	0	0	0
ASV1661	0	0	0	0	0	0	0	0	0	0	0	0	0	1	0	0	0	0	0	0	0	1	1	0	0	1	0	1	0	0	0	0	0	0	0	0	0	0	0	0	0	0	0
ASV1670	0	0	0	0	0	0	0	0	0	0	0	0	0	0	8	0	0	0	0	0	0	0	1	0	0	0	0	0	0	0	0	0	0	0	0	0	0	0	0	0	0	0	0
ASV1720	0	1	0	0	0	0	0	6	0	0	0	0	0	0	0	0	0	0	0	0	0	0	2	0	0	0	0	0	0	0	0	0	0	0	0	0	0	0	0	0	0	0	0
ASV1722	0	0	0	0	0	0	0	0	0	0	0	6	0	0	0	0	0	0	0	0	0	0	0	0	0	0	0	0	0	0	0	0	0	0	0	0	0	0	0	0	0	0	0
ASV1763	0	0	0	3	0	4	0	0	0	0	0	0	0	0	0	1	1	0	0	0	0	0	0	0	0	0	0	0	0	0	0	0	0	0	0	0	0	0	0	0	0	0	0
ASV1769	0	0	0	0	0	0	0	0	0	0	0	0	6	0	0	0	0	0	0	0	0	0	0	0	0	0	0	0	0	0	0	0	0	0	0	0	0	0	0	0	0	2	0
ASV1785	0	0	0	0	0	0	0	0	0	0	0	0	0	0	0	0	0	0	0	0	0	0	0	0	0	0	0	0	0	0	0	0	0	0	3	2	1	0	1	0	2	2	0
ASV1833	0	0	0	0	0	0	0	0	0	0	0	0	0	0	0	0	1	0	0	0	0	0	1	0	0	0	0	2	0	2	1	1	0	0	0	0	0	0	0	0	0	0	0
ASV1840	0	0	0	0	0	0	2	0	0	0	0	0	0	0	0	0	0	0	0	0	0	0	0	0	0	0	0	0	0	0	0	7	0	0	0	0	0	0	0	0	0	0	0
ASV1847	0	0	0	0	0	0	0	0	0	0	0	0	0	0	0	0	0	0	0	0	0	0	0	0	0	0	0	3	0	0	0	6	0	0	0	0	0	0	0	0	0	0	0
ASV1881	0	0	0	0	0	0	0	0	0	0	0	0	0	0	0	0	0	0	1	0	0	0	0	0	0	0	0	0	0	0	0	0	0	0	2	0	0	1	0	0	5	0	0
ASV1912	0	0	0	0	0	0	0	0	0	0	0	0	4	0	0	0	0	0	0	0	0	0	2	0	0	0	4	0	0	0	0	0	0	0	0	0	0	0	0	0	0	0	0
ASV1927	0	0	4	0	0	3	0	0	0	0	0	0	0	0	0	0	0	0	0	0	0	0	0	0	0	0	0	0	0	0	0	0	0	0	0	0	0	0	0	0	0	0	0
ASV1393	7	0	0	0	0	0	0	0	0	0	0	0	0	0	0	0	0	0	0	0	0	0	0	0	0	0	0	0	0	0	0	4	0	0	0	0	0	0	0	0	0	0	0
ASV1425	0	0	0	0	0	0	5	0	0	0	0	0	0	0	0	0	0	0	0	0	0	0	0	0	0	0	0	0	0	0	0	0	0	0	0	0	0	0	0	0	0	0	0
ASV1498	0	0	0	0	0	0	0	7	0	0	0	0	1	0	0	0	0	0	0	0	0	0	0	0	0	0	0	0	0	0	0	0	0	0	0	0	0	0	0	0	0	0	0
ASV1529	0	0	0	0	2	0	0	0	0	0	0	0	0	0	0	0	0	0	0	0	0	0	0	0	0	0	2	0	0	0	0	0	0	0	0	0	0	0	0	0	0	1	0
ASV1532	7	0	0	0	0	0	0	0	0	0	0	0	0	0	0	0	0	0	0	0	0	0	0	0	0	0	0	0	0	0	0	0	0	0	0	0	0	0	0	0	0	0	0
ASV1542	2	0	0	0	0	1	0	0	0	0	0	0	0	0	0	0	0	0	0	0	0	0	0	0	0	0	0	0	0	0	2	0	0	0	0	0	0	0	0	0	0	0	0
ASV1568	0	0	7	1	0	0	0	0	0	0	0	0	0	0	0	0	0	0	0	0	0	0	0	0	0	0	0	0	0	0	0	0	0	0	0	0	0	0	1	0	0	0	0
ASV1571	0	0	0	0	1	0	0	0	0	0	0	0	1	0	0	0	3	0	0	0	0	0	0	0	0	1	0	0	0	0	0	0	0	0	0	0	0	0	0	0	0	0	0
ASV1583	3	0	0	0	0	0	0	0	0	0	0	0	3	0	0	0	0	0	0	0	0	0	0	0	0	0	0	0	0	0	0	0	0	0	0	0	0	0	0	0	0	1	0
ASV1589	0	0	0	0	0	1	4	0	0	0	0	0	0	0	0	0	0	0	0	0	0	0	0	0	0	0	0	0	0	0	3	0	0	0	0	0	0	0	0	0	0	0	0
ASV1622	0	0	0	0	0	6	0	0	0	0	0	0	0	0	0	0	0	0	0	0	0	0	0	0	0	0	0	0	0	0	0	0	0	0	0	0	0	0	0	3	0	0	0
ASV1679	0	0	0	0	2	5	1	0	0	0	0	0	0	0	0	0	0	0	0	0	0	0	0	0	0	0	0	0	0	0	0	0	0	0	0	0	0	0	0	0	0	0	0
ASV1680	0	0	0	0	0	6	0	0	0	0	0	0	0	0	0	0	0	0	0	0	0	0	0	0	0	0	0	0	0	0	0	0	0	0	0	0	0	0	0	0	0	0	1
ASV1681	0	0	0	0	0	4	0	0	0	0	0	0	0	0	0	0	0	0	0	0	0	0	0	0	0	0	0	0	0	0	0	0	0	0	0	0	0	1	1	0	0	0	0
ASV1690	0	0	0	0	0	0	0	0	0	0	0	0	0	0	0	0	0	0	0	0	0	0	0	0	0	0	0	5	0	0	0	0	0	0	0	0	0	0	0	0	0	0	0
ASV1693	0	0	0	4	0	0	0	0	0	0	0	0	0	0	0	0	0	0	0	0	0	0	0	0	0	0	0	0	0	0	0	0	0	0	0	0	0	0	0	0	0	0	0
ASV1717	0	0	0	0	0	0	2	0	0	0	0	0	0	0	0	0	0	0	0	0	0	0	0	0	0	0	0	0	2	0	1	0	0	0	0	0	0	0	0	0	0	0	0
ASV1772	0	4	0	0	0	0	0	0	0	0	0	0	0	0	0	0	0	0	0	0	0	0	0	0	0	0	0	0	0	0	0	0	0	0	0	0	0	0	1	0	0	0	0
ASV1820	0	0	0	0	0	2	0	0	0	0	0	0	0	0	0	0	0	0	0	0	0	0	0	0	0	0	2	0	0	0	0	0	0	0	0	0	0	1	0	0	0	0	0
ASV1825	0	0	0	0	1	0	0	0	0	0	0	0	6	0	0	0	0	0	0	0	0	0	0	0	0	0	0	0	0	0	0	0	0	0	0	0	0	0	0	0	0	0	0
ASV1898	0	0	0	0	0	0	0	0	0	0	0	0	0	8	0	0	0	0	0	0	0	0	0	0	0	0	0	0	0	0	0	0	0	0	0	0	0	0	0	0	0	1	0
ASV1921	0	0	0	0	0	0	0	0	0	0	0	0	0	0	0	0	0	0	3	0	0	0	0	0	0	0	0	0	0	0	0	0	0	0	0	0	0	0	0	0	0	0	0
ASV54	0	0	0	0	0	0	0	0	0	0	0	0	0	0	0	0	0	0	0	0	0	0	0	0	0	0	0	0	0	1	0	0	0	0	2	0	0	3	0	0	4	0	0
ASV1524	0	0	0	0	0	0	0	0	0	0	0	0	0	0	1	0	0	0	0	0	0	0	2	0	0	0	0	2	2	0	0	0	0	0	0	0	0	0	0	0	0	0	0
ASV1538	2	0	0	0	0	0	0	0	0	0	0	0	0	0	0	0	0	0	0	0	0	0	0	0	0	0	4	0	0	0	0	0	0	0	0	0	0	0	0	0	0	0	0
ASV1587	4	0	0	3	0	0	0	0	0	0	0	0	0	0	0	0	0	0	0	0	0	0	0	0	0	0	0	0	0	0	0	1	0	0	0	0	0	0	0	0	0	0	0
ASV1640	2	0	0	0	1	0	1	0	0	0	0	0	0	0	1	0	0	0	0	0	0	0	1	0	0	0	0	0	0	0	0	0	0	0	0	0	0	0	0	0	0	0	0
ASV1647	0	0	0	0	0	0	0	0	0	0	0	0	0	0	0	0	8	0	0	0	0	0	0	0	0	0	0	0	0	0	0	0	0	0	0	0	0	0	0	0	0	0	0
ASV1739	0	0	0	0	0	1	0	0	0	0	0	0	0	0	0	7	0	0	0	0	0	0	0	0	0	0	0	0	0	0	0	0	0	0	0	0	0	0	0	0	0	0	0
ASV1751	0	0	0	0	0	0	0	0	0	0	0	0	0	0	0	0	0	0	0	0	0	0	0	0	0	0	0	0	2	0	0	0	0	0	0	0	0	0	0	0	0	7	0
ASV1762	0	0	0	1	0	0	0	0	0	0	0	0	0	0	0	0	0	0	0	0	0	0	0	0	0	0	0	1	0	0	0	0	0	0	0	0	0	0	0	0	0	4	0
ASV1771	0	0	0	0	0	0	0	0	0	0	0	0	3	0	0	0	0	0	0	0	0	0	0	0	0	0	0	2	0	0	0	0	0	0	0	0	0	1	0	0	0	0	0
ASV1781	0	0	0	0	0	0	0	0	0	0	0	4	0	0	0	0	0	0	0	0	0	0	0	0	0	0	0	0	0	0	0	0	0	0	0	0	0	0	0	3	0	0	0
ASV1823	0	5	0	1	0	1	0	0	0	0	0	0	0	0	0	0	0	0	0	0	0	0	0	0	0	0	0	0	0	0	0	0	0	0	0	0	0	0	0	0	0	0	0
ASV1844	0	0	0	0	0	0	0	0	0	0	0	0	0	0	0	0	0	0	0	0	0	0	0	0	0	0	0	0	0	0	0	0	0	0	1	0	0	1	2	0	0	0	0
ASV1866	0	0	0	0	0	0	0	0	0	0	0	0	0	0	0	0	0	0	0	0	0	0	0	0	0	0	0	7	0	0	2	0	0	0	0	0	0	0	0	0	0	0	0
ASV1868	0	0	0	2	0	0	0	0	0	0	0	0	0	0	0	0	0	0	0	0	0	0	0	0	0	0	5	0	0	0	0	1	0	0	0	0	0	0	0	0	0	0	0
ASV1869	0	0	0	0	0	0	5	0	0	0	0	0	0	0	0	0	0	0	0	0	0	0	2	0	0	0	0	0	0	0	0	0	0	0	0	0	0	0	0	0	0	0	0
ASV1889	0	0	0	0	0	0	0	0	0	0	0	0	0	0	0	0	0	0	0	0	0	0	0	0	0	0	0	0	0	0	0	0	0	0	0	0	6	0	1	0	0	0	0
ASV1924	0	0	0	0	0	0	0	0	0	0	0	4	0	0	0	0	0	0	0	0	0	0	0	0	0	0	0	0	0	0	0	3	0	0	0	0	0	0	0	0	0	0	0
ASV439	0	1	0	0	0	6	0	0	0	0	0	0	0	0	0	0	0	0	0	0	0	0	0	0	0	0	0	0	0	0	1	0	0	0	0	0	0	0	0	0	0	0	0
ASV1605	0	0	0	0	0	0	0	0	0	0	0	0	0	0	0	0	0	0	0	0	0	0	0	0	0	0	0	0	0	0	0	0	0	0	3	0	0	0	4	0	1	0	0
ASV1692	0	0	0	0	0	0	0	0	0	0	0	0	0	1	0	0	0	0	0	0	0	0	0	0	0	0	4	0	0	0	0	0	0	0	0	0	0	0	0	0	0	0	0
ASV1713	0	0	0	0	0	0	0	0	0	3	0	0	0	0	0	0	0	0	0	0	0	0	0	0	0	0	0	0	0	0	0	1	0	0	0	0	0	0	0	0	0	0	0
ASV1715	0	0	0	0	0	0	2	0	0	0	0	0	0	0	0	0	0	0	0	0	0	0	0	0	0	0	0	0	1	0	0	0	0	0	0	0	0	0	0	0	0	0	0
ASV1736	0	0	0	0	0	0	0	0	0	0	0	0	0	0	5	0	0	0	0	0	0	0	0	0	0	0	0	0	0	0	0	0	0	0	0	0	0	0	0	0	0	0	0
ASV1738	0	0	0	0	0	0	4	0	1	0	0	0	0	0	0	0	0	0	0	0	0	0	0	0	0	0	0	0	0	0	0	0	0	0	0	0	0	0	0	0	0	0	0
ASV1748	0	0	0	0	0	0	0	0	5	0	0	0	0	0	0	0	0	0	0	0	0	0	0	0	0	0	0	0	0	0	0	0	0	0	0	0	1	0	0	0	0	0	0
ASV1798	0	0	0	0	0	0	0	0	0	5	0	0	0	0	0	0	0	0	0	0	0	0	0	0	0	0	0	0	0	0	0	0	0	0	0	0	0	0	0	0	0	0	0
ASV1808	0	0	0	0	0	0	0	0	5	0	0	0	0	0	0	0	0	0	0	0	0	0	2	0	0	0	0	0	0	0	0	0	0	0	0	0	0	0	0	0	0	0	0
ASV1846	0	0	0	0	0	0	0	0	0	0	0	0	0	0	0	0	0	0	0	0	0	0	0	0	0	0	0	0	0	3	4	0	0	0	0	0	0	0	0	0	0	0	0
ASV1883	0	0	0	0	4	0	0	1	0	0	0	0	0	0	0	0	0	0	0	0	0	0	2	0	0	0	0	0	0	0	0	0	0	0	0	0	0	0	0	0	0	0	0
ASV1906	0	1	0	0	0	0	0	0	0	0	0	0	0	0	0	0	0	0	0	0	0	0	0	0	0	0	2	0	3	0	0	0	0	0	0	0	0	0	0	0	0	0	0
ASV1917	1	0	0	0	4	0	0	0	0	0	0	0	0	0	0	0	0	0	0	0	0	0	0	0	0	0	0	0	0	0	0	0	0	0	0	0	0	0	0	0	0	0	0
ASV1928	0	0	0	7	0	0	0	0	0	0	0	0	0	0	0	0	0	0	0	0	0	0	0	0	0	0	0	0	0	0	1	0	0	0	0	0	0	0	0	0	0	0	0
ASV75	0	0	0	0	0	0	0	0	0	0	0	0	0	0	0	0	0	0	0	0	0	0	0	0	0	0	0	0	0	0	0	0	0	0	0	0	3	0	0	5	0	0	0
ASV1818	0	0	0	0	0	3	0	0	0	0	0	0	0	0	0	0	0	0	0	0	0	0	0	0	0	0	0	0	0	0	0	0	0	0	0	0	0	0	0	0	0	0	0
ASV1831	0	0	0	0	0	0	0	0	0	0	0	0	0	0	0	0	0	0	0	0	0	0	0	0	0	0	0	0	0	0	0	0	0	0	2	0	0	1	0	0	0	0	3
ASV1861	0	0	0	0	0	0	0	0	0	0	0	0	0	0	0	0	0	0	0	0	0	0	4	0	0	0	0	0	0	0	0	3	0	0	0	0	0	0	0	0	0	0	0
ASV1903	0	0	0	0	0	0	0	0	0	0	0	0	4	0	0	0	0	0	0	0	0	0	1	0	0	0	0	0	0	0	0	0	0	0	0	0	0	0	0	0	0	0	0
ASV1913	0	0	0	0	0	0	0	0	0	0	0	0	5	0	0	0	0	0	0	0	0	0	0	0	0	0	0	0	0	0	0	0	0	0	0	0	0	0	0	0	0	0	0
ASV1930	0	0	1	0	0	0	0	0	0	0	0	0	1	0	1	0	0	0	0	0	0	0	0	0	0	0	0	0	1	0	1	0	0	0	0	0	0	1	0	0	0	1	0
ASV1859	0	0	0	0	0	0	0	0	0	0	0	0	0	0	0	0	0	0	0	0	0	0	0	0	0	0	0	1	0	0	0	3	0	0	0	0	0	0	0	0	0	0	0
ASV1867	0	0	0	0	0	0	0	0	0	0	0	0	0	0	0	0	0	0	0	0	0	0	0	0	0	0	2	0	0	0	0	0	0	0	0	0	0	0	0	0	0	1	1
ASV296	2	0	0	1	0	0	1	0	0	0	0	0	0	0	0	0	0	0	0	0	0	0	0	0	0	0	0	1	0	0	0	0	0	0	0	0	0	0	0	0	1	0	0
